Timestamp,Trades,TotalQty,AvgSize,BuyQty,SellQty,AvgPrice,ClosePrice,HiPrice,LowPrice
2026-03-26 00:00:00,1468,5.938420,0.004045,3.837210,2.101210,71380.955636,71369,71395,71361
2026-03-26 00:01:00,3076,6.733480,0.002189,2.603790,4.129690,71390.922087,71389,71417,71364
2026-03-26 00:02:00,2438,108.898270,0.044667,104.622360,4.275910,71450.254966,71403,71512,71389
2026-03-26 00:03:00,1952,10.415960,0.005336,5.536930,4.879030,71413.830942,71434,71434,71398
2026-03-26 00:04:00,1069,2.744370,0.002567,0.733140,2.011230,71411.712863,71402,71434,71397
2026-03-26 00:05:00,1684,6.279600,0.003729,4.011900,2.267700,71416.412361,71417,71432,71402
2026-03-26 00:06:00,2071,3.269160,0.001579,1.212770,2.056390,71395.770739,71373,71432,71373
2026-03-26 00:07:00,628,2.293880,0.003653,1.854740,0.439140,71375.470470,71388,71388,71373
2026-03-26 00:08:00,1117,2.642230,0.002365,1.234800,1.407430,71399.001675,71395,71410,71388
2026-03-26 00:09:00,1306,4.510030,0.003453,2.610750,1.899280,71392.322055,71395,71402,71388
2026-03-26 00:10:00,483,1.479130,0.003062,0.932020,0.547110,71388.757974,71388,71395,71388
2026-03-26 00:11:00,1028,2.199430,0.002140,1.926080,0.273350,71399.434940,71420,71426,71388
2026-03-26 00:12:00,1005,2.641450,0.002628,1.306130,1.335320,71423.506805,71429,71433,71408
2026-03-26 00:13:00,2160,11.867600,0.005494,0.475720,11.391880,71389.727481,71341,71429,71341
2026-03-26 00:14:00,1009,3.378670,0.003349,2.983700,0.394970,71344.046188,71343,71353,71338
2026-03-26 00:15:00,650,1.111150,0.001709,0.466180,0.644970,71333.734728,71328,71343,71328
2026-03-26 00:16:00,2283,13.773280,0.006033,4.366750,9.406530,71315.776484,71312,71328,71295
2026-03-26 00:17:00,1132,2.153980,0.001903,0.845150,1.308830,71289.320916,71276,71312,71276
2026-03-26 00:18:00,2438,4.534340,0.001860,2.175780,2.358560,71264.362517,71279,71282,71249
2026-03-26 00:19:00,633,2.977810,0.004704,0.628640,2.349170,71272.352592,71275,71279,71268
2026-03-26 00:20:00,555,1.243440,0.002240,0.597650,0.645790,71276.830839,71270,71281,71270
2026-03-26 00:21:00,1513,5.056110,0.003342,3.682590,1.373520,71253.572153,71276,71276,71239
2026-03-26 00:22:00,1208,4.185570,0.003465,3.371060,0.814510,71285.902631,71299,71299,71270
2026-03-26 00:23:00,1883,5.662430,0.003007,4.145450,1.516980,71319.228119,71343,71343,71299
2026-03-26 00:24:00,701,1.520770,0.002169,1.148130,0.372640,71344.245483,71350,71351,71339
2026-03-26 00:25:00,1279,5.296030,0.004141,3.352750,1.943280,71368.173501,71378,71380,71350
2026-03-26 00:26:00,1004,5.385710,0.005364,5.059150,0.326560,71386.751895,71400,71400,71378
2026-03-26 00:27:00,2621,9.892120,0.003774,5.507290,4.384830,71406.883704,71421,71426,71380
2026-03-26 00:28:00,717,2.083270,0.002906,1.609920,0.473350,71422.419090,71412,71427,71412
2026-03-26 00:29:00,2213,11.394860,0.005149,6.394900,4.999960,71421.061633,71384,71439,71384
2026-03-26 00:30:00,1494,4.377520,0.002930,1.605790,2.771730,71365.928710,71360,71389,71350
2026-03-26 00:31:00,942,3.519070,0.003736,2.079690,1.439380,71361.024970,71350,71366,71350
2026-03-26 00:32:00,2172,5.479320,0.002523,1.312410,4.166910,71322.624523,71326,71350,71304
2026-03-26 00:33:00,2260,10.103560,0.004471,8.288580,1.814980,71334.722823,71345,71371,71308
2026-03-26 00:34:00,1783,1.916090,0.001075,0.855760,1.060330,71350.476032,71337,71375,71325
2026-03-26 00:35:00,1171,5.280370,0.004509,4.915950,0.364420,71344.263198,71341,71354,71332
2026-03-26 00:36:00,1004,2.573220,0.002563,1.601680,0.971540,71337.663211,71357,71357,71332
2026-03-26 00:37:00,1518,3.339150,0.002200,0.417060,2.922090,71349.890215,71316,71366,71316
2026-03-26 00:38:00,1798,3.149570,0.001752,1.728980,1.420590,71300.752244,71291,71316,71289
2026-03-26 00:39:00,1426,3.806590,0.002669,0.516810,3.289780,71290.351973,71293,71294,71282
2026-03-26 00:40:00,743,1.399910,0.001884,0.460530,0.939380,71285.837615,71274,71298,71274
2026-03-26 00:41:00,1856,10.262130,0.005529,7.696610,2.565520,71271.829240,71279,71301,71252
2026-03-26 00:42:00,732,3.270320,0.004468,2.105990,1.164330,71256.402212,71250,71279,71250
2026-03-26 00:43:00,1531,5.806370,0.003793,3.356150,2.450220,71231.304349,71228,71250,71222
2026-03-26 00:44:00,2270,25.131910,0.011071,7.837310,17.294600,71219.384488,71208,71245,71195
2026-03-26 00:45:00,799,3.959810,0.004956,2.934560,1.025250,71211.258726,71216,71216,71207
2026-03-26 00:46:00,1630,2.523960,0.001548,1.689250,0.834710,71203.363745,71223,71223,71190
2026-03-26 00:47:00,1278,1.937040,0.001516,0.888740,1.048300,71236.670030,71246,71246,71223
2026-03-26 00:48:00,818,2.095590,0.002562,1.364890,0.730700,71252.801652,71257,71260,71246
2026-03-26 00:49:00,1052,2.949680,0.002804,1.159020,1.790660,71255.779646,71254,71260,71249
2026-03-26 00:50:00,455,1.775000,0.003901,0.439710,1.335290,71244.836893,71233,71254,71233
2026-03-26 00:51:00,890,1.676190,0.001883,1.178220,0.497970,71244.901289,71256,71256,71233
2026-03-26 00:52:00,1245,6.911500,0.005551,3.644420,3.267080,71265.933893,71267,71278,71256
2026-03-26 00:53:00,1577,6.511960,0.004129,4.654880,1.857080,71281.584155,71303,71309,71267
2026-03-26 00:54:00,720,1.810440,0.002515,1.479750,0.330690,71318.313784,71334,71334,71303
2026-03-26 00:55:00,890,4.547590,0.005110,2.677510,1.870080,71327.914979,71343,71343,71318
2026-03-26 00:56:00,891,3.106680,0.003487,1.040040,2.066640,71343.715748,71358,71358,71330
2026-03-26 00:57:00,626,1.878900,0.003001,1.205240,0.673660,71372.474508,71379,71379,71358
2026-03-26 00:58:00,776,3.358690,0.004328,0.850720,2.507970,71359.750875,71342,71379,71337
2026-03-26 00:59:00,618,1.564400,0.002531,0.470090,1.094310,71338.331908,71332,71345,71332
2026-03-26 01:00:00,226,1.692370,0.007488,1.572480,0.119890,71332.363379,71337,71337,71332
2026-03-26 01:01:00,3472,18.106400,0.005215,6.963370,11.143030,71354.148523,71338,71373,71332
2026-03-26 01:02:00,2072,16.617020,0.008020,8.359300,8.257720,71342.766784,71327,71353,71327
2026-03-26 01:03:00,2273,6.142690,0.002702,3.800450,2.342240,71305.945615,71320,71329,71288
2026-03-26 01:04:00,1103,3.283610,0.002977,1.011960,2.271650,71319.422473,71314,71327,71305
2026-03-26 01:05:00,1915,8.056820,0.004207,2.434400,5.622420,71286.854703,71250,71314,71250
2026-03-26 01:06:00,1737,4.732990,0.002725,2.796330,1.936660,71268.540787,71276,71294,71250
2026-03-26 01:07:00,1345,5.224260,0.003884,2.769500,2.454760,71272.504626,71267,71286,71257
2026-03-26 01:08:00,1290,2.610170,0.002023,0.786550,1.823620,71271.845980,71260,71290,71252
2026-03-26 01:09:00,1525,4.065230,0.002666,2.993690,1.071540,71271.910935,71284,71288,71252
2026-03-26 01:10:00,1501,2.723400,0.001814,0.468140,2.255260,71254.377116,71222,71284,71222
2026-03-26 01:11:00,2056,6.469380,0.003147,3.485320,2.984060,71216.726197,71224,71233,71191
2026-03-26 01:12:00,409,2.728890,0.006672,1.022150,1.706740,71220.953194,71218,71224,71216
2026-03-26 01:13:00,957,9.420180,0.009843,0.876650,8.543530,71210.772717,71203,71218,71203
2026-03-26 01:14:00,483,1.577060,0.003265,0.839170,0.737890,71202.025303,71207,71207,71198
2026-03-26 01:15:00,1881,8.663840,0.004606,5.077640,3.586200,71218.038888,71250,71250,71204
2026-03-26 01:16:00,2391,7.038260,0.002944,3.614370,3.423890,71280.118587,71294,71299,71250
2026-03-26 01:17:00,1946,7.038910,0.003617,2.347400,4.691510,71347.919158,71354,71370,71294
2026-03-26 01:18:00,1702,5.429770,0.003190,2.774300,2.655470,71364.389128,71343,71380,71343
2026-03-26 01:19:00,1578,6.697110,0.004244,4.266680,2.430430,71344.542017,71345,71364,71339
2026-03-26 01:20:00,2179,48.498650,0.022257,2.566200,45.932450,71248.705407,71240,71345,71217
2026-03-26 01:21:00,1528,2.474260,0.001619,1.529360,0.944900,71250.455841,71250,71262,71240
2026-03-26 01:22:00,1462,9.831570,0.006725,7.533620,2.297950,71245.498907,71243,71262,71237
2026-03-26 01:23:00,2324,9.259850,0.003984,7.361490,1.898360,71272.309274,71303,71303,71237
2026-03-26 01:24:00,1645,4.694610,0.002854,1.440860,3.253750,71296.785336,71298,71316,71275
2026-03-26 01:25:00,951,2.536970,0.002668,1.208140,1.328830,71292.660101,71303,71308,71290
2026-03-26 01:26:00,1825,3.209790,0.001759,1.481250,1.728540,71269.762384,71252,71303,71252
2026-03-26 01:27:00,1094,1.618120,0.001479,1.147870,0.470250,71266.398284,71284,71284,71252
2026-03-26 01:28:00,843,1.530010,0.001815,0.448480,1.081530,71265.948532,71258,71284,71258
2026-03-26 01:29:00,504,1.711810,0.003396,0.696110,1.015700,71256.558580,71256,71261,71252
2026-03-26 01:30:00,2741,57.511170,0.020982,55.758790,1.752380,71299.627375,71307,71322,71256
2026-03-26 01:31:00,1302,3.121890,0.002398,1.533240,1.588650,71293.201520,71305,71307,71282
2026-03-26 01:32:00,2418,11.332420,0.004687,5.654360,5.678060,71336.570540,71329,71374,71305
2026-03-26 01:33:00,1519,2.365800,0.001557,1.322930,1.042870,71330.421990,71337,71341,71321
2026-03-26 01:34:00,1078,11.525120,0.010691,1.031230,10.493890,71340.969533,71343,71365,71333
2026-03-26 01:35:00,2063,83.687430,0.040566,39.850260,43.837170,71307.879381,71300,71343,71298
2026-03-26 01:36:00,2025,5.322120,0.002628,3.540940,1.781180,71331.656393,71375,71375,71300
2026-03-26 01:37:00,1556,7.302320,0.004693,5.214480,2.087840,71386.527825,71386,71398,71375
2026-03-26 01:38:00,1380,7.386140,0.005352,1.993340,5.392800,71377.439485,71384,71386,71364
2026-03-26 01:39:00,881,3.471960,0.003941,0.797090,2.674870,71382.445226,71374,71384,71374
2026-03-26 01:40:00,1202,2.641220,0.002197,1.067970,1.573250,71348.462626,71327,71374,71327
2026-03-26 01:41:00,1635,3.500170,0.002141,1.980310,1.519860,71347.632977,71361,71366,71328
2026-03-26 01:42:00,509,1.029680,0.002023,0.341140,0.688540,71355.980979,71348,71361,71348
2026-03-26 01:43:00,1375,1.993660,0.001450,0.980580,1.013080,71328.371869,71337,71348,71319
2026-03-26 01:44:00,612,1.470870,0.002403,0.839530,0.631340,71324.185080,71321,71337,71319
2026-03-26 01:45:00,1170,1.802320,0.001540,1.411940,0.390380,71350.934296,71356,71361,71321
2026-03-26 01:46:00,1536,2.599330,0.001692,1.674970,0.924360,71359.884147,71359,71373,71347
2026-03-26 01:47:00,1058,3.054500,0.002887,2.196820,0.857680,71359.096547,71375,71375,71350
2026-03-26 01:48:00,853,26.230420,0.030751,20.143480,6.086940,71384.090905,71394,71394,71375
2026-03-26 01:49:00,1081,2.745290,0.002540,1.697080,1.048210,71409.808431,71421,71421,71394
2026-03-26 01:50:00,3456,18.837710,0.005451,6.237870,12.599840,71380.613552,71389,71437,71343
2026-03-26 01:51:00,898,7.279200,0.008106,1.157500,6.121700,71387.830039,71385,71394,71370
2026-03-26 01:52:00,2418,13.927990,0.005760,9.783400,4.144590,71371.983121,71346,71386,71343
2026-03-26 01:53:00,2358,6.321000,0.002681,2.079460,4.241540,71315.129491,71253,71365,71253
2026-03-26 01:54:00,1789,5.419690,0.003029,2.622190,2.797500,71252.987124,71234,71274,71233
2026-03-26 01:55:00,826,3.081570,0.003731,1.847840,1.233730,71236.006530,71232,71245,71232
2026-03-26 01:56:00,3380,14.857820,0.004396,2.937220,11.920600,71178.179901,71158,71232,71142
2026-03-26 01:57:00,2849,8.500170,0.002984,5.868560,2.631610,71192.833388,71209,71220,71158
2026-03-26 01:58:00,1632,4.353000,0.002667,2.675100,1.677900,71239.209362,71254,71266,71205
2026-03-26 01:59:00,885,5.579600,0.006305,1.277200,4.302400,71265.224475,71268,71272,71253
2026-03-26 02:00:00,1082,8.182920,0.007563,5.495190,2.687730,71279.426796,71299,71299,71268
2026-03-26 02:01:00,3468,5.071830,0.001462,2.323480,2.748350,71337.186554,71340,71369,71299
2026-03-26 02:02:00,2056,5.726660,0.002785,2.108760,3.617900,71320.454218,71337,71349,71306
2026-03-26 02:03:00,2154,14.051260,0.006523,11.591510,2.459750,71319.203801,71330,71337,71291
2026-03-26 02:04:00,1912,15.889580,0.008310,10.825020,5.064560,71312.627915,71305,71330,71295
2026-03-26 02:05:00,1905,31.797930,0.016692,11.571000,20.226930,71308.414047,71295,71320,71276
2026-03-26 02:06:00,1977,18.255740,0.009234,14.585880,3.669860,71282.206737,71265,71304,71265
2026-03-26 02:07:00,2857,5.825730,0.002039,2.109530,3.716200,71249.663342,71239,71269,71218
2026-03-26 02:08:00,1637,3.560190,0.002175,1.282790,2.277400,71239.162910,71246,71255,71218
2026-03-26 02:09:00,1313,2.731180,0.002080,0.595010,2.136170,71251.249408,71217,71261,71217
2026-03-26 02:10:00,2004,5.052240,0.002521,1.987560,3.064680,71224.456700,71243,71243,71194
2026-03-26 02:11:00,1463,2.131790,0.001457,0.720220,1.411570,71248.838045,71225,71260,71225
2026-03-26 02:12:00,1069,2.379030,0.002225,2.181740,0.197290,71220.000015,71239,71239,71212
2026-03-26 02:13:00,966,1.723140,0.001784,0.604250,1.118890,71242.170849,71250,71250,71234
2026-03-26 02:14:00,1391,4.150400,0.002984,3.666370,0.484030,71276.507665,71293,71293,71250
2026-03-26 02:15:00,688,1.117730,0.001625,0.521120,0.596610,71280.144897,71270,71293,71270
2026-03-26 02:16:00,2308,8.118280,0.003517,1.264310,6.853970,71240.135065,71206,71270,71206
2026-03-26 02:17:00,2476,6.174440,0.002494,4.219010,1.955430,71189.625810,71192,71221,71159
2026-03-26 02:18:00,1838,5.732410,0.003119,2.135960,3.596450,71176.435149,71182,71195,71167
2026-03-26 02:19:00,1076,2.703230,0.002512,1.895720,0.807510,71204.468784,71220,71220,71182
2026-03-26 02:20:00,859,3.418970,0.003980,1.318850,2.100120,71228.886224,71209,71236,71209
2026-03-26 02:21:00,760,1.578650,0.002077,1.311970,0.266680,71220.773723,71230,71237,71209
2026-03-26 02:22:00,585,3.435100,0.005872,1.285590,2.149510,71243.556420,71260,71260,71230
2026-03-26 02:23:00,1200,1.621920,0.001352,1.348340,0.273580,71267.042398,71270,71281,71260
2026-03-26 02:24:00,835,1.756470,0.002104,1.342860,0.413610,71266.961767,71290,71290,71256
2026-03-26 02:25:00,495,3.512940,0.007097,1.955510,1.557430,71289.534744,71300,71300,71288
2026-03-26 02:26:00,828,2.962030,0.003577,1.359650,1.602380,71309.377793,71319,71319,71292
2026-03-26 02:27:00,2357,21.620820,0.009173,12.344240,9.276580,71337.734288,71344,71377,71319
2026-03-26 02:28:00,732,1.780340,0.002432,0.638430,1.141910,71310.954855,71303,71340,71303
2026-03-26 02:29:00,1403,2.840700,0.002025,1.634220,1.206480,71274.439874,71281,71303,71262
2026-03-26 02:30:00,1255,1.682900,0.001341,1.049680,0.633220,71308.192093,71320,71322,71281
2026-03-26 02:31:00,1141,5.043110,0.004420,2.513760,2.529350,71310.555876,71325,71325,71304
2026-03-26 02:32:00,1414,2.986670,0.002112,0.921820,2.064850,71342.960033,71333,71355,71325
2026-03-26 02:33:00,1050,2.033550,0.001937,1.020990,1.012560,71318.035831,71323,71333,71308
2026-03-26 02:34:00,514,0.590850,0.001150,0.296860,0.293990,71311.614816,71298,71323,71298
2026-03-26 02:35:00,1340,1.793960,0.001339,1.286950,0.507010,71304.344434,71323,71323,71288
2026-03-26 02:36:00,956,0.913130,0.000955,0.501720,0.411410,71329.586566,71314,71335,71314
2026-03-26 02:37:00,1251,1.828350,0.001462,1.214320,0.614030,71320.215676,71303,71336,71303
2026-03-26 02:38:00,1526,3.714240,0.002434,1.786840,1.927400,71304.413701,71287,71312,71287
2026-03-26 02:39:00,1479,2.265980,0.001532,1.484300,0.781680,71290.508766,71305,71309,71274
2026-03-26 02:40:00,1562,40.697370,0.026055,35.420060,5.277310,71313.820143,71314,71315,71290
2026-03-26 02:41:00,1754,84.281280,0.048051,81.912960,2.368320,71314.057489,71306,71328,71299
2026-03-26 02:42:00,2095,14.879850,0.007103,11.416780,3.463070,71286.288990,71296,71313,71276
2026-03-26 02:43:00,1578,33.691070,0.021350,30.632920,3.058150,71274.019120,71282,71296,71268
2026-03-26 02:44:00,1439,26.620510,0.018499,20.982040,5.638470,71280.595489,71245,71296,71245
2026-03-26 02:45:00,2007,63.218170,0.031499,60.773090,2.445080,71270.595463,71259,71292,71236
2026-03-26 02:46:00,1738,10.342170,0.005951,2.732890,7.609280,71253.502892,71262,71262,71241
2026-03-26 02:47:00,1282,2.222400,0.001734,1.206970,1.015430,71262.727270,71273,71273,71252
2026-03-26 02:48:00,501,0.750860,0.001499,0.419350,0.331510,71265.356668,71262,71273,71258
2026-03-26 02:49:00,920,4.747280,0.005160,1.583170,3.164110,71245.764038,71251,71262,71241
2026-03-26 02:50:00,1278,1.886530,0.001476,0.452120,1.434410,71245.037820,71228,71262,71228
2026-03-26 02:51:00,2168,7.394810,0.003411,2.258400,5.136410,71210.836760,71234,71243,71189
2026-03-26 02:52:00,996,1.346330,0.001352,0.464720,0.881610,71228.563986,71210,71241,71210
2026-03-26 02:53:00,1569,7.577730,0.004830,4.856710,2.721020,71251.188480,71264,71272,71206
2026-03-26 02:54:00,1039,0.879320,0.000846,0.528140,0.351180,71278.356457,71271,71284,71264
2026-03-26 02:55:00,963,3.039230,0.003156,1.930250,1.108980,71256.481584,71250,71271,71241
2026-03-26 02:56:00,459,1.273040,0.002774,0.854780,0.418260,71243.352439,71247,71250,71241
2026-03-26 02:57:00,878,1.219610,0.001389,0.919430,0.300180,71258.223851,71280,71280,71246
2026-03-26 02:58:00,870,1.462960,0.001682,0.820440,0.642520,71280.080200,71298,71298,71275
2026-03-26 02:59:00,568,2.034390,0.003582,1.498720,0.535670,71279.487540,71270,71298,71270
2026-03-26 03:00:00,1319,2.932990,0.002224,1.121580,1.811410,71271.184148,71252,71286,71252
2026-03-26 03:01:00,1319,2.461100,0.001866,2.152510,0.308590,71256.058486,71271,71271,71247
2026-03-26 03:02:00,896,1.132050,0.001263,0.659560,0.472490,71271.871644,71279,71279,71265
2026-03-26 03:03:00,915,1.303440,0.001425,0.603640,0.699800,71279.809408,71273,71289,71273
2026-03-26 03:04:00,788,1.367590,0.001736,0.362080,1.005510,71257.654852,71247,71273,71247
2026-03-26 03:05:00,643,2.606470,0.004054,1.089790,1.516680,71250.833237,71262,71262,71247
2026-03-26 03:06:00,883,1.177110,0.001333,0.555790,0.621320,71256.404923,71244,71270,71244
2026-03-26 03:07:00,818,2.245630,0.002745,0.319420,1.926210,71235.819529,71220,71244,71220
2026-03-26 03:08:00,2841,13.547530,0.004769,7.546440,6.001090,71162.244498,71150,71220,71146
2026-03-26 03:09:00,1869,4.207710,0.002251,1.334980,2.872730,71146.824442,71137,71157,71133
2026-03-26 03:10:00,928,3.415680,0.003681,2.555900,0.859780,71140.508361,71153,71153,71130
2026-03-26 03:11:00,736,2.240500,0.003044,1.399410,0.841090,71158.145192,71160,71164,71150
2026-03-26 03:12:00,908,2.445830,0.002694,0.425470,2.020360,71142.511960,71124,71161,71124
2026-03-26 03:13:00,1911,4.189390,0.002192,1.510720,2.678670,71109.341005,71110,71124,71100
2026-03-26 03:14:00,755,1.761130,0.002333,0.562860,1.198270,71106.170009,71094,71114,71094
2026-03-26 03:15:00,2583,13.250650,0.005130,2.594910,10.655740,71080.317255,71092,71094,71062
2026-03-26 03:16:00,2028,6.036150,0.002976,1.603750,4.432400,71059.072491,71022,71094,71022
2026-03-26 03:17:00,1935,10.091310,0.005215,1.968570,8.122740,71009.947257,71010,71026,71000
2026-03-26 03:18:00,4977,64.304150,0.012920,15.905550,48.398600,70951.774188,70924,71017,70918
2026-03-26 03:19:00,2433,9.927520,0.004080,3.590660,6.336860,70943.569024,70951,70961,70918
2026-03-26 03:20:00,2116,11.253360,0.005318,3.144190,8.109170,70964.507004,70941,70974,70941
2026-03-26 03:21:00,1637,12.494980,0.007633,2.078400,10.416580,70951.285201,70949,70965,70938
2026-03-26 03:22:00,1264,3.875160,0.003066,3.435170,0.439990,70979.087695,71004,71004,70949
2026-03-26 03:23:00,1428,1.880570,0.001317,0.715460,1.165110,70993.168640,70979,71004,70975
2026-03-26 03:24:00,2881,109.419370,0.037980,39.194780,70.224590,70919.059781,70907,70979,70889
2026-03-26 03:25:00,1932,6.264570,0.003243,1.906430,4.358140,70911.296924,70912,70926,70897
2026-03-26 03:26:00,2523,8.339020,0.003305,5.646230,2.692790,70951.466855,70966,70972,70912
2026-03-26 03:27:00,1367,6.168480,0.004512,1.898050,4.270430,70960.549672,70969,70972,70954
2026-03-26 03:28:00,2169,9.795660,0.004516,7.629580,2.166080,70948.696730,70948,70969,70937
2026-03-26 03:29:00,1631,7.775630,0.004767,3.743330,4.032300,70946.260517,70912,70962,70912
2026-03-26 03:30:00,1838,11.246590,0.006119,4.276150,6.970440,70908.504486,70895,70924,70895
2026-03-26 03:31:00,5104,35.933180,0.007040,7.147740,28.785440,70883.071925,70860,70917,70845
2026-03-26 03:32:00,5638,23.248530,0.004124,2.385810,20.862720,70809.033546,70770,70860,70753
2026-03-26 03:33:00,3075,22.391210,0.007282,9.447630,12.943580,70751.262864,70741,70778,70741
2026-03-26 03:34:00,5238,23.611660,0.004508,8.167370,15.444290,70709.374170,70770,70770,70672
2026-03-26 03:35:00,1747,5.934460,0.003397,4.159730,1.774730,70784.838395,70803,70809,70759
2026-03-26 03:36:00,2192,14.547720,0.006637,9.094820,5.452900,70807.637568,70812,70825,70783
2026-03-26 03:37:00,1607,4.915430,0.003059,1.533800,3.381630,70824.382075,70807,70830,70807
2026-03-26 03:38:00,3032,13.385580,0.004415,4.503600,8.881980,70755.335634,70774,70807,70724
2026-03-26 03:39:00,2311,6.680650,0.002891,4.563940,2.116710,70767.959120,70791,70791,70744
2026-03-26 03:40:00,1763,7.354200,0.004171,1.950140,5.404060,70791.019533,70793,70802,70775
2026-03-26 03:41:00,1468,8.728060,0.005946,4.926850,3.801210,70805.742257,70804,70822,70793
2026-03-26 03:42:00,1140,10.719250,0.009403,7.864770,2.854480,70817.550074,70846,70846,70800
2026-03-26 03:43:00,1150,5.963140,0.005185,2.881520,3.081620,70858.332183,70869,70874,70835
2026-03-26 03:44:00,817,2.837230,0.003473,1.202390,1.634840,70865.018762,70852,70874,70852
2026-03-26 03:45:00,1034,3.284960,0.003177,1.712750,1.572210,70851.798838,70869,70869,70842
2026-03-26 03:46:00,961,2.784520,0.002898,0.518950,2.265570,70861.851095,70842,70869,70842
2026-03-26 03:47:00,2044,5.360550,0.002623,4.372070,0.988480,70852.665496,70893,70898,70842
2026-03-26 03:48:00,642,1.527890,0.002380,0.685690,0.842200,70882.898124,70876,70893,70876
2026-03-26 03:49:00,645,2.439840,0.003783,1.876070,0.563770,70877.253794,70889,70889,70875
2026-03-26 03:50:00,613,5.520860,0.009006,1.916050,3.604810,70887.922613,70893,70893,70882
2026-03-26 03:51:00,1252,3.569140,0.002851,1.488110,2.081030,70888.636984,70884,70896,70873
2026-03-26 03:52:00,1059,5.925500,0.005595,4.387040,1.538460,70896.695056,70885,70904,70884
2026-03-26 03:53:00,721,1.340560,0.001859,0.613850,0.726710,70872.147048,70857,70885,70857
2026-03-26 03:54:00,1198,4.342900,0.003625,3.059240,1.283660,70862.496910,70870,70874,70857
2026-03-26 03:55:00,782,1.797590,0.002299,1.363760,0.433830,70862.490528,70878,70878,70858
2026-03-26 03:56:00,622,1.334460,0.002145,0.984620,0.349840,70889.330365,70896,70897,70878
2026-03-26 03:57:00,1296,6.284210,0.004849,4.558880,1.725330,70899.853375,70903,70910,70892
2026-03-26 03:58:00,888,2.363290,0.002661,0.635540,1.727750,70900.503089,70886,70908,70886
2026-03-26 03:59:00,247,0.837760,0.003392,0.620580,0.217180,70889.634781,70891,70891,70886
2026-03-26 04:00:00,1712,4.704120,0.002748,1.770190,2.933930,70906.036105,70893,70917,70891
2026-03-26 04:01:00,1410,3.763200,0.002669,1.025440,2.737760,70869.718772,70850,70893,70850
2026-03-26 04:02:00,2456,4.534340,0.001846,2.100810,2.433530,70848.408744,70861,70865,70826
2026-03-26 04:03:00,946,1.965860,0.002078,0.816700,1.149160,70876.266812,70881,70881,70861
2026-03-26 04:04:00,2123,6.919550,0.003259,0.634580,6.284970,70849.886327,70814,70881,70814
2026-03-26 04:05:00,2543,9.207920,0.003621,3.882030,5.325890,70793.635069,70783,70823,70772
2026-03-26 04:06:00,2128,3.700930,0.001739,0.970500,2.730430,70774.697845,70762,70787,70762
2026-03-26 04:07:00,2164,5.987880,0.002767,3.030630,2.957250,70786.698366,70790,70799,70762
2026-03-26 04:08:00,759,1.704940,0.002246,0.725250,0.979690,70793.185147,70793,70799,70790
2026-03-26 04:09:00,643,3.423040,0.005324,2.956790,0.466250,70800.649670,70816,70816,70793
2026-03-26 04:10:00,1246,2.303560,0.001849,1.908280,0.395280,70830.637720,70850,70850,70810
2026-03-26 04:11:00,614,3.286850,0.005353,2.706780,0.580070,70862.416476,70873,70876,70850
2026-03-26 04:12:00,731,5.206420,0.007122,2.967590,2.238830,70873.217414,70873,70873,70873
2026-03-26 04:13:00,322,1.115150,0.003463,0.771880,0.343270,70877.517964,70879,70879,70873
2026-03-26 04:14:00,1824,3.526990,0.001934,1.566790,1.960200,70891.108388,70931,70931,70874
2026-03-26 04:15:00,1209,6.298770,0.005210,5.924360,0.374410,70953.317754,70969,70969,70931
2026-03-26 04:16:00,1357,5.215520,0.003843,3.908780,1.306740,70952.481662,70963,70969,70945
2026-03-26 04:17:00,1234,2.527170,0.002048,0.694310,1.832860,70942.631398,70933,70963,70933
2026-03-26 04:18:00,1095,6.399310,0.005844,1.742560,4.656750,70926.034946,70908,70933,70908
2026-03-26 04:19:00,1155,2.472320,0.002141,2.138980,0.333340,70931.589131,70937,70946,70908
2026-03-26 04:20:00,996,1.113110,0.001118,0.483280,0.629830,70930.207981,70911,70937,70911
2026-03-26 04:21:00,409,1.264720,0.003092,0.679510,0.585210,70909.750374,70901,70911,70901
2026-03-26 04:22:00,998,4.379710,0.004388,2.287620,2.092090,70883.318572,70881,70901,70878
2026-03-26 04:23:00,2741,12.451470,0.004543,2.055290,10.396180,70846.184181,70783,70893,70783
2026-03-26 04:24:00,1986,9.379660,0.004723,2.187470,7.192190,70756.606266,70730,70783,70730
2026-03-26 04:25:00,2582,11.671350,0.004520,4.619150,7.052200,70733.233100,70760,70767,70713
2026-03-26 04:26:00,1390,2.982960,0.002146,1.709800,1.273160,70770.283400,70797,70797,70750
2026-03-26 04:27:00,3659,8.650450,0.002364,1.127100,7.523350,70740.540988,70708,70797,70700
2026-03-26 04:28:00,1027,13.109090,0.012764,10.352710,2.756380,70692.331950,70703,70707,70686
2026-03-26 04:29:00,944,1.905210,0.002018,0.674880,1.230330,70700.255781,70715,70715,70693
2026-03-26 04:30:00,1091,2.346510,0.002151,0.758460,1.588050,70717.178541,70713,70729,70709
2026-03-26 04:31:00,2265,10.085030,0.004453,6.817720,3.267310,70732.770445,70754,70754,70713
2026-03-26 04:32:00,722,1.351190,0.001871,1.010810,0.340380,70760.028363,70769,70769,70754
2026-03-26 04:33:00,1373,2.565380,0.001868,0.679760,1.885620,70780.764130,70770,70799,70769
2026-03-26 04:34:00,1478,3.172880,0.002147,0.977110,2.195770,70774.508009,70777,70785,70763
2026-03-26 04:35:00,1601,3.060560,0.001912,1.523470,1.537090,70789.518632,70804,70804,70768
2026-03-26 04:36:00,1345,2.620280,0.001948,0.858620,1.761660,70811.785055,70831,70831,70801
2026-03-26 04:37:00,2270,6.253030,0.002755,3.424150,2.828880,70833.073076,70815,70851,70815
2026-03-26 04:38:00,1099,4.708230,0.004284,3.664550,1.043680,70824.433729,70851,70851,70815
2026-03-26 04:39:00,1338,6.196190,0.004631,5.022500,1.173690,70865.029962,70882,70882,70851
2026-03-26 04:40:00,834,4.165590,0.004995,0.909120,3.256470,70865.840085,70870,70882,70861
2026-03-26 04:41:00,1694,2.667110,0.001574,1.277900,1.389210,70869.052608,70870,70876,70859
2026-03-26 04:42:00,1586,9.827440,0.006196,7.813040,2.014400,70888.993566,70888,70900,70870
2026-03-26 04:43:00,867,1.472440,0.001698,1.167850,0.304590,70887.853196,70898,70898,70887
2026-03-26 04:44:00,441,2.450800,0.005557,0.819510,1.631290,70892.009031,70891,70898,70891
2026-03-26 04:45:00,3308,79.539450,0.024045,6.242770,73.296680,70860.747461,70851,70891,70844
2026-03-26 04:46:00,1599,9.896380,0.006189,5.453010,4.443370,70854.471403,70882,70882,70846
2026-03-26 04:47:00,788,4.418030,0.005607,1.895380,2.522650,70882.831653,70882,70887,70877
2026-03-26 04:48:00,873,6.580820,0.007538,3.663070,2.917750,70868.524713,70853,70882,70850
2026-03-26 04:49:00,650,2.516830,0.003872,1.167780,1.349050,70848.951808,70841,70853,70841
2026-03-26 04:50:00,1200,4.015400,0.003346,2.273170,1.742230,70847.329936,70838,70864,70838
2026-03-26 04:51:00,1462,4.947900,0.003384,1.189930,3.757970,70831.519063,70818,70838,70818
2026-03-26 04:52:00,1218,9.374360,0.007697,3.098390,6.275970,70826.376492,70818,70833,70818
2026-03-26 04:53:00,1236,14.212470,0.011499,1.353750,12.858720,70799.547813,70813,70818,70782
2026-03-26 04:54:00,952,1.340960,0.001409,0.980760,0.360200,70831.411698,70850,70850,70813
2026-03-26 04:55:00,1368,3.104350,0.002269,3.048450,0.055900,70876.189880,70899,70899,70850
2026-03-26 04:56:00,1431,5.396040,0.003771,2.668790,2.727250,70904.392162,70899,70913,70895
2026-03-26 04:57:00,1080,4.407080,0.004081,2.081000,2.326080,70909.988344,70907,70913,70899
2026-03-26 04:58:00,799,2.026150,0.002536,0.743930,1.282220,70898.058162,70887,70907,70887
2026-03-26 04:59:00,1294,4.226840,0.003266,3.259670,0.967170,70889.479623,70901,70901,70881
2026-03-26 05:00:00,2633,132.824930,0.050446,80.344280,52.480650,70915.137350,70921,70921,70889
2026-03-26 05:01:00,1342,14.328380,0.010677,12.588570,1.739810,70917.351536,70910,70921,70897
2026-03-26 05:02:00,1674,3.395000,0.002028,0.526700,2.868300,70873.305239,70845,70910,70845
2026-03-26 05:03:00,1529,6.518710,0.004263,5.311720,1.206990,70858.029310,70876,70891,70845
2026-03-26 05:04:00,1460,12.510520,0.008569,0.913670,11.596850,70877.496820,70848,70887,70848
2026-03-26 05:05:00,974,2.155990,0.002214,0.471580,1.684410,70846.295464,70834,70848,70834
2026-03-26 05:06:00,1375,4.233380,0.003079,1.299870,2.933510,70830.791399,70841,70843,70815
2026-03-26 05:07:00,1303,5.360710,0.004114,1.169940,4.190770,70834.858361,70837,70843,70822
2026-03-26 05:08:00,772,4.980460,0.006451,3.306900,1.673560,70843.541014,70851,70851,70837
2026-03-26 05:09:00,668,2.029610,0.003038,0.884060,1.145550,70846.484675,70851,70851,70843
2026-03-26 05:10:00,1170,10.168290,0.008691,1.068850,9.099440,70839.082480,70826,70860,70826
2026-03-26 05:11:00,1214,4.563160,0.003759,1.721650,2.841510,70825.089696,70813,70831,70813
2026-03-26 05:12:00,3075,75.908010,0.024686,70.573330,5.334680,70832.344037,70790,70881,70787
2026-03-26 05:13:00,1643,2.896980,0.001763,1.374020,1.522960,70760.959599,70749,70790,70749
2026-03-26 05:14:00,975,6.369560,0.006533,4.185510,2.184050,70747.054369,70755,70758,70741
2026-03-26 05:15:00,617,1.206370,0.001955,0.677820,0.528550,70755.227973,70755,70759,70754
2026-03-26 05:16:00,1505,7.245380,0.004814,3.078760,4.166620,70744.348503,70755,70755,70737
2026-03-26 05:17:00,765,1.495660,0.001955,1.056300,0.439360,70765.299406,70772,70772,70755
2026-03-26 05:18:00,1534,3.141030,0.002048,0.899760,2.241270,70743.918228,70728,70772,70728
2026-03-26 05:19:00,855,3.293700,0.003852,1.257340,2.036360,70729.251385,70721,70734,70721
2026-03-26 05:20:00,1453,6.026190,0.004147,4.827350,1.198840,70746.061039,70737,70761,70721
2026-03-26 05:21:00,1132,1.940000,0.001714,1.475930,0.464070,70752.958693,70768,70768,70737
2026-03-26 05:22:00,2147,5.031180,0.002343,3.556750,1.474430,70794.921139,70792,70808,70768
2026-03-26 05:23:00,1022,3.722570,0.003642,2.080350,1.642220,70799.962003,70814,70818,70785
2026-03-26 05:24:00,550,2.843550,0.005170,2.452150,0.391400,70810.150729,70821,70821,70809
2026-03-26 05:25:00,1164,3.801640,0.003266,1.634470,2.167170,70819.657160,70808,70828,70808
2026-03-26 05:26:00,1127,4.811400,0.004269,4.251960,0.559440,70821.126159,70845,70845,70808
2026-03-26 05:27:00,852,2.860490,0.003357,2.192470,0.668020,70831.651992,70842,70845,70825
2026-03-26 05:28:00,341,4.295210,0.012596,2.528170,1.767040,70849.494610,70850,70851,70842
2026-03-26 05:29:00,492,2.157590,0.004385,1.902180,0.255410,70858.907405,70872,70872,70850
2026-03-26 05:30:00,689,2.121890,0.003080,0.840480,1.281410,70865.842460,70869,70872,70859
2026-03-26 05:31:00,1342,5.542130,0.004130,3.332500,2.209630,70881.376533,70892,70899,70869
2026-03-26 05:32:00,1020,3.882010,0.003806,2.831410,1.050600,70868.584382,70869,70892,70864
2026-03-26 05:33:00,1404,2.846090,0.002027,1.855870,0.990220,70861.928188,70832,70878,70832
2026-03-26 05:34:00,156,0.452450,0.002900,0.284180,0.168270,70831.037570,70830,70832,70830
2026-03-26 05:35:00,545,7.694030,0.014117,2.493210,5.200820,70835.398259,70836,70836,70830
2026-03-26 05:36:00,901,6.581890,0.007305,0.963810,5.618080,70832.696965,70841,70845,70828
2026-03-26 05:37:00,130,1.012610,0.007789,0.910930,0.101680,70841.913970,70845,70845,70841
2026-03-26 05:38:00,624,1.894210,0.003036,1.490020,0.404190,70851.368760,70864,70864,70845
2026-03-26 05:39:00,1197,4.437830,0.003707,3.597320,0.840510,70851.799263,70864,70864,70846
2026-03-26 05:40:00,1189,4.372810,0.003678,2.711090,1.661720,70860.815799,70848,70871,70848
2026-03-26 05:41:00,1071,6.476050,0.006047,3.460610,3.015440,70856.431909,70842,70874,70842
2026-03-26 05:42:00,638,4.263520,0.006683,2.696460,1.567060,70845.148134,70845,70853,70842
2026-03-26 05:43:00,527,1.628590,0.003090,1.480560,0.148030,70846.729794,70853,70853,70845
2026-03-26 05:44:00,1045,7.361140,0.007044,5.848660,1.512480,70862.193504,70856,70867,70853
2026-03-26 05:45:00,812,46.049840,0.056712,14.575180,31.474660,70851.420696,70840,70873,70840
2026-03-26 05:46:00,937,9.177110,0.009794,7.277820,1.899290,70858.377492,70881,70885,70838
2026-03-26 05:47:00,993,5.440180,0.005479,2.502610,2.937570,70862.608383,70856,70881,70854
2026-03-26 05:48:00,820,2.353570,0.002870,1.895980,0.457590,70861.780832,70872,70872,70856
2026-03-26 05:49:00,297,0.847550,0.002854,0.657240,0.190310,70875.908364,70877,70877,70872
2026-03-26 05:50:00,325,1.961010,0.006034,0.546350,1.414660,70875.822240,70872,70877,70872
2026-03-26 05:51:00,948,1.379670,0.001455,0.559060,0.820610,70864.839152,70847,70872,70847
2026-03-26 05:52:00,368,1.565200,0.004253,1.026440,0.538760,70847.120781,70851,70855,70844
2026-03-26 05:53:00,458,0.642520,0.001403,0.353210,0.289310,70847.109875,70843,70851,70843
2026-03-26 05:54:00,1074,3.606860,0.003358,0.740220,2.866640,70829.595783,70821,70843,70817
2026-03-26 05:55:00,2022,63.825980,0.031566,60.330090,3.495890,70835.729167,70823,70856,70817
2026-03-26 05:56:00,1546,27.729490,0.017936,5.557220,22.172270,70774.947196,70773,70823,70761
2026-03-26 05:57:00,1199,2.954410,0.002464,1.292440,1.661970,70787.788489,70777,70797,70773
2026-03-26 05:58:00,564,2.801390,0.004967,2.114910,0.686480,70786.781789,70804,70804,70777
2026-03-26 05:59:00,844,2.913240,0.003452,0.503920,2.409320,70790.822598,70780,70804,70780
2026-03-26 06:00:00,405,0.870690,0.002150,0.447660,0.423030,70779.561090,70772,70780,70772
2026-03-26 06:01:00,1964,11.883090,0.006050,3.963250,7.919840,70756.536736,70784,70784,70742
2026-03-26 06:02:00,1634,4.661440,0.002853,3.270500,1.390940,70777.983033,70776,70796,70773
2026-03-26 06:03:00,1231,7.823570,0.006355,0.429240,7.394330,70776.533342,70774,70793,70766
2026-03-26 06:04:00,1406,3.621310,0.002576,2.175950,1.445360,70759.139412,70748,70774,70748
2026-03-26 06:05:00,2817,85.604700,0.030389,47.005830,38.598870,70770.557625,70770,70782,70733
2026-03-26 06:06:00,3314,19.229730,0.005803,0.657200,18.572530,70711.537041,70665,70770,70665
2026-03-26 06:07:00,9975,101.329100,0.010158,19.825560,81.503540,70534.988822,70522,70665,70472
2026-03-26 06:08:00,3023,15.536050,0.005139,7.466340,8.069710,70526.667903,70523,70541,70510
2026-03-26 06:09:00,3315,8.445060,0.002548,6.381830,2.063230,70558.642648,70583,70600,70523
2026-03-26 06:10:00,3747,110.805480,0.029572,9.013740,101.791740,70523.670667,70556,70626,70447
2026-03-26 06:11:00,2346,24.162020,0.010299,15.405600,8.756420,70564.388788,70577,70582,70549
2026-03-26 06:12:00,2389,7.847960,0.003285,4.399890,3.448070,70568.849588,70586,70589,70546
2026-03-26 06:13:00,3515,11.730880,0.003337,2.395340,9.335540,70567.656377,70517,70589,70508
2026-03-26 06:14:00,2971,9.766630,0.003287,6.373230,3.393400,70535.870156,70540,70562,70500
2026-03-26 06:15:00,2054,86.360300,0.042045,64.950410,21.409890,70548.405306,70559,70571,70537
2026-03-26 06:16:00,1619,4.313960,0.002665,0.948060,3.365900,70561.799970,70562,70572,70548
2026-03-26 06:17:00,1326,2.493440,0.001880,0.958810,1.534630,70557.390890,70565,70574,70542
2026-03-26 06:18:00,1215,1.738200,0.001431,1.211110,0.527090,70562.520339,70574,70574,70553
2026-03-26 06:19:00,1462,5.126250,0.003506,2.066170,3.060080,70561.978380,70562,70583,70550
2026-03-26 06:20:00,2655,39.718820,0.014960,5.364020,34.354800,70568.360229,70569,70589,70550
2026-03-26 06:21:00,2284,9.411470,0.004121,6.854570,2.556900,70608.246380,70624,70637,70569
2026-03-26 06:22:00,1452,1.907260,0.001314,0.533560,1.373700,70606.777796,70582,70624,70582
2026-03-26 06:23:00,804,3.913800,0.004868,1.383000,2.530800,70596.192671,70608,70609,70580
2026-03-26 06:24:00,844,1.976450,0.002342,1.094410,0.882040,70616.477913,70621,70621,70608
2026-03-26 06:25:00,1476,3.873150,0.002624,2.184630,1.688520,70611.551210,70621,70621,70606
2026-03-26 06:26:00,1928,3.989010,0.002069,0.439910,3.549100,70592.699382,70567,70621,70561
2026-03-26 06:27:00,2085,5.005510,0.002401,1.826480,3.179030,70532.521679,70535,70567,70511
2026-03-26 06:28:00,1603,3.957940,0.002469,1.115350,2.842590,70546.217907,70570,70570,70528
2026-03-26 06:29:00,754,1.840390,0.002441,0.957180,0.883210,70573.982883,70578,70578,70563
2026-03-26 06:30:00,1780,35.353490,0.019862,31.345740,4.007750,70595.934962,70577,70604,70577
2026-03-26 06:31:00,696,1.929370,0.002772,1.168410,0.760960,70566.201201,70563,70577,70563
2026-03-26 06:32:00,2330,6.481590,0.002782,1.495340,4.986250,70547.650900,70543,70563,70536
2026-03-26 06:33:00,1393,4.564770,0.003277,1.372600,3.192170,70527.017433,70519,70543,70513
2026-03-26 06:34:00,2581,5.003200,0.001938,2.283420,2.719780,70563.619434,70580,70583,70519
2026-03-26 06:35:00,1278,2.877310,0.002251,1.587560,1.289750,70584.139975,70580,70596,70574
2026-03-26 06:36:00,1658,4.340540,0.002618,1.871420,2.469120,70596.717366,70612,70612,70580
2026-03-26 06:37:00,1189,5.412090,0.004552,1.202830,4.209260,70600.627963,70618,70618,70589
2026-03-26 06:38:00,2421,14.025400,0.005793,4.464620,9.560780,70604.338898,70569,70624,70561
2026-03-26 06:39:00,698,2.155100,0.003088,1.151190,1.003910,70579.263993,70583,70584,70569
2026-03-26 06:40:00,3039,47.790600,0.015726,1.832470,45.958130,70560.632124,70552,70585,70546
2026-03-26 06:41:00,1610,6.376800,0.003961,0.839720,5.537080,70533.037868,70509,70552,70509
2026-03-26 06:42:00,1930,6.926960,0.003589,3.780670,3.146290,70506.367220,70538,70538,70497
2026-03-26 06:43:00,851,4.495000,0.005282,1.469610,3.025390,70529.857560,70510,70538,70510
2026-03-26 06:44:00,3819,17.640570,0.004619,4.884460,12.756110,70445.610228,70431,70510,70402
2026-03-26 06:45:00,9002,53.435360,0.005936,14.415260,39.020100,70342.553464,70311,70434,70288
2026-03-26 06:46:00,9635,56.769480,0.005892,20.057970,36.711510,70258.559584,70232,70328,70200
2026-03-26 06:47:00,5581,41.183070,0.007379,24.020860,17.162210,70282.907869,70335,70344,70232
2026-03-26 06:48:00,3250,16.446800,0.005061,9.191670,7.255130,70361.540422,70372,70372,70335
2026-03-26 06:49:00,2877,11.388430,0.003958,5.683160,5.705270,70358.371755,70322,70372,70322
2026-03-26 06:50:00,1588,10.155720,0.006395,3.759810,6.395910,70339.306791,70354,70357,70322
2026-03-26 06:51:00,3909,8.460190,0.002164,2.878770,5.581420,70327.466544,70297,70354,70297
2026-03-26 06:52:00,6583,42.828190,0.006506,9.303920,33.524270,70210.248511,70161,70306,70144
2026-03-26 06:53:00,3253,11.403540,0.003506,4.597060,6.806480,70155.357674,70171,70179,70144
2026-03-26 06:54:00,4604,13.591570,0.002952,4.358500,9.233070,70164.286027,70136,70190,70123
2026-03-26 06:55:00,4155,18.381470,0.004424,7.716510,10.664960,70137.184108,70115,70161,70113
2026-03-26 06:56:00,14370,147.344830,0.010254,25.989910,121.354920,70021.252743,70002,70126,69943
2026-03-26 06:57:00,4758,28.473160,0.005984,22.229460,6.243700,70006.902838,70010,70037,69989
2026-03-26 06:58:00,4519,29.286150,0.006481,16.398950,12.887200,70021.327417,70022,70044,70001
2026-03-26 06:59:00,2208,8.734470,0.003956,5.247930,3.486540,70018.340673,70006,70034,70006
2026-03-26 07:00:00,1102,10.384310,0.009423,5.266580,5.117730,70012.716449,70017,70017,70006
2026-03-26 07:01:00,9665,218.857600,0.022644,141.034890,77.822710,69910.623551,69983,70017,69894
2026-03-26 07:02:00,6172,21.535490,0.003489,6.015110,15.520380,69905.222363,69863,69993,69856
2026-03-26 07:03:00,3813,16.756990,0.004395,10.039560,6.717430,69939.600833,69993,69999,69863
2026-03-26 07:04:00,4457,19.366890,0.004345,8.993600,10.373290,70006.098894,69965,70052,69960
2026-03-26 07:05:00,3593,7.014170,0.001952,3.719920,3.294250,69958.105598,69968,69988,69934
2026-03-26 07:06:00,3349,7.730880,0.002308,3.815170,3.915710,69958.744632,69951,70000,69924
2026-03-26 07:07:00,3516,11.874470,0.003377,7.034810,4.839660,69946.205286,69999,69999,69916
2026-03-26 07:08:00,2622,6.551350,0.002499,4.620970,1.930380,70011.970758,70058,70058,69981
2026-03-26 07:09:00,1812,6.470080,0.003571,2.180550,4.289530,70055.824999,70068,70068,70046
2026-03-26 07:10:00,2694,14.037600,0.005211,8.903020,5.134580,70082.810928,70100,70100,70068
2026-03-26 07:11:00,3195,9.446250,0.002957,2.176430,7.269820,70050.337284,70010,70100,70001
2026-03-26 07:12:00,2815,7.239930,0.002572,3.139950,4.099980,70044.032950,70028,70062,70010
2026-03-26 07:13:00,2154,11.516670,0.005347,2.050770,9.465900,70013.222869,70000,70029,69990
2026-03-26 07:14:00,1528,14.620660,0.009568,6.895960,7.724700,69996.875834,69994,70002,69980
2026-03-26 07:15:00,1908,8.227780,0.004312,2.979310,5.248470,70027.631356,70065,70065,69994
2026-03-26 07:16:00,2245,9.607840,0.004280,6.427940,3.179900,70059.415352,70074,70081,70043
2026-03-26 07:17:00,2519,11.396810,0.004524,6.018640,5.378170,70066.410825,70070,70078,70047
2026-03-26 07:18:00,2869,18.994450,0.006621,6.817480,12.176970,70081.632212,70091,70100,70064
2026-03-26 07:19:00,2738,10.391290,0.003795,2.695440,7.695850,70063.645183,70092,70100,70032
2026-03-26 07:20:00,2614,9.013970,0.003448,5.353320,3.660650,70107.690480,70134,70134,70077
2026-03-26 07:21:00,2484,17.828480,0.007177,8.306430,9.522050,70120.992984,70122,70138,70104
2026-03-26 07:22:00,2573,15.354710,0.005968,5.740200,9.614510,70074.949460,70073,70122,70041
2026-03-26 07:23:00,2540,16.303400,0.006419,2.876950,13.426450,70028.082319,70023,70073,70000
2026-03-26 07:24:00,2025,11.569560,0.005713,4.643480,6.926080,69982.933166,69991,70023,69963
2026-03-26 07:25:00,1700,10.695370,0.006291,4.720130,5.975240,69977.697526,69971,69992,69970
2026-03-26 07:26:00,2661,16.242290,0.006104,1.624620,14.617670,69942.570522,69906,69971,69906
2026-03-26 07:27:00,1572,19.996420,0.012720,6.535950,13.460470,69926.124075,69948,69948,69906
2026-03-26 07:28:00,1370,6.580420,0.004803,5.620840,0.959580,69982.671944,70020,70020,69948
2026-03-26 07:29:00,1014,7.555300,0.007451,6.135500,1.419800,70020.197875,70032,70033,70006
2026-03-26 07:30:00,818,7.261350,0.008877,2.980730,4.280620,70039.386421,70060,70060,70026
2026-03-26 07:31:00,2359,13.177400,0.005586,9.800390,3.377010,70075.408430,70077,70083,70050
2026-03-26 07:32:00,2191,4.090480,0.001867,1.371480,2.719000,70057.373506,70082,70082,70030
2026-03-26 07:33:00,1479,5.992200,0.004052,2.767750,3.224450,70085.115803,70070,70099,70067
2026-03-26 07:34:00,968,3.159090,0.003264,1.562500,1.596590,70058.041426,70063,70070,70054
2026-03-26 07:35:00,1034,3.430020,0.003317,0.540960,2.889060,70053.886851,70034,70063,70034
2026-03-26 07:36:00,922,7.782540,0.008441,3.573270,4.209270,70029.001583,70033,70034,70017
2026-03-26 07:37:00,1766,13.567340,0.007683,9.027830,4.539510,70012.898350,69996,70033,69996
2026-03-26 07:38:00,2241,10.087620,0.004501,2.778990,7.308630,70004.069925,70019,70039,69980
2026-03-26 07:39:00,1125,5.590080,0.004969,2.133820,3.456260,70033.889255,70027,70043,70019
2026-03-26 07:40:00,3273,106.230130,0.032457,97.470420,8.759710,70030.649112,70028,70046,70018
2026-03-26 07:41:00,1447,15.510980,0.010719,7.323190,8.187790,70041.560371,70031,70056,70028
2026-03-26 07:42:00,1826,14.185050,0.007768,9.475030,4.710020,70009.974699,70014,70031,69993
2026-03-26 07:43:00,1650,9.493410,0.005754,6.396240,3.097170,69997.879923,69989,70014,69989
2026-03-26 07:44:00,1712,3.364210,0.001965,1.703630,1.660580,70000.341259,70028,70028,69986
2026-03-26 07:45:00,1147,3.785460,0.003300,1.289500,2.495960,70016.269017,70000,70028,70000
2026-03-26 07:46:00,1580,4.326950,0.002739,2.860270,1.466680,70005.693831,70013,70022,69991
2026-03-26 07:47:00,677,2.575590,0.003804,2.042600,0.532990,70019.495066,70032,70032,70013
2026-03-26 07:48:00,1937,13.838050,0.007144,11.261320,2.576730,70010.551843,70017,70032,70000
2026-03-26 07:49:00,2064,3.826100,0.001854,2.460750,1.365350,70059.900099,70067,70081,70017
2026-03-26 07:50:00,1499,11.307960,0.007544,7.922610,3.385350,70085.446609,70105,70105,70067
2026-03-26 07:51:00,1432,6.202140,0.004331,3.970770,2.231370,70099.952581,70095,70116,70093
2026-03-26 07:52:00,963,11.886490,0.012343,8.588420,3.298070,70093.441387,70100,70101,70088
2026-03-26 07:53:00,1095,7.794690,0.007118,4.724520,3.070170,70105.909139,70111,70115,70095
2026-03-26 07:54:00,1272,11.221170,0.008822,5.036230,6.184940,70100.450719,70106,70111,70092
2026-03-26 07:55:00,1353,19.229790,0.014213,16.644820,2.584970,70104.155327,70113,70113,70089
2026-03-26 07:56:00,2865,16.968520,0.005923,13.664790,3.303730,70140.185722,70146,70153,70113
2026-03-26 07:57:00,1808,5.329940,0.002948,0.920120,4.409820,70118.415525,70102,70146,70102
2026-03-26 07:58:00,653,3.171380,0.004857,0.978670,2.192710,70108.329694,70112,70113,70102
2026-03-26 07:59:00,1460,8.234820,0.005640,5.991400,2.243420,70116.652194,70102,70126,70102
2026-03-26 08:00:00,1858,100.781920,0.054242,79.370250,21.411670,70103.616617,70097,70121,70080
2026-03-26 08:01:00,2077,17.570500,0.008460,8.368960,9.201540,70087.305703,70082,70097,70070
2026-03-26 08:02:00,2328,9.446660,0.004058,4.965780,4.480880,70044.801223,70032,70082,70024
2026-03-26 08:03:00,1638,6.337350,0.003869,3.761970,2.575380,70038.474251,70076,70076,70028
2026-03-26 08:04:00,3039,9.090120,0.002991,6.267650,2.822470,70113.980446,70156,70156,70076
2026-03-26 08:05:00,2404,18.878570,0.007853,14.362680,4.515890,70152.027916,70151,70168,70140
2026-03-26 08:06:00,4681,17.015960,0.003635,7.519520,9.496440,70088.190883,70073,70151,70062
2026-03-26 08:07:00,2829,33.735800,0.011925,5.012780,28.723020,70031.638936,70029,70073,70010
2026-03-26 08:08:00,3202,17.721130,0.005534,4.630740,13.090390,70038.992460,70027,70052,70025
2026-03-26 08:09:00,1888,12.434230,0.006586,5.998310,6.435920,70032.665437,70053,70053,70025
2026-03-26 08:10:00,1919,5.488920,0.002860,4.013220,1.475700,70062.497805,70094,70094,70053
2026-03-26 08:11:00,2356,7.645650,0.003245,3.765210,3.880440,70081.092003,70053,70097,70052
2026-03-26 08:12:00,608,3.647910,0.006000,2.558560,1.089350,70059.987963,70054,70070,70053
2026-03-26 08:13:00,1490,4.579100,0.003073,2.788730,1.790370,70058.038836,70077,70077,70048
2026-03-26 08:14:00,871,4.051060,0.004651,2.643120,1.407940,70077.345833,70060,70080,70059
2026-03-26 08:15:00,1466,3.277550,0.002236,1.448560,1.828990,70045.828141,70048,70060,70031
2026-03-26 08:16:00,998,2.454340,0.002459,1.664000,0.790340,70057.114756,70059,70062,70048
2026-03-26 08:17:00,1929,4.182210,0.002168,1.514280,2.667930,70055.081483,70030,70071,70030
2026-03-26 08:18:00,1175,2.445250,0.002081,1.928340,0.516910,70035.950470,70057,70057,70027
2026-03-26 08:19:00,1066,1.490550,0.001398,0.816210,0.674340,70051.983782,70032,70065,70032
2026-03-26 08:20:00,1934,91.645700,0.047387,14.179470,77.466230,70054.406316,70020,70061,70020
2026-03-26 08:21:00,7560,31.976020,0.004230,12.284190,19.691830,69957.073939,69982,70020,69907
2026-03-26 08:22:00,2211,7.907170,0.003576,5.013140,2.894030,69961.660305,70000,70000,69946
2026-03-26 08:23:00,4196,46.287940,0.011031,6.913890,39.374050,70049.670678,70081,70082,70000
2026-03-26 08:24:00,2488,14.394750,0.005786,11.747730,2.647020,70078.744712,70092,70093,70066
2026-03-26 08:25:00,1508,8.672810,0.005751,3.718070,4.954740,70076.038416,70059,70092,70059
2026-03-26 08:26:00,2411,11.164770,0.004631,5.502120,5.662650,70032.682941,70038,70070,70014
2026-03-26 08:27:00,1832,5.073330,0.002769,1.575220,3.498110,70004.139495,70025,70038,69990
2026-03-26 08:28:00,1187,5.006490,0.004218,1.411050,3.595440,70027.505780,70006,70036,70006
2026-03-26 08:29:00,3051,9.497970,0.003113,2.947820,6.550150,69976.983413,69941,70017,69939
2026-03-26 08:30:00,1081,3.174780,0.002937,2.363790,0.810990,69955.362328,69970,69970,69941
2026-03-26 08:31:00,2346,6.433150,0.002742,5.532940,0.900210,69949.867283,69953,69970,69940
2026-03-26 08:32:00,1750,9.517800,0.005439,6.778230,2.739570,69955.385604,69927,69967,69926
2026-03-26 08:33:00,7327,44.752930,0.006108,12.932750,31.820180,69840.410700,69820,69927,69805
2026-03-26 08:34:00,4136,37.824540,0.009145,33.686190,4.138350,69853.818183,69918,69918,69815
2026-03-26 08:35:00,2427,26.435140,0.010892,6.326150,20.108990,69943.309132,69958,69960,69912
2026-03-26 08:36:00,2964,7.270250,0.002453,5.618290,1.651960,69958.690743,69988,69988,69940
2026-03-26 08:37:00,1436,5.389200,0.003753,4.199070,1.190130,69978.430413,69978,69993,69970
2026-03-26 08:38:00,2073,10.448420,0.005040,8.175870,2.272550,70011.638452,70029,70030,69978
2026-03-26 08:39:00,1257,5.101880,0.004059,3.321350,1.780530,70028.602885,70034,70034,70019
2026-03-26 08:40:00,2144,7.275330,0.003393,3.135920,4.139410,70047.621043,70056,70056,70032
2026-03-26 08:41:00,2719,14.079980,0.005178,11.264770,2.815210,70090.173018,70097,70112,70056
2026-03-26 08:42:00,3532,13.999040,0.003963,5.472820,8.526220,70082.525735,70059,70104,70059
2026-03-26 08:43:00,1652,5.710170,0.003457,2.520200,3.189970,70061.994503,70052,70072,70052
2026-03-26 08:44:00,927,7.893810,0.008515,4.064640,3.829170,70050.936742,70049,70054,70049
2026-03-26 08:45:00,1185,3.524860,0.002975,3.001990,0.522870,70058.784855,70072,70072,70049
2026-03-26 08:46:00,1437,6.965900,0.004848,3.836630,3.129270,70078.406360,70075,70094,70066
2026-03-26 08:47:00,1538,13.351740,0.008681,9.775730,3.576010,70075.257166,70063,70085,70055
2026-03-26 08:48:00,1618,4.403700,0.002722,2.774940,1.628760,70070.301074,70079,70085,70050
2026-03-26 08:49:00,766,4.329390,0.005652,1.723850,2.605540,70075.442991,70090,70090,70071
2026-03-26 08:50:00,474,2.923800,0.006168,1.644570,1.279230,70084.703820,70086,70090,70077
2026-03-26 08:51:00,805,7.205420,0.008951,3.496090,3.709330,70089.431048,70092,70102,70076
2026-03-26 08:52:00,1022,6.900210,0.006752,2.963530,3.936680,70098.531190,70097,70105,70092
2026-03-26 08:53:00,1508,5.768260,0.003825,2.872020,2.896240,70103.564907,70109,70115,70088
2026-03-26 08:54:00,1361,4.502510,0.003308,3.714880,0.787630,70118.435249,70128,70128,70109
2026-03-26 08:55:00,1366,5.636160,0.004126,4.503460,1.132700,70144.999922,70161,70164,70128
2026-03-26 08:56:00,875,4.668660,0.005336,2.243790,2.424870,70145.913738,70145,70161,70138
2026-03-26 08:57:00,934,4.946010,0.005296,0.874940,4.071070,70129.741160,70113,70145,70113
2026-03-26 08:58:00,501,5.601230,0.011180,3.444530,2.156700,70112.165080,70107,70113,70107
2026-03-26 08:59:00,450,3.962080,0.008805,1.096150,2.865930,70104.497683,70096,70107,70096
2026-03-26 09:00:00,682,9.906770,0.014526,2.666070,7.240700,70091.571805,70087,70096,70086
2026-03-26 09:01:00,2575,32.467240,0.012609,8.951860,23.515380,70080.429428,70098,70099,70065
2026-03-26 09:02:00,2181,18.317410,0.008399,14.588540,3.728870,70109.902473,70104,70127,70078
2026-03-26 09:03:00,1533,7.027160,0.004584,4.225780,2.801380,70089.300905,70098,70104,70080
2026-03-26 09:04:00,1317,3.947670,0.002997,1.106910,2.840760,70080.698614,70080,70098,70062
2026-03-26 09:05:00,1178,3.545490,0.003010,1.604380,1.941110,70082.102050,70062,70095,70062
2026-03-26 09:06:00,2051,10.606890,0.005172,5.465070,5.141820,70044.920373,70055,70072,70030
2026-03-26 09:07:00,2585,8.736120,0.003380,5.189180,3.546940,70077.970471,70094,70128,70046
2026-03-26 09:08:00,2105,6.887200,0.003272,4.495310,2.391890,70093.003532,70093,70115,70065
2026-03-26 09:09:00,1065,3.401230,0.003194,2.090020,1.311210,70088.516017,70104,70106,70081
2026-03-26 09:10:00,1097,4.992780,0.004551,1.063580,3.929200,70074.339155,70050,70104,70050
2026-03-26 09:11:00,1773,6.257140,0.003529,3.222170,3.034970,70024.773485,70011,70050,70011
2026-03-26 09:12:00,1592,9.109230,0.005722,4.090350,5.018880,69995.004630,69997,70011,69981
2026-03-26 09:13:00,1431,5.189330,0.003626,2.317040,2.872290,69981.053337,69965,69997,69965
2026-03-26 09:14:00,2150,5.155650,0.002398,1.946180,3.209470,69927.498910,69907,69965,69907
2026-03-26 09:15:00,1730,6.264070,0.003621,2.936050,3.328020,69908.202845,69925,69925,69897
2026-03-26 09:16:00,2553,13.428180,0.005260,9.758010,3.670170,69960.220966,69972,69979,69925
2026-03-26 09:17:00,1992,3.044900,0.001529,1.815690,1.229210,69976.231607,69983,69985,69963
2026-03-26 09:18:00,2380,2.155870,0.000906,1.324600,0.831270,69992.452944,69975,70011,69975
2026-03-26 09:19:00,2706,3.922050,0.001449,1.911850,2.010200,69943.070186,69903,69975,69903
2026-03-26 09:20:00,2466,6.460290,0.002620,2.461590,3.998700,69889.145426,69883,69917,69865
2026-03-26 09:21:00,2195,3.563010,0.001623,2.796880,0.766130,69905.573982,69917,69927,69883
2026-03-26 09:22:00,1332,1.678870,0.001260,0.679650,0.999220,69904.316160,69883,69918,69883
2026-03-26 09:23:00,2484,4.030250,0.001622,1.333540,2.696710,69857.023968,69840,69890,69830
2026-03-26 09:24:00,1721,4.352510,0.002529,2.345750,2.006760,69840.235023,69845,69855,69826
2026-03-26 09:25:00,3202,16.518410,0.005159,10.140450,6.377960,69841.463935,69875,69875,69821
2026-03-26 09:26:00,3096,12.949950,0.004183,5.487440,7.462510,69872.917950,69842,69889,69832
2026-03-26 09:27:00,2377,5.124650,0.002156,2.911580,2.213070,69865.568552,69857,69887,69842
2026-03-26 09:28:00,1119,8.833560,0.007894,8.147840,0.685720,69841.721000,69856,69862,69840
2026-03-26 09:29:00,2064,6.967610,0.003376,1.678630,5.288980,69855.435563,69841,69868,69841
2026-03-26 09:30:00,1905,6.953440,0.003650,2.525210,4.428230,69832.367434,69827,69844,69825
2026-03-26 09:31:00,2616,13.503200,0.005162,8.142350,5.360850,69822.404564,69830,69835,69806
2026-03-26 09:32:00,569,3.722840,0.006543,3.212360,0.510480,69840.538137,69846,69846,69830
2026-03-26 09:33:00,997,7.736550,0.007760,4.930890,2.805660,69853.439047,69868,69868,69846
2026-03-26 09:34:00,1661,8.253910,0.004969,3.696750,4.557160,69871.980504,69876,69876,69868
2026-03-26 09:35:00,1151,4.661340,0.004050,3.575910,1.085430,69867.731282,69872,69884,69859
2026-03-26 09:36:00,3178,5.341410,0.001681,3.120350,2.221060,69886.525432,69880,69921,69872
2026-03-26 09:37:00,2626,7.369900,0.002807,4.222830,3.147070,69896.421201,69882,69920,69880
2026-03-26 09:38:00,1695,3.122050,0.001842,1.224230,1.897820,69887.759580,69868,69899,69868
2026-03-26 09:39:00,1860,3.279320,0.001763,1.426440,1.852880,69862.475131,69857,69873,69857
2026-03-26 09:40:00,1368,2.149010,0.001571,1.353820,0.795190,69859.136558,69848,69871,69848
2026-03-26 09:41:00,946,7.573130,0.008005,4.978840,2.594290,69843.297281,69842,69848,69842
2026-03-26 09:42:00,1601,4.573100,0.002856,3.026470,1.546630,69846.222864,69855,69855,69838
2026-03-26 09:43:00,4085,48.273160,0.011817,37.538410,10.734750,69858.292984,69874,69928,69816
2026-03-26 09:44:00,3117,23.003450,0.007380,17.168730,5.834720,69902.168745,69906,69953,69874
2026-03-26 09:45:00,2107,12.196340,0.005788,9.305290,2.891050,69911.184606,69937,69937,69877
2026-03-26 09:46:00,3879,4.399880,0.001134,2.211360,2.188520,69927.166961,69929,69947,69902
2026-03-26 09:47:00,4217,44.728030,0.010607,32.149380,12.578650,69976.943356,70026,70030,69923
2026-03-26 09:48:00,3855,7.915200,0.002053,4.904060,3.011140,70001.469752,69998,70048,69981
2026-03-26 09:49:00,2554,6.427160,0.002517,1.163360,5.263800,69976.530889,69960,69998,69955
2026-03-26 09:50:00,1988,4.070380,0.002047,2.972030,1.098350,69956.193248,69958,69969,69945
2026-03-26 09:51:00,1622,5.464630,0.003369,2.374950,3.089680,69963.660773,69987,69987,69946
2026-03-26 09:52:00,2541,4.750760,0.001870,1.991770,2.758990,69991.696463,69960,70022,69960
2026-03-26 09:53:00,1839,12.332850,0.006706,7.430870,4.901980,69959.486871,69961,69976,69942
2026-03-26 09:54:00,1786,3.891860,0.002179,2.297860,1.594000,69948.399300,69947,69968,69930
2026-03-26 09:55:00,1752,11.728730,0.006694,8.454380,3.274350,69958.239027,69973,69981,69932
2026-03-26 09:56:00,2187,9.040570,0.004134,6.187550,2.853020,70000.767121,70016,70016,69957
2026-03-26 09:57:00,1262,2.620100,0.002076,1.514880,1.105220,70028.327019,70020,70037,70016
2026-03-26 09:58:00,1611,2.228010,0.001383,1.075510,1.152500,70028.726398,70019,70042,70019
2026-03-26 09:59:00,930,3.219140,0.003461,2.038020,1.181120,70017.400945,70009,70027,70009
2026-03-26 10:00:00,526,1.359980,0.002586,1.258220,0.101760,70019.286033,70025,70025,70009
2026-03-26 10:01:00,2844,4.441860,0.001562,0.948420,3.493440,70006.104447,69969,70034,69964
2026-03-26 10:02:00,2392,3.359510,0.001404,1.098740,2.260770,69956.427990,69953,69969,69931
2026-03-26 10:03:00,1908,2.851230,0.001494,1.384270,1.466960,69973.409379,69968,69988,69953
2026-03-26 10:04:00,1828,3.602430,0.001971,1.701940,1.900490,69962.835667,69948,69977,69945
2026-03-26 10:05:00,2176,12.031760,0.005529,9.192400,2.839360,69971.233942,69990,69999,69946
2026-03-26 10:06:00,2754,79.103750,0.028723,74.274370,4.829380,70002.850431,70041,70041,69979
2026-03-26 10:07:00,2158,26.517810,0.012288,14.142590,12.375220,70045.526457,70065,70070,70032
2026-03-26 10:08:00,1619,21.186800,0.013086,11.097850,10.088950,70069.076103,70061,70079,70060
2026-03-26 10:09:00,2689,26.619620,0.009899,16.014110,10.605510,70097.759221,70115,70140,70061
2026-03-26 10:10:00,2542,20.654910,0.008125,11.025670,9.629240,70088.738027,70073,70144,70063
2026-03-26 10:11:00,1673,3.000090,0.001793,2.254350,0.745740,70070.792087,70090,70090,70051
2026-03-26 10:12:00,2385,17.436720,0.007311,5.234720,12.202000,70096.600071,70073,70116,70072
2026-03-26 10:13:00,1585,23.279590,0.014687,15.125460,8.154130,70063.297491,70064,70073,70058
2026-03-26 10:14:00,1613,3.431430,0.002127,1.856820,1.574610,70055.932831,70064,70064,70046
2026-03-26 10:15:00,2595,5.264510,0.002029,1.955920,3.308590,70058.075894,70029,70086,70019
2026-03-26 10:16:00,884,5.581250,0.006314,2.158520,3.422730,70013.147703,70005,70029,70005
2026-03-26 10:17:00,2975,8.806000,0.002960,1.204110,7.601890,69964.044856,69951,70005,69940
2026-03-26 10:18:00,2653,9.755830,0.003677,1.642860,8.112970,69934.113484,69919,69950,69919
2026-03-26 10:19:00,2865,12.487560,0.004359,3.601480,8.886080,69902.939877,69902,69919,69883
2026-03-26 10:20:00,2647,3.557790,0.001344,2.732670,0.825120,69934.768174,69960,69960,69902
2026-03-26 10:21:00,3228,29.542830,0.009152,8.850990,20.691840,69983.753369,69988,69998,69960
2026-03-26 10:22:00,1394,8.984760,0.006445,7.423630,1.561130,70001.617243,70009,70009,69988
2026-03-26 10:23:00,1446,22.282910,0.015410,17.430960,4.851950,70013.484191,70027,70027,70009
2026-03-26 10:24:00,2309,26.372930,0.011422,15.708850,10.664080,69988.905041,69986,70027,69977
2026-03-26 10:25:00,1403,2.567290,0.001830,1.188150,1.379140,69981.103812,69965,70001,69965
2026-03-26 10:26:00,1209,1.728290,0.001430,1.290690,0.437600,69975.573677,69965,69984,69960
2026-03-26 10:27:00,1757,2.237290,0.001273,1.760870,0.476420,69962.512015,69984,69984,69951
2026-03-26 10:28:00,1215,2.490610,0.002050,1.644890,0.845720,70004.383328,70012,70012,69984
2026-03-26 10:29:00,2515,31.107690,0.012369,15.224630,15.883060,70037.696290,70035,70041,70012
2026-03-26 10:30:00,2382,44.534270,0.018696,22.908180,21.626090,70030.765392,70028,70049,70013
2026-03-26 10:31:00,5696,20.980870,0.003683,2.948920,18.031950,69961.079154,69912,70028,69912
2026-03-26 10:32:00,19365,153.999360,0.007952,59.969880,94.029480,69672.191163,69696,69912,69590
2026-03-26 10:33:00,8163,24.922350,0.003053,9.994060,14.928290,69650.938855,69611,69698,69605
2026-03-26 10:34:00,9504,58.570950,0.006163,14.307420,44.263530,69573.602429,69523,69654,69506
2026-03-26 10:35:00,11130,88.074460,0.007913,24.125260,63.949200,69494.515469,69469,69567,69455
2026-03-26 10:36:00,4209,19.065870,0.004530,13.812380,5.253490,69505.826755,69549,69567,69466
2026-03-26 10:37:00,3722,12.942140,0.003477,9.160450,3.781690,69553.289008,69577,69577,69540
2026-03-26 10:38:00,2769,10.445360,0.003772,3.331260,7.114100,69570.793287,69534,69596,69534
2026-03-26 10:39:00,2840,25.117450,0.008844,2.754580,22.362870,69503.197656,69480,69541,69480
2026-03-26 10:40:00,5577,108.830390,0.019514,73.848470,34.981920,69443.946056,69453,69480,69426
2026-03-26 10:41:00,5116,66.179680,0.012936,40.196810,25.982870,69474.319416,69520,69530,69438
2026-03-26 10:42:00,3291,24.996280,0.007595,4.096920,20.899360,69502.291454,69474,69527,69468
2026-03-26 10:43:00,2001,7.571040,0.003784,3.448190,4.122850,69500.065107,69500,69515,69474
2026-03-26 10:44:00,2175,13.255920,0.006095,6.682320,6.573600,69489.750043,69489,69508,69472
2026-03-26 10:45:00,2265,12.687710,0.005602,9.154400,3.533310,69504.869927,69507,69524,69489
2026-03-26 10:46:00,2468,6.861880,0.002780,4.797680,2.064200,69500.749494,69499,69508,69493
2026-03-26 10:47:00,2186,5.574500,0.002550,1.426390,4.148110,69473.139902,69464,69499,69450
2026-03-26 10:48:00,2668,10.728920,0.004021,4.259600,6.469320,69466.136495,69453,69487,69443
2026-03-26 10:49:00,2559,7.758830,0.003032,5.132780,2.626050,69460.583179,69457,69479,69443
2026-03-26 10:50:00,2665,11.128730,0.004176,3.161040,7.967690,69434.447305,69413,69457,69410
2026-03-26 10:51:00,3385,11.558860,0.003415,9.335240,2.223620,69486.115520,69503,69510,69413
2026-03-26 10:52:00,3482,7.332980,0.002106,5.295400,2.037580,69530.187068,69536,69556,69494
2026-03-26 10:53:00,2536,5.655770,0.002230,4.610010,1.045760,69547.446889,69560,69565,69522
2026-03-26 10:54:00,3334,37.933730,0.011378,14.553170,23.380560,69558.973345,69583,69591,69529
2026-03-26 10:55:00,1744,9.547840,0.005475,7.236140,2.311700,69591.341593,69588,69600,69583
2026-03-26 10:56:00,2079,7.493200,0.003604,3.197390,4.295810,69574.703628,69587,69599,69561
2026-03-26 10:57:00,1163,4.006640,0.003445,2.027040,1.979600,69583.936986,69575,69589,69572
2026-03-26 10:58:00,1173,6.405350,0.005461,3.061010,3.344340,69602.339149,69600,69609,69575
2026-03-26 10:59:00,1478,5.245900,0.003549,1.868430,3.377470,69612.707989,69601,69621,69600
2026-03-26 11:00:00,3057,63.259010,0.020693,7.719380,55.539630,69580.699063,69562,69607,69562
2026-03-26 11:01:00,2622,13.175830,0.005025,6.704400,6.471430,69568.485666,69571,69576,69557
2026-03-26 11:02:00,1474,16.492440,0.011189,3.940500,12.551940,69567.548721,69564,69571,69562
2026-03-26 11:03:00,2738,15.440710,0.005639,2.416350,13.024360,69580.647251,69552,69594,69552
2026-03-26 11:04:00,3929,27.068630,0.006889,5.439740,21.628890,69532.007998,69522,69552,69504
2026-03-26 11:05:00,1616,3.799920,0.002351,2.520950,1.278970,69531.346613,69540,69540,69522
2026-03-26 11:06:00,2496,7.431380,0.002977,5.346020,2.085360,69546.449598,69590,69590,69527
2026-03-26 11:07:00,3252,12.633530,0.003885,9.424350,3.209180,69609.827505,69620,69635,69577
2026-03-26 11:08:00,2133,19.984140,0.009369,8.472900,11.511240,69614.645809,69594,69629,69588
2026-03-26 11:09:00,2035,2.583940,0.001270,1.298710,1.285230,69574.207899,69543,69597,69543
2026-03-26 11:10:00,5583,99.228650,0.017773,20.429880,78.798770,69547.743928,69541,69573,69520
2026-03-26 11:11:00,3780,13.998780,0.003703,5.001670,8.997110,69534.665329,69533,69547,69509
2026-03-26 11:12:00,1640,6.365540,0.003881,2.431450,3.934090,69552.818678,69573,69573,69533
2026-03-26 11:13:00,1171,4.972660,0.004247,2.683380,2.289280,69577.856990,69581,69586,69570
2026-03-26 11:14:00,1032,3.459890,0.003353,2.828300,0.631590,69571.560260,69569,69581,69562
2026-03-26 11:15:00,1560,4.137020,0.002652,2.621430,1.515590,69570.279642,69579,69583,69565
2026-03-26 11:16:00,2824,12.110980,0.004289,10.774170,1.336810,69627.863552,69640,69640,69578
2026-03-26 11:17:00,1676,6.919050,0.004128,4.447740,2.471310,69644.373620,69660,69660,69634
2026-03-26 11:18:00,1479,11.948620,0.008079,9.219610,2.729010,69657.441359,69654,69663,69654
2026-03-26 11:19:00,1928,20.133870,0.010443,8.241890,11.891980,69652.685439,69655,69661,69648
2026-03-26 11:20:00,1856,5.927190,0.003194,2.759690,3.167500,69672.736490,69662,69678,69655
2026-03-26 11:21:00,1338,3.913390,0.002925,1.142880,2.770510,69650.601812,69654,69662,69643
2026-03-26 11:22:00,1835,2.469730,0.001346,2.076670,0.393060,69669.378714,69694,69694,69654
2026-03-26 11:23:00,2216,14.170310,0.006395,7.699390,6.470920,69702.333373,69692,69720,69684
2026-03-26 11:24:00,1160,6.431140,0.005544,1.578600,4.852540,69689.997813,69684,69692,69684
2026-03-26 11:25:00,1509,3.034560,0.002011,1.463570,1.570990,69678.441100,69686,69686,69672
2026-03-26 11:26:00,713,2.784610,0.003905,1.911050,0.873560,69686.734856,69685,69691,69685
2026-03-26 11:27:00,1208,4.081940,0.003379,2.708100,1.373840,69690.953952,69688,69700,69683
2026-03-26 11:28:00,847,4.919000,0.005808,3.354660,1.564340,69687.741673,69691,69693,69684
2026-03-26 11:29:00,1646,8.595210,0.005222,2.011510,6.583700,69687.844426,69689,69692,69677
2026-03-26 11:30:00,1237,2.214390,0.001790,0.725070,1.489320,69682.069018,69661,69691,69661
2026-03-26 11:31:00,2528,5.190020,0.002053,1.914860,3.275160,69623.106391,69623,69661,69604
2026-03-26 11:32:00,2943,6.822500,0.002318,3.113340,3.709160,69639.855910,69624,69661,69609
2026-03-26 11:33:00,1565,4.601590,0.002940,1.408440,3.193150,69634.215310,69643,69643,69620
2026-03-26 11:34:00,1174,6.553230,0.005582,2.546130,4.007100,69628.107240,69619,69643,69612
2026-03-26 11:35:00,1174,3.276480,0.002791,0.857000,2.419480,69620.234758,69619,69623,69614
2026-03-26 11:36:00,2582,8.127650,0.003148,1.137920,6.989730,69609.938110,69629,69629,69598
2026-03-26 11:37:00,1142,2.220710,0.001945,1.170320,1.050390,69629.578806,69634,69635,69624
2026-03-26 11:38:00,576,1.400060,0.002431,0.575040,0.825020,69631.390885,69624,69636,69624
2026-03-26 11:39:00,2313,4.906000,0.002121,1.302170,3.603830,69600.155827,69600,69624,69592
2026-03-26 11:40:00,4297,16.073660,0.003741,3.850510,12.223150,69549.680639,69534,69608,69517
2026-03-26 11:41:00,4499,17.665450,0.003927,14.718350,2.947100,69521.822923,69554,69562,69505
2026-03-26 11:42:00,2403,10.600810,0.004411,1.841510,8.759300,69554.970457,69558,69566,69548
2026-03-26 11:43:00,1738,8.642410,0.004973,2.279540,6.362870,69551.256716,69558,69566,69544
2026-03-26 11:44:00,2625,10.292040,0.003921,2.658620,7.633420,69543.808783,69536,69575,69521
2026-03-26 11:45:00,2630,25.124810,0.009553,16.974470,8.150340,69536.971554,69548,69550,69525
2026-03-26 11:46:00,2804,15.824180,0.005643,6.376300,9.447880,69542.471276,69573,69573,69521
2026-03-26 11:47:00,2474,6.930670,0.002801,1.036460,5.894210,69542.640121,69526,69573,69519
2026-03-26 11:48:00,2260,9.206070,0.004073,5.112020,4.094050,69523.613266,69514,69541,69510
2026-03-26 11:49:00,2098,13.437510,0.006405,11.026070,2.411440,69520.473731,69529,69544,69514
2026-03-26 11:50:00,2630,47.982060,0.018244,39.157810,8.824250,69552.214393,69556,69575,69526
2026-03-26 11:51:00,852,12.860370,0.015094,9.021820,3.838550,69548.664555,69558,69560,69541
2026-03-26 11:52:00,1839,8.269850,0.004497,6.667380,1.602470,69548.667318,69560,69562,69530
2026-03-26 11:53:00,2004,5.681500,0.002835,2.428720,3.252780,69549.957176,69551,69560,69520
2026-03-26 11:54:00,2061,23.124480,0.011220,7.450640,15.673840,69516.433800,69500,69551,69499
2026-03-26 11:55:00,1156,8.294110,0.007175,2.105570,6.188540,69497.869143,69499,69500,69490
2026-03-26 11:56:00,1223,16.745280,0.013692,14.047770,2.697510,69500.585970,69505,69508,69490
2026-03-26 11:57:00,1777,7.094340,0.003992,3.228820,3.865520,69498.504515,69490,69511,69490
2026-03-26 11:58:00,3045,16.437990,0.005398,4.000690,12.437300,69486.001478,69476,69505,69465
2026-03-26 11:59:00,641,2.949830,0.004602,0.741310,2.208520,69487.145321,69490,69490,69476
2026-03-26 12:00:00,1520,7.398590,0.004867,4.266290,3.132300,69506.329332,69518,69518,69490
2026-03-26 12:01:00,2887,9.829560,0.003405,3.820920,6.008640,69519.984137,69515,69533,69500
2026-03-26 12:02:00,4326,23.023880,0.005322,16.514160,6.509720,69567.108416,69576,69594,69515
2026-03-26 12:03:00,2571,9.971100,0.003878,5.606450,4.364650,69582.416710,69592,69592,69566
2026-03-26 12:04:00,2167,7.261770,0.003351,6.074780,1.186990,69626.464626,69646,69650,69592
2026-03-26 12:05:00,2190,11.581020,0.005288,8.583980,2.997040,69649.408271,69629,69668,69629
2026-03-26 12:06:00,1847,6.550180,0.003546,2.016190,4.533990,69626.696712,69622,69632,69616
2026-03-26 12:07:00,2307,15.089870,0.006541,10.399320,4.690550,69605.225955,69589,69633,69580
2026-03-26 12:08:00,2918,5.687570,0.001949,1.362900,4.324670,69573.851951,69552,69604,69549
2026-03-26 12:09:00,2155,2.807320,0.001303,1.961120,0.846200,69572.052185,69579,69585,69552
2026-03-26 12:10:00,1536,4.869790,0.003170,4.458470,0.411320,69600.329233,69622,69622,69579
2026-03-26 12:11:00,1541,22.044070,0.014305,3.753250,18.290820,69618.109323,69605,69626,69604
2026-03-26 12:12:00,7229,40.225030,0.005564,7.792410,32.432620,69529.982058,69570,69605,69433
2026-03-26 12:13:00,3212,7.684310,0.002392,3.728860,3.955450,69570.715220,69550,69590,69550
2026-03-26 12:14:00,1741,3.269430,0.001878,1.709400,1.560030,69561.570494,69574,69580,69549
2026-03-26 12:15:00,1507,5.069450,0.003364,1.550430,3.519020,69570.542424,69566,69577,69560
2026-03-26 12:16:00,2743,7.993750,0.002914,1.416120,6.577630,69576.421865,69566,69583,69560
2026-03-26 12:17:00,3268,6.049340,0.001851,1.384190,4.665150,69542.935874,69520,69566,69520
2026-03-26 12:18:00,1015,4.304700,0.004241,0.579410,3.725290,69524.672696,69531,69532,69520
2026-03-26 12:19:00,1861,7.275760,0.003910,3.222420,4.053340,69539.158885,69538,69557,69528
2026-03-26 12:20:00,948,3.164130,0.003338,2.042360,1.121770,69533.057769,69538,69538,69530
2026-03-26 12:21:00,3051,13.392630,0.004390,5.214450,8.178180,69525.065354,69470,69555,69470
2026-03-26 12:22:00,3427,18.904740,0.005516,7.115040,11.789700,69458.703286,69452,69471,69445
2026-03-26 12:23:00,4147,29.272020,0.007059,15.186370,14.085650,69433.725671,69434,69465,69398
2026-03-26 12:24:00,1610,10.380160,0.006447,6.474690,3.905470,69442.113861,69440,69452,69430
2026-03-26 12:25:00,4801,32.534910,0.006777,14.466350,18.068560,69386.355783,69363,69440,69356
2026-03-26 12:26:00,10215,65.604280,0.006422,13.944000,51.660280,69322.259248,69288,69385,69282
2026-03-26 12:27:00,5572,37.192190,0.006675,15.779100,21.413090,69275.855375,69249,69318,69249
2026-03-26 12:28:00,8235,72.478690,0.008801,19.541180,52.937510,69221.192660,69281,69281,69193
2026-03-26 12:29:00,3169,19.772180,0.006239,9.740680,10.031500,69310.027257,69316,69329,69281
2026-03-26 12:30:00,815,8.890750,0.010909,5.923230,2.967520,69323.314795,69321,69329,69316
2026-03-26 12:31:00,4975,32.086030,0.006449,22.758050,9.327980,69367.387775,69428,69428,69313
2026-03-26 12:32:00,5470,27.546810,0.005036,10.456900,17.089910,69384.064274,69387,69434,69342
2026-03-26 12:33:00,2238,8.917900,0.003985,4.267790,4.650110,69395.894224,69363,69413,69363
2026-03-26 12:34:00,1208,3.487820,0.002887,2.203490,1.284330,69359.092661,69353,69368,69353
2026-03-26 12:35:00,1696,4.385540,0.002586,3.076890,1.308650,69366.975410,69367,69383,69353
2026-03-26 12:36:00,2122,16.220460,0.007644,7.992000,8.228460,69373.434485,69356,69398,69353
2026-03-26 12:37:00,2213,5.523310,0.002496,4.423610,1.099700,69366.985694,69367,69389,69356
2026-03-26 12:38:00,1763,7.727160,0.004383,4.375760,3.351400,69402.117387,69408,69416,69367
2026-03-26 12:39:00,1956,17.693270,0.009046,4.326760,13.366510,69432.861511,69426,69447,69408
2026-03-26 12:40:00,1125,2.772880,0.002465,1.937920,0.834960,69433.395407,69440,69443,69421
2026-03-26 12:41:00,2184,8.824940,0.004041,3.099790,5.725150,69431.909564,69444,69448,69420
2026-03-26 12:42:00,1621,6.363940,0.003926,2.870630,3.493310,69453.877136,69456,69461,69444
2026-03-26 12:43:00,1152,3.623320,0.003145,2.454960,1.168360,69430.794484,69426,69456,69426
2026-03-26 12:44:00,1088,4.474030,0.004112,0.823930,3.650100,69423.213534,69419,69426,69419
2026-03-26 12:45:00,1155,6.988260,0.006050,1.257700,5.730560,69406.486243,69398,69423,69398
2026-03-26 12:46:00,978,14.208220,0.014528,13.639330,0.568890,69400.260185,69419,69419,69398
2026-03-26 12:47:00,1327,24.572930,0.018518,23.026190,1.546740,69420.191091,69411,69428,69411
2026-03-26 12:48:00,1139,5.509730,0.004837,2.413710,3.096020,69418.743304,69430,69436,69410
2026-03-26 12:49:00,1149,3.893470,0.003389,2.779650,1.113820,69431.284513,69432,69440,69425
2026-03-26 12:50:00,2910,21.412490,0.007358,1.625900,19.786590,69390.354105,69371,69432,69362
2026-03-26 12:51:00,2082,12.261060,0.005889,10.275430,1.985630,69369.038977,69357,69386,69348
2026-03-26 12:52:00,2124,7.562990,0.003561,2.580690,4.982300,69363.807267,69353,69374,69351
2026-03-26 12:53:00,1036,4.328860,0.004178,3.827960,0.500900,69363.000651,69374,69374,69353
2026-03-26 12:54:00,1407,5.957610,0.004234,2.032480,3.925130,69364.289247,69369,69374,69355
2026-03-26 12:55:00,1797,3.265570,0.001817,1.763300,1.502270,69395.256223,69393,69405,69369
2026-03-26 12:56:00,1520,6.809220,0.004480,3.931420,2.877800,69373.654110,69359,69393,69359
2026-03-26 12:57:00,1791,13.049760,0.007286,7.408610,5.641150,69348.915941,69337,69359,69336
2026-03-26 12:58:00,2268,4.808260,0.002120,1.229370,3.578890,69303.642559,69283,69337,69283
2026-03-26 12:59:00,392,3.690760,0.009415,2.709760,0.981000,69283.021925,69288,69288,69283
2026-03-26 13:00:00,942,3.524190,0.003741,2.531340,0.992850,69275.539522,69276,69288,69272
2026-03-26 13:01:00,4317,29.190650,0.006762,10.753920,18.436730,69251.764555,69242,69285,69233
2026-03-26 13:02:00,2883,14.200450,0.004926,7.318820,6.881630,69255.766508,69263,69283,69226
2026-03-26 13:03:00,2607,16.429560,0.006302,11.465290,4.964270,69321.081412,69330,69337,69263
2026-03-26 13:04:00,2564,20.237660,0.007893,5.113130,15.124530,69319.931701,69342,69342,69302
2026-03-26 13:05:00,1384,7.057840,0.005100,3.516960,3.540880,69339.647017,69334,69358,69329
2026-03-26 13:06:00,3387,10.897930,0.003218,4.589930,6.308000,69319.078558,69270,69359,69270
2026-03-26 13:07:00,3076,13.367150,0.004346,6.915610,6.451540,69263.295711,69298,69298,69238
2026-03-26 13:08:00,1676,6.510000,0.003884,3.366550,3.143450,69325.767869,69342,69351,69298
2026-03-26 13:09:00,1509,8.388600,0.005559,6.536570,1.852030,69353.544137,69370,69370,69335
2026-03-26 13:10:00,1461,6.150650,0.004210,3.901450,2.249200,69362.493454,69367,69370,69358
2026-03-26 13:11:00,1993,12.614920,0.006330,7.804540,4.810380,69384.581863,69395,69399,69367
2026-03-26 13:12:00,1713,7.719080,0.004506,4.322660,3.396420,69405.127331,69405,69413,69391
2026-03-26 13:13:00,2090,9.850170,0.004713,4.517930,5.332240,69385.481455,69374,69405,69374
2026-03-26 13:14:00,1063,3.388780,0.003188,1.908860,1.479920,69376.656636,69381,69384,69370
2026-03-26 13:15:00,985,4.785980,0.004859,1.738180,3.047800,69381.550980,69375,69390,69375
2026-03-26 13:16:00,1295,10.569630,0.008162,6.884520,3.685110,69372.329620,69387,69387,69365
2026-03-26 13:17:00,1543,7.448240,0.004827,3.011020,4.437220,69384.694994,69366,69394,69366
2026-03-26 13:18:00,989,7.081420,0.007160,3.066460,4.014960,69380.419273,69385,69385,69366
2026-03-26 13:19:00,2033,6.093500,0.002997,1.838570,4.254930,69367.786389,69354,69385,69354
2026-03-26 13:20:00,2750,16.114520,0.005860,6.603170,9.511350,69357.966799,69366,69372,69331
2026-03-26 13:21:00,1629,9.252140,0.005680,4.099240,5.152900,69370.518424,69381,69381,69360
2026-03-26 13:22:00,1858,9.561220,0.005146,2.369310,7.191910,69384.615881,69381,69390,69379
2026-03-26 13:23:00,1448,7.555220,0.005218,4.476280,3.078940,69385.089055,69379,69392,69379
2026-03-26 13:24:00,1599,8.249830,0.005159,5.568970,2.680860,69389.274115,69400,69400,69378
2026-03-26 13:25:00,2096,5.557780,0.002652,2.207010,3.350770,69377.434189,69362,69400,69362
2026-03-26 13:26:00,2643,17.005970,0.006434,10.952810,6.053160,69363.509200,69365,69394,69333
2026-03-26 13:27:00,2265,15.221380,0.006720,7.572730,7.648650,69378.740661,69367,69414,69361
2026-03-26 13:28:00,827,5.520550,0.006675,2.284210,3.236340,69368.994626,69382,69382,69365
2026-03-26 13:29:00,992,7.300260,0.007359,4.606060,2.694200,69395.473948,69408,69417,69382
2026-03-26 13:30:00,1071,7.284630,0.006802,2.778830,4.505800,69424.595774,69421,69431,69408
2026-03-26 13:31:00,2713,8.550710,0.003152,4.561120,3.989590,69402.266922,69388,69432,69381
2026-03-26 13:32:00,2065,17.403820,0.008428,14.157330,3.246490,69388.671977,69446,69448,69369
2026-03-26 13:33:00,2994,11.292170,0.003772,4.843130,6.449040,69424.646622,69394,69460,69387
2026-03-26 13:34:00,2908,10.657790,0.003665,2.031100,8.626690,69379.480130,69376,69399,69353
2026-03-26 13:35:00,2322,6.286840,0.002708,1.708490,4.578350,69349.797912,69322,69376,69322
2026-03-26 13:36:00,3987,12.513450,0.003139,2.961610,9.551840,69284.758502,69246,69328,69246
2026-03-26 13:37:00,2138,8.777740,0.004106,4.010890,4.766850,69251.710390,69262,69266,69242
2026-03-26 13:38:00,2033,12.490580,0.006144,6.226260,6.264320,69283.384020,69308,69308,69253
2026-03-26 13:39:00,1911,10.313180,0.005397,6.904160,3.409020,69305.505209,69330,69330,69295
2026-03-26 13:40:00,2278,9.418200,0.004134,4.548640,4.869560,69350.459899,69336,69365,69330
2026-03-26 13:41:00,2300,7.188070,0.003125,3.897290,3.290780,69327.447938,69307,69336,69307
2026-03-26 13:42:00,2116,6.302010,0.002978,3.328010,2.974000,69312.636354,69313,69333,69299
2026-03-26 13:43:00,1314,7.458340,0.005676,5.549270,1.909070,69327.007679,69345,69345,69313
2026-03-26 13:44:00,2241,18.834980,0.008405,12.362080,6.472900,69381.549821,69389,69395,69345
2026-03-26 13:45:00,2211,9.388140,0.004246,5.509930,3.878210,69374.549311,69366,69389,69361
2026-03-26 13:46:00,1401,9.443230,0.006740,3.868910,5.574320,69374.792976,69401,69401,69366
2026-03-26 13:47:00,2163,12.576280,0.005814,5.150440,7.425840,69411.038203,69403,69430,69401
2026-03-26 13:48:00,1021,4.335510,0.004246,1.533500,2.802010,69415.275200,69412,69428,69403
2026-03-26 13:49:00,2331,10.025460,0.004301,2.927920,7.097540,69404.820272,69388,69412,69388
2026-03-26 13:50:00,1706,9.922210,0.005816,6.870480,3.051730,69382.243948,69392,69392,69378
2026-03-26 13:51:00,1157,6.310080,0.005454,2.873590,3.436490,69401.447408,69418,69422,69392
2026-03-26 13:52:00,2395,4.705480,0.001965,2.060100,2.645380,69413.866104,69399,69432,69399
2026-03-26 13:53:00,1798,6.903790,0.003840,3.612260,3.291530,69404.984510,69406,69416,69399
2026-03-26 13:54:00,1764,3.785470,0.002146,1.218100,2.567370,69395.540275,69381,69406,69381
2026-03-26 13:55:00,1349,7.498670,0.005559,3.519190,3.979480,69396.179551,69414,69414,69381
2026-03-26 13:56:00,1229,7.781330,0.006331,4.809850,2.971480,69427.678785,69435,69442,69414
2026-03-26 13:57:00,2004,9.679670,0.004830,4.742600,4.937070,69433.197471,69424,69442,69423
2026-03-26 13:58:00,1451,6.244260,0.004303,3.627450,2.616810,69441.721466,69461,69461,69424
2026-03-26 13:59:00,1812,12.879110,0.007108,4.003480,8.875630,69450.354511,69446,69461,69446
2026-03-26 14:00:00,1111,10.192030,0.009174,2.702570,7.489460,69445.102591,69436,69454,69436
2026-03-26 14:01:00,3824,14.435970,0.003775,6.017490,8.418480,69423.713946,69432,69444,69414
2026-03-26 14:02:00,3465,16.039450,0.004629,10.489720,5.549730,69464.705691,69440,69478,69432
2026-03-26 14:03:00,2548,11.805860,0.004633,6.812950,4.992910,69453.695899,69456,69466,69440
2026-03-26 14:04:00,1136,6.888950,0.006064,2.723640,4.165310,69439.947131,69433,69456,69433
2026-03-26 14:05:00,2395,10.378250,0.004333,6.923070,3.455180,69434.850274,69450,69450,69429
2026-03-26 14:06:00,1667,8.313970,0.004987,3.403060,4.910910,69453.663151,69471,69471,69445
2026-03-26 14:07:00,1772,7.289780,0.004114,3.621350,3.668430,69471.932959,69466,69480,69458
2026-03-26 14:08:00,2392,11.015970,0.004605,6.200430,4.815540,69484.485354,69500,69500,69466
2026-03-26 14:09:00,4599,125.536740,0.027297,111.673010,13.863730,69534.590399,69504,69574,69478
2026-03-26 14:10:00,1814,9.352610,0.005156,3.419180,5.933430,69498.581593,69504,69514,69476
2026-03-26 14:11:00,2356,19.064350,0.008092,6.971730,12.092620,69454.598474,69430,69504,69428
2026-03-26 14:12:00,1422,4.937120,0.003472,2.613750,2.323370,69448.458912,69458,69462,69430
2026-03-26 14:13:00,1924,7.217450,0.003751,3.844560,3.372890,69461.653711,69455,69481,69455
2026-03-26 14:14:00,1936,7.686360,0.003970,4.496220,3.190140,69478.105784,69480,69495,69455
2026-03-26 14:15:00,1691,7.356880,0.004351,3.701000,3.655880,69476.234184,69484,69484,69469
2026-03-26 14:16:00,2326,12.695370,0.005458,3.646840,9.048530,69470.812546,69488,69496,69455
2026-03-26 14:17:00,2009,44.463870,0.022132,40.047440,4.416430,69496.388763,69513,69513,69486
2026-03-26 14:18:00,2017,11.472080,0.005688,4.562420,6.909660,69520.915763,69514,69528,69513
2026-03-26 14:19:00,1047,6.405840,0.006118,3.279570,3.126270,69511.617322,69523,69523,69505
2026-03-26 14:20:00,2081,9.622680,0.004624,3.782750,5.839930,69506.460016,69475,69523,69475
2026-03-26 14:21:00,1357,9.255210,0.006820,1.066920,8.188290,69465.930713,69445,69475,69445
2026-03-26 14:22:00,860,10.717570,0.012462,4.165650,6.551920,69447.338187,69450,69452,69445
2026-03-26 14:23:00,535,6.913950,0.012923,3.602440,3.311510,69446.619504,69455,69455,69445
2026-03-26 14:24:00,1680,13.515330,0.008045,3.545270,9.970060,69470.211425,69445,69480,69445
2026-03-26 14:25:00,707,6.840090,0.009675,2.573320,4.266770,69436.959446,69430,69445,69430
2026-03-26 14:26:00,1639,7.230080,0.004411,1.897770,5.332310,69426.269592,69419,69442,69419
2026-03-26 14:27:00,2298,9.918990,0.004316,3.034260,6.884730,69405.950157,69384,69425,69376
2026-03-26 14:28:00,1613,6.510120,0.004036,3.444180,3.065940,69394.673908,69384,69407,69384
2026-03-26 14:29:00,1441,9.001810,0.006247,3.089900,5.911910,69386.715261,69378,69393,69378
2026-03-26 14:30:00,933,11.777160,0.012623,5.788760,5.988400,69384.704872,69400,69400,69378
2026-03-26 14:31:00,5622,28.886220,0.005138,12.961290,15.924930,69384.663730,69378,69404,69365
2026-03-26 14:32:00,4283,14.518470,0.003390,7.963310,6.555160,69395.184982,69386,69423,69367
2026-03-26 14:33:00,7148,21.612960,0.003024,8.401880,13.211080,69388.003420,69380,69438,69337
2026-03-26 14:34:00,5669,15.390700,0.002715,5.683030,9.707670,69322.420231,69294,69384,69280
2026-03-26 14:35:00,5388,33.268130,0.006174,17.607210,15.660920,69269.957427,69254,69294,69238
2026-03-26 14:36:00,8318,28.180010,0.003388,15.385850,12.794160,69254.137409,69282,69311,69218
2026-03-26 14:37:00,6554,21.093870,0.003218,13.790790,7.303080,69331.395601,69413,69413,69266
2026-03-26 14:38:00,8756,20.913120,0.002388,10.244690,10.668430,69424.485756,69399,69499,69366
2026-03-26 14:39:00,4703,16.459750,0.003500,5.253530,11.206220,69382.970124,69380,69416,69344
2026-03-26 14:40:00,5045,13.252950,0.002627,3.781080,9.471870,69339.684614,69317,69400,69298
2026-03-26 14:41:00,4751,14.110570,0.002970,4.500210,9.610360,69323.466954,69298,69344,69298
2026-03-26 14:42:00,7053,25.493970,0.003615,10.486580,15.007390,69293.323842,69285,69314,69270
2026-03-26 14:43:00,3970,24.934570,0.006281,15.481350,9.453220,69306.681336,69347,69347,69272
2026-03-26 14:44:00,4188,9.936270,0.002373,5.036390,4.899880,69372.632696,69386,69404,69342
2026-03-26 14:45:00,4155,18.655870,0.004490,15.440460,3.215410,69455.992634,69547,69547,69366
2026-03-26 14:46:00,15803,113.431030,0.007178,69.432820,43.998210,69742.197051,69772,69833,69547
2026-03-26 14:47:00,11911,97.654750,0.008199,57.955440,39.699310,69753.315006,69686,69829,69681
2026-03-26 14:48:00,7717,30.027360,0.003891,15.726630,14.300730,69694.971283,69726,69754,69643
2026-03-26 14:49:00,4020,16.224730,0.004036,4.884110,11.340620,69710.076211,69726,69744,69689
2026-03-26 14:50:00,4948,31.870540,0.006441,10.720010,21.150530,69664.052987,69648,69726,69608
2026-03-26 14:51:00,4030,10.788330,0.002677,6.253140,4.535190,69629.441903,69652,69663,69598
2026-03-26 14:52:00,4266,20.719240,0.004857,11.102130,9.617110,69693.905984,69698,69729,69638
2026-03-26 14:53:00,11974,69.181560,0.005778,48.204770,20.976790,69796.650934,69861,69877,69696
2026-03-26 14:54:00,7068,32.117820,0.004544,19.789180,12.328640,69831.022186,69849,69875,69778
2026-03-26 14:55:00,3867,18.612140,0.004813,6.811680,11.800460,69804.282495,69793,69852,69765
2026-03-26 14:56:00,3654,23.948660,0.006554,9.197040,14.751620,69739.718784,69721,69809,69708
2026-03-26 14:57:00,5445,69.742960,0.012809,24.663460,45.079500,69661.307761,69615,69726,69606
2026-03-26 14:58:00,5285,29.589040,0.005599,8.046950,21.542090,69598.764946,69593,69652,69556
2026-03-26 14:59:00,5588,25.081420,0.004488,15.427390,9.654030,69585.983169,69554,69622,69538
2026-03-26 15:00:00,7094,22.211800,0.003131,11.724770,10.487030,69593.461572,69647,69661,69502
2026-03-26 15:01:00,6323,26.455700,0.004184,15.030630,11.425070,69669.736435,69709,69709,69645
2026-03-26 15:02:00,2987,12.165040,0.004073,5.263820,6.901220,69680.771222,69686,69714,69661
2026-03-26 15:03:00,4202,16.295890,0.003878,5.292200,11.003690,69653.314101,69677,69686,69628
2026-03-26 15:04:00,4777,15.998540,0.003349,3.667790,12.330750,69657.977751,69687,69692,69615
2026-03-26 15:05:00,5311,17.227820,0.003244,11.164320,6.063500,69707.713224,69711,69730,69666
2026-03-26 15:06:00,3705,9.717230,0.002623,6.534490,3.182740,69699.294056,69728,69728,69666
2026-03-26 15:07:00,4489,17.942320,0.003997,12.605530,5.336790,69766.128336,69795,69795,69728
2026-03-26 15:08:00,6027,27.765610,0.004607,13.619730,14.145880,69790.644689,69729,69837,69729
2026-03-26 15:09:00,4241,34.977330,0.008247,5.362530,29.614800,69715.279769,69654,69739,69654
2026-03-26 15:10:00,4123,15.880560,0.003852,7.952900,7.927660,69629.568018,69648,69670,69607
2026-03-26 15:11:00,3807,10.836780,0.002847,7.126540,3.710240,69644.752234,69628,69675,69622
2026-03-26 15:12:00,5147,18.345740,0.003564,3.311450,15.034290,69586.461859,69522,69628,69522
2026-03-26 15:13:00,3994,11.053970,0.002768,6.628660,4.425310,69603.193423,69616,69631,69522
2026-03-26 15:14:00,3895,11.660960,0.002994,4.263620,7.397340,69563.850234,69570,69616,69530
2026-03-26 15:15:00,2480,6.127640,0.002471,3.452400,2.675240,69583.053494,69608,69608,69570
2026-03-26 15:16:00,3859,7.768100,0.002013,4.056270,3.711830,69620.503476,69668,69668,69573
2026-03-26 15:17:00,3237,7.411450,0.002290,3.444840,3.966610,69662.934851,69648,69680,69648
2026-03-26 15:18:00,3427,7.685400,0.002243,3.988990,3.696410,69630.202734,69631,69648,69616
2026-03-26 15:19:00,4508,19.144830,0.004247,12.142220,7.002610,69599.792682,69574,69641,69564
2026-03-26 15:20:00,5518,9.375320,0.001699,3.635080,5.740240,69530.676451,69477,69584,69477
2026-03-26 15:21:00,6135,21.546010,0.003512,5.684450,15.861560,69437.956518,69434,69477,69406
2026-03-26 15:22:00,3061,8.340050,0.002725,3.531190,4.808860,69433.770365,69432,69472,69416
2026-03-26 15:23:00,2749,8.268910,0.003008,5.291930,2.976980,69471.425611,69510,69515,69432
2026-03-26 15:24:00,3573,16.557470,0.004634,8.174170,8.383300,69541.759061,69547,69576,69482
2026-03-26 15:25:00,3588,22.648970,0.006312,16.426920,6.222050,69526.042153,69545,69552,69507
2026-03-26 15:26:00,3847,11.141540,0.002896,4.787800,6.353740,69535.712335,69567,69567,69490
2026-03-26 15:27:00,2659,11.517210,0.004331,5.452320,6.064890,69591.232405,69640,69644,69555
2026-03-26 15:28:00,4068,20.849210,0.005125,14.753060,6.096150,69675.738237,69687,69709,69640
2026-03-26 15:29:00,2769,11.470740,0.004143,4.008610,7.462130,69673.473376,69660,69700,69659
2026-03-26 15:30:00,3608,10.658310,0.002954,3.621920,7.036390,69621.925077,69611,69660,69598
2026-03-26 15:31:00,3353,12.879640,0.003841,6.674310,6.205330,69659.228551,69696,69697,69611
2026-03-26 15:32:00,4903,21.378010,0.004360,12.224810,9.153200,69707.752750,69700,69733,69684
2026-03-26 15:33:00,3250,18.181030,0.005594,12.154390,6.026640,69715.479243,69712,69730,69686
2026-03-26 15:34:00,4028,10.434990,0.002591,4.255650,6.179340,69699.667255,69700,69729,69669
2026-03-26 15:35:00,2991,20.793980,0.006952,6.975800,13.818180,69728.678059,69767,69772,69695
2026-03-26 15:36:00,4040,14.038390,0.003475,4.390730,9.647660,69714.681789,69698,69767,69679
2026-03-26 15:37:00,4058,10.758200,0.002651,2.220930,8.537270,69665.601711,69641,69713,69623
2026-03-26 15:38:00,3277,16.283780,0.004969,4.969040,11.314740,69635.820226,69652,69652,69620
2026-03-26 15:39:00,3018,8.505050,0.002818,3.190090,5.314960,69645.974549,69642,69665,69625
2026-03-26 15:40:00,3312,12.372200,0.003736,7.400310,4.971890,69649.579380,69653,69680,69630
2026-03-26 15:41:00,8760,28.253710,0.003225,14.609640,13.644070,69698.488933,69616,69771,69616
2026-03-26 15:42:00,9271,21.108370,0.002277,7.799350,13.309020,69596.423603,69619,69663,69544
2026-03-26 15:43:00,5204,12.543610,0.002410,5.507490,7.036120,69601.755328,69586,69619,69567
2026-03-26 15:44:00,5938,13.525810,0.002278,6.109660,7.416150,69564.342213,69558,69612,69519
2026-03-26 15:45:00,4406,11.309450,0.002567,3.237520,8.071930,69514.253339,69517,69560,69494
2026-03-26 15:46:00,4562,8.549100,0.001874,4.336100,4.213000,69504.590852,69505,69538,69490
2026-03-26 15:47:00,6304,18.755510,0.002975,8.377530,10.377980,69466.768772,69435,69515,69435
2026-03-26 15:48:00,6655,15.344870,0.002306,8.572830,6.772040,69480.215172,69470,69538,69420
2026-03-26 15:49:00,5859,12.536140,0.002140,6.158900,6.377240,69485.331963,69445,69517,69443
2026-03-26 15:50:00,4110,19.058140,0.004637,11.925570,7.132570,69427.769354,69437,69445,69401
2026-03-26 15:51:00,5464,9.437710,0.001727,5.622590,3.815120,69464.435952,69479,69492,69427
2026-03-26 15:52:00,3746,9.016120,0.002407,5.344800,3.671320,69471.320339,69486,69493,69455
2026-03-26 15:53:00,4257,11.944520,0.002806,3.100500,8.844020,69448.396897,69416,69498,69408
2026-03-26 15:54:00,6677,13.882790,0.002079,4.018310,9.864480,69396.255285,69339,69448,69339
2026-03-26 15:55:00,7573,30.609000,0.004042,7.803160,22.805840,69299.587936,69319,69349,69259
2026-03-26 15:56:00,6779,36.628100,0.005403,10.411470,26.216630,69328.109044,69421,69427,69259
2026-03-26 15:57:00,5487,20.060570,0.003656,11.585420,8.475150,69455.477673,69463,69498,69386
2026-03-26 15:58:00,4196,13.303880,0.003171,6.365490,6.938390,69415.967731,69413,69462,69387
2026-03-26 15:59:00,5264,31.391920,0.005964,24.605960,6.785960,69488.157872,69547,69555,69406
2026-03-26 16:00:00,3885,13.281630,0.003419,5.279900,8.001730,69494.806649,69480,69547,69454
2026-03-26 16:01:00,4483,8.191580,0.001827,2.997180,5.194400,69471.696819,69437,69498,69437
2026-03-26 16:02:00,3753,8.200860,0.002185,2.127210,6.073650,69417.396673,69400,69437,69390
2026-03-26 16:03:00,4222,8.599000,0.002037,4.044180,4.554820,69397.090282,69410,69422,69370
2026-03-26 16:04:00,2867,8.986070,0.003134,4.172210,4.813860,69393.927599,69412,69428,69380
2026-03-26 16:05:00,3202,14.613600,0.004564,2.307190,12.306410,69381.448220,69350,69412,69350
2026-03-26 16:06:00,6690,14.742490,0.002204,6.878370,7.864120,69369.372641,69393,69411,69328
2026-03-26 16:07:00,4327,10.595360,0.002449,4.450500,6.144860,69362.316000,69358,69393,69336
2026-03-26 16:08:00,4066,11.168030,0.002747,3.742270,7.425760,69308.287839,69301,69358,69271
2026-03-26 16:09:00,4297,24.848550,0.005783,3.206600,21.641950,69243.780841,69214,69301,69203
2026-03-26 16:10:00,12904,199.603400,0.015468,42.320610,157.282790,69101.875105,69174,69218,69005
2026-03-26 16:11:00,5346,29.247000,0.005471,23.846710,5.400290,69223.253825,69218,69255,69174
2026-03-26 16:12:00,4705,13.473710,0.002864,5.522340,7.951370,69182.210932,69149,69247,69132
2026-03-26 16:13:00,5821,44.868670,0.007708,9.066370,35.802300,69128.577475,69111,69151,69107
2026-03-26 16:14:00,4856,14.211050,0.002926,5.385680,8.825370,69137.013770,69127,69177,69106
2026-03-26 16:15:00,16998,188.137300,0.011068,51.128440,137.008860,68979.914747,68951,69133,68904
2026-03-26 16:16:00,27803,301.126300,0.010831,120.112250,181.014050,68812.064861,68974,68988,68632
2026-03-26 16:17:00,9924,52.058100,0.005246,23.488470,28.569630,68934.127764,68902,68985,68888
2026-03-26 16:18:00,8276,55.037100,0.006650,19.165700,35.871400,68885.938996,68838,68951,68838
2026-03-26 16:19:00,6246,25.434160,0.004072,11.355660,14.078500,68853.005161,68865,68875,68830
2026-03-26 16:20:00,6572,43.793340,0.006664,32.778500,11.014840,68886.002296,68885,68936,68865
2026-03-26 16:21:00,5178,29.328570,0.005664,14.764610,14.563960,68909.736064,68933,68933,68862
2026-03-26 16:22:00,4431,23.930730,0.005401,12.006450,11.924280,68926.803479,68932,68949,68901
2026-03-26 16:23:00,3129,10.379490,0.003317,4.065040,6.314450,68926.719203,68895,68943,68895
2026-03-26 16:24:00,4769,26.762920,0.005612,19.918430,6.844490,68913.829631,68956,68956,68877
2026-03-26 16:25:00,4198,15.719310,0.003744,8.970440,6.748870,68980.917277,68999,68999,68956
2026-03-26 16:26:00,5288,25.448540,0.004813,15.456110,9.992430,69001.406177,68986,69022,68979
2026-03-26 16:27:00,4836,15.520390,0.003209,10.621420,4.898970,69007.408258,69003,69044,68978
2026-03-26 16:28:00,3380,20.581320,0.006089,8.600770,11.980550,69017.223162,69059,69059,69000
2026-03-26 16:29:00,4669,15.031150,0.003219,6.713210,8.317940,69070.314264,69071,69083,69050
2026-03-26 16:30:00,4613,25.421830,0.005511,15.322500,10.099330,69053.104670,69028,69082,69015
2026-03-26 16:31:00,6332,18.974030,0.002997,8.183350,10.790680,68985.630998,69010,69030,68970
2026-03-26 16:32:00,4602,19.769950,0.004296,10.325430,9.444520,69045.125458,69021,69070,69010
2026-03-26 16:33:00,2536,9.456720,0.003729,4.088290,5.368430,69050.005449,69051,69068,69021
2026-03-26 16:34:00,4422,14.323760,0.003239,4.097070,10.226690,69006.582632,68980,69057,68973
2026-03-26 16:35:00,4808,21.204810,0.004410,6.978360,14.226450,68956.660484,68951,68980,68937
2026-03-26 16:36:00,5844,12.857940,0.002200,9.216000,3.641940,68951.261842,68989,68989,68931
2026-03-26 16:37:00,4352,11.269130,0.002589,2.029310,9.239820,68964.084527,68938,68989,68934
2026-03-26 16:38:00,5638,18.506420,0.003282,8.527180,9.979240,68931.601810,68914,68956,68910
2026-03-26 16:39:00,6000,19.438700,0.003240,8.387520,11.051180,68923.649755,68916,68950,68902
2026-03-26 16:40:00,2927,10.488050,0.003583,4.310150,6.177900,68924.424756,68976,68976,68903
2026-03-26 16:41:00,5600,16.226520,0.002898,8.085780,8.140740,69019.323399,69024,69054,68966
2026-03-26 16:42:00,5803,13.281260,0.002289,2.258000,11.023260,68973.559940,68945,69024,68931
2026-03-26 16:43:00,2318,9.815110,0.004234,4.443770,5.371340,68936.206216,68951,68951,68920
2026-03-26 16:44:00,2389,5.949990,0.002491,2.501700,3.448290,68958.642498,68941,68981,68941
2026-03-26 16:45:00,2690,11.201710,0.004164,7.761660,3.440050,68960.983148,68989,68990,68937
2026-03-26 16:46:00,4658,16.543390,0.003552,10.195830,6.347560,69020.580340,69002,69050,68989
2026-03-26 16:47:00,8758,28.568080,0.003262,18.814980,9.753100,69061.209896,69115,69120,68984
2026-03-26 16:48:00,8775,29.329510,0.003342,14.546090,14.783420,69109.275947,69100,69168,69044
2026-03-26 16:49:00,4004,8.917550,0.002227,3.635420,5.282130,69090.054804,69084,69110,69076
2026-03-26 16:50:00,2627,67.430890,0.025668,59.217170,8.213720,69077.788054,69100,69105,69066
2026-03-26 16:51:00,2302,9.029520,0.003922,2.870320,6.159200,69086.168666,69085,69102,69068
2026-03-26 16:52:00,1412,6.327490,0.004481,2.947320,3.380170,69089.838383,69101,69101,69080
2026-03-26 16:53:00,4892,22.796470,0.004660,17.246540,5.549930,69151.955169,69218,69218,69101
2026-03-26 16:54:00,3680,14.270860,0.003878,6.434320,7.836540,69206.416523,69212,69220,69189
2026-03-26 16:55:00,2362,19.259130,0.008154,3.737060,15.522070,69208.159339,69198,69220,69185
2026-03-26 16:56:00,3724,18.557540,0.004983,4.297130,14.260410,69159.038762,69166,69205,69131
2026-03-26 16:57:00,1986,12.067700,0.006076,2.802200,9.265500,69145.303570,69148,69166,69136
2026-03-26 16:58:00,3657,24.888840,0.006806,17.145620,7.743220,69141.982860,69125,69159,69125
2026-03-26 16:59:00,4300,16.461210,0.003828,2.761850,13.699360,69082.491874,69066,69135,69054
2026-03-26 17:00:00,2036,12.749180,0.006262,4.221190,8.527990,69081.072304,69083,69089,69065
2026-03-26 17:01:00,5028,17.230450,0.003427,8.435230,8.795220,69030.250617,69024,69083,69005
2026-03-26 17:02:00,3950,12.347100,0.003126,2.775600,9.571500,69018.692419,69025,69036,68997
2026-03-26 17:03:00,3420,8.640650,0.002527,4.581770,4.058880,69054.423427,69047,69078,69025
2026-03-26 17:04:00,5783,60.973000,0.010543,29.186640,31.786360,69011.684349,68953,69047,68950
2026-03-26 17:05:00,3420,14.485950,0.004236,6.175110,8.310840,68990.635119,68997,69015,68953
2026-03-26 17:06:00,2260,5.972560,0.002643,2.510360,3.462200,68998.732084,69005,69013,68987
2026-03-26 17:07:00,2763,8.845910,0.003202,4.616350,4.229560,69008.966505,69017,69034,68996
2026-03-26 17:08:00,2816,17.785820,0.006316,4.385100,13.400720,69042.498238,69037,69067,69017
2026-03-26 17:09:00,3375,9.042280,0.002679,3.851490,5.190790,69037.706573,69010,69049,69010
2026-03-26 17:10:00,2064,18.633540,0.009028,3.036530,15.597010,69001.748883,69005,69024,68988
2026-03-26 17:11:00,4362,11.342320,0.002600,4.976900,6.365420,68990.314715,68980,69026,68962
2026-03-26 17:12:00,2698,11.024160,0.004086,4.425210,6.598950,68989.150076,68961,69012,68961
2026-03-26 17:13:00,2410,5.567730,0.002310,3.067670,2.500060,68990.229829,69009,69021,68961
2026-03-26 17:14:00,2494,13.847140,0.005552,6.589950,7.257190,68985.710163,68985,69009,68978
2026-03-26 17:15:00,3438,62.774290,0.018259,27.413220,35.361070,69007.404053,69023,69034,68985
2026-03-26 17:16:00,2678,10.435430,0.003897,3.712460,6.722970,68993.908395,68981,69023,68981
2026-03-26 17:17:00,6127,31.951240,0.005215,7.329330,24.621910,68911.321971,68896,68981,68880
2026-03-26 17:18:00,4742,28.019900,0.005909,14.509600,13.510300,68899.556001,68907,68922,68856
2026-03-26 17:19:00,5105,29.424120,0.005764,14.803710,14.620410,68970.955097,69008,69040,68894
2026-03-26 17:20:00,3504,117.953670,0.033663,103.754130,14.199540,69081.344222,69044,69143,69008
2026-03-26 17:21:00,3071,13.339030,0.004344,5.368900,7.970130,69036.345299,69027,69047,69010
2026-03-26 17:22:00,3028,10.790410,0.003564,2.632420,8.157990,69012.399175,68991,69035,68989
2026-03-26 17:23:00,4328,10.741020,0.002482,2.321540,8.419480,68966.293054,68947,68999,68932
2026-03-26 17:24:00,3123,9.857730,0.003156,5.274480,4.583250,68989.594007,69035,69035,68947
2026-03-26 17:25:00,3470,28.083810,0.008093,13.298500,14.785310,69036.111866,69037,69065,69019
2026-03-26 17:26:00,3594,11.785600,0.003279,2.812060,8.973540,69002.878190,68981,69037,68981
2026-03-26 17:27:00,4854,25.402930,0.005233,10.416240,14.986690,68954.951611,68933,68994,68932
2026-03-26 17:28:00,3895,23.418010,0.006012,13.316330,10.101680,68933.650022,68966,68966,68904
2026-03-26 17:29:00,3372,14.536790,0.004311,2.728880,11.807910,68934.709535,68885,68976,68885
2026-03-26 17:30:00,3128,18.578200,0.005939,7.400160,11.178040,68882.152224,68888,68901,68858
2026-03-26 17:31:00,4093,20.209910,0.004938,9.578790,10.631120,68898.457795,68893,68928,68865
2026-03-26 17:32:00,3182,15.209180,0.004780,5.457200,9.751980,68889.954730,68873,68914,68855
2026-03-26 17:33:00,3267,13.000680,0.003979,7.102980,5.897700,68862.421074,68891,68892,68830
2026-03-26 17:34:00,3800,21.723730,0.005717,12.554420,9.169310,68913.976040,68918,68937,68891
2026-03-26 17:35:00,3237,12.529920,0.003871,7.006920,5.523000,68933.734149,68966,68975,68904
2026-03-26 17:36:00,4311,11.990750,0.002781,3.588910,8.401840,68972.609645,68963,69002,68946
2026-03-26 17:37:00,3985,16.597780,0.004165,3.849270,12.748510,68912.587804,68921,68966,68875
2026-03-26 17:38:00,2876,7.395550,0.002571,3.272220,4.123330,68901.688666,68902,68921,68880
2026-03-26 17:39:00,2172,8.558830,0.003941,1.817800,6.741030,68878.201184,68868,68902,68868
2026-03-26 17:40:00,2270,13.053370,0.005750,3.805280,9.248090,68848.377227,68856,68873,68823
2026-03-26 17:41:00,2895,14.167020,0.004894,3.845170,10.321850,68845.057717,68846,68864,68829
2026-03-26 17:42:00,2668,7.280690,0.002729,2.876220,4.404470,68860.722763,68876,68893,68836
2026-03-26 17:43:00,2213,6.279070,0.002837,2.343190,3.935880,68876.575337,68876,68891,68851
2026-03-26 17:44:00,1038,3.501810,0.003374,1.234120,2.267690,68879.026161,68885,68885,68872
2026-03-26 17:45:00,2179,10.388210,0.004767,6.141440,4.246770,68914.488311,68918,68933,68885
2026-03-26 17:46:00,1945,7.634430,0.003925,1.868230,5.766200,68922.782485,68918,68938,68907
2026-03-26 17:47:00,2263,10.638100,0.004701,5.100290,5.537810,68882.548477,68855,68918,68855
2026-03-26 17:48:00,2439,4.075260,0.001671,3.606110,0.469150,68883.672908,68921,68921,68855
2026-03-26 17:49:00,2585,7.110980,0.002751,4.085110,3.025870,68936.612200,68922,68959,68921
2026-03-26 17:50:00,2364,7.530690,0.003186,3.301560,4.229130,68896.083958,68909,68922,68887
2026-03-26 17:51:00,2205,5.601010,0.002540,1.252540,4.348470,68894.613880,68877,68911,68877
2026-03-26 17:52:00,2503,3.981690,0.001591,2.135480,1.846210,68897.687018,68888,68922,68870
2026-03-26 17:53:00,1781,8.479900,0.004761,3.623610,4.856290,68908.184363,68909,68916,68888
2026-03-26 17:54:00,2829,8.656800,0.003060,3.925280,4.731520,68949.769608,68957,68980,68909
2026-03-26 17:55:00,1934,4.494840,0.002324,2.373680,2.121160,68954.084563,68967,68967,68939
2026-03-26 17:56:00,2282,10.703340,0.004690,5.516710,5.186630,68956.943560,68959,68975,68951
2026-03-26 17:57:00,2023,4.868900,0.002407,3.540300,1.328600,68953.101339,68970,68976,68946
2026-03-26 17:58:00,1608,5.613880,0.003491,1.307390,4.306490,68951.655832,68938,68970,68938
2026-03-26 17:59:00,1227,4.123710,0.003361,1.554250,2.569460,68929.090990,68927,68938,68923
2026-03-26 18:00:00,1637,11.271680,0.006886,2.855300,8.416380,68920.375290,68933,68938,68912
2026-03-26 18:01:00,2768,10.753800,0.003885,5.440310,5.313490,68921.612966,68954,68954,68904
2026-03-26 18:02:00,2489,9.031160,0.003628,5.734030,3.297130,68977.894588,68998,69008,68954
2026-03-26 18:03:00,3524,11.797670,0.003348,5.790480,6.007190,68969.970339,68980,68998,68957
2026-03-26 18:04:00,4056,14.824350,0.003655,7.355400,7.468950,69013.576052,69009,69037,68980
2026-03-26 18:05:00,1880,7.563300,0.004023,3.099650,4.463650,69009.167306,69008,69028,69002
2026-03-26 18:06:00,2793,11.918380,0.004267,4.997570,6.920810,69023.276138,69031,69048,69007
2026-03-26 18:07:00,3837,13.491140,0.003516,4.576550,8.914590,68993.739654,68965,69031,68961
2026-03-26 18:08:00,1239,5.722260,0.004618,1.683220,4.039040,68968.434588,68969,68984,68960
2026-03-26 18:09:00,1337,5.270210,0.003942,2.589410,2.680800,68975.220483,68981,68992,68965
2026-03-26 18:10:00,883,4.118210,0.004664,2.157150,1.961060,68993.496007,69007,69007,68981
2026-03-26 18:11:00,3653,11.578620,0.003170,5.811000,5.767620,68934.558249,68936,69007,68922
2026-03-26 18:12:00,859,6.678110,0.007774,3.253230,3.424880,68932.819362,68940,68940,68928
2026-03-26 18:13:00,2245,6.439730,0.002868,3.393170,3.046560,68968.016459,68963,68988,68940
2026-03-26 18:14:00,1222,2.155630,0.001764,0.995400,1.160230,68958.723029,68952,68972,68952
2026-03-26 18:15:00,1627,6.949010,0.004271,1.657400,5.291610,68937.985927,68922,68964,68922
2026-03-26 18:16:00,1585,7.266270,0.004584,2.007270,5.259000,68935.648308,68947,68947,68912
2026-03-26 18:17:00,1947,6.253880,0.003212,4.361700,1.892180,68964.103938,68984,68984,68947
2026-03-26 18:18:00,1527,4.074990,0.002669,1.317430,2.757560,68978.018119,68994,68994,68973
2026-03-26 18:19:00,2030,4.637300,0.002284,1.076940,3.560360,68987.564745,68962,69008,68962
2026-03-26 18:20:00,1417,8.229480,0.005808,2.361180,5.868300,68993.101021,69020,69020,68962
2026-03-26 18:21:00,2750,3.872370,0.001408,1.255570,2.616800,68996.724719,68976,69020,68967
2026-03-26 18:22:00,1680,4.594100,0.002735,1.728250,2.865850,68964.349023,68971,68986,68961
2026-03-26 18:23:00,1375,6.142040,0.004467,1.956040,4.186000,68998.372575,69004,69014,68971
2026-03-26 18:24:00,2076,9.271830,0.004466,5.704920,3.566910,69028.646775,69017,69050,69004
2026-03-26 18:25:00,2616,8.080340,0.003089,3.205170,4.875170,69012.493368,68994,69025,68994
2026-03-26 18:26:00,1689,5.739690,0.003398,2.764140,2.975550,68988.040578,68990,69002,68980
2026-03-26 18:27:00,813,2.579990,0.003173,2.102060,0.477930,68996.005897,69011,69016,68984
2026-03-26 18:28:00,782,4.756880,0.006083,2.969480,1.787400,69002.834161,69000,69011,69000
2026-03-26 18:29:00,802,3.797720,0.004735,3.654550,0.143170,69018.607342,69042,69042,69000
2026-03-26 18:30:00,1734,7.419260,0.004279,2.532000,4.887260,69073.293800,69083,69087,69042
2026-03-26 18:31:00,4108,24.909530,0.006064,14.634350,10.275180,69119.909714,69119,69146,69083
2026-03-26 18:32:00,1391,5.453200,0.003920,1.102980,4.350220,69108.876790,69094,69119,69094
2026-03-26 18:33:00,1417,4.999530,0.003528,4.538070,0.461460,69113.426837,69128,69133,69092
2026-03-26 18:34:00,1391,7.388840,0.005312,5.884500,1.504340,69139.964143,69157,69157,69120
2026-03-26 18:35:00,2539,9.161150,0.003608,3.265710,5.895440,69149.900052,69139,69162,69139
2026-03-26 18:36:00,2517,17.368940,0.006901,8.037250,9.331690,69142.575259,69117,69160,69113
2026-03-26 18:37:00,2557,9.887390,0.003867,3.431480,6.455910,69080.203736,69064,69123,69062
2026-03-26 18:38:00,1839,16.057860,0.008732,2.982460,13.075400,69035.302809,69044,69064,69026
2026-03-26 18:39:00,2272,12.435550,0.005473,2.534760,9.900790,69049.062706,69034,69063,69029
2026-03-26 18:40:00,1256,7.965040,0.006342,3.092340,4.872700,69021.779590,69011,69034,69011
2026-03-26 18:41:00,3840,16.929160,0.004409,3.862420,13.066740,68973.662532,68941,69011,68941
2026-03-26 18:42:00,2571,13.514280,0.005256,5.125160,8.389120,68947.279050,68945,68962,68931
2026-03-26 18:43:00,1981,10.774610,0.005439,9.127300,1.647310,68961.498924,68960,68982,68945
2026-03-26 18:44:00,1688,5.310600,0.003146,1.637840,3.672760,68955.519121,68943,68973,68943
2026-03-26 18:45:00,1334,7.459510,0.005592,3.186700,4.272810,68951.129437,68958,68964,68943
2026-03-26 18:46:00,2509,14.427800,0.005750,7.146880,7.280920,68949.304295,68952,68960,68941
2026-03-26 18:47:00,1467,7.796110,0.005314,6.105300,1.690810,68950.359239,68933,68957,68933
2026-03-26 18:48:00,3786,45.258850,0.011954,8.439110,36.819740,68899.136437,68879,68932,68864
2026-03-26 18:49:00,3437,29.407890,0.008556,9.375910,20.031980,68842.891059,68825,68897,68800
2026-03-26 18:50:00,8345,160.230440,0.019201,21.981830,138.248610,68710.691473,68714,68839,68649
2026-03-26 18:51:00,4266,24.091240,0.005647,12.744530,11.346710,68693.861059,68718,68718,68663
2026-03-26 18:52:00,3636,17.761210,0.004885,3.647710,14.113500,68673.237138,68658,68732,68650
2026-03-26 18:53:00,2952,21.028900,0.007124,15.210710,5.818190,68722.505216,68770,68770,68658
2026-03-26 18:54:00,1932,12.810180,0.006631,5.054230,7.755950,68771.633657,68767,68784,68760
2026-03-26 18:55:00,1613,10.060320,0.006237,2.673320,7.387000,68769.475883,68763,68788,68760
2026-03-26 18:56:00,2891,18.044480,0.006242,10.497720,7.546760,68756.200404,68736,68772,68736
2026-03-26 18:57:00,3664,33.010890,0.009010,8.553950,24.456940,68680.841058,68652,68736,68640
2026-03-26 18:58:00,19045,273.959450,0.014385,100.179850,173.779600,68495.021277,68578,68652,68378
2026-03-26 18:59:00,6825,49.529360,0.007257,27.062770,22.466590,68515.675944,68499,68576,68473
2026-03-26 19:00:00,5189,28.468710,0.005486,19.411340,9.057370,68469.571715,68487,68500,68434
2026-03-26 19:01:00,6866,34.034180,0.004957,19.955520,14.078660,68550.039074,68580,68588,68476
2026-03-26 19:02:00,3585,11.211730,0.003127,4.797520,6.414210,68567.286049,68540,68602,68540
2026-03-26 19:03:00,3844,8.795230,0.002288,5.556020,3.239210,68543.689004,68571,68584,68509
2026-03-26 19:04:00,6553,38.309370,0.005846,13.252510,25.056860,68469.009093,68386,68604,68386
2026-03-26 19:05:00,5200,24.426980,0.004697,10.762920,13.664060,68410.025272,68415,68459,68374
2026-03-26 19:06:00,10438,55.175510,0.005286,27.171210,28.004300,68393.918541,68481,68484,68314
2026-03-26 19:07:00,4308,12.582320,0.002921,5.902240,6.680080,68466.446462,68462,68490,68436
2026-03-26 19:08:00,1926,6.929430,0.003598,5.220780,1.708650,68485.636638,68487,68506,68462
2026-03-26 19:09:00,1565,6.592150,0.004212,3.155430,3.436720,68479.926709,68466,68497,68466
2026-03-26 19:10:00,3378,41.102590,0.012168,19.964730,21.137860,68509.200382,68482,68545,68466
2026-03-26 19:11:00,3808,16.405860,0.004308,3.823890,12.581970,68440.020980,68382,68482,68382
2026-03-26 19:12:00,2537,10.490000,0.004135,4.201770,6.288230,68398.263904,68420,68423,68374
2026-03-26 19:13:00,2579,20.699660,0.008026,6.020220,14.679440,68418.611171,68425,68459,68389
2026-03-26 19:14:00,2239,8.640100,0.003859,4.860950,3.779150,68421.470112,68435,68439,68412
2026-03-26 19:15:00,829,3.197480,0.003857,2.769640,0.427840,68454.207901,68459,68463,68435
2026-03-26 19:16:00,3540,12.117590,0.003423,3.392650,8.724940,68413.133594,68386,68459,68380
2026-03-26 19:17:00,3401,18.793860,0.005526,11.969500,6.824360,68393.970808,68419,68421,68372
2026-03-26 19:18:00,3680,16.491080,0.004481,3.448430,13.042650,68390.843074,68346,68430,68346
2026-03-26 19:19:00,5558,67.213400,0.012093,10.304620,56.908780,68324.391723,68337,68369,68299
2026-03-26 19:20:00,1735,11.967230,0.006898,4.839710,7.127520,68349.999565,68329,68359,68329
2026-03-26 19:21:00,12135,85.657280,0.007059,42.111580,43.545700,68255.544907,68256,68329,68196
2026-03-26 19:22:00,4657,24.212110,0.005199,13.288590,10.923520,68301.651596,68337,68337,68256
2026-03-26 19:23:00,3916,26.418430,0.006746,10.514810,15.903620,68314.366627,68330,68348,68293
2026-03-26 19:24:00,4125,39.692800,0.009622,18.074910,21.617890,68360.690806,68353,68405,68323
2026-03-26 19:25:00,3095,16.087350,0.005198,4.214630,11.872720,68330.803760,68317,68353,68314
2026-03-26 19:26:00,3127,10.522490,0.003365,4.219760,6.302730,68303.479084,68259,68326,68259
2026-03-26 19:27:00,7112,56.216780,0.007904,22.861180,33.355600,68224.601631,68187,68266,68181
2026-03-26 19:28:00,4582,41.943390,0.009154,16.103900,25.839490,68171.574480,68189,68196,68153
2026-03-26 19:29:00,3074,66.329820,0.021578,33.241180,33.088640,68192.047592,68184,68208,68173
2026-03-26 19:30:00,2738,18.764720,0.006853,8.956970,9.807750,68200.484944,68204,68225,68173
2026-03-26 19:31:00,5948,140.560820,0.023632,63.143100,77.417720,68237.387437,68260,68283,68184
2026-03-26 19:32:00,4809,37.982060,0.007898,28.806260,9.175800,68287.756196,68295,68329,68235
2026-03-26 19:33:00,2851,71.682120,0.025143,16.926790,54.755330,68287.523792,68248,68303,68246
2026-03-26 19:34:00,3641,56.054400,0.015395,38.432130,17.622270,68236.902445,68250,68250,68220
2026-03-26 19:35:00,1960,12.197760,0.006223,11.402880,0.794880,68244.941552,68264,68264,68227
2026-03-26 19:36:00,2872,11.680700,0.004067,8.230390,3.450310,68261.213450,68266,68278,68250
2026-03-26 19:37:00,2092,14.985910,0.007163,11.233490,3.752420,68273.864427,68286,68290,68266
2026-03-26 19:38:00,1480,7.222570,0.004880,4.848330,2.374240,68273.248098,68279,68286,68265
2026-03-26 19:39:00,3505,12.508260,0.003569,9.506300,3.001960,68313.919172,68324,68329,68279
2026-03-26 19:40:00,2338,10.988830,0.004700,9.054830,1.934000,68325.034590,68332,68338,68311
2026-03-26 19:41:00,3364,14.197020,0.004220,9.653600,4.543420,68333.749911,68331,68360,68314
2026-03-26 19:42:00,1500,5.358570,0.003572,3.232480,2.126090,68324.190101,68321,68335,68316
2026-03-26 19:43:00,2355,8.315770,0.003531,4.328070,3.987700,68307.772246,68313,68330,68294
2026-03-26 19:44:00,1446,6.127090,0.004237,3.936580,2.190510,68317.223228,68319,68332,68311
2026-03-26 19:45:00,1582,5.301530,0.003351,3.301910,1.999620,68333.071811,68337,68346,68319
2026-03-26 19:46:00,2619,8.465200,0.003232,4.396730,4.068470,68327.331957,68335,68350,68313
2026-03-26 19:47:00,2383,22.232470,0.009330,13.122410,9.110060,68365.188420,68362,68388,68335
2026-03-26 19:48:00,2695,11.600210,0.004304,7.930260,3.669950,68396.963391,68396,68417,68362
2026-03-26 19:49:00,2789,16.483570,0.005910,7.912540,8.571030,68404.499675,68396,68432,68389
2026-03-26 19:50:00,1032,5.041570,0.004885,2.791810,2.249760,68407.307684,68426,68426,68396
2026-03-26 19:51:00,2473,11.074320,0.004478,7.411870,3.662450,68407.765708,68412,68426,68391
2026-03-26 19:52:00,2917,15.508030,0.005316,10.001100,5.506930,68406.894347,68404,68424,68397
2026-03-26 19:53:00,1514,5.681280,0.003752,4.208620,1.472660,68408.443291,68430,68430,68389
2026-03-26 19:54:00,1670,8.520810,0.005102,6.347260,2.173550,68445.446871,68447,68456,68430
2026-03-26 19:55:00,1719,14.617970,0.008504,11.987190,2.630780,68464.762924,68469,68475,68447
2026-03-26 19:56:00,2663,12.294050,0.004617,8.592580,3.701470,68451.731355,68474,68474,68438
2026-03-26 19:57:00,1458,11.113070,0.007622,2.722280,8.390790,68452.501207,68452,68476,68442
2026-03-26 19:58:00,1158,7.751870,0.006694,5.877600,1.874270,68459.869850,68469,68469,68452
2026-03-26 19:59:00,999,6.875070,0.006882,2.960720,3.914350,68477.349265,68472,68485,68469
2026-03-26 20:00:00,2139,18.940340,0.008855,15.490390,3.449950,68492.371809,68497,68503,68472
2026-03-26 20:01:00,1789,12.145290,0.006789,7.021960,5.123330,68490.078903,68472,68506,68472
2026-03-26 20:02:00,2318,7.486610,0.003230,3.431030,4.055580,68476.075523,68466,68488,68460
2026-03-26 20:03:00,1291,5.764300,0.004465,2.358640,3.405660,68455.428109,68452,68466,68450
2026-03-26 20:04:00,2336,12.713880,0.005443,5.334840,7.379040,68418.901572,68411,68452,68396
2026-03-26 20:05:00,1928,7.106120,0.003686,6.806410,0.299710,68442.665597,68470,68470,68411
2026-03-26 20:06:00,1283,5.093030,0.003970,3.378720,1.714310,68454.288530,68448,68470,68446
2026-03-26 20:07:00,1033,3.829490,0.003707,2.517800,1.311690,68446.449730,68431,68452,68431
2026-03-26 20:08:00,967,3.324490,0.003438,3.004240,0.320250,68438.396281,68442,68453,68431
2026-03-26 20:09:00,2527,8.179610,0.003237,4.532790,3.646820,68419.819033,68438,68442,68408
2026-03-26 20:10:00,2949,9.013230,0.003056,6.261460,2.751770,68488.995530,68513,68520,68438
2026-03-26 20:11:00,1503,4.809660,0.003200,2.870260,1.939400,68496.354750,68482,68513,68482
2026-03-26 20:12:00,826,4.806240,0.005819,2.918650,1.887590,68477.628983,68468,68482,68468
2026-03-26 20:13:00,1535,4.707750,0.003067,3.715210,0.992540,68473.390112,68487,68489,68464
2026-03-26 20:14:00,2181,11.614380,0.005325,6.797760,4.816620,68441.955013,68451,68487,68427
2026-03-26 20:15:00,946,4.246790,0.004489,2.858300,1.388490,68458.741051,68457,68469,68451
2026-03-26 20:16:00,2817,11.970720,0.004249,9.516670,2.454050,68487.696187,68489,68520,68457
2026-03-26 20:17:00,1333,5.326770,0.003996,2.617020,2.709750,68478.820093,68451,68497,68451
2026-03-26 20:18:00,1550,5.345750,0.003449,5.247450,0.098300,68468.207583,68492,68492,68451
2026-03-26 20:19:00,470,3.581040,0.007619,2.094540,1.486500,68484.269511,68482,68492,68482
2026-03-26 20:20:00,1069,4.264830,0.003990,3.700750,0.564080,68497.045446,68510,68510,68482
2026-03-26 20:21:00,1890,8.698580,0.004602,3.699910,4.998670,68513.624751,68505,68530,68504
2026-03-26 20:22:00,1128,5.572010,0.004940,5.274090,0.297920,68514.451993,68530,68530,68504
2026-03-26 20:23:00,2145,14.612650,0.006812,10.849790,3.762860,68538.286689,68560,68560,68526
2026-03-26 20:24:00,2514,10.310740,0.004101,8.450070,1.860670,68564.771778,68565,68579,68557
2026-03-26 20:25:00,1339,8.027230,0.005995,4.709110,3.318120,68552.951129,68549,68565,68545
2026-03-26 20:26:00,3220,7.840470,0.002435,2.146420,5.694050,68504.839771,68459,68549,68459
2026-03-26 20:27:00,1399,7.015460,0.005015,4.145270,2.870190,68456.929663,68459,68468,68451
2026-03-26 20:28:00,1222,11.078820,0.009066,1.512260,9.566560,68442.515130,68430,68459,68430
2026-03-26 20:29:00,1626,7.587230,0.004666,2.877210,4.710020,68425.735897,68394,68438,68394
2026-03-26 20:30:00,2176,16.216660,0.007453,10.236860,5.979800,68402.028509,68436,68436,68386
2026-03-26 20:31:00,2655,14.388980,0.005420,6.820280,7.568700,68431.315758,68433,68460,68411
2026-03-26 20:32:00,2378,9.690950,0.004075,5.305120,4.385830,68377.436324,68378,68433,68359
2026-03-26 20:33:00,1245,6.426150,0.005162,2.321490,4.104660,68377.541905,68383,68387,68373
2026-03-26 20:34:00,2071,7.390400,0.003569,3.577280,3.813120,68370.456692,68389,68389,68362
2026-03-26 20:35:00,1800,5.189440,0.002883,4.127750,1.061690,68417.817357,68427,68431,68389
2026-03-26 20:36:00,2141,6.096220,0.002847,4.884570,1.211650,68439.308207,68467,68467,68421
2026-03-26 20:37:00,3847,8.545350,0.002221,6.494360,2.050990,68514.455136,68561,68564,68467
2026-03-26 20:38:00,2842,8.055650,0.002835,5.626720,2.428930,68578.830549,68585,68598,68546
2026-03-26 20:39:00,2107,4.844810,0.002299,2.360570,2.484240,68584.642020,68586,68600,68572
2026-03-26 20:40:00,4391,28.421260,0.006473,15.862310,12.558950,68628.555895,68612,68654,68586
2026-03-26 20:41:00,3011,12.251360,0.004069,9.738200,2.513160,68645.337746,68655,68659,68612
2026-03-26 20:42:00,1858,6.956360,0.003744,3.542430,3.413930,68654.559860,68667,68667,68650
2026-03-26 20:43:00,1766,9.535240,0.005399,3.544540,5.990700,68658.224611,68639,68677,68639
2026-03-26 20:44:00,1781,5.135310,0.002883,3.654930,1.480380,68655.216853,68642,68670,68639
2026-03-26 20:45:00,1340,12.255840,0.009146,2.379470,9.876370,68630.750300,68633,68642,68625
2026-03-26 20:46:00,1101,10.888000,0.009889,5.163660,5.724340,68628.099494,68623,68640,68623
2026-03-26 20:47:00,3024,16.302890,0.005391,6.464270,9.838620,68618.346526,68603,68643,68595
2026-03-26 20:48:00,2522,19.619010,0.007779,15.851740,3.767270,68642.855102,68670,68682,68603
2026-03-26 20:49:00,1573,7.466790,0.004747,4.791860,2.674930,68670.875355,68658,68681,68658
2026-03-26 20:50:00,1588,6.101600,0.003842,3.892000,2.209600,68666.867133,68660,68677,68658
2026-03-26 20:51:00,3793,9.711130,0.002560,5.741470,3.969660,68650.016795,68637,68677,68628
2026-03-26 20:52:00,2223,8.518740,0.003832,5.297160,3.221580,68624.883456,68617,68656,68616
2026-03-26 20:53:00,480,1.776020,0.003700,1.559280,0.216740,68619.811061,68623,68623,68617
2026-03-26 20:54:00,2806,9.593740,0.003419,4.307310,5.286430,68599.258371,68567,68623,68567
2026-03-26 20:55:00,1804,4.955250,0.002747,4.617670,0.337580,68584.407973,68604,68604,68564
2026-03-26 20:56:00,2153,8.840080,0.004106,7.518050,1.322030,68611.825081,68622,68629,68600
2026-03-26 20:57:00,825,10.483290,0.012707,9.014370,1.468920,68625.338105,68636,68636,68618
2026-03-26 20:58:00,930,4.471980,0.004809,2.853290,1.618690,68639.939650,68637,68649,68634
2026-03-26 20:59:00,455,3.190730,0.007013,1.539670,1.651060,68633.556724,68631,68637,68631
2026-03-26 21:00:00,6730,44.570530,0.006623,16.016910,28.553620,68568.394485,68534,68634,68494
2026-03-26 21:01:00,2372,10.062640,0.004242,6.677720,3.384920,68545.408953,68557,68561,68525
2026-03-26 21:02:00,730,2.562640,0.003510,1.356620,1.206020,68559.933695,68551,68564,68551
2026-03-26 21:03:00,1986,17.598440,0.008861,4.952250,12.646190,68523.174288,68520,68552,68504
2026-03-26 21:04:00,2197,12.092050,0.005504,3.834890,8.257160,68484.565034,68453,68525,68437
2026-03-26 21:05:00,1331,6.403910,0.004811,5.446290,0.957620,68462.290242,68473,68473,68453
2026-03-26 21:06:00,2013,8.024200,0.003986,6.875250,1.148950,68461.672182,68479,68479,68452
2026-03-26 21:07:00,1741,7.161110,0.004113,4.892680,2.268430,68454.871034,68463,68479,68446
2026-03-26 21:08:00,1179,4.543560,0.003854,3.149100,1.394460,68472.939330,68483,68483,68463
2026-03-26 21:09:00,1081,3.334640,0.003085,0.906640,2.428000,68478.406511,68458,68483,68458
2026-03-26 21:10:00,2218,8.046690,0.003628,5.883440,2.163250,68496.593875,68521,68525,68458
2026-03-26 21:11:00,1522,7.687000,0.005051,5.814430,1.872570,68536.719950,68539,68546,68521
2026-03-26 21:12:00,21943,401.121340,0.018280,243.525410,157.595930,69054.624224,69338,69340,68539
2026-03-26 21:13:00,31651,191.496210,0.006050,85.679610,105.816600,69273.013221,69128,69478,69087
2026-03-26 21:14:00,14139,68.193110,0.004823,43.157790,25.035320,69202.058419,69317,69322,69056
2026-03-26 21:15:00,7869,27.654810,0.003514,14.413890,13.240920,69264.785351,69202,69340,69157
2026-03-26 21:16:00,9775,49.467840,0.005061,23.235360,26.232480,69185.346428,69180,69282,69116
2026-03-26 21:17:00,9800,142.140110,0.014504,120.969820,21.170290,69256.688971,69231,69346,69159
2026-03-26 21:18:00,5783,28.529650,0.004933,14.079880,14.449770,69238.342277,69195,69276,69195
2026-03-26 21:19:00,6188,25.365000,0.004099,14.530460,10.834540,69173.049593,69208,69208,69146
2026-03-26 21:20:00,5129,22.143650,0.004317,10.812010,11.331640,69210.910255,69165,69249,69158
2026-03-26 21:21:00,7873,59.084670,0.007505,40.496870,18.587800,69150.802248,69109,69245,69074
2026-03-26 21:22:00,4204,26.302920,0.006257,16.839790,9.463130,69116.446003,69127,69176,69087
2026-03-26 21:23:00,3849,15.543800,0.004038,11.768180,3.775620,69167.365978,69183,69192,69127
2026-03-26 21:24:00,5614,29.073430,0.005179,22.988180,6.085250,69267.308629,69335,69346,69183
2026-03-26 21:25:00,4093,28.276740,0.006909,12.211080,16.065660,69284.257650,69285,69335,69258
2026-03-26 21:26:00,3847,15.252070,0.003965,4.756950,10.495120,69234.403781,69204,69285,69183
2026-03-26 21:27:00,4872,35.524660,0.007292,14.172050,21.352610,69162.579022,69166,69204,69112
2026-03-26 21:28:00,1915,7.640900,0.003990,5.237660,2.403240,69178.998752,69167,69192,69166
2026-03-26 21:29:00,1711,7.932670,0.004636,3.603790,4.328880,69147.025447,69123,69169,69123
2026-03-26 21:30:00,1449,15.415360,0.010639,13.416910,1.998450,69137.794372,69169,69169,69123
2026-03-26 21:31:00,3424,10.239010,0.002990,6.010270,4.228740,69196.240836,69225,69225,69166
2026-03-26 21:32:00,4365,18.829980,0.004314,8.936140,9.893840,69277.381101,69250,69306,69225
2026-03-26 21:33:00,2736,9.709130,0.003549,5.834060,3.875070,69233.061256,69248,69250,69217
2026-03-26 21:34:00,1584,5.011590,0.003164,3.029950,1.981640,69245.150696,69231,69250,69231
2026-03-26 21:35:00,3659,26.885360,0.007348,14.752840,12.132520,69189.331230,69165,69231,69165
2026-03-26 21:36:00,2021,13.994480,0.006925,10.214910,3.779570,69197.592213,69216,69216,69165
2026-03-26 21:37:00,1714,5.454240,0.003182,3.181260,2.272980,69218.943305,69216,69227,69203
2026-03-26 21:38:00,3067,17.119420,0.005582,11.229350,5.890070,69223.338741,69194,69260,69194
2026-03-26 21:39:00,1920,5.393970,0.002809,3.415910,1.978060,69203.709608,69215,69223,69188
2026-03-26 21:40:00,1597,4.638370,0.002904,2.441750,2.196620,69213.310769,69202,69228,69198
2026-03-26 21:41:00,2570,13.950900,0.005428,4.307950,9.642950,69184.544691,69162,69208,69162
2026-03-26 21:42:00,3192,10.872930,0.003406,5.002950,5.869980,69107.168909,69097,69162,69083
2026-03-26 21:43:00,1790,13.369210,0.007469,8.321660,5.047550,69125.481874,69153,69159,69097
2026-03-26 21:44:00,988,4.887930,0.004947,2.267520,2.620410,69164.756731,69175,69184,69153
2026-03-26 21:45:00,933,3.678450,0.003943,0.781000,2.897450,69161.317948,69159,69175,69149
2026-03-26 21:46:00,827,3.365810,0.004070,1.945260,1.420550,69171.840234,69153,69175,69153
2026-03-26 21:47:00,1867,4.373260,0.002342,1.932790,2.440470,69160.777337,69158,69175,69136
2026-03-26 21:48:00,1542,4.628470,0.003002,3.842170,0.786300,69181.657488,69195,69201,69155
2026-03-26 21:49:00,1346,3.747410,0.002784,2.324930,1.422480,69177.193268,69173,69195,69166
2026-03-26 21:50:00,1576,3.259530,0.002068,1.669720,1.589810,69142.165782,69145,69173,69125
2026-03-26 21:51:00,1509,6.298960,0.004174,2.787620,3.511340,69132.868755,69125,69145,69125
2026-03-26 21:52:00,337,3.509140,0.010413,0.756230,2.752910,69125.153847,69123,69125,69123
2026-03-26 21:53:00,2209,6.571270,0.002975,3.491280,3.079990,69091.201999,69082,69123,69074
2026-03-26 21:54:00,3737,18.737270,0.005014,1.570940,17.166330,69023.614663,68980,69084,68980
2026-03-26 21:55:00,3811,110.374740,0.028962,12.861470,97.513270,68923.168027,68986,68986,68865
2026-03-26 21:56:00,1663,10.251360,0.006164,3.889870,6.361490,68980.827485,68975,68995,68964
2026-03-26 21:57:00,1385,5.283960,0.003815,2.298530,2.985430,68970.163986,68957,68988,68951
2026-03-26 21:58:00,2802,10.640550,0.003797,6.773800,3.866750,68944.034230,68959,68959,68930
2026-03-26 21:59:00,2452,55.238820,0.022528,15.260670,39.978150,68997.966116,69018,69018,68959
2026-03-26 22:00:00,1974,13.661180,0.006921,10.822040,2.839140,69018.226432,69005,69033,69000
2026-03-26 22:01:00,3099,62.762870,0.020253,7.050690,55.712180,68991.649422,68956,69005,68932
2026-03-26 22:02:00,1970,4.471170,0.002270,3.455590,1.015580,68945.991194,68951,68967,68939
2026-03-26 22:03:00,1113,2.811660,0.002526,1.445150,1.366510,68944.222765,68942,68951,68939
2026-03-26 22:04:00,1290,5.176690,0.004013,2.308910,2.867780,68937.970061,68922,68954,68920
2026-03-26 22:05:00,1780,7.492710,0.004209,5.468030,2.024680,68904.467605,68929,68929,68891
2026-03-26 22:06:00,1358,5.683750,0.004185,2.789230,2.894520,68915.777530,68924,68929,68903
2026-03-26 22:07:00,1455,7.063500,0.004855,4.683570,2.379930,68928.233497,68951,68951,68923
2026-03-26 22:08:00,707,2.634700,0.003727,0.654710,1.979990,68941.725686,68931,68951,68931
2026-03-26 22:09:00,637,2.564980,0.004027,0.803610,1.761370,68916.726997,68910,68931,68910
2026-03-26 22:10:00,723,12.177590,0.016843,5.223810,6.953780,68910.845253,68913,68913,68908
2026-03-26 22:11:00,652,5.936660,0.009105,1.288040,4.648620,68911.451160,68898,68913,68898
2026-03-26 22:12:00,1006,11.222880,0.011156,4.028610,7.194270,68896.722132,68881,68912,68881
2026-03-26 22:13:00,1196,5.566290,0.004654,4.497690,1.068600,68902.426279,68922,68932,68881
2026-03-26 22:14:00,2912,12.307970,0.004227,8.455950,3.852020,68980.920848,68984,69008,68922
2026-03-26 22:15:00,1892,26.333060,0.013918,8.608780,17.724280,68942.096875,68913,68990,68910
2026-03-26 22:16:00,1222,12.276900,0.010047,10.117400,2.159500,68924.245877,68949,68949,68913
2026-03-26 22:17:00,1350,4.550980,0.003371,0.626450,3.924530,68911.567688,68879,68949,68879
2026-03-26 22:18:00,1602,5.864170,0.003661,5.546980,0.317190,68906.687898,68953,68953,68879
2026-03-26 22:19:00,1616,8.316810,0.005147,5.432000,2.884810,68953.202139,68952,68969,68944
2026-03-26 22:20:00,1228,6.326020,0.005151,4.635610,1.690410,68958.555405,68969,68969,68941
2026-03-26 22:21:00,1963,21.449330,0.010927,16.212620,5.236710,69010.824558,69034,69055,68965
2026-03-26 22:22:00,1476,4.333050,0.002936,3.095190,1.237860,69039.984272,69047,69058,69025
2026-03-26 22:23:00,1668,5.981420,0.003586,5.074540,0.906880,69065.131033,69092,69092,69047
2026-03-26 22:24:00,4310,43.446880,0.010080,31.823580,11.623300,69135.495459,69181,69205,69070
2026-03-26 22:25:00,1594,8.045130,0.005047,4.253170,3.791960,69147.116490,69147,69181,69129
2026-03-26 22:26:00,2179,14.663690,0.006730,5.804530,8.859160,69105.840018,69084,69147,69082
2026-03-26 22:27:00,3339,31.796450,0.009523,11.791030,20.005420,69045.887347,69053,69103,68992
2026-03-26 22:28:00,567,3.291540,0.005805,3.115150,0.176390,69055.884452,69063,69063,69053
2026-03-26 22:29:00,838,3.923870,0.004682,2.764390,1.159480,69066.622190,69085,69085,69059
2026-03-26 22:30:00,494,2.982630,0.006038,2.601480,0.381150,69087.705738,69092,69097,69083
2026-03-26 22:31:00,1298,4.318900,0.003327,3.990230,0.328670,69105.231316,69131,69131,69092
2026-03-26 22:32:00,422,3.713630,0.008800,1.320360,2.393270,69127.008726,69114,69131,69112
2026-03-26 22:33:00,2818,33.210790,0.011785,11.709900,21.500890,69063.682557,69031,69123,69006
2026-03-26 22:34:00,747,3.416830,0.004574,2.507040,0.909790,69027.576088,69025,69036,69018
2026-03-26 22:35:00,762,2.707250,0.003553,2.553160,0.154090,69044.506513,69060,69060,69025
2026-03-26 22:36:00,868,5.078620,0.005851,2.598170,2.480450,69069.939354,69080,69080,69060
2026-03-26 22:37:00,329,1.217230,0.003700,0.674420,0.542810,69073.206841,69065,69080,69065
2026-03-26 22:38:00,1375,13.783980,0.010025,3.075260,10.708720,69024.030098,69019,69065,69002
2026-03-26 22:39:00,519,2.785850,0.005368,2.088020,0.697830,69025.502242,69029,69029,69019
2026-03-26 22:40:00,960,8.049620,0.008385,3.442930,4.606690,69002.412258,68995,69029,68985
2026-03-26 22:41:00,717,4.450560,0.006207,2.475480,1.975080,69015.982053,69016,69024,68995
2026-03-26 22:42:00,1418,6.438440,0.004541,4.553740,1.884700,69048.754608,69078,69079,69016
2026-03-26 22:43:00,2445,16.811850,0.006876,7.064730,9.747120,69013.769649,69035,69078,68983
2026-03-26 22:44:00,2011,9.036220,0.004493,4.277180,4.759040,69000.671122,68975,69035,68968
2026-03-26 22:45:00,1275,4.670800,0.003663,3.611350,1.059450,68999.739657,69021,69021,68975
2026-03-26 22:46:00,897,2.839560,0.003166,0.601170,2.238390,69005.981913,68980,69021,68980
2026-03-26 22:47:00,1257,5.940850,0.004726,3.643800,2.297050,68982.321382,68990,69000,68970
2026-03-26 22:48:00,1622,4.983520,0.003072,2.607100,2.376420,69002.776493,69008,69022,68990
2026-03-26 22:49:00,2222,9.161060,0.004123,6.094620,3.066440,69004.857302,68994,69024,68990
2026-03-26 22:50:00,1980,4.820470,0.002435,2.399390,2.421080,69012.593893,69008,69030,68994
2026-03-26 22:51:00,976,18.148910,0.018595,3.972040,14.176870,68992.481633,68990,69008,68990
2026-03-26 22:52:00,1862,18.290670,0.009823,4.531510,13.759160,68966.662706,68940,68990,68939
2026-03-26 22:53:00,1197,2.171510,0.001814,1.175440,0.996070,68942.979475,68933,68955,68932
2026-03-26 22:54:00,2250,22.347430,0.009932,15.122110,7.225320,68936.468833,68915,68955,68915
2026-03-26 22:55:00,2533,5.821870,0.002298,4.385510,1.436360,68933.188822,68936,68959,68915
2026-03-26 22:56:00,694,2.954420,0.004257,2.777920,0.176500,68944.930438,68957,68957,68936
2026-03-26 22:57:00,764,3.555460,0.004654,1.601710,1.953750,68953.621354,68931,68957,68931
2026-03-26 22:58:00,1062,7.127980,0.006712,3.819700,3.308280,68918.748289,68912,68931,68912
2026-03-26 22:59:00,2310,6.240190,0.002701,5.825000,0.415190,68919.199143,68976,68976,68904
2026-03-26 23:00:00,2924,13.135770,0.004492,7.858560,5.277210,68942.738350,68921,68976,68921
2026-03-26 23:01:00,2524,5.993190,0.002374,3.358590,2.634600,68931.185496,68928,68959,68905
2026-03-26 23:02:00,1151,4.659010,0.004048,2.135450,2.523560,68908.153254,68918,68928,68900
2026-03-26 23:03:00,2643,6.990340,0.002645,3.817240,3.173100,68926.428048,68958,68958,68900
2026-03-26 23:04:00,2708,6.243760,0.002306,2.679180,3.564580,68958.879374,68975,68975,68942
2026-03-26 23:05:00,3074,11.545890,0.003756,8.552830,2.993060,68989.975283,68931,69016,68931
2026-03-26 23:06:00,2532,3.783360,0.001494,3.293890,0.489470,68937.268591,68985,68985,68918
2026-03-26 23:07:00,2242,3.837820,0.001712,2.890570,0.947250,69014.064034,69010,69029,68985
2026-03-26 23:08:00,3298,5.999690,0.001819,2.835810,3.163880,68976.034365,68963,69010,68933
2026-03-26 23:09:00,3519,5.179280,0.001472,2.056940,3.122340,68947.505471,68908,68989,68908
2026-03-26 23:10:00,3028,10.958970,0.003619,3.583710,7.375260,68889.598620,68896,68909,68863
2026-03-26 23:11:00,1945,7.125960,0.003664,3.588310,3.537650,68913.550728,68948,68948,68896
2026-03-26 23:12:00,1643,3.810230,0.002319,2.326050,1.484180,68960.554718,68965,68977,68948
2026-03-26 23:13:00,3057,8.520710,0.002787,7.349100,1.171610,68997.636170,69008,69021,68965
2026-03-26 23:14:00,3293,12.033880,0.003654,2.820250,9.213630,68943.346647,68943,69008,68897
2026-03-26 23:15:00,764,1.688570,0.002210,1.062160,0.626410,68945.049291,68956,68956,68939
2026-03-26 23:16:00,2084,4.585140,0.002200,3.124750,1.460390,68957.791666,68949,68978,68944
2026-03-26 23:17:00,1316,4.310780,0.003276,2.764830,1.545950,68940.327690,68958,68958,68931
2026-03-26 23:18:00,1908,4.210260,0.002207,2.196610,2.013650,68961.055865,68950,68970,68944
2026-03-26 23:19:00,1291,4.759480,0.003687,2.423600,2.335880,68942.922601,68943,68950,68931
2026-03-26 23:20:00,1543,5.076290,0.003290,3.677340,1.398950,68926.363747,68945,68945,68918
2026-03-26 23:21:00,1028,2.030030,0.001975,1.581090,0.448940,68927.142965,68928,68945,68921
2026-03-26 23:22:00,2209,2.937540,0.001330,1.562160,1.375380,68935.992438,68904,68956,68904
2026-03-26 23:23:00,1105,3.728090,0.003374,2.603710,1.124380,68924.921525,68933,68942,68901
2026-03-26 23:24:00,1407,3.990380,0.002836,2.352240,1.638140,68929.640115,68925,68938,68920
2026-03-26 23:25:00,7937,64.065500,0.008072,13.948540,50.116960,68763.733459,68764,68925,68675
2026-03-26 23:26:00,2100,11.283110,0.005373,5.879120,5.403990,68758.939904,68742,68779,68736
2026-03-26 23:27:00,6453,31.834800,0.004933,14.532550,17.302250,68668.380303,68653,68771,68603
2026-03-26 23:28:00,4913,23.371820,0.004757,19.990390,3.381430,68760.410041,68819,68833,68653
2026-03-26 23:29:00,3254,7.924250,0.002435,2.166520,5.757730,68824.975565,68785,68838,68785
2026-03-26 23:30:00,2909,17.386950,0.005977,4.200770,13.186180,68748.370565,68754,68791,68718
2026-03-26 23:31:00,3667,13.178680,0.003594,11.137710,2.040970,68752.959376,68786,68786,68708
2026-03-26 23:32:00,2567,6.742300,0.002627,3.919960,2.822340,68769.392524,68755,68794,68745
2026-03-26 23:33:00,1954,4.755430,0.002434,1.728950,3.026480,68756.052717,68732,68775,68732
2026-03-26 23:34:00,3129,7.718370,0.002467,4.745440,2.972930,68767.959449,68800,68800,68732
2026-03-26 23:35:00,2717,13.292080,0.004892,11.297890,1.994190,68818.317077,68829,68833,68800
2026-03-26 23:36:00,2369,4.314240,0.001821,2.350760,1.963480,68811.460504,68796,68829,68789
2026-03-26 23:37:00,1800,5.888700,0.003271,1.302460,4.586240,68796.555788,68794,68810,68784
2026-03-26 23:38:00,1888,7.245000,0.003837,6.186760,1.058240,68797.854265,68815,68818,68789
2026-03-26 23:39:00,1219,13.678270,0.011221,6.196860,7.481410,68798.337842,68794,68815,68784
2026-03-26 23:40:00,1223,9.555520,0.007813,1.780580,7.774940,68793.393652,68792,68797,68784
2026-03-26 23:41:00,1065,6.328840,0.005943,1.217590,5.111250,68792.157431,68794,68800,68788
2026-03-26 23:42:00,1243,3.933910,0.003165,2.083120,1.850790,68798.073641,68788,68814,68788
2026-03-26 23:43:00,1806,3.014670,0.001669,2.212810,0.801860,68784.427287,68773,68804,68769
2026-03-26 23:44:00,1503,5.191470,0.003454,2.391890,2.799580,68791.554070,68811,68820,68773
2026-03-26 23:45:00,1111,2.506730,0.002256,1.261590,1.245140,68805.717190,68796,68818,68796
2026-03-26 23:46:00,1405,7.268900,0.005174,3.082810,4.186090,68807.186896,68821,68824,68794
2026-03-26 23:47:00,850,1.312150,0.001544,0.845200,0.466950,68812.047307,68807,68821,68807
2026-03-26 23:48:00,1914,3.476020,0.001816,1.812950,1.663070,68788.394993,68806,68807,68778
2026-03-26 23:49:00,968,4.900760,0.005063,1.361220,3.539540,68793.758360,68804,68806,68784
2026-03-26 23:50:00,655,2.008630,0.003067,1.458780,0.549850,68811.104372,68822,68822,68804
2026-03-26 23:51:00,2683,22.094590,0.008235,8.725730,13.368860,68821.084649,68793,68855,68785
2026-03-26 23:52:00,1642,5.117880,0.003117,3.124260,1.993620,68795.813825,68824,68824,68770
2026-03-26 23:53:00,1472,3.506590,0.002382,1.985170,1.521420,68827.512305,68832,68846,68812
2026-03-26 23:54:00,531,1.379290,0.002598,0.653550,0.725740,68825.733140,68819,68832,68819
2026-03-26 23:55:00,843,2.988920,0.003546,2.522620,0.466300,68829.516618,68854,68854,68819
2026-03-26 23:56:00,968,6.699760,0.006921,4.916060,1.783700,68836.904202,68834,68854,68831
2026-03-26 23:57:00,1954,4.046820,0.002071,3.615070,0.431750,68857.001455,68861,68884,68834
2026-03-26 23:58:00,1151,9.240470,0.008028,7.752760,1.487710,68850.596919,68872,68872,68845
2026-03-26 23:59:00,1078,10.556830,0.009793,3.741080,6.815750,68882.029958,68882,68885,68865
