Timestamp,Trades,TotalQty,AvgSize,BuyQty,SellQty,AvgPrice,ClosePrice,HiPrice,LowPrice
2026-07-08 00:00:00,772,2.133850,0.002764,1.099050,1.034800,63422.325923,63424,63429,63406
2026-07-08 00:01:00,7483,34.436840,0.004602,4.511540,29.925300,63336.045827,63263,63424,63260
2026-07-08 00:02:00,7002,24.469970,0.003495,7.857660,16.612310,63256.172158,63294,63318,63218
2026-07-08 00:03:00,4946,12.040560,0.002434,7.044420,4.996140,63318.720166,63371,63372,63279
2026-07-08 00:04:00,3638,16.131840,0.004434,2.272880,13.858960,63327.591029,63285,63372,63284
2026-07-08 00:05:00,4064,11.901200,0.002928,4.480060,7.421140,63305.862138,63328,63348,63253
2026-07-08 00:06:00,2608,5.402280,0.002071,2.987440,2.414840,63340.757471,63333,63362,63314
2026-07-08 00:07:00,740,3.151020,0.004258,2.516990,0.634030,63344.491088,63346,63350,63333
2026-07-08 00:08:00,1841,4.094160,0.002224,2.194960,1.899200,63363.724537,63390,63390,63338
2026-07-08 00:09:00,2352,10.360400,0.004405,7.429170,2.931230,63407.121875,63438,63438,63386
2026-07-08 00:10:00,2079,4.671290,0.002247,1.507840,3.163450,63422.266228,63402,63438,63402
2026-07-08 00:11:00,2608,9.529760,0.003654,4.764970,4.764790,63403.465650,63418,63426,63380
2026-07-08 00:12:00,720,1.655860,0.002300,0.764900,0.890960,63423.803453,63442,63442,63417
2026-07-08 00:13:00,1821,5.376280,0.002952,3.701880,1.674400,63447.845136,63458,63468,63438
2026-07-08 00:14:00,603,2.611790,0.004331,1.364110,1.247680,63449.426320,63454,63458,63447
2026-07-08 00:15:00,1001,2.936170,0.002933,0.515380,2.420790,63450.535966,63454,63454,63446
2026-07-08 00:16:00,979,1.813390,0.001852,0.635330,1.178060,63462.908345,63466,63466,63454
2026-07-08 00:17:00,1117,6.484490,0.005805,5.269520,1.214970,63462.686705,63460,63470,63458
2026-07-08 00:18:00,869,1.602930,0.001845,1.121990,0.480940,63471.830177,63488,63488,63460
2026-07-08 00:19:00,900,3.733990,0.004149,2.376240,1.357750,63496.726470,63506,63506,63488
2026-07-08 00:20:00,2055,3.935320,0.001915,0.342630,3.592690,63490.679865,63471,63506,63466
2026-07-08 00:21:00,931,1.481620,0.001591,0.949000,0.532620,63498.731641,63510,63510,63471
2026-07-08 00:22:00,1790,9.480140,0.005296,3.106090,6.374050,63499.650528,63507,63517,63488
2026-07-08 00:23:00,1769,8.092920,0.004575,4.105320,3.987600,63483.146816,63480,63507,63470
2026-07-08 00:24:00,2252,4.118070,0.001829,1.930100,2.187970,63463.178788,63475,63480,63450
2026-07-08 00:25:00,1910,3.617030,0.001894,0.129110,3.487920,63443.533604,63430,63475,63427
2026-07-08 00:26:00,1541,3.219130,0.002089,0.833560,2.385570,63420.773518,63434,63434,63410
2026-07-08 00:27:00,1981,4.685880,0.002365,0.158790,4.527090,63413.516332,63390,63434,63390
2026-07-08 00:28:00,753,1.968070,0.002614,1.173860,0.794210,63397.974081,63414,63414,63390
2026-07-08 00:29:00,1024,1.266850,0.001237,1.086700,0.180150,63429.476721,63448,63448,63414
2026-07-08 00:30:00,669,1.836250,0.002745,1.366500,0.469750,63447.622038,63458,63458,63444
2026-07-08 00:31:00,1536,2.400370,0.001563,0.145780,2.254590,63444.927456,63430,63458,63430
2026-07-08 00:32:00,652,0.971710,0.001490,0.239310,0.732400,63431.512407,63438,63440,63430
2026-07-08 00:33:00,1937,4.983970,0.002573,3.046480,1.937490,63464.774416,63503,63503,63438
2026-07-08 00:34:00,628,4.564220,0.007268,0.146780,4.417440,63503.428919,63498,63504,63496
2026-07-08 00:35:00,1626,6.471040,0.003980,6.332170,0.138870,63523.794916,63530,63530,63498
2026-07-08 00:36:00,3117,11.655940,0.003739,10.279900,1.376040,63572.494234,63606,63606,63530
2026-07-08 00:37:00,2902,13.981920,0.004818,7.395730,6.586190,63626.087265,63632,63640,63602
2026-07-08 00:38:00,3255,12.893990,0.003961,6.261370,6.632620,63637.999004,63622,63660,63622
2026-07-08 00:39:00,2178,7.465180,0.003428,4.000670,3.464510,63631.431282,63630,63648,63617
2026-07-08 00:40:00,780,0.957810,0.001228,0.072210,0.885600,63628.564837,63622,63632,63622
2026-07-08 00:41:00,345,0.512330,0.001485,0.121760,0.390570,63624.337139,63626,63626,63622
2026-07-08 00:42:00,269,1.206120,0.004484,0.374490,0.831630,63625.772748,63626,63626,63624
2026-07-08 00:43:00,2264,11.042500,0.004877,1.369070,9.673430,63619.933510,63614,63626,63596
2026-07-08 00:44:00,213,1.735710,0.008149,0.147980,1.587730,63613.990853,63614,63614,63614
2026-07-08 00:45:00,1223,3.350200,0.002739,1.039640,2.310560,63617.900181,63616,63623,63614
2026-07-08 00:46:00,2153,5.460130,0.002536,1.123840,4.336290,63604.458311,63586,63616,63572
2026-07-08 00:47:00,1162,1.882240,0.001620,0.113310,1.768930,63576.787334,63566,63586,63566
2026-07-08 00:48:00,895,1.527560,0.001707,0.337750,1.189810,63562.812813,63563,63566,63558
2026-07-08 00:49:00,1306,3.632340,0.002781,0.206170,3.426170,63544.716057,63541,63563,63541
2026-07-08 00:50:00,1728,6.344940,0.003672,0.973910,5.371030,63521.944917,63502,63542,63495
2026-07-08 00:51:00,1675,7.725550,0.004612,6.998780,0.726770,63523.051028,63542,63542,63502
2026-07-08 00:52:00,1414,3.935220,0.002783,2.997460,0.937760,63560.729996,63584,63584,63542
2026-07-08 00:53:00,1278,2.641640,0.002067,0.316810,2.324830,63577.942750,63576,63584,63572
2026-07-08 00:54:00,969,2.900850,0.002994,0.757330,2.143520,63566.547638,63570,63576,63557
2026-07-08 00:55:00,1550,5.031020,0.003246,0.124830,4.906190,63557.036380,63533,63570,63533
2026-07-08 00:56:00,960,2.470480,0.002573,0.669010,1.801470,63528.427202,63536,63536,63522
2026-07-08 00:56:59,221,0.909280,0.004114,0.343010,0.566270,63536.435397,63539,63539,63536
2026-07-08 00:58:00,631,1.073310,0.001701,0.159080,0.914230,63535.111675,63531,63539,63531
2026-07-08 00:59:00,1317,8.616310,0.006542,5.926990,2.689320,63544.484264,63551,63562,63531
2026-07-08 01:00:00,154,0.369090,0.002397,0.039890,0.329200,63551.021081,63551,63551,63551
2026-07-08 01:01:00,2425,5.882980,0.002426,1.833970,4.049010,63547.224706,63577,63580,63527
2026-07-08 01:02:00,1159,4.339250,0.003744,2.933730,1.405520,63580.368603,63585,63592,63566
2026-07-08 01:03:00,1273,2.901290,0.002279,1.451620,1.449670,63597.103715,63599,63608,63585
2026-07-08 01:04:00,2282,4.006490,0.001756,0.142540,3.863950,63581.780220,63560,63604,63555
2026-07-08 01:05:00,1093,3.421220,0.003130,2.948370,0.472850,63583.718061,63595,63598,63560
2026-07-08 01:06:00,1718,5.136000,0.002990,2.937500,2.198500,63590.407927,63609,63610,63578
2026-07-08 01:07:00,2146,13.545060,0.006312,8.627330,4.917730,63640.603478,63660,63660,63609
2026-07-08 01:08:00,1209,8.325010,0.006886,0.170350,8.154660,63648.692558,63642,63660,63642
2026-07-08 01:09:00,1283,2.755590,0.002148,1.648050,1.107540,63657.747686,63657,63667,63638
2026-07-08 01:10:00,987,3.384580,0.003429,1.348700,2.035880,63649.413649,63634,63657,63634
2026-07-08 01:11:00,1419,3.425410,0.002414,1.292000,2.133410,63637.204214,63644,63645,63618
2026-07-08 01:12:00,1447,4.395090,0.003037,1.942820,2.452270,63623.622656,63622,63645,63614
2026-07-08 01:13:00,1007,4.711610,0.004679,1.321760,3.389850,63629.882480,63616,63636,63616
2026-07-08 01:14:00,703,1.387320,0.001973,0.539400,0.847920,63623.635771,63631,63636,63616
2026-07-08 01:15:00,347,0.553520,0.001595,0.335230,0.218290,63633.286795,63638,63638,63631
2026-07-08 01:16:00,1025,2.329680,0.002273,0.950810,1.378870,63652.878197,63654,63658,63638
2026-07-08 01:17:00,1498,3.662390,0.002445,2.646770,1.015620,63664.952759,63685,63685,63648
2026-07-08 01:18:00,1033,7.264790,0.007033,6.297070,0.967720,63691.333972,63708,63708,63685
2026-07-08 01:19:00,1330,5.509510,0.004142,3.519840,1.989670,63700.112433,63695,63708,63695
2026-07-08 01:20:00,582,1.413360,0.002428,0.454990,0.958370,63696.010179,63708,63708,63695
2026-07-08 01:21:00,1199,3.896600,0.003250,0.105520,3.791080,63699.852281,63684,63708,63684
2026-07-08 01:22:00,1684,3.979300,0.002363,2.009380,1.969920,63662.322635,63648,63684,63648
2026-07-08 01:23:00,803,1.403210,0.001747,1.037330,0.365880,63659.994764,63674,63674,63648
2026-07-08 01:24:00,572,1.651350,0.002887,0.099260,1.552090,63669.547543,63667,63674,63667
2026-07-08 01:25:00,997,3.118700,0.003128,0.220210,2.898490,63663.959990,63652,63667,63652
2026-07-08 01:26:00,1622,6.253900,0.003856,2.153950,4.099950,63631.450567,63638,63652,63620
2026-07-08 01:27:00,860,1.639220,0.001906,0.301230,1.337990,63637.708060,63634,63643,63634
2026-07-08 01:28:00,1228,1.725190,0.001405,0.407440,1.317750,63632.859412,63640,63640,63623
2026-07-08 01:29:00,953,1.675410,0.001758,1.475690,0.199720,63648.179611,63659,63659,63640
2026-07-08 01:30:00,412,1.446160,0.003510,0.110490,1.335670,63656.280327,63650,63659,63650
2026-07-08 01:31:00,368,0.472940,0.001285,0.229120,0.243820,63657.403468,63659,63659,63650
2026-07-08 01:32:00,1255,2.447330,0.001950,0.115420,2.331910,63654.101426,63643,63659,63643
2026-07-08 01:33:00,2919,7.643730,0.002619,0.148530,7.495200,63593.815321,63562,63644,63562
2026-07-08 01:34:00,356,0.997740,0.002803,0.484000,0.513740,63568.524729,63570,63570,63562
2026-07-08 01:35:00,637,1.179620,0.001852,0.573720,0.605900,63580.609265,63581,63586,63570
2026-07-08 01:36:00,933,1.441630,0.001545,0.070720,1.370910,63573.950158,63566,63581,63566
2026-07-08 01:37:00,207,0.536920,0.002594,0.243100,0.293820,63566.004528,63566,63566,63566
2026-07-08 01:38:00,1046,2.293210,0.002192,1.445740,0.847470,63562.011254,63574,63574,63558
2026-07-08 01:39:00,1585,5.013580,0.003163,1.345810,3.667770,63569.105620,63553,63577,63553
2026-07-08 01:40:00,982,2.154880,0.002194,1.058900,1.095980,63546.304597,63552,63553,63541
2026-07-08 01:41:00,609,0.828090,0.001360,0.107610,0.720480,63551.170958,63546,63552,63546
2026-07-08 01:42:00,1327,14.780360,0.011138,10.202230,4.578130,63537.562669,63535,63546,63535
2026-07-08 01:43:00,1460,10.810660,0.007405,0.153200,10.657460,63524.672725,63511,63535,63511
2026-07-08 01:44:00,1351,4.061550,0.003006,0.623440,3.438110,63501.171394,63489,63513,63489
2026-07-08 01:45:00,1196,8.774390,0.007336,3.103470,5.670920,63472.713815,63446,63489,63444
2026-07-08 01:46:00,2525,6.036750,0.002391,1.944970,4.091780,63438.274486,63446,63450,63428
2026-07-08 01:47:00,1565,2.666750,0.001704,0.195170,2.471580,63434.079889,63430,63446,63430
2026-07-08 01:48:00,387,2.326950,0.006013,1.768420,0.558530,63433.059071,63436,63436,63430
2026-07-08 01:49:00,954,3.433350,0.003599,0.581650,2.851700,63422.192644,63417,63436,63414
2026-07-08 01:50:00,438,3.249080,0.007418,0.613290,2.635790,63417.733219,63422,63422,63417
2026-07-08 01:51:00,1789,4.015280,0.002244,1.587970,2.427310,63434.459038,63442,63446,63422
2026-07-08 01:52:00,945,3.330860,0.003525,1.543700,1.787160,63437.679971,63438,63442,63434
2026-07-08 01:53:00,1380,5.215440,0.003779,0.202450,5.012990,63431.907227,63414,63438,63414
2026-07-08 01:54:00,1948,10.350950,0.005314,5.638950,4.712000,63403.269584,63390,63414,63390
2026-07-08 01:55:00,346,1.141240,0.003298,0.148300,0.992940,63386.243312,63386,63390,63386
2026-07-08 01:56:00,2801,10.040290,0.003585,2.554060,7.486230,63372.466650,63361,63394,63358
2026-07-08 01:57:00,713,5.423450,0.007607,1.530650,3.892800,63364.418542,63365,63368,63361
2026-07-08 01:58:00,2051,17.523360,0.008544,7.375880,10.147480,63354.180947,63339,63366,63336
2026-07-08 01:59:00,1510,6.655610,0.004408,1.238780,5.416830,63337.767243,63324,63346,63324
2026-07-08 02:00:00,1707,5.259130,0.003081,4.135440,1.123690,63336.090330,63364,63364,63320
2026-07-08 02:01:00,4675,10.115440,0.002164,2.197730,7.917710,63351.058754,63307,63410,63307
2026-07-08 02:02:00,2960,10.837580,0.003661,8.117510,2.720070,63325.837680,63334,63344,63307
2026-07-08 02:03:00,1471,5.874350,0.003993,0.996560,4.877790,63327.195401,63336,63336,63322
2026-07-08 02:04:00,3601,16.505950,0.004584,13.360980,3.144970,63368.031490,63413,63418,63336
2026-07-08 02:05:00,2147,8.415100,0.003919,3.628110,4.786990,63419.823587,63426,63433,63412
2026-07-08 02:06:00,3216,9.040620,0.002811,5.257550,3.783070,63451.475202,63461,63470,63426
2026-07-08 02:07:00,1918,3.651500,0.001904,0.933340,2.718160,63456.433177,63445,63470,63444
2026-07-08 02:08:00,1360,3.658130,0.002690,0.237030,3.421100,63432.794081,63429,63444,63428
2026-07-08 02:09:00,1573,4.750400,0.003020,1.594940,3.155460,63444.292381,63432,63456,63429
2026-07-08 02:10:00,2201,3.002690,0.001364,2.123640,0.879050,63448.979401,63476,63476,63429
2026-07-08 02:11:00,3008,8.142230,0.002707,1.318450,6.823780,63470.698320,63440,63500,63440
2026-07-08 02:12:00,1185,1.645210,0.001388,1.274110,0.371100,63446.652878,63464,63464,63440
2026-07-08 02:13:00,742,1.315650,0.001773,0.650440,0.665210,63468.311717,63474,63474,63464
2026-07-08 02:14:00,2423,11.236810,0.004638,10.012250,1.224560,63499.869300,63500,63508,63474
2026-07-08 02:15:00,1315,3.879890,0.002950,1.510120,2.369770,63502.496795,63494,63510,63494
2026-07-08 02:16:00,2176,3.579790,0.001645,0.742260,2.837530,63503.139204,63487,63516,63484
2026-07-08 02:17:00,1893,2.192960,0.001158,0.979360,1.213600,63474.191944,63476,63487,63462
2026-07-08 02:18:00,3006,7.506590,0.002497,1.307830,6.198760,63449.504479,63447,63476,63420
2026-07-08 02:19:00,2191,3.975980,0.001815,1.471490,2.504490,63429.485225,63414,63447,63414
2026-07-08 02:20:00,2990,12.291190,0.004111,2.660710,9.630480,63431.628977,63460,63460,63414
2026-07-08 02:21:00,1429,2.222950,0.001556,1.664800,0.558150,63480.404192,63500,63500,63461
2026-07-08 02:22:00,3789,14.833200,0.003915,11.038940,3.794260,63511.333388,63554,63554,63476
2026-07-08 02:23:00,4500,13.931390,0.003096,9.340270,4.591120,63578.439033,63562,63603,63550
2026-07-08 02:24:00,2968,6.043930,0.002036,2.333060,3.710870,63565.121024,63582,63593,63539
2026-07-08 02:25:00,960,2.172630,0.002263,0.948660,1.223970,63591.787068,63596,63598,63581
2026-07-08 02:26:00,1951,9.288640,0.004761,6.506030,2.782610,63598.940491,63610,63610,63590
2026-07-08 02:27:00,4470,32.561060,0.007284,26.712580,5.848480,63667.148828,63680,63693,63610
2026-07-08 02:28:00,2865,11.532340,0.004025,3.983680,7.548660,63656.763505,63630,63680,63630
2026-07-08 02:29:00,880,4.170170,0.004739,1.535850,2.634320,63629.493449,63620,63634,63620
2026-07-08 02:30:00,2977,30.919420,0.010386,4.548380,26.371040,63588.291096,63606,63623,63550
2026-07-08 02:31:00,2377,5.656490,0.002380,3.614360,2.042130,63600.115293,63602,63614,63594
2026-07-08 02:32:00,2988,18.011500,0.006028,11.849890,6.161610,63612.627967,63635,63635,63600
2026-07-08 02:33:00,3637,5.757430,0.001583,1.038080,4.719350,63613.246358,63598,63635,63572
2026-07-08 02:34:00,1546,4.423760,0.002861,0.584720,3.839040,63594.125875,63582,63606,63582
2026-07-08 02:35:00,1864,2.205000,0.001183,0.804190,1.400810,63578.070373,63582,63588,63570
2026-07-08 02:36:00,1833,3.936450,0.002148,1.333230,2.603220,63571.540705,63558,63588,63554
2026-07-08 02:37:00,1568,4.459510,0.002844,3.534560,0.924950,63570.855691,63596,63596,63558
2026-07-08 02:38:00,2215,4.386560,0.001980,3.548020,0.838540,63612.447439,63639,63639,63596
2026-07-08 02:39:00,2288,5.226350,0.002284,2.047960,3.178390,63633.546619,63654,63654,63620
2026-07-08 02:40:00,1296,6.268560,0.004837,3.867270,2.401290,63667.895332,63682,63682,63654
2026-07-08 02:41:00,1531,8.017520,0.005237,3.042960,4.974560,63662.293640,63653,63682,63648
2026-07-08 02:42:00,599,1.241900,0.002073,0.581590,0.660310,63656.707593,63664,63664,63653
2026-07-08 02:43:00,2311,7.082170,0.003065,1.187640,5.894530,63658.000352,63668,63670,63644
2026-07-08 02:44:00,1166,5.415490,0.004645,5.271000,0.144490,63691.253894,63705,63705,63668
2026-07-08 02:45:00,3167,19.364270,0.006114,15.051920,4.312350,63736.385310,63712,63762,63705
2026-07-08 02:46:00,2184,5.010190,0.002294,1.012320,3.997870,63709.095055,63705,63714,63704
2026-07-08 02:47:00,1064,2.194810,0.002063,0.342680,1.852130,63685.938146,63676,63705,63676
2026-07-08 02:48:00,2486,5.876070,0.002364,1.953770,3.922300,63653.267623,63664,63676,63635
2026-07-08 02:49:00,3256,6.831890,0.002098,3.328570,3.503320,63649.591544,63642,63676,63632
2026-07-08 02:50:00,1763,8.639950,0.004901,0.436200,8.203750,63625.069892,63616,63642,63616
2026-07-08 02:51:00,640,23.934850,0.037398,23.586920,0.347930,63615.773665,63628,63628,63616
2026-07-08 02:52:00,1512,5.502290,0.003639,0.895170,4.607120,63637.723711,63631,63643,63628
2026-07-08 02:53:00,515,0.693540,0.001347,0.384780,0.308760,63637.196485,63640,63640,63631
2026-07-08 02:54:00,1021,5.421370,0.005310,1.811310,3.610060,63640.712809,63634,63648,63634
2026-07-08 02:55:00,2072,96.758990,0.046698,30.606140,66.152850,63621.306484,63610,63649,63610
2026-07-08 02:56:00,4183,107.574670,0.025717,98.936720,8.637950,63618.809334,63670,63674,63586
2026-07-08 02:57:00,2383,6.048430,0.002538,0.106340,5.942090,63644.055114,63607,63670,63607
2026-07-08 02:58:00,2913,12.919730,0.004435,7.529570,5.390160,63622.589486,63634,63650,63600
2026-07-08 02:59:00,1261,1.468860,0.001165,0.497890,0.970970,63620.716344,63616,63634,63610
2026-07-08 03:00:00,1187,6.975730,0.005877,1.655770,5.319960,63612.933747,63613,63616,63609
2026-07-08 03:01:00,2505,6.535960,0.002609,1.057620,5.478340,63601.032244,63596,63613,63582
2026-07-08 03:02:00,1042,1.667320,0.001600,0.625890,1.041430,63601.183433,63599,63608,63596
2026-07-08 03:03:00,2297,6.854330,0.002984,1.804330,5.050000,63569.308875,63570,63599,63558
2026-07-08 03:04:00,1483,2.820290,0.001902,1.387510,1.432780,63562.483236,63558,63570,63554
2026-07-08 03:05:00,2591,12.258200,0.004731,0.749490,11.508710,63563.165935,63527,63576,63527
2026-07-08 03:06:00,1524,3.440320,0.002257,0.300160,3.140160,63516.168003,63504,63533,63504
2026-07-08 03:07:00,1151,8.483600,0.007371,7.411520,1.072080,63505.137233,63507,63510,63501
2026-07-08 03:08:00,1498,4.675640,0.003121,0.210390,4.465250,63496.677463,63490,63507,63485
2026-07-08 03:09:00,2685,10.498440,0.003910,5.135160,5.363280,63500.281151,63498,63509,63474
2026-07-08 03:10:00,731,5.116010,0.006999,2.653970,2.462040,63500.391824,63509,63509,63495
2026-07-08 03:11:00,3099,26.547730,0.008567,21.148880,5.398850,63529.433540,63551,63570,63509
2026-07-08 03:12:00,347,1.434170,0.004133,0.751890,0.682280,63549.282246,63548,63551,63548
2026-07-08 03:13:00,944,1.956980,0.002073,1.004990,0.951990,63557.163598,63568,63568,63548
2026-07-08 03:14:00,2583,35.368820,0.013693,26.662750,8.706070,63598.156735,63645,63650,63568
2026-07-08 03:15:00,851,5.463200,0.006420,0.299270,5.163930,63640.467340,63635,63645,63635
2026-07-08 03:16:00,2485,10.272760,0.004134,0.101310,10.171450,63616.403406,63560,63635,63560
2026-07-08 03:17:00,1480,3.786510,0.002558,2.486120,1.300390,63568.914940,63561,63580,63560
2026-07-08 03:18:00,1447,3.832250,0.002648,0.625640,3.206610,63566.152072,63548,63572,63548
2026-07-08 03:19:00,704,1.037620,0.001474,0.115580,0.922040,63544.320783,63540,63548,63540
2026-07-08 03:20:00,784,1.116510,0.001424,0.257170,0.859340,63535.767019,63534,63540,63534
2026-07-08 03:21:00,1351,6.223210,0.004606,2.438250,3.784960,63530.336854,63540,63540,63526
2026-07-08 03:22:00,1741,5.541420,0.003183,4.918760,0.622660,63548.407835,63568,63568,63533
2026-07-08 03:23:00,1136,1.587210,0.001397,1.066500,0.520710,63582.127647,63587,63588,63568
2026-07-08 03:24:00,2391,10.545170,0.004410,2.673090,7.872080,63601.646970,63591,63623,63586
2026-07-08 03:25:00,1251,2.403970,0.001922,0.363790,2.040180,63588.392111,63582,63594,63582
2026-07-08 03:26:00,1956,3.615570,0.001848,0.450310,3.165260,63563.499897,63562,63584,63549
2026-07-08 03:27:00,725,1.532490,0.002114,1.261610,0.270880,63573.901173,63584,63584,63562
2026-07-08 03:28:00,1495,2.363910,0.001581,0.034910,2.329000,63569.959674,63537,63584,63537
2026-07-08 03:29:00,2576,9.805020,0.003806,0.851730,8.953290,63491.689743,63457,63537,63457
2026-07-08 03:30:00,1823,6.316500,0.003465,1.025090,5.291410,63448.127279,63437,63470,63437
2026-07-08 03:31:00,2836,7.134730,0.002516,1.693030,5.441700,63413.279973,63422,63437,63391
2026-07-08 03:32:00,1980,4.468740,0.002257,1.264000,3.204740,63441.318002,63440,63452,63422
2026-07-08 03:33:00,1931,4.663720,0.002415,1.686810,2.976910,63430.308484,63422,63444,63406
2026-07-08 03:34:00,2539,7.219720,0.002844,0.469790,6.749930,63387.035296,63358,63422,63358
2026-07-08 03:35:00,2356,8.805630,0.003738,2.704040,6.101590,63355.423959,63349,63368,63344
2026-07-08 03:36:00,2060,5.878750,0.002854,1.121760,4.756990,63343.943531,63330,63358,63330
2026-07-08 03:37:00,12864,117.842020,0.009161,33.527130,84.314890,63130.139746,63078,63330,63034
2026-07-08 03:38:00,10988,58.780450,0.005350,9.606760,49.173690,63004.154589,62924,63084,62922
2026-07-08 03:39:00,8618,61.835110,0.007175,23.883860,37.951250,62957.210118,62934,63002,62924
2026-07-08 03:40:00,4736,20.084790,0.004241,8.512410,11.572380,62953.779674,63012,63012,62922
2026-07-08 03:41:00,5922,16.427680,0.002774,7.721240,8.706440,63053.049692,63047,63088,63012
2026-07-08 03:42:00,5786,12.368300,0.002138,4.946750,7.421550,63067.746255,63036,63106,63020
2026-07-08 03:43:00,3352,10.603370,0.003163,4.744030,5.859340,63082.808059,63088,63099,63036
2026-07-08 03:44:00,1672,2.985910,0.001786,1.919470,1.066440,63094.223960,63090,63102,63088
2026-07-08 03:45:00,4219,10.803370,0.002561,7.164230,3.639140,63151.833942,63156,63182,63090
2026-07-08 03:46:00,4704,5.913600,0.001257,2.703280,3.210320,63159.254074,63184,63184,63140
2026-07-08 03:47:00,2286,9.150570,0.004003,3.901570,5.249000,63185.569149,63185,63196,63172
2026-07-08 03:48:00,2985,9.433940,0.003160,5.099730,4.334210,63167.788056,63196,63196,63144
2026-07-08 03:49:00,2945,7.502900,0.002548,1.370830,6.132070,63200.465738,63183,63216,63181
2026-07-08 03:50:00,2199,7.564830,0.003440,2.227370,5.337460,63183.029584,63199,63202,63166
2026-07-08 03:51:00,1614,2.915010,0.001806,0.411770,2.503240,63197.095076,63197,63206,63186
2026-07-08 03:52:00,3531,12.836540,0.003635,5.639700,7.196840,63177.821058,63157,63197,63151
2026-07-08 03:53:00,4184,20.289080,0.004849,17.800610,2.488470,63190.890816,63206,63207,63157
2026-07-08 03:54:00,1289,3.806610,0.002953,1.013970,2.792640,63194.858347,63183,63212,63183
2026-07-08 03:55:00,2487,7.075420,0.002845,0.849970,6.225450,63145.629513,63114,63183,63114
2026-07-08 03:56:00,4041,13.914150,0.003443,2.051780,11.862370,63065.112639,63032,63115,63030
2026-07-08 03:57:00,4121,14.617000,0.003547,1.672210,12.944790,63002.790954,62980,63036,62973
2026-07-08 03:58:00,3423,9.377860,0.002740,4.915480,4.462380,63033.464092,63058,63062,62972
2026-07-08 03:59:00,2049,4.486980,0.002190,1.263900,3.223080,63064.472849,63048,63075,63048
2026-07-08 04:00:00,2452,8.577780,0.003498,3.849400,4.728380,63041.264098,63038,63054,63026
2026-07-08 04:01:00,5713,21.796070,0.003815,3.197890,18.598180,62969.344631,62918,63038,62918
2026-07-08 04:02:00,4999,32.997210,0.006601,5.267840,27.729370,62907.492855,62909,62940,62895
2026-07-08 04:03:00,3425,16.746480,0.004889,3.562240,13.184240,62909.571187,62875,62934,62875
2026-07-08 04:04:00,4446,23.505040,0.005287,6.055300,17.449740,62871.456655,62872,62885,62854
2026-07-08 04:05:00,5392,38.952870,0.007224,26.107720,12.845150,62952.008340,62937,63009,62868
2026-07-08 04:06:00,3821,12.022220,0.003146,6.120300,5.901920,62939.045940,62920,62960,62917
2026-07-08 04:07:00,2025,6.349140,0.003135,2.811560,3.537580,62924.345747,62926,62934,62919
2026-07-08 04:08:00,2648,5.857850,0.002212,3.203600,2.654250,62950.395645,62976,62976,62926
2026-07-08 04:09:00,4228,14.602530,0.003454,6.109010,8.493520,62963.300175,62896,63004,62896
2026-07-08 04:10:00,4555,12.188590,0.002676,1.222020,10.966570,62851.640732,62818,62896,62818
2026-07-08 04:11:00,3193,9.324430,0.002920,5.878000,3.446430,62840.748912,62824,62864,62818
2026-07-08 04:12:00,2893,8.637600,0.002986,7.253140,1.384460,62862.575644,62878,62888,62824
2026-07-08 04:13:00,3683,21.895790,0.005945,6.187700,15.708090,62891.960451,62896,62915,62848
2026-07-08 04:14:00,3571,35.995030,0.010080,10.436790,25.558240,62920.232187,62904,62946,62882
2026-07-08 04:15:00,2180,5.629990,0.002583,2.351810,3.278180,62902.930998,62888,62914,62888
2026-07-08 04:16:00,2239,18.034010,0.008054,6.936430,11.097580,62893.443914,62897,62908,62882
2026-07-08 04:17:00,2337,16.920720,0.007240,0.632200,16.288520,62877.742047,62815,62897,62815
2026-07-08 04:18:00,4081,8.720150,0.002137,5.549820,3.170330,62852.750834,62906,62906,62814
2026-07-08 04:19:00,1800,3.754450,0.002086,1.009970,2.744480,62895.461664,62897,62910,62883
2026-07-08 04:20:00,2653,100.297120,0.037805,53.739260,46.557860,62888.717261,62870,62916,62870
2026-07-08 04:21:00,5049,92.326760,0.018286,45.907550,46.419210,62856.618045,62840,62895,62840
2026-07-08 04:22:00,5138,67.530470,0.013143,10.606680,56.923790,62842.109876,62834,62886,62814
2026-07-08 04:23:00,2827,12.133130,0.004292,5.457170,6.675960,62849.965399,62850,62865,62834
2026-07-08 04:24:00,3712,10.033890,0.002703,7.478030,2.555860,62896.933453,62922,62922,62850
2026-07-08 04:25:00,2785,7.022230,0.002521,4.915800,2.106430,62922.552346,62924,62936,62906
2026-07-08 04:26:00,1871,3.720610,0.001989,1.750900,1.969710,62934.268913,62934,62946,62922
2026-07-08 04:27:00,1548,5.026660,0.003247,1.742870,3.283790,62936.910023,62933,62946,62918
2026-07-08 04:28:00,3341,14.456570,0.004327,5.264490,9.192080,62958.131954,62940,62970,62920
2026-07-08 04:29:00,2414,7.971800,0.003302,5.399840,2.571960,62968.167537,62978,62988,62940
2026-07-08 04:30:00,2901,38.985430,0.013439,2.739070,36.246360,62925.019557,62888,62978,62888
2026-07-08 04:31:00,5798,58.094300,0.010020,50.355710,7.738590,62898.896992,62880,62920,62871
2026-07-08 04:32:00,4233,20.696790,0.004889,5.961000,14.735790,62843.452933,62827,62880,62827
2026-07-08 04:33:00,5728,36.900620,0.006442,5.314090,31.586530,62790.883494,62750,62827,62750
2026-07-08 04:34:00,4983,34.940090,0.007012,17.030130,17.909960,62747.989718,62748,62774,62732
2026-07-08 04:35:00,4408,45.284140,0.010273,8.526910,36.757230,62706.735944,62710,62748,62700
2026-07-08 04:36:00,4239,53.926150,0.012721,5.495890,48.430260,62668.384392,62656,62726,62645
2026-07-08 04:37:00,11914,56.518020,0.004744,21.423570,35.094450,62577.363189,62654,62656,62525
2026-07-08 04:38:00,6523,35.389980,0.005425,22.333040,13.056940,62697.602794,62781,62782,62654
2026-07-08 04:39:00,4198,19.803690,0.004717,6.473760,13.329930,62764.940991,62746,62790,62739
2026-07-08 04:40:00,3430,17.884380,0.005214,5.136370,12.748010,62736.760209,62750,62752,62722
2026-07-08 04:41:00,3393,12.440020,0.003666,10.799230,1.640790,62807.067788,62851,62851,62750
2026-07-08 04:42:00,4626,14.665570,0.003170,12.800990,1.864580,62903.445383,62943,62943,62851
2026-07-08 04:43:00,3575,29.223200,0.008174,12.139020,17.084180,62935.111883,62947,62950,62921
2026-07-08 04:44:00,1868,29.961150,0.016039,17.096400,12.864750,62954.961739,62952,62969,62947
2026-07-08 04:45:00,1426,7.546250,0.005292,2.772520,4.773730,62957.806798,62972,62972,62944
2026-07-08 04:46:00,6761,20.097830,0.002973,11.397990,8.699840,63021.721665,63014,63066,62972
2026-07-08 04:47:00,2948,12.183860,0.004133,1.558150,10.625710,62978.883314,62990,63014,62959
2026-07-08 04:48:00,1526,4.979880,0.003263,3.585170,1.394710,62996.206633,63014,63014,62986
2026-07-08 04:49:00,2478,5.218310,0.002106,2.087460,3.130850,63041.463598,63015,63058,63014
2026-07-08 04:50:00,1832,6.255700,0.003415,3.231870,3.023830,63018.449632,63013,63038,63006
2026-07-08 04:51:00,2263,10.649790,0.004706,1.947450,8.702340,63007.822394,62990,63026,62990
2026-07-08 04:52:00,2793,6.840650,0.002449,2.939880,3.900770,62987.413117,62974,63000,62973
2026-07-08 04:53:00,3198,10.388470,0.003248,1.051760,9.336710,62948.419739,62935,62974,62927
2026-07-08 04:54:00,4626,23.652940,0.005113,4.659670,18.993270,62915.795404,62937,62950,62889
2026-07-08 04:55:00,2459,4.312960,0.001754,2.359880,1.953080,62927.447051,62939,62939,62914
2026-07-08 04:56:00,1819,7.484800,0.004115,3.216810,4.267990,62953.396956,62950,62962,62939
2026-07-08 04:57:00,1251,2.803680,0.002241,1.287580,1.516100,62947.881432,62960,62960,62942
2026-07-08 04:58:00,1274,3.723230,0.002922,2.169070,1.554160,62979.239083,62981,62986,62960
2026-07-08 04:59:00,436,2.884700,0.006616,1.235490,1.649210,62978.586339,62978,62981,62978
2026-07-08 05:00:00,1475,3.264270,0.002213,0.837740,2.426530,62969.563817,62980,62980,62956
2026-07-08 05:01:00,2990,8.683610,0.002904,4.580220,4.103390,63005.439432,62992,63025,62980
2026-07-08 05:02:00,1588,4.080050,0.002569,3.135000,0.945050,63001.581704,63020,63020,62992
2026-07-08 05:03:00,3402,6.787540,0.001995,4.892940,1.894600,63056.231095,63086,63086,63020
2026-07-08 05:04:00,2006,4.444790,0.002216,1.933420,2.511370,63068.807628,63074,63086,63048
2026-07-08 05:05:00,1599,1.920670,0.001201,0.294410,1.626260,63053.483954,63040,63074,63040
2026-07-08 05:06:00,983,3.306860,0.003364,0.336920,2.969940,63029.973799,63019,63040,63016
2026-07-08 05:07:00,1920,7.640350,0.003979,3.493650,4.146700,62989.859881,63008,63019,62980
2026-07-08 05:08:00,1416,2.316410,0.001636,0.758980,1.557430,63001.002737,63000,63008,62989
2026-07-08 05:09:00,1900,1.394720,0.000734,0.491560,0.903160,63008.017534,62996,63020,62996
2026-07-08 05:10:00,1039,1.381160,0.001329,1.199940,0.181220,63001.279134,63014,63014,62996
2026-07-08 05:11:00,1092,2.929380,0.002683,2.895070,0.034310,63033.631492,63050,63051,63014
2026-07-08 05:12:00,1333,3.533160,0.002651,2.810150,0.723010,63065.793376,63068,63076,63050
2026-07-08 05:13:00,1557,3.999870,0.002569,2.477220,1.522650,63088.153354,63094,63094,63068
2026-07-08 05:14:00,625,5.338320,0.008541,0.936190,4.402130,63085.031062,63078,63094,63078
2026-07-08 05:15:00,926,2.323540,0.002509,0.581400,1.742140,63079.761845,63071,63083,63070
2026-07-08 05:16:00,2282,4.627060,0.002028,0.759220,3.867840,63048.547402,63045,63071,63038
2026-07-08 05:17:00,2122,2.477090,0.001167,0.972120,1.504970,63039.051911,63027,63054,63023
2026-07-08 05:18:00,1323,5.456990,0.004125,0.500230,4.956760,63020.245935,63007,63027,63007
2026-07-08 05:19:00,1225,1.687310,0.001377,0.588540,1.098770,62995.862987,63004,63007,62990
2026-07-08 05:20:00,1517,2.246540,0.001481,1.040840,1.205700,62996.250378,62990,63012,62988
2026-07-08 05:21:00,2583,5.405190,0.002093,3.133140,2.272050,62986.067705,63016,63016,62971
2026-07-08 05:22:00,1693,12.832740,0.007580,4.767400,8.065340,63043.496025,63058,63058,63016
2026-07-08 05:23:00,1622,9.660310,0.005956,0.250340,9.409970,63043.529833,63021,63058,63021
2026-07-08 05:24:00,1674,3.875300,0.002315,1.991340,1.883960,63016.579982,63015,63024,63012
2026-07-08 05:25:00,731,6.863110,0.009389,1.070540,5.792570,63008.618723,63010,63015,63005
2026-07-08 05:26:00,2175,3.380890,0.001554,1.617800,1.763090,62998.297917,63013,63013,62984
2026-07-08 05:27:00,986,4.443100,0.004506,2.342600,2.100500,63017.590932,63045,63045,63013
2026-07-08 05:28:00,2082,3.539710,0.001700,1.813930,1.725780,63045.868201,63034,63060,63034
2026-07-08 05:29:00,817,5.986040,0.007327,0.733920,5.252120,63032.105039,63036,63036,63026
2026-07-08 05:30:00,685,2.837190,0.004142,0.916940,1.920250,63049.964216,63054,63054,63036
2026-07-08 05:31:00,1826,2.976360,0.001630,0.718940,2.257420,63034.203911,63026,63054,63026
2026-07-08 05:32:00,922,3.202060,0.003473,2.379070,0.822990,63016.912206,63013,63026,63006
2026-07-08 05:33:00,2073,3.049530,0.001471,0.984350,2.065180,62981.913553,62963,63013,62961
2026-07-08 05:34:00,1313,6.376440,0.004856,1.845110,4.531330,62962.156982,62953,62968,62950
2026-07-08 05:35:00,1181,5.022030,0.004252,2.998650,2.023380,62935.944845,62934,62953,62928
2026-07-08 05:36:00,1238,4.106980,0.003317,3.233440,0.873540,62951.259277,62962,62962,62934
2026-07-08 05:37:00,1917,5.125420,0.002674,1.518340,3.607080,62982.161919,62978,62990,62962
2026-07-08 05:38:00,2993,15.824260,0.005287,6.889560,8.934700,62974.091288,62987,62992,62950
2026-07-08 05:39:00,1164,1.310540,0.001126,0.815130,0.495410,62995.906617,63002,63002,62987
2026-07-08 05:40:00,1991,5.325410,0.002675,2.322510,3.002900,62975.089780,62972,63002,62960
2026-07-08 05:41:00,1757,3.206490,0.001825,0.177990,3.028500,62945.586356,62921,62972,62917
2026-07-08 05:42:00,1412,3.293380,0.002332,2.345570,0.947810,62943.150047,62952,62957,62921
2026-07-08 05:43:00,367,3.063920,0.008349,0.326640,2.737280,62953.800738,62953,62957,62952
2026-07-08 05:44:00,798,2.164010,0.002712,0.685440,1.478570,62954.963835,62956,62956,62953
2026-07-08 05:45:00,907,1.590090,0.001753,0.749460,0.840630,62954.950032,62953,62962,62953
2026-07-08 05:46:00,1804,6.545520,0.003628,1.315920,5.229600,62933.469320,62925,62953,62917
2026-07-08 05:47:00,1787,3.312300,0.001854,1.065760,2.246540,62915.898111,62922,62928,62903
2026-07-08 05:48:00,864,1.933310,0.002238,1.061250,0.872060,62933.088629,62940,62940,62922
2026-07-08 05:49:00,1682,6.358970,0.003781,1.882500,4.476470,62935.636092,62911,62945,62911
2026-07-08 05:50:00,1989,3.738830,0.001880,0.545760,3.193070,62900.077146,62889,62912,62889
2026-07-08 05:51:00,3641,16.404650,0.004506,6.432310,9.972340,62855.101165,62836,62900,62834
2026-07-08 05:52:00,4335,14.880190,0.003433,3.214550,11.665640,62824.359080,62818,62853,62794
2026-07-08 05:53:00,2236,6.922270,0.003096,2.555500,4.366770,62810.932797,62794,62833,62794
2026-07-08 05:54:00,2506,8.818810,0.003519,1.200780,7.618030,62774.106554,62752,62804,62752
2026-07-08 05:55:00,3843,12.022620,0.003128,1.993850,10.028770,62723.650722,62705,62752,62700
2026-07-08 05:56:00,3760,16.361970,0.004352,12.367470,3.994500,62763.727657,62748,62779,62705
2026-07-08 05:57:00,1394,4.677490,0.003355,0.979610,3.697880,62745.007788,62736,62761,62730
2026-07-08 05:58:00,2295,8.269450,0.003603,6.085670,2.183780,62742.332993,62763,62763,62712
2026-07-08 05:59:00,875,7.610230,0.008697,4.473170,3.137060,62762.574158,62764,62770,62760
2026-07-08 06:00:00,1005,7.302860,0.007267,2.721220,4.581640,62758.742961,62766,62766,62754
2026-07-08 06:01:00,4537,15.680830,0.003456,4.177370,11.503460,62753.217077,62751,62788,62738
2026-07-08 06:02:00,1827,5.091700,0.002787,1.885480,3.206220,62747.238997,62750,62758,62738
2026-07-08 06:03:00,2030,7.600790,0.003744,4.928380,2.672410,62742.423779,62761,62761,62734
2026-07-08 06:04:00,1601,5.032080,0.003143,3.547580,1.484500,62777.273889,62807,62807,62761
2026-07-08 06:05:00,1779,5.086490,0.002859,1.887840,3.198650,62815.996137,62824,62825,62807
2026-07-08 06:06:00,3828,21.856210,0.005710,6.857770,14.998440,62794.049727,62784,62826,62762
2026-07-08 06:07:00,1252,3.508130,0.002802,0.806990,2.701140,62774.196422,62781,62784,62767
2026-07-08 06:08:00,1016,3.158850,0.003109,1.443160,1.715690,62798.656073,62814,62814,62781
2026-07-08 06:09:00,1208,2.138000,0.001770,0.786750,1.351250,62806.826911,62823,62823,62800
2026-07-08 06:10:00,2186,5.339170,0.002442,3.540090,1.799080,62842.611477,62845,62850,62823
2026-07-08 06:11:00,1598,6.328520,0.003960,1.153680,5.174840,62845.183304,62812,62854,62812
2026-07-08 06:12:00,2057,5.566420,0.002706,2.768000,2.798420,62823.294568,62848,62848,62806
2026-07-08 06:13:00,1574,3.236330,0.002056,0.671100,2.565230,62845.510993,62842,62856,62833
2026-07-08 06:14:00,1839,5.644710,0.003069,0.534240,5.110470,62823.965266,62801,62842,62801
2026-07-08 06:15:00,779,1.842430,0.002365,1.213630,0.628800,62800.763357,62799,62804,62797
2026-07-08 06:16:00,1985,7.587070,0.003822,4.419200,3.167870,62816.410351,62810,62824,62799
2026-07-08 06:17:00,818,0.809510,0.000990,0.474220,0.335290,62812.001701,62828,62828,62803
2026-07-08 06:18:00,1554,4.368130,0.002811,2.745060,1.623070,62812.088677,62808,62828,62800
2026-07-08 06:19:00,1088,3.186450,0.002929,1.907910,1.278540,62807.563511,62822,62822,62800
2026-07-08 06:20:00,1531,8.359240,0.005460,1.352930,7.006310,62827.632559,62804,62842,62804
2026-07-08 06:21:00,1298,2.877740,0.002217,1.416080,1.461660,62815.678602,62820,62822,62804
2026-07-08 06:22:00,1729,9.861730,0.005704,9.360980,0.500750,62840.432067,62861,62861,62820
2026-07-08 06:23:00,2793,10.975640,0.003930,4.857910,6.117730,62865.822184,62854,62888,62848
2026-07-08 06:24:00,1974,4.307650,0.002182,3.280930,1.026720,62880.821372,62881,62900,62852
2026-07-08 06:25:00,1320,2.445010,0.001852,1.721580,0.723430,62885.211974,62894,62894,62880
2026-07-08 06:26:00,1134,3.330320,0.002937,0.397760,2.932560,62885.130637,62880,62894,62878
2026-07-08 06:27:00,1009,2.636500,0.002613,1.042100,1.594400,62880.641356,62872,62888,62872
2026-07-08 06:28:00,1314,2.624990,0.001998,1.136850,1.488140,62859.550092,62869,62872,62852
2026-07-08 06:29:00,619,1.423470,0.002300,0.279960,1.143510,62874.232504,62874,62878,62869
2026-07-08 06:30:00,735,1.884490,0.002564,0.757760,1.126730,62872.648217,62875,62875,62870
2026-07-08 06:31:00,1182,2.575230,0.002179,2.063800,0.511430,62886.550758,62891,62891,62875
2026-07-08 06:32:00,1382,4.230330,0.003061,1.860970,2.369360,62880.681064,62884,62891,62872
2026-07-08 06:33:00,1938,3.007200,0.001552,1.451740,1.555460,62894.633947,62885,62901,62884
2026-07-08 06:34:00,3414,56.307440,0.016493,40.754340,15.553100,62866.411590,62847,62885,62847
2026-07-08 06:35:00,3144,9.744930,0.003100,2.296210,7.448720,62801.096302,62786,62848,62780
2026-07-08 06:36:00,1723,3.786760,0.002198,3.678220,0.108540,62799.884966,62834,62834,62786
2026-07-08 06:37:00,2043,4.753790,0.002327,1.619540,3.134250,62823.273047,62806,62844,62802
2026-07-08 06:38:00,2628,7.737080,0.002944,0.655830,7.081250,62771.328446,62745,62806,62744
2026-07-08 06:39:00,2795,19.920500,0.007127,1.889010,18.031490,62734.136599,62720,62750,62710
2026-07-08 06:40:00,1318,2.630950,0.001996,1.000510,1.630440,62721.632518,62733,62733,62716
2026-07-08 06:41:00,2503,52.871700,0.021123,50.443520,2.428180,62796.220564,62790,62817,62733
2026-07-08 06:42:00,1228,3.168120,0.002580,1.701690,1.466430,62795.751439,62796,62804,62790
2026-07-08 06:43:00,1077,2.548420,0.002366,0.375010,2.173410,62790.979637,62776,62796,62776
2026-07-08 06:44:00,1778,4.967680,0.002794,0.761430,4.206250,62759.762855,62747,62776,62745
2026-07-08 06:45:00,958,1.873870,0.001956,0.793140,1.080730,62740.323959,62741,62747,62736
2026-07-08 06:46:00,2369,15.475150,0.006532,1.062370,14.412780,62735.059483,62712,62750,62712
2026-07-08 06:47:00,732,3.146790,0.004299,0.550990,2.595800,62717.159846,62723,62723,62712
2026-07-08 06:48:00,2678,4.544300,0.001697,1.668790,2.875510,62737.091450,62746,62748,62723
2026-07-08 06:49:00,1242,1.253910,0.001010,0.665910,0.588000,62753.679491,62763,62763,62746
2026-07-08 06:50:00,2170,6.680010,0.003078,0.514350,6.165660,62742.188074,62710,62766,62710
2026-07-08 06:51:00,3661,17.156690,0.004686,5.930430,11.226260,62693.288277,62690,62710,62676
2026-07-08 06:52:00,1946,5.604950,0.002880,3.414680,2.190270,62710.162502,62740,62740,62690
2026-07-08 06:53:00,1348,9.144150,0.006783,0.548520,8.595630,62730.860837,62718,62747,62718
2026-07-08 06:54:00,1301,3.363050,0.002585,0.703830,2.659220,62713.436212,62730,62730,62706
2026-07-08 06:55:00,925,3.111850,0.003364,0.860890,2.250960,62728.378690,62722,62730,62722
2026-07-08 06:56:00,860,2.596160,0.003019,0.861410,1.734750,62717.674215,62716,62722,62711
2026-07-08 06:57:00,1236,3.372290,0.002728,2.252330,1.119960,62728.877445,62752,62752,62716
2026-07-08 06:58:00,2049,6.214000,0.003033,2.035670,4.178330,62760.753720,62755,62771,62749
2026-07-08 06:59:00,1436,3.310020,0.002305,1.707100,1.602920,62770.924469,62789,62789,62753
2026-07-08 07:00:00,1148,6.258990,0.005452,3.585880,2.673110,62801.299731,62800,62809,62789
2026-07-08 07:01:00,1633,8.264570,0.005061,2.134390,6.130180,62807.277879,62810,62815,62790
2026-07-08 07:02:00,3209,7.948900,0.002477,1.206210,6.742690,62791.974519,62768,62810,62765
2026-07-08 07:03:00,1585,5.584560,0.003523,2.729430,2.855130,62756.789157,62762,62771,62750
2026-07-08 07:04:00,2516,5.862240,0.002330,3.588720,2.273520,62785.882739,62813,62813,62762
2026-07-08 07:05:00,2609,11.225080,0.004302,4.254440,6.970640,62816.523701,62796,62842,62796
2026-07-08 07:06:00,912,3.632060,0.003983,1.399330,2.232730,62804.545031,62812,62812,62796
2026-07-08 07:07:00,1796,4.845920,0.002698,4.288030,0.557890,62851.697993,62877,62877,62812
2026-07-08 07:08:00,2097,8.339290,0.003977,0.942710,7.396580,62851.092011,62828,62877,62828
2026-07-08 07:09:00,1944,3.086770,0.001588,1.275270,1.811500,62820.023513,62832,62832,62809
2026-07-08 07:10:00,910,2.667180,0.002931,1.352520,1.314660,62840.343927,62839,62844,62832
2026-07-08 07:11:00,1446,3.035110,0.002099,0.848500,2.186610,62831.108313,62840,62840,62821
2026-07-08 07:12:00,1229,2.446540,0.001991,0.633530,1.813010,62830.178041,62827,62840,62824
2026-07-08 07:13:00,1580,18.382330,0.011634,14.368230,4.014100,62825.400713,62806,62835,62806
2026-07-08 07:14:00,1010,3.395120,0.003362,1.718720,1.676400,62810.005697,62806,62816,62806
2026-07-08 07:15:00,1339,14.308440,0.010686,11.240750,3.067690,62802.003603,62802,62816,62800
2026-07-08 07:16:00,342,4.954700,0.014487,0.248720,4.705980,62800.577901,62800,62802,62800
2026-07-08 07:17:00,1365,4.355200,0.003191,1.950110,2.405090,62805.957965,62805,62813,62800
2026-07-08 07:18:00,1506,204.202960,0.135593,0.152190,204.050770,62799.902350,62780,62805,62780
2026-07-08 07:19:00,2502,9.392030,0.003754,4.920310,4.471720,62796.255667,62813,62813,62776
2026-07-08 07:20:00,2403,6.420070,0.002672,1.814590,4.605480,62831.605142,62822,62844,62813
2026-07-08 07:21:00,1623,7.141060,0.004400,2.609460,4.531600,62830.155250,62847,62850,62819
2026-07-08 07:22:00,2288,4.723450,0.002064,1.986730,2.736720,62822.970199,62827,62847,62810
2026-07-08 07:23:00,1663,7.935660,0.004772,0.373940,7.561720,62806.660196,62786,62827,62786
2026-07-08 07:24:00,1430,3.050570,0.002133,0.485990,2.564580,62787.798057,62777,62794,62777
2026-07-08 07:25:00,1277,4.688550,0.003672,0.571700,4.116850,62767.215502,62756,62777,62756
2026-07-08 07:26:00,1612,5.937310,0.003683,1.684270,4.253040,62762.401373,62772,62776,62750
2026-07-08 07:27:00,1115,4.120580,0.003696,1.174340,2.946240,62775.065205,62768,62782,62768
2026-07-08 07:28:00,3564,8.770510,0.002461,2.702540,6.067970,62738.144605,62746,62768,62716
2026-07-08 07:29:00,1834,3.590970,0.001958,1.527750,2.063220,62740.923606,62762,62762,62731
2026-07-08 07:30:00,888,4.211670,0.004743,2.700460,1.511210,62758.952244,62772,62772,62757
2026-07-08 07:31:00,2094,5.036150,0.002405,3.479340,1.556810,62772.014618,62772,62780,62758
2026-07-08 07:32:00,1711,6.328300,0.003699,0.914940,5.413360,62759.071562,62759,62772,62743
2026-07-08 07:33:00,2232,3.484080,0.001561,0.500180,2.983900,62735.430212,62700,62762,62700
2026-07-08 07:34:00,4361,11.661290,0.002674,4.792220,6.869070,62704.112060,62732,62736,62676
2026-07-08 07:35:00,1464,4.237190,0.002894,2.352240,1.884950,62745.333788,62772,62772,62727
2026-07-08 07:36:00,1425,4.854800,0.003407,0.992530,3.862270,62765.172395,62746,62782,62746
2026-07-08 07:37:00,916,2.392050,0.002611,1.176330,1.215720,62734.729533,62738,62746,62730
2026-07-08 07:38:00,1461,4.826540,0.003304,1.570850,3.255690,62724.739999,62706,62738,62706
2026-07-08 07:39:00,1464,18.436610,0.012593,1.233240,17.203370,62706.416930,62696,62714,62696
2026-07-08 07:40:00,2615,117.565270,0.044958,73.271870,44.293400,62656.973369,62663,62696,62650
2026-07-08 07:41:00,1555,4.758550,0.003060,3.687040,1.071510,62669.816844,62669,62678,62663
2026-07-08 07:42:00,1992,7.223010,0.003626,1.517200,5.705810,62641.194247,62624,62669,62624
2026-07-08 07:43:00,1055,4.767740,0.004519,2.140800,2.626940,62632.053939,62641,62641,62622
2026-07-08 07:44:00,2917,33.797250,0.011586,21.319130,12.478120,62635.958083,62639,62669,62628
2026-07-08 07:45:00,1380,16.907260,0.012252,5.875830,11.031430,62635.082603,62620,62650,62620
2026-07-08 07:46:00,534,1.171200,0.002193,0.970510,0.200690,62622.367970,62628,62628,62620
2026-07-08 07:47:00,1913,11.574450,0.006050,1.401170,10.173280,62627.396401,62615,62637,62615
2026-07-08 07:48:00,2090,14.096420,0.006745,2.117490,11.978930,62598.169891,62581,62615,62581
2026-07-08 07:49:00,1196,3.296270,0.002756,0.737900,2.558370,62582.881919,62587,62588,62572
2026-07-08 07:50:00,1136,2.055090,0.001809,1.827830,0.227260,62595.208397,62603,62603,62587
2026-07-08 07:51:00,1368,4.588310,0.003354,1.488250,3.100060,62606.011254,62606,62618,62597
2026-07-08 07:52:00,1274,3.341070,0.002623,0.158250,3.182820,62599.486259,62578,62607,62578
2026-07-08 07:53:00,3148,9.444010,0.003000,3.051110,6.392900,62577.188126,62574,62598,62558
2026-07-08 07:54:00,2187,5.770940,0.002639,0.922270,4.848670,62584.480197,62579,62590,62574
2026-07-08 07:55:00,1954,5.055600,0.002587,3.441540,1.614060,62608.411493,62634,62634,62579
2026-07-08 07:56:00,1198,3.397320,0.002836,1.662310,1.735010,62645.857016,62645,62652,62634
2026-07-08 07:57:00,1187,5.362190,0.004517,1.343770,4.018420,62652.640103,62667,62667,62640
2026-07-08 07:58:00,2592,10.127570,0.003907,6.629910,3.497660,62669.030569,62652,62688,62652
2026-07-08 07:59:00,688,1.708650,0.002484,0.674970,1.033680,62646.300951,62640,62652,62640
2026-07-08 08:00:00,715,2.850770,0.003987,1.023220,1.827550,62634.940738,62638,62640,62633
2026-07-08 08:01:00,2451,5.719830,0.002334,2.101620,3.618210,62630.533190,62627,62646,62621
2026-07-08 08:02:00,2208,6.407360,0.002902,1.411450,4.995910,62601.709288,62590,62627,62582
2026-07-08 08:03:00,1937,6.388250,0.003298,3.188450,3.199800,62606.008363,62618,62618,62590
2026-07-08 08:04:00,1245,3.149440,0.002530,0.812610,2.336830,62614.927171,62632,62632,62609
2026-07-08 08:05:00,1486,4.090100,0.002752,1.154170,2.935930,62623.042681,62610,62634,62610
2026-07-08 08:06:00,1569,3.546940,0.002261,1.144090,2.402850,62596.926686,62590,62613,62586
2026-07-08 08:07:00,2079,5.596420,0.002692,2.778620,2.817800,62588.689447,62621,62621,62574
2026-07-08 08:08:00,945,2.622480,0.002775,0.614760,2.007720,62621.232785,62618,62626,62617
2026-07-08 08:09:00,1737,7.325540,0.004217,3.414640,3.910900,62624.543136,62607,62636,62607
2026-07-08 08:10:00,648,1.033590,0.001595,0.737310,0.296280,62611.805285,62624,62624,62607
2026-07-08 08:11:00,1221,4.372600,0.003581,1.316390,3.056210,62617.678444,62603,62626,62603
2026-07-08 08:12:00,1387,4.107360,0.002961,1.158780,2.948580,62598.895381,62593,62603,62590
2026-07-08 08:13:00,1103,5.477760,0.004966,0.412730,5.065030,62585.951485,62585,62593,62581
2026-07-08 08:14:00,1289,3.924430,0.003045,0.727970,3.196460,62570.654311,62570,62585,62562
2026-07-08 08:15:00,1780,14.790040,0.008309,13.227420,1.562620,62617.985333,62634,62634,62570
2026-07-08 08:16:00,3268,19.290040,0.005903,4.456660,14.833380,62620.894340,62618,62639,62604
2026-07-08 08:17:00,969,5.375740,0.005548,3.035270,2.340470,62608.293193,62605,62618,62600
2026-07-08 08:18:00,830,5.429990,0.006542,1.763790,3.666200,62600.940349,62603,62605,62592
2026-07-08 08:19:00,1508,4.411290,0.002925,1.391710,3.019580,62597.712436,62592,62603,62592
2026-07-08 08:20:00,1734,4.913780,0.002834,0.979860,3.933920,62592.290140,62586,62603,62574
2026-07-08 08:21:00,1642,16.099740,0.009805,10.465020,5.634720,62561.813580,62555,62586,62555
2026-07-08 08:22:00,8215,53.714720,0.006539,7.199680,46.515040,62515.010369,62541,62558,62484
2026-07-08 08:23:00,3833,9.016410,0.002352,3.390150,5.626260,62535.358179,62563,62563,62516
2026-07-08 08:24:00,2857,8.246280,0.002886,4.331440,3.914840,62566.410293,62596,62596,62548
2026-07-08 08:25:00,2814,16.274410,0.005783,12.054240,4.220170,62635.300013,62680,62682,62596
2026-07-08 08:26:00,3598,11.071030,0.003077,4.208770,6.862260,62654.057364,62640,62684,62624
2026-07-08 08:27:00,2719,10.058910,0.003699,5.823640,4.235270,62657.009260,62646,62682,62638
2026-07-08 08:28:00,2824,8.346030,0.002955,6.753260,1.592770,62677.086783,62690,62712,62634
2026-07-08 08:29:00,1512,6.293450,0.004162,2.642480,3.650970,62688.911527,62670,62704,62670
2026-07-08 08:30:00,1975,3.059870,0.001549,0.308660,2.751210,62640.451768,62622,62670,62622
2026-07-08 08:31:00,4389,10.287310,0.002344,2.756460,7.530850,62574.974815,62578,62626,62536
2026-07-08 08:32:00,2086,4.751610,0.002278,2.325060,2.426550,62573.865293,62592,62592,62550
2026-07-08 08:33:00,1877,9.218050,0.004911,4.119420,5.098630,62622.647042,62633,62633,62592
2026-07-08 08:34:00,4084,10.130950,0.002481,3.988410,6.142540,62565.268155,62556,62633,62524
2026-07-08 08:35:00,994,2.786340,0.002803,1.343360,1.442980,62557.553083,62554,62564,62554
2026-07-08 08:36:00,2635,6.830980,0.002592,2.301390,4.529590,62539.099876,62549,62554,62524
2026-07-08 08:37:00,1527,5.639000,0.003693,1.710070,3.928930,62548.767373,62545,62555,62540
2026-07-08 08:38:00,1190,4.723460,0.003969,1.913820,2.809640,62555.905890,62548,62569,62545
2026-07-08 08:39:00,2623,17.431190,0.006646,1.878490,15.552700,62517.930504,62507,62548,62500
2026-07-08 08:40:00,3935,14.221240,0.003614,6.973000,7.248240,62491.139023,62518,62524,62477
2026-07-08 08:41:00,1914,6.141980,0.003209,3.294830,2.847150,62537.759391,62564,62572,62511
2026-07-08 08:42:00,2118,11.079270,0.005231,3.427400,7.651870,62558.280339,62550,62574,62541
2026-07-08 08:43:00,1066,3.790130,0.003555,0.360400,3.429730,62547.443517,62537,62556,62537
2026-07-08 08:44:00,972,4.161060,0.004281,2.124070,2.036990,62550.357276,62546,62556,62537
2026-07-08 08:45:00,552,3.341480,0.006053,1.806380,1.535100,62541.719954,62543,62546,62538
2026-07-08 08:46:00,1433,3.906370,0.002726,2.397280,1.509090,62539.311973,62556,62556,62532
2026-07-08 08:47:00,937,2.163570,0.002309,0.739560,1.424010,62550.743812,62552,62556,62546
2026-07-08 08:48:00,1226,5.697940,0.004648,4.681040,1.016900,62564.078331,62569,62578,62552
2026-07-08 08:49:00,2125,6.059050,0.002851,4.244120,1.814930,62602.681596,62632,62632,62569
2026-07-08 08:50:00,1748,3.623170,0.002073,2.249270,1.373900,62633.247746,62650,62650,62626
2026-07-08 08:51:00,2919,13.104980,0.004490,10.302530,2.802450,62702.821883,62714,62728,62650
2026-07-08 08:52:00,2524,7.768090,0.003078,2.467440,5.300650,62700.730370,62729,62729,62680
2026-07-08 08:53:00,2324,8.542680,0.003676,4.771770,3.770910,62727.097528,62714,62746,62700
2026-07-08 08:54:00,343,1.733600,0.005054,0.631130,1.102470,62714.251586,62714,62714,62712
2026-07-08 08:55:00,587,1.758620,0.002996,0.558600,1.200020,62709.657500,62713,62717,62707
2026-07-08 08:56:00,1993,7.885110,0.003956,2.235410,5.649700,62693.197834,62680,62714,62680
2026-07-08 08:57:00,2770,9.652770,0.003485,1.925610,7.727160,62653.183864,62648,62680,62622
2026-07-08 08:58:00,354,2.324070,0.006565,0.601290,1.722780,62647.254917,62645,62648,62645
2026-07-08 08:59:00,395,1.491160,0.003775,0.482790,1.008370,62648.525802,62649,62649,62645
2026-07-08 09:00:00,1227,7.435900,0.006060,2.730370,4.705530,62655.676529,62658,62667,62645
2026-07-08 09:01:00,3669,14.118380,0.003848,3.101240,11.017140,62637.555621,62601,62670,62601
2026-07-08 09:02:00,1623,4.260690,0.002625,2.158650,2.102040,62594.926142,62612,62612,62586
2026-07-08 09:03:00,2955,9.710510,0.003286,5.238590,4.471920,62595.380091,62592,62614,62577
2026-07-08 09:04:00,897,2.411420,0.002688,0.868070,1.543350,62587.867363,62585,62592,62584
2026-07-08 09:05:00,2049,7.900970,0.003856,5.068730,2.832240,62579.421200,62584,62591,62570
2026-07-08 09:06:00,3294,27.217180,0.008263,7.603240,19.613940,62586.176812,62557,62607,62550
2026-07-08 09:07:00,1721,4.397670,0.002555,2.374210,2.023460,62570.025404,62562,62585,62551
2026-07-08 09:08:00,2351,7.541780,0.003208,4.790540,2.751240,62564.007703,62572,62580,62554
2026-07-08 09:09:00,1802,6.493390,0.003603,2.527330,3.966060,62587.215444,62590,62600,62569
2026-07-08 09:10:00,1835,4.194910,0.002286,1.612980,2.581930,62595.012792,62614,62614,62587
2026-07-08 09:11:00,1876,7.371520,0.003929,3.919280,3.452240,62631.002229,62634,62647,62611
2026-07-08 09:12:00,2516,8.073520,0.003209,5.854460,2.219060,62663.008423,62700,62700,62634
2026-07-08 09:13:00,2700,12.099790,0.004481,6.451840,5.647950,62701.989700,62683,62720,62683
2026-07-08 09:14:00,4375,26.018190,0.005947,16.638830,9.379360,62708.233665,62726,62742,62678
2026-07-08 09:15:00,2581,7.973830,0.003089,3.731060,4.242770,62744.379953,62747,62752,62726
2026-07-08 09:16:00,5241,14.501600,0.002767,3.668050,10.833550,62718.217323,62714,62747,62690
2026-07-08 09:17:00,1816,4.551490,0.002506,1.776000,2.775490,62711.915984,62710,62724,62694
2026-07-08 09:18:00,2902,8.263580,0.002848,4.087830,4.175750,62722.394364,62702,62740,62702
2026-07-08 09:19:00,3890,9.583430,0.002464,3.528330,6.055100,62694.411227,62677,62722,62674
2026-07-08 09:20:00,1775,4.248930,0.002394,2.913520,1.335410,62687.538583,62693,62700,62677
2026-07-08 09:21:00,1151,3.978180,0.003456,2.600010,1.378170,62688.403930,62694,62694,62681
2026-07-08 09:22:00,1457,5.640120,0.003871,1.873630,3.766490,62700.976975,62698,62710,62693
2026-07-08 09:23:00,1273,2.057690,0.001616,1.201490,0.856200,62694.002801,62703,62704,62690
2026-07-08 09:24:00,1063,3.132960,0.002947,1.697840,1.435120,62711.918130,62726,62726,62703
2026-07-08 09:25:00,933,3.912780,0.004194,1.401760,2.511020,62730.467702,62738,62738,62726
2026-07-08 09:26:00,4338,20.607460,0.004750,16.893650,3.713810,62799.400864,62820,62824,62738
2026-07-08 09:27:00,3690,12.980160,0.003518,2.508470,10.471690,62815.610057,62825,62829,62802
2026-07-08 09:28:00,3406,8.186000,0.002403,1.900150,6.285850,62814.099645,62791,62826,62791
2026-07-08 09:29:00,1630,4.336100,0.002660,3.060520,1.275580,62800.540104,62824,62824,62781
2026-07-08 09:30:00,1017,4.807320,0.004727,0.544500,4.262820,62821.255045,62812,62824,62812
2026-07-08 09:31:00,3284,9.102310,0.002772,5.558430,3.543880,62823.205663,62836,62841,62810
2026-07-08 09:32:00,2084,6.957970,0.003339,4.180630,2.777340,62840.190513,62838,62846,62836
2026-07-08 09:33:00,1845,5.807950,0.003148,2.239650,3.568300,62829.862601,62836,62838,62822
2026-07-08 09:34:00,1148,10.959220,0.009546,9.711970,1.247250,62840.195616,62850,62850,62835
2026-07-08 09:35:00,2098,10.037270,0.004784,8.087010,1.950260,62870.759714,62882,62886,62849
2026-07-08 09:36:00,3211,13.527030,0.004213,4.160830,9.366200,62864.159310,62846,62882,62846
2026-07-08 09:37:00,2917,12.009670,0.004117,6.180150,5.829520,62851.705774,62838,62864,62833
2026-07-08 09:38:00,1345,5.416050,0.004027,2.552820,2.863230,62830.667474,62831,62840,62826
2026-07-08 09:39:00,2691,8.241910,0.003063,1.280830,6.961080,62800.617600,62766,62831,62766
2026-07-08 09:40:00,937,3.725970,0.003976,1.967750,1.758220,62770.070243,62769,62774,62766
2026-07-08 09:41:00,1649,17.979870,0.010903,10.073260,7.906610,62787.907639,62799,62801,62769
2026-07-08 09:42:00,1454,5.324340,0.003662,3.468690,1.855650,62797.101277,62800,62802,62793
2026-07-08 09:43:00,1531,5.126800,0.003349,0.814530,4.312270,62790.404017,62782,62800,62782
2026-07-08 09:44:00,2041,4.776380,0.002340,3.576860,1.199520,62788.393867,62802,62802,62776
2026-07-08 09:45:00,2226,7.114510,0.003196,4.243270,2.871240,62798.797601,62826,62826,62779
2026-07-08 09:46:00,1468,10.247100,0.006980,1.872970,8.374130,62819.099074,62812,62826,62803
2026-07-08 09:47:00,1249,4.179350,0.003346,3.049440,1.129910,62815.927018,62819,62822,62812
2026-07-08 09:48:00,464,4.842420,0.010436,2.881700,1.960720,62819.791138,62825,62826,62819
2026-07-08 09:49:00,1603,19.946820,0.012443,16.061210,3.885610,62826.271602,62822,62835,62819
2026-07-08 09:50:00,1757,9.033090,0.005141,7.263430,1.769660,62851.261026,62872,62876,62822
2026-07-08 09:51:00,1842,6.019020,0.003268,2.643730,3.375290,62846.828101,62846,62872,62834
2026-07-08 09:52:00,1088,5.546910,0.005098,5.330600,0.216310,62871.394985,62879,62879,62846
2026-07-08 09:53:00,1153,6.574940,0.005702,1.473220,5.101720,62864.848831,62848,62879,62848
2026-07-08 09:54:00,1750,5.163500,0.002951,5.050730,0.112770,62858.755352,62890,62890,62848
2026-07-08 09:55:00,519,4.848310,0.009342,1.832390,3.015920,62891.161728,62895,62895,62886
2026-07-08 09:56:00,1055,6.580870,0.006238,3.191350,3.389520,62887.215489,62888,62895,62879
2026-07-08 09:57:00,634,5.315430,0.008384,2.069230,3.246200,62876.867627,62870,62888,62870
2026-07-08 09:58:00,790,1.714190,0.002170,1.609290,0.104900,62871.406497,62873,62873,62870
2026-07-08 09:59:00,986,3.849810,0.003904,2.643250,1.206560,62881.358223,62878,62887,62873
2026-07-08 10:00:00,770,3.150600,0.004092,2.154270,0.996330,62887.941751,62888,62893,62878
2026-07-08 10:01:00,1663,5.223890,0.003141,2.657660,2.566230,62868.574094,62870,62888,62854
2026-07-08 10:02:00,1086,3.579770,0.003296,2.875690,0.704080,62876.965845,62884,62884,62870
2026-07-08 10:03:00,2573,9.348740,0.003633,4.197940,5.150800,62900.809894,62887,62926,62884
2026-07-08 10:04:00,1605,3.820250,0.002380,1.585950,2.234300,62885.176207,62892,62900,62869
2026-07-08 10:05:00,2489,67.839420,0.027256,42.699600,25.139820,62883.696635,62896,62900,62847
2026-07-08 10:06:00,2621,68.331480,0.026071,8.753140,59.578340,62876.621796,62898,62898,62863
2026-07-08 10:07:00,3082,11.252110,0.003651,7.904880,3.347230,62917.614306,62912,62941,62898
2026-07-08 10:08:00,2498,10.062530,0.004028,1.625530,8.437000,62882.352157,62837,62920,62826
2026-07-08 10:09:00,2250,11.063950,0.004917,3.691250,7.372700,62814.058875,62818,62838,62793
2026-07-08 10:10:00,2716,11.943260,0.004397,5.972760,5.970500,62849.905847,62830,62882,62818
2026-07-08 10:11:00,2112,10.971930,0.005195,5.727170,5.244760,62828.723285,62833,62842,62806
2026-07-08 10:12:00,1529,5.666670,0.003706,1.737890,3.928780,62813.103371,62824,62833,62806
2026-07-08 10:13:00,2395,8.322040,0.003475,3.088910,5.233130,62814.289232,62796,62857,62792
2026-07-08 10:14:00,1834,5.037860,0.002747,1.819400,3.218460,62799.902241,62804,62809,62788
2026-07-08 10:15:00,1925,3.993580,0.002075,2.468870,1.524710,62815.953082,62830,62830,62804
2026-07-08 10:16:00,2187,7.576660,0.003464,4.331700,3.244960,62826.281326,62815,62848,62815
2026-07-08 10:17:00,9455,28.873750,0.003054,6.037400,22.836350,62714.258306,62610,62822,62590
2026-07-08 10:18:00,15093,52.573350,0.003483,15.816850,36.756500,62509.572591,62403,62620,62402
2026-07-08 10:19:00,17760,63.861980,0.003596,26.516080,37.345900,62378.120902,62466,62485,62320
2026-07-08 10:20:00,11342,86.937840,0.007665,13.204210,73.733630,62466.804426,62446,62514,62412
2026-07-08 10:21:00,7512,30.210750,0.004022,13.275760,16.934990,62442.267230,62428,62509,62408
2026-07-08 10:22:00,11651,59.843990,0.005136,16.696450,43.147540,62331.272862,62288,62428,62258
2026-07-08 10:23:00,8966,25.017390,0.002790,10.651120,14.366270,62289.317379,62316,62323,62250
2026-07-08 10:24:00,8416,27.239380,0.003237,6.648720,20.590660,62239.502780,62197,62328,62197
2026-07-08 10:25:00,6833,47.483340,0.006949,24.272260,23.211080,62201.433505,62214,62249,62177
2026-07-08 10:26:00,7618,31.329090,0.004113,12.944360,18.384730,62198.744703,62194,62241,62150
2026-07-08 10:27:00,5393,24.215210,0.004490,9.140560,15.074650,62205.104539,62204,62222,62186
2026-07-08 10:28:00,7263,40.768690,0.005613,13.479890,27.288800,62138.512083,62154,62204,62095
2026-07-08 10:29:00,5021,23.408070,0.004662,8.997130,14.410940,62134.366674,62129,62172,62095
2026-07-08 10:30:00,4674,18.190990,0.003892,6.342090,11.848900,62099.192296,62084,62132,62084
2026-07-08 10:31:00,7595,52.453570,0.006906,20.812010,31.641560,62061.053290,62074,62095,62031
2026-07-08 10:32:00,11710,56.522660,0.004827,27.941540,28.581120,62083.042713,62031,62158,62021
2026-07-08 10:33:00,12158,119.310370,0.009813,21.856200,97.454170,61999.599250,62011,62049,61944
2026-07-08 10:34:00,5936,24.189020,0.004075,9.600530,14.588490,62055.845033,62040,62087,62010
2026-07-08 10:35:00,7610,29.181790,0.003835,18.549600,10.632190,62053.503157,62134,62142,61988
2026-07-08 10:36:00,5330,23.538320,0.004416,5.902730,17.635590,62091.476441,62028,62158,62028
2026-07-08 10:37:00,6079,40.356150,0.006639,23.784930,16.571220,62011.838269,61992,62038,61979
2026-07-08 10:38:00,5341,37.796750,0.007077,18.122610,19.674140,61945.537317,61928,61993,61912
2026-07-08 10:39:00,4764,25.590440,0.005372,12.581590,13.008850,61919.687081,61915,61947,61906
2026-07-08 10:40:00,6896,24.452810,0.003546,15.908630,8.544180,61956.431994,61988,61995,61914
2026-07-08 10:41:00,6245,38.882390,0.006226,21.234750,17.647640,61961.737443,61957,61998,61934
2026-07-08 10:42:00,4781,26.687230,0.005582,4.956000,21.731230,61942.126308,61900,61984,61900
2026-07-08 10:43:00,6872,26.405420,0.003842,7.493270,18.912150,61909.369183,61946,61950,61855
2026-07-08 10:44:00,4081,31.317870,0.007674,4.736920,26.580950,61944.834443,61964,61984,61930
2026-07-08 10:45:00,5583,35.660090,0.006387,29.645700,6.014390,62025.748700,62048,62066,61964
2026-07-08 10:46:00,7051,47.057580,0.006674,24.874890,22.182690,62079.024723,62113,62124,62032
2026-07-08 10:47:00,6377,34.087470,0.005345,24.583490,9.503980,62144.817546,62176,62176,62112
2026-07-08 10:48:00,11249,49.503870,0.004401,21.755740,27.748130,62286.334718,62284,62342,62176
2026-07-08 10:49:00,5417,40.288850,0.007437,16.325050,23.963800,62301.172630,62304,62332,62276
2026-07-08 10:50:00,5050,36.139330,0.007156,12.160830,23.978500,62242.337020,62184,62312,62184
2026-07-08 10:51:00,3062,17.644200,0.005762,6.019180,11.625020,62157.858499,62156,62184,62145
2026-07-08 10:52:00,2875,9.655380,0.003358,4.906810,4.748570,62172.909660,62163,62188,62156
2026-07-08 10:53:00,2669,8.807160,0.003300,6.506570,2.300590,62180.144940,62184,62196,62161
2026-07-08 10:54:00,3628,13.851280,0.003818,6.350350,7.500930,62204.531535,62187,62234,62182
2026-07-08 10:55:00,2121,3.330290,0.001570,0.488360,2.841930,62164.227246,62145,62190,62145
2026-07-08 10:56:00,2681,9.428970,0.003517,4.186000,5.242970,62186.669872,62196,62216,62145
2026-07-08 10:57:00,3836,11.219540,0.002925,0.491050,10.728490,62133.459296,62086,62196,62080
2026-07-08 10:58:00,2549,11.739620,0.004606,2.849310,8.890310,62072.977088,62052,62095,62047
2026-07-08 10:59:00,2420,10.190990,0.004211,1.401410,8.789580,62026.329977,62021,62052,62006
2026-07-08 11:00:00,1960,8.354750,0.004263,4.294180,4.060570,62009.231956,62018,62021,62000
2026-07-08 11:01:00,6987,56.528710,0.008091,18.741160,37.787550,61987.374945,62026,62026,61936
2026-07-08 11:02:00,4519,23.525600,0.005206,17.359650,6.165950,62034.466646,62049,62070,61991
2026-07-08 11:03:00,2969,11.984110,0.004036,7.128560,4.855550,62056.406882,62058,62067,62043
2026-07-08 11:04:00,3024,9.936010,0.003286,6.491400,3.444610,62066.390670,62066,62082,62045
2026-07-08 11:05:00,3792,21.441740,0.005654,15.202050,6.239690,62079.778198,62110,62110,62051
2026-07-08 11:06:00,2220,14.237030,0.006413,8.149680,6.087350,62097.255089,62084,62114,62081
2026-07-08 11:07:00,3054,19.657290,0.006437,11.240240,8.417050,62073.911737,62058,62086,62058
2026-07-08 11:08:00,3183,19.414220,0.006099,2.966090,16.448130,62043.015274,61978,62082,61974
2026-07-08 11:09:00,3343,15.230240,0.004556,6.127670,9.102570,61998.384776,61970,62028,61970
2026-07-08 11:10:00,2005,11.719160,0.005845,3.014990,8.704170,61966.492626,61951,61982,61951
2026-07-08 11:11:00,2084,14.890350,0.007145,3.449510,11.440840,61957.439817,61972,61982,61950
2026-07-08 11:12:00,3194,9.998920,0.003131,3.105590,6.893330,61965.589434,61930,61992,61923
2026-07-08 11:13:00,1380,7.719890,0.005594,1.695120,6.024770,61926.749451,61920,61935,61920
2026-07-08 11:14:00,1489,13.942310,0.009364,9.323130,4.619180,61913.932355,61933,61933,61907
2026-07-08 11:15:00,3229,13.568250,0.004202,4.260110,9.308140,61910.148073,61884,61952,61879
2026-07-08 11:16:00,8989,51.271000,0.005704,24.604810,26.666190,61832.589350,61851,61908,61795
2026-07-08 11:17:00,6607,35.032080,0.005302,12.724840,22.307240,61878.546202,61847,61908,61838
2026-07-08 11:18:00,7413,51.456690,0.006941,16.475680,34.981010,61800.480041,61794,61874,61744
2026-07-08 11:19:00,3624,11.635700,0.003211,5.864520,5.771180,61771.833757,61751,61800,61744
2026-07-08 11:20:00,3258,17.209190,0.005282,15.258110,1.951080,61777.862471,61786,61798,61751
2026-07-08 11:21:00,3577,14.890870,0.004163,9.641000,5.249870,61835.446190,61848,61860,61786
2026-07-08 11:22:00,3812,15.482350,0.004061,6.729320,8.753030,61845.454057,61821,61884,61812
2026-07-08 11:23:00,3928,22.278580,0.005672,18.013470,4.265110,61812.152792,61820,61822,61779
2026-07-08 11:24:00,2050,20.162150,0.009835,13.904890,6.257260,61820.419092,61842,61842,61808
2026-07-08 11:25:00,2311,30.221330,0.013077,22.271210,7.950120,61839.255147,61820,61850,61820
2026-07-08 11:26:00,3525,48.409760,0.013733,25.198070,23.211690,61831.704019,61840,61846,61808
2026-07-08 11:27:00,5443,56.088430,0.010305,24.623460,31.464970,61857.383445,61874,61879,61832
2026-07-08 11:28:00,7357,198.974740,0.027046,162.867180,36.107560,61901.353038,61889,61923,61866
2026-07-08 11:29:00,3651,20.435910,0.005597,7.446750,12.989160,61900.318479,61912,61913,61889
2026-07-08 11:30:00,3875,23.181550,0.005982,11.591730,11.589820,61914.060463,61938,61938,61903
2026-07-08 11:31:00,4807,100.702740,0.020949,77.223200,23.479540,61998.617382,62006,62020,61938
2026-07-08 11:32:00,4529,214.110880,0.047276,63.235150,150.875730,62036.488840,62052,62062,61990
2026-07-08 11:33:00,3650,94.136960,0.025791,33.234080,60.902880,62076.079366,62100,62115,62051
2026-07-08 11:34:00,3278,126.637270,0.038632,49.089690,77.547580,62120.889481,62143,62148,62100
2026-07-08 11:35:00,4326,132.750230,0.030687,51.436280,81.313950,62173.279194,62180,62190,62140
2026-07-08 11:36:00,2993,124.877420,0.041723,6.289730,118.587690,62150.241519,62106,62180,62106
2026-07-08 11:37:00,2230,29.568380,0.013259,20.648670,8.919710,62134.176215,62105,62150,62100
2026-07-08 11:38:00,2825,11.694700,0.004140,5.586630,6.108070,62106.263515,62080,62129,62080
2026-07-08 11:39:00,2193,6.480060,0.002955,3.605570,2.874490,62067.605987,62062,62094,62052
2026-07-08 11:40:00,2774,8.570100,0.003089,5.657890,2.912210,62091.364425,62103,62112,62051
2026-07-08 11:41:00,1629,10.721180,0.006581,3.567540,7.153640,62092.551830,62087,62104,62087
2026-07-08 11:42:00,2756,8.300140,0.003012,3.437670,4.862470,62083.528886,62091,62096,62066
2026-07-08 11:43:00,1933,10.868830,0.005623,8.122470,2.746360,62115.635010,62140,62143,62091
2026-07-08 11:44:00,3796,8.411290,0.002216,2.570480,5.840810,62115.707419,62102,62143,62088
2026-07-08 11:45:00,1770,4.406950,0.002490,2.479720,1.927230,62125.740741,62146,62146,62102
2026-07-08 11:46:00,2828,9.300290,0.003289,1.987550,7.312740,62124.066591,62093,62150,62093
2026-07-08 11:47:00,2814,8.318480,0.002956,6.195760,2.122720,62097.763261,62132,62132,62076
2026-07-08 11:48:00,2008,5.059730,0.002520,2.589830,2.469900,62119.321194,62122,62132,62107
2026-07-08 11:49:00,2124,6.451070,0.003037,3.453030,2.998040,62119.836918,62124,62130,62110
2026-07-08 11:50:00,1319,14.948830,0.011333,3.612650,11.336180,62116.244674,62100,62126,62100
2026-07-08 11:51:00,2666,15.926720,0.005974,6.533340,9.393380,62067.797251,62056,62100,62051
2026-07-08 11:52:00,1584,11.064270,0.006985,8.540740,2.523530,62067.255514,62071,62075,62056
2026-07-08 11:53:00,2606,12.214570,0.004687,6.863040,5.351530,62101.135783,62120,62122,62071
2026-07-08 11:54:00,1892,13.453160,0.007111,3.295610,10.157550,62111.238352,62114,62120,62096
2026-07-08 11:55:00,2750,30.432800,0.011066,5.927060,24.505740,62102.260127,62065,62116,62065
2026-07-08 11:56:00,3576,33.749230,0.009438,26.863320,6.885910,62074.528485,62082,62097,62065
2026-07-08 11:57:00,2024,6.022850,0.002976,1.365210,4.657640,62086.754288,62083,62096,62082
2026-07-08 11:58:00,1893,4.892570,0.002585,1.454730,3.437840,62080.755673,62076,62084,62069
2026-07-08 11:59:00,1723,10.547510,0.006122,4.483640,6.063870,62076.992170,62069,62082,62069
2026-07-08 12:00:00,2226,96.539180,0.043369,7.201250,89.337930,62057.425866,62058,62069,62048
2026-07-08 12:01:00,6119,95.976470,0.015685,19.524760,76.451710,62070.859987,62052,62094,62047
2026-07-08 12:02:00,2927,30.104780,0.010285,7.604650,22.500130,62003.194965,61980,62052,61980
2026-07-08 12:03:00,2865,8.740300,0.003051,2.993640,5.746660,61989.723616,62000,62003,61980
2026-07-08 12:04:00,2293,31.337550,0.013667,14.024630,17.312920,61993.154524,61988,62002,61988
2026-07-08 12:05:00,2018,26.259450,0.013013,1.629250,24.630200,61976.117962,61956,61988,61944
2026-07-08 12:06:00,2296,12.775740,0.005564,2.418760,10.356980,61949.004657,61937,61962,61916
2026-07-08 12:07:00,2557,14.105140,0.005516,10.498380,3.606760,61927.542173,61933,61942,61912
2026-07-08 12:08:00,2138,7.133660,0.003337,3.614280,3.519380,61923.948499,61923,61940,61912
2026-07-08 12:09:00,2364,7.965920,0.003370,3.679790,4.286130,61918.392629,61909,61934,61903
2026-07-08 12:10:00,1630,5.798000,0.003557,3.898500,1.899500,61919.595003,61928,61928,61909
2026-07-08 12:11:00,3848,16.576700,0.004308,13.080490,3.496210,61957.091129,61964,61984,61928
2026-07-08 12:12:00,3050,18.023010,0.005909,10.684870,7.338140,61950.659599,61913,61976,61908
2026-07-08 12:13:00,2406,9.592450,0.003987,6.985650,2.606800,61926.909851,61957,61957,61909
2026-07-08 12:14:00,1753,14.541120,0.008295,11.287050,3.254070,61966.105976,61947,61975,61947
2026-07-08 12:15:00,2347,7.406240,0.003156,4.683880,2.722360,61962.315930,62005,62005,61947
2026-07-08 12:16:00,2048,3.222680,0.001574,1.416880,1.805800,62002.692230,61988,62023,61988
2026-07-08 12:17:00,2085,3.624020,0.001738,1.729760,1.894260,61991.496477,62004,62004,61983
2026-07-08 12:18:00,2048,2.181540,0.001065,1.447310,0.734230,62008.960116,62030,62030,61990
2026-07-08 12:19:00,1481,2.950490,0.001992,0.245720,2.704770,62002.310992,61991,62030,61991
2026-07-08 12:20:00,1773,5.157610,0.002909,2.990250,2.167360,62009.324618,62020,62020,61991
2026-07-08 12:21:00,2084,6.855340,0.003290,4.531640,2.323700,62035.850068,62055,62057,62020
2026-07-08 12:22:00,1749,5.639930,0.003225,1.315890,4.324040,62041.822829,62050,62055,62032
2026-07-08 12:23:00,1686,3.711800,0.002202,2.757390,0.954410,62046.475893,62057,62057,62038
2026-07-08 12:24:00,2457,17.951050,0.007306,13.739540,4.211510,62067.610936,62033,62075,62033
2026-07-08 12:25:00,2401,5.133500,0.002138,3.754740,1.378760,62045.754611,62056,62062,62033
2026-07-08 12:26:00,1631,5.133530,0.003147,4.180170,0.953360,62075.718814,62084,62092,62056
2026-07-08 12:27:00,717,3.558660,0.004963,2.914140,0.644520,62087.710681,62083,62089,62083
2026-07-08 12:28:00,584,2.076200,0.003555,1.587550,0.488650,62083.311283,62087,62087,62083
2026-07-08 12:29:00,1815,13.948240,0.007685,11.709360,2.238880,62110.576985,62112,62125,62087
2026-07-08 12:30:00,934,2.714730,0.002907,1.929900,0.784830,62112.157678,62121,62122,62104
2026-07-08 12:31:00,4168,23.529230,0.005645,12.904790,10.624440,62094.300249,62080,62121,62080
2026-07-08 12:32:00,3453,6.053790,0.001753,4.219260,1.834530,62099.283401,62133,62139,62066
2026-07-08 12:33:00,1777,4.002200,0.002252,2.327610,1.674590,62123.483881,62102,62133,62102
2026-07-08 12:34:00,1809,8.830560,0.004881,6.799930,2.030630,62129.276425,62136,62140,62100
2026-07-08 12:35:00,1206,10.461890,0.008675,9.167450,1.294440,62146.938824,62147,62150,62136
2026-07-08 12:36:00,2024,16.282700,0.008045,13.566080,2.716620,62154.278283,62154,62171,62147
2026-07-08 12:37:00,2396,23.432360,0.009780,1.790880,21.641480,62144.622064,62108,62154,62108
2026-07-08 12:38:00,2156,3.188800,0.001479,1.893000,1.295800,62110.916982,62105,62126,62100
2026-07-08 12:39:00,1904,6.838610,0.003592,0.635290,6.203320,62108.007534,62101,62118,62099
2026-07-08 12:40:00,1556,2.116460,0.001360,1.254630,0.861830,62108.678304,62124,62124,62097
2026-07-08 12:41:00,933,3.872690,0.004151,2.949720,0.922970,62135.634109,62133,62142,62124
2026-07-08 12:42:00,473,1.361210,0.002878,0.494750,0.866460,62132.537083,62130,62133,62130
2026-07-08 12:43:00,1429,8.951660,0.006264,6.911120,2.040540,62135.088450,62136,62150,62130
2026-07-08 12:44:00,1189,2.747920,0.002311,1.346850,1.401070,62146.948486,62144,62150,62134
2026-07-08 12:45:00,1780,7.581560,0.004259,5.631040,1.950520,62135.263999,62141,62149,62131
2026-07-08 12:46:00,1255,4.168660,0.003322,3.427780,0.740880,62140.601876,62150,62150,62134
2026-07-08 12:47:00,957,6.846500,0.007154,1.430170,5.416330,62152.444297,62154,62154,62147
2026-07-08 12:48:00,2150,5.050380,0.002349,3.169780,1.880600,62147.677722,62132,62167,62132
2026-07-08 12:49:00,1625,5.139360,0.003163,2.105850,3.033510,62127.294068,62130,62132,62114
2026-07-08 12:50:00,2789,112.944990,0.040497,80.714090,32.230900,62137.444324,62152,62152,62101
2026-07-08 12:51:00,8274,143.934960,0.017396,41.708720,102.226240,62166.632487,62148,62200,62140
2026-07-08 12:52:00,871,1.315820,0.001511,0.606610,0.709210,62155.211960,62158,62158,62148
2026-07-08 12:53:00,751,5.431260,0.007232,3.941800,1.489460,62165.204362,62172,62174,62158
2026-07-08 12:54:00,1548,8.578530,0.005542,6.001320,2.577210,62165.568427,62164,62175,62162
2026-07-08 12:55:00,1566,8.337190,0.005324,5.170520,3.166670,62161.423292,62168,62169,62153
2026-07-08 12:56:00,932,3.736040,0.004009,1.921920,1.814120,62169.904918,62174,62174,62165
2026-07-08 12:57:00,849,5.008290,0.005899,3.505830,1.502460,62177.105773,62174,62183,62174
2026-07-08 12:58:00,1290,7.343670,0.005693,0.400720,6.942950,62166.613660,62154,62174,62154
2026-07-08 12:59:00,1829,6.279500,0.003433,0.921310,5.358190,62151.408929,62138,62157,62138
2026-07-08 13:00:00,2166,90.601350,0.041829,56.904760,33.696590,62162.197771,62183,62183,62125
2026-07-08 13:01:00,5226,102.299340,0.019575,15.574160,86.725180,62176.514102,62143,62185,62137
2026-07-08 13:02:00,3702,11.143800,0.003010,5.597970,5.545830,62165.261043,62170,62187,62141
2026-07-08 13:03:00,2466,5.741790,0.002328,1.383310,4.358480,62169.040085,62148,62178,62148
2026-07-08 13:04:00,2627,10.413590,0.003964,6.865240,3.548350,62152.484606,62164,62164,62135
2026-07-08 13:05:00,3632,38.354240,0.010560,29.884050,8.470190,62153.045201,62142,62189,62131
2026-07-08 13:06:00,2237,7.278400,0.003254,5.796290,1.482110,62153.557751,62172,62183,62142
2026-07-08 13:07:00,932,4.232220,0.004541,1.553990,2.678230,62178.578167,62172,62183,62172
2026-07-08 13:08:00,1781,5.288400,0.002969,2.436710,2.851690,62161.238536,62160,62172,62150
2026-07-08 13:09:00,1039,4.066240,0.003914,1.054560,3.011680,62165.196471,62160,62170,62158
2026-07-08 13:10:00,1360,4.445030,0.003268,1.784150,2.660880,62168.167710,62161,62175,62159
2026-07-08 13:11:00,963,0.741080,0.000770,0.210620,0.530460,62159.012894,62150,62164,62150
2026-07-08 13:12:00,3018,8.468620,0.002806,1.725700,6.742920,62098.832702,62074,62150,62074
2026-07-08 13:13:00,2246,5.783170,0.002575,3.591810,2.191360,62101.605630,62128,62128,62074
2026-07-08 13:14:00,994,2.964730,0.002983,0.526670,2.438060,62126.461913,62119,62130,62119
2026-07-08 13:15:00,385,0.655880,0.001704,0.221830,0.434050,62116.568057,62116,62119,62116
2026-07-08 13:16:00,939,5.811020,0.006189,4.241040,1.569980,62117.374397,62112,62126,62112
2026-07-08 13:17:00,1528,1.087550,0.000712,0.272760,0.814790,62102.312248,62100,62112,62090
2026-07-08 13:18:00,888,0.778780,0.000877,0.266310,0.512470,62089.774496,62090,62100,62086
2026-07-08 13:19:00,1772,3.493150,0.001971,2.177540,1.315610,62120.820558,62135,62135,62090
2026-07-08 13:20:00,1480,2.874570,0.001942,2.530230,0.344340,62154.489160,62166,62166,62135
2026-07-08 13:21:00,2444,8.426420,0.003448,2.726120,5.700300,62140.372930,62136,62166,62130
2026-07-08 13:22:00,2149,4.997660,0.002326,1.042790,3.954870,62126.139442,62100,62141,62100
2026-07-08 13:23:00,1515,5.514230,0.003640,2.480360,3.033870,62115.895381,62116,62127,62099
2026-07-08 13:24:00,1360,5.913420,0.004348,3.648890,2.264530,62109.835646,62092,62120,62092
2026-07-08 13:25:00,674,2.633510,0.003907,0.353770,2.279740,62087.579940,62086,62092,62086
2026-07-08 13:26:00,958,1.098680,0.001147,0.806660,0.292020,62091.981263,62096,62096,62083
2026-07-08 13:27:00,891,1.229020,0.001379,0.331440,0.897580,62093.298044,62084,62096,62084
2026-07-08 13:28:00,1343,5.699120,0.004244,4.420500,1.278620,62059.946749,62068,62084,62056
2026-07-08 13:29:00,1374,2.386160,0.001737,2.035030,0.351130,62077.769042,62092,62092,62062
2026-07-08 13:30:00,1933,6.358900,0.003290,4.140100,2.218800,62106.251117,62121,62122,62092
2026-07-08 13:31:00,1654,2.019550,0.001221,0.910670,1.108880,62118.067816,62126,62126,62106
2026-07-08 13:32:00,1816,3.706620,0.002041,2.540390,1.166230,62138.728597,62136,62148,62126
2026-07-08 13:33:00,2399,3.720500,0.001551,0.510200,3.210300,62110.893995,62087,62136,62087
2026-07-08 13:34:00,2383,5.615570,0.002357,3.507080,2.108490,62121.486764,62160,62160,62087
2026-07-08 13:35:00,1522,15.918550,0.010459,6.063330,9.855220,62157.485012,62165,62166,62147
2026-07-08 13:36:00,2067,4.851110,0.002347,2.700480,2.150630,62177.891746,62160,62188,62160
2026-07-08 13:37:00,1586,3.817870,0.002407,0.404810,3.413060,62139.599403,62127,62160,62127
2026-07-08 13:38:00,1512,8.796200,0.005818,4.875430,3.920770,62128.388819,62154,62154,62120
2026-07-08 13:39:00,1733,7.501330,0.004329,2.818740,4.682590,62140.953333,62127,62154,62127
2026-07-08 13:40:00,2512,8.101680,0.003225,5.180340,2.921340,62157.691333,62150,62172,62127
2026-07-08 13:41:00,506,1.713610,0.003387,0.140290,1.573320,62149.911838,62146,62150,62146
2026-07-08 13:42:00,1678,2.879610,0.001716,1.137980,1.741630,62131.824121,62132,62146,62119
2026-07-08 13:43:00,585,3.278940,0.005605,1.819030,1.459910,62136.120453,62142,62142,62132
2026-07-08 13:44:00,12861,73.297270,0.005699,53.241210,20.056060,62289.620175,62386,62390,62134
2026-07-08 13:45:00,7708,29.380550,0.003812,16.667560,12.712990,62364.057433,62336,62392,62327
2026-07-08 13:46:00,3836,10.312440,0.002688,6.687350,3.625090,62296.717460,62292,62336,62284
2026-07-08 13:47:00,3000,9.643960,0.003215,5.590240,4.053720,62291.051412,62286,62310,62270
2026-07-08 13:48:00,4628,16.251030,0.003511,10.713930,5.537100,62323.060687,62299,62346,62275
2026-07-08 13:49:00,1917,9.921020,0.005175,8.780150,1.140870,62320.147342,62346,62346,62296
2026-07-08 13:50:00,2898,7.425210,0.002562,3.029670,4.395540,62320.162206,62293,62346,62293
2026-07-08 13:51:00,2620,7.075330,0.002701,1.368220,5.707110,62266.262883,62252,62300,62244
2026-07-08 13:52:00,2499,5.044490,0.002019,3.115130,1.929360,62262.535669,62302,62302,62234
2026-07-08 13:53:00,3473,17.938410,0.005165,8.005380,9.933030,62313.921567,62292,62351,62290
2026-07-08 13:54:00,2197,6.148990,0.002799,3.970320,2.178670,62304.156581,62332,62332,62291
2026-07-08 13:55:00,2444,9.492630,0.003884,7.336490,2.156140,62347.583423,62355,62358,62332
2026-07-08 13:56:00,2489,4.764780,0.001914,1.675950,3.088830,62339.866610,62314,62362,62306
2026-07-08 13:57:00,1921,20.737760,0.010795,0.902570,19.835190,62282.236136,62274,62314,62274
2026-07-08 13:58:00,862,1.413400,0.001640,0.840600,0.572800,62280.319726,62282,62284,62273
2026-07-08 13:59:00,684,1.129430,0.001651,0.976220,0.153210,62293.357120,62300,62300,62282
2026-07-08 14:00:00,401,4.784130,0.011930,1.534500,3.249630,62299.993207,62300,62300,62300
2026-07-08 14:01:00,2849,16.868550,0.005921,2.369350,14.499200,62271.726578,62250,62300,62246
2026-07-08 14:02:00,3618,22.538260,0.006229,7.940730,14.597530,62239.494073,62206,62264,62206
2026-07-08 14:03:00,1753,10.847080,0.006188,10.345860,0.501220,62247.012589,62260,62260,62206
2026-07-08 14:04:00,1363,3.674370,0.002696,2.098500,1.575870,62271.661663,62280,62280,62260
2026-07-08 14:05:00,1997,13.798490,0.006910,5.325320,8.473170,62275.982794,62292,62292,62265
2026-07-08 14:06:00,3351,8.499500,0.002536,4.585250,3.914250,62321.924225,62324,62336,62292
2026-07-08 14:07:00,2275,9.181900,0.004036,2.781080,6.400820,62321.262378,62329,62333,62314
2026-07-08 14:08:00,5092,41.143300,0.008080,26.268500,14.874800,62389.171417,62389,62422,62329
2026-07-08 14:09:00,3393,7.230580,0.002131,2.913270,4.317310,62387.188886,62334,62405,62334
2026-07-08 14:10:00,3984,163.447250,0.041026,157.972550,5.474700,62396.467434,62407,62451,62329
2026-07-08 14:11:00,5096,33.436160,0.006561,9.347520,24.088640,62397.162193,62367,62426,62367
2026-07-08 14:12:00,1586,19.484230,0.012285,1.664230,17.820000,62379.049311,62368,62384,62367
2026-07-08 14:13:00,1913,6.059990,0.003168,4.335730,1.724260,62381.960554,62383,62393,62366
2026-07-08 14:14:00,3055,3.779600,0.001237,0.945060,2.834540,62367.663374,62352,62383,62352
2026-07-08 14:15:00,1976,3.081330,0.001559,0.870610,2.210720,62334.976679,62320,62352,62320
2026-07-08 14:16:00,2135,5.890220,0.002759,2.263490,3.626730,62309.454889,62338,62338,62300
2026-07-08 14:17:00,2140,6.868770,0.003210,3.586750,3.282020,62352.513160,62338,62372,62338
2026-07-08 14:18:00,734,1.868530,0.002546,1.295710,0.572820,62339.878185,62348,62348,62338
2026-07-08 14:19:00,1922,6.177730,0.003214,4.662700,1.515030,62353.497228,62360,62362,62346
2026-07-08 14:20:00,1331,4.733520,0.003556,2.083540,2.649980,62360.855826,62345,62372,62345
2026-07-08 14:21:00,577,1.514140,0.002624,0.604110,0.910030,62352.491096,62353,62354,62345
2026-07-08 14:22:00,1323,2.715160,0.002052,0.379140,2.336020,62331.256519,62324,62353,62324
2026-07-08 14:23:00,2828,19.603190,0.006932,9.122790,10.480400,62285.143242,62268,62324,62268
2026-07-08 14:24:00,1783,11.507660,0.006454,7.477930,4.029730,62268.668142,62271,62274,62260
2026-07-08 14:25:00,1630,7.663360,0.004701,3.769230,3.894130,62273.113907,62259,62280,62259
2026-07-08 14:26:00,1469,4.172790,0.002841,0.677530,3.495260,62251.652912,62247,62259,62245
2026-07-08 14:27:00,1617,10.973440,0.006786,7.042420,3.931020,62232.207383,62230,62252,62229
2026-07-08 14:28:00,1077,7.689520,0.007140,1.771050,5.918470,62237.391123,62239,62245,62230
2026-07-08 14:29:00,1567,3.293410,0.002102,1.999460,1.293950,62259.243174,62274,62274,62239
2026-07-08 14:30:00,996,7.345600,0.007375,1.298760,6.046840,62275.071350,62285,62285,62272
2026-07-08 14:31:00,4360,11.575410,0.002655,5.660760,5.914650,62266.610323,62242,62302,62238
2026-07-08 14:32:00,1916,3.830980,0.001999,2.391370,1.439610,62251.555234,62262,62262,62238
2026-07-08 14:33:00,3128,12.163300,0.003889,2.296870,9.866430,62226.205738,62200,62262,62200
2026-07-08 14:34:00,4117,153.457590,0.037274,6.254000,147.203590,62177.483560,62143,62204,62131
2026-07-08 14:35:00,2546,32.208530,0.012651,5.899670,26.308860,62139.662081,62162,62162,62128
2026-07-08 14:36:00,3597,9.799560,0.002724,2.352880,7.446680,62140.788616,62120,62165,62120
2026-07-08 14:37:00,3797,9.596070,0.002527,2.284880,7.311190,62119.460324,62128,62142,62091
2026-07-08 14:38:00,2105,7.516170,0.003571,2.706000,4.810170,62125.890709,62137,62137,62115
2026-07-08 14:39:00,1730,3.313690,0.001915,1.098370,2.215320,62136.787244,62150,62150,62126
2026-07-08 14:40:00,859,3.315880,0.003860,0.774360,2.541520,62151.739395,62158,62158,62150
2026-07-08 14:41:00,1851,9.091560,0.004912,5.227740,3.863820,62147.454346,62121,62158,62121
2026-07-08 14:42:00,2359,12.102140,0.005130,8.047370,4.054770,62107.783496,62112,62121,62102
2026-07-08 14:43:00,1192,4.067350,0.003412,1.921420,2.145930,62113.282023,62110,62119,62110
2026-07-08 14:44:00,1609,2.496190,0.001551,0.927140,1.569050,62099.492982,62102,62110,62093
2026-07-08 14:45:00,1283,12.881160,0.010040,1.435850,11.445310,62099.396425,62096,62102,62090
2026-07-08 14:46:00,2059,4.799700,0.002331,2.605560,2.194140,62083.391739,62096,62099,62077
2026-07-08 14:47:00,2862,5.207700,0.001820,2.009220,3.198480,62089.982886,62087,62099,62081
2026-07-08 14:48:00,1050,2.159390,0.002057,0.677220,1.482170,62085.542356,62092,62092,62081
2026-07-08 14:49:00,1258,2.132270,0.001695,0.686320,1.445950,62098.097397,62092,62106,62092
2026-07-08 14:50:00,2581,3.359290,0.001302,0.682080,2.677210,62078.237290,62068,62092,62062
2026-07-08 14:51:00,1474,6.436130,0.004366,3.400310,3.035820,62084.591041,62104,62104,62068
2026-07-08 14:52:00,2912,14.085950,0.004837,1.690450,12.395500,62105.709342,62113,62126,62096
2026-07-08 14:53:00,2233,12.703490,0.005689,0.750100,11.953390,62107.038557,62085,62113,62085
2026-07-08 14:54:00,1534,1.675830,0.001092,0.545360,1.130470,62094.183505,62096,62100,62085
2026-07-08 14:55:00,1740,5.084020,0.002922,1.680910,3.403110,62105.778027,62117,62127,62096
2026-07-08 14:56:00,2250,4.667250,0.002074,2.786080,1.881170,62133.830428,62136,62149,62113
2026-07-08 14:57:00,7648,33.734730,0.004411,13.031230,20.703500,62100.243592,62040,62161,62040
2026-07-08 14:58:00,3224,8.070880,0.002503,2.529960,5.540920,62022.363254,62017,62050,62009
2026-07-08 14:59:00,3298,14.139910,0.004287,2.605300,11.534610,61991.622414,61977,62017,61968
2026-07-08 15:00:00,1704,6.729730,0.003949,2.220710,4.509020,61959.584681,61958,61977,61954
2026-07-08 15:01:00,3722,11.135280,0.002992,5.970920,5.164360,61961.915995,61940,61980,61940
2026-07-08 15:02:00,2195,3.730260,0.001699,1.976800,1.753460,61962.021407,61972,61977,61938
2026-07-08 15:03:00,2813,15.880450,0.005645,12.914410,2.966040,61950.835671,61951,61972,61946
2026-07-08 15:04:00,1348,5.288030,0.003923,2.293340,2.994690,61956.300333,61964,61964,61951
2026-07-08 15:05:00,3263,32.333970,0.009909,21.988520,10.345450,61951.768296,61932,61968,61925
2026-07-08 15:06:00,3376,10.144450,0.003005,5.029930,5.114520,61929.485187,61910,61942,61910
2026-07-08 15:07:00,5430,30.798490,0.005672,4.231450,26.567040,61879.163487,61856,61910,61848
2026-07-08 15:08:00,1739,10.213750,0.005873,2.930620,7.283130,61858.302840,61856,61868,61851
2026-07-08 15:09:00,3395,8.245840,0.002429,5.999360,2.246480,61907.324549,61943,61943,61856
2026-07-08 15:10:00,2742,11.083730,0.004042,5.799450,5.284280,61976.576157,61995,62000,61943
2026-07-08 15:11:00,4842,9.330360,0.001927,3.035940,6.294420,61950.815609,61912,61995,61910
2026-07-08 15:12:00,1379,4.764770,0.003455,1.895000,2.869770,61921.692151,61921,61928,61912
2026-07-08 15:13:00,2703,7.774980,0.002876,4.399060,3.375920,61926.406627,61936,61936,61920
2026-07-08 15:14:00,4793,9.894410,0.002064,2.727510,7.166900,61940.105209,61912,61972,61901
2026-07-08 15:15:00,2579,12.293260,0.004767,6.986620,5.306640,61928.308743,61925,61936,61907
2026-07-08 15:16:00,2846,5.899420,0.002073,2.203630,3.695790,61920.011513,61913,61936,61908
2026-07-08 15:17:00,2491,7.144650,0.002868,1.354590,5.790060,61895.030639,61875,61913,61875
2026-07-08 15:18:00,3201,10.308710,0.003220,6.595800,3.712910,61911.658495,61912,61926,61870
2026-07-08 15:19:00,2682,6.061320,0.002260,2.579250,3.482070,61913.739005,61897,61932,61897
2026-07-08 15:20:00,2101,4.158740,0.001979,1.868100,2.290640,61882.040468,61886,61897,61870
2026-07-08 15:21:00,2495,9.601080,0.003848,6.321520,3.279560,61881.434123,61896,61896,61865
2026-07-08 15:22:00,1550,3.215370,0.002074,0.217510,2.997860,61881.868598,61870,61896,61870
2026-07-08 15:23:00,2037,8.642950,0.004243,3.732110,4.910840,61874.590073,61873,61882,61861
2026-07-08 15:24:00,1804,5.054590,0.002802,0.619900,4.434690,61860.212753,61856,61873,61852
2026-07-08 15:25:00,1553,14.420180,0.009285,5.378230,9.041950,61864.989466,61869,61872,61856
2026-07-08 15:26:00,6842,47.381130,0.006925,5.536260,41.844870,61790.508297,61775,61869,61754
2026-07-08 15:27:00,3469,14.362120,0.004140,7.296310,7.065810,61786.839075,61789,61802,61772
2026-07-08 15:28:00,4765,15.875160,0.003332,9.696340,6.178820,61816.717051,61838,61838,61789
2026-07-08 15:29:00,4617,21.896870,0.004743,7.586220,14.310650,61833.896514,61806,61863,61804
2026-07-08 15:30:00,4332,18.439270,0.004257,9.958330,8.480940,61811.884588,61825,61826,61793
2026-07-08 15:31:00,10589,45.922560,0.004337,22.558930,23.363630,61884.283380,61954,61954,61825
2026-07-08 15:32:00,6895,29.617890,0.004296,19.266450,10.351440,61919.216300,61948,61954,61894
2026-07-08 15:33:00,8495,24.551690,0.002890,18.181680,6.370010,62015.979009,62030,62043,61948
2026-07-08 15:34:00,6726,22.051870,0.003279,14.400930,7.650940,62025.252630,62020,62050,61998
2026-07-08 15:35:00,4797,17.528180,0.003654,12.945750,4.582430,62020.437266,62038,62042,61984
2026-07-08 15:36:00,9672,45.539590,0.004708,15.594370,29.945220,62026.769157,61976,62088,61944
2026-07-08 15:37:00,8280,21.336760,0.002577,11.467120,9.869640,62023.583429,62026,62070,61970
2026-07-08 15:38:00,6113,18.228730,0.002982,9.629330,8.599400,62020.599073,62070,62090,61980
2026-07-08 15:39:00,5754,13.367580,0.002323,5.169000,8.198580,62014.371488,62002,62070,61992
2026-07-08 15:40:00,4645,11.954970,0.002574,6.283330,5.671640,62023.094631,62031,62058,62002
2026-07-08 15:41:00,5199,13.447640,0.002587,7.139150,6.308490,62049.961048,62070,62081,62018
2026-07-08 15:42:00,4514,16.149640,0.003578,4.029450,12.120190,62052.544679,62014,62074,62014
2026-07-08 15:43:00,4223,14.353730,0.003399,5.290960,9.062770,61974.782483,61981,62022,61942
2026-07-08 15:44:00,2709,6.769860,0.002499,3.722970,3.046890,61986.625413,61992,62000,61978
2026-07-08 15:45:00,3145,13.604930,0.004326,4.840330,8.764600,61969.816017,61962,61992,61958
2026-07-08 15:46:00,6706,24.998200,0.003728,10.126210,14.871990,61919.570989,61906,61962,61891
2026-07-08 15:47:00,2233,8.032820,0.003597,3.522160,4.510660,61919.707724,61913,61938,61906
2026-07-08 15:48:00,5431,22.291920,0.004105,3.990350,18.301570,61843.998294,61805,61915,61795
2026-07-08 15:49:00,5312,25.359630,0.004774,9.756280,15.603350,61807.915853,61779,61851,61779
2026-07-08 15:50:00,10343,88.751210,0.008581,28.186640,60.564570,61705.902660,61730,61779,61653
2026-07-08 15:51:00,7547,45.214660,0.005991,19.614280,25.600380,61712.427355,61733,61765,61655
2026-07-08 15:52:00,6327,19.674220,0.003110,12.081400,7.592820,61752.299152,61728,61778,61728
2026-07-08 15:53:00,4964,18.948490,0.003817,6.823150,12.125340,61710.321502,61693,61751,61682
2026-07-08 15:54:00,6142,38.722150,0.006304,21.445230,17.276920,61698.095795,61693,61720,61680
2026-07-08 15:55:00,4661,24.056170,0.005161,9.847450,14.208720,61708.425755,61680,61730,61680
2026-07-08 15:56:00,7444,40.626540,0.005458,18.870350,21.756190,61665.849066,61693,61728,61632
2026-07-08 15:57:00,5721,18.448080,0.003225,9.595350,8.852730,61718.857213,61752,61752,61693
2026-07-08 15:58:00,5684,20.681180,0.003638,14.825470,5.855710,61791.750664,61808,61820,61752
2026-07-08 15:59:00,5016,20.641130,0.004115,14.439570,6.201560,61847.060576,61912,61912,61792
2026-07-08 16:00:00,5826,24.703860,0.004240,14.036310,10.667550,61939.868742,61945,61962,61912
2026-07-08 16:01:00,7991,27.850900,0.003485,14.765100,13.085800,61965.427559,62032,62032,61927
2026-07-08 16:02:00,6299,22.856240,0.003629,12.077390,10.778850,62007.984771,61996,62054,61982
2026-07-08 16:03:00,5509,12.075640,0.002192,4.923340,7.152300,61946.189656,61942,61996,61914
2026-07-08 16:04:00,4573,15.122100,0.003307,7.964350,7.157750,61967.167861,61975,61995,61926
2026-07-08 16:05:00,2927,6.820900,0.002330,3.666360,3.154540,61980.652471,61956,61996,61956
2026-07-08 16:06:00,7625,38.536970,0.005054,24.404340,14.132630,62000.687094,61996,62027,61956
2026-07-08 16:07:00,4912,32.642260,0.006645,27.647740,4.994520,61979.350666,61966,62022,61966
2026-07-08 16:08:00,3479,8.335100,0.002396,4.495760,3.839340,61986.654749,61998,62008,61950
2026-07-08 16:09:00,5301,50.525020,0.009531,38.894250,11.630770,61999.495582,62012,62017,61954
2026-07-08 16:10:00,7214,65.525730,0.009083,32.571750,32.953980,62016.598812,62051,62080,61986
2026-07-08 16:11:00,6963,20.102300,0.002887,8.200720,11.901580,62066.841966,62031,62122,62010
2026-07-08 16:12:00,3589,13.080850,0.003645,5.298780,7.782070,62062.102806,62060,62080,62031
2026-07-08 16:13:00,3286,10.027800,0.003052,3.756850,6.270950,62043.023440,62060,62068,62018
2026-07-08 16:14:00,6172,162.919250,0.026397,144.769100,18.150150,62140.849297,62115,62162,62059
2026-07-08 16:15:00,3244,25.176030,0.007761,12.488420,12.687610,62105.756392,62046,62130,62041
2026-07-08 16:16:00,4004,15.556940,0.003885,4.693850,10.863090,62015.730511,61986,62047,61986
2026-07-08 16:17:00,6181,14.767890,0.002389,4.144650,10.623240,61908.524979,61830,61990,61829
2026-07-08 16:18:00,4780,15.005690,0.003139,9.329430,5.676260,61870.853735,61904,61904,61830
2026-07-08 16:19:00,4555,29.373540,0.006449,26.409200,2.964340,61920.517357,61920,61959,61900
2026-07-08 16:20:00,4889,12.166080,0.002488,3.849290,8.316790,61892.664084,61936,61936,61859
2026-07-08 16:21:00,7643,25.861750,0.003384,17.251960,8.609790,62046.239708,62114,62136,61936
2026-07-08 16:22:00,5797,62.737320,0.010822,16.219790,46.517530,62149.577136,62156,62174,62096
2026-07-08 16:23:00,3797,10.581840,0.002787,3.820720,6.761120,62127.114888,62120,62170,62098
2026-07-08 16:24:00,4188,6.276630,0.001499,2.373900,3.902730,62122.169318,62092,62146,62084
2026-07-08 16:25:00,1969,7.193240,0.003653,5.234290,1.958950,62084.618400,62064,62100,62064
2026-07-08 16:26:00,3197,12.084670,0.003780,9.842020,2.242650,62090.640823,62130,62138,62064
2026-07-08 16:27:00,4046,5.374790,0.001328,2.845870,2.528920,62111.686058,62082,62141,62070
2026-07-08 16:28:00,5194,17.216500,0.003315,3.762310,13.454190,62027.649689,62016,62082,61990
2026-07-08 16:29:00,5479,45.156320,0.008242,36.062560,9.093760,61985.856342,62026,62026,61968
2026-07-08 16:30:00,5860,62.891370,0.010732,49.318510,13.572860,62047.076841,62006,62062,62006
2026-07-08 16:31:00,5969,15.230910,0.002552,4.845650,10.385260,61960.274381,61938,62006,61917
2026-07-08 16:32:00,4349,9.458460,0.002175,6.362850,3.095610,61941.943970,61956,61974,61908
2026-07-08 16:33:00,3166,7.554940,0.002386,1.400690,6.154250,61946.479522,61926,61975,61916
2026-07-08 16:34:00,4281,10.568390,0.002469,3.364600,7.203790,61908.090879,61932,61944,61872
2026-07-08 16:35:00,5655,17.434680,0.003083,9.985250,7.449430,61997.131523,62018,62038,61912
2026-07-08 16:36:00,3836,9.213670,0.002402,1.756710,7.456960,61982.723114,61908,62026,61908
2026-07-08 16:37:00,2556,5.470760,0.002140,1.535110,3.935650,61922.952550,61914,61938,61904
2026-07-08 16:38:00,3517,13.464500,0.003828,5.830640,7.633860,61934.335960,61944,61959,61904
2026-07-08 16:39:00,3059,9.807130,0.003206,4.372610,5.434520,61958.800771,61934,61990,61934
2026-07-08 16:40:00,2445,4.484940,0.001834,2.211520,2.273420,61935.087953,61914,61956,61912
2026-07-08 16:41:00,3312,8.609390,0.002599,5.314640,3.294750,61929.528440,61971,61971,61904
2026-07-08 16:42:00,2961,4.366430,0.001475,2.043650,2.322780,61947.315109,61945,61980,61922
2026-07-08 16:43:00,2059,5.191500,0.002521,0.717890,4.473610,61918.401901,61904,61945,61904
2026-07-08 16:44:00,2824,26.709660,0.009458,2.577690,24.131970,61896.581364,61865,61904,61856
2026-07-08 16:45:00,3346,10.053190,0.003005,5.190140,4.863050,61907.848612,61909,61964,61865
2026-07-08 16:46:00,7920,173.780370,0.021942,7.361940,166.418430,61792.743972,61737,61913,61719
2026-07-08 16:47:00,4136,9.027750,0.002183,3.226760,5.800990,61766.865579,61748,61790,61737
2026-07-08 16:48:00,4420,12.531000,0.002835,6.801130,5.729870,61766.864903,61820,61820,61736
2026-07-08 16:49:00,4021,12.836620,0.003192,5.184670,7.651950,61826.458361,61817,61844,61804
2026-07-08 16:50:00,3619,14.800310,0.004090,2.736890,12.063420,61790.224728,61768,61817,61768
2026-07-08 16:51:00,5261,15.163230,0.002882,5.031470,10.131760,61740.501126,61758,61777,61712
2026-07-08 16:52:00,4624,24.090130,0.005210,8.730600,15.359530,61793.825216,61784,61810,61748
2026-07-08 16:53:00,6446,28.365740,0.004401,17.369790,10.995950,61791.283994,61863,61863,61715
2026-07-08 16:54:00,7770,32.611480,0.004197,19.942980,12.668500,61892.345286,61910,61954,61802
2026-07-08 16:55:00,8409,39.567050,0.004705,27.492700,12.074350,61979.982858,61996,62042,61892
2026-07-08 16:56:00,3991,11.412140,0.002859,5.091870,6.320270,61972.829561,61965,61996,61958
2026-07-08 16:57:00,3581,8.630440,0.002410,1.821920,6.808520,61945.715602,61911,61976,61911
2026-07-08 16:58:00,2212,7.338850,0.003318,1.724750,5.614100,61882.115983,61872,61911,61870
2026-07-08 16:59:00,2261,5.099340,0.002255,2.484190,2.615150,61884.149791,61880,61902,61872
2026-07-08 17:00:00,2372,8.967480,0.003781,6.571540,2.395940,61896.363798,61890,61911,61878
2026-07-08 17:01:00,4103,9.092330,0.002216,3.270700,5.821630,61902.943114,61906,61922,61886
2026-07-08 17:02:00,4598,10.755020,0.002339,2.116720,8.638300,61853.028799,61825,61906,61825
2026-07-08 17:03:00,3545,14.621430,0.004125,7.062550,7.558880,61822.910567,61878,61878,61807
2026-07-08 17:04:00,1966,4.427740,0.002252,2.085040,2.342700,61872.608430,61874,61882,61860
2026-07-08 17:05:00,4568,14.020580,0.003069,2.251670,11.768910,61830.631912,61798,61874,61798
2026-07-08 17:06:00,2828,7.077330,0.002503,6.493470,0.583860,61826.229879,61866,61866,61796
2026-07-08 17:07:00,3124,5.085160,0.001628,0.960500,4.124660,61839.534297,61806,61874,61806
2026-07-08 17:08:00,3749,6.283800,0.001676,2.051830,4.231970,61798.300690,61798,61816,61786
2026-07-08 17:09:00,5176,16.190630,0.003128,3.900520,12.290110,61784.555062,61778,61820,61765
2026-07-08 17:10:00,2291,7.761910,0.003388,3.009660,4.752250,61774.316072,61756,61790,61756
2026-07-08 17:11:00,4194,30.037900,0.007162,9.851240,20.186660,61719.617855,61687,61756,61687
2026-07-08 17:12:00,3869,24.759290,0.006399,16.557370,8.201920,61684.999177,61670,61695,61665
2026-07-08 17:13:00,3673,12.189080,0.003319,7.632560,4.556520,61708.156764,61754,61755,61667
2026-07-08 17:14:00,3294,15.749730,0.004781,3.377280,12.372450,61723.775878,61700,61764,61700
2026-07-08 17:15:00,7054,77.522550,0.010990,7.120710,70.401840,61617.875376,61608,61700,61578
2026-07-08 17:16:00,6076,31.431880,0.005173,14.816370,16.615510,61622.256209,61626,61650,61598
2026-07-08 17:17:00,5097,28.604890,0.005612,6.749850,21.855040,61587.288726,61573,61626,61573
2026-07-08 17:18:00,4100,20.445240,0.004987,8.262390,12.182850,61578.430907,61589,61596,61567
2026-07-08 17:19:00,4850,21.667180,0.004467,14.708940,6.958240,61609.251846,61648,61648,61584
2026-07-08 17:20:00,6330,29.736240,0.004698,13.415030,16.321210,61677.829549,61681,61716,61642
2026-07-08 17:21:00,4340,23.386850,0.005389,9.614780,13.772070,61649.175770,61654,61681,61614
2026-07-08 17:22:00,6365,40.011610,0.006286,12.390410,27.621200,61647.303073,61641,61696,61610
2026-07-08 17:23:00,4256,20.561450,0.004831,3.071930,17.489520,61622.060544,61591,61658,61591
2026-07-08 17:24:00,3078,17.942340,0.005829,7.623610,10.318730,61600.730101,61602,61614,61592
2026-07-08 17:25:00,3620,29.159080,0.008055,10.409670,18.749410,61582.114305,61570,61602,61569
2026-07-08 17:26:00,4066,25.995480,0.006393,12.779320,13.216160,61561.706386,61579,61580,61545
2026-07-08 17:27:00,6919,46.150400,0.006670,10.918590,35.231810,61569.411631,61572,61606,61547
2026-07-08 17:28:00,6173,39.781650,0.006444,13.212540,26.569110,61594.274340,61618,61630,61558
2026-07-08 17:29:00,5684,20.925420,0.003681,8.577840,12.347580,61650.323790,61658,61678,61618
2026-07-08 17:30:00,4391,20.089940,0.004575,4.429900,15.660040,61663.676436,61628,61682,61628
2026-07-08 17:31:00,5362,38.227310,0.007129,8.868620,29.358690,61614.936783,61600,61646,61586
2026-07-08 17:32:00,6404,31.788750,0.004964,11.917350,19.871400,61619.344083,61628,61645,61600
2026-07-08 17:33:00,5048,15.538150,0.003078,7.142190,8.395960,61655.367467,61649,61676,61628
2026-07-08 17:34:00,6033,22.705960,0.003764,12.246390,10.459570,61685.030991,61686,61719,61644
2026-07-08 17:35:00,5965,24.782840,0.004155,16.128730,8.654110,61676.722791,61718,61718,61645
2026-07-08 17:36:00,5192,18.718560,0.003605,11.965440,6.753120,61729.247085,61764,61767,61700
2026-07-08 17:37:00,5765,22.486870,0.003901,9.922210,12.564660,61746.553649,61782,61782,61708
2026-07-08 17:38:00,6029,17.330210,0.002874,3.885930,13.444280,61767.405149,61738,61799,61738
2026-07-08 17:39:00,6268,24.558380,0.003918,10.005720,14.552660,61744.825122,61726,61768,61716
2026-07-08 17:40:00,5785,15.719660,0.002717,5.305000,10.414660,61693.632590,61691,61732,61668
2026-07-08 17:41:00,3968,14.567170,0.003671,6.103150,8.464020,61721.766408,61714,61738,61691
2026-07-08 17:42:00,3530,11.427000,0.003237,2.006740,9.420260,61672.863351,61652,61714,61652
2026-07-08 17:43:00,2614,8.795830,0.003365,1.045930,7.749900,61626.535075,61608,61652,61606
2026-07-08 17:44:00,2079,4.759780,0.002289,2.922630,1.837150,61621.701585,61616,61633,61607
2026-07-08 17:45:00,3239,6.300440,0.001945,3.486900,2.813540,61613.999408,61622,61628,61600
2026-07-08 17:46:00,3365,9.523660,0.002830,3.940080,5.583580,61607.793783,61644,61644,61596
2026-07-08 17:47:00,4547,10.491020,0.002307,3.422330,7.068690,61651.722361,61617,61682,61609
2026-07-08 17:48:00,2368,5.682710,0.002400,4.712990,0.969720,61614.880099,61630,61630,61606
2026-07-08 17:49:00,2251,5.540290,0.002461,2.465540,3.074750,61656.933404,61671,61671,61630
2026-07-08 17:50:00,1977,5.578980,0.002822,2.532200,3.046780,61676.478987,61683,61693,61664
2026-07-08 17:51:00,2144,9.613710,0.004484,8.483670,1.130040,61700.412487,61719,61726,61676
2026-07-08 17:52:00,2504,3.882190,0.001550,2.200120,1.682070,61717.408992,61718,61730,61698
2026-07-08 17:53:00,1744,7.652760,0.004388,1.959890,5.692870,61707.332861,61690,61720,61690
2026-07-08 17:54:00,2757,5.245300,0.001903,3.606800,1.638500,61702.430602,61730,61730,61680
2026-07-08 17:55:00,1939,7.314210,0.003772,2.146670,5.167540,61706.042136,61698,61730,61696
2026-07-08 17:56:00,3148,13.795490,0.004382,2.643280,11.152210,61719.446638,61704,61729,61698
2026-07-08 17:57:00,2909,6.423660,0.002208,2.526330,3.897330,61693.535758,61674,61711,61674
2026-07-08 17:58:00,2125,5.127400,0.002413,2.140760,2.986640,61673.864058,61675,61684,61669
2026-07-08 17:59:00,1793,4.653970,0.002596,2.655600,1.998370,61687.073441,61695,61696,61675
2026-07-08 18:00:00,2338,6.121430,0.002618,3.284870,2.836560,61713.281523,61704,61726,61695
2026-07-08 18:01:00,4035,7.785190,0.001929,4.614480,3.170710,61729.814489,61752,61764,61700
2026-07-08 18:02:00,5050,15.207130,0.003011,7.538970,7.668160,61763.639901,61742,61784,61738
2026-07-08 18:03:00,3050,3.540750,0.001161,1.906620,1.634130,61755.258852,61735,61770,61735
2026-07-08 18:04:00,3951,9.007910,0.002280,5.238620,3.769290,61716.752528,61714,61747,61692
2026-07-08 18:05:00,2310,6.676260,0.002890,2.617970,4.058290,61698.131505,61718,61718,61694
2026-07-08 18:06:00,5313,22.058020,0.004152,16.295150,5.762870,61781.232991,61785,61815,61718
2026-07-08 18:07:00,3357,7.713280,0.002298,4.720470,2.992810,61775.022660,61785,61789,61760
2026-07-08 18:08:00,3612,12.986130,0.003595,10.912500,2.073630,61796.350200,61804,61804,61777
2026-07-08 18:09:00,3236,7.477250,0.002311,3.937800,3.539450,61790.232881,61791,61804,61771
2026-07-08 18:10:00,3914,22.596960,0.005773,21.174060,1.422900,61834.802946,61889,61894,61790
2026-07-08 18:11:00,3505,15.752670,0.004494,9.709470,6.043200,61860.530974,61861,61889,61843
2026-07-08 18:12:00,2314,4.446320,0.001921,3.471250,0.975070,61867.240039,61870,61875,61858
2026-07-08 18:13:00,1794,7.479050,0.004169,5.511230,1.967820,61860.814106,61864,61871,61848
2026-07-08 18:14:00,1519,2.310160,0.001521,1.594890,0.715270,61854.894261,61843,61864,61843
2026-07-08 18:15:00,2708,8.081270,0.002984,4.206440,3.874830,61841.863899,61833,61858,61830
2026-07-08 18:16:00,2595,5.394880,0.002079,2.904090,2.490790,61811.397765,61798,61833,61794
2026-07-08 18:17:00,2378,5.087780,0.002140,3.665570,1.422210,61802.114759,61814,61825,61788
2026-07-08 18:18:00,3829,128.347510,0.033520,124.434800,3.912710,61867.591547,61884,61893,61814
2026-07-08 18:19:00,2438,32.778480,0.013445,29.901430,2.877050,61883.640375,61880,61896,61862
2026-07-08 18:20:00,1318,4.324370,0.003281,2.511150,1.813220,61871.612367,61866,61880,61866
2026-07-08 18:21:00,2655,12.309510,0.004636,10.815730,1.493780,61907.766203,61932,61936,61866
2026-07-08 18:22:00,2776,10.807390,0.003893,6.964060,3.843330,61927.712403,61939,61950,61915
2026-07-08 18:23:00,3191,5.695550,0.001785,3.458030,2.237520,61937.272553,61909,61958,61909
2026-07-08 18:24:00,2482,6.209490,0.002502,3.605050,2.604440,61940.896860,61953,61956,61909
2026-07-08 18:25:00,1527,4.964510,0.003251,2.001280,2.963230,61928.080045,61914,61953,61913
2026-07-08 18:26:00,778,2.063870,0.002653,1.127270,0.936600,61915.627041,61913,61923,61913
2026-07-08 18:27:00,2091,6.541810,0.003129,4.988330,1.553480,61911.419877,61926,61926,61900
2026-07-08 18:28:00,3706,10.048750,0.002711,5.850370,4.198380,61958.044277,61924,61986,61924
2026-07-08 18:29:00,4484,11.818910,0.002636,10.374000,1.444910,61958.202144,61962,61978,61924
2026-07-08 18:30:00,1634,3.924430,0.002402,0.453940,3.470490,61930.224580,61916,61962,61916
2026-07-08 18:31:00,2980,15.734480,0.005280,11.579450,4.155030,61915.217273,61920,61936,61900
2026-07-08 18:32:00,2425,6.305720,0.002600,2.956670,3.349050,61931.903973,61916,61946,61916
2026-07-08 18:33:00,1366,1.911850,0.001400,1.383270,0.528580,61910.094269,61906,61916,61906
2026-07-08 18:34:00,1860,5.395430,0.002901,2.270650,3.124780,61893.634385,61878,61906,61866
2026-07-08 18:35:00,2023,9.708650,0.004799,4.592850,5.115800,61857.720974,61849,61886,61848
2026-07-08 18:36:00,4570,20.944940,0.004583,12.359320,8.585620,61886.034527,61857,61912,61841
2026-07-08 18:37:00,2166,11.073100,0.005112,2.897220,8.175880,61835.861650,61812,61857,61812
2026-07-08 18:38:00,1560,5.511930,0.003533,2.331030,3.180900,61807.176552,61802,61812,61802
2026-07-08 18:39:00,2787,8.354820,0.002998,6.280800,2.074020,61798.477447,61811,61812,61794
2026-07-08 18:40:00,4910,20.174780,0.004109,15.552400,4.622380,61862.216470,61897,61916,61796
2026-07-08 18:41:00,8641,44.773980,0.005182,31.326240,13.447740,61962.345507,62018,62060,61860
2026-07-08 18:42:00,4741,8.874240,0.001872,4.932470,3.941770,62000.764972,62028,62028,61970
2026-07-08 18:43:00,5150,18.861260,0.003662,13.128440,5.732820,62059.621729,62066,62082,62026
2026-07-08 18:44:00,4534,12.472770,0.002751,7.553180,4.919590,62069.932292,62041,62090,62041
2026-07-08 18:45:00,3789,15.820370,0.004175,6.773240,9.047130,62051.234842,62058,62074,62020
2026-07-08 18:46:00,2104,6.064740,0.002882,0.974290,5.090450,62034.110062,62022,62060,62022
2026-07-08 18:47:00,1916,5.852640,0.003055,2.603170,3.249470,62031.240443,62038,62038,62018
2026-07-08 18:48:00,2289,6.120730,0.002674,3.337770,2.782960,62022.595067,62017,62038,62013
2026-07-08 18:49:00,1705,5.027010,0.002948,3.926770,1.100240,62020.899952,62017,62026,62013
2026-07-08 18:50:00,1969,3.642540,0.001850,2.550830,1.091710,62020.321344,62016,62030,62016
2026-07-08 18:51:00,2659,5.305280,0.001995,4.227500,1.077780,62032.593386,62045,62049,62016
2026-07-08 18:52:00,2749,5.372720,0.001954,2.671150,2.701570,62033.812222,62030,62045,62016
2026-07-08 18:53:00,1696,12.469610,0.007352,2.988620,9.480990,62022.165116,62018,62033,62018
2026-07-08 18:54:00,3644,27.912500,0.007660,10.803130,17.109370,62031.444702,62044,62048,62015
2026-07-08 18:55:00,2192,5.068110,0.002312,3.247090,1.821020,62035.750779,62041,62045,62024
2026-07-08 18:56:00,4531,12.299060,0.002714,10.867080,1.431980,62076.268854,62116,62116,62035
2026-07-08 18:57:00,4007,36.432660,0.009092,29.575550,6.857110,62147.096058,62151,62165,62116
2026-07-08 18:58:00,1334,8.127400,0.006093,1.369210,6.758190,62130.865904,62123,62151,62123
2026-07-08 18:59:00,1652,6.153110,0.003725,4.270370,1.882740,62120.484787,62122,62125,62114
2026-07-08 19:00:00,1887,7.267290,0.003851,3.213320,4.053970,62113.671514,62113,62125,62106
2026-07-08 19:01:00,2525,3.535840,0.001400,1.922950,1.612890,62101.962515,62110,62113,62084
2026-07-08 19:02:00,1714,2.906470,0.001696,1.197860,1.708610,62091.811474,62074,62112,62074
2026-07-08 19:03:00,2808,6.859410,0.002443,3.868000,2.991410,62065.848147,62045,62086,62045
2026-07-08 19:04:00,2489,5.345790,0.002148,3.976190,1.369600,62062.209628,62095,62095,62041
2026-07-08 19:05:00,2818,9.372290,0.003326,4.412980,4.959310,62082.722596,62068,62105,62067
2026-07-08 19:06:00,1743,5.152690,0.002956,1.073290,4.079400,62043.974159,62034,62069,62032
2026-07-08 19:07:00,5095,10.835360,0.002127,7.439030,3.396330,62093.965695,62138,62147,62034
2026-07-08 19:08:00,3115,9.138370,0.002934,6.158530,2.979840,62125.394075,62128,62147,62110
2026-07-08 19:09:00,2890,9.020840,0.003121,6.691090,2.329750,62130.510048,62119,62150,62116
2026-07-08 19:10:00,2319,30.120990,0.012989,23.430330,6.690660,62124.664881,62139,62149,62113
2026-07-08 19:11:00,2433,5.770910,0.002372,3.504270,2.266640,62123.955733,62116,62139,62116
2026-07-08 19:12:00,2874,6.663760,0.002319,2.002010,4.661750,62082.215206,62078,62117,62061
2026-07-08 19:13:00,2175,5.857240,0.002693,3.549220,2.308020,62084.487666,62090,62100,62074
2026-07-08 19:14:00,2373,4.479730,0.001888,2.377610,2.102120,62101.842766,62098,62113,62090
2026-07-08 19:15:00,1735,3.578740,0.002063,1.300230,2.278510,62081.415860,62065,62098,62065
2026-07-08 19:16:00,3138,7.192380,0.002292,5.129020,2.063360,62066.167315,62096,62096,62050
2026-07-08 19:17:00,1730,3.455340,0.001997,2.016210,1.439130,62104.825108,62103,62116,62096
2026-07-08 19:18:00,1336,4.558230,0.003412,2.430060,2.128170,62102.055155,62090,62105,62090
2026-07-08 19:19:00,1088,3.149260,0.002895,1.200580,1.948680,62073.950184,62072,62090,62070
2026-07-08 19:20:00,3806,13.905110,0.003653,7.709880,6.195230,62115.978797,62139,62144,62072
2026-07-08 19:21:00,4033,13.701700,0.003397,11.470430,2.231270,62176.709505,62194,62202,62139
2026-07-08 19:22:00,1888,6.876060,0.003642,2.859270,4.016790,62201.063887,62190,62213,62190
2026-07-08 19:23:00,5431,19.359280,0.003565,15.152660,4.206620,62246.831619,62294,62298,62190
2026-07-08 19:24:00,2799,7.438020,0.002657,4.362860,3.075160,62245.278054,62236,62294,62220
2026-07-08 19:25:00,2018,5.092970,0.002524,2.324610,2.768360,62219.877494,62232,62236,62208
2026-07-08 19:26:00,1664,5.948550,0.003575,3.116240,2.832310,62235.301388,62216,62244,62216
2026-07-08 19:27:00,2851,7.998970,0.002806,6.332570,1.666400,62233.313039,62261,62261,62202
2026-07-08 19:28:00,2503,18.177090,0.007262,14.223030,3.954060,62257.290052,62262,62270,62247
2026-07-08 19:29:00,2301,4.761120,0.002069,2.713830,2.047290,62272.391189,62289,62289,62254
2026-07-08 19:30:00,2206,16.376770,0.007424,3.429910,12.946860,62286.018640,62309,62309,62276
2026-07-08 19:31:00,3435,16.691990,0.004859,4.232550,12.459440,62297.660048,62308,62309,62272
2026-07-08 19:32:00,3253,12.571110,0.003864,8.056000,4.515110,62306.814215,62306,62332,62288
2026-07-08 19:33:00,2058,8.032210,0.003903,5.417450,2.614760,62332.877550,62336,62348,62306
2026-07-08 19:34:00,2963,21.523670,0.007264,19.349000,2.174670,62363.648933,62371,62388,62336
2026-07-08 19:35:00,2906,9.051930,0.003115,2.780720,6.271210,62346.478947,62346,62371,62312
2026-07-08 19:36:00,2635,8.901560,0.003378,4.493010,4.408550,62347.268190,62344,62366,62322
2026-07-08 19:37:00,2792,10.877030,0.003896,4.837870,6.039160,62373.134598,62389,62389,62344
2026-07-08 19:38:00,2191,11.104420,0.005068,8.341670,2.762750,62377.888186,62385,62394,62361
2026-07-08 19:39:00,2072,9.622840,0.004644,5.438460,4.184380,62372.286735,62359,62385,62359
2026-07-08 19:40:00,1399,3.966510,0.002835,2.771540,1.194970,62372.659715,62380,62380,62359
2026-07-08 19:41:00,2044,7.922160,0.003876,2.179430,5.742730,62358.969456,62334,62380,62334
2026-07-08 19:42:00,2276,37.099750,0.016300,4.371900,32.727850,62325.318672,62290,62344,62290
2026-07-08 19:43:00,2944,12.260550,0.004165,5.703170,6.557380,62270.361765,62278,62290,62241
2026-07-08 19:44:00,1119,2.306560,0.002061,1.198270,1.108290,62266.366663,62254,62278,62254
2026-07-08 19:45:00,1246,2.746620,0.002204,1.886050,0.860570,62264.788250,62263,62270,62254
2026-07-08 19:46:00,2450,6.373100,0.002601,1.235720,5.137380,62246.896284,62234,62274,62229
2026-07-08 19:47:00,2446,8.842390,0.003615,6.772300,2.070090,62245.336515,62259,62270,62228
2026-07-08 19:48:00,1811,3.783910,0.002089,1.878310,1.905600,62253.452955,62266,62266,62239
2026-07-08 19:49:00,1253,4.921280,0.003928,1.340110,3.581170,62247.842062,62230,62266,62230
2026-07-08 19:50:00,1470,2.806890,0.001909,1.306690,1.500200,62245.820114,62234,62254,62230
2026-07-08 19:51:00,1701,4.998290,0.002938,1.215960,3.782330,62223.560444,62217,62240,62209
2026-07-08 19:52:00,1175,5.779470,0.004919,1.724250,4.055220,62214.448466,62209,62217,62208
2026-07-08 19:53:00,3138,12.994130,0.004141,3.364600,9.629530,62187.600463,62195,62209,62168
2026-07-08 19:54:00,2104,5.089950,0.002419,1.099290,3.990660,62163.642166,62142,62199,62142
2026-07-08 19:55:00,3442,10.654260,0.003095,4.995050,5.659210,62091.529161,62087,62142,62064
2026-07-08 19:56:00,1363,4.111270,0.003016,1.494310,2.616960,62073.504495,62070,62090,62058
2026-07-08 19:57:00,1679,3.486430,0.002076,2.273110,1.213320,62072.894699,62094,62094,62057
2026-07-08 19:58:00,634,2.972280,0.004688,0.896680,2.075600,62082.341943,62078,62094,62078
2026-07-08 19:59:00,1700,5.433010,0.003196,2.439500,2.993510,62096.878446,62108,62113,62078
2026-07-08 20:00:00,971,5.012000,0.005162,2.639050,2.372950,62105.433630,62105,62113,62098
2026-07-08 20:01:00,4359,10.338360,0.002372,7.617210,2.721150,62133.678902,62181,62191,62097
2026-07-08 20:02:00,3160,13.247920,0.004192,10.554060,2.693860,62207.070381,62254,62254,62174
2026-07-08 20:03:00,4153,12.107330,0.002915,3.879420,8.227910,62245.609219,62172,62287,62172
2026-07-08 20:04:00,2939,4.595150,0.001564,2.909820,1.685330,62209.000148,62225,62232,62172
2026-07-08 20:05:00,1661,4.458830,0.002684,1.864580,2.594250,62222.294557,62225,62240,62208
2026-07-08 20:06:00,3167,8.242090,0.002602,6.490030,1.752060,62199.848043,62222,62230,62184
2026-07-08 20:07:00,2284,4.374640,0.001915,1.246580,3.128060,62221.614560,62184,62238,62180
2026-07-08 20:08:00,1416,1.880680,0.001328,0.738040,1.142640,62175.285188,62158,62192,62158
2026-07-08 20:09:00,3424,5.170560,0.001510,4.370060,0.800500,62179.174473,62202,62202,62158
2026-07-08 20:10:00,1627,4.531330,0.002785,1.786890,2.744440,62209.238853,62207,62220,62202
2026-07-08 20:11:00,2345,4.331640,0.001847,2.508310,1.823330,62210.781217,62241,62241,62192
2026-07-08 20:12:00,1891,3.416590,0.001807,1.921930,1.494660,62261.116018,62265,62268,62241
2026-07-08 20:13:00,1812,5.229000,0.002886,2.112940,3.116060,62271.610675,62258,62289,62258
2026-07-08 20:14:00,1740,4.674920,0.002687,2.978490,1.696430,62293.702285,62294,62308,62258
2026-07-08 20:15:00,1250,3.246040,0.002597,2.732780,0.513260,62292.953593,62290,62301,62290
2026-07-08 20:16:00,1978,3.639490,0.001840,2.707050,0.932440,62303.486339,62309,62316,62290
2026-07-08 20:17:00,4056,12.092970,0.002982,4.972220,7.120750,62297.163884,62298,62316,62278
2026-07-08 20:18:00,1292,2.359590,0.001826,1.197250,1.162340,62304.821510,62298,62314,62293
2026-07-08 20:19:00,2759,15.369660,0.005571,9.322280,6.047380,62312.469057,62329,62352,62284
2026-07-08 20:20:00,669,3.073430,0.004594,1.083770,1.989660,62319.214911,62311,62329,62311
2026-07-08 20:21:00,2118,4.145760,0.001957,1.797560,2.348200,62295.553218,62280,62311,62280
2026-07-08 20:22:00,1583,6.370410,0.004024,3.732790,2.637620,62298.296679,62293,62310,62280
2026-07-08 20:23:00,1531,5.971270,0.003900,0.858000,5.113270,62285.537112,62268,62304,62268
2026-07-08 20:24:00,1251,4.014460,0.003209,1.543960,2.470500,62257.659461,62244,62268,62244
2026-07-08 20:25:00,1876,6.138740,0.003272,1.749170,4.389570,62225.351139,62205,62246,62202
2026-07-08 20:26:00,2514,6.849100,0.002724,5.512510,1.336590,62224.532197,62209,62236,62205
2026-07-08 20:27:00,939,1.903030,0.002027,0.504150,1.398880,62202.324684,62204,62209,62193
2026-07-08 20:28:00,988,1.909400,0.001933,1.668580,0.240820,62218.727628,62227,62227,62204
2026-07-08 20:29:00,1642,3.620910,0.002205,1.458630,2.162280,62230.455819,62198,62242,62198
2026-07-08 20:30:00,611,3.758290,0.006151,1.129890,2.628400,62199.656279,62193,62202,62193
2026-07-08 20:31:00,2713,6.269190,0.002311,1.642390,4.626800,62172.467308,62150,62193,62147
2026-07-08 20:32:00,2249,5.136810,0.002284,1.041640,4.095170,62130.292035,62128,62150,62116
2026-07-08 20:33:00,2330,4.066730,0.001745,1.279690,2.787040,62141.788323,62134,62156,62127
2026-07-08 20:34:00,1975,4.962090,0.002512,1.600540,3.361550,62107.254279,62109,62134,62094
2026-07-08 20:35:00,947,2.163750,0.002285,1.018970,1.144780,62097.423411,62090,62109,62090
2026-07-08 20:36:00,1714,5.648640,0.003296,1.518930,4.129710,62069.122593,62059,62090,62054
2026-07-08 20:37:00,2188,18.338140,0.008381,16.783480,1.554660,62059.949141,62060,62067,62045
2026-07-08 20:38:00,2476,5.232630,0.002113,3.060890,2.171740,62079.754695,62094,62094,62060
2026-07-08 20:39:00,2068,4.543960,0.002197,0.961300,3.582660,62080.418634,62066,62094,62066
2026-07-08 20:40:00,960,3.742030,0.003898,0.807910,2.934120,62077.635960,62068,62080,62066
2026-07-08 20:41:00,1752,1.403470,0.000801,1.069550,0.333920,62085.133518,62095,62095,62068
2026-07-08 20:42:00,1633,2.925280,0.001791,0.323110,2.602170,62068.768698,62060,62097,62058
2026-07-08 20:43:00,1481,1.214490,0.000820,0.834230,0.380260,62080.941209,62089,62092,62060
2026-07-08 20:44:00,1247,0.955810,0.000766,0.600180,0.355630,62085.538279,62079,62092,62078
2026-07-08 20:45:00,653,1.175290,0.001800,0.892590,0.282700,62088.268433,62096,62096,62079
2026-07-08 20:46:00,2716,3.621470,0.001333,2.108670,1.512800,62107.808707,62122,62136,62080
2026-07-08 20:47:00,2061,2.964390,0.001438,1.319930,1.644460,62144.526557,62153,62160,62122
2026-07-08 20:48:00,1346,6.413180,0.004765,2.017610,4.395570,62152.333465,62139,62160,62138
2026-07-08 20:49:00,1821,3.456310,0.001898,1.940660,1.515650,62146.454853,62168,62168,62130
2026-07-08 20:50:00,1138,4.371310,0.003841,3.771250,0.600060,62183.948320,62202,62202,62168
2026-07-08 20:51:00,3322,10.964690,0.003301,3.463870,7.500820,62218.329253,62242,62247,62202
2026-07-08 20:52:00,1814,5.693560,0.003139,4.633790,1.059770,62251.088518,62270,62272,62232
2026-07-08 20:53:00,1285,2.975640,0.002316,0.833960,2.141680,62267.236275,62261,62275,62254
2026-07-08 20:54:00,2066,7.452680,0.003607,0.631120,6.821560,62242.340191,62231,62263,62218
2026-07-08 20:55:00,1760,2.819780,0.001602,0.747590,2.072190,62232.391297,62207,62245,62207
2026-07-08 20:56:00,1126,3.939890,0.003499,0.487910,3.451980,62190.486538,62171,62207,62171
2026-07-08 20:57:00,1605,3.969900,0.002473,1.880310,2.089590,62171.749930,62180,62180,62158
2026-07-08 20:58:00,699,0.656930,0.000940,0.292860,0.364070,62176.241357,62175,62182,62170
2026-07-08 20:59:00,302,1.310690,0.004340,0.416340,0.894350,62174.837062,62172,62175,62172
2026-07-08 21:00:00,1211,1.655970,0.001367,1.095770,0.560200,62184.718634,62185,62192,62172
2026-07-08 21:01:00,2769,5.356000,0.001934,4.694070,0.661930,62232.773569,62259,62268,62185
2026-07-08 21:02:00,1599,8.883870,0.005556,0.323500,8.560370,62241.951747,62215,62259,62215
2026-07-08 21:03:00,1446,1.322300,0.000914,0.415690,0.906610,62197.867914,62200,62215,62185
2026-07-08 21:04:00,2348,3.408230,0.001452,2.636740,0.771490,62207.648671,62218,62238,62192
2026-07-08 21:05:00,1077,2.442910,0.002268,1.176840,1.266070,62198.792167,62187,62218,62187
2026-07-08 21:06:00,2279,4.501380,0.001975,1.491970,3.009410,62168.351562,62166,62187,62150
2026-07-08 21:07:00,1438,2.509260,0.001745,0.993350,1.515910,62161.654800,62161,62166,62150
2026-07-08 21:08:00,1131,1.985720,0.001756,0.945610,1.040110,62174.396065,62170,62183,62161
2026-07-08 21:09:00,2253,6.228980,0.002765,1.526430,4.702550,62140.613847,62140,62170,62126
2026-07-08 21:10:00,1934,5.617690,0.002905,1.893610,3.724080,62149.739131,62160,62160,62130
2026-07-08 21:11:00,1254,3.025190,0.002412,1.780510,1.244680,62146.597851,62132,62160,62128
2026-07-08 21:12:00,1587,4.969500,0.003131,1.837370,3.132130,62122.408369,62100,62132,62100
2026-07-08 21:13:00,1430,3.691320,0.002581,1.264130,2.427190,62107.139086,62109,62114,62096
2026-07-08 21:14:00,890,2.840050,0.003191,1.120650,1.719400,62123.505711,62116,62127,62109
2026-07-08 21:15:00,649,2.399620,0.003697,0.078430,2.321190,62103.379145,62093,62116,62093
2026-07-08 21:16:00,1801,4.343460,0.002412,1.163390,3.180070,62080.598907,62087,62093,62068
2026-07-08 21:17:00,723,3.090680,0.004275,0.474180,2.616500,62093.926694,62094,62096,62087
2026-07-08 21:18:00,1172,3.198160,0.002729,1.981530,1.216630,62087.577806,62092,62096,62084
2026-07-08 21:19:00,1064,3.232570,0.003038,2.036410,1.196160,62111.123368,62125,62125,62092
2026-07-08 21:20:00,1484,1.635790,0.001102,0.235290,1.400500,62102.855306,62082,62125,62082
2026-07-08 21:21:00,1854,5.611650,0.003027,5.151710,0.459940,62105.328533,62138,62138,62082
2026-07-08 21:22:00,2245,5.533280,0.002465,5.206960,0.326320,62164.931204,62192,62192,62138
2026-07-08 21:23:00,1274,4.552720,0.003574,2.771240,1.781480,62201.917062,62201,62210,62192
2026-07-08 21:24:00,2318,5.464990,0.002358,0.891790,4.573200,62207.817550,62193,62219,62193
2026-07-08 21:25:00,1202,2.490900,0.002072,1.393090,1.097810,62211.363678,62215,62220,62193
2026-07-08 21:26:00,1678,3.721570,0.002218,2.301660,1.419910,62226.751108,62222,62238,62215
2026-07-08 21:27:00,1675,5.446850,0.003252,3.655510,1.791340,62209.281989,62214,62224,62200
2026-07-08 21:28:00,562,1.961890,0.003491,1.155460,0.806430,62217.218470,62222,62222,62214
2026-07-08 21:29:00,1214,3.674770,0.003027,0.387850,3.286920,62229.055104,62210,62234,62210
2026-07-08 21:30:00,1193,2.919600,0.002447,1.650660,1.268940,62229.860357,62234,62240,62210
2026-07-08 21:31:00,2230,9.860510,0.004422,8.152650,1.707860,62236.207855,62210,62250,62210
2026-07-08 21:32:00,1865,3.392930,0.001819,2.653280,0.739650,62233.362325,62250,62250,62210
2026-07-08 21:33:00,845,1.590840,0.001883,1.023020,0.567820,62247.472581,62250,62252,62241
2026-07-08 21:34:00,646,0.945210,0.001463,0.336170,0.609040,62248.171120,62242,62251,62242
2026-07-08 21:35:00,645,3.854340,0.005976,0.176640,3.677700,62240.984246,62240,62248,62240
2026-07-08 21:36:00,2781,9.953450,0.003579,4.318960,5.634490,62228.709051,62256,62260,62204
2026-07-08 21:37:00,1820,3.171160,0.001742,1.448490,1.722670,62260.257116,62256,62274,62253
2026-07-08 21:38:00,1146,11.497000,0.010032,2.696200,8.800800,62253.721709,62268,62268,62244
2026-07-08 21:39:00,1399,3.334020,0.002383,1.053970,2.280050,62258.360484,62244,62270,62244
2026-07-08 21:40:00,820,1.997280,0.002436,1.297370,0.699910,62253.597235,62253,62260,62244
2026-07-08 21:41:00,1007,2.457670,0.002441,0.381290,2.076380,62253.289731,62241,62261,62241
2026-07-08 21:42:00,1318,1.685920,0.001279,0.357270,1.328650,62241.233075,62245,62248,62237
2026-07-08 21:43:00,1234,3.829930,0.003104,3.252130,0.577800,62252.255384,62256,62259,62235
2026-07-08 21:44:00,637,2.633330,0.004134,2.290680,0.342650,62261.503157,62270,62270,62256
2026-07-08 21:45:00,853,1.846690,0.002165,1.681120,0.165570,62277.965315,62282,62282,62270
2026-07-08 21:46:00,2923,6.990780,0.002392,2.468060,4.522720,62231.855932,62245,62282,62211
2026-07-08 21:47:00,1750,3.555360,0.002032,1.796320,1.759040,62256.461226,62246,62274,62245
2026-07-08 21:48:00,1266,2.094690,0.001655,1.153540,0.941150,62233.046851,62231,62246,62222
2026-07-08 21:49:00,5016,27.163150,0.005415,6.530020,20.633130,62165.920745,62177,62245,62124
2026-07-08 21:50:00,2447,3.832780,0.001566,1.087760,2.745020,62187.407343,62150,62208,62150
2026-07-08 21:51:00,3178,10.100090,0.003178,7.125900,2.974190,62150.478471,62136,62170,62136
2026-07-08 21:52:00,2339,9.266030,0.003962,5.041540,4.224490,62133.022786,62158,62158,62122
2026-07-08 21:53:00,1526,5.478010,0.003590,2.204420,3.273590,62137.568225,62146,62158,62132
2026-07-08 21:54:00,2022,4.787000,0.002367,2.214140,2.572860,62159.033313,62150,62168,62146
2026-07-08 21:55:00,2608,7.009100,0.002688,4.208870,2.800230,62165.463681,62185,62185,62150
2026-07-08 21:56:00,1611,5.251920,0.003260,4.057740,1.194180,62206.548103,62217,62218,62185
2026-07-08 21:57:00,1522,4.383070,0.002880,0.394260,3.988810,62203.928178,62188,62217,62188
2026-07-08 21:58:00,1948,4.485010,0.002302,2.827030,1.657980,62195.867417,62206,62208,62186
2026-07-08 21:59:00,2453,8.423870,0.003434,5.920670,2.503200,62226.975952,62236,62242,62201
2026-07-08 22:00:00,4062,14.985610,0.003689,10.556860,4.428750,62268.459470,62278,62292,62232
2026-07-08 22:01:00,2473,8.457470,0.003420,0.625420,7.832050,62229.120065,62210,62278,62208
2026-07-08 22:02:00,1405,4.321080,0.003076,2.897140,1.423940,62215.964739,62231,62231,62203
2026-07-08 22:03:00,654,2.497870,0.003819,0.640350,1.857520,62234.653718,62238,62240,62231
2026-07-08 22:04:00,1841,6.003660,0.003261,2.987300,3.016360,62251.633018,62263,62263,62238
2026-07-08 22:05:00,224,0.927790,0.004142,0.819430,0.108360,62265.491819,62267,62267,62263
2026-07-08 22:06:00,1540,2.931490,0.001904,2.433180,0.498310,62272.265446,62300,62300,62257
2026-07-08 22:07:00,1646,4.875390,0.002962,3.399580,1.475810,62299.736398,62304,62307,62285
2026-07-08 22:08:00,1670,2.037250,0.001220,0.141740,1.895510,62288.051539,62258,62304,62258
2026-07-08 22:09:00,848,3.160120,0.003727,1.646630,1.513490,62265.764346,62263,62274,62258
2026-07-08 22:10:00,1598,2.183680,0.001367,0.914000,1.269680,62282.286496,62287,62298,62263
2026-07-08 22:11:00,801,1.551060,0.001936,0.180850,1.370210,62272.574469,62269,62287,62269
2026-07-08 22:12:00,2670,12.572570,0.004709,3.068720,9.503850,62219.634190,62206,62269,62184
2026-07-08 22:13:00,584,2.264660,0.003878,1.482530,0.782130,62219.421540,62224,62224,62206
2026-07-08 22:14:00,896,2.234310,0.002494,1.808380,0.425930,62236.478497,62246,62246,62224
2026-07-08 22:15:00,815,1.807460,0.002218,1.582890,0.224570,62252.694376,62258,62258,62246
2026-07-08 22:16:00,1255,7.448120,0.005935,3.038500,4.409620,62244.007780,62237,62258,62228
2026-07-08 22:17:00,1141,4.936210,0.004326,0.803970,4.132240,62222.030787,62205,62237,62205
2026-07-08 22:18:00,1667,9.872920,0.005923,1.792340,8.080580,62180.857868,62147,62205,62147
2026-07-08 22:19:00,1022,2.599880,0.002544,2.491710,0.108170,62164.499631,62177,62177,62147
2026-07-08 22:20:00,1102,3.011590,0.002733,1.440900,1.570690,62173.061001,62175,62182,62164
2026-07-08 22:21:00,1862,4.510220,0.002422,2.698630,1.811590,62195.234173,62206,62222,62164
2026-07-08 22:22:00,1222,2.946830,0.002411,1.356670,1.590160,62208.057333,62224,62224,62198
2026-07-08 22:23:00,2167,5.195490,0.002398,4.138340,1.057150,62226.713077,62250,62250,62214
2026-07-08 22:24:00,308,1.193060,0.003874,0.338370,0.854690,62248.617627,62249,62250,62247
2026-07-08 22:25:00,2104,6.009060,0.002856,1.172930,4.836130,62222.475832,62216,62249,62202
2026-07-08 22:26:00,258,0.729470,0.002827,0.357600,0.371870,62219.285106,62223,62223,62216
2026-07-08 22:27:00,605,2.896340,0.004787,1.569970,1.326370,62235.136332,62241,62241,62223
2026-07-08 22:28:00,243,4.701760,0.019349,0.233740,4.468020,62241.302290,62240,62241,62240
2026-07-08 22:29:00,835,14.014020,0.016783,7.686520,6.327500,62248.680007,62250,62252,62240
2026-07-08 22:30:00,773,8.662360,0.011206,4.230500,4.431860,62253.434302,62268,62268,62250
2026-07-08 22:31:00,1212,7.686630,0.006342,3.222390,4.464240,62266.383203,62268,62268,62253
2026-07-08 22:32:00,1417,4.112600,0.002902,0.214270,3.898330,62250.656410,62230,62268,62230
2026-07-08 22:33:00,496,1.864930,0.003760,1.529520,0.335410,62234.475777,62246,62246,62230
2026-07-08 22:34:00,2443,8.807600,0.003605,3.854120,4.953480,62257.048558,62237,62270,62237
2026-07-08 22:35:00,1127,8.280320,0.007347,2.420840,5.859480,62221.560491,62224,62237,62218
2026-07-08 22:36:00,736,2.394960,0.003254,0.679400,1.715560,62223.149483,62212,62228,62212
2026-07-08 22:37:00,2155,3.096250,0.001437,1.380040,1.716210,62181.769780,62176,62212,62166
2026-07-08 22:38:00,1266,2.693130,0.002127,0.789200,1.903930,62168.197263,62158,62183,62151
2026-07-08 22:39:00,1897,10.064580,0.005306,0.444460,9.620120,62138.646167,62113,62158,62111
2026-07-08 22:40:00,1604,6.703310,0.004179,3.809020,2.894290,62121.689265,62157,62157,62110
2026-07-08 22:41:00,981,3.953430,0.004030,1.214630,2.738800,62172.820708,62178,62178,62157
2026-07-08 22:42:00,688,0.999800,0.001453,0.956410,0.043390,62185.604581,62198,62198,62178
2026-07-08 22:43:00,1143,1.714360,0.001500,0.650940,1.063420,62206.160237,62208,62208,62198
2026-07-08 22:44:00,493,1.937990,0.003931,1.849730,0.088260,62209.332494,62221,62221,62208
2026-07-08 22:45:00,1433,6.503730,0.004539,2.134880,4.368850,62206.655094,62194,62221,62194
2026-07-08 22:46:00,1133,2.881670,0.002543,1.060810,1.820860,62186.631737,62189,62194,62181
2026-07-08 22:47:00,747,4.188630,0.005607,0.387100,3.801530,62185.147664,62189,62189,62180
2026-07-08 22:48:00,592,0.731990,0.001236,0.617040,0.114950,62194.042234,62203,62203,62189
2026-07-08 22:49:00,665,0.865410,0.001301,0.443010,0.422400,62213.917676,62215,62218,62203
2026-07-08 22:50:00,780,2.085200,0.002673,0.648460,1.436740,62212.478414,62211,62215,62204
2026-07-08 22:51:00,719,1.165470,0.001621,0.993700,0.171770,62216.090800,62220,62221,62211
2026-07-08 22:52:00,674,1.269110,0.001883,1.059940,0.209170,62224.793146,62238,62238,62220
2026-07-08 22:53:00,2028,45.854790,0.022611,3.409550,42.445240,62191.887500,62180,62238,62174
2026-07-08 22:54:00,3308,143.856080,0.043487,37.380620,106.475460,62141.945799,62100,62180,62099
2026-07-08 22:55:00,970,68.570560,0.070691,46.372180,22.198380,62105.243265,62113,62116,62100
2026-07-08 22:56:00,1772,34.624130,0.019540,7.225950,27.398180,62112.712814,62083,62125,62083
2026-07-08 22:57:00,1269,10.332940,0.008143,5.328670,5.004270,62097.901123,62106,62112,62083
2026-07-08 22:58:00,580,15.292600,0.026367,9.397020,5.895580,62100.714168,62096,62106,62096
2026-07-08 22:59:00,271,10.963190,0.040455,10.773880,0.189310,62099.814040,62100,62100,62096
2026-07-08 23:00:00,1315,51.610410,0.039247,36.858210,14.752200,62101.508623,62100,62110,62090
2026-07-08 23:01:00,588,21.130230,0.035936,0.300060,20.830170,62103.964060,62103,62104,62100
2026-07-08 23:02:00,772,9.848510,0.012757,1.644670,8.203840,62097.581005,62092,62103,62091
2026-07-08 23:03:00,1450,13.509750,0.009317,1.520150,11.989600,62091.101545,62100,62104,62085
2026-07-08 23:04:00,418,31.796250,0.076068,31.764810,0.031440,62109.951958,62110,62110,62100
2026-07-08 23:05:00,2484,23.764610,0.009567,19.860090,3.904520,62116.257597,62114,62144,62106
2026-07-08 23:06:00,625,0.825910,0.001321,0.714500,0.111410,62120.243158,62131,62131,62114
2026-07-08 23:07:00,1152,13.311340,0.011555,0.505510,12.805830,62136.233121,62126,62138,62126
2026-07-08 23:08:00,2887,18.892390,0.006544,0.513230,18.379160,62081.207950,62061,62126,62053
2026-07-08 23:09:00,946,22.586700,0.023876,1.407150,21.179550,62068.861959,62063,62069,62059
2026-07-08 23:10:00,385,0.518510,0.001347,0.417830,0.100680,62070.510842,62073,62073,62063
2026-07-08 23:11:00,1046,31.017350,0.029653,4.559250,26.458100,62068.895532,62053,62082,62053
2026-07-08 23:12:00,446,2.748510,0.006163,2.299620,0.448890,62054.379710,62065,62065,62053
2026-07-08 23:13:00,5985,75.708970,0.012650,19.657220,56.051750,62014.048466,61990,62067,61980
2026-07-08 23:14:00,2353,9.643710,0.004098,3.679350,5.964360,61972.844365,61969,61990,61956
2026-07-08 23:15:00,1294,16.976080,0.013119,5.778370,11.197710,62004.003918,62000,62017,61969
2026-07-08 23:16:00,1168,5.988570,0.005127,5.481790,0.506780,61995.716718,62002,62002,61981
2026-07-08 23:17:00,1694,12.152010,0.007174,2.862390,9.289620,62004.167422,62018,62019,61992
2026-07-08 23:18:00,1496,5.541900,0.003704,3.182130,2.359770,62033.071001,62041,62046,62018
2026-07-08 23:19:00,1437,5.585470,0.003887,0.309310,5.276160,62037.738413,62014,62046,62008
2026-07-08 23:20:00,220,0.387180,0.001760,0.274810,0.112370,62014.659668,62018,62018,62014
2026-07-08 23:21:00,497,1.791340,0.003604,1.479040,0.312300,62028.502871,62032,62032,62018
2026-07-08 23:22:00,1612,8.466170,0.005252,0.695430,7.770740,62024.203482,62014,62032,62013
2026-07-08 23:23:00,2232,5.796650,0.002597,3.592090,2.204560,62019.302857,62054,62054,62004
2026-07-08 23:24:00,1231,3.292140,0.002674,1.986290,1.305850,62071.957334,62084,62084,62054
2026-07-08 23:25:00,878,3.944420,0.004493,0.524520,3.419900,62074.652516,62075,62084,62070
2026-07-08 23:26:00,1449,4.390120,0.003030,2.781650,1.608470,62054.707852,62074,62075,62047
2026-07-08 23:27:00,657,4.049430,0.006164,0.597750,3.451680,62079.824037,62077,62081,62074
2026-07-08 23:28:00,946,1.899570,0.002008,1.069450,0.830120,62083.621973,62088,62088,62077
2026-07-08 23:29:00,552,0.944020,0.001710,0.558660,0.385360,62094.399560,62095,62096,62088
2026-07-08 23:30:00,272,0.496520,0.001825,0.287540,0.208980,62098.546046,62103,62103,62095
2026-07-08 23:31:00,1805,11.373990,0.006301,3.851560,7.522430,62135.494662,62136,62143,62103
2026-07-08 23:32:00,1691,21.876790,0.012937,7.828100,14.048690,62105.657447,62102,62136,62094
2026-07-08 23:33:00,1403,6.257520,0.004460,1.042460,5.215060,62131.001968,62116,62136,62102
2026-07-08 23:34:00,1109,26.121160,0.023554,11.572930,14.548230,62102.496228,62100,62116,62091
2026-07-08 23:35:00,234,1.191550,0.005092,1.074700,0.116850,62101.778785,62105,62105,62100
2026-07-08 23:36:00,2193,23.404510,0.010672,12.672920,10.731590,62098.282024,62066,62119,62044
2026-07-08 23:37:00,905,2.308610,0.002551,1.191500,1.117110,62090.736001,62102,62102,62066
2026-07-08 23:38:00,2557,36.602610,0.014315,16.601110,20.001500,62128.632025,62120,62152,62102
2026-07-08 23:39:00,952,9.205490,0.009670,4.916950,4.288540,62118.607176,62110,62120,62109
2026-07-08 23:40:00,690,5.154590,0.007470,0.784070,4.370520,62109.345761,62113,62113,62100
2026-07-08 23:41:00,1606,20.906820,0.013018,12.817380,8.089440,62115.157629,62120,62120,62103
2026-07-08 23:42:00,1439,41.525400,0.028857,26.324090,15.201310,62122.367288,62112,62138,62112
2026-07-08 23:43:00,1168,21.166080,0.018122,20.423050,0.743030,62118.007679,62124,62126,62101
2026-07-08 23:44:00,1641,9.538540,0.005813,1.698320,7.840220,62113.612228,62097,62124,62097
2026-07-08 23:45:00,6177,22.491600,0.003641,8.068270,14.423330,62091.859516,62093,62108,62067
2026-07-08 23:46:00,4251,14.825780,0.003488,5.992710,8.833070,62093.789770,62120,62120,62078
2026-07-08 23:47:00,3562,11.896550,0.003340,2.622920,9.273630,62130.680505,62127,62138,62115
2026-07-08 23:48:00,2667,9.579580,0.003592,1.745050,7.834530,62143.497539,62148,62161,62124
2026-07-08 23:49:00,4468,61.786860,0.013829,38.861200,22.925660,62123.913931,62134,62148,62106
2026-07-08 23:50:00,2889,12.152130,0.004206,2.779210,9.372920,62143.052784,62147,62150,62130
2026-07-08 23:51:00,3797,34.613820,0.009116,7.150970,27.462850,62129.531773,62121,62150,62116
2026-07-08 23:52:00,1865,11.690960,0.006269,2.930100,8.760860,62113.576719,62125,62125,62103
2026-07-08 23:53:00,3608,17.776830,0.004927,7.861770,9.915060,62139.859813,62142,62159,62124
2026-07-08 23:54:00,2034,3.779490,0.001858,0.800780,2.978710,62143.589619,62134,62148,62132
2026-07-08 23:55:00,2599,9.200250,0.003540,8.153440,1.046810,62160.097584,62195,62195,62133
2026-07-08 23:56:00,1586,8.543500,0.005387,5.083530,3.459970,62207.568001,62230,62232,62185
2026-07-08 23:57:00,2135,7.658090,0.003587,2.729970,4.928120,62210.287923,62212,62230,62193
2026-07-08 23:58:00,1584,4.948630,0.003124,3.454840,1.493790,62243.879445,62245,62251,62213
2026-07-08 23:59:00,2199,13.583810,0.006177,2.024310,11.559500,62220.933175,62182,62245,62180
