Timestamp,Trades,TotalQty,AvgSize,BuyQty,SellQty,AvgPrice,ClosePrice,HiPrice,LowPrice
2026-04-11 00:00:00,801,2.525260,0.003153,0.459000,2.066260,73198.381673,73191,73204,73191
2026-04-11 00:01:00,3050,12.695860,0.004163,5.000410,7.695450,73195.335072,73155,73210,73155
2026-04-11 00:02:00,565,3.464100,0.006131,1.690800,1.773300,73159.707222,73162,73162,73155
2026-04-11 00:03:00,2023,8.070140,0.003989,0.335650,7.734490,73137.271965,73106,73162,73106
2026-04-11 00:04:00,3777,19.404530,0.005138,9.828020,9.576510,73129.076319,73136,73151,73102
2026-04-11 00:05:00,6031,166.256010,0.027567,144.586470,21.669540,73173.549523,73214,73230,73126
2026-04-11 00:06:00,1270,5.962070,0.004695,1.403420,4.558650,73212.106584,73214,73219,73195
2026-04-11 00:07:00,580,4.487580,0.007737,1.136380,3.351200,73221.386343,73237,73237,73214
2026-04-11 00:08:00,2341,9.618560,0.004109,3.436950,6.181610,73225.509155,73181,73244,73181
2026-04-11 00:09:00,1328,6.763480,0.005093,1.032820,5.730660,73155.399886,73166,73181,73146
2026-04-11 00:10:00,1432,3.760380,0.002626,1.475930,2.284450,73154.350590,73143,73166,73133
2026-04-11 00:11:00,410,0.480880,0.001173,0.397410,0.083470,73153.427611,73158,73158,73143
2026-04-11 00:12:00,1035,1.958850,0.001893,0.803750,1.155100,73161.258068,73148,73172,73148
2026-04-11 00:13:00,1129,4.493390,0.003980,3.051050,1.442340,73143.670969,73150,73154,73137
2026-04-11 00:14:00,738,2.959510,0.004010,1.249000,1.710510,73162.194390,73160,73166,73150
2026-04-11 00:15:00,1051,1.472630,0.001401,0.804180,0.668450,73165.295463,73158,73175,73158
2026-04-11 00:16:00,2156,11.326010,0.005253,8.046970,3.279040,73170.477539,73161,73199,73150
2026-04-11 00:17:00,1808,8.924550,0.004936,5.585240,3.339310,73146.556452,73139,73167,73119
2026-04-11 00:18:00,1458,5.807790,0.003983,2.642630,3.165160,73130.146078,73135,73139,73121
2026-04-11 00:19:00,450,1.583130,0.003518,0.202740,1.380390,73135.080441,73127,73135,73127
2026-04-11 00:20:00,2795,49.658950,0.017767,13.585440,36.073510,73071.913299,73042,73128,73031
2026-04-11 00:21:00,469,3.346160,0.007135,0.231730,3.114430,73035.547276,73030,73042,73030
2026-04-11 00:22:00,1443,9.955700,0.006899,4.176510,5.779190,73016.119229,73023,73030,73000
2026-04-11 00:23:00,853,2.413140,0.002829,0.935710,1.477430,73015.626312,73026,73026,73008
2026-04-11 00:24:00,978,3.447620,0.003525,2.108050,1.339570,73010.943738,73017,73026,73007
2026-04-11 00:25:00,1289,44.658490,0.034646,8.680420,35.978070,73039.454861,73022,73064,73017
2026-04-11 00:26:00,646,30.230520,0.046796,30.028430,0.202090,73041.875021,73059,73059,73022
2026-04-11 00:27:00,1332,5.400790,0.004055,0.303310,5.097480,73041.353773,73026,73059,73016
2026-04-11 00:28:00,368,2.123880,0.005771,0.211390,1.912490,73025.271422,73025,73026,73022
2026-04-11 00:29:00,576,4.710040,0.008177,0.046530,4.663510,73017.009004,73012,73025,73012
2026-04-11 00:30:00,685,10.280790,0.015008,0.320850,9.959940,73015.729949,73012,73024,73011
2026-04-11 00:31:00,802,11.980260,0.014938,11.116240,0.864020,73013.771294,73013,73024,73011
2026-04-11 00:32:00,730,3.080740,0.004220,0.137760,2.942980,73002.024774,73001,73013,73001
2026-04-11 00:33:00,1462,9.479440,0.006484,1.758570,7.720870,72986.460244,72984,73001,72969
2026-04-11 00:34:00,274,1.782160,0.006504,0.095220,1.686940,72983.510534,72984,72984,72984
2026-04-11 00:35:00,1235,1.897620,0.001537,0.168480,1.729140,72974.082787,72967,72984,72962
2026-04-11 00:36:00,1263,3.233670,0.002560,1.616250,1.617420,72969.212284,72980,72980,72957
2026-04-11 00:37:00,944,2.227680,0.002360,0.339550,1.888130,72974.651746,72957,72980,72957
2026-04-11 00:38:00,2608,10.045450,0.003852,2.952160,7.093290,72931.431098,72945,72957,72913
2026-04-11 00:39:00,5316,56.983910,0.010719,10.139450,46.844460,72891.739579,72874,72945,72868
2026-04-11 00:40:00,2203,7.966010,0.003616,3.982860,3.983150,72883.423393,72895,72900,72863
2026-04-11 00:41:00,5526,85.091650,0.015398,21.983180,63.108470,72782.036124,72828,72895,72701
2026-04-11 00:42:00,3954,10.687080,0.002703,4.999080,5.688000,72797.473940,72815,72828,72774
2026-04-11 00:43:00,814,7.176210,0.008816,1.190290,5.985920,72823.854371,72820,72828,72814
2026-04-11 00:44:00,1651,6.665630,0.004037,4.390600,2.275030,72827.623724,72841,72842,72820
2026-04-11 00:45:00,1242,4.361090,0.003511,1.913320,2.447770,72857.874849,72858,72873,72841
2026-04-11 00:46:00,1010,4.724410,0.004678,2.217420,2.506990,72867.976812,72866,72873,72858
2026-04-11 00:47:00,2410,19.036460,0.007899,4.457420,14.579040,72848.434573,72846,72866,72833
2026-04-11 00:48:00,988,6.546880,0.006626,4.380250,2.166630,72843.494248,72841,72853,72839
2026-04-11 00:49:00,660,2.470990,0.003744,2.120630,0.350360,72848.637255,72862,72863,72841
2026-04-11 00:50:00,1563,31.119440,0.019910,2.348650,28.770790,72852.983155,72837,72873,72837
2026-04-11 00:51:00,1913,29.386460,0.015361,24.193160,5.193300,72862.401862,72867,72870,72837
2026-04-11 00:52:00,862,2.315200,0.002686,1.029870,1.285330,72874.029814,72885,72889,72860
2026-04-11 00:53:00,751,1.678580,0.002235,0.098910,1.579670,72878.444225,72866,72885,72866
2026-04-11 00:54:00,193,1.030930,0.005342,0.372990,0.657940,72865.723618,72866,72866,72866
2026-04-11 00:55:00,487,3.076690,0.006318,2.632940,0.443750,72866.826859,72881,72881,72866
2026-04-11 00:56:00,566,1.498650,0.002648,0.377800,1.120850,72888.988384,72885,72889,72881
2026-04-11 00:57:00,519,1.712460,0.003300,1.307340,0.405120,72890.403583,72900,72900,72885
2026-04-11 00:58:00,508,1.924870,0.003789,0.189740,1.735130,72898.775732,72895,72900,72895
2026-04-11 00:59:00,171,1.588190,0.009288,0.109680,1.478510,72895.340691,72895,72895,72895
2026-04-11 01:00:00,1329,21.862560,0.016450,7.635470,14.227090,72875.317105,72877,72895,72874
2026-04-11 01:01:00,2001,46.727300,0.023352,3.131390,43.595910,72870.832714,72829,72877,72829
2026-04-11 01:02:00,1278,9.215450,0.007211,1.181220,8.034230,72798.793616,72792,72829,72792
2026-04-11 01:03:00,441,3.401990,0.007714,3.055590,0.346400,72793.173833,72800,72800,72792
2026-04-11 01:04:00,1179,9.611520,0.008152,6.971130,2.640390,72815.411557,72850,72850,72800
2026-04-11 01:05:00,1580,15.684100,0.009927,9.487310,6.196790,72841.860092,72847,72853,72834
2026-04-11 01:06:00,713,6.383880,0.008954,5.280990,1.102890,72841.697068,72839,72858,72839
2026-04-11 01:07:00,1008,6.901550,0.006847,3.531770,3.369780,72844.692334,72859,72859,72839
2026-04-11 01:08:00,529,2.799170,0.005291,2.653970,0.145200,72865.365693,72874,72874,72859
2026-04-11 01:09:00,739,1.877660,0.002541,1.470110,0.407550,72877.506588,72889,72889,72874
2026-04-11 01:10:00,1861,141.771730,0.076180,0.123260,141.648470,72851.904356,72850,72889,72850
2026-04-11 01:11:00,1168,8.519710,0.007294,5.393650,3.126060,72845.001637,72814,72852,72814
2026-04-11 01:12:00,503,3.040090,0.006044,1.350110,1.689980,72808.265922,72792,72814,72792
2026-04-11 01:13:00,1825,25.256900,0.013839,23.852570,1.404330,72813.155277,72834,72834,72792
2026-04-11 01:14:00,1668,33.338730,0.019987,31.650520,1.688210,72861.902983,72876,72888,72834
2026-04-11 01:15:00,795,2.256220,0.002838,0.208910,2.047310,72883.447494,72880,72887,72876
2026-04-11 01:16:00,575,1.812770,0.003153,0.242710,1.570060,72871.891653,72864,72880,72864
2026-04-11 01:17:00,1311,5.681720,0.004334,3.744900,1.936820,72869.931018,72858,72879,72858
2026-04-11 01:18:00,418,1.453680,0.003478,1.190690,0.262990,72855.318724,72858,72858,72854
2026-04-11 01:19:00,886,2.243010,0.002532,0.265500,1.977510,72837.113218,72826,72858,72826
2026-04-11 01:20:00,323,0.762650,0.002361,0.475560,0.287090,72811.978881,72811,72826,72811
2026-04-11 01:21:00,5000,144.204650,0.028841,134.450850,9.753800,72874.161076,72904,72940,72811
2026-04-11 01:22:00,394,1.056800,0.002682,0.147930,0.908870,72894.584930,72888,72904,72888
2026-04-11 01:23:00,176,0.719290,0.004087,0.265170,0.454120,72888.886336,72889,72889,72888
2026-04-11 01:24:00,1844,5.884590,0.003191,3.890980,1.993610,72892.333865,72863,72912,72863
2026-04-11 01:25:00,805,3.875600,0.004814,2.427720,1.447880,72867.402072,72874,72880,72861
2026-04-11 01:26:00,1469,5.532870,0.003766,4.952590,0.580280,72875.267099,72918,72918,72867
2026-04-11 01:27:00,771,1.688780,0.002190,0.588850,1.099930,72914.362024,72918,72918,72906
2026-04-11 01:28:00,490,1.141200,0.002329,0.164310,0.976890,72909.441982,72893,72918,72893
2026-04-11 01:29:00,143,0.679380,0.004751,0.072100,0.607280,72892.971061,72893,72893,72893
2026-04-11 01:30:00,52,0.121320,0.002333,0.015370,0.105950,72892.971267,72893,72893,72893
2026-04-11 01:31:00,983,2.326160,0.002366,0.649680,1.676480,72878.092684,72863,72893,72863
2026-04-11 01:32:00,563,1.833740,0.003257,0.586900,1.246840,72853.811266,72860,72863,72851
2026-04-11 01:33:00,1058,4.323490,0.004086,0.435770,3.887720,72853.664243,72860,72860,72840
2026-04-11 01:34:00,319,3.050780,0.009564,2.024190,1.026590,72861.488100,72860,72866,72860
2026-04-11 01:35:00,1881,119.577840,0.063571,117.076530,2.501310,72887.566051,72898,72898,72860
2026-04-11 01:36:00,1711,8.292000,0.004846,3.520860,4.771140,72913.153898,72903,72924,72898
2026-04-11 01:37:00,302,2.710460,0.008975,2.569520,0.140940,72904.337417,72910,72910,72903
2026-04-11 01:38:00,800,5.271130,0.006589,3.267880,2.003250,72922.911507,72913,72929,72910
2026-04-11 01:39:00,1021,5.940030,0.005818,2.566960,3.373070,72906.240885,72908,72913,72896
2026-04-11 01:40:00,210,0.353510,0.001683,0.253570,0.099940,72910.318705,72911,72911,72908
2026-04-11 01:41:00,942,1.131570,0.001201,0.642730,0.488840,72906.137551,72911,72911,72894
2026-04-11 01:42:00,118,4.653020,0.039432,4.423700,0.229320,72911.489507,72911,72911,72911
2026-04-11 01:43:00,164,6.486770,0.039553,0.106850,6.379920,72911.480165,72911,72911,72911
2026-04-11 01:44:00,416,23.105930,0.055543,17.458460,5.647470,72911.544726,72924,72924,72911
2026-04-11 01:45:00,479,15.642590,0.032657,2.901830,12.740760,72915.397944,72904,72924,72904
2026-04-11 01:46:00,475,14.929790,0.031431,12.716220,2.213570,72922.875802,72924,72924,72904
2026-04-11 01:47:00,641,18.157440,0.028327,18.024560,0.132880,72941.404482,72943,72943,72924
2026-04-11 01:48:00,216,19.633580,0.090896,0.330360,19.303220,72943.330168,72943,72943,72943
2026-04-11 01:49:00,113,2.969860,0.026282,2.790590,0.179270,72943.339396,72943,72943,72943
2026-04-11 01:50:00,226,9.875890,0.043699,9.105220,0.770670,72943.339220,72943,72943,72943
2026-04-11 01:50:59,180,15.324000,0.085133,15.230680,0.093320,72943.339939,72943,72943,72943
2026-04-11 01:52:00,455,28.108800,0.061778,1.061920,27.046880,72943.014669,72930,72943,72930
2026-04-11 01:53:00,300,1.418520,0.004728,0.953780,0.464740,72932.916537,72935,72936,72930
2026-04-11 01:54:00,80,0.500370,0.006255,0.188630,0.311740,72935.003770,72935,72935,72935
2026-04-11 01:55:00,917,40.926570,0.044631,2.417500,38.509070,72932.956592,72904,72935,72904
2026-04-11 01:56:00,840,2.133520,0.002540,1.997590,0.135930,72916.033894,72937,72937,72904
2026-04-11 01:57:00,795,6.272440,0.007890,5.924790,0.347650,72960.323896,72966,72968,72937
2026-04-11 01:58:00,172,5.723680,0.033277,1.384860,4.338820,72965.752420,72966,72966,72966
2026-04-11 01:59:00,414,21.246980,0.051321,0.275910,20.971070,72964.539941,72950,72966,72950
2026-04-11 02:00:00,733,4.272160,0.005828,1.942500,2.329660,72944.245407,72963,72963,72940
2026-04-11 02:01:00,1044,3.182620,0.003048,2.069070,1.113550,72955.684303,72949,72963,72949
2026-04-11 02:02:00,2589,11.650860,0.004500,6.292970,5.357890,72893.567743,72911,72949,72862
2026-04-11 02:03:00,678,1.778300,0.002623,0.941980,0.836320,72899.900149,72914,72914,72898
2026-04-11 02:04:00,1991,25.458020,0.012787,0.808300,24.649720,72911.998236,72865,72929,72865
2026-04-11 02:05:00,1469,6.174760,0.004203,1.937220,4.237540,72853.599111,72840,72867,72840
2026-04-11 02:06:00,1492,5.762580,0.003862,1.874750,3.887830,72833.209599,72836,72849,72819
2026-04-11 02:07:00,1060,6.352130,0.005993,1.497790,4.854340,72841.216678,72836,72846,72836
2026-04-11 02:08:00,1619,22.621030,0.013972,1.305670,21.315360,72825.275472,72821,72836,72811
2026-04-11 02:09:00,918,2.185250,0.002380,0.977070,1.208180,72835.290591,72873,72873,72820
2026-04-11 02:10:00,1836,140.299370,0.076416,1.646210,138.653160,72850.134869,72849,72884,72847
2026-04-11 02:11:00,1095,3.006050,0.002745,2.063360,0.942690,72850.812472,72847,72862,72838
2026-04-11 02:12:00,485,2.401660,0.004952,1.520340,0.881320,72854.546608,72864,72864,72847
2026-04-11 02:13:00,1051,1.741360,0.001657,0.955600,0.785760,72873.318446,72862,72887,72862
2026-04-11 02:14:00,232,0.778870,0.003357,0.337460,0.441410,72863.726974,72869,72869,72862
2026-04-11 02:15:00,315,1.404460,0.004459,0.327640,1.076820,72877.691182,72871,72880,72869
2026-04-11 02:16:00,466,2.245200,0.004818,0.293230,1.951970,72878.792754,72871,72881,72871
2026-04-11 02:17:00,218,0.925990,0.004248,0.493700,0.432290,72876.387119,72883,72883,72871
2026-04-11 02:18:00,625,5.327140,0.008523,0.184090,5.143050,72877.420664,72862,72883,72862
2026-04-11 02:19:00,544,1.482920,0.002726,0.237780,1.245140,72865.943101,72862,72870,72862
2026-04-11 02:20:00,2236,162.788410,0.072803,142.332850,20.455560,72861.714657,72860,72881,72858
2026-04-11 02:21:00,446,3.064200,0.006870,1.427890,1.636310,72880.539274,72880,72884,72860
2026-04-11 02:22:00,1066,28.096370,0.026357,23.738080,4.358290,72900.279663,72896,72915,72880
2026-04-11 02:23:00,1015,2.452970,0.002417,0.740350,1.712620,72886.518710,72867,72896,72867
2026-04-11 02:24:00,2132,4.425540,0.002076,2.043490,2.382050,72843.798922,72864,72866,72818
2026-04-11 02:25:00,1191,119.504300,0.100339,118.526410,0.977890,72863.654463,72864,72864,72855
2026-04-11 02:26:00,3478,74.922690,0.021542,6.692370,68.230320,72864.814298,72884,72887,72854
2026-04-11 02:27:00,166,1.191350,0.007177,0.421350,0.770000,72883.853537,72884,72884,72884
2026-04-11 02:28:00,635,3.214730,0.005063,1.185190,2.029540,72884.650870,72889,72889,72880
2026-04-11 02:29:00,826,2.554290,0.003092,1.149320,1.404970,72888.094796,72910,72910,72883
2026-04-11 02:30:00,521,4.075890,0.007823,1.057510,3.018380,72904.567172,72898,72910,72898
2026-04-11 02:31:00,849,0.857650,0.001010,0.235400,0.622250,72885.168927,72874,72898,72874
2026-04-11 02:32:00,943,2.562410,0.002717,1.008690,1.553720,72861.803819,72863,72874,72855
2026-04-11 02:33:00,925,4.897430,0.005295,1.237040,3.660390,72850.914567,72848,72863,72844
2026-04-11 02:34:00,1704,3.032660,0.001780,2.036750,0.995910,72855.692123,72861,72866,72848
2026-04-11 02:35:00,648,1.406500,0.002171,0.421460,0.985040,72870.690918,72865,72873,72861
2026-04-11 02:36:00,396,1.082190,0.002733,0.864900,0.217290,72872.162296,72884,72884,72865
2026-04-11 02:37:00,499,0.862650,0.001729,0.126240,0.736410,72884.792190,72877,72888,72877
2026-04-11 02:38:00,768,1.139680,0.001484,0.380450,0.759230,72875.321000,72877,72877,72873
2026-04-11 02:39:00,702,22.839000,0.032534,22.716350,0.122650,72887.839479,72903,72903,72877
2026-04-11 02:40:00,660,23.202830,0.035156,23.023890,0.178940,72913.683985,72920,72920,72903
2026-04-11 02:41:00,1329,4.948340,0.003723,0.500390,4.447950,72924.382592,72904,72938,72904
2026-04-11 02:42:00,677,2.833960,0.004186,0.212210,2.621750,72901.577511,72891,72904,72891
2026-04-11 02:43:00,296,2.752350,0.009298,1.096950,1.655400,72880.834897,72876,72891,72876
2026-04-11 02:44:00,572,1.968740,0.003442,0.637270,1.331470,72878.935556,72876,72881,72876
2026-04-11 02:45:00,508,2.291630,0.004511,1.451990,0.839640,72866.124679,72862,72876,72862
2026-04-11 02:46:00,2506,11.859930,0.004733,2.596670,9.263260,72807.701997,72810,72862,72788
2026-04-11 02:47:00,809,2.461320,0.003042,0.347420,2.113900,72814.059902,72811,72822,72811
2026-04-11 02:48:00,1030,3.273840,0.003178,1.058340,2.215500,72806.899718,72812,72812,72800
2026-04-11 02:49:00,696,2.325260,0.003341,1.958560,0.366700,72816.525959,72831,72831,72812
2026-04-11 02:50:00,811,1.942450,0.002395,0.756990,1.185460,72837.828379,72836,72840,72831
2026-04-11 02:51:00,216,0.763420,0.003534,0.566570,0.196850,72839.526656,72840,72840,72836
2026-04-11 02:52:00,1134,3.754940,0.003311,1.561400,2.193540,72822.472381,72814,72840,72814
2026-04-11 02:53:00,1132,6.342800,0.005603,1.714700,4.628100,72824.572952,72829,72841,72814
2026-04-11 02:54:00,771,2.077620,0.002695,0.399140,1.678480,72821.045027,72821,72829,72814
2026-04-11 02:55:00,793,31.607590,0.039858,21.006730,10.600860,72833.323329,72842,72842,72808
2026-04-11 02:56:00,490,1.623300,0.003313,0.152900,1.470400,72835.458189,72825,72842,72825
2026-04-11 02:57:00,417,2.623640,0.006292,0.344810,2.278830,72815.984837,72814,72825,72814
2026-04-11 02:58:00,249,2.190750,0.008798,1.413640,0.777110,72814.383189,72816,72816,72814
2026-04-11 02:59:00,108,0.276000,0.002556,0.151170,0.124830,72815.965477,72816,72816,72816
2026-04-11 03:00:00,416,0.671300,0.001614,0.619420,0.051880,72820.973736,72828,72828,72816
2026-04-11 03:01:00,382,0.939010,0.002458,0.300920,0.638090,72828.044246,72831,72831,72827
2026-04-11 03:02:00,589,1.007910,0.001711,0.315340,0.692570,72831.172801,72825,72835,72825
2026-04-11 03:03:00,1581,3.705990,0.002344,0.866440,2.839550,72806.014280,72785,72825,72785
2026-04-11 03:04:00,726,6.209200,0.008553,0.384560,5.824640,72782.143169,72778,72785,72772
2026-04-11 03:05:00,194,0.598420,0.003085,0.246760,0.351660,72777.764124,72778,72778,72778
2026-04-11 03:06:00,2298,10.339350,0.004499,2.284750,8.054600,72788.447280,72830,72835,72778
2026-04-11 03:07:00,267,0.668350,0.002503,0.373660,0.294690,72834.272120,72835,72835,72830
2026-04-11 03:08:00,151,1.061920,0.007033,0.813400,0.248520,72834.987660,72835,72835,72835
2026-04-11 03:09:00,189,1.904110,0.010075,1.630730,0.273380,72834.988564,72835,72835,72835
2026-04-11 03:10:00,756,2.092240,0.002768,1.523510,0.568730,72842.381114,72839,72847,72835
2026-04-11 03:11:00,1269,15.804350,0.012454,14.386230,1.418120,72825.873457,72835,72839,72817
2026-04-11 03:12:00,1005,11.605180,0.011547,9.630190,1.974990,72839.409150,72825,72842,72825
2026-04-11 03:13:00,618,2.797260,0.004526,0.378780,2.418480,72813.746566,72810,72825,72810
2026-04-11 03:14:00,1061,5.233430,0.004933,4.305870,0.927560,72810.550550,72816,72821,72809
2026-04-11 03:15:00,433,0.983110,0.002270,0.182900,0.800210,72812.394852,72809,72816,72809
2026-04-11 03:16:00,4416,33.605840,0.007610,3.944860,29.660980,72729.624887,72681,72809,72680
2026-04-11 03:17:00,2457,12.778150,0.005201,1.609560,11.168590,72707.407563,72693,72736,72679
2026-04-11 03:18:00,1520,7.965590,0.005241,2.476520,5.489070,72682.632123,72687,72699,72670
2026-04-11 03:19:00,1069,2.728260,0.002552,1.946910,0.781350,72708.681159,72720,72720,72687
2026-04-11 03:20:00,462,1.678470,0.003633,0.990820,0.687650,72731.404107,72737,72737,72720
2026-04-11 03:21:00,3130,43.830710,0.014003,12.509050,31.321660,72713.845539,72731,72742,72690
2026-04-11 03:22:00,246,0.499290,0.002030,0.130530,0.368760,72730.035198,72725,72731,72725
2026-04-11 03:23:00,578,0.924850,0.001600,0.429190,0.495660,72724.052203,72728,72728,72720
2026-04-11 03:24:00,916,1.656050,0.001808,0.909580,0.746470,72739.149429,72735,72748,72728
2026-04-11 03:25:00,341,3.431920,0.010064,0.430310,3.001610,72734.363989,72730,72735,72730
2026-04-11 03:26:00,1147,6.469870,0.005641,3.659110,2.810760,72728.112242,72727,72737,72716
2026-04-11 03:27:00,136,1.050880,0.007727,0.992540,0.058340,72726.989445,72727,72727,72727
2026-04-11 03:28:00,299,0.703850,0.002354,0.392070,0.311780,72734.887809,72737,72737,72727
2026-04-11 03:29:00,1343,1.119830,0.000834,0.695270,0.424560,72763.390487,72774,72777,72737
2026-04-11 03:30:00,1406,9.751540,0.006936,9.429600,0.321940,72790.939286,72836,72836,72774
2026-04-11 03:31:00,1191,2.638680,0.002216,1.544340,1.094340,72834.317968,72858,72858,72827
2026-04-11 03:32:00,1320,5.565970,0.004217,3.996300,1.569670,72881.386260,72890,72901,72858
2026-04-11 03:33:00,2380,3.913740,0.001644,1.877920,2.035820,72911.820562,72915,72937,72890
2026-04-11 03:34:00,813,10.253920,0.012612,2.391600,7.862320,72914.141037,72906,72916,72906
2026-04-11 03:35:00,390,1.811180,0.004644,0.604230,1.206950,72904.794104,72900,72906,72900
2026-04-11 03:36:00,1239,7.887700,0.006366,0.800510,7.087190,72887.704912,72870,72900,72870
2026-04-11 03:37:00,1393,5.844640,0.004196,2.928630,2.916010,72850.047594,72854,72870,72841
2026-04-11 03:38:00,1795,1.836760,0.001023,0.884380,0.952380,72843.285628,72867,72867,72830
2026-04-11 03:39:00,738,2.083270,0.002823,0.306350,1.776920,72867.189032,72857,72871,72857
2026-04-11 03:40:00,271,0.906640,0.003346,0.107130,0.799510,72858.469962,72860,72860,72855
2026-04-11 03:41:00,530,2.786710,0.005258,0.583250,2.203460,72856.729152,72855,72860,72855
2026-04-11 03:42:00,473,0.752980,0.001592,0.302440,0.450540,72858.322010,72863,72863,72855
2026-04-11 03:43:00,160,1.649590,0.010310,1.340850,0.308740,72863.278128,72863,72863,72863
2026-04-11 03:44:00,660,3.656380,0.005540,0.206840,3.449540,72863.074685,72863,72863,72863
2026-04-11 03:45:00,1560,6.251440,0.004007,0.675560,5.575880,72877.180080,72855,72881,72855
2026-04-11 03:46:00,500,1.616690,0.003233,1.464410,0.152280,72870.110815,72879,72879,72855
2026-04-11 03:47:00,886,7.510150,0.008476,6.005160,1.504990,72889.604522,72912,72912,72879
2026-04-11 03:48:00,371,0.524250,0.001413,0.092470,0.431780,72909.138454,72905,72912,72905
2026-04-11 03:49:00,1281,1.962010,0.001532,1.741440,0.220570,72921.009028,72939,72939,72902
2026-04-11 03:50:00,2209,7.431770,0.003364,6.083270,1.348500,72965.461973,72975,72977,72939
2026-04-11 03:51:00,879,26.933190,0.030641,26.622140,0.311050,72978.124453,72988,72988,72975
2026-04-11 03:52:00,1220,3.139320,0.002573,1.487760,1.651560,72994.362681,72982,73000,72982
2026-04-11 03:53:00,1493,2.328310,0.001559,1.349460,0.978850,72974.687059,72965,72982,72965
2026-04-11 03:54:00,791,1.342020,0.001697,0.262930,1.079090,72955.024233,72950,72965,72946
2026-04-11 03:55:00,369,1.410890,0.003824,0.128220,1.282670,72948.004105,72950,72950,72946
2026-04-11 03:56:00,492,0.792260,0.001610,0.067990,0.724270,72946.986244,72940,72950,72940
2026-04-11 03:57:00,127,0.712250,0.005608,0.104360,0.607890,72940.091465,72940,72940,72940
2026-04-11 03:58:00,681,2.450870,0.003599,0.718700,1.732170,72943.504973,72940,72948,72940
2026-04-11 03:59:00,873,4.194050,0.004804,0.541150,3.652900,72925.532147,72925,72940,72914
2026-04-11 04:00:00,1047,6.962270,0.006650,3.122230,3.840040,72934.410559,72954,72954,72922
2026-04-11 04:01:00,1563,2.901670,0.001856,1.038590,1.863080,72985.615579,72962,72994,72954
2026-04-11 04:02:00,990,1.921900,0.001941,0.195400,1.726500,72942.526731,72922,72962,72922
2026-04-11 04:03:00,949,2.317810,0.002442,1.154260,1.163550,72920.048176,72931,72931,72911
2026-04-11 04:04:00,462,0.667800,0.001445,0.307700,0.360100,72928.330312,72922,72931,72919
2026-04-11 04:05:00,1009,3.752830,0.003719,3.059630,0.693200,72927.834850,72942,72942,72922
2026-04-11 04:06:00,616,2.460310,0.003994,0.155200,2.305110,72941.123301,72922,72945,72922
2026-04-11 04:07:00,697,2.704820,0.003881,1.050920,1.653900,72916.442987,72932,72932,72915
2026-04-11 04:08:00,488,0.529450,0.001085,0.342560,0.186890,72935.796713,72946,72946,72932
2026-04-11 04:09:00,1859,1.441690,0.000776,0.863620,0.578070,72960.876230,72982,72983,72946
2026-04-11 04:10:00,1651,16.487680,0.009986,2.334890,14.152790,72965.975794,72933,72999,72933
2026-04-11 04:11:00,923,8.837930,0.009575,8.153600,0.684330,72939.209999,72957,72957,72922
2026-04-11 04:12:00,640,3.300780,0.005157,0.809600,2.491180,72955.154064,72961,72961,72946
2026-04-11 04:13:00,644,1.432820,0.002225,1.033520,0.399300,72962.336155,72970,72970,72958
2026-04-11 04:14:00,956,2.802470,0.002931,1.694470,1.108000,72975.466730,72972,72981,72970
2026-04-11 04:15:00,395,1.308490,0.003313,0.272920,1.035570,72968.808187,72966,72972,72966
2026-04-11 04:16:00,349,0.830420,0.002379,0.645810,0.184610,72967.658073,72972,72972,72966
2026-04-11 04:17:00,134,0.994970,0.007425,0.173040,0.821930,72972.081739,72972,72972,72972
2026-04-11 04:18:00,2107,10.738680,0.005097,9.435620,1.303060,72997.365016,73013,73014,72972
2026-04-11 04:19:00,1371,6.737900,0.004915,5.131220,1.606680,73025.696993,73038,73039,73013
2026-04-11 04:20:00,804,3.747070,0.004661,0.986710,2.760360,73035.379189,73032,73038,73030
2026-04-11 04:21:00,2054,5.148180,0.002506,0.578660,4.569520,73013.146546,73003,73032,72998
2026-04-11 04:22:00,734,1.394270,0.001900,1.007110,0.387160,73004.672642,73015,73015,72998
2026-04-11 04:23:00,932,2.265140,0.002430,0.289310,1.975830,73010.756882,73004,73015,73000
2026-04-11 04:24:00,246,1.250970,0.005085,0.688240,0.562730,73002.034331,73001,73004,73001
2026-04-11 04:25:00,841,3.673950,0.004369,0.361440,3.312510,72996.453502,72980,73001,72980
2026-04-11 04:26:00,917,6.288680,0.006858,1.327040,4.961640,72979.789437,72977,72981,72976
2026-04-11 04:27:00,1690,7.994130,0.004730,3.121200,4.872930,73006.207057,72994,73014,72977
2026-04-11 04:28:00,606,2.111300,0.003484,1.427780,0.683520,73000.854237,73010,73010,72994
2026-04-11 04:29:00,1061,3.564540,0.003360,0.328880,3.235660,73008.145226,72996,73014,72996
2026-04-11 04:30:00,740,4.908750,0.006633,3.418950,1.489800,72988.490924,72994,72996,72986
2026-04-11 04:31:00,4760,48.237200,0.010134,31.470140,16.767060,73056.658259,73088,73088,72994
2026-04-11 04:32:00,1402,11.660560,0.008317,6.039200,5.621360,73086.310713,73074,73095,73074
2026-04-11 04:33:00,1512,6.730570,0.004451,2.828820,3.901750,73052.319049,73050,73074,73043
2026-04-11 04:34:00,374,3.400810,0.009093,0.677430,2.723380,73048.502871,73048,73050,73047
2026-04-11 04:35:00,311,3.019170,0.009708,0.565260,2.453910,73047.429843,73045,73048,73045
2026-04-11 04:36:00,1189,4.100160,0.003448,1.131410,2.968750,73031.009535,73016,73045,73006
2026-04-11 04:37:00,756,7.597930,0.010050,1.704020,5.893910,73011.656460,73015,73016,73005
2026-04-11 04:38:00,900,2.165960,0.002407,1.749330,0.416630,73031.822023,73030,73036,73015
2026-04-11 04:39:00,439,0.522570,0.001190,0.452790,0.069780,73034.623410,73041,73041,73030
2026-04-11 04:40:00,1899,12.579060,0.006624,8.016300,4.562760,73025.938605,73039,73041,73011
2026-04-11 04:41:00,1180,3.985190,0.003377,0.576060,3.409130,73048.222190,73043,73050,73036
2026-04-11 04:42:00,620,3.480160,0.005613,0.853250,2.626910,73037.553645,73034,73043,73026
2026-04-11 04:43:00,2114,13.211110,0.006249,3.281520,9.929590,72998.785919,72997,73037,72976
2026-04-11 04:44:00,246,0.835030,0.003394,0.330730,0.504300,72997.118335,73000,73000,72997
2026-04-11 04:45:00,132,0.395490,0.002996,0.329950,0.065540,72999.958343,73000,73000,73000
2026-04-11 04:46:00,1530,6.866960,0.004488,0.928890,5.938070,72983.575381,72978,73000,72969
2026-04-11 04:47:00,389,3.509520,0.009022,1.090310,2.419210,72978.130877,72975,72978,72975
2026-04-11 04:48:00,1013,2.581230,0.002548,0.532220,2.049010,72964.637940,72967,72975,72961
2026-04-11 04:49:00,489,5.371630,0.010985,0.222040,5.149590,72959.847739,72954,72967,72950
2026-04-11 04:50:00,808,2.866740,0.003548,0.472900,2.393840,72948.268770,72935,72954,72935
2026-04-11 04:51:00,761,1.675100,0.002201,1.450720,0.224380,72938.634697,72950,72950,72935
2026-04-11 04:52:00,474,3.225980,0.006806,0.786940,2.439040,72956.707949,72958,72958,72950
2026-04-11 04:53:00,813,2.360600,0.002904,1.084410,1.276190,72954.918760,72946,72959,72946
2026-04-11 04:54:00,736,1.828160,0.002484,0.462180,1.365980,72937.244382,72930,72946,72930
2026-04-11 04:55:00,2043,11.851340,0.005801,3.429430,8.421910,72938.505997,72926,72959,72923
2026-04-11 04:56:00,1139,1.311120,0.001151,0.677740,0.633380,72933.694439,72935,72944,72926
2026-04-11 04:57:00,309,0.867810,0.002808,0.516840,0.350970,72937.782850,72944,72944,72935
2026-04-11 04:58:00,87,0.219360,0.002521,0.131020,0.088340,72943.945973,72944,72944,72944
2026-04-11 04:59:00,271,2.275390,0.008396,1.154980,1.120410,72947.230071,72950,72950,72944
2026-04-11 05:00:00,434,5.177550,0.011930,3.904530,1.273020,72952.029919,72967,72967,72950
2026-04-11 05:01:00,2321,13.183260,0.005680,8.935130,4.248130,72988.414529,72984,73007,72967
2026-04-11 05:02:00,736,1.258470,0.001710,0.695230,0.563240,72981.179114,72991,72991,72979
2026-04-11 05:03:00,1001,14.793440,0.014779,13.080630,1.712810,72991.849847,72993,73000,72989
2026-04-11 05:04:00,1332,11.971480,0.008988,10.574750,1.396730,72994.735815,72989,73004,72983
2026-04-11 05:05:00,367,0.810680,0.002209,0.197030,0.613650,72984.646126,72984,72989,72984
2026-04-11 05:06:00,180,0.978860,0.005438,0.630590,0.348270,72984.176442,72984,72984,72984
2026-04-11 05:07:00,140,1.202860,0.008592,0.711940,0.490920,72984.175919,72984,72984,72984
2026-04-11 05:08:00,645,2.315290,0.003590,1.871470,0.443820,72986.008382,72994,72994,72984
2026-04-11 05:09:00,351,0.931720,0.002654,0.164330,0.767390,72989.514908,72986,72994,72986
2026-04-11 05:10:00,1533,5.972350,0.003896,2.363780,3.608570,72980.315111,73000,73000,72970
2026-04-11 05:11:00,802,1.680770,0.002096,1.275210,0.405560,73007.625389,73021,73021,73000
2026-04-11 05:12:00,703,1.608320,0.002288,1.086670,0.521650,73034.379214,73036,73038,73021
2026-04-11 05:13:00,1000,5.742530,0.005743,5.292320,0.450210,73056.165201,73071,73071,73036
2026-04-11 05:14:00,429,4.064630,0.009475,1.337400,2.727230,73073.021009,73067,73075,73067
2026-04-11 05:15:00,789,4.541690,0.005756,0.632040,3.909650,73052.927966,73044,73067,73044
2026-04-11 05:16:00,941,1.528810,0.001625,1.040180,0.488630,73030.676091,73041,73044,73027
2026-04-11 05:17:00,239,1.074740,0.004497,0.662740,0.412000,73040.766110,73047,73047,73041
2026-04-11 05:18:00,530,1.077470,0.002033,0.323450,0.754020,73041.420684,73035,73047,73035
2026-04-11 05:19:00,228,0.888560,0.003897,0.389730,0.498830,73035.274386,73035,73035,73035
2026-04-11 05:20:00,460,0.908720,0.001975,0.221520,0.687200,73031.727326,73034,73035,73029
2026-04-11 05:21:00,478,2.729700,0.005711,2.306610,0.423090,73040.556164,73050,73050,73034
2026-04-11 05:22:00,108,0.624770,0.005785,0.198040,0.426730,73049.993170,73050,73050,73050
2026-04-11 05:23:00,857,5.681120,0.006629,3.555160,2.125960,73048.480623,73039,73051,73036
2026-04-11 05:24:00,183,0.709570,0.003877,0.185230,0.524340,73038.562610,73039,73039,73039
2026-04-11 05:25:00,991,3.992180,0.004028,0.204840,3.787340,73030.013973,73007,73039,73007
2026-04-11 05:26:00,484,2.027460,0.004189,0.433150,1.594310,73009.001456,73011,73011,73002
2026-04-11 05:27:00,112,1.049120,0.009367,0.762290,0.286830,73010.617266,73011,73011,73011
2026-04-11 05:28:00,532,1.011310,0.001901,0.618020,0.393290,73020.791262,73031,73031,73011
2026-04-11 05:29:00,518,1.222730,0.002360,0.211600,1.011130,73026.953538,73019,73031,73019
2026-04-11 05:30:00,447,11.097740,0.024827,0.117940,10.979800,73003.797232,72999,73019,72995
2026-04-11 05:31:00,690,5.756940,0.008343,5.167650,0.589290,73005.392489,73007,73007,72993
2026-04-11 05:32:00,345,2.258400,0.006546,0.301260,1.957140,73003.462603,73000,73007,72995
2026-04-11 05:33:00,324,1.591670,0.004913,1.234020,0.357650,73000.014409,73006,73006,73000
2026-04-11 05:34:00,401,2.556910,0.006376,0.287140,2.269770,73007.658260,73007,73013,73006
2026-04-11 05:35:00,985,1.943600,0.001973,0.052700,1.890900,72981.364346,72961,73007,72961
2026-04-11 05:36:00,1401,4.333960,0.003093,1.837370,2.496590,72948.630803,72942,72961,72930
2026-04-11 05:37:00,585,2.322900,0.003971,1.906280,0.416620,72954.721913,72958,72958,72942
2026-04-11 05:38:00,664,5.441970,0.008196,0.756070,4.685900,72957.745649,72950,72963,72950
2026-04-11 05:39:00,567,4.677900,0.008250,3.624440,1.053460,72942.202281,72949,72950,72939
2026-04-11 05:40:00,1499,10.547280,0.007036,8.424580,2.122700,72954.286594,72965,72965,72940
2026-04-11 05:41:00,862,3.077210,0.003570,0.960120,2.117090,72965.281736,72978,72980,72956
2026-04-11 05:42:00,1546,4.102590,0.002654,3.348940,0.753650,72999.800414,73009,73024,72978
2026-04-11 05:43:00,593,2.018920,0.003405,0.616680,1.402240,73007.490274,73016,73016,73003
2026-04-11 05:44:00,1166,2.566150,0.002201,0.414310,2.151840,73003.481824,72997,73016,72989
2026-04-11 05:45:00,811,1.765360,0.002177,0.105860,1.659500,72988.171166,72980,72997,72980
2026-04-11 05:46:00,1032,3.025140,0.002931,1.548530,1.476610,72960.672408,72959,72980,72952
2026-04-11 05:47:00,220,1.186370,0.005393,0.445390,0.740980,72959.800730,72960,72960,72959
2026-04-11 05:48:00,277,0.728160,0.002629,0.387950,0.340210,72968.110622,72971,72971,72960
2026-04-11 05:49:00,140,1.122980,0.008021,0.159280,0.963700,72970.891418,72971,72971,72971
2026-04-11 05:50:00,361,2.472750,0.006850,2.125300,0.347450,72974.019448,72983,72985,72971
2026-04-11 05:51:00,1208,1.763730,0.001460,0.071910,1.691820,72961.242273,72946,72983,72946
2026-04-11 05:52:00,818,2.537110,0.003102,0.825190,1.711920,72941.807762,72950,72950,72934
2026-04-11 05:53:00,498,1.003930,0.002016,0.209470,0.794460,72949.558339,72946,72950,72946
2026-04-11 05:54:00,666,4.033140,0.006056,0.648470,3.384670,72933.056066,72935,72946,72930
2026-04-11 05:55:00,1225,13.716710,0.011197,1.696470,12.020240,72919.319795,72916,72935,72900
2026-04-11 05:56:00,1624,9.992790,0.006153,0.211420,9.781370,72884.747408,72858,72916,72858
2026-04-11 05:57:00,1885,14.768170,0.007835,1.380330,13.387840,72844.143285,72861,72861,72814
2026-04-11 05:58:00,362,0.866020,0.002392,0.087430,0.778590,72859.538364,72849,72861,72849
2026-04-11 05:59:00,992,3.220340,0.003246,1.305310,1.915030,72850.084330,72857,72857,72837
2026-04-11 06:00:00,900,5.049990,0.005611,4.521640,0.528350,72861.912466,72867,72870,72857
2026-04-11 06:01:00,2088,9.800820,0.004694,2.111230,7.689590,72832.379070,72833,72867,72808
2026-04-11 06:02:00,851,3.460180,0.004066,1.260630,2.199550,72834.538682,72836,72845,72829
2026-04-11 06:03:00,1262,6.239990,0.004945,2.860580,3.379410,72858.898366,72854,72861,72836
2026-04-11 06:04:00,412,0.544690,0.001322,0.087590,0.457100,72847.290168,72840,72854,72840
2026-04-11 06:05:00,2236,8.827310,0.003948,3.843820,4.983490,72871.935165,72858,72889,72836
2026-04-11 06:06:00,1242,14.826150,0.011937,11.774710,3.051440,72898.551350,72896,72916,72858
2026-04-11 06:07:00,789,3.809100,0.004828,1.699420,2.109680,72899.007130,72917,72917,72896
2026-04-11 06:08:00,1630,6.299990,0.003865,4.700350,1.599640,72938.692695,72946,72950,72917
2026-04-11 06:09:00,321,0.656280,0.002044,0.434340,0.221940,72953.458687,72954,72954,72946
2026-04-11 06:10:00,1223,4.769440,0.003900,2.685990,2.083450,72935.199718,72931,72954,72919
2026-04-11 06:11:00,333,0.896170,0.002691,0.670710,0.225460,72932.248618,72937,72937,72931
2026-04-11 06:12:00,132,0.875980,0.006636,0.199270,0.676710,72936.692275,72937,72937,72937
2026-04-11 06:13:00,524,1.256860,0.002399,0.194770,1.062090,72931.009945,72925,72937,72919
2026-04-11 06:14:00,1346,21.290520,0.015818,3.697050,17.593470,72868.769423,72834,72925,72834
2026-04-11 06:15:00,787,2.394980,0.003043,0.598870,1.796110,72837.620205,72838,72841,72830
2026-04-11 06:16:00,2764,21.043580,0.007613,3.331070,17.712510,72780.274775,72748,72840,72732
2026-04-11 06:17:00,263,5.467250,0.020788,4.884670,0.582580,72748.409578,72752,72752,72748
2026-04-11 06:18:00,1033,20.055530,0.019415,18.050680,2.004850,72760.073076,72790,72792,72752
2026-04-11 06:19:00,406,1.028830,0.002534,0.644490,0.384340,72791.763124,72799,72799,72790
2026-04-11 06:20:00,1755,20.616870,0.011748,3.280820,17.336050,72754.152134,72734,72799,72722
2026-04-11 06:21:00,332,2.322320,0.006995,1.875450,0.446870,72735.864537,72739,72739,72734
2026-04-11 06:22:00,637,7.280130,0.011429,2.572480,4.707650,72745.338905,72733,72747,72733
2026-04-11 06:23:00,749,1.177110,0.001572,0.747640,0.429470,72744.472726,72754,72754,72733
2026-04-11 06:24:00,730,6.324230,0.008663,2.098780,4.225450,72749.872617,72758,72758,72742
2026-04-11 06:25:00,799,6.957230,0.008707,1.763830,5.193400,72751.143837,72729,72758,72729
2026-04-11 06:26:00,3120,19.506190,0.006252,8.574890,10.931300,72701.498314,72701,72740,72682
2026-04-11 06:27:00,422,1.809170,0.004287,1.495190,0.313980,72707.123946,72712,72712,72701
2026-04-11 06:28:00,283,2.274710,0.008038,0.777700,1.497010,72714.956928,72716,72716,72712
2026-04-11 06:29:00,144,0.350980,0.002437,0.157320,0.193660,72715.784482,72716,72716,72716
2026-04-11 06:30:00,1698,18.866610,0.011111,11.556280,7.310330,72735.241997,72731,72750,72716
2026-04-11 06:31:00,1532,12.883170,0.008409,9.890230,2.992940,72749.047196,72780,72780,72731
2026-04-11 06:32:00,1105,6.774020,0.006130,2.248310,4.525710,72807.914872,72813,72825,72780
2026-04-11 06:33:00,1014,5.550130,0.005474,3.526570,2.023560,72793.652420,72798,72813,72791
2026-04-11 06:34:00,927,1.894970,0.002044,0.848200,1.046770,72800.876946,72793,72809,72793
2026-04-11 06:35:00,504,4.957780,0.009837,2.930550,2.027230,72794.044764,72780,72798,72780
2026-04-11 06:36:00,946,1.991430,0.002105,0.135690,1.855740,72765.198977,72756,72780,72756
2026-04-11 06:37:00,829,0.707760,0.000854,0.567630,0.140130,72764.706002,72784,72784,72753
2026-04-11 06:38:00,323,2.388060,0.007393,0.742350,1.645710,72789.642855,72787,72792,72784
2026-04-11 06:39:00,488,1.408520,0.002886,0.949390,0.459130,72784.833855,72785,72787,72779
2026-04-11 06:40:00,464,3.321630,0.007159,0.292820,3.028810,72796.756443,72802,72806,72785
2026-04-11 06:41:00,126,1.549120,0.012295,0.034760,1.514360,72801.530224,72802,72802,72802
2026-04-11 06:42:00,362,3.069760,0.008480,0.502350,2.567410,72793.169008,72785,72802,72785
2026-04-11 06:43:00,571,1.541700,0.002700,0.352910,1.188790,72778.700432,72776,72792,72776
2026-04-11 06:44:00,460,1.833930,0.003987,1.695540,0.138390,72781.752664,72804,72804,72776
2026-04-11 06:45:00,95,0.439750,0.004629,0.328470,0.111280,72804.467469,72804,72804,72804
2026-04-11 06:46:00,92,0.228510,0.002484,0.075140,0.153370,72804.463288,72804,72804,72804
2026-04-11 06:47:00,260,3.250430,0.012502,2.919510,0.330920,72804.513511,72806,72806,72804
2026-04-11 06:48:00,638,1.200430,0.001882,0.122140,1.078290,72800.290465,72790,72806,72790
2026-04-11 06:49:00,442,2.709590,0.006130,1.787630,0.921960,72772.263981,72769,72790,72769
2026-04-11 06:50:00,1047,3.986740,0.003808,2.240070,1.746670,72789.354367,72794,72800,72769
2026-04-11 06:51:00,201,2.877160,0.014314,2.761170,0.115990,72796.148624,72800,72800,72794
2026-04-11 06:52:00,141,0.512560,0.003635,0.100340,0.412220,72798.597520,72797,72800,72797
2026-04-11 06:53:00,807,2.089540,0.002589,1.540790,0.548750,72805.761803,72826,72826,72797
2026-04-11 06:54:00,137,0.532020,0.003883,0.071470,0.460550,72825.491343,72825,72826,72825
2026-04-11 06:55:00,390,2.357840,0.006046,0.703950,1.653890,72821.726345,72816,72826,72816
2026-04-11 06:56:00,502,1.272560,0.002535,1.009090,0.263470,72806.150451,72811,72816,72803
2026-04-11 06:57:00,80,0.105130,0.001314,0.077780,0.027350,72811.007398,72811,72811,72811
2026-04-11 06:58:00,84,0.279750,0.003330,0.068000,0.211750,72811.002431,72811,72811,72811
2026-04-11 06:59:00,503,2.596090,0.005161,0.957460,1.638630,72808.025673,72801,72811,72801
2026-04-11 07:00:00,401,2.808840,0.007005,1.486920,1.321920,72802.995322,72806,72806,72801
2026-04-11 07:01:00,169,0.608050,0.003598,0.271070,0.336980,72806.074458,72806,72806,72806
2026-04-11 07:02:00,645,1.923490,0.002982,1.462320,0.461170,72815.580924,72826,72826,72806
2026-04-11 07:03:00,545,8.161460,0.014975,7.888050,0.273410,72817.864458,72822,72826,72818
2026-04-11 07:04:00,277,0.449000,0.001621,0.295610,0.153390,72821.789550,72820,72822,72820
2026-04-11 07:05:00,1000,2.158840,0.002159,0.420410,1.738430,72812.747619,72790,72820,72790
2026-04-11 07:06:00,365,0.863800,0.002367,0.681790,0.182010,72797.738813,72804,72804,72790
2026-04-11 07:07:00,450,1.258760,0.002797,0.220270,1.038490,72801.759080,72789,72804,72789
2026-04-11 07:08:00,115,0.406700,0.003537,0.191810,0.214890,72789.094716,72789,72789,72789
2026-04-11 07:09:00,1006,1.922120,0.001911,1.426040,0.496080,72800.374131,72791,72810,72789
2026-04-11 07:10:00,1402,11.301030,0.008061,0.635610,10.665420,72772.645534,72762,72791,72760
2026-04-11 07:11:00,104,0.286780,0.002758,0.197550,0.089230,72762.006889,72762,72762,72762
2026-04-11 07:12:00,941,0.647600,0.000688,0.280360,0.367240,72747.877058,72746,72762,72742
2026-04-11 07:13:00,534,2.169820,0.004063,0.283310,1.886510,72744.601176,72744,72746,72740
2026-04-11 07:14:00,2399,15.819550,0.006594,5.092010,10.727540,72725.811057,72714,72744,72700
2026-04-11 07:15:00,778,15.240330,0.019589,3.748670,11.491660,72705.758208,72710,72721,72700
2026-04-11 07:16:00,934,1.460470,0.001564,0.195000,1.265470,72684.368023,72679,72710,72679
2026-04-11 07:17:00,492,1.935090,0.003933,1.142490,0.792600,72684.061587,72697,72697,72679
2026-04-11 07:18:00,1447,6.097390,0.004214,3.356920,2.740470,72715.187379,72703,72729,72697
2026-04-11 07:19:00,583,3.822720,0.006557,3.732750,0.089970,72723.835115,72740,72740,72703
2026-04-11 07:20:00,1094,11.967440,0.010939,0.915290,11.052150,72732.190379,72701,72753,72694
2026-04-11 07:21:00,943,11.398700,0.012088,10.986870,0.411830,72740.272588,72765,72765,72701
2026-04-11 07:22:00,351,0.723450,0.002061,0.506770,0.216680,72765.917166,72775,72775,72765
2026-04-11 07:23:00,365,1.977670,0.005418,0.908370,1.069300,72782.407784,72782,72784,72775
2026-04-11 07:24:00,343,0.724810,0.002113,0.275970,0.448840,72774.193801,72771,72782,72771
2026-04-11 07:25:00,107,0.585500,0.005472,0.071020,0.514480,72771.231213,72771,72771,72771
2026-04-11 07:26:00,658,3.667720,0.005574,3.359040,0.308680,72778.721071,72784,72784,72771
2026-04-11 07:27:00,465,1.681160,0.003615,0.639660,1.041500,72780.122224,72774,72786,72774
2026-04-11 07:28:00,540,3.434040,0.006359,1.957930,1.476110,72774.028538,72784,72784,72769
2026-04-11 07:29:00,751,1.319990,0.001758,0.937710,0.382280,72785.239191,72793,72793,72778
2026-04-11 07:30:00,521,0.692260,0.001329,0.582790,0.109470,72798.708414,72810,72810,72793
2026-04-11 07:31:00,638,5.591210,0.008764,4.959880,0.631330,72812.576747,72812,72819,72810
2026-04-11 07:32:00,218,0.482230,0.002212,0.201060,0.281170,72811.258402,72812,72812,72811
2026-04-11 07:33:00,763,2.059500,0.002699,0.848430,1.211070,72815.161578,72825,72825,72812
2026-04-11 07:34:00,785,5.070620,0.006459,0.694830,4.375790,72835.449852,72824,72837,72824
2026-04-11 07:35:00,524,21.157610,0.040377,1.388230,19.769380,72813.226385,72802,72829,72802
2026-04-11 07:36:00,731,20.524900,0.028078,20.211160,0.313740,72820.252932,72826,72826,72802
2026-04-11 07:37:00,121,0.535450,0.004425,0.270150,0.265300,72826.265045,72826,72826,72826
2026-04-11 07:38:00,585,2.182920,0.003731,0.550090,1.632830,72819.649434,72814,72826,72807
2026-04-11 07:39:00,107,0.655890,0.006130,0.393300,0.262590,72813.895996,72814,72814,72814
2026-04-11 07:40:00,652,1.819430,0.002791,1.588430,0.231000,72816.641221,72826,72826,72814
2026-04-11 07:41:00,586,1.706810,0.002913,1.129260,0.577550,72825.016560,72823,72827,72820
2026-04-11 07:42:00,277,0.629960,0.002274,0.442320,0.187640,72831.655390,72831,72834,72823
2026-04-11 07:43:00,102,0.344180,0.003374,0.136860,0.207320,72831.313976,72831,72831,72831
2026-04-11 07:44:00,95,0.572250,0.006024,0.430480,0.141770,72831.317523,72831,72831,72831
2026-04-11 07:45:00,1155,9.151540,0.007923,7.537080,1.614460,72822.955067,72802,72831,72802
2026-04-11 07:46:00,163,1.948420,0.011953,1.480540,0.467880,72798.104063,72798,72802,72798
2026-04-11 07:47:00,935,1.036460,0.001109,0.500050,0.536410,72788.306965,72766,72798,72766
2026-04-11 07:48:00,1532,4.853470,0.003168,1.804440,3.049030,72772.266224,72769,72791,72765
2026-04-11 07:49:00,510,1.632970,0.003202,1.538170,0.094800,72780.598374,72786,72786,72769
2026-04-11 07:50:00,99,1.145760,0.011573,0.078980,1.066780,72785.510689,72786,72786,72786
2026-04-11 07:51:00,608,1.370730,0.002254,0.056590,1.314140,72781.609762,72768,72786,72768
2026-04-11 07:52:00,222,0.826940,0.003725,0.183480,0.643460,72764.928213,72764,72768,72764
2026-04-11 07:53:00,393,0.288820,0.000735,0.116130,0.172690,72762.462907,72757,72764,72757
2026-04-11 07:54:00,295,1.618580,0.005487,0.197300,1.421280,72757.259381,72755,72757,72755
2026-04-11 07:55:00,1005,2.565440,0.002553,2.114690,0.450750,72761.335165,72775,72775,72755
2026-04-11 07:56:00,1354,5.744080,0.004242,1.029550,4.714530,72757.827300,72741,72775,72741
2026-04-11 07:57:00,1022,5.998510,0.005869,0.695080,5.303430,72728.448118,72717,72741,72717
2026-04-11 07:58:00,387,1.285790,0.003322,0.630220,0.655570,72717.133540,72720,72720,72717
2026-04-11 07:59:00,235,1.520140,0.006469,0.333620,1.186520,72721.810084,72722,72722,72720
2026-04-11 08:00:00,520,3.144000,0.006046,1.814250,1.329750,72721.689198,72722,72722,72722
2026-04-11 08:01:00,1011,2.030250,0.002008,0.661490,1.368760,72712.301397,72718,72722,72706
2026-04-11 08:02:00,1239,4.414510,0.003563,0.281850,4.132660,72702.237633,72686,72718,72686
2026-04-11 08:03:00,2074,19.354320,0.009332,2.265050,17.089270,72663.581515,72646,72686,72646
2026-04-11 08:04:00,2289,8.414720,0.003676,2.563200,5.851520,72630.218352,72643,72646,72612
2026-04-11 08:05:00,2009,7.950940,0.003958,4.456940,3.494000,72678.709931,72685,72698,72643
2026-04-11 08:06:00,731,5.048930,0.006907,2.361530,2.687400,72700.559532,72702,72706,72685
2026-04-11 08:07:00,1661,5.174490,0.003115,0.197700,4.976790,72664.944732,72640,72702,72640
2026-04-11 08:08:00,170,1.221290,0.007184,0.450520,0.770770,72639.573689,72640,72640,72640
2026-04-11 08:09:00,1785,9.200960,0.005155,7.319710,1.881250,72663.529178,72672,72692,72640
2026-04-11 08:10:00,629,1.668570,0.002653,0.218020,1.450550,72671.209198,72662,72672,72662
2026-04-11 08:11:00,929,4.182360,0.004502,2.326290,1.856070,72676.353672,72679,72687,72662
2026-04-11 08:12:00,777,1.612870,0.002076,1.303730,0.309140,72687.126904,72699,72699,72679
2026-04-11 08:13:00,322,2.030020,0.006304,1.409810,0.620210,72705.203337,72705,72705,72699
2026-04-11 08:14:00,1138,3.613130,0.003175,1.228900,2.384230,72687.042325,72677,72705,72677
2026-04-11 08:15:00,1884,121.774720,0.064636,82.446990,39.327730,72656.031086,72674,72677,72652
2026-04-11 08:16:00,314,0.661770,0.002108,0.527530,0.134240,72676.501007,72677,72677,72674
2026-04-11 08:17:00,527,1.148360,0.002179,0.557320,0.591040,72683.478278,72686,72687,72677
2026-04-11 08:18:00,954,2.400400,0.002516,1.716250,0.684150,72698.569359,72713,72713,72686
2026-04-11 08:19:00,1148,6.578280,0.005730,0.845400,5.732880,72717.817978,72703,72722,72703
2026-04-11 08:20:00,69,0.432820,0.006273,0.319770,0.113050,72703.167388,72703,72703,72703
2026-04-11 08:21:00,5718,126.948970,0.022202,120.905240,6.043730,72707.505657,72718,72718,72696
2026-04-11 08:22:00,333,3.341030,0.010033,3.150000,0.191030,72721.127978,72724,72724,72718
2026-04-11 08:23:00,677,2.902050,0.004287,0.456730,2.445320,72728.558747,72723,72731,72723
2026-04-11 08:24:00,377,0.397020,0.001053,0.071580,0.325440,72716.606619,72711,72723,72711
2026-04-11 08:25:00,852,40.674330,0.047740,0.133010,40.541320,72685.425696,72681,72711,72662
2026-04-11 08:26:00,3480,52.527530,0.015094,45.178690,7.348840,72678.056808,72661,72690,72661
2026-04-11 08:27:00,1802,4.726880,0.002623,1.581730,3.145150,72649.508868,72665,72665,72634
2026-04-11 08:28:00,762,1.752300,0.002300,0.947670,0.804630,72676.258093,72693,72693,72665
2026-04-11 08:29:00,522,0.494230,0.000947,0.163460,0.330770,72695.890310,72695,72699,72693
2026-04-11 08:30:00,71,0.229490,0.003232,0.083330,0.146160,72695.033631,72695,72695,72695
2026-04-11 08:31:00,346,0.477110,0.001379,0.356030,0.121080,72695.072132,72699,72699,72695
2026-04-11 08:32:00,345,0.938790,0.002721,0.869010,0.069780,72700.926767,72707,72707,72699
2026-04-11 08:33:00,252,3.573010,0.014179,3.192020,0.380990,72704.503404,72704,72707,72704
2026-04-11 08:34:00,88,0.312420,0.003550,0.204540,0.107880,72704.466547,72704,72704,72704
2026-04-11 08:35:00,1635,33.996950,0.020793,2.877820,31.119130,72695.154198,72686,72728,72665
2026-04-11 08:36:00,958,12.082640,0.012612,11.409770,0.672870,72694.377993,72714,72714,72686
2026-04-11 08:37:00,182,2.379150,0.013072,1.612160,0.766990,72713.826776,72714,72714,72714
2026-04-11 08:38:00,989,6.504730,0.006577,6.236730,0.268000,72718.596989,72736,72736,72714
2026-04-11 08:39:00,1410,7.574360,0.005372,6.104890,1.469470,72744.823597,72748,72749,72736
2026-04-11 08:40:00,1281,11.307430,0.008827,4.289780,7.017650,72754.192576,72735,72757,72735
2026-04-11 08:41:00,578,6.834750,0.011825,5.593240,1.241510,72731.179480,72721,72735,72721
2026-04-11 08:42:00,339,1.427430,0.004211,0.814920,0.612510,72721.259839,72724,72724,72721
2026-04-11 08:43:00,241,1.343980,0.005577,0.588010,0.755970,72724.228192,72724,72724,72724
2026-04-11 08:44:00,580,6.863950,0.011834,4.978330,1.885620,72736.426101,72742,72742,72724
2026-04-11 08:45:00,653,2.794720,0.004280,0.100620,2.694100,72739.266859,72727,72742,72727
2026-04-11 08:46:00,545,1.907950,0.003501,0.146330,1.761620,72724.026406,72716,72727,72716
2026-04-11 08:47:00,321,1.307250,0.004072,0.985090,0.322160,72718.082293,72723,72723,72716
2026-04-11 08:48:00,310,1.497030,0.004829,0.730530,0.766500,72724.378491,72728,72728,72723
2026-04-11 08:49:00,529,1.837140,0.003473,0.960130,0.877010,72728.807049,72723,72731,72723
2026-04-11 08:50:00,649,7.112930,0.010960,1.319870,5.793060,72720.936332,72721,72723,72716
2026-04-11 08:51:00,722,7.049730,0.009764,6.509140,0.540590,72731.856004,72743,72743,72721
2026-04-11 08:52:00,138,0.536610,0.003888,0.208470,0.328140,72742.873885,72743,72743,72743
2026-04-11 08:53:00,369,5.715450,0.015489,5.255440,0.460010,72753.333713,72757,72757,72743
2026-04-11 08:54:00,324,1.274330,0.003933,0.854160,0.420170,72758.552416,72762,72762,72757
2026-04-11 08:55:00,392,1.804930,0.004604,1.308880,0.496050,72766.068177,72771,72771,72762
2026-04-11 08:56:00,795,4.522410,0.005689,1.719300,2.803110,72767.732563,72771,72771,72762
2026-04-11 08:57:00,333,3.866720,0.011612,3.472180,0.394540,72771.309948,72771,72771,72771
2026-04-11 08:58:00,188,0.678470,0.003609,0.116450,0.562020,72771.311716,72771,72771,72771
2026-04-11 08:59:00,774,4.122370,0.005326,0.164840,3.957530,72766.751337,72755,72771,72755
2026-04-11 09:00:00,306,2.581250,0.008435,2.217940,0.363310,72755.694323,72762,72762,72755
2026-04-11 09:01:00,1177,4.069600,0.003458,1.922130,2.147470,72762.932998,72755,72769,72753
2026-04-11 09:02:00,264,0.962390,0.003645,0.462060,0.500330,72754.724801,72755,72755,72755
2026-04-11 09:03:00,981,2.389400,0.002436,1.834600,0.554800,72748.460982,72755,72755,72748
2026-04-11 09:04:00,239,0.617780,0.002585,0.135580,0.482200,72754.722195,72755,72755,72755
2026-04-11 09:05:00,844,56.532570,0.066982,54.993020,1.539550,72755.317465,72770,72778,72755
2026-04-11 09:06:00,158,1.884350,0.011926,1.175110,0.709240,72769.956236,72770,72770,72770
2026-04-11 09:07:00,1105,6.303920,0.005705,0.155680,6.148240,72762.792498,72753,72770,72753
2026-04-11 09:08:00,233,0.614180,0.002636,0.309420,0.304760,72753.005038,72753,72753,72753
2026-04-11 09:09:00,2754,52.845380,0.019189,49.893390,2.951990,72766.279973,72768,72770,72753
2026-04-11 09:10:00,624,2.904570,0.004655,1.160860,1.743710,72765.626124,72756,72768,72756
2026-04-11 09:11:00,464,2.901520,0.006253,0.356650,2.544870,72755.464769,72754,72756,72754
2026-04-11 09:12:00,398,2.416950,0.006073,1.831790,0.585160,72752.340014,72750,72754,72750
2026-04-11 09:13:00,586,3.911030,0.006674,1.845090,2.065940,72745.794480,72743,72750,72743
2026-04-11 09:14:00,283,1.337590,0.004726,0.954830,0.382760,72743.357138,72743,72743,72743
2026-04-11 09:15:00,1998,18.944330,0.009482,7.943460,11.000870,72750.500524,72758,72760,72743
2026-04-11 09:16:00,1021,3.290570,0.003223,2.586050,0.704520,72777.564718,72784,72784,72758
2026-04-11 09:17:00,596,0.923320,0.001549,0.070910,0.852410,72777.046409,72773,72784,72773
2026-04-11 09:18:00,176,0.488910,0.002778,0.139580,0.349330,72773.182855,72773,72773,72773
2026-04-11 09:19:00,677,1.481300,0.002188,0.583130,0.898170,72771.487129,72761,72773,72761
2026-04-11 09:20:00,341,2.731690,0.008011,0.405540,2.326150,72760.576157,72756,72761,72756
2026-04-11 09:21:00,813,2.915440,0.003586,2.421410,0.494030,72763.273013,72772,72772,72756
2026-04-11 09:22:00,375,1.793530,0.004783,1.458970,0.334560,72773.326866,72778,72778,72772
2026-04-11 09:23:00,420,3.248350,0.007734,1.801650,1.446700,72768.490542,72767,72778,72767
2026-04-11 09:24:00,1295,6.692350,0.005168,5.759950,0.932400,72786.413334,72796,72798,72767
2026-04-11 09:25:00,1160,6.872340,0.005924,6.028470,0.843870,72816.030778,72829,72832,72796
2026-04-11 09:26:00,446,1.062440,0.002382,0.429110,0.633330,72826.125648,72822,72829,72822
2026-04-11 09:27:00,1269,6.752170,0.005321,5.180020,1.572150,72808.896247,72823,72823,72803
2026-04-11 09:28:00,1018,7.042780,0.006918,6.095550,0.947230,72818.778440,72820,72826,72814
2026-04-11 09:29:00,833,2.675500,0.003212,0.683860,1.991640,72807.728415,72797,72820,72797
2026-04-11 09:30:00,236,1.138980,0.004826,0.299360,0.839620,72797.432189,72799,72799,72797
2026-04-11 09:31:00,443,3.607490,0.008143,2.017850,1.589640,72797.534704,72797,72799,72797
2026-04-11 09:32:00,544,1.773500,0.003260,0.059280,1.714220,72793.931901,72793,72797,72793
2026-04-11 09:33:00,143,1.611220,0.011267,0.218760,1.392460,72792.731358,72793,72793,72793
2026-04-11 09:34:00,855,1.759070,0.002057,0.087390,1.671680,72787.494745,72782,72793,72782
2026-04-11 09:35:00,1808,5.806800,0.003212,5.217090,0.589710,72789.905727,72816,72816,72781
2026-04-11 09:36:00,893,1.406110,0.001575,0.042900,1.363210,72808.743529,72804,72816,72804
2026-04-11 09:37:00,202,0.687580,0.003404,0.100430,0.587150,72802.647766,72802,72804,72802
2026-04-11 09:38:00,674,0.940800,0.001396,0.052130,0.888670,72798.425395,72789,72802,72789
2026-04-11 09:39:00,585,1.206140,0.002062,0.092320,1.113820,72785.475910,72783,72789,72783
2026-04-11 09:40:00,2184,14.252530,0.006526,8.223880,6.028650,72793.158960,72801,72813,72770
2026-04-11 09:41:00,185,1.750220,0.009461,1.096400,0.653820,72801.456264,72801,72801,72801
2026-04-11 09:42:00,412,2.876120,0.006981,0.048210,2.827910,72797.285225,72789,72801,72789
2026-04-11 09:43:00,915,3.347030,0.003658,1.558190,1.788840,72778.339226,72772,72789,72772
2026-04-11 09:44:00,1442,2.744780,0.001903,0.249900,2.494880,72756.477381,72754,72772,72754
2026-04-11 09:45:00,1044,2.387370,0.002287,0.202980,2.184390,72747.494397,72738,72754,72738
2026-04-11 09:46:00,546,2.654100,0.004861,0.036170,2.617930,72730.531023,72725,72738,72725
2026-04-11 09:47:00,124,0.862170,0.006953,0.075550,0.786620,72725.170876,72725,72725,72725
2026-04-11 09:48:00,203,1.032040,0.005084,0.246870,0.785170,72723.746224,72724,72725,72724
2026-04-11 09:49:00,859,14.098680,0.016413,3.250800,10.847880,72716.391106,72700,72724,72699
2026-04-11 09:50:00,929,4.624570,0.004978,2.394040,2.230530,72697.025768,72700,72707,72690
2026-04-11 09:51:00,304,1.393190,0.004583,0.389680,1.003510,72693.853253,72691,72700,72691
2026-04-11 09:52:00,505,2.558850,0.005067,1.553370,1.005480,72688.988956,72692,72692,72688
2026-04-11 09:53:00,317,3.484030,0.010991,2.688920,0.795110,72689.655621,72688,72692,72688
2026-04-11 09:54:00,703,8.430530,0.011992,5.851630,2.578900,72681.381359,72673,72688,72673
2026-04-11 09:55:00,1872,15.983310,0.008538,9.440250,6.543060,72687.861102,72697,72704,72673
2026-04-11 09:56:00,597,2.251300,0.003771,1.710180,0.541120,72705.594869,72716,72716,72697
2026-04-11 09:57:00,153,1.223160,0.007995,0.613200,0.609960,72716.095013,72716,72716,72716
2026-04-11 09:58:00,569,1.647650,0.002896,0.327600,1.320050,72716.953016,72713,72718,72713
2026-04-11 09:59:00,230,3.167990,0.013774,0.283110,2.884880,72712.770894,72713,72713,72713
2026-04-11 10:00:00,1004,4.109710,0.004093,3.363160,0.746550,72720.342788,72745,72745,72713
2026-04-11 10:01:00,733,2.291350,0.003126,0.566450,1.724900,72740.566270,72730,72750,72722
2026-04-11 10:02:00,400,0.781770,0.001954,0.111420,0.670350,72725.163662,72717,72730,72717
2026-04-11 10:03:00,138,0.580590,0.004207,0.122680,0.457910,72716.642113,72717,72717,72717
2026-04-11 10:04:00,116,1.801560,0.015531,0.576550,1.225010,72716.643200,72717,72717,72717
2026-04-11 10:05:00,304,2.056320,0.006764,1.522660,0.533660,72716.351577,72717,72717,72715
2026-04-11 10:06:00,935,1.431460,0.001531,1.216750,0.214710,72719.142467,72726,72726,72717
2026-04-11 10:07:00,173,0.466580,0.002697,0.221950,0.244630,72725.095475,72725,72726,72725
2026-04-11 10:08:00,179,0.376730,0.002105,0.136880,0.239850,72723.976129,72719,72725,72719
2026-04-11 10:09:00,875,9.169480,0.010479,8.688090,0.481390,72725.067707,72740,72740,72717
2026-04-11 10:10:00,111,1.754640,0.015808,1.588490,0.166150,72740.309053,72740,72740,72740
2026-04-11 10:11:00,1432,6.631250,0.004631,4.825120,1.806130,72761.137856,72778,72784,72740
2026-04-11 10:12:00,381,4.695520,0.012324,4.487270,0.208250,72779.559398,72784,72784,72778
2026-04-11 10:13:00,323,0.523210,0.001620,0.226920,0.296290,72784.121070,72780,72784,72780
2026-04-11 10:14:00,532,0.804920,0.001513,0.305400,0.499520,72773.091941,72771,72780,72771
2026-04-11 10:15:00,90,0.277940,0.003088,0.081910,0.196030,72770.732947,72771,72771,72771
2026-04-11 10:16:00,93,3.103650,0.033373,3.041280,0.062370,72770.739799,72771,72771,72771
2026-04-11 10:17:00,259,2.362800,0.009123,0.197440,2.165360,72770.051828,72767,72771,72766
2026-04-11 10:18:00,106,0.972110,0.009171,0.352300,0.619810,72766.543624,72767,72767,72767
2026-04-11 10:19:00,137,1.074950,0.007846,0.545520,0.529430,72766.545075,72767,72767,72767
2026-04-11 10:20:00,569,2.123750,0.003732,0.235690,1.888060,72765.573038,72757,72767,72757
2026-04-11 10:21:00,534,2.023370,0.003789,1.564450,0.458920,72761.356845,72763,72763,72757
2026-04-11 10:22:00,1446,11.823220,0.008177,10.651070,1.172150,72770.289454,72800,72800,72763
2026-04-11 10:23:00,714,2.031900,0.002846,1.022910,1.008990,72791.265944,72785,72800,72785
2026-04-11 10:24:00,143,1.449460,0.010136,0.719540,0.729920,72785.024964,72785,72785,72785
2026-04-11 10:25:00,752,5.613140,0.007464,0.754100,4.859040,72772.202593,72752,72785,72752
2026-04-11 10:26:00,150,0.960320,0.006402,0.445610,0.514710,72752.244640,72752,72752,72752
2026-04-11 10:27:00,140,0.785410,0.005610,0.328770,0.456640,72752.244186,72752,72752,72752
2026-04-11 10:28:00,142,3.830730,0.026977,3.608970,0.221760,72752.249421,72752,72752,72752
2026-04-11 10:29:00,176,1.332290,0.007570,1.108290,0.224000,72752.248319,72752,72752,72752
2026-04-11 10:30:00,365,2.020420,0.005535,0.078610,1.941810,72748.208238,72741,72752,72741
2026-04-11 10:31:00,588,9.338150,0.015881,9.246920,0.091230,72741.913350,72752,72752,72741
2026-04-11 10:32:00,1106,8.973500,0.008113,6.788930,2.184570,72753.804685,72750,72761,72750
2026-04-11 10:33:00,106,0.176650,0.001667,0.116390,0.060260,72750.066589,72750,72750,72750
2026-04-11 10:34:00,104,0.734690,0.007064,0.365630,0.369060,72750.064977,72750,72750,72750
2026-04-11 10:35:00,812,2.064450,0.002542,0.068140,1.996310,72738.482999,72726,72750,72726
2026-04-11 10:36:00,926,7.305200,0.007889,0.297640,7.007560,72707.919616,72689,72726,72689
2026-04-11 10:37:00,128,1.439050,0.011243,1.143700,0.295350,72688.527948,72689,72689,72689
2026-04-11 10:38:00,871,5.926660,0.006804,5.816670,0.109990,72689.730889,72700,72700,72689
2026-04-11 10:39:00,252,1.911980,0.007587,1.612470,0.299510,72705.732483,72707,72707,72700
2026-04-11 10:40:00,969,18.400200,0.018989,15.671290,2.728910,72712.552135,72725,72725,72707
2026-04-11 10:41:00,394,4.347720,0.011035,3.406110,0.941610,72723.020468,72716,72725,72716
2026-04-11 10:42:00,239,6.146340,0.025717,1.379990,4.766350,72715.722245,72716,72716,72716
2026-04-11 10:43:00,656,7.442920,0.011346,7.348140,0.094780,72716.940616,72727,72727,72716
2026-04-11 10:44:00,874,7.392190,0.008458,6.426130,0.966060,72729.190685,72741,72744,72727
2026-04-11 10:45:00,559,3.069620,0.005491,1.224750,1.844870,72736.758878,72733,72741,72733
2026-04-11 10:46:00,721,6.112510,0.008478,6.022220,0.090290,72733.107395,72744,72744,72733
2026-04-11 10:47:00,135,0.486680,0.003605,0.354120,0.132560,72743.577276,72744,72744,72744
2026-04-11 10:47:59,117,0.448900,0.003837,0.221640,0.227260,72743.574937,72744,72744,72744
2026-04-11 10:49:00,1080,20.292510,0.018789,0.435140,19.857370,72731.274800,72727,72744,72727
2026-04-11 10:50:00,629,12.440320,0.019778,1.939040,10.501280,72725.664833,72716,72727,72716
2026-04-11 10:51:00,675,5.186950,0.007684,0.341800,4.845150,72705.730967,72686,72716,72686
2026-04-11 10:52:00,1244,8.852690,0.007116,5.297580,3.555110,72664.897011,72661,72686,72660
2026-04-11 10:53:00,773,13.340970,0.017259,13.035690,0.305280,72661.333957,72673,72673,72661
2026-04-11 10:54:00,109,1.307200,0.011993,0.882510,0.424690,72672.716751,72673,72673,72673
2026-04-11 10:55:00,1322,21.552800,0.016303,8.305160,13.247640,72662.213528,72676,72679,72638
2026-04-11 10:56:00,485,6.276940,0.012942,6.156220,0.120720,72676.589871,72683,72683,72676
2026-04-11 10:57:00,165,2.226750,0.013495,2.172560,0.054190,72683.049757,72683,72683,72683
2026-04-11 10:58:00,109,0.335290,0.003076,0.156300,0.178990,72683.044662,72683,72683,72683
2026-04-11 10:59:00,116,0.352000,0.003034,0.215270,0.136730,72683.046116,72683,72683,72683
2026-04-11 11:00:00,478,4.327620,0.009054,0.346450,3.981170,72678.899934,72664,72683,72664
2026-04-11 11:01:00,1307,9.070590,0.006940,7.995330,1.075260,72659.114967,72669,72669,72655
2026-04-11 11:02:00,527,5.376140,0.010201,3.389260,1.986880,72675.192500,72669,72676,72669
2026-04-11 11:03:00,134,2.039130,0.015217,1.764520,0.274610,72669.278653,72669,72669,72669
2026-04-11 11:04:00,206,5.863170,0.028462,0.264920,5.598250,72669.219649,72668,72669,72668
2026-04-11 11:05:00,136,0.276710,0.002035,0.195820,0.080890,72667.537077,72668,72668,72668
2026-04-11 11:06:00,1547,29.267150,0.018919,7.861110,21.406040,72646.509655,72641,72668,72638
2026-04-11 11:07:00,690,8.031630,0.011640,7.769800,0.261830,72643.716152,72661,72661,72641
2026-04-11 11:08:00,369,1.707430,0.004627,1.262870,0.444560,72649.348665,72647,72661,72647
2026-04-11 11:09:00,329,0.608580,0.001850,0.051130,0.557450,72644.265760,72637,72647,72637
2026-04-11 11:10:00,1349,15.795620,0.011709,10.948500,4.847120,72622.646380,72633,72637,72618
2026-04-11 11:11:00,253,0.455080,0.001799,0.305020,0.150060,72633.396703,72633,72633,72633
2026-04-11 11:12:00,145,0.731050,0.005042,0.623910,0.107140,72633.398534,72633,72633,72633
2026-04-11 11:13:00,194,1.751210,0.009027,1.353920,0.397290,72633.397731,72633,72633,72633
2026-04-11 11:13:59,138,0.329860,0.002390,0.277670,0.052190,72633.398418,72633,72633,72633
2026-04-11 11:15:00,1261,16.042050,0.012722,14.833750,1.208300,72639.201427,72674,72674,72633
2026-04-11 11:16:00,2994,11.295880,0.003773,5.480430,5.815450,72713.552500,72771,72771,72674
2026-04-11 11:17:00,2657,11.246730,0.004233,7.495540,3.751190,72775.094104,72772,72795,72749
2026-04-11 11:18:00,2460,10.180370,0.004138,8.677780,1.502590,72788.380255,72812,72812,72766
2026-04-11 11:19:00,351,7.905060,0.022522,5.485490,2.419570,72811.880127,72811,72812,72811
2026-04-11 11:20:00,2717,24.737340,0.009105,19.354600,5.382740,72826.160072,72798,72844,72798
2026-04-11 11:21:00,1017,7.532310,0.007406,4.198230,3.334080,72803.093686,72812,72812,72797
2026-04-11 11:22:00,2725,15.513070,0.005693,10.544260,4.968810,72866.788679,72884,72889,72812
2026-04-11 11:23:00,1822,6.152890,0.003377,1.404130,4.748760,72889.808276,72861,72900,72861
2026-04-11 11:24:00,2260,11.414370,0.005051,3.028980,8.385390,72888.702355,72867,72900,72861
2026-04-11 11:25:00,756,1.508180,0.001995,0.380860,1.127320,72858.099709,72849,72867,72849
2026-04-11 11:26:00,1178,1.559390,0.001324,1.385900,0.173490,72864.948678,72876,72876,72849
2026-04-11 11:27:00,682,1.906310,0.002795,0.810720,1.095590,72877.887467,72869,72882,72869
2026-04-11 11:28:00,579,1.083210,0.001871,0.387380,0.695830,72861.933308,72856,72869,72856
2026-04-11 11:29:00,542,2.397290,0.004423,2.090400,0.306890,72858.057505,72854,72871,72854
2026-04-11 11:30:00,278,2.475900,0.008906,2.362380,0.113520,72856.682769,72859,72859,72854
2026-04-11 11:31:00,404,2.190340,0.005422,1.860750,0.329590,72852.361987,72852,72859,72852
2026-04-11 11:32:00,278,0.900900,0.003241,0.556230,0.344670,72847.783221,72848,72852,72848
2026-04-11 11:33:00,394,0.317730,0.000806,0.132570,0.185160,72845.481033,72838,72848,72838
2026-04-11 11:34:00,509,3.604480,0.007081,2.900740,0.703740,72831.928169,72826,72838,72826
2026-04-11 11:35:00,2208,15.494860,0.007018,4.866010,10.628850,72786.291412,72765,72826,72758
2026-04-11 11:36:00,1034,3.349130,0.003239,2.951030,0.398100,72772.074044,72796,72796,72765
2026-04-11 11:37:00,1295,2.911980,0.002249,0.978210,1.933770,72831.580577,72838,72838,72796
2026-04-11 11:38:00,536,3.168240,0.005911,2.707680,0.460560,72830.811250,72830,72838,72830
2026-04-11 11:39:00,196,0.372900,0.001903,0.274500,0.098400,72829.797361,72830,72830,72830
2026-04-11 11:40:00,702,1.300030,0.001852,1.157110,0.142920,72833.204140,72843,72843,72830
2026-04-11 11:41:00,565,1.110470,0.001965,0.130690,0.979780,72840.540501,72835,72852,72835
2026-04-11 11:42:00,133,1.383540,0.010403,0.172450,1.211090,72835.001246,72835,72835,72835
2026-04-11 11:43:00,457,1.213610,0.002656,0.687170,0.526440,72840.621325,72840,72849,72835
2026-04-11 11:44:00,484,3.637930,0.007516,2.526020,1.111910,72835.699222,72834,72840,72834
2026-04-11 11:45:00,296,7.566560,0.025563,0.515820,7.050740,72833.747236,72830,72834,72830
2026-04-11 11:46:00,679,2.196740,0.003235,0.839570,1.357170,72833.343969,72840,72840,72830
2026-04-11 11:47:00,546,0.776100,0.001421,0.608900,0.167200,72850.241711,72857,72857,72840
2026-04-11 11:48:00,97,0.335840,0.003462,0.188730,0.147110,72857.425620,72857,72857,72857
2026-04-11 11:49:00,482,0.621920,0.001290,0.106710,0.515210,72851.869626,72840,72857,72840
2026-04-11 11:50:00,261,1.946440,0.007458,0.948670,0.997770,72839.657501,72839,72840,72839
2026-04-11 11:51:00,451,7.081490,0.015702,3.131490,3.950000,72837.413385,72830,72839,72830
2026-04-11 11:52:00,1024,1.355280,0.001324,1.258940,0.096340,72834.969983,72845,72845,72830
2026-04-11 11:53:00,552,2.565860,0.004648,0.480500,2.085360,72843.126964,72838,72845,72838
2026-04-11 11:54:00,722,4.896130,0.006781,2.041040,2.855090,72837.482734,72843,72843,72835
2026-04-11 11:55:00,306,0.760770,0.002486,0.285630,0.475140,72847.834982,72849,72849,72843
2026-04-11 11:56:00,667,1.170260,0.001755,1.080730,0.089530,72857.709643,72864,72864,72849
2026-04-11 11:57:00,1236,4.367670,0.003534,2.958130,1.409540,72882.796684,72876,72895,72864
2026-04-11 11:58:00,421,4.832800,0.011479,4.734550,0.098250,72877.857685,72889,72889,72876
2026-04-11 11:59:00,169,0.331190,0.001960,0.104000,0.227190,72887.689230,72884,72889,72884
2026-04-11 12:00:00,1361,7.123920,0.005234,1.664710,5.459210,72902.637871,72907,72908,72884
2026-04-11 12:01:00,1221,6.126810,0.005018,3.674570,2.452240,72905.186079,72906,72916,72894
2026-04-11 12:02:00,470,0.947390,0.002016,0.323800,0.623590,72896.983818,72894,72906,72894
2026-04-11 12:03:00,1010,1.373500,0.001360,0.576700,0.796800,72903.877016,72909,72913,72894
2026-04-11 12:04:00,392,1.119610,0.002856,0.410390,0.709220,72897.946224,72894,72909,72894
2026-04-11 12:05:00,1419,2.504800,0.001765,1.622660,0.882140,72874.518327,72874,72894,72863
2026-04-11 12:06:00,397,1.346710,0.003392,0.758530,0.588180,72886.691897,72889,72889,72874
2026-04-11 12:07:00,1196,2.928320,0.002448,0.332010,2.596310,72880.995678,72862,72889,72862
2026-04-11 12:08:00,1135,48.941840,0.043121,46.366710,2.575130,72886.092736,72899,72907,72862
2026-04-11 12:09:00,364,3.219970,0.008846,1.149360,2.070610,72897.285894,72890,72899,72890
2026-04-11 12:10:00,698,2.054080,0.002943,1.180740,0.873340,72888.416069,72898,72898,72886
2026-04-11 12:11:00,462,2.218100,0.004801,0.108790,2.109310,72895.888928,72890,72898,72890
2026-04-11 12:12:00,1770,5.306140,0.002998,0.912000,4.394140,72850.586140,72826,72890,72826
2026-04-11 12:13:00,1652,9.450590,0.005721,2.981090,6.469500,72803.447372,72812,72826,72790
2026-04-11 12:14:00,488,4.369870,0.008955,2.322820,2.047050,72803.784005,72800,72812,72800
2026-04-11 12:15:00,570,5.508780,0.009665,2.531780,2.977000,72800.793192,72810,72810,72798
2026-04-11 12:16:00,441,0.607160,0.001377,0.446170,0.160990,72815.785960,72823,72823,72810
2026-04-11 12:17:00,1287,5.029650,0.003908,0.341880,4.687770,72802.564910,72790,72823,72790
2026-04-11 12:18:00,611,3.426200,0.005608,1.872700,1.553500,72779.609426,72782,72790,72774
2026-04-11 12:19:00,1832,5.370810,0.002932,4.233940,1.136870,72802.748563,72802,72821,72782
2026-04-11 12:20:00,269,1.219510,0.004533,0.700810,0.518700,72803.434690,72808,72808,72802
2026-04-11 12:21:00,631,1.310390,0.002077,1.080030,0.230360,72814.982805,72826,72826,72808
2026-04-11 12:22:00,296,1.512550,0.005110,1.422660,0.089890,72828.385795,72830,72830,72826
2026-04-11 12:23:00,468,1.152590,0.002463,0.483750,0.668840,72842.330618,72851,72851,72830
2026-04-11 12:24:00,317,1.326620,0.004185,0.507370,0.819250,72848.915134,72847,72851,72847
2026-04-11 12:25:00,266,0.586280,0.002204,0.523810,0.062470,72848.276392,72852,72852,72847
2026-04-11 12:26:00,262,6.042130,0.023062,0.161540,5.880590,72851.279729,72847,72852,72847
2026-04-11 12:27:00,714,2.548830,0.003570,1.797650,0.751180,72861.209284,72871,72871,72847
2026-04-11 12:28:00,596,3.368910,0.005653,1.707610,1.661300,72874.777444,72873,72880,72871
2026-04-11 12:29:00,206,1.094390,0.005313,0.868720,0.225670,72872.861648,72873,72873,72873
2026-04-11 12:30:00,106,0.549520,0.005184,0.261020,0.288500,72872.854750,72873,72873,72873
2026-04-11 12:31:00,291,1.585210,0.005447,0.678570,0.906640,72868.193918,72868,72873,72868
2026-04-11 12:32:00,100,0.186850,0.001869,0.044050,0.142800,72867.932358,72868,72868,72868
2026-04-11 12:33:00,140,1.497460,0.010696,1.455760,0.041700,72867.939722,72868,72868,72868
2026-04-11 12:34:00,168,0.512080,0.003048,0.129960,0.382120,72867.919757,72868,72868,72868
2026-04-11 12:35:00,112,0.553510,0.004942,0.193570,0.359940,72867.913497,72868,72868,72868
2026-04-11 12:36:00,954,2.456040,0.002574,0.867270,1.588770,72855.013060,72839,72868,72839
2026-04-11 12:37:00,185,1.595550,0.008625,0.868820,0.726730,72834.686053,72834,72839,72834
2026-04-11 12:38:00,438,1.301490,0.002971,0.191460,1.110030,72827.719600,72821,72834,72821
2026-04-11 12:39:00,367,5.160140,0.014060,0.213740,4.946400,72815.359532,72811,72821,72811
2026-04-11 12:40:00,792,8.024040,0.010131,5.228470,2.795570,72812.846333,72812,72818,72811
2026-04-11 12:41:00,987,6.975520,0.007067,1.038100,5.937420,72811.337742,72814,72814,72807
2026-04-11 12:42:00,226,0.970920,0.004296,0.109460,0.861460,72811.248531,72810,72814,72810
2026-04-11 12:43:00,505,1.161790,0.002301,0.120790,1.041000,72801.326426,72792,72810,72792
2026-04-11 12:44:00,544,8.354160,0.015357,4.356830,3.997330,72789.165995,72788,72792,72785
2026-04-11 12:45:00,1066,9.400090,0.008818,1.509830,7.890260,72768.467666,72783,72788,72761
2026-04-11 12:46:00,242,2.524360,0.010431,1.923630,0.600730,72781.654709,72781,72783,72781
2026-04-11 12:47:00,1528,9.392550,0.006147,8.339520,1.053030,72772.282812,72784,72784,72769
2026-04-11 12:48:00,332,1.427430,0.004299,0.158740,1.268690,72778.256008,72771,72784,72771
2026-04-11 12:49:00,218,1.925580,0.008833,0.244790,1.680790,72769.963667,72770,72771,72770
2026-04-11 12:50:00,879,2.439490,0.002775,1.400000,1.039490,72777.726412,72784,72784,72770
2026-04-11 12:51:00,1269,4.185320,0.003298,3.511260,0.674060,72803.658500,72822,72822,72784
2026-04-11 12:52:00,308,0.725540,0.002356,0.354380,0.371160,72817.203566,72815,72822,72815
2026-04-11 12:53:00,97,0.755150,0.007785,0.068950,0.686200,72814.930913,72815,72815,72815
2026-04-11 12:54:00,488,0.685660,0.001405,0.542010,0.143650,72815.187186,72822,72822,72815
2026-04-11 12:55:00,245,1.899080,0.007751,0.249410,1.649670,72825.096119,72826,72826,72822
2026-04-11 12:56:00,1730,6.037790,0.003490,4.967900,1.069890,72814.502903,72840,72840,72809
2026-04-11 12:57:00,431,1.267730,0.002941,0.930510,0.337220,72844.664759,72840,72847,72840
2026-04-11 12:58:00,723,3.560410,0.004924,1.130050,2.430360,72822.507216,72823,72840,72819
2026-04-11 12:59:00,1180,4.265530,0.003615,4.024660,0.240870,72834.298147,72844,72844,72823
2026-04-11 13:00:00,120,1.442760,0.012023,1.342120,0.100640,72843.709302,72844,72844,72844
2026-04-11 13:01:00,688,1.283920,0.001866,0.335920,0.948000,72838.147743,72834,72844,72834
2026-04-11 13:02:00,120,0.204690,0.001706,0.082480,0.122210,72834.044030,72834,72834,72834
2026-04-11 13:03:00,998,1.533430,0.001537,0.999720,0.533710,72830.298520,72834,72834,72826
2026-04-11 13:04:00,1376,3.184200,0.002314,1.237130,1.947070,72838.191092,72842,72848,72834
2026-04-11 13:05:00,359,3.029890,0.008440,1.037600,1.992290,72842.347471,72843,72843,72842
2026-04-11 13:06:00,1259,2.339510,0.001858,1.873800,0.465710,72852.915427,72880,72880,72843
2026-04-11 13:07:00,884,5.793170,0.006553,5.114620,0.678550,72874.387776,72885,72885,72871
2026-04-11 13:08:00,214,1.236180,0.005777,1.046800,0.189380,72884.628468,72885,72885,72885
2026-04-11 13:09:00,396,0.781970,0.001975,0.412920,0.369050,72881.464548,72880,72885,72880
2026-04-11 13:10:00,96,0.488200,0.005085,0.366260,0.121940,72880.337502,72880,72880,72880
2026-04-11 13:11:00,374,0.895160,0.002393,0.482390,0.412770,72875.129359,72872,72880,72872
2026-04-11 13:12:00,360,0.629940,0.001750,0.121140,0.508800,72867.853232,72866,72872,72866
2026-04-11 13:13:00,91,0.200060,0.002198,0.054710,0.145350,72865.782735,72866,72866,72866
2026-04-11 13:14:00,106,0.454310,0.004286,0.131230,0.323080,72865.782889,72866,72866,72866
2026-04-11 13:15:00,124,0.405790,0.003273,0.112600,0.293190,72865.782775,72866,72866,72866
2026-04-11 13:16:00,1149,1.234770,0.001075,0.695760,0.539010,72870.997566,72872,72880,72866
2026-04-11 13:17:00,689,1.329670,0.001930,0.228780,1.100890,72869.514017,72855,72872,72855
2026-04-11 13:18:00,364,0.544890,0.001497,0.110660,0.434230,72849.939304,72848,72855,72848
2026-04-11 13:19:00,1662,3.079530,0.001853,1.335750,1.743780,72839.453037,72866,72866,72826
2026-04-11 13:20:00,736,1.132320,0.001538,0.176820,0.955500,72857.863885,72843,72866,72843
2026-04-11 13:21:00,356,1.160440,0.003260,1.040810,0.119630,72845.916398,72851,72852,72843
2026-04-11 13:22:00,89,0.601950,0.006763,0.048430,0.553520,72851.490805,72852,72852,72851
2026-04-11 13:23:00,373,1.233390,0.003307,0.941820,0.291570,72854.190785,72859,72859,72851
2026-04-11 13:24:00,475,2.011390,0.004235,1.546360,0.465030,72863.086703,72868,72870,72859
2026-04-11 13:25:00,107,0.430110,0.004020,0.193040,0.237070,72868.104488,72868,72868,72868
2026-04-11 13:26:00,490,6.882210,0.014045,1.612230,5.269980,72863.580765,72859,72868,72853
2026-04-11 13:27:00,898,3.004600,0.003346,1.022650,1.981950,72865.613434,72853,72868,72853
2026-04-11 13:28:00,490,1.320660,0.002695,0.304440,1.016220,72845.112325,72844,72853,72842
2026-04-11 13:29:00,512,0.898410,0.001755,0.574820,0.323590,72846.586146,72848,72851,72844
2026-04-11 13:30:00,488,2.069390,0.004241,0.913620,1.155770,72834.155949,72833,72848,72833
2026-04-11 13:31:00,392,0.593610,0.001514,0.158630,0.434980,72831.207007,72829,72833,72829
2026-04-11 13:32:00,570,1.248180,0.002190,0.589890,0.658290,72833.914306,72838,72838,72829
2026-04-11 13:33:00,631,0.412240,0.000653,0.077970,0.334270,72833.271356,72829,72838,72829
2026-04-11 13:34:00,463,1.478570,0.003193,0.857980,0.620590,72830.660738,72836,72836,72829
2026-04-11 13:35:00,310,0.535880,0.001729,0.375860,0.160020,72842.329947,72841,72843,72836
2026-04-11 13:36:00,140,0.925280,0.006609,0.132290,0.792990,72841.301430,72841,72841,72841
2026-04-11 13:37:00,401,0.783930,0.001955,0.552040,0.231890,72842.041391,72843,72843,72841
2026-04-11 13:38:00,391,0.491470,0.001257,0.337590,0.153880,72846.588732,72848,72848,72843
2026-04-11 13:39:00,114,0.577230,0.005063,0.271050,0.306180,72847.794696,72848,72848,72848
2026-04-11 13:40:00,166,0.501470,0.003021,0.186630,0.314840,72847.793722,72848,72848,72848
2026-04-11 13:41:00,596,2.509080,0.004210,1.233040,1.276040,72838.625978,72836,72848,72836
2026-04-11 13:42:00,592,4.621770,0.007807,0.956600,3.665170,72832.037616,72835,72836,72831
2026-04-11 13:43:00,447,1.826220,0.004086,0.487710,1.338510,72841.327123,72844,72844,72835
2026-04-11 13:44:00,411,3.298290,0.008025,0.438940,2.859350,72847.829389,72846,72848,72844
2026-04-11 13:45:00,434,5.936910,0.013680,5.710800,0.226110,72845.612830,72848,72848,72844
2026-04-11 13:46:00,486,5.227750,0.010757,2.590190,2.637560,72846.220266,72842,72848,72842
2026-04-11 13:47:00,147,0.297670,0.002025,0.068790,0.228880,72842.302311,72842,72842,72842
2026-04-11 13:48:00,140,1.425280,0.010181,0.138790,1.286490,72842.300974,72842,72842,72842
2026-04-11 13:49:00,73,0.190840,0.002614,0.118550,0.072290,72842.306212,72842,72842,72842
2026-04-11 13:50:00,1188,7.214870,0.006073,5.385140,1.829730,72849.252940,72846,72868,72842
2026-04-11 13:51:00,349,1.795370,0.005144,1.485470,0.309900,72855.862816,72859,72859,72846
2026-04-11 13:52:00,107,0.740530,0.006921,0.628960,0.111570,72858.928493,72859,72859,72859
2026-04-11 13:53:00,1127,2.910030,0.002582,1.289580,1.620450,72876.531996,72870,72883,72859
2026-04-11 13:54:00,504,1.436820,0.002851,1.247470,0.189350,72882.836982,72887,72887,72870
2026-04-11 13:55:00,930,1.495680,0.001608,1.258590,0.237090,72898.462414,72912,72912,72887
2026-04-11 13:56:00,508,2.676320,0.005268,1.159340,1.516980,72906.417781,72903,72912,72903
2026-04-11 13:57:00,552,2.587010,0.004687,1.121880,1.465130,72900.750542,72894,72903,72894
2026-04-11 13:58:00,516,2.271300,0.004402,1.253280,1.018020,72893.258494,72893,72894,72893
2026-04-11 13:59:00,142,0.578360,0.004073,0.361190,0.217170,72892.786245,72893,72893,72893
2026-04-11 14:00:00,557,3.652500,0.006557,3.122000,0.530500,72897.214357,72907,72907,72893
2026-04-11 14:01:00,1024,9.792330,0.009563,8.936770,0.855560,72908.181279,72913,72925,72903
2026-04-11 14:02:00,315,2.392810,0.007596,1.058750,1.334060,72917.065509,72918,72918,72915
2026-04-11 14:03:00,1076,5.312050,0.004937,3.399830,1.912220,72910.527800,72907,72918,72904
2026-04-11 14:04:00,1224,1.601680,0.001309,0.793070,0.808610,72915.392176,72929,72934,72907
2026-04-11 14:05:00,681,2.120180,0.003113,0.690670,1.429510,72929.639332,72924,72934,72924
2026-04-11 14:06:00,409,1.581740,0.003867,1.065840,0.515900,72932.113574,72933,72933,72924
2026-04-11 14:07:00,1121,4.602440,0.004106,3.920480,0.681960,72940.608830,72931,72945,72931
2026-04-11 14:08:00,330,0.359450,0.001089,0.299130,0.060320,72931.377608,72936,72936,72931
2026-04-11 14:09:00,409,0.468940,0.001147,0.256310,0.212630,72942.945177,72945,72945,72936
2026-04-11 14:10:00,1076,8.729380,0.008113,2.838310,5.891070,72938.375339,72918,72946,72918
2026-04-11 14:11:00,191,3.237140,0.016948,3.179350,0.057790,72917.989821,72918,72918,72918
2026-04-11 14:12:00,298,1.262990,0.004238,0.932620,0.330370,72919.713104,72921,72921,72918
2026-04-11 14:13:00,675,1.783230,0.002642,0.862090,0.921140,72910.569939,72900,72921,72900
2026-04-11 14:14:00,972,1.667990,0.001716,0.137350,1.530640,72896.595746,72887,72900,72887
2026-04-11 14:15:00,1553,3.885490,0.002502,3.728040,0.157450,72892.291171,72928,72928,72887
2026-04-11 14:16:00,1104,4.484020,0.004062,4.335070,0.148950,72932.634137,72949,72949,72928
2026-04-11 14:17:00,732,0.867720,0.001185,0.414570,0.453150,72944.115087,72935,72949,72935
2026-04-11 14:18:00,438,0.543900,0.001242,0.279810,0.264090,72927.693522,72927,72935,72927
2026-04-11 14:19:00,916,1.707700,0.001864,0.272160,1.435540,72912.502926,72902,72927,72902
2026-04-11 14:20:00,307,2.599750,0.008468,0.810980,1.788770,72900.558513,72892,72902,72892
2026-04-11 14:21:00,480,5.065900,0.010554,4.750060,0.315840,72892.025158,72890,72896,72890
2026-04-11 14:22:00,379,2.311210,0.006098,1.865620,0.445590,72889.794154,72895,72895,72890
2026-04-11 14:23:00,827,2.485520,0.003005,0.298550,2.186970,72879.892028,72869,72895,72869
2026-04-11 14:24:00,887,10.261140,0.011568,0.748060,9.513080,72868.721239,72870,72881,72863
2026-04-11 14:25:00,1974,8.866060,0.004491,0.711720,8.154340,72850.517186,72821,72876,72815
2026-04-11 14:26:00,825,6.396700,0.007754,5.983680,0.413020,72821.930012,72848,72848,72821
2026-04-11 14:27:00,207,1.485900,0.007178,1.037560,0.448340,72847.856983,72848,72848,72848
2026-04-11 14:28:00,551,1.189990,0.002160,0.409930,0.780060,72855.702633,72860,72860,72848
2026-04-11 14:29:00,595,3.655390,0.006144,0.334830,3.320560,72870.748154,72862,72873,72860
2026-04-11 14:30:00,115,0.768650,0.006684,0.660240,0.108410,72861.858590,72862,72862,72862
2026-04-11 14:31:00,152,2.198580,0.014464,0.061890,2.136690,72861.850281,72862,72862,72862
2026-04-11 14:32:00,840,1.701750,0.002026,0.238620,1.463130,72855.689095,72849,72862,72849
2026-04-11 14:33:00,331,1.016860,0.003072,0.424430,0.592430,72850.224871,72852,72852,72849
2026-04-11 14:34:00,158,2.326480,0.014725,2.143170,0.183310,72851.899212,72852,72852,72852
2026-04-11 14:35:00,1699,3.302190,0.001944,2.335340,0.966850,72876.981046,72897,72897,72852
2026-04-11 14:36:00,931,2.171380,0.002332,1.225420,0.945960,72910.098487,72898,72913,72897
2026-04-11 14:37:00,303,0.622570,0.002055,0.119290,0.503280,72896.491449,72896,72898,72896
2026-04-11 14:38:00,147,1.110120,0.007552,0.113440,0.996680,72896.191022,72896,72896,72896
2026-04-11 14:39:00,299,0.493190,0.001649,0.338630,0.154560,72896.198444,72898,72898,72896
2026-04-11 14:40:00,645,1.037590,0.001609,0.506050,0.531540,72896.429907,72880,72902,72880
2026-04-11 14:41:00,407,1.090840,0.002680,1.019070,0.071770,72880.487910,72886,72886,72880
2026-04-11 14:42:00,810,4.556420,0.005625,3.282710,1.273710,72901.002335,72906,72906,72886
2026-04-11 14:43:00,454,1.522700,0.003354,0.844940,0.677760,72913.071887,72916,72916,72906
2026-04-11 14:44:00,942,5.662520,0.006011,5.253360,0.409160,72922.013216,72944,72944,72916
2026-04-11 14:45:00,1456,10.982410,0.007543,8.541330,2.441080,72957.630518,72963,72964,72944
2026-04-11 14:46:00,501,0.641280,0.001280,0.479200,0.162080,72968.906877,72971,72971,72963
2026-04-11 14:47:00,1361,5.418160,0.003981,4.419090,0.999070,72972.823872,72971,72982,72971
2026-04-11 14:48:00,1142,2.058110,0.001802,0.792000,1.266110,72960.667219,72952,72971,72952
2026-04-11 14:49:00,149,0.609400,0.004090,0.268110,0.341290,72952.004400,72952,72952,72952
2026-04-11 14:50:00,586,3.814110,0.006509,0.612140,3.201970,72951.014924,72952,72952,72946
2026-04-11 14:51:00,488,1.892290,0.003878,1.517280,0.375010,72954.479450,72957,72957,72952
2026-04-11 14:52:00,387,2.403860,0.006212,1.187010,1.216850,72949.131803,72948,72957,72948
2026-04-11 14:53:00,141,0.762110,0.005405,0.251020,0.511090,72948.423294,72948,72948,72948
2026-04-11 14:54:00,566,5.167240,0.009129,0.340670,4.826570,72938.150059,72930,72948,72930
2026-04-11 14:55:00,307,2.857870,0.009309,0.407100,2.450770,72928.807954,72923,72930,72923
2026-04-11 14:56:00,322,0.523260,0.001625,0.241580,0.281680,72927.005721,72928,72928,72923
2026-04-11 14:57:00,354,0.670500,0.001894,0.391170,0.279330,72932.136710,72934,72934,72928
2026-04-11 14:58:00,138,2.896150,0.020987,2.101770,0.794380,72934.487257,72934,72934,72934
2026-04-11 14:59:00,151,1.160240,0.007684,0.165450,0.994790,72934.481426,72934,72934,72934
2026-04-11 15:00:00,1078,8.060430,0.007477,4.612150,3.448280,72929.892313,72940,72940,72920
2026-04-11 15:01:00,3148,6.002000,0.001907,1.887020,4.114980,72899.555640,72909,72940,72880
2026-04-11 15:02:00,3219,28.865830,0.008967,3.886440,24.979390,72865.097942,72810,72910,72798
2026-04-11 15:03:00,2401,5.936850,0.002473,1.667900,4.268950,72791.437762,72823,72823,72773
2026-04-11 15:04:00,719,2.336460,0.003250,0.590240,1.746220,72820.481226,72830,72830,72816
2026-04-11 15:05:00,1160,8.307120,0.007161,5.832060,2.475060,72835.941082,72814,72845,72814
2026-04-11 15:06:00,815,1.471170,0.001805,0.368760,1.102410,72804.788118,72809,72813,72800
2026-04-11 15:07:00,984,19.680180,0.020000,16.596280,3.083900,72817.163852,72827,72835,72809
2026-04-11 15:08:00,1737,2.502870,0.001441,1.171240,1.331630,72807.204494,72782,72827,72769
2026-04-11 15:09:00,2170,8.603100,0.003965,2.370330,6.232770,72761.946764,72778,72782,72750
2026-04-11 15:10:00,1537,46.435550,0.030212,1.207600,45.227950,72754.209577,72752,72778,72738
2026-04-11 15:11:00,8245,88.729560,0.010762,17.570330,71.159230,72640.743647,72574,72752,72574
2026-04-11 15:12:00,5368,36.589500,0.006816,12.203520,24.385980,72554.242045,72579,72586,72513
2026-04-11 15:13:00,3451,37.163440,0.010769,19.721760,17.441680,72603.918442,72638,72641,72574
2026-04-11 15:14:00,1457,10.867950,0.007459,3.501610,7.366340,72643.545241,72637,72650,72630
2026-04-11 15:15:00,1525,3.886620,0.002549,0.706360,3.180260,72622.308743,72606,72638,72606
2026-04-11 15:16:00,885,3.039400,0.003434,1.156790,1.882610,72613.971513,72626,72629,72606
2026-04-11 15:17:00,1378,4.913940,0.003566,4.304320,0.609620,72644.018921,72655,72662,72626
2026-04-11 15:18:00,1390,7.189840,0.005173,2.491150,4.698690,72644.517451,72618,72658,72618
2026-04-11 15:19:00,2237,10.726950,0.004795,9.727600,0.999350,72656.154697,72698,72698,72618
2026-04-11 15:20:00,3064,11.270520,0.003678,4.311350,6.959170,72732.222843,72768,72774,72691
2026-04-11 15:21:00,2111,6.217010,0.002945,4.819630,1.397380,72736.368707,72717,72768,72717
2026-04-11 15:22:00,1214,5.708550,0.004702,1.112380,4.596170,72698.217691,72690,72717,72690
2026-04-11 15:23:00,439,0.974480,0.002220,0.408110,0.566370,72690.988770,72697,72697,72683
2026-04-11 15:24:00,908,1.633500,0.001799,1.537370,0.096130,72701.041017,72718,72718,72697
2026-04-11 15:25:00,1314,1.730400,0.001317,0.270130,1.460270,72693.159714,72672,72718,72672
2026-04-11 15:26:00,1174,2.258400,0.001924,1.734990,0.523410,72681.554333,72705,72709,72668
2026-04-11 15:27:00,721,1.148140,0.001592,0.561390,0.586750,72716.126746,72727,72727,72705
2026-04-11 15:28:00,453,1.606970,0.003547,0.844470,0.762500,72725.063302,72721,72727,72721
2026-04-11 15:29:00,773,3.009280,0.003893,1.935600,1.073680,72726.677430,72727,72736,72721
2026-04-11 15:30:00,2248,16.568860,0.007370,1.532800,15.036060,72669.677055,72617,72727,72617
2026-04-11 15:31:00,1587,3.904070,0.002460,2.834440,1.069630,72617.634061,72626,72626,72600
2026-04-11 15:32:00,1187,6.144010,0.005176,1.822450,4.321560,72642.203225,72655,72655,72626
2026-04-11 15:33:00,389,0.612260,0.001574,0.220980,0.391280,72652.377838,72647,72655,72647
2026-04-11 15:34:00,2821,4.245040,0.001505,1.398980,2.846060,72603.878388,72598,72647,72578
2026-04-11 15:35:00,1286,5.446270,0.004235,0.790750,4.655520,72597.542227,72597,72611,72586
2026-04-11 15:36:00,1284,4.398620,0.003426,0.809090,3.589530,72606.377502,72611,72611,72595
2026-04-11 15:37:00,607,0.756130,0.001246,0.655080,0.101050,72617.983814,72625,72625,72611
2026-04-11 15:38:00,791,3.921480,0.004958,0.485810,3.435670,72631.541216,72625,72642,72625
2026-04-11 15:39:00,887,1.157000,0.001304,0.909410,0.247590,72617.222832,72622,72625,72614
2026-04-11 15:40:00,459,0.745210,0.001624,0.521520,0.223690,72627.006978,72633,72633,72622
2026-04-11 15:41:00,587,2.233220,0.003804,1.630120,0.603100,72628.452757,72636,72636,72627
2026-04-11 15:42:00,457,1.473380,0.003224,0.724910,0.748470,72645.363424,72647,72647,72636
2026-04-11 15:43:00,1836,5.623160,0.003063,5.268470,0.354690,72672.298490,72717,72717,72647
2026-04-11 15:44:00,827,2.997870,0.003625,1.070240,1.927630,72702.222205,72698,72717,72698
2026-04-11 15:45:00,837,3.226060,0.003854,0.704950,2.521110,72683.892667,72668,72698,72668
2026-04-11 15:46:00,601,3.334020,0.005547,3.243490,0.090530,72677.251702,72679,72679,72668
2026-04-11 15:47:00,1269,4.366340,0.003441,0.612550,3.753790,72660.001433,72642,72679,72642
2026-04-11 15:48:00,917,4.436060,0.004838,1.805440,2.630620,72649.884125,72646,72654,72642
2026-04-11 15:49:00,1329,1.893070,0.001424,1.709800,0.183270,72669.567524,72699,72699,72646
2026-04-11 15:50:00,337,1.987980,0.005899,1.360330,0.627650,72699.440179,72701,72701,72699
2026-04-11 15:51:00,563,1.309760,0.002326,0.761460,0.548300,72701.561285,72706,72706,72701
2026-04-11 15:52:00,594,2.383160,0.004012,0.965850,1.417310,72698.107775,72696,72706,72696
2026-04-11 15:53:00,1305,8.143130,0.006240,2.387630,5.755500,72684.355348,72655,72696,72655
2026-04-11 15:54:00,1164,2.988190,0.002567,2.086530,0.901660,72666.023180,72684,72684,72650
2026-04-11 15:55:00,330,1.007800,0.003054,0.620210,0.387590,72670.882548,72669,72684,72669
2026-04-11 15:56:00,423,0.765620,0.001810,0.643200,0.122420,72674.459720,72679,72679,72669
2026-04-11 15:57:00,470,2.287360,0.004867,0.362470,1.924890,72677.332668,72679,72679,72675
2026-04-11 15:58:00,948,2.184060,0.002304,1.604960,0.579100,72685.651246,72681,72695,72679
2026-04-11 15:59:00,504,7.218780,0.014323,6.622610,0.596170,72677.945222,72676,72681,72676
2026-04-11 16:00:00,432,17.397580,0.040272,0.166050,17.231530,72675.644975,72658,72676,72658
2026-04-11 16:01:00,1786,11.250180,0.006299,3.387780,7.862400,72640.870989,72644,72658,72618
2026-04-11 16:02:00,1072,18.690960,0.017436,2.665250,16.025710,72627.219301,72623,72644,72623
2026-04-11 16:03:00,887,6.335730,0.007143,1.093330,5.242400,72647.225238,72651,72651,72623
2026-04-11 16:04:00,583,5.385920,0.009238,1.123240,4.262680,72662.822277,72676,72676,72651
2026-04-11 16:05:00,1335,2.795660,0.002094,1.423010,1.372650,72685.989903,72667,72693,72667
2026-04-11 16:06:00,929,1.636110,0.001761,1.330510,0.305600,72671.912728,72667,72684,72667
2026-04-11 16:07:00,734,2.910630,0.003965,1.531160,1.379470,72661.182801,72650,72667,72650
2026-04-11 16:08:00,1682,4.681260,0.002783,3.024820,1.656440,72669.254998,72692,72698,72648
2026-04-11 16:09:00,1338,3.386200,0.002531,1.790460,1.595740,72699.446005,72706,72708,72688
2026-04-11 16:10:00,1176,1.244940,0.001059,0.906790,0.338150,72712.338546,72724,72724,72706
2026-04-11 16:11:00,788,1.678130,0.002130,0.550930,1.127200,72722.413809,72707,72727,72707
2026-04-11 16:12:00,515,4.515160,0.008767,4.305250,0.209910,72708.007794,72706,72716,72706
2026-04-11 16:13:00,402,1.934420,0.004812,1.554200,0.380220,72709.091265,72710,72712,72706
2026-04-11 16:14:00,435,1.495310,0.003437,0.554720,0.940590,72710.032820,72704,72710,72704
2026-04-11 16:15:00,436,3.396270,0.007790,2.923160,0.473110,72704.135806,72705,72705,72701
2026-04-11 16:16:00,332,1.115990,0.003361,0.449450,0.666540,72706.063738,72709,72709,72705
2026-04-11 16:17:00,690,2.441040,0.003538,2.159930,0.281110,72701.954770,72712,72712,72700
2026-04-11 16:18:00,351,1.789580,0.005099,1.370290,0.419290,72701.355441,72701,72712,72701
2026-04-11 16:19:00,1250,5.911040,0.004729,5.616080,0.294960,72726.007025,72727,72738,72701
2026-04-11 16:20:00,585,1.953700,0.003340,0.871240,1.082460,72732.989060,72728,72739,72727
2026-04-11 16:21:00,692,1.690520,0.002443,1.429720,0.260800,72736.935879,72746,72746,72728
2026-04-11 16:22:00,1503,6.476650,0.004309,4.672140,1.804510,72741.904229,72726,72753,72723
2026-04-11 16:23:00,742,1.756660,0.002367,0.520570,1.236090,72722.357685,72733,72733,72719
2026-04-11 16:24:00,1479,3.279360,0.002217,1.101840,2.177520,72756.859763,72744,72771,72733
2026-04-11 16:25:00,298,0.652950,0.002191,0.347450,0.305500,72741.561039,72740,72744,72740
2026-04-11 16:26:00,985,3.648440,0.003704,2.911740,0.736700,72737.177308,72740,72740,72723
2026-04-11 16:27:00,669,2.863660,0.004281,0.085250,2.778410,72737.909044,72721,72740,72721
2026-04-11 16:28:00,262,1.124050,0.004290,0.926580,0.197470,72720.904090,72724,72724,72721
2026-04-11 16:29:00,140,0.849080,0.006065,0.378400,0.470680,72724.184457,72724,72724,72724
2026-04-11 16:30:00,846,2.135370,0.002524,0.422080,1.713290,72719.572623,72713,72735,72708
2026-04-11 16:31:00,1790,2.406950,0.001345,0.282590,2.124360,72697.341929,72672,72713,72672
2026-04-11 16:32:00,229,0.965890,0.004218,0.513830,0.452060,72666.947914,72666,72672,72666
2026-04-11 16:33:00,652,2.261800,0.003469,1.269070,0.992730,72679.103375,72688,72688,72666
2026-04-11 16:34:00,536,1.519900,0.002836,1.398280,0.121620,72699.711729,72704,72704,72688
2026-04-11 16:35:00,157,1.992050,0.012688,1.807740,0.184310,72703.849075,72704,72704,72704
2026-04-11 16:36:00,388,0.802210,0.002068,0.536460,0.265750,72706.231039,72715,72715,72704
2026-04-11 16:37:00,1259,3.675230,0.002919,0.345440,3.329790,72702.938831,72688,72715,72688
2026-04-11 16:38:00,1698,4.857990,0.002861,0.205460,4.652530,72665.722583,72645,72688,72645
2026-04-11 16:39:00,783,1.596060,0.002038,0.716350,0.879710,72652.984645,72655,72658,72645
2026-04-11 16:40:00,1028,2.271030,0.002209,0.127990,2.143040,72639.877594,72630,72655,72630
2026-04-11 16:41:00,1491,1.904550,0.001277,0.172240,1.732310,72620.160915,72609,72630,72609
2026-04-11 16:42:00,511,1.426670,0.002792,0.784430,0.642240,72610.846313,72617,72617,72609
2026-04-11 16:43:00,409,0.872950,0.002134,0.310220,0.562730,72623.422181,72625,72625,72617
2026-04-11 16:44:00,693,30.667320,0.044253,30.335090,0.332230,72653.317143,72657,72669,72625
2026-04-11 16:45:00,168,0.533090,0.003173,0.049890,0.483200,72657.290936,72657,72657,72657
2026-04-11 16:46:00,856,2.583560,0.003018,0.759430,1.824130,72656.758337,72658,72658,72648
2026-04-11 16:47:00,532,2.456220,0.004617,2.298630,0.157590,72659.800750,72665,72669,72658
2026-04-11 16:48:00,587,4.151220,0.007072,0.174340,3.976880,72657.320235,72647,72665,72647
2026-04-11 16:49:00,635,3.462720,0.005453,0.681880,2.780840,72660.633208,72665,72665,72647
2026-04-11 16:50:00,924,6.845160,0.007408,0.619620,6.225540,72660.220815,72643,72665,72643
2026-04-11 16:51:00,516,3.673740,0.007120,2.334270,1.339470,72661.204411,72665,72665,72643
2026-04-11 16:52:00,690,3.731440,0.005408,3.522390,0.209050,72671.465176,72696,72696,72665
2026-04-11 16:53:00,297,1.040380,0.003503,0.952000,0.088380,72699.981288,72707,72707,72696
2026-04-11 16:54:00,138,1.482160,0.010740,0.095710,1.386450,72707.140646,72707,72707,72707
2026-04-11 16:55:00,1318,3.484860,0.002644,2.608840,0.876020,72727.395496,72717,72738,72707
2026-04-11 16:56:00,265,0.484190,0.001827,0.337840,0.146350,72722.015653,72727,72727,72717
2026-04-11 16:57:00,152,0.517250,0.003403,0.092680,0.424570,72727.231792,72727,72727,72727
2026-04-11 16:58:00,501,3.731990,0.007449,2.073020,1.658970,72722.801934,72720,72727,72720
2026-04-11 16:59:00,121,0.680860,0.005627,0.334860,0.346000,72719.974918,72720,72720,72720
2026-04-11 17:00:00,1088,7.736590,0.007111,5.328440,2.408150,72721.285890,72705,72727,72705
2026-04-11 17:01:00,572,1.051330,0.001838,0.606330,0.445000,72712.950717,72723,72723,72705
2026-04-11 17:02:00,988,1.491170,0.001509,0.843010,0.648160,72727.417941,72721,72738,72721
2026-04-11 17:03:00,591,2.214410,0.003747,0.365650,1.848760,72718.533844,72707,72721,72707
2026-04-11 17:04:00,1676,3.885550,0.002318,0.762390,3.123160,72688.737236,72681,72707,72678
2026-04-11 17:05:00,743,6.140560,0.008265,2.838060,3.302500,72688.995461,72713,72713,72681
2026-04-11 17:06:00,195,0.983400,0.005043,0.162500,0.820900,72712.971652,72713,72713,72713
2026-04-11 17:07:00,472,4.461060,0.009451,0.211180,4.249880,72705.514458,72698,72713,72698
2026-04-11 17:08:00,207,1.149860,0.005555,0.484430,0.665430,72698.074213,72698,72698,72698
2026-04-11 17:09:00,212,1.837230,0.008666,1.144170,0.693060,72698.076228,72698,72698,72698
2026-04-11 17:10:00,906,2.611070,0.002882,2.123800,0.487270,72694.202665,72689,72698,72689
2026-04-11 17:11:00,195,3.832790,0.019655,3.635760,0.197030,72689.019486,72689,72689,72689
2026-04-11 17:12:00,227,0.765470,0.003372,0.536140,0.229330,72692.757484,72696,72696,72689
2026-04-11 17:13:00,513,5.094960,0.009932,0.208680,4.886280,72696.280410,72696,72696,72696
2026-04-11 17:14:00,297,1.058930,0.003565,0.120750,0.938180,72696.281140,72696,72696,72696
2026-04-11 17:15:00,633,2.363990,0.003735,0.804620,1.559370,72702.958327,72701,72705,72696
2026-04-11 17:16:00,1261,2.414330,0.001915,1.356050,1.058280,72705.047232,72712,72712,72696
2026-04-11 17:17:00,2780,6.518880,0.002345,4.552200,1.966680,72750.713553,72748,72784,72710
2026-04-11 17:18:00,6020,15.866400,0.002636,12.238250,3.628150,72845.787344,72850,72896,72748
2026-04-11 17:19:00,2382,5.542600,0.002327,3.602160,1.940440,72813.103657,72784,72850,72784
2026-04-11 17:20:00,1487,3.765890,0.002533,1.751130,2.014760,72784.510871,72804,72804,72775
2026-04-11 17:21:00,1308,4.035000,0.003085,1.657690,2.377310,72797.203764,72790,72804,72786
2026-04-11 17:22:00,1194,1.605800,0.001345,0.201800,1.404000,72778.153317,72776,72790,72772
2026-04-11 17:23:00,890,1.273680,0.001431,0.330740,0.942940,72778.082196,72776,72783,72772
2026-04-11 17:24:00,198,1.753950,0.008858,1.548450,0.205500,72776.597953,72779,72779,72776
2026-04-11 17:25:00,415,1.387200,0.003343,0.321070,1.066130,72778.404354,72774,72779,72774
2026-04-11 17:26:00,1858,4.600640,0.002476,0.685020,3.915620,72757.063740,72739,72774,72739
2026-04-11 17:27:00,745,2.121440,0.002848,1.016080,1.105360,72743.178978,72743,72745,72738
2026-04-11 17:28:00,980,2.425830,0.002475,2.171480,0.254350,72758.739508,72782,72782,72743
2026-04-11 17:29:00,533,0.834530,0.001566,0.509680,0.324850,72787.955164,72794,72794,72782
2026-04-11 17:30:00,1198,5.387910,0.004497,3.678260,1.709650,72791.377731,72754,72800,72754
2026-04-11 17:31:00,1234,4.878340,0.003953,4.197520,0.680820,72775.226809,72785,72785,72754
2026-04-11 17:32:00,1254,3.423190,0.002730,1.933910,1.489280,72803.132072,72785,72814,72785
2026-04-11 17:33:00,650,1.688690,0.002598,0.514190,1.174500,72793.508561,72789,72797,72785
2026-04-11 17:34:00,435,3.813100,0.008766,0.360880,3.452220,72782.014703,72774,72789,72774
2026-04-11 17:35:00,910,2.470360,0.002715,0.587100,1.883260,72781.543642,72784,72784,72774
2026-04-11 17:36:00,684,4.702720,0.006875,0.368120,4.334600,72784.526949,72777,72793,72777
2026-04-11 17:37:00,413,0.677910,0.001641,0.551240,0.126670,72779.435215,72784,72784,72777
2026-04-11 17:38:00,642,1.732930,0.002699,0.223010,1.509920,72776.213932,72778,72784,72771
2026-04-11 17:39:00,437,0.531790,0.001217,0.157780,0.374010,72767.866911,72764,72778,72764
2026-04-11 17:40:00,884,41.528690,0.046978,41.434900,0.093790,72776.635172,72787,72787,72764
2026-04-11 17:41:00,777,5.012260,0.006451,0.114230,4.898030,72782.748748,72767,72787,72767
2026-04-11 17:42:00,395,1.546020,0.003914,0.187180,1.358840,72765.390363,72763,72767,72761
2026-04-11 17:43:00,550,0.657570,0.001196,0.544460,0.113110,72767.131516,72773,72773,72763
2026-04-11 17:44:00,269,2.200890,0.008182,0.142680,2.058210,72771.667081,72764,72773,72764
2026-04-11 17:45:00,242,0.542940,0.002244,0.403220,0.139720,72769.679596,72771,72771,72764
2026-04-11 17:46:00,232,0.829240,0.003574,0.246520,0.582720,72770.010992,72767,72771,72767
2026-04-11 17:47:00,874,9.759620,0.011167,6.929970,2.829650,72767.521023,72771,72771,72762
2026-04-11 17:48:00,218,0.472790,0.002169,0.316370,0.156420,72771.103689,72771,72771,72771
2026-04-11 17:49:00,1925,5.906770,0.003068,5.034280,0.872490,72801.724984,72833,72838,72771
2026-04-11 17:50:00,2981,14.976820,0.005024,3.966160,11.010660,72797.734310,72759,72833,72759
2026-04-11 17:51:00,1092,4.369460,0.004001,1.363610,3.005850,72747.549547,72764,72764,72733
2026-04-11 17:52:00,2271,9.015620,0.003970,5.712370,3.303250,72797.727635,72832,72837,72764
2026-04-11 17:53:00,1238,7.221060,0.005833,3.361900,3.859160,72826.166941,72828,72836,72821
2026-04-11 17:54:00,668,1.473480,0.002206,0.758690,0.714790,72836.454744,72834,72839,72828
2026-04-11 17:55:00,526,1.355740,0.002577,0.108980,1.246760,72832.844716,72829,72834,72829
2026-04-11 17:56:00,399,0.769290,0.001928,0.556370,0.212920,72829.750454,72833,72833,72829
2026-04-11 17:57:00,2063,3.877380,0.001879,0.927390,2.949990,72859.988716,72844,72873,72833
2026-04-11 17:58:00,1648,8.956780,0.005435,6.883280,2.073500,72840.340910,72851,72862,72830
2026-04-11 17:59:00,714,2.851840,0.003994,0.404940,2.446900,72862.774681,72858,72866,72851
2026-04-11 18:00:00,372,1.024400,0.002754,0.228980,0.795420,72861.938033,72858,72863,72858
2026-04-11 18:01:00,786,6.012810,0.007650,4.442060,1.570750,72866.319224,72866,72873,72858
2026-04-11 18:02:00,1860,5.590290,0.003006,3.748960,1.841330,72829.743255,72827,72866,72821
2026-04-11 18:03:00,1291,4.140720,0.003207,1.698360,2.442360,72824.793166,72840,72840,72813
2026-04-11 18:04:00,412,0.576090,0.001398,0.157740,0.418350,72833.332546,72836,72840,72829
2026-04-11 18:05:00,1667,81.123510,0.048664,75.167620,5.955890,72847.766358,72848,72848,72836
2026-04-11 18:06:00,1916,152.778480,0.079738,139.984580,12.793900,72848.996666,72865,72869,72848
2026-04-11 18:07:00,1669,7.392300,0.004429,0.553150,6.839150,72835.978055,72825,72865,72825
2026-04-11 18:08:00,525,5.350860,0.010192,0.521860,4.829000,72832.660911,72830,72835,72820
2026-04-11 18:09:00,329,1.337600,0.004066,0.668410,0.669190,72829.802443,72836,72836,72829
2026-04-11 18:10:00,340,0.928190,0.002730,0.611250,0.316940,72841.497546,72843,72843,72837
2026-04-11 18:11:00,287,3.109250,0.010834,0.429120,2.680130,72842.084044,72839,72843,72839
2026-04-11 18:12:00,884,5.248790,0.005938,3.550500,1.698290,72857.935151,72864,72871,72839
2026-04-11 18:13:00,358,1.316730,0.003678,0.622500,0.694230,72862.927497,72870,72870,72861
2026-04-11 18:14:00,192,1.802020,0.009386,1.404620,0.397400,72871.661977,72873,72873,72870
2026-04-11 18:15:00,189,1.684860,0.008915,1.623520,0.061340,72872.539636,72873,72873,72873
2026-04-11 18:16:00,3057,13.533100,0.004427,7.855700,5.677400,72897.765367,72922,72930,72859
2026-04-11 18:17:00,1465,32.477190,0.022169,27.162960,5.314230,72921.161830,72911,72927,72911
2026-04-11 18:18:00,1158,2.596400,0.002242,0.350020,2.246380,72893.563899,72880,72911,72880
2026-04-11 18:19:00,601,2.795240,0.004651,1.605060,1.190180,72884.611241,72889,72889,72880
2026-04-11 18:20:00,672,2.084570,0.003102,1.517880,0.566690,72897.266801,72910,72910,72889
2026-04-11 18:21:00,1221,4.891980,0.004007,0.348250,4.543730,72898.199104,72884,72910,72884
2026-04-11 18:22:00,618,1.871870,0.003029,0.266480,1.605390,72877.618961,72865,72884,72865
2026-04-11 18:23:00,433,1.259560,0.002909,0.422800,0.836760,72870.410710,72871,72871,72865
2026-04-11 18:24:00,125,2.292810,0.018342,1.479240,0.813570,72871.086452,72871,72871,72871
2026-04-11 18:25:00,1047,2.551870,0.002437,0.436820,2.115050,72862.605894,72852,72871,72852
2026-04-11 18:26:00,698,1.288260,0.001846,0.834160,0.454100,72852.711061,72866,72866,72852
2026-04-11 18:27:00,1036,1.763060,0.001702,0.342040,1.421020,72876.964866,72881,72881,72866
2026-04-11 18:28:00,365,1.862250,0.005102,1.597330,0.264920,72887.928575,72888,72888,72881
2026-04-11 18:29:00,947,7.779020,0.008214,1.866960,5.912060,72883.402397,72876,72888,72876
2026-04-11 18:30:00,189,3.981090,0.021064,3.665920,0.315170,72877.943643,72882,72882,72876
2026-04-11 18:31:00,448,1.066900,0.002381,0.508520,0.558380,72887.727410,72888,72888,72882
2026-04-11 18:32:00,674,1.589410,0.002358,1.206310,0.383100,72896.116165,72912,72912,72888
2026-04-11 18:33:00,687,7.336510,0.010679,0.444180,6.892330,72910.948365,72904,72918,72904
2026-04-11 18:34:00,793,2.798180,0.003529,0.570710,2.227470,72897.862062,72897,72904,72889
2026-04-11 18:35:00,1056,3.764600,0.003565,0.207310,3.557290,72880.753304,72866,72897,72866
2026-04-11 18:36:00,438,1.112590,0.002540,0.299000,0.813590,72877.461666,72881,72881,72866
2026-04-11 18:37:00,376,4.313240,0.011471,2.652480,1.660760,72885.527620,72885,72888,72881
2026-04-11 18:38:00,919,3.127490,0.003403,1.507140,1.620350,72910.623250,72920,72927,72885
2026-04-11 18:39:00,515,4.933970,0.009581,4.319900,0.614070,72921.209141,72919,72923,72914
2026-04-11 18:40:00,2806,10.842070,0.003864,4.417860,6.424210,72937.968856,72925,72958,72918
2026-04-11 18:41:00,4775,32.366220,0.006778,24.545630,7.820590,73027.709246,73083,73092,72925
2026-04-11 18:42:00,12004,52.862200,0.004404,31.384940,21.477260,73135.437392,73070,73205,73070
2026-04-11 18:43:00,3028,9.905760,0.003271,1.703000,8.202760,73046.491967,73030,73070,73030
2026-04-11 18:44:00,2425,32.911570,0.013572,20.656620,12.254950,73045.675611,73065,73065,73014
2026-04-11 18:45:00,2301,10.197710,0.004432,5.415860,4.781850,73087.289127,73108,73110,73055
2026-04-11 18:46:00,3355,18.876600,0.005626,9.260470,9.616130,73112.269446,73105,73155,73085
2026-04-11 18:47:00,1624,5.166550,0.003181,0.274330,4.892220,73087.572459,73062,73105,73061
2026-04-11 18:48:00,1102,4.537360,0.004117,2.250440,2.286920,73081.770372,73080,73089,73062
2026-04-11 18:49:00,4265,13.711830,0.003215,6.831160,6.880670,73159.496393,73165,73200,73080
2026-04-11 18:50:00,3533,11.137950,0.003153,3.298900,7.839050,73164.290487,73155,73192,73143
2026-04-11 18:51:00,2826,10.462380,0.003702,4.945870,5.516510,73169.922943,73182,73200,73133
2026-04-11 18:52:00,3225,11.287800,0.003500,2.584630,8.703170,73131.361387,73109,73182,73087
2026-04-11 18:53:00,1911,5.293650,0.002770,1.177830,4.115820,73105.739271,73088,73123,73088
2026-04-11 18:54:00,1561,4.944500,0.003168,0.872000,4.072500,73079.127904,73074,73091,73068
2026-04-11 18:55:00,1164,4.022210,0.003456,1.123840,2.898370,73082.067217,73075,73097,73074
2026-04-11 18:56:00,755,1.811200,0.002399,0.930590,0.880610,73084.385760,73098,73098,73075
2026-04-11 18:57:00,1039,7.499360,0.007218,4.080470,3.418890,73100.624775,73098,73106,73094
2026-04-11 18:58:00,1709,3.861140,0.002259,0.650110,3.211030,73078.107688,73063,73098,73063
2026-04-11 18:59:00,735,3.699910,0.005034,0.525210,3.174700,73071.197905,73071,73076,73063
2026-04-11 19:00:00,1705,9.142070,0.005362,0.662590,8.479480,73046.480312,73034,73071,73025
2026-04-11 19:01:00,1775,5.912200,0.003331,1.684990,4.227210,73041.001384,73042,73047,73028
2026-04-11 19:02:00,1727,10.280310,0.005953,0.444650,9.835660,73025.137813,73012,73042,73012
2026-04-11 19:03:00,2113,20.662300,0.009779,2.251420,18.410880,73012.611175,73048,73048,72994
2026-04-11 19:04:00,959,3.098540,0.003231,2.248620,0.849920,73033.236728,73045,73048,73027
2026-04-11 19:05:00,621,3.843880,0.006190,1.428180,2.415700,73046.264397,73033,73050,73033
2026-04-11 19:06:00,1885,3.287970,0.001744,0.456890,2.831080,73015.253851,73003,73033,73002
2026-04-11 19:07:00,799,1.889830,0.002365,0.839090,1.050740,72999.695967,73019,73019,72994
2026-04-11 19:08:00,1007,4.980920,0.004946,2.552010,2.428910,73013.521536,72994,73022,72994
2026-04-11 19:09:00,497,1.828930,0.003680,0.841820,0.987110,72999.654577,73001,73002,72994
2026-04-11 19:10:00,136,0.841330,0.006186,0.153770,0.687560,73001.301828,73001,73001,73001
2026-04-11 19:11:00,1177,1.876550,0.001594,0.839240,1.037310,73003.186145,73002,73015,72994
2026-04-11 19:12:00,496,2.755890,0.005556,2.114040,0.641850,73012.982009,73015,73015,73002
2026-04-11 19:13:00,521,1.698260,0.003260,1.303510,0.394750,73021.675623,73025,73025,73015
2026-04-11 19:14:00,1158,2.610910,0.002255,1.136800,1.474110,73031.460685,73020,73038,73020
2026-04-11 19:15:00,731,2.790610,0.003818,0.350930,2.439680,73017.442050,73003,73020,73003
2026-04-11 19:16:00,637,1.990100,0.003124,0.312910,1.677190,72996.567472,72990,73003,72990
2026-04-11 19:17:00,1963,6.845010,0.003487,1.639890,5.205120,72973.410225,72948,72990,72948
2026-04-11 19:18:00,1615,5.314200,0.003291,1.810940,3.503260,72951.830644,72983,72983,72942
2026-04-11 19:19:00,862,4.703980,0.005457,0.591390,4.112590,72961.597484,72959,72983,72959
2026-04-11 19:20:00,763,4.707550,0.006170,2.957180,1.750370,72964.136378,72982,72982,72958
2026-04-11 19:21:00,1298,2.543140,0.001959,1.294700,1.248440,72978.137036,72982,72990,72972
2026-04-11 19:22:00,730,3.305440,0.004528,3.174540,0.130900,72992.036162,73000,73000,72982
2026-04-11 19:23:00,823,4.296040,0.005220,1.784650,2.511390,73013.584552,73030,73030,73000
2026-04-11 19:24:00,564,2.675960,0.004745,0.661140,2.014820,73033.935400,73034,73034,73030
2026-04-11 19:25:00,1749,5.717420,0.003269,5.186660,0.530760,73068.126405,73100,73100,73034
2026-04-11 19:26:00,1228,1.360990,0.001108,0.363490,0.997500,73080.187933,73064,73100,73064
2026-04-11 19:27:00,424,1.278900,0.003016,0.903150,0.375750,73060.543881,73060,73064,73060
2026-04-11 19:28:00,463,4.510460,0.009742,2.603280,1.907180,73060.538835,73057,73062,73057
2026-04-11 19:29:00,818,2.822860,0.003451,0.527800,2.295060,73051.271976,73059,73059,73045
2026-04-11 19:30:00,1245,2.284140,0.001835,1.055460,1.228680,73061.813458,73078,73078,73055
2026-04-11 19:31:00,2358,5.801870,0.002461,2.648080,3.153790,73111.533372,73094,73131,73078
2026-04-11 19:32:00,1694,13.333510,0.007871,11.600070,1.733440,73126.542579,73145,73145,73090
2026-04-11 19:33:00,2540,22.537630,0.008873,16.861070,5.676560,73147.932802,73114,73166,73104
2026-04-11 19:34:00,834,3.155820,0.003784,2.477360,0.678460,73125.518071,73142,73142,73114
2026-04-11 19:35:00,2031,3.359930,0.001654,1.739230,1.620700,73151.695494,73162,73165,73142
2026-04-11 19:36:00,1777,6.166470,0.003470,0.956630,5.209840,73152.510788,73124,73169,73124
2026-04-11 19:37:00,1367,4.834440,0.003537,2.221150,2.613290,73127.792312,73140,73141,73110
2026-04-11 19:38:00,1276,6.527280,0.005115,1.149310,5.377970,73141.134273,73139,73152,73133
2026-04-11 19:39:00,1136,19.251190,0.016946,4.953800,14.297390,73132.199599,73135,73144,73120
2026-04-11 19:40:00,1296,3.135330,0.002419,0.336610,2.798720,73129.299282,73127,73139,73109
2026-04-11 19:41:00,550,5.853070,0.010642,0.205170,5.647900,73130.374191,73124,73132,73124
2026-04-11 19:42:00,140,0.284820,0.002034,0.132770,0.152050,73123.794662,73124,73124,73124
2026-04-11 19:43:00,1015,7.433210,0.007323,0.818710,6.614500,73129.559714,73120,73134,73120
2026-04-11 19:44:00,353,1.810750,0.005130,0.992590,0.818160,73122.114027,73143,73143,73120
2026-04-11 19:45:00,767,4.251060,0.005542,0.926140,3.324920,73155.680785,73154,73158,73143
2026-04-11 19:46:00,819,2.551080,0.003115,0.931840,1.619240,73157.050632,73155,73165,73154
2026-04-11 19:47:00,911,4.039550,0.004434,0.437200,3.602350,73147.283002,73145,73155,73134
2026-04-11 19:48:00,1214,5.695830,0.004692,0.247050,5.448780,73124.340110,73111,73145,73104
2026-04-11 19:49:00,894,3.288200,0.003678,0.791910,2.496290,73105.062321,73086,73116,73086
2026-04-11 19:50:00,370,4.081620,0.011031,1.124950,2.956670,73096.634280,73100,73100,73086
2026-04-11 19:51:00,265,0.530740,0.002003,0.266250,0.264490,73097.491825,73100,73100,73096
2026-04-11 19:52:00,291,2.690780,0.009247,2.516840,0.173940,73100.962150,73112,73112,73100
2026-04-11 19:53:00,226,0.765800,0.003388,0.162960,0.602840,73110.421328,73110,73112,73110
2026-04-11 19:54:00,633,2.660500,0.004203,0.323690,2.336810,73103.326424,73096,73110,73096
2026-04-11 19:55:00,1194,3.073840,0.002574,1.606470,1.467370,73093.233709,73075,73096,73075
2026-04-11 19:56:00,96,0.306500,0.003193,0.182630,0.123870,73075.295959,73075,73075,73075
2026-04-11 19:57:00,797,4.462490,0.005599,1.052630,3.409860,73079.815360,73071,73084,73071
2026-04-11 19:58:00,258,1.459680,0.005658,1.183530,0.276150,73068.513353,73068,73071,73068
2026-04-11 19:59:00,796,2.490880,0.003129,1.357540,1.133340,73068.551671,73075,73075,73061
2026-04-11 20:00:00,501,1.014790,0.002026,0.505590,0.509200,73078.425528,73096,73096,73075
2026-04-11 20:01:00,1065,3.736670,0.003509,0.779340,2.957330,73088.391074,73084,73100,73073
2026-04-11 20:02:00,138,0.328100,0.002378,0.182900,0.145200,73083.945575,73084,73084,73084
2026-04-11 20:03:00,787,1.165430,0.001481,0.498360,0.667070,73092.817033,73093,73099,73084
2026-04-11 20:04:00,1174,3.036950,0.002587,0.491770,2.545180,73075.513780,73060,73093,73060
2026-04-11 20:05:00,1184,1.383570,0.001169,0.583780,0.799790,73042.208787,73041,73060,73033
2026-04-11 20:06:00,660,0.980800,0.001486,0.687630,0.293170,73043.733837,73050,73050,73040
2026-04-11 20:07:00,1535,1.607320,0.001047,0.679360,0.927960,73064.492119,73058,73075,73050
2026-04-11 20:08:00,776,2.597880,0.003348,0.960690,1.637190,73057.822069,73073,73073,73050
2026-04-11 20:09:00,387,1.052950,0.002721,0.126370,0.926580,73069.499016,73068,73073,73068
2026-04-11 20:10:00,913,2.067820,0.002265,1.166690,0.901130,73081.128705,73093,73093,73068
2026-04-11 20:11:00,979,1.448170,0.001479,0.776070,0.672100,73092.042139,73081,73100,73081
2026-04-11 20:12:00,779,1.943570,0.002495,0.130190,1.813380,73073.226494,73062,73081,73059
2026-04-11 20:13:00,671,1.071150,0.001596,0.744320,0.326830,73072.975404,73077,73077,73062
2026-04-11 20:14:00,812,0.934510,0.001151,0.488160,0.446350,73090.673057,73099,73099,73077
2026-04-11 20:15:00,444,0.436720,0.000984,0.325650,0.111070,73101.474352,73111,73111,73099
2026-04-11 20:16:00,882,5.455250,0.006185,4.566610,0.888640,73124.096894,73136,73136,73111
2026-04-11 20:17:00,1771,6.683360,0.003774,4.914160,1.769200,73135.384778,73134,73146,73119
2026-04-11 20:18:00,1108,3.634410,0.003280,2.230980,1.403430,73148.780179,73154,73168,73134
2026-04-11 20:19:00,563,1.645100,0.002922,1.210630,0.434470,73152.142942,73165,73165,73150
2026-04-11 20:20:00,383,1.840900,0.004807,1.712100,0.128800,73173.389582,73176,73176,73165
2026-04-11 20:21:00,2297,16.082970,0.007002,12.639600,3.443370,73186.423084,73194,73215,73176
2026-04-11 20:22:00,999,5.037820,0.005043,1.787540,3.250280,73197.932570,73198,73205,73188
2026-04-11 20:23:00,2871,11.843900,0.004125,5.264460,6.579440,73217.076949,73204,73244,73192
2026-04-11 20:24:00,1704,13.033860,0.007649,4.025930,9.007930,73209.823845,73203,73222,73200
2026-04-11 20:25:00,531,2.466590,0.004645,0.315310,2.151280,73197.002607,73189,73203,73185
2026-04-11 20:26:00,917,2.929540,0.003195,0.763510,2.166030,73204.245083,73192,73210,73189
2026-04-11 20:27:00,426,2.313580,0.005431,2.214130,0.099450,73203.410914,73215,73215,73192
2026-04-11 20:28:00,625,1.577500,0.002524,0.278590,1.298910,73215.340465,73206,73221,73206
2026-04-11 20:29:00,371,3.043300,0.008203,0.208030,2.835270,73202.387879,73200,73206,73200
2026-04-11 20:30:00,661,3.440090,0.005204,1.041750,2.398340,73194.609478,73197,73200,73186
2026-04-11 20:31:00,2716,13.722900,0.005053,12.610570,1.112330,73240.731669,73249,73262,73197
2026-04-11 20:32:00,1161,2.295810,0.001977,0.548740,1.747070,73240.815661,73239,73249,73234
2026-04-11 20:33:00,8635,42.299110,0.004899,20.438160,21.860950,73274.441047,73205,73333,73205
2026-04-11 20:34:00,1718,3.857610,0.002245,1.065680,2.791930,73204.494064,73218,73218,73191
2026-04-11 20:35:00,2824,9.349850,0.003311,7.007310,2.342540,73244.192501,73283,73283,73218
2026-04-11 20:36:00,13092,75.723350,0.005784,54.024780,21.698570,73390.768664,73430,73455,73283
2026-04-11 20:37:00,22158,265.909550,0.012001,180.389600,85.519950,73566.576492,73692,73700,73397
2026-04-11 20:38:00,10116,64.386420,0.006365,26.418910,37.967510,73629.699009,73569,73726,73550
2026-04-11 20:39:00,8074,46.095910,0.005709,25.407170,20.688740,73619.471947,73652,73668,73569
2026-04-11 20:40:00,6277,50.767600,0.008088,26.069370,24.698230,73603.798341,73583,73656,73572
2026-04-11 20:41:00,4053,15.195280,0.003749,9.713910,5.481370,73563.539824,73561,73606,73538
2026-04-11 20:42:00,2885,16.467720,0.005708,3.286650,13.181070,73524.468196,73507,73561,73501
2026-04-11 20:43:00,2247,9.992510,0.004447,2.727370,7.265140,73472.327240,73466,73507,73460
2026-04-11 20:44:00,3353,17.510060,0.005222,5.930430,11.579630,73468.727053,73501,73517,73442
2026-04-11 20:45:00,1935,7.467720,0.003859,3.575680,3.892040,73480.335069,73463,73508,73460
2026-04-11 20:46:00,3497,7.173650,0.002051,3.578280,3.595370,73477.758242,73451,73505,73451
2026-04-11 20:47:00,1504,4.104130,0.002729,0.886320,3.217810,73449.094645,73439,73461,73430
2026-04-11 20:48:00,2084,5.693510,0.002732,3.769310,1.924200,73442.938308,73468,73468,73432
2026-04-11 20:49:00,5015,26.607380,0.005306,21.275190,5.332190,73534.903437,73581,73600,73468
2026-04-11 20:50:00,3184,21.224290,0.006666,15.051570,6.172720,73600.283993,73549,73630,73536
2026-04-11 20:51:00,1885,7.566060,0.004014,0.706820,6.859240,73530.729245,73522,73555,73508
2026-04-11 20:52:00,1491,5.786190,0.003881,1.363940,4.422250,73508.820621,73503,73522,73500
2026-04-11 20:53:00,1334,11.550150,0.008658,5.425370,6.124780,73510.688786,73520,73520,73500
2026-04-11 20:54:00,668,1.869250,0.002798,0.352400,1.516850,73510.910963,73520,73520,73509
2026-04-11 20:55:00,783,1.059620,0.001353,0.430550,0.629070,73511.180783,73507,73520,73507
2026-04-11 20:56:00,1335,5.819390,0.004359,1.350750,4.468640,73505.342138,73489,73527,73489
2026-04-11 20:57:00,1699,1.790160,0.001054,0.936360,0.853800,73509.263356,73521,73527,73487
2026-04-11 20:58:00,1217,1.844690,0.001516,0.553540,1.291150,73523.547611,73518,73527,73518
2026-04-11 20:59:00,557,2.237550,0.004017,1.375750,0.861800,73517.253147,73526,73526,73512
2026-04-11 21:00:00,1497,3.533730,0.002361,1.358110,2.175620,73532.219009,73548,73548,73522
2026-04-11 21:01:00,6460,18.239290,0.002823,7.045350,11.193940,73589.763221,73587,73620,73548
2026-04-11 21:02:00,2985,11.947400,0.004002,6.731640,5.215760,73556.837833,73583,73587,73544
2026-04-11 21:03:00,3071,19.072840,0.006211,2.408150,16.664690,73508.839622,73500,73584,73482
2026-04-11 21:04:00,1293,11.689000,0.009040,8.242640,3.446360,73497.846702,73511,73511,73487
2026-04-11 21:05:00,1282,3.667440,0.002861,1.295830,2.371610,73531.995905,73535,73542,73503
2026-04-11 21:06:00,9870,88.035740,0.008920,63.172140,24.863600,73714.661386,73635,73790,73535
2026-04-11 21:07:00,6963,36.485780,0.005240,12.227660,24.258120,73704.479333,73661,73773,73635
2026-04-11 21:08:00,5451,23.123280,0.004242,9.298500,13.824780,73637.650685,73625,73690,73595
2026-04-11 21:09:00,3617,14.971920,0.004139,5.828190,9.143730,73665.992778,73675,73686,73625
2026-04-11 21:10:00,1815,9.303500,0.005126,4.369290,4.934210,73678.415903,73707,73707,73655
2026-04-11 21:11:00,2358,7.736170,0.003281,3.484730,4.251440,73681.278315,73643,73716,73643
2026-04-11 21:12:00,2409,11.548380,0.004794,3.915170,7.633210,73639.806970,73624,73664,73624
2026-04-11 21:13:00,1695,10.023450,0.005914,2.579280,7.444170,73605.448428,73559,73629,73559
2026-04-11 21:14:00,1351,2.722100,0.002015,1.685740,1.036360,73580.089531,73594,73594,73559
2026-04-11 21:15:00,2157,25.189150,0.011678,9.603250,15.585900,73574.875380,73570,73594,73566
2026-04-11 21:16:00,2622,10.282140,0.003921,6.122960,4.159180,73617.032961,73619,73632,73570
2026-04-11 21:17:00,1728,4.964960,0.002873,2.992920,1.972040,73620.915865,73640,73640,73597
2026-04-11 21:18:00,1442,3.167900,0.002197,1.567960,1.599940,73648.841903,73650,73660,73640
2026-04-11 21:19:00,915,4.500830,0.004919,1.716910,2.783920,73641.797977,73627,73656,73627
2026-04-11 21:20:00,4074,38.768160,0.009516,11.409890,27.358270,73527.212204,73535,73627,73482
2026-04-11 21:21:00,1800,6.533240,0.003630,2.116970,4.416270,73497.144170,73493,73535,73486
2026-04-11 21:22:00,1991,2.894040,0.001454,1.164320,1.729720,73499.207831,73490,73524,73479
2026-04-11 21:23:00,1899,8.861190,0.004666,2.995750,5.865440,73489.040945,73502,73515,73472
2026-04-11 21:24:00,881,0.861370,0.000978,0.495770,0.365600,73521.945583,73533,73533,73502
2026-04-11 21:25:00,1048,2.880500,0.002749,0.210530,2.669970,73529.938800,73526,73533,73526
2026-04-11 21:26:00,2160,7.713110,0.003571,3.135620,4.577490,73546.984606,73586,73586,73525
2026-04-11 21:27:00,977,3.841550,0.003932,2.500310,1.341240,73571.235414,73574,73586,73563
2026-04-11 21:28:00,2181,7.341410,0.003366,1.764340,5.577070,73596.628623,73613,73613,73574
2026-04-11 21:29:00,2013,3.761630,0.001869,2.324900,1.436730,73640.639422,73652,73658,73613
2026-04-11 21:30:00,1545,3.415130,0.002210,1.631170,1.783960,73622.732385,73618,73652,73607
2026-04-11 21:31:00,3486,19.040790,0.005462,10.039320,9.001470,73647.862512,73645,73665,73618
2026-04-11 21:32:00,4237,11.338160,0.002676,6.169730,5.168430,73686.683864,73713,73721,73645
2026-04-11 21:33:00,4480,33.123880,0.007394,22.703310,10.420570,73720.527489,73766,73766,73653
2026-04-11 21:34:00,3814,13.298990,0.003487,6.714230,6.584760,73761.911202,73698,73790,73694
2026-04-11 21:35:00,1961,2.444150,0.001246,0.762780,1.681370,73687.997570,73694,73698,73673
2026-04-11 21:36:00,1090,4.868320,0.004466,3.391460,1.476860,73697.239983,73700,73700,73682
2026-04-11 21:37:00,1794,4.560760,0.002542,1.705590,2.855170,73695.266276,73679,73714,73679
2026-04-11 21:38:00,1763,4.265780,0.002420,2.529630,1.736150,73664.242181,73654,73679,73654
2026-04-11 21:39:00,1105,9.253220,0.008374,1.720010,7.533210,73652.668166,73641,73661,73641
2026-04-11 21:40:00,1513,7.266010,0.004802,3.366100,3.899910,73640.274027,73660,73660,73629
2026-04-11 21:41:00,1056,3.893090,0.003687,1.756770,2.136320,73661.057024,73660,73667,73654
2026-04-11 21:42:00,605,1.880560,0.003108,1.360300,0.520260,73654.216521,73663,73664,73650
2026-04-11 21:43:00,308,3.760580,0.012210,1.317910,2.442670,73657.755481,73657,73663,73657
2026-04-11 21:44:00,1089,4.102710,0.003767,3.117050,0.985660,73671.885391,73679,73689,73657
2026-04-11 21:45:00,497,2.922260,0.005880,2.531190,0.391070,73685.803300,73692,73692,73679
2026-04-11 21:46:00,1229,6.426340,0.005229,0.270730,6.155610,73673.581432,73655,73692,73655
2026-04-11 21:47:00,1194,6.654790,0.005574,1.525660,5.129130,73639.011821,73639,73655,73628
2026-04-11 21:48:00,1028,4.732070,0.004603,3.578650,1.153420,73641.112116,73663,73663,73635
2026-04-11 21:49:00,943,2.972770,0.003152,1.520750,1.452020,73664.893359,73663,73670,73645
2026-04-11 21:50:00,328,1.216250,0.003708,0.665600,0.550650,73658.271382,73649,73663,73649
2026-04-11 21:51:00,679,3.038790,0.004475,0.479070,2.559720,73654.364186,73652,73663,73644
2026-04-11 21:52:00,331,1.700100,0.005136,1.158460,0.541640,73644.993679,73645,73652,73645
2026-04-11 21:53:00,1265,10.373610,0.008200,2.001630,8.371980,73628.432585,73619,73645,73609
2026-04-11 21:54:00,1215,3.940890,0.003244,1.810110,2.130780,73637.096741,73644,73652,73619
2026-04-11 21:55:00,518,2.937710,0.005671,2.436460,0.501250,73644.159719,73652,73652,73636
2026-04-11 21:56:00,650,2.204170,0.003391,1.511090,0.693080,73668.903024,73667,73674,73652
2026-04-11 21:57:00,760,10.053720,0.013229,3.197100,6.856620,73655.437231,73636,73667,73636
2026-04-11 21:58:00,785,3.438610,0.004380,0.722940,2.715670,73649.065325,73648,73654,73636
2026-04-11 21:59:00,471,3.001740,0.006373,2.377860,0.623880,73651.286525,73666,73666,73648
2026-04-11 22:00:00,493,2.782300,0.005644,1.649520,1.132780,73676.614933,73687,73687,73666
2026-04-11 22:01:00,1083,10.814340,0.009986,3.988000,6.826340,73672.054715,73660,73690,73652
2026-04-11 22:02:00,1587,10.923890,0.006883,1.918250,9.005640,73623.002090,73593,73660,73593
2026-04-11 22:03:00,1443,3.294140,0.002283,1.222280,2.071860,73584.665165,73558,73593,73558
2026-04-11 22:04:00,1696,9.398400,0.005542,1.773310,7.625090,73547.793464,73534,73558,73528
2026-04-11 22:05:00,1138,6.870790,0.006038,1.102310,5.768480,73540.702339,73533,73549,73530
2026-04-11 22:06:00,1383,5.689600,0.004114,2.779110,2.910490,73540.408730,73534,73558,73533
2026-04-11 22:07:00,1129,10.997950,0.009741,4.251740,6.746210,73532.734970,73537,73539,73520
2026-04-11 22:08:00,1391,11.973900,0.008608,9.717120,2.256780,73551.858276,73564,73564,73537
2026-04-11 22:09:00,2500,13.447030,0.005379,10.908320,2.538710,73593.641349,73596,73606,73564
2026-04-11 22:10:00,716,4.980590,0.006956,0.952680,4.027910,73594.822875,73578,73596,73578
2026-04-11 22:11:00,743,5.117440,0.006888,0.263100,4.854340,73570.931878,73554,73578,73554
2026-04-11 22:12:00,843,7.108310,0.008432,2.898050,4.210260,73532.317676,73514,73554,73514
2026-04-11 22:13:00,953,10.001330,0.010495,5.592970,4.408360,73505.749387,73493,73514,73493
2026-04-11 22:14:00,1915,4.572290,0.002388,2.457680,2.114610,73517.124728,73515,73535,73493
2026-04-11 22:15:00,977,4.631700,0.004741,1.861640,2.770060,73512.297381,73493,73525,73493
2026-04-11 22:16:00,2078,10.224420,0.004920,3.174460,7.049960,73467.495072,73458,73493,73458
2026-04-11 22:17:00,2562,12.644550,0.004935,10.552320,2.092230,73465.379781,73502,73502,73458
2026-04-11 22:18:00,1326,2.753470,0.002077,0.905170,1.848300,73510.013948,73495,73522,73491
2026-04-11 22:19:00,610,0.824730,0.001352,0.152690,0.672040,73476.096978,73470,73495,73470
2026-04-11 22:20:00,1265,6.310310,0.004988,4.850790,1.459520,73470.758409,73460,73486,73460
2026-04-11 22:21:00,2827,17.614720,0.006231,7.370220,10.244500,73435.840655,73423,73460,73403
2026-04-11 22:22:00,640,2.148060,0.003356,0.521180,1.626880,73423.625106,73421,73439,73419
2026-04-11 22:23:00,1431,3.530180,0.002467,0.677150,2.853030,73429.613588,73413,73443,73407
2026-04-11 22:24:00,798,5.468160,0.006852,1.155150,4.313010,73422.985038,73420,73432,73413
2026-04-11 22:25:00,107,0.445960,0.004168,0.246300,0.199660,73419.005523,73419,73419,73419
2026-04-11 22:26:00,929,2.085890,0.002245,1.084570,1.001320,73419.150246,73422,73425,73407
2026-04-11 22:27:00,1676,9.946260,0.005935,6.965710,2.980550,73451.148535,73449,73462,73422
2026-04-11 22:28:00,694,4.234010,0.006101,1.502630,2.731380,73441.414348,73418,73449,73418
2026-04-11 22:29:00,350,1.197270,0.003421,0.870670,0.326600,73424.488768,73428,73428,73418
2026-04-11 22:30:00,538,1.734530,0.003224,0.529560,1.204970,73429.469329,73424,73432,73424
2026-04-11 22:31:00,1990,13.888570,0.006979,2.415340,11.473230,73386.699147,73369,73424,73357
2026-04-11 22:32:00,2602,22.881330,0.008794,2.614450,20.266880,73344.853842,73330,73379,73319
2026-04-11 22:33:00,2822,22.061170,0.007818,2.262200,19.798970,73300.897852,73253,73344,73251
2026-04-11 22:34:00,1989,3.427770,0.001723,2.250500,1.177270,73298.088511,73308,73313,73253
2026-04-11 22:35:00,2136,3.706260,0.001735,1.207450,2.498810,73266.643815,73257,73308,73250
2026-04-11 22:36:00,2565,12.418530,0.004842,7.150400,5.268130,73257.655764,73288,73296,73226
2026-04-11 22:37:00,1441,4.259880,0.002956,3.848400,0.411480,73317.464545,73341,73341,73288
2026-04-11 22:38:00,1518,4.410430,0.002905,2.769970,1.640460,73348.832465,73336,73360,73336
2026-04-11 22:39:00,1113,1.942840,0.001746,0.668710,1.274130,73320.330103,73311,73336,73300
2026-04-11 22:40:00,1152,5.977590,0.005189,3.124370,2.853220,73309.798146,73306,73312,73306
2026-04-11 22:41:00,2144,21.649550,0.010098,1.457930,20.191620,73316.373699,73289,73341,73289
2026-04-11 22:42:00,2482,9.651050,0.003888,2.123780,7.527270,73296.645331,73339,73339,73289
2026-04-11 22:43:00,1547,3.837770,0.002481,1.743440,2.094330,73341.771817,73310,73363,73310
2026-04-11 22:44:00,845,4.490010,0.005314,3.156240,1.333770,73311.599491,73328,73328,73310
2026-04-11 22:45:00,828,4.387850,0.005299,4.201550,0.186300,73346.094505,73363,73363,73328
2026-04-11 22:46:00,818,1.162280,0.001421,0.187850,0.974430,73348.143625,73335,73363,73330
2026-04-11 22:47:00,328,3.136330,0.009562,2.007670,1.128660,73330.997484,73329,73335,73329
2026-04-11 22:48:00,96,0.459450,0.004786,0.045760,0.413690,73328.790996,73329,73329,73329
2026-04-11 22:49:00,1848,6.011470,0.003253,5.371280,0.640190,73369.427420,73403,73407,73329
2026-04-11 22:50:00,831,2.852300,0.003432,0.701220,2.151080,73410.407780,73413,73419,73403
2026-04-11 22:51:00,1094,4.189190,0.003829,2.884790,1.304400,73431.310082,73426,73440,73413
2026-04-11 22:52:00,511,0.632920,0.001239,0.452660,0.180260,73431.628249,73428,73434,73426
2026-04-11 22:53:00,275,2.279130,0.008288,1.699660,0.579470,73426.005882,73424,73428,73424
2026-04-11 22:54:00,972,7.772070,0.007996,6.271700,1.500370,73428.259294,73440,73440,73424
2026-04-11 22:55:00,1758,8.302940,0.004723,3.124460,5.178480,73387.726815,73382,73440,73366
2026-04-11 22:56:00,1618,7.827460,0.004838,1.229150,6.598310,73358.175120,73317,73382,73309
2026-04-11 22:57:00,551,1.229600,0.002232,0.545850,0.683750,73314.736922,73319,73324,73314
2026-04-11 22:58:00,752,1.670560,0.002221,0.189270,1.481290,73309.928360,73290,73319,73290
2026-04-11 22:59:00,645,1.242360,0.001926,0.544350,0.698010,73295.927365,73312,73312,73290
2026-04-11 23:00:00,616,6.734900,0.010933,0.148630,6.586270,73295.338734,73290,73312,73285
2026-04-11 23:01:00,2193,8.609140,0.003926,3.134050,5.475090,73312.651119,73288,73331,73288
2026-04-11 23:02:00,1077,3.499040,0.003249,0.362820,3.136220,73275.620538,73251,73288,73251
2026-04-11 23:03:00,3668,7.344880,0.002002,2.530170,4.814710,73234.353158,73264,73264,73200
2026-04-11 23:04:00,1750,3.038960,0.001737,2.131070,0.907890,73293.684122,73329,73329,73264
2026-04-11 23:05:00,1214,6.711170,0.005528,1.355640,5.355530,73327.431636,73302,73342,73302
2026-04-11 23:06:00,516,2.133340,0.004134,1.448340,0.685000,73304.365443,73308,73308,73302
2026-04-11 23:07:00,620,1.599970,0.002581,0.717190,0.882780,73327.748712,73336,73336,73308
2026-04-11 23:08:00,1533,4.447420,0.002901,2.868000,1.579420,73355.535277,73383,73391,73336
2026-04-11 23:09:00,856,2.543090,0.002971,1.744210,0.798880,73395.978924,73398,73400,73383
2026-04-11 23:10:00,542,7.555390,0.013940,6.642230,0.913160,73403.523758,73416,73416,73398
2026-04-11 23:11:00,1393,23.608400,0.016948,20.763830,2.844570,73426.392651,73421,73435,73416
2026-04-11 23:12:00,1435,6.244290,0.004351,4.060950,2.183340,73410.250245,73396,73421,73378
2026-04-11 23:13:00,531,7.083360,0.013340,0.713540,6.369820,73404.026999,73392,73408,73392
2026-04-11 23:14:00,1824,8.606640,0.004719,6.695440,1.911200,73406.286530,73412,73433,73392
2026-04-11 23:15:00,345,2.236950,0.006484,1.929240,0.307710,73414.054119,73421,73421,73412
2026-04-11 23:16:00,583,1.357390,0.002328,0.280870,1.076520,73406.691252,73400,73421,73400
2026-04-11 23:17:00,700,3.495580,0.004994,1.968160,1.527420,73408.654111,73430,73430,73400
2026-04-11 23:18:00,878,4.794100,0.005460,3.528520,1.265580,73432.240936,73427,73444,73427
2026-04-11 23:19:00,759,3.721920,0.004904,2.232740,1.489180,73408.267759,73400,73427,73400
2026-04-11 23:20:00,381,0.935150,0.002454,0.388140,0.547010,73394.142685,73396,73400,73392
2026-04-11 23:21:00,1224,6.477260,0.005292,0.939820,5.537440,73399.038628,73374,73411,73374
2026-04-11 23:22:00,1199,5.780620,0.004821,4.084170,1.696450,73366.913714,73396,73396,73362
2026-04-11 23:23:00,1280,11.300250,0.008828,0.814890,10.485360,73369.200701,73332,73396,73332
2026-04-11 23:24:00,1385,18.449270,0.013321,14.264640,4.184630,73361.568630,73385,73392,73332
2026-04-11 23:25:00,837,4.941840,0.005904,0.483720,4.458120,73371.379060,73344,73394,73342
2026-04-11 23:26:00,465,4.026750,0.008660,0.932570,3.094180,73341.612045,73344,73344,73334
2026-04-11 23:27:00,1333,4.305560,0.003230,3.266780,1.038780,73348.644053,73369,73369,73334
2026-04-11 23:28:00,511,3.435140,0.006722,0.331080,3.104060,73350.537037,73329,73369,73328
2026-04-11 23:29:00,1320,2.423390,0.001836,1.555760,0.867630,73323.340436,73342,73342,73314
2026-04-11 23:30:00,87,0.682640,0.007846,0.498990,0.183650,73342.447310,73342,73342,73342
2026-04-11 23:31:00,695,1.971030,0.002836,0.297580,1.673450,73333.081290,73322,73342,73317
2026-04-11 23:32:00,169,0.687700,0.004069,0.152720,0.534980,73321.401617,73319,73322,73319
2026-04-11 23:33:00,481,1.177610,0.002448,0.714590,0.463020,73320.222538,73327,73327,73319
2026-04-11 23:34:00,1812,5.263840,0.002905,5.047300,0.216540,73375.522611,73420,73420,73327
2026-04-11 23:35:00,643,2.333380,0.003629,0.774170,1.559210,73420.668688,73412,73426,73412
2026-04-11 23:36:00,1056,2.109580,0.001998,1.916710,0.192870,73418.870338,73433,73433,73412
2026-04-11 23:37:00,1399,8.245630,0.005894,5.208650,3.036980,73451.545229,73445,73471,73433
2026-04-11 23:38:00,1415,5.092320,0.003599,1.434240,3.658080,73422.023402,73423,73445,73398
2026-04-11 23:39:00,865,2.396500,0.002771,1.578040,0.818460,73415.886352,73410,73429,73406
2026-04-11 23:40:00,458,1.114010,0.002432,0.368790,0.745220,73421.060244,73422,73426,73410
2026-04-11 23:41:00,968,1.801500,0.001861,1.287640,0.513860,73434.635616,73435,73444,73422
2026-04-11 23:42:00,1072,5.727730,0.005343,5.237460,0.490270,73425.809640,73444,73444,73416
2026-04-11 23:43:00,870,5.991680,0.006887,3.406810,2.584870,73442.257413,73431,73448,73431
2026-04-11 23:44:00,1944,3.908270,0.002010,2.432200,1.476070,73450.531560,73461,73471,73431
2026-04-11 23:45:00,3259,3.270670,0.001004,2.283310,0.987360,73434.058303,73437,73471,73416
2026-04-11 23:46:00,816,3.810080,0.004669,3.470140,0.339940,73456.352750,73472,73472,73437
2026-04-11 23:47:00,1544,5.176530,0.003353,3.836280,1.340250,73487.593044,73487,73504,73472
2026-04-11 23:48:00,1771,3.282750,0.001854,2.454890,0.827860,73472.504160,73480,73487,73465
2026-04-11 23:49:00,1056,3.102970,0.002938,2.774010,0.328960,73466.396672,73471,73480,73450
2026-04-11 23:50:00,1066,52.446970,0.049200,4.096280,48.350690,73447.498226,73416,73476,73416
2026-04-11 23:51:00,3213,55.860430,0.017386,52.561270,3.299160,73469.396935,73486,73496,73416
2026-04-11 23:52:00,362,1.163040,0.003213,1.010290,0.152750,73478.416414,73478,73486,73478
2026-04-11 23:53:00,2054,1.213130,0.000591,0.894550,0.318580,73485.073261,73510,73510,73478
2026-04-11 23:54:00,1603,5.477200,0.003417,4.502700,0.974500,73521.137731,73518,73548,73507
2026-04-11 23:55:00,991,4.924050,0.004969,3.234990,1.689060,73510.369485,73498,73518,73498
2026-04-11 23:56:00,851,1.037700,0.001219,0.666340,0.371360,73482.865542,73496,73498,73470
2026-04-11 23:57:00,264,0.941270,0.003565,0.118640,0.822630,73492.621773,73477,73496,73477
2026-04-11 23:58:00,225,1.171450,0.005206,0.145550,1.025900,73472.916692,73472,73477,73472
2026-04-11 23:59:00,575,1.370740,0.002384,0.523780,0.846960,73468.999231,73445,73472,73445
