Timestamp,Trades,TotalQty,AvgSize,BuyQty,SellQty,AvgPrice,ClosePrice,HiPrice,LowPrice
2026-08-29 00:00:00,6365,22.742710,0.003573,6.497810,16.244900,77315.548528,77364,77364,77256
2026-08-29 00:01:00,3620,9.833470,0.002716,5.436330,4.397140,77384.143910,77399,77406,77344
2026-08-29 00:02:00,2192,5.720010,0.002609,3.733880,1.986130,77386.513781,77394,77399,77378
2026-08-29 00:03:00,2795,2.804080,0.001003,1.074930,1.729150,77370.421152,77366,77394,77342
2026-08-29 00:04:00,2598,3.475540,0.001338,1.620140,1.855400,77366.150140,77347,77382,77347
2026-08-29 00:05:00,1712,1.980070,0.001157,0.730260,1.249810,77367.154194,77374,77374,77347
2026-08-29 00:06:00,1027,3.495330,0.003403,2.416230,1.079100,77387.925958,77395,77395,77374
2026-08-29 00:07:00,975,1.897720,0.001946,1.087840,0.809880,77401.927952,77404,77404,77395
2026-08-29 00:08:00,1739,6.122360,0.003521,2.324340,3.798020,77408.196734,77414,77414,77404
2026-08-29 00:09:00,1471,2.873330,0.001953,1.528140,1.345190,77428.268501,77425,77433,77414
2026-08-29 00:10:00,1154,2.685840,0.002327,0.530490,2.155350,77426.041968,77421,77430,77421
2026-08-29 00:11:00,1202,3.208190,0.002669,2.370550,0.837640,77439.248743,77448,77448,77421
2026-08-29 00:12:00,1450,2.787350,0.001922,0.375670,2.411680,77436.649402,77424,77448,77424
2026-08-29 00:13:00,1929,2.585720,0.001340,1.443710,1.142010,77437.595069,77454,77454,77424
2026-08-29 00:14:00,646,6.098070,0.009440,1.331200,4.766870,77449.786668,77448,77454,77446
2026-08-29 00:15:00,1287,3.305800,0.002569,1.225800,2.080000,77444.859152,77449,77449,77441
2026-08-29 00:16:00,1016,4.959600,0.004881,2.321990,2.637610,77434.398840,77422,77449,77422
2026-08-29 00:17:00,808,4.659520,0.005767,0.852220,3.807300,77420.245380,77403,77422,77403
2026-08-29 00:18:00,984,3.605930,0.003665,2.736290,0.869640,77409.747460,77428,77428,77403
2026-08-29 00:19:00,922,1.879270,0.002038,1.142310,0.736960,77438.180025,77444,77444,77428
2026-08-29 00:20:00,1119,3.157970,0.002822,2.470890,0.687080,77436.727479,77444,77444,77435
2026-08-29 00:21:00,1795,4.730900,0.002636,3.615850,1.115050,77448.661181,77482,77482,77443
2026-08-29 00:22:00,1564,4.126140,0.002638,2.376290,1.749850,77483.888064,77466,77496,77466
2026-08-29 00:23:00,407,1.612620,0.003962,0.314240,1.298380,77464.725671,77460,77466,77460
2026-08-29 00:24:00,1107,2.119450,0.001915,1.036880,1.082570,77450.058514,77443,77460,77443
2026-08-29 00:25:00,1111,3.171270,0.002854,1.642290,1.528980,77447.672655,77457,77457,77443
2026-08-29 00:26:00,5221,14.403590,0.002759,9.992510,4.411080,77525.084129,77556,77556,77457
2026-08-29 00:27:00,1437,4.732750,0.003293,2.244100,2.488650,77554.567634,77563,77564,77538
2026-08-29 00:28:00,1953,6.054120,0.003100,4.373930,1.680190,77575.719926,77573,77590,77563
2026-08-29 00:29:00,2092,5.342960,0.002554,3.006020,2.336940,77586.641190,77581,77594,77573
2026-08-29 00:30:00,429,1.497750,0.003491,0.408410,1.089340,77578.769924,77573,77581,77573
2026-08-29 00:31:00,1540,6.059960,0.003935,2.310970,3.748990,77572.873946,77569,77583,77565
2026-08-29 00:32:00,414,2.938190,0.007097,0.317060,2.621130,77569.191079,77569,77569,77569
2026-08-29 00:33:00,1669,1.548820,0.000928,0.940350,0.608470,77582.557520,77596,77596,77567
2026-08-29 00:34:00,555,2.004960,0.003613,1.716230,0.288730,77592.800560,77591,77596,77591
2026-08-29 00:35:00,2461,7.350320,0.002987,5.249400,2.100920,77601.231490,77606,77620,77577
2026-08-29 00:36:00,1220,9.872050,0.008092,5.629640,4.242410,77626.056307,77638,77638,77606
2026-08-29 00:37:00,2141,9.772800,0.004565,5.824430,3.948370,77654.776976,77664,77664,77638
2026-08-29 00:38:00,1457,2.906110,0.001995,1.136630,1.769480,77650.631429,77640,77664,77638
2026-08-29 00:39:00,3654,9.181630,0.002513,4.608920,4.572710,77671.201987,77685,77688,77640
2026-08-29 00:40:00,1232,9.875890,0.008016,9.002080,0.873810,77697.190957,77700,77700,77685
2026-08-29 00:41:00,2450,6.362720,0.002597,3.777300,2.585420,77719.845177,77731,77734,77700
2026-08-29 00:42:00,2889,4.476110,0.001549,1.790160,2.685950,77701.122262,77697,77731,77670
2026-08-29 00:43:00,1302,4.277480,0.003285,1.705540,2.571940,77707.827468,77716,77716,77697
2026-08-29 00:44:00,2289,3.131790,0.001368,1.385900,1.745890,77730.105164,77721,77739,77716
2026-08-29 00:45:00,2217,3.857550,0.001740,2.511730,1.345820,77735.756321,77739,77746,77721
2026-08-29 00:46:00,1098,3.795340,0.003457,2.475130,1.320210,77748.795693,77752,77752,77739
2026-08-29 00:47:00,420,5.246050,0.012491,3.085260,2.160790,77752.001713,77752,77752,77752
2026-08-29 00:48:00,1257,2.921920,0.002325,1.689670,1.232250,77748.879004,77753,77753,77741
2026-08-29 00:49:00,1496,2.615330,0.001748,1.681150,0.934180,77752.425856,77757,77757,77748
2026-08-29 00:50:00,309,3.432160,0.011107,3.012200,0.419960,77756.042667,77756,77757,77756
2026-08-29 00:51:00,791,2.148020,0.002716,0.498590,1.649430,77748.210855,77739,77756,77739
2026-08-29 00:52:00,1501,5.770850,0.003845,3.367760,2.403090,77742.519047,77737,77752,77737
2026-08-29 00:53:00,2074,9.084570,0.004380,6.126980,2.957590,77746.127195,77733,77757,77730
2026-08-29 00:54:00,1435,7.264720,0.005063,5.889390,1.375330,77737.365034,77738,77741,77730
2026-08-29 00:55:00,2506,19.298730,0.007701,12.155160,7.143570,77762.686392,77767,77773,77738
2026-08-29 00:56:00,2191,23.264100,0.010618,17.765320,5.498780,77750.915002,77700,77767,77700
2026-08-29 00:57:00,1944,6.679770,0.003436,4.988980,1.690790,77694.781038,77717,77717,77686
2026-08-29 00:58:00,1191,2.147190,0.001803,1.066900,1.080290,77708.986111,77712,77717,77702
2026-08-29 00:59:00,1680,33.685280,0.020051,33.614090,0.071190,77726.523323,77756,77756,77712
2026-08-29 01:00:00,1262,3.228540,0.002558,2.250170,0.978370,77762.772633,77759,77771,77756
2026-08-29 01:01:00,2471,6.463370,0.002616,4.315190,2.148180,77738.220512,77733,77759,77707
2026-08-29 01:02:00,2730,14.305300,0.005240,8.631970,5.673330,77751.222247,77733,77764,77733
2026-08-29 01:03:00,1973,3.780220,0.001916,1.673500,2.106720,77717.296894,77703,77733,77702
2026-08-29 01:04:00,813,1.172370,0.001442,0.519410,0.652960,77698.690043,77688,77703,77688
2026-08-29 01:05:00,226,0.713140,0.003155,0.232800,0.480340,77686.212873,77686,77688,77686
2026-08-29 01:06:00,885,5.350700,0.006046,4.752300,0.598400,77689.578437,77697,77697,77686
2026-08-29 01:07:00,1222,5.753000,0.004708,1.619290,4.133710,77696.205356,77697,77700,77694
2026-08-29 01:08:00,302,1.953130,0.006467,0.951700,1.001430,77694.931733,77692,77697,77692
2026-08-29 01:09:00,523,3.189200,0.006098,1.617460,1.571740,77691.913088,77686,77692,77686
2026-08-29 01:10:00,2283,20.013370,0.008766,17.641230,2.372140,77704.098900,77730,77730,77679
2026-08-29 01:11:00,833,9.088570,0.010911,7.521060,1.567510,77718.441132,77722,77730,77716
2026-08-29 01:12:00,285,4.615460,0.016195,0.500840,4.114620,77721.202121,77719,77722,77716
2026-08-29 01:13:00,2830,38.547150,0.013621,29.237020,9.310130,77728.341231,77744,77746,77701
2026-08-29 01:14:00,2472,142.311080,0.057569,58.400210,83.910870,77767.700366,77778,77779,77731
2026-08-29 01:15:00,2635,66.996340,0.025426,31.400690,35.595650,77780.482586,77775,77807,77773
2026-08-29 01:16:00,1802,37.446600,0.020781,2.406590,35.040010,77736.728752,77707,77775,77707
2026-08-29 01:17:00,863,2.412600,0.002796,1.995110,0.417490,77706.907898,77716,77716,77706
2026-08-29 01:18:00,346,0.705450,0.002039,0.393600,0.311850,77712.910859,77706,77716,77706
2026-08-29 01:19:00,322,0.862860,0.002680,0.589000,0.273860,77706.016826,77706,77706,77706
2026-08-29 01:20:00,713,1.066350,0.001496,0.645440,0.420910,77704.522892,77706,77706,77700
2026-08-29 01:21:00,247,1.123980,0.004551,0.328780,0.795200,77706.002925,77706,77706,77706
2026-08-29 01:22:00,2278,6.413540,0.002815,3.865980,2.547560,77681.038314,77688,77706,77673
2026-08-29 01:23:00,1154,8.133650,0.007048,0.537700,7.595950,77680.779786,77684,77688,77674
2026-08-29 01:24:00,1280,2.673570,0.002089,1.495600,1.177970,77673.451887,77670,77684,77666
2026-08-29 01:25:00,1011,12.298620,0.012165,11.012670,1.285950,77685.120734,77703,77703,77670
2026-08-29 01:26:00,632,2.351130,0.003720,2.131440,0.219690,77703.362285,77706,77706,77703
2026-08-29 01:27:00,522,2.829690,0.005421,1.731360,1.098330,77707.519190,77716,77716,77706
2026-08-29 01:28:00,876,4.232570,0.004832,3.762300,0.470270,77716.876168,77723,77723,77716
2026-08-29 01:29:00,1658,35.761190,0.021569,1.491040,34.270150,77704.409351,77676,77723,77676
2026-08-29 01:30:00,603,1.442430,0.002392,0.854430,0.588000,77679.266198,77684,77684,77676
2026-08-29 01:31:00,749,5.454790,0.007283,1.409080,4.045710,77688.748415,77690,77690,77684
2026-08-29 01:32:00,641,1.855570,0.002895,1.350130,0.505440,77696.888150,77704,77704,77690
2026-08-29 01:33:00,1119,8.002670,0.007152,0.497050,7.505620,77697.319087,77699,77704,77684
2026-08-29 01:34:00,849,1.604650,0.001890,1.301150,0.303500,77702.569165,77712,77712,77699
2026-08-29 01:35:00,191,1.749460,0.009159,1.281820,0.467640,77711.957327,77712,77712,77712
2026-08-29 01:36:00,553,2.233860,0.004040,1.220530,1.013330,77703.396312,77699,77712,77699
2026-08-29 01:37:00,518,1.948390,0.003761,1.824490,0.123900,77701.763661,77706,77706,77699
2026-08-29 01:38:00,394,5.348970,0.013576,0.619730,4.729240,77702.952408,77699,77706,77699
2026-08-29 01:39:00,1050,8.516770,0.008111,7.858950,0.657820,77712.260394,77720,77720,77699
2026-08-29 01:40:00,1270,21.287840,0.016762,0.909890,20.377950,77709.919188,77686,77720,77679
2026-08-29 01:41:00,507,2.326490,0.004589,0.368900,1.957590,77683.303965,77675,77686,77675
2026-08-29 01:42:00,349,3.457260,0.009906,3.239810,0.217450,77676.271209,77682,77682,77675
2026-08-29 01:43:00,916,20.543350,0.022427,1.736430,18.806920,77674.824690,77686,77686,77666
2026-08-29 01:44:00,604,3.147810,0.005212,2.171200,0.976610,77697.262916,77704,77704,77686
2026-08-29 01:45:00,301,0.676710,0.002248,0.373160,0.303550,77697.763598,77696,77704,77696
2026-08-29 01:46:00,699,4.492740,0.006427,0.290420,4.202320,77675.839823,77670,77696,77670
2026-08-29 01:47:00,485,2.889130,0.005957,2.582960,0.306170,77664.333017,77663,77670,77660
2026-08-29 01:48:00,1064,2.372760,0.002230,1.001350,1.371410,77647.199686,77652,77663,77641
2026-08-29 01:49:00,483,8.888400,0.018402,4.685630,4.202770,77646.733810,77643,77652,77643
2026-08-29 01:50:00,213,2.910950,0.013666,0.284710,2.626240,77643.000978,77643,77643,77643
2026-08-29 01:51:00,1991,4.442420,0.002231,4.096090,0.346330,77670.786618,77702,77702,77643
2026-08-29 01:52:00,1973,3.766210,0.001909,1.994040,1.772170,77716.602335,77706,77732,77700
2026-08-29 01:53:00,1694,1.832740,0.001082,1.496590,0.336150,77717.963010,77734,77734,77706
2026-08-29 01:54:00,577,1.585320,0.002748,0.876050,0.709270,77735.435603,77739,77739,77734
2026-08-29 01:55:00,1193,1.878320,0.001574,1.529730,0.348590,77740.823061,77756,77756,77736
2026-08-29 01:56:00,1723,5.602890,0.003252,4.984280,0.618610,77770.002834,77794,77797,77756
2026-08-29 01:57:00,1335,15.018850,0.011250,4.423540,10.595310,77789.723362,77803,77803,77782
2026-08-29 01:58:00,1201,5.865110,0.004884,3.704150,2.160960,77816.705828,77827,77828,77803
2026-08-29 01:59:00,1197,3.974950,0.003321,2.217370,1.757580,77835.627338,77838,77847,77827
2026-08-29 02:00:00,535,1.864690,0.003485,1.595160,0.269530,77842.505015,77846,77846,77838
2026-08-29 02:01:00,2542,6.836710,0.002690,2.020160,4.816550,77816.998660,77817,77846,77801
2026-08-29 02:02:00,2306,4.685430,0.002032,3.858520,0.826910,77850.810764,77858,77866,77817
2026-08-29 02:03:00,1941,5.159200,0.002658,2.555820,2.603380,77836.764477,77817,77858,77817
2026-08-29 02:04:00,1197,2.890270,0.002415,2.187620,0.702650,77818.224826,77837,77837,77817
2026-08-29 02:05:00,1021,3.525330,0.003453,1.300350,2.224980,77824.339505,77814,77840,77814
2026-08-29 02:06:00,1194,20.932790,0.017532,0.999230,19.933560,77795.158180,77785,77814,77776
2026-08-29 02:07:00,2880,4.640100,0.001611,4.236670,0.403430,77811.216856,77856,77856,77785
2026-08-29 02:08:00,869,2.461770,0.002833,2.164000,0.297770,77857.784145,77861,77861,77856
2026-08-29 02:09:00,1984,3.496590,0.001762,2.207460,1.289130,77873.837740,77856,77896,77856
2026-08-29 02:10:00,1384,3.361750,0.002429,3.129270,0.232480,77863.464235,77882,77882,77856
2026-08-29 02:11:00,1233,6.962180,0.005647,3.158920,3.803260,77866.740133,77841,77882,77841
2026-08-29 02:12:00,452,1.263320,0.002795,0.998350,0.264970,77846.971468,77850,77850,77841
2026-08-29 02:13:00,967,2.583400,0.002672,1.298230,1.285170,77831.481818,77832,77850,77823
2026-08-29 02:14:00,985,1.934230,0.001964,1.408750,0.525480,77837.337782,77842,77844,77832
2026-08-29 02:15:00,629,5.498340,0.008741,0.774520,4.723820,77831.402063,77818,77842,77818
2026-08-29 02:16:00,976,3.889550,0.003985,1.163940,2.725610,77827.967660,77825,77833,77818
2026-08-29 02:17:00,1352,10.836480,0.008015,10.190750,0.645730,77855.364631,77892,77892,77823
2026-08-29 02:18:00,935,5.740750,0.006140,1.183690,4.557060,77885.605198,77856,77892,77856
2026-08-29 02:19:00,1592,5.668450,0.003561,3.255070,2.413380,77857.639380,77879,77879,77854
2026-08-29 02:20:00,1223,3.295300,0.002694,2.189590,1.105710,77883.803163,77896,77896,77879
2026-08-29 02:21:00,1548,5.857450,0.003784,3.263860,2.593590,77888.189643,77893,77896,77877
2026-08-29 02:22:00,2725,7.286870,0.002674,5.763190,1.523680,77902.251975,77919,77919,77885
2026-08-29 02:23:00,1579,3.458710,0.002190,2.347000,1.111710,77920.145799,77913,77932,77910
2026-08-29 02:24:00,1599,5.996070,0.003750,3.265650,2.730420,77907.553978,77878,77927,77878
2026-08-29 02:25:00,1279,5.000670,0.003910,4.247380,0.753290,77900.431196,77902,77910,77878
2026-08-29 02:26:00,1234,2.465400,0.001998,1.958030,0.507370,77903.243376,77913,77913,77900
2026-08-29 02:27:00,1440,4.483850,0.003114,4.011910,0.471940,77931.516706,77946,77946,77913
2026-08-29 02:28:00,1222,13.122640,0.010739,10.964250,2.158390,77955.419375,77946,77964,77946
2026-08-29 02:29:00,1269,5.408220,0.004262,0.466390,4.941830,77919.767663,77893,77946,77893
2026-08-29 02:30:00,1994,6.724570,0.003372,3.400780,3.323790,77901.347821,77904,77910,77893
2026-08-29 02:31:00,596,4.059130,0.006811,0.778340,3.280790,77896.003453,77879,77904,77879
2026-08-29 02:32:00,1058,3.458350,0.003269,0.530550,2.927800,77861.108672,77842,77879,77842
2026-08-29 02:33:00,707,3.728870,0.005274,0.216820,3.512050,77824.038208,77815,77842,77815
2026-08-29 02:34:00,2149,5.449780,0.002536,2.688930,2.760850,77812.990859,77792,77818,77792
2026-08-29 02:35:00,1260,2.989640,0.002373,1.007720,1.981920,77794.563076,77786,77799,77782
2026-08-29 02:36:00,1221,2.073500,0.001698,1.737670,0.335830,77796.690009,77817,77817,77786
2026-08-29 02:37:00,1182,2.826240,0.002391,0.759310,2.066930,77817.126509,77807,77827,77807
2026-08-29 02:38:00,1061,1.476120,0.001391,0.852920,0.623200,77814.475263,77820,77820,77805
2026-08-29 02:39:00,1518,3.514650,0.002315,0.506260,3.008390,77800.994507,77788,77820,77788
2026-08-29 02:40:00,704,0.798010,0.001134,0.447680,0.350330,77789.012646,77792,77792,77788
2026-08-29 02:41:00,1077,5.256990,0.004881,4.174700,1.082290,77792.818326,77793,77795,77792
2026-08-29 02:42:00,658,2.049400,0.003115,0.566200,1.483200,77793.003283,77792,77793,77792
2026-08-29 02:43:00,974,2.025550,0.002080,0.556300,1.469250,77790.515536,77784,77792,77784
2026-08-29 02:44:00,2670,15.978720,0.005985,10.381020,5.597700,77786.183893,77798,77798,77772
2026-08-29 02:45:00,1459,6.323740,0.004334,2.818330,3.505410,77792.196022,77789,77803,77789
2026-08-29 02:46:00,976,1.334750,0.001368,0.458520,0.876230,77787.079175,77783,77789,77783
2026-08-29 02:47:00,737,5.089150,0.006905,3.452830,1.636320,77783.466785,77783,77783,77783
2026-08-29 02:48:00,1330,2.420560,0.001820,0.825380,1.595180,77775.544940,77773,77783,77772
2026-08-29 02:49:00,1866,4.706610,0.002522,0.465440,4.241170,77766.797057,77753,77773,77753
2026-08-29 02:50:00,1606,5.459870,0.003400,3.466560,1.993310,77758.810192,77753,77764,77753
2026-08-29 02:51:00,1706,3.859370,0.002262,1.655250,2.204120,77748.992381,77738,77755,77738
2026-08-29 02:52:00,760,3.395760,0.004468,0.497590,2.898170,77735.699534,77732,77738,77732
2026-08-29 02:53:00,1117,7.481960,0.006698,5.896400,1.585560,77732.938636,77733,77735,77732
2026-08-29 02:54:00,1111,18.272340,0.016447,17.302470,0.969870,77749.411460,77760,77760,77733
2026-08-29 02:55:00,2059,6.389050,0.003103,2.965610,3.423440,77779.595419,77790,77790,77760
2026-08-29 02:56:00,2298,6.684330,0.002909,3.744060,2.940270,77784.543374,77812,77812,77770
2026-08-29 02:57:00,1509,6.842850,0.004535,1.324490,5.518360,77810.315579,77794,77818,77794
2026-08-29 02:58:00,2144,14.527310,0.006776,1.331430,13.195880,77762.062096,77748,77794,77741
2026-08-29 02:59:00,1394,2.181000,0.001565,0.588700,1.592300,77739.588060,77734,77748,77731
2026-08-29 03:00:00,1335,5.686200,0.004259,2.890510,2.795690,77726.758102,77734,77734,77722
2026-08-29 03:01:00,1636,5.360410,0.003277,1.164990,4.195420,77723.620673,77720,77734,77712
2026-08-29 03:02:00,1331,7.183970,0.005397,0.738660,6.445310,77713.948649,77695,77722,77695
2026-08-29 03:03:00,2056,5.709250,0.002777,2.335450,3.373800,77697.016008,77722,77722,77691
2026-08-29 03:04:00,1433,6.092960,0.004252,0.535800,5.557160,77709.390211,77695,77722,77695
2026-08-29 03:05:00,1168,4.394640,0.003763,1.334750,3.059890,77697.908488,77695,77704,77695
2026-08-29 03:06:00,1151,2.383070,0.002070,1.303220,1.079850,77698.711888,77702,77705,77695
2026-08-29 03:07:00,860,2.872430,0.003340,0.369720,2.502710,77701.527965,77695,77702,77695
2026-08-29 03:08:00,1085,2.905940,0.002678,0.462940,2.443000,77689.540199,77679,77695,77679
2026-08-29 03:09:00,1290,5.623740,0.004359,0.593310,5.030430,77675.549830,77672,77679,77672
2026-08-29 03:10:00,865,3.186100,0.003683,1.275500,1.910600,77669.563792,77671,77672,77669
2026-08-29 03:11:00,629,3.317670,0.005275,2.253500,1.064170,77670.526792,77671,77671,77671
2026-08-29 03:12:00,862,5.311980,0.006162,0.505520,4.806460,77670.312573,77670,77671,77669
2026-08-29 03:13:00,916,3.482830,0.003802,1.231080,2.251750,77673.661255,77679,77679,77670
2026-08-29 03:14:00,601,2.855700,0.004752,0.836020,2.019680,77678.562928,77679,77679,77679
2026-08-29 03:15:00,1930,21.102910,0.010934,1.785130,19.317780,77655.238272,77638,77679,77631
2026-08-29 03:16:00,825,1.208080,0.001464,0.933930,0.274150,77645.616413,77650,77650,77638
2026-08-29 03:17:00,779,3.175790,0.004077,2.629290,0.546500,77650.137610,77653,77653,77650
2026-08-29 03:18:00,801,1.771810,0.002212,0.532230,1.239580,77657.259086,77658,77658,77653
2026-08-29 03:19:00,1111,2.344710,0.002110,1.285270,1.059440,77654.576752,77656,77658,77650
2026-08-29 03:20:00,2034,4.050610,0.001991,2.111080,1.939530,77676.172936,77702,77702,77656
2026-08-29 03:21:00,957,1.867490,0.001951,1.446580,0.420910,77708.513117,77713,77713,77702
2026-08-29 03:22:00,828,2.165050,0.002615,1.165490,0.999560,77716.903384,77722,77722,77713
2026-08-29 03:23:00,904,3.030830,0.003353,2.510680,0.520150,77724.115120,77730,77730,77722
2026-08-29 03:24:00,521,0.903640,0.001734,0.574530,0.329110,77729.996007,77730,77730,77730
2026-08-29 03:25:00,1397,6.779170,0.004853,6.502820,0.276350,77747.679066,77762,77762,77730
2026-08-29 03:26:00,793,0.747040,0.000942,0.576940,0.170100,77768.345554,77773,77773,77762
2026-08-29 03:27:00,1177,2.100310,0.001784,0.515440,1.584870,77768.960946,77765,77773,77763
2026-08-29 03:28:00,1649,2.460960,0.001492,0.882510,1.578450,77758.692802,77763,77766,77748
2026-08-29 03:29:00,709,1.812960,0.002557,0.926520,0.886440,77766.983096,77771,77771,77763
2026-08-29 03:30:00,1375,4.419770,0.003214,3.886880,0.532890,77774.023836,77790,77790,77771
2026-08-29 03:31:00,647,0.898260,0.001388,0.764450,0.133810,77794.690239,77795,77795,77789
2026-08-29 03:32:00,988,3.343810,0.003384,2.120830,1.222980,77792.604703,77789,77795,77789
2026-08-29 03:33:00,876,1.990720,0.002273,0.646390,1.344330,77798.080001,77799,77799,77789
2026-08-29 03:34:00,1062,4.081840,0.003844,1.482070,2.599770,77806.560080,77816,77816,77799
2026-08-29 03:35:00,882,4.355640,0.004938,3.842710,0.512930,77818.994786,77824,77824,77816
2026-08-29 03:36:00,512,1.356140,0.002649,0.587030,0.769110,77823.994329,77824,77824,77824
2026-08-29 03:37:00,1017,1.948110,0.001916,1.139680,0.808430,77819.983561,77811,77824,77811
2026-08-29 03:38:00,2069,5.005280,0.002419,0.294660,4.710620,77781.796972,77763,77811,77763
2026-08-29 03:39:00,1180,4.836080,0.004098,3.593340,1.242740,77762.325821,77779,77779,77758
2026-08-29 03:40:00,487,1.638110,0.003364,0.417590,1.220520,77779.362549,77779,77779,77779
2026-08-29 03:41:00,693,1.802180,0.002601,1.104250,0.697930,77782.368473,77788,77789,77779
2026-08-29 03:42:00,1049,3.830550,0.003652,3.406990,0.423560,77791.957537,77808,77808,77788
2026-08-29 03:43:00,2184,6.366640,0.002915,3.593920,2.772720,77820.926846,77818,77833,77808
2026-08-29 03:44:00,1235,2.174820,0.001761,1.069280,1.105540,77826.802441,77823,77833,77818
2026-08-29 03:45:00,565,1.789620,0.003167,0.582770,1.206850,77827.848009,77828,77828,77823
2026-08-29 03:46:00,1517,1.695950,0.001118,0.343480,1.352470,77811.393942,77804,77828,77804
2026-08-29 03:47:00,2432,4.990110,0.002052,0.316640,4.673470,77776.662348,77759,77804,77759
2026-08-29 03:48:00,1333,8.493390,0.006372,6.035460,2.457930,77766.632820,77806,77806,77759
2026-08-29 03:49:00,960,1.013690,0.001056,0.614890,0.398800,77809.322052,77809,77813,77806
2026-08-29 03:50:00,675,1.814980,0.002689,0.507350,1.307630,77810.026524,77812,77812,77809
2026-08-29 03:51:00,869,1.299950,0.001496,0.995830,0.304120,77814.025710,77821,77821,77812
2026-08-29 03:52:00,1173,2.148990,0.001832,1.955220,0.193770,77828.562309,77833,77833,77821
2026-08-29 03:53:00,2793,5.367710,0.001922,1.391000,3.976710,77837.337650,77800,77849,77800
2026-08-29 03:54:00,1670,8.525830,0.005105,7.981870,0.543960,77812.641624,77816,77817,77798
2026-08-29 03:55:00,1241,10.297080,0.008297,10.049880,0.247200,77816.198067,77816,77816,77816
2026-08-29 03:56:00,1353,3.521200,0.002603,3.200790,0.320410,77816.255224,77816,77816,77816
2026-08-29 03:57:00,2049,3.031220,0.001479,0.495820,2.535400,77807.938971,77790,77818,77790
2026-08-29 03:58:00,1425,2.475700,0.001737,0.220120,2.255580,77785.558559,77778,77790,77778
2026-08-29 03:59:00,1318,10.932580,0.008295,8.623900,2.308680,77780.025749,77806,77806,77776
2026-08-29 04:00:00,894,3.420150,0.003826,0.208780,3.211370,77799.870440,77794,77806,77794
2026-08-29 04:01:00,519,0.682360,0.001315,0.451970,0.230390,77794.116624,77794,77794,77794
2026-08-29 04:02:00,830,1.022770,0.001232,0.676480,0.346290,77793.339620,77792,77794,77792
2026-08-29 04:03:00,1171,5.085340,0.004343,2.433780,2.651560,77801.415860,77803,77803,77792
2026-08-29 04:04:00,3173,8.086290,0.002548,2.734220,5.352070,77819.815840,77788,77830,77788
2026-08-29 04:05:00,1680,2.896200,0.001724,2.120790,0.775410,77774.308612,77781,77788,77771
2026-08-29 04:06:00,1032,2.320360,0.002248,2.181910,0.138450,77783.924562,77802,77802,77781
2026-08-29 04:07:00,564,0.777830,0.001379,0.528310,0.249520,77802.481775,77804,77804,77802
2026-08-29 04:08:00,874,1.822590,0.002085,0.341240,1.481350,77796.912048,77793,77804,77793
2026-08-29 04:09:00,1813,2.944460,0.001624,0.381750,2.562710,77784.475521,77777,77793,77777
2026-08-29 04:10:00,1753,6.437170,0.003672,5.606970,0.830200,77784.266839,77806,77808,77777
2026-08-29 04:11:00,1912,3.675530,0.001922,0.679260,2.996270,77793.304760,77792,77806,77780
2026-08-29 04:12:00,873,0.910050,0.001042,0.708650,0.201400,77788.608378,77787,77792,77787
2026-08-29 04:13:00,721,1.224430,0.001698,1.017590,0.206840,77786.689758,77781,77787,77781
2026-08-29 04:14:00,709,2.200640,0.003104,1.074170,1.126470,77780.794881,77781,77781,77781
2026-08-29 04:15:00,1581,3.912260,0.002475,0.432790,3.479470,77774.594360,77748,77781,77748
2026-08-29 04:16:00,1530,4.912840,0.003211,1.129240,3.783600,77743.501314,77725,77748,77725
2026-08-29 04:17:00,1521,2.657470,0.001747,0.465400,2.192070,77720.129588,77703,77725,77703
2026-08-29 04:18:00,882,1.709190,0.001938,0.704030,1.005160,77706.064948,77700,77708,77700
2026-08-29 04:19:00,968,2.358010,0.002436,0.691910,1.666100,77697.667480,77692,77700,77692
2026-08-29 04:20:00,2412,8.179220,0.003391,0.741750,7.437470,77682.181797,77669,77692,77669
2026-08-29 04:21:00,1799,6.891570,0.003831,0.908910,5.982660,77652.116500,77632,77669,77632
2026-08-29 04:22:00,1963,11.327420,0.005770,6.811090,4.516330,77635.654734,77644,77660,77630
2026-08-29 04:23:00,1575,2.429700,0.001543,1.264980,1.164720,77635.739310,77629,77644,77629
2026-08-29 04:24:00,2465,5.059320,0.002052,0.480660,4.578660,77612.503413,77598,77629,77598
2026-08-29 04:25:00,1634,1.993670,0.001220,0.672730,1.320940,77597.448076,77591,77603,77591
2026-08-29 04:26:00,1316,8.563730,0.006507,2.213640,6.350090,77595.736251,77598,77598,77591
2026-08-29 04:27:00,1317,1.793940,0.001362,0.308890,1.485050,77590.843417,77585,77598,77585
2026-08-29 04:28:00,1020,1.739060,0.001705,1.408820,0.330240,77586.878270,77601,77602,77585
2026-08-29 04:29:00,1564,8.298730,0.005306,1.061220,7.237510,77619.839306,77626,77629,77601
2026-08-29 04:30:00,529,0.876250,0.001656,0.687030,0.189220,77628.913398,77629,77629,77626
2026-08-29 04:31:00,517,1.089930,0.002108,0.536820,0.553110,77629.434925,77629,77629,77629
2026-08-29 04:32:00,792,3.168030,0.004000,2.948890,0.219140,77629.742527,77636,77636,77629
2026-08-29 04:33:00,1963,3.940770,0.002008,2.365790,1.574980,77662.055585,77670,77678,77636
2026-08-29 04:34:00,2211,8.236710,0.003725,5.491170,2.745540,77659.008276,77654,77670,77654
2026-08-29 04:35:00,3349,4.018750,0.001200,0.212240,3.806510,77620.071331,77596,77654,77596
2026-08-29 04:36:00,1624,2.885150,0.001777,1.178960,1.706190,77597.288095,77604,77604,77596
2026-08-29 04:37:00,1037,3.390740,0.003270,2.473560,0.917180,77607.076822,77620,77620,77604
2026-08-29 04:38:00,1355,4.144400,0.003059,2.987780,1.156620,77645.728431,77666,77670,77620
2026-08-29 04:39:00,1165,2.252400,0.001933,0.495400,1.757000,77666.536379,77661,77676,77661
2026-08-29 04:40:00,514,1.285460,0.002501,0.513560,0.771900,77661.313995,77661,77661,77661
2026-08-29 04:41:00,573,2.763390,0.004823,1.563050,1.200340,77662.381653,77663,77663,77661
2026-08-29 04:42:00,918,2.621870,0.002856,0.416650,2.205220,77663.051589,77663,77663,77663
2026-08-29 04:43:00,2112,41.593730,0.019694,0.964560,40.629170,77650.047422,77636,77665,77626
2026-08-29 04:44:00,1336,21.205230,0.015872,6.957150,14.248080,77622.552754,77615,77636,77615
2026-08-29 04:45:00,2108,75.526720,0.035829,54.217510,21.309210,77615.768454,77618,77620,77605
2026-08-29 04:46:00,1460,17.919390,0.012274,15.334710,2.584680,77637.914321,77641,77643,77618
2026-08-29 04:47:00,1277,3.383640,0.002650,0.946820,2.436820,77639.013813,77639,77641,77633
2026-08-29 04:48:00,549,3.223210,0.005871,0.462450,2.760760,77640.200906,77640,77640,77639
2026-08-29 04:49:00,698,1.125800,0.001613,0.333610,0.792190,77640.212963,77640,77640,77640
2026-08-29 04:50:00,586,1.547870,0.002641,0.602300,0.945570,77640.213891,77640,77640,77640
2026-08-29 04:51:00,518,0.888060,0.001714,0.648000,0.240060,77640.217297,77640,77640,77640
2026-08-29 04:52:00,1295,4.642820,0.003585,0.542710,4.100110,77639.630601,77637,77640,77634
2026-08-29 04:53:00,1166,5.892430,0.005054,5.526700,0.365730,77649.741816,77666,77666,77637
2026-08-29 04:54:00,2373,3.952830,0.001666,1.622510,2.330320,77669.250548,77673,77685,77659
2026-08-29 04:55:00,2106,9.778570,0.004643,7.042690,2.735880,77689.953494,77699,77703,77673
2026-08-29 04:56:00,3306,13.778910,0.004168,6.292070,7.486840,77698.135753,77669,77718,77665
2026-08-29 04:57:00,999,2.082690,0.002085,1.294160,0.788530,77682.161031,77689,77689,77669
2026-08-29 04:58:00,1492,2.349450,0.001575,0.782240,1.567210,77687.968150,77683,77696,77683
2026-08-29 04:59:00,1133,5.189800,0.004581,2.994420,2.195380,77673.132203,77671,77683,77671
2026-08-29 05:00:00,507,0.919130,0.001813,0.388310,0.530820,77671.184225,77671,77671,77671
2026-08-29 05:01:00,1914,6.489260,0.003390,5.331740,1.157520,77679.253607,77703,77703,77671
2026-08-29 05:02:00,1797,3.065190,0.001706,1.952160,1.113030,77714.756000,77715,77722,77703
2026-08-29 05:03:00,708,1.150280,0.001625,0.933450,0.216830,77719.186856,77722,77722,77715
2026-08-29 05:04:00,2060,3.973400,0.001929,1.482730,2.490670,77721.742344,77715,77731,77715
2026-08-29 05:05:00,1315,2.214380,0.001684,0.632780,1.581600,77706.423668,77696,77715,77696
2026-08-29 05:06:00,1803,7.376890,0.004091,3.395990,3.980900,77701.128239,77688,77717,77688
2026-08-29 05:07:00,547,1.232300,0.002253,0.911010,0.321290,77688.349413,77688,77688,77688
2026-08-29 05:08:00,749,1.577050,0.002106,1.287610,0.289440,77689.689417,77693,77693,77688
2026-08-29 05:09:00,768,1.575430,0.002051,1.350330,0.225100,77695.147305,77698,77698,77693
2026-08-29 05:10:00,531,1.711050,0.003222,0.664860,1.046190,77698.323886,77698,77698,77698
2026-08-29 05:11:00,583,1.460190,0.002505,1.271590,0.188600,77698.982961,77700,77700,77698
2026-08-29 05:12:00,2417,3.526210,0.001459,0.799440,2.726770,77697.842601,77694,77700,77694
2026-08-29 05:13:00,1046,3.203950,0.003063,0.831430,2.372520,77694.281170,77694,77694,77694
2026-08-29 05:14:00,3327,9.575270,0.002878,6.198930,3.376340,77704.899671,77694,77721,77694
2026-08-29 05:15:00,2157,2.557420,0.001186,0.854190,1.703230,77689.732159,77681,77694,77681
2026-08-29 05:16:00,1704,2.303070,0.001352,1.128110,1.174960,77680.968460,77681,77681,77681
2026-08-29 05:17:00,2120,4.647900,0.002192,0.938650,3.709250,77679.781321,77673,77681,77673
2026-08-29 05:18:00,4439,10.766480,0.002425,3.121700,7.644780,77651.551419,77666,77673,77635
2026-08-29 05:19:00,2149,5.556660,0.002586,0.623710,4.932950,77662.883764,77654,77666,77654
2026-08-29 05:20:00,1571,1.470440,0.000936,0.859110,0.611330,77654.165843,77654,77654,77654
2026-08-29 05:21:00,2112,2.977960,0.001410,1.603580,1.374380,77656.419759,77655,77662,77654
2026-08-29 05:22:00,2144,2.733520,0.001275,2.291100,0.442420,77662.485636,77684,77684,77655
2026-08-29 05:23:00,2618,9.928990,0.003793,4.769760,5.159230,77701.058597,77690,77716,77684
2026-08-29 05:24:00,1345,2.542750,0.001891,0.788910,1.753840,77672.153569,77662,77690,77661
2026-08-29 05:25:00,758,3.096500,0.004085,2.906260,0.190240,77662.319242,77673,77673,77661
2026-08-29 05:26:00,723,0.872140,0.001206,0.706100,0.166040,77678.351091,77682,77682,77673
2026-08-29 05:27:00,1037,4.469620,0.004310,1.668840,2.800780,77684.781591,77686,77686,77682
2026-08-29 05:28:00,2201,9.363450,0.004254,4.282620,5.080830,77668.996796,77685,77686,77657
2026-08-29 05:29:00,810,2.033410,0.002510,0.314620,1.718790,77685.203462,77677,77685,77677
2026-08-29 05:30:00,695,1.246950,0.001794,1.136220,0.110730,77677.885171,77684,77684,77677
2026-08-29 05:31:00,865,1.229750,0.001422,0.645210,0.584540,77681.308725,77678,77685,77678
2026-08-29 05:32:00,491,1.688440,0.003439,1.166120,0.522320,77677.596906,77678,77678,77678
2026-08-29 05:33:00,2635,9.776990,0.003710,4.947070,4.829920,77695.753798,77663,77707,77663
2026-08-29 05:34:00,941,1.928040,0.002049,0.428520,1.499520,77654.258624,77651,77663,77651
2026-08-29 05:35:00,1100,2.073740,0.001885,0.716290,1.357450,77645.603681,77639,77651,77636
2026-08-29 05:36:00,1192,3.042730,0.002553,1.342640,1.700090,77630.340055,77629,77639,77625
2026-08-29 05:37:00,1418,1.319040,0.000930,0.465950,0.853090,77628.106541,77619,77635,77619
2026-08-29 05:38:00,1429,2.993080,0.002095,0.570460,2.422620,77610.464718,77604,77619,77600
2026-08-29 05:39:00,2607,10.603070,0.004067,7.155970,3.447100,77588.751211,77622,77622,77580
2026-08-29 05:40:00,1128,1.863930,0.001652,0.211390,1.652540,77609.785944,77607,77622,77607
2026-08-29 05:41:00,446,0.379010,0.000850,0.193270,0.185740,77607.125099,77607,77607,77607
2026-08-29 05:42:00,824,2.616460,0.003175,1.342120,1.274340,77606.567241,77606,77607,77606
2026-08-29 05:43:00,1559,8.145940,0.005225,5.935210,2.210730,77617.832213,77630,77630,77606
2026-08-29 05:44:00,2873,6.170870,0.002148,3.205730,2.965140,77648.877560,77654,77654,77630
2026-08-29 05:45:00,2805,10.994920,0.003920,4.005580,6.989340,77659.159590,77623,77671,77623
2026-08-29 05:46:00,1438,11.854770,0.008244,0.396310,11.458460,77606.913837,77600,77623,77600
2026-08-29 05:47:00,1477,1.198050,0.000811,0.265950,0.932100,77592.135162,77580,77600,77580
2026-08-29 05:48:00,1124,3.882570,0.003454,2.607510,1.275060,77587.328288,77588,77596,77580
2026-08-29 05:49:00,744,3.205560,0.004309,2.658770,0.546790,77592.006970,77600,77600,77588
2026-08-29 05:50:00,1524,3.696980,0.002426,1.069970,2.627010,77591.371431,77584,77600,77583
2026-08-29 05:51:00,1404,2.599120,0.001851,0.897440,1.701680,77582.376926,77580,77584,77580
2026-08-29 05:52:00,954,2.839170,0.002976,0.972960,1.866210,77579.920872,77576,77580,77576
2026-08-29 05:53:00,981,1.866650,0.001903,0.545060,1.321590,77572.155764,77571,77576,77571
2026-08-29 05:54:00,2084,2.581760,0.001239,0.489060,2.092700,77568.906961,77561,77571,77561
2026-08-29 05:55:00,1700,9.728330,0.005723,2.803900,6.924430,77546.362947,77539,77561,77534
2026-08-29 05:56:00,355,0.693620,0.001954,0.418260,0.275360,77539.036030,77539,77539,77539
2026-08-29 05:57:00,1865,3.990610,0.002140,0.380920,3.609690,77537.113729,77535,77539,77535
2026-08-29 05:58:00,2125,5.505740,0.002591,1.854090,3.651650,77526.067394,77534,77535,77520
2026-08-29 05:59:00,481,1.337410,0.002780,0.498590,0.838820,77534.073728,77534,77534,77534
2026-08-29 06:00:00,3599,4.386630,0.001219,0.329490,4.057140,77524.737677,77507,77534,77507
2026-08-29 06:01:00,992,4.758740,0.004797,4.046470,0.712270,77511.530742,77523,77523,77507
2026-08-29 06:02:00,435,0.885090,0.002035,0.245250,0.639840,77522.712771,77523,77523,77523
2026-08-29 06:03:00,2586,5.856700,0.002265,3.751410,2.105290,77543.990178,77543,77554,77523
2026-08-29 06:04:00,1716,2.712310,0.001581,2.519860,0.192450,77561.788910,77570,77570,77543
2026-08-29 06:05:00,837,3.382130,0.004041,2.917720,0.464410,77574.002762,77577,77577,77570
2026-08-29 06:06:00,934,3.083220,0.003301,0.233780,2.849440,77576.880758,77577,77577,77577
2026-08-29 06:07:00,598,2.156020,0.003605,1.944400,0.211620,77576.924010,77577,77577,77577
2026-08-29 06:08:00,2131,3.017710,0.001416,0.354500,2.663210,77574.927784,77558,77577,77558
2026-08-29 06:09:00,1389,1.848570,0.001331,0.364170,1.484400,77557.545625,77557,77558,77557
2026-08-29 06:10:00,874,5.774070,0.006606,2.968520,2.805550,77565.857796,77573,77574,77557
2026-08-29 06:11:00,907,2.795680,0.003082,1.251580,1.544100,77574.469047,77578,77578,77573
2026-08-29 06:12:00,1147,2.534010,0.002209,1.915920,0.618090,77582.927388,77596,77596,77578
2026-08-29 06:13:00,1442,1.268500,0.000880,0.367350,0.901150,77594.296592,77589,77597,77589
2026-08-29 06:14:00,1619,4.260230,0.002631,0.711720,3.548510,77586.539098,77584,77589,77584
2026-08-29 06:15:00,550,1.432860,0.002605,0.886700,0.546160,77583.756188,77584,77584,77584
2026-08-29 06:16:00,889,4.719010,0.005308,1.883060,2.835950,77595.439687,77600,77600,77584
2026-08-29 06:17:00,1928,3.064520,0.001589,1.197220,1.867300,77593.200788,77596,77600,77585
2026-08-29 06:18:00,1045,1.745460,0.001670,0.922590,0.822870,77592.574292,77590,77600,77590
2026-08-29 06:19:00,783,1.453270,0.001856,1.006630,0.446640,77593.861463,77598,77598,77590
2026-08-29 06:20:00,454,0.923050,0.002033,0.553720,0.369330,77597.655999,77598,77598,77598
2026-08-29 06:21:00,905,4.403860,0.004866,3.842370,0.561490,77598.902200,77604,77604,77598
2026-08-29 06:22:00,1553,1.526450,0.000983,0.727750,0.798700,77606.013337,77606,77610,77604
2026-08-29 06:23:00,745,1.846230,0.002478,1.222800,0.623430,77605.715782,77607,77607,77606
2026-08-29 06:24:00,894,4.841490,0.005416,1.141710,3.699780,77611.784391,77615,77615,77607
2026-08-29 06:25:00,568,0.938400,0.001652,0.461910,0.476490,77615.124922,77615,77615,77615
2026-08-29 06:26:00,576,2.121610,0.003683,1.506470,0.615140,77615.127101,77615,77615,77615
2026-08-29 06:27:00,557,0.918230,0.001649,0.532290,0.385940,77615.125797,77615,77615,77615
2026-08-29 06:28:00,568,1.992340,0.003508,1.690160,0.302180,77615.128483,77615,77615,77615
2026-08-29 06:29:00,547,1.789510,0.003271,0.858820,0.930690,77615.124799,77615,77615,77615
2026-08-29 06:30:00,1868,5.633950,0.003016,0.351060,5.282890,77612.965361,77602,77615,77602
2026-08-29 06:31:00,1798,3.221630,0.001792,2.152220,1.069410,77609.694093,77615,77615,77602
2026-08-29 06:32:00,2791,8.410990,0.003014,1.746450,6.664540,77620.425599,77607,77623,77607
2026-08-29 06:33:00,1550,2.605520,0.001681,0.739880,1.865640,77607.002840,77607,77607,77607
2026-08-29 06:34:00,1834,2.266220,0.001236,0.526960,1.739260,77602.495337,77596,77607,77596
2026-08-29 06:35:00,826,2.157180,0.002612,0.574440,1.582740,77592.790078,77590,77596,77590
2026-08-29 06:36:00,642,1.587170,0.002472,1.067900,0.519270,77591.083363,77593,77593,77590
2026-08-29 06:37:00,813,3.793350,0.004666,1.045550,2.747800,77601.279279,77607,77607,77593
2026-08-29 06:38:00,1620,3.202490,0.001977,1.395500,1.806990,77601.803586,77591,77607,77591
2026-08-29 06:39:00,1282,3.220120,0.002512,2.662580,0.557540,77604.949920,77623,77623,77591
2026-08-29 06:40:00,565,1.252630,0.002217,0.628940,0.623690,77624.150891,77626,77626,77623
2026-08-29 06:41:00,483,1.221370,0.002529,0.321940,0.899430,77626.574997,77627,77627,77626
2026-08-29 06:42:00,1131,2.728560,0.002413,1.931940,0.796620,77636.762778,77643,77643,77627
2026-08-29 06:43:00,2537,7.486500,0.002951,3.601600,3.884900,77636.365110,77603,77647,77603
2026-08-29 06:44:00,938,7.681990,0.008190,5.942220,1.739770,77622.411353,77631,77631,77603
2026-08-29 06:45:00,867,1.693590,0.001953,0.499990,1.193600,77621.986422,77620,77631,77620
2026-08-29 06:46:00,394,2.056910,0.005221,0.859280,1.197630,77620.484178,77620,77620,77620
2026-08-29 06:47:00,476,1.542630,0.003241,0.527760,1.014870,77620.483421,77620,77620,77620
2026-08-29 06:48:00,2453,14.780240,0.006025,2.806950,11.973290,77629.564050,77626,77641,77614
2026-08-29 06:49:00,855,7.126350,0.008335,1.127000,5.999350,77625.569535,77630,77630,77620
2026-08-29 06:50:00,1116,5.124940,0.004592,2.539260,2.585680,77641.709878,77640,77648,77630
2026-08-29 06:51:00,575,2.151780,0.003742,1.009940,1.141840,77640.454694,77640,77640,77640
2026-08-29 06:52:00,1222,7.236160,0.005922,5.986340,1.249820,77649.275998,77662,77662,77640
2026-08-29 06:53:00,2527,19.730970,0.007808,8.598300,11.132670,77662.087245,77627,77671,77627
2026-08-29 06:54:00,581,2.592500,0.004462,1.728440,0.864060,77628.219252,77631,77631,77627
2026-08-29 06:55:00,1429,3.120580,0.002184,1.944210,1.176370,77645.562627,77660,77660,77631
2026-08-29 06:56:00,1404,3.020760,0.002152,1.363250,1.657510,77671.257470,77679,77679,77660
2026-08-29 06:57:00,1161,2.118720,0.001825,0.491150,1.627570,77669.436627,77662,77679,77662
2026-08-29 06:58:00,2677,10.336340,0.003861,0.505850,9.830490,77641.656224,77627,77662,77627
2026-08-29 06:59:00,1617,10.635750,0.006577,7.525030,3.110720,77627.673583,77658,77658,77619
2026-08-29 07:00:00,935,2.115820,0.002263,0.523560,1.592260,77650.413490,77649,77658,77649
2026-08-29 07:01:00,934,1.976180,0.002116,0.369510,1.606670,77645.425742,77635,77649,77635
2026-08-29 07:02:00,1814,4.669730,0.002574,2.019420,2.650310,77633.054997,77644,77657,77625
2026-08-29 07:03:00,1164,1.464900,0.001259,0.664330,0.800570,77653.707629,77666,77666,77644
2026-08-29 07:04:00,888,2.421820,0.002727,1.631600,0.790220,77671.652227,77674,77674,77666
2026-08-29 07:05:00,1246,6.385490,0.005125,1.187730,5.197760,77670.759878,77660,77675,77656
2026-08-29 07:06:00,722,1.934150,0.002679,0.872500,1.061650,77670.519244,77672,77672,77660
2026-08-29 07:07:00,1312,3.678870,0.002804,2.401670,1.277200,77666.293670,77673,77673,77662
2026-08-29 07:08:00,1196,3.531020,0.002952,1.714890,1.816130,77669.930176,77672,77673,77661
2026-08-29 07:09:00,1057,2.697840,0.002552,1.198460,1.499380,77677.102987,77675,77679,77672
2026-08-29 07:10:00,792,2.603200,0.003287,1.111660,1.491540,77679.574210,77677,77686,77675
2026-08-29 07:11:00,932,2.092760,0.002245,0.739090,1.353670,77672.442115,77671,77677,77671
2026-08-29 07:12:00,919,6.670130,0.007258,5.919650,0.750480,77675.276281,77696,77696,77671
2026-08-29 07:13:00,679,6.641870,0.009782,6.216430,0.425440,77699.143311,77706,77706,77696
2026-08-29 07:14:00,1514,8.246860,0.005447,6.138730,2.108130,77702.543166,77716,77716,77700
2026-08-29 07:15:00,1231,10.150530,0.008246,7.379770,2.770760,77709.833797,77701,77716,77701
2026-08-29 07:16:00,720,2.439980,0.003389,1.572180,0.867800,77701.632435,77701,77703,77701
2026-08-29 07:17:00,729,1.097130,0.001505,0.448470,0.648660,77697.336831,77694,77701,77694
2026-08-29 07:18:00,369,0.847800,0.002298,0.450410,0.397390,77693.655313,77694,77694,77694
2026-08-29 07:19:00,408,1.039990,0.002549,0.570010,0.469980,77693.655481,77694,77694,77694
2026-08-29 07:20:00,763,5.479770,0.007182,4.374160,1.105610,77689.957633,77693,77694,77687
2026-08-29 07:21:00,1064,2.746330,0.002581,0.502280,2.244050,77688.472883,77680,77694,77680
2026-08-29 07:22:00,611,1.667660,0.002729,0.295050,1.372610,77679.919437,77679,77680,77679
2026-08-29 07:23:00,1519,2.119860,0.001396,0.653410,1.466450,77675.851751,77664,77679,77664
2026-08-29 07:24:00,2288,7.107470,0.003106,3.827730,3.279740,77642.875144,77644,77664,77634
2026-08-29 07:25:00,862,3.423540,0.003972,3.178010,0.245530,77648.618516,77670,77670,77644
2026-08-29 07:26:00,459,2.409830,0.005250,0.436250,1.973580,77670.271810,77670,77670,77670
2026-08-29 07:27:00,475,1.316330,0.002771,0.714120,0.602210,77670.275425,77670,77670,77670
2026-08-29 07:28:00,414,0.981040,0.002370,0.558720,0.422320,77670.275695,77670,77670,77670
2026-08-29 07:29:00,975,5.250420,0.005385,2.072500,3.177920,77672.281739,77660,77674,77660
2026-08-29 07:30:00,372,0.819300,0.002202,0.433330,0.385970,77660.005289,77660,77660,77660
2026-08-29 07:31:00,492,3.164020,0.006431,1.237580,1.926440,77660.003911,77660,77660,77660
2026-08-29 07:32:00,604,2.978900,0.004932,0.236510,2.742390,77659.994653,77660,77660,77660
2026-08-29 07:33:00,669,1.477300,0.002208,0.416320,1.060980,77659.599515,77655,77660,77655
2026-08-29 07:34:00,631,5.439200,0.008620,4.192480,1.246720,77652.679089,77653,77655,77653
2026-08-29 07:35:00,521,4.747600,0.009112,0.320850,4.426750,77652.607747,77653,77653,77653
2026-08-29 07:36:00,2277,9.675660,0.004249,5.131870,4.543790,77645.227264,77668,77668,77635
2026-08-29 07:37:00,1340,2.615250,0.001952,2.379550,0.235700,77680.596442,77695,77695,77668
2026-08-29 07:38:00,1124,2.360270,0.002100,1.204990,1.155280,77691.775490,77682,77700,77682
2026-08-29 07:39:00,724,1.661890,0.002295,1.291590,0.370300,77686.936227,77691,77691,77682
2026-08-29 07:40:00,1046,3.350160,0.003203,3.170200,0.179960,77697.053714,77705,77705,77691
2026-08-29 07:41:00,829,3.734550,0.004505,3.381190,0.353360,77712.979976,77714,77714,77705
2026-08-29 07:42:00,1490,6.053350,0.004063,2.208880,3.844470,77703.998483,77675,77714,77675
2026-08-29 07:43:00,733,1.602080,0.002186,0.346880,1.255200,77674.183594,77673,77675,77673
2026-08-29 07:44:00,1543,4.570180,0.002962,2.554670,2.015510,77681.419693,77688,77694,77673
2026-08-29 07:45:00,399,1.043120,0.002614,0.293960,0.749160,77688.342818,77688,77688,77688
2026-08-29 07:46:00,392,1.529670,0.003902,0.319080,1.210590,77688.342086,77688,77688,77688
2026-08-29 07:47:00,456,1.509990,0.003311,1.234360,0.275630,77688.348175,77688,77688,77688
2026-08-29 07:48:00,788,3.325810,0.004221,3.145000,0.180810,77688.876647,77694,77694,77688
2026-08-29 07:49:00,1114,1.115430,0.001001,0.376190,0.739240,77689.414294,77683,77694,77683
2026-08-29 07:50:00,392,1.327520,0.003387,0.859340,0.468180,77682.946473,77683,77683,77683
2026-08-29 07:51:00,498,0.870050,0.001747,0.251360,0.618690,77682.928363,77682,77683,77682
2026-08-29 07:52:00,2381,4.506640,0.001893,0.526330,3.980310,77659.092975,77642,77682,77642
2026-08-29 07:53:00,1103,2.450280,0.002221,1.028320,1.421960,77642.641829,77642,77648,77642
2026-08-29 07:54:00,552,3.787690,0.006862,2.321040,1.466650,77641.625557,77640,77642,77640
2026-08-29 07:55:00,1640,2.691070,0.001641,0.303950,2.387120,77630.887855,77619,77640,77619
2026-08-29 07:56:00,325,0.589260,0.001813,0.256500,0.332760,77619.074353,77619,77619,77619
2026-08-29 07:57:00,739,3.496320,0.004731,0.521340,2.974980,77613.392849,77607,77619,77607
2026-08-29 07:58:00,1524,7.474900,0.004905,7.081950,0.392950,77606.244702,77623,77623,77604
2026-08-29 07:59:00,591,1.904910,0.003223,1.042520,0.862390,77629.519029,77633,77633,77623
2026-08-29 08:00:00,225,0.346900,0.001542,0.195090,0.151810,77632.525624,77633,77633,77633
2026-08-29 08:01:00,343,0.766940,0.002236,0.529650,0.237290,77632.526906,77633,77633,77633
2026-08-29 08:02:00,1647,5.921970,0.003596,0.359440,5.562530,77611.461164,77586,77633,77586
2026-08-29 08:03:00,1064,3.166500,0.002976,1.084000,2.082500,77575.216474,77565,77586,77561
2026-08-29 08:04:00,942,7.268130,0.007716,5.599380,1.668750,77571.683973,77579,77586,77565
2026-08-29 08:05:00,1377,3.620250,0.002629,2.022180,1.598070,77585.928553,77575,77594,77575
2026-08-29 08:06:00,273,0.730900,0.002677,0.348600,0.382300,77574.403123,77574,77575,77574
2026-08-29 08:07:00,416,2.809720,0.006754,1.068700,1.741020,77579.825118,77583,77583,77574
2026-08-29 08:08:00,1002,1.877110,0.001873,0.658350,1.218760,77577.742628,77568,77583,77568
2026-08-29 08:09:00,662,2.320510,0.003505,1.109130,1.211380,77567.661633,77564,77568,77564
2026-08-29 08:10:00,800,4.748210,0.005935,2.378970,2.369240,77568.366264,77573,77573,77563
2026-08-29 08:11:00,687,1.097300,0.001597,0.182020,0.915280,77564.794180,77563,77573,77563
2026-08-29 08:12:00,785,1.539140,0.001961,0.494610,1.044530,77561.152985,77557,77563,77557
2026-08-29 08:13:00,1173,2.168030,0.001848,0.365810,1.802220,77543.591441,77538,77557,77538
2026-08-29 08:14:00,1937,15.462570,0.007983,3.305910,12.156660,77521.543768,77500,77538,77496
2026-08-29 08:15:00,1077,5.886080,0.005465,1.077420,4.808660,77491.901193,77479,77500,77479
2026-08-29 08:16:00,1056,6.255040,0.005923,2.926830,3.328210,77489.429337,77504,77504,77479
2026-08-29 08:17:00,622,2.304900,0.003706,1.002470,1.302430,77501.348278,77506,77506,77495
2026-08-29 08:18:00,161,1.349870,0.008384,1.245210,0.104660,77506.299225,77506,77506,77506
2026-08-29 08:19:00,846,3.037360,0.003590,2.239980,0.797380,77510.643201,77517,77517,77506
2026-08-29 08:20:00,1358,10.283130,0.007572,2.352130,7.931000,77486.473574,77462,77517,77462
2026-08-29 08:21:00,2017,22.945970,0.011376,5.021780,17.924190,77444.001133,77429,77462,77426
2026-08-29 08:22:00,923,2.715000,0.002941,1.307610,1.407390,77421.153839,77411,77429,77411
2026-08-29 08:23:00,959,3.649140,0.003805,0.255280,3.393860,77399.898916,77394,77411,77394
2026-08-29 08:24:00,362,2.307640,0.006375,0.182360,2.125280,77393.445570,77388,77394,77388
2026-08-29 08:25:00,999,6.460210,0.006467,4.409090,2.051120,77395.624520,77411,77411,77388
2026-08-29 08:26:00,1068,6.475740,0.006063,4.596090,1.879650,77421.903849,77420,77428,77411
2026-08-29 08:27:00,1494,6.086200,0.004074,1.658990,4.427210,77393.101602,77382,77420,77382
2026-08-29 08:28:00,1115,8.439200,0.007569,4.774670,3.664530,77393.092699,77412,77412,77382
2026-08-29 08:29:00,807,10.858760,0.013456,7.390740,3.468020,77408.985616,77406,77414,77406
2026-08-29 08:30:00,869,4.263710,0.004906,2.595180,1.668530,77404.241647,77410,77410,77398
2026-08-29 08:31:00,1634,9.961960,0.006097,3.798380,6.163580,77420.738111,77450,77452,77410
2026-08-29 08:32:00,701,2.660120,0.003795,1.657900,1.002220,77450.397551,77456,77456,77450
2026-08-29 08:33:00,763,2.800990,0.003671,1.863260,0.937730,77460.905793,77462,77462,77456
2026-08-29 08:34:00,1097,6.667160,0.006078,2.545080,4.122080,77455.534439,77457,77462,77450
2026-08-29 08:35:00,709,3.550270,0.005007,1.516550,2.033720,77457.460900,77460,77460,77457
2026-08-29 08:36:00,1057,3.517670,0.003328,1.236940,2.280730,77455.687320,77447,77462,77447
2026-08-29 08:37:00,427,5.602330,0.013120,1.687230,3.915100,77446.843368,77448,77448,77447
2026-08-29 08:38:00,421,2.302890,0.005470,1.676790,0.626100,77447.584555,77448,77448,77448
2026-08-29 08:39:00,933,5.575040,0.005975,0.495600,5.079440,77446.253005,77435,77448,77435
2026-08-29 08:40:00,625,2.093900,0.003350,0.304760,1.789140,77431.080567,77423,77435,77423
2026-08-29 08:41:00,1068,6.905360,0.006466,4.009250,2.896110,77421.029889,77430,77430,77418
2026-08-29 08:42:00,709,2.798510,0.003947,2.059830,0.738680,77438.403714,77442,77442,77430
2026-08-29 08:43:00,2001,5.117960,0.002558,3.139020,1.978940,77471.291161,77491,77491,77442
2026-08-29 08:44:00,2091,17.309470,0.008278,13.573130,3.736340,77468.239963,77464,77491,77461
2026-08-29 08:45:00,941,2.943340,0.003128,0.463990,2.479350,77457.476745,77446,77464,77446
2026-08-29 08:46:00,722,4.531820,0.006277,3.002570,1.529250,77447.429259,77455,77455,77446
2026-08-29 08:47:00,765,2.698120,0.003527,1.796910,0.901210,77460.054038,77476,77476,77455
2026-08-29 08:48:00,957,3.859940,0.004033,0.663900,3.196040,77466.808942,77464,77476,77464
2026-08-29 08:49:00,278,2.146250,0.007720,1.089410,1.056840,77463.555076,77464,77464,77464
2026-08-29 08:50:00,1215,4.753450,0.003912,2.427710,2.325740,77464.449993,77459,77474,77459
2026-08-29 08:51:00,257,1.616050,0.006288,0.647100,0.968950,77458.564004,77459,77459,77459
2026-08-29 08:52:00,683,4.294210,0.006287,3.480540,0.813670,77463.721672,77468,77468,77459
2026-08-29 08:53:00,1224,5.512970,0.004504,2.536440,2.976530,77469.536480,77466,77475,77466
2026-08-29 08:54:00,1046,5.205290,0.004976,1.979800,3.225490,77456.345667,77435,77466,77435
2026-08-29 08:55:00,816,10.523520,0.012896,2.583300,7.940220,77430.383370,77429,77435,77427
2026-08-29 08:56:00,1356,6.210880,0.004580,4.810920,1.399960,77434.267023,77456,77456,77429
2026-08-29 08:57:00,671,2.740640,0.004084,1.825060,0.915580,77461.535571,77462,77462,77456
2026-08-29 08:58:00,2868,8.446900,0.002945,3.875280,4.571620,77452.824824,77467,77469,77437
2026-08-29 08:59:00,1001,4.319670,0.004315,2.733210,1.586460,77456.138211,77461,77467,77452
2026-08-29 09:00:00,361,1.077880,0.002986,0.701660,0.376220,77463.392763,77467,77467,77461
2026-08-29 09:01:00,940,4.686030,0.004985,3.314820,1.371210,77472.002108,77471,77478,77467
2026-08-29 09:02:00,1088,4.679840,0.004301,3.870620,0.809220,77474.342155,77490,77490,77471
2026-08-29 09:03:00,1071,3.944080,0.003683,3.697930,0.246150,77502.308937,77508,77508,77490
2026-08-29 09:04:00,1725,7.013430,0.004066,3.908980,3.104450,77520.874361,77523,77524,77508
2026-08-29 09:05:00,398,3.897660,0.009793,3.233440,0.664220,77516.147666,77516,77523,77516
2026-08-29 09:06:00,1483,8.123770,0.005478,7.747290,0.376480,77529.643308,77536,77536,77516
2026-08-29 09:07:00,1088,4.635800,0.004261,1.812670,2.823130,77535.236523,77524,77537,77524
2026-08-29 09:08:00,2309,16.866940,0.007305,1.984950,14.881990,77498.637600,77448,77524,77448
2026-08-29 09:09:00,316,2.684330,0.008495,1.621060,1.063270,77448.576822,77449,77449,77448
2026-08-29 09:10:00,898,3.185050,0.003547,0.247870,2.937180,77445.129233,77438,77449,77438
2026-08-29 09:11:00,656,5.093710,0.007765,4.366950,0.726760,77439.586377,77444,77445,77438
2026-08-29 09:12:00,1124,2.818180,0.002507,2.395020,0.423160,77455.937249,77474,77474,77444
2026-08-29 09:13:00,269,2.130320,0.007919,1.530060,0.600260,77473.987182,77474,77474,77474
2026-08-29 09:14:00,1098,4.437170,0.004041,2.786300,1.650870,77476.337926,77467,77482,77467
2026-08-29 09:15:00,147,1.454800,0.009897,0.555960,0.898840,77466.653822,77467,77467,77467
2026-08-29 09:16:00,781,2.324040,0.002976,0.240590,2.083450,77458.311734,77450,77467,77450
2026-08-29 09:17:00,853,5.472620,0.006416,3.686020,1.786600,77459.909897,77474,77474,77450
2026-08-29 09:18:00,468,1.552130,0.003317,1.240450,0.311680,77479.629319,77482,77482,77474
2026-08-29 09:19:00,1373,8.235980,0.005999,7.532740,0.703240,77490.746542,77506,77509,77482
2026-08-29 09:20:00,2163,10.218200,0.004724,4.724310,5.493890,77517.033917,77515,77528,77506
2026-08-29 09:21:00,583,5.716150,0.009805,3.309190,2.406960,77514.733734,77512,77517,77512
2026-08-29 09:22:00,564,3.917800,0.006946,2.592620,1.325180,77510.834782,77509,77512,77509
2026-08-29 09:23:00,825,9.342290,0.011324,6.268800,3.073490,77514.864904,77518,77518,77509
2026-08-29 09:24:00,617,2.177850,0.003530,0.790580,1.387270,77517.382100,77514,77518,77514
2026-08-29 09:25:00,1136,10.886500,0.009583,4.653040,6.233460,77504.368587,77503,77514,77500
2026-08-29 09:26:00,4681,12.147620,0.002595,6.685320,5.462300,77516.740188,77531,77531,77503
2026-08-29 09:27:00,1312,14.518560,0.011066,6.355920,8.162640,77530.247524,77525,77531,77524
2026-08-29 09:28:00,116,0.487280,0.004201,0.354770,0.132510,77524.727281,77525,77525,77525
2026-08-29 09:29:00,121,0.982830,0.008123,0.213210,0.769620,77524.722169,77525,77525,77525
2026-08-29 09:30:00,73,0.499930,0.006848,0.217180,0.282750,77524.724344,77525,77525,77525
2026-08-29 09:31:00,789,15.857840,0.020099,5.429360,10.428480,77520.590352,77521,77525,77514
2026-08-29 09:32:00,2671,12.445910,0.004660,7.056770,5.389140,77525.617059,77534,77534,77521
2026-08-29 09:33:00,1099,11.410260,0.010382,6.173360,5.236900,77534.704264,77535,77535,77534
2026-08-29 09:34:00,253,2.740540,0.010832,1.820530,0.920010,77535.426643,77535,77535,77535
2026-08-29 09:35:00,1452,17.594470,0.012117,7.432340,10.162130,77535.363505,77532,77535,77532
2026-08-29 09:36:00,308,3.142860,0.010204,1.197320,1.945540,77531.673810,77532,77532,77532
2026-08-29 09:37:00,2862,17.840300,0.006234,9.747630,8.092670,77535.843914,77549,77549,77532
2026-08-29 09:38:00,4262,16.462720,0.003863,9.060640,7.402080,77562.232491,77566,77566,77549
2026-08-29 09:39:00,4949,24.337730,0.004918,13.928680,10.409050,77573.890974,77596,77596,77566
2026-08-29 09:40:00,2786,21.746330,0.007806,12.091930,9.654400,77606.762877,77614,77614,77596
2026-08-29 09:41:00,4131,33.680350,0.008153,24.888460,8.791890,77617.152664,77635,77638,77609
2026-08-29 09:42:00,1295,10.960190,0.008463,4.697900,6.262290,77622.261981,77623,77635,77618
2026-08-29 09:43:00,1555,40.374680,0.025964,17.202170,23.172510,77619.369775,77640,77640,77611
2026-08-29 09:44:00,1152,20.749730,0.018012,8.649370,12.100360,77639.744168,77640,77640,77640
2026-08-29 09:45:00,2884,55.420600,0.019217,27.981900,27.438700,77648.534259,77655,77660,77640
2026-08-29 09:46:00,1781,31.059740,0.017439,14.226910,16.832830,77654.964253,77654,77655,77654
2026-08-29 09:47:00,1166,7.475970,0.006412,2.804400,4.671570,77653.878033,77654,77654,77654
2026-08-29 09:48:00,2594,11.304830,0.004358,6.048230,5.256600,77664.058721,77655,77671,77654
2026-08-29 09:49:00,1972,16.247860,0.008239,10.845420,5.402440,77635.417461,77631,77655,77630
2026-08-29 09:50:00,1107,4.159530,0.003757,2.565010,1.594520,77631.066167,77631,77631,77631
2026-08-29 09:51:00,1059,3.535990,0.003339,1.695030,1.840960,77631.064794,77631,77631,77631
2026-08-29 09:52:00,1151,4.465300,0.003879,2.405820,2.059480,77631.065388,77631,77631,77631
2026-08-29 09:53:00,514,5.426270,0.010557,1.232600,4.193670,77631.042148,77631,77631,77631
2026-08-29 09:54:00,714,20.305250,0.028439,1.451180,18.854070,77631.000715,77631,77631,77631
2026-08-29 09:55:00,1909,21.754970,0.011396,13.001470,8.753500,77628.205838,77635,77635,77626
2026-08-29 09:56:00,1552,4.748860,0.003060,4.148280,0.600580,77642.073044,77648,77648,77635
2026-08-29 09:57:00,792,2.828780,0.003572,1.861930,0.966850,77647.996582,77648,77648,77648
2026-08-29 09:58:00,938,5.091510,0.005428,3.748800,1.342710,77647.997363,77648,77648,77648
2026-08-29 09:59:00,531,3.400230,0.006403,2.037380,1.362850,77647.995992,77648,77648,77648
2026-08-29 10:00:00,15190,322.980500,0.021263,160.314130,162.666370,77651.739066,77626,77672,77626
2026-08-29 10:01:00,1980,27.592570,0.013936,4.966080,22.626490,77621.509132,77584,77626,77584
2026-08-29 10:02:00,357,2.403750,0.006733,1.311870,1.091880,77584.005458,77584,77584,77584
2026-08-29 10:03:00,2091,5.324320,0.002546,0.635930,4.688390,77559.484737,77538,77584,77538
2026-08-29 10:04:00,906,8.560570,0.009449,3.041340,5.519230,77533.919005,77514,77540,77514
2026-08-29 10:05:00,1000,11.032490,0.011032,0.652900,10.379590,77502.492605,77488,77514,77488
2026-08-29 10:06:00,1399,13.334580,0.009532,12.352740,0.981840,77495.977632,77512,77512,77488
2026-08-29 10:07:00,681,6.823780,0.010020,5.583570,1.240210,77512.035560,77517,77517,77512
2026-08-29 10:08:00,602,1.508650,0.002506,0.549350,0.959300,77519.720185,77520,77520,77517
2026-08-29 10:09:00,1063,3.309480,0.003113,0.987090,2.322390,77508.639179,77499,77520,77499
2026-08-29 10:10:00,846,8.133370,0.009614,7.176400,0.956970,77499.673772,77506,77506,77498
2026-08-29 10:11:00,796,3.736560,0.004694,3.235210,0.501350,77506.078289,77508,77508,77506
2026-08-29 10:12:00,926,1.367280,0.001477,0.829220,0.538060,77510.695038,77515,77515,77508
2026-08-29 10:13:00,815,9.691000,0.011891,9.208060,0.482940,77517.591562,77520,77520,77515
2026-08-29 10:14:00,3431,7.022800,0.002047,4.413880,2.608920,77530.007604,77516,77548,77516
2026-08-29 10:15:00,1363,5.163750,0.003789,2.003060,3.160690,77509.825406,77526,77526,77506
2026-08-29 10:16:00,1025,2.351670,0.002294,0.386070,1.965600,77519.675101,77517,77526,77517
2026-08-29 10:17:00,366,1.437330,0.003927,0.431720,1.005610,77516.583004,77517,77517,77517
2026-08-29 10:18:00,524,0.820250,0.001565,0.536060,0.284190,77516.586535,77517,77517,77517
2026-08-29 10:19:00,488,3.968500,0.008132,3.609570,0.358930,77516.598521,77517,77517,77517
2026-08-29 10:20:00,1235,6.107460,0.004945,5.941370,0.166090,77518.654060,77540,77540,77517
2026-08-29 10:21:00,291,0.533960,0.001835,0.317950,0.216010,77539.995955,77540,77540,77540
2026-08-29 10:22:00,855,6.631670,0.007756,0.806760,5.824910,77537.599730,77524,77540,77524
2026-08-29 10:23:00,853,2.202470,0.002582,1.983570,0.218900,77528.616402,77540,77540,77524
2026-08-29 10:24:00,671,4.089540,0.006095,2.640320,1.449220,77542.684422,77548,77548,77540
2026-08-29 10:25:00,1139,5.464800,0.004798,3.573660,1.891140,77559.957984,77561,77566,77548
2026-08-29 10:26:00,314,3.889530,0.012387,0.207560,3.681970,77561.440534,77561,77561,77561
2026-08-29 10:27:00,915,1.876660,0.002051,1.662430,0.214230,77562.805843,77570,77570,77561
2026-08-29 10:28:00,513,4.039490,0.007874,2.997910,1.041580,77572.911939,77574,77574,77570
2026-08-29 10:29:00,937,3.827470,0.004085,2.863360,0.964110,77581.856277,77593,77593,77574
2026-08-29 10:30:00,732,7.117440,0.009723,6.055660,1.061780,77588.807667,77590,77593,77588
2026-08-29 10:31:00,1109,13.655370,0.012313,11.623160,2.032210,77580.443146,77576,77590,77574
2026-08-29 10:32:00,1235,6.352090,0.005143,0.713600,5.638490,77569.736279,77552,77578,77552
2026-08-29 10:33:00,1824,4.768950,0.002615,0.672960,4.095990,77534.682929,77518,77552,77514
2026-08-29 10:34:00,1050,5.055850,0.004815,2.567630,2.488220,77523.427365,77529,77529,77518
2026-08-29 10:35:00,1074,2.250530,0.002095,1.807710,0.442820,77532.598421,77544,77544,77529
2026-08-29 10:36:00,451,1.085910,0.002408,0.772350,0.313560,77544.185036,77545,77545,77544
2026-08-29 10:37:00,185,0.542970,0.002935,0.309950,0.233020,77544.795708,77545,77545,77545
2026-08-29 10:38:00,158,0.422350,0.002673,0.243150,0.179200,77544.795757,77545,77545,77545
2026-08-29 10:39:00,149,0.281940,0.001892,0.202770,0.079170,77544.797192,77545,77545,77545
2026-08-29 10:40:00,161,0.374440,0.002326,0.170830,0.203610,77544.794562,77545,77545,77545
2026-08-29 10:41:00,586,4.240730,0.007237,4.060360,0.180370,77547.257920,77555,77555,77545
2026-08-29 10:42:00,915,1.587380,0.001735,1.507890,0.079490,77567.941548,77578,77578,77555
2026-08-29 10:43:00,234,4.335060,0.018526,4.122510,0.212550,77578.000271,77578,77578,77578
2026-08-29 10:44:00,1212,4.893980,0.004038,0.601700,4.292280,77573.086781,77562,77578,77562
2026-08-29 10:45:00,921,3.369160,0.003658,2.833060,0.536100,77566.206672,77580,77580,77562
2026-08-29 10:46:00,2175,4.675580,0.002150,1.624850,3.050730,77556.028354,77562,77580,77538
2026-08-29 10:47:00,728,3.156750,0.004336,2.830850,0.325900,77566.332381,77575,77575,77562
2026-08-29 10:48:00,1291,3.526880,0.002732,3.088150,0.438730,77589.560927,77604,77604,77575
2026-08-29 10:49:00,1490,5.173100,0.003472,1.628560,3.544540,77615.861449,77610,77620,77604
2026-08-29 10:50:00,1552,4.015000,0.002587,1.432110,2.582890,77585.970574,77576,77610,77576
2026-08-29 10:51:00,454,2.987790,0.006581,2.148010,0.839780,77577.347423,77581,77581,77576
2026-08-29 10:52:00,752,3.811120,0.005068,2.569080,1.242040,77582.730066,77596,77596,77581
2026-08-29 10:53:00,969,2.338320,0.002413,1.293540,1.044780,77602.962445,77615,77615,77596
2026-08-29 10:54:00,802,1.760390,0.002195,0.377510,1.382880,77611.752923,77602,77615,77602
2026-08-29 10:55:00,1321,3.021370,0.002287,0.742480,2.278890,77581.326379,77569,77602,77569
2026-08-29 10:56:00,1465,15.871270,0.010834,12.138480,3.732790,77576.883998,77584,77588,77569
2026-08-29 10:57:00,944,2.429440,0.002574,2.021430,0.408010,77594.990241,77606,77606,77584
2026-08-29 10:58:00,283,1.005190,0.003552,0.561900,0.443290,77605.985590,77606,77606,77606
2026-08-29 10:59:00,688,1.404030,0.002041,0.869130,0.534900,77610.381974,77616,77616,77606
2026-08-29 11:00:00,1191,3.921620,0.003293,2.647610,1.274010,77623.118041,77634,77634,77616
2026-08-29 11:01:00,1183,8.777200,0.007419,3.249470,5.527730,77648.305356,77650,77650,77634
2026-08-29 11:02:00,1328,7.681630,0.005784,2.535610,5.146020,77644.424000,77639,77654,77628
2026-08-29 11:03:00,412,1.618450,0.003928,1.252090,0.366360,77638.747736,77639,77639,77639
2026-08-29 11:04:00,766,1.813460,0.002367,0.323210,1.490250,77636.410864,77628,77639,77628
2026-08-29 11:05:00,549,1.806240,0.003290,1.510870,0.295370,77630.391102,77639,77639,77628
2026-08-29 11:06:00,1366,1.939580,0.001420,1.582880,0.356700,77662.175701,77674,77674,77639
2026-08-29 11:07:00,3656,35.260780,0.009645,7.449900,27.810880,77630.408410,77614,77680,77566
2026-08-29 11:08:00,1256,3.778940,0.003009,0.804900,2.974040,77614.671414,77602,77626,77602
2026-08-29 11:09:00,331,3.301760,0.009975,0.392770,2.908990,77602.001190,77602,77602,77602
2026-08-29 11:10:00,262,1.259720,0.004808,0.417660,0.842060,77602.003315,77602,77602,77602
2026-08-29 11:11:00,371,3.633720,0.009794,1.947790,1.685930,77602.033223,77603,77603,77602
2026-08-29 11:12:00,859,2.503020,0.002914,0.892790,1.610230,77622.849215,77630,77630,77603
2026-08-29 11:13:00,620,2.569800,0.004145,0.889590,1.680210,77629.563834,77623,77630,77623
2026-08-29 11:14:00,573,3.378410,0.005896,1.958630,1.419780,77628.093868,77640,77640,77623
2026-08-29 11:15:00,372,1.533210,0.004122,0.710840,0.822370,77642.675307,77644,77644,77640
2026-08-29 11:16:00,447,0.931310,0.002083,0.572480,0.358830,77646.744825,77651,77651,77644
2026-08-29 11:17:00,272,1.165130,0.004284,0.478070,0.687060,77650.964103,77651,77651,77651
2026-08-29 11:18:00,1798,4.402390,0.002448,2.574170,1.828220,77653.528400,77645,77664,77645
2026-08-29 11:19:00,689,2.624740,0.003809,1.723670,0.901070,77649.125786,77654,77654,77645
2026-08-29 11:20:00,174,1.075770,0.006183,0.545770,0.530000,77654.175073,77654,77654,77654
2026-08-29 11:21:00,451,3.448350,0.007646,1.513630,1.934720,77649.746452,77644,77654,77644
2026-08-29 11:22:00,118,1.633630,0.013844,1.450310,0.183320,77644.438878,77644,77644,77644
2026-08-29 11:23:00,1705,3.144770,0.001844,0.319290,2.825480,77628.491287,77612,77644,77612
2026-08-29 11:24:00,882,2.907110,0.003296,2.426840,0.480270,77617.920354,77637,77637,77612
2026-08-29 11:25:00,461,3.611960,0.007835,0.383140,3.228820,77641.863880,77642,77642,77637
2026-08-29 11:26:00,299,1.566670,0.005240,0.447500,1.119170,77641.992856,77642,77642,77642
2026-08-29 11:27:00,898,2.315600,0.002579,0.660290,1.655310,77634.160748,77624,77642,77624
2026-08-29 11:28:00,317,1.422430,0.004487,0.463530,0.958900,77624.003259,77624,77624,77624
2026-08-29 11:29:00,241,1.746630,0.007247,0.937330,0.809300,77624.005367,77624,77624,77624
2026-08-29 11:30:00,691,2.989950,0.004327,2.454990,0.534960,77625.060228,77626,77626,77624
2026-08-29 11:31:00,227,1.209330,0.005327,0.647340,0.561990,77626.495353,77626,77626,77626
2026-08-29 11:32:00,217,1.565300,0.007213,0.999980,0.565320,77626.496388,77626,77626,77626
2026-08-29 11:33:00,987,4.329830,0.004387,3.710120,0.619710,77628.719870,77639,77639,77626
2026-08-29 11:34:00,832,2.594420,0.003118,1.796390,0.798030,77644.299193,77651,77651,77639
2026-08-29 11:35:00,758,2.118170,0.002794,1.087530,1.030640,77660.485083,77664,77664,77651
2026-08-29 11:36:00,212,1.071130,0.005052,0.455970,0.615160,77664.274257,77664,77664,77664
2026-08-29 11:37:00,1065,3.641580,0.003419,2.876030,0.765550,77676.090462,77688,77688,77664
2026-08-29 11:38:00,204,1.366270,0.006697,0.785990,0.580280,77687.995753,77688,77688,77688
2026-08-29 11:39:00,1275,6.167790,0.004837,5.765710,0.402080,77701.793932,77720,77720,77688
2026-08-29 11:40:00,439,2.027370,0.004618,1.510560,0.516810,77721.919589,77726,77726,77720
2026-08-29 11:41:00,1973,8.009750,0.004060,4.276390,3.733360,77747.604085,77743,77754,77726
2026-08-29 11:42:00,2175,6.882070,0.003164,2.830360,4.051710,77709.963694,77700,77743,77700
2026-08-29 11:43:00,1108,3.765250,0.003398,2.336770,1.428480,77702.584898,77703,77709,77700
2026-08-29 11:44:00,536,1.827420,0.003409,0.879660,0.947760,77707.838708,77709,77709,77703
2026-08-29 11:45:00,1689,7.480420,0.004429,0.495940,6.984480,77683.981454,77662,77709,77662
2026-08-29 11:46:00,285,6.071030,0.021302,5.861540,0.209490,77665.464461,77667,77672,77662
2026-08-29 11:47:00,847,2.709240,0.003199,1.464470,1.244770,77667.475604,77662,77669,77662
2026-08-29 11:48:00,701,1.808490,0.002580,0.797930,1.010560,77657.838134,77655,77662,77655
2026-08-29 11:49:00,211,1.902790,0.009018,0.396400,1.506390,77655.072083,77655,77655,77655
2026-08-29 11:50:00,180,0.611700,0.003398,0.283700,0.328000,77655.074638,77655,77655,77655
2026-08-29 11:51:00,700,5.572790,0.007961,1.717970,3.854820,77663.157088,77666,77666,77655
2026-08-29 11:52:00,511,2.506690,0.004905,1.455650,1.051040,77667.326400,77674,77674,77666
2026-08-29 11:53:00,385,2.488230,0.006463,1.964150,0.524080,77673.997894,77674,77674,77674
2026-08-29 11:54:00,1081,4.594360,0.004250,1.419460,3.174900,77672.750733,77658,77674,77658
2026-08-29 11:55:00,915,2.741560,0.002996,2.257340,0.484220,77659.824793,77670,77670,77656
2026-08-29 11:56:00,246,2.064430,0.008392,0.337330,1.727100,77670.251634,77670,77670,77670
2026-08-29 11:57:00,185,0.626220,0.003385,0.339040,0.287180,77670.255414,77670,77670,77670
2026-08-29 11:58:00,201,0.932760,0.004641,0.467740,0.465020,77670.255015,77670,77670,77670
2026-08-29 11:59:00,392,4.129210,0.010534,1.826690,2.302520,77670.254424,77670,77670,77670
2026-08-29 12:00:00,1150,3.868550,0.003364,1.110510,2.758040,77660.718305,77650,77670,77650
2026-08-29 12:01:00,667,2.815980,0.004222,0.817830,1.998150,77647.932375,77644,77650,77644
2026-08-29 12:02:00,204,1.208990,0.005926,0.542260,0.666730,77644.504485,77645,77645,77644
2026-08-29 12:03:00,960,5.578940,0.005811,0.853550,4.725390,77634.639048,77627,77645,77626
2026-08-29 12:04:00,908,2.436140,0.002683,0.545350,1.890790,77623.140471,77618,77627,77618
2026-08-29 12:05:00,1362,3.651990,0.002681,0.783420,2.868570,77606.929614,77600,77618,77600
2026-08-29 12:06:00,2976,6.357390,0.002136,0.471810,5.885580,77569.779507,77548,77600,77548
2026-08-29 12:07:00,2306,19.386050,0.008407,13.253680,6.132370,77532.823241,77546,77552,77526
2026-08-29 12:08:00,999,12.415820,0.012428,10.137860,2.277960,77553.172208,77552,77555,77546
2026-08-29 12:09:00,240,2.719010,0.011329,1.817230,0.901780,77552.356683,77552,77552,77552
2026-08-29 12:10:00,108,0.389620,0.003608,0.233310,0.156310,77552.355988,77552,77552,77552
2026-08-29 12:11:00,662,1.042840,0.001575,0.933000,0.109840,77553.722708,77558,77558,77552
2026-08-29 12:12:00,210,2.376690,0.011318,0.475340,1.901350,77557.992000,77558,77558,77558
2026-08-29 12:13:00,183,0.540350,0.002953,0.317160,0.223190,77557.995870,77558,77558,77558
2026-08-29 12:14:00,252,1.637780,0.006499,1.305620,0.332160,77557.997972,77558,77558,77558
2026-08-29 12:15:00,1161,3.961560,0.003412,3.512040,0.449520,77569.282651,77582,77582,77558
2026-08-29 12:16:00,2229,5.708570,0.002561,4.819050,0.889520,77615.613781,77642,77642,77582
2026-08-29 12:17:00,1551,3.146310,0.002029,2.389000,0.757310,77655.288633,77660,77660,77642
2026-08-29 12:18:00,1463,3.756130,0.002567,3.500360,0.255770,77670.313521,77699,77699,77660
2026-08-29 12:19:00,1401,2.251070,0.001607,0.868790,1.382280,77702.715200,77720,77720,77699
2026-08-29 12:20:00,1288,6.371180,0.004947,3.145350,3.225830,77709.569117,77705,77720,77705
2026-08-29 12:21:00,722,3.417100,0.004733,2.803540,0.613560,77709.729863,77715,77715,77705
2026-08-29 12:22:00,1693,14.457690,0.008540,3.000830,11.456860,77701.484969,77678,77720,77663
2026-08-29 12:23:00,1072,2.339970,0.002183,1.067610,1.272360,77685.822514,77684,77696,77678
2026-08-29 12:24:00,625,1.069950,0.001712,0.415390,0.654560,77681.750994,77682,77684,77680
2026-08-29 12:25:00,1865,10.002400,0.005363,0.964180,9.038220,77671.616338,77682,77682,77657
2026-08-29 12:26:00,1026,1.727110,0.001683,0.891570,0.835540,77681.603456,77677,77686,77677
2026-08-29 12:27:00,600,1.124340,0.001874,0.660820,0.463520,77678.136603,77678,77682,77677
2026-08-29 12:28:00,285,2.852600,0.010009,2.484750,0.367850,77677.508710,77678,77678,77678
2026-08-29 12:29:00,410,1.247720,0.003043,0.614370,0.633350,77677.220004,77677,77678,77677
2026-08-29 12:30:00,447,1.980600,0.004431,0.330950,1.649650,77674.365125,77672,77677,77672
2026-08-29 12:31:00,169,1.089530,0.006447,0.848540,0.240990,77671.507788,77672,77672,77672
2026-08-29 12:32:00,160,0.556850,0.003480,0.355060,0.201790,77671.506376,77672,77672,77672
2026-08-29 12:33:00,298,0.851800,0.002858,0.561160,0.290640,77671.493075,77671,77672,77671
2026-08-29 12:34:00,535,5.356650,0.010012,4.383640,0.973010,77672.680549,77684,77684,77671
2026-08-29 12:35:00,284,1.544800,0.005439,0.360340,1.184460,77681.270384,77679,77684,77679
2026-08-29 12:36:00,730,7.557430,0.010353,0.797160,6.760270,77677.831799,77672,77679,77672
2026-08-29 12:37:00,1626,28.953460,0.017807,28.400750,0.552710,77679.999145,77720,77720,77672
2026-08-29 12:38:00,980,2.088900,0.002132,0.848670,1.240230,77717.618181,77708,77725,77708
2026-08-29 12:39:00,207,0.786980,0.003802,0.448010,0.338970,77708.285693,77708,77708,77708
2026-08-29 12:40:00,456,0.838070,0.001838,0.265300,0.572770,77698.966492,77695,77708,77695
2026-08-29 12:41:00,704,1.652490,0.002347,0.675880,0.976610,77690.841104,77690,77695,77684
2026-08-29 12:42:00,212,0.703020,0.003316,0.278960,0.424060,77690.313968,77690,77690,77690
2026-08-29 12:43:00,171,0.384720,0.002250,0.189190,0.195530,77690.314918,77690,77690,77690
2026-08-29 12:44:00,492,1.368700,0.002782,0.407200,0.961500,77689.378297,77688,77690,77688
2026-08-29 12:45:00,176,0.489430,0.002781,0.275720,0.213710,77688.475633,77688,77688,77688
2026-08-29 12:46:00,258,1.276530,0.004948,0.902100,0.374430,77688.477067,77688,77688,77688
2026-08-29 12:47:00,1231,1.321150,0.001073,1.015720,0.305430,77700.799893,77711,77711,77688
2026-08-29 12:48:00,420,2.565950,0.006109,1.621100,0.944850,77720.780617,77725,77725,77711
2026-08-29 12:49:00,279,1.160950,0.004161,0.781430,0.379520,77724.996731,77725,77725,77725
2026-08-29 12:50:00,271,1.131910,0.004177,0.803140,0.328770,77724.997095,77725,77725,77725
2026-08-29 12:51:00,930,6.842120,0.007357,5.371450,1.470670,77727.224059,77728,77732,77725
2026-08-29 12:52:00,310,1.672460,0.005395,0.788130,0.884330,77728.354712,77728,77728,77728
2026-08-29 12:53:00,1101,3.644210,0.003310,0.939550,2.704660,77719.688467,77714,77728,77706
2026-08-29 12:54:00,665,1.424810,0.002143,0.848190,0.576620,77716.086036,77719,77719,77714
2026-08-29 12:55:00,453,5.704340,0.012592,5.189740,0.514600,77725.459142,77730,77730,77719
2026-08-29 12:56:00,440,5.547250,0.012607,0.643050,4.904200,77729.655324,77729,77730,77729
2026-08-29 12:57:00,282,1.363650,0.004836,0.911470,0.452180,77729.336684,77729,77729,77729
2026-08-29 12:58:00,267,1.987430,0.007444,1.224150,0.763280,77729.336159,77729,77729,77729
2026-08-29 12:59:00,763,2.428910,0.003183,0.491440,1.937470,77713.098542,77709,77729,77709
2026-08-29 13:00:00,3294,7.893490,0.002396,1.464240,6.429250,77667.952380,77635,77709,77635
2026-08-29 13:01:00,432,2.756250,0.006380,1.821500,0.934750,77633.702981,77633,77635,77633
2026-08-29 13:02:00,957,1.527430,0.001596,1.136080,0.391350,77633.183965,77627,77635,77627
2026-08-29 13:03:00,818,2.281490,0.002789,0.891950,1.389540,77633.744702,77639,77639,77627
2026-08-29 13:04:00,728,9.576810,0.013155,0.480260,9.096550,77639.205335,77639,77639,77638
2026-08-29 13:05:00,202,0.480070,0.002377,0.257550,0.222520,77639.125365,77639,77639,77639
2026-08-29 13:06:00,1017,3.993370,0.003927,3.505630,0.487740,77646.598594,77652,77655,77639
2026-08-29 13:07:00,266,0.543470,0.002043,0.283520,0.259950,77652.135217,77652,77652,77652
2026-08-29 13:08:00,925,1.794260,0.001940,0.407610,1.386650,77638.355298,77630,77652,77630
2026-08-29 13:09:00,935,1.665190,0.001781,1.346500,0.318690,77638.015309,77641,77641,77630
2026-08-29 13:10:00,279,1.076770,0.003859,0.575310,0.501460,77641.275343,77641,77641,77641
2026-08-29 13:11:00,1579,4.258700,0.002697,1.718010,2.540690,77653.630425,77672,77672,77641
2026-08-29 13:12:00,2010,1.494900,0.000744,1.134700,0.360200,77688.942979,77701,77704,77672
2026-08-29 13:13:00,174,0.397900,0.002287,0.208740,0.189160,77701.205246,77701,77701,77701
2026-08-29 13:14:00,747,3.516240,0.004707,3.183650,0.332590,77708.512485,77713,77713,77701
2026-08-29 13:15:00,935,4.043590,0.004325,2.828980,1.214610,77713.297604,77720,77720,77713
2026-08-29 13:16:00,920,8.061360,0.008762,2.813510,5.247850,77720.458849,77717,77725,77717
2026-08-29 13:17:00,203,1.091960,0.005379,0.709050,0.382910,77717.016493,77717,77717,77717
2026-08-29 13:18:00,273,1.355480,0.004965,0.647610,0.707870,77717.014778,77717,77717,77717
2026-08-29 13:19:00,1158,1.540790,0.001331,0.470920,1.069870,77712.138109,77706,77717,77706
2026-08-29 13:20:00,172,0.960690,0.005585,0.563270,0.397420,77706.005863,77706,77706,77706
2026-08-29 13:21:00,472,2.758300,0.005844,0.244240,2.514060,77704.585946,77703,77706,77703
2026-08-29 13:22:00,511,2.359980,0.004618,0.326550,2.033430,77696.539385,77694,77703,77692
2026-08-29 13:23:00,801,3.304480,0.004125,2.272850,1.031630,77694.033362,77694,77694,77694
2026-08-29 13:24:00,322,1.565470,0.004862,0.895830,0.669640,77694.015722,77694,77694,77694
2026-08-29 13:25:00,654,1.347730,0.002061,0.327180,1.020550,77690.333127,77682,77694,77680
2026-08-29 13:26:00,472,0.747870,0.001584,0.586790,0.161080,77683.226554,77684,77684,77682
2026-08-29 13:27:00,279,5.484160,0.019656,0.720330,4.763830,77684.461313,77684,77684,77684
2026-08-29 13:28:00,185,0.442740,0.002393,0.144650,0.298090,77684.463267,77684,77684,77684
2026-08-29 13:29:00,909,14.173360,0.015592,13.771770,0.401590,77690.011261,77700,77700,77684
2026-08-29 13:30:00,200,0.760430,0.003802,0.411280,0.349150,77700.005409,77700,77700,77700
2026-08-29 13:31:00,872,5.411250,0.006206,0.392770,5.018480,77688.096250,77680,77700,77680
2026-08-29 13:32:00,369,0.760980,0.002062,0.244560,0.516420,77677.697870,77678,77680,77678
2026-08-29 13:33:00,425,0.776730,0.001828,0.617220,0.159510,77678.546838,77680,77680,77678
2026-08-29 13:34:00,131,0.795190,0.006070,0.669360,0.125830,77679.998418,77680,77680,77680
2026-08-29 13:35:00,109,0.182830,0.001677,0.112160,0.070670,77679.996135,77680,77680,77680
2026-08-29 13:36:00,472,6.944230,0.014712,2.580980,4.363250,77686.531647,77689,77689,77680
2026-08-29 13:37:00,133,0.627470,0.004718,0.563770,0.063700,77688.688985,77689,77689,77689
2026-08-29 13:38:00,1214,4.610420,0.003798,0.144870,4.465550,77667.802874,77661,77689,77661
2026-08-29 13:39:00,476,2.983340,0.006268,1.523900,1.459440,77661.360379,77672,77672,77661
2026-08-29 13:40:00,928,1.861730,0.002006,1.553020,0.308710,77673.905615,77689,77689,77671
2026-08-29 13:41:00,1921,1.985680,0.001034,0.704920,1.280760,77686.789087,77668,77702,77668
2026-08-29 13:42:00,1008,1.709990,0.001696,0.206150,1.503840,77660.598964,77648,77668,77648
2026-08-29 13:43:00,961,1.381320,0.001437,0.739900,0.641420,77647.525244,77648,77648,77644
2026-08-29 13:44:00,525,0.951030,0.001811,0.457200,0.493830,77647.853890,77643,77648,77643
2026-08-29 13:45:00,578,1.687220,0.002919,0.896080,0.791140,77644.643871,77643,77647,77643
2026-08-29 13:46:00,299,0.661520,0.002212,0.475790,0.185730,77643.007192,77643,77643,77643
2026-08-29 13:47:00,178,0.926860,0.005207,0.255700,0.671160,77643.002759,77643,77643,77643
2026-08-29 13:48:00,1167,5.341910,0.004577,5.131910,0.210000,77648.321971,77665,77665,77643
2026-08-29 13:49:00,1232,6.828350,0.005542,5.010660,1.817690,77664.635619,77661,77666,77661
2026-08-29 13:50:00,1716,8.742650,0.005095,5.685580,3.057070,77658.976036,77660,77668,77654
2026-08-29 13:51:00,1207,1.342890,0.001113,0.510190,0.832700,77655.799077,77647,77666,77647
2026-08-29 13:52:00,1354,1.548310,0.001144,0.351480,1.196830,77653.048740,77643,77660,77643
2026-08-29 13:53:00,165,0.530590,0.003216,0.338840,0.191750,77643.096386,77643,77643,77643
2026-08-29 13:54:00,415,1.069220,0.002576,0.154050,0.915170,77643.015667,77643,77643,77643
2026-08-29 13:55:00,1059,3.319760,0.003135,0.515580,2.804180,77641.721859,77634,77643,77634
2026-08-29 13:56:00,971,36.762130,0.037860,9.407880,27.354250,77611.809084,77600,77634,77600
2026-08-29 13:57:00,1211,4.375710,0.003613,0.524400,3.851310,77582.616170,77573,77600,77573
2026-08-29 13:58:00,344,4.507880,0.013104,0.666590,3.841290,77573.329221,77573,77573,77573
2026-08-29 13:59:00,435,20.760410,0.047725,19.634770,1.125640,77573.329458,77573,77573,77573
2026-08-29 14:00:00,1215,54.855020,0.045148,48.861090,5.993930,77575.804665,77585,77592,77573
2026-08-29 14:01:00,353,1.508270,0.004273,1.312040,0.196230,77584.992260,77586,77586,77585
2026-08-29 14:02:00,368,6.529370,0.017743,1.310000,5.219370,77585.780321,77586,77586,77586
2026-08-29 14:03:00,180,14.795280,0.082196,14.438040,0.357240,77585.779759,77586,77586,77586
2026-08-29 14:04:00,889,26.226690,0.029501,25.878510,0.348180,77587.433812,77592,77592,77586
2026-08-29 14:05:00,456,8.043690,0.017640,7.704800,0.338890,77592.229579,77592,77592,77592
2026-08-29 14:06:00,457,6.502900,0.014230,6.244190,0.258710,77592.229602,77592,77592,77592
2026-08-29 14:07:00,1434,38.341340,0.026737,31.552030,6.789310,77597.291190,77606,77612,77592
2026-08-29 14:08:00,563,6.961300,0.012365,5.293180,1.668120,77606.096228,77606,77606,77606
2026-08-29 14:09:00,1407,2.083450,0.001481,0.297130,1.786320,77597.952717,77585,77606,77585
2026-08-29 14:10:00,608,2.792270,0.004593,0.286900,2.505370,77583.331128,77582,77585,77582
2026-08-29 14:11:00,1254,3.394360,0.002707,2.227610,1.166750,77579.547257,77569,77582,77569
2026-08-29 14:12:00,755,1.195970,0.001584,0.256460,0.939510,77568.176352,77568,77569,77568
2026-08-29 14:13:00,1293,1.838790,0.001422,1.302930,0.535860,77571.966337,77586,77586,77567
2026-08-29 14:14:00,553,1.300300,0.002351,0.787340,0.512960,77589.340181,77590,77590,77586
2026-08-29 14:15:00,475,3.020170,0.006358,1.107040,1.913130,77590.509162,77597,77597,77590
2026-08-29 14:16:00,1023,20.963530,0.020492,20.724000,0.239530,77611.697819,77612,77612,77597
2026-08-29 14:17:00,927,5.514550,0.005949,5.396630,0.117920,77614.136120,77627,77627,77612
2026-08-29 14:18:00,422,1.571900,0.003725,1.388140,0.183760,77629.200410,77631,77631,77627
2026-08-29 14:19:00,1545,3.234460,0.002094,2.475520,0.758940,77644.954664,77646,77654,77631
2026-08-29 14:20:00,184,0.853910,0.004641,0.552620,0.301290,77645.816472,77646,77646,77646
2026-08-29 14:21:00,493,1.429830,0.002900,0.757920,0.671910,77653.495574,77656,77658,77646
2026-08-29 14:22:00,875,2.612260,0.002985,0.355210,2.257050,77651.323876,77638,77656,77638
2026-08-29 14:23:00,257,1.130110,0.004397,0.340310,0.789800,77638.003011,77638,77638,77638
2026-08-29 14:24:00,1551,4.325470,0.002789,0.379170,3.946300,77625.742748,77604,77638,77604
2026-08-29 14:25:00,2458,8.347560,0.003396,0.613220,7.734340,77573.440926,77557,77604,77550
2026-08-29 14:26:00,1697,11.611990,0.006843,1.185180,10.426810,77548.820948,77555,77557,77538
2026-08-29 14:27:00,532,2.672460,0.005023,0.653910,2.018550,77557.681881,77558,77558,77555
2026-08-29 14:28:00,251,1.895690,0.007553,0.825290,1.070400,77558.004354,77558,77558,77558
2026-08-29 14:29:00,750,2.922290,0.003896,2.727680,0.194610,77561.262012,77574,77574,77558
2026-08-29 14:30:00,560,2.533450,0.004524,0.947730,1.585720,77581.724331,77584,77584,77574
2026-08-29 14:31:00,434,1.442890,0.003325,0.968310,0.474580,77584.045367,77584,77584,77584
2026-08-29 14:32:00,897,9.146510,0.010197,8.429380,0.717130,77595.133753,77600,77600,77584
2026-08-29 14:33:00,4517,8.771310,0.001942,3.634470,5.136840,77537.497703,77536,77600,77507
2026-08-29 14:34:00,331,1.980090,0.005982,1.679710,0.300380,77541.591624,77542,77542,77536
2026-08-29 14:35:00,777,1.543410,0.001986,0.554330,0.989080,77536.259403,77535,77542,77529
2026-08-29 14:36:00,940,1.648270,0.001753,1.436910,0.211360,77550.337937,77561,77561,77535
2026-08-29 14:37:00,207,0.552480,0.002669,0.251540,0.300940,77561.364553,77561,77561,77561
2026-08-29 14:38:00,651,0.842770,0.001295,0.602370,0.240400,77563.400895,77569,77569,77561
2026-08-29 14:39:00,598,12.722350,0.021275,12.209130,0.513220,77577.622478,77580,77584,77569
2026-08-29 14:40:00,723,1.401860,0.001939,0.471960,0.929900,77571.892978,77565,77580,77564
2026-08-29 14:41:00,158,0.855610,0.005415,0.380520,0.475090,77565.084447,77565,77565,77565
2026-08-29 14:42:00,700,2.123770,0.003034,1.804740,0.319030,77566.238781,77574,77574,77565
2026-08-29 14:43:00,441,0.386660,0.000877,0.259330,0.127330,77573.847293,77575,77575,77574
2026-08-29 14:44:00,142,0.327980,0.002310,0.189630,0.138350,77575.045782,77575,77575,77575
2026-08-29 14:45:00,238,0.649450,0.002729,0.274110,0.375340,77575.044221,77575,77575,77575
2026-08-29 14:46:00,224,0.997150,0.004452,0.513570,0.483580,77575.045150,77575,77575,77575
2026-08-29 14:47:00,471,2.320040,0.004926,0.544080,1.775960,77580.177713,77581,77581,77575
2026-08-29 14:48:00,1187,9.117040,0.007681,0.651850,8.465190,77580.030298,77574,77581,77574
2026-08-29 14:49:00,182,0.965260,0.005304,0.294650,0.670610,77573.833053,77574,77574,77574
2026-08-29 14:50:00,539,12.320510,0.022858,12.156540,0.163970,77580.305502,77581,77581,77574
2026-08-29 14:51:00,378,3.500960,0.009262,3.182130,0.318830,77580.699089,77581,77581,77581
2026-08-29 14:52:00,2247,13.374960,0.005952,5.956180,7.418780,77588.079180,77574,77596,77574
2026-08-29 14:53:00,1310,14.925870,0.011394,8.394800,6.531070,77572.906181,77568,77575,77568
2026-08-29 14:54:00,1044,6.328760,0.006062,2.403060,3.925700,77559.366221,77554,77568,77554
2026-08-29 14:55:00,196,1.586320,0.008093,0.803530,0.782790,77554.005065,77554,77554,77554
2026-08-29 14:56:00,855,5.003360,0.005852,4.556420,0.446940,77560.280228,77576,77576,77554
2026-08-29 14:57:00,203,0.702590,0.003461,0.443090,0.259500,77575.676307,77576,77576,77576
2026-08-29 14:58:00,227,0.794020,0.003498,0.369460,0.424560,77575.674653,77576,77576,77576
2026-08-29 14:59:00,732,1.096470,0.001498,0.885470,0.211000,77575.847829,77576,77576,77576
2026-08-29 15:00:00,690,2.794000,0.004049,2.028370,0.765630,77581.472070,77584,77584,77576
2026-08-29 15:01:00,1278,3.054460,0.002390,1.232460,1.822000,77589.702673,77590,77594,77584
2026-08-29 15:02:00,263,2.291210,0.008712,0.529030,1.762180,77589.982309,77590,77590,77590
2026-08-29 15:03:00,349,1.555980,0.004458,0.838990,0.716990,77590.499158,77591,77591,77590
2026-08-29 15:04:00,921,0.922780,0.001002,0.698880,0.223900,77593.003526,77595,77595,77591
2026-08-29 15:05:00,1105,4.696730,0.004250,0.617560,4.079170,77580.241747,77568,77595,77559
2026-08-29 15:06:00,701,3.306390,0.004717,1.082920,2.223470,77577.088352,77579,77579,77568
2026-08-29 15:07:00,579,3.588310,0.006197,1.188780,2.399530,77580.470142,77585,77586,77579
2026-08-29 15:08:00,626,2.135150,0.003411,1.674700,0.460450,77580.680762,77586,77586,77579
2026-08-29 15:09:00,1053,4.300400,0.004084,3.063810,1.236590,77595.098795,77598,77602,77586
2026-08-29 15:10:00,209,2.545720,0.012180,0.414900,2.130820,77597.771630,77598,77598,77598
2026-08-29 15:11:00,812,2.566360,0.003161,1.859460,0.706900,77600.140250,77604,77607,77598
2026-08-29 15:12:00,1123,6.809660,0.006064,6.468450,0.341210,77617.080868,77635,77635,77604
2026-08-29 15:13:00,531,1.911610,0.003600,1.338870,0.572740,77634.723659,77634,77635,77634
2026-08-29 15:14:00,254,3.338350,0.013143,0.574680,2.763670,77633.711721,77634,77634,77634
2026-08-29 15:15:00,1179,3.820740,0.003241,2.461200,1.359540,77654.809884,77659,77668,77634
2026-08-29 15:16:00,1313,4.583100,0.003491,3.071140,1.511960,77646.064393,77652,77659,77642
2026-08-29 15:17:00,2812,12.121780,0.004311,8.220420,3.901360,77690.399530,77722,77722,77652
2026-08-29 15:18:00,1256,1.749110,0.001393,0.584620,1.164490,77709.924566,77696,77722,77696
2026-08-29 15:19:00,1339,2.538690,0.001896,0.454560,2.084130,77687.760673,77677,77696,77677
2026-08-29 15:20:00,879,3.207830,0.003649,0.358280,2.849550,77666.501098,77660,77677,77660
2026-08-29 15:21:00,393,1.776100,0.004519,0.326480,1.449620,77656.200099,77656,77660,77656
2026-08-29 15:22:00,778,2.296470,0.002952,1.729510,0.566960,77659.402936,77670,77670,77656
2026-08-29 15:23:00,1199,2.473610,0.002063,1.575880,0.897730,77683.825716,77682,77690,77670
2026-08-29 15:24:00,539,1.140240,0.002115,0.480660,0.659580,77683.939238,77689,77689,77682
2026-08-29 15:25:00,272,1.114200,0.004096,0.728260,0.385940,77688.926536,77689,77689,77689
2026-08-29 15:26:00,475,0.484160,0.001019,0.200340,0.283820,77688.272626,77686,77689,77686
2026-08-29 15:27:00,203,1.365730,0.006728,0.656410,0.709320,77686.434806,77686,77686,77686
2026-08-29 15:28:00,203,1.488780,0.007334,0.890170,0.598610,77686.435979,77686,77686,77686
2026-08-29 15:29:00,1211,19.052080,0.015733,0.418550,18.633530,77680.317700,77661,77686,77661
2026-08-29 15:30:00,370,8.340690,0.022542,0.180420,8.160270,77659.225204,77659,77661,77659
2026-08-29 15:31:00,689,4.883690,0.007088,3.273500,1.610190,77667.451986,77679,77679,77659
2026-08-29 15:32:00,648,3.200990,0.004940,0.175350,3.025640,77669.708188,77665,77679,77665
2026-08-29 15:33:00,216,0.984120,0.004556,0.376890,0.607230,77664.713830,77665,77665,77665
2026-08-29 15:34:00,350,8.350830,0.023860,0.318450,8.032380,77659.175700,77659,77665,77659
2026-08-29 15:35:00,1247,13.246220,0.010622,0.674070,12.572150,77656.930977,77645,77659,77640
2026-08-29 15:36:00,940,1.642290,0.001747,1.316050,0.326240,77661.249615,77669,77669,77645
2026-08-29 15:37:00,961,1.164470,0.001212,0.875010,0.289460,77677.437874,77688,77688,77669
2026-08-29 15:38:00,1361,1.979600,0.001455,1.860210,0.119390,77699.619644,77714,77714,77688
2026-08-29 15:39:00,748,1.655340,0.002213,0.202260,1.453080,77707.104990,77698,77714,77698
2026-08-29 15:40:00,1334,2.097580,0.001572,0.547910,1.549670,77682.850541,77662,77698,77662
2026-08-29 15:41:00,201,0.775150,0.003856,0.470620,0.304530,77662.006071,77662,77662,77662
2026-08-29 15:42:00,139,0.385900,0.002776,0.222670,0.163230,77662.005770,77662,77662,77662
2026-08-29 15:43:00,218,1.495970,0.006862,1.121390,0.374580,77662.007496,77662,77662,77662
2026-08-29 15:44:00,183,0.411790,0.002250,0.211510,0.200280,77662.005136,77662,77662,77662
2026-08-29 15:45:00,240,0.945500,0.003940,0.567330,0.378170,77662.006000,77662,77662,77662
2026-08-29 15:46:00,191,0.804240,0.004211,0.416390,0.387850,77662.005177,77662,77662,77662
2026-08-29 15:47:00,271,1.371540,0.005061,0.455900,0.915640,77662.003324,77662,77662,77662
2026-08-29 15:48:00,2309,4.706180,0.002038,3.239050,1.467130,77662.250323,77688,77688,77658
2026-08-29 15:49:00,652,0.888140,0.001362,0.678050,0.210090,77690.959807,77694,77694,77688
2026-08-29 15:50:00,2030,2.768230,0.001364,2.017860,0.750370,77703.579817,77712,77714,77694
2026-08-29 15:51:00,836,2.531170,0.003028,0.347690,2.183480,77708.949038,77698,77712,77698
2026-08-29 15:52:00,204,0.705480,0.003458,0.495750,0.209730,77698.467027,77698,77698,77698
2026-08-29 15:53:00,699,11.286110,0.016146,0.724660,10.561450,77698.093878,77695,77698,77695
2026-08-29 15:54:00,223,3.976890,0.017834,0.543820,3.433070,77694.601367,77695,77695,77695
2026-08-29 15:55:00,1314,4.811570,0.003662,3.687130,1.124440,77695.657960,77697,77697,77695
2026-08-29 15:56:00,249,0.975870,0.003919,0.457930,0.517940,77697.124693,77697,77697,77697
2026-08-29 15:57:00,218,0.626340,0.002873,0.294260,0.332080,77697.124698,77697,77697,77697
2026-08-29 15:58:00,1812,3.621150,0.001998,2.997520,0.623630,77707.316122,77716,77721,77697
2026-08-29 15:59:00,303,0.925830,0.003056,0.513310,0.412520,77715.965544,77716,77716,77716
2026-08-29 16:00:00,1082,1.790140,0.001654,0.430190,1.359950,77709.570086,77704,77716,77704
2026-08-29 16:01:00,443,3.217820,0.007264,1.150690,2.067130,77700.156365,77700,77704,77700
2026-08-29 16:02:00,368,3.633410,0.009873,1.607360,2.026050,77700.004424,77700,77700,77700
2026-08-29 16:03:00,238,0.867730,0.003646,0.540450,0.327280,77700.006228,77700,77700,77700
2026-08-29 16:04:00,333,0.847620,0.002545,0.422310,0.425310,77700.004982,77700,77700,77700
2026-08-29 16:05:00,676,2.474920,0.003661,2.092230,0.382690,77700.008454,77700,77700,77700
2026-08-29 16:06:00,1625,3.545350,0.002182,2.337200,1.208150,77709.132209,77716,77717,77700
2026-08-29 16:07:00,710,1.343260,0.001892,0.449600,0.893660,77714.269527,77712,77716,77712
2026-08-29 16:08:00,574,1.806430,0.003147,0.491330,1.315100,77712.355210,77712,77712,77712
2026-08-29 16:09:00,728,2.281060,0.003133,1.840540,0.440520,77712.348069,77712,77712,77712
2026-08-29 16:10:00,1373,10.266510,0.007477,3.578810,6.687700,77714.042813,77692,77722,77692
2026-08-29 16:11:00,1491,7.280580,0.004883,1.664610,5.615970,77672.685804,77664,77692,77664
2026-08-29 16:12:00,1603,7.459500,0.004653,2.338400,5.121100,77674.095821,77665,77676,77664
2026-08-29 16:13:00,1698,6.029210,0.003551,5.066100,0.963110,77679.249160,77692,77692,77665
2026-08-29 16:14:00,1033,2.845020,0.002754,1.900500,0.944520,77696.041803,77699,77700,77692
2026-08-29 16:15:00,659,3.712200,0.005633,0.518060,3.194140,77696.532309,77687,77699,77687
2026-08-29 16:16:00,1014,5.196070,0.005124,1.293090,3.902980,77686.301587,77684,77694,77678
2026-08-29 16:17:00,1265,2.157950,0.001706,1.822470,0.335480,77689.080911,77705,77705,77684
2026-08-29 16:18:00,632,1.311310,0.002075,0.523660,0.787650,77700.030950,77696,77705,77696
2026-08-29 16:19:00,588,1.386840,0.002359,1.030460,0.356380,77698.521331,77700,77700,77696
2026-08-29 16:20:00,1170,5.419260,0.004632,1.378910,4.040350,77698.804478,77677,77710,77677
2026-08-29 16:21:00,984,1.690460,0.001718,1.240300,0.450160,77677.844688,77686,77686,77672
2026-08-29 16:22:00,2195,2.902570,0.001322,2.469970,0.432600,77711.693346,77727,77733,77686
2026-08-29 16:23:00,508,4.018220,0.007910,0.643050,3.375170,77722.207871,77712,77727,77712
2026-08-29 16:24:00,1072,3.536150,0.003299,1.364640,2.171510,77723.560551,77732,77732,77712
2026-08-29 16:25:00,442,0.800990,0.001812,0.324710,0.476280,77728.297519,77727,77732,77727
2026-08-29 16:26:00,555,4.510550,0.008127,1.576760,2.933790,77733.611040,77734,77734,77727
2026-08-29 16:27:00,1108,8.070840,0.007284,5.934750,2.136090,77746.523792,77748,77756,77734
2026-08-29 16:28:00,886,1.770120,0.001998,0.533340,1.236780,77746.539124,77740,77748,77740
2026-08-29 16:29:00,2228,15.648430,0.007024,2.811580,12.836850,77698.124694,77695,77740,77682
2026-08-29 16:29:59,136,0.816900,0.006007,0.463810,0.353090,77694.525678,77695,77695,77695
2026-08-29 16:31:00,922,1.685910,0.001829,1.058010,0.627900,77697.767648,77699,77702,77695
2026-08-29 16:32:00,175,0.594860,0.003399,0.437820,0.157040,77699.467360,77699,77699,77699
2026-08-29 16:33:00,448,1.389450,0.003101,0.939220,0.450230,77698.025418,77696,77699,77696
2026-08-29 16:34:00,222,0.673830,0.003035,0.378240,0.295590,77696.475613,77696,77696,77696
2026-08-29 16:35:00,236,1.264320,0.005357,0.508130,0.756190,77696.474019,77696,77696,77696
2026-08-29 16:36:00,1741,15.756830,0.009050,11.509520,4.247310,77697.781387,77700,77712,77687
2026-08-29 16:37:00,2388,1.907360,0.000799,1.216050,0.691310,77701.749678,77717,77717,77688
2026-08-29 16:38:00,588,1.782390,0.003031,1.369110,0.413280,77720.406326,77722,77722,77717
2026-08-29 16:39:00,1226,6.774600,0.005526,1.175120,5.599480,77732.026672,77734,77734,77722
2026-08-29 16:40:00,1506,5.030740,0.003340,4.305330,0.725410,77731.989349,77748,77748,77730
2026-08-29 16:41:00,3667,20.684220,0.005641,18.509880,2.174340,77783.487523,77815,77822,77748
2026-08-29 16:42:00,4368,40.121610,0.009185,37.396500,2.725110,77847.424238,77892,77900,77813
2026-08-29 16:43:00,5473,28.624730,0.005230,18.039550,10.585180,77926.943911,77930,77984,77892
2026-08-29 16:44:00,6840,45.791620,0.006695,30.658250,15.133370,77980.743209,77910,78034,77910
2026-08-29 16:45:00,3468,21.142440,0.006096,15.362880,5.779560,77916.683638,77926,77948,77900
2026-08-29 16:46:00,2755,7.228960,0.002624,4.237380,2.991580,77947.376008,77972,77972,77926
2026-08-29 16:47:00,3273,7.508270,0.002294,6.347230,1.161040,77998.762738,78017,78020,77972
2026-08-29 16:48:00,8077,38.152510,0.004724,29.596800,8.555710,78102.604974,78112,78150,78017
2026-08-29 16:49:00,2709,13.959730,0.005153,9.119770,4.839960,78086.838923,78052,78114,78052
2026-08-29 16:50:00,3009,14.066440,0.004675,6.421520,7.644920,78027.570266,78045,78052,78010
2026-08-29 16:51:00,3311,11.543930,0.003487,5.874160,5.669770,78017.467494,78036,78045,77994
2026-08-29 16:52:00,1070,3.573420,0.003340,2.155890,1.417530,78021.437721,78022,78036,78016
2026-08-29 16:53:00,2635,7.960460,0.003021,3.047120,4.913340,78012.006435,77992,78035,77988
2026-08-29 16:54:00,2865,11.554030,0.004033,9.293990,2.260040,77991.378797,78013,78013,77984
2026-08-29 16:55:00,1456,6.067080,0.004167,2.856470,3.210610,78007.636413,77987,78017,77987
2026-08-29 16:56:00,671,3.370090,0.005022,1.926990,1.443100,77990.210996,77995,77995,77987
2026-08-29 16:57:00,1328,5.277820,0.003974,4.387310,0.890510,77995.187437,77998,77998,77995
2026-08-29 16:58:00,2634,7.208220,0.002737,6.207760,1.000460,78030.846904,78038,78041,77998
2026-08-29 16:59:00,1106,2.324570,0.002102,0.792300,1.532270,78033.025937,78022,78038,78022
2026-08-29 17:00:00,2523,6.539700,0.002592,3.226980,3.312720,78023.381943,78014,78037,78014
2026-08-29 17:01:00,1062,6.990300,0.006582,1.490150,5.500150,77998.911440,77992,78014,77989
2026-08-29 17:02:00,2076,5.607480,0.002701,2.407470,3.200010,77959.576443,77951,77992,77946
2026-08-29 17:03:00,1903,4.022040,0.002114,0.370080,3.651960,77933.343544,77903,77951,77903
2026-08-29 17:04:00,2542,12.098370,0.004759,5.610600,6.487770,77877.695767,77878,77903,77858
2026-08-29 17:05:00,2087,5.806450,0.002782,5.011720,0.794730,77878.090410,77884,77884,77877
2026-08-29 17:06:00,680,1.726950,0.002540,0.586130,1.140820,77882.810919,77876,77884,77876
2026-08-29 17:07:00,853,2.323950,0.002724,0.510970,1.812980,77870.854150,77865,77876,77865
2026-08-29 17:08:00,3011,9.888870,0.003284,9.247500,0.641370,77905.248071,77940,77941,77865
2026-08-29 17:09:00,1520,4.706400,0.003096,2.273230,2.433170,77934.117211,77924,77940,77918
2026-08-29 17:10:00,381,1.360430,0.003571,0.708450,0.651980,77924.225208,77924,77924,77924
2026-08-29 17:11:00,2872,5.129150,0.001786,4.241310,0.887840,77932.847504,77942,77951,77924
2026-08-29 17:12:00,686,2.802420,0.004085,1.375220,1.427200,77947.295450,77951,77951,77942
2026-08-29 17:13:00,2234,14.004040,0.006269,11.074840,2.929200,77950.456520,77925,77961,77925
2026-08-29 17:14:00,1402,6.482390,0.004624,1.513880,4.968510,77944.762505,77931,77950,77925
2026-08-29 17:15:00,1032,2.515370,0.002437,1.305910,1.209460,77932.714724,77936,77936,77931
2026-08-29 17:16:00,247,2.426600,0.009824,2.051300,0.375300,77935.918453,77936,77936,77936
2026-08-29 17:17:00,1452,6.442290,0.004437,6.075560,0.366730,77944.354443,77961,77961,77936
2026-08-29 17:18:00,1700,14.246610,0.008380,0.552850,13.693760,77937.592304,77918,77961,77918
2026-08-29 17:19:00,1636,6.549900,0.004004,0.768540,5.781360,77890.673818,77864,77918,77864
2026-08-29 17:20:00,2531,5.395280,0.002132,4.801070,0.594210,77886.189403,77906,77906,77864
2026-08-29 17:21:00,2607,3.460410,0.001327,1.742450,1.717960,77936.094408,77938,77950,77906
2026-08-29 17:22:00,1243,2.372610,0.001909,2.151090,0.221520,77942.835047,77952,77952,77938
2026-08-29 17:23:00,1488,11.053280,0.007428,1.289110,9.764170,77932.716808,77927,77952,77923
2026-08-29 17:24:00,2324,26.378860,0.011351,25.910060,0.468800,77950.388130,77972,77972,77927
2026-08-29 17:25:00,2200,3.999280,0.001818,2.016890,1.982390,77977.514252,77961,77990,77961
2026-08-29 17:26:00,1263,13.170610,0.010428,1.630560,11.540050,77958.231690,77938,77961,77938
2026-08-29 17:27:00,983,12.514590,0.012731,1.332300,11.182290,77936.730712,77933,77938,77928
2026-08-29 17:28:00,2110,4.036040,0.001913,1.879120,2.156920,77921.805003,77920,77933,77914
2026-08-29 17:29:00,808,2.045590,0.002532,0.804490,1.241100,77911.772843,77906,77920,77906
2026-08-29 17:30:00,555,1.497570,0.002698,0.994860,0.502710,77905.557343,77904,77906,77904
2026-08-29 17:31:00,2545,7.343630,0.002886,2.579710,4.763920,77855.293537,77850,77904,77834
2026-08-29 17:32:00,1538,5.840620,0.003798,2.565010,3.275610,77826.530694,77814,77850,77811
2026-08-29 17:33:00,2323,5.063330,0.002180,4.604680,0.458650,77833.476383,77838,77846,77814
2026-08-29 17:34:00,470,3.178610,0.006763,2.334750,0.843860,77837.997345,77838,77838,77838
2026-08-29 17:35:00,1377,2.827140,0.002053,2.218620,0.608520,77848.891365,77861,77861,77838
2026-08-29 17:36:00,743,3.988310,0.005368,1.549760,2.438550,77858.875690,77859,77861,77856
2026-08-29 17:37:00,1046,3.580660,0.003423,2.563740,1.016920,77861.556154,77872,77872,77859
2026-08-29 17:38:00,935,2.508620,0.002683,1.646050,0.862570,77873.873659,77872,77878,77872
2026-08-29 17:39:00,415,6.048660,0.014575,4.793750,1.254910,77872.080216,77875,77875,77872
2026-08-29 17:40:00,922,2.552320,0.002768,1.411830,1.140490,77876.786764,77875,77880,77875
2026-08-29 17:41:00,1348,3.117950,0.002313,2.180040,0.937910,77887.143545,77890,77890,77875
2026-08-29 17:42:00,787,1.915480,0.002434,0.786390,1.129090,77884.615811,77878,77890,77878
2026-08-29 17:43:00,401,2.239010,0.005584,0.496940,1.742070,77875.122697,77869,77878,77869
2026-08-29 17:44:00,417,0.630520,0.001512,0.166730,0.463790,77867.219488,77865,77869,77865
2026-08-29 17:45:00,1731,3.161280,0.001826,0.191970,2.969310,77853.721529,77835,77865,77835
2026-08-29 17:46:00,2071,6.326370,0.003055,5.355780,0.970590,77840.757222,77872,77872,77831
2026-08-29 17:47:00,284,1.680100,0.005916,1.334600,0.345500,77872.447944,77872,77872,77872
2026-08-29 17:48:00,1887,6.418020,0.003401,5.674570,0.743450,77904.493427,77918,77918,77872
2026-08-29 17:49:00,724,8.748790,0.012084,4.950300,3.798490,77919.514959,77919,77924,77918
2026-08-29 17:50:00,3393,7.104450,0.002094,5.334300,1.770150,77912.247549,77937,77937,77904
2026-08-29 17:51:00,883,3.149240,0.003567,0.784320,2.364920,77931.450919,77924,77937,77920
2026-08-29 17:52:00,1641,4.950390,0.003017,0.668770,4.281620,77907.763942,77881,77924,77870
2026-08-29 17:53:00,403,0.781820,0.001940,0.650940,0.130880,77885.110248,77886,77886,77881
2026-08-29 17:54:00,559,1.410680,0.002524,0.309630,1.101050,77881.503455,77872,77886,77872
2026-08-29 17:55:00,1075,2.521070,0.002345,1.109030,1.412040,77864.492797,77856,77873,77856
2026-08-29 17:56:00,1830,4.007930,0.002190,0.370060,3.637870,77836.712014,77807,77856,77807
2026-08-29 17:57:00,1400,6.096900,0.004355,5.482470,0.614430,77817.019675,77832,77832,77807
2026-08-29 17:58:00,718,0.910970,0.001269,0.512370,0.398600,77842.181168,77844,77844,77832
2026-08-29 17:59:00,309,2.425740,0.007850,1.687280,0.738460,77843.626956,77844,77844,77844
2026-08-29 18:00:00,934,3.292700,0.003525,2.994520,0.298180,77847.529513,77865,77865,77844
2026-08-29 18:01:00,665,1.430900,0.002152,1.087550,0.343350,77870.346974,77875,77875,77865
2026-08-29 18:02:00,883,2.522800,0.002857,2.337750,0.185050,77884.531693,77888,77888,77875
2026-08-29 18:03:00,584,5.243160,0.008978,2.493960,2.749200,77888.358288,77893,77893,77888
2026-08-29 18:04:00,1522,13.199520,0.008672,6.240600,6.958920,77886.877082,77863,77893,77858
2026-08-29 18:05:00,1835,6.383730,0.003479,3.135810,3.247920,77894.084304,77910,77910,77863
2026-08-29 18:06:00,2058,4.193040,0.002037,1.743890,2.449150,77912.684565,77920,77920,77898
2026-08-29 18:07:00,709,9.678130,0.013650,2.919710,6.758420,77924.898571,77926,77926,77920
2026-08-29 18:08:00,858,3.810830,0.004442,1.748050,2.062780,77926.155619,77930,77930,77926
2026-08-29 18:09:00,1567,6.532690,0.004169,4.225230,2.307460,77935.223282,77934,77944,77930
2026-08-29 18:10:00,1813,5.906420,0.003258,4.794650,1.111770,77941.237511,77962,77962,77934
2026-08-29 18:11:00,1186,2.543750,0.002145,1.965300,0.578450,77968.631215,77974,77974,77962
2026-08-29 18:12:00,2153,6.840310,0.003177,1.135910,5.704400,77973.059754,77950,77979,77944
2026-08-29 18:13:00,1850,2.579070,0.001394,1.211700,1.367370,77965.380427,77962,77972,77950
2026-08-29 18:14:00,649,4.681560,0.007213,3.414880,1.266680,77967.311415,77974,77978,77962
2026-08-29 18:15:00,2497,4.824780,0.001932,1.825910,2.998870,77973.626481,77988,77988,77951
2026-08-29 18:16:00,6438,30.144400,0.004682,17.051770,13.092630,78072.038087,78089,78110,77988
2026-08-29 18:17:00,3516,10.587580,0.003011,4.486110,6.101470,78093.818077,78058,78130,78058
2026-08-29 18:18:00,3127,6.856750,0.002193,3.655810,3.200940,78040.340189,78036,78068,78013
2026-08-29 18:19:00,2327,4.545670,0.001953,2.232590,2.313080,78040.966211,78029,78050,78029
2026-08-29 18:20:00,2373,3.212520,0.001354,1.721160,1.491360,78027.459167,78021,78043,78017
2026-08-29 18:21:00,1269,3.816340,0.003007,2.699660,1.116680,78025.473550,78024,78027,78021
2026-08-29 18:22:00,2626,11.081630,0.004220,1.465430,9.616200,77986.159574,77959,78024,77958
2026-08-29 18:23:00,2667,3.395910,0.001273,1.154180,2.241730,77959.339111,77945,77978,77938
2026-08-29 18:24:00,916,4.866320,0.005313,2.436850,2.429470,77940.579592,77942,77945,77939
2026-08-29 18:25:00,1346,2.854730,0.002121,1.721510,1.133220,77942.673233,77963,77963,77936
2026-08-29 18:26:00,1615,7.643600,0.004733,0.485840,7.157760,77945.156551,77920,77963,77920
2026-08-29 18:27:00,1140,3.148930,0.002762,1.384000,1.764930,77919.763874,77914,77926,77914
2026-08-29 18:28:00,1159,2.230670,0.001925,1.859120,0.371550,77922.467906,77932,77932,77914
2026-08-29 18:29:00,310,1.986220,0.006407,1.601280,0.384940,77931.998062,77932,77932,77932
2026-08-29 18:30:00,1042,1.783380,0.001711,1.067230,0.716150,77934.313841,77946,77946,77932
2026-08-29 18:31:00,769,2.372640,0.003085,0.773810,1.598830,77945.305123,77942,77948,77942
2026-08-29 18:32:00,2082,6.020090,0.002891,0.877120,5.142970,77914.392782,77894,77942,77894
2026-08-29 18:33:00,2614,7.979250,0.003053,7.687320,0.291930,77937.270940,77984,77984,77894
2026-08-29 18:34:00,2095,5.757470,0.002748,2.398930,3.358540,78007.930336,78000,78020,77984
2026-08-29 18:35:00,775,1.712350,0.002209,0.419950,1.292400,77992.420056,77985,78000,77982
2026-08-29 18:36:00,451,0.972230,0.002156,0.382840,0.589390,77985.751026,77985,77986,77985
2026-08-29 18:37:00,2947,8.957480,0.003040,1.331980,7.625500,77970.318611,77961,77985,77932
2026-08-29 18:38:00,1396,1.996310,0.001430,1.563520,0.432790,77974.451691,77990,77990,77961
2026-08-29 18:39:00,1487,5.946290,0.003999,1.161570,4.784720,77985.298683,77964,77995,77964
2026-08-29 18:40:00,698,3.820610,0.005474,2.112360,1.708250,77965.379978,77969,77969,77960
2026-08-29 18:41:00,2013,5.922960,0.002942,4.680740,1.242220,77982.300811,78007,78007,77969
2026-08-29 18:42:00,1479,4.617050,0.003122,1.290190,3.326860,78023.834526,78018,78027,78007
2026-08-29 18:43:00,325,2.856110,0.008788,0.909650,1.946460,78017.993185,78018,78018,78018
2026-08-29 18:44:00,554,4.133930,0.007462,0.482400,3.651530,78014.310102,78014,78018,78014
2026-08-29 18:45:00,1221,7.333960,0.006007,4.966710,2.367250,78004.877848,78013,78014,78000
2026-08-29 18:46:00,1324,4.178760,0.003156,2.124580,2.054180,78022.781897,78014,78027,78014
2026-08-29 18:47:00,410,1.481240,0.003613,0.964520,0.516720,78014.569479,78015,78015,78014
2026-08-29 18:48:00,1038,9.813220,0.009454,1.567300,8.245920,78025.248194,78022,78029,78015
2026-08-29 18:49:00,1405,2.118240,0.001508,1.775540,0.342700,78038.240266,78046,78046,78022
2026-08-29 18:50:00,1738,4.156150,0.002391,1.297800,2.858350,78035.210466,78028,78046,78021
2026-08-29 18:51:00,852,1.647450,0.001934,1.090910,0.556540,78031.269508,78038,78038,78028
2026-08-29 18:52:00,248,2.160950,0.008714,1.892490,0.268460,78038.238758,78038,78038,78038
2026-08-29 18:53:00,2298,7.897600,0.003437,7.027350,0.870250,78063.776996,78088,78088,78038
2026-08-29 18:54:00,2900,24.722010,0.008525,10.140010,14.582000,78072.726717,78050,78100,78040
2026-08-29 18:55:00,648,1.347210,0.002079,0.304580,1.042630,78046.560411,78034,78050,78034
2026-08-29 18:56:00,612,8.048520,0.013151,7.571630,0.476890,78030.521339,78034,78034,78027
2026-08-29 18:57:00,383,3.167810,0.008271,0.386820,2.780990,78034.187535,78034,78034,78034
2026-08-29 18:58:00,599,2.131800,0.003559,0.216610,1.915190,78025.256886,78008,78034,78008
2026-08-29 18:59:00,1484,7.096520,0.004782,5.778630,1.317890,78007.129861,78006,78009,78000
2026-08-29 19:00:00,1024,1.314060,0.001283,0.853940,0.460120,78018.476946,78027,78027,78006
2026-08-29 19:01:00,700,1.379350,0.001970,1.181430,0.197920,78031.045561,78034,78034,78027
2026-08-29 19:02:00,1235,4.076370,0.003301,3.756010,0.320360,78036.543342,78046,78046,78034
2026-08-29 19:03:00,1339,15.244170,0.011385,11.962150,3.282020,78043.651201,78041,78050,78039
2026-08-29 19:04:00,1722,4.123130,0.002394,2.454210,1.668920,78060.194444,78080,78080,78039
2026-08-29 19:05:00,1258,7.992630,0.006353,5.665410,2.327220,78079.707218,78064,78087,78064
2026-08-29 19:06:00,1063,4.917680,0.004626,2.624660,2.293020,78050.775824,78039,78064,78039
2026-08-29 19:07:00,419,10.051000,0.023988,9.758640,0.292360,78039.614783,78044,78044,78039
2026-08-29 19:08:00,228,1.298960,0.005697,0.527660,0.771300,78043.924062,78044,78044,78044
2026-08-29 19:09:00,1743,6.739090,0.003866,0.485990,6.253100,78030.270486,78020,78044,78020
2026-08-29 19:10:00,895,2.909280,0.003251,2.602720,0.306560,78020.538403,78027,78027,78020
2026-08-29 19:11:00,662,3.858710,0.005829,1.280260,2.578450,78030.795986,78033,78033,78027
2026-08-29 19:12:00,1318,2.653820,0.002014,1.472390,1.181430,78048.581674,78038,78055,78033
2026-08-29 19:13:00,1319,2.916690,0.002211,1.093830,1.822860,78044.907782,78037,78054,78034
2026-08-29 19:14:00,510,2.003730,0.003929,0.727040,1.276690,78035.939494,78034,78037,78034
2026-08-29 19:15:00,808,1.999930,0.002475,1.724750,0.275180,78037.403329,78048,78048,78034
2026-08-29 19:16:00,1171,0.646470,0.000552,0.522750,0.123720,78052.802771,78060,78060,78048
2026-08-29 19:17:00,1550,2.253670,0.001454,2.044410,0.209260,78080.096775,78100,78100,78060
2026-08-29 19:18:00,377,0.744530,0.001975,0.311470,0.433060,78097.129668,78096,78100,78096
2026-08-29 19:19:00,1829,3.744270,0.002047,0.297890,3.446380,78077.835743,78052,78096,78052
2026-08-29 19:20:00,880,1.351450,0.001536,1.218320,0.133130,78063.154481,78068,78068,78052
2026-08-29 19:21:00,935,1.438280,0.001538,0.501430,0.936850,78053.823713,78044,78068,78044
2026-08-29 19:22:00,1186,1.861650,0.001570,0.228500,1.633150,78030.276142,78018,78044,78018
2026-08-29 19:23:00,368,1.245060,0.003383,0.188460,1.056600,78012.873627,78012,78018,78012
2026-08-29 19:24:00,2229,7.926190,0.003556,3.172200,4.753990,78007.533012,78030,78030,77990
2026-08-29 19:25:00,612,1.597000,0.002609,0.320500,1.276500,78028.147876,78021,78030,78021
2026-08-29 19:26:00,1795,1.925460,0.001073,1.087450,0.838010,78014.972303,78022,78022,77998
2026-08-29 19:27:00,371,0.959490,0.002586,0.381620,0.577870,78020.705720,78015,78022,78015
2026-08-29 19:28:00,1016,1.899590,0.001870,1.115850,0.783740,78003.319067,78007,78015,77997
2026-08-29 19:29:00,220,0.863750,0.003926,0.666490,0.197260,78007.247716,78007,78007,78007
2026-08-29 19:30:00,1072,1.634130,0.001524,0.380970,1.253160,77997.467884,77991,78007,77990
2026-08-29 19:31:00,1877,3.037580,0.001618,2.783300,0.254280,77994.933028,78010,78010,77991
2026-08-29 19:32:00,393,0.655290,0.001667,0.232240,0.423050,78008.983951,78006,78010,78006
2026-08-29 19:33:00,742,2.605490,0.003511,0.196530,2.408960,78003.885229,77990,78006,77990
2026-08-29 19:34:00,2140,5.832620,0.002726,1.443370,4.389250,77962.004815,77965,77990,77951
2026-08-29 19:35:00,998,2.375100,0.002380,0.476390,1.898710,77956.973212,77945,77965,77945
2026-08-29 19:36:00,3005,5.155220,0.001716,1.017670,4.137550,77917.207636,77917,77945,77896
2026-08-29 19:37:00,1963,2.145310,0.001093,1.633840,0.511470,77941.240610,77958,77958,77917
2026-08-29 19:38:00,1041,2.071620,0.001990,1.033560,1.038060,77965.537207,77967,77968,77958
2026-08-29 19:39:00,2025,2.562460,0.001265,0.675260,1.887200,77959.115977,77936,77971,77936
2026-08-29 19:40:00,1215,5.392640,0.004438,4.072370,1.320270,77933.714058,77948,77948,77924
2026-08-29 19:41:00,1677,3.171820,0.001891,2.957560,0.214260,77979.429154,78004,78004,77948
2026-08-29 19:42:00,598,0.845890,0.001415,0.366620,0.479270,78000.391043,78001,78004,77997
2026-08-29 19:43:00,1535,5.227520,0.003406,0.650590,4.576930,77995.813600,77997,78001,77978
2026-08-29 19:44:00,741,0.683270,0.000922,0.500770,0.182500,78003.378772,78008,78008,77997
2026-08-29 19:45:00,1637,5.181290,0.003165,1.919370,3.261920,78025.429278,78020,78030,78008
2026-08-29 19:46:00,1318,2.066840,0.001568,1.276170,0.790670,78021.543088,78024,78031,78020
2026-08-29 19:47:00,1007,1.111550,0.001104,0.521810,0.589740,78031.350943,78038,78038,78024
2026-08-29 19:48:00,269,0.756080,0.002811,0.593370,0.162710,78039.972413,78041,78041,78038
2026-08-29 19:49:00,212,0.703660,0.003319,0.531070,0.172590,78040.537547,78041,78041,78041
2026-08-29 19:50:00,645,0.933420,0.001447,0.668630,0.264790,78042.464410,78048,78048,78041
2026-08-29 19:51:00,701,1.581590,0.002256,0.806120,0.775470,78051.554062,78053,78054,78048
2026-08-29 19:52:00,371,1.191880,0.003213,0.425550,0.766330,78052.994917,78052,78053,78051
2026-08-29 19:53:00,313,0.648440,0.002072,0.167910,0.480530,78050.066279,78049,78052,78049
2026-08-29 19:54:00,469,1.922050,0.004098,0.213240,1.708810,78046.885266,78040,78049,78040
2026-08-29 19:55:00,731,13.856050,0.018955,1.394090,12.461960,78037.432464,78018,78040,78018
2026-08-29 19:56:00,1073,4.040750,0.003766,0.465790,3.574960,78009.987104,77994,78018,77990
2026-08-29 19:57:00,854,9.747140,0.011414,1.164310,8.582830,77997.365557,78001,78001,77990
2026-08-29 19:58:00,499,1.250850,0.002507,0.797550,0.453300,78001.662505,78003,78003,78001
2026-08-29 19:59:00,695,0.637420,0.000917,0.490860,0.146560,78003.189688,78005,78005,78003
2026-08-29 20:00:00,2590,20.458110,0.007899,19.257650,1.200460,78053.814075,78100,78100,78005
2026-08-29 20:01:00,2907,17.788420,0.006119,13.946480,3.841940,78134.059759,78126,78158,78100
2026-08-29 20:02:00,1176,3.479840,0.002959,1.883630,1.596210,78124.837876,78134,78134,78114
2026-08-29 20:03:00,2345,3.339000,0.001424,1.408850,1.930150,78125.715405,78128,78142,78112
2026-08-29 20:04:00,1191,3.974140,0.003337,0.354590,3.619550,78123.870173,78104,78128,78104
2026-08-29 20:05:00,1438,1.994860,0.001387,0.404770,1.590090,78090.499554,78069,78104,78069
2026-08-29 20:06:00,783,1.884330,0.002407,1.430920,0.453410,78070.409473,78084,78084,78069
2026-08-29 20:07:00,304,0.821750,0.002703,0.185780,0.635970,78082.662628,78082,78084,78082
2026-08-29 20:08:00,562,2.266990,0.004034,1.490880,0.776110,78090.770152,78098,78098,78082
2026-08-29 20:09:00,404,1.537290,0.003805,0.141980,1.395310,78095.203918,78095,78098,78095
2026-08-29 20:10:00,1129,2.854540,0.002528,1.335760,1.518780,78095.274673,78087,78098,78087
2026-08-29 20:11:00,506,1.035620,0.002047,0.634310,0.401310,78092.319712,78093,78095,78087
2026-08-29 20:12:00,450,1.805200,0.004012,1.194610,0.610590,78088.709181,78087,78093,78087
2026-08-29 20:13:00,348,3.096890,0.008899,2.828010,0.268880,78086.869132,78087,78087,78087
2026-08-29 20:14:00,526,5.552770,0.010557,0.334550,5.218220,78086.208759,78073,78087,78073
2026-08-29 20:15:00,123,0.873110,0.007098,0.197390,0.675720,78072.892261,78073,78073,78073
2026-08-29 20:16:00,587,4.002950,0.006819,1.334700,2.668250,78077.449394,78080,78080,78073
2026-08-29 20:17:00,2391,5.501000,0.002301,2.126120,3.374880,78043.960651,78044,78080,78028
2026-08-29 20:18:00,431,1.580300,0.003667,1.228860,0.351440,78056.014866,78063,78063,78044
2026-08-29 20:19:00,487,1.168710,0.002400,0.790570,0.378140,78063.739461,78059,78064,78059
2026-08-29 20:20:00,359,3.768220,0.010496,2.171000,1.597220,78058.301775,78058,78059,78058
2026-08-29 20:21:00,537,2.962000,0.005516,1.002810,1.959190,78058.858124,78058,78060,78058
2026-08-29 20:22:00,196,1.870490,0.009543,0.713620,1.156870,78058.083815,78058,78058,78058
2026-08-29 20:23:00,1356,5.393090,0.003977,4.872060,0.521030,78069.559191,78086,78086,78058
2026-08-29 20:24:00,1298,8.648440,0.006663,3.239210,5.409230,78095.870497,78080,78099,78080
2026-08-29 20:25:00,434,1.489330,0.003432,0.814380,0.674950,78084.498431,78097,78097,78080
2026-08-29 20:26:00,1051,1.839890,0.001751,0.672140,1.167750,78092.117434,78090,78097,78083
2026-08-29 20:27:00,443,2.109300,0.004761,1.588140,0.521160,78081.306251,78080,78090,78080
2026-08-29 20:28:00,239,0.512360,0.002144,0.453950,0.058410,78081.103458,78083,78083,78080
2026-08-29 20:29:00,656,2.372380,0.003616,0.144790,2.227590,78078.428904,78076,78083,78076
2026-08-29 20:30:00,1057,2.022240,0.001913,0.361580,1.660660,78069.007385,78053,78076,78053
2026-08-29 20:31:00,2059,2.904200,0.001410,0.253900,2.650300,78037.722691,78023,78053,78023
2026-08-29 20:32:00,1915,11.721670,0.006121,9.968020,1.753650,78037.071742,78088,78088,78018
2026-08-29 20:33:00,1063,3.367320,0.003168,1.331320,2.036000,78083.435789,78062,78088,78062
2026-08-29 20:34:00,798,2.274640,0.002850,1.362250,0.912390,78075.766272,78077,78086,78062
2026-08-29 20:35:00,625,1.256040,0.002010,1.017120,0.238920,78080.162160,78082,78082,78077
2026-08-29 20:36:00,1409,17.048960,0.012100,16.791540,0.257420,78103.152182,78114,78114,78082
2026-08-29 20:37:00,549,4.539820,0.008269,2.870450,1.669370,78120.769164,78121,78121,78114
2026-08-29 20:38:00,1411,3.716390,0.002634,3.211850,0.504540,78131.429388,78136,78136,78121
2026-08-29 20:39:00,4260,15.206590,0.003570,11.173440,4.033150,78184.709469,78212,78212,78136
2026-08-29 20:40:00,2971,17.802660,0.005992,6.207880,11.594780,78179.312904,78172,78212,78160
2026-08-29 20:41:00,1922,5.348620,0.002783,4.677540,0.671080,78185.208464,78208,78208,78172
2026-08-29 20:42:00,1242,7.266100,0.005850,5.006280,2.259820,78209.012979,78200,78213,78200
2026-08-29 20:43:00,1820,9.759050,0.005362,1.970960,7.788090,78180.254394,78152,78200,78152
2026-08-29 20:44:00,1772,5.039710,0.002844,3.011310,2.028400,78129.834958,78138,78152,78116
2026-08-29 20:45:00,322,1.029580,0.003197,0.821680,0.207900,78142.418329,78146,78146,78138
2026-08-29 20:46:00,847,1.973350,0.002330,1.662330,0.311020,78148.047457,78151,78151,78146
2026-08-29 20:47:00,411,1.519320,0.003697,1.287490,0.231830,78153.269573,78156,78156,78151
2026-08-29 20:48:00,1132,2.778830,0.002455,2.476140,0.302690,78171.265930,78188,78188,78156
2026-08-29 20:49:00,1180,3.118040,0.002642,2.495610,0.622430,78200.710888,78214,78214,78188
2026-08-29 20:50:00,2360,9.567240,0.004054,8.259330,1.307910,78240.653171,78238,78250,78214
2026-08-29 20:51:00,732,1.006560,0.001375,0.411770,0.594790,78235.403619,78227,78238,78227
2026-08-29 20:52:00,858,3.117770,0.003634,2.202830,0.914940,78230.568724,78239,78239,78227
2026-08-29 20:53:00,666,4.061370,0.006098,0.466790,3.594580,78238.798038,78230,78239,78230
2026-08-29 20:54:00,1215,6.925340,0.005700,0.290620,6.634720,78219.880500,78211,78230,78211
2026-08-29 20:55:00,287,1.807490,0.006298,0.431320,1.376170,78210.702386,78211,78211,78211
2026-08-29 20:56:00,1212,2.698600,0.002227,0.600210,2.098390,78200.629136,78192,78211,78192
2026-08-29 20:57:00,1018,3.470250,0.003409,0.284010,3.186240,78184.495540,78173,78192,78172
2026-08-29 20:58:00,364,2.296340,0.006309,1.829620,0.466720,78175.485538,78177,78177,78173
2026-08-29 20:59:00,208,0.880160,0.004232,0.322540,0.557620,78177.153665,78177,78177,78177
2026-08-29 21:00:00,959,1.879480,0.001960,0.212830,1.666650,78167.191616,78158,78177,78158
2026-08-29 21:01:00,202,0.420580,0.002082,0.314090,0.106490,78158.007468,78158,78158,78158
2026-08-29 21:02:00,191,0.687080,0.003597,0.554020,0.133060,78158.008063,78158,78158,78158
2026-08-29 21:03:00,789,3.222290,0.004084,3.073320,0.148970,78159.121311,78168,78168,78158
2026-08-29 21:04:00,1676,3.082750,0.001839,2.930140,0.152610,78195.316375,78219,78219,78168
2026-08-29 21:05:00,1757,13.576650,0.007727,5.418340,8.158310,78215.860649,78228,78239,78200
2026-08-29 21:06:00,740,3.998110,0.005403,3.632130,0.365980,78225.087400,78234,78238,78218
2026-08-29 21:07:00,1100,2.464650,0.002241,1.756490,0.708160,78249.116503,78259,78260,78234
2026-08-29 21:08:00,1373,3.478370,0.002533,2.570780,0.907590,78251.913867,78258,78259,78241
2026-08-29 21:09:00,895,3.351880,0.003745,1.899560,1.452320,78247.280333,78246,78258,78246
2026-08-29 21:10:00,232,1.201660,0.005180,0.352400,0.849260,78245.852933,78246,78246,78246
2026-08-29 21:11:00,262,1.644490,0.006277,0.256310,1.388180,78245.851559,78246,78246,78246
2026-08-29 21:12:00,1483,4.625760,0.003119,3.341260,1.284500,78251.191134,78269,78269,78246
2026-08-29 21:13:00,1573,11.992740,0.007624,9.798100,2.194640,78280.653257,78291,78293,78269
2026-08-29 21:14:00,1298,6.590460,0.005077,0.872650,5.717810,78286.880198,78295,78295,78280
2026-08-29 21:15:00,1211,8.096240,0.006686,7.745630,0.350610,78300.882874,78309,78309,78295
2026-08-29 21:16:00,2301,8.639700,0.003755,3.692860,4.946840,78314.546469,78294,78330,78294
2026-08-29 21:17:00,1255,1.846160,0.001471,0.976070,0.870090,78301.020334,78316,78316,78294
2026-08-29 21:18:00,1232,2.744510,0.002228,0.268830,2.475680,78301.191928,78286,78316,78286
2026-08-29 21:19:00,1095,5.303460,0.004843,2.226340,3.077120,78286.021248,78292,78292,78282
2026-08-29 21:20:00,185,0.681530,0.003684,0.308430,0.373100,78291.784526,78292,78292,78292
2026-08-29 21:21:00,511,0.800940,0.001567,0.434050,0.366890,78291.785419,78292,78292,78292
2026-08-29 21:22:00,1400,4.101320,0.002930,1.753370,2.347950,78279.617165,78270,78292,78269
2026-08-29 21:23:00,1816,2.470410,0.001360,0.994120,1.476290,78272.777975,78260,78282,78260
2026-08-29 21:24:00,1801,10.987280,0.006101,3.107090,7.880190,78253.405668,78263,78263,78246
2026-08-29 21:25:00,411,0.810420,0.001972,0.631610,0.178810,78263.839063,78266,78266,78263
2026-08-29 21:26:00,1508,10.041440,0.006659,6.794640,3.246800,78269.538840,78264,78282,78264
2026-08-29 21:27:00,495,2.329810,0.004707,0.403150,1.926660,78258.268574,78258,78264,78258
2026-08-29 21:28:00,437,1.767010,0.004044,0.308810,1.458200,78256.443218,78254,78258,78254
2026-08-29 21:29:00,1200,3.384120,0.002820,0.956760,2.427360,78245.483916,78241,78254,78241
2026-08-29 21:30:00,800,1.286630,0.001608,0.903000,0.383630,78240.891403,78241,78241,78241
2026-08-29 21:31:00,933,1.226680,0.001315,0.855110,0.371570,78246.215229,78258,78258,78241
2026-08-29 21:32:00,2167,6.779590,0.003129,1.737910,5.041680,78239.536322,78225,78260,78210
2026-08-29 21:33:00,489,0.900470,0.001841,0.573950,0.326520,78226.179871,78225,78229,78225
2026-08-29 21:34:00,437,3.326830,0.007613,0.966470,2.360360,78224.095817,78217,78225,78217
2026-08-29 21:35:00,795,0.937360,0.001179,0.822260,0.115100,78220.400115,78224,78224,78217
2026-08-29 21:36:00,119,0.521160,0.004379,0.178260,0.342900,78224.133420,78224,78224,78224
2026-08-29 21:37:00,681,3.048200,0.004476,0.314090,2.734110,78218.183215,78209,78224,78209
2026-08-29 21:38:00,2357,9.253040,0.003926,4.472950,4.780090,78234.104295,78216,78252,78202
2026-08-29 21:39:00,2108,9.323060,0.004423,2.230280,7.092780,78210.437165,78194,78228,78194
2026-08-29 21:40:00,456,2.690330,0.005900,0.713350,1.976980,78200.256793,78202,78202,78194
2026-08-29 21:41:00,1147,7.688020,0.006703,5.899360,1.788660,78196.445344,78215,78222,78194
2026-08-29 21:42:00,1327,3.069840,0.002313,1.322130,1.747710,78224.553556,78239,78239,78215
2026-08-29 21:43:00,1988,3.711910,0.001867,1.137730,2.574180,78238.532084,78238,78252,78225
2026-08-29 21:44:00,298,0.354420,0.001189,0.209410,0.145010,78242.234557,78245,78245,78238
2026-08-29 21:45:00,332,0.643480,0.001938,0.553050,0.090430,78250.642229,78252,78252,78245
2026-08-29 21:46:00,492,1.693120,0.003441,0.298600,1.394520,78248.535475,78241,78252,78241
2026-08-29 21:47:00,399,6.833250,0.017126,0.154220,6.679030,78238.997552,78232,78241,78232
2026-08-29 21:48:00,871,4.562000,0.005238,3.358630,1.203370,78242.923808,78252,78252,78232
2026-08-29 21:49:00,495,12.109070,0.024463,12.059960,0.049110,78252.414389,78260,78260,78252
2026-08-29 21:50:00,543,3.440360,0.006336,1.761670,1.678690,78253.084906,78251,78260,78251
2026-08-29 21:51:00,962,2.066160,0.002148,0.181580,1.884580,78242.938977,78228,78251,78228
2026-08-29 21:52:00,380,0.881750,0.002320,0.236460,0.645290,78226.636102,78222,78228,78222
2026-08-29 21:53:00,1635,3.169990,0.001939,1.415510,1.754480,78224.724655,78246,78246,78209
2026-08-29 21:54:00,1002,1.882450,0.001879,0.519180,1.363270,78239.979219,78230,78250,78230
2026-08-29 21:55:00,1280,3.162270,0.002471,0.294530,2.867740,78224.268719,78214,78230,78214
2026-08-29 21:56:00,1886,2.734280,0.001450,0.432610,2.301670,78194.702185,78174,78214,78174
2026-08-29 21:57:00,2424,4.230060,0.001745,1.002340,3.227720,78156.332678,78155,78174,78142
2026-08-29 21:58:00,1241,3.139140,0.002530,1.843680,1.295460,78148.169382,78160,78160,78139
2026-08-29 21:59:00,942,1.799110,0.001910,1.696240,0.102870,78167.839378,78182,78182,78160
2026-08-29 22:00:00,104,0.539810,0.005190,0.273410,0.266400,78181.995065,78182,78182,78182
2026-08-29 22:01:00,267,1.079840,0.004044,0.719240,0.360600,78183.863204,78184,78184,78182
2026-08-29 22:02:00,614,2.523460,0.004110,0.331200,2.192260,78179.429667,78172,78184,78172
2026-08-29 22:03:00,1098,2.237840,0.002038,1.971100,0.266740,78183.286859,78200,78200,78171
2026-08-29 22:04:00,3748,14.396050,0.003841,12.318170,2.077880,78243.263845,78268,78298,78200
2026-08-29 22:05:00,713,1.228330,0.001723,0.215330,1.013000,78253.834069,78246,78268,78246
2026-08-29 22:06:00,1128,2.794180,0.002477,0.749890,2.044290,78253.989866,78253,78262,78246
2026-08-29 22:07:00,699,1.171800,0.001676,0.975610,0.196190,78261.625193,78266,78266,78253
2026-08-29 22:08:00,486,1.332820,0.002742,0.326820,1.006000,78263.933173,78260,78266,78260
2026-08-29 22:09:00,826,6.801480,0.008234,3.096400,3.705080,78258.234136,78241,78260,78241
2026-08-29 22:10:00,865,2.193820,0.002536,1.157210,1.036610,78244.715077,78241,78252,78241
2026-08-29 22:11:00,898,2.494730,0.002778,0.367370,2.127360,78231.750129,78220,78241,78220
2026-08-29 22:12:00,676,0.907020,0.001342,0.512570,0.394450,78224.894759,78231,78231,78220
2026-08-29 22:13:00,311,1.257370,0.004043,1.088530,0.168840,78231.890232,78236,78236,78231
2026-08-29 22:14:00,546,1.032690,0.001891,0.181810,0.850880,78229.151980,78220,78236,78220
2026-08-29 22:15:00,866,2.123570,0.002452,0.968790,1.154780,78224.214707,78228,78233,78220
2026-08-29 22:16:00,1018,2.470520,0.002427,1.646370,0.824150,78236.045367,78224,78239,78224
2026-08-29 22:17:00,896,2.790080,0.003114,1.950740,0.839340,78228.253104,78223,78238,78223
2026-08-29 22:18:00,674,1.021890,0.001516,0.327380,0.694510,78229.893500,78230,78234,78223
2026-08-29 22:19:00,963,0.747090,0.000776,0.651490,0.095600,78243.435933,78252,78252,78230
2026-08-29 22:20:00,932,3.782130,0.004058,2.579060,1.203070,78260.084762,78260,78262,78252
2026-08-29 22:21:00,390,1.942070,0.004980,1.649340,0.292730,78261.825656,78264,78264,78260
2026-08-29 22:22:00,836,5.901600,0.007059,0.216730,5.684870,78255.686989,78220,78264,78220
2026-08-29 22:23:00,584,1.632680,0.002796,0.170150,1.462530,78218.698152,78212,78220,78212
2026-08-29 22:24:00,263,1.013550,0.003854,0.804920,0.208630,78210.128926,78210,78212,78210
2026-08-29 22:25:00,192,1.035190,0.005392,0.233260,0.801930,78210.002253,78210,78210,78210
2026-08-29 22:26:00,160,1.574990,0.009844,0.971260,0.603730,78210.006167,78210,78210,78210
2026-08-29 22:27:00,472,1.044420,0.002213,0.584120,0.460300,78207.641180,78206,78210,78206
2026-08-29 22:28:00,537,0.918980,0.001711,0.250730,0.668250,78203.321548,78200,78206,78200
2026-08-29 22:29:00,1224,1.994800,0.001630,0.300420,1.694380,78193.852695,78186,78200,78186
2026-08-29 22:30:00,477,0.886160,0.001858,0.269420,0.616740,78183.185959,78182,78186,78182
2026-08-29 22:31:00,1241,2.489080,0.002006,0.430970,2.058110,78168.956699,78160,78182,78160
2026-08-29 22:32:00,2138,4.498680,0.002104,1.436050,3.062630,78137.845814,78134,78160,78122
2026-08-29 22:33:00,1391,2.362260,0.001698,1.067170,1.295090,78138.159282,78123,78145,78123
2026-08-29 22:34:00,443,0.881600,0.001990,0.245280,0.636320,78119.029446,78118,78123,78118
2026-08-29 22:35:00,1756,2.342850,0.001334,1.491400,0.851450,78131.032554,78123,78140,78118
2026-08-29 22:36:00,795,8.979140,0.011295,8.861460,0.117680,78133.874402,78157,78157,78123
2026-08-29 22:37:00,831,2.037560,0.002452,0.337690,1.699870,78152.115673,78145,78157,78145
2026-08-29 22:38:00,1941,3.706200,0.001909,0.655790,3.050410,78136.922500,78153,78153,78127
2026-08-29 22:39:00,899,1.862300,0.002072,0.220210,1.642090,78143.280286,78143,78153,78140
2026-08-29 22:40:00,114,0.607720,0.005331,0.373110,0.234610,78142.936140,78143,78143,78143
2026-08-29 22:41:00,387,2.002840,0.005175,0.173550,1.829290,78139.851868,78131,78143,78129
2026-08-29 22:42:00,525,1.573200,0.002997,1.358620,0.214580,78131.775717,78138,78138,78131
2026-08-29 22:43:00,158,4.245490,0.026870,0.233320,4.012170,78137.630550,78138,78138,78138
2026-08-29 22:44:00,1060,1.537570,0.001451,1.011510,0.526060,78140.690758,78138,78145,78138
2026-08-29 22:45:00,312,0.815000,0.002612,0.270110,0.544890,78138.049370,78138,78139,78138
2026-08-29 22:46:00,194,2.777940,0.014319,2.458140,0.319800,78137.638849,78138,78138,78138
2026-08-29 22:47:00,145,1.152040,0.007945,0.263630,0.888410,78137.632288,78138,78138,78138
2026-08-29 22:48:00,98,1.163720,0.011875,0.116520,1.047200,78137.631001,78138,78138,78138
2026-08-29 22:49:00,1202,1.957960,0.001629,0.614200,1.343760,78129.378599,78128,78138,78118
2026-08-29 22:50:00,1393,0.595010,0.000427,0.466140,0.128870,78135.530270,78145,78145,78128
2026-08-29 22:51:00,539,2.747910,0.005098,2.473560,0.274350,78151.747100,78153,78153,78145
2026-08-29 22:52:00,107,0.145480,0.001360,0.099810,0.045670,78153.216861,78153,78153,78153
2026-08-29 22:53:00,126,0.321630,0.002553,0.184020,0.137610,78153.215721,78153,78153,78153
2026-08-29 22:54:00,778,0.799340,0.001027,0.226320,0.573020,78145.883029,78142,78153,78140
2026-08-29 22:55:00,113,0.484180,0.004285,0.236480,0.247700,78142.354884,78142,78142,78142
2026-08-29 22:56:00,266,0.801840,0.003014,0.118660,0.683180,78142.351480,78142,78142,78142
2026-08-29 22:57:00,331,3.615610,0.010923,0.103190,3.512420,78142.342769,78142,78142,78142
2026-08-29 22:58:00,215,1.662370,0.007732,0.183260,1.479110,78142.321102,78142,78142,78142
2026-08-29 22:59:00,385,1.158130,0.003008,0.147780,1.010350,78136.857361,78130,78142,78128
2026-08-29 23:00:00,180,0.637080,0.003539,0.159010,0.478070,78129.922496,78130,78130,78130
2026-08-29 23:01:00,744,1.358570,0.001826,0.169240,1.189330,78126.160993,78118,78130,78118
2026-08-29 23:02:00,4401,36.231500,0.008233,23.851770,12.379730,78113.809397,78078,78134,78069
2026-08-29 23:03:00,977,3.370290,0.003450,1.738210,1.632080,78084.276976,78082,78094,78078
2026-08-29 23:04:00,776,1.973210,0.002543,0.145620,1.827590,78070.038495,78068,78082,78068
2026-08-29 23:05:00,617,1.635560,0.002651,0.857210,0.778350,78062.646755,78062,78068,78062
2026-08-29 23:06:00,664,2.250750,0.003390,2.136560,0.114190,78062.982217,78074,78074,78062
2026-08-29 23:07:00,141,0.420260,0.002981,0.150450,0.269810,78074.173580,78074,78074,78074
2026-08-29 23:08:00,2981,6.982200,0.002342,5.792800,1.189400,78128.094117,78152,78167,78074
2026-08-29 23:09:00,1345,1.691340,0.001258,0.405930,1.285410,78150.897246,78138,78152,78138
2026-08-29 23:10:00,656,0.886680,0.001352,0.231440,0.655240,78130.195952,78130,78138,78128
2026-08-29 23:11:00,190,0.406770,0.002141,0.224550,0.182220,78129.995520,78130,78130,78130
2026-08-29 23:12:00,138,0.413630,0.002997,0.236810,0.176820,78129.995725,78130,78130,78130
2026-08-29 23:13:00,1683,1.919520,0.001141,1.794770,0.124750,78159.385308,78178,78178,78130
2026-08-29 23:14:00,1491,3.404480,0.002283,2.596700,0.807780,78182.300023,78178,78189,78178
2026-08-29 23:15:00,827,1.719860,0.002080,0.287940,1.431920,78169.261543,78155,78178,78155
2026-08-29 23:16:00,286,1.062630,0.003715,0.623980,0.438650,78154.009263,78154,78155,78154
2026-08-29 23:17:00,723,2.016400,0.002789,0.263930,1.752470,78150.897749,78144,78154,78144
2026-08-29 23:18:00,856,1.538730,0.001798,0.652750,0.885980,78154.649453,78162,78162,78144
2026-08-29 23:19:00,616,2.562480,0.004160,0.694610,1.867870,78166.503883,78172,78172,78162
2026-08-29 23:20:00,237,0.589110,0.002486,0.164730,0.424380,78174.278005,78175,78175,78172
2026-08-29 23:21:00,118,0.383030,0.003246,0.228590,0.154440,78175.005968,78175,78175,78175
2026-08-29 23:22:00,112,0.391150,0.003492,0.111660,0.279490,78175.002855,78175,78175,78175
2026-08-29 23:23:00,876,2.115380,0.002415,0.167080,1.948300,78173.429821,78172,78175,78172
2026-08-29 23:24:00,692,1.214710,0.001755,0.106170,1.108540,78161.950067,78155,78172,78155
2026-08-29 23:25:00,592,1.176130,0.001987,0.510950,0.665180,78154.176688,78148,78155,78148
2026-08-29 23:26:00,1621,8.266200,0.005099,0.262780,8.003420,78124.480901,78102,78148,78102
2026-08-29 23:27:00,799,0.898220,0.001124,0.409770,0.488450,78106.117871,78107,78108,78102
2026-08-29 23:28:00,143,0.317680,0.002222,0.140900,0.176780,78106.534435,78107,78107,78107
2026-08-29 23:29:00,231,0.537950,0.002329,0.204280,0.333670,78107.490655,78108,78108,78107
2026-08-29 23:30:00,477,1.098210,0.002302,0.100110,0.998100,78107.600912,78108,78108,78108
2026-08-29 23:31:00,115,0.224590,0.001953,0.131790,0.092800,78107.605868,78108,78108,78108
2026-08-29 23:32:00,916,0.981220,0.001071,0.663160,0.318060,78114.029554,78120,78120,78108
2026-08-29 23:33:00,220,1.047400,0.004761,0.274340,0.773060,78119.522619,78120,78120,78120
2026-08-29 23:34:00,490,1.131740,0.002310,0.373840,0.757900,78119.232818,78116,78120,78116
2026-08-29 23:35:00,429,1.489270,0.003471,0.493930,0.995340,78109.924978,78104,78116,78104
2026-08-29 23:36:00,352,0.504190,0.001432,0.457790,0.046400,78106.263530,78108,78108,78104
2026-08-29 23:37:00,1467,3.572320,0.002435,0.279900,3.292420,78089.488083,78072,78108,78072
2026-08-29 23:38:00,301,0.544720,0.001810,0.464360,0.080360,78072.429822,78075,78075,78072
2026-08-29 23:39:00,759,3.168390,0.004174,1.401230,1.767160,78088.366892,78094,78094,78075
2026-08-29 23:40:00,693,0.975810,0.001408,0.060330,0.915480,78093.283096,78090,78094,78090
2026-08-29 23:41:00,875,2.724110,0.003113,0.691210,2.032900,78081.234995,78083,78090,78071
2026-08-29 23:42:00,110,0.404580,0.003678,0.236960,0.167620,78082.545857,78083,78083,78083
2026-08-29 23:43:00,381,0.411290,0.001080,0.232560,0.178730,78083.963540,78085,78085,78083
2026-08-29 23:44:00,1829,2.903530,0.001587,1.695640,1.207890,78091.848337,78070,78098,78070
2026-08-29 23:45:00,1163,0.792830,0.000682,0.549770,0.243060,78086.067686,78099,78099,78070
2026-08-29 23:46:00,165,0.480160,0.002910,0.099240,0.380920,78098.962067,78099,78099,78099
2026-08-29 23:47:00,308,0.738640,0.002398,0.069620,0.669020,78098.934241,78099,78099,78099
2026-08-29 23:48:00,2626,4.132000,0.001573,3.045630,1.086370,78116.964578,78125,78148,78099
2026-08-29 23:49:00,798,2.969560,0.003721,1.884130,1.085430,78123.219250,78142,78142,78119
2026-08-29 23:50:00,804,1.188750,0.001479,1.095100,0.093650,78148.249693,78155,78155,78142
2026-08-29 23:51:00,435,0.633030,0.001455,0.578470,0.054560,78161.614383,78165,78165,78155
2026-08-29 23:52:00,757,2.428380,0.003208,1.457580,0.970800,78166.340236,78164,78170,78164
2026-08-29 23:53:00,284,0.599610,0.002111,0.263170,0.336440,78166.341827,78167,78167,78164
2026-08-29 23:54:00,607,0.866130,0.001427,0.747740,0.118390,78174.475519,78184,78184,78167
2026-08-29 23:55:00,289,0.434290,0.001503,0.367850,0.066440,78185.502461,78186,78186,78184
2026-08-29 23:56:00,495,0.653430,0.001320,0.071120,0.582310,78185.064220,78182,78186,78182
2026-08-29 23:57:00,678,0.775860,0.001144,0.571280,0.204580,78190.304963,78198,78198,78182
2026-08-29 23:58:00,1217,2.887150,0.002372,0.679450,2.207700,78191.038664,78168,78198,78168
2026-08-29 23:59:00,294,0.900910,0.003064,0.057240,0.843670,78167.387258,78165,78168,78165
