Timestamp,Trades,TotalQty,AvgSize,BuyQty,SellQty,AvgPrice,ClosePrice,HiPrice,LowPrice
2026-08-17 00:00:00,1289,2.417920,0.001876,0.101670,2.316250,62944.305058,62930,62956,62930
2026-08-17 00:01:00,3692,16.655510,0.004511,2.970890,13.684620,62890.131077,62839,62930,62839
2026-08-17 00:02:00,4257,36.114640,0.008484,26.495090,9.619550,62832.551475,62870,62870,62803
2026-08-17 00:03:00,4416,16.525640,0.003742,8.045510,8.480130,62833.966456,62820,62870,62790
2026-08-17 00:04:00,1473,7.378690,0.005009,6.182840,1.195850,62824.349095,62830,62836,62817
2026-08-17 00:05:00,1846,14.434230,0.007819,13.248900,1.185330,62851.420836,62866,62866,62830
2026-08-17 00:06:00,3179,12.044360,0.003789,8.831860,3.212500,62874.446657,62876,62890,62865
2026-08-17 00:07:00,289,3.508500,0.012140,3.411430,0.097070,62876.631954,62877,62877,62876
2026-08-17 00:08:00,907,3.804460,0.004195,2.321070,1.483390,62871.719727,62877,62877,62868
2026-08-17 00:09:00,1986,7.521280,0.003787,6.164100,1.357180,62893.255471,62908,62916,62877
2026-08-17 00:10:00,877,5.074840,0.005787,3.978000,1.096840,62910.309536,62915,62915,62908
2026-08-17 00:11:00,2195,7.269910,0.003312,5.219030,2.050880,62912.770582,62926,62929,62900
2026-08-17 00:12:00,2362,6.779910,0.002870,2.617740,4.162170,62922.892014,62921,62932,62913
2026-08-17 00:13:00,1492,3.841090,0.002574,2.204530,1.636560,62912.367896,62910,62921,62908
2026-08-17 00:14:00,151,1.686320,0.011168,0.315600,1.370720,62910.001872,62910,62910,62910
2026-08-17 00:15:00,887,4.377900,0.004936,4.241850,0.136050,62913.224464,62922,62922,62910
2026-08-17 00:16:00,2877,9.996590,0.003475,7.456880,2.539710,62937.011104,62930,62954,62922
2026-08-17 00:17:00,1454,6.982710,0.004802,4.884070,2.098640,62922.606937,62922,62932,62913
2026-08-17 00:18:00,1102,2.610120,0.002369,0.702410,1.907710,62916.655372,62911,62922,62908
2026-08-17 00:19:00,502,1.023130,0.002038,0.544710,0.478420,62905.793431,62905,62911,62905
2026-08-17 00:20:00,747,4.700510,0.006293,3.926660,0.773850,62903.768804,62910,62910,62902
2026-08-17 00:21:00,966,3.383480,0.003503,1.167740,2.215740,62907.295290,62900,62910,62900
2026-08-17 00:22:00,1406,5.765020,0.004100,1.730030,4.034990,62894.733930,62876,62903,62876
2026-08-17 00:23:00,687,5.038650,0.007334,3.152060,1.886590,62879.680792,62880,62883,62876
2026-08-17 00:24:00,95,0.238880,0.002515,0.067050,0.171830,62879.762807,62880,62880,62880
2026-08-17 00:25:00,2198,4.007260,0.001823,1.624620,2.382640,62880.770627,62865,62888,62865
2026-08-17 00:26:00,893,3.421120,0.003831,0.104540,3.316580,62857.161078,62847,62865,62847
2026-08-17 00:27:00,259,3.087930,0.011923,2.609560,0.478370,62845.053812,62845,62847,62845
2026-08-17 00:28:00,337,1.650320,0.004897,1.199080,0.451240,62845.320570,62846,62846,62845
2026-08-17 00:29:00,397,1.639730,0.004130,0.104550,1.535180,62843.153994,62840,62846,62840
2026-08-17 00:30:00,1139,9.588870,0.008419,3.695050,5.893820,62841.320654,62845,62845,62834
2026-08-17 00:31:00,1373,6.851060,0.004990,2.555870,4.295190,62831.972405,62826,62845,62820
2026-08-17 00:32:00,2011,11.054810,0.005497,3.603660,7.451150,62805.709547,62805,62826,62796
2026-08-17 00:33:00,1565,5.911530,0.003777,2.748000,3.163530,62807.534498,62798,62812,62798
2026-08-17 00:34:00,1109,35.592770,0.032094,3.197570,32.395200,62786.755573,62788,62798,62779
2026-08-17 00:35:00,1316,5.225550,0.003971,4.372240,0.853310,62800.842110,62810,62810,62788
2026-08-17 00:36:00,1809,6.142160,0.003395,1.035650,5.106510,62790.762518,62768,62810,62768
2026-08-17 00:37:00,2154,6.689500,0.003106,4.992580,1.696920,62775.056029,62768,62788,62768
2026-08-17 00:38:00,2570,22.948320,0.008929,2.056040,20.892280,62741.823476,62730,62768,62730
2026-08-17 00:39:00,2708,13.889990,0.005129,5.444600,8.445390,62729.707267,62746,62750,62717
2026-08-17 00:40:00,1910,7.849450,0.004110,3.894290,3.955160,62751.198756,62739,62758,62739
2026-08-17 00:41:00,2077,5.802360,0.002794,3.153500,2.648860,62736.026079,62716,62746,62716
2026-08-17 00:42:00,1517,11.893940,0.007840,10.713220,1.180720,62726.217770,62754,62754,62716
2026-08-17 00:43:00,1202,6.693560,0.005569,4.155350,2.538210,62770.907328,62775,62780,62754
2026-08-17 00:44:00,1337,3.566320,0.002667,2.181820,1.384500,62765.600832,62770,62775,62763
2026-08-17 00:45:00,1315,7.199710,0.005475,5.045550,2.154160,62779.271494,62790,62790,62770
2026-08-17 00:46:00,3009,8.495860,0.002823,2.383650,6.112210,62763.704520,62744,62790,62742
2026-08-17 00:47:00,2991,6.338780,0.002119,5.985460,0.353320,62758.592922,62774,62774,62744
2026-08-17 00:48:00,588,2.377290,0.004043,0.476870,1.900420,62772.931209,62772,62774,62771
2026-08-17 00:49:00,1086,3.180770,0.002929,2.827510,0.353260,62776.806265,62788,62788,62772
2026-08-17 00:50:00,1367,4.393850,0.003214,2.597670,1.796180,62802.774278,62806,62809,62788
2026-08-17 00:51:00,1020,3.070440,0.003010,1.633240,1.437200,62801.351752,62806,62806,62799
2026-08-17 00:52:00,123,1.089270,0.008856,0.281230,0.808040,62805.992582,62806,62806,62806
2026-08-17 00:53:00,1189,5.867630,0.004935,2.790650,3.076980,62815.891920,62818,62820,62806
2026-08-17 00:54:00,146,1.666920,0.011417,1.538160,0.128760,62818.621699,62820,62820,62818
2026-08-17 00:55:00,242,1.216370,0.005026,1.207280,0.009090,62820.921012,62822,62822,62820
2026-08-17 00:56:00,551,2.052150,0.003724,1.476930,0.575220,62825.310685,62829,62829,62822
2026-08-17 00:57:00,847,8.059790,0.009516,7.506900,0.552890,62838.245576,62851,62851,62829
2026-08-17 00:58:00,1992,29.736710,0.014928,23.460050,6.276660,62885.572113,62889,62898,62851
2026-08-17 00:59:00,822,2.461570,0.002995,1.634330,0.827240,62888.345565,62894,62894,62884
2026-08-17 01:00:00,1372,6.259790,0.004563,4.433290,1.826500,62899.125513,62914,62914,62892
2026-08-17 01:01:00,1345,8.959610,0.006661,6.355520,2.604090,62922.247332,62922,62933,62910
2026-08-17 01:02:00,2206,13.149840,0.005961,8.347440,4.802400,62948.036520,62938,62958,62922
2026-08-17 01:03:00,3189,18.027540,0.005653,11.355770,6.671770,62976.759562,62986,62994,62938
2026-08-17 01:04:00,3275,8.553310,0.002612,2.652990,5.900320,62961.974726,62953,62986,62942
2026-08-17 01:05:00,2193,9.230320,0.004209,5.713110,3.517210,62935.879200,62931,62953,62928
2026-08-17 01:06:00,567,1.203500,0.002123,0.985320,0.218180,62933.144471,62939,62939,62931
2026-08-17 01:07:00,640,3.349090,0.005233,3.248920,0.100170,62939.626372,62947,62947,62939
2026-08-17 01:08:00,122,0.288260,0.002363,0.175790,0.112470,62947.952816,62948,62948,62947
2026-08-17 01:09:00,181,0.627700,0.003468,0.540070,0.087630,62948.249310,62950,62950,62948
2026-08-17 01:10:00,492,1.008470,0.002050,0.474900,0.533570,62949.693181,62952,62952,62947
2026-08-17 01:11:00,542,1.932480,0.003565,1.850150,0.082330,62954.050945,62963,62963,62952
2026-08-17 01:12:00,788,1.693030,0.002149,0.451040,1.241990,62959.606863,62954,62963,62954
2026-08-17 01:13:00,1414,4.251350,0.003007,0.110780,4.140570,62941.719271,62933,62954,62933
2026-08-17 01:14:00,868,2.057160,0.002370,0.655910,1.401250,62922.389489,62911,62933,62911
2026-08-17 01:15:00,2654,19.083480,0.007190,3.629440,15.454040,62884.709618,62843,62911,62843
2026-08-17 01:16:00,3452,19.259940,0.005579,17.458680,1.801260,62855.862879,62883,62883,62843
2026-08-17 01:17:00,1120,4.434100,0.003959,3.495240,0.938860,62880.996122,62884,62886,62879
2026-08-17 01:18:00,1166,3.113120,0.002670,0.042610,3.070510,62876.604842,62866,62884,62866
2026-08-17 01:19:00,717,5.987250,0.008350,2.911900,3.075350,62874.063233,62879,62879,62866
2026-08-17 01:20:00,270,1.070470,0.003965,0.052810,1.017660,62877.947576,62877,62879,62877
2026-08-17 01:21:00,512,1.317830,0.002574,0.202920,1.114910,62875.376175,62872,62877,62872
2026-08-17 01:22:00,1055,7.958700,0.007544,7.310450,0.648250,62884.247425,62894,62894,62872
2026-08-17 01:23:00,1795,4.639060,0.002584,3.570620,1.068440,62901.987997,62903,62914,62894
2026-08-17 01:24:00,263,0.981020,0.003730,0.407430,0.573590,62902.136709,62900,62903,62900
2026-08-17 01:25:00,902,3.863240,0.004283,0.232960,3.630280,62888.112769,62876,62900,62876
2026-08-17 01:26:00,1712,7.820570,0.004568,1.994880,5.825690,62874.372152,62856,62882,62856
2026-08-17 01:27:00,351,1.356800,0.003866,1.075010,0.281790,62858.379186,62861,62861,62856
2026-08-17 01:28:00,623,2.040460,0.003275,0.111800,1.928660,62852.019792,62843,62861,62843
2026-08-17 01:29:00,428,2.279220,0.005325,0.083360,2.195860,62838.717888,62830,62843,62830
2026-08-17 01:30:00,824,3.939400,0.004781,3.525560,0.413840,62834.424112,62846,62846,62830
2026-08-17 01:31:00,251,1.404590,0.005596,1.230990,0.173600,62846.408343,62848,62848,62846
2026-08-17 01:32:00,472,1.202660,0.002548,0.034640,1.168020,62842.441538,62840,62848,62840
2026-08-17 01:33:00,371,3.367940,0.009078,3.195620,0.172320,62842.237823,62844,62844,62840
2026-08-17 01:34:00,314,2.836260,0.009033,0.076360,2.759900,62842.195935,62841,62844,62841
2026-08-17 01:35:00,826,4.066590,0.004923,3.549750,0.516840,62843.856120,62851,62851,62840
2026-08-17 01:36:00,1693,9.149420,0.005404,7.484250,1.665170,62878.447245,62890,62893,62851
2026-08-17 01:37:00,858,2.306930,0.002689,0.309210,1.997720,62885.950646,62876,62890,62876
2026-08-17 01:38:00,932,1.927150,0.002068,0.500760,1.426390,62864.469816,62858,62876,62858
2026-08-17 01:39:00,1116,5.771530,0.005172,4.706950,1.064580,62867.443272,62879,62881,62858
2026-08-17 01:40:00,380,0.952950,0.002508,0.111290,0.841660,62874.500076,62873,62878,62873
2026-08-17 01:41:00,517,0.892010,0.001725,0.062630,0.829380,62870.259064,62865,62873,62865
2026-08-17 01:42:00,709,4.304030,0.006071,4.286530,0.017500,62870.993001,62879,62879,62865
2026-08-17 01:43:00,133,0.961670,0.007231,0.132510,0.829160,62879.037954,62880,62880,62879
2026-08-17 01:44:00,904,1.619630,0.001792,1.347140,0.272490,62888.492792,62898,62898,62880
2026-08-17 01:45:00,47,0.117000,0.002489,0.077260,0.039740,62898.126603,62898,62898,62898
2026-08-17 01:46:00,527,8.036620,0.015250,5.560290,2.476330,62892.887427,62892,62898,62892
2026-08-17 01:47:00,1124,5.261690,0.004681,2.977090,2.284600,62886.488222,62891,62892,62881
2026-08-17 01:48:00,358,2.057960,0.005748,1.812030,0.245930,62892.424249,62897,62897,62891
2026-08-17 01:49:00,798,3.343720,0.004190,3.144500,0.199220,62909.917812,62916,62916,62897
2026-08-17 01:50:00,566,2.014200,0.003559,0.363880,1.650320,62915.804318,62920,62920,62915
2026-08-17 01:51:00,293,3.112610,0.010623,3.063070,0.049540,62923.245892,62928,62928,62920
2026-08-17 01:52:00,1417,3.341380,0.002358,0.109510,3.231870,62917.855542,62909,62928,62909
2026-08-17 01:53:00,279,0.676870,0.002426,0.118660,0.558210,62909.151825,62907,62909,62907
2026-08-17 01:54:00,232,0.596480,0.002571,0.094610,0.501870,62904.967888,62903,62907,62903
2026-08-17 01:55:00,774,2.096390,0.002709,0.179020,1.917370,62898.394400,62891,62903,62891
2026-08-17 01:56:00,654,1.987090,0.003038,1.858920,0.128170,62897.398997,62902,62902,62891
2026-08-17 01:57:00,874,3.109300,0.003558,0.667480,2.441820,62900.231369,62893,62906,62893
2026-08-17 01:58:00,281,1.769070,0.006296,0.119380,1.649690,62891.547547,62888,62893,62888
2026-08-17 01:59:00,106,0.605520,0.005712,0.236560,0.368960,62888.393907,62888,62888,62888
2026-08-17 02:00:00,530,4.206830,0.007937,4.059240,0.147590,62891.374545,62900,62900,62888
2026-08-17 02:01:00,211,1.972700,0.009349,0.939220,1.033480,62899.994761,62900,62900,62900
2026-08-17 02:02:00,1575,5.148680,0.003269,3.516830,1.631850,62909.919433,62906,62919,62900
2026-08-17 02:03:00,399,3.506800,0.008789,1.510150,1.996650,62905.526898,62906,62906,62904
2026-08-17 02:04:00,1022,4.380770,0.004286,4.348940,0.031830,62916.842492,62925,62925,62906
2026-08-17 02:05:00,1483,5.224390,0.003523,1.342240,3.882150,62926.228729,62919,62933,62919
2026-08-17 02:06:00,447,0.952270,0.002130,0.242440,0.709830,62913.557398,62909,62919,62909
2026-08-17 02:07:00,574,3.502760,0.006102,2.384130,1.118630,62905.514173,62904,62909,62904
2026-08-17 02:08:00,778,3.002140,0.003859,0.124680,2.877460,62899.645991,62890,62904,62890
2026-08-17 02:09:00,227,0.773940,0.003409,0.078910,0.695030,62888.456546,62888,62890,62888
2026-08-17 02:10:00,375,1.030010,0.002747,0.076100,0.953910,62885.967939,62882,62888,62882
2026-08-17 02:11:00,164,0.286000,0.001744,0.074840,0.211160,62881.379043,62881,62882,62881
2026-08-17 02:12:00,1480,5.967200,0.004032,3.575280,2.391920,62885.839619,62876,62895,62876
2026-08-17 02:13:00,1523,3.477040,0.002283,2.841320,0.635720,62869.976215,62886,62886,62865
2026-08-17 02:14:00,673,6.960450,0.010342,3.611430,3.349020,62884.535422,62888,62888,62882
2026-08-17 02:15:00,877,5.813870,0.006629,5.712860,0.101010,62895.842000,62910,62910,62888
2026-08-17 02:16:00,1120,3.179340,0.002839,0.164070,3.015270,62904.124493,62894,62910,62894
2026-08-17 02:17:00,654,1.313770,0.002009,0.740030,0.573740,62889.693136,62884,62894,62884
2026-08-17 02:18:00,1112,1.324830,0.001191,0.278710,1.046120,62877.166237,62870,62884,62870
2026-08-17 02:19:00,1808,4.468510,0.002472,3.481870,0.986640,62869.724375,62860,62882,62860
2026-08-17 02:20:00,1085,3.920980,0.003614,0.084030,3.836950,62845.414476,62835,62860,62835
2026-08-17 02:21:00,1647,8.279170,0.005027,6.368970,1.910200,62846.896055,62872,62872,62835
2026-08-17 02:22:00,1120,2.218310,0.001981,0.675570,1.542740,62865.612024,62866,62872,62860
2026-08-17 02:23:00,2686,52.691550,0.019617,1.313500,51.378050,62815.122690,62804,62866,62800
2026-08-17 02:24:00,2086,13.129580,0.006294,5.034310,8.095270,62807.755401,62811,62815,62800
2026-08-17 02:25:00,1915,36.908370,0.019273,2.435840,34.472530,62782.712864,62785,62811,62768
2026-08-17 02:26:00,2622,17.574630,0.006703,11.725210,5.849420,62768.284694,62781,62785,62760
2026-08-17 02:27:00,601,2.702080,0.004496,2.638350,0.063730,62785.794574,62792,62792,62781
2026-08-17 02:28:00,1326,2.540400,0.001916,0.827400,1.713000,62789.464605,62784,62793,62784
2026-08-17 02:29:00,1733,9.470870,0.005465,8.766020,0.704850,62819.620580,62836,62836,62784
2026-08-17 02:30:00,918,3.478320,0.003789,3.300650,0.177670,62854.069219,62866,62866,62836
2026-08-17 02:31:00,2300,6.719960,0.002922,1.080690,5.639270,62843.227410,62826,62866,62826
2026-08-17 02:32:00,3865,8.260690,0.002137,3.648900,4.611790,62791.035565,62780,62826,62780
2026-08-17 02:33:00,646,3.780000,0.005851,3.584070,0.195930,62784.902347,62794,62794,62778
2026-08-17 02:34:00,1792,2.781860,0.001552,1.272030,1.509830,62794.543936,62787,62800,62787
2026-08-17 02:35:00,607,1.268400,0.002090,0.710350,0.558050,62790.205167,62794,62794,62786
2026-08-17 02:36:00,922,1.927800,0.002091,0.937480,0.990320,62785.468903,62780,62794,62780
2026-08-17 02:37:00,2207,12.025660,0.005449,1.661660,10.364000,62760.258281,62753,62780,62751
2026-08-17 02:38:00,1726,4.071890,0.002359,3.675110,0.396780,62767.307477,62787,62787,62753
2026-08-17 02:39:00,1513,14.688590,0.009708,14.024770,0.663820,62809.218225,62813,62814,62787
2026-08-17 02:40:00,807,2.622240,0.003249,1.650520,0.971720,62814.709580,62822,62822,62810
2026-08-17 02:41:00,1322,2.580110,0.001952,0.343270,2.236840,62807.286901,62796,62822,62796
2026-08-17 02:42:00,1895,5.186450,0.002737,4.877110,0.309340,62809.155620,62826,62826,62788
2026-08-17 02:43:00,853,1.629250,0.001910,0.249090,1.380160,62817.800769,62812,62826,62812
2026-08-17 02:44:00,2489,100.669330,0.040446,76.851330,23.818000,62859.779650,62880,62880,62812
2026-08-17 02:45:00,3822,22.006820,0.005758,15.847610,6.159210,62930.945612,62948,62956,62880
2026-08-17 02:46:00,6667,114.930440,0.017239,15.878640,99.051800,62923.980162,62934,62948,62904
2026-08-17 02:47:00,3183,5.217220,0.001639,0.838140,4.379080,62933.111488,62907,62940,62905
2026-08-17 02:48:00,1025,1.691190,0.001650,0.434600,1.256590,62895.114189,62887,62907,62887
2026-08-17 02:49:00,949,2.273740,0.002396,0.426750,1.846990,62880.318679,62872,62887,62872
2026-08-17 02:50:00,2223,3.843430,0.001729,2.310340,1.533090,62879.648799,62874,62889,62872
2026-08-17 02:51:00,1420,6.220110,0.004380,5.254010,0.966100,62863.497551,62872,62874,62860
2026-08-17 02:52:00,1416,3.587480,0.002534,1.048400,2.539080,62861.764892,62849,62872,62849
2026-08-17 02:53:00,914,7.923390,0.008669,2.223010,5.700380,62854.836455,62858,62860,62847
2026-08-17 02:54:00,2183,5.206540,0.002385,2.939370,2.267170,62870.070888,62886,62886,62858
2026-08-17 02:55:00,834,2.720720,0.003262,1.869530,0.851190,62885.368284,62890,62890,62883
2026-08-17 02:56:00,608,1.246320,0.002050,0.888090,0.358230,62896.962568,62900,62900,62890
2026-08-17 02:57:00,1370,6.835540,0.004989,6.170270,0.665270,62900.783730,62918,62918,62896
2026-08-17 02:58:00,1071,2.035620,0.001901,0.639030,1.396590,62909.842926,62910,62918,62902
2026-08-17 02:59:00,2906,5.810270,0.001999,4.004310,1.805960,62928.054132,62926,62940,62908
2026-08-17 03:00:00,694,2.280360,0.003286,1.773750,0.506610,62918.521592,62918,62926,62918
2026-08-17 03:01:00,3599,10.181610,0.002829,8.765910,1.415700,62935.135094,62972,62972,62896
2026-08-17 03:02:00,8679,39.983650,0.004607,31.189840,8.793810,63023.634485,63072,63080,62972
2026-08-17 03:03:00,8300,56.048550,0.006753,43.645310,12.403240,63100.994217,63070,63126,63060
2026-08-17 03:04:00,4075,11.551700,0.002835,7.255860,4.295840,63096.683829,63115,63129,63064
2026-08-17 03:05:00,4285,22.137630,0.005166,19.246060,2.891570,63120.485882,63132,63138,63106
2026-08-17 03:06:00,2431,6.492870,0.002671,2.209910,4.282960,63112.879770,63105,63132,63100
2026-08-17 03:07:00,7155,34.628510,0.004840,23.997960,10.630550,63151.609609,63128,63192,63085
2026-08-17 03:08:00,3495,13.604930,0.003893,4.415930,9.189000,63115.537534,63108,63140,63108
2026-08-17 03:09:00,1387,2.910910,0.002099,0.987660,1.923250,63111.372141,63100,63116,63100
2026-08-17 03:10:00,1545,1.961990,0.001270,1.270890,0.691100,63103.149638,63104,63108,63100
2026-08-17 03:11:00,2315,4.259080,0.001840,2.811060,1.448020,63106.223569,63100,63109,63100
2026-08-17 03:12:00,2772,9.213330,0.003324,1.852660,7.360670,63075.420715,63055,63100,63055
2026-08-17 03:13:00,986,2.448760,0.002484,1.808970,0.639790,63059.380943,63068,63068,63053
2026-08-17 03:14:00,1396,5.890620,0.004220,5.548710,0.341910,63078.893660,63091,63091,63068
2026-08-17 03:15:00,2169,12.491390,0.005759,1.290570,11.200820,63083.171626,63055,63092,63055
2026-08-17 03:16:00,4140,9.563420,0.002310,4.356790,5.206630,63041.543968,63037,63059,63028
2026-08-17 03:17:00,1558,2.180570,0.001400,2.029060,0.151510,63044.722041,63056,63056,63037
2026-08-17 03:18:00,1883,4.043700,0.002147,3.189330,0.854370,63057.846772,63064,63068,63048
2026-08-17 03:19:00,3791,5.959690,0.001572,3.755670,2.204020,63074.616290,63081,63092,63056
2026-08-17 03:20:00,2464,5.911390,0.002399,4.311810,1.599580,63060.994705,63056,63081,63055
2026-08-17 03:21:00,2110,3.208790,0.001521,1.618160,1.590630,63069.882855,63071,63077,63056
2026-08-17 03:22:00,3314,4.575650,0.001381,2.458290,2.117360,63080.947256,63097,63097,63069
2026-08-17 03:23:00,2575,7.141690,0.002773,4.856110,2.285580,63098.881222,63106,63108,63085
2026-08-17 03:24:00,2333,9.774060,0.004189,7.181600,2.592460,63114.469594,63140,63140,63105
2026-08-17 03:25:00,1735,4.699770,0.002709,2.814250,1.885520,63136.847950,63129,63146,63126
2026-08-17 03:26:00,3129,6.226030,0.001990,3.192280,3.033750,63148.523726,63142,63160,63129
2026-08-17 03:27:00,1895,4.471440,0.002360,1.109770,3.361670,63139.851108,63126,63146,63126
2026-08-17 03:28:00,659,1.775610,0.002694,0.180200,1.595410,63123.989937,63118,63126,63118
2026-08-17 03:29:00,602,1.441120,0.002394,1.125040,0.316080,63118.585819,63123,63123,63118
2026-08-17 03:30:00,949,2.512330,0.002647,1.025480,1.486850,63120.517784,63122,63123,63118
2026-08-17 03:31:00,8683,35.749290,0.004117,26.758180,8.991110,63209.854103,63234,63247,63122
2026-08-17 03:32:00,1451,5.702770,0.003930,2.084090,3.618680,63229.423404,63221,63240,63221
2026-08-17 03:33:00,1594,3.933050,0.002467,0.459750,3.473300,63209.481997,63196,63221,63196
2026-08-17 03:34:00,1553,4.995200,0.003216,1.807120,3.188080,63189.761457,63182,63202,63182
2026-08-17 03:35:00,2589,6.196840,0.002394,3.012540,3.184300,63198.687491,63200,63208,63182
2026-08-17 03:36:00,2788,5.407280,0.001939,3.696370,1.710910,63211.778423,63224,63228,63200
2026-08-17 03:37:00,2827,13.874980,0.004908,0.659100,13.215880,63210.127887,63165,63233,63165
2026-08-17 03:38:00,1343,3.728700,0.002776,3.107250,0.621450,63175.224542,63189,63189,63165
2026-08-17 03:39:00,749,3.121240,0.004167,1.516250,1.604990,63186.554175,63189,63189,63184
2026-08-17 03:40:00,1109,3.040850,0.002742,2.214480,0.826370,63192.421201,63192,63195,63189
2026-08-17 03:41:00,3044,7.443220,0.002445,4.175800,3.267420,63191.719890,63221,63221,63182
2026-08-17 03:42:00,1934,4.108310,0.002124,0.623480,3.484830,63219.586530,63204,63230,63204
2026-08-17 03:43:00,1692,7.417880,0.004384,2.447190,4.970690,63200.053710,63200,63208,63194
2026-08-17 03:44:00,818,3.655840,0.004469,1.492710,2.163130,63199.339685,63194,63200,63194
2026-08-17 03:45:00,1176,7.563200,0.006431,7.235670,0.327530,63197.049157,63214,63214,63194
2026-08-17 03:46:00,2144,6.929640,0.003232,0.919150,6.010490,63205.472938,63198,63218,63198
2026-08-17 03:47:00,2894,5.323340,0.001839,2.157820,3.165520,63174.738807,63185,63198,63162
2026-08-17 03:48:00,1616,4.858850,0.003007,2.067360,2.791490,63180.404306,63185,63185,63173
2026-08-17 03:49:00,3093,6.096060,0.001971,2.945170,3.150890,63189.672766,63212,63212,63183
2026-08-17 03:50:00,1876,5.682350,0.003029,3.857970,1.824380,63226.603654,63236,63237,63211
2026-08-17 03:51:00,2997,7.639050,0.002549,0.661290,6.977760,63214.559766,63194,63236,63194
2026-08-17 03:52:00,1435,3.641980,0.002538,0.180320,3.461660,63184.952313,63170,63194,63170
2026-08-17 03:53:00,905,4.488710,0.004960,2.112330,2.376380,63163.381102,63164,63170,63160
2026-08-17 03:54:00,906,2.184040,0.002411,0.893240,1.290800,63165.170372,63160,63167,63160
2026-08-17 03:55:00,2186,14.104980,0.006452,2.877450,11.227530,63146.607121,63133,63160,63132
2026-08-17 03:56:00,1416,2.761310,0.001950,1.438680,1.322630,63129.706210,63131,63135,63123
2026-08-17 03:57:00,600,1.095200,0.001825,0.049010,1.046190,63129.227432,63126,63131,63126
2026-08-17 03:58:00,132,0.456600,0.003459,0.116970,0.339630,63126.062562,63126,63126,63126
2026-08-17 03:59:00,850,4.378280,0.005151,0.250320,4.127960,63122.607840,63120,63126,63120
2026-08-17 04:00:00,527,2.650360,0.005029,0.450950,2.199410,63118.739918,63116,63120,63116
2026-08-17 04:01:00,2072,7.306560,0.003526,3.136990,4.169570,63127.049530,63116,63133,63116
2026-08-17 04:02:00,581,1.736470,0.002989,0.241530,1.494940,63113.919603,63109,63116,63109
2026-08-17 04:03:00,1036,2.642250,0.002550,1.248550,1.393700,63104.103370,63106,63109,63100
2026-08-17 04:04:00,1582,13.960830,0.008825,2.655560,11.305270,63082.682712,63064,63106,63064
2026-08-17 04:05:00,726,2.201550,0.003032,0.318020,1.883530,63057.379676,63051,63064,63051
2026-08-17 04:06:00,2333,6.598080,0.002828,5.009080,1.589000,63049.578759,63063,63063,63043
2026-08-17 04:07:00,803,5.008540,0.006237,0.321460,4.687080,63054.326730,63043,63063,63043
2026-08-17 04:08:00,449,2.576640,0.005739,0.354160,2.222480,63040.572533,63037,63043,63037
2026-08-17 04:09:00,1662,6.659220,0.004007,4.697690,1.961530,63041.755416,63053,63056,63037
2026-08-17 04:10:00,1794,2.882300,0.001607,1.759080,1.123220,63055.580657,63060,63064,63051
2026-08-17 04:11:00,677,2.940570,0.004344,1.833080,1.107490,63066.717378,63071,63071,63060
2026-08-17 04:12:00,2197,6.975760,0.003175,5.082280,1.893480,63075.430251,63079,63082,63071
2026-08-17 04:13:00,630,0.913890,0.001451,0.177790,0.736100,63080.574736,63079,63082,63078
2026-08-17 04:14:00,153,0.382550,0.002500,0.083310,0.299240,63079.531028,63080,63080,63079
2026-08-17 04:15:00,192,0.399780,0.002082,0.140350,0.259430,63081.701119,63082,63082,63080
2026-08-17 04:16:00,2058,4.578710,0.002225,2.225320,2.353390,63062.220069,63053,63082,63049
2026-08-17 04:17:00,2795,6.239550,0.002232,3.737670,2.501880,63088.609687,63101,63107,63053
2026-08-17 04:18:00,1615,1.779530,0.001102,0.342320,1.437210,63093.303854,63092,63101,63085
2026-08-17 04:19:00,835,1.617310,0.001937,0.712090,0.905220,63087.004197,63084,63092,63084
2026-08-17 04:20:00,651,2.847660,0.004374,2.105740,0.741920,63080.252990,63083,63084,63080
2026-08-17 04:21:00,1158,1.268520,0.001095,0.901700,0.366820,63094.223763,63103,63103,63083
2026-08-17 04:22:00,3155,4.984730,0.001580,3.563890,1.420840,63117.628606,63120,63130,63096
2026-08-17 04:23:00,1497,2.523340,0.001686,0.758890,1.764450,63116.507562,63124,63124,63112
2026-08-17 04:24:00,1912,2.461330,0.001287,1.230680,1.230650,63123.617627,63131,63134,63116
2026-08-17 04:25:00,1328,3.196240,0.002407,1.391020,1.805220,63125.419501,63120,63131,63116
2026-08-17 04:26:00,1616,6.256730,0.003872,3.845870,2.410860,63138.127305,63149,63149,63120
2026-08-17 04:27:00,1762,6.403200,0.003634,4.790620,1.612580,63177.232102,63195,63195,63149
2026-08-17 04:28:00,1293,5.092400,0.003938,3.422480,1.669920,63200.433368,63197,63207,63195
2026-08-17 04:29:00,673,1.026310,0.001525,0.234910,0.791400,63192.332817,63188,63197,63188
2026-08-17 04:30:00,257,1.120440,0.004360,0.428760,0.691680,63187.652033,63186,63188,63186
2026-08-17 04:31:00,2498,2.600470,0.001041,0.259040,2.341430,63169.084288,63155,63186,63155
2026-08-17 04:32:00,808,1.183050,0.001464,0.235140,0.947910,63145.399781,63140,63155,63140
2026-08-17 04:33:00,5164,53.651360,0.010389,46.583820,7.067540,63244.661603,63318,63324,63136
2026-08-17 04:34:00,5448,29.521130,0.005419,15.180320,14.340810,63336.795871,63321,63359,63310
2026-08-17 04:35:00,2071,15.497200,0.007483,5.770680,9.726520,63301.394954,63294,63321,63290
2026-08-17 04:36:00,1104,8.450160,0.007654,3.070390,5.379770,63292.396279,63294,63294,63286
2026-08-17 04:37:00,1120,8.922570,0.007967,2.271050,6.651520,63299.931191,63296,63303,63294
2026-08-17 04:38:00,2537,6.570100,0.002590,2.545800,4.024300,63267.521448,63272,63296,63253
2026-08-17 04:39:00,1847,5.660200,0.003065,2.106290,3.553910,63260.190692,63264,63272,63248
2026-08-17 04:40:00,1120,1.644930,0.001469,0.476480,1.168450,63267.268235,63267,63270,63264
2026-08-17 04:41:00,1075,3.157190,0.002937,0.926880,2.230310,63268.457033,63261,63272,63261
2026-08-17 04:42:00,1476,5.888820,0.003990,4.540790,1.348030,63275.145061,63289,63290,63261
2026-08-17 04:43:00,918,3.960550,0.004314,2.749810,1.210740,63279.280169,63280,63289,63277
2026-08-17 04:44:00,802,3.657960,0.004561,0.936970,2.720990,63276.779356,63271,63280,63271
2026-08-17 04:45:00,1451,3.785570,0.002609,1.649880,2.135690,63258.793799,63257,63272,63253
2026-08-17 04:46:00,2471,3.521700,0.001425,1.330810,2.190890,63261.600886,63253,63270,63253
2026-08-17 04:47:00,1155,2.674090,0.002315,2.263480,0.410610,63261.956300,63273,63273,63253
2026-08-17 04:48:00,636,3.147850,0.004949,0.942440,2.205410,63271.644324,63275,63275,63270
2026-08-17 04:49:00,1478,2.440880,0.001651,1.707240,0.733640,63280.252162,63277,63286,63275
2026-08-17 04:50:00,740,2.609420,0.003526,0.812820,1.796600,63277.456993,63278,63278,63276
2026-08-17 04:51:00,1520,4.044880,0.002661,3.242420,0.802460,63291.851420,63308,63308,63278
2026-08-17 04:52:00,2573,6.407040,0.002490,3.247390,3.159650,63320.026785,63331,63332,63308
2026-08-17 04:53:00,8651,55.543260,0.006420,42.795420,12.747840,63405.894525,63445,63450,63331
2026-08-17 04:54:00,8097,49.651060,0.006132,30.303560,19.347500,63467.739678,63495,63500,63445
2026-08-17 04:55:00,2461,14.974480,0.006085,1.856110,13.118370,63464.515818,63435,63495,63435
2026-08-17 04:56:00,1424,8.938640,0.006277,3.018010,5.920630,63413.682354,63410,63435,63409
2026-08-17 04:57:00,2223,9.729770,0.004377,4.735210,4.994560,63422.869389,63426,63435,63411
2026-08-17 04:58:00,3310,7.806270,0.002358,4.640280,3.165990,63433.312414,63436,63450,63420
2026-08-17 04:59:00,1704,16.564360,0.009721,2.764590,13.799770,63413.634557,63401,63436,63401
2026-08-17 05:00:00,333,3.000050,0.009009,0.870130,2.129920,63401.174316,63403,63403,63401
2026-08-17 05:01:00,4094,13.126550,0.003206,5.901850,7.224700,63432.377061,63426,63448,63403
2026-08-17 05:02:00,1272,5.729470,0.004504,0.818870,4.910600,63415.980277,63406,63426,63406
2026-08-17 05:03:00,1301,16.135600,0.012402,9.021970,7.113630,63416.841540,63415,63421,63406
2026-08-17 05:04:00,1057,6.281340,0.005943,0.345420,5.935920,63404.621224,63393,63415,63393
2026-08-17 05:05:00,1343,8.341620,0.006211,1.203960,7.137660,63387.401934,63385,63393,63378
2026-08-17 05:06:00,658,4.045610,0.006148,0.206910,3.838700,63383.001375,63383,63385,63380
2026-08-17 05:07:00,670,1.162770,0.001735,0.300790,0.861980,63379.449086,63378,63383,63376
2026-08-17 05:08:00,1516,3.884830,0.002563,2.678630,1.206200,63387.422593,63386,63392,63378
2026-08-17 05:09:00,928,1.223550,0.001318,0.358180,0.865370,63389.464865,63385,63391,63385
2026-08-17 05:10:00,856,3.385170,0.003955,1.953200,1.431970,63386.349470,63391,63393,63385
2026-08-17 05:11:00,466,2.131350,0.004574,0.423160,1.708190,63390.013044,63385,63391,63385
2026-08-17 05:12:00,609,1.844760,0.003029,1.037910,0.806850,63385.035341,63386,63386,63384
2026-08-17 05:13:00,940,1.426750,0.001518,0.041330,1.385420,63373.648011,63367,63386,63367
2026-08-17 05:14:00,1258,141.517890,0.112494,96.324860,45.193030,63394.429643,63403,63410,63367
2026-08-17 05:15:00,777,16.829630,0.021660,15.099410,1.730220,63408.381523,63420,63420,63399
2026-08-17 05:16:00,563,2.341060,0.004158,0.360300,1.980760,63419.824454,63417,63420,63417
2026-08-17 05:17:00,1505,3.036160,0.002017,0.300650,2.735510,63410.324458,63401,63417,63401
2026-08-17 05:18:00,1837,5.009250,0.002727,1.365300,3.643950,63399.878627,63403,63403,63396
2026-08-17 05:19:00,2216,3.719380,0.001678,0.391800,3.327580,63383.850264,63367,63403,63367
2026-08-17 05:20:00,605,4.322470,0.007145,1.136980,3.185490,63362.475071,63359,63367,63359
2026-08-17 05:21:00,2820,3.951070,0.001401,2.625330,1.325740,63360.381562,63379,63379,63350
2026-08-17 05:22:00,1153,2.438130,0.002115,0.909050,1.529080,63373.330211,63359,63383,63359
2026-08-17 05:23:00,1024,1.236610,0.001208,1.089740,0.146870,63366.627268,63372,63372,63359
2026-08-17 05:24:00,112,0.688870,0.006151,0.392130,0.296740,63372.295692,63372,63372,63372
2026-08-17 05:25:00,719,1.570380,0.002184,0.219870,1.350510,63369.598956,63366,63372,63366
2026-08-17 05:26:00,510,5.594510,0.010970,0.473610,5.120900,63355.794281,63346,63366,63345
2026-08-17 05:27:00,409,1.786520,0.004368,1.592540,0.193980,63347.558574,63350,63350,63346
2026-08-17 05:28:00,547,3.318710,0.006067,3.228930,0.089780,63352.962587,63360,63360,63350
2026-08-17 05:29:00,477,1.126620,0.002362,0.329510,0.797110,63359.445441,63356,63360,63356
2026-08-17 05:30:00,95,0.532830,0.005609,0.210050,0.322780,63355.503942,63356,63356,63356
2026-08-17 05:31:00,967,2.906050,0.003005,1.616020,1.290030,63356.637078,63352,63359,63352
2026-08-17 05:32:00,560,11.412000,0.020379,0.453100,10.958900,63349.731849,63347,63352,63347
2026-08-17 05:33:00,309,4.922860,0.015932,4.753570,0.169290,63347.319917,63350,63350,63347
2026-08-17 05:34:00,714,4.918390,0.006889,4.512260,0.406130,63354.868180,63359,63364,63350
2026-08-17 05:35:00,917,1.690500,0.001844,0.212320,1.478180,63357.027448,63350,63359,63350
2026-08-17 05:36:00,500,4.641060,0.009282,4.098260,0.542800,63350.652145,63356,63356,63350
2026-08-17 05:37:00,1153,7.480970,0.006488,5.505470,1.975500,63371.972601,63382,63382,63356
2026-08-17 05:38:00,78,0.499490,0.006404,0.317780,0.181710,63381.996362,63382,63382,63382
2026-08-17 05:39:00,72,0.706460,0.009812,0.269350,0.437110,63381.993813,63382,63382,63382
2026-08-17 05:40:00,1203,58.444050,0.048582,6.110260,52.333790,63372.689076,63361,63382,63360
2026-08-17 05:41:00,917,42.310790,0.046140,5.498820,36.811970,63352.209677,63349,63361,63347
2026-08-17 05:42:00,861,34.848490,0.040474,10.330670,24.517820,63351.100925,63347,63354,63347
2026-08-17 05:43:00,561,26.096080,0.046517,15.771450,10.324630,63350.771260,63356,63356,63347
2026-08-17 05:44:00,1160,50.932840,0.043908,12.811140,38.121700,63349.552045,63343,63362,63340
2026-08-17 05:45:00,180,2.954240,0.016412,2.827030,0.127210,63342.999569,63343,63343,63343
2026-08-17 05:46:00,130,2.626200,0.020202,1.201970,1.424230,63342.994577,63343,63343,63343
2026-08-17 05:47:00,158,1.101170,0.006969,0.655200,0.445970,63342.995950,63343,63343,63343
2026-08-17 05:48:00,894,7.796850,0.008721,7.553850,0.243000,63352.994037,63364,63364,63343
2026-08-17 05:49:00,2646,10.927300,0.004130,6.238880,4.688420,63378.218658,63370,63386,63364
2026-08-17 05:50:00,195,2.092320,0.010730,1.963720,0.128600,63371.099226,63372,63372,63370
2026-08-17 05:51:00,508,2.131090,0.004195,1.900810,0.230280,63378.564891,63388,63388,63372
2026-08-17 05:52:00,2056,13.777240,0.006701,7.640520,6.136720,63398.336878,63408,63415,63380
2026-08-17 05:53:00,852,6.569740,0.007711,5.605690,0.964050,63415.581658,63443,63443,63408
2026-08-17 05:54:00,1770,16.862370,0.009527,8.838980,8.023390,63456.285447,63477,63477,63443
2026-08-17 05:55:00,378,4.919470,0.013014,4.307520,0.611950,63480.538820,63490,63490,63477
2026-08-17 05:56:00,1965,31.326500,0.015942,23.740700,7.585800,63500.817461,63515,63520,63490
2026-08-17 05:57:00,1780,9.607000,0.005397,2.816340,6.790660,63505.677999,63480,63515,63480
2026-08-17 05:58:00,1927,2.881940,0.001496,0.437210,2.444730,63458.033100,63436,63480,63436
2026-08-17 05:59:00,424,2.030680,0.004789,0.529580,1.501100,63434.766599,63432,63436,63432
2026-08-17 06:00:00,318,0.507580,0.001596,0.075440,0.432140,63431.247074,63429,63432,63429
2026-08-17 06:01:00,5218,40.014130,0.007668,31.329620,8.684510,63460.311098,63512,63512,63429
2026-08-17 06:02:00,1977,5.329670,0.002696,1.153520,4.176150,63506.183030,63488,63520,63488
2026-08-17 06:03:00,633,1.988070,0.003141,1.162630,0.825440,63482.599395,63481,63488,63481
2026-08-17 06:04:00,1718,15.175440,0.008833,8.966520,6.208920,63480.387343,63490,63490,63478
2026-08-17 06:05:00,472,1.785530,0.003783,1.584170,0.201360,63494.170176,63495,63495,63490
2026-08-17 06:06:00,393,1.292880,0.003290,0.661280,0.631600,63497.945146,63500,63500,63495
2026-08-17 06:07:00,624,2.685420,0.004304,0.093000,2.592420,63498.132771,63492,63500,63492
2026-08-17 06:08:00,220,3.249850,0.014772,3.138350,0.111500,63492.531406,63496,63496,63492
2026-08-17 06:09:00,1208,16.891250,0.013983,12.431030,4.460220,63506.002946,63520,63520,63496
2026-08-17 06:10:00,1542,6.287040,0.004077,1.472850,4.814190,63511.610159,63487,63520,63487
2026-08-17 06:11:00,1081,2.977450,0.002754,2.928420,0.049030,63492.658230,63506,63506,63487
2026-08-17 06:12:00,437,3.024460,0.006921,1.653600,1.370860,63511.986944,63516,63516,63506
2026-08-17 06:13:00,1238,7.738090,0.006250,0.848330,6.889760,63510.008086,63503,63516,63497
2026-08-17 06:14:00,65,0.648150,0.009972,0.439260,0.208890,63502.756777,63503,63503,63503
2026-08-17 06:15:00,596,4.604470,0.007726,0.353680,4.250790,63498.906304,63487,63503,63487
2026-08-17 06:16:00,419,4.599590,0.010978,4.400590,0.199000,63487.041934,63491,63491,63487
2026-08-17 06:17:00,837,3.023770,0.003613,0.384470,2.639300,63489.149019,63481,63491,63481
2026-08-17 06:18:00,88,0.504450,0.005732,0.190780,0.313670,63481.063782,63481,63481,63481
2026-08-17 06:19:00,936,10.120810,0.010813,8.094270,2.026540,63474.939748,63483,63483,63472
2026-08-17 06:20:00,348,4.366950,0.012549,0.709100,3.657850,63483.257946,63487,63487,63483
2026-08-17 06:21:00,443,4.719590,0.010654,4.257900,0.461690,63487.430052,63487,63489,63487
2026-08-17 06:22:00,1033,10.093210,0.009771,3.932290,6.160920,63505.560464,63510,63512,63487
2026-08-17 06:23:00,1598,6.211820,0.003887,4.650350,1.561470,63517.791697,63524,63524,63510
2026-08-17 06:24:00,436,2.683850,0.006156,0.775070,1.908780,63521.392092,63517,63524,63517
2026-08-17 06:25:00,1159,3.833060,0.003307,0.122230,3.710830,63509.879547,63494,63517,63494
2026-08-17 06:26:00,389,4.819760,0.012390,4.366430,0.453330,63494.746364,63505,63505,63494
2026-08-17 06:27:00,641,2.284730,0.003564,0.128710,2.156020,63502.107604,63496,63505,63496
2026-08-17 06:28:00,97,0.413410,0.004262,0.093500,0.319910,63496.052262,63496,63496,63496
2026-08-17 06:29:00,239,0.853770,0.003572,0.080600,0.773170,63495.613883,63494,63496,63494
2026-08-17 06:30:00,925,85.676520,0.092623,64.317610,21.358910,63505.335357,63518,63518,63491
2026-08-17 06:31:00,2539,48.790180,0.019216,4.382040,44.408140,63485.625693,63478,63518,63475
2026-08-17 06:32:00,333,2.243420,0.006737,0.411340,1.832080,63475.350652,63473,63478,63473
2026-08-17 06:33:00,299,5.783840,0.019344,5.354990,0.428850,63473.275672,63474,63474,63473
2026-08-17 06:34:00,966,5.189400,0.005372,3.153360,2.036040,63479.875699,63494,63494,63474
2026-08-17 06:35:00,637,8.850340,0.013894,7.291450,1.558890,63493.513375,63499,63499,63493
2026-08-17 06:36:00,102,0.594660,0.005830,0.306930,0.287730,63499.415161,63499,63499,63499
2026-08-17 06:37:00,875,7.826040,0.008944,0.350550,7.475490,63497.818104,63486,63499,63486
2026-08-17 06:38:00,80,1.207690,0.015096,0.469370,0.738320,63486.053887,63486,63486,63486
2026-08-17 06:39:00,858,7.882870,0.009187,7.052770,0.830100,63492.369797,63504,63504,63486
2026-08-17 06:40:00,362,3.744730,0.010345,1.533170,2.211560,63505.515620,63504,63506,63504
2026-08-17 06:41:00,233,4.074700,0.017488,2.204420,1.870280,63504.068531,63506,63506,63504
2026-08-17 06:42:00,196,2.465290,0.012578,1.099460,1.365830,63507.220403,63508,63508,63506
2026-08-17 06:43:00,84,0.751420,0.008945,0.103990,0.647430,63508.181384,63508,63508,63508
2026-08-17 06:44:00,2653,169.730180,0.063977,56.300160,113.430020,63499.978775,63488,63520,63488
2026-08-17 06:45:00,1440,72.048880,0.050034,52.921550,19.127330,63488.678418,63480,63502,63480
2026-08-17 06:46:00,1266,6.502130,0.005136,6.381180,0.120950,63493.810895,63508,63508,63480
2026-08-17 06:47:00,501,2.778230,0.005545,1.827150,0.951080,63512.202925,63515,63515,63508
2026-08-17 06:48:00,198,3.563210,0.017996,1.764790,1.798420,63514.994953,63515,63515,63515
2026-08-17 06:49:00,1376,17.396340,0.012643,14.285980,3.110360,63534.325293,63550,63550,63515
2026-08-17 06:50:00,862,5.375030,0.006236,1.815260,3.559770,63548.118463,63545,63550,63545
2026-08-17 06:51:00,455,7.527170,0.016543,7.367340,0.159830,63545.744801,63549,63549,63545
2026-08-17 06:52:00,1323,11.687690,0.008834,8.888490,2.799200,63556.400490,63564,63564,63549
2026-08-17 06:53:00,2407,17.128040,0.007116,9.555570,7.572470,63576.025068,63572,63580,63564
2026-08-17 06:54:00,2513,6.672710,0.002655,0.046630,6.626080,63550.384140,63525,63572,63525
2026-08-17 06:55:00,85,1.546580,0.018195,1.497670,0.048910,63524.659684,63525,63525,63525
2026-08-17 06:56:00,1482,7.606340,0.005132,7.337530,0.268810,63534.047730,63550,63550,63525
2026-08-17 06:57:00,1456,8.044450,0.005525,3.444160,4.600290,63558.250810,63548,63561,63548
2026-08-17 06:58:00,138,0.669790,0.004854,0.039640,0.630150,63547.643076,63548,63548,63548
2026-08-17 06:59:00,798,8.967090,0.011237,0.333300,8.633790,63538.636217,63532,63548,63532
2026-08-17 07:00:00,211,9.646340,0.045717,9.319330,0.327010,63532.379710,63532,63532,63532
2026-08-17 07:01:00,778,5.377750,0.006912,2.713610,2.664140,63531.828652,63525,63532,63525
2026-08-17 07:02:00,356,4.799830,0.013483,1.157430,3.642400,63525.870275,63526,63527,63525
2026-08-17 07:03:00,248,0.909880,0.003669,0.598070,0.311810,63525.718137,63528,63528,63526
2026-08-17 07:04:00,226,1.262070,0.005584,0.755600,0.506470,63528.117064,63529,63529,63528
2026-08-17 07:05:00,1045,7.926290,0.007585,0.286780,7.639510,63524.339129,63518,63529,63518
2026-08-17 07:06:00,1453,5.858010,0.004032,0.578970,5.279040,63511.156660,63505,63518,63505
2026-08-17 07:07:00,312,0.882240,0.002828,0.586720,0.295520,63507.048941,63508,63508,63505
2026-08-17 07:08:00,1983,30.588320,0.015425,2.447960,28.140360,63480.506207,63449,63508,63449
2026-08-17 07:09:00,1348,5.335070,0.003958,4.084200,1.250870,63465.844702,63469,63470,63449
2026-08-17 07:10:00,449,2.691570,0.005995,0.872240,1.819330,63468.685630,63469,63469,63468
2026-08-17 07:11:00,464,2.949960,0.006358,2.810830,0.139130,63469.771457,63474,63474,63469
2026-08-17 07:12:00,762,2.533250,0.003324,0.340930,2.192320,63470.285556,63462,63475,63462
2026-08-17 07:13:00,534,1.050290,0.001967,0.102340,0.947950,63459.522557,63456,63462,63456
2026-08-17 07:14:00,3690,349.511550,0.094719,223.597610,125.913940,63510.667959,63539,63539,63451
2026-08-17 07:15:00,1115,39.780270,0.035677,15.875380,23.904890,63542.890237,63537,63552,63537
2026-08-17 07:16:00,766,2.412980,0.003150,0.024190,2.388790,63531.374946,63529,63537,63529
2026-08-17 07:17:00,1072,2.838630,0.002648,2.474280,0.364350,63531.512564,63545,63545,63528
2026-08-17 07:18:00,862,2.302820,0.002671,0.767630,1.535190,63556.271525,63562,63562,63545
2026-08-17 07:19:00,626,3.384480,0.005407,0.096290,3.288190,63558.076869,63555,63562,63555
2026-08-17 07:20:00,413,10.559050,0.025567,8.737190,1.821860,63561.922268,63562,63562,63555
2026-08-17 07:21:00,997,6.434580,0.006454,2.747010,3.687570,63563.014184,63566,63566,63558
2026-08-17 07:22:00,146,2.257720,0.015464,0.116740,2.140980,63565.890517,63566,63566,63566
2026-08-17 07:23:00,363,1.032200,0.002844,0.867270,0.164930,63568.486246,63572,63572,63566
2026-08-17 07:24:00,1058,29.004880,0.027415,27.434420,1.570460,63584.634764,63595,63595,63572
2026-08-17 07:25:00,1403,3.845160,0.002741,0.148780,3.696380,63584.413798,63577,63595,63577
2026-08-17 07:26:00,1378,40.775400,0.029590,1.441580,39.333820,63552.056088,63540,63577,63540
2026-08-17 07:27:00,780,16.721130,0.021437,0.450540,16.270590,63535.903082,63532,63540,63530
2026-08-17 07:28:00,1180,21.763590,0.018444,4.096830,17.666760,63533.023299,63519,63535,63519
2026-08-17 07:29:00,3825,89.250700,0.023334,8.690660,80.560040,63483.727861,63483,63519,63475
2026-08-17 07:30:00,226,1.923650,0.008512,0.118580,1.805070,63482.638735,63483,63483,63482
2026-08-17 07:31:00,1940,4.368130,0.002252,2.232150,2.135980,63494.167009,63488,63500,63483
2026-08-17 07:32:00,193,2.129530,0.011034,1.939800,0.189730,63489.103463,63490,63490,63488
2026-08-17 07:33:00,157,1.108410,0.007060,0.157260,0.951150,63490.411419,63490,63490,63490
2026-08-17 07:34:00,285,1.152750,0.004045,0.277600,0.875150,63489.464843,63488,63490,63488
2026-08-17 07:35:00,126,1.119000,0.008881,0.014710,1.104290,63488.060131,63488,63488,63488
2026-08-17 07:36:00,725,1.891170,0.002609,0.118080,1.773090,63481.543337,63476,63488,63476
2026-08-17 07:37:00,681,1.884150,0.002767,0.051070,1.833080,63470.211961,63465,63476,63465
2026-08-17 07:38:00,335,1.147620,0.003426,0.463640,0.683980,63460.134384,63458,63465,63458
2026-08-17 07:39:00,300,0.823280,0.002744,0.430030,0.393250,63459.173235,63463,63463,63458
2026-08-17 07:40:00,936,8.289360,0.008856,0.407380,7.881980,63452.741483,63450,63463,63450
2026-08-17 07:41:00,310,4.875750,0.015728,0.206500,4.669250,63450.000424,63450,63450,63450
2026-08-17 07:42:00,1007,4.292000,0.004262,2.317260,1.974740,63453.083970,63460,63460,63447
2026-08-17 07:43:00,95,0.338200,0.003560,0.071830,0.266370,63459.942124,63460,63460,63460
2026-08-17 07:44:00,70,0.245340,0.003505,0.120080,0.125260,63459.944894,63460,63460,63460
2026-08-17 07:45:00,326,1.877790,0.005760,1.722980,0.154810,63460.475901,63463,63463,63460
2026-08-17 07:46:00,335,1.758950,0.005251,0.125520,1.633430,63462.597005,63461,63463,63461
2026-08-17 07:47:00,184,1.370390,0.007448,0.372430,0.997960,63460.962718,63461,63461,63461
2026-08-17 07:48:00,101,0.397440,0.003935,0.267590,0.129850,63460.966733,63461,63461,63461
2026-08-17 07:49:00,817,1.503860,0.001841,1.288820,0.215040,63464.349371,63470,63470,63461
2026-08-17 07:50:00,1299,9.134710,0.007032,6.946440,2.188270,63484.232344,63500,63500,63470
2026-08-17 07:51:00,165,1.287710,0.007804,1.168530,0.119180,63499.999074,63500,63500,63500
2026-08-17 07:52:00,617,3.757990,0.006091,2.954970,0.803020,63506.317429,63512,63512,63500
2026-08-17 07:53:00,528,3.545670,0.006715,0.496500,3.049170,63511.091115,63508,63512,63508
2026-08-17 07:54:00,909,2.968190,0.003265,2.808820,0.159370,63516.462874,63522,63522,63508
2026-08-17 07:55:00,98,0.701690,0.007160,0.340640,0.361050,63522.284855,63522,63522,63522
2026-08-17 07:56:00,196,2.143410,0.010936,1.026650,1.116760,63522.284818,63523,63523,63522
2026-08-17 07:57:00,1098,7.155440,0.006517,2.701120,4.454320,63519.586184,63516,63523,63512
2026-08-17 07:58:00,363,2.515110,0.006929,1.549630,0.965480,63519.847613,63520,63520,63516
2026-08-17 07:59:00,99,0.349320,0.003528,0.062310,0.287010,63520.171784,63520,63520,63520
2026-08-17 08:00:00,100,0.610510,0.006105,0.336920,0.273590,63520.175519,63520,63520,63520
2026-08-17 08:01:00,1601,15.105190,0.009435,2.049640,13.055550,63514.487391,63518,63520,63507
2026-08-17 08:02:00,777,1.263430,0.001626,0.527260,0.736170,63519.256468,63515,63520,63515
2026-08-17 08:03:00,2781,13.302050,0.004783,6.882760,6.419290,63494.835141,63504,63515,63478
2026-08-17 08:04:00,1707,9.061970,0.005309,3.906230,5.155740,63519.515359,63529,63529,63504
2026-08-17 08:05:00,573,1.995190,0.003482,0.539420,1.455770,63525.166805,63522,63529,63522
2026-08-17 08:06:00,375,1.010740,0.002695,0.668540,0.342200,63523.188851,63527,63527,63522
2026-08-17 08:07:00,195,0.686220,0.003519,0.433420,0.252800,63527.468043,63528,63528,63527
2026-08-17 08:08:00,1226,17.344520,0.014147,15.106570,2.237950,63543.604535,63570,63570,63528
2026-08-17 08:09:00,781,3.994320,0.005114,2.718460,1.275860,63571.757535,63578,63578,63565
2026-08-17 08:10:00,914,3.026260,0.003311,0.677140,2.349120,63576.442900,63583,63583,63572
2026-08-17 08:11:00,3055,19.077510,0.006245,12.366130,6.711380,63600.664273,63605,63616,63584
2026-08-17 08:12:00,2271,6.033590,0.002657,1.076040,4.957550,63589.582789,63586,63605,63573
2026-08-17 08:13:00,921,2.149950,0.002334,0.186680,1.963270,63578.896229,63572,63586,63572
2026-08-17 08:14:00,1208,5.177870,0.004286,0.925520,4.252350,63576.469905,63567,63581,63567
2026-08-17 08:15:00,1701,6.325980,0.003719,3.637310,2.688670,63575.556390,63574,63586,63567
2026-08-17 08:16:00,1040,4.748840,0.004566,1.820060,2.928780,63580.680312,63579,63584,63574
2026-08-17 08:17:00,245,0.939200,0.003833,0.689970,0.249230,63580.129521,63582,63582,63579
2026-08-17 08:18:00,598,1.817870,0.003040,1.576810,0.241060,63585.526187,63590,63590,63582
2026-08-17 08:19:00,147,1.680760,0.011434,0.756060,0.924700,63589.714498,63590,63590,63590
2026-08-17 08:20:00,318,1.900170,0.005975,1.277390,0.622780,63587.633563,63587,63590,63587
2026-08-17 08:21:00,1052,2.692670,0.002560,1.507440,1.185230,63578.575430,63572,63587,63572
2026-08-17 08:22:00,325,0.741470,0.002281,0.317140,0.424330,63573.310609,63573,63574,63572
2026-08-17 08:23:00,737,1.459070,0.001980,0.452780,1.006290,63570.381694,63569,63573,63568
2026-08-17 08:24:00,637,1.624480,0.002550,1.101150,0.523330,63578.449548,63584,63584,63569
2026-08-17 08:25:00,2013,3.520800,0.001749,0.661090,2.859710,63571.356375,63564,63584,63561
2026-08-17 08:26:00,407,7.105780,0.017459,1.190540,5.915240,63568.069642,63569,63569,63564
2026-08-17 08:27:00,1021,7.374030,0.007222,0.858510,6.515520,63568.358961,63570,63573,63564
2026-08-17 08:28:00,122,0.364250,0.002986,0.164190,0.200060,63569.994508,63570,63570,63570
2026-08-17 08:29:00,104,0.828580,0.007967,0.772440,0.056140,63569.999322,63570,63570,63570
2026-08-17 08:30:00,1195,5.795880,0.004850,2.736160,3.059720,63581.867303,63583,63589,63570
2026-08-17 08:31:00,1522,2.439790,0.001603,1.080500,1.359290,63573.667673,63569,63583,63566
2026-08-17 08:32:00,721,3.121160,0.004329,2.889430,0.231730,63578.967320,63584,63584,63569
2026-08-17 08:33:00,108,0.352580,0.003265,0.195580,0.157000,63583.995547,63584,63584,63584
2026-08-17 08:34:00,641,1.320110,0.002059,0.342470,0.977640,63580.323540,63572,63584,63572
2026-08-17 08:35:00,565,1.568880,0.002777,1.347740,0.221140,63575.261593,63579,63579,63572
2026-08-17 08:36:00,993,5.929170,0.005971,4.729730,1.199440,63591.410123,63599,63599,63579
2026-08-17 08:37:00,761,6.145410,0.008075,1.510600,4.634810,63595.030042,63592,63599,63592
2026-08-17 08:38:00,496,1.151460,0.002321,0.652130,0.499330,63595.816873,63599,63599,63592
2026-08-17 08:39:00,471,2.881800,0.006118,2.666280,0.215520,63601.909705,63605,63605,63599
2026-08-17 08:40:00,307,6.793410,0.022128,0.497230,6.296180,63604.657434,63603,63605,63603
2026-08-17 08:41:00,577,8.724770,0.015121,3.402700,5.322070,63602.459970,63605,63605,63601
2026-08-17 08:42:00,201,3.322950,0.016532,1.513840,1.809110,63604.784556,63605,63605,63605
2026-08-17 08:43:00,93,1.342400,0.014434,0.289690,1.052710,63604.782158,63605,63605,63605
2026-08-17 08:44:00,539,7.149090,0.013264,1.069470,6.079620,63602.989241,63600,63605,63598
2026-08-17 08:45:00,132,2.539310,0.019237,2.096680,0.442630,63600.148257,63600,63600,63600
2026-08-17 08:46:00,865,5.757080,0.006656,5.001270,0.755810,63609.908658,63620,63620,63600
2026-08-17 08:47:00,1324,4.770760,0.003603,3.434750,1.336010,63631.301279,63642,63642,63620
2026-08-17 08:48:00,1038,7.184730,0.006922,3.113140,4.071590,63645.160850,63646,63646,63640
2026-08-17 08:49:00,6153,32.795620,0.005330,23.387970,9.407650,63693.186268,63702,63717,63646
2026-08-17 08:50:00,2610,10.740840,0.004115,2.574910,8.165930,63705.665430,63693,63714,63693
2026-08-17 08:51:00,2128,5.980860,0.002811,1.501280,4.479580,63673.696044,63669,63693,63661
2026-08-17 08:52:00,1684,11.504530,0.006832,3.085330,8.419200,63666.818116,63678,63678,63658
2026-08-17 08:53:00,1936,4.849000,0.002505,1.036110,3.812890,63665.056242,63662,63678,63652
2026-08-17 08:54:00,766,1.668180,0.002178,0.247860,1.420320,63656.452461,63650,63662,63650
2026-08-17 08:55:00,1272,4.079990,0.003208,0.163640,3.916350,63641.514046,63625,63650,63625
2026-08-17 08:56:00,394,2.254740,0.005723,1.502810,0.751930,63626.305094,63622,63628,63622
2026-08-17 08:57:00,530,4.575560,0.008633,2.740690,1.834870,63624.612155,63628,63628,63622
2026-08-17 08:58:00,877,4.387640,0.005003,2.218310,2.169330,63642.611337,63650,63650,63628
2026-08-17 08:59:00,596,7.261160,0.012183,3.558000,3.703160,63662.721693,63666,63666,63650
2026-08-17 09:00:00,220,1.950250,0.008865,1.107180,0.843070,63667.962222,63668,63668,63666
2026-08-17 09:01:00,2316,15.961770,0.006892,1.113030,14.848740,63651.510428,63638,63668,63635
2026-08-17 09:02:00,1607,13.651600,0.008495,0.629220,13.022380,63615.381647,63606,63638,63606
2026-08-17 09:03:00,1916,4.430800,0.002313,0.897000,3.533800,63601.881289,63598,63608,63598
2026-08-17 09:04:00,1857,8.989240,0.004841,2.077750,6.911490,63578.316952,63574,63598,63572
2026-08-17 09:05:00,1094,3.158250,0.002887,0.420510,2.737740,63572.487609,63577,63577,63570
2026-08-17 09:06:00,698,7.195120,0.010308,3.106790,4.088330,63589.825764,63598,63598,63577
2026-08-17 09:07:00,792,2.206350,0.002786,1.396680,0.809670,63597.408100,63592,63598,63592
2026-08-17 09:08:00,612,3.832730,0.006263,0.729390,3.103340,63591.094530,63593,63593,63590
2026-08-17 09:09:00,264,0.870600,0.003298,0.381550,0.489050,63593.660894,63595,63595,63593
2026-08-17 09:10:00,712,1.555030,0.002184,0.735300,0.819730,63593.904188,63588,63595,63588
2026-08-17 09:11:00,1441,4.587890,0.003184,2.171940,2.415950,63596.601953,63601,63603,63584
2026-08-17 09:12:00,1454,2.752180,0.001893,0.358030,2.394150,63596.736545,63583,63601,63583
2026-08-17 09:13:00,662,4.483850,0.006773,0.226850,4.257000,63575.597485,63567,63583,63567
2026-08-17 09:14:00,348,0.844880,0.002428,0.511120,0.333760,63575.083377,63578,63578,63567
2026-08-17 09:15:00,381,3.518090,0.009234,3.320170,0.197920,63582.846837,63585,63585,63578
2026-08-17 09:16:00,1366,2.426130,0.001776,0.591790,1.834340,63579.159839,63568,63585,63568
2026-08-17 09:17:00,2859,9.250650,0.003236,4.607930,4.642720,63556.119388,63555,63568,63546
2026-08-17 09:18:00,1703,3.853590,0.002263,0.776640,3.076950,63542.453493,63538,63555,63535
2026-08-17 09:19:00,1002,2.861310,0.002856,1.617480,1.243830,63544.758190,63548,63548,63538
2026-08-17 09:20:00,520,1.472000,0.002831,0.723540,0.748460,63551.228086,63556,63556,63548
2026-08-17 09:21:00,206,0.416630,0.002022,0.221530,0.195100,63556.799086,63558,63558,63556
2026-08-17 09:22:00,261,2.514730,0.009635,0.414120,2.100610,63557.568418,63558,63558,63558
2026-08-17 09:23:00,382,1.160920,0.003039,0.691140,0.469780,63559.728803,63564,63564,63558
2026-08-17 09:24:00,476,1.584970,0.003330,0.410200,1.174770,63561.554807,63558,63564,63558
2026-08-17 09:25:00,411,0.870420,0.002118,0.792440,0.077980,63560.986416,63564,63564,63558
2026-08-17 09:26:00,69,0.819840,0.011882,0.068030,0.751810,63563.800830,63564,63564,63564
2026-08-17 09:27:00,778,1.360420,0.001749,0.225270,1.135150,63559.830544,63555,63564,63555
2026-08-17 09:28:00,895,4.609920,0.005151,3.427630,1.182290,63548.333798,63550,63555,63546
2026-08-17 09:29:00,1028,121.305460,0.118001,74.827710,46.477750,63582.954806,63596,63596,63550
2026-08-17 09:30:00,296,26.049290,0.088004,5.716590,20.332700,63596.053115,63597,63597,63596
2026-08-17 09:31:00,1880,13.568390,0.007217,1.566620,12.001770,63587.050967,63579,63597,63573
2026-08-17 09:32:00,1000,11.569720,0.011570,7.403880,4.165840,63575.338708,63579,63579,63574
2026-08-17 09:33:00,638,4.294320,0.006731,0.237920,4.056400,63577.377997,63576,63579,63576
2026-08-17 09:34:00,930,5.049330,0.005429,0.082880,4.966450,63573.617375,63566,63576,63566
2026-08-17 09:35:00,648,4.287970,0.006617,0.267970,4.020000,63563.434068,63563,63566,63563
2026-08-17 09:36:00,743,4.051850,0.005453,0.108190,3.943660,63558.371510,63556,63563,63556
2026-08-17 09:37:00,552,4.083160,0.007397,0.491050,3.592110,63555.223499,63555,63556,63555
2026-08-17 09:38:00,568,4.029240,0.007094,0.370430,3.658810,63553.139530,63546,63555,63546
2026-08-17 09:39:00,635,7.227580,0.011382,3.993220,3.234360,63546.868716,63550,63550,63545
2026-08-17 09:40:00,1349,6.540180,0.004848,2.544530,3.995650,63559.392511,63560,63564,63550
2026-08-17 09:41:00,1153,10.681750,0.009264,0.772640,9.909110,63549.669095,63547,63560,63545
2026-08-17 09:42:00,527,3.574510,0.006783,0.056610,3.517900,63546.615530,63545,63547,63545
2026-08-17 09:43:00,171,3.561150,0.020825,0.576900,2.984250,63545.221620,63545,63545,63545
2026-08-17 09:44:00,504,5.712860,0.011335,2.207130,3.505730,63548.790275,63551,63551,63545
2026-08-17 09:45:00,1240,5.152740,0.004155,0.252490,4.900250,63544.987402,63538,63551,63538
2026-08-17 09:46:00,867,10.472010,0.012078,4.631470,5.840540,63539.002244,63550,63550,63536
2026-08-17 09:47:00,285,5.836410,0.020479,1.361430,4.474980,63550.002333,63550,63550,63550
2026-08-17 09:48:00,859,5.069190,0.005901,0.062610,5.006580,63548.721050,63546,63550,63546
2026-08-17 09:49:00,1067,5.132130,0.004810,0.198650,4.933480,63541.788342,63536,63546,63536
2026-08-17 09:50:00,676,5.260550,0.007782,0.119780,5.140770,63533.971444,63530,63536,63530
2026-08-17 09:51:00,478,5.504570,0.011516,0.474620,5.029950,63528.485553,63528,63530,63528
2026-08-17 09:52:00,510,3.887040,0.007622,0.069610,3.817430,63527.969901,63528,63528,63528
2026-08-17 09:53:00,959,11.869580,0.012377,8.805470,3.064110,63532.920328,63544,63544,63528
2026-08-17 09:54:00,1266,5.307170,0.004192,0.046860,5.260310,63539.936826,63536,63544,63536
2026-08-17 09:55:00,654,5.829110,0.008913,2.856690,2.972420,63535.678690,63540,63540,63534
2026-08-17 09:56:00,446,4.542440,0.010185,1.735570,2.806870,63540.316108,63542,63542,63540
2026-08-17 09:57:00,1303,8.035210,0.006167,4.847420,3.187790,63550.610689,63558,63558,63542
2026-08-17 09:58:00,1048,4.256030,0.004061,0.093050,4.162980,63555.361620,63554,63558,63554
2026-08-17 09:59:00,351,6.446140,0.018365,3.549140,2.897000,63554.528360,63557,63557,63554
2026-08-17 10:00:00,2467,256.957470,0.104158,91.756560,165.200910,63523.347463,63514,63557,63500
2026-08-17 10:01:00,1339,7.771410,0.005804,5.642460,2.128950,63533.345465,63540,63545,63514
2026-08-17 10:02:00,1757,11.317370,0.006441,6.694250,4.623120,63511.496329,63514,63540,63500
2026-08-17 10:03:00,747,3.415380,0.004572,0.662900,2.752480,63504.637848,63501,63514,63500
2026-08-17 10:04:00,914,51.682980,0.056546,5.733640,45.949340,63495.838667,63494,63501,63490
2026-08-17 10:05:00,292,34.454030,0.117993,34.069550,0.384480,63497.672189,63500,63500,63494
2026-08-17 10:06:00,1862,63.723620,0.034223,30.427630,33.295990,63492.545252,63470,63501,63470
2026-08-17 10:07:00,955,4.293850,0.004496,1.671660,2.622190,63480.465751,63470,63486,63470
2026-08-17 10:08:00,97,1.808370,0.018643,0.211210,1.597160,63469.691168,63470,63470,63470
2026-08-17 10:09:00,1154,8.546750,0.007406,0.983730,7.563020,63459.314452,63456,63470,63454
2026-08-17 10:10:00,385,8.040540,0.020885,5.543620,2.496920,63457.224039,63458,63458,63456
2026-08-17 10:11:00,436,3.878880,0.008897,0.740410,3.138470,63458.069163,63458,63458,63458
2026-08-17 10:12:00,2044,13.890620,0.006796,2.229360,11.661260,63439.271946,63425,63458,63423
2026-08-17 10:13:00,1035,7.095990,0.006856,2.064280,5.031710,63434.314263,63434,63437,63425
2026-08-17 10:14:00,366,8.163940,0.022306,3.146290,5.017650,63434.362151,63434,63434,63434
2026-08-17 10:15:00,184,0.626230,0.003403,0.129590,0.496640,63433.781593,63434,63434,63434
2026-08-17 10:16:00,737,5.759130,0.007814,3.787570,1.971560,63425.481879,63424,63434,63424
2026-08-17 10:17:00,513,7.653950,0.014920,6.947510,0.706440,63420.200261,63420,63424,63420
2026-08-17 10:18:00,125,1.565170,0.012521,0.080100,1.485070,63420.000512,63420,63420,63420
2026-08-17 10:19:00,1943,17.508170,0.009011,14.194040,3.314130,63428.260963,63451,63451,63420
2026-08-17 10:20:00,634,3.652690,0.005761,1.124760,2.527930,63448.995714,63447,63451,63447
2026-08-17 10:21:00,1711,6.240920,0.003648,2.692820,3.548100,63425.348228,63417,63447,63417
2026-08-17 10:22:00,308,6.078660,0.019736,3.432950,2.645710,63415.944543,63415,63417,63415
2026-08-17 10:23:00,835,13.011970,0.015583,9.560800,3.451170,63412.998193,63415,63415,63413
2026-08-17 10:24:00,965,1.553450,0.001610,0.152750,1.400700,63413.598579,63413,63415,63413
2026-08-17 10:25:00,465,10.686870,0.022983,10.218320,0.468550,63413.485395,63417,63417,63413
2026-08-17 10:26:00,906,17.403100,0.019209,16.621830,0.781270,63420.633623,63429,63429,63417
2026-08-17 10:27:00,337,9.855470,0.029245,9.470480,0.384990,63429.771806,63431,63431,63429
2026-08-17 10:28:00,1336,10.037360,0.007513,1.543280,8.494080,63420.484776,63405,63431,63405
2026-08-17 10:29:00,492,7.850320,0.015956,7.411370,0.438950,63405.257768,63411,63411,63405
2026-08-17 10:30:00,605,9.593790,0.015858,8.398850,1.194940,63411.987749,63418,63418,63411
2026-08-17 10:31:00,167,0.921540,0.005518,0.722050,0.199490,63418.227835,63418,63418,63418
2026-08-17 10:32:00,459,8.781170,0.019131,8.410560,0.370610,63419.096700,63423,63423,63418
2026-08-17 10:33:00,880,16.469260,0.018715,14.590890,1.878370,63428.665182,63435,63435,63423
2026-08-17 10:34:00,1392,10.561500,0.007587,2.901430,7.660070,63431.319122,63423,63435,63423
2026-08-17 10:35:00,523,6.790330,0.012983,4.435900,2.354430,63419.437229,63414,63423,63414
2026-08-17 10:36:00,115,3.345790,0.029094,3.130160,0.215630,63414.489356,63414,63414,63414
2026-08-17 10:37:00,804,4.647900,0.005781,1.788880,2.859020,63409.518019,63406,63414,63406
2026-08-17 10:38:00,102,0.570560,0.005594,0.344530,0.226030,63406.006038,63406,63406,63406
2026-08-17 10:39:00,136,0.541030,0.003978,0.063220,0.477810,63406.001169,63406,63406,63406
2026-08-17 10:40:00,610,7.016610,0.011503,0.093980,6.922630,63402.042548,63399,63406,63399
2026-08-17 10:41:00,432,1.841450,0.004263,0.093560,1.747890,63393.768917,63390,63399,63390
2026-08-17 10:42:00,80,4.329990,0.054125,3.200660,1.129330,63390.007392,63390,63390,63390
2026-08-17 10:43:00,687,11.522260,0.016772,3.296770,8.225490,63383.796845,63379,63390,63379
2026-08-17 10:44:00,206,4.856110,0.023573,3.309490,1.546620,63379.426815,63379,63379,63379
2026-08-17 10:45:00,691,4.092010,0.005922,3.130400,0.961610,63377.895612,63378,63379,63378
2026-08-17 10:46:00,574,5.591790,0.009742,3.343440,2.248350,63375.122594,63375,63378,63374
2026-08-17 10:47:00,152,1.786010,0.011750,0.326910,1.459100,63374.841830,63375,63375,63375
2026-08-17 10:48:00,88,0.767920,0.008726,0.129640,0.638280,63374.841688,63375,63375,63375
2026-08-17 10:49:00,370,3.698480,0.009996,0.389250,3.309230,63373.562227,63370,63375,63370
2026-08-17 10:50:00,67,0.424280,0.006333,0.037340,0.386940,63370.000880,63370,63370,63370
2026-08-17 10:51:00,838,13.091210,0.015622,4.374150,8.717060,63366.157300,63360,63370,63360
2026-08-17 10:52:00,649,13.050170,0.020108,5.607800,7.442370,63356.329115,63354,63360,63354
2026-08-17 10:53:00,142,3.722180,0.026213,3.358180,0.364000,63353.589022,63354,63354,63354
2026-08-17 10:54:00,385,4.472950,0.011618,0.976690,3.496260,63351.243331,63350,63354,63350
2026-08-17 10:55:00,2340,13.602240,0.005813,13.393300,0.208940,63359.634649,63386,63386,63350
2026-08-17 10:56:00,2175,5.270870,0.002423,1.533320,3.737550,63375.908307,63383,63386,63368
2026-08-17 10:57:00,1822,3.973900,0.002181,3.272730,0.701170,63395.960547,63408,63408,63383
2026-08-17 10:58:00,158,0.319490,0.002022,0.118620,0.200870,63407.995033,63408,63408,63408
2026-08-17 10:59:00,917,4.291100,0.004679,0.753900,3.537200,63401.797577,63391,63408,63391
2026-08-17 11:00:00,500,2.853860,0.005708,0.138720,2.715140,63388.669171,63381,63391,63381
2026-08-17 11:01:00,1875,3.431240,0.001830,3.134610,0.296630,63388.663654,63406,63406,63381
2026-08-17 11:02:00,1541,6.773840,0.004396,3.157510,3.616330,63401.373750,63394,63409,63392
2026-08-17 11:03:00,114,0.698100,0.006124,0.185370,0.512730,63394.382655,63394,63394,63394
2026-08-17 11:04:00,979,1.943830,0.001986,0.839340,1.104490,63389.565614,63392,63394,63386
2026-08-17 11:05:00,208,0.928900,0.004466,0.284690,0.644210,63392.128873,63394,63394,63392
2026-08-17 11:06:00,165,1.394680,0.008453,0.806570,0.588110,63394.021098,63394,63394,63394
2026-08-17 11:07:00,315,3.362390,0.010674,2.172950,1.189440,63394.368995,63394,63394,63394
2026-08-17 11:08:00,138,2.354550,0.017062,0.127610,2.226940,63394.370542,63394,63394,63394
2026-08-17 11:09:00,905,5.393830,0.005960,4.655010,0.738820,63400.919306,63408,63408,63394
2026-08-17 11:10:00,504,9.773130,0.019391,8.903240,0.869890,63414.022526,63420,63420,63408
2026-08-17 11:11:00,600,2.579860,0.004300,1.220480,1.359380,63417.008953,63415,63420,63415
2026-08-17 11:12:00,53,0.517310,0.009761,0.265450,0.251860,63415.265131,63415,63415,63415
2026-08-17 11:13:00,331,1.159790,0.003504,0.372410,0.787380,63415.898879,63416,63416,63415
2026-08-17 11:14:00,478,3.251570,0.006802,3.043540,0.208030,63418.416942,63420,63420,63416
2026-08-17 11:15:00,283,9.429500,0.033320,4.457120,4.972380,63420.441529,63423,63423,63420
2026-08-17 11:16:00,461,1.933890,0.004195,1.169630,0.764260,63426.411753,63428,63428,63423
2026-08-17 11:17:00,781,5.216470,0.006679,0.215550,5.000920,63424.211742,63420,63428,63420
2026-08-17 11:18:00,197,2.060130,0.010458,1.706420,0.353710,63420.014147,63420,63420,63420
2026-08-17 11:19:00,2060,6.849740,0.003325,0.465040,6.384700,63399.849689,63381,63420,63381
2026-08-17 11:20:00,66,0.624430,0.009461,0.237330,0.387100,63381.403801,63381,63381,63381
2026-08-17 11:21:00,310,8.985690,0.028986,8.840780,0.144910,63381.428800,63382,63382,63381
2026-08-17 11:22:00,1693,7.335710,0.004333,5.205790,2.129920,63378.094450,63381,63382,63370
2026-08-17 11:23:00,275,3.760050,0.013673,3.395020,0.365030,63381.480416,63381,63381,63381
2026-08-17 11:24:00,2701,12.345160,0.004571,2.307670,10.037490,63352.619190,63346,63381,63334
2026-08-17 11:25:00,414,1.098290,0.002653,0.727970,0.370320,63349.159424,63350,63350,63346
2026-08-17 11:26:00,1007,2.184360,0.002169,0.949690,1.234670,63353.867764,63369,63369,63350
2026-08-17 11:27:00,192,4.209350,0.021924,3.130260,1.079090,63369.208256,63369,63369,63369
2026-08-17 11:28:00,95,1.162820,0.012240,1.062090,0.100730,63369.339134,63369,63369,63369
2026-08-17 11:29:00,1115,8.244290,0.007394,7.936520,0.307770,63379.005301,63382,63382,63369
2026-08-17 11:30:00,261,6.757120,0.025889,6.157270,0.599850,63381.579112,63382,63382,63382
2026-08-17 11:31:00,878,3.119120,0.003553,0.645270,2.473850,63378.907727,63371,63382,63371
2026-08-17 11:32:00,1954,10.311710,0.005277,6.968570,3.343140,63365.139751,63359,63371,63359
2026-08-17 11:33:00,1647,23.751160,0.014421,7.778620,15.972540,63342.609474,63338,63359,63336
2026-08-17 11:34:00,362,4.205760,0.011618,3.821700,0.384060,63342.077733,63342,63342,63338
2026-08-17 11:35:00,244,5.941670,0.024351,3.377310,2.564360,63342.385684,63342,63342,63342
2026-08-17 11:36:00,380,6.166860,0.016229,3.217730,2.949130,63338.279292,63338,63342,63338
2026-08-17 11:37:00,213,5.287250,0.024823,3.617320,1.669930,63338.232225,63339,63339,63338
2026-08-17 11:38:00,1490,13.582860,0.009116,5.059130,8.523730,63328.278601,63321,63339,63320
2026-08-17 11:39:00,1859,6.119630,0.003292,5.108280,1.011350,63326.708225,63332,63332,63320
2026-08-17 11:40:00,462,4.930810,0.010673,3.599700,1.331110,63331.328369,63329,63332,63329
2026-08-17 11:41:00,512,3.555360,0.006944,1.125650,2.429710,63327.366044,63322,63329,63322
2026-08-17 11:42:00,381,7.283960,0.019118,4.202980,3.080980,63321.466606,63320,63322,63320
2026-08-17 11:43:00,541,7.755750,0.014336,3.932810,3.822940,63312.367559,63310,63320,63310
2026-08-17 11:44:00,524,5.097630,0.009728,4.418330,0.679300,63310.046026,63310,63310,63310
2026-08-17 11:45:00,122,1.293150,0.010600,0.595140,0.698010,63310.104602,63310,63310,63310
2026-08-17 11:46:00,567,3.091520,0.005452,1.543240,1.548280,63310.845029,63313,63313,63310
2026-08-17 11:47:00,422,2.120880,0.005026,1.266580,0.854300,63312.795320,63313,63313,63313
2026-08-17 11:48:00,347,5.924430,0.017073,3.840330,2.084100,63312.901060,63313,63313,63313
2026-08-17 11:49:00,1007,9.981200,0.009912,1.959440,8.021760,63300.290064,63295,63313,63295
2026-08-17 11:50:00,885,7.458540,0.008428,2.618990,4.839550,63296.161670,63301,63301,63295
2026-08-17 11:51:00,336,8.810730,0.026222,3.732320,5.078410,63301.305296,63301,63301,63301
2026-08-17 11:52:00,1551,16.961530,0.010936,15.264640,1.696890,63312.544137,63318,63318,63301
2026-08-17 11:53:00,795,3.459820,0.004352,3.231500,0.228320,63318.803700,63321,63321,63318
2026-08-17 11:54:00,711,4.696570,0.006606,4.402750,0.293820,63323.468749,63324,63324,63321
2026-08-17 11:55:00,320,4.700820,0.014690,3.820120,0.880700,63323.971451,63324,63324,63324
2026-08-17 11:56:00,118,4.487960,0.038034,3.713970,0.773990,63323.968275,63324,63324,63324
2026-08-17 11:57:00,90,0.993430,0.011038,0.601260,0.392170,63323.966052,63324,63324,63324
2026-08-17 11:58:00,116,1.335240,0.011511,0.946790,0.388450,63323.967091,63324,63324,63324
2026-08-17 11:59:00,133,1.236150,0.009294,0.702850,0.533300,63323.965686,63324,63324,63324
2026-08-17 12:00:00,137,1.847740,0.013487,1.361690,0.486050,63323.967369,63324,63324,63324
2026-08-17 12:01:00,242,5.814900,0.024029,4.820560,0.994340,63323.970100,63324,63324,63324
2026-08-17 12:02:00,239,3.738730,0.015643,3.620300,0.118430,63323.980462,63324,63324,63324
2026-08-17 12:03:00,268,3.795360,0.014162,3.176060,0.619300,63323.993084,63324,63324,63324
2026-08-17 12:04:00,1277,6.201700,0.004856,5.651290,0.550410,63335.231206,63338,63338,63324
2026-08-17 12:05:00,185,3.618960,0.019562,3.300860,0.318100,63338.290911,63338,63338,63338
2026-08-17 12:06:00,1164,24.165590,0.020761,17.806590,6.359000,63330.767741,63330,63338,63326
2026-08-17 12:07:00,89,0.696570,0.007827,0.350370,0.346200,63329.935030,63330,63330,63330
2026-08-17 12:08:00,745,8.496440,0.011405,7.316450,1.179990,63331.174829,63332,63332,63330
2026-08-17 12:09:00,307,4.335210,0.014121,3.869290,0.465920,63332.074790,63332,63332,63332
2026-08-17 12:10:00,1831,10.612130,0.005796,3.976960,6.635170,63317.114026,63300,63332,63300
2026-08-17 12:11:00,1435,6.652370,0.004636,6.029180,0.623190,63306.348352,63317,63317,63300
2026-08-17 12:12:00,573,8.763640,0.015294,6.099890,2.663750,63319.018442,63320,63320,63317
2026-08-17 12:13:00,837,5.549420,0.006630,2.606750,2.942670,63321.909895,63329,63329,63320
2026-08-17 12:14:00,545,4.612890,0.008464,3.548990,1.063900,63334.440971,63337,63337,63329
2026-08-17 12:15:00,111,1.332960,0.012009,0.579160,0.753800,63336.904345,63337,63337,63337
2026-08-17 12:16:00,417,3.593850,0.008618,3.174120,0.419730,63336.927336,63337,63337,63337
2026-08-17 12:17:00,891,14.357790,0.016114,8.658080,5.699710,63343.505352,63347,63347,63337
2026-08-17 12:18:00,1114,8.056430,0.007232,4.696940,3.359490,63345.561917,63345,63348,63344
2026-08-17 12:19:00,1955,19.968850,0.010214,3.388460,16.580390,63318.578617,63304,63345,63304
2026-08-17 12:20:00,119,0.879860,0.007394,0.255830,0.624030,63304.002908,63304,63304,63304
2026-08-17 12:21:00,468,4.104060,0.008769,1.103790,3.000270,63310.588046,63312,63312,63304
2026-08-17 12:22:00,803,2.382640,0.002967,2.023200,0.359440,63313.729762,63321,63321,63312
2026-08-17 12:23:00,508,0.721030,0.001419,0.515520,0.205510,63326.245567,63328,63328,63321
2026-08-17 12:24:00,310,1.813400,0.005850,1.312950,0.500450,63331.056964,63335,63335,63328
2026-08-17 12:25:00,93,0.846360,0.009101,0.557700,0.288660,63335.026589,63335,63335,63335
2026-08-17 12:26:00,832,2.056680,0.002472,1.981380,0.075300,63338.726706,63346,63346,63335
2026-08-17 12:27:00,566,12.966670,0.022909,12.049040,0.917630,63348.497015,63349,63349,63346
2026-08-17 12:28:00,194,4.114840,0.021211,3.893390,0.221450,63348.511177,63349,63349,63348
2026-08-17 12:29:00,1365,4.901740,0.003591,4.542460,0.359280,63356.644056,63363,63363,63349
2026-08-17 12:30:00,3827,18.236500,0.004765,14.563580,3.672920,63410.115575,63448,63448,63363
2026-08-17 12:31:00,3513,25.471610,0.007251,10.417120,15.054490,63464.161119,63470,63470,63448
2026-08-17 12:32:00,1451,19.793800,0.013641,14.827540,4.966260,63473.723395,63480,63480,63470
2026-08-17 12:33:00,3615,15.337970,0.004243,5.527020,9.810950,63482.870914,63460,63500,63460
2026-08-17 12:34:00,1605,13.274970,0.008271,8.477840,4.797130,63458.844294,63461,63466,63454
2026-08-17 12:35:00,1534,10.362320,0.006755,9.987810,0.374510,63471.001709,63479,63479,63461
2026-08-17 12:36:00,1478,5.689280,0.003849,5.146440,0.542840,63495.862874,63512,63512,63479
2026-08-17 12:37:00,2959,24.852920,0.008399,18.789010,6.063910,63532.943882,63551,63551,63512
2026-08-17 12:38:00,3018,16.406620,0.005436,8.414430,7.992190,63559.211107,63561,63566,63548
2026-08-17 12:39:00,2130,9.183660,0.004312,4.319340,4.864320,63549.666213,63550,63561,63540
2026-08-17 12:40:00,1554,4.700330,0.003025,0.489850,4.210480,63545.444614,63529,63550,63529
2026-08-17 12:41:00,962,9.607180,0.009987,7.420870,2.186310,63523.797670,63532,63532,63512
2026-08-17 12:42:00,2562,13.158290,0.005136,12.557640,0.600650,63550.562430,63565,63565,63532
2026-08-17 12:43:00,723,8.094670,0.011196,6.002570,2.092100,63568.343790,63570,63570,63565
2026-08-17 12:44:00,2669,15.647440,0.005863,7.973910,7.673530,63578.808697,63565,63589,63565
2026-08-17 12:45:00,3335,46.762590,0.014022,35.609760,11.152830,63611.891252,63640,63647,63565
2026-08-17 12:46:00,3912,34.491180,0.008817,16.818980,17.672200,63642.923364,63610,63660,63610
2026-08-17 12:47:00,3361,34.446750,0.010249,23.541430,10.905320,63628.772761,63639,63643,63610
2026-08-17 12:48:00,1498,8.042790,0.005369,4.768970,3.273820,63645.887333,63637,63650,63637
2026-08-17 12:49:00,929,6.073150,0.006537,3.224100,2.849050,63636.478677,63638,63638,63633
2026-08-17 12:50:00,1289,16.871450,0.013089,8.293790,8.577660,63623.723856,63624,63638,63612
2026-08-17 12:51:00,517,7.547810,0.014599,4.235910,3.311900,63623.761317,63621,63624,63621
2026-08-17 12:52:00,1177,13.755560,0.011687,1.719270,12.036290,63607.387398,63606,63621,63600
2026-08-17 12:53:00,1578,20.693420,0.013114,1.198920,19.494500,63616.114691,63616,63621,63603
2026-08-17 12:54:00,1437,29.415160,0.020470,6.986590,22.428570,63622.681795,63625,63625,63616
2026-08-17 12:55:00,1427,22.398110,0.015696,3.609080,18.789030,63627.607908,63619,63639,63619
2026-08-17 12:56:00,1825,10.400020,0.005699,7.051100,3.348920,63610.887453,63629,63629,63603
2026-08-17 12:57:00,2111,13.819070,0.006546,11.845080,1.973990,63654.836277,63664,63665,63629
2026-08-17 12:58:00,966,5.012910,0.005189,0.662750,4.350160,63654.333474,63644,63664,63644
2026-08-17 12:59:00,2765,14.118510,0.005106,9.644190,4.474320,63660.898970,63682,63684,63644
2026-08-17 13:00:00,2041,10.183900,0.004990,5.247380,4.936520,63684.567543,63692,63694,63676
2026-08-17 13:01:00,2508,9.863240,0.003933,3.739790,6.123450,63669.289414,63652,63692,63652
2026-08-17 13:02:00,1198,4.218330,0.003521,3.955770,0.262560,63658.771876,63669,63669,63652
2026-08-17 13:03:00,1891,13.338580,0.007054,11.232550,2.106030,63695.103347,63702,63704,63669
2026-08-17 13:04:00,2655,9.486740,0.003573,1.736910,7.749830,63697.567935,63676,63705,63676
2026-08-17 13:05:00,642,5.369440,0.008364,1.580470,3.788970,63668.209668,63661,63676,63661
2026-08-17 13:06:00,1437,6.160680,0.004287,4.129620,2.031060,63656.029255,63669,63671,63650
2026-08-17 13:07:00,1253,18.052400,0.014407,1.722430,16.329970,63663.194751,63660,63669,63655
2026-08-17 13:08:00,505,19.924750,0.039455,0.319090,19.605660,63659.524296,63658,63660,63658
2026-08-17 13:09:00,549,3.969550,0.007231,2.603760,1.365790,63651.564335,63650,63658,63650
2026-08-17 13:10:00,649,4.783300,0.007370,3.255810,1.527490,63653.791540,63655,63655,63650
2026-08-17 13:11:00,1441,11.937670,0.008284,5.010810,6.926860,63642.780194,63643,63655,63635
2026-08-17 13:12:00,521,4.492870,0.008624,4.073710,0.419160,63643.761486,63648,63648,63643
2026-08-17 13:13:00,1375,5.028800,0.003657,4.860620,0.168180,63661.068752,63663,63663,63648
2026-08-17 13:14:00,339,0.817910,0.002413,0.550630,0.267280,63663.600427,63664,63664,63663
2026-08-17 13:15:00,510,2.429480,0.004764,2.216050,0.213430,63664.925135,63669,63669,63664
2026-08-17 13:16:00,2065,15.293910,0.007406,2.363850,12.930060,63650.311400,63648,63669,63637
2026-08-17 13:17:00,755,4.424530,0.005860,2.483430,1.941100,63646.283021,63646,63648,63644
2026-08-17 13:18:00,3147,9.028730,0.002869,5.523490,3.505240,63676.588023,63690,63693,63646
2026-08-17 13:19:00,1588,6.473590,0.004077,0.701210,5.772380,63669.467207,63662,63690,63662
2026-08-17 13:20:00,879,2.206280,0.002510,0.776740,1.429540,63658.390000,63653,63662,63653
2026-08-17 13:21:00,1542,6.332770,0.004107,5.729790,0.602980,63659.035540,63670,63670,63653
2026-08-17 13:22:00,1313,2.712010,0.002066,2.443590,0.268420,63685.364842,63694,63694,63670
2026-08-17 13:23:00,561,4.567630,0.008142,0.390630,4.177000,63690.999494,63688,63694,63688
2026-08-17 13:24:00,113,0.413990,0.003664,0.260300,0.153690,63687.686288,63688,63688,63688
2026-08-17 13:25:00,634,4.090290,0.006452,1.065280,3.025010,63682.075337,63678,63688,63678
2026-08-17 13:26:00,1323,14.237820,0.010762,0.350870,13.886950,63672.528368,63654,63678,63654
2026-08-17 13:27:00,1108,27.893070,0.025174,7.904490,19.988580,63656.152429,63653,63664,63653
2026-08-17 13:28:00,350,9.195980,0.026274,1.686260,7.509720,63652.806678,63652,63653,63652
2026-08-17 13:29:00,171,0.662780,0.003876,0.503470,0.159310,63651.667596,63652,63652,63652
2026-08-17 13:30:00,691,2.998270,0.004339,2.556290,0.441980,63656.354974,63660,63660,63652
2026-08-17 13:31:00,587,3.966900,0.006758,3.742110,0.224790,63664.178851,63666,63666,63660
2026-08-17 13:32:00,596,2.290070,0.003842,1.427150,0.862920,63667.045461,63672,63672,63666
2026-08-17 13:33:00,1741,6.973160,0.004005,3.915200,3.057960,63686.340916,63691,63693,63672
2026-08-17 13:34:00,252,2.595100,0.010298,0.282180,2.312920,63691.249255,63691,63691,63691
2026-08-17 13:35:00,300,1.606150,0.005354,0.224540,1.381610,63690.914607,63691,63691,63691
2026-08-17 13:36:00,1669,6.417820,0.003845,3.813370,2.604450,63681.498395,63683,63691,63678
2026-08-17 13:37:00,674,1.052530,0.001562,0.804450,0.248080,63688.301922,63690,63690,63683
2026-08-17 13:38:00,104,1.473190,0.014165,0.682000,0.791190,63689.994629,63690,63690,63690
2026-08-17 13:39:00,283,1.870640,0.006610,0.595910,1.274730,63689.993186,63690,63690,63690
2026-08-17 13:40:00,354,1.639930,0.004633,1.159870,0.480060,63691.532558,63692,63692,63690
2026-08-17 13:41:00,116,1.351800,0.011653,0.472080,0.879720,63692.363492,63692,63692,63692
2026-08-17 13:42:00,331,5.303340,0.016022,0.411080,4.892260,63691.957324,63690,63692,63690
2026-08-17 13:43:00,517,3.271760,0.006328,1.759890,1.511870,63690.992299,63693,63693,63690
2026-08-17 13:44:00,69,0.667320,0.009671,0.188940,0.478380,63692.992831,63693,63693,63693
2026-08-17 13:45:00,192,1.570410,0.008179,0.463650,1.106760,63692.992952,63693,63693,63693
2026-08-17 13:46:00,4085,24.969160,0.006112,19.148140,5.821020,63735.578897,63745,63762,63693
2026-08-17 13:47:00,1549,5.215900,0.003367,1.350130,3.865770,63741.978821,63736,63746,63736
2026-08-17 13:48:00,2005,7.748820,0.003865,6.011930,1.736890,63755.287333,63766,63766,63736
2026-08-17 13:49:00,1878,7.731860,0.004117,4.364340,3.367520,63771.984856,63779,63782,63766
2026-08-17 13:50:00,2343,14.986790,0.006396,1.775100,13.211690,63757.109404,63730,63779,63730
2026-08-17 13:51:00,1619,11.766760,0.007268,4.693040,7.073720,63704.741486,63690,63730,63690
2026-08-17 13:52:00,1586,11.404810,0.007191,2.869630,8.535180,63669.390181,63654,63690,63652
2026-08-17 13:53:00,658,4.110370,0.006247,2.950400,1.159970,63654.436151,63653,63655,63652
2026-08-17 13:54:00,1525,13.293160,0.008717,3.666330,9.626830,63645.139909,63653,63653,63634
2026-08-17 13:55:00,535,2.783070,0.005202,0.254510,2.528560,63652.870943,63648,63653,63648
2026-08-17 13:56:00,906,7.378450,0.008144,5.611360,1.767090,63640.653401,63638,63648,63638
2026-08-17 13:57:00,647,5.585920,0.008634,1.967170,3.618750,63633.500962,63628,63638,63628
2026-08-17 13:58:00,427,5.568780,0.013042,0.344780,5.224000,63619.335584,63618,63628,63616
2026-08-17 13:59:00,827,10.425260,0.012606,5.143650,5.281610,63609.022490,63605,63618,63605
2026-08-17 14:00:00,2531,22.795520,0.009007,13.042520,9.753000,63606.044407,63632,63633,63587
2026-08-17 14:01:00,1977,9.861500,0.004988,6.142200,3.719300,63628.078816,63613,63632,63613
2026-08-17 14:02:00,1037,4.829920,0.004658,1.590720,3.239200,63613.580087,63608,63617,63608
2026-08-17 14:03:00,2178,5.910060,0.002714,5.504700,0.405360,63633.052535,63644,63644,63608
2026-08-17 14:04:00,1122,4.354540,0.003881,3.688530,0.666010,63652.920934,63661,63661,63644
2026-08-17 14:05:00,2410,13.644010,0.005661,7.933890,5.710120,63640.468667,63621,63661,63621
2026-08-17 14:06:00,804,4.952710,0.006160,1.818510,3.134200,63618.499974,63616,63621,63616
2026-08-17 14:07:00,1178,6.832280,0.005800,1.810970,5.021310,63610.678263,63600,63616,63600
2026-08-17 14:08:00,1322,13.807440,0.010444,10.946190,2.861250,63603.197662,63628,63628,63590
2026-08-17 14:09:00,442,9.360920,0.021179,3.177250,6.183670,63630.624651,63631,63631,63628
2026-08-17 14:10:00,2639,7.520680,0.002850,1.847360,5.673320,63622.143932,63628,63631,63611
2026-08-17 14:11:00,305,1.721890,0.005646,1.514590,0.207300,63628.811915,63630,63630,63628
2026-08-17 14:12:00,1079,9.491920,0.008797,0.948920,8.543000,63623.953578,63620,63630,63618
2026-08-17 14:13:00,2363,12.723630,0.005385,7.320460,5.403170,63643.973805,63676,63676,63620
2026-08-17 14:14:00,1256,4.560860,0.003631,0.364020,4.196840,63674.929784,63663,63680,63663
2026-08-17 14:15:00,112,0.770900,0.006883,0.603090,0.167810,63662.947823,63663,63663,63663
2026-08-17 14:16:00,1428,5.238280,0.003668,0.920380,4.317900,63652.588367,63639,63664,63639
2026-08-17 14:17:00,659,1.818460,0.002759,0.815450,1.003010,63627.281345,63622,63639,63622
2026-08-17 14:18:00,720,2.438950,0.003387,0.223270,2.215680,63618.685334,63614,63622,63614
2026-08-17 14:19:00,891,6.327890,0.007102,0.645930,5.681960,63605.202431,63603,63614,63603
2026-08-17 14:20:00,344,3.792550,0.011025,0.700020,3.092530,63602.863389,63602,63603,63602
2026-08-17 14:21:00,787,4.714710,0.005991,3.566730,1.147980,63611.486199,63615,63615,63602
2026-08-17 14:22:00,615,5.692800,0.009257,1.620210,4.072590,63614.989020,63621,63621,63615
2026-08-17 14:23:00,106,0.658760,0.006215,0.226310,0.432450,63620.923435,63621,63621,63621
2026-08-17 14:24:00,3110,13.285060,0.004272,10.617860,2.667200,63617.200273,63633,63633,63609
2026-08-17 14:25:00,1027,2.186540,0.002129,0.175640,2.010900,63631.242245,63620,63633,63620
2026-08-17 14:26:00,1805,3.062220,0.001697,1.230260,1.831960,63613.991874,63612,63620,63609
2026-08-17 14:27:00,2852,41.011900,0.014380,3.969090,37.042810,63588.308731,63545,63619,63545
2026-08-17 14:28:00,3633,15.206900,0.004186,7.650150,7.556750,63548.148840,63565,63565,63533
2026-08-17 14:29:00,1642,20.811680,0.012675,12.968390,7.843290,63569.590290,63580,63585,63555
2026-08-17 14:30:00,257,1.403840,0.005462,0.817440,0.586400,63579.855406,63580,63580,63580
2026-08-17 14:31:00,1782,6.276010,0.003522,5.692760,0.583250,63601.328513,63636,63636,63580
2026-08-17 14:32:00,2267,9.397340,0.004145,2.712950,6.684390,63637.585565,63632,63644,63632
2026-08-17 14:33:00,2129,3.092260,0.001452,0.188840,2.903420,63616.165790,63601,63632,63601
2026-08-17 14:34:00,1050,2.747090,0.002616,1.923460,0.823630,63603.463651,63610,63610,63600
2026-08-17 14:35:00,1485,3.715170,0.002502,1.402170,2.313000,63605.976097,63608,63610,63600
2026-08-17 14:36:00,798,2.458210,0.003080,1.546160,0.912050,63615.088134,63618,63618,63608
2026-08-17 14:37:00,1681,3.966360,0.002360,0.394380,3.571980,63612.321364,63602,63618,63602
2026-08-17 14:38:00,993,1.776150,0.001789,0.389160,1.386990,63595.578310,63588,63602,63588
2026-08-17 14:39:00,1058,3.653260,0.003453,0.229080,3.424180,63578.808372,63569,63588,63569
2026-08-17 14:40:00,1502,4.703140,0.003131,0.206270,4.496870,63553.883066,63540,63569,63540
2026-08-17 14:41:00,2341,9.728420,0.004156,7.770060,1.958360,63552.790912,63581,63581,63534
2026-08-17 14:42:00,1023,3.709990,0.003627,0.267420,3.442570,63579.133580,63576,63581,63576
2026-08-17 14:43:00,1819,4.295880,0.002362,2.896170,1.399710,63566.738353,63575,63576,63561
2026-08-17 14:44:00,1765,5.119200,0.002900,1.893240,3.225960,63565.506159,63570,63575,63556
2026-08-17 14:45:00,176,3.504920,0.019914,1.206190,2.298730,63569.703441,63570,63570,63570
2026-08-17 14:46:00,2533,19.382400,0.007652,13.209270,6.173130,63601.782976,63618,63618,63570
2026-08-17 14:47:00,532,3.378690,0.006351,2.601950,0.776740,63618.084325,63622,63622,63618
2026-08-17 14:48:00,1478,5.998850,0.004059,1.089410,4.909440,63626.625350,63620,63628,63620
2026-08-17 14:49:00,1862,7.431270,0.003991,4.073540,3.357730,63612.640985,63616,63620,63606
2026-08-17 14:50:00,901,2.811020,0.003120,0.595010,2.216010,63605.945368,63598,63616,63598
2026-08-17 14:51:00,2031,7.701800,0.003792,0.503670,7.198130,63582.984695,63567,63598,63567
2026-08-17 14:52:00,997,3.153950,0.003163,0.678170,2.475780,63558.276092,63554,63567,63554
2026-08-17 14:53:00,1081,23.923190,0.022131,4.684480,19.238710,63550.044352,63548,63554,63548
2026-08-17 14:54:00,530,4.399380,0.008301,3.122850,1.276530,63550.863148,63554,63554,63548
2026-08-17 14:55:00,488,2.146860,0.004399,0.265260,1.881600,63553.879095,63552,63554,63552
2026-08-17 14:56:00,1321,6.654260,0.005037,5.589960,1.064300,63559.475760,63575,63575,63552
2026-08-17 14:57:00,698,1.714750,0.002457,1.447490,0.267260,63580.453805,63584,63584,63575
2026-08-17 14:58:00,1016,3.027050,0.002979,0.824050,2.203000,63577.746791,63572,63584,63572
2026-08-17 14:59:00,172,3.429350,0.019938,3.306750,0.122600,63572.339642,63572,63572,63572
2026-08-17 15:00:00,1867,4.426990,0.002371,0.242110,4.184880,63560.794779,63555,63572,63555
2026-08-17 15:01:00,509,4.159700,0.008172,3.130590,1.029110,63553.245277,63552,63555,63552
2026-08-17 15:02:00,1208,6.156410,0.005096,0.400860,5.755550,63547.270936,63533,63552,63533
2026-08-17 15:03:00,765,2.432660,0.003180,0.650780,1.781880,63530.698322,63528,63533,63528
2026-08-17 15:04:00,2503,8.178760,0.003268,2.652690,5.526070,63515.727351,63525,63528,63510
2026-08-17 15:05:00,318,2.466420,0.007756,0.303190,2.163230,63525.171426,63522,63525,63522
2026-08-17 15:06:00,558,2.330190,0.004176,1.301580,1.028610,63522.374465,63525,63525,63522
2026-08-17 15:07:00,2003,5.503460,0.002748,3.392480,2.110980,63545.080278,63550,63550,63525
2026-08-17 15:08:00,1191,7.070290,0.005936,1.444920,5.625370,63551.455332,63542,63554,63542
2026-08-17 15:09:00,489,4.810580,0.009838,0.126000,4.684580,63541.836926,63541,63542,63541
2026-08-17 15:10:00,1003,6.522360,0.006503,3.948040,2.574320,63547.679689,63555,63555,63541
2026-08-17 15:11:00,817,7.313350,0.008951,0.519470,6.793880,63557.793427,63558,63558,63555
2026-08-17 15:12:00,679,1.757760,0.002589,1.250080,0.507680,63561.510515,63568,63568,63558
2026-08-17 15:13:00,614,4.576370,0.007453,2.882450,1.693920,63572.565192,63574,63574,63568
2026-08-17 15:14:00,1984,7.522070,0.003791,3.053830,4.468240,63569.010844,63578,63578,63556
2026-08-17 15:15:00,957,8.449720,0.008829,4.825640,3.624080,63570.283090,63566,63578,63566
2026-08-17 15:16:00,1728,24.902090,0.014411,0.259900,24.642190,63545.302591,63532,63566,63532
2026-08-17 15:17:00,1518,4.592550,0.003025,1.593020,2.999530,63516.309948,63506,63532,63506
2026-08-17 15:18:00,835,5.220900,0.006253,0.565940,4.654960,63497.690137,63492,63506,63492
2026-08-17 15:19:00,538,3.585430,0.006664,0.829210,2.756220,63492.604021,63494,63494,63491
2026-08-17 15:20:00,570,4.585870,0.008045,1.857710,2.728160,63487.961548,63488,63494,63485
2026-08-17 15:21:00,348,1.700570,0.004887,0.271490,1.429080,63488.469464,63488,63488,63488
2026-08-17 15:22:00,223,4.234060,0.018987,3.081760,1.152300,63488.007278,63488,63488,63488
2026-08-17 15:23:00,689,5.812520,0.008436,0.197000,5.615520,63482.477878,63477,63488,63477
2026-08-17 15:24:00,164,1.433850,0.008743,0.642640,0.791210,63477.014482,63477,63477,63477
2026-08-17 15:25:00,878,4.528080,0.005157,0.113450,4.414630,63471.084881,63464,63477,63464
2026-08-17 15:26:00,3270,9.093190,0.002781,5.283420,3.809770,63453.677957,63468,63468,63444
2026-08-17 15:27:00,1006,4.183880,0.004159,2.605610,1.578270,63471.595486,63478,63478,63468
2026-08-17 15:28:00,143,0.862970,0.006035,0.457670,0.405300,63478.165303,63478,63478,63478
2026-08-17 15:29:00,2570,9.001000,0.003502,6.354680,2.646320,63496.744208,63488,63522,63478
2026-08-17 15:30:00,655,2.741870,0.004186,2.334700,0.407170,63494.502621,63499,63499,63488
2026-08-17 15:31:00,3790,13.481230,0.003557,7.793900,5.687330,63501.699993,63481,63516,63481
2026-08-17 15:32:00,6297,22.229340,0.003530,18.589180,3.640160,63570.461711,63618,63618,63481
2026-08-17 15:33:00,8052,32.862570,0.004081,18.076850,14.785720,63661.234516,63696,63696,63618
2026-08-17 15:34:00,5926,16.239910,0.002740,6.461940,9.777970,63693.705296,63694,63703,63675
2026-08-17 15:35:00,6594,21.715960,0.003293,12.725310,8.990650,63724.833745,63705,63750,63694
2026-08-17 15:36:00,5175,15.998470,0.003091,10.511160,5.487310,63720.966124,63739,63750,63696
2026-08-17 15:37:00,4648,17.267000,0.003715,10.381860,6.885140,63745.062025,63757,63762,63716
2026-08-17 15:38:00,4528,10.107760,0.002232,3.310200,6.797560,63739.497397,63730,63757,63716
2026-08-17 15:39:00,4251,12.206270,0.002871,6.739930,5.466340,63716.386858,63718,63740,63701
2026-08-17 15:40:00,4243,17.523220,0.004130,9.788820,7.734400,63714.140752,63711,63734,63688
2026-08-17 15:41:00,1963,11.876780,0.006050,9.608190,2.268590,63723.989556,63733,63738,63711
2026-08-17 15:42:00,5478,21.681210,0.003958,14.873940,6.807270,63765.434617,63766,63788,63733
2026-08-17 15:43:00,3341,11.072530,0.003314,5.818450,5.254080,63786.383788,63770,63800,63766
2026-08-17 15:44:00,2802,7.436580,0.002654,0.953180,6.483400,63732.778845,63711,63770,63711
2026-08-17 15:45:00,4472,26.540780,0.005935,12.411340,14.129440,63674.847274,63662,63711,63656
2026-08-17 15:46:00,3692,11.387900,0.003084,5.870950,5.516950,63647.607981,63664,63668,63625
2026-08-17 15:47:00,4781,16.499960,0.003451,4.409280,12.090680,63630.116182,63620,63664,63596
2026-08-17 15:48:00,2198,6.169980,0.002807,1.706140,4.463840,63621.777825,63606,63633,63606
2026-08-17 15:49:00,3713,14.360440,0.003868,10.945700,3.414740,63652.128841,63680,63682,63606
2026-08-17 15:50:00,2795,6.283200,0.002248,4.793900,1.489300,63692.719598,63714,63714,63678
2026-08-17 15:51:00,2917,9.391290,0.003220,4.244010,5.147280,63718.994415,63701,63730,63701
2026-08-17 15:52:00,1771,5.739280,0.003241,2.323090,3.416190,63682.327727,63678,63701,63672
2026-08-17 15:53:00,3778,14.768720,0.003909,9.686920,5.081800,63674.324630,63660,63700,63646
2026-08-17 15:54:00,3516,16.858870,0.004795,10.908230,5.950640,63671.032322,63653,63697,63653
2026-08-17 15:55:00,1469,7.936130,0.005402,3.265230,4.670900,63650.870523,63644,63658,63640
2026-08-17 15:56:00,2821,11.349380,0.004023,4.950300,6.399080,63628.166977,63633,63648,63614
2026-08-17 15:57:00,1948,17.796560,0.009136,10.426350,7.370210,63629.503525,63628,63644,63626
2026-08-17 15:58:00,2717,9.557490,0.003518,6.376430,3.181060,63651.250278,63666,63669,63628
2026-08-17 15:59:00,1437,4.056490,0.002823,2.320510,1.735980,63676.072723,63682,63682,63666
2026-08-17 16:00:00,2426,5.349220,0.002205,2.354910,2.994310,63669.873769,63672,63682,63660
2026-08-17 16:01:00,1828,5.451250,0.002982,1.713340,3.737910,63663.717847,63648,63673,63648
2026-08-17 16:02:00,1908,6.067130,0.003180,4.727280,1.339850,63655.030339,63655,63661,63648
2026-08-17 16:03:00,3933,16.180980,0.004114,11.123850,5.057130,63681.793086,63648,63700,63648
2026-08-17 16:04:00,2887,10.070240,0.003488,6.663640,3.406600,63637.041274,63648,63648,63630
2026-08-17 16:05:00,3436,12.038090,0.003504,5.600580,6.437510,63638.135299,63628,63649,63628
2026-08-17 16:06:00,2159,7.066740,0.003273,3.948150,3.118590,63626.242561,63625,63633,63620
2026-08-17 16:07:00,2395,10.044650,0.004194,2.623400,7.421250,63613.623681,63598,63634,63596
2026-08-17 16:08:00,3295,13.869330,0.004209,8.896940,4.972390,63610.379287,63617,63624,63588
2026-08-17 16:09:00,2219,7.607600,0.003428,5.094690,2.512910,63615.310477,63625,63628,63604
2026-08-17 16:10:00,1717,5.003130,0.002914,3.378050,1.625080,63628.256093,63642,63642,63619
2026-08-17 16:11:00,2918,10.376260,0.003556,8.468910,1.907350,63670.801715,63684,63684,63642
2026-08-17 16:12:00,1556,3.574010,0.002297,1.460050,2.113960,63692.564258,63696,63696,63684
2026-08-17 16:13:00,3172,6.751380,0.002128,4.018760,2.732620,63704.851718,63712,63718,63688
2026-08-17 16:14:00,3787,23.193910,0.006125,17.034390,6.159520,63705.666078,63694,63730,63666
2026-08-17 16:15:00,2894,11.142990,0.003850,3.123580,8.019410,63687.034425,63699,63699,63678
2026-08-17 16:16:00,2511,9.752470,0.003884,7.704150,2.048320,63725.926751,63736,63736,63699
2026-08-17 16:17:00,2330,5.647580,0.002424,2.124760,3.522820,63727.261150,63702,63740,63702
2026-08-17 16:18:00,3028,8.495140,0.002806,2.172550,6.322590,63692.691095,63674,63706,63670
2026-08-17 16:19:00,2796,11.598960,0.004148,1.825440,9.773520,63650.860746,63633,63682,63633
2026-08-17 16:20:00,2507,12.521550,0.004995,6.399690,6.121860,63670.551967,63690,63690,63633
2026-08-17 16:21:00,1736,15.711750,0.009051,5.365720,10.346030,63686.013887,63674,63696,63674
2026-08-17 16:22:00,1418,5.040370,0.003555,1.918600,3.121770,63666.305089,63661,63674,63661
2026-08-17 16:23:00,946,6.877110,0.007270,3.630360,3.246750,63655.736797,63652,63661,63652
2026-08-17 16:24:00,2480,8.806320,0.003551,5.634550,3.171770,63650.354601,63664,63664,63634
2026-08-17 16:25:00,2518,6.719110,0.002668,2.991860,3.727250,63652.767491,63668,63668,63637
2026-08-17 16:26:00,1137,6.187440,0.005442,2.861520,3.325920,63666.229037,63649,63672,63649
2026-08-17 16:27:00,1780,8.768800,0.004926,1.377280,7.391520,63645.430661,63640,63654,63640
2026-08-17 16:28:00,2636,20.451190,0.007758,10.105230,10.345960,63623.532421,63626,63640,63616
2026-08-17 16:29:00,2262,8.302850,0.003671,3.743430,4.559420,63604.846516,63598,63626,63592
2026-08-17 16:30:00,2188,6.079700,0.002779,3.174730,2.904970,63617.883110,63624,63627,63598
2026-08-17 16:31:00,1514,4.523800,0.002988,0.966750,3.557050,63612.892170,63599,63624,63599
2026-08-17 16:32:00,3478,10.271560,0.002953,7.319750,2.951810,63621.428041,63648,63657,63594
2026-08-17 16:33:00,1495,7.478470,0.005002,3.472720,4.005750,63644.787545,63654,63654,63640
2026-08-17 16:34:00,1623,6.867860,0.004232,6.245470,0.622390,63672.468932,63688,63688,63654
2026-08-17 16:35:00,1440,6.067250,0.004213,3.113190,2.954060,63696.339126,63689,63704,63688
2026-08-17 16:36:00,3942,30.632290,0.007771,11.601270,19.031020,63657.453085,63635,63689,63628
2026-08-17 16:37:00,1410,3.234450,0.002294,1.594660,1.639790,63640.309600,63644,63644,63635
2026-08-17 16:38:00,1252,3.707940,0.002962,2.651320,1.056620,63648.182293,63656,63656,63644
2026-08-17 16:39:00,2316,9.329930,0.004028,0.508330,8.821600,63627.221533,63603,63658,63603
2026-08-17 16:40:00,554,2.234310,0.004033,1.095950,1.138360,63600.122983,63601,63603,63599
2026-08-17 16:41:00,1902,5.219890,0.002744,4.006520,1.213370,63618.729510,63631,63633,63601
2026-08-17 16:42:00,1302,2.697840,0.002072,0.677190,2.020650,63623.877193,63612,63631,63612
2026-08-17 16:43:00,1248,3.157020,0.002530,1.680760,1.476260,63619.579900,63625,63625,63611
2026-08-17 16:44:00,718,3.593820,0.005005,1.313800,2.280020,63624.914724,63621,63625,63621
2026-08-17 16:45:00,648,3.171950,0.004895,2.247680,0.924270,63623.423119,63625,63625,63620
2026-08-17 16:46:00,1259,3.478740,0.002763,1.238510,2.240230,63630.588837,63630,63633,63625
2026-08-17 16:47:00,1511,3.518550,0.002329,2.212430,1.306120,63621.908112,63620,63630,63616
2026-08-17 16:48:00,818,3.035590,0.003711,2.804480,0.231110,63624.917120,63632,63632,63620
2026-08-17 16:49:00,2502,9.545450,0.003815,8.010250,1.535200,63662.797263,63686,63688,63632
2026-08-17 16:50:00,2702,11.659780,0.004315,10.024120,1.635660,63719.009462,63748,63748,63686
2026-08-17 16:51:00,2442,11.149850,0.004566,4.931720,6.218130,63752.692504,63751,63760,63747
2026-08-17 16:52:00,4184,36.987580,0.008840,32.569020,4.418560,63799.032884,63830,63830,63751
2026-08-17 16:53:00,5455,24.300870,0.004455,10.635600,13.665270,63803.956120,63762,63840,63762
2026-08-17 16:54:00,1456,6.108550,0.004195,2.832300,3.276250,63762.700673,63758,63768,63758
2026-08-17 16:55:00,1264,13.207120,0.010449,9.238930,3.968190,63756.212590,63765,63765,63751
2026-08-17 16:56:00,2753,9.002720,0.003270,6.223910,2.778810,63795.962235,63816,63816,63765
2026-08-17 16:57:00,2093,6.986610,0.003338,2.201550,4.785060,63814.427969,63806,63828,63806
2026-08-17 16:58:00,1409,5.262750,0.003735,1.824180,3.438570,63814.823341,63822,63824,63806
2026-08-17 16:59:00,1402,9.783500,0.006978,4.610480,5.173020,63830.522274,63840,63840,63822
2026-08-17 17:00:00,6176,37.854340,0.006129,33.855830,3.998510,63881.162050,63903,63905,63840
2026-08-17 17:01:00,4453,84.348230,0.018942,33.905570,50.442660,63884.463132,63888,63906,63864
2026-08-17 17:02:00,4593,17.066740,0.003716,12.138500,4.928240,63903.148433,63918,63922,63881
2026-08-17 17:03:00,3117,43.211540,0.013863,17.151710,26.059830,63911.862735,63895,63924,63895
2026-08-17 17:04:00,530,4.214100,0.007951,0.760270,3.453830,63895.385571,63895,63897,63895
2026-08-17 17:05:00,2236,11.307370,0.005057,7.265840,4.041530,63908.547330,63921,63923,63895
2026-08-17 17:06:00,3405,35.079770,0.010302,22.379370,12.700400,63944.920138,63966,63966,63921
2026-08-17 17:07:00,4761,18.467290,0.003879,9.976230,8.491060,63973.793872,63970,63990,63952
2026-08-17 17:08:00,4221,24.952190,0.005911,3.722810,21.229380,63943.127105,63918,63970,63914
2026-08-17 17:09:00,2476,28.498650,0.011510,5.507920,22.990730,63894.891321,63884,63918,63883
2026-08-17 17:10:00,2300,24.723870,0.010750,22.964120,1.759750,63891.555120,63920,63922,63884
2026-08-17 17:11:00,4268,17.856760,0.004184,10.207830,7.648930,63947.844603,63939,63968,63920
2026-08-17 17:12:00,3755,19.844050,0.005285,10.243090,9.600960,63952.340229,63966,63966,63939
2026-08-17 17:13:00,3805,17.270520,0.004539,7.686820,9.583700,63953.485226,63922,63970,63922
2026-08-17 17:14:00,3001,15.269170,0.005088,5.497720,9.771450,63916.434348,63900,63925,63900
2026-08-17 17:15:00,2235,11.942620,0.005343,2.918920,9.023700,63883.725258,63869,63900,63866
2026-08-17 17:16:00,3226,11.333650,0.003513,7.467180,3.866470,63892.888027,63908,63911,63869
2026-08-17 17:17:00,1893,13.140120,0.006941,2.712410,10.427710,63884.752359,63871,63908,63871
2026-08-17 17:18:00,1302,13.458310,0.010337,3.489870,9.968440,63868.671353,63862,63871,63862
2026-08-17 17:19:00,1804,14.534230,0.008057,0.901830,13.632400,63848.049840,63837,63862,63837
2026-08-17 17:20:00,1790,21.369600,0.011938,7.554680,13.814920,63823.837192,63814,63837,63812
2026-08-17 17:21:00,2160,7.800730,0.003611,5.528310,2.272420,63819.523586,63830,63830,63814
2026-08-17 17:22:00,1458,8.746870,0.005999,7.057720,1.689150,63836.922919,63846,63846,63830
2026-08-17 17:23:00,559,3.645090,0.006521,1.292840,2.352250,63844.818474,63842,63846,63842
2026-08-17 17:24:00,1606,8.172570,0.005089,3.779760,4.392810,63842.303269,63851,63851,63839
2026-08-17 17:25:00,1509,5.269850,0.003492,3.881950,1.387900,63858.528083,63866,63866,63851
2026-08-17 17:26:00,1534,3.202740,0.002088,2.479150,0.723590,63873.212968,63882,63882,63866
2026-08-17 17:27:00,2337,7.819990,0.003346,7.150090,0.669900,63901.244125,63915,63915,63882
2026-08-17 17:28:00,2725,10.721870,0.003935,10.397930,0.323940,63937.752017,63962,63962,63915
2026-08-17 17:29:00,9153,215.674480,0.023563,132.503400,83.171080,64018.778796,64096,64116,63951
2026-08-17 17:30:00,5734,57.355710,0.010003,25.700890,31.654820,64061.853421,64045,64096,64045
2026-08-17 17:31:00,7075,63.919770,0.009035,37.096960,26.822810,64059.907491,64056,64080,64037
2026-08-17 17:32:00,2362,14.275900,0.006044,8.548230,5.727670,64040.951755,64035,64056,64030
2026-08-17 17:33:00,2494,33.343230,0.013369,9.733090,23.610140,64014.285116,64010,64035,64008
2026-08-17 17:34:00,2301,13.972090,0.006072,6.809360,7.162730,64001.543698,64004,64010,63993
2026-08-17 17:35:00,1648,12.198720,0.007402,4.846560,7.352160,63999.189062,63993,64005,63988
2026-08-17 17:36:00,1915,14.594070,0.007621,9.111480,5.482590,64020.183739,64034,64034,63993
2026-08-17 17:37:00,2296,9.946300,0.004332,8.161810,1.784490,64047.690740,64068,64068,64034
2026-08-17 17:38:00,3106,22.841830,0.007354,6.985950,15.855880,64061.670501,64078,64078,64045
2026-08-17 17:39:00,3714,21.752090,0.005857,10.316500,11.435590,64089.593641,64083,64104,64078
2026-08-17 17:40:00,1573,10.436690,0.006635,1.639830,8.796860,64078.725879,64068,64084,64068
2026-08-17 17:41:00,1345,10.995830,0.008175,3.546590,7.449240,64058.245198,64055,64068,64054
2026-08-17 17:42:00,2187,18.640050,0.008523,12.511030,6.129020,64053.621224,64077,64077,64038
2026-08-17 17:43:00,3308,19.032380,0.005753,11.743570,7.288810,64098.379891,64092,64108,64077
2026-08-17 17:44:00,3727,17.619650,0.004728,6.489430,11.130220,64110.134681,64108,64120,64092
2026-08-17 17:45:00,1401,9.889810,0.007059,1.192310,8.697500,64093.951875,64083,64108,64083
2026-08-17 17:46:00,1234,31.464850,0.025498,1.554470,29.910380,64082.826523,64080,64084,64080
2026-08-17 17:47:00,1151,8.723540,0.007579,6.752620,1.970920,64084.553178,64092,64092,64080
2026-08-17 17:48:00,2523,13.873340,0.005499,12.565060,1.308280,64117.670315,64132,64132,64092
2026-08-17 17:49:00,3848,25.678780,0.006673,11.980320,13.698460,64137.451516,64148,64152,64120
2026-08-17 17:50:00,3598,15.429820,0.004288,11.158490,4.271330,64162.504907,64167,64171,64148
2026-08-17 17:51:00,2859,32.147110,0.011244,16.614720,15.532390,64167.410024,64179,64180,64158
2026-08-17 17:52:00,1511,6.348110,0.004201,5.602560,0.745550,64188.713277,64196,64196,64179
2026-08-17 17:53:00,3347,21.655420,0.006470,10.448070,11.207350,64193.011377,64197,64200,64173
2026-08-17 17:54:00,3265,25.448440,0.007794,19.638080,5.810360,64208.606361,64227,64227,64196
2026-08-17 17:55:00,749,9.062680,0.012100,2.045740,7.016940,64223.200490,64217,64227,64217
2026-08-17 17:56:00,4013,41.121960,0.010247,11.987710,29.134250,64175.770593,64163,64217,64152
2026-08-17 17:57:00,2917,15.566750,0.005337,10.275100,5.291650,64181.378239,64200,64200,64163
2026-08-17 17:58:00,1573,10.677180,0.006788,3.893490,6.783690,64197.294787,64186,64200,64186
2026-08-17 17:59:00,2113,16.129460,0.007633,6.803030,9.326430,64165.876706,64154,64186,64152
2026-08-17 18:00:00,2387,13.032780,0.005460,12.231500,0.801280,64174.181616,64200,64200,64154
2026-08-17 18:01:00,4138,27.349210,0.006609,7.208320,20.140890,64198.922477,64172,64216,64172
2026-08-17 18:02:00,2376,17.025610,0.007166,9.063590,7.962020,64181.420881,64186,64200,64170
2026-08-17 18:03:00,991,8.406830,0.008483,4.798990,3.607840,64190.397216,64195,64195,64186
2026-08-17 18:04:00,3280,14.567370,0.004441,4.728830,9.838540,64160.587177,64149,64195,64140
2026-08-17 18:05:00,944,9.822510,0.010405,5.752210,4.070300,64149.349348,64155,64155,64147
2026-08-17 18:06:00,1921,12.489680,0.006502,6.073860,6.415820,64162.446800,64162,64172,64155
2026-08-17 18:07:00,2420,13.949450,0.005764,5.530760,8.418690,64159.890574,64148,64165,64148
2026-08-17 18:08:00,850,5.299440,0.006235,0.968200,4.331240,64149.801212,64149,64151,64148
2026-08-17 18:09:00,2034,11.099100,0.005457,2.280540,8.818560,64139.559848,64131,64149,64131
2026-08-17 18:10:00,1810,19.612910,0.010836,4.842150,14.770760,64123.197106,64113,64131,64112
2026-08-17 18:11:00,1550,19.740700,0.012736,6.507150,13.233550,64112.882558,64104,64116,64104
2026-08-17 18:12:00,2486,24.331370,0.009787,8.095620,16.235750,64081.534112,64083,64104,64061
2026-08-17 18:13:00,1721,6.181570,0.003592,5.242290,0.939280,64097.157269,64108,64108,64083
2026-08-17 18:14:00,1085,5.140130,0.004737,1.874490,3.265640,64101.754469,64092,64108,64092
2026-08-17 18:15:00,1460,8.811840,0.006036,2.033170,6.778670,64082.242005,64078,64092,64071
2026-08-17 18:16:00,539,6.222540,0.011545,0.692790,5.529750,64070.248902,64071,64078,64065
2026-08-17 18:17:00,1010,9.526490,0.009432,7.936660,1.589830,64085.184956,64092,64092,64071
2026-08-17 18:18:00,1243,8.579990,0.006903,3.694170,4.885820,64079.278792,64075,64092,64073
2026-08-17 18:19:00,1071,6.731350,0.006285,6.294990,0.436360,64082.162542,64086,64086,64075
2026-08-17 18:20:00,3414,29.482190,0.008636,15.996110,13.486080,64099.285227,64081,64116,64076
2026-08-17 18:21:00,2094,11.214400,0.005355,5.178490,6.035910,64091.026006,64072,64098,64072
2026-08-17 18:22:00,2149,9.029170,0.004202,5.183930,3.845240,64070.498443,64084,64084,64058
2026-08-17 18:23:00,3404,14.710280,0.004321,12.224070,2.486210,64121.885454,64131,64140,64084
2026-08-17 18:24:00,2868,17.863960,0.006229,9.222590,8.641370,64127.936147,64081,64146,64081
2026-08-17 18:25:00,2445,11.159220,0.004564,6.212940,4.946280,64092.405894,64099,64103,64074
2026-08-17 18:26:00,1411,6.140560,0.004352,3.676700,2.463860,64092.448832,64098,64099,64084
2026-08-17 18:27:00,2886,10.726450,0.003717,5.922690,4.803760,64117.052907,64116,64128,64098
2026-08-17 18:28:00,1688,26.555840,0.015732,4.289600,22.266240,64113.318052,64113,64116,64100
2026-08-17 18:29:00,967,4.427130,0.004578,2.082930,2.344200,64105.727493,64098,64113,64098
2026-08-17 18:30:00,856,2.312460,0.002701,1.175620,1.136840,64098.253748,64097,64102,64097
2026-08-17 18:31:00,1865,7.818330,0.004192,5.637250,2.181080,64106.611076,64116,64116,64097
2026-08-17 18:32:00,1717,8.137260,0.004739,4.302200,3.835060,64101.317271,64092,64118,64088
2026-08-17 18:33:00,2131,20.067360,0.009417,7.701080,12.366280,64094.084719,64118,64118,64080
2026-08-17 18:34:00,1825,8.891680,0.004872,6.268750,2.622930,64112.909241,64123,64123,64108
2026-08-17 18:35:00,620,4.098480,0.006610,2.898940,1.199540,64124.918404,64127,64128,64123
2026-08-17 18:36:00,2219,16.584900,0.007474,7.975950,8.608950,64122.049075,64112,64132,64110
2026-08-17 18:37:00,1774,5.963380,0.003362,4.418920,1.544460,64114.260407,64121,64121,64110
2026-08-17 18:38:00,2386,7.202680,0.003019,5.024510,2.178170,64137.413540,64145,64145,64121
2026-08-17 18:39:00,1439,9.930720,0.006901,7.685790,2.244930,64151.332868,64151,64155,64145
2026-08-17 18:40:00,1879,6.694820,0.003563,5.772890,0.921930,64161.250079,64172,64172,64151
2026-08-17 18:41:00,1766,9.818330,0.005560,1.390620,8.427710,64171.658082,64155,64174,64155
2026-08-17 18:42:00,1338,19.110200,0.014283,7.110460,11.999740,64143.533792,64136,64155,64136
2026-08-17 18:43:00,508,13.195710,0.025976,0.848060,12.347650,64135.392102,64133,64136,64133
2026-08-17 18:44:00,1251,32.588170,0.026050,7.366700,25.221470,64122.668575,64107,64133,64107
2026-08-17 18:45:00,862,23.954880,0.027790,0.622930,23.331950,64099.153149,64084,64107,64084
2026-08-17 18:46:00,654,3.158820,0.004830,0.761830,2.396990,64079.106324,64080,64084,64076
2026-08-17 18:47:00,979,4.871310,0.004976,3.538120,1.333190,64082.617009,64090,64090,64080
2026-08-17 18:48:00,169,2.301280,0.013617,0.305500,1.995780,64090.057994,64091,64091,64090
2026-08-17 18:49:00,1920,6.109440,0.003182,5.404400,0.705040,64101.363057,64112,64112,64091
2026-08-17 18:50:00,2451,3.704770,0.001512,2.746560,0.958210,64127.199994,64133,64133,64112
2026-08-17 18:51:00,2221,8.853120,0.003986,1.334470,7.518650,64125.355577,64104,64139,64104
2026-08-17 18:52:00,660,10.457310,0.015844,9.550890,0.906420,64104.308701,64108,64108,64104
2026-08-17 18:53:00,2121,9.191370,0.004334,5.134460,4.056910,64121.705290,64116,64130,64108
2026-08-17 18:54:00,1364,15.529870,0.011386,1.965060,13.564810,64099.576964,64083,64116,64082
2026-08-17 18:55:00,1980,10.915270,0.005513,2.126360,8.788910,64087.618575,64083,64096,64083
2026-08-17 18:56:00,1072,8.867230,0.008272,2.854600,6.012630,64081.139270,64085,64085,64078
2026-08-17 18:57:00,1453,4.368700,0.003007,4.012220,0.356480,64100.362129,64114,64114,64085
2026-08-17 18:58:00,519,2.760150,0.005318,1.656690,1.103460,64116.029929,64120,64120,64114
2026-08-17 18:59:00,1144,6.248590,0.005462,1.333890,4.914700,64113.896167,64111,64120,64108
2026-08-17 19:00:00,452,1.679590,0.003716,0.400240,1.279350,64115.036617,64116,64116,64111
2026-08-17 19:01:00,222,0.548030,0.002469,0.210980,0.337050,64115.937750,64116,64116,64116
2026-08-17 19:02:00,1548,4.229950,0.002733,0.984320,3.245630,64109.048523,64105,64116,64102
2026-08-17 19:03:00,374,2.298740,0.006146,0.581480,1.717260,64104.643046,64104,64105,64104
2026-08-17 19:04:00,438,1.902080,0.004343,1.339410,0.562670,64103.736609,64105,64105,64104
2026-08-17 19:05:00,1239,8.846720,0.007140,0.051570,8.795150,64099.646914,64089,64105,64089
2026-08-17 19:06:00,1076,3.109130,0.002890,1.397540,1.711590,64084.142451,64088,64089,64080
2026-08-17 19:07:00,656,7.197350,0.010972,0.527730,6.669620,64088.004141,64080,64089,64080
2026-08-17 19:08:00,1211,14.733970,0.012167,4.911310,9.822660,64081.643181,64075,64088,64075
2026-08-17 19:09:00,486,4.044950,0.008323,1.574340,2.470610,64075.708243,64078,64078,64075
2026-08-17 19:10:00,380,1.686510,0.004438,0.776610,0.909900,64077.182149,64073,64078,64073
2026-08-17 19:11:00,745,9.726060,0.013055,4.943140,4.782920,64062.412430,64060,64073,64060
2026-08-17 19:12:00,3253,13.329790,0.004098,5.761520,7.568270,64032.407787,64031,64060,64016
2026-08-17 19:13:00,1426,4.992570,0.003501,0.458570,4.534000,64025.161009,64014,64031,64014
2026-08-17 19:14:00,1937,13.677270,0.007061,5.072340,8.604930,64010.610362,64018,64018,64003
2026-08-17 19:15:00,2136,15.079950,0.007060,1.147760,13.932190,63998.496288,63984,64018,63984
2026-08-17 19:16:00,1384,22.366720,0.016161,5.473120,16.893600,63988.638247,64000,64000,63984
2026-08-17 19:17:00,1458,4.358440,0.002989,0.246390,4.112050,63987.579928,63979,64000,63979
2026-08-17 19:18:00,6985,48.720980,0.006975,41.838230,6.882750,64038.039296,64122,64122,63979
2026-08-17 19:19:00,9332,79.730160,0.008544,48.895450,30.834710,64203.283706,64261,64262,64122
2026-08-17 19:20:00,9831,62.517930,0.006359,31.506070,31.011860,64266.558091,64260,64294,64234
2026-08-17 19:21:00,6219,36.707780,0.005903,28.947270,7.760510,64293.287427,64318,64320,64258
2026-08-17 19:22:00,7950,46.436750,0.005841,31.283680,15.153070,64353.764099,64376,64376,64318
2026-08-17 19:23:00,9069,58.714280,0.006474,34.362860,24.351420,64393.930844,64416,64419,64344
2026-08-17 19:24:00,3881,24.714150,0.006368,6.585000,18.129150,64413.713677,64383,64425,64383
2026-08-17 19:25:00,5889,38.976330,0.006618,10.476180,28.500150,64363.228907,64318,64390,64309
2026-08-17 19:26:00,5451,55.209220,0.010128,10.887020,44.322200,64258.907643,64234,64318,64226
2026-08-17 19:27:00,5665,28.029760,0.004948,17.446780,10.582980,64261.485705,64276,64297,64220
2026-08-17 19:28:00,2215,13.583190,0.006132,7.972860,5.610330,64254.992723,64261,64276,64248
2026-08-17 19:29:00,3075,12.998810,0.004227,2.729030,10.269780,64241.647246,64220,64268,64219
2026-08-17 19:30:00,2134,11.985670,0.005617,6.570360,5.415310,64216.048103,64207,64231,64201
2026-08-17 19:31:00,2292,13.604450,0.005936,8.306090,5.298360,64212.747493,64212,64224,64204
2026-08-17 19:32:00,4496,36.646240,0.008151,24.568930,12.077310,64167.538958,64172,64212,64150
2026-08-17 19:33:00,2144,26.613330,0.012413,22.936410,3.676920,64176.353913,64173,64182,64172
2026-08-17 19:34:00,3117,33.107350,0.010622,27.442580,5.664770,64161.747687,64167,64174,64152
2026-08-17 19:35:00,2184,29.161880,0.013353,18.081540,11.080340,64152.727569,64138,64167,64138
2026-08-17 19:36:00,3793,44.487740,0.011729,26.490510,17.997230,64124.672222,64111,64138,64111
2026-08-17 19:37:00,6415,34.559170,0.005387,24.831360,9.727810,64096.981388,64138,64138,64066
2026-08-17 19:38:00,3194,30.851490,0.009659,23.397520,7.453970,64145.370437,64160,64160,64137
2026-08-17 19:39:00,5741,51.119620,0.008904,45.371280,5.748340,64187.851616,64256,64256,64142
2026-08-17 19:40:00,4288,35.386950,0.008253,19.583240,15.803710,64244.159691,64225,64258,64225
2026-08-17 19:41:00,4269,14.636670,0.003429,9.746710,4.889960,64239.200953,64238,64250,64206
2026-08-17 19:42:00,4298,14.689620,0.003418,11.467070,3.222550,64264.594950,64279,64284,64238
2026-08-17 19:43:00,2893,10.478700,0.003622,5.237530,5.241170,64267.484198,64268,64285,64248
2026-08-17 19:44:00,4228,33.722830,0.007976,21.427390,12.295440,64236.460173,64252,64268,64219
2026-08-17 19:45:00,2329,15.145630,0.006503,5.008560,10.137070,64242.531037,64225,64252,64225
2026-08-17 19:46:00,6451,21.741570,0.003370,16.968810,4.772760,64281.544143,64302,64328,64225
2026-08-17 19:47:00,2854,18.828420,0.006597,7.087270,11.741150,64276.532774,64270,64302,64260
2026-08-17 19:48:00,2681,39.046470,0.014564,16.617120,22.429350,64274.080571,64280,64285,64260
2026-08-17 19:49:00,3187,37.244050,0.011686,23.364190,13.879860,64291.873049,64290,64296,64280
2026-08-17 19:50:00,3234,27.787010,0.008592,21.194070,6.592940,64294.463197,64304,64304,64286
2026-08-17 19:51:00,5500,34.513530,0.006275,26.113940,8.399590,64304.592738,64307,64320,64286
2026-08-17 19:52:00,5874,31.109820,0.005296,21.678910,9.430910,64318.477459,64326,64338,64293
2026-08-17 19:53:00,4541,22.911680,0.005046,10.709340,12.202340,64325.516322,64325,64334,64315
2026-08-17 19:54:00,4057,23.095900,0.005693,4.773310,18.322590,64305.840165,64296,64340,64290
2026-08-17 19:55:00,2734,40.858370,0.014945,26.629950,14.228420,64295.695230,64316,64316,64287
2026-08-17 19:56:00,2288,8.327620,0.003640,3.410700,4.916920,64311.742652,64322,64324,64306
2026-08-17 19:57:00,1487,7.572000,0.005092,4.314800,3.257200,64328.334034,64326,64330,64322
2026-08-17 19:58:00,863,8.699130,0.010080,2.499220,6.199910,64329.523444,64326,64330,64326
2026-08-17 19:59:00,1175,6.384520,0.005434,3.029190,3.355330,64338.329526,64341,64344,64326
2026-08-17 20:00:00,955,16.197590,0.016961,3.784390,12.413200,64332.485154,64326,64341,64326
2026-08-17 20:01:00,4098,23.287000,0.005683,10.696570,12.590430,64335.442005,64304,64358,64304
2026-08-17 20:02:00,3254,22.918960,0.007043,13.437530,9.481430,64294.646421,64302,64314,64280
2026-08-17 20:03:00,1287,5.923560,0.004603,1.394220,4.529340,64311.131992,64305,64314,64302
2026-08-17 20:04:00,3359,30.227190,0.008999,20.524460,9.702730,64322.437831,64336,64336,64296
2026-08-17 20:05:00,2539,13.587030,0.005351,5.829530,7.757500,64336.047970,64342,64344,64327
2026-08-17 20:06:00,2898,10.703740,0.003693,3.058470,7.645270,64335.122986,64323,64349,64322
2026-08-17 20:07:00,866,6.704330,0.007742,3.981410,2.722920,64334.791694,64337,64340,64323
2026-08-17 20:08:00,2240,11.982190,0.005349,4.255900,7.726290,64315.759157,64324,64337,64311
2026-08-17 20:09:00,890,6.756860,0.007592,0.999420,5.757440,64321.106652,64316,64324,64316
2026-08-17 20:10:00,1533,8.000050,0.005219,5.155790,2.844260,64314.284474,64320,64320,64310
2026-08-17 20:11:00,1089,5.936630,0.005451,0.723120,5.213510,64313.850078,64306,64320,64306
2026-08-17 20:12:00,3073,27.704190,0.009015,18.022870,9.681320,64335.114213,64345,64350,64306
2026-08-17 20:13:00,2136,24.834490,0.011627,11.276400,13.558090,64341.148760,64354,64354,64335
2026-08-17 20:14:00,4112,19.970340,0.004857,9.604080,10.366260,64371.633548,64356,64384,64354
2026-08-17 20:15:00,1732,5.666960,0.003272,3.969480,1.697480,64369.406434,64377,64378,64356
2026-08-17 20:16:00,372,3.076690,0.008271,0.520130,2.556560,64376.013349,64372,64377,64372
2026-08-17 20:17:00,2492,9.256580,0.003715,7.856510,1.400070,64381.418216,64395,64395,64372
2026-08-17 20:18:00,4894,49.813980,0.010179,33.956540,15.857440,64436.714033,64464,64464,64395
2026-08-17 20:19:00,3326,34.644560,0.010416,15.417330,19.227230,64449.387482,64405,64464,64405
2026-08-17 20:20:00,2509,17.814560,0.007100,8.135660,9.678900,64391.199775,64400,64405,64379
2026-08-17 20:21:00,664,7.424700,0.011182,4.059700,3.365000,64403.340447,64404,64404,64400
2026-08-17 20:22:00,4154,33.093120,0.007967,30.894850,2.198270,64443.316647,64464,64464,64401
2026-08-17 20:23:00,4237,18.956440,0.004474,5.689320,13.267120,64454.791444,64460,64464,64439
2026-08-17 20:24:00,10154,176.108230,0.017344,124.153520,51.954710,64545.928387,64587,64603,64460
2026-08-17 20:25:00,5926,42.688570,0.007204,23.567020,19.121550,64575.102900,64543,64610,64541
2026-08-17 20:26:00,3800,14.385500,0.003786,8.452020,5.933480,64543.011327,64553,64561,64525
2026-08-17 20:27:00,4827,17.707130,0.003668,8.805510,8.901620,64532.538607,64556,64556,64514
2026-08-17 20:28:00,4043,23.157900,0.005728,13.173600,9.984300,64558.074427,64559,64570,64542
2026-08-17 20:29:00,3877,26.227660,0.006765,7.736310,18.491350,64534.928691,64496,64566,64496
2026-08-17 20:30:00,1960,17.902310,0.009134,6.431720,11.470590,64482.496808,64487,64496,64476
2026-08-17 20:31:00,4194,19.340110,0.004611,11.881860,7.458250,64499.481230,64480,64514,64480
2026-08-17 20:32:00,2845,12.164560,0.004276,4.202690,7.961870,64462.405003,64448,64480,64448
2026-08-17 20:33:00,1079,4.875380,0.004518,2.551100,2.324280,64438.030187,64426,64448,64426
2026-08-17 20:34:00,2126,11.666650,0.005488,6.565630,5.101020,64411.956505,64398,64426,64398
2026-08-17 20:35:00,2561,11.036450,0.004309,8.697810,2.338640,64411.039272,64414,64425,64398
2026-08-17 20:36:00,2836,12.409520,0.004376,10.778510,1.631010,64427.869262,64438,64438,64405
2026-08-17 20:37:00,4920,23.167690,0.004709,16.715630,6.452060,64472.174145,64471,64495,64438
2026-08-17 20:38:00,931,4.214690,0.004527,1.235700,2.978990,64458.041702,64449,64471,64449
2026-08-17 20:39:00,733,4.819910,0.006576,2.717050,2.102860,64447.917683,64450,64450,64442
2026-08-17 20:40:00,2135,9.195060,0.004307,5.052640,4.142420,64448.680389,64452,64459,64430
2026-08-17 20:41:00,2405,11.380430,0.004732,5.823570,5.556860,64463.847475,64471,64475,64446
2026-08-17 20:42:00,1128,6.053420,0.005367,3.496600,2.556820,64470.235008,64460,64476,64460
2026-08-17 20:43:00,1264,3.372950,0.002668,0.494870,2.878080,64445.854720,64428,64460,64428
2026-08-17 20:44:00,1431,8.040500,0.005619,7.525650,0.514850,64439.595504,64451,64451,64428
2026-08-17 20:45:00,2045,5.522340,0.002700,4.104360,1.417980,64461.635057,64462,64466,64451
2026-08-17 20:46:00,2407,7.673050,0.003188,0.943990,6.729060,64445.072753,64425,64462,64425
2026-08-17 20:47:00,649,2.208820,0.003403,1.622490,0.586330,64428.771716,64431,64431,64424
2026-08-17 20:47:59,235,3.538180,0.015056,0.773810,2.764370,64431.142187,64431,64431,64431
2026-08-17 20:49:00,3738,13.350260,0.003571,10.345440,3.004820,64434.731817,64452,64452,64420
2026-08-17 20:50:00,298,3.797300,0.012743,2.386310,1.410990,64454.402460,64455,64455,64452
2026-08-17 20:51:00,4391,18.086160,0.004119,10.644030,7.442130,64478.970840,64473,64490,64455
2026-08-17 20:52:00,2312,8.774410,0.003795,1.528260,7.246150,64456.095951,64437,64474,64437
2026-08-17 20:53:00,3934,34.660100,0.008810,21.463540,13.196560,64459.877245,64443,64476,64437
2026-08-17 20:54:00,2250,9.927640,0.004412,4.805530,5.122110,64442.557915,64435,64448,64435
2026-08-17 20:55:00,985,5.541020,0.005625,5.231840,0.309180,64437.298074,64444,64444,64435
2026-08-17 20:56:00,2256,4.840560,0.002146,4.111890,0.728670,64453.217518,64465,64465,64444
2026-08-17 20:57:00,2641,15.877590,0.006012,3.651530,12.226060,64446.743159,64437,64465,64435
2026-08-17 20:58:00,2425,21.140630,0.008718,7.381820,13.758810,64424.890058,64425,64437,64413
2026-08-17 20:59:00,2493,19.858670,0.007966,6.377870,13.480800,64429.772671,64430,64435,64417
2026-08-17 21:00:00,429,6.741960,0.015716,5.894400,0.847560,64427.327517,64429,64430,64427
2026-08-17 21:01:00,2755,12.996910,0.004718,5.324200,7.672710,64408.904770,64396,64429,64396
2026-08-17 21:02:00,2399,9.757560,0.004067,2.188020,7.569540,64389.812391,64376,64396,64376
2026-08-17 21:03:00,2352,31.807120,0.013523,3.163800,28.643320,64354.418300,64345,64376,64345
2026-08-17 21:04:00,1802,11.157260,0.006192,3.588280,7.568980,64331.019284,64321,64345,64320
2026-08-17 21:05:00,2599,8.191520,0.003152,6.292590,1.898930,64339.387233,64342,64350,64321
2026-08-17 21:06:00,907,3.507950,0.003868,3.096220,0.411730,64343.722591,64350,64350,64340
2026-08-17 21:07:00,1121,7.113860,0.006346,5.232290,1.881570,64352.826837,64366,64366,64350
2026-08-17 21:08:00,2313,5.845750,0.002527,3.140370,2.705380,64360.662813,64374,64374,64354
2026-08-17 21:09:00,3221,20.337370,0.006314,13.133180,7.204190,64404.345121,64412,64417,64375
2026-08-17 21:10:00,931,3.716710,0.003992,0.807220,2.909490,64404.598025,64398,64412,64398
2026-08-17 21:11:00,1311,12.463590,0.009507,3.505080,8.958510,64381.510732,64362,64398,64362
2026-08-17 21:12:00,1746,12.215710,0.006996,6.522950,5.692760,64369.156910,64366,64376,64362
2026-08-17 21:13:00,1472,4.931750,0.003350,3.031040,1.900710,64368.101522,64372,64374,64362
2026-08-17 21:14:00,1159,3.510390,0.003029,0.567170,2.943220,64360.096658,64354,64372,64354
2026-08-17 21:15:00,709,6.671070,0.009409,2.741710,3.929360,64341.498364,64332,64354,64332
2026-08-17 21:16:00,2743,18.530240,0.006755,17.599160,0.931080,64349.149896,64371,64372,64331
2026-08-17 21:17:00,891,6.116790,0.006865,1.269470,4.847320,64374.368530,64370,64376,64370
2026-08-17 21:18:00,3941,26.927230,0.006833,12.504810,14.422420,64372.386673,64366,64386,64356
2026-08-17 21:19:00,1439,6.331890,0.004400,1.980830,4.351060,64364.867062,64368,64368,64356
2026-08-17 21:20:00,1264,3.961380,0.003134,1.151550,2.809830,64350.200593,64337,64368,64337
2026-08-17 21:21:00,1963,18.188070,0.009265,17.262550,0.925520,64341.761071,64361,64361,64334
2026-08-17 21:22:00,2049,9.623840,0.004697,4.659880,4.963960,64351.591500,64353,64361,64344
2026-08-17 21:23:00,1431,8.580030,0.005996,2.410870,6.169160,64358.120330,64357,64360,64353
2026-08-17 21:24:00,966,2.158310,0.002234,1.702370,0.455940,64360.664181,64374,64374,64357
2026-08-17 21:25:00,641,3.595280,0.005609,1.355170,2.240110,64373.933519,64366,64376,64366
2026-08-17 21:26:00,2401,4.677090,0.001948,2.979650,1.697440,64363.228243,64382,64382,64350
2026-08-17 21:27:00,1399,4.866920,0.003479,3.822860,1.044060,64399.426069,64409,64410,64382
2026-08-17 21:28:00,464,3.705500,0.007986,0.313170,3.392330,64407.950143,64404,64409,64404
2026-08-17 21:29:00,801,3.220710,0.004021,2.309030,0.911680,64409.639631,64418,64418,64404
2026-08-17 21:30:00,849,4.106600,0.004837,0.067310,4.039290,64414.370793,64404,64418,64404
2026-08-17 21:31:00,1795,6.657740,0.003709,2.253030,4.404710,64388.657989,64373,64404,64373
2026-08-17 21:32:00,1348,5.615430,0.004166,3.323000,2.292430,64387.891024,64398,64398,64373
2026-08-17 21:33:00,1694,3.606280,0.002129,0.074910,3.531370,64383.195872,64368,64398,64368
2026-08-17 21:34:00,1171,4.550800,0.003886,0.094800,4.456000,64356.541772,64351,64368,64351
2026-08-17 21:35:00,243,2.022100,0.008321,0.514320,1.507780,64350.961270,64351,64351,64351
2026-08-17 21:36:00,1008,2.720930,0.002699,1.029150,1.691780,64347.879752,64341,64351,64341
2026-08-17 21:37:00,458,3.274290,0.007149,3.032640,0.241650,64341.586343,64348,64348,64341
2026-08-17 21:38:00,1652,4.941350,0.002991,3.610120,1.331230,64361.195298,64377,64377,64348
2026-08-17 21:39:00,1796,6.312930,0.003515,3.319140,2.993790,64374.370473,64386,64386,64367
2026-08-17 21:40:00,1569,9.211480,0.005871,3.623120,5.588360,64403.924389,64399,64410,64386
2026-08-17 21:41:00,943,3.389640,0.003595,2.173340,1.216300,64405.124007,64415,64415,64399
2026-08-17 21:42:00,1779,6.677750,0.003754,1.222050,5.455700,64408.000325,64402,64415,64402
2026-08-17 21:43:00,786,4.698440,0.005978,3.072560,1.625880,64405.176374,64414,64414,64402
2026-08-17 21:44:00,1896,5.470180,0.002885,0.731610,4.738570,64407.404481,64392,64414,64392
2026-08-17 21:45:00,2144,20.981620,0.009786,9.926800,11.054820,64369.373416,64369,64392,64349
2026-08-17 21:46:00,755,5.512500,0.007301,0.964680,4.547820,64364.799989,64368,64369,64362
2026-08-17 21:47:00,1739,10.047840,0.005778,6.418750,3.629090,64364.578799,64360,64374,64355
2026-08-17 21:48:00,379,1.883830,0.004971,0.344870,1.538960,64359.543266,64357,64360,64357
2026-08-17 21:49:00,573,1.605600,0.002802,0.433080,1.172520,64354.396486,64353,64357,64353
2026-08-17 21:50:00,512,4.073670,0.007956,3.006420,1.067250,64354.850148,64358,64358,64353
2026-08-17 21:51:00,293,1.240240,0.004233,0.384550,0.855690,64356.925929,64356,64358,64356
2026-08-17 21:52:00,1036,4.736360,0.004572,0.751330,3.985030,64354.263560,64345,64356,64345
2026-08-17 21:53:00,831,4.134760,0.004976,0.102540,4.032220,64337.967747,64330,64345,64330
2026-08-17 21:54:00,1449,6.938510,0.004788,3.220610,3.717900,64312.340415,64312,64330,64306
2026-08-17 21:55:00,233,1.341790,0.005759,0.529980,0.811810,64312.485490,64313,64313,64312
2026-08-17 21:56:00,227,2.028380,0.008936,0.486120,1.542260,64312.804082,64312,64313,64312
2026-08-17 21:57:00,1400,13.829640,0.009878,1.900560,11.929080,64293.832307,64288,64312,64288
2026-08-17 21:58:00,927,7.963690,0.008591,5.437070,2.526620,64291.063024,64295,64295,64288
2026-08-17 21:59:00,1617,5.847990,0.003617,3.950870,1.897120,64300.412574,64313,64313,64295
2026-08-17 22:00:00,1200,12.492510,0.010410,3.494570,8.997940,64315.964331,64310,64322,64310
2026-08-17 22:01:00,2330,6.924350,0.002972,1.759630,5.164720,64293.640711,64276,64310,64276
2026-08-17 22:02:00,950,4.625520,0.004869,4.184550,0.440970,64273.420139,64284,64284,64272
2026-08-17 22:03:00,1671,3.509500,0.002100,1.834980,1.674520,64278.782487,64279,64285,64272
2026-08-17 22:04:00,1111,5.424100,0.004882,2.092710,3.331390,64271.268855,64276,64279,64268
2026-08-17 22:05:00,1192,4.144510,0.003477,3.814900,0.329610,64288.445873,64299,64299,64276
2026-08-17 22:06:00,1003,1.982800,0.001977,0.729420,1.253380,64290.261185,64284,64299,64284
2026-08-17 22:07:00,589,14.359510,0.024379,4.178740,10.180770,64278.128157,64276,64284,64273
2026-08-17 22:08:00,642,3.412610,0.005316,0.671410,2.741200,64268.487670,64266,64276,64266
2026-08-17 22:09:00,847,3.636160,0.004293,3.376350,0.259810,64270.071432,64276,64277,64266
2026-08-17 22:10:00,1005,7.318140,0.007282,7.125340,0.192800,64277.866503,64292,64292,64276
2026-08-17 22:11:00,179,0.834550,0.004662,0.741540,0.093010,64292.128886,64292,64292,64292
2026-08-17 22:12:00,336,5.596040,0.016655,5.530940,0.065100,64292.246550,64295,64295,64292
2026-08-17 22:13:00,535,1.619290,0.003027,1.249600,0.369690,64298.861616,64301,64301,64295
2026-08-17 22:14:00,74,0.245380,0.003316,0.090390,0.154990,64301.243684,64301,64301,64301
2026-08-17 22:15:00,631,1.856090,0.002942,1.328780,0.527310,64304.554922,64309,64309,64301
2026-08-17 22:16:00,1240,7.358840,0.005935,0.653210,6.705630,64309.640164,64301,64313,64301
2026-08-17 22:17:00,759,4.013890,0.005288,2.791880,1.222010,64305.707579,64309,64309,64301
2026-08-17 22:18:00,1767,4.493350,0.002543,1.680770,2.812580,64299.820963,64305,64309,64294
2026-08-17 22:19:00,106,0.296120,0.002794,0.197260,0.098860,64305.176661,64305,64305,64305
2026-08-17 22:20:00,177,0.424360,0.002398,0.022020,0.402340,64304.991835,64304,64305,64304
2026-08-17 22:21:00,1362,3.136230,0.002303,2.983790,0.152440,64309.914726,64326,64326,64304
2026-08-17 22:22:00,138,0.218760,0.001585,0.097790,0.120970,64326.174041,64328,64328,64326
2026-08-17 22:23:00,1532,3.129640,0.002043,0.724220,2.405420,64331.713171,64323,64335,64322
2026-08-17 22:24:00,34,0.197390,0.005806,0.141050,0.056340,64322.507146,64323,64323,64322
2026-08-17 22:25:00,2177,9.126020,0.004192,8.472080,0.653940,64338.022151,64360,64360,64322
2026-08-17 22:26:00,719,1.663010,0.002313,0.323790,1.339220,64361.851017,64358,64364,64358
2026-08-17 22:27:00,1129,11.121020,0.009850,0.745620,10.375400,64361.481288,64360,64362,64358
2026-08-17 22:28:00,1454,3.732900,0.002567,1.210790,2.522110,64362.859965,64370,64370,64360
2026-08-17 22:29:00,1348,14.963850,0.011101,13.732020,1.231830,64387.112666,64414,64414,64370
2026-08-17 22:30:00,2183,20.491240,0.009387,7.633030,12.858210,64424.451030,64416,64434,64413
2026-08-17 22:31:00,1582,5.640350,0.003565,0.170900,5.469450,64408.416994,64395,64416,64395
2026-08-17 22:32:00,1346,3.016260,0.002241,0.140380,2.875880,64381.686807,64368,64395,64368
2026-08-17 22:33:00,1030,1.707090,0.001657,0.395060,1.312030,64361.583037,64360,64368,64354
2026-08-17 22:34:00,314,3.669420,0.011686,2.378110,1.291310,64360.561205,64362,64362,64360
2026-08-17 22:35:00,1191,1.983660,0.001666,1.354820,0.628840,64369.334121,64369,64374,64362
2026-08-17 22:36:00,589,2.135700,0.003626,0.125100,2.010600,64367.213867,64362,64369,64362
2026-08-17 22:37:00,1943,2.374100,0.001222,1.634790,0.739310,64375.216831,64379,64384,64362
2026-08-17 22:38:00,2714,3.625670,0.001336,0.851300,2.774370,64371.428514,64366,64379,64362
2026-08-17 22:39:00,1434,3.613880,0.002520,2.392280,1.221600,64372.210921,64380,64380,64364
2026-08-17 22:40:00,775,1.162240,0.001500,0.279160,0.883080,64375.688667,64370,64380,64370
2026-08-17 22:41:00,1141,2.277160,0.001996,1.734000,0.543160,64380.102588,64386,64386,64370
2026-08-17 22:42:00,321,1.473500,0.004590,1.382910,0.090590,64386.531128,64388,64388,64386
2026-08-17 22:43:00,662,2.673330,0.004038,2.196810,0.476520,64392.857472,64400,64400,64388
2026-08-17 22:44:00,1162,4.247900,0.003656,1.697930,2.549970,64401.307302,64393,64403,64393
2026-08-17 22:45:00,74,0.446070,0.006028,0.341820,0.104250,64393.267663,64393,64393,64393
2026-08-17 22:46:00,1321,2.469720,0.001870,1.667650,0.802070,64388.738266,64393,64393,64386
2026-08-17 22:47:00,1405,4.289550,0.003053,1.245350,3.044200,64388.338476,64369,64396,64369
2026-08-17 22:48:00,398,4.271750,0.010733,3.873770,0.397980,64367.202789,64368,64368,64367
2026-08-17 22:49:00,492,0.871450,0.001771,0.675120,0.196330,64369.324817,64370,64370,64368
2026-08-17 22:50:00,1230,2.221820,0.001806,0.153370,2.068450,64357.626780,64349,64371,64349
2026-08-17 22:51:00,691,1.644850,0.002380,0.068080,1.576770,64344.229550,64338,64349,64338
2026-08-17 22:52:00,1491,3.685440,0.002472,1.911500,1.773940,64340.120390,64338,64347,64338
2026-08-17 22:53:00,1837,2.271630,0.001237,1.138290,1.133340,64340.396208,64353,64353,64332
2026-08-17 22:54:00,1728,2.195840,0.001271,1.634930,0.560910,64371.629226,64382,64385,64353
2026-08-17 22:55:00,533,2.471240,0.004636,2.227900,0.243340,64384.828377,64388,64388,64382
2026-08-17 22:56:00,654,1.185970,0.001813,0.796890,0.389080,64390.420761,64400,64400,64388
2026-08-17 22:57:00,154,11.143410,0.072360,1.097660,10.045750,64399.990985,64400,64400,64400
2026-08-17 22:58:00,2167,12.735200,0.005877,3.117850,9.617350,64404.982903,64388,64409,64388
2026-08-17 22:59:00,408,1.502680,0.003683,1.411360,0.091320,64390.950506,64395,64395,64388
2026-08-17 23:00:00,991,1.212430,0.001223,0.355200,0.857230,64398.935951,64393,64402,64393
2026-08-17 23:01:00,562,8.442540,0.015022,7.925850,0.516690,64394.344041,64400,64400,64393
2026-08-17 23:02:00,300,0.568160,0.001894,0.179820,0.388340,64402.048624,64403,64403,64400
2026-08-17 23:03:00,3584,19.826560,0.005532,11.521070,8.305490,64393.895743,64410,64410,64379
2026-08-17 23:04:00,1309,1.734900,0.001325,0.029540,1.705360,64401.555755,64388,64410,64388
2026-08-17 23:05:00,1445,1.466780,0.001015,1.265320,0.201460,64394.220958,64407,64407,64388
2026-08-17 23:06:00,72,1.363350,0.018935,0.043360,1.319990,64406.900318,64407,64407,64407
2026-08-17 23:07:00,202,3.915590,0.019384,0.107720,3.807870,64406.894261,64406,64407,64406
2026-08-17 23:08:00,69,1.777320,0.025758,1.678530,0.098790,64406.099444,64406,64406,64406
2026-08-17 23:09:00,64,1.005110,0.015705,0.401790,0.603320,64406.093997,64406,64406,64406
2026-08-17 23:10:00,2118,10.143130,0.004789,10.062750,0.080380,64410.737594,64432,64432,64406
2026-08-17 23:11:00,528,3.912290,0.007410,0.462820,3.449470,64433.392830,64431,64435,64431
2026-08-17 23:12:00,656,3.672940,0.005599,0.054940,3.618000,64426.625976,64420,64431,64420
2026-08-17 23:13:00,1096,4.268240,0.003894,0.180310,4.087930,64411.336151,64401,64420,64401
2026-08-17 23:14:00,2718,8.539300,0.003142,0.914470,7.624830,64386.559337,64365,64402,64365
2026-08-17 23:15:00,925,2.287470,0.002473,1.082280,1.205190,64371.098435,64373,64373,64365
2026-08-17 23:16:00,1140,2.796510,0.002453,2.234200,0.562310,64380.004337,64392,64392,64373
2026-08-17 23:17:00,1073,8.854940,0.008253,1.030650,7.824290,64408.172829,64409,64409,64392
2026-08-17 23:18:00,1779,2.097340,0.001179,0.039650,2.057690,64394.316265,64379,64409,64379
2026-08-17 23:19:00,907,2.414560,0.002662,0.384690,2.029870,64375.567377,64371,64379,64370
2026-08-17 23:20:00,157,0.529980,0.003376,0.204840,0.325140,64371.323796,64372,64372,64371
2026-08-17 23:21:00,267,0.733550,0.002747,0.522500,0.211050,64372.215558,64374,64374,64372
2026-08-17 23:22:00,67,0.166500,0.002485,0.041460,0.125040,64373.922490,64374,64374,64374
2026-08-17 23:23:00,129,1.515130,0.011745,0.045910,1.469220,64373.920303,64374,64374,64374
2026-08-17 23:24:00,1218,4.277800,0.003512,0.805530,3.472270,64362.182605,64353,64374,64353
2026-08-17 23:25:00,757,1.743470,0.002303,0.151330,1.592140,64345.735870,64340,64353,64340
2026-08-17 23:26:00,574,1.442590,0.002513,0.130520,1.312070,64335.205166,64328,64340,64328
2026-08-17 23:27:00,473,4.766060,0.010076,3.175810,1.590250,64330.361924,64332,64333,64328
2026-08-17 23:28:00,95,0.405500,0.004268,0.033190,0.372310,64332.360818,64332,64332,64332
2026-08-17 23:29:00,71,0.333930,0.004703,0.034110,0.299820,64332.361021,64332,64332,64332
2026-08-17 23:30:00,275,0.615340,0.002238,0.095990,0.519350,64331.469145,64329,64332,64329
2026-08-17 23:31:00,1169,8.117790,0.006944,2.780930,5.336860,64340.275840,64345,64345,64329
2026-08-17 23:32:00,1115,11.215230,0.010059,7.724940,3.490290,64339.669181,64336,64345,64332
2026-08-17 23:33:00,210,2.052440,0.009774,0.225240,1.827200,64337.069711,64337,64337,64336
2026-08-17 23:34:00,239,0.457550,0.001914,0.398080,0.059470,64340.544448,64342,64342,64337
2026-08-17 23:35:00,94,0.195390,0.002079,0.049360,0.146030,64342.192526,64342,64342,64342
2026-08-17 23:36:00,260,3.209610,0.012345,1.328100,1.881510,64342.194138,64342,64342,64342
2026-08-17 23:37:00,2242,16.690370,0.007444,4.893890,11.796480,64320.224277,64309,64342,64296
2026-08-17 23:38:00,786,4.913020,0.006251,4.496040,0.416980,64311.956462,64328,64328,64309
2026-08-17 23:39:00,881,5.119610,0.005811,0.414620,4.704990,64330.585947,64335,64335,64327
2026-08-17 23:40:00,52,0.188990,0.003634,0.011710,0.177280,64334.580620,64335,64335,64335
2026-08-17 23:41:00,1480,5.055300,0.003416,3.579880,1.475420,64325.246979,64333,64335,64321
2026-08-17 23:42:00,311,1.907620,0.006134,0.801590,1.106030,64335.754647,64337,64337,64333
2026-08-17 23:43:00,377,0.922370,0.002447,0.847540,0.074830,64338.428501,64342,64342,64336
2026-08-17 23:44:00,1435,5.868530,0.004090,5.238470,0.630060,64354.882561,64372,64372,64342
2026-08-17 23:45:00,2380,9.607530,0.004037,0.998710,8.608820,64362.577679,64338,64378,64338
2026-08-17 23:46:00,137,0.915160,0.006680,0.104160,0.811000,64338.001138,64338,64338,64338
2026-08-17 23:47:00,2372,9.244390,0.003897,4.998200,4.246190,64369.170674,64379,64388,64338
2026-08-17 23:48:00,1249,4.495270,0.003599,3.050120,1.445150,64370.849024,64371,64379,64368
2026-08-17 23:49:00,368,0.970070,0.002636,0.336900,0.633170,64369.031410,64366,64371,64366
2026-08-17 23:50:00,100,0.563330,0.005633,0.245390,0.317940,64366.384356,64366,64366,64366
2026-08-17 23:51:00,137,0.729310,0.005323,0.198920,0.530390,64366.382728,64366,64366,64366
2026-08-17 23:52:00,982,5.062640,0.005155,3.857340,1.205300,64368.146953,64384,64384,64366
2026-08-17 23:53:00,337,2.157750,0.006403,1.715340,0.442410,64387.226763,64390,64390,64384
2026-08-17 23:54:00,67,0.415800,0.006206,0.086700,0.329100,64390.462085,64390,64390,64390
2026-08-17 23:55:00,1636,4.522020,0.002764,0.177530,4.344490,64381.899619,64364,64390,64364
2026-08-17 23:56:00,438,1.780830,0.004066,1.486440,0.294390,64365.101534,64367,64367,64364
2026-08-17 23:57:00,380,0.964650,0.002539,0.398980,0.565670,64367.109913,64371,64371,64367
2026-08-17 23:58:00,641,1.227310,0.001915,1.039990,0.187320,64381.686170,64392,64392,64371
2026-08-17 23:59:00,682,3.851210,0.005647,0.175410,3.675800,64389.603946,64382,64392,64382
