Timestamp,Trades,TotalQty,AvgSize,BuyQty,SellQty,AvgPrice,ClosePrice,HiPrice,LowPrice
2026-09-05 00:00:00,1577,12.857430,0.008153,0.243280,12.614150,79639.772766,79624,79656,79624
2026-09-05 00:01:00,2540,5.601520,0.002205,4.912860,0.688660,79669.237750,79683,79683,79624
2026-09-05 00:02:00,1846,5.461860,0.002959,0.619400,4.842460,79671.218822,79661,79683,79661
2026-09-05 00:03:00,1208,7.371040,0.006102,3.964300,3.406740,79663.620531,79661,79671,79653
2026-09-05 00:04:00,557,2.140240,0.003842,1.680790,0.459450,79663.293803,79675,79675,79661
2026-09-05 00:05:00,658,3.055060,0.004643,0.217750,2.837310,79669.903157,79662,79675,79662
2026-09-05 00:06:00,760,2.200290,0.002895,0.287840,1.912450,79657.650811,79644,79662,79644
2026-09-05 00:07:00,305,0.776520,0.002546,0.707990,0.068530,79647.157630,79648,79648,79644
2026-09-05 00:08:00,795,12.024070,0.015125,0.409000,11.615070,79642.921262,79635,79648,79635
2026-09-05 00:09:00,552,1.085030,0.001966,1.008420,0.076610,79643.167169,79646,79646,79635
2026-09-05 00:10:00,380,1.020160,0.002685,0.882330,0.137830,79649.038132,79653,79653,79646
2026-09-05 00:11:00,537,1.374900,0.002560,1.330390,0.044510,79656.295122,79660,79660,79653
2026-09-05 00:12:00,777,2.959070,0.003808,0.490590,2.468480,79659.596916,79658,79660,79658
2026-09-05 00:13:00,820,2.323670,0.002834,0.267640,2.056030,79655.692280,79650,79658,79648
2026-09-05 00:14:00,2457,74.908530,0.030488,56.637350,18.271180,79642.729984,79653,79653,79624
2026-09-05 00:15:00,1589,5.539380,0.003486,5.404060,0.135320,79670.464518,79693,79693,79653
2026-09-05 00:16:00,1376,7.231020,0.005255,1.413650,5.817370,79678.492692,79664,79693,79664
2026-09-05 00:17:00,991,3.938490,0.003974,3.310050,0.628440,79662.392387,79675,79675,79658
2026-09-05 00:18:00,926,3.633930,0.003924,3.413680,0.220250,79679.468436,79694,79694,79675
2026-09-05 00:19:00,1208,5.970530,0.004942,3.583330,2.387200,79708.489016,79700,79714,79694
2026-09-05 00:20:00,188,1.170860,0.006228,0.972460,0.198400,79700.008306,79700,79700,79700
2026-09-05 00:21:00,997,3.822240,0.003834,0.673260,3.148980,79692.022380,79686,79700,79682
2026-09-05 00:22:00,345,2.037710,0.005906,1.421670,0.616040,79686.920617,79688,79688,79686
2026-09-05 00:23:00,771,1.884130,0.002444,1.570940,0.313190,79695.405136,79706,79706,79688
2026-09-05 00:24:00,550,4.374060,0.007953,4.107070,0.266990,79707.044931,79710,79710,79706
2026-09-05 00:25:00,1524,5.642720,0.003703,0.510130,5.132590,79693.389270,79673,79710,79672
2026-09-05 00:26:00,112,0.722520,0.006451,0.533030,0.189490,79673.477377,79673,79673,79673
2026-09-05 00:27:00,481,4.747890,0.009871,0.543370,4.204520,79671.831824,79666,79673,79666
2026-09-05 00:28:00,852,5.563400,0.006530,0.492030,5.071370,79657.248541,79648,79666,79648
2026-09-05 00:29:00,1933,70.432810,0.036437,53.057810,17.375000,79659.581453,79675,79675,79604
2026-09-05 00:30:00,1578,62.250020,0.039449,28.461430,33.788590,79671.746928,79706,79706,79644
2026-09-05 00:31:00,2475,28.220180,0.011402,5.832630,22.387550,79700.376651,79716,79716,79688
2026-09-05 00:32:00,740,5.253830,0.007100,2.369080,2.884750,79708.829179,79708,79716,79702
2026-09-05 00:33:00,184,2.579900,0.014021,2.253770,0.326130,79707.978736,79708,79708,79708
2026-09-05 00:34:00,608,6.914160,0.011372,0.996860,5.917300,79704.411921,79694,79708,79694
2026-09-05 00:35:00,626,8.095800,0.012933,1.106840,6.988960,79685.815651,79677,79694,79677
2026-09-05 00:36:00,482,2.704250,0.005610,2.286650,0.417600,79678.470860,79685,79685,79677
2026-09-05 00:37:00,680,1.838850,0.002704,1.543140,0.295710,79697.864658,79702,79702,79685
2026-09-05 00:38:00,142,1.520670,0.010709,0.745990,0.774680,79701.994906,79702,79702,79702
2026-09-05 00:39:00,175,0.632960,0.003617,0.571350,0.061610,79702.981183,79704,79704,79702
2026-09-05 00:40:00,138,0.739530,0.005359,0.520240,0.219290,79703.997035,79704,79704,79704
2026-09-05 00:41:00,106,0.517610,0.004883,0.474680,0.042930,79703.999171,79704,79704,79704
2026-09-05 00:42:00,87,0.558380,0.006418,0.510450,0.047930,79703.999142,79704,79704,79704
2026-09-05 00:43:00,154,1.753470,0.011386,1.114320,0.639150,79703.996355,79704,79704,79704
2026-09-05 00:44:00,2049,39.400250,0.019229,1.623940,37.776310,79695.555555,79672,79711,79672
2026-09-05 00:45:00,508,1.623710,0.003196,0.723850,0.899860,79669.864633,79662,79672,79662
2026-09-05 00:46:00,872,3.374310,0.003870,2.022850,1.351460,79672.047163,79670,79680,79662
2026-09-05 00:47:00,346,1.484220,0.004290,0.496110,0.988110,79665.742636,79663,79670,79663
2026-09-05 00:48:00,801,3.799690,0.004744,0.448200,3.351490,79658.004517,79642,79663,79642
2026-09-05 00:49:00,126,1.056770,0.008387,0.775260,0.281510,79642.007336,79642,79642,79642
2026-09-05 00:50:00,1557,33.077340,0.021244,31.157290,1.920050,79646.069364,79663,79663,79625
2026-09-05 00:51:00,311,4.621730,0.014861,4.385770,0.235960,79663.459489,79663,79663,79663
2026-09-05 00:52:00,669,2.308200,0.003450,1.028080,1.280120,79655.604221,79652,79663,79652
2026-09-05 00:53:00,1509,4.576990,0.003033,2.358000,2.218990,79658.086951,79645,79666,79645
2026-09-05 00:54:00,615,1.753060,0.002851,1.310320,0.442740,79646.976444,79652,79653,79645
2026-09-05 00:55:00,1006,14.012280,0.013929,13.007380,1.004900,79655.878672,79664,79664,79649
2026-09-05 00:56:00,207,1.069410,0.005166,0.423680,0.645730,79663.136416,79661,79664,79661
2026-09-05 00:57:00,274,2.837850,0.010357,0.443200,2.394650,79659.540412,79659,79661,79659
2026-09-05 00:58:00,637,5.483910,0.008609,0.536640,4.947270,79653.544617,79648,79659,79648
2026-09-05 00:59:00,1571,4.637380,0.002952,2.824210,1.813170,79631.870584,79635,79648,79623
2026-09-05 01:00:00,459,1.117480,0.002435,0.750290,0.367190,79635.439349,79636,79636,79635
2026-09-05 01:01:00,1063,8.612110,0.008102,4.312290,4.299820,79622.317730,79609,79636,79609
2026-09-05 01:02:00,741,3.897790,0.005260,1.692990,2.204800,79603.588077,79609,79609,79601
2026-09-05 01:03:00,739,4.283920,0.005797,4.039200,0.244720,79611.061321,79620,79620,79609
2026-09-05 01:04:00,1371,2.218380,0.001618,1.787920,0.430460,79628.319461,79640,79640,79620
2026-09-05 01:05:00,383,2.376250,0.006204,0.987300,1.388950,79639.994155,79640,79640,79640
2026-09-05 01:06:00,1312,3.559970,0.002713,1.982960,1.577010,79638.901995,79643,79650,79634
2026-09-05 01:07:00,467,1.458300,0.003123,1.031010,0.427290,79644.417211,79646,79646,79643
2026-09-05 01:08:00,96,0.508480,0.005297,0.444780,0.063700,79645.778747,79646,79646,79646
2026-09-05 01:09:00,173,0.456280,0.002637,0.408340,0.047940,79646.698186,79649,79649,79646
2026-09-05 01:10:00,312,1.030240,0.003302,0.758080,0.272160,79649.447358,79649,79649,79649
2026-09-05 01:11:00,434,1.637900,0.003774,1.155060,0.482840,79649.447052,79649,79649,79649
2026-09-05 01:12:00,407,1.310340,0.003220,0.846990,0.463350,79649.446464,79649,79649,79649
2026-09-05 01:13:00,354,0.979910,0.002768,0.663660,0.316250,79649.446773,79649,79649,79649
2026-09-05 01:14:00,1383,9.253510,0.006691,2.306490,6.947020,79622.706072,79611,79649,79602
2026-09-05 01:15:00,371,1.397990,0.003768,0.863630,0.534360,79611.116178,79611,79611,79611
2026-09-05 01:16:00,1994,4.744960,0.002380,2.313940,2.431020,79626.496658,79620,79640,79611
2026-09-05 01:17:00,651,2.748680,0.004222,0.437060,2.311620,79618.589526,79616,79620,79616
2026-09-05 01:18:00,479,1.314840,0.002745,0.666770,0.648070,79616.005071,79616,79616,79616
2026-09-05 01:19:00,540,1.520430,0.002816,0.674470,0.845960,79616.004436,79616,79616,79616
2026-09-05 01:20:00,984,2.174390,0.002210,1.694720,0.479670,79624.908282,79635,79635,79616
2026-09-05 01:21:00,1233,10.301140,0.008355,9.157690,1.143450,79650.620359,79658,79658,79635
2026-09-05 01:22:00,1522,3.000950,0.001972,1.450210,1.550740,79668.140202,79678,79678,79658
2026-09-05 01:23:00,1097,2.680550,0.002444,2.052590,0.627960,79689.653924,79692,79700,79678
2026-09-05 01:24:00,672,1.328320,0.001977,0.999490,0.328830,79696.915738,79701,79701,79692
2026-09-05 01:25:00,602,1.365770,0.002269,0.759050,0.606720,79702.701360,79706,79706,79701
2026-09-05 01:26:00,2578,11.917620,0.004623,7.328830,4.588790,79712.374954,79728,79728,79701
2026-09-05 01:27:00,1282,4.682770,0.003653,2.273940,2.408830,79740.696712,79738,79750,79728
2026-09-05 01:28:00,841,2.841040,0.003378,2.058800,0.782240,79751.097867,79758,79758,79738
2026-09-05 01:29:00,242,1.018560,0.004209,0.267270,0.751290,79755.740171,79750,79758,79750
2026-09-05 01:30:00,809,4.260980,0.005267,2.940410,1.320570,79745.803350,79736,79750,79736
2026-09-05 01:31:00,953,4.168260,0.004374,0.213160,3.955100,79720.538666,79700,79736,79700
2026-09-05 01:32:00,142,0.560230,0.003945,0.225820,0.334410,79699.984031,79700,79700,79700
2026-09-05 01:33:00,600,1.635570,0.002726,0.791660,0.843910,79688.867419,79685,79700,79685
2026-09-05 01:34:00,128,1.564440,0.012222,1.346060,0.218380,79684.658604,79685,79685,79685
2026-09-05 01:35:00,135,0.407850,0.003021,0.241160,0.166690,79684.655913,79685,79685,79685
2026-09-05 01:36:00,509,6.055190,0.011896,5.340050,0.715140,79684.834691,79686,79686,79685
2026-09-05 01:37:00,580,2.223260,0.003833,0.380890,1.842370,79680.798535,79676,79686,79676
2026-09-05 01:38:00,264,0.665170,0.002520,0.137280,0.527890,79675.488360,79675,79676,79675
2026-09-05 01:39:00,107,0.614170,0.005740,0.205450,0.408720,79675.133345,79675,79675,79675
2026-09-05 01:40:00,77,0.369680,0.004801,0.257690,0.111990,79675.136971,79675,79675,79675
2026-09-05 01:41:00,82,0.421560,0.005141,0.204520,0.217040,79675.134852,79675,79675,79675
2026-09-05 01:42:00,388,1.575170,0.004060,0.124770,1.450400,79675.130792,79675,79675,79675
2026-09-05 01:43:00,628,3.317850,0.005283,1.883030,1.434820,79674.547792,79668,79675,79668
2026-09-05 01:44:00,213,0.913000,0.004286,0.186660,0.726340,79668.012044,79668,79668,79668
2026-09-05 01:45:00,101,0.343330,0.003399,0.174770,0.168560,79668.015090,79668,79668,79668
2026-09-05 01:46:00,551,1.263460,0.002293,0.370100,0.893360,79665.722158,79658,79668,79658
2026-09-05 01:47:00,92,0.524740,0.005704,0.437270,0.087470,79658.008333,79658,79658,79658
2026-09-05 01:48:00,60,0.449410,0.007490,0.413070,0.036340,79658.009191,79658,79658,79658
2026-09-05 01:49:00,558,1.709620,0.003064,0.213300,1.496320,79655.842700,79654,79658,79654
2026-09-05 01:50:00,421,0.865010,0.002055,0.269640,0.595370,79653.041891,79648,79654,79648
2026-09-05 01:51:00,393,0.731330,0.001861,0.297390,0.433940,79642.654054,79641,79648,79641
2026-09-05 01:52:00,523,2.769950,0.005296,2.734660,0.035290,79642.481128,79647,79647,79641
2026-09-05 01:53:00,111,0.412940,0.003720,0.200420,0.212520,79647.394853,79647,79647,79647
2026-09-05 01:54:00,586,2.842420,0.004851,0.332040,2.510380,79642.335545,79639,79647,79636
2026-09-05 01:55:00,991,3.117490,0.003146,0.817800,2.299690,79629.334530,79620,79639,79617
2026-09-05 01:56:00,307,0.782140,0.002548,0.720580,0.061560,79624.091769,79628,79628,79620
2026-09-05 01:57:00,1176,8.997790,0.007651,7.844320,1.153470,79630.853618,79658,79658,79628
2026-09-05 01:58:00,453,2.578520,0.005692,0.497760,2.080760,79659.165330,79654,79660,79654
2026-09-05 01:59:00,498,1.757380,0.003529,1.694260,0.063120,79659.607272,79661,79661,79654
2026-09-05 02:00:00,96,0.410340,0.004274,0.333660,0.076680,79660.768131,79661,79661,79661
2026-09-05 02:01:00,200,0.794670,0.003973,0.435820,0.358850,79660.765484,79661,79661,79661
2026-09-05 02:02:00,1516,4.997120,0.003296,0.568350,4.428770,79654.940679,79639,79661,79638
2026-09-05 02:03:00,616,1.360220,0.002208,1.172090,0.188130,79638.192164,79644,79644,79636
2026-09-05 02:04:00,123,0.528820,0.004299,0.377160,0.151660,79643.737132,79644,79644,79644
2026-09-05 02:05:00,357,1.618680,0.004534,0.401760,1.216920,79642.477088,79641,79644,79641
2026-09-05 02:06:00,189,1.112170,0.005884,0.974580,0.137590,79641.028763,79641,79641,79641
2026-09-05 02:07:00,244,1.644950,0.006742,0.959570,0.685380,79641.025833,79641,79641,79641
2026-09-05 02:08:00,1701,4.336770,0.002550,0.442960,3.893810,79627.305889,79620,79641,79620
2026-09-05 02:09:00,406,1.116420,0.002750,0.325170,0.791250,79617.844413,79617,79620,79617
2026-09-05 02:10:00,1321,2.354830,0.001783,2.132520,0.222310,79629.252403,79650,79650,79617
2026-09-05 02:11:00,2129,7.505280,0.003525,6.756040,0.749240,79697.194734,79718,79719,79650
2026-09-05 02:12:00,667,2.244270,0.003365,0.734930,1.509340,79714.349665,79710,79718,79710
2026-09-05 02:13:00,1089,4.763290,0.004374,3.340940,1.422350,79714.169856,79702,79722,79702
2026-09-05 02:14:00,588,1.591450,0.002707,0.267080,1.324370,79695.210619,79691,79702,79691
2026-09-05 02:15:00,583,2.123530,0.003642,0.226360,1.897170,79684.183512,79673,79691,79673
2026-09-05 02:16:00,1106,5.303870,0.004796,0.336390,4.967480,79663.426695,79640,79673,79640
2026-09-05 02:17:00,469,6.265580,0.013359,4.523680,1.741900,79633.620443,79627,79640,79627
2026-09-05 02:18:00,769,5.695160,0.007406,0.965180,4.729980,79612.773939,79600,79627,79600
2026-09-05 02:19:00,1471,5.194660,0.003531,3.230070,1.964590,79611.866239,79640,79640,79600
2026-09-05 02:20:00,666,1.933200,0.002903,0.304410,1.628790,79634.972513,79626,79640,79626
2026-09-05 02:21:00,564,0.998900,0.001771,0.699910,0.298990,79628.292925,79636,79636,79626
2026-09-05 02:22:00,163,0.558630,0.003427,0.500950,0.057680,79637.101452,79638,79638,79636
2026-09-05 02:23:00,93,0.492390,0.005295,0.242880,0.249510,79637.754933,79638,79638,79638
2026-09-05 02:24:00,115,0.347960,0.003026,0.227510,0.120450,79637.756538,79638,79638,79638
2026-09-05 02:25:00,217,0.711310,0.003278,0.103050,0.608260,79637.751449,79638,79638,79638
2026-09-05 02:26:00,862,3.035970,0.003522,1.711780,1.324190,79644.950092,79646,79654,79638
2026-09-05 02:27:00,470,0.582850,0.001240,0.533890,0.048960,79650.523123,79653,79653,79646
2026-09-05 02:28:00,1218,5.950090,0.004885,0.514370,5.435720,79652.710864,79653,79653,79653
2026-09-05 02:29:00,221,1.099960,0.004977,0.464020,0.635940,79652.714219,79653,79653,79653
2026-09-05 02:30:00,133,0.665240,0.005002,0.264750,0.400490,79652.713980,79653,79653,79653
2026-09-05 02:31:00,2024,3.408830,0.001684,3.324500,0.084330,79671.787684,79700,79700,79653
2026-09-05 02:32:00,266,3.305910,0.012428,1.041080,2.264830,79693.152439,79691,79700,79690
2026-09-05 02:33:00,1502,5.115190,0.003406,0.175410,4.939780,79681.817531,79654,79691,79654
2026-09-05 02:34:00,885,2.469590,0.002790,1.483010,0.986580,79659.698311,79653,79662,79653
2026-09-05 02:35:00,764,3.281810,0.004296,2.314370,0.967440,79647.913591,79653,79653,79646
2026-09-05 02:36:00,578,1.182900,0.002047,0.099110,1.083790,79647.711109,79646,79653,79646
2026-09-05 02:37:00,159,1.074880,0.006760,0.184220,0.890660,79645.951714,79646,79646,79646
2026-09-05 02:38:00,944,2.549750,0.002701,0.302620,2.247130,79642.398610,79630,79646,79630
2026-09-05 02:39:00,135,0.670710,0.004968,0.230890,0.439820,79630.463442,79630,79630,79630
2026-09-05 02:40:00,670,1.864010,0.002782,1.315090,0.548920,79635.662484,79647,79647,79630
2026-09-05 02:41:00,732,2.052600,0.002804,1.705020,0.347580,79652.703251,79665,79665,79647
2026-09-05 02:42:00,1471,6.654970,0.004524,1.126880,5.528090,79677.651206,79656,79685,79656
2026-09-05 02:43:00,625,1.606970,0.002571,0.721750,0.885220,79663.886818,79669,79669,79656
2026-09-05 02:44:00,947,3.009760,0.003178,0.970890,2.038870,79662.143208,79664,79669,79656
2026-09-05 02:45:00,889,1.923530,0.002164,0.251330,1.672200,79645.870910,79627,79664,79624
2026-09-05 02:46:00,966,2.770280,0.002868,0.815130,1.955150,79618.494792,79608,79627,79608
2026-09-05 02:47:00,1686,8.825660,0.005235,2.189290,6.636370,79596.364694,79585,79608,79585
2026-09-05 02:48:00,2237,12.833050,0.005737,5.953310,6.879740,79596.006104,79602,79612,79574
2026-09-05 02:49:00,235,1.167860,0.004970,0.201160,0.966700,79601.751722,79602,79602,79602
2026-09-05 02:50:00,705,3.024380,0.004290,0.983960,2.040420,79599.178265,79598,79602,79598
2026-09-05 02:51:00,550,1.729690,0.003145,1.508900,0.220790,79607.304916,79610,79610,79598
2026-09-05 02:52:00,825,1.403570,0.001701,1.333740,0.069830,79617.367872,79630,79630,79610
2026-09-05 02:53:00,709,1.395770,0.001969,1.313400,0.082370,79636.980335,79649,79649,79630
2026-09-05 02:54:00,1598,4.749810,0.002972,1.890310,2.859500,79636.592963,79622,79649,79616
2026-09-05 02:55:00,795,2.015000,0.002535,1.846900,0.168100,79636.072524,79643,79643,79622
2026-09-05 02:56:00,1703,8.189510,0.004809,2.591930,5.597580,79642.240848,79614,79649,79614
2026-09-05 02:57:00,1406,5.170210,0.003677,1.598750,3.571460,79601.743737,79604,79614,79595
2026-09-05 02:58:00,320,1.236070,0.003863,0.868610,0.367460,79604.316140,79608,79608,79604
2026-09-05 02:59:00,1847,5.775300,0.003127,0.480560,5.294740,79585.410009,79566,79608,79566
2026-09-05 03:00:00,661,2.142000,0.003241,1.389790,0.752210,79563.894894,79573,79573,79562
2026-09-05 03:01:00,965,1.906530,0.001976,0.508480,1.398050,79582.588077,79581,79584,79573
2026-09-05 03:02:00,891,3.590350,0.004030,1.751480,1.838870,79577.753281,79581,79581,79573
2026-09-05 03:03:00,1342,4.293140,0.003199,0.352390,3.940750,79573.541173,79563,79581,79563
2026-09-05 03:04:00,1645,16.047560,0.009755,12.402620,3.644940,79567.979379,79597,79602,79551
2026-09-05 03:05:00,509,1.438390,0.002826,1.253930,0.184460,79600.616107,79604,79604,79597
2026-09-05 03:06:00,800,1.444290,0.001805,1.122430,0.321860,79613.253102,79625,79625,79604
2026-09-05 03:07:00,1813,3.768180,0.002078,1.613570,2.154610,79606.679070,79600,79625,79595
2026-09-05 03:08:00,763,1.531360,0.002007,1.399670,0.131690,79613.486826,79621,79621,79600
2026-09-05 03:09:00,1031,2.790260,0.002706,1.636230,1.154030,79633.477192,79634,79636,79621
2026-09-05 03:10:00,561,2.790270,0.004974,2.296240,0.494030,79640.648296,79643,79643,79634
2026-09-05 03:11:00,1412,4.032260,0.002856,3.277710,0.754550,79652.383945,79673,79673,79643
2026-09-05 03:12:00,325,2.462640,0.007577,1.291600,1.171040,79675.787420,79676,79676,79673
2026-09-05 03:13:00,1761,3.795750,0.002155,1.146610,2.649140,79664.948225,79671,79676,79652
2026-09-05 03:14:00,280,1.476890,0.005275,1.305460,0.171430,79672.573846,79676,79676,79671
2026-09-05 03:15:00,1206,11.250290,0.009329,1.989440,9.260850,79658.992963,79626,79682,79625
2026-09-05 03:16:00,478,2.711000,0.005672,2.600470,0.110530,79631.140102,79637,79637,79626
2026-09-05 03:17:00,363,0.801100,0.002207,0.629280,0.171820,79646.889682,79650,79650,79637
2026-09-05 03:18:00,765,1.131060,0.001479,1.030630,0.100430,79657.376633,79672,79672,79650
2026-09-05 03:19:00,802,1.683680,0.002099,0.734130,0.949550,79670.276961,79673,79673,79664
2026-09-05 03:20:00,1658,3.118290,0.001881,2.580380,0.537910,79668.011790,79690,79690,79657
2026-09-05 03:21:00,541,1.290110,0.002385,0.343010,0.947100,79678.675349,79666,79690,79666
2026-09-05 03:22:00,192,0.609430,0.003174,0.166000,0.443430,79666.002724,79666,79666,79666
2026-09-05 03:23:00,1062,2.809350,0.002645,1.502980,1.306370,79653.893851,79650,79666,79646
2026-09-05 03:24:00,238,1.182780,0.004970,0.278000,0.904780,79649.911485,79647,79650,79647
2026-09-05 03:25:00,1097,4.875220,0.004444,4.651760,0.223460,79661.337922,79679,79679,79647
2026-09-05 03:26:00,1079,2.795760,0.002591,0.198300,2.597460,79671.361722,79650,79679,79650
2026-09-05 03:27:00,1085,2.430360,0.002240,0.234120,2.196240,79642.057836,79636,79650,79636
2026-09-05 03:28:00,1135,3.007990,0.002650,0.596760,2.411230,79617.842494,79604,79635,79604
2026-09-05 03:29:00,252,1.598400,0.006343,0.582710,1.015690,79604.003646,79604,79604,79604
2026-09-05 03:30:00,2666,20.780630,0.007795,17.178200,3.602430,79641.860644,79694,79700,79604
2026-09-05 03:31:00,1494,3.217120,0.002153,1.162780,2.054340,79681.158965,79702,79702,79669
2026-09-05 03:32:00,990,4.097820,0.004139,1.429230,2.668590,79683.764056,79684,79702,79675
2026-09-05 03:33:00,1508,4.043390,0.002681,2.052340,1.991050,79699.692201,79707,79708,79685
2026-09-05 03:34:00,1343,2.304370,0.001716,0.194210,2.110160,79696.040668,79674,79710,79674
2026-09-05 03:35:00,123,1.463730,0.011900,0.338300,1.125430,79674.002311,79674,79674,79674
2026-09-05 03:36:00,655,1.781760,0.002720,0.370870,1.410890,79668.038035,79660,79674,79660
2026-09-05 03:37:00,1713,10.076750,0.005883,7.066240,3.010510,79620.680722,79628,79660,79610
2026-09-05 03:38:00,1496,8.971760,0.005997,5.121630,3.850130,79647.672366,79656,79657,79628
2026-09-05 03:39:00,765,4.213970,0.005508,1.087710,3.126260,79652.452053,79630,79656,79630
2026-09-05 03:40:00,1228,4.214590,0.003432,2.500940,1.713650,79619.708823,79624,79630,79616
2026-09-05 03:41:00,1906,6.512550,0.003417,4.048820,2.463730,79655.233819,79665,79670,79624
2026-09-05 03:42:00,563,2.759630,0.004902,1.684870,1.074760,79669.563653,79674,79674,79665
2026-09-05 03:43:00,1042,3.688110,0.003539,0.892450,2.795660,79666.343831,79653,79676,79653
2026-09-05 03:44:00,1145,4.092390,0.003574,2.083560,2.008830,79625.718243,79615,79653,79614
2026-09-05 03:45:00,675,1.760870,0.002609,1.214250,0.546620,79629.506536,79636,79636,79615
2026-09-05 03:46:00,1158,8.387600,0.007243,4.198570,4.189030,79645.018436,79635,79653,79635
2026-09-05 03:47:00,914,1.823760,0.001995,1.367470,0.456290,79651.820860,79664,79664,79635
2026-09-05 03:48:00,140,1.115620,0.007969,0.529590,0.586030,79663.994747,79664,79664,79664
2026-09-05 03:49:00,1009,15.710710,0.015571,1.177590,14.533120,79647.059146,79614,79664,79614
2026-09-05 03:50:00,888,3.456180,0.003892,0.772350,2.683830,79596.649726,79592,79614,79585
2026-09-05 03:51:00,1538,6.388740,0.004154,1.221740,5.167000,79576.321305,79565,79594,79562
2026-09-05 03:52:00,447,2.239170,0.005009,1.437340,0.801830,79572.782307,79580,79580,79565
2026-09-05 03:53:00,851,2.832100,0.003328,1.725400,1.106700,79590.363042,79591,79596,79580
2026-09-05 03:54:00,410,2.289990,0.005585,1.518680,0.771310,79594.419331,79596,79596,79591
2026-09-05 03:55:00,1071,3.664420,0.003421,1.342670,2.321750,79595.288997,79591,79596,79591
2026-09-05 03:56:00,915,6.074970,0.006639,1.336580,4.738390,79575.981543,79562,79591,79562
2026-09-05 03:57:00,586,2.822620,0.004817,1.770380,1.052240,79564.795375,79565,79565,79562
2026-09-05 03:58:00,458,3.067100,0.006697,1.464150,1.602950,79565.279985,79568,79568,79565
2026-09-05 03:59:00,956,9.030110,0.009446,1.052700,7.977410,79554.802668,79546,79568,79546
2026-09-05 04:00:00,980,5.730910,0.005848,0.909740,4.821170,79542.247250,79533,79546,79533
2026-09-05 04:01:00,1949,28.656180,0.014703,20.940900,7.715280,79501.443147,79500,79533,79492
2026-09-05 04:02:00,299,3.711030,0.012411,1.892230,1.818800,79500.065099,79500,79500,79500
2026-09-05 04:03:00,946,6.377300,0.006741,2.446520,3.930780,79495.648092,79490,79500,79486
2026-09-05 04:04:00,931,7.813440,0.008393,2.105140,5.708300,79482.713276,79481,79490,79472
2026-09-05 04:05:00,2178,7.791520,0.003577,4.128460,3.663060,79500.725422,79513,79513,79481
2026-09-05 04:06:00,721,2.537220,0.003519,1.275620,1.261600,79520.566210,79524,79526,79513
2026-09-05 04:07:00,1386,2.975730,0.002147,1.198760,1.776970,79518.063386,79525,79525,79506
2026-09-05 04:08:00,463,2.222980,0.004801,1.249090,0.973890,79526.185132,79528,79528,79525
2026-09-05 04:09:00,501,2.820230,0.005629,2.322330,0.497900,79529.397210,79534,79534,79528
2026-09-05 04:10:00,1152,6.019060,0.005225,5.498790,0.520270,79542.997925,79554,79554,79534
2026-09-05 04:11:00,908,2.994710,0.003298,2.830560,0.164150,79562.624209,79571,79571,79554
2026-09-05 04:12:00,1317,14.639430,0.011116,9.652710,4.986720,79568.949194,79564,79571,79564
2026-09-05 04:13:00,644,1.924780,0.002989,0.974850,0.949930,79573.486381,79578,79578,79564
2026-09-05 04:14:00,144,0.971340,0.006745,0.392870,0.578470,79577.994045,79578,79578,79578
2026-09-05 04:15:00,641,1.701900,0.002655,0.626820,1.075080,79569.237673,79564,79578,79564
2026-09-05 04:16:00,587,4.360210,0.007428,4.013280,0.346930,79565.291355,79576,79576,79564
2026-09-05 04:17:00,617,1.641320,0.002660,0.931160,0.710160,79570.615745,79566,79577,79566
2026-09-05 04:18:00,599,1.749740,0.002921,1.600060,0.149680,79572.072934,79582,79582,79566
2026-09-05 04:19:00,126,0.601780,0.004776,0.484660,0.117120,79581.998054,79582,79582,79582
2026-09-05 04:20:00,169,0.722400,0.004275,0.647370,0.075030,79581.998961,79582,79582,79582
2026-09-05 04:21:00,1031,6.922160,0.006714,0.529950,6.392210,79572.178601,79564,79582,79564
2026-09-05 04:22:00,752,5.422990,0.007211,3.590460,1.832530,79564.810299,79577,79577,79561
2026-09-05 04:23:00,1079,5.369700,0.004977,1.304260,4.065440,79574.957306,79580,79580,79568
2026-09-05 04:24:00,844,3.955210,0.004686,3.636260,0.318950,79581.512956,79582,79582,79580
2026-09-05 04:25:00,1591,3.636310,0.002286,2.713100,0.923210,79588.140011,79594,79594,79582
2026-09-05 04:26:00,617,2.780440,0.004506,2.148200,0.632240,79594.257988,79595,79595,79594
2026-09-05 04:27:00,968,3.385460,0.003497,2.990320,0.395140,79594.610718,79595,79595,79595
2026-09-05 04:28:00,1561,7.618850,0.004881,2.170250,5.448600,79588.683632,79562,79597,79562
2026-09-05 04:29:00,989,6.393000,0.006464,0.316970,6.076030,79538.006856,79521,79562,79521
2026-09-05 04:30:00,1130,5.771570,0.005108,3.392890,2.378680,79517.295418,79522,79522,79512
2026-09-05 04:31:00,1240,4.453060,0.003591,3.671570,0.781490,79544.567746,79562,79562,79522
2026-09-05 04:32:00,337,1.572910,0.004667,0.430580,1.142330,79561.980651,79562,79562,79562
2026-09-05 04:33:00,554,5.229670,0.009440,2.250170,2.979500,79560.486904,79560,79562,79560
2026-09-05 04:34:00,1281,2.657650,0.002075,0.215830,2.441820,79542.679853,79531,79560,79531
2026-09-05 04:35:00,1016,3.704540,0.003646,3.281470,0.423070,79547.165197,79570,79570,79531
2026-09-05 04:36:00,770,1.769250,0.002298,0.411020,1.358230,79566.477357,79560,79570,79560
2026-09-05 04:37:00,1247,1.904250,0.001527,1.592530,0.311720,79573.891433,79592,79592,79560
2026-09-05 04:38:00,1699,5.684690,0.003346,4.266360,1.418330,79601.632768,79608,79611,79592
2026-09-05 04:39:00,584,4.272630,0.007316,0.768480,3.504150,79604.772158,79600,79608,79600
2026-09-05 04:40:00,638,2.354440,0.003690,1.325070,1.029370,79590.070201,79588,79600,79588
2026-09-05 04:41:00,1764,4.367960,0.002476,4.008280,0.359680,79603.906456,79613,79613,79588
2026-09-05 04:42:00,757,1.788430,0.002363,1.494260,0.294170,79614.489238,79622,79622,79613
2026-09-05 04:43:00,174,0.756500,0.004348,0.290480,0.466020,79621.993840,79622,79622,79622
2026-09-05 04:44:00,155,1.428130,0.009214,0.491790,0.936340,79621.993444,79622,79622,79622
2026-09-05 04:45:00,463,2.956390,0.006385,0.410020,2.546370,79620.727952,79619,79622,79619
2026-09-05 04:46:00,1411,2.384160,0.001690,0.170070,2.214090,79606.920489,79586,79619,79586
2026-09-05 04:47:00,633,2.224880,0.003515,0.753290,1.471590,79575.558375,79570,79586,79570
2026-09-05 04:48:00,254,3.104040,0.012221,0.922650,2.181390,79570.002972,79570,79570,79570
2026-09-05 04:49:00,137,0.604930,0.004416,0.297260,0.307670,79570.004914,79570,79570,79570
2026-09-05 04:50:00,353,0.648730,0.001838,0.253820,0.394910,79568.696990,79568,79570,79568
2026-09-05 04:51:00,717,4.139870,0.005774,1.569480,2.570390,79553.517146,79546,79568,79546
2026-09-05 04:52:00,834,3.165970,0.003796,2.105850,1.060120,79541.630229,79555,79555,79539
2026-09-05 04:53:00,290,1.144890,0.003948,0.844240,0.300650,79557.254828,79557,79557,79555
2026-09-05 04:54:00,358,1.354430,0.003783,1.082410,0.272020,79558.601692,79562,79562,79557
2026-09-05 04:55:00,370,1.247330,0.003371,0.963130,0.284200,79561.997722,79562,79562,79562
2026-09-05 04:56:00,463,1.345980,0.002907,0.994030,0.351950,79565.051692,79569,79569,79562
2026-09-05 04:57:00,456,1.220930,0.002677,0.817140,0.403790,79571.348167,79572,79572,79569
2026-09-05 04:58:00,438,1.036060,0.002365,0.712890,0.323170,79573.215153,79576,79576,79572
2026-09-05 04:59:00,791,3.226710,0.004079,0.661740,2.564970,79575.843175,79569,79579,79569
2026-09-05 05:00:00,144,1.274330,0.008850,1.003990,0.270340,79569.087879,79569,79569,79569
2026-09-05 05:01:00,264,1.512350,0.005729,0.534310,0.978040,79569.083533,79569,79569,79569
2026-09-05 05:02:00,275,0.791450,0.002878,0.462040,0.329410,79569.085838,79569,79569,79569
2026-09-05 05:03:00,1421,3.695670,0.002601,1.235960,2.459710,79558.550003,79553,79569,79546
2026-09-05 05:04:00,320,0.756310,0.002363,0.588410,0.167900,79553.897739,79555,79555,79553
2026-09-05 05:05:00,256,1.156020,0.004516,0.487430,0.668590,79555.074216,79555,79555,79555
2026-09-05 05:06:00,290,0.973300,0.003356,0.641540,0.331760,79555.112551,79555,79555,79555
2026-09-05 05:07:00,385,1.118050,0.002904,0.758810,0.359240,79555.208375,79556,79556,79555
2026-09-05 05:08:00,830,6.094140,0.007342,0.463090,5.631050,79551.393593,79538,79556,79538
2026-09-05 05:09:00,558,2.140670,0.003836,0.290700,1.849970,79536.930334,79530,79538,79530
2026-09-05 05:10:00,733,2.892200,0.003946,0.475450,2.416750,79527.291387,79519,79530,79519
2026-09-05 05:11:00,1426,6.548270,0.004592,3.386000,3.162270,79522.742905,79546,79546,79511
2026-09-05 05:12:00,524,2.406350,0.004592,0.833920,1.572430,79540.598405,79534,79546,79534
2026-09-05 05:13:00,695,1.596490,0.002297,1.233070,0.363420,79537.046524,79546,79546,79534
2026-09-05 05:14:00,211,1.815400,0.008604,0.904500,0.910900,79545.754982,79546,79546,79546
2026-09-05 05:15:00,277,1.560400,0.005633,0.993580,0.566820,79545.756367,79546,79546,79546
2026-09-05 05:16:00,2373,6.770400,0.002853,5.167200,1.603200,79573.741588,79593,79593,79546
2026-09-05 05:17:00,1081,32.691710,0.030242,31.543920,1.147790,79599.867331,79614,79614,79593
2026-09-05 05:18:00,1697,10.032960,0.005912,1.445460,8.587500,79601.616119,79583,79614,79576
2026-09-05 05:19:00,837,2.246740,0.002684,1.271080,0.975660,79582.506751,79577,79587,79574
2026-09-05 05:20:00,539,1.809360,0.003357,1.497930,0.311430,79589.813444,79594,79594,79577
2026-09-05 05:21:00,254,1.769070,0.006965,0.233140,1.535930,79593.474646,79592,79594,79592
2026-09-05 05:22:00,1346,4.421040,0.003285,1.879770,2.541270,79581.910283,79570,79592,79570
2026-09-05 05:23:00,399,3.563760,0.008932,1.602040,1.961720,79570.445184,79573,79573,79570
2026-09-05 05:24:00,1162,6.510270,0.005603,5.443700,1.066570,79573.196895,79600,79600,79564
2026-09-05 05:25:00,241,4.318790,0.017920,2.736910,1.581880,79599.996337,79600,79600,79600
2026-09-05 05:26:00,784,5.475710,0.006984,0.882370,4.593340,79586.772893,79584,79600,79584
2026-09-05 05:27:00,837,3.571420,0.004267,2.100160,1.471260,79584.005880,79584,79584,79584
2026-09-05 05:28:00,1199,2.922410,0.002437,1.966670,0.955740,79587.615307,79588,79588,79584
2026-09-05 05:29:00,1255,4.207960,0.003353,1.782440,2.425520,79593.147014,79592,79600,79588
2026-09-05 05:30:00,647,2.348150,0.003629,1.412050,0.936100,79584.566323,79584,79592,79584
2026-09-05 05:31:00,1284,3.442300,0.002681,1.958140,1.484160,79592.240521,79595,79595,79584
2026-09-05 05:32:00,1302,6.771060,0.005201,3.184840,3.586220,79597.428529,79607,79607,79594
2026-09-05 05:33:00,775,2.661900,0.003435,0.700980,1.960920,79601.494373,79595,79607,79595
2026-09-05 05:34:00,890,2.802780,0.003149,1.380250,1.422530,79594.904925,79595,79595,79595
2026-09-05 05:35:00,1210,4.993220,0.004127,2.582560,2.410660,79600.371502,79602,79602,79595
2026-09-05 05:36:00,538,1.746280,0.003246,0.940280,0.806000,79601.805384,79602,79602,79602
2026-09-05 05:37:00,535,2.969360,0.005550,1.921670,1.047690,79606.169955,79608,79608,79602
2026-09-05 05:38:00,410,2.417940,0.005897,2.086810,0.331130,79609.799730,79613,79613,79608
2026-09-05 05:39:00,1172,2.910050,0.002483,1.502700,1.407350,79627.190531,79627,79630,79613
2026-09-05 05:40:00,631,2.892200,0.004584,1.088430,1.803770,79617.261454,79615,79627,79615
2026-09-05 05:41:00,222,0.991770,0.004467,0.652670,0.339100,79614.759060,79616,79616,79615
2026-09-05 05:42:00,202,2.044430,0.010121,1.666290,0.378140,79615.938150,79616,79616,79616
2026-09-05 05:43:00,143,0.568220,0.003974,0.399290,0.168930,79615.937027,79616,79616,79616
2026-09-05 05:44:00,226,2.977870,0.013176,1.182890,1.794980,79615.933972,79616,79616,79616
2026-09-05 05:45:00,749,3.917340,0.005230,3.010170,0.907170,79618.147680,79623,79623,79616
2026-09-05 05:46:00,362,0.998660,0.002759,0.908200,0.090460,79625.051254,79625,79625,79623
2026-09-05 05:47:00,658,5.097400,0.007747,3.723040,1.374360,79626.555870,79631,79631,79625
2026-09-05 05:48:00,211,4.507200,0.021361,2.348690,2.158510,79630.735211,79631,79631,79631
2026-09-05 05:49:00,556,10.322080,0.018565,1.469660,8.852420,79629.159039,79623,79631,79623
2026-09-05 05:50:00,331,3.458030,0.010447,1.537690,1.920340,79623.194447,79623,79623,79623
2026-09-05 05:51:00,211,2.745330,0.013011,1.816180,0.929150,79623.198457,79623,79623,79623
2026-09-05 05:52:00,589,2.611860,0.004434,0.497060,2.114800,79615.279473,79607,79623,79607
2026-09-05 05:53:00,174,0.756180,0.004346,0.273690,0.482490,79606.933619,79607,79607,79607
2026-09-05 05:54:00,427,2.669210,0.006251,0.347300,2.321910,79604.227462,79601,79607,79596
2026-09-05 05:55:00,706,2.872390,0.004069,1.525980,1.346410,79603.502400,79602,79607,79601
2026-09-05 05:56:00,316,2.736290,0.008659,0.443310,2.292980,79601.392683,79600,79603,79600
2026-09-05 05:57:00,131,1.171040,0.008939,0.423230,0.747810,79600.003614,79600,79600,79600
2026-09-05 05:58:00,1065,7.834130,0.007356,0.468980,7.365150,79584.145977,79582,79600,79582
2026-09-05 05:59:00,187,1.120860,0.005994,0.924730,0.196130,79581.610253,79582,79582,79582
2026-09-05 06:00:00,158,1.452310,0.009192,0.768140,0.684170,79581.995289,79582,79582,79582
2026-09-05 06:01:00,928,8.991940,0.009690,3.013390,5.978550,79577.664174,79562,79589,79562
2026-09-05 06:02:00,1149,3.746870,0.003261,0.694390,3.052480,79552.403674,79548,79562,79538
2026-09-05 06:03:00,251,1.678860,0.006689,1.043470,0.635390,79547.906215,79548,79548,79548
2026-09-05 06:04:00,176,1.945470,0.011054,0.818370,1.127100,79547.904207,79548,79548,79548
2026-09-05 06:05:00,946,4.067100,0.004299,3.458420,0.608680,79562.335008,79586,79586,79548
2026-09-05 06:06:00,585,1.861220,0.003182,1.105730,0.755490,79587.712558,79590,79590,79583
2026-09-05 06:07:00,223,1.255300,0.005629,0.800540,0.454760,79589.836377,79590,79590,79590
2026-09-05 06:08:00,729,9.925080,0.013615,0.555420,9.369660,79585.525003,79572,79590,79572
2026-09-05 06:09:00,521,1.169480,0.002245,0.956280,0.213200,79573.267405,79585,79585,79572
2026-09-05 06:10:00,1335,8.070220,0.006045,2.676070,5.394150,79566.361138,79547,79588,79546
2026-09-05 06:11:00,764,3.372990,0.004415,0.310050,3.062940,79534.580906,79517,79547,79517
2026-09-05 06:12:00,885,8.792730,0.009935,6.669720,2.123010,79515.669887,79525,79525,79513
2026-09-05 06:13:00,582,1.884480,0.003238,1.775560,0.108920,79529.784947,79536,79536,79525
2026-09-05 06:14:00,271,0.786200,0.002901,0.664350,0.121850,79537.644224,79538,79538,79536
2026-09-05 06:15:00,308,1.608450,0.005222,0.723100,0.885350,79539.622070,79540,79540,79538
2026-09-05 06:16:00,202,1.529250,0.007571,0.793380,0.735870,79539.995188,79540,79540,79540
2026-09-05 06:17:00,130,0.932560,0.007174,0.627980,0.304580,79539.996734,79540,79540,79540
2026-09-05 06:18:00,1104,4.657420,0.004219,3.762580,0.894840,79553.050953,79565,79574,79540
2026-09-05 06:19:00,257,4.056880,0.015786,0.868120,3.188760,79565.001658,79565,79565,79565
2026-09-05 06:20:00,139,1.702550,0.012249,0.923320,0.779230,79564.685423,79565,79565,79565
2026-09-05 06:21:00,174,1.051510,0.006043,0.769700,0.281810,79564.687320,79565,79565,79565
2026-09-05 06:22:00,150,0.718220,0.004788,0.461830,0.256390,79564.686430,79565,79565,79565
2026-09-05 06:23:00,224,1.610090,0.007188,1.451770,0.158320,79564.848195,79565,79565,79565
2026-09-05 06:24:00,412,3.339320,0.008105,3.084870,0.254450,79565.918559,79570,79570,79565
2026-09-05 06:25:00,520,1.442860,0.002775,0.569470,0.873390,79574.425587,79576,79576,79570
2026-09-05 06:26:00,153,0.629130,0.004112,0.122420,0.506710,79575.991946,79576,79576,79576
2026-09-05 06:27:00,213,1.140810,0.005356,0.119340,1.021470,79575.991046,79576,79576,79576
2026-09-05 06:28:00,93,0.826410,0.008886,0.458940,0.367470,79575.995553,79576,79576,79576
2026-09-05 06:29:00,187,3.494760,0.018689,0.743590,2.751170,79575.992128,79576,79576,79576
2026-09-05 06:30:00,811,13.468340,0.016607,0.621910,12.846430,79569.243328,79558,79576,79558
2026-09-05 06:31:00,368,1.926710,0.005236,0.550450,1.376260,79554.732233,79552,79558,79552
2026-09-05 06:32:00,131,0.314090,0.002398,0.158030,0.156060,79552.005031,79552,79552,79552
2026-09-05 06:33:00,140,0.525820,0.003756,0.217430,0.308390,79552.004135,79552,79552,79552
2026-09-05 06:34:00,595,2.259100,0.003797,2.180800,0.078300,79554.885995,79556,79556,79552
2026-09-05 06:35:00,352,4.952210,0.014069,3.984350,0.967860,79556.799184,79560,79560,79556
2026-09-05 06:36:00,1134,4.834170,0.004263,0.574140,4.260030,79552.948966,79540,79560,79540
2026-09-05 06:37:00,221,1.665770,0.007537,0.677310,0.988460,79539.994066,79540,79540,79540
2026-09-05 06:38:00,612,7.996210,0.013066,0.642700,7.353510,79534.548453,79532,79540,79532
2026-09-05 06:39:00,395,6.275490,0.015887,0.664890,5.610600,79531.175889,79530,79532,79530
2026-09-05 06:40:00,122,1.583310,0.012978,0.930720,0.652590,79530.005878,79530,79530,79530
2026-09-05 06:41:00,131,0.597200,0.004559,0.357410,0.239790,79530.005985,79530,79530,79530
2026-09-05 06:42:00,303,2.438000,0.008046,1.393340,1.044660,79530.321977,79531,79531,79530
2026-09-05 06:43:00,454,3.117580,0.006867,1.920920,1.196660,79531.550435,79533,79533,79531
2026-09-05 06:44:00,170,1.307790,0.007693,0.726230,0.581560,79533.285553,79533,79533,79533
2026-09-05 06:45:00,158,0.636950,0.004031,0.304920,0.332030,79533.284787,79533,79533,79533
2026-09-05 06:46:00,1379,9.316710,0.006756,1.841790,7.474920,79544.193603,79540,79550,79533
2026-09-05 06:47:00,441,3.803310,0.008624,0.367300,3.436010,79535.312194,79530,79540,79530
2026-09-05 06:48:00,137,7.651520,0.055851,0.252730,7.398790,79530.000330,79530,79530,79530
2026-09-05 06:49:00,2044,62.801760,0.030725,24.105390,38.696370,79531.060281,79534,79551,79504
2026-09-05 06:50:00,666,8.503820,0.012768,7.443530,1.060290,79543.497108,79560,79560,79534
2026-09-05 06:51:00,1364,5.099660,0.003739,0.378010,4.721650,79546.772975,79524,79560,79524
2026-09-05 06:52:00,262,1.372510,0.005239,1.086680,0.285830,79524.427303,79525,79525,79524
2026-09-05 06:53:00,626,1.594310,0.002547,0.289080,1.305230,79516.120064,79512,79525,79512
2026-09-05 06:54:00,1168,13.972720,0.011963,11.646050,2.326670,79533.748677,79534,79546,79512
2026-09-05 06:55:00,901,4.040350,0.004484,2.326540,1.713810,79544.207587,79548,79550,79534
2026-09-05 06:56:00,228,3.445880,0.015114,2.288960,1.156920,79547.826602,79548,79548,79548
2026-09-05 06:57:00,291,3.058460,0.010510,0.464680,2.593780,79543.460759,79538,79548,79538
2026-09-05 06:58:00,516,3.391780,0.006573,0.770620,2.621160,79535.605070,79522,79538,79522
2026-09-05 06:59:00,857,2.794710,0.003261,2.418700,0.376010,79530.353070,79539,79539,79522
2026-09-05 07:00:00,1101,12.919660,0.011734,0.978360,11.941300,79527.635877,79500,79539,79500
2026-09-05 07:01:00,442,1.869360,0.004229,1.563390,0.305970,79501.869461,79503,79503,79500
2026-09-05 07:02:00,591,1.526490,0.002583,0.663710,0.862780,79503.110486,79501,79506,79501
2026-09-05 07:03:00,1553,7.642430,0.004921,0.484430,7.158000,79475.836431,79456,79501,79456
2026-09-05 07:04:00,813,6.154690,0.007570,2.853250,3.301440,79449.669506,79449,79456,79442
2026-09-05 07:05:00,572,4.524220,0.007909,3.732360,0.791860,79456.253710,79468,79468,79449
2026-09-05 07:06:00,705,2.276240,0.003229,1.938040,0.338200,79469.820109,79476,79476,79468
2026-09-05 07:07:00,346,1.773620,0.005126,0.567800,1.205820,79474.452183,79474,79476,79474
2026-09-05 07:08:00,1074,10.601000,0.009871,0.855830,9.745170,79462.205084,79450,79474,79449
2026-09-05 07:09:00,1488,52.903620,0.035554,16.668720,36.234900,79465.119788,79474,79481,79450
2026-09-05 07:10:00,1993,55.020710,0.027607,20.435020,34.585690,79460.823187,79460,79480,79449
2026-09-05 07:11:00,2052,4.110560,0.002003,3.624460,0.486100,79479.720353,79502,79502,79460
2026-09-05 07:12:00,856,4.216810,0.004926,3.427810,0.789000,79520.848220,79530,79530,79502
2026-09-05 07:13:00,831,1.707120,0.002054,1.570180,0.136940,79540.227884,79548,79548,79530
2026-09-05 07:14:00,694,1.895710,0.002732,1.611050,0.284660,79555.658730,79559,79559,79548
2026-09-05 07:15:00,222,1.759250,0.007925,1.268580,0.490670,79558.727211,79559,79559,79559
2026-09-05 07:16:00,307,3.197240,0.010414,3.057750,0.139490,79559.158999,79560,79560,79559
2026-09-05 07:17:00,313,2.111770,0.006747,1.819000,0.292770,79563.583687,79566,79566,79560
2026-09-05 07:18:00,424,5.304260,0.012510,3.246860,2.057400,79566.476121,79566,79566,79566
2026-09-05 07:19:00,751,19.189700,0.025552,1.531470,17.658230,79562.761273,79541,79570,79541
2026-09-05 07:20:00,2089,119.837700,0.057366,50.808150,69.029550,79552.591846,79558,79564,79528
2026-09-05 07:21:00,583,2.353350,0.004037,2.127860,0.225490,79559.623885,79562,79562,79558
2026-09-05 07:22:00,446,1.480310,0.003319,0.267590,1.212720,79558.758863,79557,79562,79557
2026-09-05 07:23:00,1138,5.153450,0.004529,1.311870,3.841580,79531.852647,79520,79557,79520
2026-09-05 07:24:00,179,2.212960,0.012363,1.308680,0.904280,79520.005914,79520,79520,79520
2026-09-05 07:25:00,679,2.042700,0.003008,1.857190,0.185510,79525.525345,79534,79534,79520
2026-09-05 07:26:00,236,1.401560,0.005939,1.072280,0.329280,79536.183459,79536,79536,79534
2026-09-05 07:27:00,196,0.968910,0.004943,0.687860,0.281050,79536.197099,79536,79536,79536
2026-09-05 07:28:00,331,1.000280,0.003022,0.559050,0.441230,79536.569170,79542,79542,79536
2026-09-05 07:29:00,704,2.360980,0.003354,2.234860,0.126120,79553.126940,79566,79566,79542
2026-09-05 07:30:00,648,1.553820,0.002398,1.485220,0.068600,79576.923735,79586,79586,79566
2026-09-05 07:31:00,610,1.651760,0.002708,1.496450,0.155310,79592.341898,79594,79594,79586
2026-09-05 07:32:00,427,0.990760,0.002320,0.597200,0.393560,79593.644167,79594,79594,79594
2026-09-05 07:33:00,352,1.842120,0.005233,0.352030,1.490090,79593.991911,79594,79594,79594
2026-09-05 07:34:00,223,4.514140,0.020243,0.902240,3.611900,79593.991999,79594,79594,79594
2026-09-05 07:35:00,174,0.994620,0.005716,0.826530,0.168090,79593.998310,79594,79594,79594
2026-09-05 07:36:00,155,1.136430,0.007332,0.566840,0.569590,79593.994988,79594,79594,79594
2026-09-05 07:37:00,767,2.427690,0.003165,0.303720,2.123970,79585.672399,79579,79594,79579
2026-09-05 07:38:00,98,0.277350,0.002830,0.204650,0.072700,79578.987379,79579,79579,79579
2026-09-05 07:39:00,150,0.703710,0.004691,0.195780,0.507930,79578.982782,79579,79579,79579
2026-09-05 07:40:00,149,0.442390,0.002969,0.201350,0.241040,79578.984551,79579,79579,79579
2026-09-05 07:41:00,179,1.200670,0.006708,0.245120,0.955550,79578.982042,79579,79579,79579
2026-09-05 07:42:00,270,1.437740,0.005325,1.225120,0.212620,79579.345601,79580,79580,79579
2026-09-05 07:43:00,777,8.595460,0.011062,5.379010,3.216450,79578.391224,79562,79580,79562
2026-09-05 07:44:00,706,2.161560,0.003062,0.336850,1.824710,79556.611556,79549,79562,79549
2026-09-05 07:45:00,712,5.397660,0.007581,0.277000,5.120660,79540.647454,79522,79549,79522
2026-09-05 07:46:00,426,2.660220,0.006245,0.530480,2.129740,79518.393590,79508,79522,79508
2026-09-05 07:47:00,453,3.658170,0.008075,3.378170,0.280000,79510.803230,79522,79522,79508
2026-09-05 07:48:00,204,2.448880,0.012004,1.433480,1.015400,79521.795854,79522,79522,79522
2026-09-05 07:49:00,529,1.542580,0.002916,0.483740,1.058840,79516.705096,79510,79522,79510
2026-09-05 07:50:00,1119,8.374720,0.007484,4.099700,4.275020,79500.402548,79500,79510,79494
2026-09-05 07:51:00,790,21.882160,0.027699,17.660300,4.221860,79504.873164,79524,79524,79500
2026-09-05 07:52:00,1306,19.391760,0.014848,3.398460,15.993300,79546.778079,79531,79558,79524
2026-09-05 07:53:00,1325,24.933410,0.018818,22.387660,2.545750,79544.988003,79566,79566,79529
2026-09-05 07:54:00,478,11.791970,0.024669,11.537530,0.254440,79570.277066,79576,79577,79566
2026-09-05 07:55:00,407,9.509310,0.023364,1.831110,7.678200,79572.957790,79570,79576,79568
2026-09-05 07:56:00,414,2.419790,0.005845,2.155950,0.263840,79572.567414,79576,79576,79570
2026-09-05 07:57:00,544,2.416470,0.004442,1.797640,0.618830,79576.218764,79580,79580,79576
2026-09-05 07:58:00,1514,8.898670,0.005878,3.833090,5.065580,79595.418853,79578,79600,79578
2026-09-05 07:59:00,268,2.994700,0.011174,0.431980,2.562720,79577.868266,79578,79578,79578
2026-09-05 08:00:00,211,1.698600,0.008050,0.847580,0.851020,79577.534990,79578,79578,79578
2026-09-05 08:01:00,397,3.149530,0.007933,1.268020,1.881510,79576.667823,79576,79578,79576
2026-09-05 08:02:00,647,3.492820,0.005398,3.165670,0.327150,79580.318779,79588,79588,79576
2026-09-05 08:03:00,500,2.562240,0.005124,2.265880,0.296360,79588.394200,79591,79591,79588
2026-09-05 08:04:00,775,4.190040,0.005407,3.348770,0.841270,79600.186822,79609,79609,79591
2026-09-05 08:05:00,284,2.482540,0.008741,1.872150,0.610390,79609.087541,79609,79609,79609
2026-09-05 08:06:00,809,3.443690,0.004257,1.874740,1.568950,79615.942491,79618,79618,79609
2026-09-05 08:07:00,938,5.277880,0.005627,2.602350,2.675530,79616.349398,79608,79621,79608
2026-09-05 08:08:00,860,7.466790,0.008682,4.742430,2.724360,79598.352947,79595,79608,79595
2026-09-05 08:09:00,781,3.214230,0.004116,1.557700,1.656530,79581.908630,79578,79595,79578
2026-09-05 08:10:00,297,3.085030,0.010387,2.314210,0.770820,79578.470012,79578,79578,79578
2026-09-05 08:11:00,1151,10.553960,0.009169,9.914110,0.639850,79601.660425,79634,79634,79578
2026-09-05 08:12:00,902,2.658320,0.002947,0.957350,1.700970,79624.687285,79616,79634,79616
2026-09-05 08:13:00,945,3.877770,0.004103,3.481640,0.396130,79628.532615,79636,79636,79616
2026-09-05 08:14:00,261,2.586060,0.009908,1.936510,0.649550,79635.964199,79636,79636,79636
2026-09-05 08:15:00,469,5.218910,0.011128,1.373430,3.845480,79633.980918,79627,79636,79627
2026-09-05 08:16:00,740,2.412670,0.003260,0.383130,2.029540,79623.062955,79613,79627,79613
2026-09-05 08:17:00,169,2.352040,0.013917,2.134720,0.217320,79613.409076,79613,79613,79613
2026-09-05 08:18:00,156,0.791780,0.005076,0.529270,0.262510,79613.406685,79613,79613,79613
2026-09-05 08:19:00,632,1.740150,0.002753,1.589470,0.150680,79618.378664,79625,79625,79613
2026-09-05 08:20:00,229,2.229540,0.009736,1.633370,0.596170,79625.167326,79625,79625,79625
2026-09-05 08:21:00,164,0.951540,0.005802,0.763230,0.188310,79625.168021,79625,79625,79625
2026-09-05 08:22:00,165,1.823830,0.011054,0.846700,0.977130,79625.164642,79625,79625,79625
2026-09-05 08:23:00,1047,8.148610,0.007783,4.286840,3.861770,79624.009213,79640,79640,79619
2026-09-05 08:24:00,119,0.578500,0.004861,0.324190,0.254310,79639.995604,79640,79640,79640
2026-09-05 08:25:00,814,14.494950,0.017807,0.989810,13.505140,79629.861406,79624,79640,79624
2026-09-05 08:26:00,281,1.424310,0.005069,0.638450,0.785860,79623.539849,79623,79624,79623
2026-09-05 08:27:00,173,1.023180,0.005914,0.318590,0.704590,79623.133114,79623,79623,79623
2026-09-05 08:28:00,420,4.107520,0.009780,3.059520,1.048000,79625.177430,79630,79630,79623
2026-09-05 08:29:00,1714,6.222590,0.003630,2.173020,4.049570,79635.519466,79621,79644,79621
2026-09-05 08:30:00,1239,7.221810,0.005829,5.595880,1.625930,79634.330960,79643,79645,79621
2026-09-05 08:31:00,491,3.258570,0.006637,2.658250,0.600320,79643.138485,79647,79647,79643
2026-09-05 08:32:00,223,5.131550,0.023011,1.954070,3.177480,79647.043808,79647,79647,79647
2026-09-05 08:33:00,286,3.564410,0.012463,2.985820,0.578590,79647.048377,79647,79647,79647
2026-09-05 08:34:00,236,3.451730,0.014626,0.683770,2.767960,79647.039413,79647,79647,79647
2026-09-05 08:35:00,796,2.282070,0.002867,0.365810,1.916260,79640.855074,79630,79647,79630
2026-09-05 08:36:00,399,3.377170,0.008464,2.836640,0.540530,79633.848549,79638,79638,79630
2026-09-05 08:37:00,203,1.345610,0.006629,0.535920,0.809690,79638.153983,79638,79638,79638
2026-09-05 08:38:00,780,3.869250,0.004961,2.273860,1.595390,79636.158011,79642,79642,79634
2026-09-05 08:39:00,457,2.473160,0.005412,2.355790,0.117370,79643.961018,79645,79645,79642
2026-09-05 08:40:00,2070,12.855440,0.006210,11.871820,0.983620,79686.538222,79716,79716,79645
2026-09-05 08:41:00,833,8.884380,0.010666,3.508880,5.375500,79703.229366,79693,79716,79693
2026-09-05 08:42:00,1588,5.686750,0.003581,2.580100,3.106650,79694.500028,79682,79709,79682
2026-09-05 08:43:00,222,1.325550,0.005971,0.966380,0.359170,79681.646222,79682,79682,79682
2026-09-05 08:44:00,321,2.617610,0.008155,1.768940,0.848670,79680.993572,79680,79682,79680
2026-09-05 08:45:00,574,2.705540,0.004713,0.425840,2.279700,79673.275474,79664,79680,79664
2026-09-05 08:46:00,352,2.507940,0.007125,1.461430,1.046510,79660.606590,79660,79664,79660
2026-09-05 08:47:00,823,3.507780,0.004262,3.300110,0.207670,79661.318505,79665,79665,79660
2026-09-05 08:48:00,126,0.830360,0.006590,0.739780,0.090580,79665.438909,79665,79665,79665
2026-09-05 08:49:00,284,4.640200,0.016339,0.666190,3.974010,79665.106224,79663,79665,79663
2026-09-05 08:50:00,697,3.948670,0.005665,3.660040,0.288630,79663.282555,79666,79666,79663
2026-09-05 08:51:00,222,1.053810,0.004747,0.507250,0.546560,79666.104813,79666,79666,79666
2026-09-05 08:52:00,224,1.129900,0.005044,0.746330,0.383570,79666.106605,79666,79666,79666
2026-09-05 08:53:00,455,2.441110,0.005365,0.487450,1.953660,79662.804049,79660,79666,79660
2026-09-05 08:54:00,326,13.657380,0.041894,11.702850,1.954530,79657.867990,79658,79660,79658
2026-09-05 08:55:00,237,1.684580,0.007108,1.089020,0.595560,79657.536465,79658,79658,79658
2026-09-05 08:56:00,1243,6.741030,0.005423,5.893610,0.847420,79659.142506,79672,79672,79658
2026-09-05 08:57:00,1119,2.446330,0.002186,1.931040,0.515290,79677.443231,79684,79684,79672
2026-09-05 08:58:00,1142,6.495210,0.005688,1.281370,5.213840,79675.150624,79656,79685,79656
2026-09-05 08:59:00,763,4.477260,0.005868,3.278870,1.198390,79665.037581,79676,79680,79656
2026-09-05 09:00:00,1868,18.591660,0.009953,11.648450,6.943210,79649.503381,79644,79676,79644
2026-09-05 09:01:00,440,3.740360,0.008501,3.109000,0.631360,79639.363846,79639,79644,79639
2026-09-05 09:02:00,3309,8.957950,0.002707,8.571760,0.386190,79665.465866,79692,79692,79639
2026-09-05 09:03:00,1420,11.194990,0.007884,7.581690,3.613300,79687.529429,79687,79692,79682
2026-09-05 09:04:00,1329,11.704660,0.008807,6.597760,5.106900,79689.602431,79672,79696,79672
2026-09-05 09:05:00,1118,4.771140,0.004268,4.521580,0.249560,79675.077066,79686,79686,79672
2026-09-05 09:06:00,716,3.160050,0.004413,2.706810,0.453240,79688.183548,79691,79691,79686
2026-09-05 09:07:00,337,2.006930,0.005955,1.122230,0.884700,79691.265592,79691,79691,79691
2026-09-05 09:08:00,211,1.748390,0.008286,0.304890,1.443500,79691.261744,79691,79691,79691
2026-09-05 09:09:00,445,3.013180,0.006771,0.969900,2.043280,79689.663900,79687,79691,79687
2026-09-05 09:10:00,547,3.646290,0.006666,1.242360,2.403930,79684.802236,79667,79687,79667
2026-09-05 09:11:00,1353,6.062640,0.004481,5.939120,0.123520,79675.430070,79692,79692,79667
2026-09-05 09:12:00,281,1.118240,0.003980,0.671490,0.446750,79691.976005,79692,79692,79692
2026-09-05 09:13:00,478,6.579770,0.013765,3.440460,3.139310,79687.338137,79684,79692,79684
2026-09-05 09:14:00,2396,7.656170,0.003195,7.251530,0.404640,79693.043290,79698,79698,79684
2026-09-05 09:15:00,659,4.248770,0.006447,3.232840,1.015930,79690.543736,79692,79698,79686
2026-09-05 09:16:00,509,8.078150,0.015871,6.237310,1.840840,79691.064096,79686,79692,79686
2026-09-05 09:17:00,309,1.815130,0.005874,1.355330,0.459800,79686.227467,79686,79686,79686
2026-09-05 09:18:00,709,6.108090,0.008615,5.621670,0.486420,79698.210089,79708,79708,79686
2026-09-05 09:19:00,483,4.151760,0.008596,0.516710,3.635050,79704.260718,79691,79708,79691
2026-09-05 09:20:00,655,5.424880,0.008282,2.108990,3.315890,79683.577022,79673,79691,79673
2026-09-05 09:21:00,781,4.107140,0.005259,3.819450,0.287690,79678.601099,79688,79688,79673
2026-09-05 09:22:00,222,1.393610,0.006278,0.883430,0.510180,79688.276339,79688,79688,79688
2026-09-05 09:23:00,776,3.101960,0.003997,2.974010,0.127950,79695.318115,79700,79700,79688
2026-09-05 09:24:00,454,1.738530,0.003829,1.401700,0.336830,79704.352541,79708,79708,79700
2026-09-05 09:25:00,215,1.297020,0.006033,1.030310,0.266710,79707.587944,79708,79708,79708
2026-09-05 09:26:00,196,1.302180,0.006644,0.436370,0.865810,79707.583351,79708,79708,79708
2026-09-05 09:27:00,153,0.744960,0.004869,0.219360,0.525600,79707.582945,79708,79708,79708
2026-09-05 09:28:00,713,3.115350,0.004369,2.391460,0.723890,79708.785815,79718,79718,79708
2026-09-05 09:29:00,224,7.305090,0.032612,5.965730,1.339360,79717.585475,79718,79718,79718
2026-09-05 09:30:00,159,1.574440,0.009902,1.219520,0.354920,79717.587746,79718,79718,79718
2026-09-05 09:31:00,558,14.470940,0.025934,2.919960,11.550980,79715.185836,79715,79718,79715
2026-09-05 09:32:00,286,2.530010,0.008846,0.912080,1.617930,79714.763605,79715,79715,79715
2026-09-05 09:33:00,617,12.754700,0.020672,0.658760,12.095940,79708.885909,79708,79715,79708
2026-09-05 09:34:00,448,2.094880,0.004676,1.666380,0.428500,79708.554637,79714,79714,79708
2026-09-05 09:35:00,1835,8.271820,0.004508,7.022680,1.249140,79731.173611,79747,79750,79714
2026-09-05 09:36:00,575,3.089710,0.005373,0.774390,2.315320,79739.979648,79731,79747,79731
2026-09-05 09:37:00,379,2.996320,0.007906,2.641360,0.354960,79731.028815,79731,79731,79731
2026-09-05 09:38:00,260,2.283630,0.008783,2.167030,0.116600,79731.029489,79731,79731,79731
2026-09-05 09:39:00,359,1.834090,0.005109,1.533940,0.300150,79731.028363,79731,79731,79731
2026-09-05 09:40:00,459,4.293810,0.009355,2.843890,1.449920,79731.026623,79731,79731,79731
2026-09-05 09:41:00,475,3.085510,0.006496,0.545980,2.539530,79730.602994,79728,79731,79728
2026-09-05 09:42:00,308,1.448670,0.004703,0.772650,0.676020,79728.364842,79728,79728,79728
2026-09-05 09:43:00,337,2.310060,0.006855,0.992750,1.317310,79728.354298,79728,79728,79728
2026-09-05 09:44:00,998,7.754280,0.007770,2.915640,4.838640,79718.903966,79722,79728,79710
2026-09-05 09:45:00,735,4.658830,0.006339,3.784240,0.874590,79727.998770,79728,79732,79722
2026-09-05 09:46:00,1668,18.528730,0.011108,18.184220,0.344510,79730.873561,79759,79759,79728
2026-09-05 09:47:00,610,2.833700,0.004645,2.573820,0.259880,79760.651227,79763,79763,79759
2026-09-05 09:48:00,264,1.191950,0.004515,0.633130,0.558820,79762.989508,79763,79763,79763
2026-09-05 09:49:00,508,2.763860,0.005441,0.856820,1.907040,79757.299801,79749,79763,79749
2026-09-05 09:50:00,982,6.190050,0.006304,1.056530,5.133520,79742.870979,79728,79749,79728
2026-09-05 09:51:00,365,5.181470,0.014196,0.869390,4.312080,79726.737583,79722,79728,79722
2026-09-05 09:52:00,630,4.478490,0.007109,3.778450,0.700040,79729.397072,79740,79740,79722
2026-09-05 09:53:00,191,1.063240,0.005567,0.553050,0.510190,79740.045202,79740,79740,79740
2026-09-05 09:54:00,365,2.817350,0.007719,0.586630,2.230720,79734.318491,79732,79740,79732
2026-09-05 09:55:00,241,3.033430,0.012587,2.062790,0.970640,79731.836800,79732,79732,79732
2026-09-05 09:56:00,226,1.432820,0.006340,0.399450,1.033370,79731.832788,79732,79732,79732
2026-09-05 09:57:00,254,1.673550,0.006589,0.393050,1.280500,79731.832349,79732,79732,79732
2026-09-05 09:58:00,1222,4.349710,0.003560,0.463190,3.886520,79716.554074,79700,79732,79700
2026-09-05 09:59:00,887,11.346580,0.012792,9.684170,1.662410,79699.458949,79708,79708,79695
2026-09-05 10:00:00,337,1.647540,0.004889,1.499880,0.147660,79709.275948,79710,79710,79708
2026-09-05 10:01:00,1319,9.588770,0.007270,1.631960,7.956810,79696.553112,79692,79710,79681
2026-09-05 10:02:00,610,3.279830,0.005377,1.485510,1.794320,79694.872252,79683,79703,79682
2026-09-05 10:03:00,331,2.524970,0.007628,2.021810,0.503160,79683.108007,79683,79683,79683
2026-09-05 10:04:00,361,4.587890,0.012709,2.648530,1.939360,79680.874531,79678,79683,79678
2026-09-05 10:05:00,981,5.147540,0.005247,0.384650,4.762890,79667.668958,79646,79678,79646
2026-09-05 10:06:00,391,3.250120,0.008312,0.321740,2.928380,79645.674852,79642,79646,79642
2026-09-05 10:07:00,797,7.470340,0.009373,5.493800,1.976540,79638.763742,79651,79651,79633
2026-09-05 10:08:00,140,1.391000,0.009936,0.842940,0.548060,79651.096060,79651,79651,79651
2026-09-05 10:09:00,439,3.003820,0.006842,2.479450,0.524370,79654.163333,79658,79658,79651
2026-09-05 10:10:00,482,11.509450,0.023879,1.299120,10.210330,79655.049367,79645,79658,79645
2026-09-05 10:11:00,557,4.577680,0.008218,3.933880,0.643800,79648.581096,79660,79660,79645
2026-09-05 10:12:00,1215,8.052670,0.006628,5.800850,2.251820,79682.742455,79697,79700,79660
2026-09-05 10:13:00,278,3.964130,0.014259,3.632230,0.331900,79696.609163,79697,79697,79697
2026-09-05 10:14:00,1005,4.715140,0.004692,1.918250,2.796890,79689.299446,79676,79697,79676
2026-09-05 10:15:00,675,4.128380,0.006116,0.615270,3.513110,79664.736278,79662,79676,79662
2026-09-05 10:16:00,210,1.339470,0.006378,1.108560,0.230910,79662.008276,79662,79662,79662
2026-09-05 10:17:00,780,3.622630,0.004644,3.355100,0.267530,79669.741508,79676,79676,79662
2026-09-05 10:18:00,2343,6.856210,0.002926,6.610110,0.246100,79689.133432,79706,79706,79676
2026-09-05 10:19:00,1274,3.366780,0.002643,2.805050,0.561730,79719.366410,79727,79727,79706
2026-09-05 10:20:00,2054,17.302600,0.008424,3.306370,13.996230,79716.130293,79664,79728,79664
2026-09-05 10:21:00,209,1.397110,0.006685,1.033490,0.363620,79664.217397,79664,79664,79664
2026-09-05 10:22:00,219,1.767370,0.008070,1.099790,0.667580,79664.216223,79664,79664,79664
2026-09-05 10:23:00,1089,5.461130,0.005015,3.744400,1.716730,79654.775201,79663,79664,79648
2026-09-05 10:24:00,1391,5.945530,0.004274,2.557450,3.388080,79669.774981,79656,79682,79656
2026-09-05 10:25:00,789,6.080030,0.007706,0.628770,5.451260,79649.983424,79649,79656,79649
2026-09-05 10:26:00,1557,8.059660,0.005176,0.423400,7.636260,79623.925904,79608,79649,79608
2026-09-05 10:27:00,436,5.238330,0.012015,1.247570,3.990760,79608.322382,79608,79608,79608
2026-09-05 10:28:00,1194,11.275070,0.009443,7.679450,3.595620,79624.920894,79646,79646,79608
2026-09-05 10:29:00,466,4.846140,0.010399,1.571790,3.274350,79645.990917,79646,79646,79646
2026-09-05 10:30:00,815,6.036230,0.007406,2.052830,3.983400,79641.050082,79639,79646,79639
2026-09-05 10:31:00,769,3.870710,0.005033,1.063970,2.806740,79632.999857,79630,79639,79630
2026-09-05 10:32:00,814,3.507000,0.004308,0.750120,2.756880,79627.057142,79626,79630,79626
2026-09-05 10:33:00,1500,12.268200,0.008179,2.487500,9.780700,79602.713888,79593,79626,79588
2026-09-05 10:34:00,1017,9.114680,0.008962,4.254520,4.860160,79598.192684,79596,79601,79593
2026-09-05 10:35:00,1631,10.905590,0.006686,1.829960,9.075630,79584.126025,79568,79596,79568
2026-09-05 10:36:00,628,10.669370,0.016989,7.785560,2.883810,79572.214046,79576,79576,79568
2026-09-05 10:37:00,1633,6.961790,0.004263,4.092560,2.869230,79586.781843,79602,79602,79576
2026-09-05 10:38:00,836,6.711580,0.008028,3.898920,2.812660,79602.341879,79605,79605,79602
2026-09-05 10:39:00,1182,7.569890,0.006404,4.403970,3.165920,79613.912598,79621,79621,79605
2026-09-05 10:40:00,1678,8.518300,0.005076,3.648510,4.869790,79626.922554,79614,79637,79614
2026-09-05 10:41:00,339,3.739220,0.011030,0.839630,2.899590,79614.002245,79614,79614,79614
2026-09-05 10:42:00,388,5.232210,0.013485,1.147150,4.085060,79613.987397,79614,79614,79614
2026-09-05 10:43:00,296,3.820610,0.012907,1.068670,2.751940,79613.902797,79614,79614,79614
2026-09-05 10:44:00,307,4.859140,0.015828,1.752530,3.106610,79613.903607,79614,79614,79614
2026-09-05 10:45:00,694,12.139210,0.017492,9.771960,2.367250,79614.208837,79615,79615,79614
2026-09-05 10:46:00,260,3.632540,0.013971,0.839850,2.792690,79615.292312,79615,79615,79615
2026-09-05 10:47:00,399,3.548090,0.008892,0.525280,3.022810,79615.291480,79615,79615,79615
2026-09-05 10:48:00,387,3.534170,0.009132,0.485590,3.048580,79615.291374,79615,79615,79615
2026-09-05 10:49:00,627,3.892310,0.006208,0.970340,2.921970,79615.109909,79613,79615,79613
2026-09-05 10:50:00,1402,4.029540,0.002874,0.753060,3.276480,79601.584234,79600,79613,79600
2026-09-05 10:51:00,796,7.769030,0.009760,4.306460,3.462570,79605.521097,79610,79610,79600
2026-09-05 10:52:00,372,6.986530,0.018781,2.235760,4.750770,79610.203200,79610,79610,79610
2026-09-05 10:53:00,1110,9.793590,0.008823,6.490350,3.303240,79614.059974,79621,79621,79610
2026-09-05 10:54:00,512,6.559190,0.012811,2.940180,3.619010,79622.178687,79622,79622,79622
2026-09-05 10:55:00,483,7.331460,0.015179,2.853960,4.477500,79622.213893,79622,79622,79622
2026-09-05 10:56:00,373,6.770350,0.018151,2.449440,4.320910,79622.213618,79622,79622,79622
2026-09-05 10:57:00,648,7.732870,0.011933,4.780150,2.952720,79622.575772,79623,79623,79622
2026-09-05 10:58:00,1264,8.766460,0.006935,4.050900,4.715560,79631.153700,79638,79638,79623
2026-09-05 10:59:00,1786,16.771350,0.009390,11.320210,5.451140,79658.285830,79650,79668,79638
2026-09-05 11:00:00,512,5.134720,0.010029,0.607680,4.527040,79650.281114,79650,79650,79650
2026-09-05 11:01:00,850,5.839910,0.006870,2.495760,3.344150,79652.942858,79668,79668,79650
2026-09-05 11:02:00,892,8.700170,0.009754,5.065820,3.634350,79676.804666,79682,79682,79668
2026-09-05 11:03:00,813,7.972720,0.009807,2.622700,5.350020,79688.922398,79689,79690,79682
2026-09-05 11:04:00,1146,14.075760,0.012283,7.673340,6.402420,79706.503407,79706,79721,79689
2026-09-05 11:05:00,1054,5.235530,0.004967,1.124220,4.111310,79701.680435,79698,79706,79698
2026-09-05 11:06:00,632,5.369560,0.008496,1.706640,3.662920,79693.750318,79693,79698,79693
2026-09-05 11:07:00,971,7.053360,0.007264,3.204880,3.848480,79699.602201,79709,79709,79693
2026-09-05 11:08:00,1122,4.852850,0.004325,0.541030,4.311820,79700.278727,79697,79709,79697
2026-09-05 11:09:00,531,6.203260,0.011682,2.581320,3.621940,79697.194161,79697,79697,79697
2026-09-05 11:10:00,590,8.199010,0.013897,4.947040,3.251970,79697.225123,79698,79698,79697
2026-09-05 11:11:00,603,6.879710,0.011409,3.488610,3.391100,79703.012434,79711,79711,79698
2026-09-05 11:12:00,380,3.778260,0.009943,1.223470,2.554790,79711.373238,79711,79711,79711
2026-09-05 11:13:00,780,9.097140,0.011663,6.142690,2.954450,79716.191420,79722,79722,79711
2026-09-05 11:14:00,1181,7.615390,0.006448,1.838370,5.777020,79732.768397,79728,79736,79722
2026-09-05 11:15:00,691,10.693630,0.015476,1.789820,8.903810,79721.286073,79719,79728,79719
2026-09-05 11:16:00,1356,6.213330,0.004582,1.613660,4.599670,79704.284148,79694,79719,79694
2026-09-05 11:17:00,569,4.874980,0.008568,2.241950,2.633030,79694.284343,79696,79696,79694
2026-09-05 11:18:00,632,3.293130,0.005211,0.606890,2.686240,79695.553292,79695,79696,79695
2026-09-05 11:19:00,436,5.131500,0.011769,2.257660,2.873840,79695.004400,79695,79695,79695
2026-09-05 11:20:00,487,4.037670,0.008291,1.043070,2.994600,79695.002583,79695,79695,79695
2026-09-05 11:21:00,885,6.160070,0.006961,2.242540,3.917530,79698.129815,79701,79703,79695
2026-09-05 11:22:00,767,4.653700,0.006067,1.212510,3.441190,79700.932605,79701,79701,79701
2026-09-05 11:23:00,1419,7.230210,0.005095,2.009200,5.221010,79704.126008,79693,79715,79693
2026-09-05 11:24:00,431,3.422810,0.007942,0.764180,2.658630,79693.152233,79693,79693,79693
2026-09-05 11:25:00,652,7.860510,0.012056,4.192520,3.667990,79695.853637,79698,79698,79693
2026-09-05 11:26:00,581,4.105820,0.007067,1.378740,2.727080,79697.723358,79698,79698,79698
2026-09-05 11:27:00,590,3.301310,0.005595,1.036300,2.265010,79697.723139,79698,79698,79698
2026-09-05 11:28:00,333,1.371790,0.004119,0.428670,0.943120,79697.723125,79698,79698,79698
2026-09-05 11:29:00,557,4.523170,0.008121,1.154350,3.368820,79697.722552,79698,79698,79698
2026-09-05 11:30:00,554,6.457170,0.011656,3.404540,3.052630,79697.725272,79698,79698,79698
2026-09-05 11:31:00,478,4.284110,0.008963,0.941310,3.342800,79697.722197,79698,79698,79698
2026-09-05 11:32:00,477,3.756750,0.007876,0.849630,2.907120,79697.722262,79698,79698,79698
2026-09-05 11:33:00,473,3.298990,0.006975,0.854170,2.444820,79697.722589,79698,79698,79698
2026-09-05 11:34:00,625,3.227830,0.005165,0.464630,2.763200,79697.680240,79698,79698,79698
2026-09-05 11:35:00,537,5.669820,0.010558,1.201240,4.468580,79697.642119,79698,79698,79698
2026-09-05 11:36:00,567,4.167410,0.007350,1.028780,3.138630,79697.642469,79698,79698,79698
2026-09-05 11:37:00,1652,6.799580,0.004116,2.188920,4.610660,79702.995077,79693,79708,79692
2026-09-05 11:38:00,470,3.733090,0.007943,0.914070,2.819020,79692.502449,79693,79693,79692
2026-09-05 11:39:00,287,3.169190,0.011042,2.575810,0.593380,79692.508128,79693,79693,79692
2026-09-05 11:40:00,759,7.241350,0.009541,2.081000,5.160350,79691.868746,79689,79693,79689
2026-09-05 11:41:00,1358,13.423040,0.009884,4.141220,9.281820,79666.472634,79664,79689,79657
2026-09-05 11:42:00,753,16.073250,0.021346,4.325650,11.747600,79668.003009,79670,79670,79664
2026-09-05 11:43:00,651,5.266740,0.008090,1.215650,4.051090,79670.032308,79670,79670,79670
2026-09-05 11:44:00,365,4.473480,0.012256,1.535940,2.937540,79670.033433,79670,79670,79670
2026-09-05 11:45:00,704,24.278400,0.034486,16.585880,7.692520,79677.271644,79689,79689,79670
2026-09-05 11:46:00,1606,16.764190,0.010438,3.147610,13.616580,79667.947020,79652,79689,79652
2026-09-05 11:47:00,559,5.604530,0.010026,2.245810,3.358720,79652.686344,79653,79653,79652
2026-09-05 11:48:00,427,4.440520,0.010399,1.248700,3.191820,79652.712812,79653,79653,79653
2026-09-05 11:49:00,712,4.983510,0.006999,0.591820,4.391690,79648.993036,79646,79653,79646
2026-09-05 11:50:00,290,3.736340,0.012884,1.245270,2.491070,79646.073333,79646,79646,79646
2026-09-05 11:51:00,446,4.848000,0.010870,1.922090,2.925910,79646.127711,79647,79647,79646
2026-09-05 11:52:00,436,4.345010,0.009966,1.488800,2.856210,79648.380445,79651,79651,79647
2026-09-05 11:53:00,746,5.642240,0.007563,1.255450,4.386790,79655.484421,79656,79659,79651
2026-09-05 11:54:00,447,4.754830,0.010637,0.599590,4.155240,79652.470521,79651,79656,79651
2026-09-05 11:55:00,449,7.933770,0.017670,0.297150,7.636620,79648.368513,79646,79651,79646
2026-09-05 11:56:00,306,3.764160,0.012301,0.986510,2.777650,79646.002621,79646,79646,79646
2026-09-05 11:57:00,609,4.590740,0.007538,0.806000,3.784740,79643.557498,79636,79646,79636
2026-09-05 11:58:00,1555,17.948550,0.011542,5.048850,12.899700,79626.599706,79621,79636,79612
2026-09-05 11:59:00,969,5.190800,0.005357,1.983150,3.207650,79622.607081,79631,79631,79621
2026-09-05 12:00:00,199,3.593810,0.018059,0.844800,2.749010,79631.282351,79631,79631,79631
2026-09-05 12:01:00,745,7.272570,0.009762,1.821530,5.451040,79634.402457,79637,79637,79631
2026-09-05 12:02:00,298,3.635250,0.012199,0.700180,2.935070,79636.891926,79637,79637,79637
2026-09-05 12:03:00,299,4.870800,0.016290,1.518690,3.352110,79636.893118,79637,79637,79637
2026-09-05 12:04:00,417,4.527160,0.010856,1.394340,3.132820,79636.893080,79637,79637,79637
2026-09-05 12:05:00,617,11.436580,0.018536,2.104020,9.332560,79636.112738,79631,79637,79631
2026-09-05 12:06:00,486,6.585400,0.013550,0.706680,5.878720,79630.917816,79631,79631,79631
2026-09-05 12:07:00,415,3.548760,0.008551,0.497360,3.051400,79630.901402,79631,79631,79631
2026-09-05 12:08:00,641,5.753910,0.008976,0.878820,4.875090,79630.798727,79630,79631,79630
2026-09-05 12:09:00,481,5.019060,0.010435,0.795680,4.223380,79629.935834,79630,79630,79630
2026-09-05 12:10:00,381,4.229120,0.011100,1.816100,2.413020,79629.934294,79630,79630,79630
2026-09-05 12:11:00,537,8.742490,0.016280,5.793280,2.949210,79629.936627,79630,79630,79630
2026-09-05 12:12:00,268,3.929680,0.014663,0.931820,2.997860,79629.932371,79630,79630,79630
2026-09-05 12:13:00,688,11.023050,0.016022,1.886550,9.136500,79627.069547,79622,79630,79622
2026-09-05 12:14:00,628,2.532160,0.004032,0.492980,2.039180,79622.001947,79622,79622,79622
2026-09-05 12:15:00,992,14.116810,0.014231,11.011790,3.105020,79620.681945,79622,79622,79620
2026-09-05 12:16:00,317,3.161510,0.009973,0.770310,2.391200,79622.002437,79622,79622,79622
2026-09-05 12:17:00,407,4.550700,0.011181,1.445040,3.105660,79622.003175,79622,79622,79622
2026-09-05 12:18:00,508,4.964000,0.009772,1.084650,3.879350,79622.002185,79622,79622,79622
2026-09-05 12:19:00,326,3.879230,0.011899,0.953630,2.925600,79622.002458,79622,79622,79622
2026-09-05 12:20:00,549,10.218930,0.018614,2.499590,7.719340,79622.002446,79622,79622,79622
2026-09-05 12:21:00,810,6.135380,0.007575,1.162250,4.973130,79620.366432,79618,79622,79618
2026-09-05 12:22:00,1158,3.537030,0.003054,0.776170,2.760860,79614.383147,79613,79618,79613
2026-09-05 12:23:00,469,4.105130,0.008753,1.243290,2.861840,79613.463029,79613,79613,79613
2026-09-05 12:24:00,1814,17.637130,0.009723,12.608400,5.028730,79624.310460,79648,79656,79613
2026-09-05 12:25:00,543,3.445520,0.006345,0.792180,2.653340,79648.015790,79648,79648,79648
2026-09-05 12:26:00,1303,4.915230,0.003772,2.188160,2.727070,79649.888997,79658,79658,79648
2026-09-05 12:27:00,408,2.666380,0.006535,1.270070,1.396310,79659.662081,79660,79660,79658
2026-09-05 12:28:00,1794,7.435370,0.004145,0.372390,7.062980,79635.876540,79602,79660,79600
2026-09-05 12:29:00,1490,9.160690,0.006148,6.456240,2.704450,79608.106650,79636,79636,79602
2026-09-05 12:30:00,1304,6.738510,0.005168,1.744590,4.993920,79614.932179,79616,79636,79606
2026-09-05 12:31:00,1394,6.871780,0.004930,3.929610,2.942170,79625.929449,79641,79641,79616
2026-09-05 12:32:00,2628,7.350870,0.002797,3.433190,3.917680,79652.178117,79649,79664,79641
2026-09-05 12:33:00,861,6.774680,0.007868,2.525250,4.249430,79651.826588,79653,79654,79649
2026-09-05 12:34:00,603,4.318950,0.007162,0.462620,3.856330,79645.920752,79644,79653,79644
2026-09-05 12:35:00,1305,7.514170,0.005758,3.830190,3.683980,79644.634289,79647,79647,79644
2026-09-05 12:36:00,1615,12.624080,0.007817,1.001760,11.622320,79635.170370,79600,79650,79600
2026-09-05 12:37:00,880,4.577380,0.005202,2.209590,2.367790,79601.242504,79612,79612,79600
2026-09-05 12:38:00,538,1.907920,0.003546,1.505480,0.402440,79612.695048,79616,79616,79612
2026-09-05 12:39:00,510,2.754250,0.005400,2.562550,0.191700,79615.966937,79616,79616,79616
2026-09-05 12:40:00,621,1.726200,0.002780,1.326980,0.399220,79615.997687,79616,79616,79616
2026-09-05 12:41:00,1264,2.774160,0.002195,2.706920,0.067240,79619.936522,79631,79631,79616
2026-09-05 12:42:00,751,1.784700,0.002376,1.579140,0.205560,79631.551949,79632,79632,79631
2026-09-05 12:43:00,1437,9.218710,0.006415,1.963960,7.254750,79621.664764,79606,79632,79605
2026-09-05 12:44:00,487,2.783300,0.005715,0.561700,2.221600,79604.621728,79600,79608,79600
2026-09-05 12:45:00,564,1.333970,0.002365,0.970090,0.363880,79600.007272,79600,79600,79600
2026-09-05 12:46:00,157,1.782380,0.011353,0.560300,1.222080,79600.003144,79600,79600,79600
2026-09-05 12:47:00,173,1.160150,0.006706,0.573490,0.586660,79600.004943,79600,79600,79600
2026-09-05 12:48:00,664,1.255810,0.001891,0.926100,0.329710,79600.007375,79600,79600,79600
2026-09-05 12:49:00,904,15.167770,0.016779,1.050660,14.117110,79599.898794,79596,79600,79596
2026-09-05 12:50:00,236,0.766850,0.003249,0.460210,0.306640,79596.006001,79596,79596,79596
2026-09-05 12:51:00,464,2.588380,0.005578,1.001530,1.586850,79595.996554,79595,79596,79595
2026-09-05 12:52:00,1835,8.679980,0.004730,7.536000,1.143980,79594.796133,79607,79607,79594
2026-09-05 12:53:00,625,1.447470,0.002316,1.314940,0.132530,79613.395775,79616,79616,79607
2026-09-05 12:54:00,794,2.349270,0.002959,2.009320,0.339950,79617.165613,79622,79622,79616
2026-09-05 12:55:00,215,1.044170,0.004857,0.819070,0.225100,79621.997844,79622,79622,79622
2026-09-05 12:56:00,870,2.562380,0.002945,1.978920,0.583460,79622.898391,79627,79627,79622
2026-09-05 12:57:00,1532,2.466950,0.001610,2.328860,0.138090,79629.285184,79638,79638,79627
2026-09-05 12:58:00,731,2.340630,0.003202,0.842960,1.497670,79644.104494,79644,79646,79638
2026-09-05 12:59:00,1403,6.742720,0.004806,6.168670,0.574050,79645.733324,79652,79652,79644
2026-09-05 13:00:00,1523,9.648150,0.006335,1.700710,7.947440,79646.763142,79618,79656,79618
2026-09-05 13:01:00,308,1.911150,0.006205,1.176900,0.734250,79618.006158,79618,79618,79618
2026-09-05 13:02:00,911,3.737500,0.004103,3.177820,0.559680,79621.565195,79632,79632,79618
2026-09-05 13:03:00,256,0.777300,0.003036,0.442260,0.335040,79631.865690,79632,79632,79632
2026-09-05 13:04:00,196,0.854740,0.004361,0.527360,0.327380,79631.866170,79632,79632,79632
2026-09-05 13:05:00,1654,5.764870,0.003485,3.494880,2.269990,79646.678864,79664,79664,79632
2026-09-05 13:06:00,1241,8.236410,0.006637,1.038630,7.197780,79654.000490,79644,79664,79644
2026-09-05 13:07:00,1016,10.714860,0.010546,7.838780,2.876080,79653.153486,79672,79672,79642
2026-09-05 13:08:00,284,1.987610,0.006999,1.200800,0.786810,79671.866041,79672,79672,79672
2026-09-05 13:09:00,923,6.042850,0.006547,5.259600,0.783250,79672.344256,79667,79673,79667
2026-09-05 13:10:00,1019,6.134120,0.006020,2.324060,3.810060,79658.100138,79650,79667,79646
2026-09-05 13:11:00,1159,9.605080,0.008287,6.254450,3.350630,79655.461785,79664,79664,79642
2026-09-05 13:12:00,1455,4.118450,0.002831,3.729300,0.389150,79668.943555,79674,79674,79664
2026-09-05 13:13:00,383,2.639170,0.006891,2.307450,0.331720,79673.958743,79674,79674,79674
2026-09-05 13:14:00,1264,5.538450,0.004382,0.390700,5.147750,79661.584746,79636,79674,79636
2026-09-05 13:15:00,1519,16.466280,0.010840,3.535290,12.930990,79650.836599,79650,79656,79636
2026-09-05 13:16:00,634,3.662180,0.005776,0.350800,3.311380,79640.364864,79630,79650,79630
2026-09-05 13:17:00,230,0.968840,0.004212,0.760160,0.208680,79630.007846,79630,79630,79630
2026-09-05 13:18:00,525,1.543780,0.002941,0.294760,1.249020,79626.398667,79624,79630,79624
2026-09-05 13:19:00,349,0.707090,0.002026,0.343150,0.363940,79624.004853,79624,79624,79624
2026-09-05 13:20:00,260,0.631800,0.002430,0.334950,0.296850,79624.005302,79624,79624,79624
2026-09-05 13:21:00,244,0.873090,0.003578,0.369990,0.503100,79624.004238,79624,79624,79624
2026-09-05 13:22:00,242,1.626920,0.006723,0.606060,1.020860,79624.003725,79624,79624,79624
2026-09-05 13:23:00,264,1.811890,0.006863,1.373270,0.438620,79624.007579,79624,79624,79624
2026-09-05 13:24:00,286,2.750990,0.009619,1.383280,1.367710,79624.005028,79624,79624,79624
2026-09-05 13:25:00,177,0.832930,0.004706,0.613990,0.218940,79624.007371,79624,79624,79624
2026-09-05 13:26:00,154,2.008100,0.013040,1.741100,0.267000,79624.008670,79624,79624,79624
2026-09-05 13:27:00,387,1.199710,0.003100,0.360120,0.839590,79623.307995,79620,79624,79620
2026-09-05 13:28:00,853,3.117820,0.003655,2.881650,0.236170,79620.419858,79623,79623,79620
2026-09-05 13:29:00,221,0.939870,0.004253,0.603880,0.335990,79622.556425,79623,79623,79623
2026-09-05 13:30:00,609,2.262700,0.003715,1.637190,0.625510,79622.849808,79624,79624,79623
2026-09-05 13:31:00,286,1.463990,0.005119,1.092400,0.371590,79623.947462,79624,79624,79624
2026-09-05 13:32:00,832,2.362270,0.002839,1.529140,0.833130,79626.627609,79632,79632,79624
2026-09-05 13:33:00,387,0.671650,0.001736,0.452010,0.219640,79631.996730,79632,79632,79632
2026-09-05 13:34:00,695,4.274940,0.006151,1.414100,2.860840,79634.846302,79636,79636,79632
2026-09-05 13:35:00,289,0.715220,0.002475,0.394370,0.320850,79635.995514,79636,79636,79636
2026-09-05 13:36:00,212,1.258290,0.005935,1.021770,0.236520,79635.998120,79636,79636,79636
2026-09-05 13:37:00,244,2.276350,0.009329,0.306610,1.969740,79635.991347,79636,79636,79636
2026-09-05 13:38:00,181,1.239440,0.006848,0.507650,0.731790,79635.994096,79636,79636,79636
2026-09-05 13:39:00,340,3.991880,0.011741,0.950970,3.040910,79635.992382,79636,79636,79636
2026-09-05 13:40:00,376,1.965720,0.005228,0.569010,1.396710,79635.990270,79636,79636,79636
2026-09-05 13:41:00,550,2.524980,0.004591,0.260180,2.264800,79635.688805,79631,79636,79631
2026-09-05 13:42:00,399,9.153240,0.022940,8.724370,0.428870,79631.059531,79631,79631,79631
2026-09-05 13:43:00,1446,7.452600,0.005154,4.755920,2.696680,79634.552375,79630,79640,79630
2026-09-05 13:44:00,1384,9.441220,0.006822,3.035080,6.406140,79621.253100,79628,79630,79610
2026-09-05 13:45:00,1115,4.180640,0.003749,0.584000,3.596640,79619.764757,79608,79628,79608
2026-09-05 13:46:00,225,0.519250,0.002308,0.325520,0.193730,79608.006269,79608,79608,79608
2026-09-05 13:47:00,286,1.712940,0.005989,0.533620,1.179320,79608.003115,79608,79608,79608
2026-09-05 13:48:00,218,0.961980,0.004413,0.537800,0.424180,79608.005591,79608,79608,79608
2026-09-05 13:49:00,298,1.084840,0.003640,0.836800,0.248040,79608.007714,79608,79608,79608
2026-09-05 13:50:00,1326,12.052810,0.009090,6.003910,6.048900,79627.045679,79645,79645,79608
2026-09-05 13:51:00,262,1.257680,0.004800,1.079750,0.177930,79645.258585,79645,79645,79645
2026-09-05 13:52:00,720,2.275330,0.003160,2.181010,0.094320,79647.284356,79653,79653,79645
2026-09-05 13:53:00,615,1.797120,0.002922,1.657450,0.139670,79654.948357,79660,79660,79653
2026-09-05 13:54:00,1107,4.671170,0.004220,2.735590,1.935580,79670.285698,79666,79674,79660
2026-09-05 13:55:00,1393,12.057850,0.008656,4.522320,7.535530,79664.061757,79630,79674,79630
2026-09-05 13:56:00,522,4.316020,0.008268,3.577480,0.738540,79632.676431,79635,79635,79630
2026-09-05 13:57:00,417,2.134150,0.005118,1.604910,0.529240,79635.307520,79635,79635,79635
2026-09-05 13:58:00,703,3.326530,0.004732,0.921170,2.405360,79633.711568,79630,79635,79630
2026-09-05 13:59:00,998,8.467330,0.008484,1.757120,6.710210,79618.418906,79608,79630,79608
2026-09-05 14:00:00,890,4.897200,0.005502,3.723520,1.173680,79608.339177,79609,79609,79608
2026-09-05 14:01:00,1158,3.430860,0.002963,2.538850,0.892010,79613.684366,79622,79622,79609
2026-09-05 14:02:00,865,1.925340,0.002226,1.597910,0.327430,79625.846668,79638,79638,79622
2026-09-05 14:03:00,877,2.571430,0.002932,1.743090,0.828340,79651.004901,79654,79654,79638
2026-09-05 14:04:00,237,1.199600,0.005062,0.662550,0.537050,79654.205523,79654,79654,79654
2026-09-05 14:05:00,266,3.485260,0.013102,2.837870,0.647390,79654.208142,79654,79654,79654
2026-09-05 14:06:00,183,1.310310,0.007160,1.135540,0.174770,79654.208666,79654,79654,79654
2026-09-05 14:07:00,275,1.256000,0.004567,1.032980,0.223020,79654.208224,79654,79654,79654
2026-09-05 14:08:00,1377,2.925840,0.002125,2.486340,0.439500,79655.045777,79659,79659,79654
2026-09-05 14:09:00,1261,2.555870,0.002027,2.306610,0.249260,79666.083688,79674,79674,79659
2026-09-05 14:10:00,222,1.095870,0.004936,0.898470,0.197400,79673.988199,79674,79674,79674
2026-09-05 14:11:00,782,1.820140,0.002328,1.209670,0.610470,79667.694173,79668,79674,79667
2026-09-05 14:12:00,716,2.415650,0.003374,0.758790,1.656860,79669.686341,79661,79673,79661
2026-09-05 14:13:00,500,1.562250,0.003125,1.354670,0.207580,79660.869034,79662,79662,79661
2026-09-05 14:14:00,239,0.847460,0.003546,0.663960,0.183500,79662.199056,79662,79662,79662
2026-09-05 14:15:00,157,0.423160,0.002695,0.269930,0.153230,79662.466379,79662,79662,79662
2026-09-05 14:16:00,147,1.283070,0.008728,1.147880,0.135190,79662.468946,79662,79662,79662
2026-09-05 14:17:00,237,2.148900,0.009067,0.856860,1.292040,79662.463987,79662,79662,79662
2026-09-05 14:18:00,306,2.598540,0.008492,2.150590,0.447950,79662.468276,79662,79662,79662
2026-09-05 14:19:00,264,1.033670,0.003915,0.723330,0.310340,79662.466998,79662,79662,79662
2026-09-05 14:20:00,676,2.586080,0.003826,1.060810,1.525270,79658.986522,79656,79662,79656
2026-09-05 14:21:00,183,0.625740,0.003419,0.367820,0.257920,79656.235878,79656,79656,79656
2026-09-05 14:22:00,263,1.140520,0.004337,0.770720,0.369800,79656.236758,79656,79656,79656
2026-09-05 14:23:00,1011,3.626810,0.003587,2.584220,1.042590,79658.062920,79666,79666,79656
2026-09-05 14:24:00,589,1.633930,0.002774,0.970710,0.663220,79665.995941,79666,79666,79666
2026-09-05 14:25:00,1075,2.211240,0.002057,1.259070,0.952170,79672.656069,79676,79676,79666
2026-09-05 14:26:00,1247,6.632590,0.005319,1.407290,5.225300,79677.837277,79666,79680,79666
2026-09-05 14:27:00,297,1.655150,0.005573,0.534210,1.120940,79665.927980,79664,79666,79664
2026-09-05 14:28:00,327,4.175120,0.012768,0.505350,3.669770,79663.998669,79664,79664,79664
2026-09-05 14:29:00,816,5.119910,0.006274,3.285950,1.833960,79664.608643,79665,79665,79664
2026-09-05 14:30:00,732,15.508720,0.021187,3.316350,12.192370,79660.992529,79655,79665,79655
2026-09-05 14:31:00,2342,19.057550,0.008137,7.043600,12.013950,79632.877589,79620,79655,79612
2026-09-05 14:32:00,810,8.202520,0.010127,6.586670,1.615850,79632.853627,79646,79646,79620
2026-09-05 14:33:00,759,5.059950,0.006667,2.183930,2.876020,79645.211919,79652,79652,79643
2026-09-05 14:34:00,1684,9.888420,0.005872,6.701270,3.187150,79682.074189,79682,79694,79652
2026-09-05 14:35:00,175,1.001820,0.005725,0.711920,0.289900,79682.257106,79682,79682,79682
2026-09-05 14:36:00,1142,7.376390,0.006459,5.282180,2.094210,79688.306289,79695,79698,79682
2026-09-05 14:37:00,474,4.368830,0.009217,4.235120,0.133710,79695.014962,79700,79700,79695
2026-09-05 14:38:00,1998,11.085690,0.005548,2.935760,8.149930,79682.098703,79666,79700,79661
2026-09-05 14:39:00,924,4.731380,0.005121,4.100560,0.630820,79672.211172,79684,79684,79666
2026-09-05 14:40:00,1006,7.342930,0.007299,3.184170,4.158760,79700.620320,79712,79712,79684
2026-09-05 14:41:00,773,8.935760,0.011560,4.848780,4.086980,79712.240865,79716,79717,79712
2026-09-05 14:42:00,1624,26.450020,0.016287,16.834620,9.615400,79728.335918,79755,79755,79716
2026-09-05 14:43:00,2072,12.750950,0.006154,4.772470,7.978480,79759.198898,79738,79774,79738
2026-09-05 14:44:00,253,2.058410,0.008136,0.922250,1.136160,79738.004480,79738,79738,79738
2026-09-05 14:45:00,758,4.943580,0.006522,0.555900,4.387680,79733.752390,79727,79738,79727
2026-09-05 14:46:00,2038,15.731620,0.007719,8.159370,7.572250,79709.578798,79741,79741,79699
2026-09-05 14:47:00,1010,10.149990,0.010049,9.479110,0.670880,79758.124548,79765,79765,79741
2026-09-05 14:48:00,1734,16.577690,0.009560,5.969140,10.608550,79746.461649,79740,79765,79725
2026-09-05 14:49:00,945,6.021240,0.006372,2.785480,3.235760,79732.074879,79718,79740,79718
2026-09-05 14:50:00,593,5.865170,0.009891,4.513470,1.351700,79725.309118,79736,79736,79718
2026-09-05 14:51:00,1082,9.574230,0.008849,2.074640,7.499590,79729.230625,79718,79736,79718
2026-09-05 14:52:00,757,5.478500,0.007237,4.800780,0.677720,79723.072679,79725,79725,79718
2026-09-05 14:53:00,575,7.349950,0.012783,4.724270,2.625680,79724.776428,79725,79725,79725
2026-09-05 14:54:00,323,2.944960,0.009118,2.145850,0.799110,79724.777287,79725,79725,79725
2026-09-05 14:55:00,995,5.869630,0.005899,5.389440,0.480190,79734.303608,79744,79744,79725
2026-09-05 14:56:00,1025,18.718490,0.018262,18.462940,0.255550,79749.806605,79757,79757,79744
2026-09-05 14:57:00,554,7.273160,0.013128,5.178700,2.094460,79762.075215,79764,79764,79757
2026-09-05 14:58:00,1087,12.905870,0.011873,5.114650,7.791220,79748.803284,79732,79764,79732
2026-09-05 14:59:00,578,5.301700,0.009172,3.977290,1.324410,79734.362404,79740,79740,79732
2026-09-05 15:00:00,1077,6.429390,0.005970,1.481620,4.947770,79717.765355,79704,79740,79704
2026-09-05 15:01:00,689,3.352710,0.004866,2.665020,0.687690,79708.885955,79712,79712,79704
2026-09-05 15:02:00,370,2.194290,0.005931,1.203240,0.991050,79711.795484,79712,79712,79712
2026-09-05 15:03:00,1499,5.872400,0.003918,0.698270,5.174130,79706.133545,79692,79712,79692
2026-09-05 15:04:00,251,1.925290,0.007670,1.192080,0.733210,79692.006192,79692,79692,79692
2026-09-05 15:05:00,1124,8.668500,0.007712,7.806090,0.862410,79700.662517,79711,79711,79692
2026-09-05 15:06:00,416,2.689340,0.006465,2.476380,0.212960,79711.695844,79712,79712,79711
2026-09-05 15:07:00,663,4.243150,0.006400,1.978880,2.264270,79703.859247,79701,79712,79701
2026-09-05 15:08:00,344,2.191550,0.006371,1.906400,0.285150,79700.808699,79701,79701,79701
2026-09-05 15:09:00,200,1.764750,0.008824,0.772280,0.992470,79700.804376,79701,79701,79701
2026-09-05 15:10:00,1122,9.333230,0.008318,1.098190,8.235040,79696.299069,79686,79701,79686
2026-09-05 15:11:00,724,5.585490,0.007715,4.140070,1.445420,79676.621108,79676,79686,79676
2026-09-05 15:12:00,891,5.738020,0.006440,3.981330,1.756690,79676.006939,79676,79676,79676
2026-09-05 15:13:00,1751,12.157320,0.006943,8.952050,3.205270,79677.615736,79676,79680,79676
2026-09-05 15:14:00,2236,52.050820,0.023279,8.775240,43.275580,79680.878059,79694,79697,79657
2026-09-05 15:15:00,1439,8.645180,0.006008,7.640770,1.004410,79714.444598,79722,79722,79694
2026-09-05 15:16:00,1073,4.474670,0.004170,3.902130,0.572540,79726.289147,79737,79737,79722
2026-09-05 15:17:00,1566,5.421970,0.003462,1.809840,3.612130,79719.234105,79708,79737,79708
2026-09-05 15:18:00,2373,21.666000,0.009130,16.285670,5.380330,79717.094486,79706,79727,79696
2026-09-05 15:19:00,1254,6.664870,0.005315,1.992710,4.672160,79700.382901,79686,79706,79686
2026-09-05 15:20:00,1359,10.404730,0.007656,8.753670,1.651060,79686.466804,79700,79700,79681
2026-09-05 15:21:00,1139,2.574620,0.002260,2.357920,0.216700,79701.051483,79706,79706,79700
2026-09-05 15:22:00,738,4.141740,0.005612,2.432110,1.709630,79719.905611,79724,79724,79706
2026-09-05 15:23:00,1490,7.193550,0.004828,4.777440,2.416110,79734.503688,79751,79751,79724
2026-09-05 15:24:00,982,2.237180,0.002278,1.899970,0.337210,79754.207550,79759,79759,79751
2026-09-05 15:25:00,737,2.813340,0.003817,2.509070,0.304270,79760.921847,79762,79762,79759
2026-09-05 15:26:00,528,3.274350,0.006201,1.575620,1.698730,79756.025517,79754,79762,79754
2026-09-05 15:27:00,232,1.435860,0.006189,0.917900,0.517960,79754.056393,79754,79754,79754
2026-09-05 15:28:00,345,1.697510,0.004920,0.923590,0.773920,79754.055441,79754,79754,79754
2026-09-05 15:29:00,261,1.538730,0.005896,0.993930,0.544800,79754.056459,79754,79754,79754
2026-09-05 15:30:00,357,5.304210,0.014858,2.778370,2.525840,79754.055238,79754,79754,79754
2026-09-05 15:31:00,513,5.804800,0.011315,2.952230,2.852570,79754.055086,79754,79754,79754
2026-09-05 15:32:00,693,9.637320,0.013907,2.994310,6.643010,79753.018666,79748,79754,79748
2026-09-05 15:33:00,253,2.278750,0.009007,2.087500,0.191250,79747.609161,79748,79748,79748
2026-09-05 15:34:00,2313,10.952890,0.004735,5.087630,5.865260,79741.147904,79717,79756,79717
2026-09-05 15:35:00,691,3.052170,0.004417,2.747520,0.304650,79725.119925,79731,79731,79717
2026-09-05 15:36:00,655,4.129060,0.006304,0.370600,3.758460,79728.184971,79722,79731,79722
2026-09-05 15:37:00,1111,6.050920,0.005446,3.228830,2.822090,79706.504803,79699,79722,79699
2026-09-05 15:38:00,1112,4.091500,0.003679,0.828140,3.263360,79684.033397,79670,79699,79670
2026-09-05 15:39:00,237,6.476630,0.027328,0.607020,5.869610,79670.000937,79670,79670,79670
2026-09-05 15:40:00,479,12.080520,0.025220,0.950330,11.130190,79668.926563,79662,79670,79662
2026-09-05 15:41:00,2018,17.265610,0.008556,15.150670,2.114940,79682.325209,79721,79721,79662
2026-09-05 15:42:00,1173,9.314560,0.007941,2.869790,6.444770,79713.465068,79680,79721,79678
2026-09-05 15:43:00,1676,7.623690,0.004549,1.473790,6.149900,79664.286264,79653,79680,79653
2026-09-05 15:44:00,951,8.948740,0.009410,4.437870,4.510870,79645.861997,79642,79653,79642
2026-09-05 15:45:00,1109,8.846000,0.007977,7.468820,1.377180,79644.426757,79654,79654,79642
2026-09-05 15:46:00,1421,7.698510,0.005418,7.506340,0.192170,79671.122376,79676,79676,79654
2026-09-05 15:47:00,1654,9.045780,0.005469,5.692070,3.353710,79681.690783,79684,79696,79676
2026-09-05 15:48:00,1084,8.160940,0.007529,5.948500,2.212440,79686.538565,79691,79691,79684
2026-09-05 15:49:00,594,8.778570,0.014779,6.242080,2.536490,79691.348460,79691,79691,79691
2026-09-05 15:50:00,686,9.396950,0.013698,6.492660,2.904290,79693.857677,79695,79695,79691
2026-09-05 15:51:00,5758,64.501640,0.011202,13.952260,50.549380,79604.662374,79556,79695,79546
2026-09-05 15:52:00,3080,11.015230,0.003576,7.535290,3.479940,79577.932159,79622,79622,79556
2026-09-05 15:53:00,1549,8.153790,0.005264,2.221240,5.932550,79606.973713,79584,79622,79584
2026-09-05 15:54:00,847,5.513460,0.006509,3.941230,1.572230,79592.185425,79600,79600,79584
2026-09-05 15:55:00,1356,4.104380,0.003027,3.589530,0.514850,79611.919659,79626,79626,79600
2026-09-05 15:56:00,590,12.629080,0.021405,1.019520,11.609560,79626.161652,79624,79626,79624
2026-09-05 15:57:00,1121,6.663060,0.005944,1.667620,4.995440,79614.573248,79603,79624,79603
2026-09-05 15:58:00,871,4.361440,0.005007,3.962820,0.398620,79602.874825,79611,79611,79603
2026-09-05 15:59:00,810,2.517260,0.003108,2.041900,0.475360,79616.671761,79624,79624,79611
2026-09-05 16:00:00,378,2.423860,0.006412,0.403460,2.020400,79620.707001,79614,79624,79614
2026-09-05 16:01:00,1496,3.944050,0.002636,3.744860,0.199190,79626.157861,79640,79640,79614
2026-09-05 16:02:00,990,3.785060,0.003823,3.256960,0.528100,79656.245537,79673,79673,79640
2026-09-05 16:03:00,332,0.832640,0.002508,0.510920,0.321720,79673.486136,79673,79673,79673
2026-09-05 16:04:00,1704,5.050910,0.002964,0.653700,4.397210,79660.589489,79640,79673,79640
2026-09-05 16:05:00,580,1.817990,0.003134,1.615190,0.202800,79645.624231,79648,79648,79640
2026-09-05 16:06:00,387,2.357190,0.006091,0.911000,1.446190,79647.633865,79648,79648,79648
2026-09-05 16:07:00,909,4.151270,0.004567,3.844070,0.307200,79648.244472,79656,79656,79648
2026-09-05 16:08:00,521,2.999150,0.005757,2.226140,0.773010,79657.403074,79664,79664,79656
2026-09-05 16:09:00,1176,3.408180,0.002898,1.907150,1.501030,79669.983934,79680,79680,79664
2026-09-05 16:10:00,982,1.860540,0.001895,1.423590,0.436950,79682.857478,79686,79686,79680
2026-09-05 16:11:00,587,2.878100,0.004903,2.251190,0.626910,79685.997822,79686,79686,79686
2026-09-05 16:12:00,1114,3.306650,0.002968,0.443810,2.862840,79677.051183,79668,79686,79668
2026-09-05 16:13:00,358,2.847480,0.007954,2.188170,0.659310,79668.387685,79668,79668,79668
2026-09-05 16:14:00,1276,5.238450,0.004105,4.891480,0.346970,79669.116027,79673,79673,79668
2026-09-05 16:15:00,771,10.452120,0.013557,1.723740,8.728380,79670.953705,79665,79673,79665
2026-09-05 16:16:00,1381,4.062840,0.002942,3.250290,0.812550,79672.918449,79676,79676,79665
2026-09-05 16:17:00,636,2.511090,0.003948,1.785030,0.726060,79675.997109,79676,79676,79676
2026-09-05 16:18:00,479,1.858250,0.003879,1.300950,0.557300,79675.997001,79676,79676,79676
2026-09-05 16:19:00,391,1.097570,0.002807,0.667330,0.430240,79675.996080,79676,79676,79676
2026-09-05 16:20:00,368,1.623370,0.004411,1.297810,0.325560,79675.997995,79676,79676,79676
2026-09-05 16:21:00,849,2.534210,0.002985,2.245370,0.288840,79676.317273,79680,79680,79676
2026-09-05 16:22:00,690,2.198770,0.003187,0.530770,1.668000,79679.204345,79677,79680,79677
2026-09-05 16:23:00,380,1.550120,0.004079,0.456270,1.093850,79677.342943,79677,79677,79677
2026-09-05 16:24:00,232,0.650240,0.002803,0.357060,0.293180,79677.345491,79677,79677,79677
2026-09-05 16:25:00,344,1.597000,0.004642,0.971050,0.625950,79677.346080,79677,79677,79677
2026-09-05 16:26:00,1234,4.926920,0.003993,4.397290,0.529630,79677.350164,79677,79677,79677
2026-09-05 16:27:00,2594,11.385800,0.004389,10.759930,0.625870,79702.966553,79729,79729,79677
2026-09-05 16:28:00,972,6.733260,0.006927,3.650430,3.082830,79726.767701,79726,79729,79726
2026-09-05 16:29:00,1021,6.235510,0.006107,3.916050,2.319460,79731.497373,79734,79734,79726
2026-09-05 16:30:00,621,3.080900,0.004961,0.888730,2.192170,79732.669218,79730,79734,79730
2026-09-05 16:31:00,263,0.723650,0.002752,0.452460,0.271190,79730.026252,79730,79730,79730
2026-09-05 16:32:00,980,4.341550,0.004430,4.014740,0.326810,79734.292119,79740,79740,79730
2026-09-05 16:33:00,739,9.107560,0.012324,7.159580,1.947980,79744.584048,79748,79756,79740
2026-09-05 16:34:00,737,4.587940,0.006225,0.877190,3.710750,79746.160297,79740,79748,79740
2026-09-05 16:35:00,1094,6.662290,0.006090,6.075990,0.586300,79742.588815,79748,79748,79740
2026-09-05 16:36:00,342,1.144100,0.003345,0.740100,0.404000,79747.976469,79748,79748,79748
2026-09-05 16:37:00,1405,4.018530,0.002860,0.417010,3.601520,79740.417903,79729,79748,79729
2026-09-05 16:38:00,252,1.505290,0.005973,1.232880,0.272410,79728.898190,79729,79729,79729
2026-09-05 16:39:00,485,10.021380,0.020663,5.582780,4.438600,79728.895571,79729,79729,79729
2026-09-05 16:40:00,749,6.807120,0.009088,4.844700,1.962420,79733.687369,79740,79740,79729
2026-09-05 16:41:00,367,6.947850,0.018931,6.649550,0.298300,79740.259571,79740,79740,79740
2026-09-05 16:42:00,249,2.179040,0.008751,1.186990,0.992050,79740.255447,79740,79740,79740
2026-09-05 16:43:00,1036,10.951900,0.010571,1.807260,9.144640,79730.339780,79723,79740,79723
2026-09-05 16:44:00,658,5.412590,0.008226,3.540870,1.871720,79724.438700,79729,79729,79723
2026-09-05 16:45:00,1663,18.315820,0.011014,10.307590,8.008230,79712.559913,79707,79729,79698
2026-09-05 16:46:00,2023,9.860300,0.004874,5.462180,4.398120,79729.406071,79727,79740,79707
2026-09-05 16:47:00,464,1.555780,0.003353,1.246070,0.309710,79728.141774,79730,79730,79727
2026-09-05 16:48:00,529,3.256230,0.006155,1.358210,1.898020,79730.400524,79732,79732,79730
2026-09-05 16:49:00,489,2.019360,0.004130,0.959460,1.059900,79731.994751,79732,79732,79732
2026-09-05 16:50:00,354,2.110100,0.005961,0.837680,1.272420,79731.993970,79732,79732,79732
2026-09-05 16:51:00,467,4.289060,0.009184,3.950520,0.338540,79731.999872,79732,79732,79732
2026-09-05 16:52:00,566,4.057150,0.007168,2.020470,2.036680,79735.553877,79737,79737,79732
2026-09-05 16:53:00,377,2.338500,0.006203,1.303960,1.034540,79736.655576,79737,79737,79737
2026-09-05 16:54:00,292,2.514830,0.008612,1.109600,1.405230,79736.654412,79737,79737,79737
2026-09-05 16:55:00,1537,28.831940,0.018759,23.903700,4.928240,79733.554235,79748,79748,79728
2026-09-05 16:56:00,397,3.801250,0.009575,1.574260,2.226990,79747.974141,79748,79748,79748
2026-09-05 16:57:00,414,2.048080,0.004947,0.906130,1.141950,79747.974424,79748,79748,79748
2026-09-05 16:58:00,252,1.897290,0.007529,0.668500,1.228790,79747.973523,79748,79748,79748
2026-09-05 16:59:00,1051,8.139390,0.007744,3.331500,4.807890,79751.655968,79756,79756,79748
2026-09-05 17:00:00,1406,15.855870,0.011277,3.541780,12.314090,79748.806504,79720,79756,79720
2026-09-05 17:01:00,357,1.331250,0.003729,1.009960,0.321290,79719.757587,79720,79720,79720
2026-09-05 17:02:00,1315,5.814550,0.004422,5.430250,0.384300,79727.151697,79740,79740,79720
2026-09-05 17:03:00,439,2.760050,0.006287,2.028390,0.731660,79741.761897,79742,79742,79740
2026-09-05 17:04:00,272,0.807070,0.002967,0.528210,0.278860,79741.996545,79742,79742,79742
2026-09-05 17:05:00,366,2.377320,0.006495,1.577470,0.799850,79743.110755,79745,79745,79742
2026-09-05 17:06:00,559,8.436950,0.015093,8.055380,0.381570,79746.994019,79762,79762,79745
2026-09-05 17:07:00,379,1.671630,0.004411,1.402220,0.269410,79762.493390,79763,79763,79762
2026-09-05 17:08:00,881,6.545390,0.007430,2.716520,3.828870,79756.385833,79758,79763,79752
2026-09-05 17:09:00,678,20.546540,0.030305,1.548190,18.998350,79752.618420,79744,79762,79744
2026-09-05 17:10:00,1388,63.021020,0.045404,8.253490,54.767530,79723.969289,79716,79744,79702
2026-09-05 17:11:00,821,7.489070,0.009122,7.145580,0.343490,79726.212975,79734,79734,79716
2026-09-05 17:12:00,1571,16.214790,0.010321,9.688740,6.526050,79745.490795,79720,79752,79720
2026-09-05 17:13:00,542,4.925710,0.009088,2.883350,2.042360,79720.921504,79724,79724,79720
2026-09-05 17:14:00,307,1.689110,0.005502,0.360430,1.328680,79724.005767,79724,79724,79724
2026-09-05 17:15:00,308,4.999050,0.016231,4.615810,0.383240,79724.009233,79724,79724,79724
2026-09-05 17:16:00,332,2.757110,0.008305,2.289510,0.467600,79724.008304,79724,79724,79724
2026-09-05 17:17:00,1638,10.089500,0.006160,0.588450,9.501050,79712.872590,79700,79724,79700
2026-09-05 17:18:00,225,1.686650,0.007496,0.769380,0.917270,79700.004562,79700,79700,79700
2026-09-05 17:19:00,792,4.633930,0.005851,0.292860,4.341070,79696.764768,79688,79700,79688
2026-09-05 17:20:00,1300,10.628510,0.008176,4.304200,6.324310,79685.292944,79688,79688,79679
2026-09-05 17:21:00,1865,16.329830,0.008756,15.780980,0.548850,79713.125447,79760,79760,79688
2026-09-05 17:22:00,689,5.142480,0.007464,3.550660,1.591820,79766.070757,79770,79770,79760
2026-09-05 17:23:00,1159,5.946520,0.005131,0.854510,5.092010,79752.240344,79739,79770,79739
2026-09-05 17:24:00,536,2.741590,0.005115,2.176850,0.564740,79743.108417,79747,79747,79739
2026-09-05 17:25:00,532,4.579860,0.008609,4.158390,0.421470,79755.611720,79762,79762,79747
2026-09-05 17:26:00,385,1.771720,0.004602,1.513100,0.258620,79762.430705,79764,79764,79762
2026-09-05 17:27:00,712,6.713390,0.009429,5.546290,1.167100,79771.511521,79775,79775,79764
2026-09-05 17:28:00,226,1.888270,0.008355,1.359150,0.529120,79774.857198,79775,79775,79775
2026-09-05 17:29:00,2492,13.269850,0.005325,2.082290,11.187560,79728.703359,79702,79775,79691
2026-09-05 17:30:00,571,3.160060,0.005534,0.971010,2.189050,79700.389347,79693,79702,79693
2026-09-05 17:31:00,593,2.391470,0.004033,2.214900,0.176570,79699.835591,79714,79714,79693
2026-09-05 17:32:00,169,0.660470,0.003908,0.559940,0.100530,79713.998478,79714,79714,79714
2026-09-05 17:33:00,177,0.591620,0.003342,0.432830,0.158790,79713.997316,79714,79714,79714
2026-09-05 17:34:00,203,0.716010,0.003527,0.331790,0.384220,79713.994634,79714,79714,79714
2026-09-05 17:35:00,1020,2.964410,0.002906,1.010150,1.954260,79712.303489,79716,79716,79709
2026-09-05 17:36:00,301,0.639970,0.002126,0.325910,0.314060,79715.875093,79716,79716,79716
2026-09-05 17:37:00,986,2.034720,0.002064,0.536510,1.498210,79711.940114,79702,79716,79702
2026-09-05 17:38:00,635,2.561880,0.004034,1.847650,0.714230,79707.524488,79716,79716,79702
2026-09-05 17:39:00,754,3.150590,0.004179,2.298690,0.851900,79724.820228,79732,79732,79716
2026-09-05 17:40:00,835,2.092570,0.002506,1.799080,0.293490,79733.332311,79734,79734,79732
2026-09-05 17:41:00,857,3.711450,0.004331,1.202400,2.509050,79734.539039,79730,79742,79730
2026-09-05 17:42:00,436,4.425160,0.010149,1.526190,2.898970,79729.510060,79730,79730,79728
2026-09-05 17:43:00,195,1.208990,0.006200,0.995910,0.213080,79730.158238,79730,79730,79730
2026-09-05 17:44:00,204,0.906900,0.004446,0.637590,0.269310,79730.157030,79730,79730,79730
2026-09-05 17:45:00,1499,68.430490,0.045651,60.833470,7.597020,79762.033514,79751,79785,79730
2026-09-05 17:46:00,428,2.585750,0.006041,2.164520,0.421230,79754.795013,79766,79766,79751
2026-09-05 17:47:00,299,3.434950,0.011488,3.070670,0.364280,79766.498939,79766,79766,79766
2026-09-05 17:48:00,645,4.491540,0.006964,1.548460,2.943080,79757.341981,79753,79766,79753
2026-09-05 17:49:00,426,1.012770,0.002377,0.384470,0.628300,79752.894711,79752,79753,79752
2026-09-05 17:50:00,235,1.299050,0.005528,0.646920,0.652130,79752.004980,79752,79752,79752
2026-09-05 17:51:00,363,1.732960,0.004774,1.591120,0.141840,79752.738416,79758,79758,79752
2026-09-05 17:52:00,824,3.470020,0.004211,0.329970,3.140050,79753.576915,79740,79758,79740
2026-09-05 17:53:00,596,1.752510,0.002940,0.959000,0.793510,79736.830724,79736,79740,79736
2026-09-05 17:54:00,1063,4.629820,0.004355,4.426210,0.203610,79746.378881,79762,79762,79736
2026-09-05 17:55:00,309,1.871030,0.006055,1.296690,0.574340,79762.677932,79763,79763,79762
2026-09-05 17:56:00,1286,5.029680,0.003911,4.619900,0.409780,79782.230956,79800,79800,79763
2026-09-05 17:57:00,712,7.772670,0.010917,6.410900,1.361770,79794.059551,79798,79800,79790
2026-09-05 17:58:00,242,1.932390,0.007985,0.763450,1.168940,79797.613951,79798,79798,79798
2026-09-05 17:59:00,1225,4.872590,0.003978,2.591880,2.280710,79807.899187,79806,79816,79798
2026-09-05 18:00:00,286,1.426040,0.004986,0.736380,0.689660,79806.005164,79806,79806,79806
2026-09-05 18:01:00,825,9.142850,0.011082,6.551460,2.591390,79806.007166,79806,79806,79806
2026-09-05 18:02:00,758,3.744090,0.004939,3.508330,0.235760,79809.786472,79821,79821,79806
2026-09-05 18:03:00,1317,11.317390,0.008593,10.192500,1.124890,79826.319258,79840,79840,79821
2026-09-05 18:04:00,814,5.142830,0.006318,4.257550,0.885280,79842.984958,79847,79847,79840
2026-09-05 18:05:00,334,2.844690,0.008517,2.407710,0.436980,79847.458464,79847,79847,79847
2026-09-05 18:06:00,2013,12.163330,0.006042,3.009360,9.153970,79835.054040,79812,79847,79812
2026-09-05 18:07:00,331,2.476880,0.007483,0.901610,1.575270,79812.003640,79812,79812,79812
2026-09-05 18:08:00,2241,14.330790,0.006395,0.588420,13.742370,79786.402709,79754,79812,79754
2026-09-05 18:09:00,964,4.997670,0.005184,4.465750,0.531920,79763.605945,79772,79772,79754
2026-09-05 18:10:00,617,2.748440,0.004455,2.220070,0.528370,79779.647321,79784,79784,79772
2026-09-05 18:11:00,541,2.048160,0.003786,1.579970,0.468190,79784.446987,79790,79790,79784
2026-09-05 18:12:00,746,1.454530,0.001950,1.227860,0.226670,79797.634698,79802,79802,79790
2026-09-05 18:13:00,607,2.032030,0.003348,1.187570,0.844460,79804.333644,79810,79810,79802
2026-09-05 18:14:00,1530,8.361960,0.005465,0.595330,7.766630,79792.879452,79765,79810,79765
2026-09-05 18:15:00,694,13.828750,0.019926,12.611380,1.217370,79776.418298,79784,79784,79765
2026-09-05 18:16:00,801,4.083270,0.005098,3.171200,0.912070,79794.433771,79800,79800,79784
2026-09-05 18:17:00,998,5.842550,0.005854,4.463240,1.379310,79799.176583,79804,79804,79796
2026-09-05 18:18:00,1333,3.847710,0.002887,0.815810,3.031900,79798.200038,79786,79804,79786
2026-09-05 18:19:00,1604,20.218490,0.012605,4.489260,15.729230,79799.496448,79799,79806,79780
2026-09-05 18:20:00,450,2.629680,0.005844,1.645450,0.984230,79801.946097,79806,79806,79799
2026-09-05 18:21:00,974,3.578380,0.003674,3.186220,0.392160,79820.010766,79840,79840,79806
2026-09-05 18:22:00,1028,6.474310,0.006298,4.654440,1.819870,79840.099743,79850,79850,79838
2026-09-05 18:23:00,596,2.784990,0.004673,2.111320,0.673670,79853.552171,79855,79855,79850
2026-09-05 18:24:00,612,4.299740,0.007026,2.917700,1.382040,79856.417361,79862,79862,79855
2026-09-05 18:25:00,829,5.262310,0.006348,4.090240,1.172070,79861.977358,79864,79864,79856
2026-09-05 18:26:00,373,4.036600,0.010822,3.620850,0.415750,79864.106048,79864,79864,79864
2026-09-05 18:27:00,1655,15.175250,0.009169,12.372860,2.802390,79891.212610,79900,79902,79864
2026-09-05 18:28:00,2241,76.958960,0.034341,14.407540,62.551420,79856.212114,79846,79900,79840
2026-09-05 18:29:00,607,3.616130,0.005957,1.608320,2.007810,79845.635344,79846,79846,79845
2026-09-05 18:30:00,1488,5.660540,0.003804,5.199440,0.461100,79876.185953,79892,79892,79846
2026-09-05 18:31:00,2929,28.360990,0.009683,12.982080,15.378910,79938.481814,79925,79962,79892
2026-09-05 18:32:00,2929,51.683880,0.017646,16.444410,35.239470,79952.454001,79958,79966,79922
2026-09-05 18:33:00,1027,6.430800,0.006262,4.518810,1.911990,79962.128913,79956,79964,79956
2026-09-05 18:34:00,3327,16.070190,0.004830,7.330420,8.739770,79917.538105,79914,79956,79893
2026-09-05 18:35:00,2425,16.446150,0.006782,13.703080,2.743070,79961.497531,79989,79989,79914
2026-09-05 18:36:00,2462,11.792440,0.004790,2.971270,8.821170,79958.458516,79944,79989,79934
2026-09-05 18:37:00,906,3.927450,0.004335,3.565990,0.361460,79945.817866,79949,79950,79944
2026-09-05 18:38:00,1310,8.659370,0.006610,1.858570,6.800800,79949.215063,79939,79956,79939
2026-09-05 18:39:00,1967,8.562440,0.004353,5.166370,3.396070,79930.678969,79931,79939,79923
2026-09-05 18:40:00,773,2.836640,0.003670,2.389030,0.447610,79934.289090,79937,79937,79931
2026-09-05 18:41:00,2321,9.785610,0.004216,3.093460,6.692150,79949.264936,79934,79960,79934
2026-09-05 18:42:00,1484,24.138590,0.016266,6.553620,17.584970,79940.488247,79946,79946,79928
2026-09-05 18:43:00,1442,11.054390,0.007666,6.589830,4.464560,79937.827867,79927,79946,79925
2026-09-05 18:44:00,510,3.919940,0.007686,3.377900,0.542040,79926.637288,79929,79929,79927
2026-09-05 18:45:00,1111,4.924270,0.004432,1.851200,3.073070,79940.937719,79937,79944,79929
2026-09-05 18:46:00,1483,12.700710,0.008564,9.993630,2.707080,79962.096856,79975,79980,79937
2026-09-05 18:47:00,1383,15.520170,0.011222,8.346190,7.173980,79945.594325,79938,79975,79932
2026-09-05 18:48:00,1377,12.460120,0.009049,8.900990,3.559130,79948.543149,79930,79965,79930
2026-09-05 18:49:00,2070,13.370140,0.006459,10.868530,2.501610,79954.910959,79978,79980,79930
2026-09-05 18:50:00,1820,14.097900,0.007746,10.019480,4.078420,79975.400804,79990,79990,79961
2026-09-05 18:51:00,1023,7.066940,0.006908,3.455470,3.611470,79993.967553,79990,79995,79990
2026-09-05 18:52:00,905,6.190120,0.006840,3.125040,3.065080,79986.079100,79974,79990,79974
2026-09-05 18:53:00,3305,21.435670,0.006486,18.176600,3.259070,79990.662488,80010,80010,79966
2026-09-05 18:54:00,2400,9.454730,0.003939,5.265350,4.189380,79997.287982,80010,80010,79982
2026-09-05 18:55:00,3833,31.987100,0.008345,21.863880,10.123220,80053.659160,80099,80099,80010
2026-09-05 18:56:00,5259,28.293340,0.005380,19.349700,8.943640,80106.188920,80096,80158,80072
2026-09-05 18:57:00,2647,12.534220,0.004735,5.712170,6.822050,80091.759456,80114,80115,80071
2026-09-05 18:58:00,4269,22.690580,0.005315,15.503840,7.186740,80176.966272,80168,80200,80114
2026-09-05 18:59:00,3250,17.298500,0.005323,7.855330,9.443170,80133.834411,80106,80168,80106
2026-09-05 19:00:00,3929,21.724280,0.005529,7.090430,14.633850,80061.953004,80042,80106,80012
2026-09-05 19:01:00,5703,37.391480,0.006556,15.612780,21.778700,80060.391216,80020,80108,80011
2026-09-05 19:02:00,2546,14.292600,0.005614,8.274810,6.017790,80039.374134,80033,80056,80018
2026-09-05 19:03:00,3400,45.334270,0.013334,39.923800,5.410470,80042.103221,80093,80103,80012
2026-09-05 19:04:00,3717,14.025010,0.003773,4.783550,9.241460,80108.749794,80088,80131,80084
2026-09-05 19:05:00,3234,14.594260,0.004513,5.039470,9.554790,80064.717943,80035,80093,80035
2026-09-05 19:06:00,959,5.962270,0.006217,4.643260,1.319010,80037.214515,80041,80041,80035
2026-09-05 19:07:00,2031,10.196670,0.005021,4.731980,5.464690,80036.685510,80033,80051,80024
2026-09-05 19:08:00,2506,25.084690,0.010010,23.116650,1.968040,80054.585384,80132,80132,80033
2026-09-05 19:09:00,3743,22.184560,0.005927,8.800750,13.383810,80101.973165,80105,80147,80084
2026-09-05 19:10:00,4254,37.419640,0.008796,28.543310,8.876330,80125.988981,80116,80162,80097
2026-09-05 19:11:00,3252,11.055800,0.003400,3.975340,7.080460,80109.343785,80111,80124,80100
2026-09-05 19:12:00,1414,5.794340,0.004098,2.462520,3.331820,80119.364796,80115,80128,80111
2026-09-05 19:13:00,3402,11.571630,0.003401,5.548850,6.022780,80086.353583,80102,80115,80070
2026-09-05 19:14:00,849,9.253460,0.010899,5.937210,3.316250,80103.340444,80102,80108,80102
2026-09-05 19:15:00,1548,4.178720,0.002699,3.320530,0.858190,80109.047672,80132,80132,80102
2026-09-05 19:16:00,2901,17.324540,0.005972,3.395880,13.928660,80105.671549,80066,80152,80066
2026-09-05 19:17:00,2413,8.744940,0.003624,5.222120,3.522820,80080.985220,80071,80100,80066
2026-09-05 19:18:00,2219,25.719440,0.011591,4.113760,21.605680,80044.227383,80018,80071,80014
2026-09-05 19:19:00,1704,6.097220,0.003578,4.117600,1.979620,80037.221081,80054,80054,80018
2026-09-05 19:20:00,3199,11.833460,0.003699,4.683290,7.150170,80057.024836,80050,80084,80042
2026-09-05 19:21:00,1032,2.673490,0.002591,1.547200,1.126290,80058.825445,80060,80065,80050
2026-09-05 19:22:00,662,1.681220,0.002540,1.429380,0.251840,80067.308317,80076,80076,80060
2026-09-05 19:23:00,798,2.984160,0.003740,1.038030,1.946130,80071.022785,80062,80076,80061
2026-09-05 19:24:00,428,1.991750,0.004654,1.184880,0.806870,80061.739826,80063,80063,80062
2026-09-05 19:25:00,1214,4.847570,0.003993,2.356920,2.490650,80070.201681,80062,80077,80062
2026-09-05 19:26:00,1446,4.976660,0.003442,2.101220,2.875440,80072.498793,80062,80084,80062
2026-09-05 19:27:00,1249,6.268780,0.005019,3.213540,3.055240,80047.665689,80046,80062,80038
2026-09-05 19:28:00,1870,6.707060,0.003587,0.591770,6.115290,80025.230453,80011,80046,80011
2026-09-05 19:29:00,2180,16.946100,0.007773,3.228480,13.717620,79992.543367,80000,80011,79974
2026-09-05 19:30:00,1325,6.850840,0.005170,6.365840,0.485000,80012.328196,80029,80029,80000
2026-09-05 19:31:00,1586,4.798700,0.003026,2.084580,2.714120,80049.345725,80046,80058,80029
2026-09-05 19:32:00,800,2.618650,0.003273,1.700360,0.918290,80048.659032,80059,80059,80046
2026-09-05 19:33:00,1835,17.065430,0.009300,15.657300,1.408130,80073.195923,80105,80105,80059
2026-09-05 19:34:00,2574,7.046820,0.002738,2.104910,4.941910,80117.322934,80092,80134,80092
2026-09-05 19:35:00,1471,7.219780,0.004908,1.478950,5.740830,80083.715912,80072,80097,80072
2026-09-05 19:36:00,1995,6.022580,0.003019,3.565710,2.456870,80051.040998,80066,80072,80040
2026-09-05 19:37:00,1597,5.152610,0.003226,2.577250,2.575360,80063.988780,80053,80074,80048
2026-09-05 19:38:00,2009,5.891110,0.002932,1.818800,4.072310,80056.649227,80028,80074,80028
2026-09-05 19:39:00,1368,3.818350,0.002791,1.281610,2.536740,80007.841431,80006,80028,80000
2026-09-05 19:40:00,922,5.731990,0.006217,0.465630,5.266360,80000.156504,79990,80006,79990
2026-09-05 19:41:00,1446,15.071890,0.010423,1.499400,13.572490,80005.196470,79999,80008,79990
2026-09-05 19:42:00,2798,21.328750,0.007623,1.532200,19.796550,79996.269347,79990,80008,79984
2026-09-05 19:43:00,1873,27.005120,0.014418,2.344760,24.660360,79996.395039,80002,80002,79990
2026-09-05 19:44:00,1556,23.933580,0.015381,3.094740,20.838840,80004.022336,80008,80010,80000
2026-09-05 19:45:00,3500,29.049280,0.008300,5.146000,23.903280,80044.950349,80043,80074,80008
2026-09-05 19:46:00,3636,22.802620,0.006271,4.807450,17.995170,80041.473621,80044,80061,80024
2026-09-05 19:47:00,1451,6.176770,0.004257,1.433870,4.742900,80072.652373,80072,80080,80044
2026-09-05 19:48:00,2590,20.193430,0.007797,1.202980,18.990450,80069.908703,80060,80080,80060
2026-09-05 19:49:00,3414,20.466210,0.005995,1.364240,19.101970,80043.532728,80022,80060,80022
2026-09-05 19:50:00,1421,21.426590,0.015079,3.023720,18.402870,80030.941193,80046,80046,80020
2026-09-05 19:51:00,2157,22.198670,0.010291,3.151310,19.047360,80053.656574,80067,80068,80039
2026-09-05 19:52:00,2238,20.273410,0.009059,1.413250,18.860160,80064.752911,80054,80070,80054
2026-09-05 19:53:00,1678,22.445380,0.013376,4.133230,18.312150,80068.557691,80078,80078,80053
2026-09-05 19:54:00,2483,14.946020,0.006019,4.820150,10.125870,80072.553701,80088,80088,80058
2026-09-05 19:55:00,2303,19.082450,0.008286,2.608660,16.473790,80071.276633,80062,80088,80062
2026-09-05 19:56:00,2887,28.612780,0.009911,7.087010,21.525770,80053.281950,80073,80073,80032
2026-09-05 19:57:00,3883,22.620160,0.005825,3.202430,19.417730,80060.381505,80054,80078,80050
2026-09-05 19:58:00,3421,23.062360,0.006741,2.645500,20.416860,80043.555285,80026,80060,80026
2026-09-05 19:59:00,3572,29.891740,0.008368,8.119550,21.772190,80038.592148,80054,80054,80025
2026-09-05 20:00:00,2853,24.685010,0.008652,5.130930,19.554080,80061.806940,80059,80072,80047
2026-09-05 20:01:00,5303,28.419370,0.005359,5.652090,22.767280,80045.544789,80058,80076,80010
2026-09-05 20:02:00,3481,25.345710,0.007281,6.121960,19.223750,80055.118657,80071,80078,80037
2026-09-05 20:03:00,3375,29.633670,0.008780,4.067280,25.566390,80046.323101,80050,80071,80027
2026-09-05 20:04:00,2534,25.381050,0.010016,2.947990,22.433060,80038.391192,80040,80050,80026
2026-09-05 20:05:00,2413,19.633640,0.008137,0.827710,18.805930,80031.347171,80026,80040,80026
2026-09-05 20:06:00,1242,11.834710,0.009529,6.346630,5.488080,80040.160463,80068,80068,80026
2026-09-05 20:07:00,1710,4.383000,0.002563,2.457010,1.925990,80070.734470,80050,80078,80050
2026-09-05 20:08:00,920,1.434800,0.001560,0.328790,1.106010,80039.861894,80034,80050,80034
2026-09-05 20:09:00,248,0.977180,0.003940,0.785110,0.192070,80034.008034,80034,80034,80034
2026-09-05 20:10:00,1076,2.916190,0.002710,0.360440,2.555750,80017.611275,80012,80034,80012
2026-09-05 20:11:00,1735,17.685960,0.010194,6.426760,11.259200,79985.564342,79988,80012,79974
2026-09-05 20:12:00,737,2.378570,0.003227,2.174580,0.203990,79993.307569,80002,80002,79988
2026-09-05 20:13:00,909,3.216310,0.003538,0.572290,2.644020,79998.862071,79988,80002,79988
2026-09-05 20:14:00,598,6.043830,0.010107,5.189960,0.853870,79994.119631,80002,80002,79988
2026-09-05 20:15:00,325,1.505460,0.004632,0.680210,0.825250,80001.984518,80002,80002,80002
2026-09-05 20:16:00,1116,11.098220,0.009945,1.966570,9.131650,79990.020896,79981,80002,79980
2026-09-05 20:17:00,501,2.367570,0.004726,2.027830,0.339740,79986.920240,79988,79988,79981
2026-09-05 20:18:00,626,1.871810,0.002990,0.932110,0.939700,79978.709097,79974,79988,79974
2026-09-05 20:19:00,1052,5.077370,0.004826,4.254080,0.823290,79988.010265,80012,80012,79974
2026-09-05 20:20:00,586,1.230870,0.002100,1.011840,0.219030,80018.947482,80024,80024,80012
2026-09-05 20:21:00,739,4.828330,0.006534,1.857590,2.970740,80018.030963,80020,80024,80014
2026-09-05 20:22:00,1078,1.716850,0.001593,0.905050,0.811800,80002.273169,79998,80020,79998
2026-09-05 20:23:00,608,4.081780,0.006713,3.847700,0.234080,80008.040913,80016,80016,79998
2026-09-05 20:24:00,1687,16.560940,0.009817,10.703440,5.857500,80012.773292,79995,80024,79995
2026-09-05 20:25:00,502,1.333670,0.002657,0.872210,0.461460,79991.950312,79998,79998,79990
2026-09-05 20:26:00,271,0.800020,0.002952,0.566160,0.233860,79999.782614,80000,80000,79998
2026-09-05 20:27:00,283,1.241340,0.004386,0.950380,0.290960,79999.997656,80000,80000,80000
2026-09-05 20:28:00,760,2.502090,0.003292,0.480120,2.021970,79988.652957,79980,80000,79980
2026-09-05 20:29:00,508,1.588240,0.003126,0.499680,1.088560,79975.850128,79974,79980,79974
2026-09-05 20:30:00,1138,7.799450,0.006854,0.516240,7.283210,79965.124274,79955,79974,79955
2026-09-05 20:31:00,1526,14.053290,0.009209,9.331690,4.721600,79976.280638,80032,80032,79955
2026-09-05 20:32:00,1455,3.235540,0.002224,1.009050,2.226490,80032.491116,80007,80045,80007
2026-09-05 20:33:00,1175,2.024740,0.001723,0.313490,1.711250,79991.238242,79978,80007,79978
2026-09-05 20:34:00,589,1.868680,0.003173,0.889950,0.978730,79968.410767,79966,79978,79966
2026-09-05 20:35:00,728,3.532920,0.004853,1.451710,2.081210,79974.092894,79984,79984,79966
2026-09-05 20:36:00,469,1.043000,0.002224,0.616040,0.426960,79982.221642,79982,79984,79982
2026-09-05 20:37:00,550,1.396140,0.002538,1.186850,0.209290,79986.033552,79993,79993,79982
2026-09-05 20:38:00,162,0.778510,0.004806,0.608270,0.170240,79992.897813,79993,79993,79993
2026-09-05 20:39:00,464,1.339930,0.002888,0.121480,1.218450,79988.169384,79978,79993,79978
2026-09-05 20:40:00,179,0.657820,0.003675,0.443930,0.213890,79978.306749,79978,79978,79978
2026-09-05 20:41:00,520,3.120460,0.006001,2.446870,0.673590,79976.310289,79968,79978,79968
2026-09-05 20:42:00,575,3.148790,0.005476,0.295260,2.853530,79965.531667,79965,79968,79965
2026-09-05 20:43:00,964,2.454960,0.002547,0.363250,2.091710,79950.546684,79936,79965,79936
2026-09-05 20:44:00,1930,8.411890,0.004358,4.104890,4.307000,79963.460853,79962,79978,79936
2026-09-05 20:45:00,1985,6.122650,0.003084,3.113520,3.009130,79973.149850,79966,79992,79948
2026-09-05 20:46:00,653,1.202380,0.001841,0.403650,0.798730,79959.646733,79956,79966,79956
2026-09-05 20:47:00,440,2.518570,0.005724,2.129140,0.389430,79956.922449,79956,79959,79956
2026-09-05 20:48:00,801,1.681730,0.002100,0.672240,1.009490,79952.250915,79956,79956,79948
2026-09-05 20:49:00,617,2.550110,0.004133,0.961780,1.588330,79944.899805,79944,79956,79944
2026-09-05 20:50:00,262,1.425500,0.005441,0.973320,0.452180,79944.643557,79945,79945,79944
2026-09-05 20:51:00,987,2.192030,0.002221,1.388890,0.803140,79933.103655,79938,79945,79930
2026-09-05 20:52:00,380,1.779080,0.004682,0.810960,0.968120,79939.336749,79946,79946,79938
2026-09-05 20:53:00,536,3.516310,0.006560,3.195820,0.320490,79951.979589,79967,79967,79946
2026-09-05 20:54:00,545,2.347050,0.004307,0.580570,1.766480,79966.423885,79964,79967,79964
2026-09-05 20:55:00,1058,3.606500,0.003409,0.690720,2.915780,79956.496528,79956,79964,79948
2026-09-05 20:56:00,569,1.270010,0.002232,0.702910,0.567100,79960.276404,79960,79962,79956
2026-09-05 20:57:00,777,2.078770,0.002675,1.708110,0.370660,79970.499484,79980,79980,79960
2026-09-05 20:58:00,649,1.621980,0.002499,1.478440,0.143540,79987.704717,80000,80000,79980
2026-09-05 20:59:00,241,4.795970,0.019900,0.722000,4.073970,79999.990516,80000,80000,80000
2026-09-05 21:00:00,251,1.874060,0.007466,1.511280,0.362780,79999.988064,80000,80000,80000
2026-09-05 21:01:00,2101,5.146560,0.002450,0.352400,4.794160,79972.697951,79948,80000,79948
2026-09-05 21:02:00,392,0.904980,0.002309,0.331550,0.573430,79947.630122,79946,79948,79946
2026-09-05 21:03:00,1066,12.331720,0.011568,11.143310,1.188410,79932.553354,79937,79946,79930
2026-09-05 21:04:00,689,1.315930,0.001910,0.328120,0.987810,79931.847815,79928,79937,79928
2026-09-05 21:05:00,263,0.571990,0.002175,0.398250,0.173740,79928.417513,79931,79931,79928
2026-09-05 21:06:00,339,0.940940,0.002776,0.726330,0.214610,79932.725270,79934,79934,79931
2026-09-05 21:07:00,654,1.533610,0.002345,1.165380,0.368230,79945.286442,79952,79952,79934
2026-09-05 21:08:00,212,0.654590,0.003088,0.423110,0.231480,79952.542546,79954,79954,79952
2026-09-05 21:09:00,764,3.381700,0.004426,0.595040,2.786660,79962.811260,79954,79966,79954
2026-09-05 21:10:00,279,2.782000,0.009971,2.183490,0.598510,79953.997849,79954,79954,79954
2026-09-05 21:11:00,580,2.778700,0.004791,2.320410,0.458290,79957.134998,79970,79970,79954
2026-09-05 21:12:00,249,0.865550,0.003476,0.618690,0.246860,79971.816565,79973,79973,79970
2026-09-05 21:13:00,925,2.697900,0.002917,0.265680,2.432220,79968.061448,79960,79973,79960
2026-09-05 21:14:00,816,3.466630,0.004248,0.402460,3.064170,79951.682167,79944,79960,79944
2026-09-05 21:15:00,312,1.195300,0.003831,0.256510,0.938790,79941.706177,79940,79944,79940
2026-09-05 21:16:00,1109,5.462560,0.004926,5.054090,0.408470,79955.197062,79963,79966,79940
2026-09-05 21:17:00,363,0.766640,0.002112,0.257480,0.509160,79959.613137,79957,79963,79957
2026-09-05 21:18:00,849,1.841360,0.002169,0.740290,1.101070,79945.286671,79942,79957,79942
2026-09-05 21:19:00,316,2.457280,0.007776,2.160260,0.297020,79937.204223,79937,79942,79937
2026-09-05 21:20:00,155,0.588070,0.003794,0.289400,0.298670,79937.054921,79937,79937,79937
2026-09-05 21:21:00,701,1.172510,0.001673,0.495880,0.676630,79936.961260,79935,79940,79935
2026-09-05 21:22:00,1002,3.305020,0.003298,0.577580,2.727440,79924.141334,79906,79935,79906
2026-09-05 21:23:00,382,2.782310,0.007284,1.526000,1.256310,79910.155178,79914,79914,79906
2026-09-05 21:24:00,786,5.477370,0.006969,4.562730,0.914640,79917.990225,79936,79936,79914
2026-09-05 21:25:00,613,1.900030,0.003100,1.096420,0.803610,79949.463009,79956,79956,79937
2026-09-05 21:26:00,1116,2.553170,0.002288,1.092850,1.460320,79976.966308,79974,79986,79956
2026-09-05 21:27:00,153,0.894140,0.005844,0.605120,0.289020,79974.006768,79974,79974,79974
2026-09-05 21:28:00,532,1.912220,0.003594,1.098510,0.813710,79976.117672,79979,79982,79974
2026-09-05 21:29:00,671,2.666290,0.003974,0.190180,2.476110,79974.048332,79965,79979,79965
2026-09-05 21:30:00,235,1.067830,0.004544,0.704810,0.363020,79963.089744,79963,79965,79963
2026-09-05 21:31:00,434,2.361920,0.005442,0.970710,1.391210,79968.113709,79971,79971,79963
2026-09-05 21:32:00,158,0.692250,0.004381,0.367950,0.324300,79970.915315,79971,79971,79971
2026-09-05 21:33:00,1153,2.619290,0.002272,0.603820,2.015470,79961.096963,79942,79971,79942
2026-09-05 21:34:00,1513,6.945280,0.004590,3.993120,2.952160,79924.778800,79914,79950,79914
2026-09-05 21:35:00,5123,40.495160,0.007905,12.866250,27.628910,79848.591647,79784,79915,79784
2026-09-05 21:36:00,2797,5.774540,0.002065,5.231840,0.542700,79828.495797,79846,79856,79784
2026-09-05 21:37:00,2020,5.379490,0.002663,0.747560,4.631930,79803.487605,79773,79846,79772
2026-09-05 21:38:00,1147,2.818930,0.002458,1.107200,1.711730,79772.400683,79762,79778,79762
2026-09-05 21:39:00,550,2.595960,0.004720,2.197940,0.398020,79764.547565,79772,79772,79762
2026-09-05 21:40:00,850,1.625960,0.001913,0.276690,1.349270,79764.712965,79761,79772,79761
2026-09-05 21:41:00,1837,5.917680,0.003221,5.492450,0.425230,79777.386329,79828,79828,79761
2026-09-05 21:42:00,751,1.580720,0.002105,0.708580,0.872140,79836.870765,79841,79842,79828
2026-09-05 21:43:00,167,0.511510,0.003063,0.344310,0.167200,79841.466731,79841,79841,79841
2026-09-05 21:44:00,924,2.714520,0.002938,1.073610,1.640910,79854.362282,79858,79858,79841
2026-09-05 21:45:00,1440,5.656940,0.003928,3.906850,1.750090,79850.328493,79855,79858,79843
2026-09-05 21:46:00,1918,13.122090,0.006842,3.456150,9.665940,79845.251081,79823,79856,79820
2026-09-05 21:47:00,1675,2.183450,0.001304,0.216040,1.967410,79807.767045,79790,79823,79790
2026-09-05 21:48:00,2533,8.011310,0.003163,2.731630,5.279680,79760.502192,79782,79790,79744
2026-09-05 21:49:00,240,1.343070,0.005596,0.478290,0.864780,79781.903561,79782,79782,79782
2026-09-05 21:50:00,4044,13.100600,0.003240,4.249130,8.851470,79735.706021,79745,79782,79713
2026-09-05 21:51:00,2062,6.095540,0.002956,2.523570,3.571970,79729.280146,79735,79745,79713
2026-09-05 21:52:00,1235,7.303830,0.005914,6.389710,0.914120,79749.072429,79769,79776,79735
2026-09-05 21:53:00,161,0.567640,0.003526,0.204310,0.363330,79768.933599,79769,79769,79769
2026-09-05 21:54:00,788,1.820610,0.002310,0.715820,1.104790,79762.548263,79758,79769,79754
2026-09-05 21:55:00,776,2.874810,0.003705,0.334100,2.540710,79750.777728,79745,79758,79745
2026-09-05 21:56:00,958,2.281730,0.002382,2.093840,0.187890,79753.089328,79766,79766,79745
2026-09-05 21:57:00,643,1.495300,0.002326,1.187650,0.307650,79774.505681,79777,79777,79766
2026-09-05 21:58:00,1178,6.984140,0.005929,5.002850,1.981290,79775.489209,79779,79779,79770
2026-09-05 21:59:00,1658,11.946600,0.007205,2.385590,9.561010,79766.944561,79741,79784,79740
2026-09-05 22:00:00,462,0.992590,0.002148,0.915040,0.077550,79747.792538,79754,79754,79741
2026-09-05 22:01:00,1369,3.317530,0.002423,2.913940,0.403590,79772.202363,79794,79794,79754
2026-09-05 22:02:00,1390,3.948100,0.002840,0.526400,3.421700,79798.045691,79778,79804,79778
2026-09-05 22:03:00,1184,2.669290,0.002254,0.217870,2.451420,79759.297179,79750,79778,79750
2026-09-05 22:04:00,840,2.658860,0.003165,0.462290,2.196570,79740.722420,79736,79750,79736
2026-09-05 22:05:00,970,5.515510,0.005686,1.248570,4.266940,79723.602452,79721,79736,79721
2026-09-05 22:06:00,1935,15.608870,0.008067,11.592220,4.016650,79737.234579,79784,79784,79721
2026-09-05 22:07:00,1678,2.659680,0.001585,0.425390,2.234290,79782.179801,79769,79792,79769
2026-09-05 22:08:00,131,0.644970,0.004923,0.341430,0.303540,79768.985294,79769,79769,79769
2026-09-05 22:09:00,674,1.528770,0.002268,0.122490,1.406280,79765.489378,79760,79769,79760
2026-09-05 22:10:00,731,1.717920,0.002350,0.490570,1.227350,79751.107082,79748,79760,79746
2026-09-05 22:11:00,1217,2.836320,0.002331,2.266880,0.569440,79761.991542,79782,79782,79748
2026-09-05 22:12:00,1775,3.813870,0.002149,2.549710,1.264160,79791.673573,79810,79810,79782
2026-09-05 22:13:00,2768,6.225260,0.002249,3.718730,2.506530,79826.759610,79840,79840,79810
2026-09-05 22:14:00,2318,24.507960,0.010573,1.082980,23.424980,79810.628180,79763,79840,79763
2026-09-05 22:15:00,1696,7.617410,0.004491,3.737910,3.879500,79743.610972,79738,79765,79722
2026-09-05 22:16:00,692,2.114560,0.003056,0.675290,1.439270,79737.009177,79733,79742,79733
2026-09-05 22:17:00,491,2.192120,0.004465,1.108480,1.083640,79737.693258,79744,79744,79733
2026-09-05 22:18:00,1344,4.696990,0.003495,0.398680,4.298310,79738.135221,79729,79744,79729
2026-09-05 22:19:00,1660,3.796670,0.002287,0.534670,3.262000,79711.942381,79705,79729,79705
2026-09-05 22:20:00,1512,14.619840,0.009669,1.292150,13.327690,79701.048555,79703,79705,79694
2026-09-05 22:21:00,2035,16.583520,0.008149,14.502130,2.081390,79714.184975,79768,79768,79694
2026-09-05 22:22:00,474,0.863650,0.001822,0.751800,0.111850,79774.455800,79779,79779,79768
2026-09-05 22:23:00,1427,3.219500,0.002256,0.747780,2.471720,79784.292180,79789,79791,79776
2026-09-05 22:24:00,650,2.129440,0.003276,0.331080,1.798360,79782.269991,79771,79789,79771
2026-09-05 22:25:00,873,1.398470,0.001602,1.287150,0.111320,79781.784073,79800,79800,79771
2026-09-05 22:26:00,996,1.300280,0.001306,0.953490,0.346790,79816.518056,79830,79830,79800
2026-09-05 22:27:00,1638,7.393140,0.004514,3.953210,3.439930,79816.116951,79820,79830,79794
2026-09-05 22:28:00,1806,18.485180,0.010235,5.258840,13.226340,79812.726963,79763,79824,79760
2026-09-05 22:29:00,2534,9.233720,0.003644,1.864000,7.369720,79739.355096,79708,79766,79708
2026-09-05 22:30:00,431,2.794470,0.006484,1.634990,1.159480,79717.637206,79720,79720,79708
2026-09-05 22:31:00,1184,2.558440,0.002161,0.727240,1.831200,79721.127607,79718,79730,79718
2026-09-05 22:32:00,784,1.881380,0.002400,1.575950,0.305430,79731.382618,79744,79744,79718
2026-09-05 22:33:00,1839,3.361770,0.001828,0.194780,3.166990,79730.575972,79718,79744,79718
2026-09-05 22:34:00,784,8.969920,0.011441,6.932830,2.037090,79715.433647,79721,79721,79714
2026-09-05 22:35:00,960,44.157570,0.045997,5.956420,38.201150,79730.208267,79721,79731,79721
2026-09-05 22:36:00,2627,10.415350,0.003965,3.910670,6.504680,79710.782471,79709,79726,79694
2026-09-05 22:37:00,1156,12.477200,0.010793,10.900560,1.576640,79720.547113,79762,79762,79706
2026-09-05 22:38:00,1167,8.809180,0.007549,1.116830,7.692350,79758.135457,79745,79772,79745
2026-09-05 22:39:00,874,7.264490,0.008312,0.346150,6.918340,79733.399522,79725,79745,79725
2026-09-05 22:40:00,383,0.535080,0.001397,0.118790,0.416290,79722.782966,79722,79725,79722
2026-09-05 22:41:00,993,6.671900,0.006719,5.054140,1.617760,79733.298657,79732,79746,79722
2026-09-05 22:42:00,1334,2.140590,0.001605,1.571210,0.569380,79744.123791,79752,79752,79732
2026-09-05 22:43:00,2170,57.742250,0.026609,35.974860,21.767390,79767.733720,79756,79779,79752
2026-09-05 22:44:00,1322,88.292320,0.066787,80.846240,7.446080,79755.648835,79754,79766,79754
2026-09-05 22:45:00,1018,14.481640,0.014226,13.662970,0.818670,79759.369468,79779,79779,79754
2026-09-05 22:46:00,556,2.031120,0.003653,0.412420,1.618700,79775.308880,79770,79779,79770
2026-09-05 22:47:00,1040,2.786110,0.002679,0.398380,2.387730,79773.112491,79764,79777,79764
2026-09-05 22:48:00,255,0.721450,0.002829,0.265050,0.456400,79762.539632,79759,79764,79759
2026-09-05 22:49:00,904,8.761620,0.009692,0.779190,7.982430,79764.174471,79756,79768,79756
2026-09-05 22:50:00,593,1.485910,0.002506,1.191140,0.294770,79758.951227,79760,79760,79756
2026-09-05 22:51:00,857,2.265310,0.002643,2.111420,0.153890,79775.056217,79784,79784,79760
2026-09-05 22:52:00,2780,143.738290,0.051704,3.677150,140.061140,79773.180028,79774,79793,79750
2026-09-05 22:53:00,853,1.605280,0.001882,0.468030,1.137250,79765.662491,79756,79774,79756
2026-09-05 22:54:00,716,4.167390,0.005820,0.192700,3.974690,79748.388695,79736,79757,79736
2026-09-05 22:55:00,481,3.402110,0.007073,3.261380,0.140730,79741.100071,79750,79750,79736
2026-09-05 22:56:00,164,3.083840,0.018804,2.916060,0.167780,79749.998124,79750,79750,79750
2026-09-05 22:57:00,122,4.502650,0.036907,4.318690,0.183960,79749.999591,79750,79750,79750
2026-09-05 22:58:00,241,2.598650,0.010783,1.318480,1.280170,79749.995074,79750,79750,79750
2026-09-05 22:59:00,626,5.552160,0.008869,5.469260,0.082900,79760.413888,79788,79788,79750
2026-09-05 23:00:00,2259,19.085570,0.008449,3.211050,15.874520,79751.838708,79738,79788,79730
2026-09-05 23:01:00,294,0.761950,0.002592,0.632950,0.129000,79740.483214,79742,79742,79738
2026-09-05 23:02:00,954,2.049970,0.002149,0.811290,1.238680,79747.437656,79742,79752,79742
2026-09-05 23:03:00,609,1.296650,0.002129,0.877380,0.419270,79746.445006,79743,79751,79742
2026-09-05 23:04:00,1226,3.170000,0.002586,0.972770,2.197230,79743.777648,79738,79754,79738
2026-09-05 23:05:00,1234,7.636830,0.006189,2.272560,5.364270,79747.979306,79740,79758,79738
2026-09-05 23:06:00,791,1.679430,0.002123,0.349220,1.330210,79731.628481,79729,79740,79725
2026-09-05 23:07:00,446,2.062950,0.004625,0.644400,1.418550,79734.726846,79738,79738,79729
2026-09-05 23:08:00,317,4.988530,0.015737,1.218990,3.769540,79744.906336,79746,79746,79738
2026-09-05 23:09:00,701,2.773700,0.003957,1.364830,1.408870,79767.483178,79774,79774,79746
2026-09-05 23:10:00,140,0.654370,0.004674,0.584320,0.070050,79775.942168,79776,79776,79774
2026-09-05 23:11:00,267,0.532900,0.001996,0.434170,0.098730,79780.874353,79782,79782,79776
2026-09-05 23:12:00,163,0.359810,0.002207,0.278620,0.081190,79785.005791,79786,79786,79782
2026-09-05 23:13:00,773,9.054870,0.011714,7.716550,1.338320,79784.467920,79784,79793,79783
2026-09-05 23:14:00,1214,6.825330,0.005622,3.523830,3.301500,79778.513823,79782,79784,79761
2026-09-05 23:15:00,261,0.895610,0.003431,0.813410,0.082200,79783.828597,79788,79788,79782
2026-09-05 23:16:00,663,2.716310,0.004097,1.306110,1.410200,79781.230901,79786,79788,79775
2026-09-05 23:17:00,106,0.471780,0.004451,0.197430,0.274350,79785.994185,79786,79786,79786
2026-09-05 23:18:00,263,0.944520,0.003591,0.733970,0.210550,79786.827367,79794,79794,79786
2026-09-05 23:19:00,482,1.332080,0.002764,1.151560,0.180520,79805.263535,79820,79820,79794
2026-09-05 23:20:00,309,0.983950,0.003184,0.834050,0.149900,79829.035943,79834,79834,79820
2026-09-05 23:21:00,568,2.125270,0.003742,0.476200,1.649070,79837.340086,79832,79840,79832
2026-09-05 23:22:00,114,0.344580,0.003023,0.211900,0.132680,79832.006150,79832,79832,79832
2026-09-05 23:23:00,716,7.638650,0.010669,7.536620,0.102030,79837.689367,79860,79860,79832
2026-09-05 23:24:00,191,1.425190,0.007462,1.272960,0.152230,79861.959315,79862,79862,79860
2026-09-05 23:25:00,853,2.456020,0.002879,1.411270,1.044750,79870.445995,79866,79878,79862
2026-09-05 23:26:00,539,1.579410,0.002930,0.165280,1.414130,79858.250883,79854,79866,79854
2026-09-05 23:27:00,222,0.953800,0.004296,0.824610,0.129190,79856.732543,79859,79859,79854
2026-09-05 23:28:00,86,0.418390,0.004865,0.355000,0.063390,79859.448485,79859,79859,79859
2026-09-05 23:29:00,346,1.341980,0.003879,0.259940,1.082040,79858.540141,79858,79859,79858
2026-09-05 23:30:00,52,0.279060,0.005367,0.244860,0.034200,79858.128774,79858,79858,79858
2026-09-05 23:31:00,100,1.340630,0.013406,1.288040,0.052590,79858.129608,79858,79858,79858
2026-09-05 23:32:00,830,2.042520,0.002461,1.503660,0.538860,79863.015887,79858,79872,79858
2026-09-05 23:33:00,355,2.050780,0.005777,0.280520,1.770260,79857.003931,79852,79858,79852
2026-09-05 23:34:00,171,2.609170,0.015258,1.868860,0.740310,79852.007163,79852,79852,79852
2026-09-05 23:35:00,84,1.125380,0.013397,0.996020,0.129360,79852.008851,79852,79852,79852
2026-09-05 23:36:00,217,1.043990,0.004811,0.248300,0.795690,79851.172971,79850,79852,79850
2026-09-05 23:37:00,106,0.332380,0.003136,0.189730,0.142650,79849.995708,79850,79850,79850
2026-09-05 23:38:00,388,9.370220,0.024150,2.259610,7.110610,79842.225716,79835,79850,79835
2026-09-05 23:39:00,440,1.827250,0.004153,1.627940,0.199310,79841.861603,79850,79850,79835
2026-09-05 23:40:00,362,1.811010,0.005003,1.586210,0.224800,79853.720515,79866,79866,79850
2026-09-05 23:41:00,975,4.201420,0.004309,1.566340,2.635080,79865.248058,79856,79872,79856
2026-09-05 23:42:00,1106,4.562550,0.004125,3.336480,1.226070,79875.071826,79887,79894,79856
2026-09-05 23:43:00,2490,6.180290,0.002482,3.890520,2.289770,79904.925337,79912,79928,79873
2026-09-05 23:44:00,3271,12.966060,0.003964,4.915960,8.050100,79881.333887,79873,79912,79850
2026-09-05 23:45:00,3332,4.277150,0.001284,2.486400,1.790750,79904.401476,79918,79930,79868
2026-09-05 23:46:00,2330,3.596000,0.001543,1.590630,2.005370,79910.789903,79908,79928,79898
2026-09-05 23:47:00,1538,3.202420,0.002082,1.824390,1.378030,79878.643130,79872,79908,79868
2026-09-05 23:48:00,970,1.514220,0.001561,1.106250,0.407970,79868.837886,79865,79874,79865
2026-09-05 23:49:00,1605,1.190260,0.000742,0.667300,0.522960,79869.986831,79864,79880,79864
2026-09-05 23:50:00,1752,5.928930,0.003384,3.606460,2.322470,79901.548914,79912,79924,79864
2026-09-05 23:51:00,382,0.570650,0.001494,0.186730,0.383920,79908.126166,79905,79912,79905
2026-09-05 23:52:00,336,1.133380,0.003373,1.014640,0.118740,79906.118449,79913,79913,79905
2026-09-05 23:53:00,1109,1.511560,0.001363,1.153970,0.357590,79920.791977,79932,79938,79913
2026-09-05 23:54:00,1041,3.146570,0.003023,0.980020,2.166550,79917.448821,79904,79932,79904
2026-09-05 23:55:00,152,0.283500,0.001865,0.109730,0.173770,79904.195524,79904,79904,79904
2026-09-05 23:56:00,500,1.763960,0.003528,0.185130,1.578830,79898.769178,79896,79904,79896
2026-09-05 23:57:00,139,0.695930,0.005007,0.299060,0.396870,79896.014297,79896,79896,79896
2026-09-05 23:58:00,1806,9.858150,0.005459,4.223880,5.634270,79903.789733,79924,79924,79880
2026-09-05 23:59:00,153,0.509940,0.003333,0.406090,0.103850,79923.997963,79924,79924,79924
