Timestamp,Open,High,Low,Close,Volume,AggTrades,BuyQty,SellQty,VWAP,OpenInterest,FundingRate,LiqBuyQty,LiqSellQty,IsSynthetic
2026-04-24 00:00:00,77973.50,77973.50,77973.50,77973.50,0.000000,0,0.000000,0.000000,77973.50,99143.91,-0.00008730,0.000000,0.000000,1
2026-04-24 00:01:00,77973.50,77973.50,77973.50,77973.50,0.000000,0,0.000000,0.000000,77973.50,99162.42,-0.00008730,0.000000,0.000000,1
2026-04-24 00:02:00,77973.50,77973.50,77973.50,77973.50,0.000000,0,0.000000,0.000000,77973.50,99170.78,-0.00008730,0.000000,0.000000,1
2026-04-24 00:03:00,77973.50,77973.50,77973.50,77973.50,0.000000,0,0.000000,0.000000,77973.50,99178.90,-0.00008730,0.000000,0.000000,1
2026-04-24 00:04:00,77973.50,77973.50,77973.50,77973.50,0.000000,0,0.000000,0.000000,77973.50,99186.39,-0.00008730,0.000000,0.000000,1
2026-04-24 00:05:00,77973.50,77973.50,77973.50,77973.50,0.000000,0,0.000000,0.000000,77973.50,99188.30,-0.00008730,0.000000,0.000000,1
2026-04-24 00:06:00,77973.50,77973.50,77973.50,77973.50,0.000000,0,0.000000,0.000000,77973.50,99184.14,-0.00008730,0.000000,0.000000,1
2026-04-24 00:07:00,77973.50,77973.50,77973.50,77973.50,0.000000,0,0.000000,0.000000,77973.50,99186.31,-0.00008730,0.000000,0.000000,1
2026-04-24 00:08:00,77973.50,77973.50,77973.50,77973.50,0.000000,0,0.000000,0.000000,77973.50,99184.01,-0.00008730,0.000000,0.000000,1
2026-04-24 00:09:00,77973.50,77973.50,77973.50,77973.50,0.000000,0,0.000000,0.000000,77973.50,99179.61,-0.00008730,0.000000,0.000000,1
2026-04-24 00:10:00,77973.50,77973.50,77973.50,77973.50,0.000000,0,0.000000,0.000000,77973.50,99221.39,-0.00008730,0.000000,0.000000,1
2026-04-24 00:11:00,77973.50,77973.50,77973.50,77973.50,0.000000,0,0.000000,0.000000,77973.50,99209.84,-0.00008730,0.000000,0.000000,1
2026-04-24 00:12:00,77973.50,77973.50,77973.50,77973.50,0.000000,0,0.000000,0.000000,77973.50,99243.41,-0.00008730,0.000000,0.000000,1
2026-04-24 00:13:00,77973.50,77973.50,77973.50,77973.50,0.000000,0,0.000000,0.000000,77973.50,99250.34,-0.00008730,0.000000,0.000000,1
2026-04-24 00:14:00,77973.50,77973.50,77973.50,77973.50,0.000000,0,0.000000,0.000000,77973.50,99253.12,-0.00008730,0.000000,0.000000,1
2026-04-24 00:15:00,77973.50,77973.50,77973.50,77973.50,0.000000,0,0.000000,0.000000,77973.50,99240.74,-0.00008730,0.000000,0.000000,1
2026-04-24 00:16:00,77973.50,77973.50,77973.50,77973.50,0.000000,0,0.000000,0.000000,77973.50,99239.78,-0.00008730,0.000000,0.000000,1
2026-04-24 00:17:00,77973.50,77973.50,77973.50,77973.50,0.000000,0,0.000000,0.000000,77973.50,99246.42,-0.00008730,0.000000,0.000000,1
2026-04-24 00:18:00,77973.50,77973.50,77973.50,77973.50,0.000000,0,0.000000,0.000000,77973.50,99254.23,-0.00008730,0.000000,0.000000,1
2026-04-24 00:19:00,77973.50,77973.50,77973.50,77973.50,0.000000,0,0.000000,0.000000,77973.50,99255.37,-0.00008730,0.000000,0.000000,1
2026-04-24 00:20:00,77973.50,77973.50,77973.50,77973.50,0.000000,0,0.000000,0.000000,77973.50,99251.50,-0.00008730,0.000000,0.000000,1
2026-04-24 00:21:00,77973.50,77973.50,77973.50,77973.50,0.000000,0,0.000000,0.000000,77973.50,99217.29,-0.00008730,0.000000,0.000000,1
2026-04-24 00:22:00,77973.50,77973.50,77973.50,77973.50,0.000000,0,0.000000,0.000000,77973.50,99227.16,-0.00008730,0.000000,0.000000,1
2026-04-24 00:23:00,77973.50,77973.50,77973.50,77973.50,0.000000,0,0.000000,0.000000,77973.50,99222.93,-0.00008730,0.000000,0.000000,1
2026-04-24 00:24:00,77973.50,77973.50,77973.50,77973.50,0.000000,0,0.000000,0.000000,77973.50,99233.97,-0.00008730,0.000000,0.000000,1
2026-04-24 00:25:00,77973.50,77973.50,77973.50,77973.50,0.000000,0,0.000000,0.000000,77973.50,99247.99,-0.00008730,0.000000,0.000000,1
2026-04-24 00:26:00,77973.50,77973.50,77973.50,77973.50,0.000000,0,0.000000,0.000000,77973.50,99261.78,-0.00008730,0.000000,0.000000,1
2026-04-24 00:27:00,77973.50,77973.50,77973.50,77973.50,0.000000,0,0.000000,0.000000,77973.50,99268.00,-0.00008730,0.000000,0.000000,1
2026-04-24 00:28:00,77973.50,77973.50,77973.50,77973.50,0.000000,0,0.000000,0.000000,77973.50,99268.76,-0.00008730,0.000000,0.000000,1
2026-04-24 00:29:00,77973.50,77973.50,77973.50,77973.50,0.000000,0,0.000000,0.000000,77973.50,99273.26,-0.00008730,0.000000,0.000000,1
2026-04-24 00:30:00,77973.50,77973.50,77973.50,77973.50,0.000000,0,0.000000,0.000000,77973.50,99277.60,-0.00008730,0.000000,0.000000,1
2026-04-24 00:31:00,77973.50,77973.50,77973.50,77973.50,0.000000,0,0.000000,0.000000,77973.50,99277.82,-0.00008730,0.000000,0.000000,1
2026-04-24 00:32:00,77973.50,77973.50,77973.50,77973.50,0.000000,0,0.000000,0.000000,77973.50,99299.15,-0.00008730,0.000000,0.000000,1
2026-04-24 00:33:00,77973.50,77973.50,77973.50,77973.50,0.000000,0,0.000000,0.000000,77973.50,99290.54,-0.00008730,0.000000,0.000000,1
2026-04-24 00:34:00,77973.50,77973.50,77973.50,77973.50,0.000000,0,0.000000,0.000000,77973.50,99291.85,-0.00008730,0.000000,0.000000,1
2026-04-24 00:35:00,77973.50,77973.50,77973.50,77973.50,0.000000,0,0.000000,0.000000,77973.50,99298.10,-0.00008730,0.000000,0.000000,1
2026-04-24 00:36:00,77973.50,77973.50,77973.50,77973.50,0.000000,0,0.000000,0.000000,77973.50,99301.71,-0.00008730,0.000000,0.000000,1
2026-04-24 00:37:00,77973.50,77973.50,77973.50,77973.50,0.000000,0,0.000000,0.000000,77973.50,99304.95,-0.00008730,0.000000,0.000000,1
2026-04-24 00:38:00,77973.50,77973.50,77973.50,77973.50,0.000000,0,0.000000,0.000000,77973.50,99297.02,-0.00008730,0.000000,0.000000,1
2026-04-24 00:39:00,77973.50,77973.50,77973.50,77973.50,0.000000,0,0.000000,0.000000,77973.50,99306.05,-0.00008730,0.000000,0.000000,1
2026-04-24 00:40:00,77973.50,77973.50,77973.50,77973.50,0.000000,0,0.000000,0.000000,77973.50,99305.07,-0.00008730,0.000000,0.000000,1
2026-04-24 00:41:00,77973.50,77973.50,77973.50,77973.50,0.000000,0,0.000000,0.000000,77973.50,99321.32,-0.00008730,0.000000,0.000000,1
2026-04-24 00:42:00,77973.50,77973.50,77973.50,77973.50,0.000000,0,0.000000,0.000000,77973.50,99335.69,-0.00008730,0.000000,0.000000,1
2026-04-24 00:43:00,77973.50,77973.50,77973.50,77973.50,0.000000,0,0.000000,0.000000,77973.50,99341.97,-0.00008730,0.000000,0.000000,1
2026-04-24 00:44:00,77973.50,77973.50,77973.50,77973.50,0.000000,0,0.000000,0.000000,77973.50,99345.76,-0.00008730,0.000000,0.000000,1
2026-04-24 00:45:00,77973.50,77973.50,77973.50,77973.50,0.000000,0,0.000000,0.000000,77973.50,99347.82,-0.00008730,0.000000,0.000000,1
2026-04-24 00:46:00,77973.50,77973.50,77973.50,77973.50,0.000000,0,0.000000,0.000000,77973.50,99349.01,-0.00008730,0.000000,0.000000,1
2026-04-24 00:47:00,77973.50,77973.50,77973.50,77973.50,0.000000,0,0.000000,0.000000,77973.50,99352.66,-0.00008730,0.000000,0.000000,1
2026-04-24 00:48:00,77973.50,77973.50,77973.50,77973.50,0.000000,0,0.000000,0.000000,77973.50,99357.93,-0.00008730,0.000000,0.000000,1
2026-04-24 00:49:00,77973.50,77973.50,77973.50,77973.50,0.000000,0,0.000000,0.000000,77973.50,99362.60,-0.00008730,0.000000,0.000000,1
2026-04-24 00:50:00,77973.50,77973.50,77973.50,77973.50,0.000000,0,0.000000,0.000000,77973.50,99364.39,-0.00008730,0.000000,0.000000,1
2026-04-24 00:51:00,77973.50,77973.50,77973.50,77973.50,0.000000,0,0.000000,0.000000,77973.50,99365.59,-0.00008730,0.000000,0.000000,1
2026-04-24 00:52:00,77973.50,77973.50,77973.50,77973.50,0.000000,0,0.000000,0.000000,77973.50,99370.70,-0.00008730,0.000000,0.000000,1
2026-04-24 00:53:00,77973.50,77973.50,77973.50,77973.50,0.000000,0,0.000000,0.000000,77973.50,99374.11,-0.00008730,0.000000,0.000000,1
2026-04-24 00:54:00,77973.50,77973.50,77973.50,77973.50,0.000000,0,0.000000,0.000000,77973.50,99377.10,-0.00008730,0.000000,0.000000,1
2026-04-24 00:55:00,77973.50,77973.50,77973.50,77973.50,0.000000,0,0.000000,0.000000,77973.50,99378.40,-0.00008730,0.000000,0.000000,1
2026-04-24 00:56:00,77973.50,77973.50,77973.50,77973.50,0.000000,0,0.000000,0.000000,77973.50,99378.07,-0.00008730,0.000000,0.000000,1
2026-04-24 00:57:00,77973.50,77973.50,77973.50,77973.50,0.000000,0,0.000000,0.000000,77973.50,99360.32,-0.00008730,0.000000,0.000000,1
2026-04-24 00:58:00,77973.50,77973.50,77973.50,77973.50,0.000000,0,0.000000,0.000000,77973.50,99363.38,-0.00008730,0.000000,0.000000,1
2026-04-24 00:59:00,77973.50,77973.50,77973.50,77973.50,0.000000,0,0.000000,0.000000,77973.50,99366.18,-0.00008730,0.000000,0.000000,1
2026-04-24 01:00:00,77973.50,77973.50,77973.50,77973.50,0.000000,0,0.000000,0.000000,77973.50,99300.75,-0.00008730,0.000000,0.000000,1
2026-04-24 01:01:00,77973.50,77973.50,77973.50,77973.50,0.000000,0,0.000000,0.000000,77973.50,99276.55,-0.00008730,0.000000,0.000000,1
2026-04-24 01:02:00,77973.50,77973.50,77973.50,77973.50,0.000000,0,0.000000,0.000000,77973.50,99208.60,-0.00008730,0.000000,0.000000,1
2026-04-24 01:03:00,77973.50,77973.50,77973.50,77973.50,0.000000,0,0.000000,0.000000,77973.50,99209.62,-0.00008730,0.000000,0.000000,1
2026-04-24 01:04:00,77973.50,77973.50,77973.50,77973.50,0.000000,0,0.000000,0.000000,77973.50,99211.83,-0.00008730,0.000000,0.000000,1
2026-04-24 01:05:00,77973.50,77973.50,77973.50,77973.50,0.000000,0,0.000000,0.000000,77973.50,99209.60,-0.00008730,0.000000,0.000000,1
2026-04-24 01:06:00,77973.50,77973.50,77973.50,77973.50,0.000000,0,0.000000,0.000000,77973.50,99207.62,-0.00008730,0.000000,0.000000,1
2026-04-24 01:07:00,77973.50,77973.50,77973.50,77973.50,0.000000,0,0.000000,0.000000,77973.50,99220.01,-0.00008730,0.000000,0.000000,1
2026-04-24 01:08:00,77973.50,77973.50,77973.50,77973.50,0.000000,0,0.000000,0.000000,77973.50,99182.81,-0.00008730,0.000000,0.000000,1
2026-04-24 01:09:00,77973.50,77973.50,77973.50,77973.50,0.000000,0,0.000000,0.000000,77973.50,99185.42,-0.00008730,0.000000,0.000000,1
2026-04-24 01:10:00,77973.50,77973.50,77973.50,77973.50,0.000000,0,0.000000,0.000000,77973.50,98908.86,-0.00008730,0.000000,0.000000,1
2026-04-24 01:11:00,77973.50,77973.50,77973.50,77973.50,0.000000,0,0.000000,0.000000,77973.50,98882.02,-0.00008730,0.000000,0.000000,1
2026-04-24 01:12:00,77973.50,77973.50,77973.50,77973.50,0.000000,0,0.000000,0.000000,77973.50,98872.36,-0.00008730,0.000000,0.000000,1
2026-04-24 01:13:00,77973.50,77973.50,77973.50,77973.50,0.000000,0,0.000000,0.000000,77973.50,98878.24,-0.00008730,0.000000,0.000000,1
2026-04-24 01:14:00,77973.50,77973.50,77973.50,77973.50,0.000000,0,0.000000,0.000000,77973.50,98888.49,-0.00008730,0.000000,0.000000,1
2026-04-24 01:15:00,77973.50,77973.50,77973.50,77973.50,0.000000,0,0.000000,0.000000,77973.50,98885.25,-0.00008730,0.000000,0.000000,1
2026-04-24 01:16:00,77973.50,77973.50,77973.50,77973.50,0.000000,0,0.000000,0.000000,77973.50,98896.16,-0.00008730,0.000000,0.000000,1
2026-04-24 01:17:00,77973.50,77973.50,77973.50,77973.50,0.000000,0,0.000000,0.000000,77973.50,98904.16,-0.00008730,0.000000,0.000000,1
2026-04-24 01:18:00,77973.50,77973.50,77973.50,77973.50,0.000000,0,0.000000,0.000000,77973.50,98891.68,-0.00008730,0.000000,0.000000,1
2026-04-24 01:19:00,77973.50,77973.50,77973.50,77973.50,0.000000,0,0.000000,0.000000,77973.50,98887.96,-0.00008730,0.000000,0.000000,1
2026-04-24 01:20:00,77973.50,77973.50,77973.50,77973.50,0.000000,0,0.000000,0.000000,77973.50,98881.85,-0.00008730,0.000000,0.000000,1
2026-04-24 01:21:00,77973.50,77973.50,77973.50,77973.50,0.000000,0,0.000000,0.000000,77973.50,98871.44,-0.00008730,0.000000,0.000000,1
2026-04-24 01:22:00,77973.50,77973.50,77973.50,77973.50,0.000000,0,0.000000,0.000000,77973.50,98867.62,-0.00008730,0.000000,0.000000,1
2026-04-24 01:23:00,77973.50,77973.50,77973.50,77973.50,0.000000,0,0.000000,0.000000,77973.50,98845.28,-0.00008730,0.000000,0.000000,1
2026-04-24 01:24:00,77973.50,77973.50,77973.50,77973.50,0.000000,0,0.000000,0.000000,77973.50,98839.67,-0.00008730,0.000000,0.000000,1
2026-04-24 01:25:00,77973.50,77973.50,77973.50,77973.50,0.000000,0,0.000000,0.000000,77973.50,98840.83,-0.00008730,0.000000,0.000000,1
2026-04-24 01:26:00,77973.50,77973.50,77973.50,77973.50,0.000000,0,0.000000,0.000000,77973.50,98857.80,-0.00008730,0.000000,0.000000,1
2026-04-24 01:27:00,77973.50,77973.50,77973.50,77973.50,0.000000,0,0.000000,0.000000,77973.50,98857.16,-0.00008730,0.000000,0.000000,1
2026-04-24 01:28:00,77973.50,77973.50,77973.50,77973.50,0.000000,0,0.000000,0.000000,77973.50,98860.43,-0.00008730,0.000000,0.000000,1
2026-04-24 01:29:00,77973.50,77973.50,77973.50,77973.50,0.000000,0,0.000000,0.000000,77973.50,98876.15,-0.00008730,0.000000,0.000000,1
2026-04-24 01:30:00,77973.50,77973.50,77973.50,77973.50,0.000000,0,0.000000,0.000000,77973.50,98885.29,-0.00008730,0.000000,0.000000,1
2026-04-24 01:31:00,77973.50,77973.50,77973.50,77973.50,0.000000,0,0.000000,0.000000,77973.50,98869.78,-0.00008730,0.000000,0.000000,1
2026-04-24 01:32:00,77973.50,77973.50,77973.50,77973.50,0.000000,0,0.000000,0.000000,77973.50,98873.72,-0.00008730,0.000000,0.000000,1
2026-04-24 01:33:00,77973.50,77973.50,77973.50,77973.50,0.000000,0,0.000000,0.000000,77973.50,98877.88,-0.00008730,0.000000,0.000000,1
2026-04-24 01:34:00,77973.50,77973.50,77973.50,77973.50,0.000000,0,0.000000,0.000000,77973.50,98877.43,-0.00008730,0.000000,0.000000,1
2026-04-24 01:35:00,77973.50,77973.50,77973.50,77973.50,0.000000,0,0.000000,0.000000,77973.50,98878.53,-0.00008730,0.000000,0.000000,1
2026-04-24 01:36:00,77973.50,77973.50,77973.50,77973.50,0.000000,0,0.000000,0.000000,77973.50,98887.05,-0.00008730,0.000000,0.000000,1
2026-04-24 01:37:00,77973.50,77973.50,77973.50,77973.50,0.000000,0,0.000000,0.000000,77973.50,98891.44,-0.00008730,0.000000,0.000000,1
2026-04-24 01:38:00,77973.50,77973.50,77973.50,77973.50,0.000000,0,0.000000,0.000000,77973.50,98895.66,-0.00008730,0.000000,0.000000,1
2026-04-24 01:39:00,77973.50,77973.50,77973.50,77973.50,0.000000,0,0.000000,0.000000,77973.50,98899.35,-0.00008730,0.000000,0.000000,1
2026-04-24 01:40:00,77973.50,77973.50,77973.50,77973.50,0.000000,0,0.000000,0.000000,77973.50,98902.04,-0.00008730,0.000000,0.000000,1
2026-04-24 01:41:00,77973.50,77973.50,77973.50,77973.50,0.000000,0,0.000000,0.000000,77973.50,98894.78,-0.00008730,0.000000,0.000000,1
2026-04-24 01:42:00,77973.50,77973.50,77973.50,77973.50,0.000000,0,0.000000,0.000000,77973.50,98886.74,-0.00008730,0.000000,0.000000,1
2026-04-24 01:43:00,77973.50,77973.50,77973.50,77973.50,0.000000,0,0.000000,0.000000,77973.50,98889.86,-0.00008730,0.000000,0.000000,1
2026-04-24 01:44:00,77973.50,77973.50,77973.50,77973.50,0.000000,0,0.000000,0.000000,77973.50,98890.53,-0.00008730,0.000000,0.000000,1
2026-04-24 01:45:00,77973.50,77973.50,77973.50,77973.50,0.000000,0,0.000000,0.000000,77973.50,98889.96,-0.00008730,0.000000,0.000000,1
2026-04-24 01:46:00,77973.50,77973.50,77973.50,77973.50,0.000000,0,0.000000,0.000000,77973.50,98888.41,-0.00008730,0.000000,0.000000,1
2026-04-24 01:47:00,77973.50,77973.50,77973.50,77973.50,0.000000,0,0.000000,0.000000,77973.50,98891.24,-0.00008730,0.000000,0.000000,1
2026-04-24 01:48:00,77973.50,77973.50,77973.50,77973.50,0.000000,0,0.000000,0.000000,77973.50,98891.24,-0.00008730,0.000000,0.000000,1
2026-04-24 01:49:00,77973.50,77973.50,77973.50,77973.50,0.000000,0,0.000000,0.000000,77973.50,98895.34,-0.00008730,0.000000,0.000000,1
2026-04-24 01:50:00,77973.50,77973.50,77973.50,77973.50,0.000000,0,0.000000,0.000000,77973.50,98879.70,-0.00008730,0.000000,0.000000,1
2026-04-24 01:51:00,77973.50,77973.50,77973.50,77973.50,0.000000,0,0.000000,0.000000,77973.50,98902.70,-0.00008730,0.000000,0.000000,1
2026-04-24 01:52:00,77973.50,77973.50,77973.50,77973.50,0.000000,0,0.000000,0.000000,77973.50,98878.57,-0.00008730,0.000000,0.000000,1
2026-04-24 01:53:00,77973.50,77973.50,77973.50,77973.50,0.000000,0,0.000000,0.000000,77973.50,98881.68,-0.00008730,0.000000,0.000000,1
2026-04-24 01:54:00,77973.50,77973.50,77973.50,77973.50,0.000000,0,0.000000,0.000000,77973.50,98886.80,-0.00008730,0.000000,0.000000,1
2026-04-24 01:55:00,77973.50,77973.50,77973.50,77973.50,0.000000,0,0.000000,0.000000,77973.50,98880.19,-0.00008730,0.000000,0.000000,1
2026-04-24 01:56:00,77973.50,77973.50,77973.50,77973.50,0.000000,0,0.000000,0.000000,77973.50,98896.16,-0.00008730,0.000000,0.000000,1
2026-04-24 01:57:00,77973.50,77973.50,77973.50,77973.50,0.000000,0,0.000000,0.000000,77973.50,98894.24,-0.00008730,0.000000,0.000000,1
2026-04-24 01:58:00,77973.50,77973.50,77973.50,77973.50,0.000000,0,0.000000,0.000000,77973.50,98865.30,-0.00008730,0.000000,0.000000,1
2026-04-24 01:59:00,77973.50,77973.50,77973.50,77973.50,0.000000,0,0.000000,0.000000,77973.50,98866.73,-0.00008730,0.000000,0.000000,1
2026-04-24 02:00:00,77973.50,77973.50,77973.50,77973.50,0.000000,0,0.000000,0.000000,77973.50,98877.65,-0.00008730,0.000000,0.000000,1
2026-04-24 02:01:00,77973.50,77973.50,77973.50,77973.50,0.000000,0,0.000000,0.000000,77973.50,98843.35,-0.00008730,0.000000,0.000000,1
2026-04-24 02:02:00,77973.50,77973.50,77973.50,77973.50,0.000000,0,0.000000,0.000000,77973.50,98848.89,-0.00008730,0.000000,0.000000,1
2026-04-24 02:03:00,77973.50,77973.50,77973.50,77973.50,0.000000,0,0.000000,0.000000,77973.50,98803.00,-0.00008730,0.000000,0.000000,1
2026-04-24 02:04:00,77973.50,77973.50,77973.50,77973.50,0.000000,0,0.000000,0.000000,77973.50,98784.90,-0.00008730,0.000000,0.000000,1
2026-04-24 02:05:00,77973.50,77973.50,77973.50,77973.50,0.000000,0,0.000000,0.000000,77973.50,98682.01,-0.00008730,0.000000,0.000000,1
2026-04-24 02:06:00,77973.50,77973.50,77973.50,77973.50,0.000000,0,0.000000,0.000000,77973.50,98707.82,-0.00008730,0.000000,0.000000,1
2026-04-24 02:07:00,77973.50,77973.50,77973.50,77973.50,0.000000,0,0.000000,0.000000,77973.50,98707.36,-0.00008730,0.000000,0.000000,1
2026-04-24 02:08:00,77973.50,77973.50,77973.50,77973.50,0.000000,0,0.000000,0.000000,77973.50,98712.41,-0.00008730,0.000000,0.000000,1
2026-04-24 02:09:00,77973.50,77973.50,77973.50,77973.50,0.000000,0,0.000000,0.000000,77973.50,98710.80,-0.00008730,0.000000,0.000000,1
2026-04-24 02:10:00,77973.50,77973.50,77973.50,77973.50,0.000000,0,0.000000,0.000000,77973.50,98717.77,-0.00008730,0.000000,0.000000,1
2026-04-24 02:11:00,77973.50,77973.50,77973.50,77973.50,0.000000,0,0.000000,0.000000,77973.50,98720.52,-0.00008730,0.000000,0.000000,1
2026-04-24 02:12:00,77973.50,77973.50,77973.50,77973.50,0.000000,0,0.000000,0.000000,77973.50,98727.42,-0.00008730,0.000000,0.000000,1
2026-04-24 02:13:00,77973.50,77973.50,77973.50,77973.50,0.000000,0,0.000000,0.000000,77973.50,98719.09,-0.00008730,0.000000,0.000000,1
2026-04-24 02:14:00,77973.50,77973.50,77973.50,77973.50,0.000000,0,0.000000,0.000000,77973.50,98720.54,-0.00008730,0.000000,0.000000,1
2026-04-24 02:15:00,77973.50,77973.50,77973.50,77973.50,0.000000,0,0.000000,0.000000,77973.50,98726.69,-0.00008730,0.000000,0.000000,1
2026-04-24 02:16:00,77973.50,77973.50,77973.50,77973.50,0.000000,0,0.000000,0.000000,77973.50,98720.48,-0.00008730,0.000000,0.000000,1
2026-04-24 02:17:00,77973.50,77973.50,77973.50,77973.50,0.000000,0,0.000000,0.000000,77973.50,98731.71,-0.00008730,0.000000,0.000000,1
2026-04-24 02:18:00,77973.50,77973.50,77973.50,77973.50,0.000000,0,0.000000,0.000000,77973.50,98730.62,-0.00008730,0.000000,0.000000,1
2026-04-24 02:19:00,77973.50,77973.50,77973.50,77973.50,0.000000,0,0.000000,0.000000,77973.50,98727.22,-0.00008730,0.000000,0.000000,1
2026-04-24 02:20:00,77973.50,77973.50,77973.50,77973.50,0.000000,0,0.000000,0.000000,77973.50,98729.28,-0.00008730,0.000000,0.000000,1
2026-04-24 02:21:00,77973.50,77973.50,77973.50,77973.50,0.000000,0,0.000000,0.000000,77973.50,98756.13,-0.00008730,0.000000,0.000000,1
2026-04-24 02:22:00,77973.50,77973.50,77973.50,77973.50,0.000000,0,0.000000,0.000000,77973.50,98758.94,-0.00008730,0.000000,0.000000,1
2026-04-24 02:23:00,77973.50,77973.50,77973.50,77973.50,0.000000,0,0.000000,0.000000,77973.50,98751.89,-0.00008730,0.000000,0.000000,1
2026-04-24 02:24:00,77973.50,77973.50,77973.50,77973.50,0.000000,0,0.000000,0.000000,77973.50,98746.78,-0.00008730,0.000000,0.000000,1
2026-04-24 02:25:00,77973.50,77973.50,77973.50,77973.50,0.000000,0,0.000000,0.000000,77973.50,98765.34,-0.00008730,0.000000,0.000000,1
2026-04-24 02:26:00,77973.50,77973.50,77973.50,77973.50,0.000000,0,0.000000,0.000000,77973.50,98763.71,-0.00008730,0.000000,0.000000,1
2026-04-24 02:27:00,77973.50,77973.50,77973.50,77973.50,0.000000,0,0.000000,0.000000,77973.50,98765.23,-0.00008730,0.000000,0.000000,1
2026-04-24 02:28:00,77973.50,77973.50,77973.50,77973.50,0.000000,0,0.000000,0.000000,77973.50,98778.42,-0.00008730,0.000000,0.000000,1
2026-04-24 02:29:00,77973.50,77973.50,77973.50,77973.50,0.000000,0,0.000000,0.000000,77973.50,98774.12,-0.00008730,0.000000,0.000000,1
2026-04-24 02:30:00,77973.50,77973.50,77973.50,77973.50,0.000000,0,0.000000,0.000000,77973.50,98775.64,-0.00008730,0.000000,0.000000,1
2026-04-24 02:31:00,77973.50,77973.50,77973.50,77973.50,0.000000,0,0.000000,0.000000,77973.50,98797.97,-0.00008730,0.000000,0.000000,1
2026-04-24 02:32:00,77973.50,77973.50,77973.50,77973.50,0.000000,0,0.000000,0.000000,77973.50,98889.05,-0.00008730,0.000000,0.000000,1
2026-04-24 02:33:00,77973.50,77973.50,77973.50,77973.50,0.000000,0,0.000000,0.000000,77973.50,98935.53,-0.00008730,0.000000,0.000000,1
2026-04-24 02:34:00,77973.50,77973.50,77973.50,77973.50,0.000000,0,0.000000,0.000000,77973.50,98938.79,-0.00008730,0.000000,0.000000,1
2026-04-24 02:35:00,77973.50,77973.50,77973.50,77973.50,0.000000,0,0.000000,0.000000,77973.50,98937.09,-0.00008730,0.000000,0.000000,1
2026-04-24 02:36:00,77973.50,77973.50,77973.50,77973.50,0.000000,0,0.000000,0.000000,77973.50,98985.55,-0.00008730,0.000000,0.000000,1
2026-04-24 02:37:00,77973.50,77973.50,77973.50,77973.50,0.000000,0,0.000000,0.000000,77973.50,98979.85,-0.00008730,0.000000,0.000000,1
2026-04-24 02:38:00,77973.50,77973.50,77973.50,77973.50,0.000000,0,0.000000,0.000000,77973.50,98981.66,-0.00008730,0.000000,0.000000,1
2026-04-24 02:39:00,77973.50,77973.50,77973.50,77973.50,0.000000,0,0.000000,0.000000,77973.50,98979.16,-0.00008730,0.000000,0.000000,1
2026-04-24 02:40:00,77973.50,77973.50,77973.50,77973.50,0.000000,0,0.000000,0.000000,77973.50,98977.19,-0.00008730,0.000000,0.000000,1
2026-04-24 02:41:00,77973.50,77973.50,77973.50,77973.50,0.000000,0,0.000000,0.000000,77973.50,98986.78,-0.00008730,0.000000,0.000000,1
2026-04-24 02:42:00,77973.50,77973.50,77973.50,77973.50,0.000000,0,0.000000,0.000000,77973.50,98979.63,-0.00008730,0.000000,0.000000,1
2026-04-24 02:43:00,77973.50,77973.50,77973.50,77973.50,0.000000,0,0.000000,0.000000,77973.50,98991.30,-0.00008730,0.000000,0.000000,1
2026-04-24 02:44:00,77973.50,77973.50,77973.50,77973.50,0.000000,0,0.000000,0.000000,77973.50,98991.66,-0.00008730,0.000000,0.000000,1
2026-04-24 02:45:00,77973.50,77973.50,77973.50,77973.50,0.000000,0,0.000000,0.000000,77973.50,98997.07,-0.00008730,0.000000,0.000000,1
2026-04-24 02:46:00,77973.50,77973.50,77973.50,77973.50,0.000000,0,0.000000,0.000000,77973.50,98967.51,-0.00008730,0.000000,0.000000,1
2026-04-24 02:47:00,77973.50,77973.50,77973.50,77973.50,0.000000,0,0.000000,0.000000,77973.50,98982.96,-0.00008730,0.000000,0.000000,1
2026-04-24 02:48:00,77973.50,77973.50,77973.50,77973.50,0.000000,0,0.000000,0.000000,77973.50,98986.92,-0.00008730,0.000000,0.000000,1
2026-04-24 02:49:00,77973.50,77973.50,77973.50,77973.50,0.000000,0,0.000000,0.000000,77973.50,98985.81,-0.00008730,0.000000,0.000000,1
2026-04-24 02:50:00,77973.50,77973.50,77973.50,77973.50,0.000000,0,0.000000,0.000000,77973.50,98990.38,-0.00008730,0.000000,0.000000,1
2026-04-24 02:51:00,77973.50,77973.50,77973.50,77973.50,0.000000,0,0.000000,0.000000,77973.50,98999.09,-0.00008730,0.000000,0.000000,1
2026-04-24 02:52:00,77973.50,77973.50,77973.50,77973.50,0.000000,0,0.000000,0.000000,77973.50,98996.01,-0.00008730,0.000000,0.000000,1
2026-04-24 02:53:00,77973.50,77973.50,77973.50,77973.50,0.000000,0,0.000000,0.000000,77973.50,99002.95,-0.00008730,0.000000,0.000000,1
2026-04-24 02:54:00,77973.50,77973.50,77973.50,77973.50,0.000000,0,0.000000,0.000000,77973.50,98908.88,-0.00008730,0.000000,0.000000,1
2026-04-24 02:55:00,77973.50,77973.50,77973.50,77973.50,0.000000,0,0.000000,0.000000,77973.50,98900.93,-0.00008730,0.000000,0.000000,1
2026-04-24 02:56:00,77973.50,77973.50,77973.50,77973.50,0.000000,0,0.000000,0.000000,77973.50,98885.26,-0.00008730,0.000000,0.000000,1
2026-04-24 02:57:00,77973.50,77973.50,77973.50,77973.50,0.000000,0,0.000000,0.000000,77973.50,98881.69,-0.00008730,0.000000,0.000000,1
2026-04-24 02:58:00,77973.50,77973.50,77973.50,77973.50,0.000000,0,0.000000,0.000000,77973.50,98882.03,-0.00008730,0.000000,0.000000,1
2026-04-24 02:59:00,77973.50,77973.50,77973.50,77973.50,0.000000,0,0.000000,0.000000,77973.50,98881.61,-0.00008730,0.000000,0.000000,1
2026-04-24 03:00:00,77973.50,77973.50,77973.50,77973.50,0.000000,0,0.000000,0.000000,77973.50,98878.84,-0.00008730,0.000000,0.000000,1
2026-04-24 03:01:00,77973.50,77973.50,77973.50,77973.50,0.000000,0,0.000000,0.000000,77973.50,98872.31,-0.00008730,0.000000,0.000000,1
2026-04-24 03:02:00,77973.50,77973.50,77973.50,77973.50,0.000000,0,0.000000,0.000000,77973.50,98870.78,-0.00008730,0.000000,0.000000,1
2026-04-24 03:03:00,77973.50,77973.50,77973.50,77973.50,0.000000,0,0.000000,0.000000,77973.50,98861.19,-0.00008730,0.000000,0.000000,1
2026-04-24 03:04:00,77973.50,77973.50,77973.50,77973.50,0.000000,0,0.000000,0.000000,77973.50,98861.77,-0.00008730,0.000000,0.000000,1
2026-04-24 03:05:00,77973.50,77973.50,77973.50,77973.50,0.000000,0,0.000000,0.000000,77973.50,98872.80,-0.00008730,0.000000,0.000000,1
2026-04-24 03:06:00,77973.50,77973.50,77973.50,77973.50,0.000000,0,0.000000,0.000000,77973.50,98877.45,-0.00008730,0.000000,0.000000,1
2026-04-24 03:07:00,77973.50,77973.50,77973.50,77973.50,0.000000,0,0.000000,0.000000,77973.50,98876.40,-0.00008730,0.000000,0.000000,1
2026-04-24 03:08:00,77973.50,77973.50,77973.50,77973.50,0.000000,0,0.000000,0.000000,77973.50,98873.80,-0.00008730,0.000000,0.000000,1
2026-04-24 03:09:00,77973.50,77973.50,77973.50,77973.50,0.000000,0,0.000000,0.000000,77973.50,98868.71,-0.00008730,0.000000,0.000000,1
2026-04-24 03:10:00,77973.50,77973.50,77973.50,77973.50,0.000000,0,0.000000,0.000000,77973.50,98871.38,-0.00008730,0.000000,0.000000,1
2026-04-24 03:11:00,77973.50,77973.50,77973.50,77973.50,0.000000,0,0.000000,0.000000,77973.50,98880.11,-0.00008730,0.000000,0.000000,1
2026-04-24 03:12:00,77973.50,77973.50,77973.50,77973.50,0.000000,0,0.000000,0.000000,77973.50,98876.05,-0.00008730,0.000000,0.000000,1
2026-04-24 03:13:00,77973.50,77973.50,77973.50,77973.50,0.000000,0,0.000000,0.000000,77973.50,98877.51,-0.00008730,0.000000,0.000000,1
2026-04-24 03:14:00,77973.50,77973.50,77973.50,77973.50,0.000000,0,0.000000,0.000000,77973.50,98867.25,-0.00008730,0.000000,0.000000,1
2026-04-24 03:15:00,77973.50,77973.50,77973.50,77973.50,0.000000,0,0.000000,0.000000,77973.50,98866.68,-0.00008730,0.000000,0.000000,1
2026-04-24 03:16:00,77973.50,77973.50,77973.50,77973.50,0.000000,0,0.000000,0.000000,77973.50,98871.34,-0.00008730,0.000000,0.000000,1
2026-04-24 03:17:00,77973.50,77973.50,77973.50,77973.50,0.000000,0,0.000000,0.000000,77973.50,98851.08,-0.00008730,0.000000,0.000000,1
2026-04-24 03:18:00,77973.50,77973.50,77973.50,77973.50,0.000000,0,0.000000,0.000000,77973.50,98855.18,-0.00008730,0.000000,0.000000,1
2026-04-24 03:19:00,77973.50,77973.50,77973.50,77973.50,0.000000,0,0.000000,0.000000,77973.50,98871.22,-0.00008730,0.000000,0.000000,1
2026-04-24 03:20:00,77973.50,77973.50,77973.50,77973.50,0.000000,0,0.000000,0.000000,77973.50,98853.07,-0.00008730,0.000000,0.000000,1
2026-04-24 03:21:00,77973.50,77973.50,77973.50,77973.50,0.000000,0,0.000000,0.000000,77973.50,98854.25,-0.00008730,0.000000,0.000000,1
2026-04-24 03:22:00,77973.50,77973.50,77973.50,77973.50,0.000000,0,0.000000,0.000000,77973.50,98855.12,-0.00008730,0.000000,0.000000,1
2026-04-24 03:23:00,77973.50,77973.50,77973.50,77973.50,0.000000,0,0.000000,0.000000,77973.50,98850.30,-0.00008730,0.000000,0.000000,1
2026-04-24 03:24:00,77973.50,77973.50,77973.50,77973.50,0.000000,0,0.000000,0.000000,77973.50,98788.50,-0.00008730,0.000000,0.000000,1
2026-04-24 03:25:00,77973.50,77973.50,77973.50,77973.50,0.000000,0,0.000000,0.000000,77973.50,98580.92,-0.00008730,0.000000,0.000000,1
2026-04-24 03:26:00,77973.50,77973.50,77973.50,77973.50,0.000000,0,0.000000,0.000000,77973.50,98386.26,-0.00008730,0.000000,0.000000,1
2026-04-24 03:27:00,77973.50,77973.50,77973.50,77973.50,0.000000,0,0.000000,0.000000,77973.50,98360.62,-0.00008730,0.000000,0.000000,1
2026-04-24 03:28:00,77973.50,77973.50,77973.50,77973.50,0.000000,0,0.000000,0.000000,77973.50,98350.99,-0.00008730,0.000000,0.000000,1
2026-04-24 03:29:00,77973.50,77973.50,77973.50,77973.50,0.000000,0,0.000000,0.000000,77973.50,98349.71,-0.00008730,0.000000,0.000000,1
2026-04-24 03:30:00,77973.50,77973.50,77973.50,77973.50,0.000000,0,0.000000,0.000000,77973.50,98310.12,-0.00008730,0.000000,0.000000,1
2026-04-24 03:31:00,77973.50,77973.50,77973.50,77973.50,0.000000,0,0.000000,0.000000,77973.50,98266.83,-0.00008730,0.000000,0.000000,1
2026-04-24 03:32:00,77973.50,77973.50,77973.50,77973.50,0.000000,0,0.000000,0.000000,77973.50,98248.50,-0.00008730,0.000000,0.000000,1
2026-04-24 03:33:00,77973.50,77973.50,77973.50,77973.50,0.000000,0,0.000000,0.000000,77973.50,98401.98,-0.00008730,0.000000,0.000000,1
2026-04-24 03:34:00,77973.50,77973.50,77973.50,77973.50,0.000000,0,0.000000,0.000000,77973.50,98530.60,-0.00008730,0.000000,0.000000,1
2026-04-24 03:35:00,77973.50,77973.50,77973.50,77973.50,0.000000,0,0.000000,0.000000,77973.50,98491.54,-0.00008730,0.000000,0.000000,1
2026-04-24 03:36:00,77973.50,77973.50,77973.50,77973.50,0.000000,0,0.000000,0.000000,77973.50,98327.81,-0.00008730,0.000000,0.000000,1
2026-04-24 03:37:00,77973.50,77973.50,77973.50,77973.50,0.000000,0,0.000000,0.000000,77973.50,98272.98,-0.00008730,0.000000,0.000000,1
2026-04-24 03:38:00,77973.50,77973.50,77973.50,77973.50,0.000000,0,0.000000,0.000000,77973.50,98246.80,-0.00008730,0.000000,0.000000,1
2026-04-24 03:39:00,77973.50,77973.50,77973.50,77973.50,0.000000,0,0.000000,0.000000,77973.50,98243.96,-0.00008730,0.000000,0.000000,1
2026-04-24 03:40:00,77973.50,77973.50,77973.50,77973.50,0.000000,0,0.000000,0.000000,77973.50,98218.32,-0.00008730,0.000000,0.000000,1
2026-04-24 03:41:00,77973.50,77973.50,77973.50,77973.50,0.000000,0,0.000000,0.000000,77973.50,98229.64,-0.00008730,0.000000,0.000000,1
2026-04-24 03:42:00,77973.50,77973.50,77973.50,77973.50,0.000000,0,0.000000,0.000000,77973.50,98227.42,-0.00008730,0.000000,0.000000,1
2026-04-24 03:43:00,77973.50,77973.50,77973.50,77973.50,0.000000,0,0.000000,0.000000,77973.50,98248.18,-0.00008730,0.000000,0.000000,1
2026-04-24 03:44:00,77973.50,77973.50,77973.50,77973.50,0.000000,0,0.000000,0.000000,77973.50,98234.25,-0.00008730,0.000000,0.000000,1
2026-04-24 03:45:00,77973.50,77973.50,77973.50,77973.50,0.000000,0,0.000000,0.000000,77973.50,98216.73,-0.00008730,0.000000,0.000000,1
2026-04-24 03:46:00,77973.50,77973.50,77973.50,77973.50,0.000000,0,0.000000,0.000000,77973.50,98206.73,-0.00008730,0.000000,0.000000,1
2026-04-24 03:47:00,77973.50,77973.50,77973.50,77973.50,0.000000,0,0.000000,0.000000,77973.50,98209.84,-0.00008730,0.000000,0.000000,1
2026-04-24 03:48:00,77973.50,77973.50,77973.50,77973.50,0.000000,0,0.000000,0.000000,77973.50,98150.48,-0.00008730,0.000000,0.000000,1
2026-04-24 03:49:00,77973.50,77973.50,77973.50,77973.50,0.000000,0,0.000000,0.000000,77973.50,98120.56,-0.00008730,0.000000,0.000000,1
2026-04-24 03:50:00,77973.50,77973.50,77973.50,77973.50,0.000000,0,0.000000,0.000000,77973.50,98105.87,-0.00008730,0.000000,0.000000,1
2026-04-24 03:51:00,77973.50,77973.50,77973.50,77973.50,0.000000,0,0.000000,0.000000,77973.50,98106.49,-0.00008730,0.000000,0.000000,1
2026-04-24 03:52:00,77973.50,77973.50,77973.50,77973.50,0.000000,0,0.000000,0.000000,77973.50,98093.93,-0.00008730,0.000000,0.000000,1
2026-04-24 03:53:00,77973.50,77973.50,77973.50,77973.50,0.000000,0,0.000000,0.000000,77973.50,98090.84,-0.00008730,0.000000,0.000000,1
2026-04-24 03:54:00,77973.50,77973.50,77973.50,77973.50,0.000000,0,0.000000,0.000000,77973.50,98072.28,-0.00008730,0.000000,0.000000,1
2026-04-24 03:55:00,77973.50,77973.50,77973.50,77973.50,0.000000,0,0.000000,0.000000,77973.50,98067.20,-0.00008730,0.000000,0.000000,1
2026-04-24 03:56:00,77973.50,77973.50,77973.50,77973.50,0.000000,0,0.000000,0.000000,77973.50,98061.24,-0.00008730,0.000000,0.000000,1
2026-04-24 03:57:00,77973.50,77973.50,77973.50,77973.50,0.000000,0,0.000000,0.000000,77973.50,98052.65,-0.00008730,0.000000,0.000000,1
2026-04-24 03:58:00,77973.50,77973.50,77973.50,77973.50,0.000000,0,0.000000,0.000000,77973.50,98045.24,-0.00008730,0.000000,0.000000,1
2026-04-24 03:59:00,77973.50,77973.50,77973.50,77973.50,0.000000,0,0.000000,0.000000,77973.50,98039.57,-0.00008730,0.000000,0.000000,1
2026-04-24 04:00:00,77973.50,77973.50,77973.50,77973.50,0.000000,0,0.000000,0.000000,77973.50,98022.03,-0.00008730,0.000000,0.000000,1
2026-04-24 04:01:00,77973.50,77973.50,77973.50,77973.50,0.000000,0,0.000000,0.000000,77973.50,98003.02,-0.00008730,0.000000,0.000000,1
2026-04-24 04:02:00,77973.50,77973.50,77973.50,77973.50,0.000000,0,0.000000,0.000000,77973.50,97994.65,-0.00008730,0.000000,0.000000,1
2026-04-24 04:03:00,77973.50,77973.50,77973.50,77973.50,0.000000,0,0.000000,0.000000,77973.50,97993.62,-0.00008730,0.000000,0.000000,1
2026-04-24 04:04:00,77973.50,77973.50,77973.50,77973.50,0.000000,0,0.000000,0.000000,77973.50,97991.38,-0.00008730,0.000000,0.000000,1
2026-04-24 04:05:00,77973.50,77973.50,77973.50,77973.50,0.000000,0,0.000000,0.000000,77973.50,98000.26,-0.00008730,0.000000,0.000000,1
2026-04-24 04:06:00,77973.50,77973.50,77973.50,77973.50,0.000000,0,0.000000,0.000000,77973.50,97999.85,-0.00008730,0.000000,0.000000,1
2026-04-24 04:07:00,77973.50,77973.50,77973.50,77973.50,0.000000,0,0.000000,0.000000,77973.50,97997.09,-0.00008730,0.000000,0.000000,1
2026-04-24 04:08:00,77973.50,77973.50,77973.50,77973.50,0.000000,0,0.000000,0.000000,77973.50,97999.73,-0.00008730,0.000000,0.000000,1
2026-04-24 04:09:00,77973.50,77973.50,77973.50,77973.50,0.000000,0,0.000000,0.000000,77973.50,98000.47,-0.00008730,0.000000,0.000000,1
2026-04-24 04:10:00,77973.50,77973.50,77973.50,77973.50,0.000000,0,0.000000,0.000000,77973.50,97992.85,-0.00008730,0.000000,0.000000,1
2026-04-24 04:11:00,77973.50,77973.50,77973.50,77973.50,0.000000,0,0.000000,0.000000,77973.50,97952.66,-0.00008730,0.000000,0.000000,1
2026-04-24 04:12:00,77973.50,77973.50,77973.50,77973.50,0.000000,0,0.000000,0.000000,77973.50,97946.77,-0.00008730,0.000000,0.000000,1
2026-04-24 04:13:00,77973.50,77973.50,77973.50,77973.50,0.000000,0,0.000000,0.000000,77973.50,97945.09,-0.00008730,0.000000,0.000000,1
2026-04-24 04:14:00,77973.50,77973.50,77973.50,77973.50,0.000000,0,0.000000,0.000000,77973.50,97943.33,-0.00008730,0.000000,0.000000,1
2026-04-24 04:15:00,77973.50,77973.50,77973.50,77973.50,0.000000,0,0.000000,0.000000,77973.50,97929.41,-0.00008730,0.000000,0.000000,1
2026-04-24 04:16:00,77973.50,77973.50,77973.50,77973.50,0.000000,0,0.000000,0.000000,77973.50,97926.93,-0.00008730,0.000000,0.000000,1
2026-04-24 04:17:00,77973.50,77973.50,77973.50,77973.50,0.000000,0,0.000000,0.000000,77973.50,97924.99,-0.00008730,0.000000,0.000000,1
2026-04-24 04:18:00,77973.50,77973.50,77973.50,77973.50,0.000000,0,0.000000,0.000000,77973.50,97929.60,-0.00008730,0.000000,0.000000,1
2026-04-24 04:19:00,77973.50,77973.50,77973.50,77973.50,0.000000,0,0.000000,0.000000,77973.50,97921.81,-0.00008730,0.000000,0.000000,1
2026-04-24 04:20:00,77973.50,77973.50,77973.50,77973.50,0.000000,0,0.000000,0.000000,77973.50,97916.37,-0.00008730,0.000000,0.000000,1
2026-04-24 04:21:00,77973.50,77973.50,77973.50,77973.50,0.000000,0,0.000000,0.000000,77973.50,97877.94,-0.00008730,0.000000,0.000000,1
2026-04-24 04:22:00,77973.50,77973.50,77973.50,77973.50,0.000000,0,0.000000,0.000000,77973.50,97878.46,-0.00008730,0.000000,0.000000,1
2026-04-24 04:23:00,77973.50,77973.50,77973.50,77973.50,0.000000,0,0.000000,0.000000,77973.50,97871.10,-0.00008730,0.000000,0.000000,1
2026-04-24 04:24:00,77973.50,77973.50,77973.50,77973.50,0.000000,0,0.000000,0.000000,77973.50,97805.44,-0.00008730,0.000000,0.000000,1
2026-04-24 04:25:00,77973.50,77973.50,77973.50,77973.50,0.000000,0,0.000000,0.000000,77973.50,97804.73,-0.00008730,0.000000,0.000000,1
2026-04-24 04:26:00,77973.50,77973.50,77973.50,77973.50,0.000000,0,0.000000,0.000000,77973.50,97805.57,-0.00008730,0.000000,0.000000,1
2026-04-24 04:27:00,77973.50,77973.50,77973.50,77973.50,0.000000,0,0.000000,0.000000,77973.50,97803.14,-0.00008730,0.000000,0.000000,1
2026-04-24 04:28:00,77973.50,77973.50,77973.50,77973.50,0.000000,0,0.000000,0.000000,77973.50,97809.84,-0.00008730,0.000000,0.000000,1
2026-04-24 04:29:00,77973.50,77973.50,77973.50,77973.50,0.000000,0,0.000000,0.000000,77973.50,97841.41,-0.00008730,0.000000,0.000000,1
2026-04-24 04:30:00,77973.50,77973.50,77973.50,77973.50,0.000000,0,0.000000,0.000000,77973.50,97784.79,-0.00008730,0.000000,0.000000,1
2026-04-24 04:31:00,77973.50,77973.50,77973.50,77973.50,0.000000,0,0.000000,0.000000,77973.50,97772.93,-0.00008730,0.000000,0.000000,1
2026-04-24 04:32:00,77973.50,77973.50,77973.50,77973.50,0.000000,0,0.000000,0.000000,77973.50,97755.43,-0.00008730,0.000000,0.000000,1
2026-04-24 04:33:00,77973.50,77973.50,77973.50,77973.50,0.000000,0,0.000000,0.000000,77973.50,97733.13,-0.00008730,0.000000,0.000000,1
2026-04-24 04:34:00,77973.50,77973.50,77973.50,77973.50,0.000000,0,0.000000,0.000000,77973.50,97741.64,-0.00008730,0.000000,0.000000,1
2026-04-24 04:35:00,77973.50,77973.50,77973.50,77973.50,0.000000,0,0.000000,0.000000,77973.50,97745.48,-0.00008730,0.000000,0.000000,1
2026-04-24 04:36:00,77973.50,77973.50,77973.50,77973.50,0.000000,0,0.000000,0.000000,77973.50,97740.40,-0.00008730,0.000000,0.000000,1
2026-04-24 04:37:00,77973.50,77973.50,77973.50,77973.50,0.000000,0,0.000000,0.000000,77973.50,97744.20,-0.00008730,0.000000,0.000000,1
2026-04-24 04:38:00,77973.50,77973.50,77973.50,77973.50,0.000000,0,0.000000,0.000000,77973.50,97745.48,-0.00008730,0.000000,0.000000,1
2026-04-24 04:39:00,77973.50,77973.50,77973.50,77973.50,0.000000,0,0.000000,0.000000,77973.50,97737.85,-0.00008730,0.000000,0.000000,1
2026-04-24 04:40:00,77973.50,77973.50,77973.50,77973.50,0.000000,0,0.000000,0.000000,77973.50,97709.56,-0.00008730,0.000000,0.000000,1
2026-04-24 04:41:00,77973.50,77973.50,77973.50,77973.50,0.000000,0,0.000000,0.000000,77973.50,97698.44,-0.00008730,0.000000,0.000000,1
2026-04-24 04:42:00,77973.50,77973.50,77973.50,77973.50,0.000000,0,0.000000,0.000000,77973.50,97709.80,-0.00008730,0.000000,0.000000,1
2026-04-24 04:43:00,77973.50,77973.50,77973.50,77973.50,0.000000,0,0.000000,0.000000,77973.50,97709.98,-0.00008730,0.000000,0.000000,1
2026-04-24 04:44:00,77973.50,77973.50,77973.50,77973.50,0.000000,0,0.000000,0.000000,77973.50,97710.45,-0.00008730,0.000000,0.000000,1
2026-04-24 04:45:00,77973.50,77973.50,77973.50,77973.50,0.000000,0,0.000000,0.000000,77973.50,97679.47,-0.00008730,0.000000,0.000000,1
2026-04-24 04:46:00,77973.50,77973.50,77973.50,77973.50,0.000000,0,0.000000,0.000000,77973.50,97695.94,-0.00008730,0.000000,0.000000,1
2026-04-24 04:47:00,77973.50,77973.50,77973.50,77973.50,0.000000,0,0.000000,0.000000,77973.50,97747.96,-0.00008730,0.000000,0.000000,1
2026-04-24 04:48:00,77973.50,77973.50,77973.50,77973.50,0.000000,0,0.000000,0.000000,77973.50,97702.72,-0.00008730,0.000000,0.000000,1
2026-04-24 04:49:00,77973.50,77973.50,77973.50,77973.50,0.000000,0,0.000000,0.000000,77973.50,97674.69,-0.00008730,0.000000,0.000000,1
2026-04-24 04:50:00,77973.50,77973.50,77973.50,77973.50,0.000000,0,0.000000,0.000000,77973.50,97663.52,-0.00008730,0.000000,0.000000,1
2026-04-24 04:51:00,77973.50,77973.50,77973.50,77973.50,0.000000,0,0.000000,0.000000,77973.50,97654.52,-0.00008730,0.000000,0.000000,1
2026-04-24 04:52:00,77973.50,77973.50,77973.50,77973.50,0.000000,0,0.000000,0.000000,77973.50,97631.13,-0.00008730,0.000000,0.000000,1
2026-04-24 04:53:00,77973.50,77973.50,77973.50,77973.50,0.000000,0,0.000000,0.000000,77973.50,97628.81,-0.00008730,0.000000,0.000000,1
2026-04-24 04:54:00,77973.50,77973.50,77973.50,77973.50,0.000000,0,0.000000,0.000000,77973.50,97657.66,-0.00008730,0.000000,0.000000,1
2026-04-24 04:55:00,77973.50,77973.50,77973.50,77973.50,0.000000,0,0.000000,0.000000,77973.50,97655.32,-0.00008730,0.000000,0.000000,1
2026-04-24 04:56:00,77973.50,77973.50,77973.50,77973.50,0.000000,0,0.000000,0.000000,77973.50,97660.66,-0.00008730,0.000000,0.000000,1
2026-04-24 04:57:00,77973.50,77973.50,77973.50,77973.50,0.000000,0,0.000000,0.000000,77973.50,97655.83,-0.00008730,0.000000,0.000000,1
2026-04-24 04:58:00,77973.50,77973.50,77973.50,77973.50,0.000000,0,0.000000,0.000000,77973.50,97660.64,-0.00008730,0.000000,0.000000,1
2026-04-24 04:59:00,77973.50,77973.50,77973.50,77973.50,0.000000,0,0.000000,0.000000,77973.50,97661.56,-0.00008730,0.000000,0.000000,1
2026-04-24 05:00:00,77973.50,77973.50,77973.50,77973.50,0.000000,0,0.000000,0.000000,77973.50,97663.67,-0.00008730,0.000000,0.000000,1
2026-04-24 05:01:00,77973.50,77973.50,77973.50,77973.50,0.000000,0,0.000000,0.000000,77973.50,97624.16,-0.00008730,0.000000,0.000000,1
2026-04-24 05:02:00,77973.50,77973.50,77973.50,77973.50,0.000000,0,0.000000,0.000000,77973.50,97615.34,-0.00008730,0.000000,0.000000,1
2026-04-24 05:03:00,77973.50,77973.50,77973.50,77973.50,0.000000,0,0.000000,0.000000,77973.50,97610.13,-0.00008730,0.000000,0.000000,1
2026-04-24 05:04:00,77973.50,77973.50,77973.50,77973.50,0.000000,0,0.000000,0.000000,77973.50,97607.70,-0.00008730,0.000000,0.000000,1
2026-04-24 05:05:00,77973.50,77973.50,77973.50,77973.50,0.000000,0,0.000000,0.000000,77973.50,97603.15,-0.00008730,0.000000,0.000000,1
2026-04-24 05:06:00,77973.50,77973.50,77973.50,77973.50,0.000000,0,0.000000,0.000000,77973.50,97603.15,-0.00008730,0.000000,0.000000,1
2026-04-24 05:07:00,77973.50,77973.50,77973.50,77973.50,0.000000,0,0.000000,0.000000,77973.50,97592.02,-0.00008730,0.000000,0.000000,1
2026-04-24 05:08:00,77973.50,77973.50,77973.50,77973.50,0.000000,0,0.000000,0.000000,77973.50,97585.93,-0.00008730,0.000000,0.000000,1
2026-04-24 05:09:00,77973.50,77973.50,77973.50,77973.50,0.000000,0,0.000000,0.000000,77973.50,97566.32,-0.00008730,0.000000,0.000000,1
2026-04-24 05:10:00,77973.50,77973.50,77973.50,77973.50,0.000000,0,0.000000,0.000000,77973.50,97579.45,-0.00008730,0.000000,0.000000,1
2026-04-24 05:11:00,77973.50,77973.50,77973.50,77973.50,0.000000,0,0.000000,0.000000,77973.50,97576.51,-0.00008730,0.000000,0.000000,1
2026-04-24 05:12:00,77973.50,77973.50,77973.50,77973.50,0.000000,0,0.000000,0.000000,77973.50,97565.83,-0.00008730,0.000000,0.000000,1
2026-04-24 05:13:00,77973.50,77973.50,77973.50,77973.50,0.000000,0,0.000000,0.000000,77973.50,97557.51,-0.00008730,0.000000,0.000000,1
2026-04-24 05:14:00,77973.50,77973.50,77973.50,77973.50,0.000000,0,0.000000,0.000000,77973.50,97559.90,-0.00008730,0.000000,0.000000,1
2026-04-24 05:15:00,77973.50,77973.50,77973.50,77973.50,0.000000,0,0.000000,0.000000,77973.50,97564.90,-0.00008730,0.000000,0.000000,1
2026-04-24 05:16:00,77973.50,77973.50,77973.50,77973.50,0.000000,0,0.000000,0.000000,77973.50,97566.74,-0.00008730,0.000000,0.000000,1
2026-04-24 05:17:00,77973.50,77973.50,77973.50,77973.50,0.000000,0,0.000000,0.000000,77973.50,97568.23,-0.00008730,0.000000,0.000000,1
2026-04-24 05:18:00,77973.50,77973.50,77973.50,77973.50,0.000000,0,0.000000,0.000000,77973.50,97564.80,-0.00008730,0.000000,0.000000,1
2026-04-24 05:19:00,77973.50,77973.50,77973.50,77973.50,0.000000,0,0.000000,0.000000,77973.50,97608.51,-0.00008730,0.000000,0.000000,1
2026-04-24 05:20:00,77973.50,77973.50,77973.50,77973.50,0.000000,0,0.000000,0.000000,77973.50,97661.20,-0.00008730,0.000000,0.000000,1
2026-04-24 05:21:00,77973.50,77973.50,77973.50,77973.50,0.000000,0,0.000000,0.000000,77973.50,97652.63,-0.00008730,0.000000,0.000000,1
2026-04-24 05:22:00,77973.50,77973.50,77973.50,77973.50,0.000000,0,0.000000,0.000000,77973.50,97651.51,-0.00008730,0.000000,0.000000,1
2026-04-24 05:23:00,77973.50,77973.50,77973.50,77973.50,0.000000,0,0.000000,0.000000,77973.50,97660.47,-0.00008730,0.000000,0.000000,1
2026-04-24 05:24:00,77973.50,77973.50,77973.50,77973.50,0.000000,0,0.000000,0.000000,77973.50,97666.09,-0.00008730,0.000000,0.000000,1
2026-04-24 05:25:00,77973.50,77973.50,77973.50,77973.50,0.000000,0,0.000000,0.000000,77973.50,97659.87,-0.00008730,0.000000,0.000000,1
2026-04-24 05:26:00,77973.50,77973.50,77973.50,77973.50,0.000000,0,0.000000,0.000000,77973.50,97665.74,-0.00008730,0.000000,0.000000,1
2026-04-24 05:27:00,77973.50,77973.50,77973.50,77973.50,0.000000,0,0.000000,0.000000,77973.50,97662.69,-0.00008730,0.000000,0.000000,1
2026-04-24 05:28:00,77973.50,77973.50,77973.50,77973.50,0.000000,0,0.000000,0.000000,77973.50,97579.41,-0.00008730,0.000000,0.000000,1
2026-04-24 05:29:00,77973.50,77973.50,77973.50,77973.50,0.000000,0,0.000000,0.000000,77973.50,97580.28,-0.00008730,0.000000,0.000000,1
2026-04-24 05:30:00,77973.50,77973.50,77973.50,77973.50,0.000000,0,0.000000,0.000000,77973.50,97574.01,-0.00008730,0.000000,0.000000,1
2026-04-24 05:31:00,77973.50,77973.50,77973.50,77973.50,0.000000,0,0.000000,0.000000,77973.50,97567.71,-0.00008730,0.000000,0.000000,1
2026-04-24 05:32:00,77973.50,77973.50,77973.50,77973.50,0.000000,0,0.000000,0.000000,77973.50,97548.29,-0.00008730,0.000000,0.000000,1
2026-04-24 05:33:00,77973.50,77973.50,77973.50,77973.50,0.000000,0,0.000000,0.000000,77973.50,97533.86,-0.00008730,0.000000,0.000000,1
2026-04-24 05:34:00,77973.50,77973.50,77973.50,77973.50,0.000000,0,0.000000,0.000000,77973.50,97537.43,-0.00008730,0.000000,0.000000,1
2026-04-24 05:35:00,77973.50,77973.50,77973.50,77973.50,0.000000,0,0.000000,0.000000,77973.50,97537.24,-0.00008730,0.000000,0.000000,1
2026-04-24 05:36:00,77973.50,77973.50,77973.50,77973.50,0.000000,0,0.000000,0.000000,77973.50,97527.70,-0.00008730,0.000000,0.000000,1
2026-04-24 05:37:00,77973.50,77973.50,77973.50,77973.50,0.000000,0,0.000000,0.000000,77973.50,97530.33,-0.00008730,0.000000,0.000000,1
2026-04-24 05:38:00,77973.50,77973.50,77973.50,77973.50,0.000000,0,0.000000,0.000000,77973.50,97546.65,-0.00008730,0.000000,0.000000,1
2026-04-24 05:39:00,77973.50,77973.50,77973.50,77973.50,0.000000,0,0.000000,0.000000,77973.50,97544.91,-0.00008730,0.000000,0.000000,1
2026-04-24 05:40:00,77973.50,77973.50,77973.50,77973.50,0.000000,0,0.000000,0.000000,77973.50,97502.79,-0.00008730,0.000000,0.000000,1
2026-04-24 05:41:00,77973.50,77973.50,77973.50,77973.50,0.000000,0,0.000000,0.000000,77973.50,97505.51,-0.00008730,0.000000,0.000000,1
2026-04-24 05:42:00,77973.50,77973.50,77973.50,77973.50,0.000000,0,0.000000,0.000000,77973.50,97501.22,-0.00008730,0.000000,0.000000,1
2026-04-24 05:43:00,77973.50,77973.50,77973.50,77973.50,0.000000,0,0.000000,0.000000,77973.50,97502.12,-0.00008730,0.000000,0.000000,1
2026-04-24 05:44:00,77973.50,77973.50,77973.50,77973.50,0.000000,0,0.000000,0.000000,77973.50,97503.21,-0.00008730,0.000000,0.000000,1
2026-04-24 05:45:00,77973.50,77973.50,77973.50,77973.50,0.000000,0,0.000000,0.000000,77973.50,97498.09,-0.00008730,0.000000,0.000000,1
2026-04-24 05:46:00,77973.50,77973.50,77973.50,77973.50,0.000000,0,0.000000,0.000000,77973.50,97544.75,-0.00008730,0.000000,0.000000,1
2026-04-24 05:47:00,77973.50,77973.50,77973.50,77973.50,0.000000,0,0.000000,0.000000,77973.50,97493.55,-0.00008730,0.000000,0.000000,1
2026-04-24 05:48:00,77973.50,77973.50,77973.50,77973.50,0.000000,0,0.000000,0.000000,77973.50,97491.11,-0.00008730,0.000000,0.000000,1
2026-04-24 05:49:00,77973.50,77973.50,77973.50,77973.50,0.000000,0,0.000000,0.000000,77973.50,97478.43,-0.00008730,0.000000,0.000000,1
2026-04-24 05:50:00,77973.50,77973.50,77973.50,77973.50,0.000000,0,0.000000,0.000000,77973.50,97479.26,-0.00008730,0.000000,0.000000,1
2026-04-24 05:51:00,77973.50,77973.50,77973.50,77973.50,0.000000,0,0.000000,0.000000,77973.50,97466.24,-0.00008730,0.000000,0.000000,1
2026-04-24 05:52:00,77973.50,77973.50,77973.50,77973.50,0.000000,0,0.000000,0.000000,77973.50,97425.34,-0.00008730,0.000000,0.000000,1
2026-04-24 05:53:00,77973.50,77973.50,77973.50,77973.50,0.000000,0,0.000000,0.000000,77973.50,97417.16,-0.00008730,0.000000,0.000000,1
2026-04-24 05:54:00,77973.50,77973.50,77973.50,77973.50,0.000000,0,0.000000,0.000000,77973.50,97402.49,-0.00008730,0.000000,0.000000,1
2026-04-24 05:55:00,77973.50,77973.50,77973.50,77973.50,0.000000,0,0.000000,0.000000,77973.50,97397.62,-0.00008730,0.000000,0.000000,1
2026-04-24 05:56:00,77973.50,77973.50,77973.50,77973.50,0.000000,0,0.000000,0.000000,77973.50,97425.30,-0.00008730,0.000000,0.000000,1
2026-04-24 05:57:00,77973.50,77973.50,77973.50,77973.50,0.000000,0,0.000000,0.000000,77973.50,98226.33,-0.00008730,0.000000,0.000000,1
2026-04-24 05:58:00,77973.50,77973.50,77973.50,77973.50,0.000000,0,0.000000,0.000000,77973.50,98380.36,-0.00008730,0.000000,0.000000,1
2026-04-24 05:59:00,77973.50,77973.50,77973.50,77973.50,0.000000,0,0.000000,0.000000,77973.50,98358.78,-0.00008730,0.000000,0.000000,1
2026-04-24 06:00:00,77973.50,77973.50,77973.50,77973.50,0.000000,0,0.000000,0.000000,77973.50,98344.28,-0.00008730,0.000000,0.000000,1
2026-04-24 06:01:00,77973.50,77973.50,77973.50,77973.50,0.000000,0,0.000000,0.000000,77973.50,98347.65,-0.00008730,0.000000,0.000000,1
2026-04-24 06:02:00,77973.50,77973.50,77973.50,77973.50,0.000000,0,0.000000,0.000000,77973.50,98339.12,-0.00008730,0.000000,0.000000,1
2026-04-24 06:03:00,77973.50,77973.50,77973.50,77973.50,0.000000,0,0.000000,0.000000,77973.50,98333.88,-0.00008730,0.000000,0.000000,1
2026-04-24 06:04:00,77973.50,77973.50,77973.50,77973.50,0.000000,0,0.000000,0.000000,77973.50,98344.87,-0.00008730,0.000000,0.000000,1
2026-04-24 06:05:00,77973.50,77973.50,77973.50,77973.50,0.000000,0,0.000000,0.000000,77973.50,98340.08,-0.00008730,0.000000,0.000000,1
2026-04-24 06:06:00,77973.50,77973.50,77973.50,77973.50,0.000000,0,0.000000,0.000000,77973.50,98343.58,-0.00008730,0.000000,0.000000,1
2026-04-24 06:07:00,77973.50,77973.50,77973.50,77973.50,0.000000,0,0.000000,0.000000,77973.50,98353.96,-0.00008730,0.000000,0.000000,1
2026-04-24 06:08:00,77973.50,77973.50,77973.50,77973.50,0.000000,0,0.000000,0.000000,77973.50,98365.40,-0.00008730,0.000000,0.000000,1
2026-04-24 06:09:00,77973.50,77973.50,77973.50,77973.50,0.000000,0,0.000000,0.000000,77973.50,98374.38,-0.00008730,0.000000,0.000000,1
2026-04-24 06:10:00,77973.50,77973.50,77973.50,77973.50,0.000000,0,0.000000,0.000000,77973.50,98371.79,-0.00008730,0.000000,0.000000,1
2026-04-24 06:11:00,77973.50,77973.50,77973.50,77973.50,0.000000,0,0.000000,0.000000,77973.50,98371.01,-0.00008730,0.000000,0.000000,1
2026-04-24 06:12:00,77973.50,77973.50,77973.50,77973.50,0.000000,0,0.000000,0.000000,77973.50,98350.49,-0.00008730,0.000000,0.000000,1
2026-04-24 06:13:00,77973.50,77973.50,77973.50,77973.50,0.000000,0,0.000000,0.000000,77973.50,98362.94,-0.00008730,0.000000,0.000000,1
2026-04-24 06:14:00,77973.50,77973.50,77973.50,77973.50,0.000000,0,0.000000,0.000000,77973.50,98365.88,-0.00008730,0.000000,0.000000,1
2026-04-24 06:15:00,77973.50,77973.50,77973.50,77973.50,0.000000,0,0.000000,0.000000,77973.50,98364.60,-0.00008730,0.000000,0.000000,1
2026-04-24 06:16:00,77973.50,77973.50,77973.50,77973.50,0.000000,0,0.000000,0.000000,77973.50,98350.25,-0.00008730,0.000000,0.000000,1
2026-04-24 06:17:00,77973.50,77973.50,77973.50,77973.50,0.000000,0,0.000000,0.000000,77973.50,98352.21,-0.00008730,0.000000,0.000000,1
2026-04-24 06:18:00,77973.50,77973.50,77973.50,77973.50,0.000000,0,0.000000,0.000000,77973.50,98359.94,-0.00008730,0.000000,0.000000,1
2026-04-24 06:19:00,77973.50,77973.50,77973.50,77973.50,0.000000,0,0.000000,0.000000,77973.50,98365.44,-0.00008730,0.000000,0.000000,1
2026-04-24 06:20:00,77973.50,77973.50,77973.50,77973.50,0.000000,0,0.000000,0.000000,77973.50,98369.20,-0.00008730,0.000000,0.000000,1
2026-04-24 06:21:00,77973.50,77973.50,77973.50,77973.50,0.000000,0,0.000000,0.000000,77973.50,98369.67,-0.00008730,0.000000,0.000000,1
2026-04-24 06:22:00,77973.50,77973.50,77973.50,77973.50,0.000000,0,0.000000,0.000000,77973.50,98373.01,-0.00008730,0.000000,0.000000,1
2026-04-24 06:23:00,77973.50,77973.50,77973.50,77973.50,0.000000,0,0.000000,0.000000,77973.50,98379.66,-0.00008730,0.000000,0.000000,1
2026-04-24 06:24:00,77973.50,77973.50,77973.50,77973.50,0.000000,0,0.000000,0.000000,77973.50,98376.93,-0.00008730,0.000000,0.000000,1
2026-04-24 06:25:00,77973.50,77973.50,77973.50,77973.50,0.000000,0,0.000000,0.000000,77973.50,98378.20,-0.00008730,0.000000,0.000000,1
2026-04-24 06:26:00,77973.50,77973.50,77973.50,77973.50,0.000000,0,0.000000,0.000000,77973.50,98379.98,-0.00008730,0.000000,0.000000,1
2026-04-24 06:27:00,77973.50,77973.50,77973.50,77973.50,0.000000,0,0.000000,0.000000,77973.50,98369.75,-0.00008730,0.000000,0.000000,1
2026-04-24 06:28:00,77973.50,77973.50,77973.50,77973.50,0.000000,0,0.000000,0.000000,77973.50,98336.85,-0.00008730,0.000000,0.000000,1
2026-04-24 06:29:00,77973.50,77973.50,77973.50,77973.50,0.000000,0,0.000000,0.000000,77973.50,98327.01,-0.00008730,0.000000,0.000000,1
2026-04-24 06:30:00,77973.50,77973.50,77973.50,77973.50,0.000000,0,0.000000,0.000000,77973.50,98326.21,-0.00008730,0.000000,0.000000,1
2026-04-24 06:31:00,77973.50,77973.50,77973.50,77973.50,0.000000,0,0.000000,0.000000,77973.50,98333.10,-0.00008730,0.000000,0.000000,1
2026-04-24 06:32:00,77973.50,77973.50,77973.50,77973.50,0.000000,0,0.000000,0.000000,77973.50,98327.20,-0.00008730,0.000000,0.000000,1
2026-04-24 06:33:00,77973.50,77973.50,77973.50,77973.50,0.000000,0,0.000000,0.000000,77973.50,98322.85,-0.00008730,0.000000,0.000000,1
2026-04-24 06:34:00,77973.50,77973.50,77973.50,77973.50,0.000000,0,0.000000,0.000000,77973.50,98332.11,-0.00008730,0.000000,0.000000,1
2026-04-24 06:35:00,77973.50,77973.50,77973.50,77973.50,0.000000,0,0.000000,0.000000,77973.50,98341.28,-0.00008730,0.000000,0.000000,1
2026-04-24 06:36:00,77973.50,77973.50,77973.50,77973.50,0.000000,0,0.000000,0.000000,77973.50,98350.43,-0.00008730,0.000000,0.000000,1
2026-04-24 06:37:00,77973.50,77973.50,77973.50,77973.50,0.000000,0,0.000000,0.000000,77973.50,98342.93,-0.00008730,0.000000,0.000000,1
2026-04-24 06:38:00,77973.50,77973.50,77973.50,77973.50,0.000000,0,0.000000,0.000000,77973.50,98348.38,-0.00008730,0.000000,0.000000,1
2026-04-24 06:39:00,77973.50,77973.50,77973.50,77973.50,0.000000,0,0.000000,0.000000,77973.50,98339.37,-0.00008730,0.000000,0.000000,1
2026-04-24 06:40:00,77973.50,77973.50,77973.50,77973.50,0.000000,0,0.000000,0.000000,77973.50,98348.43,-0.00008730,0.000000,0.000000,1
2026-04-24 06:41:00,77973.50,77973.50,77973.50,77973.50,0.000000,0,0.000000,0.000000,77973.50,98351.10,-0.00008730,0.000000,0.000000,1
2026-04-24 06:42:00,77973.50,77973.50,77973.50,77973.50,0.000000,0,0.000000,0.000000,77973.50,98352.94,-0.00008730,0.000000,0.000000,1
2026-04-24 06:43:00,77973.50,77973.50,77973.50,77973.50,0.000000,0,0.000000,0.000000,77973.50,98357.02,-0.00008730,0.000000,0.000000,1
2026-04-24 06:44:00,77973.50,77973.50,77973.50,77973.50,0.000000,0,0.000000,0.000000,77973.50,98363.02,-0.00008730,0.000000,0.000000,1
2026-04-24 06:45:00,77973.50,77973.50,77973.50,77973.50,0.000000,0,0.000000,0.000000,77973.50,98366.30,-0.00008730,0.000000,0.000000,1
2026-04-24 06:46:00,77973.50,77973.50,77973.50,77973.50,0.000000,0,0.000000,0.000000,77973.50,98372.02,-0.00008730,0.000000,0.000000,1
2026-04-24 06:47:00,77973.50,77973.50,77973.50,77973.50,0.000000,0,0.000000,0.000000,77973.50,98370.58,-0.00008730,0.000000,0.000000,1
2026-04-24 06:48:00,77973.50,77973.50,77973.50,77973.50,0.000000,0,0.000000,0.000000,77973.50,98361.19,-0.00008730,0.000000,0.000000,1
2026-04-24 06:49:00,77973.50,77973.50,77973.50,77973.50,0.000000,0,0.000000,0.000000,77973.50,98363.63,-0.00008730,0.000000,0.000000,1
2026-04-24 06:50:00,77973.50,77973.50,77973.50,77973.50,0.000000,0,0.000000,0.000000,77973.50,98356.93,-0.00008730,0.000000,0.000000,1
2026-04-24 06:51:00,77973.50,77973.50,77973.50,77973.50,0.000000,0,0.000000,0.000000,77973.50,98352.94,-0.00008730,0.000000,0.000000,1
2026-04-24 06:52:00,77973.50,77973.50,77973.50,77973.50,0.000000,0,0.000000,0.000000,77973.50,98353.93,-0.00008730,0.000000,0.000000,1
2026-04-24 06:53:00,77973.50,77973.50,77973.50,77973.50,0.000000,0,0.000000,0.000000,77973.50,98353.73,-0.00008730,0.000000,0.000000,1
2026-04-24 06:54:00,77973.50,77973.50,77973.50,77973.50,0.000000,0,0.000000,0.000000,77973.50,98356.54,-0.00008730,0.000000,0.000000,1
2026-04-24 06:55:00,77973.50,77973.50,77973.50,77973.50,0.000000,0,0.000000,0.000000,77973.50,98358.16,-0.00008730,0.000000,0.000000,1
2026-04-24 06:56:00,77973.50,77973.50,77973.50,77973.50,0.000000,0,0.000000,0.000000,77973.50,98354.15,-0.00008730,0.000000,0.000000,1
2026-04-24 06:57:00,77973.50,77973.50,77973.50,77973.50,0.000000,0,0.000000,0.000000,77973.50,98355.70,-0.00008730,0.000000,0.000000,1
2026-04-24 06:58:00,77973.50,77973.50,77973.50,77973.50,0.000000,0,0.000000,0.000000,77973.50,98357.97,-0.00008730,0.000000,0.000000,1
2026-04-24 06:59:00,77973.50,77973.50,77973.50,77973.50,0.000000,0,0.000000,0.000000,77973.50,98357.84,-0.00008730,0.000000,0.000000,1
2026-04-24 07:00:00,77973.50,77973.50,77973.50,77973.50,0.000000,0,0.000000,0.000000,77973.50,98358.92,-0.00008730,0.000000,0.000000,1
2026-04-24 07:01:00,77973.50,77973.50,77973.50,77973.50,0.000000,0,0.000000,0.000000,77973.50,98358.35,-0.00008730,0.000000,0.000000,1
2026-04-24 07:02:00,77973.50,77973.50,77973.50,77973.50,0.000000,0,0.000000,0.000000,77973.50,98364.14,-0.00008730,0.000000,0.000000,1
2026-04-24 07:03:00,77973.50,77973.50,77973.50,77973.50,0.000000,0,0.000000,0.000000,77973.50,98365.87,-0.00008730,0.000000,0.000000,1
2026-04-24 07:04:00,77973.50,77973.50,77973.50,77973.50,0.000000,0,0.000000,0.000000,77973.50,98361.36,-0.00008730,0.000000,0.000000,1
2026-04-24 07:05:00,77973.50,77973.50,77973.50,77973.50,0.000000,0,0.000000,0.000000,77973.50,98361.86,-0.00008730,0.000000,0.000000,1
2026-04-24 07:06:00,77973.50,77973.50,77973.50,77973.50,0.000000,0,0.000000,0.000000,77973.50,98348.01,-0.00008730,0.000000,0.000000,1
2026-04-24 07:07:00,77973.50,77973.50,77973.50,77973.50,0.000000,0,0.000000,0.000000,77973.50,98346.15,-0.00008730,0.000000,0.000000,1
2026-04-24 07:08:00,77973.50,77973.50,77973.50,77973.50,0.000000,0,0.000000,0.000000,77973.50,98349.09,-0.00008730,0.000000,0.000000,1
2026-04-24 07:09:00,77973.50,77973.50,77973.50,77973.50,0.000000,0,0.000000,0.000000,77973.50,98348.04,-0.00008730,0.000000,0.000000,1
2026-04-24 07:10:00,77973.50,77973.50,77973.50,77973.50,0.000000,0,0.000000,0.000000,77973.50,98344.42,-0.00008730,0.000000,0.000000,1
2026-04-24 07:11:00,77973.50,77973.50,77973.50,77973.50,0.000000,0,0.000000,0.000000,77973.50,98338.72,-0.00008730,0.000000,0.000000,1
2026-04-24 07:12:00,77973.50,77973.50,77973.50,77973.50,0.000000,0,0.000000,0.000000,77973.50,98336.00,-0.00008730,0.000000,0.000000,1
2026-04-24 07:13:00,77973.50,77973.50,77973.50,77973.50,0.000000,0,0.000000,0.000000,77973.50,98332.40,-0.00008730,0.000000,0.000000,1
2026-04-24 07:14:00,77973.50,77973.50,77973.50,77973.50,0.000000,0,0.000000,0.000000,77973.50,98322.67,-0.00008730,0.000000,0.000000,1
2026-04-24 07:15:00,77973.50,77973.50,77973.50,77973.50,0.000000,0,0.000000,0.000000,77973.50,98330.30,-0.00008730,0.000000,0.000000,1
2026-04-24 07:16:00,77973.50,77973.50,77973.50,77973.50,0.000000,0,0.000000,0.000000,77973.50,98325.13,-0.00008730,0.000000,0.000000,1
2026-04-24 07:17:00,77973.50,77973.50,77973.50,77973.50,0.000000,0,0.000000,0.000000,77973.50,98320.97,-0.00008730,0.000000,0.000000,1
2026-04-24 07:18:00,77973.50,77973.50,77973.50,77973.50,0.000000,0,0.000000,0.000000,77973.50,98308.07,-0.00008730,0.000000,0.000000,1
2026-04-24 07:19:00,77973.50,77973.50,77973.50,77973.50,0.000000,0,0.000000,0.000000,77973.50,98307.03,-0.00008730,0.000000,0.000000,1
2026-04-24 07:20:00,77973.50,77973.50,77973.50,77973.50,0.000000,0,0.000000,0.000000,77973.50,98307.53,-0.00008730,0.000000,0.000000,1
2026-04-24 07:21:00,77973.50,77973.50,77973.50,77973.50,0.000000,0,0.000000,0.000000,77973.50,98307.31,-0.00008730,0.000000,0.000000,1
2026-04-24 07:22:00,77973.50,77973.50,77973.50,77973.50,0.000000,0,0.000000,0.000000,77973.50,98306.80,-0.00008730,0.000000,0.000000,1
2026-04-24 07:23:00,77973.50,77973.50,77973.50,77973.50,0.000000,0,0.000000,0.000000,77973.50,98311.85,-0.00008730,0.000000,0.000000,1
2026-04-24 07:24:00,77973.50,77973.50,77973.50,77973.50,0.000000,0,0.000000,0.000000,77973.50,98298.99,-0.00008730,0.000000,0.000000,1
2026-04-24 07:25:00,77973.50,77973.50,77973.50,77973.50,0.000000,0,0.000000,0.000000,77973.50,98296.20,-0.00008730,0.000000,0.000000,1
2026-04-24 07:26:00,77973.50,77973.50,77973.50,77973.50,0.000000,0,0.000000,0.000000,77973.50,98294.35,-0.00008730,0.000000,0.000000,1
2026-04-24 07:27:00,77973.50,77973.50,77973.50,77973.50,0.000000,0,0.000000,0.000000,77973.50,98281.15,-0.00008730,0.000000,0.000000,1
2026-04-24 07:28:00,77973.50,77973.50,77973.50,77973.50,0.000000,0,0.000000,0.000000,77973.50,98289.28,-0.00008730,0.000000,0.000000,1
2026-04-24 07:29:00,77973.50,77973.50,77973.50,77973.50,0.000000,0,0.000000,0.000000,77973.50,98157.35,-0.00008730,0.000000,0.000000,1
2026-04-24 07:30:00,77973.50,77973.50,77973.50,77973.50,0.000000,0,0.000000,0.000000,77973.50,98158.82,-0.00008730,0.000000,0.000000,1
2026-04-24 07:31:00,77973.50,77973.50,77973.50,77973.50,0.000000,0,0.000000,0.000000,77973.50,98130.35,-0.00008730,0.000000,0.000000,1
2026-04-24 07:32:00,77973.50,77973.50,77973.50,77973.50,0.000000,0,0.000000,0.000000,77973.50,98100.92,-0.00008730,0.000000,0.000000,1
2026-04-24 07:33:00,77973.50,77973.50,77973.50,77973.50,0.000000,0,0.000000,0.000000,77973.50,98085.48,-0.00008730,0.000000,0.000000,1
2026-04-24 07:34:00,77973.50,77973.50,77973.50,77973.50,0.000000,0,0.000000,0.000000,77973.50,98064.69,-0.00008730,0.000000,0.000000,1
2026-04-24 07:35:00,77973.50,77973.50,77973.50,77973.50,0.000000,0,0.000000,0.000000,77973.50,98037.46,-0.00008730,0.000000,0.000000,1
2026-04-24 07:36:00,77973.50,77973.50,77973.50,77973.50,0.000000,0,0.000000,0.000000,77973.50,98009.11,-0.00008730,0.000000,0.000000,1
2026-04-24 07:37:00,77973.50,77973.50,77973.50,77973.50,0.000000,0,0.000000,0.000000,77973.50,98002.19,-0.00008730,0.000000,0.000000,1
2026-04-24 07:38:00,77973.50,77973.50,77973.50,77973.50,0.000000,0,0.000000,0.000000,77973.50,97974.53,-0.00008730,0.000000,0.000000,1
2026-04-24 07:39:00,77973.50,77973.50,77973.50,77973.50,0.000000,0,0.000000,0.000000,77973.50,97934.59,-0.00008730,0.000000,0.000000,1
2026-04-24 07:40:00,77973.50,77973.50,77973.50,77973.50,0.000000,0,0.000000,0.000000,77973.50,97908.08,-0.00008730,0.000000,0.000000,1
2026-04-24 07:41:00,77973.50,77973.50,77973.50,77973.50,0.000000,0,0.000000,0.000000,77973.50,97871.93,-0.00008730,0.000000,0.000000,1
2026-04-24 07:42:00,77973.50,77973.50,77973.50,77973.50,0.000000,0,0.000000,0.000000,77973.50,97851.25,-0.00008730,0.000000,0.000000,1
2026-04-24 07:43:00,77973.50,77973.50,77973.50,77973.50,0.000000,0,0.000000,0.000000,77973.50,97837.49,-0.00008730,0.000000,0.000000,1
2026-04-24 07:44:00,77973.50,77973.50,77973.50,77973.50,0.000000,0,0.000000,0.000000,77973.50,97822.46,-0.00008730,0.000000,0.000000,1
2026-04-24 07:45:00,77973.50,77973.50,77973.50,77973.50,0.000000,0,0.000000,0.000000,77973.50,97820.14,-0.00008730,0.000000,0.000000,1
2026-04-24 07:46:00,77973.50,77973.50,77973.50,77973.50,0.000000,0,0.000000,0.000000,77973.50,97810.74,-0.00008730,0.000000,0.000000,1
2026-04-24 07:47:00,77973.50,77973.50,77973.50,77973.50,0.000000,0,0.000000,0.000000,77973.50,97811.49,-0.00008730,0.000000,0.000000,1
2026-04-24 07:48:00,77973.50,77973.50,77973.50,77973.50,0.000000,0,0.000000,0.000000,77973.50,97827.31,-0.00008730,0.000000,0.000000,1
2026-04-24 07:49:00,77973.50,77973.50,77973.50,77973.50,0.000000,0,0.000000,0.000000,77973.50,97825.92,-0.00008730,0.000000,0.000000,1
2026-04-24 07:50:00,77973.50,77973.50,77973.50,77973.50,0.000000,0,0.000000,0.000000,77973.50,97822.23,-0.00008730,0.000000,0.000000,1
2026-04-24 07:51:00,77973.50,77973.50,77973.50,77973.50,0.000000,0,0.000000,0.000000,77973.50,97814.81,-0.00008730,0.000000,0.000000,1
2026-04-24 07:52:00,77973.50,77973.50,77973.50,77973.50,0.000000,0,0.000000,0.000000,77973.50,97856.89,-0.00008730,0.000000,0.000000,1
2026-04-24 07:53:00,77973.50,77973.50,77973.50,77973.50,0.000000,0,0.000000,0.000000,77973.50,97838.54,-0.00008730,0.000000,0.000000,1
2026-04-24 07:54:00,77973.50,77973.50,77973.50,77973.50,0.000000,0,0.000000,0.000000,77973.50,97834.73,-0.00008730,0.000000,0.000000,1
2026-04-24 07:55:00,77973.50,77973.50,77973.50,77973.50,0.000000,0,0.000000,0.000000,77973.50,97816.57,-0.00008730,0.000000,0.000000,1
2026-04-24 07:56:00,77973.50,77973.50,77973.50,77973.50,0.000000,0,0.000000,0.000000,77973.50,97642.15,-0.00008730,0.000000,0.000000,1
2026-04-24 07:57:00,77973.50,77973.50,77973.50,77973.50,0.000000,0,0.000000,0.000000,77973.50,97607.57,-0.00008730,0.000000,0.000000,1
2026-04-24 07:58:00,77973.50,77973.50,77973.50,77973.50,0.000000,0,0.000000,0.000000,77973.50,97423.48,-0.00008730,0.000000,0.000000,1
2026-04-24 07:59:00,77973.50,77973.50,77973.50,77973.50,0.000000,0,0.000000,0.000000,77973.50,97363.16,-0.00008730,0.000000,0.000000,1
2026-04-24 08:00:00,77973.50,77973.50,77973.50,77973.50,0.000000,0,0.000000,0.000000,77973.50,97353.35,-0.00008730,0.000000,0.000000,1
2026-04-24 08:01:00,77973.50,77973.50,77973.50,77973.50,0.000000,0,0.000000,0.000000,77973.50,97387.10,-0.00008730,0.000000,0.000000,1
2026-04-24 08:02:00,77973.50,77973.50,77973.50,77973.50,0.000000,0,0.000000,0.000000,77973.50,97375.01,-0.00008730,0.000000,0.000000,1
2026-04-24 08:03:00,77973.50,77973.50,77973.50,77973.50,0.000000,0,0.000000,0.000000,77973.50,97341.82,-0.00008730,0.000000,0.000000,1
2026-04-24 08:04:00,77973.50,77973.50,77973.50,77973.50,0.000000,0,0.000000,0.000000,77973.50,97330.38,-0.00008730,0.000000,0.000000,1
2026-04-24 08:05:00,77973.50,77973.50,77973.50,77973.50,0.000000,0,0.000000,0.000000,77973.50,97329.35,-0.00008730,0.000000,0.000000,1
2026-04-24 08:06:00,77973.50,77973.50,77973.50,77973.50,0.000000,0,0.000000,0.000000,77973.50,97316.71,-0.00008730,0.000000,0.000000,1
2026-04-24 08:07:00,77973.50,77973.50,77973.50,77973.50,0.000000,0,0.000000,0.000000,77973.50,97307.22,-0.00008730,0.000000,0.000000,1
2026-04-24 08:08:00,77973.50,77973.50,77973.50,77973.50,0.000000,0,0.000000,0.000000,77973.50,97304.47,-0.00008730,0.000000,0.000000,1
2026-04-24 08:09:00,77973.50,77973.50,77973.50,77973.50,0.000000,0,0.000000,0.000000,77973.50,97307.18,-0.00008730,0.000000,0.000000,1
2026-04-24 08:10:00,77973.50,77973.50,77973.50,77973.50,0.000000,0,0.000000,0.000000,77973.50,97311.24,-0.00008730,0.000000,0.000000,1
2026-04-24 08:11:00,77973.50,77973.50,77973.50,77973.50,0.000000,0,0.000000,0.000000,77973.50,97307.17,-0.00008730,0.000000,0.000000,1
2026-04-24 08:12:00,77973.50,77973.50,77973.50,77973.50,0.000000,0,0.000000,0.000000,77973.50,97320.14,-0.00008730,0.000000,0.000000,1
2026-04-24 08:13:00,77973.50,77973.50,77973.50,77973.50,0.000000,0,0.000000,0.000000,77973.50,97317.10,-0.00008730,0.000000,0.000000,1
2026-04-24 08:14:00,77973.50,77973.50,77973.50,77973.50,0.000000,0,0.000000,0.000000,77973.50,97324.82,-0.00008730,0.000000,0.000000,1
2026-04-24 08:15:00,77973.50,77973.50,77973.50,77973.50,0.000000,0,0.000000,0.000000,77973.50,97326.17,-0.00008730,0.000000,0.000000,1
2026-04-24 08:16:00,77973.50,77973.50,77973.50,77973.50,0.000000,0,0.000000,0.000000,77973.50,97302.05,-0.00008730,0.000000,0.000000,1
2026-04-24 08:17:00,77973.50,77973.50,77973.50,77973.50,0.000000,0,0.000000,0.000000,77973.50,97281.02,-0.00008730,0.000000,0.000000,1
2026-04-24 08:18:00,77973.50,77973.50,77973.50,77973.50,0.000000,0,0.000000,0.000000,77973.50,97334.25,-0.00008730,0.000000,0.000000,1
2026-04-24 08:19:00,77973.50,77973.50,77973.50,77973.50,0.000000,0,0.000000,0.000000,77973.50,97332.84,-0.00008730,0.000000,0.000000,1
2026-04-24 08:20:00,77973.50,77973.50,77973.50,77973.50,0.000000,0,0.000000,0.000000,77973.50,97331.29,-0.00008730,0.000000,0.000000,1
2026-04-24 08:21:00,77973.50,77973.50,77973.50,77973.50,0.000000,0,0.000000,0.000000,77973.50,97138.81,-0.00008730,0.000000,0.000000,1
2026-04-24 08:22:00,77973.50,77973.50,77973.50,77973.50,0.000000,0,0.000000,0.000000,77973.50,97222.77,-0.00008730,0.000000,0.000000,1
2026-04-24 08:23:00,77973.50,77973.50,77973.50,77973.50,0.000000,0,0.000000,0.000000,77973.50,97230.41,-0.00008730,0.000000,0.000000,1
2026-04-24 08:24:00,77973.50,77973.50,77973.50,77973.50,0.000000,0,0.000000,0.000000,77973.50,97230.41,-0.00008730,0.000000,0.000000,1
2026-04-24 08:25:00,77973.50,77973.50,77973.50,77973.50,0.000000,0,0.000000,0.000000,77973.50,97201.55,-0.00008730,0.000000,0.000000,1
2026-04-24 08:26:00,77973.50,77973.50,77973.50,77973.50,0.000000,0,0.000000,0.000000,77973.50,97194.77,-0.00008730,0.000000,0.000000,1
2026-04-24 08:27:00,77973.50,77973.50,77973.50,77973.50,0.000000,0,0.000000,0.000000,77973.50,97187.80,-0.00008730,0.000000,0.000000,1
2026-04-24 08:28:00,77973.50,77973.50,77973.50,77973.50,0.000000,0,0.000000,0.000000,77973.50,97190.24,-0.00008730,0.000000,0.000000,1
2026-04-24 08:29:00,77973.50,77973.50,77973.50,77973.50,0.000000,0,0.000000,0.000000,77973.50,97189.34,-0.00008730,0.000000,0.000000,1
2026-04-24 08:30:00,77973.50,77973.50,77973.50,77973.50,0.000000,0,0.000000,0.000000,77973.50,97188.28,-0.00008730,0.000000,0.000000,1
2026-04-24 08:31:00,77973.50,77973.50,77973.50,77973.50,0.000000,0,0.000000,0.000000,77973.50,97188.54,-0.00008730,0.000000,0.000000,1
2026-04-24 08:32:00,77973.50,77973.50,77973.50,77973.50,0.000000,0,0.000000,0.000000,77973.50,97177.84,-0.00008730,0.000000,0.000000,1
2026-04-24 08:33:00,77973.50,77973.50,77973.50,77973.50,0.000000,0,0.000000,0.000000,77973.50,97171.98,-0.00008730,0.000000,0.000000,1
2026-04-24 08:34:00,77973.50,77973.50,77973.50,77973.50,0.000000,0,0.000000,0.000000,77973.50,97175.93,-0.00008730,0.000000,0.000000,1
2026-04-24 08:35:00,77973.50,77973.50,77973.50,77973.50,0.000000,0,0.000000,0.000000,77973.50,97176.47,-0.00008730,0.000000,0.000000,1
2026-04-24 08:36:00,77973.50,77973.50,77973.50,77973.50,0.000000,0,0.000000,0.000000,77973.50,97166.96,-0.00008730,0.000000,0.000000,1
2026-04-24 08:37:00,77973.50,77973.50,77973.50,77973.50,0.000000,0,0.000000,0.000000,77973.50,97159.54,-0.00008730,0.000000,0.000000,1
2026-04-24 08:38:00,77973.50,77973.50,77973.50,77973.50,0.000000,0,0.000000,0.000000,77973.50,97135.43,-0.00008730,0.000000,0.000000,1
2026-04-24 08:39:00,77973.50,77973.50,77973.50,77973.50,0.000000,0,0.000000,0.000000,77973.50,97106.90,-0.00008730,0.000000,0.000000,1
2026-04-24 08:40:00,77973.50,77973.50,77973.50,77973.50,0.000000,0,0.000000,0.000000,77973.50,97104.68,-0.00008730,0.000000,0.000000,1
2026-04-24 08:41:00,77973.50,77973.50,77973.50,77973.50,0.000000,0,0.000000,0.000000,77973.50,97103.71,-0.00008730,0.000000,0.000000,1
2026-04-24 08:42:00,77973.50,77973.50,77973.50,77973.50,0.000000,0,0.000000,0.000000,77973.50,97104.30,-0.00008730,0.000000,0.000000,1
2026-04-24 08:43:00,77973.50,77973.50,77973.50,77973.50,0.000000,0,0.000000,0.000000,77973.50,97115.42,-0.00008730,0.000000,0.000000,1
2026-04-24 08:44:00,77973.50,77973.50,77973.50,77973.50,0.000000,0,0.000000,0.000000,77973.50,97117.27,-0.00008730,0.000000,0.000000,1
2026-04-24 08:45:00,77973.50,77973.50,77973.50,77973.50,0.000000,0,0.000000,0.000000,77973.50,97111.19,-0.00008730,0.000000,0.000000,1
2026-04-24 08:46:00,77973.50,77973.50,77973.50,77973.50,0.000000,0,0.000000,0.000000,77973.50,97108.91,-0.00008730,0.000000,0.000000,1
2026-04-24 08:47:00,77973.50,77973.50,77973.50,77973.50,0.000000,0,0.000000,0.000000,77973.50,97107.43,-0.00008730,0.000000,0.000000,1
2026-04-24 08:48:00,77973.50,77973.50,77973.50,77973.50,0.000000,0,0.000000,0.000000,77973.50,97097.78,-0.00008730,0.000000,0.000000,1
2026-04-24 08:49:00,77973.50,77973.50,77973.50,77973.50,0.000000,0,0.000000,0.000000,77973.50,97079.69,-0.00008730,0.000000,0.000000,1
2026-04-24 08:50:00,77973.50,77973.50,77973.50,77973.50,0.000000,0,0.000000,0.000000,77973.50,97062.85,-0.00008730,0.000000,0.000000,1
2026-04-24 08:51:00,77973.50,77973.50,77973.50,77973.50,0.000000,0,0.000000,0.000000,77973.50,97073.18,-0.00008730,0.000000,0.000000,1
2026-04-24 08:52:00,77973.50,77973.50,77973.50,77973.50,0.000000,0,0.000000,0.000000,77973.50,97071.75,-0.00008730,0.000000,0.000000,1
2026-04-24 08:53:00,77973.50,77973.50,77973.50,77973.50,0.000000,0,0.000000,0.000000,77973.50,97050.35,-0.00008730,0.000000,0.000000,1
2026-04-24 08:54:00,77973.50,77973.50,77973.50,77973.50,0.000000,0,0.000000,0.000000,77973.50,97046.33,-0.00008730,0.000000,0.000000,1
2026-04-24 08:55:00,77973.50,77973.50,77973.50,77973.50,0.000000,0,0.000000,0.000000,77973.50,97047.94,-0.00008730,0.000000,0.000000,1
2026-04-24 08:56:00,77973.50,77973.50,77973.50,77973.50,0.000000,0,0.000000,0.000000,77973.50,97047.63,-0.00008730,0.000000,0.000000,1
2026-04-24 08:57:00,77973.50,77973.50,77973.50,77973.50,0.000000,0,0.000000,0.000000,77973.50,97049.48,-0.00008730,0.000000,0.000000,1
2026-04-24 08:58:00,77973.50,77973.50,77973.50,77973.50,0.000000,0,0.000000,0.000000,77973.50,97045.43,-0.00008730,0.000000,0.000000,1
2026-04-24 08:59:00,77973.50,77973.50,77973.50,77973.50,0.000000,0,0.000000,0.000000,77973.50,97040.03,-0.00008730,0.000000,0.000000,1
2026-04-24 09:00:00,77973.50,77973.50,77973.50,77973.50,0.000000,0,0.000000,0.000000,77973.50,97039.03,-0.00008730,0.000000,0.000000,1
2026-04-24 09:01:00,77973.50,77973.50,77973.50,77973.50,0.000000,0,0.000000,0.000000,77973.50,97047.52,-0.00008730,0.000000,0.000000,1
2026-04-24 09:02:00,77973.50,77973.50,77973.50,77973.50,0.000000,0,0.000000,0.000000,77973.50,97033.39,-0.00008730,0.000000,0.000000,1
2026-04-24 09:03:00,77973.50,77973.50,77973.50,77973.50,0.000000,0,0.000000,0.000000,77973.50,97029.48,-0.00008730,0.000000,0.000000,1
2026-04-24 09:04:00,77973.50,77973.50,77973.50,77973.50,0.000000,0,0.000000,0.000000,77973.50,97036.34,-0.00008730,0.000000,0.000000,1
2026-04-24 09:05:00,77973.50,77973.50,77973.50,77973.50,0.000000,0,0.000000,0.000000,77973.50,97034.65,-0.00008730,0.000000,0.000000,1
2026-04-24 09:06:00,77973.50,77973.50,77973.50,77973.50,0.000000,0,0.000000,0.000000,77973.50,97026.42,-0.00008730,0.000000,0.000000,1
2026-04-24 09:07:00,77973.50,77973.50,77973.50,77973.50,0.000000,0,0.000000,0.000000,77973.50,97034.35,-0.00008730,0.000000,0.000000,1
2026-04-24 09:08:00,77973.50,77973.50,77973.50,77973.50,0.000000,0,0.000000,0.000000,77973.50,97015.79,-0.00008730,0.000000,0.000000,1
2026-04-24 09:09:00,77973.50,77973.50,77973.50,77973.50,0.000000,0,0.000000,0.000000,77973.50,96897.91,-0.00008730,0.000000,0.000000,1
2026-04-24 09:10:00,77973.50,77973.50,77973.50,77973.50,0.000000,0,0.000000,0.000000,77973.50,96695.55,-0.00008730,0.000000,0.000000,1
2026-04-24 09:11:00,77973.50,77973.50,77973.50,77973.50,0.000000,0,0.000000,0.000000,77973.50,96618.99,-0.00008730,0.000000,0.000000,1
2026-04-24 09:12:00,77973.50,77973.50,77973.50,77973.50,0.000000,0,0.000000,0.000000,77973.50,96578.65,-0.00008730,0.000000,0.000000,1
2026-04-24 09:13:00,77973.50,77973.50,77973.50,77973.50,0.000000,0,0.000000,0.000000,77973.50,96547.08,-0.00008730,0.000000,0.000000,1
2026-04-24 09:14:00,77973.50,77973.50,77973.50,77973.50,0.000000,0,0.000000,0.000000,77973.50,96550.18,-0.00008730,0.000000,0.000000,1
2026-04-24 09:15:00,77973.50,77973.50,77973.50,77973.50,0.000000,0,0.000000,0.000000,77973.50,96572.11,-0.00008730,0.000000,0.000000,1
2026-04-24 09:16:00,77973.50,77973.50,77973.50,77973.50,0.000000,0,0.000000,0.000000,77973.50,96586.04,-0.00008730,0.000000,0.000000,1
2026-04-24 09:17:00,77973.50,77973.50,77973.50,77973.50,0.000000,0,0.000000,0.000000,77973.50,96576.22,-0.00008730,0.000000,0.000000,1
2026-04-24 09:18:00,77973.50,77973.50,77973.50,77973.50,0.000000,0,0.000000,0.000000,77973.50,96589.56,-0.00008730,0.000000,0.000000,1
2026-04-24 09:19:00,77973.50,77973.50,77973.50,77973.50,0.000000,0,0.000000,0.000000,77973.50,96503.49,-0.00008730,0.000000,0.000000,1
2026-04-24 09:20:00,77973.50,77973.50,77973.50,77973.50,0.000000,0,0.000000,0.000000,77973.50,96494.22,-0.00008730,0.000000,0.000000,1
2026-04-24 09:21:00,77973.50,77973.50,77973.50,77973.50,0.000000,0,0.000000,0.000000,77973.50,96490.64,-0.00008730,0.000000,0.000000,1
2026-04-24 09:22:00,77973.50,77973.50,77973.50,77973.50,0.000000,0,0.000000,0.000000,77973.50,96488.57,-0.00008730,0.000000,0.000000,1
2026-04-24 09:23:00,77973.50,77973.50,77973.50,77973.50,0.000000,0,0.000000,0.000000,77973.50,96487.04,-0.00008730,0.000000,0.000000,1
2026-04-24 09:24:00,77973.50,77973.50,77973.50,77973.50,0.000000,0,0.000000,0.000000,77973.50,96467.05,-0.00008730,0.000000,0.000000,1
2026-04-24 09:25:00,77973.50,77973.50,77973.50,77973.50,0.000000,0,0.000000,0.000000,77973.50,96449.77,-0.00008730,0.000000,0.000000,1
2026-04-24 09:26:00,77973.50,77973.50,77973.50,77973.50,0.000000,0,0.000000,0.000000,77973.50,96451.10,-0.00008730,0.000000,0.000000,1
2026-04-24 09:27:00,77973.50,77973.50,77973.50,77973.50,0.000000,0,0.000000,0.000000,77973.50,96456.52,-0.00008730,0.000000,0.000000,1
2026-04-24 09:28:00,77973.50,77973.50,77973.50,77973.50,0.000000,0,0.000000,0.000000,77973.50,96482.62,-0.00008730,0.000000,0.000000,1
2026-04-24 09:29:00,77973.50,77973.50,77973.50,77973.50,0.000000,0,0.000000,0.000000,77973.50,96487.45,-0.00008730,0.000000,0.000000,1
2026-04-24 09:30:00,77973.50,77973.50,77973.50,77973.50,0.000000,0,0.000000,0.000000,77973.50,96498.90,-0.00008730,0.000000,0.000000,1
2026-04-24 09:31:00,77973.50,77973.50,77973.50,77973.50,0.000000,0,0.000000,0.000000,77973.50,96492.90,-0.00008730,0.000000,0.000000,1
2026-04-24 09:32:00,77973.50,77973.50,77973.50,77973.50,0.000000,0,0.000000,0.000000,77973.50,96488.58,-0.00008730,0.000000,0.000000,1
2026-04-24 09:33:00,77973.50,77973.50,77973.50,77973.50,0.000000,0,0.000000,0.000000,77973.50,96494.44,-0.00008730,0.000000,0.000000,1
2026-04-24 09:34:00,77973.50,77973.50,77973.50,77973.50,0.000000,0,0.000000,0.000000,77973.50,96498.44,-0.00008730,0.000000,0.000000,1
2026-04-24 09:35:00,77973.50,77973.50,77973.50,77973.50,0.000000,0,0.000000,0.000000,77973.50,96493.15,-0.00008730,0.000000,0.000000,1
2026-04-24 09:36:00,77973.50,77973.50,77973.50,77973.50,0.000000,0,0.000000,0.000000,77973.50,96491.38,-0.00008730,0.000000,0.000000,1
2026-04-24 09:37:00,77973.50,77973.50,77973.50,77973.50,0.000000,0,0.000000,0.000000,77973.50,96486.95,-0.00008730,0.000000,0.000000,1
2026-04-24 09:38:00,77973.50,77973.50,77973.50,77973.50,0.000000,0,0.000000,0.000000,77973.50,96490.92,-0.00008730,0.000000,0.000000,1
2026-04-24 09:39:00,77973.50,77973.50,77973.50,77973.50,0.000000,0,0.000000,0.000000,77973.50,96481.52,-0.00008730,0.000000,0.000000,1
2026-04-24 09:40:00,77973.50,77973.50,77973.50,77973.50,0.000000,0,0.000000,0.000000,77973.50,96479.64,-0.00008730,0.000000,0.000000,1
2026-04-24 09:41:00,77973.50,77973.50,77973.50,77973.50,0.000000,0,0.000000,0.000000,77973.50,96460.95,-0.00008730,0.000000,0.000000,1
2026-04-24 09:42:00,77973.50,77973.50,77973.50,77973.50,0.000000,0,0.000000,0.000000,77973.50,96452.53,-0.00008730,0.000000,0.000000,1
2026-04-24 09:43:00,77973.50,77973.50,77973.50,77973.50,0.000000,0,0.000000,0.000000,77973.50,96447.85,-0.00008730,0.000000,0.000000,1
2026-04-24 09:44:00,77973.50,77973.50,77973.50,77973.50,0.000000,0,0.000000,0.000000,77973.50,96447.63,-0.00008730,0.000000,0.000000,1
2026-04-24 09:45:00,77973.50,77973.50,77973.50,77973.50,0.000000,0,0.000000,0.000000,77973.50,96448.22,-0.00008730,0.000000,0.000000,1
2026-04-24 09:46:00,77973.50,77973.50,77973.50,77973.50,0.000000,0,0.000000,0.000000,77973.50,96463.88,-0.00008730,0.000000,0.000000,1
2026-04-24 09:47:00,77973.50,77973.50,77973.50,77973.50,0.000000,0,0.000000,0.000000,77973.50,96468.65,-0.00008730,0.000000,0.000000,1
2026-04-24 09:48:00,77973.50,77973.50,77973.50,77973.50,0.000000,0,0.000000,0.000000,77973.50,96472.58,-0.00008730,0.000000,0.000000,1
2026-04-24 09:49:00,77973.50,77973.50,77973.50,77973.50,0.000000,0,0.000000,0.000000,77973.50,96476.10,-0.00008730,0.000000,0.000000,1
2026-04-24 09:50:00,77973.50,77973.50,77973.50,77973.50,0.000000,0,0.000000,0.000000,77973.50,96471.76,-0.00008730,0.000000,0.000000,1
2026-04-24 09:51:00,77973.50,77973.50,77973.50,77973.50,0.000000,0,0.000000,0.000000,77973.50,96446.72,-0.00008730,0.000000,0.000000,1
2026-04-24 09:52:00,77973.50,77973.50,77973.50,77973.50,0.000000,0,0.000000,0.000000,77973.50,96439.04,-0.00008730,0.000000,0.000000,1
2026-04-24 09:53:00,77973.50,77973.50,77973.50,77973.50,0.000000,0,0.000000,0.000000,77973.50,96429.43,-0.00008730,0.000000,0.000000,1
2026-04-24 09:54:00,77973.50,77973.50,77973.50,77973.50,0.000000,0,0.000000,0.000000,77973.50,96429.64,-0.00008730,0.000000,0.000000,1
2026-04-24 09:55:00,77973.50,77973.50,77973.50,77973.50,0.000000,0,0.000000,0.000000,77973.50,96440.53,-0.00008730,0.000000,0.000000,1
2026-04-24 09:56:00,77973.50,77973.50,77973.50,77973.50,0.000000,0,0.000000,0.000000,77973.50,96462.37,-0.00008730,0.000000,0.000000,1
2026-04-24 09:57:00,77973.50,77973.50,77973.50,77973.50,0.000000,0,0.000000,0.000000,77973.50,96451.37,-0.00008730,0.000000,0.000000,1
2026-04-24 09:58:00,77973.50,77973.50,77973.50,77973.50,0.000000,0,0.000000,0.000000,77973.50,96438.84,-0.00008730,0.000000,0.000000,1
2026-04-24 09:59:00,77973.50,77973.50,77973.50,77973.50,0.000000,0,0.000000,0.000000,77973.50,96438.00,-0.00008730,0.000000,0.000000,1
2026-04-24 10:00:00,77973.50,77973.50,77973.50,77973.50,0.000000,0,0.000000,0.000000,77973.50,96440.26,-0.00008730,0.000000,0.000000,1
2026-04-24 10:01:00,77973.50,77973.50,77973.50,77973.50,0.000000,0,0.000000,0.000000,77973.50,96436.82,-0.00008730,0.000000,0.000000,1
2026-04-24 10:02:00,77973.50,77973.50,77973.50,77973.50,0.000000,0,0.000000,0.000000,77973.50,96408.79,-0.00008730,0.000000,0.000000,1
2026-04-24 10:03:00,77973.50,77973.50,77973.50,77973.50,0.000000,0,0.000000,0.000000,77973.50,96416.43,-0.00008730,0.000000,0.000000,1
2026-04-24 10:04:00,77973.50,77973.50,77973.50,77973.50,0.000000,0,0.000000,0.000000,77973.50,96413.25,-0.00008730,0.000000,0.000000,1
2026-04-24 10:05:00,77973.50,77973.50,77973.50,77973.50,0.000000,0,0.000000,0.000000,77973.50,96398.33,-0.00008730,0.000000,0.000000,1
2026-04-24 10:06:00,77973.50,77973.50,77973.50,77973.50,0.000000,0,0.000000,0.000000,77973.50,96389.62,-0.00008730,0.000000,0.000000,1
2026-04-24 10:07:00,77973.50,77973.50,77973.50,77973.50,0.000000,0,0.000000,0.000000,77973.50,96389.73,-0.00008730,0.000000,0.000000,1
2026-04-24 10:08:00,77973.50,77973.50,77973.50,77973.50,0.000000,0,0.000000,0.000000,77973.50,96382.63,-0.00008730,0.000000,0.000000,1
2026-04-24 10:09:00,77973.50,77973.50,77973.50,77973.50,0.000000,0,0.000000,0.000000,77973.50,96382.66,-0.00008730,0.000000,0.000000,1
2026-04-24 10:10:00,77973.50,77973.50,77973.50,77973.50,0.000000,0,0.000000,0.000000,77973.50,96382.37,-0.00008730,0.000000,0.000000,1
2026-04-24 10:11:00,77973.50,77973.50,77973.50,77973.50,0.000000,0,0.000000,0.000000,77973.50,96385.10,-0.00008730,0.000000,0.000000,1
2026-04-24 10:12:00,77973.50,77973.50,77973.50,77973.50,0.000000,0,0.000000,0.000000,77973.50,96381.96,-0.00008730,0.000000,0.000000,1
2026-04-24 10:13:00,77973.50,77973.50,77973.50,77973.50,0.000000,0,0.000000,0.000000,77973.50,96381.72,-0.00008730,0.000000,0.000000,1
2026-04-24 10:14:00,77973.50,77973.50,77973.50,77973.50,0.000000,0,0.000000,0.000000,77973.50,96387.28,-0.00008730,0.000000,0.000000,1
2026-04-24 10:15:00,77973.50,77973.50,77973.50,77973.50,0.000000,0,0.000000,0.000000,77973.50,96388.09,-0.00008730,0.000000,0.000000,1
2026-04-24 10:16:00,77973.50,77973.50,77973.50,77973.50,0.000000,0,0.000000,0.000000,77973.50,96395.66,-0.00008730,0.000000,0.000000,1
2026-04-24 10:17:00,77973.50,77973.50,77973.50,77973.50,0.000000,0,0.000000,0.000000,77973.50,96389.85,-0.00008730,0.000000,0.000000,1
2026-04-24 10:18:00,77973.50,77973.50,77973.50,77973.50,0.000000,0,0.000000,0.000000,77973.50,96391.15,-0.00008730,0.000000,0.000000,1
2026-04-24 10:19:00,77973.50,77973.50,77973.50,77973.50,0.000000,0,0.000000,0.000000,77973.50,96385.33,-0.00008730,0.000000,0.000000,1
2026-04-24 10:20:00,77973.50,77973.50,77973.50,77973.50,0.000000,0,0.000000,0.000000,77973.50,96382.47,-0.00008730,0.000000,0.000000,1
2026-04-24 10:21:00,77973.50,77973.50,77973.50,77973.50,0.000000,0,0.000000,0.000000,77973.50,96387.70,-0.00008730,0.000000,0.000000,1
2026-04-24 10:22:00,77973.50,77973.50,77973.50,77973.50,0.000000,0,0.000000,0.000000,77973.50,96411.94,-0.00008730,0.000000,0.000000,1
2026-04-24 10:23:00,77973.50,77973.50,77973.50,77973.50,0.000000,0,0.000000,0.000000,77973.50,96393.84,-0.00008730,0.000000,0.000000,1
2026-04-24 10:24:00,77973.50,77973.50,77973.50,77973.50,0.000000,0,0.000000,0.000000,77973.50,96383.59,-0.00008730,0.000000,0.000000,1
2026-04-24 10:25:00,77973.50,77973.50,77973.50,77973.50,0.000000,0,0.000000,0.000000,77973.50,96371.49,-0.00008730,0.000000,0.000000,1
2026-04-24 10:26:00,77973.50,77973.50,77973.50,77973.50,0.000000,0,0.000000,0.000000,77973.50,96322.56,-0.00008730,0.000000,0.000000,1
2026-04-24 10:27:00,77973.50,77973.50,77973.50,77973.50,0.000000,0,0.000000,0.000000,77973.50,96322.89,-0.00008730,0.000000,0.000000,1
2026-04-24 10:28:00,77973.50,77973.50,77973.50,77973.50,0.000000,0,0.000000,0.000000,77973.50,96314.27,-0.00008730,0.000000,0.000000,1
2026-04-24 10:29:00,77973.50,77973.50,77973.50,77973.50,0.000000,0,0.000000,0.000000,77973.50,96311.88,-0.00008730,0.000000,0.000000,1
2026-04-24 10:30:00,77973.50,77973.50,77973.50,77973.50,0.000000,0,0.000000,0.000000,77973.50,96308.71,-0.00008730,0.000000,0.000000,1
2026-04-24 10:31:00,77973.50,77973.50,77973.50,77973.50,0.000000,0,0.000000,0.000000,77973.50,96304.92,-0.00008730,0.000000,0.000000,1
2026-04-24 10:32:00,77973.50,77973.50,77973.50,77973.50,0.000000,0,0.000000,0.000000,77973.50,96302.77,-0.00008730,0.000000,0.000000,1
2026-04-24 10:33:00,77973.50,77973.50,77973.50,77973.50,0.000000,0,0.000000,0.000000,77973.50,96304.89,-0.00008730,0.000000,0.000000,1
2026-04-24 10:34:00,77973.50,77973.50,77973.50,77973.50,0.000000,0,0.000000,0.000000,77973.50,96297.02,-0.00008730,0.000000,0.000000,1
2026-04-24 10:35:00,77973.50,77973.50,77973.50,77973.50,0.000000,0,0.000000,0.000000,77973.50,96290.48,-0.00008730,0.000000,0.000000,1
2026-04-24 10:36:00,77973.50,77973.50,77973.50,77973.50,0.000000,0,0.000000,0.000000,77973.50,96279.71,-0.00008730,0.000000,0.000000,1
2026-04-24 10:37:00,77973.50,77973.50,77973.50,77973.50,0.000000,0,0.000000,0.000000,77973.50,96278.42,-0.00008730,0.000000,0.000000,1
2026-04-24 10:38:00,77973.50,77973.50,77973.50,77973.50,0.000000,0,0.000000,0.000000,77973.50,96272.93,-0.00008730,0.000000,0.000000,1
2026-04-24 10:39:00,77973.50,77973.50,77973.50,77973.50,0.000000,0,0.000000,0.000000,77973.50,96268.13,-0.00008730,0.000000,0.000000,1
2026-04-24 10:40:00,77973.50,77973.50,77973.50,77973.50,0.000000,0,0.000000,0.000000,77973.50,96265.76,-0.00008730,0.000000,0.000000,1
2026-04-24 10:41:00,77973.50,77973.50,77973.50,77973.50,0.000000,0,0.000000,0.000000,77973.50,96263.35,-0.00008730,0.000000,0.000000,1
2026-04-24 10:42:00,77973.50,77973.50,77973.50,77973.50,0.000000,0,0.000000,0.000000,77973.50,96259.99,-0.00008730,0.000000,0.000000,1
2026-04-24 10:43:00,77973.50,77973.50,77973.50,77973.50,0.000000,0,0.000000,0.000000,77973.50,96249.69,-0.00008730,0.000000,0.000000,1
2026-04-24 10:44:00,77973.50,77973.50,77973.50,77973.50,0.000000,0,0.000000,0.000000,77973.50,96248.16,-0.00008730,0.000000,0.000000,1
2026-04-24 10:45:00,77973.50,77973.50,77973.50,77973.50,0.000000,0,0.000000,0.000000,77973.50,96267.85,-0.00008730,0.000000,0.000000,1
2026-04-24 10:46:00,77973.50,77973.50,77973.50,77973.50,0.000000,0,0.000000,0.000000,77973.50,96265.59,-0.00008730,0.000000,0.000000,1
2026-04-24 10:47:00,77973.50,77973.50,77973.50,77973.50,0.000000,0,0.000000,0.000000,77973.50,96280.91,-0.00008730,0.000000,0.000000,1
2026-04-24 10:48:00,77973.50,77973.50,77973.50,77973.50,0.000000,0,0.000000,0.000000,77973.50,96209.34,-0.00008730,0.000000,0.000000,1
2026-04-24 10:49:00,77973.50,77973.50,77973.50,77973.50,0.000000,0,0.000000,0.000000,77973.50,96203.33,-0.00008730,0.000000,0.000000,1
2026-04-24 10:50:00,77973.50,77973.50,77973.50,77973.50,0.000000,0,0.000000,0.000000,77973.50,96196.14,-0.00008730,0.000000,0.000000,1
2026-04-24 10:51:00,77973.50,77973.50,77973.50,77973.50,0.000000,0,0.000000,0.000000,77973.50,96196.02,-0.00008730,0.000000,0.000000,1
2026-04-24 10:52:00,77973.50,77973.50,77973.50,77973.50,0.000000,0,0.000000,0.000000,77973.50,96184.74,-0.00008730,0.000000,0.000000,1
2026-04-24 10:53:00,77973.50,77973.50,77973.50,77973.50,0.000000,0,0.000000,0.000000,77973.50,96172.85,-0.00008730,0.000000,0.000000,1
2026-04-24 10:54:00,77973.50,77973.50,77973.50,77973.50,0.000000,0,0.000000,0.000000,77973.50,96170.66,-0.00008730,0.000000,0.000000,1
2026-04-24 10:55:00,77973.50,77973.50,77973.50,77973.50,0.000000,0,0.000000,0.000000,77973.50,96163.33,-0.00008730,0.000000,0.000000,1
2026-04-24 10:56:00,77973.50,77973.50,77973.50,77973.50,0.000000,0,0.000000,0.000000,77973.50,96154.96,-0.00008730,0.000000,0.000000,1
2026-04-24 10:57:00,77973.50,77973.50,77973.50,77973.50,0.000000,0,0.000000,0.000000,77973.50,96131.12,-0.00008730,0.000000,0.000000,1
2026-04-24 10:58:00,77973.50,77973.50,77973.50,77973.50,0.000000,0,0.000000,0.000000,77973.50,96107.81,-0.00008730,0.000000,0.000000,1
2026-04-24 10:59:00,77973.50,77973.50,77973.50,77973.50,0.000000,0,0.000000,0.000000,77973.50,96109.95,-0.00008730,0.000000,0.000000,1
2026-04-24 11:00:00,77973.50,77973.50,77973.50,77973.50,0.000000,0,0.000000,0.000000,77973.50,96121.23,-0.00008730,0.000000,0.000000,1
2026-04-24 11:01:00,77973.50,77973.50,77973.50,77973.50,0.000000,0,0.000000,0.000000,77973.50,96280.33,-0.00008730,0.000000,0.000000,1
2026-04-24 11:02:00,77973.50,77973.50,77973.50,77973.50,0.000000,0,0.000000,0.000000,77973.50,96745.44,-0.00008730,0.000000,0.000000,1
2026-04-24 11:03:00,77973.50,77973.50,77973.50,77973.50,0.000000,0,0.000000,0.000000,77973.50,96754.70,-0.00008730,0.000000,0.000000,1
2026-04-24 11:04:00,77973.50,77973.50,77973.50,77973.50,0.000000,0,0.000000,0.000000,77973.50,96810.98,-0.00008730,0.000000,0.000000,1
2026-04-24 11:05:00,77973.50,77973.50,77973.50,77973.50,0.000000,0,0.000000,0.000000,77973.50,96834.45,-0.00008730,0.000000,0.000000,1
2026-04-24 11:06:00,77973.50,77973.50,77973.50,77973.50,0.000000,0,0.000000,0.000000,77973.50,96511.98,-0.00008730,0.000000,0.000000,1
2026-04-24 11:07:00,77973.50,77973.50,77973.50,77973.50,0.000000,0,0.000000,0.000000,77973.50,96505.20,-0.00008730,0.000000,0.000000,1
2026-04-24 11:08:00,77973.50,77973.50,77973.50,77973.50,0.000000,0,0.000000,0.000000,77973.50,96460.11,-0.00008730,0.000000,0.000000,1
2026-04-24 11:09:00,77973.50,77973.50,77973.50,77973.50,0.000000,0,0.000000,0.000000,77973.50,96440.97,-0.00008730,0.000000,0.000000,1
2026-04-24 11:10:00,77973.50,77973.50,77973.50,77973.50,0.000000,0,0.000000,0.000000,77973.50,96393.31,-0.00008730,0.000000,0.000000,1
2026-04-24 11:11:00,77973.50,77973.50,77973.50,77973.50,0.000000,0,0.000000,0.000000,77973.50,96365.06,-0.00008730,0.000000,0.000000,1
2026-04-24 11:12:00,77973.50,77973.50,77973.50,77973.50,0.000000,0,0.000000,0.000000,77973.50,96311.93,-0.00008730,0.000000,0.000000,1
2026-04-24 11:13:00,77973.50,77973.50,77973.50,77973.50,0.000000,0,0.000000,0.000000,77973.50,96258.97,-0.00008730,0.000000,0.000000,1
2026-04-24 11:14:00,77973.50,77973.50,77973.50,77973.50,0.000000,0,0.000000,0.000000,77973.50,96248.95,-0.00008730,0.000000,0.000000,1
2026-04-24 11:15:00,77973.50,77973.50,77973.50,77973.50,0.000000,0,0.000000,0.000000,77973.50,96235.63,-0.00008730,0.000000,0.000000,1
2026-04-24 11:16:00,77973.50,77973.50,77973.50,77973.50,0.000000,0,0.000000,0.000000,77973.50,96220.15,-0.00008730,0.000000,0.000000,1
2026-04-24 11:17:00,77973.50,77973.50,77973.50,77973.50,0.000000,0,0.000000,0.000000,77973.50,96183.84,-0.00008730,0.000000,0.000000,1
2026-04-24 11:18:00,77973.50,77973.50,77973.50,77973.50,0.000000,0,0.000000,0.000000,77973.50,96177.59,-0.00008730,0.000000,0.000000,1
2026-04-24 11:19:00,77973.50,77973.50,77973.50,77973.50,0.000000,0,0.000000,0.000000,77973.50,96119.59,-0.00008730,0.000000,0.000000,1
2026-04-24 11:20:00,77973.50,77973.50,77973.50,77973.50,0.000000,0,0.000000,0.000000,77973.50,96117.17,-0.00008730,0.000000,0.000000,1
2026-04-24 11:21:00,77973.50,77973.50,77973.50,77973.50,0.000000,0,0.000000,0.000000,77973.50,96113.85,-0.00008730,0.000000,0.000000,1
2026-04-24 11:22:00,77973.50,77973.50,77973.50,77973.50,0.000000,0,0.000000,0.000000,77973.50,96116.90,-0.00008730,0.000000,0.000000,1
2026-04-24 11:23:00,77973.50,77973.50,77973.50,77973.50,0.000000,0,0.000000,0.000000,77973.50,96138.90,-0.00008730,0.000000,0.000000,1
2026-04-24 11:24:00,77973.50,77973.50,77973.50,77973.50,0.000000,0,0.000000,0.000000,77973.50,96120.19,-0.00008730,0.000000,0.000000,1
2026-04-24 11:25:00,77973.50,77973.50,77973.50,77973.50,0.000000,0,0.000000,0.000000,77973.50,96148.27,-0.00008730,0.000000,0.000000,1
2026-04-24 11:26:00,77973.50,77973.50,77973.50,77973.50,0.000000,0,0.000000,0.000000,77973.50,96109.68,-0.00008730,0.000000,0.000000,1
2026-04-24 11:27:00,77973.50,77973.50,77973.50,77973.50,0.000000,0,0.000000,0.000000,77973.50,96114.71,-0.00008730,0.000000,0.000000,1
2026-04-24 11:28:00,77973.50,77973.50,77973.50,77973.50,0.000000,0,0.000000,0.000000,77973.50,96100.72,-0.00008730,0.000000,0.000000,1
2026-04-24 11:29:00,77973.50,77973.50,77973.50,77973.50,0.000000,0,0.000000,0.000000,77973.50,96112.15,-0.00008730,0.000000,0.000000,1
2026-04-24 11:30:00,77973.50,77973.50,77973.50,77973.50,0.000000,0,0.000000,0.000000,77973.50,96130.26,-0.00008730,0.000000,0.000000,1
2026-04-24 11:31:00,77973.50,77973.50,77973.50,77973.50,0.000000,0,0.000000,0.000000,77973.50,96141.29,-0.00008730,0.000000,0.000000,1
2026-04-24 11:32:00,77973.50,77973.50,77973.50,77973.50,0.000000,0,0.000000,0.000000,77973.50,96151.63,-0.00008730,0.000000,0.000000,1
2026-04-24 11:33:00,77973.50,77973.50,77973.50,77973.50,0.000000,0,0.000000,0.000000,77973.50,96121.64,-0.00008730,0.000000,0.000000,1
2026-04-24 11:34:00,77973.50,77973.50,77973.50,77973.50,0.000000,0,0.000000,0.000000,77973.50,96133.14,-0.00008730,0.000000,0.000000,1
2026-04-24 11:35:00,77973.50,77973.50,77973.50,77973.50,0.000000,0,0.000000,0.000000,77973.50,96109.88,-0.00008730,0.000000,0.000000,1
2026-04-24 11:36:00,77973.50,77973.50,77973.50,77973.50,0.000000,0,0.000000,0.000000,77973.50,96104.23,-0.00008730,0.000000,0.000000,1
2026-04-24 11:37:00,77973.50,77973.50,77973.50,77973.50,0.000000,0,0.000000,0.000000,77973.50,96090.30,-0.00008730,0.000000,0.000000,1
2026-04-24 11:38:00,77973.50,77973.50,77973.50,77973.50,0.000000,0,0.000000,0.000000,77973.50,96095.78,-0.00008730,0.000000,0.000000,1
2026-04-24 11:39:00,77973.50,77973.50,77973.50,77973.50,0.000000,0,0.000000,0.000000,77973.50,96095.78,-0.00008730,0.000000,0.000000,1
2026-04-24 11:40:00,77973.50,77973.50,77973.50,77973.50,0.000000,0,0.000000,0.000000,77973.50,96001.06,-0.00008730,0.000000,0.000000,1
2026-04-24 11:41:00,77973.50,77973.50,77973.50,77973.50,0.000000,0,0.000000,0.000000,77973.50,96002.95,-0.00008730,0.000000,0.000000,1
2026-04-24 11:42:00,77973.50,77973.50,77973.50,77973.50,0.000000,0,0.000000,0.000000,77973.50,96020.44,-0.00008730,0.000000,0.000000,1
2026-04-24 11:43:00,77973.50,77973.50,77973.50,77973.50,0.000000,0,0.000000,0.000000,77973.50,96030.12,-0.00008730,0.000000,0.000000,1
2026-04-24 11:44:00,77973.50,77973.50,77973.50,77973.50,0.000000,0,0.000000,0.000000,77973.50,96034.82,-0.00008730,0.000000,0.000000,1
2026-04-24 11:45:00,77973.50,77973.50,77973.50,77973.50,0.000000,0,0.000000,0.000000,77973.50,96035.77,-0.00008730,0.000000,0.000000,1
2026-04-24 11:46:00,77973.50,77973.50,77973.50,77973.50,0.000000,0,0.000000,0.000000,77973.50,96079.21,-0.00008730,0.000000,0.000000,1
2026-04-24 11:47:00,77973.50,77973.50,77973.50,77973.50,0.000000,0,0.000000,0.000000,77973.50,96073.21,-0.00008730,0.000000,0.000000,1
2026-04-24 11:48:00,77973.50,77973.50,77973.50,77973.50,0.000000,0,0.000000,0.000000,77973.50,96072.55,-0.00008730,0.000000,0.000000,1
2026-04-24 11:49:00,77973.50,77973.50,77973.50,77973.50,0.000000,0,0.000000,0.000000,77973.50,96096.59,-0.00008730,0.000000,0.000000,1
2026-04-24 11:50:00,77973.50,77973.50,77973.50,77973.50,0.000000,0,0.000000,0.000000,77973.50,96109.14,-0.00008730,0.000000,0.000000,1
2026-04-24 11:51:00,77973.50,77973.50,77973.50,77973.50,0.000000,0,0.000000,0.000000,77973.50,96131.29,-0.00008730,0.000000,0.000000,1
2026-04-24 11:52:00,77973.50,77973.50,77973.50,77973.50,0.000000,0,0.000000,0.000000,77973.50,96159.80,-0.00008730,0.000000,0.000000,1
2026-04-24 11:53:00,77973.50,77973.50,77973.50,77973.50,0.000000,0,0.000000,0.000000,77973.50,96199.99,-0.00008730,0.000000,0.000000,1
2026-04-24 11:54:00,77973.50,77973.50,77973.50,77973.50,0.000000,0,0.000000,0.000000,77973.50,96244.07,-0.00008730,0.000000,0.000000,1
2026-04-24 11:55:00,77973.50,77973.50,77973.50,77973.50,0.000000,0,0.000000,0.000000,77973.50,96252.58,-0.00008730,0.000000,0.000000,1
2026-04-24 11:56:00,77973.50,77973.50,77973.50,77973.50,0.000000,0,0.000000,0.000000,77973.50,96275.68,-0.00008730,0.000000,0.000000,1
2026-04-24 11:57:00,77973.50,77973.50,77973.50,77973.50,0.000000,0,0.000000,0.000000,77973.50,96291.17,-0.00008730,0.000000,0.000000,1
2026-04-24 11:58:00,77973.50,77973.50,77973.50,77973.50,0.000000,0,0.000000,0.000000,77973.50,96299.53,-0.00008730,0.000000,0.000000,1
2026-04-24 11:59:00,77973.50,77973.50,77973.50,77973.50,0.000000,0,0.000000,0.000000,77973.50,96305.52,-0.00008730,0.000000,0.000000,1
2026-04-24 12:00:00,77973.50,77973.50,77973.50,77973.50,0.000000,0,0.000000,0.000000,77973.50,96305.21,-0.00008730,0.000000,0.000000,1
2026-04-24 12:01:00,77973.50,77973.50,77973.50,77973.50,0.000000,0,0.000000,0.000000,77973.50,96328.42,-0.00008730,0.000000,0.000000,1
2026-04-24 12:02:00,77973.50,77973.50,77973.50,77973.50,0.000000,0,0.000000,0.000000,77973.50,96344.46,-0.00008730,0.000000,0.000000,1
2026-04-24 12:03:00,77973.50,77973.50,77973.50,77973.50,0.000000,0,0.000000,0.000000,77973.50,96365.19,-0.00008730,0.000000,0.000000,1
2026-04-24 12:04:00,77973.50,77973.50,77973.50,77973.50,0.000000,0,0.000000,0.000000,77973.50,96469.32,-0.00008730,0.000000,0.000000,1
2026-04-24 12:05:00,77973.50,77973.50,77973.50,77973.50,0.000000,0,0.000000,0.000000,77973.50,96484.19,-0.00008730,0.000000,0.000000,1
2026-04-24 12:06:00,77973.50,77973.50,77973.50,77973.50,0.000000,0,0.000000,0.000000,77973.50,96495.04,-0.00008730,0.000000,0.000000,1
2026-04-24 12:07:00,77973.50,77973.50,77973.50,77973.50,0.000000,0,0.000000,0.000000,77973.50,96503.96,-0.00008730,0.000000,0.000000,1
2026-04-24 12:08:00,77973.50,77973.50,77973.50,77973.50,0.000000,0,0.000000,0.000000,77973.50,96515.65,-0.00008730,0.000000,0.000000,1
2026-04-24 12:09:00,77973.50,77973.50,77973.50,77973.50,0.000000,0,0.000000,0.000000,77973.50,96534.22,-0.00008730,0.000000,0.000000,1
2026-04-24 12:10:00,77973.50,77973.50,77973.50,77973.50,0.000000,0,0.000000,0.000000,77973.50,96549.90,-0.00008730,0.000000,0.000000,1
2026-04-24 12:11:00,77973.50,77973.50,77973.50,77973.50,0.000000,0,0.000000,0.000000,77973.50,96548.68,-0.00008730,0.000000,0.000000,1
2026-04-24 12:12:00,77973.50,77973.50,77973.50,77973.50,0.000000,0,0.000000,0.000000,77973.50,96546.38,-0.00008730,0.000000,0.000000,1
2026-04-24 12:13:00,77973.50,77973.50,77973.50,77973.50,0.000000,0,0.000000,0.000000,77973.50,96551.51,-0.00008730,0.000000,0.000000,1
2026-04-24 12:14:00,77973.50,77973.50,77973.50,77973.50,0.000000,0,0.000000,0.000000,77973.50,96550.61,-0.00008730,0.000000,0.000000,1
2026-04-24 12:15:00,77973.50,77973.50,77973.50,77973.50,0.000000,0,0.000000,0.000000,77973.50,96557.91,-0.00008730,0.000000,0.000000,1
2026-04-24 12:16:00,77973.50,77973.50,77973.50,77973.50,0.000000,0,0.000000,0.000000,77973.50,96539.68,-0.00008730,0.000000,0.000000,1
2026-04-24 12:17:00,77973.50,77973.50,77973.50,77973.50,0.000000,0,0.000000,0.000000,77973.50,96538.24,-0.00008730,0.000000,0.000000,1
2026-04-24 12:18:00,77973.50,77973.50,77973.50,77973.50,0.000000,0,0.000000,0.000000,77973.50,96541.25,-0.00008730,0.000000,0.000000,1
2026-04-24 12:19:00,77973.50,77973.50,77973.50,77973.50,0.000000,0,0.000000,0.000000,77973.50,96553.39,-0.00008730,0.000000,0.000000,1
2026-04-24 12:20:00,77973.50,77973.50,77973.50,77973.50,0.000000,0,0.000000,0.000000,77973.50,96564.62,-0.00008730,0.000000,0.000000,1
2026-04-24 12:21:00,77973.50,77973.50,77973.50,77973.50,0.000000,0,0.000000,0.000000,77973.50,96597.13,-0.00008730,0.000000,0.000000,1
2026-04-24 12:22:00,77973.50,77973.50,77973.50,77973.50,0.000000,0,0.000000,0.000000,77973.50,96608.20,-0.00008730,0.000000,0.000000,1
2026-04-24 12:23:00,77973.50,77973.50,77973.50,77973.50,0.000000,0,0.000000,0.000000,77973.50,96639.49,-0.00008730,0.000000,0.000000,1
2026-04-24 12:24:00,77973.50,77973.50,77973.50,77973.50,0.000000,0,0.000000,0.000000,77973.50,96638.96,-0.00008730,0.000000,0.000000,1
2026-04-24 12:25:00,77973.50,77973.50,77973.50,77973.50,0.000000,0,0.000000,0.000000,77973.50,96649.76,-0.00008730,0.000000,0.000000,1
2026-04-24 12:26:00,77973.50,77973.50,77973.50,77973.50,0.000000,0,0.000000,0.000000,77973.50,96662.61,-0.00008730,0.000000,0.000000,1
2026-04-24 12:27:00,77973.50,77973.50,77973.50,77973.50,0.000000,0,0.000000,0.000000,77973.50,96670.05,-0.00008730,0.000000,0.000000,1
2026-04-24 12:28:00,77973.50,77973.50,77973.50,77973.50,0.000000,0,0.000000,0.000000,77973.50,96665.45,-0.00008730,0.000000,0.000000,1
2026-04-24 12:29:00,77973.50,77973.50,77973.50,77973.50,0.000000,0,0.000000,0.000000,77973.50,96668.42,-0.00008730,0.000000,0.000000,1
2026-04-24 12:30:00,77973.50,77973.50,77973.50,77973.50,0.000000,0,0.000000,0.000000,77973.50,96662.23,-0.00008730,0.000000,0.000000,1
2026-04-24 12:31:00,77973.50,77973.50,77973.50,77973.50,0.000000,0,0.000000,0.000000,77973.50,96662.69,-0.00008730,0.000000,0.000000,1
2026-04-24 12:32:00,77973.50,77973.50,77973.50,77973.50,0.000000,0,0.000000,0.000000,77973.50,96634.70,-0.00008730,0.000000,0.000000,1
2026-04-24 12:33:00,77973.50,77973.50,77973.50,77973.50,0.000000,0,0.000000,0.000000,77973.50,96634.43,-0.00008730,0.000000,0.000000,1
2026-04-24 12:34:00,77973.50,77973.50,77973.50,77973.50,0.000000,0,0.000000,0.000000,77973.50,96646.89,-0.00008730,0.000000,0.000000,1
2026-04-24 12:35:00,77973.50,77973.50,77973.50,77973.50,0.000000,0,0.000000,0.000000,77973.50,96645.69,-0.00008730,0.000000,0.000000,1
2026-04-24 12:36:00,77973.50,77973.50,77973.50,77973.50,0.000000,0,0.000000,0.000000,77973.50,96656.33,-0.00008730,0.000000,0.000000,1
2026-04-24 12:37:00,77973.50,77973.50,77973.50,77973.50,0.000000,0,0.000000,0.000000,77973.50,96689.09,-0.00008730,0.000000,0.000000,1
2026-04-24 12:38:00,77973.50,77973.50,77973.50,77973.50,0.000000,0,0.000000,0.000000,77973.50,96704.03,-0.00008730,0.000000,0.000000,1
2026-04-24 12:39:00,77973.50,77973.50,77973.50,77973.50,0.000000,0,0.000000,0.000000,77973.50,96782.42,-0.00008730,0.000000,0.000000,1
2026-04-24 12:40:00,77973.50,77973.50,77973.50,77973.50,0.000000,0,0.000000,0.000000,77973.50,96787.63,-0.00008730,0.000000,0.000000,1
2026-04-24 12:41:00,77973.50,77973.50,77973.50,77973.50,0.000000,0,0.000000,0.000000,77973.50,96784.30,-0.00008730,0.000000,0.000000,1
2026-04-24 12:42:00,77973.50,77973.50,77973.50,77973.50,0.000000,0,0.000000,0.000000,77973.50,96784.47,-0.00008730,0.000000,0.000000,1
2026-04-24 12:43:00,77973.50,77973.50,77973.50,77973.50,0.000000,0,0.000000,0.000000,77973.50,96786.97,-0.00008730,0.000000,0.000000,1
2026-04-24 12:44:00,77973.50,77973.50,77973.50,77973.50,0.000000,0,0.000000,0.000000,77973.50,96797.40,-0.00008730,0.000000,0.000000,1
2026-04-24 12:45:00,77973.50,77973.50,77973.50,77973.50,0.000000,0,0.000000,0.000000,77973.50,96810.81,-0.00008730,0.000000,0.000000,1
2026-04-24 12:46:00,77973.50,77973.50,77973.50,77973.50,0.000000,0,0.000000,0.000000,77973.50,96821.14,-0.00008730,0.000000,0.000000,1
2026-04-24 12:47:00,77973.50,77973.50,77973.50,77973.50,0.000000,0,0.000000,0.000000,77973.50,96819.57,-0.00008730,0.000000,0.000000,1
2026-04-24 12:48:00,77973.50,77973.50,77973.50,77973.50,0.000000,0,0.000000,0.000000,77973.50,96819.02,-0.00008730,0.000000,0.000000,1
2026-04-24 12:49:00,77973.50,77973.50,77973.50,77973.50,0.000000,0,0.000000,0.000000,77973.50,96850.11,-0.00008730,0.000000,0.000000,1
2026-04-24 12:50:00,77973.50,77973.50,77973.50,77973.50,0.000000,0,0.000000,0.000000,77973.50,96852.82,-0.00008730,0.000000,0.000000,1
2026-04-24 12:51:00,77973.50,77973.50,77973.50,77973.50,0.000000,0,0.000000,0.000000,77973.50,96904.55,-0.00008730,0.000000,0.000000,1
2026-04-24 12:52:00,77973.50,77973.50,77973.50,77973.50,0.000000,0,0.000000,0.000000,77973.50,96895.16,-0.00008730,0.000000,0.000000,1
2026-04-24 12:53:00,77973.50,77973.50,77973.50,77973.50,0.000000,0,0.000000,0.000000,77973.50,96879.97,-0.00008730,0.000000,0.000000,1
2026-04-24 12:54:00,77973.50,77973.50,77973.50,77973.50,0.000000,0,0.000000,0.000000,77973.50,96885.74,-0.00008730,0.000000,0.000000,1
2026-04-24 12:55:00,77973.50,77973.50,77973.50,77973.50,0.000000,0,0.000000,0.000000,77973.50,96876.47,-0.00008730,0.000000,0.000000,1
2026-04-24 12:56:00,77973.50,77973.50,77973.50,77973.50,0.000000,0,0.000000,0.000000,77973.50,96899.52,-0.00008730,0.000000,0.000000,1
2026-04-24 12:57:00,77973.50,77973.50,77973.50,77973.50,0.000000,0,0.000000,0.000000,77973.50,96897.39,-0.00008730,0.000000,0.000000,1
2026-04-24 12:58:00,77973.50,77973.50,77973.50,77973.50,0.000000,0,0.000000,0.000000,77973.50,96889.21,-0.00008730,0.000000,0.000000,1
2026-04-24 12:59:00,77973.50,77973.50,77973.50,77973.50,0.000000,0,0.000000,0.000000,77973.50,96892.01,-0.00008730,0.000000,0.000000,1
2026-04-24 13:00:00,77973.50,77973.50,77973.50,77973.50,0.000000,0,0.000000,0.000000,77973.50,96893.73,-0.00008730,0.000000,0.000000,1
2026-04-24 13:01:00,77973.50,77973.50,77973.50,77973.50,0.000000,0,0.000000,0.000000,77973.50,96859.31,-0.00008730,0.000000,0.000000,1
2026-04-24 13:02:00,77973.50,77973.50,77973.50,77973.50,0.000000,0,0.000000,0.000000,77973.50,96876.77,-0.00008730,0.000000,0.000000,1
2026-04-24 13:03:00,77973.50,77973.50,77973.50,77973.50,0.000000,0,0.000000,0.000000,77973.50,96935.11,-0.00008730,0.000000,0.000000,1
2026-04-24 13:04:00,77973.50,77973.50,77973.50,77973.50,0.000000,0,0.000000,0.000000,77973.50,96954.70,-0.00008730,0.000000,0.000000,1
2026-04-24 13:05:00,77973.50,77973.50,77973.50,77973.50,0.000000,0,0.000000,0.000000,77973.50,96960.90,-0.00008730,0.000000,0.000000,1
2026-04-24 13:06:00,77973.50,77973.50,77973.50,77973.50,0.000000,0,0.000000,0.000000,77973.50,96975.83,-0.00008730,0.000000,0.000000,1
2026-04-24 13:07:00,77973.50,77973.50,77973.50,77973.50,0.000000,0,0.000000,0.000000,77973.50,97002.18,-0.00008730,0.000000,0.000000,1
2026-04-24 13:08:00,77973.50,77973.50,77973.50,77973.50,0.000000,0,0.000000,0.000000,77973.50,97040.34,-0.00008730,0.000000,0.000000,1
2026-04-24 13:09:00,77973.50,77973.50,77973.50,77973.50,0.000000,0,0.000000,0.000000,77973.50,97035.02,-0.00008730,0.000000,0.000000,1
2026-04-24 13:10:00,77973.50,77973.50,77973.50,77973.50,0.000000,0,0.000000,0.000000,77973.50,97043.33,-0.00008730,0.000000,0.000000,1
2026-04-24 13:11:00,77973.50,77973.50,77973.50,77973.50,0.000000,0,0.000000,0.000000,77973.50,97061.61,-0.00008730,0.000000,0.000000,1
2026-04-24 13:12:00,77973.50,77973.50,77973.50,77973.50,0.000000,0,0.000000,0.000000,77973.50,97069.09,-0.00008730,0.000000,0.000000,1
2026-04-24 13:13:00,77973.50,77973.50,77973.50,77973.50,0.000000,0,0.000000,0.000000,77973.50,97067.59,-0.00008730,0.000000,0.000000,1
2026-04-24 13:14:00,77973.50,77973.50,77973.50,77973.50,0.000000,0,0.000000,0.000000,77973.50,97089.31,-0.00008730,0.000000,0.000000,1
2026-04-24 13:15:00,77973.50,77973.50,77973.50,77973.50,0.000000,0,0.000000,0.000000,77973.50,97092.64,-0.00008730,0.000000,0.000000,1
2026-04-24 13:16:00,77973.50,77973.50,77973.50,77973.50,0.000000,0,0.000000,0.000000,77973.50,97111.55,-0.00008730,0.000000,0.000000,1
2026-04-24 13:17:00,77973.50,77973.50,77973.50,77973.50,0.000000,0,0.000000,0.000000,77973.50,97131.77,-0.00008730,0.000000,0.000000,1
2026-04-24 13:18:00,77973.50,77973.50,77973.50,77973.50,0.000000,0,0.000000,0.000000,77973.50,97135.99,-0.00008730,0.000000,0.000000,1
2026-04-24 13:19:00,77973.50,77973.50,77973.50,77973.50,0.000000,0,0.000000,0.000000,77973.50,97135.56,-0.00008730,0.000000,0.000000,1
2026-04-24 13:20:00,77973.50,77973.50,77973.50,77973.50,0.000000,0,0.000000,0.000000,77973.50,97155.70,-0.00008730,0.000000,0.000000,1
2026-04-24 13:21:00,77973.50,77973.50,77973.50,77973.50,0.000000,0,0.000000,0.000000,77973.50,97158.77,-0.00008730,0.000000,0.000000,1
2026-04-24 13:22:00,77973.50,77973.50,77973.50,77973.50,0.000000,0,0.000000,0.000000,77973.50,97172.82,-0.00008730,0.000000,0.000000,1
2026-04-24 13:23:00,77973.50,77973.50,77973.50,77973.50,0.000000,0,0.000000,0.000000,77973.50,97186.53,-0.00008730,0.000000,0.000000,1
2026-04-24 13:24:00,77973.50,77973.50,77973.50,77973.50,0.000000,0,0.000000,0.000000,77973.50,97219.29,-0.00008730,0.000000,0.000000,1
2026-04-24 13:25:00,77973.50,77973.50,77973.50,77973.50,0.000000,0,0.000000,0.000000,77973.50,97194.54,-0.00008730,0.000000,0.000000,1
2026-04-24 13:26:00,77973.50,77973.50,77973.50,77973.50,0.000000,0,0.000000,0.000000,77973.50,97198.27,-0.00008730,0.000000,0.000000,1
2026-04-24 13:27:00,77973.50,77973.50,77973.50,77973.50,0.000000,0,0.000000,0.000000,77973.50,97196.34,-0.00008730,0.000000,0.000000,1
2026-04-24 13:28:00,77973.50,77973.50,77973.50,77973.50,0.000000,0,0.000000,0.000000,77973.50,97170.78,-0.00008730,0.000000,0.000000,1
2026-04-24 13:29:00,77973.50,77973.50,77973.50,77973.50,0.000000,0,0.000000,0.000000,77973.50,97172.78,-0.00008730,0.000000,0.000000,1
2026-04-24 13:30:00,77973.50,77973.50,77973.50,77973.50,0.000000,0,0.000000,0.000000,77973.50,97166.96,-0.00008730,0.000000,0.000000,1
2026-04-24 13:31:00,77973.50,77973.50,77973.50,77973.50,0.000000,0,0.000000,0.000000,77973.50,97135.94,-0.00008730,0.000000,0.000000,1
2026-04-24 13:32:00,77973.50,77973.50,77973.50,77973.50,0.000000,0,0.000000,0.000000,77973.50,97099.72,-0.00008730,0.000000,0.000000,1
2026-04-24 13:33:00,77973.50,77973.50,77973.50,77973.50,0.000000,0,0.000000,0.000000,77973.50,97108.46,-0.00008730,0.000000,0.000000,1
2026-04-24 13:34:00,77973.50,77973.50,77973.50,77973.50,0.000000,0,0.000000,0.000000,77973.50,97069.34,-0.00008730,0.000000,0.000000,1
2026-04-24 13:35:00,77973.50,77973.50,77973.50,77973.50,0.000000,0,0.000000,0.000000,77973.50,97068.47,-0.00008730,0.000000,0.000000,1
2026-04-24 13:36:00,77973.50,77973.50,77973.50,77973.50,0.000000,0,0.000000,0.000000,77973.50,97094.85,-0.00008730,0.000000,0.000000,1
2026-04-24 13:37:00,77973.50,77973.50,77973.50,77973.50,0.000000,0,0.000000,0.000000,77973.50,97106.87,-0.00008730,0.000000,0.000000,1
2026-04-24 13:38:00,77973.50,77973.50,77973.50,77973.50,0.000000,0,0.000000,0.000000,77973.50,97090.23,-0.00008730,0.000000,0.000000,1
2026-04-24 13:39:00,77973.50,77973.50,77973.50,77973.50,0.000000,0,0.000000,0.000000,77973.50,97099.87,-0.00008730,0.000000,0.000000,1
2026-04-24 13:40:00,77973.50,77973.50,77973.50,77973.50,0.000000,0,0.000000,0.000000,77973.50,97122.82,-0.00008730,0.000000,0.000000,1
2026-04-24 13:41:00,77973.50,77973.50,77973.50,77973.50,0.000000,0,0.000000,0.000000,77973.50,97136.08,-0.00008730,0.000000,0.000000,1
2026-04-24 13:42:00,77973.50,77973.50,77973.50,77973.50,0.000000,0,0.000000,0.000000,77973.50,97131.97,-0.00008730,0.000000,0.000000,1
2026-04-24 13:43:00,77973.50,77973.50,77973.50,77973.50,0.000000,0,0.000000,0.000000,77973.50,97136.59,-0.00008730,0.000000,0.000000,1
2026-04-24 13:44:00,77973.50,77973.50,77973.50,77973.50,0.000000,0,0.000000,0.000000,77973.50,97135.73,-0.00008730,0.000000,0.000000,1
2026-04-24 13:45:00,77973.50,77973.50,77973.50,77973.50,0.000000,0,0.000000,0.000000,77973.50,97141.83,-0.00008730,0.000000,0.000000,1
2026-04-24 13:46:00,77973.50,77973.50,77973.50,77973.50,0.000000,0,0.000000,0.000000,77973.50,97124.43,-0.00008730,0.000000,0.000000,1
2026-04-24 13:47:00,77973.50,77973.50,77973.50,77973.50,0.000000,0,0.000000,0.000000,77973.50,97143.91,-0.00008730,0.000000,0.000000,1
2026-04-24 13:48:00,77973.50,77973.50,77973.50,77973.50,0.000000,0,0.000000,0.000000,77973.50,97154.56,-0.00008730,0.000000,0.000000,1
2026-04-24 13:49:00,77973.50,77973.50,77973.50,77973.50,0.000000,0,0.000000,0.000000,77973.50,97114.56,-0.00008730,0.000000,0.000000,1
2026-04-24 13:50:00,77973.50,77973.50,77973.50,77973.50,0.000000,0,0.000000,0.000000,77973.50,97118.61,-0.00008730,0.000000,0.000000,1
2026-04-24 13:51:00,77973.50,77973.50,77973.50,77973.50,0.000000,0,0.000000,0.000000,77973.50,97138.03,-0.00008730,0.000000,0.000000,1
2026-04-24 13:52:00,77973.50,77973.50,77973.50,77973.50,0.000000,0,0.000000,0.000000,77973.50,97133.20,-0.00008730,0.000000,0.000000,1
2026-04-24 13:53:00,77973.50,77973.50,77973.50,77973.50,0.000000,0,0.000000,0.000000,77973.50,97123.84,-0.00008730,0.000000,0.000000,1
2026-04-24 13:54:00,77973.50,77973.50,77973.50,77973.50,0.000000,0,0.000000,0.000000,77973.50,97128.77,-0.00008730,0.000000,0.000000,1
2026-04-24 13:55:00,77973.50,77973.50,77973.50,77973.50,0.000000,0,0.000000,0.000000,77973.50,97250.85,-0.00008730,0.000000,0.000000,1
2026-04-24 13:56:00,77973.50,77973.50,77973.50,77973.50,0.000000,0,0.000000,0.000000,77973.50,97222.77,-0.00008730,0.000000,0.000000,1
2026-04-24 13:57:00,77973.50,77973.50,77973.50,77973.50,0.000000,0,0.000000,0.000000,77973.50,97207.44,-0.00008730,0.000000,0.000000,1
2026-04-24 13:58:00,77973.50,77973.50,77973.50,77973.50,0.000000,0,0.000000,0.000000,77973.50,97236.70,-0.00008730,0.000000,0.000000,1
2026-04-24 13:59:00,77973.50,77973.50,77973.50,77973.50,0.000000,0,0.000000,0.000000,77973.50,97249.63,-0.00008730,0.000000,0.000000,1
2026-04-24 14:00:00,77973.50,77973.50,77973.50,77973.50,0.000000,0,0.000000,0.000000,77973.50,97258.82,-0.00008730,0.000000,0.000000,1
2026-04-24 14:01:00,77973.50,77973.50,77973.50,77973.50,0.000000,0,0.000000,0.000000,77973.50,97280.52,-0.00008730,0.000000,0.000000,1
2026-04-24 14:02:00,77973.50,77973.50,77973.50,77973.50,0.000000,0,0.000000,0.000000,77973.50,97262.51,-0.00008730,0.000000,0.000000,1
2026-04-24 14:03:00,77973.50,77973.50,77973.50,77973.50,0.000000,0,0.000000,0.000000,77973.50,97201.18,-0.00008730,0.000000,0.000000,1
2026-04-24 14:04:00,77973.50,77973.50,77973.50,77973.50,0.000000,0,0.000000,0.000000,77973.50,97135.02,-0.00008730,0.000000,0.000000,1
2026-04-24 14:05:00,77973.50,77973.50,77973.50,77973.50,0.000000,0,0.000000,0.000000,77973.50,97122.25,-0.00008730,0.000000,0.000000,1
2026-04-24 14:06:00,77973.50,77973.50,77973.50,77973.50,0.000000,0,0.000000,0.000000,77973.50,97120.63,-0.00008730,0.000000,0.000000,1
2026-04-24 14:07:00,77973.50,77973.50,77973.50,77973.50,0.000000,0,0.000000,0.000000,77973.50,97130.80,-0.00008730,0.000000,0.000000,1
2026-04-24 14:08:00,77973.50,77973.50,77973.50,77973.50,0.000000,0,0.000000,0.000000,77973.50,97069.96,-0.00008730,0.000000,0.000000,1
2026-04-24 14:09:00,77973.50,77973.50,77973.50,77973.50,0.000000,0,0.000000,0.000000,77973.50,97062.91,-0.00008730,0.000000,0.000000,1
2026-04-24 14:10:00,77973.50,77973.50,77973.50,77973.50,0.000000,0,0.000000,0.000000,77973.50,97067.10,-0.00008730,0.000000,0.000000,1
2026-04-24 14:11:00,77973.50,77973.50,77973.50,77973.50,0.000000,0,0.000000,0.000000,77973.50,97098.22,-0.00008730,0.000000,0.000000,1
2026-04-24 14:12:00,77973.50,77973.50,77973.50,77973.50,0.000000,0,0.000000,0.000000,77973.50,97037.64,-0.00008730,0.000000,0.000000,1
2026-04-24 14:13:00,77973.50,77973.50,77973.50,77973.50,0.000000,0,0.000000,0.000000,77973.50,97016.13,-0.00008730,0.000000,0.000000,1
2026-04-24 14:14:00,77973.50,77973.50,77973.50,77973.50,0.000000,0,0.000000,0.000000,77973.50,96998.62,-0.00008730,0.000000,0.000000,1
2026-04-24 14:15:00,77973.50,77973.50,77973.50,77973.50,0.000000,0,0.000000,0.000000,77973.50,96974.79,-0.00008730,0.000000,0.000000,1
2026-04-24 14:16:00,77973.50,77973.50,77973.50,77973.50,0.000000,0,0.000000,0.000000,77973.50,96972.52,-0.00008730,0.000000,0.000000,1
2026-04-24 14:17:00,77973.50,77973.50,77973.50,77973.50,0.000000,0,0.000000,0.000000,77973.50,96959.94,-0.00008730,0.000000,0.000000,1
2026-04-24 14:18:00,77973.50,77973.50,77973.50,77973.50,0.000000,0,0.000000,0.000000,77973.50,96956.41,-0.00008730,0.000000,0.000000,1
2026-04-24 14:19:00,77973.50,77973.50,77973.50,77973.50,0.000000,0,0.000000,0.000000,77973.50,96951.61,-0.00008730,0.000000,0.000000,1
2026-04-24 14:20:00,77973.50,77973.50,77973.50,77973.50,0.000000,0,0.000000,0.000000,77973.50,96944.70,-0.00008730,0.000000,0.000000,1
2026-04-24 14:21:00,77973.50,77973.50,77973.50,77973.50,0.000000,0,0.000000,0.000000,77973.50,96951.83,-0.00008730,0.000000,0.000000,1
2026-04-24 14:22:00,77973.50,77973.50,77973.50,77973.50,0.000000,0,0.000000,0.000000,77973.50,96939.70,-0.00008730,0.000000,0.000000,1
2026-04-24 14:23:00,77973.50,77973.50,77973.50,77973.50,0.000000,0,0.000000,0.000000,77973.50,96930.38,-0.00008730,0.000000,0.000000,1
2026-04-24 14:24:00,77973.50,77973.50,77973.50,77973.50,0.000000,0,0.000000,0.000000,77973.50,96909.96,-0.00008730,0.000000,0.000000,1
2026-04-24 14:25:00,77973.50,77973.50,77973.50,77973.50,0.000000,0,0.000000,0.000000,77973.50,96898.85,-0.00008730,0.000000,0.000000,1
2026-04-24 14:26:00,77973.50,77973.50,77973.50,77973.50,0.000000,0,0.000000,0.000000,77973.50,96823.53,-0.00008730,0.000000,0.000000,1
2026-04-24 14:27:00,77973.50,77973.50,77973.50,77973.50,0.000000,0,0.000000,0.000000,77973.50,96794.37,-0.00008730,0.000000,0.000000,1
2026-04-24 14:28:00,77973.50,77973.50,77973.50,77973.50,0.000000,0,0.000000,0.000000,77973.50,96825.61,-0.00008730,0.000000,0.000000,1
2026-04-24 14:29:00,77973.50,77973.50,77973.50,77973.50,0.000000,0,0.000000,0.000000,77973.50,96777.01,-0.00008730,0.000000,0.000000,1
2026-04-24 14:30:00,77973.50,77973.50,77973.50,77973.50,0.000000,0,0.000000,0.000000,77973.50,96778.30,-0.00008730,0.000000,0.000000,1
2026-04-24 14:31:00,77973.50,77973.50,77973.50,77973.50,0.000000,0,0.000000,0.000000,77973.50,96770.14,-0.00008730,0.000000,0.000000,1
2026-04-24 14:32:00,77973.50,77973.50,77973.50,77973.50,0.000000,0,0.000000,0.000000,77973.50,96823.57,-0.00008730,0.000000,0.000000,1
2026-04-24 14:33:00,77973.50,77973.50,77973.50,77973.50,0.000000,0,0.000000,0.000000,77973.50,96774.98,-0.00008730,0.000000,0.000000,1
2026-04-24 14:34:00,77973.50,77973.50,77973.50,77973.50,0.000000,0,0.000000,0.000000,77973.50,96774.38,-0.00008730,0.000000,0.000000,1
2026-04-24 14:35:00,77973.50,77973.50,77973.50,77973.50,0.000000,0,0.000000,0.000000,77973.50,96837.78,-0.00008730,0.000000,0.000000,1
2026-04-24 14:36:00,77973.50,77973.50,77973.50,77973.50,0.000000,0,0.000000,0.000000,77973.50,96873.17,-0.00008730,0.000000,0.000000,1
2026-04-24 14:37:00,77973.50,77973.50,77973.50,77973.50,0.000000,0,0.000000,0.000000,77973.50,96813.88,-0.00008730,0.000000,0.000000,1
2026-04-24 14:38:00,77973.50,77973.50,77973.50,77973.50,0.000000,0,0.000000,0.000000,77973.50,96848.80,-0.00008730,0.000000,0.000000,1
2026-04-24 14:39:00,77973.50,77973.50,77973.50,77973.50,0.000000,0,0.000000,0.000000,77973.50,96872.95,-0.00008730,0.000000,0.000000,1
2026-04-24 14:40:00,77973.50,77973.50,77973.50,77973.50,0.000000,0,0.000000,0.000000,77973.50,96889.62,-0.00008730,0.000000,0.000000,1
2026-04-24 14:41:00,77973.50,77973.50,77973.50,77973.50,0.000000,0,0.000000,0.000000,77973.50,96906.41,-0.00008730,0.000000,0.000000,1
2026-04-24 14:42:00,77973.50,77973.50,77973.50,77973.50,0.000000,0,0.000000,0.000000,77973.50,96901.59,-0.00008730,0.000000,0.000000,1
2026-04-24 14:43:00,77973.50,77973.50,77973.50,77973.50,0.000000,0,0.000000,0.000000,77973.50,96900.35,-0.00008730,0.000000,0.000000,1
2026-04-24 14:44:00,77973.50,77973.50,77973.50,77973.50,0.000000,0,0.000000,0.000000,77973.50,96903.44,-0.00008730,0.000000,0.000000,1
2026-04-24 14:45:00,77973.50,77973.50,77973.50,77973.50,0.000000,0,0.000000,0.000000,77973.50,96910.58,-0.00008730,0.000000,0.000000,1
2026-04-24 14:46:00,77973.50,77973.50,77973.50,77973.50,0.000000,0,0.000000,0.000000,77973.50,96903.42,-0.00008730,0.000000,0.000000,1
2026-04-24 14:47:00,77973.50,77973.50,77973.50,77973.50,0.000000,0,0.000000,0.000000,77973.50,96889.39,-0.00008730,0.000000,0.000000,1
2026-04-24 14:48:00,77973.50,77973.50,77973.50,77973.50,0.000000,0,0.000000,0.000000,77973.50,96917.25,-0.00008730,0.000000,0.000000,1
2026-04-24 14:49:00,77973.50,77973.50,77973.50,77973.50,0.000000,0,0.000000,0.000000,77973.50,96925.26,-0.00008730,0.000000,0.000000,1
2026-04-24 14:50:00,77973.50,77973.50,77973.50,77973.50,0.000000,0,0.000000,0.000000,77973.50,96927.83,-0.00008730,0.000000,0.000000,1
2026-04-24 14:51:00,77973.50,77973.50,77973.50,77973.50,0.000000,0,0.000000,0.000000,77973.50,96949.22,-0.00008730,0.000000,0.000000,1
2026-04-24 14:52:00,77973.50,77973.50,77973.50,77973.50,0.000000,0,0.000000,0.000000,77973.50,96946.27,-0.00008730,0.000000,0.000000,1
2026-04-24 14:53:00,77973.50,77973.50,77973.50,77973.50,0.000000,0,0.000000,0.000000,77973.50,96938.07,-0.00008730,0.000000,0.000000,1
2026-04-24 14:54:00,77973.50,77973.50,77973.50,77973.50,0.000000,0,0.000000,0.000000,77973.50,96924.88,-0.00008730,0.000000,0.000000,1
2026-04-24 14:55:00,77973.50,77973.50,77973.50,77973.50,0.000000,0,0.000000,0.000000,77973.50,96921.91,-0.00008730,0.000000,0.000000,1
2026-04-24 14:56:00,77973.50,77973.50,77973.50,77973.50,0.000000,0,0.000000,0.000000,77973.50,96921.91,-0.00008730,0.000000,0.000000,1
2026-04-24 14:57:00,77973.50,77973.50,77973.50,77973.50,0.000000,0,0.000000,0.000000,77973.50,96926.14,-0.00008730,0.000000,0.000000,1
2026-04-24 14:58:00,77973.50,77973.50,77973.50,77973.50,0.000000,0,0.000000,0.000000,77973.50,96893.62,-0.00008730,0.000000,0.000000,1
2026-04-24 14:59:00,77973.50,77973.50,77973.50,77973.50,0.000000,0,0.000000,0.000000,77973.50,96887.33,-0.00008730,0.000000,0.000000,1
2026-04-24 15:00:00,77973.50,77973.50,77973.50,77973.50,0.000000,0,0.000000,0.000000,77973.50,96910.18,-0.00008730,0.000000,0.000000,1
2026-04-24 15:01:00,77973.50,77973.50,77973.50,77973.50,0.000000,0,0.000000,0.000000,77973.50,96926.82,-0.00008730,0.000000,0.000000,1
2026-04-24 15:02:00,77973.50,77973.50,77973.50,77973.50,0.000000,0,0.000000,0.000000,77973.50,96926.98,-0.00008730,0.000000,0.000000,1
2026-04-24 15:03:00,77973.50,77973.50,77973.50,77973.50,0.000000,0,0.000000,0.000000,77973.50,96888.22,-0.00008730,0.000000,0.000000,1
2026-04-24 15:04:00,77973.50,77973.50,77973.50,77973.50,0.000000,0,0.000000,0.000000,77973.50,96884.58,-0.00008730,0.000000,0.000000,1
2026-04-24 15:05:00,77973.50,77973.50,77973.50,77973.50,0.000000,0,0.000000,0.000000,77973.50,96884.42,-0.00008730,0.000000,0.000000,1
2026-04-24 15:06:00,77973.50,77973.50,77973.50,77973.50,0.000000,0,0.000000,0.000000,77973.50,96861.66,-0.00008730,0.000000,0.000000,1
2026-04-24 15:07:00,77973.50,77973.50,77973.50,77973.50,0.000000,0,0.000000,0.000000,77973.50,96844.21,-0.00008730,0.000000,0.000000,1
2026-04-24 15:08:00,77973.50,77973.50,77973.50,77973.50,0.000000,0,0.000000,0.000000,77973.50,96805.23,-0.00008730,0.000000,0.000000,1
2026-04-24 15:09:00,77973.50,77973.50,77973.50,77973.50,0.000000,0,0.000000,0.000000,77973.50,96822.00,-0.00008730,0.000000,0.000000,1
2026-04-24 15:10:00,77973.50,77973.50,77973.50,77973.50,0.000000,0,0.000000,0.000000,77973.50,96811.91,-0.00008730,0.000000,0.000000,1
2026-04-24 15:11:00,77973.50,77973.50,77973.50,77973.50,0.000000,0,0.000000,0.000000,77973.50,96784.11,-0.00008730,0.000000,0.000000,1
2026-04-24 15:12:00,77973.50,77973.50,77973.50,77973.50,0.000000,0,0.000000,0.000000,77973.50,96790.98,-0.00008730,0.000000,0.000000,1
2026-04-24 15:13:00,77973.50,77973.50,77973.50,77973.50,0.000000,0,0.000000,0.000000,77973.50,96801.53,-0.00008730,0.000000,0.000000,1
2026-04-24 15:14:00,77973.50,77973.50,77973.50,77973.50,0.000000,0,0.000000,0.000000,77973.50,96801.71,-0.00008730,0.000000,0.000000,1
2026-04-24 15:15:00,77973.50,77973.50,77973.50,77973.50,0.000000,0,0.000000,0.000000,77973.50,96800.75,-0.00008730,0.000000,0.000000,1
2026-04-24 15:16:00,77973.50,77973.50,77973.50,77973.50,0.000000,0,0.000000,0.000000,77973.50,96743.93,-0.00008730,0.000000,0.000000,1
2026-04-24 15:17:00,77973.50,77973.50,77973.50,77973.50,0.000000,0,0.000000,0.000000,77973.50,96726.18,-0.00008730,0.000000,0.000000,1
2026-04-24 15:18:00,77973.50,77973.50,77973.50,77973.50,0.000000,0,0.000000,0.000000,77973.50,96735.85,-0.00008730,0.000000,0.000000,1
2026-04-24 15:19:00,77973.50,77973.50,77973.50,77973.50,0.000000,0,0.000000,0.000000,77973.50,96745.46,-0.00008730,0.000000,0.000000,1
2026-04-24 15:20:00,77973.50,77973.50,77973.50,77973.50,0.000000,0,0.000000,0.000000,77973.50,96761.03,-0.00008730,0.000000,0.000000,1
2026-04-24 15:21:00,77973.50,77973.50,77973.50,77973.50,0.000000,0,0.000000,0.000000,77973.50,96737.17,-0.00008730,0.000000,0.000000,1
2026-04-24 15:22:00,77973.50,77973.50,77973.50,77973.50,0.000000,0,0.000000,0.000000,77973.50,96733.18,-0.00008730,0.000000,0.000000,1
2026-04-24 15:23:00,77973.50,77973.50,77973.50,77973.50,0.000000,0,0.000000,0.000000,77973.50,96739.66,-0.00008730,0.000000,0.000000,1
2026-04-24 15:24:00,77973.50,77973.50,77973.50,77973.50,0.000000,0,0.000000,0.000000,77973.50,96738.07,-0.00008730,0.000000,0.000000,1
2026-04-24 15:25:00,77973.50,77973.50,77973.50,77973.50,0.000000,0,0.000000,0.000000,77973.50,96755.87,-0.00008730,0.000000,0.000000,1
2026-04-24 15:26:00,77973.50,77973.50,77973.50,77973.50,0.000000,0,0.000000,0.000000,77973.50,96739.81,-0.00008730,0.000000,0.000000,1
2026-04-24 15:27:00,77973.50,77973.50,77973.50,77973.50,0.000000,0,0.000000,0.000000,77973.50,96716.58,-0.00008730,0.000000,0.000000,1
2026-04-24 15:28:00,77973.50,77973.50,77973.50,77973.50,0.000000,0,0.000000,0.000000,77973.50,96748.31,-0.00008730,0.000000,0.000000,1
2026-04-24 15:29:00,77973.50,77973.50,77973.50,77973.50,0.000000,0,0.000000,0.000000,77973.50,96787.58,-0.00008730,0.000000,0.000000,1
2026-04-24 15:30:00,77973.50,77973.50,77973.50,77973.50,0.000000,0,0.000000,0.000000,77973.50,96789.92,-0.00008730,0.000000,0.000000,1
2026-04-24 15:31:00,77973.50,77973.50,77973.50,77973.50,0.000000,0,0.000000,0.000000,77973.50,96785.41,-0.00008730,0.000000,0.000000,1
2026-04-24 15:32:00,77973.50,77973.50,77973.50,77973.50,0.000000,0,0.000000,0.000000,77973.50,96783.25,-0.00008730,0.000000,0.000000,1
2026-04-24 15:33:00,77973.50,77973.50,77973.50,77973.50,0.000000,0,0.000000,0.000000,77973.50,96768.98,-0.00008730,0.000000,0.000000,1
2026-04-24 15:34:00,77973.50,77973.50,77973.50,77973.50,0.000000,0,0.000000,0.000000,77973.50,96799.61,-0.00008730,0.000000,0.000000,1
2026-04-24 15:35:00,77973.50,77973.50,77973.50,77973.50,0.000000,0,0.000000,0.000000,77973.50,96799.29,-0.00008730,0.000000,0.000000,1
2026-04-24 15:36:00,77973.50,77973.50,77973.50,77973.50,0.000000,0,0.000000,0.000000,77973.50,96798.98,-0.00008730,0.000000,0.000000,1
2026-04-24 15:37:00,77973.50,77973.50,77973.50,77973.50,0.000000,0,0.000000,0.000000,77973.50,96802.00,-0.00008730,0.000000,0.000000,1
2026-04-24 15:38:00,77973.50,77973.50,77973.50,77973.50,0.000000,0,0.000000,0.000000,77973.50,96808.00,-0.00008730,0.000000,0.000000,1
2026-04-24 15:39:00,77973.50,77973.50,77973.50,77973.50,0.000000,0,0.000000,0.000000,77973.50,96808.56,-0.00008730,0.000000,0.000000,1
2026-04-24 15:40:00,77973.50,77973.50,77973.50,77973.50,0.000000,0,0.000000,0.000000,77973.50,96809.11,-0.00008730,0.000000,0.000000,1
2026-04-24 15:41:00,77973.50,77973.50,77973.50,77973.50,0.000000,0,0.000000,0.000000,77973.50,96796.40,-0.00008730,0.000000,0.000000,1
2026-04-24 15:42:00,77973.50,77973.50,77973.50,77973.50,0.000000,0,0.000000,0.000000,77973.50,96786.01,-0.00008730,0.000000,0.000000,1
2026-04-24 15:43:00,77973.50,77973.50,77973.50,77973.50,0.000000,0,0.000000,0.000000,77973.50,96777.79,-0.00008730,0.000000,0.000000,1
2026-04-24 15:44:00,77973.50,77973.50,77973.50,77973.50,0.000000,0,0.000000,0.000000,77973.50,96746.32,-0.00008730,0.000000,0.000000,1
2026-04-24 15:45:00,77973.50,77973.50,77973.50,77973.50,0.000000,0,0.000000,0.000000,77973.50,96759.51,-0.00008730,0.000000,0.000000,1
2026-04-24 15:46:00,77973.50,77973.50,77973.50,77973.50,0.000000,0,0.000000,0.000000,77973.50,96660.82,-0.00008730,0.000000,0.000000,1
2026-04-24 15:47:00,77973.50,77973.50,77973.50,77973.50,0.000000,0,0.000000,0.000000,77973.50,96594.11,-0.00008730,0.000000,0.000000,1
2026-04-24 15:48:00,77973.50,77973.50,77973.50,77973.50,0.000000,0,0.000000,0.000000,77973.50,96708.83,-0.00008730,0.000000,0.000000,1
2026-04-24 15:49:00,77973.50,77973.50,77973.50,77973.50,0.000000,0,0.000000,0.000000,77973.50,96724.55,-0.00008730,0.000000,0.000000,1
2026-04-24 15:50:00,77973.50,77973.50,77973.50,77973.50,0.000000,0,0.000000,0.000000,77973.50,96690.86,-0.00008730,0.000000,0.000000,1
2026-04-24 15:51:00,77973.50,77973.50,77973.50,77973.50,0.000000,0,0.000000,0.000000,77973.50,96686.15,-0.00008730,0.000000,0.000000,1
2026-04-24 15:52:00,77973.50,77973.50,77973.50,77973.50,0.000000,0,0.000000,0.000000,77973.50,96712.69,-0.00008730,0.000000,0.000000,1
2026-04-24 15:53:00,77973.50,77973.50,77973.50,77973.50,0.000000,0,0.000000,0.000000,77973.50,96776.83,-0.00008730,0.000000,0.000000,1
2026-04-24 15:54:00,77973.50,77973.50,77973.50,77973.50,0.000000,0,0.000000,0.000000,77973.50,96758.54,-0.00008730,0.000000,0.000000,1
2026-04-24 15:55:00,77973.50,77973.50,77973.50,77973.50,0.000000,0,0.000000,0.000000,77973.50,96759.74,-0.00008730,0.000000,0.000000,1
2026-04-24 15:56:00,77973.50,77973.50,77973.50,77973.50,0.000000,0,0.000000,0.000000,77973.50,96782.99,-0.00008730,0.000000,0.000000,1
2026-04-24 15:57:00,77973.50,77973.50,77973.50,77973.50,0.000000,0,0.000000,0.000000,77973.50,96794.68,-0.00008730,0.000000,0.000000,1
2026-04-24 15:58:00,77973.50,77973.50,77973.50,77973.50,0.000000,0,0.000000,0.000000,77973.50,96788.84,-0.00008730,0.000000,0.000000,1
2026-04-24 15:59:00,77973.50,77973.50,77973.50,77973.50,0.000000,0,0.000000,0.000000,77973.50,96774.56,-0.00008730,0.000000,0.000000,1
2026-04-24 16:00:00,77973.50,77973.50,77973.50,77973.50,0.000000,0,0.000000,0.000000,77973.50,96816.31,-0.00008730,0.000000,0.000000,1
2026-04-24 16:01:00,77973.50,77973.50,77973.50,77973.50,0.000000,0,0.000000,0.000000,77973.50,96810.40,-0.00008730,0.000000,0.000000,1
2026-04-24 16:02:00,77973.50,77973.50,77973.50,77973.50,0.000000,0,0.000000,0.000000,77973.50,96824.61,-0.00008730,0.000000,0.000000,1
2026-04-24 16:03:00,77973.50,77973.50,77973.50,77973.50,0.000000,0,0.000000,0.000000,77973.50,96795.05,-0.00008730,0.000000,0.000000,1
2026-04-24 16:04:00,77973.50,77973.50,77973.50,77973.50,0.000000,0,0.000000,0.000000,77973.50,96823.72,-0.00008730,0.000000,0.000000,1
2026-04-24 16:05:00,77973.50,77973.50,77973.50,77973.50,0.000000,0,0.000000,0.000000,77973.50,96828.38,-0.00008730,0.000000,0.000000,1
2026-04-24 16:06:00,77973.50,77973.50,77973.50,77973.50,0.000000,0,0.000000,0.000000,77973.50,96822.36,-0.00008730,0.000000,0.000000,1
2026-04-24 16:07:00,77973.50,77973.50,77973.50,77973.50,0.000000,0,0.000000,0.000000,77973.50,96820.73,-0.00008730,0.000000,0.000000,1
2026-04-24 16:08:00,77973.50,77973.50,77973.50,77973.50,0.000000,0,0.000000,0.000000,77973.50,96832.88,-0.00008730,0.000000,0.000000,1
2026-04-24 16:09:00,77973.50,77973.50,77973.50,77973.50,0.000000,0,0.000000,0.000000,77973.50,96823.98,-0.00008730,0.000000,0.000000,1
2026-04-24 16:10:00,77973.50,77973.50,77973.50,77973.50,0.000000,0,0.000000,0.000000,77973.50,96792.11,-0.00008730,0.000000,0.000000,1
2026-04-24 16:11:00,77973.50,77973.50,77973.50,77973.50,0.000000,0,0.000000,0.000000,77973.50,96777.71,-0.00008730,0.000000,0.000000,1
2026-04-24 16:12:00,77973.50,77973.50,77973.50,77973.50,0.000000,0,0.000000,0.000000,77973.50,96787.92,-0.00008730,0.000000,0.000000,1
2026-04-24 16:13:00,77973.50,77973.50,77973.50,77973.50,0.000000,0,0.000000,0.000000,77973.50,96817.66,-0.00008730,0.000000,0.000000,1
2026-04-24 16:14:00,77973.50,77973.50,77973.50,77973.50,0.000000,0,0.000000,0.000000,77973.50,96814.72,-0.00008730,0.000000,0.000000,1
2026-04-24 16:15:00,77973.50,77973.50,77973.50,77973.50,0.000000,0,0.000000,0.000000,77973.50,96798.46,-0.00008730,0.000000,0.000000,1
2026-04-24 16:16:00,77973.50,77973.50,77973.50,77973.50,0.000000,0,0.000000,0.000000,77973.50,96755.13,-0.00008730,0.000000,0.000000,1
2026-04-24 16:17:00,77973.50,77973.50,77973.50,77973.50,0.000000,0,0.000000,0.000000,77973.50,96716.53,-0.00008730,0.000000,0.000000,1
2026-04-24 16:18:00,77973.50,77973.50,77973.50,77973.50,0.000000,0,0.000000,0.000000,77973.50,96712.57,-0.00008730,0.000000,0.000000,1
2026-04-24 16:19:00,77973.50,77973.50,77973.50,77973.50,0.000000,0,0.000000,0.000000,77973.50,96670.71,-0.00008730,0.000000,0.000000,1
2026-04-24 16:20:00,77973.50,77973.50,77973.50,77973.50,0.000000,0,0.000000,0.000000,77973.50,96684.93,-0.00008730,0.000000,0.000000,1
2026-04-24 16:21:00,77973.50,77973.50,77973.50,77973.50,0.000000,0,0.000000,0.000000,77973.50,96676.93,-0.00008730,0.000000,0.000000,1
2026-04-24 16:22:00,77973.50,77973.50,77973.50,77973.50,0.000000,0,0.000000,0.000000,77973.50,96668.94,-0.00008730,0.000000,0.000000,1
2026-04-24 16:23:00,77973.50,77973.50,77973.50,77973.50,0.000000,0,0.000000,0.000000,77973.50,96689.26,-0.00008730,0.000000,0.000000,1
2026-04-24 16:24:00,77973.50,77973.50,77973.50,77973.50,0.000000,0,0.000000,0.000000,77973.50,96672.04,-0.00008730,0.000000,0.000000,1
2026-04-24 16:25:00,77973.50,77973.50,77973.50,77973.50,0.000000,0,0.000000,0.000000,77973.50,96680.05,-0.00008730,0.000000,0.000000,1
2026-04-24 16:26:00,77973.50,77973.50,77973.50,77973.50,0.000000,0,0.000000,0.000000,77973.50,96677.63,-0.00008730,0.000000,0.000000,1
2026-04-24 16:27:00,77973.50,77973.50,77973.50,77973.50,0.000000,0,0.000000,0.000000,77973.50,96661.80,-0.00008730,0.000000,0.000000,1
2026-04-24 16:28:00,77973.50,77973.50,77973.50,77973.50,0.000000,0,0.000000,0.000000,77973.50,96676.13,-0.00008730,0.000000,0.000000,1
2026-04-24 16:29:00,77973.50,77973.50,77973.50,77973.50,0.000000,0,0.000000,0.000000,77973.50,96677.39,-0.00008730,0.000000,0.000000,1
2026-04-24 16:30:00,77973.50,77973.50,77973.50,77973.50,0.000000,0,0.000000,0.000000,77973.50,96685.99,-0.00008730,0.000000,0.000000,1
2026-04-24 16:31:00,77973.50,77973.50,77973.50,77973.50,0.000000,0,0.000000,0.000000,77973.50,96680.85,-0.00008730,0.000000,0.000000,1
2026-04-24 16:32:00,77973.50,77973.50,77973.50,77973.50,0.000000,0,0.000000,0.000000,77973.50,96675.81,-0.00008730,0.000000,0.000000,1
2026-04-24 16:33:00,77973.50,77973.50,77973.50,77973.50,0.000000,0,0.000000,0.000000,77973.50,96709.96,-0.00008730,0.000000,0.000000,1
2026-04-24 16:34:00,77973.50,77973.50,77973.50,77973.50,0.000000,0,0.000000,0.000000,77973.50,96712.98,-0.00008730,0.000000,0.000000,1
2026-04-24 16:35:00,77973.50,77973.50,77973.50,77973.50,0.000000,0,0.000000,0.000000,77973.50,96718.73,-0.00008730,0.000000,0.000000,1
2026-04-24 16:36:00,77973.50,77973.50,77973.50,77973.50,0.000000,0,0.000000,0.000000,77973.50,96718.96,-0.00008730,0.000000,0.000000,1
2026-04-24 16:37:00,77973.50,77973.50,77973.50,77973.50,0.000000,0,0.000000,0.000000,77973.50,96717.08,-0.00008730,0.000000,0.000000,1
2026-04-24 16:38:00,77973.50,77973.50,77973.50,77973.50,0.000000,0,0.000000,0.000000,77973.50,96708.63,-0.00008730,0.000000,0.000000,1
2026-04-24 16:39:00,77973.50,77973.50,77973.50,77973.50,0.000000,0,0.000000,0.000000,77973.50,96708.62,-0.00008730,0.000000,0.000000,1
2026-04-24 16:40:00,77973.50,77973.50,77973.50,77973.50,0.000000,0,0.000000,0.000000,77973.50,96734.75,-0.00008730,0.000000,0.000000,1
2026-04-24 16:41:00,77973.50,77973.50,77973.50,77973.50,0.000000,0,0.000000,0.000000,77973.50,96726.28,-0.00008730,0.000000,0.000000,1
2026-04-24 16:42:00,77973.50,77973.50,77973.50,77973.50,0.000000,0,0.000000,0.000000,77973.50,96707.21,-0.00008730,0.000000,0.000000,1
2026-04-24 16:43:00,77973.50,77973.50,77973.50,77973.50,0.000000,0,0.000000,0.000000,77973.50,96667.72,-0.00008730,0.000000,0.000000,1
2026-04-24 16:44:00,77973.50,77973.50,77973.50,77973.50,0.000000,0,0.000000,0.000000,77973.50,96671.95,-0.00008730,0.000000,0.000000,1
2026-04-24 16:45:00,77973.50,77973.50,77973.50,77973.50,0.000000,0,0.000000,0.000000,77973.50,96678.35,-0.00008730,0.000000,0.000000,1
2026-04-24 16:46:00,77973.50,77973.50,77973.50,77973.50,0.000000,0,0.000000,0.000000,77973.50,96678.98,-0.00008730,0.000000,0.000000,1
2026-04-24 16:47:00,77973.50,77973.50,77973.50,77973.50,0.000000,0,0.000000,0.000000,77973.50,96679.81,-0.00008730,0.000000,0.000000,1
2026-04-24 16:48:00,77973.50,77973.50,77973.50,77973.50,0.000000,0,0.000000,0.000000,77973.50,96684.14,-0.00008730,0.000000,0.000000,1
2026-04-24 16:49:00,77973.50,77973.50,77973.50,77973.50,0.000000,0,0.000000,0.000000,77973.50,96672.79,-0.00008730,0.000000,0.000000,1
2026-04-24 16:50:00,77973.50,77973.50,77973.50,77973.50,0.000000,0,0.000000,0.000000,77973.50,96669.03,-0.00008730,0.000000,0.000000,1
2026-04-24 16:51:00,77973.50,77973.50,77973.50,77973.50,0.000000,0,0.000000,0.000000,77973.50,96674.73,-0.00008730,0.000000,0.000000,1
2026-04-24 16:52:00,77973.50,77973.50,77973.50,77973.50,0.000000,0,0.000000,0.000000,77973.50,96692.80,-0.00008730,0.000000,0.000000,1
2026-04-24 16:53:00,77973.50,77973.50,77973.50,77973.50,0.000000,0,0.000000,0.000000,77973.50,96716.86,-0.00008730,0.000000,0.000000,1
2026-04-24 16:54:00,77973.50,77973.50,77973.50,77973.50,0.000000,0,0.000000,0.000000,77973.50,96720.17,-0.00008730,0.000000,0.000000,1
2026-04-24 16:55:00,77973.50,77973.50,77973.50,77973.50,0.000000,0,0.000000,0.000000,77973.50,96715.06,-0.00008730,0.000000,0.000000,1
2026-04-24 16:56:00,77973.50,77973.50,77973.50,77973.50,0.000000,0,0.000000,0.000000,77973.50,96769.12,-0.00008730,0.000000,0.000000,1
2026-04-24 16:57:00,77973.50,77973.50,77973.50,77973.50,0.000000,0,0.000000,0.000000,77973.50,96803.93,-0.00008730,0.000000,0.000000,1
2026-04-24 16:58:00,77973.50,77973.50,77973.50,77973.50,0.000000,0,0.000000,0.000000,77973.50,96796.48,-0.00008730,0.000000,0.000000,1
2026-04-24 16:59:00,77973.50,77973.50,77973.50,77973.50,0.000000,0,0.000000,0.000000,77973.50,96769.47,-0.00008730,0.000000,0.000000,1
2026-04-24 17:00:00,77973.50,77973.50,77973.50,77973.50,0.000000,0,0.000000,0.000000,77973.50,96779.77,-0.00008730,0.000000,0.000000,1
2026-04-24 17:01:00,77973.50,77973.50,77973.50,77973.50,0.000000,0,0.000000,0.000000,77973.50,96792.10,-0.00008730,0.000000,0.000000,1
2026-04-24 17:02:00,77973.50,77973.50,77973.50,77973.50,0.000000,0,0.000000,0.000000,77973.50,96786.85,-0.00008730,0.000000,0.000000,1
2026-04-24 17:03:00,77973.50,77973.50,77973.50,77973.50,0.000000,0,0.000000,0.000000,77973.50,96782.53,-0.00008730,0.000000,0.000000,1
2026-04-24 17:04:00,77973.50,77973.50,77973.50,77973.50,0.000000,0,0.000000,0.000000,77973.50,96793.58,-0.00008730,0.000000,0.000000,1
2026-04-24 17:05:00,77973.50,77973.50,77973.50,77973.50,0.000000,0,0.000000,0.000000,77973.50,96823.18,-0.00008730,0.000000,0.000000,1
2026-04-24 17:06:00,77973.50,77973.50,77973.50,77973.50,0.000000,0,0.000000,0.000000,77973.50,96800.73,-0.00008730,0.000000,0.000000,1
2026-04-24 17:07:00,77973.50,77973.50,77973.50,77973.50,0.000000,0,0.000000,0.000000,77973.50,96797.93,-0.00008730,0.000000,0.000000,1
2026-04-24 17:08:00,77973.50,77973.50,77973.50,77973.50,0.000000,0,0.000000,0.000000,77973.50,96816.97,-0.00008730,0.000000,0.000000,1
2026-04-24 17:09:00,77973.50,77973.50,77973.50,77973.50,0.000000,0,0.000000,0.000000,77973.50,96807.80,-0.00008730,0.000000,0.000000,1
2026-04-24 17:10:00,77973.50,77973.50,77973.50,77973.50,0.000000,0,0.000000,0.000000,77973.50,96789.04,-0.00008730,0.000000,0.000000,1
2026-04-24 17:11:00,77973.50,77973.50,77973.50,77973.50,0.000000,0,0.000000,0.000000,77973.50,96786.45,-0.00008730,0.000000,0.000000,1
2026-04-24 17:12:00,77973.50,77973.50,77973.50,77973.50,0.000000,0,0.000000,0.000000,77973.50,96823.43,-0.00008730,0.000000,0.000000,1
2026-04-24 17:13:00,77973.50,77973.50,77973.50,77973.50,0.000000,0,0.000000,0.000000,77973.50,96824.00,-0.00008730,0.000000,0.000000,1
2026-04-24 17:14:00,77973.50,77973.50,77973.50,77973.50,0.000000,0,0.000000,0.000000,77973.50,96821.39,-0.00008730,0.000000,0.000000,1
2026-04-24 17:15:00,77973.50,77973.50,77973.50,77973.50,0.000000,0,0.000000,0.000000,77973.50,96866.82,-0.00008730,0.000000,0.000000,1
2026-04-24 17:16:00,77973.50,77973.50,77973.50,77973.50,0.000000,0,0.000000,0.000000,77973.50,96843.04,-0.00008730,0.000000,0.000000,1
2026-04-24 17:17:00,77973.50,77973.50,77973.50,77973.50,0.000000,0,0.000000,0.000000,77973.50,96834.79,-0.00008730,0.000000,0.000000,1
2026-04-24 17:18:00,77973.50,77973.50,77973.50,77973.50,0.000000,0,0.000000,0.000000,77973.50,96828.22,-0.00008730,0.000000,0.000000,1
2026-04-24 17:19:00,77973.50,77973.50,77973.50,77973.50,0.000000,0,0.000000,0.000000,77973.50,96836.38,-0.00008730,0.000000,0.000000,1
2026-04-24 17:20:00,77973.50,77973.50,77973.50,77973.50,0.000000,0,0.000000,0.000000,77973.50,96848.14,-0.00008730,0.000000,0.000000,1
2026-04-24 17:21:00,77973.50,77973.50,77973.50,77973.50,0.000000,0,0.000000,0.000000,77973.50,96852.92,-0.00008730,0.000000,0.000000,1
2026-04-24 17:22:00,77973.50,77973.50,77973.50,77973.50,0.000000,0,0.000000,0.000000,77973.50,96856.77,-0.00008730,0.000000,0.000000,1
2026-04-24 17:23:00,77973.50,77973.50,77973.50,77973.50,0.000000,0,0.000000,0.000000,77973.50,96860.52,-0.00008730,0.000000,0.000000,1
2026-04-24 17:24:00,77973.50,77973.50,77973.50,77973.50,0.000000,0,0.000000,0.000000,77973.50,96863.06,-0.00008730,0.000000,0.000000,1
2026-04-24 17:25:00,77973.50,77973.50,77973.50,77973.50,0.000000,0,0.000000,0.000000,77973.50,96858.15,-0.00008730,0.000000,0.000000,1
2026-04-24 17:26:00,77973.50,77973.50,77973.50,77973.50,0.000000,0,0.000000,0.000000,77973.50,96857.60,-0.00008730,0.000000,0.000000,1
2026-04-24 17:27:00,77973.50,77973.50,77973.50,77973.50,0.000000,0,0.000000,0.000000,77973.50,96865.57,-0.00008730,0.000000,0.000000,1
2026-04-24 17:28:00,77973.50,77973.50,77973.50,77973.50,0.000000,0,0.000000,0.000000,77973.50,96900.00,-0.00008730,0.000000,0.000000,1
2026-04-24 17:29:00,77973.50,77973.50,77973.50,77973.50,0.000000,0,0.000000,0.000000,77973.50,96891.39,-0.00008730,0.000000,0.000000,1
2026-04-24 17:30:00,77973.50,77973.50,77973.50,77973.50,0.000000,0,0.000000,0.000000,77973.50,96900.41,-0.00008730,0.000000,0.000000,1
2026-04-24 17:31:00,77973.50,77973.50,77973.50,77973.50,0.000000,0,0.000000,0.000000,77973.50,96904.00,-0.00008730,0.000000,0.000000,1
2026-04-24 17:32:00,77973.50,77973.50,77973.50,77973.50,0.000000,0,0.000000,0.000000,77973.50,96892.27,-0.00008730,0.000000,0.000000,1
2026-04-24 17:33:00,77973.50,77973.50,77973.50,77973.50,0.000000,0,0.000000,0.000000,77973.50,96901.40,-0.00008730,0.000000,0.000000,1
2026-04-24 17:34:00,77973.50,77973.50,77973.50,77973.50,0.000000,0,0.000000,0.000000,77973.50,97044.22,-0.00008730,0.000000,0.000000,1
2026-04-24 17:35:00,77973.50,77973.50,77973.50,77973.50,0.000000,0,0.000000,0.000000,77973.50,97037.37,-0.00008730,0.000000,0.000000,1
2026-04-24 17:36:00,77973.50,77973.50,77973.50,77973.50,0.000000,0,0.000000,0.000000,77973.50,97052.25,-0.00008730,0.000000,0.000000,1
2026-04-24 17:37:00,77973.50,77973.50,77973.50,77973.50,0.000000,0,0.000000,0.000000,77973.50,97064.32,-0.00008730,0.000000,0.000000,1
2026-04-24 17:38:00,77973.50,77973.50,77973.50,77973.50,0.000000,0,0.000000,0.000000,77973.50,97086.24,-0.00008730,0.000000,0.000000,1
2026-04-24 17:39:00,77973.50,77973.50,77973.50,77973.50,0.000000,0,0.000000,0.000000,77973.50,97090.69,-0.00008730,0.000000,0.000000,1
2026-04-24 17:40:00,77973.50,77973.50,77973.50,77973.50,0.000000,0,0.000000,0.000000,77973.50,97096.84,-0.00008730,0.000000,0.000000,1
2026-04-24 17:41:00,77973.50,77973.50,77973.50,77973.50,0.000000,0,0.000000,0.000000,77973.50,97099.30,-0.00008730,0.000000,0.000000,1
2026-04-24 17:42:00,77973.50,77973.50,77973.50,77973.50,0.000000,0,0.000000,0.000000,77973.50,97111.26,-0.00008730,0.000000,0.000000,1
2026-04-24 17:43:00,77973.50,77973.50,77973.50,77973.50,0.000000,0,0.000000,0.000000,77973.50,97114.24,-0.00008730,0.000000,0.000000,1
2026-04-24 17:44:00,77973.50,77973.50,77973.50,77973.50,0.000000,0,0.000000,0.000000,77973.50,97115.04,-0.00008730,0.000000,0.000000,1
2026-04-24 17:45:00,77973.50,77973.50,77973.50,77973.50,0.000000,0,0.000000,0.000000,77973.50,97113.92,-0.00008730,0.000000,0.000000,1
2026-04-24 17:46:00,77973.50,77973.50,77973.50,77973.50,0.000000,0,0.000000,0.000000,77973.50,97092.58,-0.00008730,0.000000,0.000000,1
2026-04-24 17:47:00,77973.50,77973.50,77973.50,77973.50,0.000000,0,0.000000,0.000000,77973.50,97058.35,-0.00008730,0.000000,0.000000,1
2026-04-24 17:48:00,77973.50,77973.50,77973.50,77973.50,0.000000,0,0.000000,0.000000,77973.50,97043.85,-0.00008730,0.000000,0.000000,1
2026-04-24 17:49:00,77973.50,77973.50,77973.50,77973.50,0.000000,0,0.000000,0.000000,77973.50,97018.85,-0.00008730,0.000000,0.000000,1
2026-04-24 17:50:00,77973.50,77973.50,77973.50,77973.50,0.000000,0,0.000000,0.000000,77973.50,97021.60,-0.00008730,0.000000,0.000000,1
2026-04-24 17:51:00,77973.50,77973.50,77973.50,77973.50,0.000000,0,0.000000,0.000000,77973.50,96971.89,-0.00008730,0.000000,0.000000,1
2026-04-24 17:52:00,77973.50,77973.50,77973.50,77973.50,0.000000,0,0.000000,0.000000,77973.50,96966.59,-0.00008730,0.000000,0.000000,1
2026-04-24 17:53:00,77973.50,77973.50,77973.50,77973.50,0.000000,0,0.000000,0.000000,77973.50,96957.59,-0.00008730,0.000000,0.000000,1
2026-04-24 17:54:00,77973.50,77973.50,77973.50,77973.50,0.000000,0,0.000000,0.000000,77973.50,96937.16,-0.00008730,0.000000,0.000000,1
2026-04-24 17:55:00,77973.50,77973.50,77973.50,77973.50,0.000000,0,0.000000,0.000000,77973.50,96909.84,-0.00008730,0.000000,0.000000,1
2026-04-24 17:56:00,77973.50,77973.50,77973.50,77973.50,0.000000,0,0.000000,0.000000,77973.50,96911.89,-0.00008730,0.000000,0.000000,1
2026-04-24 17:57:00,77973.50,77973.50,77973.50,77973.50,0.000000,0,0.000000,0.000000,77973.50,96926.68,-0.00008730,0.000000,0.000000,1
2026-04-24 17:58:00,77973.50,77973.50,77973.50,77973.50,0.000000,0,0.000000,0.000000,77973.50,97275.32,-0.00008730,0.000000,0.000000,1
2026-04-24 17:59:00,77973.50,77973.50,77973.50,77973.50,0.000000,0,0.000000,0.000000,77973.50,97521.10,-0.00008730,0.000000,0.000000,1
2026-04-24 18:00:00,77973.50,77973.50,77973.50,77973.50,0.000000,0,0.000000,0.000000,77973.50,97516.38,-0.00008730,0.000000,0.000000,1
2026-04-24 18:01:00,77973.50,77973.50,77973.50,77973.50,0.000000,0,0.000000,0.000000,77973.50,97507.27,-0.00008730,0.000000,0.000000,1
2026-04-24 18:02:00,77973.50,77973.50,77973.50,77973.50,0.000000,0,0.000000,0.000000,77973.50,97481.68,-0.00008730,0.000000,0.000000,1
2026-04-24 18:03:00,77973.50,77973.50,77973.50,77973.50,0.000000,0,0.000000,0.000000,77973.50,97421.56,-0.00008730,0.000000,0.000000,1
2026-04-24 18:04:00,77973.50,77973.50,77973.50,77973.50,0.000000,0,0.000000,0.000000,77973.50,97411.07,-0.00008730,0.000000,0.000000,1
2026-04-24 18:05:00,77973.50,77973.50,77973.50,77973.50,0.000000,0,0.000000,0.000000,77973.50,97410.91,-0.00008730,0.000000,0.000000,1
2026-04-24 18:06:00,77973.50,77973.50,77973.50,77973.50,0.000000,0,0.000000,0.000000,77973.50,97403.59,-0.00008730,0.000000,0.000000,1
2026-04-24 18:07:00,77973.50,77973.50,77973.50,77973.50,0.000000,0,0.000000,0.000000,77973.50,97402.48,-0.00008730,0.000000,0.000000,1
2026-04-24 18:08:00,77973.50,77973.50,77973.50,77973.50,0.000000,0,0.000000,0.000000,77973.50,97392.10,-0.00008730,0.000000,0.000000,1
2026-04-24 18:09:00,77973.50,77973.50,77973.50,77973.50,0.000000,0,0.000000,0.000000,77973.50,97392.41,-0.00008730,0.000000,0.000000,1
2026-04-24 18:10:00,77973.50,77973.50,77973.50,77973.50,0.000000,0,0.000000,0.000000,77973.50,97392.41,-0.00008730,0.000000,0.000000,1
2026-04-24 18:11:00,77973.50,77973.50,77973.50,77973.50,0.000000,0,0.000000,0.000000,77973.50,97382.41,-0.00008730,0.000000,0.000000,1
2026-04-24 18:12:00,77973.50,77973.50,77973.50,77973.50,0.000000,0,0.000000,0.000000,77973.50,97379.39,-0.00008730,0.000000,0.000000,1
2026-04-24 18:13:00,77973.50,77973.50,77973.50,77973.50,0.000000,0,0.000000,0.000000,77973.50,97376.21,-0.00008730,0.000000,0.000000,1
2026-04-24 18:14:00,77973.50,77973.50,77973.50,77973.50,0.000000,0,0.000000,0.000000,77973.50,97376.48,-0.00008730,0.000000,0.000000,1
2026-04-24 18:15:00,77973.50,77973.50,77973.50,77973.50,0.000000,0,0.000000,0.000000,77973.50,97266.81,-0.00008730,0.000000,0.000000,1
2026-04-24 18:16:00,77973.50,77973.50,77973.50,77973.50,0.000000,0,0.000000,0.000000,77973.50,97229.34,-0.00008730,0.000000,0.000000,1
2026-04-24 18:17:00,77973.50,77973.50,77973.50,77973.50,0.000000,0,0.000000,0.000000,77973.50,97225.97,-0.00008730,0.000000,0.000000,1
2026-04-24 18:18:00,77973.50,77973.50,77973.50,77973.50,0.000000,0,0.000000,0.000000,77973.50,97185.12,-0.00008730,0.000000,0.000000,1
2026-04-24 18:19:00,77973.50,77973.50,77973.50,77973.50,0.000000,0,0.000000,0.000000,77973.50,97155.86,-0.00008730,0.000000,0.000000,1
2026-04-24 18:20:00,77973.50,77973.50,77973.50,77973.50,0.000000,0,0.000000,0.000000,77973.50,97131.92,-0.00008730,0.000000,0.000000,1
2026-04-24 18:21:00,77973.50,77973.50,77973.50,77973.50,0.000000,0,0.000000,0.000000,77973.50,97103.46,-0.00008730,0.000000,0.000000,1
2026-04-24 18:22:00,77973.50,77973.50,77973.50,77973.50,0.000000,0,0.000000,0.000000,77973.50,97113.24,-0.00008730,0.000000,0.000000,1
2026-04-24 18:23:00,77973.50,77973.50,77973.50,77973.50,0.000000,0,0.000000,0.000000,77973.50,97119.66,-0.00008730,0.000000,0.000000,1
2026-04-24 18:24:00,77973.50,77973.50,77973.50,77973.50,0.000000,0,0.000000,0.000000,77973.50,97132.46,-0.00008730,0.000000,0.000000,1
2026-04-24 18:25:00,77973.50,77973.50,77973.50,77973.50,0.000000,0,0.000000,0.000000,77973.50,97136.56,-0.00008730,0.000000,0.000000,1
2026-04-24 18:26:00,77973.50,77973.50,77973.50,77973.50,0.000000,0,0.000000,0.000000,77973.50,97139.51,-0.00008730,0.000000,0.000000,1
2026-04-24 18:27:00,77973.50,77973.50,77973.50,77973.50,0.000000,0,0.000000,0.000000,77973.50,97144.44,-0.00008730,0.000000,0.000000,1
2026-04-24 18:28:00,77973.50,77973.50,77973.50,77973.50,0.000000,0,0.000000,0.000000,77973.50,97135.22,-0.00008730,0.000000,0.000000,1
2026-04-24 18:29:00,77973.50,77973.50,77973.50,77973.50,0.000000,0,0.000000,0.000000,77973.50,97139.04,-0.00008730,0.000000,0.000000,1
2026-04-24 18:30:00,77973.50,77973.50,77973.50,77973.50,0.000000,0,0.000000,0.000000,77973.50,97153.47,-0.00008730,0.000000,0.000000,1
2026-04-24 18:31:00,77973.50,77973.50,77973.50,77973.50,0.000000,0,0.000000,0.000000,77973.50,97154.37,-0.00008730,0.000000,0.000000,1
2026-04-24 18:32:00,77973.50,77973.50,77973.50,77973.50,0.000000,0,0.000000,0.000000,77973.50,97142.34,-0.00008730,0.000000,0.000000,1
2026-04-24 18:33:00,77973.50,77973.50,77973.50,77973.50,0.000000,0,0.000000,0.000000,77973.50,97148.39,-0.00008730,0.000000,0.000000,1
2026-04-24 18:34:00,77973.50,77973.50,77973.50,77973.50,0.000000,0,0.000000,0.000000,77973.50,97146.73,-0.00008730,0.000000,0.000000,1
2026-04-24 18:35:00,77973.50,77973.50,77973.50,77973.50,0.000000,0,0.000000,0.000000,77973.50,97147.42,-0.00008730,0.000000,0.000000,1
2026-04-24 18:36:00,77973.50,77973.50,77973.50,77973.50,0.000000,0,0.000000,0.000000,77973.50,97151.16,-0.00008730,0.000000,0.000000,1
2026-04-24 18:37:00,77973.50,77973.50,77973.50,77973.50,0.000000,0,0.000000,0.000000,77973.50,97139.93,-0.00008730,0.000000,0.000000,1
2026-04-24 18:38:00,77973.50,77973.50,77973.50,77973.50,0.000000,0,0.000000,0.000000,77973.50,97137.36,-0.00008730,0.000000,0.000000,1
2026-04-24 18:39:00,77973.50,77973.50,77973.50,77973.50,0.000000,0,0.000000,0.000000,77973.50,97055.85,-0.00008730,0.000000,0.000000,1
2026-04-24 18:40:00,77973.50,77973.50,77973.50,77973.50,0.000000,0,0.000000,0.000000,77973.50,97055.26,-0.00008730,0.000000,0.000000,1
2026-04-24 18:41:00,77973.50,77973.50,77973.50,77973.50,0.000000,0,0.000000,0.000000,77973.50,96977.62,-0.00008730,0.000000,0.000000,1
2026-04-24 18:42:00,77973.50,77973.50,77973.50,77973.50,0.000000,0,0.000000,0.000000,77973.50,96957.06,-0.00008730,0.000000,0.000000,1
2026-04-24 18:43:00,77973.50,77973.50,77973.50,77973.50,0.000000,0,0.000000,0.000000,77973.50,96951.17,-0.00008730,0.000000,0.000000,1
2026-04-24 18:44:00,77973.50,77973.50,77973.50,77973.50,0.000000,0,0.000000,0.000000,77973.50,96943.91,-0.00008730,0.000000,0.000000,1
2026-04-24 18:45:00,77973.50,77973.50,77973.50,77973.50,0.000000,0,0.000000,0.000000,77973.50,96939.84,-0.00008730,0.000000,0.000000,1
2026-04-24 18:46:00,77973.50,77973.50,77973.50,77973.50,0.000000,0,0.000000,0.000000,77973.50,96945.76,-0.00008730,0.000000,0.000000,1
2026-04-24 18:47:00,77973.50,77973.50,77973.50,77973.50,0.000000,0,0.000000,0.000000,77973.50,96937.53,-0.00008730,0.000000,0.000000,1
2026-04-24 18:48:00,77973.50,77973.50,77973.50,77973.50,0.000000,0,0.000000,0.000000,77973.50,96933.88,-0.00008730,0.000000,0.000000,1
2026-04-24 18:49:00,77973.50,77973.50,77973.50,77973.50,0.000000,0,0.000000,0.000000,77973.50,96941.26,-0.00008730,0.000000,0.000000,1
2026-04-24 18:50:00,77973.50,77973.50,77973.50,77973.50,0.000000,0,0.000000,0.000000,77973.50,96938.79,-0.00008730,0.000000,0.000000,1
2026-04-24 18:51:00,77973.50,77973.50,77973.50,77973.50,0.000000,0,0.000000,0.000000,77973.50,96925.49,-0.00008730,0.000000,0.000000,1
2026-04-24 18:52:00,77973.50,77973.50,77973.50,77973.50,0.000000,0,0.000000,0.000000,77973.50,96920.56,-0.00008730,0.000000,0.000000,1
2026-04-24 18:53:00,77973.50,77973.50,77973.50,77973.50,0.000000,0,0.000000,0.000000,77973.50,96919.06,-0.00008730,0.000000,0.000000,1
2026-04-24 18:54:00,77973.50,77973.50,77973.50,77973.50,0.000000,0,0.000000,0.000000,77973.50,96921.32,-0.00008730,0.000000,0.000000,1
2026-04-24 18:55:00,77973.50,77973.50,77973.50,77973.50,0.000000,0,0.000000,0.000000,77973.50,96920.25,-0.00008730,0.000000,0.000000,1
2026-04-24 18:56:00,77973.50,77973.50,77973.50,77973.50,0.000000,0,0.000000,0.000000,77973.50,96917.66,-0.00008730,0.000000,0.000000,1
2026-04-24 18:57:00,77973.50,77973.50,77973.50,77973.50,0.000000,0,0.000000,0.000000,77973.50,96918.96,-0.00008730,0.000000,0.000000,1
2026-04-24 18:58:00,77973.50,77973.50,77973.50,77973.50,0.000000,0,0.000000,0.000000,77973.50,96913.37,-0.00008730,0.000000,0.000000,1
2026-04-24 18:59:00,77973.50,77973.50,77973.50,77973.50,0.000000,0,0.000000,0.000000,77973.50,96911.16,-0.00008730,0.000000,0.000000,1
2026-04-24 19:00:00,77973.50,77973.50,77973.50,77973.50,0.000000,0,0.000000,0.000000,77973.50,96909.48,-0.00008730,0.000000,0.000000,1
2026-04-24 19:01:00,77973.50,77973.50,77973.50,77973.50,0.000000,0,0.000000,0.000000,77973.50,96915.35,-0.00008730,0.000000,0.000000,1
2026-04-24 19:02:00,77973.50,77973.50,77973.50,77973.50,0.000000,0,0.000000,0.000000,77973.50,96919.11,-0.00008730,0.000000,0.000000,1
2026-04-24 19:03:00,77973.50,77973.50,77973.50,77973.50,0.000000,0,0.000000,0.000000,77973.50,96917.54,-0.00008730,0.000000,0.000000,1
2026-04-24 19:04:00,77973.50,77973.50,77973.50,77973.50,0.000000,0,0.000000,0.000000,77973.50,96914.52,-0.00008730,0.000000,0.000000,1
2026-04-24 19:05:00,77973.50,77973.50,77973.50,77973.50,0.000000,0,0.000000,0.000000,77973.50,96894.51,-0.00008730,0.000000,0.000000,1
2026-04-24 19:06:00,77973.50,77973.50,77973.50,77973.50,0.000000,0,0.000000,0.000000,77973.50,96884.55,-0.00008730,0.000000,0.000000,1
2026-04-24 19:07:00,77973.50,77973.50,77973.50,77973.50,0.000000,0,0.000000,0.000000,77973.50,96885.64,-0.00008730,0.000000,0.000000,1
2026-04-24 19:08:00,77973.50,77973.50,77973.50,77973.50,0.000000,0,0.000000,0.000000,77973.50,96886.02,-0.00008730,0.000000,0.000000,1
2026-04-24 19:09:00,77973.50,77973.50,77973.50,77973.50,0.000000,0,0.000000,0.000000,77973.50,96892.66,-0.00008730,0.000000,0.000000,1
2026-04-24 19:10:00,77973.50,77973.50,77973.50,77973.50,0.000000,0,0.000000,0.000000,77973.50,96894.63,-0.00008730,0.000000,0.000000,1
2026-04-24 19:11:00,77973.50,77973.50,77973.50,77973.50,0.000000,0,0.000000,0.000000,77973.50,96894.53,-0.00008730,0.000000,0.000000,1
2026-04-24 19:12:00,77973.50,77973.50,77973.50,77973.50,0.000000,0,0.000000,0.000000,77973.50,96895.78,-0.00008730,0.000000,0.000000,1
2026-04-24 19:13:00,77973.50,77973.50,77973.50,77973.50,0.000000,0,0.000000,0.000000,77973.50,96884.95,-0.00008730,0.000000,0.000000,1
2026-04-24 19:14:00,77973.50,77973.50,77973.50,77973.50,0.000000,0,0.000000,0.000000,77973.50,96888.43,-0.00008730,0.000000,0.000000,1
2026-04-24 19:15:00,77973.50,77973.50,77973.50,77973.50,0.000000,0,0.000000,0.000000,77973.50,96890.17,-0.00008730,0.000000,0.000000,1
2026-04-24 19:16:00,77973.50,77973.50,77973.50,77973.50,0.000000,0,0.000000,0.000000,77973.50,96897.21,-0.00008730,0.000000,0.000000,1
2026-04-24 19:17:00,77973.50,77973.50,77973.50,77973.50,0.000000,0,0.000000,0.000000,77973.50,96900.63,-0.00008730,0.000000,0.000000,1
2026-04-24 19:18:00,77973.50,77973.50,77973.50,77973.50,0.000000,0,0.000000,0.000000,77973.50,96894.57,-0.00008730,0.000000,0.000000,1
2026-04-24 19:19:00,77973.50,77973.50,77973.50,77973.50,0.000000,0,0.000000,0.000000,77973.50,96897.45,-0.00008730,0.000000,0.000000,1
2026-04-24 19:20:00,77973.50,77973.50,77973.50,77973.50,0.000000,0,0.000000,0.000000,77973.50,96889.31,-0.00008730,0.000000,0.000000,1
2026-04-24 19:21:00,77973.50,77973.50,77973.50,77973.50,0.000000,0,0.000000,0.000000,77973.50,96889.65,-0.00008730,0.000000,0.000000,1
2026-04-24 19:22:00,77973.50,77973.50,77973.50,77973.50,0.000000,0,0.000000,0.000000,77973.50,96889.18,-0.00008730,0.000000,0.000000,1
2026-04-24 19:23:00,77973.50,77973.50,77973.50,77973.50,0.000000,0,0.000000,0.000000,77973.50,96888.50,-0.00008730,0.000000,0.000000,1
2026-04-24 19:24:00,77973.50,77973.50,77973.50,77973.50,0.000000,0,0.000000,0.000000,77973.50,96886.22,-0.00008730,0.000000,0.000000,1
2026-04-24 19:25:00,77973.50,77973.50,77973.50,77973.50,0.000000,0,0.000000,0.000000,77973.50,96885.23,-0.00008730,0.000000,0.000000,1
2026-04-24 19:26:00,77973.50,77973.50,77973.50,77973.50,0.000000,0,0.000000,0.000000,77973.50,96880.42,-0.00008730,0.000000,0.000000,1
2026-04-24 19:27:00,77973.50,77973.50,77973.50,77973.50,0.000000,0,0.000000,0.000000,77973.50,96874.76,-0.00008730,0.000000,0.000000,1
2026-04-24 19:28:00,77973.50,77973.50,77973.50,77973.50,0.000000,0,0.000000,0.000000,77973.50,96865.34,-0.00008730,0.000000,0.000000,1
2026-04-24 19:29:00,77973.50,77973.50,77973.50,77973.50,0.000000,0,0.000000,0.000000,77973.50,96856.23,-0.00008730,0.000000,0.000000,1
2026-04-24 19:30:00,77973.50,77973.50,77973.50,77973.50,0.000000,0,0.000000,0.000000,77973.50,96859.19,-0.00008730,0.000000,0.000000,1
2026-04-24 19:31:00,77973.50,77973.50,77973.50,77973.50,0.000000,0,0.000000,0.000000,77973.50,96859.14,-0.00008730,0.000000,0.000000,1
2026-04-24 19:32:00,77973.50,77973.50,77973.50,77973.50,0.000000,0,0.000000,0.000000,77973.50,96860.25,-0.00008730,0.000000,0.000000,1
2026-04-24 19:33:00,77973.50,77973.50,77973.50,77973.50,0.000000,0,0.000000,0.000000,77973.50,96860.06,-0.00008730,0.000000,0.000000,1
2026-04-24 19:34:00,77973.50,77973.50,77973.50,77973.50,0.000000,0,0.000000,0.000000,77973.50,96833.25,-0.00008730,0.000000,0.000000,1
2026-04-24 19:35:00,77973.50,77973.50,77973.50,77973.50,0.000000,0,0.000000,0.000000,77973.50,96833.13,-0.00008730,0.000000,0.000000,1
2026-04-24 19:36:00,77973.50,77973.50,77973.50,77973.50,0.000000,0,0.000000,0.000000,77973.50,96831.63,-0.00008730,0.000000,0.000000,1
2026-04-24 19:37:00,77973.50,77973.50,77973.50,77973.50,0.000000,0,0.000000,0.000000,77973.50,96826.08,-0.00008730,0.000000,0.000000,1
2026-04-24 19:38:00,77973.50,77973.50,77973.50,77973.50,0.000000,0,0.000000,0.000000,77973.50,96823.97,-0.00008730,0.000000,0.000000,1
2026-04-24 19:39:00,77973.50,77973.50,77973.50,77973.50,0.000000,0,0.000000,0.000000,77973.50,96826.72,-0.00008730,0.000000,0.000000,1
2026-04-24 19:40:00,77973.50,77973.50,77973.50,77973.50,0.000000,0,0.000000,0.000000,77973.50,96840.76,-0.00008730,0.000000,0.000000,1
2026-04-24 19:41:00,77973.50,77973.50,77973.50,77973.50,0.000000,0,0.000000,0.000000,77973.50,96840.55,-0.00008730,0.000000,0.000000,1
2026-04-24 19:42:00,77973.50,77973.50,77973.50,77973.50,0.000000,0,0.000000,0.000000,77973.50,96837.86,-0.00008730,0.000000,0.000000,1
2026-04-24 19:43:00,77973.50,77973.50,77973.50,77973.50,0.000000,0,0.000000,0.000000,77973.50,96836.64,-0.00008730,0.000000,0.000000,1
2026-04-24 19:44:00,77973.50,77973.50,77973.50,77973.50,0.000000,0,0.000000,0.000000,77973.50,96841.41,-0.00008730,0.000000,0.000000,1
2026-04-24 19:45:00,77973.50,77973.50,77973.50,77973.50,0.000000,0,0.000000,0.000000,77973.50,96840.18,-0.00008730,0.000000,0.000000,1
2026-04-24 19:46:00,77973.50,77973.50,77973.50,77973.50,0.000000,0,0.000000,0.000000,77973.50,96858.34,-0.00008730,0.000000,0.000000,1
2026-04-24 19:47:00,77973.50,77973.50,77973.50,77973.50,0.000000,0,0.000000,0.000000,77973.50,96870.26,-0.00008730,0.000000,0.000000,1
2026-04-24 19:48:00,77973.50,77973.50,77973.50,77973.50,0.000000,0,0.000000,0.000000,77973.50,96862.73,-0.00008730,0.000000,0.000000,1
2026-04-24 19:49:00,77973.50,77973.50,77973.50,77973.50,0.000000,0,0.000000,0.000000,77973.50,96859.23,-0.00008730,0.000000,0.000000,1
2026-04-24 19:50:00,77973.50,77973.50,77973.50,77973.50,0.000000,0,0.000000,0.000000,77973.50,96847.06,-0.00008730,0.000000,0.000000,1
2026-04-24 19:51:00,77973.50,77973.50,77973.50,77973.50,0.000000,0,0.000000,0.000000,77973.50,96852.03,-0.00008730,0.000000,0.000000,1
2026-04-24 19:52:00,77973.50,77973.50,77973.50,77973.50,0.000000,0,0.000000,0.000000,77973.50,96852.50,-0.00008730,0.000000,0.000000,1
2026-04-24 19:53:00,77973.50,77973.50,77973.50,77973.50,0.000000,0,0.000000,0.000000,77973.50,96845.55,-0.00008730,0.000000,0.000000,1
2026-04-24 19:54:00,77973.50,77973.50,77973.50,77973.50,0.000000,0,0.000000,0.000000,77973.50,96868.26,-0.00008730,0.000000,0.000000,1
2026-04-24 19:55:00,77973.50,77973.50,77973.50,77973.50,0.000000,0,0.000000,0.000000,77973.50,96871.07,-0.00008730,0.000000,0.000000,1
2026-04-24 19:56:00,77973.50,77973.50,77973.50,77973.50,0.000000,0,0.000000,0.000000,77973.50,96868.31,-0.00008730,0.000000,0.000000,1
2026-04-24 19:57:00,77973.50,77973.50,77973.50,77973.50,0.000000,0,0.000000,0.000000,77973.50,96868.59,-0.00008730,0.000000,0.000000,1
2026-04-24 19:58:00,77973.50,77973.50,77973.50,77973.50,0.000000,0,0.000000,0.000000,77973.50,96873.21,-0.00008730,0.000000,0.000000,1
2026-04-24 19:59:00,77973.50,77973.50,77973.50,77973.50,0.000000,0,0.000000,0.000000,77973.50,96872.48,-0.00008730,0.000000,0.000000,1
2026-04-24 20:00:00,77973.50,77973.50,77973.50,77973.50,0.000000,0,0.000000,0.000000,77973.50,96881.26,-0.00008730,0.000000,0.000000,1
2026-04-24 20:01:00,77973.50,77973.50,77973.50,77973.50,0.000000,0,0.000000,0.000000,77973.50,96847.11,-0.00008730,0.000000,0.000000,1
2026-04-24 20:02:00,77973.50,77973.50,77973.50,77973.50,0.000000,0,0.000000,0.000000,77973.50,96843.48,-0.00008730,0.000000,0.000000,1
2026-04-24 20:03:00,77973.50,77973.50,77973.50,77973.50,0.000000,0,0.000000,0.000000,77973.50,96833.79,-0.00008730,0.000000,0.000000,1
2026-04-24 20:04:00,77973.50,77973.50,77973.50,77973.50,0.000000,0,0.000000,0.000000,77973.50,96826.08,-0.00008730,0.000000,0.000000,1
2026-04-24 20:05:00,77973.50,77973.50,77973.50,77973.50,0.000000,0,0.000000,0.000000,77973.50,96823.10,-0.00008730,0.000000,0.000000,1
2026-04-24 20:06:00,77973.50,77973.50,77973.50,77973.50,0.000000,0,0.000000,0.000000,77973.50,96815.90,-0.00008730,0.000000,0.000000,1
2026-04-24 20:07:00,77973.50,77973.50,77973.50,77973.50,0.000000,0,0.000000,0.000000,77973.50,96815.77,-0.00008730,0.000000,0.000000,1
2026-04-24 20:08:00,77973.50,77973.50,77973.50,77973.50,0.000000,0,0.000000,0.000000,77973.50,96833.50,-0.00008730,0.000000,0.000000,1
2026-04-24 20:09:00,77973.50,77973.50,77973.50,77973.50,0.000000,0,0.000000,0.000000,77973.50,96829.01,-0.00008730,0.000000,0.000000,1
2026-04-24 20:10:00,77973.50,77973.50,77973.50,77973.50,0.000000,0,0.000000,0.000000,77973.50,96825.44,-0.00008730,0.000000,0.000000,1
2026-04-24 20:11:00,77973.50,77973.50,77973.50,77973.50,0.000000,0,0.000000,0.000000,77973.50,96819.00,-0.00008730,0.000000,0.000000,1
2026-04-24 20:12:00,77973.50,77973.50,77973.50,77973.50,0.000000,0,0.000000,0.000000,77973.50,96813.49,-0.00008730,0.000000,0.000000,1
2026-04-24 20:13:00,77973.50,77973.50,77973.50,77973.50,0.000000,0,0.000000,0.000000,77973.50,96813.43,-0.00008730,0.000000,0.000000,1
2026-04-24 20:14:00,77973.50,77973.50,77973.50,77973.50,0.000000,0,0.000000,0.000000,77973.50,96812.38,-0.00008730,0.000000,0.000000,1
2026-04-24 20:15:00,77973.50,77973.50,77973.50,77973.50,0.000000,0,0.000000,0.000000,77973.50,96805.25,-0.00008730,0.000000,0.000000,1
2026-04-24 20:16:00,77973.50,77973.50,77973.50,77973.50,0.000000,0,0.000000,0.000000,77973.50,96819.96,-0.00008730,0.000000,0.000000,1
2026-04-24 20:17:00,77973.50,77973.50,77973.50,77973.50,0.000000,0,0.000000,0.000000,77973.50,96821.37,-0.00008730,0.000000,0.000000,1
2026-04-24 20:18:00,77973.50,77973.50,77973.50,77973.50,0.000000,0,0.000000,0.000000,77973.50,96799.37,-0.00008730,0.000000,0.000000,1
2026-04-24 20:19:00,77973.50,77973.50,77973.50,77973.50,0.000000,0,0.000000,0.000000,77973.50,96773.82,-0.00008730,0.000000,0.000000,1
2026-04-24 20:20:00,77973.50,77973.50,77973.50,77973.50,0.000000,0,0.000000,0.000000,77973.50,96765.27,-0.00008730,0.000000,0.000000,1
2026-04-24 20:21:00,77973.50,77973.50,77973.50,77973.50,0.000000,0,0.000000,0.000000,77973.50,96750.20,-0.00008730,0.000000,0.000000,1
2026-04-24 20:22:00,77973.50,77973.50,77973.50,77973.50,0.000000,0,0.000000,0.000000,77973.50,96749.13,-0.00008730,0.000000,0.000000,1
2026-04-24 20:23:00,77973.50,77973.50,77973.50,77973.50,0.000000,0,0.000000,0.000000,77973.50,96731.77,-0.00008730,0.000000,0.000000,1
2026-04-24 20:24:00,77973.50,77973.50,77973.50,77973.50,0.000000,0,0.000000,0.000000,77973.50,96736.29,-0.00008730,0.000000,0.000000,1
2026-04-24 20:25:00,77973.50,77973.50,77973.50,77973.50,0.000000,0,0.000000,0.000000,77973.50,96746.00,-0.00008730,0.000000,0.000000,1
2026-04-24 20:26:00,77973.50,77973.50,77973.50,77973.50,0.000000,0,0.000000,0.000000,77973.50,96743.62,-0.00008730,0.000000,0.000000,1
2026-04-24 20:27:00,77973.50,77973.50,77973.50,77973.50,0.000000,0,0.000000,0.000000,77973.50,96741.80,-0.00008730,0.000000,0.000000,1
2026-04-24 20:28:00,77973.50,77973.50,77973.50,77973.50,0.000000,0,0.000000,0.000000,77973.50,96725.21,-0.00008730,0.000000,0.000000,1
2026-04-24 20:29:00,77973.50,77973.50,77973.50,77973.50,0.000000,0,0.000000,0.000000,77973.50,96720.15,-0.00008730,0.000000,0.000000,1
2026-04-24 20:30:00,77973.50,77973.50,77973.50,77973.50,0.000000,0,0.000000,0.000000,77973.50,96721.12,-0.00008730,0.000000,0.000000,1
2026-04-24 20:31:00,77973.50,77973.50,77973.50,77973.50,0.000000,0,0.000000,0.000000,77973.50,96711.19,-0.00008730,0.000000,0.000000,1
2026-04-24 20:32:00,77973.50,77973.50,77973.50,77973.50,0.000000,0,0.000000,0.000000,77973.50,96701.97,-0.00008730,0.000000,0.000000,1
2026-04-24 20:33:00,77973.50,77973.50,77973.50,77973.50,0.000000,0,0.000000,0.000000,77973.50,96686.90,-0.00008730,0.000000,0.000000,1
2026-04-24 20:34:00,77973.50,77973.50,77973.50,77973.50,0.000000,0,0.000000,0.000000,77973.50,96689.42,-0.00008730,0.000000,0.000000,1
2026-04-24 20:35:00,77973.50,77973.50,77973.50,77973.50,0.000000,0,0.000000,0.000000,77973.50,96687.17,-0.00008730,0.000000,0.000000,1
2026-04-24 20:36:00,77973.50,77973.50,77973.50,77973.50,0.000000,0,0.000000,0.000000,77973.50,96686.19,-0.00008730,0.000000,0.000000,1
2026-04-24 20:37:00,77973.50,77973.50,77973.50,77973.50,0.000000,0,0.000000,0.000000,77973.50,96690.50,-0.00008730,0.000000,0.000000,1
2026-04-24 20:38:00,77973.50,77973.50,77973.50,77973.50,0.000000,0,0.000000,0.000000,77973.50,96713.67,-0.00008730,0.000000,0.000000,1
2026-04-24 20:39:00,77973.50,77973.50,77973.50,77973.50,0.000000,0,0.000000,0.000000,77973.50,96716.80,-0.00008730,0.000000,0.000000,1
2026-04-24 20:40:00,77973.50,77973.50,77973.50,77973.50,0.000000,0,0.000000,0.000000,77973.50,96719.14,-0.00008730,0.000000,0.000000,1
2026-04-24 20:41:00,77973.50,77973.50,77973.50,77973.50,0.000000,0,0.000000,0.000000,77973.50,96745.38,-0.00008730,0.000000,0.000000,1
2026-04-24 20:42:00,77973.50,77973.50,77973.50,77973.50,0.000000,0,0.000000,0.000000,77973.50,96740.80,-0.00008730,0.000000,0.000000,1
2026-04-24 20:43:00,77973.50,77973.50,77973.50,77973.50,0.000000,0,0.000000,0.000000,77973.50,96744.13,-0.00008730,0.000000,0.000000,1
2026-04-24 20:44:00,77973.50,77973.50,77973.50,77973.50,0.000000,0,0.000000,0.000000,77973.50,96741.72,-0.00008730,0.000000,0.000000,1
2026-04-24 20:45:00,77973.50,77973.50,77973.50,77973.50,0.000000,0,0.000000,0.000000,77973.50,96741.06,-0.00008730,0.000000,0.000000,1
2026-04-24 20:46:00,77973.50,77973.50,77973.50,77973.50,0.000000,0,0.000000,0.000000,77973.50,96741.06,-0.00008730,0.000000,0.000000,1
2026-04-24 20:47:00,77973.50,77973.50,77973.50,77973.50,0.000000,0,0.000000,0.000000,77973.50,96744.99,-0.00008730,0.000000,0.000000,1
2026-04-24 20:48:00,77973.50,77973.50,77973.50,77973.50,0.000000,0,0.000000,0.000000,77973.50,96739.04,-0.00008730,0.000000,0.000000,1
2026-04-24 20:49:00,77973.50,77973.50,77973.50,77973.50,0.000000,0,0.000000,0.000000,77973.50,96720.88,-0.00008730,0.000000,0.000000,1
2026-04-24 20:50:00,77973.50,77973.50,77973.50,77973.50,0.000000,0,0.000000,0.000000,77973.50,96719.11,-0.00008730,0.000000,0.000000,1
2026-04-24 20:51:00,77973.50,77973.50,77973.50,77973.50,0.000000,0,0.000000,0.000000,77973.50,96712.38,-0.00008730,0.000000,0.000000,1
2026-04-24 20:52:00,77973.50,77973.50,77973.50,77973.50,0.000000,0,0.000000,0.000000,77973.50,96688.47,-0.00008730,0.000000,0.000000,1
2026-04-24 20:53:00,77973.50,77973.50,77973.50,77973.50,0.000000,0,0.000000,0.000000,77973.50,96686.16,-0.00008730,0.000000,0.000000,1
2026-04-24 20:54:00,77973.50,77973.50,77973.50,77973.50,0.000000,0,0.000000,0.000000,77973.50,96685.06,-0.00008730,0.000000,0.000000,1
2026-04-24 20:55:00,77973.50,77973.50,77973.50,77973.50,0.000000,0,0.000000,0.000000,77973.50,96679.54,-0.00008730,0.000000,0.000000,1
2026-04-24 20:56:00,77973.50,77973.50,77973.50,77973.50,0.000000,0,0.000000,0.000000,77973.50,96676.94,-0.00008730,0.000000,0.000000,1
2026-04-24 20:57:00,77973.50,77973.50,77973.50,77973.50,0.000000,0,0.000000,0.000000,77973.50,96604.82,-0.00008730,0.000000,0.000000,1
2026-04-24 20:58:00,77973.50,77973.50,77973.50,77973.50,0.000000,0,0.000000,0.000000,77973.50,96585.02,-0.00008730,0.000000,0.000000,1
2026-04-24 20:59:00,77973.50,77973.50,77973.50,77973.50,0.000000,0,0.000000,0.000000,77973.50,96560.75,-0.00008730,0.000000,0.000000,1
2026-04-24 21:00:00,77973.50,77973.50,77973.50,77973.50,0.000000,0,0.000000,0.000000,77973.50,96576.05,-0.00008730,0.000000,0.000000,1
2026-04-24 21:01:00,77973.50,77973.50,77973.50,77973.50,0.000000,0,0.000000,0.000000,77973.50,96543.02,-0.00008730,0.000000,0.000000,1
2026-04-24 21:02:00,77973.50,77973.50,77973.50,77973.50,0.000000,0,0.000000,0.000000,77973.50,96539.06,-0.00008730,0.000000,0.000000,1
2026-04-24 21:03:00,77973.50,77973.50,77973.50,77973.50,0.000000,0,0.000000,0.000000,77973.50,96538.59,-0.00008730,0.000000,0.000000,1
2026-04-24 21:04:00,77973.50,77973.50,77973.50,77973.50,0.000000,0,0.000000,0.000000,77973.50,96522.82,-0.00008730,0.000000,0.000000,1
2026-04-24 21:05:00,77973.50,77973.50,77973.50,77973.50,0.000000,0,0.000000,0.000000,77973.50,96521.90,-0.00008730,0.000000,0.000000,1
2026-04-24 21:06:00,77973.50,77973.50,77973.50,77973.50,0.000000,0,0.000000,0.000000,77973.50,96533.17,-0.00008730,0.000000,0.000000,1
2026-04-24 21:07:00,77973.50,77973.50,77973.50,77973.50,0.000000,0,0.000000,0.000000,77973.50,96531.37,-0.00008730,0.000000,0.000000,1
2026-04-24 21:08:00,77973.50,77973.50,77973.50,77973.50,0.000000,0,0.000000,0.000000,77973.50,96532.63,-0.00008730,0.000000,0.000000,1
2026-04-24 21:09:00,77973.50,77973.50,77973.50,77973.50,0.000000,0,0.000000,0.000000,77973.50,96529.03,-0.00008730,0.000000,0.000000,1
2026-04-24 21:10:00,77973.50,77973.50,77973.50,77973.50,0.000000,0,0.000000,0.000000,77973.50,96524.31,-0.00008730,0.000000,0.000000,1
2026-04-24 21:11:00,77973.50,77973.50,77973.50,77973.50,0.000000,0,0.000000,0.000000,77973.50,96515.83,-0.00008730,0.000000,0.000000,1
2026-04-24 21:12:00,77973.50,77973.50,77973.50,77973.50,0.000000,0,0.000000,0.000000,77973.50,96517.45,-0.00008730,0.000000,0.000000,1
2026-04-24 21:13:00,77973.50,77973.50,77973.50,77973.50,0.000000,0,0.000000,0.000000,77973.50,96501.23,-0.00008730,0.000000,0.000000,1
2026-04-24 21:14:00,77973.50,77973.50,77973.50,77973.50,0.000000,0,0.000000,0.000000,77973.50,96502.09,-0.00008730,0.000000,0.000000,1
2026-04-24 21:15:00,77973.50,77973.50,77973.50,77973.50,0.000000,0,0.000000,0.000000,77973.50,96484.85,-0.00008730,0.000000,0.000000,1
2026-04-24 21:16:00,77973.50,77973.50,77973.50,77973.50,0.000000,0,0.000000,0.000000,77973.50,96464.78,-0.00008730,0.000000,0.000000,1
2026-04-24 21:17:00,77973.50,77973.50,77973.50,77973.50,0.000000,0,0.000000,0.000000,77973.50,96468.48,-0.00008730,0.000000,0.000000,1
2026-04-24 21:18:00,77973.50,77973.50,77973.50,77973.50,0.000000,0,0.000000,0.000000,77973.50,96460.66,-0.00008730,0.000000,0.000000,1
2026-04-24 21:19:00,77973.50,77973.50,77973.50,77973.50,0.000000,0,0.000000,0.000000,77973.50,96460.66,-0.00008730,0.000000,0.000000,1
2026-04-24 21:20:00,77973.50,77973.50,77973.50,77973.50,0.000000,0,0.000000,0.000000,77973.50,96442.88,-0.00008730,0.000000,0.000000,1
2026-04-24 21:21:00,77973.50,77973.50,77973.50,77973.50,0.000000,0,0.000000,0.000000,77973.50,96443.02,-0.00008730,0.000000,0.000000,1
2026-04-24 21:22:00,77973.50,77973.50,77973.50,77973.50,0.000000,0,0.000000,0.000000,77973.50,96436.00,-0.00008730,0.000000,0.000000,1
2026-04-24 21:23:00,77973.50,77973.50,77973.50,77973.50,0.000000,0,0.000000,0.000000,77973.50,96438.57,-0.00008730,0.000000,0.000000,1
2026-04-24 21:24:00,77973.50,77973.50,77973.50,77973.50,0.000000,0,0.000000,0.000000,77973.50,96442.44,-0.00008730,0.000000,0.000000,1
2026-04-24 21:25:00,77973.50,77973.50,77973.50,77973.50,0.000000,0,0.000000,0.000000,77973.50,96447.74,-0.00008730,0.000000,0.000000,1
2026-04-24 21:26:00,77973.50,77973.50,77973.50,77973.50,0.000000,0,0.000000,0.000000,77973.50,96462.26,-0.00008730,0.000000,0.000000,1
2026-04-24 21:27:00,77973.50,77973.50,77973.50,77973.50,0.000000,0,0.000000,0.000000,77973.50,96447.77,-0.00008730,0.000000,0.000000,1
2026-04-24 21:28:00,77973.50,77973.50,77973.50,77973.50,0.000000,0,0.000000,0.000000,77973.50,96445.02,-0.00008730,0.000000,0.000000,1
2026-04-24 21:29:00,77973.50,77973.50,77973.50,77973.50,0.000000,0,0.000000,0.000000,77973.50,96446.04,-0.00008730,0.000000,0.000000,1
2026-04-24 21:30:00,77973.50,77973.50,77973.50,77973.50,0.000000,0,0.000000,0.000000,77973.50,96442.86,-0.00008730,0.000000,0.000000,1
2026-04-24 21:31:00,77973.50,77973.50,77973.50,77973.50,0.000000,0,0.000000,0.000000,77973.50,96443.66,-0.00008730,0.000000,0.000000,1
2026-04-24 21:32:00,77973.50,77973.50,77973.50,77973.50,0.000000,0,0.000000,0.000000,77973.50,96442.78,-0.00008730,0.000000,0.000000,1
2026-04-24 21:33:00,77973.50,77973.50,77973.50,77973.50,0.000000,0,0.000000,0.000000,77973.50,96438.07,-0.00008730,0.000000,0.000000,1
2026-04-24 21:34:00,77973.50,77973.50,77973.50,77973.50,0.000000,0,0.000000,0.000000,77973.50,96449.68,-0.00008730,0.000000,0.000000,1
2026-04-24 21:35:00,77973.50,77973.50,77973.50,77973.50,0.000000,0,0.000000,0.000000,77973.50,96448.61,-0.00008730,0.000000,0.000000,1
2026-04-24 21:36:00,77973.50,77973.50,77973.50,77973.50,0.000000,0,0.000000,0.000000,77973.50,96459.18,-0.00008730,0.000000,0.000000,1
2026-04-24 21:37:00,77973.50,77973.50,77973.50,77973.50,0.000000,0,0.000000,0.000000,77973.50,96460.59,-0.00008730,0.000000,0.000000,1
2026-04-24 21:38:00,77973.50,77973.50,77973.50,77973.50,0.000000,0,0.000000,0.000000,77973.50,96463.10,-0.00008730,0.000000,0.000000,1
2026-04-24 21:39:00,77973.50,77973.50,77973.50,77973.50,0.000000,0,0.000000,0.000000,77973.50,96473.99,-0.00008730,0.000000,0.000000,1
2026-04-24 21:40:00,77973.50,77973.50,77973.50,77973.50,0.000000,0,0.000000,0.000000,77973.50,96473.94,-0.00008730,0.000000,0.000000,1
2026-04-24 21:41:00,77973.50,77973.50,77973.50,77973.50,0.000000,0,0.000000,0.000000,77973.50,96473.08,-0.00008730,0.000000,0.000000,1
2026-04-24 21:42:00,77973.50,77973.50,77973.50,77973.50,0.000000,0,0.000000,0.000000,77973.50,96473.19,-0.00008730,0.000000,0.000000,1
2026-04-24 21:43:00,77973.50,77973.50,77973.50,77973.50,0.000000,0,0.000000,0.000000,77973.50,96473.83,-0.00008730,0.000000,0.000000,1
2026-04-24 21:44:00,77973.50,77973.50,77973.50,77973.50,0.000000,0,0.000000,0.000000,77973.50,96468.05,-0.00008730,0.000000,0.000000,1
2026-04-24 21:45:00,77973.50,77973.50,77973.50,77973.50,0.000000,0,0.000000,0.000000,77973.50,96459.68,-0.00008730,0.000000,0.000000,1
2026-04-24 21:46:00,77973.50,77973.50,77973.50,77973.50,0.000000,0,0.000000,0.000000,77973.50,96447.55,-0.00008730,0.000000,0.000000,1
2026-04-24 21:47:00,77973.50,77973.50,77973.50,77973.50,0.000000,0,0.000000,0.000000,77973.50,96444.02,-0.00008730,0.000000,0.000000,1
2026-04-24 21:48:00,77973.50,77973.50,77973.50,77973.50,0.000000,0,0.000000,0.000000,77973.50,96432.63,-0.00008730,0.000000,0.000000,1
2026-04-24 21:49:00,77973.50,77973.50,77973.50,77973.50,0.000000,0,0.000000,0.000000,77973.50,96437.52,-0.00008730,0.000000,0.000000,1
2026-04-24 21:50:00,77973.50,77973.50,77973.50,77973.50,0.000000,0,0.000000,0.000000,77973.50,96437.12,-0.00008730,0.000000,0.000000,1
2026-04-24 21:51:00,77973.50,77973.50,77973.50,77973.50,0.000000,0,0.000000,0.000000,77973.50,96436.70,-0.00008730,0.000000,0.000000,1
2026-04-24 21:52:00,77973.50,77973.50,77973.50,77973.50,0.000000,0,0.000000,0.000000,77973.50,96432.56,-0.00008730,0.000000,0.000000,1
2026-04-24 21:53:00,77973.50,77973.50,77973.50,77973.50,0.000000,0,0.000000,0.000000,77973.50,96435.33,-0.00008730,0.000000,0.000000,1
2026-04-24 21:54:00,77973.50,77973.50,77973.50,77973.50,0.000000,0,0.000000,0.000000,77973.50,96434.88,-0.00008730,0.000000,0.000000,1
2026-04-24 21:55:00,77973.50,77973.50,77973.50,77973.50,0.000000,0,0.000000,0.000000,77973.50,96435.55,-0.00008730,0.000000,0.000000,1
2026-04-24 21:56:00,77973.50,77973.50,77973.50,77973.50,0.000000,0,0.000000,0.000000,77973.50,96439.70,-0.00008730,0.000000,0.000000,1
2026-04-24 21:57:00,77973.50,77973.50,77973.50,77973.50,0.000000,0,0.000000,0.000000,77973.50,96438.34,-0.00008730,0.000000,0.000000,1
2026-04-24 21:58:00,77973.50,77973.50,77973.50,77973.50,0.000000,0,0.000000,0.000000,77973.50,96431.97,-0.00008730,0.000000,0.000000,1
2026-04-24 21:59:00,77973.50,77973.50,77973.50,77973.50,0.000000,0,0.000000,0.000000,77973.50,96431.58,-0.00008730,0.000000,0.000000,1
2026-04-24 22:00:00,77973.50,77973.50,77973.50,77973.50,0.000000,0,0.000000,0.000000,77973.50,96427.35,-0.00008730,0.000000,0.000000,1
2026-04-24 22:01:00,77973.50,77973.50,77973.50,77973.50,0.000000,0,0.000000,0.000000,77973.50,96422.56,-0.00008730,0.000000,0.000000,1
2026-04-24 22:02:00,77973.50,77973.50,77973.50,77973.50,0.000000,0,0.000000,0.000000,77973.50,96505.61,-0.00008730,0.000000,0.000000,1
2026-04-24 22:03:00,77973.50,77973.50,77973.50,77973.50,0.000000,0,0.000000,0.000000,77973.50,96511.89,-0.00008730,0.000000,0.000000,1
2026-04-24 22:04:00,77973.50,77973.50,77973.50,77973.50,0.000000,0,0.000000,0.000000,77973.50,96517.22,-0.00008730,0.000000,0.000000,1
2026-04-24 22:05:00,77973.50,77973.50,77973.50,77973.50,0.000000,0,0.000000,0.000000,77973.50,96509.32,-0.00008730,0.000000,0.000000,1
2026-04-24 22:06:00,77973.50,77973.50,77973.50,77973.50,0.000000,0,0.000000,0.000000,77973.50,96510.95,-0.00008730,0.000000,0.000000,1
2026-04-24 22:07:00,77973.50,77973.50,77973.50,77973.50,0.000000,0,0.000000,0.000000,77973.50,96513.41,-0.00008730,0.000000,0.000000,1
2026-04-24 22:08:00,77973.50,77973.50,77973.50,77973.50,0.000000,0,0.000000,0.000000,77973.50,96511.78,-0.00008730,0.000000,0.000000,1
2026-04-24 22:09:00,77973.50,77973.50,77973.50,77973.50,0.000000,0,0.000000,0.000000,77973.50,96510.91,-0.00008730,0.000000,0.000000,1
2026-04-24 22:10:00,77973.50,77973.50,77973.50,77973.50,0.000000,0,0.000000,0.000000,77973.50,96510.71,-0.00008730,0.000000,0.000000,1
2026-04-24 22:11:00,77973.50,77973.50,77973.50,77973.50,0.000000,0,0.000000,0.000000,77973.50,96518.52,-0.00008730,0.000000,0.000000,1
2026-04-24 22:12:00,77973.50,77973.50,77973.50,77973.50,0.000000,0,0.000000,0.000000,77973.50,96514.42,-0.00008730,0.000000,0.000000,1
2026-04-24 22:13:00,77973.50,77973.50,77973.50,77973.50,0.000000,0,0.000000,0.000000,77973.50,96518.79,-0.00008730,0.000000,0.000000,1
2026-04-24 22:14:00,77973.50,77973.50,77973.50,77973.50,0.000000,0,0.000000,0.000000,77973.50,96520.65,-0.00008730,0.000000,0.000000,1
2026-04-24 22:15:00,77973.50,77973.50,77973.50,77973.50,0.000000,0,0.000000,0.000000,77973.50,96521.63,-0.00008730,0.000000,0.000000,1
2026-04-24 22:16:00,77973.50,77973.50,77973.50,77973.50,0.000000,0,0.000000,0.000000,77973.50,96526.98,-0.00008730,0.000000,0.000000,1
2026-04-24 22:17:00,77973.50,77973.50,77973.50,77973.50,0.000000,0,0.000000,0.000000,77973.50,96526.19,-0.00008730,0.000000,0.000000,1
2026-04-24 22:18:00,77973.50,77973.50,77973.50,77973.50,0.000000,0,0.000000,0.000000,77973.50,96526.20,-0.00008730,0.000000,0.000000,1
2026-04-24 22:19:00,77973.50,77973.50,77973.50,77973.50,0.000000,0,0.000000,0.000000,77973.50,96524.72,-0.00008730,0.000000,0.000000,1
2026-04-24 22:20:00,77973.50,77973.50,77973.50,77973.50,0.000000,0,0.000000,0.000000,77973.50,96524.47,-0.00008730,0.000000,0.000000,1
2026-04-24 22:21:00,77973.50,77973.50,77973.50,77973.50,0.000000,0,0.000000,0.000000,77973.50,96525.46,-0.00008730,0.000000,0.000000,1
2026-04-24 22:22:00,77973.50,77973.50,77973.50,77973.50,0.000000,0,0.000000,0.000000,77973.50,96519.45,-0.00008730,0.000000,0.000000,1
2026-04-24 22:23:00,77973.50,77973.50,77973.50,77973.50,0.000000,0,0.000000,0.000000,77973.50,96518.51,-0.00008730,0.000000,0.000000,1
2026-04-24 22:24:00,77973.50,77973.50,77973.50,77973.50,0.000000,0,0.000000,0.000000,77973.50,96519.40,-0.00008730,0.000000,0.000000,1
2026-04-24 22:25:00,77973.50,77973.50,77973.50,77973.50,0.000000,0,0.000000,0.000000,77973.50,96521.51,-0.00008730,0.000000,0.000000,1
2026-04-24 22:26:00,77973.50,77973.50,77973.50,77973.50,0.000000,0,0.000000,0.000000,77973.50,96521.43,-0.00008730,0.000000,0.000000,1
2026-04-24 22:27:00,77973.50,77973.50,77973.50,77973.50,0.000000,0,0.000000,0.000000,77973.50,96526.00,-0.00008730,0.000000,0.000000,1
2026-04-24 22:28:00,77973.50,77973.50,77973.50,77973.50,0.000000,0,0.000000,0.000000,77973.50,96513.45,-0.00008730,0.000000,0.000000,1
2026-04-24 22:29:00,77973.50,77973.50,77973.50,77973.50,0.000000,0,0.000000,0.000000,77973.50,96513.70,-0.00008730,0.000000,0.000000,1
2026-04-24 22:30:00,77973.50,77973.50,77973.50,77973.50,0.000000,0,0.000000,0.000000,77973.50,96513.45,-0.00008730,0.000000,0.000000,1
2026-04-24 22:31:00,77973.50,77973.50,77973.50,77973.50,0.000000,0,0.000000,0.000000,77973.50,96515.62,-0.00008730,0.000000,0.000000,1
2026-04-24 22:32:00,77973.50,77973.50,77973.50,77973.50,0.000000,0,0.000000,0.000000,77973.50,96513.87,-0.00008730,0.000000,0.000000,1
2026-04-24 22:33:00,77973.50,77973.50,77973.50,77973.50,0.000000,0,0.000000,0.000000,77973.50,96523.66,-0.00008730,0.000000,0.000000,1
2026-04-24 22:34:00,77973.50,77973.50,77973.50,77973.50,0.000000,0,0.000000,0.000000,77973.50,96589.34,-0.00008730,0.000000,0.000000,1
2026-04-24 22:35:00,77973.50,77973.50,77973.50,77973.50,0.000000,0,0.000000,0.000000,77973.50,96590.46,-0.00008730,0.000000,0.000000,1
2026-04-24 22:36:00,77973.50,77973.50,77973.50,77973.50,0.000000,0,0.000000,0.000000,77973.50,96588.53,-0.00008730,0.000000,0.000000,1
2026-04-24 22:37:00,77973.50,77973.50,77973.50,77973.50,0.000000,0,0.000000,0.000000,77973.50,96597.01,-0.00008730,0.000000,0.000000,1
2026-04-24 22:38:00,77973.50,77973.50,77973.50,77973.50,0.000000,0,0.000000,0.000000,77973.50,96607.88,-0.00008730,0.000000,0.000000,1
2026-04-24 22:39:00,77973.50,77973.50,77973.50,77973.50,0.000000,0,0.000000,0.000000,77973.50,96610.41,-0.00008730,0.000000,0.000000,1
2026-04-24 22:40:00,77973.50,77973.50,77973.50,77973.50,0.000000,0,0.000000,0.000000,77973.50,96490.61,-0.00008730,0.000000,0.000000,1
2026-04-24 22:41:00,77973.50,77973.50,77973.50,77973.50,0.000000,0,0.000000,0.000000,77973.50,96363.70,-0.00008730,0.000000,0.000000,1
2026-04-24 22:42:00,77973.50,77973.50,77973.50,77973.50,0.000000,0,0.000000,0.000000,77973.50,96360.24,-0.00008730,0.000000,0.000000,1
2026-04-24 22:43:00,77973.50,77973.50,77973.50,77973.50,0.000000,0,0.000000,0.000000,77973.50,96359.09,-0.00008730,0.000000,0.000000,1
2026-04-24 22:44:00,77973.50,77973.50,77973.50,77973.50,0.000000,0,0.000000,0.000000,77973.50,96346.17,-0.00008730,0.000000,0.000000,1
2026-04-24 22:45:00,77973.50,77973.50,77973.50,77973.50,0.000000,0,0.000000,0.000000,77973.50,96345.45,-0.00008730,0.000000,0.000000,1
2026-04-24 22:46:00,77973.50,77973.50,77973.50,77973.50,0.000000,0,0.000000,0.000000,77973.50,96372.18,-0.00008730,0.000000,0.000000,1
2026-04-24 22:47:00,77973.50,77973.50,77973.50,77973.50,0.000000,0,0.000000,0.000000,77973.50,96337.75,-0.00008730,0.000000,0.000000,1
2026-04-24 22:48:00,77973.50,77973.50,77973.50,77973.50,0.000000,0,0.000000,0.000000,77973.50,96355.54,-0.00008730,0.000000,0.000000,1
2026-04-24 22:49:00,77973.50,77973.50,77973.50,77973.50,0.000000,0,0.000000,0.000000,77973.50,96360.75,-0.00008730,0.000000,0.000000,1
2026-04-24 22:50:00,77973.50,77973.50,77973.50,77973.50,0.000000,0,0.000000,0.000000,77973.50,96373.05,-0.00008730,0.000000,0.000000,1
2026-04-24 22:51:00,77973.50,77973.50,77973.50,77973.50,0.000000,0,0.000000,0.000000,77973.50,96371.55,-0.00008730,0.000000,0.000000,1
2026-04-24 22:52:00,77973.50,77973.50,77973.50,77973.50,0.000000,0,0.000000,0.000000,77973.50,96371.33,-0.00008730,0.000000,0.000000,1
2026-04-24 22:53:00,77973.50,77973.50,77973.50,77973.50,0.000000,0,0.000000,0.000000,77973.50,96376.83,-0.00008730,0.000000,0.000000,1
2026-04-24 22:54:00,77973.50,77973.50,77973.50,77973.50,0.000000,0,0.000000,0.000000,77973.50,96372.23,-0.00008730,0.000000,0.000000,1
2026-04-24 22:55:00,77973.50,77973.50,77973.50,77973.50,0.000000,0,0.000000,0.000000,77973.50,96368.74,-0.00008730,0.000000,0.000000,1
2026-04-24 22:56:00,77973.50,77973.50,77973.50,77973.50,0.000000,0,0.000000,0.000000,77973.50,96364.71,-0.00008730,0.000000,0.000000,1
2026-04-24 22:57:00,77973.50,77973.50,77973.50,77973.50,0.000000,0,0.000000,0.000000,77973.50,96363.98,-0.00008730,0.000000,0.000000,1
2026-04-24 22:58:00,77973.50,77973.50,77973.50,77973.50,0.000000,0,0.000000,0.000000,77973.50,96362.32,-0.00008730,0.000000,0.000000,1
2026-04-24 22:59:00,77973.50,77973.50,77973.50,77973.50,0.000000,0,0.000000,0.000000,77973.50,96362.14,-0.00008730,0.000000,0.000000,1
2026-04-24 23:00:00,77973.50,77973.50,77973.50,77973.50,0.000000,0,0.000000,0.000000,77973.50,96355.84,-0.00008730,0.000000,0.000000,1
2026-04-24 23:01:00,77973.50,77973.50,77973.50,77973.50,0.000000,0,0.000000,0.000000,77973.50,96351.33,-0.00008730,0.000000,0.000000,1
2026-04-24 23:02:00,77973.50,77973.50,77973.50,77973.50,0.000000,0,0.000000,0.000000,77973.50,96342.56,-0.00008730,0.000000,0.000000,1
2026-04-24 23:03:00,77973.50,77973.50,77973.50,77973.50,0.000000,0,0.000000,0.000000,77973.50,96341.74,-0.00008730,0.000000,0.000000,1
2026-04-24 23:04:00,77973.50,77973.50,77973.50,77973.50,0.000000,0,0.000000,0.000000,77973.50,96344.04,-0.00008730,0.000000,0.000000,1
2026-04-24 23:05:00,77973.50,77973.50,77973.50,77973.50,0.000000,0,0.000000,0.000000,77973.50,96345.50,-0.00008730,0.000000,0.000000,1
2026-04-24 23:06:00,77973.50,77973.50,77973.50,77973.50,0.000000,0,0.000000,0.000000,77973.50,96345.89,-0.00008730,0.000000,0.000000,1
2026-04-24 23:07:00,77973.50,77973.50,77973.50,77973.50,0.000000,0,0.000000,0.000000,77973.50,96346.46,-0.00008730,0.000000,0.000000,1
2026-04-24 23:08:00,77973.50,77973.50,77973.50,77973.50,0.000000,0,0.000000,0.000000,77973.50,96345.38,-0.00008730,0.000000,0.000000,1
2026-04-24 23:09:00,77973.50,77973.50,77973.50,77973.50,0.000000,0,0.000000,0.000000,77973.50,96347.42,-0.00008730,0.000000,0.000000,1
2026-04-24 23:10:00,77973.50,77973.50,77973.50,77973.50,0.000000,0,0.000000,0.000000,77973.50,96343.42,-0.00008730,0.000000,0.000000,1
2026-04-24 23:11:00,77973.50,77973.50,77973.50,77973.50,0.000000,0,0.000000,0.000000,77973.50,96338.90,-0.00008730,0.000000,0.000000,1
2026-04-24 23:12:00,77973.50,77973.50,77973.50,77973.50,0.000000,0,0.000000,0.000000,77973.50,96336.99,-0.00008730,0.000000,0.000000,1
2026-04-24 23:13:00,77973.50,77973.50,77973.50,77973.50,0.000000,0,0.000000,0.000000,77973.50,96327.21,-0.00008730,0.000000,0.000000,1
2026-04-24 23:14:00,77973.50,77973.50,77973.50,77973.50,0.000000,0,0.000000,0.000000,77973.50,96324.23,-0.00008730,0.000000,0.000000,1
2026-04-24 23:15:00,77973.50,77973.50,77973.50,77973.50,0.000000,0,0.000000,0.000000,77973.50,96326.56,-0.00008730,0.000000,0.000000,1
2026-04-24 23:16:00,77973.50,77973.50,77973.50,77973.50,0.000000,0,0.000000,0.000000,77973.50,96322.45,-0.00008730,0.000000,0.000000,1
2026-04-24 23:17:00,77973.50,77973.50,77973.50,77973.50,0.000000,0,0.000000,0.000000,77973.50,96318.31,-0.00008730,0.000000,0.000000,1
2026-04-24 23:18:00,77973.50,77973.50,77973.50,77973.50,0.000000,0,0.000000,0.000000,77973.50,96323.29,-0.00008730,0.000000,0.000000,1
2026-04-24 23:19:00,77973.50,77973.50,77973.50,77973.50,0.000000,0,0.000000,0.000000,77973.50,96315.09,-0.00008730,0.000000,0.000000,1
2026-04-24 23:20:00,77973.50,77973.50,77973.50,77973.50,0.000000,0,0.000000,0.000000,77973.50,96316.07,-0.00008730,0.000000,0.000000,1
2026-04-24 23:21:00,77973.50,77973.50,77973.50,77973.50,0.000000,0,0.000000,0.000000,77973.50,96291.74,-0.00008730,0.000000,0.000000,1
2026-04-24 23:22:00,77973.50,77973.50,77973.50,77973.50,0.000000,0,0.000000,0.000000,77973.50,96332.55,-0.00008730,0.000000,0.000000,1
2026-04-24 23:23:00,77973.50,77973.50,77973.50,77973.50,0.000000,0,0.000000,0.000000,77973.50,96331.44,-0.00008730,0.000000,0.000000,1
2026-04-24 23:24:00,77973.50,77973.50,77973.50,77973.50,0.000000,0,0.000000,0.000000,77973.50,96330.17,-0.00008730,0.000000,0.000000,1
2026-04-24 23:25:00,77973.50,77973.50,77973.50,77973.50,0.000000,0,0.000000,0.000000,77973.50,96279.46,-0.00008730,0.000000,0.000000,1
2026-04-24 23:26:00,77973.50,77973.50,77973.50,77973.50,0.000000,0,0.000000,0.000000,77973.50,96277.63,-0.00008730,0.000000,0.000000,1
2026-04-24 23:27:00,77973.50,77973.50,77973.50,77973.50,0.000000,0,0.000000,0.000000,77973.50,96273.20,-0.00008730,0.000000,0.000000,1
2026-04-24 23:28:00,77973.50,77973.50,77973.50,77973.50,0.000000,0,0.000000,0.000000,77973.50,96271.34,-0.00008730,0.000000,0.000000,1
2026-04-24 23:29:00,77973.50,77973.50,77973.50,77973.50,0.000000,0,0.000000,0.000000,77973.50,96265.13,-0.00008730,0.000000,0.000000,1
2026-04-24 23:30:00,77973.50,77973.50,77973.50,77973.50,0.000000,0,0.000000,0.000000,77973.50,96270.26,-0.00008730,0.000000,0.000000,1
2026-04-24 23:31:00,77973.50,77973.50,77973.50,77973.50,0.000000,0,0.000000,0.000000,77973.50,96287.07,-0.00008730,0.000000,0.000000,1
2026-04-24 23:32:00,77973.50,77973.50,77973.50,77973.50,0.000000,0,0.000000,0.000000,77973.50,96288.25,-0.00008730,0.000000,0.000000,1
2026-04-24 23:33:00,77973.50,77973.50,77973.50,77973.50,0.000000,0,0.000000,0.000000,77973.50,96287.37,-0.00008730,0.000000,0.000000,1
2026-04-24 23:34:00,77973.50,77973.50,77973.50,77973.50,0.000000,0,0.000000,0.000000,77973.50,96285.97,-0.00008730,0.000000,0.000000,1
2026-04-24 23:35:00,77973.50,77973.50,77973.50,77973.50,0.000000,0,0.000000,0.000000,77973.50,96229.68,-0.00008730,0.000000,0.000000,1
2026-04-24 23:36:00,77973.50,77973.50,77973.50,77973.50,0.000000,0,0.000000,0.000000,77973.50,96230.24,-0.00008730,0.000000,0.000000,1
2026-04-24 23:37:00,77973.50,77973.50,77973.50,77973.50,0.000000,0,0.000000,0.000000,77973.50,96236.20,-0.00008730,0.000000,0.000000,1
2026-04-24 23:38:00,77973.50,77973.50,77973.50,77973.50,0.000000,0,0.000000,0.000000,77973.50,96240.39,-0.00008730,0.000000,0.000000,1
2026-04-24 23:39:00,77973.50,77973.50,77973.50,77973.50,0.000000,0,0.000000,0.000000,77973.50,96226.46,-0.00008730,0.000000,0.000000,1
2026-04-24 23:40:00,77973.50,77973.50,77973.50,77973.50,0.000000,0,0.000000,0.000000,77973.50,96217.47,-0.00008730,0.000000,0.000000,1
2026-04-24 23:41:00,77973.50,77973.50,77973.50,77973.50,0.000000,0,0.000000,0.000000,77973.50,96208.21,-0.00008730,0.000000,0.000000,1
2026-04-24 23:42:00,77973.50,77973.50,77973.50,77973.50,0.000000,0,0.000000,0.000000,77973.50,96206.70,-0.00008730,0.000000,0.000000,1
2026-04-24 23:43:00,77973.50,77973.50,77973.50,77973.50,0.000000,0,0.000000,0.000000,77973.50,96210.74,-0.00008730,0.000000,0.000000,1
2026-04-24 23:44:00,77973.50,77973.50,77973.50,77973.50,0.000000,0,0.000000,0.000000,77973.50,96208.00,-0.00008730,0.000000,0.000000,1
2026-04-24 23:45:00,77973.50,77973.50,77973.50,77973.50,0.000000,0,0.000000,0.000000,77973.50,96205.25,-0.00008730,0.000000,0.000000,1
2026-04-24 23:46:00,77973.50,77973.50,77973.50,77973.50,0.000000,0,0.000000,0.000000,77973.50,96205.51,-0.00008730,0.000000,0.000000,1
2026-04-24 23:47:00,77973.50,77973.50,77973.50,77973.50,0.000000,0,0.000000,0.000000,77973.50,96205.60,-0.00008730,0.000000,0.000000,1
2026-04-24 23:48:00,77973.50,77973.50,77973.50,77973.50,0.000000,0,0.000000,0.000000,77973.50,96203.65,-0.00008730,0.000000,0.000000,1
2026-04-24 23:49:00,77973.50,77973.50,77973.50,77973.50,0.000000,0,0.000000,0.000000,77973.50,96201.70,-0.00008730,0.000000,0.000000,1
2026-04-24 23:50:00,77973.50,77973.50,77973.50,77973.50,0.000000,0,0.000000,0.000000,77973.50,96204.52,-0.00008730,0.000000,0.000000,1
2026-04-24 23:51:00,77973.50,77973.50,77973.50,77973.50,0.000000,0,0.000000,0.000000,77973.50,96204.27,-0.00008730,0.000000,0.000000,1
2026-04-24 23:52:00,77973.50,77973.50,77973.50,77973.50,0.000000,0,0.000000,0.000000,77973.50,96206.43,-0.00008730,0.000000,0.000000,1
2026-04-24 23:53:00,77973.50,77973.50,77973.50,77973.50,0.000000,0,0.000000,0.000000,77973.50,96202.11,-0.00008730,0.000000,0.000000,1
2026-04-24 23:54:00,77973.50,77973.50,77973.50,77973.50,0.000000,0,0.000000,0.000000,77973.50,96196.07,-0.00008730,0.000000,0.000000,1
2026-04-24 23:55:00,77973.50,77973.50,77973.50,77973.50,0.000000,0,0.000000,0.000000,77973.50,96190.46,-0.00008730,0.000000,0.000000,1
2026-04-24 23:56:00,77973.50,77973.50,77973.50,77973.50,0.000000,0,0.000000,0.000000,77973.50,96194.53,-0.00008730,0.000000,0.000000,1
2026-04-24 23:57:00,77973.50,77973.50,77973.50,77973.50,0.000000,0,0.000000,0.000000,77973.50,96196.77,-0.00008730,0.000000,0.000000,1
2026-04-24 23:58:00,77973.50,77973.50,77973.50,77973.50,0.000000,0,0.000000,0.000000,77973.50,96193.54,-0.00008730,0.000000,0.000000,1
2026-04-24 23:59:00,77973.50,77973.50,77973.50,77973.50,0.000000,0,0.000000,0.000000,77973.50,96184.70,-0.00008730,0.000000,0.000000,1
