Timestamp,Open,High,Low,Close,Volume,AggTrades,BuyQty,SellQty,VWAP,OpenInterest,FundingRate,LiqBuyQty,LiqSellQty,IsSynthetic
2026-09-05 00:00:00,79610.20,79616.20,79610.20,79616.10,7.326000,85,5.223000,2.103000,79612.72,107933.13,0.00001014,0.000000,0.000000,0
2026-09-05 00:01:00,79616.20,79616.40,79616.10,79616.40,12.813000,172,7.955000,4.858000,79616.33,107928.93,0.00001014,0.000000,0.000000,0
2026-09-05 00:02:00,79616.40,79616.40,79595.70,79595.70,65.775000,272,5.412000,60.363000,79610.13,107926.96,0.00000990,0.000000,0.000000,0
2026-09-05 00:03:00,79595.70,79605.10,79593.30,79605.10,16.154000,199,10.562000,5.592000,79596.82,107905.52,0.00000962,0.000000,0.000000,0
2026-09-05 00:04:00,79605.10,79605.10,79601.00,79601.10,11.119000,129,1.974000,9.145000,79604.33,107907.57,0.00000937,0.010000,0.000000,0
2026-09-05 00:05:00,79601.00,79601.10,79598.80,79601.00,28.711000,126,17.104000,11.607000,79599.61,107911.23,0.00000937,0.000000,0.000000,0
2026-09-05 00:06:00,79601.10,79601.30,79601.00,79601.30,7.969000,98,7.282000,0.687000,79601.13,107913.25,0.00000909,0.000000,0.000000,0
2026-09-05 00:07:00,79601.30,79604.60,79601.20,79601.40,26.338000,133,8.695000,17.643000,79603.57,107917.23,0.00000882,0.000000,0.000000,0
2026-09-05 00:08:00,79601.30,79601.30,79570.30,79570.50,39.375000,349,5.412000,33.963000,79588.40,107919.61,0.00000882,0.000000,0.000000,0
2026-09-05 00:09:00,79570.60,79570.60,79570.50,79570.50,4.608000,142,2.193000,2.415000,79570.55,107918.23,0.00000859,0.000000,0.000000,0
2026-09-05 00:10:00,79570.50,79610.40,79570.50,79610.40,52.747000,418,48.930000,3.817000,79593.09,107910.60,0.00000778,0.000000,0.000000,0
2026-09-05 00:11:00,79610.30,79682.90,79610.30,79675.60,135.510000,715,102.602000,32.908000,79651.19,107925.26,0.00000772,0.000000,0.000000,0
2026-09-05 00:12:00,79675.60,79675.60,79667.70,79667.70,28.079000,218,5.125000,22.954000,79672.58,107921.99,0.00000772,0.000000,0.000000,0
2026-09-05 00:13:00,79667.70,79667.80,79659.10,79659.10,18.726000,248,3.726000,15.000000,79667.06,107919.83,0.00000805,0.000000,0.000000,0
2026-09-05 00:14:00,79659.20,79659.20,79648.70,79648.80,20.235000,229,8.371000,11.864000,79656.22,107909.62,0.00000744,0.038000,0.000000,0
2026-09-05 00:15:00,79648.70,79648.80,79629.20,79629.20,9.106000,236,2.388000,6.718000,79639.08,107908.34,0.00000744,0.000000,0.000000,0
2026-09-05 00:16:00,79629.20,79629.30,79597.30,79597.30,21.531000,328,0.720000,20.811000,79610.35,107908.15,0.00000674,0.000000,0.000000,0
2026-09-05 00:17:00,79597.30,79599.20,79578.90,79580.00,29.458000,285,7.860000,21.598000,79588.54,107915.55,0.00000585,0.000000,0.000000,0
2026-09-05 00:18:00,79580.00,79580.10,79555.10,79555.10,21.443000,328,5.020000,16.423000,79563.42,107908.06,0.00000443,0.000000,0.000000,0
2026-09-05 00:19:00,79555.10,79603.20,79555.10,79599.30,49.257000,488,28.867000,20.390000,79591.20,107908.36,0.00000443,0.000000,0.000000,0
2026-09-05 00:20:00,79599.20,79599.30,79582.90,79583.00,13.598000,200,0.554000,13.044000,79591.21,107897.80,0.00000265,0.000000,0.000000,0
2026-09-05 00:21:00,79583.00,79597.10,79582.90,79597.10,12.341000,177,9.947000,2.394000,79585.97,107894.64,0.00000236,0.000000,0.000000,0
2026-09-05 00:22:00,79597.10,79597.10,79597.00,79597.10,3.560000,85,1.405000,2.155000,79597.04,107897.69,0.00000236,0.000000,0.000000,0
2026-09-05 00:23:00,79597.10,79597.10,79596.90,79597.00,8.712000,143,3.134000,5.578000,79596.99,107896.70,0.00000208,0.000000,0.000000,0
2026-09-05 00:24:00,79597.00,79597.00,79596.90,79597.00,8.056000,139,6.961000,1.095000,79596.99,107895.37,0.00000189,0.000000,0.000000,0
2026-09-05 00:25:00,79597.00,79597.00,79590.00,79590.00,15.782000,138,8.437000,7.345000,79596.09,107892.47,0.00000168,0.000000,0.000000,0
2026-09-05 00:26:00,79590.00,79617.40,79590.00,79602.60,31.817000,358,20.560000,11.257000,79604.42,107892.61,0.00000168,0.000000,0.000000,0
2026-09-05 00:27:00,79602.60,79615.00,79602.60,79615.00,3.732000,125,3.063000,0.669000,79606.83,107896.33,0.00000138,0.000000,0.000000,0
2026-09-05 00:28:00,79615.00,79615.00,79603.20,79603.30,16.583000,129,1.226000,15.357000,79609.19,107895.32,0.00000120,0.000000,0.000000,0
2026-09-05 00:29:00,79603.30,79603.30,79603.20,79603.20,9.003000,83,7.687000,1.316000,79603.29,107883.35,0.00000120,0.000000,0.000000,0
2026-09-05 00:30:00,79603.30,79610.00,79603.20,79610.00,10.253000,105,9.869000,0.384000,79605.15,107880.26,0.00000099,0.000000,0.000000,0
2026-09-05 00:31:00,79610.00,79658.20,79609.90,79658.10,17.116000,396,14.383000,2.733000,79626.18,107880.95,0.00000057,0.000000,0.000000,0
2026-09-05 00:32:00,79658.20,79658.20,79647.70,79651.90,16.567000,172,6.429000,10.138000,79652.53,107881.24,0.00000064,0.000000,0.000000,0
2026-09-05 00:33:00,79651.80,79651.90,79608.90,79609.00,20.885000,366,1.742000,19.143000,79640.14,107882.42,0.00000064,0.000000,0.000000,0
2026-09-05 00:34:00,79609.00,79624.20,79608.90,79609.00,39.276000,271,15.641000,23.635000,79619.77,107887.53,0.00000095,0.000000,0.000000,0
2026-09-05 00:35:00,79609.00,79618.50,79603.30,79618.50,11.768000,197,5.561000,6.207000,79607.99,107874.58,0.00000100,0.000000,0.000000,0
2026-09-05 00:36:00,79618.50,79618.50,79603.00,79603.00,7.111000,164,1.463000,5.648000,79611.71,107874.41,0.00000100,0.000000,0.000000,0
2026-09-05 00:37:00,79603.00,79611.00,79603.00,79611.00,4.522000,105,1.904000,2.618000,79603.35,107875.53,0.00000090,0.000000,0.000000,0
2026-09-05 00:38:00,79611.10,79611.10,79589.40,79589.50,23.876000,248,3.037000,20.839000,79598.22,107876.96,0.00000067,0.000000,0.000000,0
2026-09-05 00:39:00,79589.40,79599.10,79589.40,79599.10,11.469000,136,7.885000,3.584000,79593.18,107868.46,0.00000055,0.000000,0.000000,0
2026-09-05 00:40:00,79599.10,79608.50,79594.80,79608.50,30.781000,186,20.701000,10.080000,79601.33,107868.55,0.00000055,0.000000,0.000000,0
2026-09-05 00:41:00,79608.50,79629.00,79608.40,79628.90,16.124000,205,14.365000,1.759000,79620.43,107878.51,0.00000058,0.000000,0.000000,0
2026-09-05 00:42:00,79629.00,79651.90,79614.00,79618.60,47.768000,529,20.773000,26.995000,79634.76,107881.78,0.00000065,0.000000,0.000000,0
2026-09-05 00:43:00,79618.60,79637.90,79618.50,79630.80,18.457000,326,7.943000,10.514000,79628.87,107879.05,0.00000065,0.000000,0.000000,0
2026-09-05 00:44:00,79630.70,79631.50,79606.40,79625.10,48.113000,460,32.452000,15.661000,79619.77,107879.72,0.00000077,0.000000,0.000000,0
2026-09-05 00:45:00,79625.10,79625.10,79583.90,79591.70,40.697000,382,8.076000,32.621000,79594.57,107889.82,0.00000064,0.000000,0.000000,0
2026-09-05 00:46:00,79591.70,79591.70,79568.90,79568.90,12.727000,203,2.138000,10.589000,79582.89,107872.41,0.00000057,0.000000,0.000000,0
2026-09-05 00:47:00,79568.90,79569.10,79545.40,79548.60,91.715000,620,51.151000,40.564000,79557.67,107871.36,0.00000057,0.000000,0.000000,0
2026-09-05 00:48:00,79548.60,79580.00,79534.60,79566.20,90.549000,844,57.712000,32.837000,79556.77,107891.97,0.00000042,0.000000,0.000000,0
2026-09-05 00:49:00,79566.10,79566.20,79561.20,79561.20,11.551000,98,2.840000,8.711000,79561.41,107910.20,0.00000023,0.000000,0.000000,0
2026-09-05 00:50:00,79561.20,79561.60,79561.20,79561.60,8.641000,105,5.751000,2.890000,79561.42,107915.16,0.00000023,0.000000,0.000000,0
2026-09-05 00:51:00,79561.60,79575.20,79561.50,79575.10,14.808000,153,11.001000,3.807000,79565.57,107921.93,0.00000017,0.000000,0.000000,0
2026-09-05 00:52:00,79575.20,79593.70,79575.10,79593.70,6.192000,166,4.928000,1.264000,79581.36,107919.63,0.00000022,0.000000,0.000000,0
2026-09-05 00:53:00,79593.70,79612.00,79593.60,79611.90,14.112000,206,11.108000,3.004000,79602.99,107918.85,0.00000048,0.000000,0.000000,0
2026-09-05 00:54:00,79612.00,79612.00,79578.30,79585.40,27.375000,346,14.283000,13.092000,79596.28,107921.01,0.00000048,0.000000,0.000000,0
2026-09-05 00:55:00,79585.40,79611.10,79585.40,79596.90,38.869000,356,26.451000,12.418000,79605.39,107925.94,0.00000105,0.000000,0.000000,0
2026-09-05 00:56:00,79596.90,79611.10,79572.20,79572.30,30.433000,463,3.866000,26.567000,79593.67,107911.04,0.00000138,0.000000,0.000000,0
2026-09-05 00:57:00,79572.20,79572.20,79544.30,79567.90,65.606000,469,29.549000,36.057000,79559.87,107916.07,0.00000138,0.000000,0.000000,0
2026-09-05 00:58:00,79568.00,79576.20,79567.90,79576.10,10.914000,139,9.562000,1.352000,79569.34,107938.82,0.00000131,0.000000,0.000000,0
2026-09-05 00:59:00,79576.10,79576.20,79526.20,79526.20,38.632000,543,7.773000,30.859000,79545.99,107935.81,0.00000122,0.000000,0.000000,0
2026-09-05 01:00:00,79526.00,79542.80,79518.30,79542.70,55.489000,443,38.448000,17.041000,79526.03,107936.86,0.00000097,0.000000,0.000000,0
2026-09-05 01:01:00,79542.70,79553.90,79542.70,79546.70,12.532000,253,3.897000,8.635000,79550.13,107961.88,0.00000097,0.000000,0.000000,0
2026-09-05 01:02:00,79546.80,79556.40,79539.10,79556.30,37.134000,260,25.510000,11.624000,79543.75,107962.27,0.00000054,0.000000,0.000000,0
2026-09-05 01:03:00,79556.40,79556.40,79522.90,79523.00,26.933000,309,7.683000,19.250000,79540.91,107953.46,0.00000037,0.000000,0.000000,0
2026-09-05 01:04:00,79522.90,79571.50,79516.20,79560.00,80.420000,728,53.395000,27.025000,79537.54,107973.10,0.00000037,0.000000,0.000000,0
2026-09-05 01:05:00,79560.00,79570.80,79559.90,79570.70,12.143000,175,10.490000,1.653000,79566.16,107978.74,0.00000025,0.000000,0.000000,0
2026-09-05 01:06:00,79570.70,79590.90,79570.70,79590.90,12.701000,238,9.764000,2.937000,79580.93,107978.42,0.00000071,0.020000,0.000000,0
2026-09-05 01:07:00,79590.80,79590.90,79559.70,79565.10,27.023000,315,10.343000,16.680000,79574.60,107979.10,0.00000157,0.000000,0.000000,0
2026-09-05 01:08:00,79565.10,79590.80,79565.00,79590.70,8.546000,230,7.469000,1.077000,79579.76,107980.48,0.00000157,0.000000,0.000000,0
2026-09-05 01:09:00,79590.70,79603.70,79588.80,79594.00,20.992000,316,8.722000,12.270000,79595.77,107978.96,0.00000213,0.000000,0.000000,0
2026-09-05 01:10:00,79594.10,79608.60,79594.10,79608.50,18.005000,198,16.821000,1.184000,79605.31,107983.52,0.00000320,0.000000,0.000000,0
2026-09-05 01:11:00,79608.60,79638.40,79608.50,79638.40,19.894000,325,16.690000,3.204000,79619.93,107983.42,0.00000320,0.000000,0.000000,0
2026-09-05 01:12:00,79638.30,79640.00,79638.30,79640.00,17.098000,176,16.113000,0.985000,79639.48,107982.74,0.00000426,0.000000,0.000000,0
2026-09-05 01:13:00,79639.90,79640.00,79610.00,79634.40,60.165000,451,22.656000,37.509000,79621.34,107992.82,0.00000571,0.000000,0.000000,0
2026-09-05 01:14:00,79634.40,79643.10,79634.30,79643.10,8.388000,174,3.010000,5.378000,79641.66,107998.97,0.00000672,0.030000,0.000000,0
2026-09-05 01:15:00,79643.10,79647.00,79586.90,79586.90,60.436000,618,9.815000,50.621000,79625.32,108002.14,0.00000672,0.000000,0.000000,0
2026-09-05 01:16:00,79587.00,79600.10,79586.90,79600.00,16.031000,165,13.605000,2.426000,79592.47,108003.80,0.00000820,0.000000,0.000000,0
2026-09-05 01:17:00,79600.10,79612.80,79600.00,79612.70,5.212000,152,4.140000,1.072000,79607.12,108004.97,0.00000796,0.014000,0.000000,0
2026-09-05 01:18:00,79612.70,79639.20,79612.70,79639.20,20.007000,243,17.967000,2.040000,79625.18,108002.70,0.00000796,0.000000,0.000000,0
2026-09-05 01:19:00,79639.10,79640.00,79628.00,79629.70,41.632000,271,35.646000,5.986000,79633.00,108005.02,0.00000811,0.000000,0.000000,0
2026-09-05 01:20:00,79629.80,79655.00,79619.80,79655.00,41.933000,406,26.351000,15.582000,79631.50,107997.73,0.00000859,0.000000,0.000000,0
2026-09-05 01:21:00,79655.00,79655.00,79622.50,79622.60,15.612000,271,3.934000,11.678000,79640.58,108003.18,0.00000893,0.000000,0.000000,0
2026-09-05 01:22:00,79622.50,79622.60,79622.50,79622.50,2.881000,58,0.996000,1.885000,79622.53,108002.15,0.00000893,0.000000,0.000000,0
2026-09-05 01:23:00,79622.60,79622.60,79603.90,79605.80,23.732000,331,10.490000,13.242000,79612.77,108008.85,0.00000886,0.000000,0.000000,0
2026-09-05 01:24:00,79605.90,79605.90,79600.60,79600.70,6.448000,111,0.163000,6.285000,79601.14,108008.11,0.00000864,0.000000,0.000000,0
2026-09-05 01:25:00,79600.60,79644.40,79600.60,79644.30,17.745000,319,15.620000,2.125000,79616.97,108012.77,0.00000864,0.000000,0.000000,0
2026-09-05 01:26:00,79644.40,79644.40,79609.70,79609.70,7.702000,250,0.957000,6.745000,79630.05,108011.34,0.00000802,0.000000,0.000000,0
2026-09-05 01:27:00,79609.70,79609.80,79592.10,79592.10,14.851000,172,5.334000,9.517000,79601.57,108011.01,0.00000825,0.000000,0.000000,0
2026-09-05 01:28:00,79592.00,79592.00,79564.40,79573.10,37.089000,460,17.069000,20.020000,79575.38,108018.51,0.00000780,0.000000,0.000000,0
2026-09-05 01:29:00,79573.20,79573.20,79564.70,79564.70,20.582000,119,1.044000,19.538000,79567.17,108010.39,0.00000780,0.000000,0.000000,0
2026-09-05 01:30:00,79564.70,79661.30,79564.70,79649.40,185.081000,1368,105.196000,79.885000,79623.65,108015.87,0.00000725,0.000000,0.000000,0
2026-09-05 01:31:00,79649.50,79665.10,79628.50,79665.00,15.846000,496,5.342000,10.504000,79647.34,108013.01,0.00000712,0.000000,0.000000,0
2026-09-05 01:32:00,79665.00,79665.10,79633.70,79648.20,11.911000,349,5.680000,6.231000,79646.53,108010.42,0.00000712,0.003000,0.000000,0
2026-09-05 01:33:00,79648.30,79674.30,79645.00,79671.60,35.863000,640,23.406000,12.457000,79663.45,108017.11,0.00000794,0.003000,0.000000,0
2026-09-05 01:34:00,79671.90,79675.10,79633.80,79633.90,11.775000,376,5.492000,6.283000,79644.57,108013.62,0.00000866,0.000000,0.000000,0
2026-09-05 01:35:00,79633.90,79637.50,79633.80,79637.50,3.786000,88,3.453000,0.333000,79635.62,108014.26,0.00000932,0.000000,0.000000,0
2026-09-05 01:36:00,79637.40,79637.50,79617.00,79617.00,10.163000,185,2.709000,7.454000,79631.95,108014.47,0.00000932,0.000000,0.000000,0
2026-09-05 01:37:00,79617.10,79617.10,79564.20,79585.00,55.872000,592,18.771000,37.101000,79580.35,108006.74,0.00000991,0.000000,0.000000,0
2026-09-05 01:38:00,79585.00,79620.70,79584.90,79612.30,34.144000,387,14.059000,20.085000,79612.49,108016.97,0.00000973,0.000000,0.000000,0
2026-09-05 01:39:00,79612.40,79612.40,79588.20,79588.20,15.376000,197,7.442000,7.934000,79610.13,108019.56,0.00000973,0.000000,0.000000,0
2026-09-05 01:40:00,79588.10,79591.60,79571.60,79587.20,29.737000,393,21.634000,8.103000,79580.53,108028.00,0.00001001,0.000000,0.000000,0
2026-09-05 01:41:00,79587.20,79632.00,79587.10,79620.50,30.294000,383,11.523000,18.771000,79623.21,108024.26,0.00001004,0.000000,0.000000,0
2026-09-05 01:42:00,79620.40,79637.50,79620.40,79637.50,11.855000,154,11.462000,0.393000,79633.74,108029.44,0.00001004,0.000000,0.000000,0
2026-09-05 01:43:00,79637.50,79647.40,79605.80,79611.00,100.754000,651,26.618000,74.136000,79624.91,108037.20,0.00001032,0.000000,0.000000,0
2026-09-05 01:44:00,79611.00,79626.90,79573.00,79579.90,57.742000,681,25.381000,32.361000,79602.18,108014.71,0.00001095,0.000000,0.000000,0
2026-09-05 01:45:00,79580.00,79600.70,79580.00,79600.70,9.079000,236,6.626000,2.453000,79592.14,108018.43,0.00001109,0.000000,0.000000,0
2026-09-05 01:46:00,79600.60,79620.70,79595.30,79595.30,62.852000,445,26.599000,36.253000,79607.17,108012.07,0.00001109,0.000000,0.000000,0
2026-09-05 01:47:00,79595.30,79629.80,79595.30,79625.80,12.150000,280,10.030000,2.120000,79610.78,108006.70,0.00001146,0.000000,0.000000,0
2026-09-05 01:48:00,79625.70,79625.80,79625.70,79625.70,7.916000,57,7.330000,0.586000,79625.79,108012.55,0.00001134,0.000000,0.000000,0
2026-09-05 01:49:00,79625.70,79629.60,79573.80,79578.10,52.085000,634,12.583000,39.502000,79609.95,108011.56,0.00001134,0.000000,0.000000,0
2026-09-05 01:50:00,79578.00,79581.80,79537.10,79558.10,76.459000,648,12.173000,64.286000,79561.76,107985.19,0.00001154,0.000000,0.000000,0
2026-09-05 01:51:00,79558.20,79562.20,79509.60,79527.90,177.679000,1208,43.222000,134.457000,79534.93,107964.13,0.00001154,0.019000,0.000000,0
2026-09-05 01:52:00,79528.00,79548.00,79527.90,79547.90,11.448000,241,7.783000,3.665000,79535.16,107949.95,0.00001151,0.011000,0.000000,0
2026-09-05 01:53:00,79547.90,79565.50,79547.90,79552.80,14.222000,239,4.269000,9.953000,79557.96,107948.51,0.00001151,0.000000,0.000000,0
2026-09-05 01:54:00,79552.70,79561.50,79552.70,79561.30,9.725000,117,2.719000,7.006000,79559.22,107947.47,0.00001171,0.000000,0.000000,0
2026-09-05 01:55:00,79561.40,79561.40,79551.50,79551.50,13.201000,126,2.026000,11.175000,79558.08,107949.78,0.00001188,0.000000,0.000000,0
2026-09-05 01:56:00,79551.50,79551.60,79513.20,79521.40,64.226000,403,14.216000,50.010000,79529.15,107952.43,0.00001188,0.000000,0.000000,0
2026-09-05 01:57:00,79521.40,79532.00,79521.40,79532.00,9.323000,152,6.077000,3.246000,79530.16,107937.79,0.00001190,0.000000,0.000000,0
2026-09-05 01:58:00,79532.00,79532.00,79522.90,79531.90,16.365000,159,9.363000,7.002000,79530.07,107938.11,0.00001164,0.000000,0.000000,0
2026-09-05 01:59:00,79532.00,79532.00,79499.80,79507.00,287.756000,901,94.924000,192.832000,79507.62,107901.12,0.00001165,0.000000,0.000000,0
2026-09-05 02:00:00,79507.10,79508.00,79492.00,79492.00,132.985000,472,49.235000,83.750000,79502.41,107919.73,0.00001165,0.000000,0.001000,0
2026-09-05 02:01:00,79492.00,79492.10,79446.90,79459.90,422.866000,1098,214.697000,208.169000,79464.16,107862.48,0.00001145,0.025000,1.442000,0
2026-09-05 02:02:00,79460.00,79460.00,79459.90,79459.90,30.138000,185,10.243000,19.895000,79459.93,107868.60,0.00001071,0.000000,0.000000,0
2026-09-05 02:03:00,79460.00,79460.00,79442.30,79452.20,76.081000,337,17.240000,58.841000,79454.47,107862.35,0.00001071,0.000000,0.150000,0
2026-09-05 02:04:00,79452.20,79452.30,79435.40,79446.40,69.455000,416,14.538000,54.917000,79441.21,107883.99,0.00001048,0.000000,0.055000,0
2026-09-05 02:05:00,79446.30,79477.20,79446.30,79477.20,81.990000,630,30.685000,51.305000,79466.41,107898.09,0.00001005,0.000000,0.000000,0
2026-09-05 02:06:00,79477.10,79494.30,79477.10,79483.00,22.542000,306,10.815000,11.727000,79487.95,107888.11,0.00001001,0.000000,0.000000,0
2026-09-05 02:07:00,79482.90,79487.40,79462.40,79487.40,35.477000,396,18.240000,17.237000,79477.89,107887.22,0.00001001,0.000000,0.000000,0
2026-09-05 02:08:00,79487.30,79493.20,79487.30,79493.20,8.454000,188,2.993000,5.461000,79490.10,107882.90,0.00001027,0.000000,0.000000,0
2026-09-05 02:09:00,79493.20,79498.70,79487.10,79498.60,23.607000,250,8.525000,15.082000,79491.70,107887.91,0.00001058,0.000000,0.000000,0
2026-09-05 02:10:00,79498.70,79518.20,79498.60,79518.20,14.355000,254,11.523000,2.832000,79506.45,107888.88,0.00001058,0.000000,0.000000,0
2026-09-05 02:11:00,79518.20,79529.20,79518.10,79528.10,23.056000,234,16.826000,6.230000,79525.65,107876.49,0.00001097,0.000000,0.000000,0
2026-09-05 02:12:00,79528.10,79530.50,79516.70,79516.80,24.474000,236,2.258000,22.216000,79527.65,107870.81,0.00001167,0.000000,0.000000,0
2026-09-05 02:13:00,79516.80,79544.60,79516.70,79540.00,20.572000,285,13.839000,6.733000,79534.33,107873.15,0.00001213,0.000000,0.000000,0
2026-09-05 02:14:00,79539.90,79540.00,79533.50,79533.60,3.953000,120,1.695000,2.258000,79536.11,107869.11,0.00001213,0.000000,0.000000,0
2026-09-05 02:15:00,79533.50,79533.60,79524.80,79524.90,8.358000,155,1.822000,6.536000,79526.59,107866.29,0.00001227,0.000000,0.000000,0
2026-09-05 02:16:00,79524.80,79539.80,79523.80,79539.80,15.257000,182,8.091000,7.166000,79529.30,107863.77,0.00001208,0.000000,0.000000,0
2026-09-05 02:17:00,79539.70,79539.80,79528.80,79528.90,9.846000,132,2.656000,7.190000,79532.81,107865.05,0.00001208,0.000000,0.000000,0
2026-09-05 02:18:00,79528.90,79544.60,79528.90,79544.60,16.160000,169,14.328000,1.832000,79534.34,107858.48,0.00001210,0.000000,0.000000,0
2026-09-05 02:19:00,79544.50,79544.60,79544.50,79544.60,2.015000,79,1.531000,0.484000,79544.58,107857.22,0.00001215,0.000000,0.000000,0
2026-09-05 02:20:00,79544.50,79544.60,79544.50,79544.60,2.911000,70,1.791000,1.120000,79544.56,107858.04,0.00001241,0.000000,0.084000,0
2026-09-05 02:21:00,79544.60,79544.60,79531.30,79531.30,24.739000,133,2.644000,22.095000,79542.50,107848.40,0.00001241,0.000000,0.000000,0
2026-09-05 02:22:00,79531.30,79542.10,79518.20,79542.00,58.675000,359,42.140000,16.535000,79528.01,107842.64,0.00001269,0.000000,0.000000,0
2026-09-05 02:23:00,79542.00,79542.10,79528.90,79541.90,14.190000,206,9.266000,4.924000,79534.77,107843.56,0.00001272,0.000000,0.000000,0
2026-09-05 02:24:00,79542.00,79544.60,79541.90,79544.60,5.038000,102,4.526000,0.512000,79543.72,107843.56,0.00001272,0.001000,0.000000,0
2026-09-05 02:25:00,79544.60,79553.00,79544.50,79552.90,12.194000,155,9.470000,2.724000,79550.45,107842.24,0.00001285,0.000000,0.000000,0
2026-09-05 02:26:00,79552.90,79553.00,79552.90,79553.00,2.899000,78,2.525000,0.374000,79552.99,107841.65,0.00001317,0.000000,0.000000,0
2026-09-05 02:27:00,79553.00,79553.00,79552.90,79553.00,7.068000,101,3.945000,3.123000,79552.96,107842.32,0.00001338,0.000000,0.000000,0
2026-09-05 02:28:00,79552.90,79560.00,79511.80,79517.20,62.230000,637,18.219000,44.011000,79540.81,107842.42,0.00001338,0.000000,0.000000,0
2026-09-05 02:29:00,79517.20,79517.20,79485.30,79485.30,27.254000,419,2.790000,24.464000,79500.58,107831.76,0.00001350,0.000000,0.000000,0
2026-09-05 02:30:00,79485.30,79488.00,79471.80,79485.20,44.931000,342,10.290000,34.641000,79481.37,107827.57,0.00001334,0.000000,0.000000,0
2026-09-05 02:31:00,79485.20,79525.00,79485.20,79524.90,65.825000,449,62.686000,3.139000,79503.86,107852.27,0.00001334,0.000000,0.000000,0
2026-09-05 02:32:00,79524.90,79525.00,79520.90,79521.00,5.290000,123,0.562000,4.728000,79523.35,107847.45,0.00001326,0.000000,0.000000,0
2026-09-05 02:33:00,79521.00,79521.00,79520.90,79521.00,3.406000,62,2.628000,0.778000,79520.98,107847.51,0.00001361,0.000000,0.000000,0
2026-09-05 02:34:00,79521.00,79521.00,79488.00,79495.10,17.631000,314,3.923000,13.708000,79507.08,107847.46,0.00001378,0.000000,0.000000,0
2026-09-05 02:35:00,79495.00,79535.70,79495.00,79535.70,45.134000,516,38.922000,6.212000,79511.14,107840.61,0.00001378,0.000000,0.000000,0
2026-09-05 02:36:00,79535.60,79535.70,79513.20,79515.00,10.440000,207,1.536000,8.904000,79525.21,107846.85,0.00001360,0.000000,0.000000,0
2026-09-05 02:37:00,79515.40,79554.90,79515.40,79554.80,10.902000,290,9.688000,1.214000,79538.50,107843.02,0.00001390,0.000000,0.000000,0
2026-09-05 02:38:00,79554.90,79571.90,79554.80,79563.20,17.207000,265,8.288000,8.919000,79565.58,107842.45,0.00001390,0.000000,0.000000,0
2026-09-05 02:39:00,79563.10,79566.60,79560.40,79560.50,7.444000,146,2.898000,4.546000,79564.17,107838.26,0.00001424,0.000000,0.000000,0
2026-09-05 02:40:00,79560.40,79560.50,79547.80,79550.70,6.881000,157,2.054000,4.827000,79552.78,107836.49,0.00001447,0.000000,0.000000,0
2026-09-05 02:41:00,79550.80,79569.90,79550.70,79569.90,10.560000,185,9.735000,0.825000,79566.24,107836.61,0.00001449,0.000000,0.000000,0
2026-09-05 02:42:00,79569.90,79584.10,79569.80,79584.10,9.615000,180,8.855000,0.760000,79576.35,107836.35,0.00001449,0.001000,0.000000,0
2026-09-05 02:43:00,79584.10,79584.10,79578.60,79578.70,8.290000,138,3.192000,5.098000,79581.83,107835.47,0.00001471,0.000000,0.000000,0
2026-09-05 02:44:00,79578.60,79578.70,79578.60,79578.60,3.336000,77,2.618000,0.718000,79578.68,107833.91,0.00001502,0.000000,0.000000,0
2026-09-05 02:45:00,79578.60,79578.70,79574.60,79574.60,9.366000,107,2.413000,6.953000,79577.32,107832.86,0.00001502,0.000000,0.000000,0
2026-09-05 02:46:00,79574.60,79574.70,79547.80,79547.80,10.821000,254,0.912000,9.909000,79565.07,107827.29,0.00001510,0.000000,0.000000,0
2026-09-05 02:47:00,79547.80,79547.80,79526.50,79530.90,21.326000,250,3.102000,18.224000,79539.02,107824.90,0.00001512,0.000000,0.000000,0
2026-09-05 02:48:00,79530.90,79538.40,79526.80,79526.80,8.536000,180,5.112000,3.424000,79532.16,107822.07,0.00001498,0.000000,0.000000,0
2026-09-05 02:49:00,79526.80,79530.40,79526.80,79527.20,9.246000,90,2.084000,7.162000,79529.28,107821.30,0.00001498,0.000000,0.000000,0
2026-09-05 02:50:00,79527.10,79527.20,79527.00,79527.00,12.174000,103,1.583000,10.591000,79527.07,107817.96,0.00001499,0.000000,0.000000,0
2026-09-05 02:51:00,79527.00,79527.10,79505.20,79505.60,23.463000,346,7.465000,15.998000,79512.95,107817.67,0.00001480,0.000000,0.000000,0
2026-09-05 02:52:00,79505.60,79517.40,79491.90,79517.40,18.009000,344,9.013000,8.996000,79499.78,107813.42,0.00001467,0.000000,0.000000,0
2026-09-05 02:53:00,79517.30,79522.20,79517.30,79522.10,5.815000,110,2.441000,3.374000,79521.29,107810.63,0.00001467,0.000000,0.000000,0
2026-09-05 02:54:00,79522.10,79526.40,79522.10,79526.40,4.813000,89,3.088000,1.725000,79524.01,107809.48,0.00001461,0.000000,0.000000,0
2026-09-05 02:55:00,79526.40,79526.40,79526.30,79526.40,8.133000,74,0.675000,7.458000,79526.31,107807.85,0.00001498,0.000000,0.000000,0
2026-09-05 02:56:00,79526.40,79530.30,79526.30,79530.30,2.338000,82,1.792000,0.546000,79528.45,107805.03,0.00001498,0.000000,0.000000,0
2026-09-05 02:57:00,79530.20,79533.20,79530.20,79533.20,3.963000,91,1.934000,2.029000,79532.20,107804.30,0.00001530,0.000000,0.000000,0
2026-09-05 02:58:00,79533.20,79537.60,79533.10,79537.50,6.585000,107,4.637000,1.948000,79534.84,107804.51,0.00001563,0.000000,0.000000,0
2026-09-05 02:59:00,79537.60,79539.50,79530.00,79530.00,29.234000,136,6.502000,22.732000,79537.91,107808.27,0.00001589,0.003000,0.000000,0
2026-09-05 03:00:00,79530.00,79530.10,79530.00,79530.00,4.158000,70,2.877000,1.281000,79530.07,107813.54,0.00001589,0.011000,0.000000,0
2026-09-05 03:01:00,79530.10,79530.10,79530.00,79530.00,4.251000,94,0.490000,3.761000,79530.01,107812.22,0.00001612,0.000000,0.023000,0
2026-09-05 03:02:00,79530.10,79530.10,79530.00,79530.00,2.166000,92,1.484000,0.682000,79530.07,107810.64,0.00001627,0.000000,0.002000,0
2026-09-05 03:03:00,79530.10,79530.10,79506.30,79518.20,16.149000,273,8.110000,8.039000,79516.94,107810.56,0.00001627,0.000000,0.000000,0
2026-09-05 03:04:00,79518.30,79518.30,79518.20,79518.30,6.233000,105,2.659000,3.574000,79518.24,107811.52,0.00001642,0.000000,0.000000,0
2026-09-05 03:05:00,79518.20,79518.30,79518.20,79518.20,2.290000,100,1.445000,0.845000,79518.26,107813.99,0.00001650,0.000000,0.000000,0
2026-09-05 03:06:00,79518.30,79518.30,79518.20,79518.30,3.670000,143,2.975000,0.695000,79518.28,107813.64,0.00001665,0.000000,0.000000,0
2026-09-05 03:07:00,79518.20,79518.30,79518.20,79518.20,1.963000,69,1.173000,0.790000,79518.26,107813.98,0.00001665,0.000000,0.000000,0
2026-09-05 03:08:00,79518.20,79518.30,79498.20,79498.30,10.213000,183,0.851000,9.362000,79506.63,107814.09,0.00001680,0.000000,0.000000,0
2026-09-05 03:09:00,79498.20,79504.30,79488.00,79488.00,31.859000,222,16.864000,14.995000,79498.47,107809.14,0.00001685,0.000000,0.000000,0
2026-09-05 03:10:00,79488.00,79488.10,79480.00,79480.00,13.598000,158,1.548000,12.050000,79487.23,107811.35,0.00001685,0.000000,0.000000,0
2026-09-05 03:11:00,79480.10,79511.80,79474.30,79508.90,36.233000,527,25.989000,10.244000,79487.89,107805.63,0.00001663,0.000000,0.000000,0
2026-09-05 03:12:00,79508.90,79508.90,79495.90,79495.90,8.575000,191,2.727000,5.848000,79501.75,107808.88,0.00001638,0.000000,0.000000,0
2026-09-05 03:13:00,79495.90,79511.80,79495.90,79509.80,21.899000,259,12.967000,8.932000,79506.72,107806.11,0.00001649,0.000000,0.000000,0
2026-09-05 03:14:00,79509.80,79510.00,79504.00,79504.00,8.560000,83,6.332000,2.228000,79508.97,107809.56,0.00001649,0.000000,0.000000,0
2026-09-05 03:15:00,79504.10,79514.70,79504.00,79514.60,12.375000,126,11.721000,0.654000,79508.71,107808.39,0.00001652,0.000000,0.000000,0
2026-09-05 03:16:00,79514.60,79556.00,79514.60,79556.00,32.891000,371,29.533000,3.358000,79528.87,107826.71,0.00001639,0.000000,0.000000,0
2026-09-05 03:17:00,79556.00,79578.30,79555.90,79578.30,38.314000,289,31.454000,6.860000,79561.69,107829.65,0.00001639,0.000000,0.000000,0
2026-09-05 03:18:00,79578.20,79578.30,79539.50,79540.60,26.996000,567,2.984000,24.012000,79562.79,107822.91,0.00001701,0.000000,0.000000,0
2026-09-05 03:19:00,79540.60,79552.30,79540.50,79540.60,6.252000,186,3.673000,2.579000,79545.01,107822.00,0.00001747,0.000000,0.000000,0
2026-09-05 03:20:00,79540.50,79561.50,79540.50,79556.10,6.433000,212,2.859000,3.574000,79554.34,107817.33,0.00001730,0.000000,0.000000,0
2026-09-05 03:21:00,79556.00,79556.10,79551.50,79551.50,3.190000,103,1.796000,1.394000,79554.15,107817.64,0.00001730,0.002000,0.006000,0
2026-09-05 03:22:00,79551.60,79554.00,79529.70,79529.80,19.108000,406,12.698000,6.410000,79541.90,107818.67,0.00001749,0.021000,0.028000,0
2026-09-05 03:23:00,79529.70,79541.20,79529.70,79541.20,11.521000,140,5.947000,5.574000,79532.48,107818.02,0.00001727,0.164000,0.000000,0
2026-09-05 03:24:00,79541.20,79567.50,79524.20,79567.50,26.788000,481,23.083000,3.705000,79538.81,107818.21,0.00001727,0.000000,0.000000,0
2026-09-05 03:25:00,79567.50,79567.50,79567.40,79567.50,4.183000,150,1.995000,2.188000,79567.45,107819.08,0.00001720,0.000000,0.000000,0
2026-09-05 03:26:00,79567.40,79567.40,79545.80,79545.90,9.731000,187,1.657000,8.074000,79558.54,107814.11,0.00001740,0.000000,0.000000,0
2026-09-05 03:27:00,79545.80,79547.50,79542.10,79547.40,4.717000,121,3.104000,1.613000,79542.79,107813.84,0.00001774,0.000000,0.000000,0
2026-09-05 03:28:00,79547.50,79553.40,79547.40,79553.30,7.117000,115,4.583000,2.534000,79551.66,107813.87,0.00001774,0.052000,0.000000,0
2026-09-05 03:29:00,79553.20,79562.80,79545.70,79545.80,9.561000,204,4.714000,4.847000,79555.24,107810.21,0.00001774,0.000000,0.000000,0
2026-09-05 03:30:00,79545.80,79545.80,79542.10,79542.10,4.331000,88,1.845000,2.486000,79542.64,107810.01,0.00001803,0.000000,0.001000,0
2026-09-05 03:31:00,79542.10,79558.60,79542.10,79552.10,14.050000,228,11.171000,2.879000,79550.23,107809.32,0.00001803,0.000000,0.000000,0
2026-09-05 03:32:00,79552.10,79572.00,79552.00,79566.40,32.877000,241,9.579000,23.298000,79558.93,107799.71,0.00001771,0.000000,0.000000,0
2026-09-05 03:33:00,79566.40,79566.50,79555.00,79555.00,11.238000,138,7.590000,3.648000,79557.32,107797.70,0.00001764,0.000000,0.000000,0
2026-09-05 03:34:00,79555.10,79555.10,79555.00,79555.10,3.605000,79,1.799000,1.806000,79555.05,107794.40,0.00001753,0.000000,0.000000,0
2026-09-05 03:35:00,79555.10,79560.60,79555.00,79560.60,4.554000,149,3.433000,1.121000,79558.79,107794.12,0.00001753,0.000000,0.000000,0
2026-09-05 03:36:00,79560.50,79564.50,79560.50,79564.40,6.355000,92,4.685000,1.670000,79561.22,107793.25,0.00001725,0.000000,0.000000,0
2026-09-05 03:37:00,79564.50,79573.20,79564.40,79573.20,5.465000,117,4.280000,1.185000,79567.27,107791.20,0.00001706,0.000000,0.000000,0
2026-09-05 03:38:00,79573.20,79577.50,79573.10,79574.30,28.717000,140,16.627000,12.090000,79574.95,107788.03,0.00001706,0.000000,0.000000,0
2026-09-05 03:39:00,79574.30,79589.50,79574.20,79583.70,40.160000,235,35.398000,4.762000,79581.86,107781.43,0.00001720,0.000000,0.000000,0
2026-09-05 03:40:00,79583.70,79583.70,79573.10,79573.10,5.055000,127,1.165000,3.890000,79578.23,107778.77,0.00001734,0.000000,0.000000,0
2026-09-05 03:41:00,79573.20,79582.30,79573.10,79582.30,6.998000,103,5.572000,1.426000,79575.59,107779.08,0.00001721,0.000000,0.000000,0
2026-09-05 03:42:00,79582.20,79582.30,79582.20,79582.20,4.268000,73,1.520000,2.748000,79582.24,107776.90,0.00001721,0.000000,0.000000,0
2026-09-05 03:43:00,79582.20,79582.30,79580.70,79580.70,5.273000,130,2.993000,2.280000,79581.34,107775.91,0.00001722,0.000000,0.000000,0
2026-09-05 03:44:00,79580.70,79580.80,79568.70,79569.30,15.639000,147,0.571000,15.068000,79574.97,107775.07,0.00001743,0.000000,0.000000,0
2026-09-05 03:45:00,79569.40,79583.10,79569.30,79583.00,8.643000,152,7.570000,1.073000,79574.84,107770.56,0.00001743,0.000000,0.000000,0
2026-09-05 03:46:00,79583.10,79583.10,79583.00,79583.10,1.534000,107,0.989000,0.545000,79583.06,107767.81,0.00001732,0.000000,0.000000,0
2026-09-05 03:47:00,79583.10,79589.50,79583.00,79589.50,8.980000,162,7.946000,1.034000,79587.26,107766.61,0.00001718,0.000000,0.000000,0
2026-09-05 03:48:00,79589.40,79589.50,79589.30,79589.40,8.361000,100,2.912000,5.449000,79589.41,107761.91,0.00001714,0.001000,0.000000,0
2026-09-05 03:49:00,79589.30,79589.40,79576.50,79576.60,13.779000,133,1.441000,12.338000,79582.57,107757.81,0.00001714,0.000000,0.000000,0
2026-09-05 03:50:00,79576.50,79580.60,79576.50,79580.60,6.510000,61,4.724000,1.786000,79577.50,107752.08,0.00001716,0.000000,0.000000,0
2026-09-05 03:51:00,79580.50,79580.60,79580.50,79580.60,5.676000,78,4.030000,1.646000,79580.57,107749.54,0.00001680,0.000000,0.000000,0
2026-09-05 03:52:00,79580.60,79580.60,79562.50,79562.50,21.774000,188,3.009000,18.765000,79576.04,107749.97,0.00001680,0.000000,0.000000,0
2026-09-05 03:53:00,79562.50,79566.60,79562.50,79566.60,12.806000,99,9.315000,3.491000,79562.94,107748.64,0.00001668,0.000000,0.000000,0
2026-09-05 03:54:00,79566.60,79566.60,79548.90,79556.40,44.814000,207,0.425000,44.389000,79558.51,107750.43,0.00001641,0.000000,0.000000,0
2026-09-05 03:55:00,79556.40,79565.70,79556.40,79557.30,10.865000,146,5.880000,4.985000,79560.21,107731.61,0.00001617,0.000000,0.000000,0
2026-09-05 03:56:00,79557.40,79557.40,79556.50,79556.50,5.771000,88,0.253000,5.518000,79556.97,107729.91,0.00001617,0.000000,0.000000,0
2026-09-05 03:57:00,79556.50,79556.60,79556.50,79556.50,11.664000,70,2.192000,9.472000,79556.52,107728.77,0.00001592,0.000000,0.000000,0
2026-09-05 03:58:00,79556.50,79556.50,79538.60,79538.70,17.106000,210,1.371000,15.735000,79542.63,107741.40,0.00001561,0.000000,0.000000,0
2026-09-05 03:59:00,79538.60,79548.00,79538.60,79547.90,7.831000,156,6.506000,1.325000,79542.28,107741.78,0.00001561,0.000000,0.000000,0
2026-09-05 04:00:00,79548.00,79548.00,79541.40,79543.80,15.653000,110,2.198000,13.455000,79545.62,107742.73,0.00001509,0.000000,0.000000,0
2026-09-05 04:01:00,79543.90,79551.00,79516.00,79520.00,92.001000,486,7.741000,84.260000,79531.92,107741.88,0.00001495,0.000000,0.000000,0
2026-09-05 04:02:00,79520.10,79520.10,79495.20,79506.60,81.305000,515,17.666000,63.639000,79505.23,107707.75,0.00001482,0.000000,0.000000,0
2026-09-05 04:03:00,79506.70,79510.00,79506.60,79510.00,6.309000,139,4.133000,2.176000,79509.10,107696.01,0.00001482,0.000000,0.000000,0
2026-09-05 04:04:00,79510.00,79510.00,79509.90,79509.90,12.170000,110,5.594000,6.576000,79509.95,107695.65,0.00001456,0.000000,0.000000,0
2026-09-05 04:05:00,79510.00,79542.90,79507.10,79540.50,27.463000,397,18.332000,9.131000,79517.41,107696.16,0.00001455,0.000000,0.000000,0
2026-09-05 04:06:00,79540.60,79550.30,79540.50,79550.30,7.438000,193,6.741000,0.697000,79547.82,107695.07,0.00001455,0.000000,0.000000,0
2026-09-05 04:07:00,79550.20,79550.30,79550.20,79550.20,3.110000,93,1.767000,1.343000,79550.26,107695.02,0.00001460,0.000000,0.000000,0
2026-09-05 04:08:00,79550.20,79550.30,79532.70,79532.70,21.747000,149,9.775000,11.972000,79541.00,107687.04,0.00001497,0.000000,0.000000,0
2026-09-05 04:09:00,79532.80,79542.20,79532.70,79542.20,6.918000,106,4.779000,2.139000,79533.39,107686.36,0.00001505,0.000000,0.000000,0
2026-09-05 04:10:00,79542.10,79553.60,79505.80,79511.00,28.604000,497,7.001000,21.603000,79532.69,107686.27,0.00001505,0.000000,0.000000,0
2026-09-05 04:11:00,79511.00,79511.10,79465.00,79473.10,119.150000,670,16.352000,102.798000,79483.66,107680.40,0.00001483,0.000000,0.000000,0
2026-09-05 04:12:00,79473.10,79484.60,79458.80,79483.90,76.254000,641,18.158000,58.096000,79473.44,107645.80,0.00001458,0.000000,0.000000,0
2026-09-05 04:13:00,79483.90,79498.20,79483.90,79498.10,8.411000,196,5.005000,3.406000,79484.72,107649.21,0.00001458,0.000000,0.000000,0
2026-09-05 04:14:00,79498.10,79498.20,79498.10,79498.20,5.530000,85,4.170000,1.360000,79498.18,107645.51,0.00001385,0.000000,0.000000,0
2026-09-05 04:15:00,79498.10,79498.20,79498.10,79498.10,15.628000,83,5.209000,10.419000,79498.13,107646.50,0.00001338,0.000000,0.000000,0
2026-09-05 04:16:00,79498.20,79498.20,79498.10,79498.10,4.571000,92,1.482000,3.089000,79498.13,107640.06,0.00001294,0.000000,0.000000,0
2026-09-05 04:17:00,79498.10,79498.20,79498.10,79498.20,4.812000,102,3.022000,1.790000,79498.16,107640.01,0.00001294,0.000000,0.000000,0
2026-09-05 04:18:00,79498.10,79533.30,79498.10,79521.60,33.923000,422,25.409000,8.514000,79514.59,107641.90,0.00001241,0.000000,0.000000,0
2026-09-05 04:19:00,79521.60,79521.60,79521.50,79521.60,2.983000,71,1.513000,1.470000,79521.55,107642.26,0.00001219,0.000000,0.000000,0
2026-09-05 04:20:00,79521.50,79521.60,79521.50,79521.60,3.784000,67,2.647000,1.137000,79521.57,107640.74,0.00001209,0.000000,0.000000,0
2026-09-05 04:21:00,79521.50,79521.60,79521.50,79521.60,1.431000,68,0.643000,0.788000,79521.54,107640.84,0.00001209,0.000000,0.000000,0
2026-09-05 04:22:00,79521.50,79521.60,79521.50,79521.50,2.536000,80,1.742000,0.794000,79521.57,107640.50,0.00001200,0.002000,0.002000,0
2026-09-05 04:23:00,79521.60,79521.60,79521.50,79521.60,3.159000,57,0.905000,2.254000,79521.53,107639.50,0.00001192,0.000000,0.000000,0
2026-09-05 04:24:00,79521.60,79523.90,79521.50,79523.90,3.844000,83,2.741000,1.103000,79521.90,107639.23,0.00001192,0.000000,0.000000,0
2026-09-05 04:25:00,79523.90,79535.20,79523.80,79527.60,9.019000,177,2.428000,6.591000,79532.55,107638.51,0.00001184,0.000000,0.000000,0
2026-09-05 04:26:00,79527.50,79527.60,79527.50,79527.60,1.622000,74,0.540000,1.082000,79527.53,107638.06,0.00001183,0.000000,0.000000,0
2026-09-05 04:27:00,79527.50,79527.60,79527.50,79527.60,2.364000,80,1.756000,0.608000,79527.57,107636.48,0.00001164,0.000000,0.000000,0
2026-09-05 04:28:00,79527.50,79530.80,79527.50,79530.70,7.713000,90,6.272000,1.441000,79529.17,107637.08,0.00001164,0.000000,0.000000,0
2026-09-05 04:29:00,79530.80,79530.80,79530.70,79530.80,2.080000,58,1.652000,0.428000,79530.78,107637.07,0.00001146,0.000000,0.000000,0
2026-09-05 04:30:00,79530.80,79530.80,79514.30,79514.30,11.945000,166,0.976000,10.969000,79525.50,107637.95,0.00001150,0.000000,0.000000,0
2026-09-05 04:31:00,79514.30,79514.40,79499.30,79504.10,27.942000,219,5.508000,22.434000,79505.95,107628.01,0.00001150,0.000000,0.000000,0
2026-09-05 04:32:00,79504.20,79504.20,79504.10,79504.10,2.497000,89,0.308000,2.189000,79504.11,107627.96,0.00001120,0.000000,0.000000,0
2026-09-05 04:33:00,79504.20,79504.20,79504.10,79504.20,3.902000,90,3.371000,0.531000,79504.19,107625.44,0.00001035,0.000000,0.000000,0
2026-09-05 04:34:00,79504.10,79514.40,79504.10,79514.40,9.011000,207,7.260000,1.751000,79508.99,107624.38,0.00000954,0.000000,0.000000,0
2026-09-05 04:35:00,79514.40,79514.40,79514.30,79514.40,5.541000,82,4.297000,1.244000,79514.38,107624.73,0.00000954,0.000000,0.000000,0
2026-09-05 04:36:00,79514.30,79514.40,79493.70,79493.70,14.041000,236,0.958000,13.083000,79505.01,107618.41,0.00000938,0.000000,0.000000,0
2026-09-05 04:37:00,79493.80,79493.80,79493.70,79493.80,1.274000,93,0.303000,0.971000,79493.72,107616.89,0.00000898,0.000000,0.000000,0
2026-09-05 04:38:00,79493.70,79493.80,79493.70,79493.70,2.576000,89,0.547000,2.029000,79493.72,107616.11,0.00000898,0.000000,0.001000,0
2026-09-05 04:39:00,79493.70,79493.80,79488.50,79488.60,8.226000,111,0.516000,7.710000,79491.23,107616.08,0.00000829,0.000000,0.000000,0
2026-09-05 04:40:00,79488.50,79488.60,79488.50,79488.60,8.708000,73,3.243000,5.465000,79488.54,107613.40,0.00000790,0.000000,0.000000,0
2026-09-05 04:41:00,79488.60,79488.60,79488.50,79488.50,6.043000,92,0.747000,5.296000,79488.51,107612.38,0.00000732,0.000000,0.000000,0
2026-09-05 04:42:00,79488.60,79497.00,79488.50,79491.20,28.512000,173,24.512000,4.000000,79491.78,107610.16,0.00000732,0.000000,0.000000,0
2026-09-05 04:43:00,79491.20,79497.30,79485.00,79497.30,25.114000,183,7.385000,17.729000,79489.07,107604.70,0.00000680,0.000000,0.000000,0
2026-09-05 04:44:00,79497.30,79497.30,79497.20,79497.30,2.428000,76,1.871000,0.557000,79497.28,107603.65,0.00000649,0.000000,0.000000,0
2026-09-05 04:45:00,79497.20,79497.30,79497.20,79497.20,2.538000,58,1.031000,1.507000,79497.24,107603.24,0.00000649,0.000000,0.000000,0
2026-09-05 04:46:00,79497.30,79509.30,79489.00,79489.00,38.893000,328,5.975000,32.918000,79501.76,107603.60,0.00000635,0.000000,0.000000,0
2026-09-05 04:47:00,79489.00,79489.10,79480.00,79480.10,7.541000,158,1.132000,6.409000,79482.46,107595.04,0.00000623,0.000000,0.000000,0
2026-09-05 04:48:00,79480.00,79480.10,79479.00,79479.00,10.002000,93,0.568000,9.434000,79479.66,107593.51,0.00000570,0.000000,0.000000,0
2026-09-05 04:49:00,79479.00,79493.40,79460.00,79493.40,78.667000,577,47.952000,30.715000,79472.36,107585.43,0.00000570,0.000000,0.000000,0
2026-09-05 04:50:00,79493.30,79520.00,79490.90,79520.00,10.482000,270,7.417000,3.065000,79503.90,107584.60,0.00000492,0.000000,0.000000,0
2026-09-05 04:51:00,79519.90,79520.00,79479.70,79486.30,21.399000,326,2.018000,19.381000,79501.44,107579.91,0.00000467,0.000000,0.002000,0
2026-09-05 04:52:00,79486.30,79486.80,79473.90,79486.70,14.603000,194,2.171000,12.432000,79484.50,107588.29,0.00000467,0.000000,0.000000,0
2026-09-05 04:53:00,79486.80,79486.80,79470.00,79470.10,28.079000,176,17.302000,10.777000,79481.55,107572.79,0.00000447,0.000000,0.000000,0
2026-09-05 04:54:00,79470.00,79510.40,79470.00,79490.30,52.848000,546,36.988000,15.860000,79489.80,107570.89,0.00000427,0.000000,0.000000,0
2026-09-05 04:55:00,79490.30,79512.40,79490.30,79507.70,12.486000,197,6.577000,5.909000,79506.01,107571.67,0.00000421,0.000000,0.000000,0
2026-09-05 04:56:00,79507.80,79507.80,79507.70,79507.80,5.732000,70,1.806000,3.926000,79507.73,107567.69,0.00000421,0.001000,0.000000,0
2026-09-05 04:57:00,79507.80,79507.80,79500.00,79504.00,4.815000,121,1.268000,3.547000,79504.90,107567.26,0.00000441,0.000000,0.000000,0
2026-09-05 04:58:00,79504.00,79504.10,79476.30,79483.60,42.723000,323,6.644000,36.079000,79491.26,107567.62,0.00000439,0.000000,0.000000,0
2026-09-05 04:59:00,79483.50,79504.10,79483.50,79504.00,48.465000,298,40.485000,7.980000,79498.54,107564.63,0.00000439,0.000000,0.000000,0
2026-09-05 05:00:00,79504.00,79504.10,79460.00,79460.00,39.013000,489,4.318000,34.695000,79483.40,107569.43,0.00000442,0.000000,0.000000,0
2026-09-05 05:01:00,79460.00,79467.90,79460.00,79467.80,15.188000,214,12.550000,2.638000,79463.91,107573.99,0.00000443,0.000000,0.000000,0
2026-09-05 05:02:00,79467.80,79467.90,79459.90,79459.90,27.656000,261,10.089000,17.567000,79463.93,107574.24,0.00000420,0.000000,0.000000,0
2026-09-05 05:03:00,79460.00,79460.00,79414.80,79414.80,76.709000,642,12.975000,63.734000,79432.42,107578.45,0.00000420,0.000000,0.781000,0
2026-09-05 05:04:00,79414.80,79418.10,79405.20,79413.60,46.144000,426,10.636000,35.508000,79412.91,107577.54,0.00000383,0.000000,0.096000,0
2026-09-05 05:05:00,79413.60,79432.30,79413.60,79432.20,23.384000,319,18.106000,5.278000,79426.27,107577.89,0.00000358,0.000000,0.000000,0
2026-09-05 05:06:00,79432.30,79436.30,79432.20,79436.20,21.033000,221,8.888000,12.145000,79432.38,107576.32,0.00000358,0.000000,0.000000,0
2026-09-05 05:07:00,79436.20,79436.30,79430.00,79430.00,22.738000,172,6.340000,16.398000,79430.99,107581.81,0.00000382,0.000000,0.000000,0
2026-09-05 05:08:00,79430.00,79430.10,79408.80,79419.30,29.780000,283,10.170000,19.610000,79419.91,107593.86,0.00000393,0.000000,0.000000,0
2026-09-05 05:09:00,79419.20,79446.40,79416.00,79437.80,67.056000,520,36.772000,30.284000,79431.22,107599.28,0.00000384,0.000000,0.000000,0
2026-09-05 05:10:00,79437.80,79446.40,79427.10,79432.20,35.388000,345,10.762000,24.626000,79436.04,107599.28,0.00000384,0.000000,0.000000,0
2026-09-05 05:11:00,79432.10,79473.50,79432.10,79473.40,29.424000,365,20.399000,9.025000,79447.78,107593.05,0.00000407,0.000000,0.000000,0
2026-09-05 05:12:00,79473.50,79495.20,79473.40,79493.70,34.106000,329,27.103000,7.003000,79488.39,107599.66,0.00000449,0.000000,0.000000,0
2026-09-05 05:13:00,79493.70,79512.40,79493.60,79512.40,66.496000,283,65.323000,1.173000,79503.38,107600.13,0.00000449,0.000000,0.000000,0
2026-09-05 05:14:00,79512.30,79524.80,79512.30,79524.70,23.986000,222,13.721000,10.265000,79519.66,107595.12,0.00000515,0.000000,0.002000,0
2026-09-05 05:15:00,79524.70,79524.80,79519.80,79519.90,23.748000,146,9.609000,14.139000,79521.42,107590.22,0.00000554,0.000000,0.000000,0
2026-09-05 05:16:00,79519.90,79523.90,79519.80,79523.90,14.467000,112,8.599000,5.868000,79520.45,107590.69,0.00000602,0.000000,0.000000,0
2026-09-05 05:17:00,79523.90,79523.90,79523.80,79523.90,10.393000,95,2.207000,8.186000,79523.82,107593.55,0.00000602,0.000000,0.000000,0
2026-09-05 05:18:00,79523.80,79524.00,79523.80,79524.00,17.720000,91,6.673000,11.047000,79523.84,107586.20,0.00000637,0.000000,0.000000,0
2026-09-05 05:19:00,79524.00,79529.00,79500.00,79504.30,63.090000,382,12.727000,50.363000,79520.99,107577.35,0.00000663,0.000000,0.000000,0
2026-09-05 05:20:00,79504.40,79517.50,79486.90,79506.40,86.793000,542,43.552000,43.241000,79503.56,107546.80,0.00000663,0.000000,0.000000,0
2026-09-05 05:21:00,79506.50,79526.60,79506.50,79523.10,42.625000,278,35.504000,7.121000,79516.59,107538.52,0.00000674,0.000000,0.000000,0
2026-09-05 05:22:00,79523.00,79523.00,79512.70,79512.80,10.122000,143,2.969000,7.153000,79516.17,107533.33,0.00000650,0.000000,0.000000,0
2026-09-05 05:23:00,79512.70,79512.80,79480.00,79480.10,54.147000,307,4.971000,49.176000,79492.96,107538.27,0.00000650,0.000000,0.000000,0
2026-09-05 05:24:00,79480.10,79480.10,79480.00,79480.10,2.770000,73,1.506000,1.264000,79480.05,107537.86,0.00000645,0.000000,0.000000,0
2026-09-05 05:25:00,79480.00,79498.20,79480.00,79498.20,15.319000,169,15.029000,0.290000,79491.45,107536.16,0.00000598,0.000000,0.000000,0
2026-09-05 05:26:00,79498.30,79498.40,79498.20,79498.30,3.148000,61,2.231000,0.917000,79498.31,107531.45,0.00000569,0.000000,0.000000,0
2026-09-05 05:27:00,79498.40,79498.40,79498.30,79498.40,3.888000,79,2.283000,1.605000,79498.36,107530.93,0.00000569,0.000000,0.000000,0
2026-09-05 05:28:00,79498.40,79507.20,79490.80,79507.20,30.427000,255,19.165000,11.262000,79498.06,107528.69,0.00000564,0.000000,0.000000,0
2026-09-05 05:29:00,79507.20,79533.70,79506.30,79533.60,57.276000,394,52.494000,4.782000,79517.78,107542.95,0.00000545,0.000000,0.000000,0
2026-09-05 05:30:00,79533.60,79550.00,79533.60,79550.00,62.727000,252,62.114000,0.613000,79537.57,107571.68,0.00000545,0.000000,0.000000,0
2026-09-05 05:31:00,79550.00,79553.90,79549.80,79553.80,27.522000,167,8.995000,18.527000,79551.62,107566.79,0.00000570,0.000000,0.000000,0
2026-09-05 05:32:00,79553.70,79554.80,79553.70,79554.80,8.752000,115,7.975000,0.777000,79553.90,107561.23,0.00000616,0.027000,0.000000,0
2026-09-05 05:33:00,79554.80,79554.80,79554.60,79554.70,10.752000,87,2.555000,8.197000,79554.67,107561.91,0.00000652,0.000000,0.000000,0
2026-09-05 05:34:00,79554.60,79554.70,79554.60,79554.60,9.099000,98,7.835000,1.264000,79554.69,107562.75,0.00000652,0.000000,0.000000,0
2026-09-05 05:35:00,79554.70,79564.10,79554.60,79558.40,29.328000,193,17.548000,11.780000,79559.70,107554.52,0.00000691,0.000000,0.000000,0
2026-09-05 05:36:00,79558.40,79558.40,79558.30,79558.40,6.958000,99,2.268000,4.690000,79558.33,107553.76,0.00000732,0.000000,0.000000,0
2026-09-05 05:37:00,79558.30,79558.40,79535.50,79535.50,13.619000,228,0.521000,13.098000,79548.85,107550.67,0.00000732,0.000000,0.000000,0
2026-09-05 05:38:00,79535.60,79535.60,79535.50,79535.50,5.147000,85,4.386000,0.761000,79535.59,107551.45,0.00000793,0.000000,0.000000,0
2026-09-05 05:39:00,79535.60,79535.60,79535.50,79535.60,1.868000,77,1.000000,0.868000,79535.55,107551.49,0.00000795,0.000000,0.000000,0
2026-09-05 05:40:00,79535.50,79535.60,79535.50,79535.60,2.593000,79,2.117000,0.476000,79535.58,107551.21,0.00000788,0.024000,0.001000,0
2026-09-05 05:41:00,79535.50,79535.80,79535.50,79535.70,9.758000,91,4.684000,5.074000,79535.58,107551.21,0.00000788,0.000000,0.000000,0
2026-09-05 05:42:00,79535.80,79548.50,79535.70,79548.50,3.805000,164,2.953000,0.852000,79544.21,107551.09,0.00000781,0.000000,0.000000,0
2026-09-05 05:43:00,79548.50,79551.00,79516.70,79516.70,73.947000,402,15.273000,58.674000,79541.79,107552.75,0.00000789,0.000000,0.000000,0
2026-09-05 05:44:00,79516.80,79516.80,79516.70,79516.70,3.417000,97,0.724000,2.693000,79516.72,107541.48,0.00000789,0.000000,0.000000,0
2026-09-05 05:45:00,79516.80,79516.80,79468.10,79480.60,61.218000,540,10.569000,50.649000,79488.24,107541.26,0.00000781,0.000000,0.000000,0
2026-09-05 05:46:00,79480.60,79480.70,79466.40,79473.70,41.999000,307,20.200000,21.799000,79472.51,107561.68,0.00000777,0.000000,0.000000,0
2026-09-05 05:47:00,79473.60,79484.60,79473.60,79484.50,6.412000,249,2.691000,3.721000,79481.01,107568.73,0.00000756,0.000000,0.000000,0
2026-09-05 05:48:00,79484.50,79492.10,79480.90,79481.00,16.701000,289,10.903000,5.798000,79488.31,107579.69,0.00000756,0.000000,0.000000,0
2026-09-05 05:49:00,79481.00,79481.00,79467.20,79467.20,12.955000,234,4.434000,8.521000,79475.58,107582.15,0.00000805,0.000000,0.000000,0
2026-09-05 05:50:00,79467.20,79467.30,79447.90,79459.90,27.254000,354,6.959000,20.295000,79457.25,107583.38,0.00000831,0.000000,0.000000,0
2026-09-05 05:51:00,79459.90,79487.80,79459.90,79487.70,33.790000,377,30.692000,3.098000,79468.81,107587.71,0.00000831,0.000000,0.000000,0
2026-09-05 05:52:00,79487.80,79523.40,79478.80,79502.80,43.199000,583,31.881000,11.318000,79500.41,107590.83,0.00000829,0.000000,0.000000,0
2026-09-05 05:53:00,79502.90,79530.10,79501.70,79530.00,35.546000,283,32.189000,3.357000,79513.18,107580.69,0.00000858,0.000000,0.000000,0
2026-09-05 05:54:00,79530.10,79539.00,79530.00,79538.90,35.298000,222,23.874000,11.424000,79535.01,107584.12,0.00000891,0.000000,0.000000,0
2026-09-05 05:55:00,79539.00,79539.00,79538.90,79539.00,6.862000,80,5.154000,1.708000,79538.98,107579.72,0.00000891,0.000000,0.000000,0
2026-09-05 05:56:00,79539.00,79539.00,79538.90,79539.00,4.013000,72,3.080000,0.933000,79538.98,107577.29,0.00000934,0.000000,0.000000,0
2026-09-05 05:57:00,79539.00,79548.30,79538.90,79548.30,11.302000,147,9.486000,1.816000,79541.06,107576.75,0.00000960,0.016000,0.000000,0
2026-09-05 05:58:00,79548.40,79560.00,79540.00,79540.10,53.894000,325,21.924000,31.970000,79555.55,107575.06,0.00000960,0.000000,0.000000,0
2026-09-05 05:59:00,79540.10,79540.10,79540.00,79540.10,5.918000,68,5.261000,0.657000,79540.09,107555.77,0.00000968,0.000000,0.000000,0
2026-09-05 06:00:00,79540.10,79540.10,79540.00,79540.00,4.735000,81,2.641000,2.094000,79540.06,107558.13,0.00000977,0.000000,0.000000,0
2026-09-05 06:01:00,79540.10,79540.10,79534.10,79538.20,23.223000,160,9.731000,13.492000,79536.78,107557.82,0.00000977,0.000000,0.000000,0
2026-09-05 06:02:00,79538.10,79554.80,79538.10,79554.80,7.771000,210,6.826000,0.945000,79543.48,107561.06,0.00000983,0.000000,0.000000,0
2026-09-05 06:03:00,79554.80,79554.80,79554.70,79554.80,8.328000,120,7.014000,1.314000,79554.78,107561.77,0.00000974,0.000000,0.000000,0
2026-09-05 06:04:00,79554.80,79560.00,79554.70,79559.90,5.549000,125,5.138000,0.411000,79556.82,107561.18,0.00001013,0.000000,0.000000,0
2026-09-05 06:05:00,79560.00,79566.20,79559.90,79566.20,31.182000,164,30.256000,0.926000,79561.29,107558.28,0.00001013,0.000000,0.000000,0
2026-09-05 06:06:00,79566.20,79580.00,79566.10,79576.90,37.167000,294,15.029000,22.138000,79576.16,107566.34,0.00001036,0.000000,0.000000,0
2026-09-05 06:07:00,79576.90,79592.20,79561.40,79563.40,46.212000,387,22.184000,24.028000,79579.75,107561.43,0.00001054,0.000000,0.000000,0
2026-09-05 06:08:00,79563.40,79563.40,79550.10,79550.60,28.795000,195,3.018000,25.777000,79556.14,107557.18,0.00001054,0.000000,0.000000,0
2026-09-05 06:09:00,79550.60,79550.60,79537.10,79537.10,9.341000,184,1.959000,7.382000,79541.52,107569.14,0.00001028,0.000000,0.000000,0
2026-09-05 06:10:00,79537.20,79547.50,79537.10,79547.40,9.902000,163,7.818000,2.084000,79539.08,107567.81,0.00000982,0.000000,0.000000,0
2026-09-05 06:11:00,79547.50,79593.70,79547.40,79593.70,60.850000,565,44.351000,16.499000,79571.70,107571.74,0.00000974,0.016000,0.000000,0
2026-09-05 06:12:00,79593.70,79593.70,79570.90,79579.50,19.974000,300,9.455000,10.519000,79577.99,107562.65,0.00000974,0.000000,0.000000,0
2026-09-05 06:13:00,79579.50,79599.80,79579.40,79599.80,26.746000,315,20.737000,6.009000,79595.71,107562.41,0.00001021,0.000000,0.000000,0
2026-09-05 06:14:00,79599.70,79599.80,79599.00,79599.00,14.602000,148,8.230000,6.372000,79599.75,107552.69,0.00001060,0.000000,0.000000,0
2026-09-05 06:15:00,79599.10,79599.10,79585.20,79585.30,22.450000,207,3.694000,18.756000,79591.32,107550.88,0.00001060,0.000000,0.000000,0
2026-09-05 06:16:00,79585.20,79585.30,79573.20,79573.20,11.693000,164,4.478000,7.215000,79583.09,107547.33,0.00001088,0.000000,0.000000,0
2026-09-05 06:17:00,79573.20,79573.30,79573.20,79573.20,5.695000,104,1.157000,4.538000,79573.22,107544.67,0.00001083,0.000000,0.000000,0
2026-09-05 06:18:00,79573.20,79573.30,79573.20,79573.20,4.639000,110,3.862000,0.777000,79573.28,107540.90,0.00001062,0.123000,0.000000,0
2026-09-05 06:19:00,79573.20,79591.00,79573.20,79590.90,42.616000,229,38.257000,4.359000,79577.59,107539.95,0.00001062,0.000000,0.000000,0
2026-09-05 06:20:00,79591.00,79591.00,79582.30,79582.40,10.260000,132,1.114000,9.146000,79584.82,107550.55,0.00001045,0.000000,0.000000,0
2026-09-05 06:21:00,79582.40,79582.40,79582.30,79582.40,2.841000,87,2.239000,0.602000,79582.38,107547.96,0.00001042,0.000000,0.000000,0
2026-09-05 06:22:00,79582.40,79582.40,79582.30,79582.40,3.197000,105,2.548000,0.649000,79582.38,107546.66,0.00001042,0.000000,0.000000,0
2026-09-05 06:23:00,79582.40,79600.00,79582.30,79599.90,18.318000,210,15.842000,2.476000,79592.76,107546.00,0.00001033,0.000000,0.000000,0
2026-09-05 06:24:00,79600.00,79600.00,79599.50,79599.50,15.814000,125,9.895000,5.919000,79599.69,107538.78,0.00001016,0.000000,0.000000,0
2026-09-05 06:25:00,79599.60,79599.60,79587.40,79587.50,12.581000,166,5.898000,6.683000,79597.70,107539.73,0.00001020,0.000000,0.000000,0
2026-09-05 06:26:00,79587.40,79587.50,79577.50,79577.50,10.266000,151,3.249000,7.017000,79582.10,107536.72,0.00001020,0.000000,0.001000,0
2026-09-05 06:27:00,79577.50,79577.60,79577.50,79577.50,4.608000,94,1.273000,3.335000,79577.53,107538.06,0.00001018,0.000000,0.000000,0
2026-09-05 06:28:00,79577.60,79593.50,79577.50,79593.40,39.978000,191,36.139000,3.839000,79584.14,107537.48,0.00000983,0.000000,0.000000,0
2026-09-05 06:29:00,79593.50,79606.00,79569.20,79580.20,126.075000,844,28.665000,97.410000,79589.30,107543.98,0.00000983,0.000000,0.000000,0
2026-09-05 06:30:00,79580.30,79606.00,79580.20,79602.50,73.397000,282,66.478000,6.919000,79600.05,107494.01,0.00000967,0.000000,0.000000,0
2026-09-05 06:31:00,79602.50,79606.00,79602.50,79606.00,34.627000,171,16.911000,17.716000,79604.33,107502.55,0.00000939,0.000000,0.000000,0
2026-09-05 06:32:00,79605.90,79606.00,79605.90,79606.00,15.466000,161,12.064000,3.402000,79605.98,107495.14,0.00000931,0.000000,0.000000,0
2026-09-05 06:33:00,79606.00,79606.00,79605.80,79605.90,14.209000,115,5.724000,8.485000,79605.89,107494.90,0.00000931,0.000000,0.000000,0
2026-09-05 06:34:00,79605.90,79605.90,79602.50,79602.60,10.377000,104,4.244000,6.133000,79604.08,107492.63,0.00000907,0.000000,0.000000,0
2026-09-05 06:35:00,79602.60,79602.60,79585.90,79585.90,26.924000,190,2.254000,24.670000,79598.97,107493.46,0.00000878,0.000000,0.000000,0
2026-09-05 06:36:00,79585.90,79600.90,79585.90,79594.80,15.029000,196,9.999000,5.030000,79592.43,107491.67,0.00000878,0.000000,0.000000,0
2026-09-05 06:37:00,79594.70,79594.80,79594.70,79594.70,6.454000,170,1.416000,5.038000,79594.72,107491.69,0.00000846,0.000000,0.000000,0
2026-09-05 06:38:00,79594.80,79605.60,79591.20,79605.60,31.028000,223,21.698000,9.330000,79594.24,107495.27,0.00000829,0.200000,0.000000,0
2026-09-05 06:39:00,79605.50,79606.00,79605.50,79605.90,13.362000,122,10.364000,2.998000,79605.89,107500.04,0.00000830,0.004000,0.008000,0
2026-09-05 06:40:00,79606.00,79676.90,79605.90,79676.90,199.998000,853,186.512000,13.486000,79632.18,107508.07,0.00000830,0.196000,0.000000,0
2026-09-05 06:41:00,79676.80,79676.90,79648.60,79656.10,64.431000,380,17.244000,47.187000,79667.04,107692.36,0.00000835,0.050000,0.000000,0
2026-09-05 06:42:00,79656.10,79669.80,79637.40,79637.40,62.205000,449,39.978000,22.227000,79662.54,107674.03,0.00000846,0.000000,0.000000,0
2026-09-05 06:43:00,79637.40,79646.40,79637.40,79641.70,34.948000,203,15.600000,19.348000,79641.40,107677.43,0.00000846,0.000000,0.000000,0
2026-09-05 06:44:00,79641.70,79641.80,79635.00,79635.00,13.254000,150,5.914000,7.340000,79637.90,107676.33,0.00000818,0.000000,0.000000,0
2026-09-05 06:45:00,79635.10,79635.10,79622.60,79622.60,11.184000,186,5.433000,5.751000,79626.64,107674.92,0.00000771,0.000000,0.000000,0
2026-09-05 06:46:00,79622.70,79622.70,79622.60,79622.60,6.888000,118,3.972000,2.916000,79622.66,107678.04,0.00000700,0.000000,0.000000,0
2026-09-05 06:47:00,79622.70,79629.50,79622.60,79622.70,35.355000,191,13.425000,21.930000,79627.09,107677.26,0.00000700,0.000000,0.000000,0
2026-09-05 06:48:00,79622.70,79622.70,79622.60,79622.60,5.477000,107,3.510000,1.967000,79622.66,107671.76,0.00000644,0.000000,0.000000,0
2026-09-05 06:49:00,79622.70,79622.70,79622.60,79622.70,6.143000,98,5.393000,0.750000,79622.69,107673.76,0.00000574,0.000000,0.000000,0
2026-09-05 06:50:00,79622.70,79622.70,79622.60,79622.60,4.509000,109,3.630000,0.879000,79622.68,107674.94,0.00000574,0.000000,0.000000,0
2026-09-05 06:51:00,79622.70,79622.70,79622.60,79622.70,4.575000,131,3.054000,1.521000,79622.67,107673.29,0.00000498,0.000000,0.000000,0
2026-09-05 06:52:00,79622.70,79622.70,79622.60,79622.60,7.417000,113,4.336000,3.081000,79622.66,107673.65,0.00000420,0.000000,0.000000,0
2026-09-05 06:53:00,79622.70,79622.70,79616.90,79616.90,11.083000,156,2.119000,8.964000,79620.67,107669.67,0.00000420,0.000000,0.000000,0
2026-09-05 06:54:00,79617.00,79617.00,79616.90,79616.90,3.053000,92,0.977000,2.076000,79616.93,107670.62,0.00000335,0.000000,0.000000,0
2026-09-05 06:55:00,79616.90,79617.00,79616.90,79616.90,4.310000,83,1.274000,3.036000,79616.93,107671.58,0.00000293,0.000000,0.000000,0
2026-09-05 06:56:00,79616.90,79621.00,79616.90,79621.00,14.090000,133,11.715000,2.375000,79617.20,107674.20,0.00000275,0.000000,0.000000,0
2026-09-05 06:57:00,79620.90,79645.40,79620.90,79645.40,17.908000,287,15.448000,2.460000,79636.17,107675.73,0.00000275,0.018000,0.000000,0
2026-09-05 06:58:00,79645.40,79645.40,79608.80,79623.30,61.475000,480,18.464000,43.011000,79628.23,107677.85,0.00000253,0.000000,0.000000,0
2026-09-05 06:59:00,79623.30,79646.50,79610.60,79633.20,91.853000,507,66.222000,25.631000,79633.45,107673.64,0.00000267,0.000000,0.000000,0
2026-09-05 07:00:00,79633.20,79633.20,79603.00,79603.00,110.093000,557,25.260000,84.833000,79615.49,107698.00,0.00000267,0.000000,0.000000,0
2026-09-05 07:01:00,79603.10,79604.00,79600.00,79604.00,12.861000,188,7.999000,4.862000,79601.36,107668.32,0.00000238,0.000000,0.000000,0
2026-09-05 07:02:00,79604.00,79648.00,79603.90,79648.00,16.029000,412,15.090000,0.939000,79617.54,107665.97,0.00000223,0.000000,0.000000,0
2026-09-05 07:03:00,79648.00,79648.00,79640.00,79640.00,14.873000,198,3.284000,11.589000,79645.10,107662.16,0.00000245,0.000000,0.000000,0
2026-09-05 07:04:00,79640.10,79640.10,79630.00,79630.10,15.655000,191,7.000000,8.655000,79638.31,107660.93,0.00000245,0.000000,0.000000,0
2026-09-05 07:05:00,79630.10,79643.40,79630.00,79643.40,9.212000,201,8.355000,0.857000,79632.07,107652.85,0.00000244,0.000000,0.000000,0
2026-09-05 07:06:00,79643.30,79650.00,79643.30,79650.00,19.461000,247,16.812000,2.649000,79646.92,107650.50,0.00000221,0.000000,0.000000,0
2026-09-05 07:07:00,79650.00,79650.00,79647.60,79647.60,30.962000,173,15.763000,15.199000,79648.95,107654.15,0.00000221,0.000000,0.000000,0
2026-09-05 07:08:00,79647.70,79647.70,79647.60,79647.70,6.371000,109,5.056000,1.315000,79647.68,107656.15,0.00000247,0.000000,0.000000,0
2026-09-05 07:09:00,79647.70,79647.70,79643.40,79643.50,17.773000,150,4.717000,13.056000,79646.04,107655.99,0.00000272,0.061000,0.000000,0
2026-09-05 07:10:00,79643.50,79643.50,79624.10,79624.20,18.847000,270,4.887000,13.960000,79639.71,107652.54,0.00000252,0.000000,0.000000,0
2026-09-05 07:11:00,79624.20,79643.50,79624.10,79643.50,18.465000,208,16.938000,1.527000,79630.33,107649.97,0.00000252,0.000000,0.000000,0
2026-09-05 07:12:00,79643.50,79647.50,79643.40,79647.40,9.127000,154,8.554000,0.573000,79644.25,107646.93,0.00000230,0.000000,0.000000,0
2026-09-05 07:13:00,79647.50,79652.00,79644.30,79644.30,33.189000,223,4.173000,29.016000,79650.29,107646.00,0.00000214,0.000000,0.000000,0
2026-09-05 07:14:00,79644.40,79656.60,79644.30,79656.00,20.574000,272,14.359000,6.215000,79652.26,107629.52,0.00000214,0.000000,0.006000,0
2026-09-05 07:15:00,79656.10,79656.10,79647.90,79647.90,12.731000,175,5.376000,7.355000,79651.19,107627.33,0.00000210,0.000000,0.000000,0
2026-09-05 07:16:00,79647.90,79648.00,79647.50,79647.50,6.434000,117,3.427000,3.007000,79647.86,107622.75,0.00000202,0.000000,0.000000,0
2026-09-05 07:17:00,79647.60,79647.60,79647.50,79647.50,5.563000,97,3.630000,1.933000,79647.57,107622.56,0.00000202,0.000000,0.006000,0
2026-09-05 07:18:00,79647.50,79668.10,79647.50,79666.60,89.265000,341,83.445000,5.820000,79658.39,107591.85,0.00000204,0.000000,0.000000,0
2026-09-05 07:19:00,79666.70,79666.70,79649.50,79649.60,17.880000,186,2.145000,15.735000,79655.54,107581.78,0.00000218,0.000000,0.000000,0
2026-09-05 07:20:00,79649.50,79649.60,79631.10,79631.10,13.242000,205,1.118000,12.124000,79641.76,107580.23,0.00000218,0.000000,0.000000,0
2026-09-05 07:21:00,79631.20,79648.50,79631.10,79648.40,12.863000,190,11.306000,1.557000,79634.69,107576.44,0.00000218,0.000000,0.000000,0
2026-09-05 07:22:00,79648.50,79648.50,79648.40,79648.40,3.160000,89,1.533000,1.627000,79648.45,107575.45,0.00000208,0.000000,0.000000,0
2026-09-05 07:23:00,79648.50,79658.90,79648.40,79658.80,15.273000,169,14.411000,0.862000,79653.09,107574.83,0.00000231,0.000000,0.000000,0
2026-09-05 07:24:00,79658.80,79662.80,79658.80,79662.70,6.448000,133,4.885000,1.563000,79660.80,107574.09,0.00000231,0.000000,0.000000,0
2026-09-05 07:25:00,79662.80,79662.80,79662.70,79662.80,10.462000,126,4.601000,5.861000,79662.74,107575.57,0.00000222,0.000000,0.000000,0
2026-09-05 07:26:00,79662.70,79662.80,79659.40,79659.40,16.095000,126,3.875000,12.220000,79661.87,107574.24,0.00000196,0.000000,0.000000,0
2026-09-05 07:27:00,79659.50,79659.50,79659.40,79659.50,5.350000,129,4.664000,0.686000,79659.49,107576.91,0.00000154,0.000000,0.000000,0
2026-09-05 07:28:00,79659.50,79679.90,79659.40,79679.80,23.203000,252,21.753000,1.450000,79667.16,107570.48,0.00000154,0.000000,0.000000,0
2026-09-05 07:29:00,79679.80,79680.00,79679.70,79680.00,18.226000,143,15.554000,2.672000,79679.83,107568.42,0.00000117,0.000000,0.000000,0
2026-09-05 07:30:00,79680.00,79680.00,79679.70,79679.70,25.994000,137,13.495000,12.499000,79679.93,107569.42,0.00000125,0.000000,0.000000,0
2026-09-05 07:31:00,79679.70,79679.70,79678.80,79679.10,27.207000,152,12.915000,14.292000,79679.11,107574.92,0.00000125,0.000000,0.000000,0
2026-09-05 07:32:00,79679.10,79679.20,79674.80,79674.80,23.609000,162,2.415000,21.194000,79676.16,107567.66,0.00000132,0.000000,0.000000,0
2026-09-05 07:33:00,79674.80,79674.80,79666.80,79669.10,36.891000,189,25.163000,11.728000,79668.35,107569.86,0.00000133,0.000000,0.000000,0
2026-09-05 07:34:00,79669.00,79676.90,79669.00,79676.90,14.147000,156,11.093000,3.054000,79670.67,107576.29,0.00000133,0.000000,0.000000,0
2026-09-05 07:35:00,79677.00,79708.30,79676.90,79704.60,98.201000,514,67.006000,31.195000,79696.02,107570.10,0.00000123,0.436000,0.000000,0
2026-09-05 07:36:00,79704.60,79704.80,79689.90,79690.00,39.435000,245,16.521000,22.914000,79702.31,107527.69,0.00000123,0.000000,0.000000,0
2026-09-05 07:37:00,79689.90,79690.70,79689.90,79690.60,20.506000,172,12.624000,7.882000,79690.25,107531.10,0.00000109,0.000000,0.000000,0
2026-09-05 07:38:00,79690.60,79694.00,79690.60,79690.70,17.396000,167,9.399000,7.997000,79691.87,107528.84,0.00000109,0.000000,0.000000,0
2026-09-05 07:39:00,79690.70,79690.70,79690.60,79690.60,11.776000,124,8.712000,3.064000,79690.67,107523.15,0.00000107,0.000000,0.000000,0
2026-09-05 07:40:00,79690.60,79690.70,79689.90,79690.00,35.053000,185,10.857000,24.196000,79690.26,107518.90,0.00000110,0.001000,0.001000,0
2026-09-05 07:41:00,79689.90,79690.00,79681.90,79681.90,14.117000,199,5.480000,8.637000,79689.38,107514.73,0.00000110,0.000000,0.000000,0
2026-09-05 07:42:00,79682.00,79682.00,79681.90,79682.00,4.725000,123,1.599000,3.126000,79681.93,107512.78,0.00000105,0.000000,0.000000,0
2026-09-05 07:43:00,79681.90,79682.00,79681.90,79681.90,9.252000,123,3.668000,5.584000,79681.94,107510.69,0.00000079,0.000000,0.000000,0
2026-09-05 07:44:00,79681.90,79687.20,79660.60,79687.10,111.644000,508,61.583000,50.061000,79672.50,107484.06,0.00000047,0.000000,0.000000,0
2026-09-05 07:45:00,79687.10,79690.00,79685.50,79685.60,33.380000,142,5.213000,28.167000,79689.28,107516.90,0.00000047,0.000000,0.000000,0
2026-09-05 07:46:00,79685.60,79718.70,79685.50,79718.70,47.078000,380,43.511000,3.567000,79698.66,107510.47,0.00000032,0.000000,0.000000,0
2026-09-05 07:47:00,79718.70,79721.40,79718.60,79721.30,23.525000,248,19.360000,4.165000,79719.56,107500.08,0.00000040,0.031000,0.000000,0
2026-09-05 07:48:00,79721.40,79722.10,79721.30,79722.10,17.685000,233,12.276000,5.409000,79721.85,107497.79,0.00000040,0.002000,0.000000,0
2026-09-05 07:49:00,79722.00,79722.10,79705.40,79705.50,41.640000,252,6.193000,35.447000,79717.86,107497.50,0.00000044,0.000000,0.000000,0
2026-09-05 07:50:00,79705.50,79705.50,79685.60,79685.60,29.307000,256,4.571000,24.736000,79697.43,107490.54,0.00000024,0.000000,0.000000,0
2026-09-05 07:51:00,79685.70,79685.70,79685.60,79685.70,8.557000,153,1.973000,6.584000,79685.62,107489.75,-0.00000016,0.000000,0.000000,0
2026-09-05 07:52:00,79685.60,79701.20,79685.60,79701.20,66.007000,245,29.560000,36.447000,79697.32,107492.24,-0.00000016,0.000000,0.000000,0
2026-09-05 07:53:00,79701.10,79701.20,79701.10,79701.10,8.234000,119,6.203000,2.031000,79701.18,107494.57,-0.00000023,0.000000,0.000000,0
2026-09-05 07:54:00,79701.20,79701.20,79686.00,79686.00,20.188000,252,5.283000,14.905000,79690.78,107492.86,-0.00000025,0.000000,0.000000,0
2026-09-05 07:55:00,79686.10,79686.10,79686.00,79686.10,11.980000,167,8.000000,3.980000,79686.07,107489.79,-0.00000025,0.000000,0.000000,0
2026-09-05 07:56:00,79686.00,79686.10,79686.00,79686.00,12.335000,139,5.987000,6.348000,79686.05,107486.55,-0.00000054,0.000000,0.000000,0
2026-09-05 07:57:00,79686.10,79686.10,79686.00,79686.10,8.096000,125,6.230000,1.866000,79686.08,107485.34,-0.00000097,0.002000,0.000000,0
2026-09-05 07:58:00,79686.00,79686.10,79656.30,79656.40,51.077000,368,3.738000,47.339000,79673.07,107464.72,-0.00000139,0.000000,0.000000,0
2026-09-05 07:59:00,79656.40,79673.00,79652.60,79672.90,76.755000,262,68.719000,8.036000,79661.17,107463.79,-0.00000139,0.000000,0.000000,0
2026-09-05 08:00:00,79673.00,79673.10,79672.90,79673.00,11.052000,112,6.458000,4.594000,79673.00,107481.09,-0.00000182,0.000000,0.000000,0
2026-09-05 08:01:00,79673.00,79673.10,79644.80,79653.30,46.632000,431,19.067000,27.565000,79655.47,107472.89,-0.00000150,0.000000,0.000000,0
2026-09-05 08:02:00,79653.20,79663.90,79641.10,79641.20,35.715000,370,6.205000,29.510000,79654.75,107467.84,-0.00000150,0.000000,0.000000,0
2026-09-05 08:03:00,79641.20,79641.20,79641.10,79641.10,9.907000,166,2.298000,7.609000,79641.12,107467.18,-0.00000147,0.000000,0.000000,0
2026-09-05 08:04:00,79641.20,79641.20,79638.20,79638.20,16.079000,188,7.016000,9.063000,79640.04,107468.40,-0.00000158,0.000000,0.000000,0
2026-09-05 08:05:00,79638.20,79638.30,79600.60,79605.10,68.758000,514,18.486000,50.272000,79618.58,107465.01,-0.00000186,0.000000,0.000000,0
2026-09-05 08:06:00,79605.10,79612.60,79593.40,79603.90,50.258000,403,19.356000,30.902000,79603.07,107454.22,-0.00000186,0.000000,0.000000,0
2026-09-05 08:07:00,79603.90,79612.00,79591.50,79612.00,30.035000,378,17.364000,12.671000,79601.15,107438.95,-0.00000236,0.000000,0.000000,0
2026-09-05 08:08:00,79612.00,79612.00,79611.90,79612.00,5.787000,107,4.018000,1.769000,79611.97,107441.09,-0.00000261,0.000000,0.000000,0
2026-09-05 08:09:00,79612.00,79619.90,79611.90,79619.90,12.405000,181,11.293000,1.112000,79614.46,107446.55,-0.00000261,0.000000,0.000000,0
2026-09-05 08:10:00,79619.90,79619.90,79610.10,79610.10,10.720000,172,1.644000,9.076000,79618.70,107447.90,-0.00000250,0.000000,0.000000,0
2026-09-05 08:11:00,79610.20,79621.60,79610.10,79621.50,40.758000,213,32.898000,7.860000,79616.44,107463.44,-0.00000227,0.000000,0.000000,0
2026-09-05 08:12:00,79621.60,79665.80,79621.50,79655.00,56.493000,500,32.886000,23.607000,79644.42,107474.93,-0.00000204,0.000000,0.000000,0
2026-09-05 08:13:00,79654.90,79655.00,79654.90,79654.90,9.599000,148,6.201000,3.398000,79654.96,107473.94,-0.00000204,0.000000,0.000000,0
2026-09-05 08:14:00,79654.90,79655.00,79631.10,79631.10,17.749000,275,5.345000,12.404000,79647.32,107473.28,-0.00000181,0.000000,0.000000,0
2026-09-05 08:15:00,79631.10,79631.20,79616.60,79616.70,11.109000,180,1.775000,9.334000,79621.72,107471.47,-0.00000166,0.000000,0.000000,0
2026-09-05 08:16:00,79616.60,79627.20,79616.60,79627.20,18.265000,145,16.765000,1.500000,79617.45,107471.22,-0.00000166,0.000000,0.000000,0
2026-09-05 08:17:00,79627.20,79641.00,79627.10,79641.00,24.867000,183,24.287000,0.580000,79634.70,107475.04,-0.00000240,0.000000,0.000000,0
2026-09-05 08:18:00,79640.90,79661.10,79640.90,79661.10,15.845000,208,15.342000,0.503000,79650.41,107478.16,-0.00000255,0.000000,0.000000,0
2026-09-05 08:19:00,79661.00,79684.70,79661.00,79684.70,22.555000,246,13.743000,8.812000,79674.21,107482.49,-0.00000257,0.000000,0.000000,0
2026-09-05 08:20:00,79684.70,79684.70,79621.30,79621.30,84.462000,641,7.286000,77.176000,79652.33,107470.00,-0.00000257,0.000000,0.000000,0
2026-09-05 08:21:00,79621.40,79621.40,79621.30,79621.30,12.960000,91,7.443000,5.517000,79621.36,107470.16,-0.00000249,0.000000,0.000000,0
2026-09-05 08:22:00,79621.40,79625.40,79621.30,79625.40,12.007000,125,8.110000,3.897000,79621.81,107468.88,-0.00000325,0.000000,0.000000,0
2026-09-05 08:23:00,79625.40,79627.60,79607.20,79626.50,53.847000,389,28.106000,25.741000,79616.91,107466.74,-0.00000325,0.000000,0.000000,0
2026-09-05 08:24:00,79626.50,79639.30,79616.20,79616.30,20.410000,290,7.347000,13.063000,79627.73,107470.16,-0.00000341,0.000000,0.000000,0
2026-09-05 08:25:00,79616.20,79616.20,79604.70,79604.80,15.797000,194,4.466000,11.331000,79607.14,107467.86,-0.00000328,0.000000,0.000000,0
2026-09-05 08:26:00,79604.80,79604.80,79568.00,79568.00,33.128000,480,4.579000,28.549000,79581.50,107460.78,-0.00000391,0.000000,0.000000,0
2026-09-05 08:27:00,79568.00,79568.20,79568.00,79568.20,21.488000,157,10.317000,11.171000,79568.08,107463.69,-0.00000391,0.000000,0.000000,0
2026-09-05 08:28:00,79568.10,79613.40,79567.90,79608.80,54.379000,483,37.701000,16.678000,79587.27,107471.35,-0.00000434,0.000000,0.000000,0
2026-09-05 08:29:00,79608.80,79608.90,79603.50,79603.60,12.591000,146,3.879000,8.712000,79606.55,107466.88,-0.00000422,0.000000,0.000000,0
2026-09-05 08:30:00,79603.60,79603.60,79599.50,79603.50,6.890000,134,4.565000,2.325000,79601.44,107466.03,-0.00000422,0.000000,0.000000,0
2026-09-05 08:31:00,79603.50,79603.50,79584.90,79584.90,14.055000,239,7.559000,6.496000,79589.37,107464.96,-0.00000439,0.000000,0.000000,0
2026-09-05 08:32:00,79584.90,79585.00,79584.90,79585.00,8.820000,118,7.878000,0.942000,79584.99,107462.09,-0.00000455,0.000000,0.000000,0
2026-09-05 08:33:00,79585.00,79585.00,79542.30,79558.90,59.860000,583,18.474000,41.386000,79562.67,107465.58,-0.00000485,0.000000,0.000000,0
2026-09-05 08:34:00,79558.90,79566.20,79558.80,79558.90,33.707000,273,23.357000,10.350000,79563.28,107478.80,-0.00000485,0.000000,0.000000,0
2026-09-05 08:35:00,79558.90,79558.90,79520.00,79529.40,64.889000,650,15.336000,49.553000,79538.42,107487.05,-0.00000486,0.000000,1.254000,0
2026-09-05 08:36:00,79529.40,79538.60,79529.40,79538.40,17.650000,257,14.833000,2.817000,79532.12,107487.46,-0.00000469,0.000000,0.000000,0
2026-09-05 08:37:00,79538.50,79562.60,79538.40,79562.60,13.883000,347,11.968000,1.915000,79549.26,107485.75,-0.00000469,0.000000,0.000000,0
2026-09-05 08:38:00,79562.50,79566.20,79562.50,79566.20,11.154000,168,7.061000,4.093000,79563.07,107483.88,-0.00000496,0.005000,0.100000,0
2026-09-05 08:39:00,79566.20,79581.80,79566.10,79581.80,20.624000,230,19.335000,1.289000,79575.28,107478.92,-0.00000484,0.000000,0.000000,0
2026-09-05 08:40:00,79581.80,79600.00,79573.80,79573.80,28.711000,361,11.105000,17.606000,79591.14,107479.68,-0.00000470,0.000000,0.000000,0
2026-09-05 08:41:00,79573.80,79573.90,79573.80,79573.80,6.683000,117,4.024000,2.659000,79573.86,107478.08,-0.00000470,0.000000,0.000000,0
2026-09-05 08:42:00,79573.80,79573.90,79573.80,79573.90,6.263000,105,4.234000,2.029000,79573.87,107475.24,-0.00000475,0.000000,0.000000,0
2026-09-05 08:43:00,79573.80,79578.20,79573.80,79578.20,12.469000,114,8.783000,3.686000,79577.48,107475.36,-0.00000486,0.000000,0.000000,0
2026-09-05 08:44:00,79578.20,79581.80,79578.10,79581.80,16.715000,225,13.999000,2.716000,79579.23,107475.79,-0.00000486,0.000000,0.000000,0
2026-09-05 08:45:00,79581.80,79581.80,79581.70,79581.80,11.347000,115,9.306000,2.041000,79581.78,107471.64,-0.00000479,0.000000,0.000000,0
2026-09-05 08:46:00,79581.70,79581.80,79581.70,79581.80,8.600000,112,6.610000,1.990000,79581.78,107468.52,-0.00000449,0.000000,0.020000,0
2026-09-05 08:47:00,79581.80,79581.80,79575.20,79580.30,22.188000,180,13.292000,8.896000,79578.75,107463.11,-0.00000411,0.593000,0.000000,0
2026-09-05 08:48:00,79580.40,79580.40,79579.70,79579.80,17.172000,194,10.374000,6.798000,79579.92,107459.24,-0.00000411,0.000000,0.000000,0
2026-09-05 08:49:00,79579.80,79579.80,79574.00,79574.10,12.641000,194,7.524000,5.117000,79579.01,107457.16,-0.00000400,0.000000,0.000000,0
2026-09-05 08:50:00,79574.00,79574.10,79561.60,79561.60,18.545000,208,6.938000,11.607000,79565.94,107457.46,-0.00000384,0.000000,0.000000,0
2026-09-05 08:51:00,79561.70,79577.70,79561.60,79577.70,14.678000,245,12.886000,1.792000,79568.16,107453.66,-0.00000395,0.000000,0.000000,0
2026-09-05 08:52:00,79577.60,79577.70,79571.70,79575.00,14.581000,174,10.917000,3.664000,79574.44,107449.83,-0.00000395,0.000000,0.000000,0
2026-09-05 08:53:00,79574.90,79587.00,79574.90,79587.00,30.865000,295,29.406000,1.459000,79580.01,107460.53,-0.00000364,0.001000,0.000000,0
2026-09-05 08:54:00,79587.00,79591.80,79587.00,79591.80,11.450000,217,10.999000,0.451000,79590.37,107460.53,-0.00000336,0.000000,0.000000,0
2026-09-05 08:55:00,79591.80,79593.00,79591.60,79591.70,12.465000,203,8.780000,3.685000,79592.44,107457.48,-0.00000336,0.000000,0.000000,0
2026-09-05 08:56:00,79591.70,79593.70,79591.60,79593.70,9.978000,252,9.440000,0.538000,79592.28,107453.27,-0.00000278,0.000000,0.000000,0
2026-09-05 08:57:00,79593.70,79595.00,79591.60,79591.70,25.936000,204,10.683000,15.253000,79594.41,107450.41,-0.00000216,0.000000,0.000000,0
2026-09-05 08:58:00,79591.60,79605.00,79591.60,79605.00,15.668000,202,15.376000,0.292000,79599.16,107440.77,-0.00000159,0.000000,0.000000,0
2026-09-05 08:59:00,79605.00,79632.60,79605.00,79614.10,28.482000,495,21.413000,7.069000,79621.66,107438.85,-0.00000159,0.000000,0.000000,0
2026-09-05 09:00:00,79614.20,79620.60,79612.30,79617.50,27.621000,232,23.741000,3.880000,79614.08,107430.46,-0.00000106,0.000000,0.000000,0
2026-09-05 09:01:00,79617.50,79632.90,79613.60,79632.90,65.673000,367,60.994000,4.679000,79621.44,107436.66,-0.00000049,0.000000,0.000000,0
2026-09-05 09:02:00,79632.80,79650.00,79632.80,79649.90,19.572000,293,16.818000,2.754000,79644.02,107464.30,-0.00000049,0.000000,0.000000,0
2026-09-05 09:03:00,79650.00,79661.50,79650.00,79656.90,39.590000,367,23.717000,15.873000,79656.97,107460.96,0.00000000,0.005000,0.000000,0
2026-09-05 09:04:00,79656.80,79714.50,79656.80,79668.20,166.340000,810,141.844000,24.496000,79685.64,107453.10,0.00000083,0.000000,0.000000,0
2026-09-05 09:05:00,79668.30,79668.30,79658.90,79658.90,22.639000,289,9.703000,12.936000,79663.86,107395.93,0.00000142,0.065000,0.000000,0
2026-09-05 09:06:00,79658.90,79662.80,79658.90,79662.80,39.757000,166,26.594000,13.163000,79660.65,107396.72,0.00000142,0.000000,0.000000,0
2026-09-05 09:07:00,79662.70,79677.80,79662.70,79677.80,10.977000,212,8.300000,2.677000,79667.97,107404.86,0.00000131,0.000000,0.000000,0
2026-09-05 09:08:00,79677.80,79677.80,79662.70,79662.80,14.773000,240,7.247000,7.526000,79666.22,107403.43,0.00000148,0.000000,0.000000,0
2026-09-05 09:09:00,79662.80,79662.80,79662.70,79662.80,9.856000,136,7.318000,2.538000,79662.77,107403.80,0.00000148,0.000000,0.000000,0
2026-09-05 09:10:00,79662.80,79668.80,79662.70,79666.20,28.057000,177,14.456000,13.601000,79666.43,107404.86,0.00000171,0.000000,0.000000,0
2026-09-05 09:11:00,79666.20,79678.00,79666.20,79678.00,18.745000,212,11.870000,6.875000,79671.40,107413.52,0.00000186,0.000000,0.000000,0
2026-09-05 09:12:00,79677.90,79678.00,79675.10,79675.10,14.097000,162,9.024000,5.073000,79676.08,107417.16,0.00000224,0.000000,0.000000,0
2026-09-05 09:13:00,79675.10,79691.80,79675.10,79687.60,32.148000,273,25.846000,6.302000,79684.34,107417.94,0.00000224,0.000000,0.000000,0
2026-09-05 09:14:00,79687.50,79698.10,79687.50,79688.50,30.039000,267,16.612000,13.427000,79694.24,107420.83,0.00000250,0.000000,0.000000,0
2026-09-05 09:15:00,79688.50,79688.60,79688.50,79688.60,11.024000,174,8.345000,2.679000,79688.58,107427.81,0.00000294,0.000000,0.000000,0
2026-09-05 09:16:00,79688.60,79688.60,79660.00,79660.10,18.646000,279,3.350000,15.296000,79672.75,107430.05,0.00000294,0.000000,0.000000,0
2026-09-05 09:17:00,79660.00,79669.90,79660.00,79669.80,15.696000,179,13.904000,1.792000,79662.07,107426.79,0.00000318,0.000000,0.000000,0
2026-09-05 09:18:00,79669.80,79669.90,79662.60,79662.70,23.863000,209,3.755000,20.108000,79666.56,107424.44,0.00000304,0.000000,0.000000,0
2026-09-05 09:19:00,79662.60,79662.70,79662.60,79662.70,11.277000,168,3.823000,7.454000,79662.63,107427.80,0.00000317,0.000000,0.000000,0
2026-09-05 09:20:00,79662.60,79662.70,79662.60,79662.60,16.710000,175,8.890000,7.820000,79662.65,107425.88,0.00000317,0.000000,0.000000,0
2026-09-05 09:21:00,79662.60,79675.50,79662.60,79666.20,26.671000,284,15.696000,10.975000,79670.20,107422.16,0.00000325,0.000000,0.000000,0
2026-09-05 09:22:00,79666.20,79677.10,79666.20,79677.10,28.330000,262,24.971000,3.359000,79668.79,107432.67,0.00000348,0.000000,0.029000,0
2026-09-05 09:23:00,79677.00,79688.30,79660.20,79660.20,58.328000,447,22.289000,36.039000,79676.79,107425.23,0.00000348,0.000000,0.000000,0
2026-09-05 09:24:00,79660.20,79665.40,79660.20,79665.30,14.440000,141,11.385000,3.055000,79661.15,107400.70,0.00000369,0.000000,0.000000,0
2026-09-05 09:25:00,79665.40,79665.40,79662.10,79662.20,8.528000,109,3.587000,4.941000,79663.36,107397.84,0.00000385,0.007000,0.000000,0
2026-09-05 09:26:00,79662.30,79662.30,79662.20,79662.30,8.195000,113,4.193000,4.002000,79662.25,107395.87,0.00000399,0.000000,0.000000,0
2026-09-05 09:27:00,79662.30,79662.30,79662.20,79662.20,7.827000,125,5.634000,2.193000,79662.27,107392.32,0.00000399,0.000000,0.000000,0
2026-09-05 09:28:00,79662.20,79662.30,79662.20,79662.30,11.457000,103,4.089000,7.368000,79662.24,107393.11,0.00000396,0.001000,0.298000,0
2026-09-05 09:29:00,79662.30,79662.30,79662.20,79662.30,7.163000,107,3.288000,3.875000,79662.25,107389.00,0.00000393,0.000000,0.000000,0
2026-09-05 09:30:00,79662.30,79662.30,79662.20,79662.30,9.082000,98,7.058000,2.024000,79662.28,107387.70,0.00000393,0.000000,0.000000,0
2026-09-05 09:31:00,79662.30,79662.30,79662.20,79662.20,15.134000,120,8.468000,6.666000,79662.26,107388.30,0.00000390,0.000000,0.000000,0
2026-09-05 09:32:00,79662.30,79662.30,79662.20,79662.30,7.256000,130,3.353000,3.903000,79662.25,107384.51,0.00000388,0.000000,0.000000,0
2026-09-05 09:33:00,79662.20,79662.30,79662.20,79662.30,8.785000,115,3.208000,5.577000,79662.24,107382.89,0.00000386,0.025000,0.000000,0
2026-09-05 09:34:00,79662.30,79662.40,79662.20,79662.30,17.737000,94,14.878000,2.859000,79662.29,107382.74,0.00000386,0.000000,0.000000,0
2026-09-05 09:35:00,79662.40,79670.00,79662.40,79666.00,17.325000,180,10.040000,7.285000,79667.94,107387.44,0.00000394,0.040000,0.000000,0
2026-09-05 09:36:00,79665.90,79666.00,79665.90,79666.00,10.277000,103,5.662000,4.615000,79665.96,107388.48,0.00000443,0.007000,0.000000,0
2026-09-05 09:37:00,79666.00,79678.70,79663.60,79663.60,18.233000,279,10.572000,7.661000,79673.41,107385.61,0.00000443,0.000000,0.000000,0
2026-09-05 09:38:00,79663.70,79663.70,79663.60,79663.60,5.373000,126,3.008000,2.365000,79663.66,107387.26,0.00000492,0.000000,0.000000,0
2026-09-05 09:39:00,79663.70,79663.70,79663.60,79663.70,4.393000,108,2.927000,1.466000,79663.67,107385.39,0.00000541,0.000000,0.000000,0
2026-09-05 09:40:00,79663.70,79663.70,79655.30,79655.40,19.595000,188,6.713000,12.882000,79658.97,107385.71,0.00000592,0.000000,0.000000,0
2026-09-05 09:41:00,79655.30,79655.40,79622.30,79627.60,49.902000,440,11.049000,38.853000,79630.01,107363.80,0.00000592,0.000000,0.000000,0
2026-09-05 09:42:00,79627.60,79635.30,79627.50,79635.00,29.376000,192,13.372000,16.004000,79633.86,107359.09,0.00000620,0.000000,0.000000,0
2026-09-05 09:43:00,79635.00,79638.90,79634.90,79638.80,7.222000,130,5.359000,1.863000,79636.50,107356.08,0.00000627,0.005000,0.000000,0
2026-09-05 09:44:00,79638.90,79640.50,79638.80,79640.40,12.656000,101,6.383000,6.273000,79640.21,107354.71,0.00000627,0.000000,0.000000,0
2026-09-05 09:45:00,79640.50,79655.60,79640.40,79655.60,26.753000,218,20.722000,6.031000,79643.37,107355.40,0.00000653,0.000000,0.000000,0
2026-09-05 09:46:00,79655.50,79655.50,79617.30,79620.90,31.974000,393,10.845000,21.129000,79630.01,107354.63,0.00000699,0.000000,0.000000,0
2026-09-05 09:47:00,79620.80,79620.90,79620.80,79620.90,10.408000,125,4.295000,6.113000,79620.84,107349.80,0.00000705,0.000000,0.000000,0
2026-09-05 09:48:00,79620.90,79620.90,79620.80,79620.90,15.504000,95,6.686000,8.818000,79620.84,107344.52,0.00000705,0.000000,0.000000,0
2026-09-05 09:49:00,79620.80,79620.90,79603.00,79605.00,31.325000,284,8.598000,22.727000,79608.11,107338.11,0.00000712,0.000000,0.000000,0
2026-09-05 09:50:00,79604.90,79620.30,79604.90,79620.20,27.294000,247,21.858000,5.436000,79614.29,107327.22,0.00000708,0.000000,0.000000,0
2026-09-05 09:51:00,79620.30,79620.30,79620.20,79620.30,18.837000,123,10.167000,8.670000,79620.25,107329.85,0.00000708,0.000000,0.000000,0
2026-09-05 09:52:00,79620.30,79621.80,79620.20,79621.70,15.444000,106,10.922000,4.522000,79620.54,107329.71,0.00000737,0.000000,0.000000,0
2026-09-05 09:53:00,79621.70,79631.10,79620.20,79620.30,43.707000,234,31.156000,12.551000,79626.06,107331.12,0.00000803,0.000000,0.000000,0
2026-09-05 09:54:00,79620.20,79620.30,79612.60,79612.70,16.799000,165,3.486000,13.313000,79614.58,107306.16,0.00000860,0.000000,0.000000,0
2026-09-05 09:55:00,79612.70,79612.70,79612.00,79612.00,10.393000,85,3.237000,7.156000,79612.62,107302.91,0.00000860,0.000000,0.000000,0
2026-09-05 09:56:00,79612.00,79612.10,79612.00,79612.00,9.370000,119,3.103000,6.267000,79612.03,107301.43,0.00000857,0.000000,0.000000,0
2026-09-05 09:57:00,79612.10,79615.80,79594.00,79594.00,42.219000,280,7.657000,34.562000,79606.37,107299.38,0.00000861,0.000000,0.000000,0
2026-09-05 09:58:00,79594.10,79594.10,79570.80,79591.80,53.017000,418,18.321000,34.696000,79581.65,107304.04,0.00000861,0.000000,0.000000,0
2026-09-05 09:59:00,79591.70,79594.00,79591.70,79594.00,9.207000,100,7.642000,1.565000,79591.82,107300.09,0.00000868,0.000000,0.000000,0
2026-09-05 10:00:00,79594.10,79594.70,79594.00,79594.70,13.043000,115,8.451000,4.592000,79594.26,107300.58,0.00000863,0.000000,0.000000,0
2026-09-05 10:01:00,79594.60,79600.00,79594.60,79600.00,13.758000,176,7.165000,6.593000,79597.01,107297.39,0.00000861,0.000000,0.000000,0
2026-09-05 10:02:00,79599.90,79600.00,79599.90,79599.90,6.248000,120,5.680000,0.568000,79599.99,107297.29,0.00000861,0.000000,0.000000,0
2026-09-05 10:03:00,79600.00,79606.80,79599.90,79606.80,11.925000,167,10.479000,1.446000,79603.22,107296.20,0.00000860,0.507000,0.000000,0
2026-09-05 10:04:00,79606.70,79607.10,79606.70,79607.00,9.757000,143,8.662000,1.095000,79606.92,107295.35,0.00000866,0.000000,0.000000,0
2026-09-05 10:05:00,79607.10,79607.20,79607.00,79607.10,12.298000,132,10.648000,1.650000,79607.09,107296.01,0.00000866,0.000000,0.000000,0
2026-09-05 10:06:00,79607.20,79607.20,79595.20,79597.70,32.831000,242,13.272000,19.559000,79600.82,107300.89,0.00000907,0.000000,0.047000,0
2026-09-05 10:07:00,79597.80,79597.80,79597.70,79597.70,6.615000,151,3.324000,3.291000,79597.75,107305.96,0.00000947,0.000000,0.000000,0
2026-09-05 10:08:00,79597.80,79597.80,79597.70,79597.80,6.357000,136,4.737000,1.620000,79597.77,107303.70,0.00000960,0.000000,0.000000,0
2026-09-05 10:09:00,79597.80,79597.80,79597.70,79597.70,6.217000,127,4.881000,1.336000,79597.78,107302.84,0.00000960,0.000000,0.000000,0
2026-09-05 10:10:00,79597.70,79597.80,79596.60,79596.60,12.454000,126,2.889000,9.565000,79597.45,107298.29,0.00000978,0.000000,0.000000,0
2026-09-05 10:11:00,79596.70,79598.90,79596.60,79598.80,16.212000,141,12.130000,4.082000,79597.36,107296.67,0.00001016,0.000000,0.000000,0
2026-09-05 10:12:00,79598.90,79598.90,79593.20,79593.30,17.141000,149,4.208000,12.933000,79596.27,107297.01,0.00001016,0.000000,0.000000,0
2026-09-05 10:13:00,79593.30,79593.30,79581.60,79581.60,19.123000,243,5.203000,13.920000,79588.13,107293.33,0.00001057,0.000000,0.000000,0
2026-09-05 10:14:00,79581.70,79581.70,79581.60,79581.70,7.672000,145,3.355000,4.317000,79581.64,107287.38,0.00001087,0.000000,0.000000,0
2026-09-05 10:15:00,79581.60,79585.30,79581.60,79585.30,10.920000,141,6.737000,4.183000,79583.91,107285.47,0.00001081,0.000000,0.000000,0
2026-09-05 10:16:00,79585.20,79591.50,79585.20,79591.50,18.295000,122,17.536000,0.759000,79586.52,107281.88,0.00001081,0.002000,0.003000,0
2026-09-05 10:17:00,79591.50,79591.50,79591.40,79591.50,10.417000,115,6.003000,4.414000,79591.46,107281.11,0.00001090,0.000000,0.000000,0
2026-09-05 10:18:00,79591.40,79591.60,79591.40,79591.60,7.776000,101,7.592000,0.184000,79591.52,107275.79,0.00001130,0.000000,0.000000,0
2026-09-05 10:19:00,79591.60,79591.60,79591.50,79591.60,19.690000,114,5.660000,14.030000,79591.53,107269.36,0.00001130,0.001000,0.000000,0
2026-09-05 10:20:00,79591.60,79597.30,79591.50,79597.30,11.741000,149,7.995000,3.746000,79594.62,107261.82,0.00001179,0.000000,0.000000,0
2026-09-05 10:21:00,79597.20,79597.30,79585.50,79585.60,20.761000,189,6.568000,14.193000,79593.66,107261.58,0.00001230,0.000000,0.000000,0
2026-09-05 10:22:00,79585.50,79585.60,79575.80,79583.30,28.525000,233,12.845000,15.680000,79579.85,107259.93,0.00001296,0.000000,0.013000,0
2026-09-05 10:23:00,79583.40,79583.40,79576.20,79576.20,20.200000,158,5.660000,14.540000,79581.44,107262.41,0.00001296,0.000000,0.000000,0
2026-09-05 10:24:00,79576.20,79620.20,79576.20,79612.70,80.954000,509,58.483000,22.471000,79595.64,107260.98,0.00001311,0.000000,0.000000,0
2026-09-05 10:25:00,79612.60,79612.70,79612.60,79612.70,5.828000,125,4.722000,1.106000,79612.68,107261.34,0.00001322,0.000000,0.000000,0
2026-09-05 10:26:00,79612.70,79626.60,79610.00,79626.60,21.732000,242,16.910000,4.822000,79614.94,107259.24,0.00001322,0.000000,0.003000,0
2026-09-05 10:27:00,79626.60,79630.20,79626.50,79630.10,6.594000,131,6.102000,0.492000,79629.03,107256.47,0.00001383,0.000000,0.000000,0
2026-09-05 10:28:00,79630.20,79630.20,79562.80,79563.90,139.659000,665,11.850000,127.809000,79590.78,107273.49,0.00001450,0.000000,0.000000,0
2026-09-05 10:29:00,79563.80,79600.60,79563.80,79599.90,93.823000,468,72.739000,21.084000,79589.98,107301.71,0.00001478,0.000000,0.002000,0
2026-09-05 10:30:00,79599.90,79599.90,79564.50,79581.80,86.305000,492,27.959000,58.346000,79578.14,107257.11,0.00001478,0.000000,0.000000,0
2026-09-05 10:31:00,79581.80,79610.60,79581.80,79610.60,35.397000,290,32.316000,3.081000,79593.64,107271.40,0.00001482,0.000000,0.000000,0
2026-09-05 10:32:00,79610.60,79640.00,79610.50,79613.20,91.998000,498,76.695000,15.303000,79622.86,107268.82,0.00001480,0.000000,0.000000,0
2026-09-05 10:33:00,79613.30,79626.00,79613.20,79613.30,25.015000,249,19.140000,5.875000,79620.45,107260.20,0.00001480,0.000000,0.000000,0
2026-09-05 10:34:00,79613.30,79613.30,79612.40,79612.40,9.584000,96,7.247000,2.337000,79612.64,107272.07,0.00001574,0.000000,0.000000,0
2026-09-05 10:35:00,79612.50,79616.50,79612.40,79616.40,13.179000,107,9.643000,3.536000,79613.42,107271.37,0.00001631,0.000000,0.000000,0
2026-09-05 10:36:00,79616.50,79621.90,79570.00,79570.10,41.761000,498,6.832000,34.929000,79604.47,107271.96,0.00001691,0.000000,0.000000,0
2026-09-05 10:37:00,79570.00,79580.50,79570.00,79580.40,18.680000,173,12.748000,5.932000,79572.09,107267.62,0.00001691,0.000000,0.000000,0
2026-09-05 10:38:00,79580.50,79580.50,79580.40,79580.50,3.203000,84,0.742000,2.461000,79580.42,107264.88,0.00001728,0.000000,0.000000,0
2026-09-05 10:39:00,79580.50,79584.50,79580.40,79584.40,8.325000,113,3.864000,4.461000,79583.61,107263.66,0.00001752,0.000000,0.000000,0
2026-09-05 10:40:00,79584.40,79590.20,79584.40,79584.50,14.363000,190,5.767000,8.596000,79586.99,107255.65,0.00001752,0.000000,0.000000,0
2026-09-05 10:41:00,79584.50,79603.70,79584.40,79598.00,21.149000,213,12.599000,8.550000,79595.35,107249.31,0.00001770,0.000000,0.000000,0
2026-09-05 10:42:00,79598.10,79605.60,79598.00,79599.70,12.915000,185,5.929000,6.986000,79601.07,107242.40,0.00001803,0.000000,0.000000,0
2026-09-05 10:43:00,79599.60,79599.70,79559.20,79568.10,139.204000,699,41.884000,97.320000,79574.36,107254.40,0.00001856,0.000000,0.000000,0
2026-09-05 10:44:00,79568.20,79573.80,79551.90,79562.90,56.497000,361,5.778000,50.719000,79563.54,107290.12,0.00001856,0.000000,0.000000,0
2026-09-05 10:45:00,79563.00,79570.70,79562.90,79569.20,19.644000,230,1.633000,18.011000,79567.49,107310.85,0.00001871,0.000000,0.000000,0
2026-09-05 10:46:00,79569.10,79569.10,79560.00,79560.10,10.595000,182,1.344000,9.251000,79562.53,107308.05,0.00001862,0.000000,0.000000,0
2026-09-05 10:47:00,79560.00,79560.10,79560.00,79560.00,7.886000,149,1.399000,6.487000,79560.02,107309.98,0.00001862,0.000000,0.000000,0
2026-09-05 10:48:00,79560.10,79573.00,79560.00,79572.90,16.173000,206,12.563000,3.610000,79565.36,107312.02,0.00001837,0.000000,0.000000,0
2026-09-05 10:49:00,79572.90,79573.00,79553.30,79553.30,28.559000,252,1.661000,26.898000,79562.20,107316.50,0.00001817,0.000000,0.000000,0
2026-09-05 10:50:00,79553.30,79553.40,79553.30,79553.40,5.056000,204,3.169000,1.887000,79553.36,107318.69,0.00001832,0.000000,0.000000,0
2026-09-05 10:51:00,79553.30,79553.40,79553.30,79553.30,8.215000,188,2.280000,5.935000,79553.33,107317.42,0.00001832,0.000000,0.000000,0
2026-09-05 10:52:00,79553.30,79573.10,79553.30,79573.10,18.190000,267,13.792000,4.398000,79558.80,107313.07,0.00001794,0.000000,0.000000,0
2026-09-05 10:53:00,79573.10,79576.00,79573.00,79576.00,7.093000,125,6.496000,0.597000,79575.60,107318.79,0.00001760,0.000000,0.000000,0
2026-09-05 10:54:00,79576.00,79587.40,79575.90,79587.40,18.901000,157,18.243000,0.658000,79580.68,107317.08,0.00001760,0.000000,0.000000,0
2026-09-05 10:55:00,79587.30,79589.50,79587.30,79589.50,14.700000,93,2.810000,11.890000,79589.36,107316.97,0.00001753,0.000000,0.000000,0
2026-09-05 10:56:00,79589.50,79593.60,79589.40,79593.60,24.514000,112,21.270000,3.244000,79590.83,107303.50,0.00001777,0.000000,0.000000,0
2026-09-05 10:57:00,79593.60,79607.60,79593.50,79607.60,46.478000,188,44.666000,1.812000,79598.34,107296.15,0.00001825,0.000000,0.000000,0
2026-09-05 10:58:00,79607.60,79615.30,79601.70,79601.70,46.833000,239,26.510000,20.323000,79611.71,107283.04,0.00001825,0.000000,0.000000,0
2026-09-05 10:59:00,79601.80,79620.80,79601.70,79620.80,64.072000,231,55.468000,8.604000,79613.25,107282.01,0.00001887,0.000000,0.000000,0
2026-09-05 11:00:00,79620.80,79626.20,79581.20,79581.20,75.303000,471,39.726000,35.577000,79614.56,107265.06,0.00001914,0.000000,0.000000,0
2026-09-05 11:01:00,79581.30,79585.30,79581.20,79585.30,9.187000,121,6.502000,2.685000,79582.79,107258.09,0.00001914,0.000000,0.000000,0
2026-09-05 11:02:00,79585.30,79597.80,79585.20,79597.80,4.425000,165,4.140000,0.285000,79587.98,107257.36,0.00001953,0.000000,0.000000,0
2026-09-05 11:03:00,79597.70,79597.80,79597.70,79597.80,2.136000,100,1.550000,0.586000,79597.77,107255.46,0.00001984,0.000000,0.000000,0
2026-09-05 11:04:00,79597.80,79597.80,79597.70,79597.80,1.197000,95,0.821000,0.376000,79597.77,107256.23,0.00002025,0.000000,0.000000,0
2026-09-05 11:05:00,79597.80,79635.60,79597.70,79635.60,28.978000,387,23.602000,5.376000,79619.53,107256.42,0.00002025,0.000000,0.000000,0
2026-09-05 11:06:00,79635.50,79635.60,79609.90,79609.90,33.189000,252,13.631000,19.558000,79624.95,107263.63,0.00002064,0.000000,0.000000,0
2026-09-05 11:07:00,79610.00,79639.20,79609.90,79639.20,58.608000,338,56.470000,2.138000,79622.17,107275.28,0.00002108,0.000000,0.000000,0
2026-09-05 11:08:00,79639.20,79639.20,79639.10,79639.20,5.270000,112,3.230000,2.040000,79639.16,107280.51,0.00002108,0.000000,0.000000,0
2026-09-05 11:09:00,79639.20,79639.20,79630.30,79630.40,15.412000,174,1.640000,13.772000,79637.47,107279.84,0.00002145,0.000000,0.000000,0
2026-09-05 11:10:00,79630.40,79630.40,79609.90,79619.90,25.839000,290,7.274000,18.565000,79623.53,107280.54,0.00002197,0.000000,0.000000,0
2026-09-05 11:11:00,79619.90,79627.30,79604.00,79627.30,37.851000,382,20.325000,17.526000,79614.95,107299.14,0.00002227,0.000000,0.000000,0
2026-09-05 11:12:00,79627.20,79635.50,79627.20,79635.50,16.308000,166,13.952000,2.356000,79632.71,107298.27,0.00002227,0.000000,0.000000,0
2026-09-05 11:13:00,79635.40,79638.90,79635.40,79638.90,9.392000,137,4.723000,4.669000,79636.64,107298.31,0.00002260,0.000000,0.000000,0
2026-09-05 11:14:00,79638.90,79638.90,79590.00,79593.60,48.268000,457,13.192000,35.076000,79605.95,107297.41,0.00002298,0.000000,0.000000,0
2026-09-05 11:15:00,79593.60,79622.50,79593.60,79617.70,85.458000,544,58.604000,26.854000,79609.13,107301.12,0.00002298,0.000000,0.000000,0
2026-09-05 11:16:00,79617.60,79617.70,79589.30,79593.40,19.979000,334,2.130000,17.849000,79603.56,107281.92,0.00002304,0.000000,0.000000,0
2026-09-05 11:17:00,79593.40,79593.40,79593.30,79593.30,2.954000,86,0.750000,2.204000,79593.33,107281.54,0.00002313,0.000000,0.000000,0
2026-09-05 11:18:00,79593.30,79593.40,79586.40,79586.50,4.589000,134,0.473000,4.116000,79590.08,107279.87,0.00002317,0.000000,0.000000,0
2026-09-05 11:19:00,79586.50,79586.50,79586.40,79586.50,4.637000,114,0.964000,3.673000,79586.42,107278.22,0.00002317,0.000000,0.000000,0
2026-09-05 11:20:00,79586.50,79586.50,79586.40,79586.50,2.281000,69,0.866000,1.415000,79586.44,107276.13,0.00002314,0.000000,0.000000,0
2026-09-05 11:21:00,79586.40,79586.50,79586.40,79586.50,2.526000,72,0.748000,1.778000,79586.43,107275.65,0.00002314,0.000000,0.000000,0
2026-09-05 11:22:00,79586.40,79586.50,79586.40,79586.40,5.121000,140,2.685000,2.436000,79586.45,107273.53,0.00002314,0.000000,0.000000,0
2026-09-05 11:23:00,79586.40,79586.50,79586.40,79586.50,2.199000,160,0.934000,1.265000,79586.44,107275.51,0.00002313,0.000000,0.000000,0
2026-09-05 11:24:00,79586.50,79586.50,79586.40,79586.40,1.958000,91,0.645000,1.313000,79586.43,107276.17,0.00002311,0.000000,0.000000,0
2026-09-05 11:25:00,79586.50,79586.50,79586.40,79586.40,1.258000,68,0.520000,0.738000,79586.44,107275.67,0.00002310,0.000000,0.000000,0
2026-09-05 11:26:00,79586.40,79586.50,79586.40,79586.50,8.451000,69,3.020000,5.431000,79586.44,107271.91,0.00002310,0.000000,0.000000,0
2026-09-05 11:27:00,79586.40,79586.50,79581.00,79584.40,9.186000,121,2.805000,6.381000,79585.06,107272.00,0.00002308,0.000000,0.000000,0
2026-09-05 11:28:00,79584.50,79590.40,79584.40,79585.60,45.332000,147,9.718000,35.614000,79588.68,107294.06,0.00002306,0.000000,0.000000,0
2026-09-05 11:29:00,79585.60,79585.60,79585.50,79585.60,10.572000,74,1.253000,9.319000,79585.51,107299.77,0.00002306,0.000000,0.000000,0
2026-09-05 11:30:00,79585.50,79588.30,79585.50,79588.30,8.138000,72,6.052000,2.086000,79586.03,107298.70,0.00002315,0.000000,0.000000,0
2026-09-05 11:31:00,79588.30,79591.60,79588.20,79591.60,25.227000,95,17.036000,8.191000,79589.52,107294.10,0.00002323,0.000000,0.000000,0
2026-09-05 11:32:00,79591.50,79600.00,79591.50,79600.00,18.885000,148,17.920000,0.965000,79597.97,107287.82,0.00002340,0.000000,0.000000,0
2026-09-05 11:33:00,79599.90,79600.00,79599.90,79600.00,2.332000,74,1.328000,1.004000,79599.96,107290.11,0.00002340,0.000000,0.000000,0
2026-09-05 11:34:00,79600.00,79600.10,79599.90,79599.90,4.907000,74,3.910000,0.997000,79599.98,107289.90,0.00002397,0.000000,0.000000,0
2026-09-05 11:35:00,79599.90,79600.00,79599.90,79600.00,1.787000,57,1.226000,0.561000,79599.97,107289.91,0.00002444,0.000000,0.000000,0
2026-09-05 11:36:00,79600.00,79600.00,79599.90,79599.90,5.686000,76,1.754000,3.932000,79599.93,107292.48,0.00002444,0.000000,0.000000,0
2026-09-05 11:37:00,79600.00,79600.00,79599.90,79600.00,5.625000,73,4.911000,0.714000,79599.99,107292.51,0.00002473,0.000000,0.000000,0
2026-09-05 11:38:00,79600.00,79600.00,79599.90,79600.00,2.330000,113,0.994000,1.336000,79599.94,107292.70,0.00002503,0.000000,0.000000,0
2026-09-05 11:39:00,79600.00,79600.00,79599.90,79600.00,4.119000,125,3.707000,0.412000,79599.99,107293.04,0.00002533,0.000000,0.000000,0
2026-09-05 11:40:00,79600.00,79600.00,79596.00,79596.00,8.837000,154,2.946000,5.891000,79599.72,107292.10,0.00002533,0.000000,0.000000,0
2026-09-05 11:41:00,79596.00,79596.10,79592.80,79592.90,4.443000,130,0.516000,3.927000,79595.45,107292.37,0.00002563,0.000000,0.000000,0
2026-09-05 11:42:00,79592.90,79592.90,79592.80,79592.90,6.795000,121,5.142000,1.653000,79592.88,107291.77,0.00002580,0.000000,0.000000,0
2026-09-05 11:43:00,79592.80,79603.70,79585.50,79585.60,72.480000,357,34.410000,38.070000,79597.52,107289.49,0.00002580,0.000000,0.000000,0
2026-09-05 11:44:00,79585.50,79597.80,79562.70,79597.80,204.411000,680,132.250000,72.161000,79582.29,107294.18,0.00002592,0.000000,0.000000,0
2026-09-05 11:45:00,79597.70,79597.80,79567.60,79567.60,28.272000,294,0.344000,27.928000,79578.71,107273.60,0.00002581,0.000000,0.000000,0
2026-09-05 11:46:00,79567.60,79567.70,79567.60,79567.60,17.203000,157,7.672000,9.531000,79567.64,107272.05,0.00002584,0.000000,0.000000,0
2026-09-05 11:47:00,79567.60,79580.20,79567.60,79575.80,22.203000,178,14.470000,7.733000,79574.91,107272.59,0.00002584,0.000000,0.000000,0
2026-09-05 11:48:00,79575.70,79575.80,79575.70,79575.80,5.306000,81,3.911000,1.395000,79575.77,107271.26,0.00002549,0.000000,0.000000,0
2026-09-05 11:49:00,79575.80,79575.80,79575.70,79575.70,11.301000,67,1.870000,9.431000,79575.72,107270.56,0.00002572,0.000000,0.000000,0
2026-09-05 11:50:00,79575.80,79608.90,79575.70,79608.90,28.650000,336,27.637000,1.013000,79588.30,107277.73,0.00002572,0.000000,0.000000,0
2026-09-05 11:51:00,79608.80,79612.90,79608.80,79612.80,4.202000,126,3.288000,0.914000,79610.52,107276.50,0.00002610,0.000000,0.000000,0
2026-09-05 11:52:00,79612.80,79620.80,79612.80,79620.70,6.063000,139,4.295000,1.768000,79614.59,107274.86,0.00002643,0.000000,0.000000,0
2026-09-05 11:53:00,79620.80,79627.80,79620.70,79627.80,9.342000,144,7.355000,1.987000,79623.50,107276.20,0.00002643,0.000000,0.000000,0
2026-09-05 11:54:00,79627.80,79652.90,79623.90,79628.20,134.313000,687,72.041000,62.272000,79635.54,107265.15,0.00002702,0.000000,0.000000,0
2026-09-05 11:55:00,79628.90,79652.70,79593.70,79593.80,112.491000,726,50.200000,62.291000,79629.84,107270.92,0.00002772,0.000000,0.000000,0
2026-09-05 11:56:00,79593.80,79600.70,79593.80,79600.60,10.521000,112,6.358000,4.163000,79598.24,107267.88,0.00002792,0.000000,0.000000,0
2026-09-05 11:57:00,79600.60,79600.70,79600.60,79600.70,3.894000,84,1.846000,2.048000,79600.65,107264.55,0.00002792,0.000000,0.000000,0
2026-09-05 11:58:00,79600.70,79600.70,79592.60,79597.20,51.071000,162,40.349000,10.722000,79594.68,107282.97,0.00002772,0.000000,0.000000,0
2026-09-05 11:59:00,79597.20,79597.20,79562.90,79567.00,104.755000,514,30.490000,74.265000,79576.86,107294.13,0.00002752,0.000000,0.000000,0
2026-09-05 12:00:00,79567.00,79577.50,79566.90,79577.40,13.888000,136,9.612000,4.276000,79571.41,107283.83,0.00002752,0.000000,0.000000,0
2026-09-05 12:01:00,79577.50,79584.20,79575.60,79584.20,11.982000,192,7.873000,4.109000,79578.24,107281.60,0.00002691,0.000000,0.000000,0
2026-09-05 12:02:00,79584.10,79607.10,79584.10,79607.10,45.749000,292,39.970000,5.779000,79595.14,107273.34,0.00002657,0.000000,0.000000,0
2026-09-05 12:03:00,79607.00,79625.40,79607.00,79618.30,51.806000,370,37.020000,14.786000,79616.56,107252.73,0.00002655,0.000000,0.000000,0
2026-09-05 12:04:00,79618.30,79618.40,79615.60,79615.60,7.845000,154,2.818000,5.027000,79617.51,107250.88,0.00002655,0.000000,0.000000,0
2026-09-05 12:05:00,79615.60,79615.70,79615.60,79615.70,3.143000,119,1.735000,1.408000,79615.66,107249.92,0.00002730,0.000000,0.000000,0
2026-09-05 12:06:00,79615.60,79615.70,79615.60,79615.70,5.733000,116,4.961000,0.772000,79615.69,107250.45,0.00002778,0.000000,0.000000,0
2026-09-05 12:07:00,79615.70,79615.80,79615.60,79615.80,6.595000,116,4.529000,2.066000,79615.67,107250.73,0.00002778,0.000000,0.000000,0
2026-09-05 12:08:00,79615.80,79623.20,79615.70,79623.20,7.229000,175,6.598000,0.631000,79618.38,107247.06,0.00002823,0.000000,0.000000,0
2026-09-05 12:09:00,79623.10,79639.30,79623.10,79639.30,22.094000,223,20.915000,1.179000,79632.72,107253.76,0.00002868,0.006000,0.000000,0
2026-09-05 12:10:00,79639.20,79639.30,79638.20,79638.20,14.038000,137,7.265000,6.773000,79638.85,107249.71,0.00002945,0.000000,0.000000,0
2026-09-05 12:11:00,79638.20,79638.30,79631.50,79632.30,35.470000,153,31.128000,4.342000,79632.06,107237.98,0.00002945,0.000000,0.000000,0
2026-09-05 12:12:00,79632.30,79634.90,79621.60,79621.60,49.497000,233,2.543000,46.954000,79631.90,107237.74,0.00003041,0.000000,0.000000,0
2026-09-05 12:13:00,79621.70,79627.90,79621.60,79627.80,26.621000,170,24.440000,2.181000,79622.78,107220.10,0.00003123,0.000000,0.053000,0
2026-09-05 12:14:00,79627.80,79632.40,79622.10,79622.10,24.573000,200,10.213000,14.360000,79629.88,107210.07,0.00003123,0.000000,0.000000,0
2026-09-05 12:15:00,79622.20,79622.20,79622.10,79622.20,1.502000,71,1.084000,0.418000,79622.17,107210.02,0.00003136,0.000000,0.000000,0
2026-09-05 12:16:00,79622.20,79622.20,79622.10,79622.20,5.476000,104,4.078000,1.398000,79622.17,107210.02,0.00003145,0.000000,0.000000,0
2026-09-05 12:17:00,79622.20,79622.40,79622.10,79622.30,6.254000,100,5.103000,1.151000,79622.34,107209.91,0.00003121,0.000000,0.000000,0
2026-09-05 12:18:00,79622.30,79622.40,79622.30,79622.40,5.272000,98,2.168000,3.104000,79622.34,107209.53,0.00003121,0.000000,0.000000,0
2026-09-05 12:19:00,79622.30,79622.40,79622.30,79622.40,1.873000,70,0.844000,1.029000,79622.35,107208.84,0.00003096,0.000000,0.000000,0
2026-09-05 12:20:00,79622.40,79622.40,79616.30,79616.30,16.107000,109,2.216000,13.891000,79620.72,107208.50,0.00003075,0.000000,0.000000,0
2026-09-05 12:21:00,79616.40,79616.40,79616.30,79616.30,2.418000,65,0.779000,1.639000,79616.33,107209.79,0.00003075,0.000000,0.000000,0
2026-09-05 12:22:00,79616.40,79616.40,79616.30,79616.30,7.360000,80,0.848000,6.512000,79616.31,107210.47,0.00003051,0.000000,0.000000,0
2026-09-05 12:23:00,79616.40,79630.00,79616.30,79629.90,38.242000,153,32.571000,5.671000,79621.24,107211.77,0.00003031,0.000000,0.000000,0
2026-09-05 12:24:00,79630.00,79632.50,79629.90,79632.50,7.033000,116,5.068000,1.965000,79632.16,107224.24,0.00003018,0.000000,0.000000,0
2026-09-05 12:25:00,79632.40,79640.50,79632.40,79640.40,12.401000,172,10.710000,1.691000,79636.08,107225.66,0.00003018,0.000000,0.000000,0
2026-09-05 12:26:00,79640.40,79644.80,79624.90,79625.00,32.741000,293,7.641000,25.100000,79641.76,107229.02,0.00003051,0.000000,0.000000,0
2026-09-05 12:27:00,79625.00,79625.00,79624.90,79624.90,3.886000,92,1.585000,2.301000,79624.94,107228.64,0.00003092,0.000000,0.000000,0
2026-09-05 12:28:00,79625.00,79625.00,79624.00,79624.00,7.165000,137,2.193000,4.972000,79624.82,107223.06,0.00003092,0.000000,0.000000,0
2026-09-05 12:29:00,79624.10,79632.00,79624.00,79630.50,44.489000,184,21.613000,22.876000,79629.28,107221.38,0.00003086,0.002000,0.000000,0
2026-09-05 12:30:00,79630.50,79630.60,79618.40,79618.40,69.199000,194,1.329000,67.870000,79628.93,107215.75,0.00003076,0.000000,0.000000,0
2026-09-05 12:31:00,79618.40,79618.50,79572.80,79578.30,80.579000,515,10.524000,70.055000,79590.36,107239.48,0.00003102,0.000000,0.000000,0
2026-09-05 12:32:00,79578.30,79607.50,79578.30,79607.50,30.686000,341,26.530000,4.156000,79590.79,107227.48,0.00003102,0.000000,0.000000,0
2026-09-05 12:33:00,79607.40,79614.70,79595.80,79614.70,29.130000,273,16.243000,12.887000,79605.45,107227.25,0.00003059,0.000000,0.000000,0
2026-09-05 12:34:00,79614.70,79650.00,79614.60,79646.00,38.409000,388,30.023000,8.386000,79639.75,107226.36,0.00003067,0.072000,0.000000,0
2026-09-05 12:35:00,79645.90,79646.00,79638.40,79638.40,21.441000,178,6.141000,15.300000,79644.56,107221.33,0.00003067,0.000000,0.000000,0
2026-09-05 12:36:00,79638.50,79656.00,79638.40,79655.90,30.606000,251,26.824000,3.782000,79647.20,107228.85,0.00003085,0.000000,0.000000,0
2026-09-05 12:37:00,79656.00,79665.70,79655.90,79665.70,23.785000,213,18.864000,4.921000,79656.43,107221.69,0.00003070,0.003000,0.000000,0
2026-09-05 12:38:00,79665.70,79665.70,79617.80,79621.40,53.822000,560,14.271000,39.551000,79639.75,107217.75,0.00003084,0.000000,0.000000,0
2026-09-05 12:39:00,79621.40,79646.40,79621.40,79646.40,17.042000,265,14.958000,2.084000,79633.44,107196.43,0.00003084,0.016000,0.000000,0
2026-09-05 12:40:00,79646.40,79674.00,79646.40,79674.00,54.990000,408,38.124000,16.866000,79661.47,107190.63,0.00003057,0.154000,0.000000,0
2026-09-05 12:41:00,79673.90,79675.00,79673.60,79674.90,24.038000,207,13.420000,10.618000,79673.77,107177.48,0.00003061,0.050000,0.000000,0
2026-09-05 12:42:00,79675.00,79717.20,79673.60,79717.20,215.297000,856,133.191000,82.106000,79686.52,107170.51,0.00003091,0.000000,0.000000,0
2026-09-05 12:43:00,79717.20,79734.30,79690.10,79691.40,124.833000,825,66.608000,58.225000,79721.34,107131.35,0.00003091,0.029000,0.000000,0
2026-09-05 12:44:00,79691.40,79691.50,79691.40,79691.40,22.249000,204,7.534000,14.715000,79691.43,107122.23,0.00003116,0.000000,0.000000,0
2026-09-05 12:45:00,79691.50,79691.50,79682.70,79682.70,33.063000,230,12.168000,20.895000,79688.51,107123.73,0.00003036,0.000000,0.000000,0
2026-09-05 12:46:00,79682.80,79700.00,79664.90,79699.90,56.311000,523,33.251000,23.060000,79675.19,107131.99,0.00003036,0.004000,0.000000,0
2026-09-05 12:47:00,79700.00,79720.00,79696.00,79716.00,40.439000,443,21.521000,18.918000,79710.89,107118.15,0.00002949,0.000000,0.000000,0
2026-09-05 12:48:00,79716.10,79716.10,79685.00,79695.60,56.564000,486,18.062000,38.502000,79699.58,107113.72,0.00002899,0.000000,0.000000,0
2026-09-05 12:49:00,79695.50,79695.60,79676.00,79676.10,22.419000,282,3.795000,18.624000,79685.54,107098.29,0.00002838,0.000000,0.000000,0
2026-09-05 12:50:00,79676.00,79693.30,79676.00,79693.30,28.488000,273,17.703000,10.785000,79683.89,107090.09,0.00002838,0.000000,0.000000,0
2026-09-05 12:51:00,79693.20,79693.30,79673.30,79673.40,19.523000,253,4.814000,14.709000,79683.33,107084.94,0.00002780,0.000000,0.000000,0
2026-09-05 12:52:00,79673.30,79679.80,79673.30,79674.50,32.246000,192,13.869000,18.377000,79676.90,107074.55,0.00002747,0.004000,0.000000,0
2026-09-05 12:53:00,79674.50,79674.50,79674.40,79674.50,11.706000,157,7.223000,4.483000,79674.46,107062.48,0.00002747,0.063000,0.000000,0
2026-09-05 12:54:00,79674.50,79674.50,79674.40,79674.40,10.108000,168,6.423000,3.685000,79674.46,107059.63,0.00002685,0.000000,0.000000,0
2026-09-05 12:55:00,79674.50,79698.90,79674.40,79698.90,29.698000,389,27.046000,2.652000,79685.25,107059.38,0.00002602,0.000000,0.008000,0
2026-09-05 12:56:00,79698.80,79719.90,79698.80,79719.80,73.883000,366,52.679000,21.204000,79708.20,107043.60,0.00002561,0.001000,0.000000,0
2026-09-05 12:57:00,79719.90,79723.80,79718.00,79718.60,56.456000,304,30.961000,25.495000,79721.38,107015.15,0.00002561,0.000000,0.000000,0
2026-09-05 12:58:00,79718.60,79718.70,79689.00,79689.10,46.668000,388,11.872000,34.796000,79703.32,107017.90,0.00002570,0.000000,0.000000,0
2026-09-05 12:59:00,79689.10,79699.10,79687.90,79688.30,59.683000,335,40.229000,19.454000,79692.92,107007.06,0.00002553,0.043000,0.000000,0
2026-09-05 13:00:00,79688.20,79688.30,79666.00,79666.00,72.299000,366,10.502000,61.797000,79677.61,106995.52,0.00002553,0.000000,0.000000,0
2026-09-05 13:01:00,79666.00,79673.30,79666.00,79673.20,22.947000,212,17.952000,4.995000,79671.01,106998.17,0.00002512,0.000000,0.000000,0
2026-09-05 13:02:00,79673.20,79673.30,79669.20,79669.20,11.695000,160,4.500000,7.195000,79670.64,106995.68,0.00002462,0.000000,0.000000,0
2026-09-05 13:03:00,79669.30,79669.30,79650.00,79650.00,30.516000,307,6.846000,23.670000,79658.66,106995.83,0.00002433,0.000000,0.000000,0
2026-09-05 13:04:00,79650.00,79650.50,79643.00,79650.50,44.885000,253,33.114000,11.771000,79645.87,106996.40,0.00002433,0.000000,0.000000,0
2026-09-05 13:05:00,79650.60,79667.50,79650.50,79667.50,21.431000,280,17.417000,4.014000,79659.11,106972.53,0.00002382,0.011000,0.000000,0
2026-09-05 13:06:00,79667.50,79672.40,79667.40,79670.60,16.336000,193,10.174000,6.162000,79671.50,106965.08,0.00002324,0.000000,0.000000,0
2026-09-05 13:07:00,79670.60,79670.60,79656.80,79656.90,14.432000,227,3.727000,10.705000,79662.11,106957.57,0.00002324,0.000000,0.000000,0
2026-09-05 13:08:00,79656.80,79656.90,79656.80,79656.90,10.775000,174,4.839000,5.936000,79656.84,106957.15,0.00002315,0.000000,0.000000,0
2026-09-05 13:09:00,79656.80,79656.90,79656.80,79656.90,14.958000,157,5.444000,9.514000,79656.84,106953.91,0.00002271,0.000000,0.000000,0
2026-09-05 13:10:00,79656.90,79656.90,79640.00,79640.00,19.632000,234,1.288000,18.344000,79647.92,106949.46,0.00002228,0.000000,0.000000,0
2026-09-05 13:11:00,79640.00,79640.10,79635.60,79635.60,10.195000,184,1.750000,8.445000,79636.45,106943.07,0.00002228,0.000000,0.001000,0
2026-09-05 13:12:00,79635.70,79636.50,79628.50,79636.50,18.152000,256,13.365000,4.787000,79630.53,106940.78,0.00002171,0.000000,0.000000,0
2026-09-05 13:13:00,79636.40,79636.50,79622.80,79627.80,45.793000,301,20.129000,25.664000,79629.44,106939.42,0.00002142,0.000000,0.000000,0
2026-09-05 13:14:00,79627.90,79659.20,79627.80,79656.00,133.911000,756,62.710000,71.201000,79643.83,106929.52,0.00002142,0.000000,0.000000,0
2026-09-05 13:15:00,79656.10,79681.50,79656.00,79681.50,51.250000,369,50.156000,1.094000,79668.89,106956.20,0.00002087,0.000000,0.000000,0
2026-09-05 13:16:00,79681.60,79691.20,79681.50,79691.20,22.058000,210,16.387000,5.671000,79685.56,106965.68,0.00002110,0.000000,0.000000,0
2026-09-05 13:17:00,79691.20,79691.20,79667.80,79667.90,20.613000,266,8.585000,12.028000,79685.81,106956.53,0.00002129,0.000000,0.000000,0
2026-09-05 13:18:00,79667.90,79684.30,79655.40,79665.70,48.716000,462,29.881000,18.835000,79671.62,106948.60,0.00002129,0.000000,0.000000,0
2026-09-05 13:19:00,79665.60,79665.70,79639.20,79639.30,33.106000,274,3.127000,29.979000,79656.30,106940.69,0.00002118,0.000000,0.000000,0
2026-09-05 13:20:00,79639.20,79657.70,79630.00,79657.60,57.762000,503,19.621000,38.141000,79638.50,106921.12,0.00002099,0.000000,0.000000,0
2026-09-05 13:21:00,79657.70,79665.30,79657.60,79665.30,16.120000,137,13.548000,2.572000,79659.44,106921.74,0.00002099,0.000000,0.001000,0
2026-09-05 13:22:00,79665.30,79680.70,79665.30,79680.10,22.501000,226,20.048000,2.453000,79675.87,106923.86,0.00002054,0.000000,0.000000,0
2026-09-05 13:23:00,79680.10,79712.50,79680.10,79708.50,58.516000,369,47.376000,11.140000,79700.91,106930.65,0.00002042,0.016000,0.000000,0
2026-09-05 13:24:00,79708.60,79715.60,79708.50,79715.60,21.144000,232,19.513000,1.631000,79713.35,106929.53,0.00002059,0.000000,0.000000,0
2026-09-05 13:25:00,79715.50,79722.70,79715.50,79721.10,37.757000,212,29.745000,8.012000,79721.26,106932.56,0.00002059,0.000000,0.000000,0
2026-09-05 13:26:00,79721.00,79721.10,79711.60,79711.60,17.063000,237,7.550000,9.513000,79712.81,106934.11,0.00002089,0.000000,0.000000,0
2026-09-05 13:27:00,79711.70,79711.70,79711.60,79711.70,11.430000,163,8.371000,3.059000,79711.67,106934.58,0.00002076,0.000000,0.000000,0
2026-09-05 13:28:00,79711.60,79712.10,79711.60,79712.10,20.977000,180,17.873000,3.104000,79711.84,106936.51,0.00002076,0.000000,0.000000,0
2026-09-05 13:29:00,79712.00,79712.10,79712.00,79712.10,12.713000,125,8.972000,3.741000,79712.07,106945.85,0.00002050,0.000000,0.000000,0
2026-09-05 13:30:00,79712.10,79712.10,79712.00,79712.00,10.695000,121,7.300000,3.395000,79712.07,106948.68,0.00002027,0.000000,0.000000,0
2026-09-05 13:31:00,79712.10,79712.10,79708.90,79708.90,22.832000,190,8.092000,14.740000,79711.03,106950.59,0.00002003,0.000000,0.000000,0
2026-09-05 13:32:00,79709.00,79709.00,79696.10,79696.20,48.821000,272,9.266000,39.555000,79705.87,106936.87,0.00002003,0.000000,0.000000,0
2026-09-05 13:33:00,79696.20,79706.80,79696.10,79706.80,25.709000,184,14.705000,11.004000,79699.56,106924.72,0.00001970,0.000000,0.000000,0
2026-09-05 13:34:00,79706.80,79718.80,79672.50,79672.50,47.683000,457,13.226000,34.457000,79704.22,106932.70,0.00001902,0.000000,0.000000,0
2026-09-05 13:35:00,79672.50,79691.40,79672.50,79691.30,12.861000,209,10.812000,2.049000,79683.75,106921.74,0.00001902,0.000000,0.000000,0
2026-09-05 13:36:00,79691.40,79691.40,79678.80,79678.90,14.421000,162,0.654000,13.767000,79686.62,106920.26,0.00001850,0.000000,0.000000,0
2026-09-05 13:37:00,79678.90,79683.50,79656.00,79656.00,25.227000,286,12.842000,12.385000,79672.14,106912.85,0.00001820,0.000000,0.000000,0
2026-09-05 13:38:00,79656.00,79656.10,79626.40,79626.50,55.121000,429,12.995000,42.126000,79638.53,106900.59,0.00001767,0.000000,0.000000,0
2026-09-05 13:39:00,79626.40,79626.50,79626.40,79626.50,18.862000,136,4.374000,14.488000,79626.42,106901.51,0.00001767,0.000000,0.000000,0
2026-09-05 13:40:00,79626.40,79626.50,79614.20,79616.20,26.892000,280,6.807000,20.085000,79620.57,106905.89,0.00001689,0.000000,0.000000,0
2026-09-05 13:41:00,79616.20,79678.60,79616.20,79678.60,63.416000,659,53.367000,10.049000,79639.52,106908.21,0.00001640,0.000000,0.000000,0
2026-09-05 13:42:00,79678.60,79678.60,79639.60,79639.60,23.710000,369,1.362000,22.348000,79661.06,106907.61,0.00001640,0.000000,0.000000,0
2026-09-05 13:43:00,79639.70,79639.70,79602.90,79602.90,39.449000,381,4.730000,34.719000,79615.79,106902.18,0.00001658,0.000000,0.767000,0
2026-09-05 13:44:00,79602.90,79606.00,79602.90,79606.00,22.667000,178,7.666000,15.001000,79603.18,106915.23,0.00001663,0.000000,0.000000,0
2026-09-05 13:45:00,79606.00,79616.20,79601.60,79616.10,19.605000,255,9.593000,10.012000,79604.43,106917.00,0.00001582,0.000000,0.000000,0
2026-09-05 13:46:00,79616.20,79630.70,79616.10,79630.70,14.129000,233,12.545000,1.584000,79621.58,106909.55,0.00001582,0.000000,0.000000,0
2026-09-05 13:47:00,79630.60,79648.00,79630.60,79639.30,21.147000,278,10.954000,10.193000,79640.44,106905.27,0.00001542,0.000000,0.012000,0
2026-09-05 13:48:00,79639.40,79650.30,79639.30,79650.30,13.907000,181,11.441000,2.466000,79643.17,106900.80,0.00001527,0.000000,0.000000,0
2026-09-05 13:49:00,79650.30,79650.30,79650.20,79650.30,10.403000,108,7.779000,2.624000,79650.27,106897.32,0.00001527,0.000000,0.000000,0
2026-09-05 13:50:00,79650.20,79650.30,79650.20,79650.20,5.384000,78,3.635000,1.749000,79650.27,106894.16,0.00001506,0.000000,0.000000,0
2026-09-05 13:51:00,79650.30,79650.30,79500.00,79519.90,247.922000,1935,69.752000,178.170000,79561.34,106884.98,0.00001497,0.000000,0.256000,0
2026-09-05 13:52:00,79520.00,79582.70,79519.90,79582.70,43.468000,662,35.811000,7.657000,79544.74,106841.33,0.00001411,0.000000,0.000000,0
2026-09-05 13:53:00,79582.70,79582.70,79543.90,79545.00,45.671000,508,14.153000,31.518000,79559.86,106833.06,0.00001411,0.000000,0.000000,0
2026-09-05 13:54:00,79545.00,79560.00,79544.90,79560.00,19.623000,255,16.375000,3.248000,79551.47,106827.88,0.00001470,0.000000,0.000000,0
2026-09-05 13:55:00,79559.90,79587.80,79559.90,79587.80,16.064000,294,13.356000,2.708000,79572.30,106832.98,0.00001485,0.000000,0.000000,0
2026-09-05 13:56:00,79587.70,79590.40,79587.70,79590.40,10.862000,179,6.307000,4.555000,79588.24,106835.55,0.00001485,0.000000,0.000000,0
2026-09-05 13:57:00,79590.40,79590.40,79562.00,79562.00,22.040000,322,4.845000,17.195000,79573.25,106833.88,0.00001552,0.000000,0.000000,0
2026-09-05 13:58:00,79562.10,79572.80,79562.00,79572.80,17.213000,225,11.844000,5.369000,79563.98,106834.63,0.00001629,0.000000,0.000000,0
2026-09-05 13:59:00,79572.80,79588.00,79572.70,79579.90,27.873000,325,15.730000,12.143000,79580.83,106839.12,0.00001656,0.000000,0.000000,0
2026-09-05 14:00:00,79579.80,79585.90,79570.00,79573.90,34.107000,246,8.166000,25.941000,79581.95,106836.37,0.00001656,0.000000,0.000000,0
2026-09-05 14:01:00,79573.90,79608.60,79573.80,79608.60,30.392000,385,27.194000,3.198000,79590.85,106856.42,0.00001716,0.000000,0.000000,0
2026-09-05 14:02:00,79608.60,79636.10,79608.50,79635.80,33.841000,355,24.693000,9.148000,79626.79,106857.02,0.00001720,0.000000,0.000000,0
2026-09-05 14:03:00,79635.90,79635.90,79635.70,79635.80,9.926000,164,6.834000,3.092000,79635.82,106858.53,0.00001720,0.000000,0.000000,0
2026-09-05 14:04:00,79635.70,79635.80,79601.50,79601.50,18.497000,390,3.012000,15.485000,79622.33,106855.56,0.00001765,0.000000,0.000000,0
2026-09-05 14:05:00,79601.50,79607.90,79601.50,79607.90,15.878000,156,14.557000,1.321000,79604.52,106857.73,0.00001783,0.000000,0.000000,0
2026-09-05 14:06:00,79607.80,79607.90,79607.80,79607.90,6.772000,136,5.158000,1.614000,79607.88,106854.20,0.00001767,0.000000,0.000000,0
2026-09-05 14:07:00,79607.80,79620.20,79607.80,79620.10,21.357000,219,18.566000,2.791000,79613.33,106855.15,0.00001767,0.000000,0.000000,0
2026-09-05 14:08:00,79620.20,79627.30,79620.00,79627.20,10.430000,156,5.703000,4.727000,79622.52,106852.35,0.00001755,0.000000,0.012000,0
2026-09-05 14:09:00,79627.30,79645.80,79627.20,79645.80,11.052000,236,9.268000,1.784000,79634.26,106847.52,0.00001755,0.000000,0.000000,0
2026-09-05 14:10:00,79645.80,79645.80,79645.70,79645.80,8.277000,134,4.376000,3.901000,79645.75,106847.38,0.00001755,0.000000,0.000000,0
2026-09-05 14:11:00,79645.80,79655.90,79645.70,79649.90,40.998000,296,26.435000,14.563000,79651.46,106855.29,0.00001786,0.000000,0.000000,0
2026-09-05 14:12:00,79650.00,79650.00,79630.60,79630.70,10.818000,224,1.737000,9.081000,79639.11,106854.46,0.00001807,0.000000,0.000000,0
2026-09-05 14:13:00,79630.60,79630.70,79630.60,79630.70,2.887000,97,2.194000,0.693000,79630.68,106854.40,0.00001807,0.000000,0.000000,0
2026-09-05 14:14:00,79630.70,79637.70,79630.60,79637.70,8.654000,125,4.779000,3.875000,79631.85,106855.65,0.00001801,0.870000,0.000000,0
2026-09-05 14:15:00,79637.70,79637.70,79630.70,79630.70,8.563000,111,0.736000,7.827000,79634.36,106854.07,0.00001795,0.000000,0.000000,0
2026-09-05 14:16:00,79630.70,79636.00,79630.70,79636.00,4.826000,115,3.492000,1.334000,79632.59,106852.24,0.00001798,0.000000,0.000000,0
2026-09-05 14:17:00,79635.90,79637.60,79635.90,79637.60,5.457000,94,3.887000,1.570000,79636.77,106853.03,0.00001798,0.000000,0.000000,0
2026-09-05 14:18:00,79637.60,79640.50,79637.50,79637.70,6.746000,133,4.404000,2.342000,79638.59,106855.01,0.00001799,0.000000,0.000000,0
2026-09-05 14:19:00,79637.70,79637.70,79637.60,79637.70,7.598000,94,2.052000,5.546000,79637.63,106855.43,0.00001808,0.000000,0.000000,0
2026-09-05 14:20:00,79637.60,79637.70,79637.60,79637.70,6.107000,94,0.802000,5.305000,79637.61,106853.79,0.00001808,0.000000,0.000000,0
2026-09-05 14:21:00,79637.70,79643.20,79630.00,79643.20,57.583000,263,17.126000,40.457000,79637.46,106846.19,0.00001811,0.000000,0.000000,0
2026-09-05 14:22:00,79643.20,79643.20,79632.70,79632.80,11.397000,166,6.534000,4.863000,79634.03,106848.49,0.00001810,0.000000,0.000000,0
2026-09-05 14:23:00,79632.80,79632.80,79632.70,79632.80,8.344000,112,3.304000,5.040000,79632.74,106851.92,0.00001799,0.000000,0.000000,0
2026-09-05 14:24:00,79632.80,79632.80,79632.70,79632.70,4.675000,82,2.136000,2.539000,79632.75,106849.63,0.00001799,0.000000,0.000000,0
2026-09-05 14:25:00,79632.70,79637.60,79632.70,79637.60,5.520000,129,2.683000,2.837000,79633.09,106851.75,0.00001771,0.000000,0.000000,0
2026-09-05 14:26:00,79637.50,79641.00,79637.50,79641.00,3.496000,104,2.988000,0.508000,79637.59,106851.73,0.00001743,0.000000,0.000000,0
2026-09-05 14:27:00,79641.10,79687.30,79641.10,79687.30,54.708000,485,50.262000,4.446000,79666.94,106850.12,0.00001743,0.000000,0.000000,0
2026-09-05 14:28:00,79687.30,79687.30,79683.20,79683.30,13.479000,192,6.966000,6.513000,79684.91,106844.78,0.00001743,0.000000,0.000000,0
2026-09-05 14:29:00,79683.30,79696.70,79683.20,79694.40,25.793000,203,22.619000,3.174000,79690.35,106840.23,0.00001768,0.000000,0.000000,0
2026-09-05 14:30:00,79694.40,79694.40,79683.00,79685.90,24.520000,205,17.184000,7.336000,79685.90,106834.90,0.00001792,0.000000,0.000000,0
2026-09-05 14:31:00,79685.90,79688.30,79685.80,79688.30,13.316000,129,10.958000,2.358000,79687.63,106829.83,0.00001792,0.000000,0.000000,0
2026-09-05 14:32:00,79688.30,79696.80,79688.20,79696.80,17.971000,171,17.035000,0.936000,79692.01,106824.10,0.00001796,0.028000,0.000000,0
2026-09-05 14:33:00,79696.80,79704.00,79696.70,79704.00,68.431000,188,46.080000,22.351000,79699.57,106817.63,0.00001818,0.000000,0.000000,0
2026-09-05 14:34:00,79703.90,79704.00,79696.90,79696.90,38.330000,193,25.398000,12.932000,79699.15,106827.55,0.00001818,0.000000,0.000000,0
2026-09-05 14:35:00,79696.90,79704.00,79696.90,79704.00,15.919000,166,14.335000,1.584000,79701.42,106822.89,0.00001846,0.000000,0.000000,0
2026-09-05 14:36:00,79704.00,79708.20,79703.90,79706.40,27.102000,181,14.550000,12.552000,79706.62,106814.39,0.00001865,0.000000,0.000000,0
2026-09-05 14:37:00,79706.40,79706.50,79688.20,79688.30,15.634000,237,1.831000,13.803000,79699.16,106807.96,0.00001908,0.000000,0.000000,0
2026-09-05 14:38:00,79688.20,79688.30,79686.70,79686.80,3.406000,123,1.395000,2.011000,79687.31,106806.67,0.00001908,0.000000,0.000000,0
2026-09-05 14:39:00,79686.80,79686.80,79686.70,79686.80,6.476000,113,2.566000,3.910000,79686.74,106803.38,0.00001932,0.000000,0.000000,0
2026-09-05 14:40:00,79686.70,79695.00,79686.70,79695.00,12.545000,163,10.916000,1.629000,79690.51,106804.17,0.00001933,0.000000,0.000000,0
2026-09-05 14:41:00,79695.00,79695.00,79694.90,79695.00,9.102000,145,5.879000,3.223000,79694.96,106803.75,0.00001933,0.000000,0.000000,0
2026-09-05 14:42:00,79694.90,79695.00,79694.90,79695.00,5.515000,159,4.480000,1.035000,79694.98,106806.90,0.00001945,0.024000,0.000000,0
2026-09-05 14:43:00,79694.90,79695.00,79677.00,79690.40,41.725000,280,13.664000,28.061000,79687.03,106801.92,0.00001955,0.000000,0.000000,0
2026-09-05 14:44:00,79693.80,79693.80,79682.80,79682.80,25.750000,103,1.297000,24.453000,79691.51,106811.92,0.00001969,0.000000,0.000000,0
2026-09-05 14:45:00,79682.90,79690.00,79651.20,79673.60,86.679000,671,14.417000,72.262000,79678.31,106827.37,0.00001969,0.000000,0.000000,0
2026-09-05 14:46:00,79673.60,79703.40,79673.50,79690.90,71.391000,508,60.927000,10.464000,79688.13,106803.35,0.00001991,0.000000,0.000000,0
2026-09-05 14:47:00,79690.80,79694.30,79685.50,79694.30,9.633000,204,5.605000,4.028000,79688.29,106805.79,0.00002006,0.000000,0.000000,0
2026-09-05 14:48:00,79694.30,79694.30,79694.20,79694.20,8.014000,103,4.169000,3.845000,79694.25,106805.73,0.00002006,0.000000,0.000000,0
2026-09-05 14:49:00,79694.30,79694.30,79690.20,79690.20,8.333000,107,1.381000,6.952000,79692.55,106807.97,0.00002032,0.000000,0.001000,0
2026-09-05 14:50:00,79690.30,79690.30,79690.00,79690.10,6.761000,86,0.842000,5.919000,79690.09,106808.37,0.00002070,0.000000,0.000000,0
2026-09-05 14:51:00,79690.10,79692.00,79690.00,79691.90,23.518000,108,9.074000,14.444000,79690.95,106807.05,0.00002077,0.000000,0.000000,0
2026-09-05 14:52:00,79692.00,79692.00,79691.90,79691.90,8.979000,130,5.497000,3.482000,79691.96,106802.39,0.00002077,0.000000,0.000000,0
2026-09-05 14:53:00,79691.90,79692.00,79691.90,79691.90,5.668000,112,4.368000,1.300000,79691.98,106798.07,0.00002086,0.000000,0.000000,0
2026-09-05 14:54:00,79691.90,79692.00,79691.90,79692.00,5.306000,145,3.703000,1.603000,79691.97,106797.65,0.00002088,0.000000,0.000000,0
2026-09-05 14:55:00,79691.90,79710.00,79684.80,79710.00,77.287000,386,51.798000,25.489000,79698.48,106810.49,0.00002088,0.000000,0.000000,0
2026-09-05 14:56:00,79710.00,79710.00,79702.40,79702.40,12.764000,155,6.636000,6.128000,79705.33,106806.62,0.00002084,0.000000,0.000000,0
2026-09-05 14:57:00,79702.40,79702.50,79702.40,79702.40,7.213000,128,4.169000,3.044000,79702.46,106805.04,0.00002095,0.000000,0.000000,0
2026-09-05 14:58:00,79702.40,79702.50,79702.40,79702.50,3.553000,100,1.831000,1.722000,79702.45,106803.82,0.00002083,0.000000,0.023000,0
2026-09-05 14:59:00,79702.40,79719.90,79702.40,79708.60,74.995000,290,65.602000,9.393000,79711.85,106819.88,0.00002083,0.000000,0.000000,0
2026-09-05 15:00:00,79708.60,79712.60,79672.20,79672.20,40.894000,407,12.439000,28.455000,79703.55,106818.12,0.00002074,0.000000,0.000000,0
2026-09-05 15:01:00,79672.30,79683.50,79672.20,79683.40,24.904000,194,15.886000,9.018000,79680.66,106805.74,0.00002070,0.000000,0.000000,0
2026-09-05 15:02:00,79683.50,79702.20,79683.40,79702.20,19.643000,255,15.904000,3.739000,79690.78,106813.28,0.00002070,0.000000,0.000000,0
2026-09-05 15:03:00,79702.10,79702.30,79702.10,79702.20,13.357000,145,8.307000,5.050000,79702.24,106816.08,0.00002050,0.000000,0.000000,0
2026-09-05 15:04:00,79702.30,79702.30,79702.20,79702.20,5.521000,154,2.344000,3.177000,79702.24,106817.21,0.00002070,0.000000,0.000000,0
2026-09-05 15:05:00,79702.30,79702.30,79698.90,79700.10,30.960000,190,16.988000,13.972000,79700.18,106823.18,0.00002085,0.000000,0.000000,0
2026-09-05 15:06:00,79700.10,79730.00,79700.00,79727.00,44.911000,521,42.774000,2.137000,79712.74,106822.33,0.00002085,0.000000,0.000000,0
2026-09-05 15:07:00,79726.90,79727.00,79715.00,79715.10,22.963000,369,7.549000,15.414000,79723.65,106828.08,0.00002085,0.000000,0.000000,0
2026-09-05 15:08:00,79715.00,79718.50,79707.50,79718.50,15.460000,346,10.094000,5.366000,79712.26,106826.64,0.00002117,0.000000,0.000000,0
2026-09-05 15:09:00,79718.70,79722.20,79705.30,79705.40,27.992000,326,7.925000,20.067000,79718.33,106822.33,0.00002117,0.000000,0.000000,0
2026-09-05 15:10:00,79705.30,79705.40,79676.20,79678.60,41.795000,458,6.771000,35.024000,79693.59,106828.35,0.00002128,0.000000,0.000000,0
2026-09-05 15:11:00,79678.70,79690.80,79678.60,79690.70,10.805000,287,7.877000,2.928000,79686.00,106828.91,0.00002148,0.000000,0.000000,0
2026-09-05 15:12:00,79690.80,79711.10,79672.10,79672.70,54.162000,603,24.080000,30.082000,79697.76,106835.88,0.00002132,0.000000,0.000000,0
2026-09-05 15:13:00,79672.80,79688.80,79672.70,79688.70,14.883000,357,8.312000,6.571000,79675.36,106823.25,0.00002132,0.000000,0.000000,0
2026-09-05 15:14:00,79688.70,79688.70,79678.10,79678.20,8.274000,240,1.559000,6.715000,79682.44,106823.58,0.00002113,0.000000,0.000000,0
2026-09-05 15:15:00,79678.10,79685.50,79678.10,79685.40,4.365000,226,2.910000,1.455000,79679.93,106823.76,0.00002087,0.000000,0.000000,0
2026-09-05 15:16:00,79685.40,79685.50,79685.40,79685.50,3.714000,164,1.517000,2.197000,79685.44,106823.77,0.00002087,0.000000,0.000000,0
2026-09-05 15:17:00,79685.40,79685.50,79654.60,79654.60,34.570000,393,8.314000,26.256000,79672.59,106823.44,0.00002057,0.000000,0.000000,0
2026-09-05 15:18:00,79654.60,79654.70,79654.50,79654.50,8.459000,184,1.774000,6.685000,79654.58,106826.83,0.00002046,0.000000,0.000000,0
2026-09-05 15:19:00,79654.60,79654.60,79639.80,79643.80,23.925000,268,1.083000,22.842000,79651.45,106827.04,0.00001979,0.000000,0.000000,0
2026-09-05 15:20:00,79643.70,79649.80,79637.60,79649.70,27.396000,236,11.585000,15.811000,79643.48,106835.74,0.00001979,0.000000,0.000000,0
2026-09-05 15:21:00,79649.70,79718.80,79649.70,79718.80,82.817000,655,73.249000,9.568000,79682.09,106860.91,0.00001909,0.000000,0.000000,0
2026-09-05 15:22:00,79718.80,79734.70,79718.80,79722.00,39.022000,444,24.409000,14.613000,79726.10,106868.12,0.00001905,0.000000,0.000000,0
2026-09-05 15:23:00,79721.90,79722.00,79690.40,79695.20,66.469000,378,17.595000,48.874000,79699.15,106880.45,0.00001905,0.000000,0.000000,0
2026-09-05 15:24:00,79695.20,79712.40,79695.10,79708.60,28.463000,237,25.205000,3.258000,79706.83,106869.81,0.00001945,0.000000,0.000000,0
2026-09-05 15:25:00,79708.60,79722.90,79708.60,79713.70,22.616000,270,12.223000,10.393000,79716.81,106859.38,0.00001955,0.000000,0.000000,0
2026-09-05 15:26:00,79713.70,79726.20,79713.70,79726.10,12.518000,184,9.251000,3.267000,79719.06,106863.66,0.00001955,0.000000,0.000000,0
2026-09-05 15:27:00,79726.20,79734.70,79726.10,79728.80,34.620000,266,26.172000,8.448000,79731.78,106868.18,0.00002007,0.000000,0.000000,0
2026-09-05 15:28:00,79728.90,79728.90,79728.80,79728.90,15.916000,134,12.446000,3.470000,79728.88,106873.61,0.00002053,0.000000,0.000000,0
2026-09-05 15:29:00,79728.80,79728.80,79648.60,79668.30,107.581000,802,31.231000,76.350000,79678.00,106860.59,0.00002099,0.000000,0.000000,0
2026-09-05 15:30:00,79668.20,79668.30,79652.90,79652.90,35.870000,226,15.402000,20.468000,79661.92,106861.06,0.00002099,0.000000,0.000000,0
2026-09-05 15:31:00,79653.00,79674.80,79652.90,79674.80,16.588000,319,14.895000,1.693000,79666.88,106863.32,0.00002056,0.000000,0.000000,0
2026-09-05 15:32:00,79674.80,79674.80,79674.70,79674.70,6.493000,96,5.222000,1.271000,79674.78,106866.05,0.00002010,0.000000,0.000000,0
2026-09-05 15:33:00,79674.80,79674.80,79674.70,79674.70,2.279000,87,1.837000,0.442000,79674.78,106866.93,0.00002010,0.000000,0.000000,0
2026-09-05 15:34:00,79674.70,79674.80,79670.70,79670.70,8.028000,121,1.840000,6.188000,79674.35,106866.93,0.00001980,0.000000,0.000000,0
2026-09-05 15:35:00,79670.70,79684.20,79668.30,79684.10,38.801000,197,20.482000,18.319000,79676.04,106868.32,0.00001948,0.000000,0.000000,0
2026-09-05 15:36:00,79684.20,79684.20,79673.50,79673.50,8.181000,158,1.163000,7.018000,79680.22,106861.21,0.00001928,0.000000,0.000000,0
2026-09-05 15:37:00,79673.60,79673.60,79660.70,79660.70,8.356000,186,3.139000,5.217000,79672.87,106860.54,0.00001928,0.000000,0.000000,0
2026-09-05 15:38:00,79660.70,79680.90,79660.60,79680.50,26.798000,221,18.239000,8.559000,79672.60,106861.50,0.00001897,0.000000,0.000000,0
2026-09-05 15:39:00,79680.40,79693.00,79680.40,79692.90,13.261000,162,11.084000,2.177000,79687.96,106864.10,0.00001870,0.000000,0.000000,0
2026-09-05 15:40:00,79693.00,79699.50,79692.90,79699.40,16.806000,158,10.362000,6.444000,79697.16,106858.92,0.00001870,0.000000,0.000000,0
2026-09-05 15:41:00,79699.40,79706.10,79692.90,79692.90,33.697000,225,21.771000,11.926000,79699.99,106856.25,0.00001875,0.000000,0.000000,0
2026-09-05 15:42:00,79693.00,79699.60,79686.90,79699.60,19.642000,196,15.334000,4.308000,79691.25,106849.67,0.00001904,0.000000,0.000000,0
2026-09-05 15:43:00,79699.60,79699.60,79699.50,79699.60,4.840000,85,1.633000,3.207000,79699.53,106842.30,0.00001910,0.000000,0.000000,0
2026-09-05 15:44:00,79699.50,79699.60,79699.50,79699.50,7.356000,79,2.294000,5.062000,79699.53,106843.50,0.00001910,0.000000,0.000000,0
2026-09-05 15:45:00,79699.60,79731.30,79699.50,79712.20,83.005000,565,61.979000,21.026000,79715.89,106845.32,0.00001956,0.000000,0.000000,0
2026-09-05 15:46:00,79712.20,79727.70,79712.20,79727.60,19.173000,198,16.251000,2.922000,79715.02,106862.62,0.00002007,0.000000,0.000000,0
2026-09-05 15:47:00,79727.70,79727.70,79724.80,79724.80,20.400000,149,6.234000,14.166000,79727.16,106864.85,0.00002007,0.099000,0.232000,0
2026-09-05 15:48:00,79724.90,79724.90,79715.30,79715.40,9.815000,151,2.607000,7.208000,79718.33,106866.96,0.00002012,0.000000,0.000000,0
2026-09-05 15:49:00,79715.30,79715.40,79707.40,79707.50,7.042000,138,1.819000,5.223000,79711.92,106867.39,0.00002009,0.000000,0.000000,0
2026-09-05 15:50:00,79707.50,79714.60,79707.40,79714.60,11.373000,128,9.574000,1.799000,79709.38,106868.10,0.00001984,0.000000,0.000000,0
2026-09-05 15:51:00,79714.60,79720.00,79714.50,79719.90,15.601000,131,7.921000,7.680000,79715.67,106865.22,0.00001984,0.020000,0.007000,0
2026-09-05 15:52:00,79720.00,79720.00,79694.80,79695.00,29.134000,301,3.001000,26.133000,79708.52,106864.35,0.00001965,0.000000,0.000000,0
2026-09-05 15:53:00,79694.90,79695.00,79694.90,79695.00,11.281000,145,7.196000,4.085000,79694.96,106856.12,0.00001974,0.000000,0.000000,0
2026-09-05 15:54:00,79695.00,79720.00,79694.90,79720.00,21.218000,246,16.996000,4.222000,79705.11,106854.44,0.00001974,0.000000,0.000000,0
2026-09-05 15:55:00,79719.90,79720.00,79719.90,79719.90,14.050000,144,3.633000,10.417000,79719.93,106855.91,0.00001933,0.000000,0.000000,0
2026-09-05 15:56:00,79720.00,79760.00,79719.90,79757.50,130.721000,579,106.785000,23.936000,79745.91,106851.14,0.00001934,0.079000,0.000000,0
2026-09-05 15:57:00,79757.40,79757.50,79745.30,79754.00,33.720000,311,27.080000,6.640000,79751.32,106854.63,0.00001934,0.036000,0.000000,0
2026-09-05 15:58:00,79753.90,79754.00,79753.90,79754.00,11.629000,156,7.183000,4.446000,79753.96,106858.46,0.00001957,0.000000,0.000000,0
2026-09-05 15:59:00,79754.00,79783.60,79753.90,79762.70,117.024000,607,80.594000,36.430000,79769.45,106855.26,0.00001931,0.104000,0.000000,0
2026-09-05 16:00:00,79762.60,79767.10,79760.10,79760.20,57.969000,224,25.724000,32.245000,79763.39,106855.74,0.00001923,0.000000,0.000000,0
2026-09-05 16:01:00,79760.20,79760.30,79752.80,79760.30,62.818000,289,44.966000,17.852000,79757.42,106848.67,0.00001923,0.000000,0.000000,0
2026-09-05 16:02:00,79760.30,79780.60,79760.20,79780.60,57.907000,376,45.442000,12.465000,79773.34,106873.23,0.00001897,0.000000,0.000000,0
2026-09-05 16:03:00,79780.50,79799.80,79776.00,79796.40,131.809000,536,104.357000,27.452000,79789.32,106887.55,0.00001879,0.031000,0.000000,0
2026-09-05 16:04:00,79796.40,79805.00,79796.30,79805.00,108.465000,443,86.862000,21.603000,79802.08,106889.71,0.00001879,0.248000,0.000000,0
2026-09-05 16:05:00,79804.90,79805.00,79804.90,79805.00,21.921000,248,9.035000,12.886000,79804.94,106866.88,0.00001868,0.212000,0.000000,0
2026-09-05 16:06:00,79805.00,79805.00,79767.80,79767.90,61.431000,546,4.763000,56.668000,79791.06,106869.53,0.00001878,0.003000,0.000000,0
2026-09-05 16:07:00,79767.90,79767.90,79767.80,79767.80,21.740000,205,11.408000,10.332000,79767.85,106880.97,0.00001858,0.210000,1.623000,0
2026-09-05 16:08:00,79767.90,79767.90,79712.00,79712.00,52.609000,591,6.416000,46.193000,79743.20,106875.05,0.00001858,0.000000,0.000000,0
2026-09-05 16:09:00,79712.00,79731.20,79712.00,79731.10,49.731000,304,17.613000,32.118000,79726.34,106862.58,0.00001796,0.000000,0.009000,0
2026-09-05 16:10:00,79731.20,79746.40,79731.10,79746.40,8.687000,228,7.457000,1.230000,79737.75,106864.79,0.00001795,0.001000,0.000000,0
2026-09-05 16:11:00,79746.40,79753.60,79746.30,79753.50,8.726000,201,6.247000,2.479000,79748.02,106863.26,0.00001795,0.000000,0.000000,0
2026-09-05 16:12:00,79753.60,79763.90,79753.50,79763.90,17.119000,257,12.347000,4.772000,79760.64,106862.22,0.00001847,0.048000,0.035000,0
2026-09-05 16:13:00,79763.90,79777.90,79761.70,79766.70,47.464000,400,20.776000,26.688000,79769.06,106860.40,0.00001917,0.264000,0.038000,0
2026-09-05 16:14:00,79766.60,79766.60,79717.40,79722.60,71.357000,534,3.890000,67.467000,79743.17,106875.57,0.00001917,0.000000,0.000000,0
2026-09-05 16:15:00,79722.60,79739.70,79722.50,79737.20,14.825000,244,11.391000,3.434000,79727.84,106868.69,0.00001989,0.000000,0.000000,0
2026-09-05 16:16:00,79737.20,79767.30,79737.20,79756.40,54.195000,385,36.638000,17.557000,79755.63,106858.57,0.00001982,0.000000,0.000000,0
2026-09-05 16:17:00,79756.50,79768.40,79751.90,79768.40,20.296000,238,13.173000,7.123000,79760.73,106836.69,0.00002036,0.002000,0.000000,0
2026-09-05 16:18:00,79768.40,79768.40,79745.00,79745.10,10.917000,237,2.203000,8.714000,79760.66,106837.02,0.00002036,0.000000,0.062000,0
2026-09-05 16:19:00,79745.00,79763.80,79738.70,79759.70,24.948000,331,11.633000,13.315000,79747.03,106839.40,0.00002118,0.120000,0.043000,0
2026-09-05 16:20:00,79759.70,79769.70,79759.70,79769.70,14.132000,160,9.441000,4.691000,79763.65,106845.35,0.00002135,0.000000,0.000000,0
2026-09-05 16:21:00,79769.70,79804.90,79769.60,79804.90,53.201000,384,37.654000,15.547000,79782.35,106858.00,0.00002135,0.000000,0.000000,0
2026-09-05 16:22:00,79804.90,79816.00,79796.90,79816.00,62.045000,379,50.998000,11.047000,79806.49,106859.89,0.00002182,0.201000,0.000000,0
2026-09-05 16:23:00,79816.00,79816.00,79812.10,79812.20,37.164000,236,20.468000,16.696000,79815.72,106877.63,0.00002260,0.003000,0.000000,0
2026-09-05 16:24:00,79812.10,79828.40,79812.10,79828.30,70.844000,386,50.377000,20.467000,79816.56,106878.69,0.00002348,0.029000,0.000000,0
2026-09-05 16:25:00,79828.40,79828.40,79814.80,79819.90,62.459000,352,26.120000,36.339000,79822.38,106883.69,0.00002348,2.513000,0.000000,0
2026-09-05 16:26:00,79819.80,79823.90,79819.80,79823.90,20.576000,238,11.032000,9.544000,79823.61,106879.12,0.00002409,0.262000,0.000000,0
2026-09-05 16:27:00,79823.80,79871.80,79823.80,79854.20,211.643000,1117,169.034000,42.609000,79854.26,106884.68,0.00002394,0.143000,0.000000,0
2026-09-05 16:28:00,79854.30,79854.30,79788.80,79805.30,95.262000,884,19.717000,75.545000,79814.81,106847.86,0.00002394,0.020000,0.000000,0
2026-09-05 16:29:00,79805.20,79805.30,79801.20,79805.30,37.701000,219,19.878000,17.823000,79802.45,106859.61,0.00002391,0.000000,0.000000,0
2026-09-05 16:30:00,79805.20,79859.30,79805.20,79854.20,80.210000,579,57.594000,22.616000,79845.54,106869.80,0.00002352,0.091000,0.000000,0
2026-09-05 16:31:00,79854.20,79966.00,79854.10,79883.20,480.849000,2260,385.315000,95.534000,79901.33,106876.30,0.00002352,0.736000,0.000000,0
2026-09-05 16:32:00,79883.20,79930.00,79880.10,79918.60,200.281000,1073,108.387000,91.894000,79909.07,106743.23,0.00002366,0.450000,0.000000,0
2026-09-05 16:33:00,79918.50,79922.60,79915.50,79915.50,58.887000,402,26.117000,32.770000,79920.94,106731.93,0.00002358,0.000000,0.000000,0
2026-09-05 16:34:00,79915.60,79915.60,79856.40,79871.20,169.635000,927,93.545000,76.090000,79874.99,106734.79,0.00002374,0.000000,0.000000,0
2026-09-05 16:35:00,79871.30,79957.00,79871.20,79952.00,167.182000,926,130.862000,36.320000,79907.58,106835.68,0.00002374,1.250000,0.000000,0
2026-09-05 16:36:00,79951.90,79952.00,79892.20,79908.90,116.333000,821,42.250000,74.083000,79917.11,106821.55,0.00002324,0.437000,0.000000,0
2026-09-05 16:37:00,79908.80,79912.20,79903.80,79912.10,37.795000,276,20.529000,17.266000,79907.16,106799.54,0.00002351,0.000000,0.000000,0
2026-09-05 16:38:00,79912.20,79912.20,79894.40,79894.40,44.418000,295,13.476000,30.942000,79907.21,106788.81,0.00002351,0.000000,0.000000,0
2026-09-05 16:39:00,79894.40,79899.50,79881.40,79891.50,65.624000,494,32.231000,33.393000,79890.49,106798.40,0.00002338,0.000000,0.000000,0
2026-09-05 16:40:00,79891.50,79896.80,79891.40,79896.70,27.856000,196,19.078000,8.778000,79893.75,106800.92,0.00002304,0.000000,0.000000,0
2026-09-05 16:41:00,79896.80,79919.00,79892.10,79892.10,61.248000,533,34.938000,26.310000,79909.10,106798.18,0.00002279,0.000000,0.000000,0
2026-09-05 16:42:00,79892.10,79908.00,79888.80,79902.80,89.965000,437,57.639000,32.326000,79896.46,106797.05,0.00002279,0.000000,0.000000,0
2026-09-05 16:43:00,79902.80,79909.20,79884.70,79884.80,43.441000,354,19.723000,23.718000,79895.36,106780.82,0.00002261,0.000000,0.000000,0
2026-09-05 16:44:00,79884.70,79892.90,79884.70,79892.90,18.469000,231,13.585000,4.884000,79886.54,106789.13,0.00002227,0.001000,0.000000,0
2026-09-05 16:45:00,79892.90,79900.00,79892.80,79894.40,21.757000,264,13.675000,8.082000,79897.21,106777.36,0.00002227,0.010000,0.000000,0
2026-09-05 16:46:00,79894.50,79940.90,79894.40,79928.40,71.980000,585,52.254000,19.726000,79918.90,106779.93,0.00002175,0.000000,0.000000,0
2026-09-05 16:47:00,79928.30,79928.40,79891.00,79896.50,60.810000,546,22.569000,38.241000,79905.75,106786.60,0.00002150,0.000000,0.000000,0
2026-09-05 16:48:00,79896.50,79912.20,79888.10,79888.10,33.136000,419,15.215000,17.921000,79900.73,106780.79,0.00002150,0.000000,0.000000,0
2026-09-05 16:49:00,79888.00,79948.00,79888.00,79933.50,64.797000,663,32.609000,32.188000,79923.94,106781.90,0.00002107,0.160000,0.000000,0
2026-09-05 16:50:00,79933.50,79954.30,79917.30,79954.30,177.752000,728,152.289000,25.463000,79936.27,106743.41,0.00002077,0.244000,0.000000,0
2026-09-05 16:51:00,79954.30,79960.10,79948.40,79948.50,124.974000,474,50.339000,74.635000,79957.15,106744.19,0.00002079,0.087000,0.000000,0
2026-09-05 16:52:00,79948.50,79948.50,79935.80,79935.90,36.468000,275,12.641000,23.827000,79943.36,106779.75,0.00002079,0.000000,0.000000,0
2026-09-05 16:53:00,79935.80,79988.70,79929.00,79967.50,132.378000,864,105.930000,26.448000,79961.82,106777.88,0.00002094,0.477000,0.000000,0
2026-09-05 16:54:00,79967.60,79973.60,79938.40,79973.50,104.919000,813,52.566000,52.353000,79957.32,106749.65,0.00002085,0.011000,0.000000,0
2026-09-05 16:55:00,79973.60,80076.20,79971.10,80065.30,473.725000,2626,373.072000,100.653000,80021.38,106760.63,0.00002085,4.212000,0.000000,0
2026-09-05 16:56:00,80065.20,80140.00,80027.50,80058.60,478.362000,2649,309.976000,168.386000,80082.43,106614.42,0.00002086,2.568000,0.000000,0
2026-09-05 16:57:00,80058.60,80077.50,80030.30,80073.40,131.440000,980,60.708000,70.732000,80054.51,106644.92,0.00002143,0.020000,0.000000,0
2026-09-05 16:58:00,80073.30,80167.00,80073.30,80128.10,332.683000,1808,203.608000,129.075000,80139.14,106633.62,0.00002142,4.921000,0.000000,0
2026-09-05 16:59:00,80128.00,80128.10,80065.40,80065.50,163.149000,984,66.205000,96.944000,80095.76,106639.85,0.00002142,0.000000,0.000000,0
2026-09-05 17:00:00,80065.40,80065.40,79974.20,80001.40,368.878000,1603,134.469000,234.409000,80022.32,106630.15,0.00002217,0.000000,0.009000,0
2026-09-05 17:01:00,80001.50,80061.20,79971.40,79983.80,266.202000,1853,136.690000,129.512000,80014.13,106680.95,0.00002122,0.106000,0.000000,0
2026-09-05 17:02:00,79983.70,80014.70,79972.60,79986.50,104.419000,822,52.646000,51.773000,79995.22,106679.99,0.00002122,0.036000,0.000000,0
2026-09-05 17:03:00,79986.50,80062.60,79972.90,80049.90,121.351000,1048,65.319000,56.032000,80006.11,106703.96,0.00002013,0.000000,0.000000,0
2026-09-05 17:04:00,80049.90,80094.20,80039.10,80050.00,146.692000,1132,55.773000,90.919000,80073.41,106691.16,0.00001926,0.832000,0.000000,0
2026-09-05 17:05:00,80050.10,80055.00,79997.00,79997.00,90.940000,685,14.137000,76.803000,80019.15,106700.35,0.00001926,0.000000,0.000000,0
2026-09-05 17:06:00,79997.00,80003.20,79992.10,80003.20,36.942000,327,18.358000,18.584000,79998.37,106672.41,0.00001940,0.000000,0.000000,0
2026-09-05 17:07:00,80003.10,80009.60,79992.10,79992.10,40.746000,343,13.185000,27.561000,80003.30,106680.13,0.00001842,0.000000,0.000000,0
2026-09-05 17:08:00,79992.10,80094.20,79992.10,80094.10,80.663000,928,63.264000,17.399000,80029.22,106683.56,0.00001788,0.107000,0.000000,0
2026-09-05 17:09:00,80094.10,80116.00,80034.10,80057.70,77.334000,953,33.026000,44.308000,80075.62,106662.92,0.00001788,0.000000,0.000000,0
2026-09-05 17:10:00,80057.70,80121.00,80050.40,80070.10,123.124000,1161,55.187000,67.937000,80096.04,106651.07,0.00001799,0.019000,0.000000,0
2026-09-05 17:11:00,80070.00,80081.10,80059.60,80068.40,38.629000,537,15.474000,23.155000,80067.30,106629.75,0.00001832,0.004000,0.000000,0
2026-09-05 17:12:00,80068.40,80088.50,80068.40,80076.90,42.709000,463,27.036000,15.673000,80078.89,106620.42,0.00001832,0.071000,0.000000,0
2026-09-05 17:13:00,80076.90,80076.90,80023.80,80062.80,85.982000,752,32.747000,53.235000,80047.84,106618.54,0.00001780,0.000000,0.000000,0
2026-09-05 17:14:00,80062.90,80065.90,80056.80,80057.40,40.342000,367,21.313000,19.029000,80060.80,106632.55,0.00001724,0.011000,0.000000,0
2026-09-05 17:15:00,80057.40,80094.20,80057.30,80094.20,32.174000,368,24.723000,7.451000,80071.87,106636.47,0.00001710,0.000000,0.000000,0
2026-09-05 17:16:00,80094.20,80119.80,80026.00,80026.10,102.637000,1040,24.798000,77.839000,80076.12,106636.07,0.00001710,0.000000,0.000000,0
2026-09-05 17:17:00,80026.10,80063.40,80026.00,80030.60,40.213000,582,21.566000,18.647000,80047.88,106636.09,0.00001707,0.000000,0.000000,0
2026-09-05 17:18:00,80030.50,80030.60,79972.30,79980.90,143.542000,877,26.725000,116.817000,79993.23,106636.47,0.00001678,0.000000,0.000000,0
2026-09-05 17:19:00,79980.90,80014.90,79980.90,80014.90,68.658000,571,32.510000,36.148000,79998.93,106644.16,0.00001678,0.000000,0.000000,0
2026-09-05 17:20:00,80014.80,80044.00,79998.90,80005.80,245.968000,1183,90.517000,155.451000,80015.07,106651.79,0.00001611,0.000000,0.000000,0
2026-09-05 17:21:00,80005.90,80027.30,80005.80,80021.20,51.498000,436,25.716000,25.782000,80020.31,106570.60,0.00001604,0.000000,0.017000,0
2026-09-05 17:22:00,80021.10,80039.80,80016.40,80036.70,42.852000,329,20.346000,22.506000,80028.05,106567.39,0.00001572,0.001000,0.000000,0
2026-09-05 17:23:00,80036.80,80036.80,80015.70,80015.70,14.900000,246,3.563000,11.337000,80028.01,106575.16,0.00001572,0.000000,0.000000,0
2026-09-05 17:24:00,80015.70,80024.80,80015.70,80024.80,10.644000,163,6.938000,3.706000,80016.94,106578.56,0.00001572,0.000000,0.000000,0
2026-09-05 17:25:00,80024.80,80038.80,80017.50,80017.60,58.960000,404,35.928000,23.032000,80030.31,106594.59,0.00001516,0.000000,0.000000,0
2026-09-05 17:26:00,80017.60,80040.00,80017.50,80018.40,33.440000,393,10.613000,22.827000,80029.16,106606.20,0.00001516,0.000000,0.000000,0
2026-09-05 17:27:00,80018.50,80018.50,79995.10,80008.30,52.537000,408,11.995000,40.542000,80011.46,106611.80,0.00001497,0.000000,0.000000,0
2026-09-05 17:28:00,80008.30,80008.30,79965.50,79965.70,50.691000,493,6.548000,44.143000,79976.07,106611.97,0.00001452,0.000000,0.000000,0
2026-09-05 17:29:00,79965.60,79965.70,79925.10,79963.90,122.566000,905,45.267000,77.299000,79948.51,106607.62,0.00001452,0.000000,0.000000,0
2026-09-05 17:30:00,79963.90,79993.80,79963.90,79993.70,23.127000,406,16.561000,6.566000,79974.50,106606.29,0.00001355,0.000000,0.000000,0
2026-09-05 17:31:00,79993.70,80024.10,79993.70,80008.20,38.280000,518,21.516000,16.764000,80009.83,106605.33,0.00001361,0.000000,0.000000,0
2026-09-05 17:32:00,80008.20,80025.00,80003.80,80024.90,15.940000,296,11.368000,4.572000,80008.76,106601.51,0.00001452,0.000000,0.000000,0
2026-09-05 17:33:00,80025.00,80074.10,80024.90,80074.10,39.920000,502,36.257000,3.663000,80042.46,106607.93,0.00001452,0.027000,0.000000,0
2026-09-05 17:34:00,80074.20,80110.60,80052.00,80052.10,65.697000,912,31.882000,33.815000,80084.84,106597.72,0.00001516,1.000000,0.001000,0
2026-09-05 17:35:00,80052.00,80060.00,80030.30,80030.30,49.685000,376,20.299000,29.386000,80046.89,106610.32,0.00001610,0.000000,0.000000,0
2026-09-05 17:36:00,80030.40,80031.60,80001.50,80027.20,80.122000,573,55.999000,24.123000,80013.68,106600.74,0.00001610,0.000000,0.000000,0
2026-09-05 17:37:00,80027.20,80038.00,80010.30,80023.60,64.600000,484,48.582000,16.018000,80023.45,106622.59,0.00001612,0.000000,0.000000,0
2026-09-05 17:38:00,80023.60,80039.90,79988.00,79988.00,56.593000,541,17.041000,39.552000,80013.58,106600.37,0.00001600,0.000000,0.000000,0
2026-09-05 17:39:00,79988.00,79988.00,79955.50,79967.20,49.972000,459,14.428000,35.544000,79966.76,106570.69,0.00001608,0.000000,0.000000,0
2026-09-05 17:40:00,79967.30,79967.30,79950.30,79950.40,37.579000,275,5.613000,31.966000,79957.36,106561.99,0.00001608,0.000000,0.000000,0
2026-09-05 17:41:00,79950.30,79976.20,79950.30,79965.50,31.994000,359,14.299000,17.695000,79967.29,106559.08,0.00001544,0.000000,0.000000,0
2026-09-05 17:42:00,79965.60,79976.20,79950.00,79959.70,71.401000,403,24.209000,47.192000,79961.44,106558.72,0.00001546,0.000000,0.000000,0
2026-09-05 17:43:00,79959.70,79975.80,79959.70,79973.70,35.854000,251,13.703000,22.151000,79967.75,106559.12,0.00001546,0.000000,0.000000,0
2026-09-05 17:44:00,79973.80,79983.70,79966.60,79983.60,68.733000,416,18.643000,50.090000,79977.44,106587.53,0.00001569,0.000000,0.000000,0
2026-09-05 17:45:00,79983.60,80042.00,79983.50,80012.90,90.251000,692,75.023000,15.228000,80017.05,106594.91,0.00001618,0.000000,0.000000,0
2026-09-05 17:46:00,80013.00,80030.60,79991.70,80014.40,73.927000,600,37.179000,36.748000,80006.94,106593.40,0.00001717,0.000000,0.001000,0
2026-09-05 17:47:00,80014.40,80048.00,80014.40,80037.50,38.911000,422,25.217000,13.694000,80037.38,106607.16,0.00001717,0.000000,0.001000,0
2026-09-05 17:48:00,80037.50,80054.50,80033.10,80033.10,33.293000,406,21.840000,11.453000,80040.07,106599.15,0.00001792,0.000000,0.000000,0
2026-09-05 17:49:00,80033.10,80033.10,79991.80,79991.80,53.710000,491,26.047000,27.663000,80013.13,106589.88,0.00001894,0.000000,0.000000,0
2026-09-05 17:50:00,79991.80,80021.90,79991.80,80017.90,43.549000,428,29.110000,14.439000,80005.11,106594.68,0.00001894,0.000000,0.000000,0
2026-09-05 17:51:00,80018.00,80037.60,80010.00,80037.60,42.414000,459,32.487000,9.927000,80022.25,106595.14,0.00001957,0.000000,0.000000,0
2026-09-05 17:52:00,80037.60,80049.10,80025.00,80025.00,47.082000,417,20.968000,26.114000,80037.70,106592.31,0.00002057,0.000000,0.000000,0
2026-09-05 17:53:00,80025.10,80055.00,80025.00,80054.90,33.288000,352,26.420000,6.868000,80040.60,106585.06,0.00002189,0.000000,0.000000,0
2026-09-05 17:54:00,80054.90,80065.90,80029.30,80061.10,55.466000,796,35.576000,19.890000,80045.30,106572.68,0.00002189,0.000000,0.000000,0
2026-09-05 17:55:00,80061.00,80061.10,80031.40,80032.20,33.817000,421,19.206000,14.611000,80042.45,106566.10,0.00002311,0.016000,0.000000,0
2026-09-05 17:56:00,80032.20,80048.90,80004.30,80046.80,88.246000,989,35.739000,52.507000,80024.81,106554.54,0.00002401,0.009000,0.000000,0
2026-09-05 17:57:00,80046.70,80050.00,80017.50,80024.00,49.814000,776,32.019000,17.795000,80032.87,106548.76,0.00002401,0.000000,0.000000,0
2026-09-05 17:58:00,80024.00,80034.20,79995.30,79995.40,95.602000,831,33.425000,62.177000,80011.92,106554.88,0.00002470,0.009000,0.000000,0
2026-09-05 17:59:00,79995.30,80033.30,79995.30,80033.30,101.535000,948,58.922000,42.613000,80010.94,106570.91,0.00002518,0.176000,0.020000,0
2026-09-05 18:00:00,80033.30,80047.50,80016.00,80030.00,81.496000,844,56.578000,24.918000,80034.22,106547.92,0.00002540,0.000000,0.000000,0
2026-09-05 18:01:00,80030.10,80049.10,79978.60,80030.20,100.179000,1186,56.524000,43.655000,80008.13,106531.87,0.00002540,0.000000,0.000000,0
2026-09-05 18:02:00,80030.10,80049.50,80007.50,80041.10,60.453000,833,46.111000,14.342000,80026.51,106523.22,0.00002617,0.000000,0.000000,0
2026-09-05 18:03:00,80041.00,80047.00,80004.00,80024.30,42.713000,745,27.980000,14.733000,80021.02,106521.65,0.00002692,0.000000,0.006000,0
2026-09-05 18:04:00,80024.40,80024.40,80000.00,80012.80,45.321000,473,30.632000,14.689000,80009.13,106519.33,0.00002692,0.004000,0.000000,0
2026-09-05 18:05:00,80012.90,80012.90,79998.00,79998.10,37.242000,369,23.428000,13.814000,80003.43,106509.61,0.00002753,0.000000,0.000000,0
2026-09-05 18:06:00,79998.00,80039.70,79998.00,80039.70,33.520000,412,22.236000,11.284000,80018.12,106514.59,0.00002798,0.000000,0.000000,0
2026-09-05 18:07:00,80039.70,80052.90,80016.00,80016.10,44.276000,443,16.439000,27.837000,80038.18,106517.69,0.00002798,0.000000,0.000000,0
2026-09-05 18:08:00,80016.00,80016.10,79998.20,79998.30,13.944000,217,3.537000,10.407000,80004.96,106518.03,0.00002889,0.000000,0.000000,0
2026-09-05 18:09:00,79998.30,80006.00,79997.00,79997.00,17.511000,230,8.243000,9.268000,80001.97,106511.57,0.00002955,0.000000,0.000000,0
2026-09-05 18:10:00,79997.10,79997.10,79977.10,79977.10,19.766000,271,1.534000,18.232000,79982.35,106509.78,0.00002966,0.000000,0.000000,0
2026-09-05 18:11:00,79977.10,79977.20,79936.20,79954.70,98.370000,669,20.121000,78.249000,79955.35,106532.41,0.00002966,0.000000,0.000000,0
2026-09-05 18:12:00,79954.60,79977.10,79954.60,79970.10,43.799000,317,14.612000,29.187000,79972.40,106538.58,0.00002946,0.000000,0.000000,0
2026-09-05 18:13:00,79970.00,79970.10,79950.00,79960.90,22.016000,316,5.818000,16.198000,79960.41,106547.29,0.00002936,0.000000,0.000000,0
2026-09-05 18:14:00,79960.90,79975.00,79960.90,79975.00,14.862000,192,8.565000,6.297000,79966.39,106549.13,0.00002936,0.002000,0.000000,0
2026-09-05 18:15:00,79975.00,79975.00,79967.00,79969.70,15.210000,188,6.565000,8.645000,79971.39,106552.35,0.00002939,0.000000,0.000000,0
2026-09-05 18:16:00,79969.60,79969.70,79939.50,79953.90,42.700000,387,15.179000,27.521000,79951.44,106559.76,0.00002957,0.000000,0.000000,0
2026-09-05 18:17:00,79953.90,79957.20,79953.90,79957.20,10.599000,126,4.177000,6.422000,79956.21,106560.75,0.00002937,0.000000,0.000000,0
2026-09-05 18:18:00,79957.10,79957.20,79940.00,79940.10,22.581000,250,2.241000,20.340000,79944.75,106558.13,0.00002937,0.063000,0.000000,0
2026-09-05 18:19:00,79940.00,79979.20,79938.00,79979.10,55.893000,401,47.101000,8.792000,79947.36,106579.59,0.00002934,0.000000,0.006000,0
2026-09-05 18:20:00,79979.20,79993.60,79979.10,79989.60,25.592000,247,15.842000,9.750000,79987.21,106580.41,0.00002952,0.031000,0.000000,0
2026-09-05 18:21:00,79989.50,79989.60,79975.50,79987.40,8.785000,238,5.501000,3.284000,79982.18,106580.47,0.00002952,0.220000,0.000000,0
2026-09-05 18:22:00,79987.30,79987.40,79959.20,79974.10,25.374000,359,12.567000,12.807000,79967.45,106583.01,0.00003040,0.000000,0.000000,0
2026-09-05 18:23:00,79974.10,79984.00,79974.00,79980.60,6.548000,159,3.195000,3.353000,79982.00,106584.43,0.00003088,0.000000,0.000000,0
2026-09-05 18:24:00,79980.60,79989.60,79959.70,79959.70,68.788000,598,26.307000,42.481000,79974.23,106587.05,0.00003164,0.000000,0.000000,0
2026-09-05 18:25:00,79959.70,79965.50,79951.40,79965.40,17.486000,245,10.642000,6.844000,79957.85,106578.72,0.00003164,0.000000,0.000000,0
2026-09-05 18:26:00,79965.50,79968.10,79965.50,79968.00,4.424000,102,2.480000,1.944000,79967.93,106578.30,0.00003192,0.000000,0.000000,0
2026-09-05 18:27:00,79968.10,79968.10,79968.00,79968.00,6.171000,86,2.898000,3.273000,79968.05,106577.80,0.00003217,0.000000,0.000000,0
2026-09-05 18:28:00,79968.10,79968.10,79944.20,79944.40,59.816000,311,7.503000,52.313000,79955.78,106614.58,0.00003217,0.000000,0.000000,0
2026-09-05 18:29:00,79944.50,79944.50,79934.00,79934.90,41.763000,207,12.503000,29.260000,79935.54,106607.00,0.00003251,0.000000,0.000000,0
2026-09-05 18:30:00,79934.90,79935.00,79912.30,79915.40,55.791000,316,10.014000,45.777000,79927.68,106608.09,0.00003230,0.000000,0.000000,0
2026-09-05 18:31:00,79915.50,80003.00,79915.50,80003.00,91.933000,746,73.713000,18.220000,79960.47,106594.35,0.00003197,0.009000,0.000000,0
2026-09-05 18:32:00,80003.00,80018.00,79975.00,79975.00,36.930000,519,16.134000,20.796000,80008.90,106582.98,0.00003197,0.012000,0.000000,0
2026-09-05 18:33:00,79974.30,79974.30,79941.70,79941.80,11.421000,307,4.475000,6.946000,79952.84,106583.65,0.00003262,0.000000,0.000000,0
2026-09-05 18:34:00,79941.80,79941.80,79931.60,79931.60,12.381000,176,6.229000,6.152000,79933.27,106584.84,0.00003336,0.000000,0.000000,0
2026-09-05 18:35:00,79931.60,79954.40,79931.60,79954.40,11.999000,224,7.929000,4.070000,79939.16,106584.11,0.00003336,0.000000,0.000000,0
2026-09-05 18:36:00,79954.30,79954.30,79942.60,79946.60,9.474000,179,1.907000,7.567000,79946.22,106584.37,0.00003320,0.000000,0.000000,0
2026-09-05 18:37:00,79946.60,79961.60,79946.50,79961.60,5.120000,176,3.268000,1.852000,79952.35,106584.63,0.00003335,0.000000,0.000000,0
2026-09-05 18:38:00,79961.60,79961.60,79961.50,79961.50,7.483000,96,4.050000,3.433000,79961.55,106583.65,0.00003365,0.000000,0.000000,0
2026-09-05 18:39:00,79961.60,79961.60,79943.30,79943.30,14.052000,226,0.507000,13.545000,79950.83,106581.18,0.00003365,0.000000,0.000000,0
2026-09-05 18:40:00,79943.30,79943.40,79943.30,79943.30,3.983000,88,0.635000,3.348000,79943.32,106580.84,0.00003414,0.002000,0.006000,0
2026-09-05 18:41:00,79943.40,79943.40,79928.30,79931.60,21.522000,194,4.658000,16.864000,79935.45,106579.25,0.00003419,0.000000,0.000000,0
2026-09-05 18:42:00,79931.50,79931.60,79928.30,79928.40,8.314000,109,0.488000,7.826000,79928.87,106580.08,0.00003419,0.000000,0.000000,0
2026-09-05 18:43:00,79928.30,79928.40,79896.10,79900.20,75.975000,526,19.390000,56.585000,79906.16,106581.08,0.00003406,0.000000,0.000000,0
2026-09-05 18:44:00,79900.20,79944.00,79900.20,79932.70,142.101000,775,91.407000,50.694000,79923.74,106582.91,0.00003382,0.000000,0.314000,0
2026-09-05 18:45:00,79932.80,79962.70,79915.10,79940.10,122.889000,862,70.622000,52.267000,79936.87,106581.69,0.00003363,0.056000,0.000000,0
2026-09-05 18:46:00,79940.00,79940.10,79915.70,79921.40,50.294000,275,9.143000,41.151000,79924.51,106606.14,0.00003363,0.000000,0.000000,0
2026-09-05 18:47:00,79921.40,79925.70,79913.90,79913.90,11.855000,181,2.196000,9.659000,79921.67,106607.93,0.00003401,0.000000,0.000000,0
2026-09-05 18:48:00,79913.90,79924.20,79908.50,79918.50,26.036000,272,6.044000,19.992000,79915.05,106604.33,0.00003398,0.000000,0.000000,0
2026-09-05 18:49:00,79918.40,79918.40,79908.50,79911.00,10.017000,160,1.658000,8.359000,79910.24,106604.33,0.00003398,0.000000,0.000000,0
2026-09-05 18:50:00,79910.90,79911.00,79910.90,79911.00,6.697000,81,2.727000,3.970000,79910.94,106602.48,0.00003367,0.000000,0.000000,0
2026-09-05 18:51:00,79910.90,79911.00,79892.60,79903.90,33.897000,295,6.226000,27.671000,79900.03,106603.90,0.00003350,0.000000,0.000000,0
2026-09-05 18:52:00,79904.00,79912.00,79903.90,79911.90,13.829000,151,7.583000,6.246000,79908.74,106608.19,0.00003319,0.000000,0.000000,0
2026-09-05 18:53:00,79912.00,79931.20,79911.90,79931.20,19.410000,212,14.264000,5.146000,79915.02,106604.43,0.00003319,0.000000,0.000000,0
2026-09-05 18:54:00,79931.20,79931.20,79924.00,79924.00,17.669000,132,5.042000,12.627000,79929.83,106602.15,0.00003312,0.000000,0.000000,0
2026-09-05 18:55:00,79924.00,79924.10,79911.00,79919.00,21.454000,205,7.612000,13.842000,79916.11,106599.46,0.00003310,0.000000,0.000000,0
2026-09-05 18:56:00,79919.00,79928.70,79918.90,79920.50,34.756000,202,7.748000,27.008000,79926.84,106604.99,0.00003310,0.000000,0.000000,0
2026-09-05 18:57:00,79920.50,79948.80,79920.50,79948.80,80.622000,244,79.857000,0.765000,79926.35,106594.78,0.00003282,0.000000,0.000000,0
2026-09-05 18:58:00,79948.80,79968.90,79948.70,79968.90,37.577000,326,33.302000,4.275000,79957.33,106576.89,0.00003297,0.000000,0.000000,0
2026-09-05 18:59:00,79968.90,79968.90,79959.10,79959.20,8.604000,144,1.762000,6.842000,79963.76,106566.23,0.00003334,0.000000,0.000000,0
2026-09-05 19:00:00,79959.10,79959.20,79959.10,79959.20,4.288000,89,3.766000,0.522000,79959.19,106560.51,0.00003334,0.000000,0.000000,0
2026-09-05 19:01:00,79959.20,79959.20,79910.00,79910.00,45.779000,417,1.738000,44.041000,79946.20,106557.92,0.00003374,0.000000,0.000000,0
2026-09-05 19:02:00,79910.00,79910.10,79904.60,79904.60,11.015000,175,1.306000,9.709000,79908.88,106567.32,0.00003377,0.000000,0.000000,0
2026-09-05 19:03:00,79904.70,79904.70,79891.40,79900.00,20.573000,288,9.009000,11.564000,79892.87,106573.51,0.00003344,0.000000,0.000000,0
2026-09-05 19:04:00,79900.00,79900.00,79891.00,79891.00,16.529000,181,1.780000,14.749000,79897.72,106573.44,0.00003344,0.000000,0.000000,0
2026-09-05 19:05:00,79891.10,79897.80,79891.00,79897.80,7.081000,167,2.114000,4.967000,79892.38,106570.02,0.00003298,0.000000,0.000000,0
2026-09-05 19:06:00,79897.80,79898.50,79897.70,79898.50,10.019000,145,9.045000,0.974000,79897.80,106570.60,0.00003253,0.000000,0.000000,0
2026-09-05 19:07:00,79898.50,79916.70,79898.50,79916.70,10.818000,213,8.835000,1.983000,79913.03,106573.61,0.00003253,0.000000,0.000000,0
2026-09-05 19:08:00,79916.60,79916.70,79916.60,79916.60,5.110000,107,1.311000,3.799000,79916.63,106570.08,0.00003243,0.000000,0.000000,0
2026-09-05 19:09:00,79916.70,79928.90,79910.50,79910.50,39.687000,276,13.989000,25.698000,79923.43,106570.10,0.00003259,0.000000,0.000000,0
2026-09-05 19:10:00,79910.40,79917.80,79910.40,79913.80,7.177000,129,3.486000,3.691000,79916.11,106554.28,0.00003275,0.000000,0.000000,0
2026-09-05 19:11:00,79913.80,79936.00,79913.70,79936.00,40.841000,263,16.120000,24.721000,79918.90,106555.47,0.00003275,0.000000,0.000000,0
2026-09-05 19:12:00,79935.90,79936.00,79935.90,79936.00,2.794000,92,1.913000,0.881000,79935.97,106576.78,0.00003263,0.000000,0.000000,0
2026-09-05 19:13:00,79935.90,79936.00,79913.90,79922.70,34.047000,284,8.861000,25.186000,79928.10,106575.73,0.00003286,0.000000,0.000000,0
2026-09-05 19:14:00,79922.80,79922.80,79905.00,79905.00,8.001000,184,0.808000,7.193000,79913.53,106590.05,0.00003286,0.000000,0.000000,0
2026-09-05 19:15:00,79905.00,79905.00,79900.00,79901.60,23.116000,126,18.416000,4.700000,79900.88,106590.92,0.00003295,0.000000,0.000000,0
2026-09-05 19:16:00,79901.60,79930.00,79901.50,79929.60,36.122000,298,33.121000,3.001000,79916.81,106574.96,0.00003284,0.000000,0.000000,0
2026-09-05 19:17:00,79929.70,79929.70,79920.00,79920.00,16.286000,137,5.479000,10.807000,79923.29,106553.90,0.00003284,0.000000,0.000000,0
2026-09-05 19:18:00,79920.00,79920.10,79904.00,79904.10,12.635000,208,3.781000,8.854000,79907.46,106555.74,0.00003284,0.000000,0.000000,0
2026-09-05 19:19:00,79904.10,79904.10,79898.00,79898.10,9.190000,117,0.716000,8.474000,79898.67,106558.33,0.00003289,0.000000,0.000000,0
2026-09-05 19:20:00,79898.10,79898.10,79898.00,79898.00,10.000000,70,4.658000,5.342000,79898.05,106561.52,0.00003266,0.000000,0.000000,0
2026-09-05 19:21:00,79898.10,79905.60,79892.60,79892.60,8.785000,170,1.859000,6.926000,79901.10,106562.82,0.00003266,0.000000,0.000000,0
2026-09-05 19:22:00,79892.60,79892.70,79859.50,79866.00,31.314000,412,2.695000,28.619000,79877.89,106562.26,0.00003242,0.000000,0.051000,0
2026-09-05 19:23:00,79866.00,79882.30,79866.00,79882.20,22.361000,198,14.307000,8.054000,79871.65,106556.98,0.00003203,0.000000,0.000000,0
2026-09-05 19:24:00,79882.30,79904.00,79882.20,79904.00,8.504000,197,5.394000,3.110000,79889.41,106557.44,0.00003167,0.000000,0.000000,0
2026-09-05 19:25:00,79904.00,79923.80,79904.00,79923.80,16.281000,169,12.449000,3.832000,79913.66,106556.15,0.00003167,0.000000,0.000000,0
2026-09-05 19:26:00,79923.80,79949.60,79923.70,79937.80,27.179000,347,10.607000,16.572000,79943.11,106551.30,0.00003183,0.000000,0.000000,0
2026-09-05 19:27:00,79937.90,79937.90,79937.80,79937.80,3.920000,77,1.282000,2.638000,79937.83,106557.10,0.00003232,0.000000,0.000000,0
2026-09-05 19:28:00,79937.90,79950.00,79937.60,79939.70,21.428000,234,14.284000,7.144000,79941.03,106556.23,0.00003232,0.000000,0.000000,0
2026-09-05 19:29:00,79939.60,79939.60,79925.20,79925.20,8.480000,141,1.919000,6.561000,79937.28,106554.76,0.00003255,0.000000,0.000000,0
2026-09-05 19:30:00,79925.20,79925.20,79925.10,79925.20,8.766000,72,6.208000,2.558000,79925.17,106554.66,0.00003279,0.000000,0.001000,0
2026-09-05 19:31:00,79925.10,79935.00,79925.10,79934.90,4.239000,133,3.213000,1.026000,79930.15,106552.12,0.00003273,0.000000,0.000000,0
2026-09-05 19:32:00,79934.90,79935.00,79934.90,79934.90,3.329000,73,2.513000,0.816000,79934.98,106552.04,0.00003273,0.000000,0.000000,0
2026-09-05 19:33:00,79935.00,79935.00,79902.50,79902.60,61.592000,347,2.201000,59.391000,79920.68,106551.67,0.00003284,0.000000,0.000000,0
2026-09-05 19:34:00,79902.60,79914.70,79873.30,79873.40,32.357000,423,4.551000,27.806000,79895.02,106522.71,0.00003285,0.000000,0.000000,0
2026-09-05 19:35:00,79873.40,79876.80,79740.00,79748.00,438.481000,2082,89.766000,348.715000,79798.08,106525.39,0.00003285,0.000000,0.960000,0
2026-09-05 19:36:00,79748.10,79823.00,79748.00,79810.80,68.311000,677,47.738000,20.573000,79803.30,106388.77,0.00003235,0.000000,0.101000,0
2026-09-05 19:37:00,79810.90,79810.90,79731.50,79736.30,167.795000,1037,32.478000,135.317000,79763.47,106382.52,0.00003182,0.000000,1.463000,0
2026-09-05 19:38:00,79736.40,79744.70,79717.80,79717.80,120.349000,527,34.227000,86.122000,79733.85,106384.46,0.00003143,0.000000,0.000000,0
2026-09-05 19:39:00,79717.90,79738.80,79717.80,79738.80,57.531000,308,30.210000,27.321000,79727.08,106354.82,0.00003143,0.000000,0.150000,0
2026-09-05 19:40:00,79738.80,79738.80,79723.80,79723.90,56.914000,225,5.024000,51.890000,79734.14,106365.61,0.00003065,0.000000,0.008000,0
2026-09-05 19:41:00,79723.80,79798.60,79723.80,79798.60,69.485000,671,59.684000,9.801000,79753.42,106385.65,0.00002998,0.000000,0.000000,0
2026-09-05 19:42:00,79798.60,79813.50,79798.50,79805.10,37.764000,368,14.439000,23.325000,79806.89,106376.23,0.00002998,0.000000,0.000000,0
2026-09-05 19:43:00,79805.10,79805.70,79805.00,79805.70,7.693000,101,5.685000,2.008000,79805.08,106375.21,0.00003000,0.000000,0.000000,0
2026-09-05 19:44:00,79805.70,79828.80,79805.70,79824.30,35.316000,280,25.586000,9.730000,79825.36,106377.37,0.00003018,0.000000,0.000000,0
2026-09-05 19:45:00,79824.40,79824.40,79807.00,79819.20,19.321000,251,9.367000,9.954000,79815.42,106367.96,0.00003065,0.000000,0.000000,0
2026-09-05 19:46:00,79819.20,79820.10,79776.10,79790.20,102.747000,606,9.843000,92.904000,79804.92,106373.80,0.00003065,0.000000,0.000000,0
2026-09-05 19:47:00,79790.30,79790.30,79750.70,79750.70,22.814000,337,2.121000,20.693000,79767.26,106319.33,0.00003084,0.000000,0.000000,0
2026-09-05 19:48:00,79750.70,79754.40,79706.20,79754.40,96.285000,765,20.025000,76.260000,79726.10,106315.33,0.00003059,0.000000,0.000000,0
2026-09-05 19:49:00,79754.40,79754.40,79742.60,79746.90,18.738000,186,4.133000,14.605000,79750.28,106316.93,0.00003059,0.000000,0.000000,0
2026-09-05 19:50:00,79746.90,79747.00,79680.80,79710.10,159.258000,1125,40.666000,118.592000,79702.98,106326.68,0.00003020,0.000000,0.321000,0
2026-09-05 19:51:00,79710.10,79711.20,79674.40,79704.00,105.507000,702,37.112000,68.395000,79684.84,106307.32,0.00002964,0.000000,1.837000,0
2026-09-05 19:52:00,79703.90,79745.00,79703.90,79731.50,63.380000,523,37.166000,26.214000,79725.98,106323.19,0.00002876,0.000000,0.000000,0
2026-09-05 19:53:00,79731.60,79731.60,79731.50,79731.50,5.598000,116,3.106000,2.492000,79731.56,106332.79,0.00002876,0.000000,0.000000,0
2026-09-05 19:54:00,79731.60,79731.60,79709.90,79727.10,21.736000,334,6.213000,15.523000,79723.64,106335.18,0.00002942,0.000000,0.000000,0
2026-09-05 19:55:00,79727.10,79727.20,79713.20,79713.20,12.918000,192,2.416000,10.502000,79716.29,106341.26,0.00002968,0.000000,0.000000,0
2026-09-05 19:56:00,79713.20,79730.00,79713.20,79729.90,11.427000,184,9.304000,2.123000,79719.11,106345.31,0.00002968,0.000000,0.000000,0
2026-09-05 19:57:00,79730.00,79743.70,79729.90,79742.00,13.524000,193,9.740000,3.784000,79739.64,106349.39,0.00002975,0.000000,0.000000,0
2026-09-05 19:58:00,79742.10,79746.00,79730.30,79745.90,32.765000,306,13.830000,18.935000,79739.89,106350.13,0.00003013,0.000000,0.000000,0
2026-09-05 19:59:00,79746.00,79752.00,79701.20,79709.90,60.307000,602,24.328000,35.979000,79728.53,106355.55,0.00003056,0.000000,0.000000,0
2026-09-05 20:00:00,79710.00,79724.00,79709.90,79719.90,24.926000,183,15.544000,9.382000,79719.34,106350.26,0.00003056,0.000000,0.000000,0
2026-09-05 20:01:00,79719.90,79763.80,79719.90,79763.70,56.703000,520,48.307000,8.396000,79743.27,106363.77,0.00003082,0.000000,0.000000,0
2026-09-05 20:02:00,79763.80,79772.50,79740.00,79740.00,25.560000,377,5.577000,19.983000,79766.43,106348.98,0.00003133,0.000000,0.000000,0
2026-09-05 20:03:00,79740.00,79740.10,79708.80,79708.80,23.614000,328,2.001000,21.613000,79720.40,106346.15,0.00003133,0.000000,0.000000,0
2026-09-05 20:04:00,79708.80,79708.90,79694.50,79694.50,19.798000,200,0.793000,19.005000,79705.15,106339.82,0.00003181,0.000000,0.000000,0
2026-09-05 20:05:00,79694.50,79696.80,79682.90,79683.60,38.718000,292,14.621000,24.097000,79688.35,106342.83,0.00003140,0.029000,0.000000,0
2026-09-05 20:06:00,79683.70,79750.00,79683.60,79749.90,62.943000,673,46.139000,16.804000,79710.40,106349.72,0.00003089,0.000000,0.000000,0
2026-09-05 20:07:00,79750.00,79760.00,79734.00,79734.00,17.720000,298,6.751000,10.969000,79751.10,106347.37,0.00003089,0.000000,0.000000,0
2026-09-05 20:08:00,79734.10,79734.10,79734.00,79734.00,5.176000,111,1.869000,3.307000,79734.04,106350.18,0.00003162,0.000000,0.000000,0
2026-09-05 20:09:00,79734.00,79734.10,79718.50,79718.50,15.254000,188,6.166000,9.088000,79724.60,106348.99,0.00003208,0.012000,0.000000,0
2026-09-05 20:10:00,79718.50,79720.00,79706.70,79713.60,26.270000,212,7.096000,19.174000,79712.06,106346.39,0.00003208,0.009000,0.623000,0
2026-09-05 20:11:00,79713.50,79754.40,79713.50,79754.40,15.292000,325,13.589000,1.703000,79729.97,106349.03,0.00003233,0.000000,0.002000,0
2026-09-05 20:12:00,79754.40,79777.90,79745.80,79777.90,38.205000,426,22.284000,15.921000,79757.27,106349.51,0.00003245,0.000000,0.000000,0
2026-09-05 20:13:00,79777.80,79811.90,79776.70,79811.90,56.209000,656,36.700000,19.509000,79789.85,106342.74,0.00003326,0.184000,0.000000,0
2026-09-05 20:14:00,79812.00,79812.00,79714.10,79718.20,90.200000,862,22.806000,67.394000,79772.03,106338.35,0.00003326,0.000000,0.000000,0
2026-09-05 20:15:00,79718.30,79729.80,79682.70,79705.90,103.123000,723,23.397000,79.726000,79706.97,106369.66,0.00003386,0.000000,0.001000,0
2026-09-05 20:16:00,79705.90,79707.90,79697.50,79697.60,37.521000,174,25.941000,11.580000,79704.79,106375.30,0.00003336,0.019000,0.000000,0
2026-09-05 20:17:00,79697.50,79712.50,79695.60,79708.20,31.520000,239,16.781000,14.739000,79700.23,106378.50,0.00003336,0.000000,0.000000,0
2026-09-05 20:18:00,79708.20,79708.30,79690.00,79690.10,14.765000,205,1.004000,13.761000,79698.02,106386.60,0.00003293,0.000000,0.000000,0
2026-09-05 20:19:00,79690.00,79690.10,79663.00,79668.90,54.037000,414,21.897000,32.140000,79673.29,106389.48,0.00003298,0.000000,0.182000,0
2026-09-05 20:20:00,79668.80,79671.00,79660.20,79663.40,36.364000,267,18.458000,17.906000,79663.96,106372.82,0.00003258,0.000000,0.111000,0
2026-09-05 20:21:00,79663.40,79738.00,79653.00,79738.00,81.568000,847,59.060000,22.508000,79690.79,106364.12,0.00003258,0.043000,0.010000,0
2026-09-05 20:22:00,79737.90,79749.60,79737.90,79738.00,13.196000,260,5.425000,7.771000,79742.23,106379.59,0.00003197,0.000000,0.000000,0
2026-09-05 20:23:00,79737.90,79756.30,79733.00,79751.50,80.377000,415,55.513000,24.864000,79743.27,106347.29,0.00003300,0.000000,0.000000,0
2026-09-05 20:24:00,79751.50,79751.60,79733.00,79733.10,13.480000,178,1.030000,12.450000,79744.10,106337.38,0.00003338,0.000000,0.000000,0
2026-09-05 20:25:00,79733.10,79763.60,79733.00,79763.60,9.025000,240,8.714000,0.311000,79743.76,106336.69,0.00003338,0.000000,0.000000,0
2026-09-05 20:26:00,79763.80,79797.10,79763.70,79793.10,27.434000,323,21.762000,5.672000,79781.08,106340.10,0.00003369,0.000000,0.000000,0
2026-09-05 20:27:00,79793.00,79793.10,79758.80,79789.30,136.102000,612,117.868000,18.234000,79773.81,106391.20,0.00003462,0.000000,0.000000,0
2026-09-05 20:28:00,79789.30,79793.10,79713.00,79730.80,66.038000,788,17.416000,48.622000,79757.48,106393.02,0.00003462,0.000000,0.000000,0
2026-09-05 20:29:00,79730.70,79734.90,79670.90,79671.80,190.450000,1036,21.874000,168.576000,79702.91,106403.60,0.00003542,0.000000,0.000000,0
2026-09-05 20:30:00,79671.90,79687.50,79671.90,79687.40,11.576000,168,6.211000,5.365000,79684.93,106506.98,0.00003537,0.000000,0.000000,0
2026-09-05 20:31:00,79687.50,79701.00,79680.20,79685.10,24.042000,308,14.391000,9.651000,79690.88,106508.76,0.00003558,0.000000,0.000000,0
2026-09-05 20:32:00,79685.10,79710.80,79685.10,79706.70,22.461000,343,16.188000,6.273000,79701.52,106510.85,0.00003558,0.024000,0.000000,0
2026-09-05 20:33:00,79706.80,79706.80,79676.20,79676.30,11.340000,284,1.112000,10.228000,79683.26,106510.20,0.00003607,0.000000,0.000000,0
2026-09-05 20:34:00,79676.20,79680.20,79676.20,79680.20,14.962000,118,7.920000,7.042000,79676.27,106508.26,0.00003634,0.000000,0.083000,0
2026-09-05 20:35:00,79680.10,79690.80,79674.80,79677.30,38.020000,274,6.969000,31.051000,79682.41,106507.55,0.00003634,0.000000,0.000000,0
2026-09-05 20:36:00,79677.30,79690.80,79653.40,79668.00,44.161000,564,19.942000,24.219000,79666.96,106501.18,0.00003635,0.000000,0.000000,0
2026-09-05 20:37:00,79668.00,79729.80,79668.00,79723.00,45.856000,580,36.844000,9.012000,79688.11,106499.78,0.00003647,0.000000,0.000000,0
2026-09-05 20:38:00,79723.00,79733.90,79705.40,79705.40,20.273000,335,11.256000,9.017000,79723.84,106510.47,0.00003636,0.000000,0.000000,0
2026-09-05 20:39:00,79705.40,79705.50,79688.60,79689.30,15.351000,264,9.646000,5.705000,79698.04,106508.81,0.00003636,0.000000,0.000000,0
2026-09-05 20:40:00,79689.30,79689.40,79682.30,79682.30,2.890000,130,1.244000,1.646000,79684.16,106505.85,0.00003662,0.000000,0.000000,0
2026-09-05 20:41:00,79682.40,79710.90,79682.40,79691.90,30.729000,393,19.000000,11.729000,79699.92,106504.12,0.00003650,0.000000,0.000000,0
2026-09-05 20:42:00,79691.90,79718.30,79691.90,79714.70,22.700000,372,9.775000,12.925000,79712.41,106507.80,0.00003650,0.000000,0.000000,0
2026-09-05 20:43:00,79714.80,79746.10,79714.70,79731.80,141.512000,625,104.707000,36.805000,79735.59,106448.08,0.00003669,0.000000,0.000000,0
2026-09-05 20:44:00,79731.90,79740.60,79727.90,79737.40,92.494000,271,79.549000,12.945000,79733.73,106427.80,0.00003718,0.000000,0.000000,0
2026-09-05 20:45:00,79737.50,79753.00,79722.40,79753.00,96.934000,577,65.615000,31.319000,79733.64,106422.02,0.00003770,0.000000,0.000000,0
2026-09-05 20:46:00,79752.90,79752.90,79737.10,79737.10,17.452000,171,2.585000,14.867000,79749.16,106423.35,0.00003770,0.000000,0.000000,0
2026-09-05 20:47:00,79737.10,79750.00,79733.90,79733.90,15.363000,236,9.241000,6.122000,79741.34,106425.48,0.00003841,0.000000,0.000000,0
2026-09-05 20:48:00,79734.00,79734.00,79727.40,79727.40,8.898000,78,7.074000,1.824000,79732.52,106429.13,0.00003874,0.000000,0.000000,0
2026-09-05 20:49:00,79727.50,79742.90,79724.00,79724.10,20.293000,254,15.352000,4.941000,79730.27,106436.63,0.00003874,0.000000,0.000000,0
2026-09-05 20:50:00,79724.00,79738.00,79724.00,79738.00,12.211000,180,10.464000,1.747000,79728.29,106435.72,0.00003893,0.000000,0.000000,0
2026-09-05 20:51:00,79737.90,79753.40,79737.90,79753.40,6.793000,164,6.014000,0.779000,79747.18,106439.40,0.00003921,0.000000,0.000000,0
2026-09-05 20:52:00,79753.50,79766.50,79712.00,79742.80,70.330000,751,18.897000,51.433000,79741.77,106433.19,0.00003995,0.000000,0.000000,0
2026-09-05 20:53:00,79742.90,79742.90,79715.90,79715.90,6.768000,220,1.005000,5.763000,79731.67,106434.20,0.00003995,0.000000,0.000000,0
2026-09-05 20:54:00,79715.90,79716.00,79700.00,79700.10,13.087000,161,2.497000,10.590000,79703.93,106426.65,0.00004027,0.000000,0.000000,0
2026-09-05 20:55:00,79700.00,79716.00,79698.40,79715.90,30.690000,179,28.112000,2.578000,79700.28,106425.30,0.00004009,0.000000,0.000000,0
2026-09-05 20:56:00,79715.90,79716.00,79715.90,79715.90,3.043000,64,2.116000,0.927000,79715.97,106423.83,0.00003990,0.000000,0.000000,0
2026-09-05 20:57:00,79715.90,79716.00,79715.90,79715.90,3.091000,72,1.232000,1.859000,79715.94,106422.25,0.00003990,0.000000,0.000000,0
2026-09-05 20:58:00,79716.00,79720.60,79706.90,79720.60,52.956000,273,31.201000,21.755000,79712.62,106419.20,0.00003998,0.000000,0.000000,0
2026-09-05 20:59:00,79720.60,79760.30,79720.50,79753.00,97.606000,435,77.555000,20.051000,79740.97,106360.94,0.00003995,0.000000,0.000000,0
2026-09-05 21:00:00,79753.00,79753.10,79691.50,79702.20,151.414000,777,26.921000,124.493000,79713.87,106384.72,0.00003995,0.000000,0.000000,0
2026-09-05 21:01:00,79702.20,79709.00,79702.10,79709.00,4.576000,106,3.372000,1.204000,79703.60,106389.37,0.00004037,0.000000,0.000000,0
2026-09-05 21:02:00,79708.90,79722.10,79700.90,79700.90,26.615000,289,8.337000,18.278000,79714.64,106386.20,0.00004018,0.000000,0.000000,0
2026-09-05 21:03:00,79700.70,79715.70,79700.70,79702.80,18.981000,273,7.220000,11.761000,79709.57,106385.32,0.00004032,0.000000,0.000000,0
2026-09-05 21:04:00,79702.80,79715.70,79695.20,79695.30,32.961000,339,7.524000,25.437000,79709.96,106381.60,0.00004032,0.000000,0.000000,0
2026-09-05 21:05:00,79695.20,79721.50,79695.20,79698.60,37.136000,424,9.678000,27.458000,79713.22,106363.45,0.00004007,0.000000,0.000000,0
2026-09-05 21:06:00,79698.60,79698.60,79683.00,79689.00,19.482000,262,11.484000,7.998000,79686.30,106349.33,0.00003985,0.000000,0.000000,0
2026-09-05 21:07:00,79689.00,79707.00,79689.00,79704.70,19.681000,228,18.693000,0.988000,79702.18,106348.13,0.00003985,0.000000,0.000000,0
2026-09-05 21:08:00,79704.70,79715.10,79704.70,79715.00,14.663000,146,8.319000,6.344000,79708.09,106346.42,0.00003924,1.666000,0.000000,0
2026-09-05 21:09:00,79715.00,79743.40,79715.00,79743.30,18.265000,270,17.237000,1.028000,79732.04,106345.49,0.00003928,0.000000,0.000000,0
2026-09-05 21:10:00,79743.40,79743.40,79743.30,79743.30,3.740000,127,1.855000,1.885000,79743.35,106344.87,0.00003968,0.000000,0.000000,0
2026-09-05 21:11:00,79743.40,79750.90,79743.30,79750.90,11.927000,167,11.327000,0.600000,79745.59,106347.08,0.00003968,0.000000,0.000000,0
2026-09-05 21:12:00,79750.90,79754.80,79750.80,79754.80,7.464000,136,5.664000,1.800000,79752.69,106346.26,0.00004010,0.000000,0.000000,0
2026-09-05 21:13:00,79754.70,79760.90,79744.00,79748.90,29.511000,314,21.205000,8.306000,79751.57,106337.47,0.00004063,0.000000,0.000000,0
2026-09-05 21:14:00,79748.90,79748.90,79719.40,79746.80,20.123000,357,11.108000,9.015000,79733.42,106331.14,0.00004063,0.000000,0.000000,0
2026-09-05 21:15:00,79746.90,79754.60,79746.80,79749.90,7.687000,115,3.088000,4.599000,79750.69,106331.84,0.00004107,0.000000,0.000000,0
2026-09-05 21:16:00,79749.80,79749.80,79735.00,79748.30,34.761000,206,19.536000,15.225000,79742.19,106343.30,0.00004150,0.000000,0.000000,0
2026-09-05 21:17:00,79748.40,79748.40,79748.30,79748.30,2.937000,82,1.135000,1.802000,79748.34,106343.05,0.00004179,0.000000,0.000000,0
2026-09-05 21:18:00,79748.30,79755.00,79748.30,79754.90,5.969000,101,5.470000,0.499000,79749.36,106342.72,0.00004179,0.000000,0.000000,0
2026-09-05 21:19:00,79755.00,79784.00,79755.00,79784.00,9.956000,248,7.634000,2.322000,79771.43,106337.39,0.00004198,0.093000,0.000000,0
2026-09-05 21:20:00,79783.90,79803.90,79783.90,79798.80,26.939000,240,21.931000,5.008000,79794.68,106334.42,0.00004244,0.000000,0.000000,0
2026-09-05 21:21:00,79803.90,79805.10,79791.00,79795.00,54.761000,192,34.530000,20.231000,79798.01,106339.50,0.00004244,0.000000,0.000000,0
2026-09-05 21:22:00,79795.00,79800.70,79795.00,79795.00,51.915000,136,22.522000,29.393000,79798.35,106346.48,0.00004334,0.000000,0.000000,0
2026-09-05 21:23:00,79795.10,79828.40,79795.00,79828.40,36.487000,262,34.303000,2.184000,79805.54,106346.53,0.00004409,0.000000,0.000000,0
2026-09-05 21:24:00,79828.50,79828.90,79828.50,79828.90,4.144000,99,2.874000,1.270000,79828.87,106344.56,0.00004505,0.000000,0.000000,0
2026-09-05 21:25:00,79828.90,79841.70,79820.90,79820.90,50.764000,335,38.100000,12.664000,79833.14,106347.63,0.00004505,0.036000,0.000000,0
2026-09-05 21:26:00,79821.00,79829.00,79814.00,79814.00,14.680000,192,5.832000,8.848000,79819.64,106342.36,0.00004629,0.000000,0.000000,0
2026-09-05 21:27:00,79814.00,79825.40,79814.00,79825.30,9.442000,129,7.766000,1.676000,79818.53,106342.43,0.00004711,0.000000,0.010000,0
2026-09-05 21:28:00,79825.30,79825.40,79822.30,79822.40,10.236000,74,2.994000,7.242000,79824.24,106341.01,0.00004711,0.002000,0.000000,0
2026-09-05 21:29:00,79822.40,79822.40,79817.50,79819.00,9.864000,86,7.922000,1.942000,79818.11,106340.93,0.00004816,0.000000,0.000000,0
2026-09-05 21:30:00,79818.90,79819.00,79818.90,79819.00,6.315000,61,4.821000,1.494000,79818.98,106336.65,0.00004908,0.000000,0.000000,0
2026-09-05 21:31:00,79818.90,79819.00,79818.90,79819.00,7.909000,69,3.670000,4.239000,79818.95,106335.41,0.00004990,0.000000,0.000000,0
2026-09-05 21:32:00,79818.90,79838.30,79818.90,79820.10,11.919000,261,7.846000,4.073000,79828.08,106335.09,0.00004990,0.000000,0.000000,0
2026-09-05 21:33:00,79820.10,79820.20,79812.70,79812.70,8.528000,132,1.472000,7.056000,79817.53,106333.53,0.00005069,0.000000,0.000000,0
2026-09-05 21:34:00,79812.80,79812.80,79812.70,79812.70,4.147000,78,0.937000,3.210000,79812.72,106333.64,0.00005172,0.000000,0.000000,0
2026-09-05 21:35:00,79812.70,79812.80,79812.60,79812.70,8.024000,69,1.109000,6.915000,79812.68,106331.40,0.00005172,0.000000,0.000000,0
2026-09-05 21:36:00,79812.60,79812.60,79809.60,79809.60,7.551000,82,1.828000,5.723000,79810.82,106330.13,0.00005229,0.000000,0.000000,0
2026-09-05 21:37:00,79809.60,79809.70,79809.60,79809.70,3.203000,73,1.290000,1.913000,79809.64,106329.64,0.00005219,0.002000,0.000000,0
2026-09-05 21:38:00,79809.60,79809.70,79805.50,79805.60,8.227000,144,1.993000,6.234000,79806.16,106329.82,0.00005204,0.000000,0.000000,0
2026-09-05 21:39:00,79805.50,79815.00,79805.50,79815.00,16.653000,147,15.969000,0.684000,79807.77,106325.71,0.00005204,0.000000,0.000000,0
2026-09-05 21:40:00,79815.00,79828.30,79814.90,79828.30,13.608000,165,12.776000,0.832000,79822.38,106325.72,0.00005227,0.000000,0.000000,0
2026-09-05 21:41:00,79828.30,79835.90,79818.00,79818.00,20.586000,212,4.929000,15.657000,79829.94,106330.79,0.00005233,0.000000,0.000000,0
2026-09-05 21:42:00,79818.00,79871.70,79818.00,79845.60,88.675000,512,77.771000,10.904000,79850.02,106298.80,0.00005233,0.099000,0.000000,0
2026-09-05 21:43:00,79845.60,79894.20,79834.40,79868.20,70.643000,701,50.799000,19.844000,79862.23,106284.35,0.00005243,1.089000,3.773000,0
2026-09-05 21:44:00,79868.20,79868.20,79803.90,79837.10,124.785000,981,23.022000,101.763000,79835.34,106338.18,0.00005240,0.000000,0.000000,0
2026-09-05 21:45:00,79837.20,79895.10,79828.50,79876.80,114.423000,1107,95.505000,18.918000,79875.12,106304.69,0.00005188,0.000000,0.000000,0
2026-09-05 21:46:00,79876.50,79892.40,79856.50,79867.80,35.405000,755,15.632000,19.773000,79873.77,106290.94,0.00005188,0.000000,0.000000,0
2026-09-05 21:47:00,79867.80,79867.80,79823.70,79832.60,20.977000,357,8.044000,12.933000,79843.12,106289.45,0.00005195,0.000000,0.000000,0
2026-09-05 21:48:00,79832.60,79838.20,79826.00,79826.00,10.389000,137,4.289000,6.100000,79832.76,106292.73,0.00005164,0.000000,0.000000,0
2026-09-05 21:49:00,79826.00,79846.90,79820.80,79824.40,20.391000,423,11.638000,8.753000,79829.46,106293.88,0.00005164,0.000000,0.000000,0
2026-09-05 21:50:00,79824.40,79884.30,79824.40,79867.30,47.971000,610,27.109000,20.862000,79859.47,106279.26,0.00005119,0.000000,0.000000,0
2026-09-05 21:51:00,79867.10,79870.20,79862.10,79870.20,15.335000,148,12.351000,2.984000,79863.26,106282.02,0.00005085,0.000000,0.000000,0
2026-09-05 21:52:00,79870.20,79872.40,79870.10,79872.40,11.885000,111,6.641000,5.244000,79871.06,106281.62,0.00005061,0.027000,0.000000,0
2026-09-05 21:53:00,79872.30,79910.60,79872.30,79894.30,43.729000,447,29.206000,14.523000,79897.32,106277.85,0.00005061,0.299000,0.000000,0
2026-09-05 21:54:00,79894.20,79894.20,79861.50,79861.60,7.221000,247,1.723000,5.498000,79877.36,106264.49,0.00005060,0.000000,0.000000,0
2026-09-05 21:55:00,79861.60,79861.60,79860.00,79860.10,10.330000,79,5.932000,4.398000,79861.37,106261.11,0.00005057,0.000000,0.000000,0
2026-09-05 21:56:00,79860.10,79860.10,79855.50,79855.50,9.911000,101,4.931000,4.980000,79856.25,106255.93,0.00005057,0.000000,0.000000,0
2026-09-05 21:57:00,79855.50,79855.70,79855.50,79855.60,6.499000,66,5.567000,0.932000,79855.62,106255.55,0.00005017,0.000000,0.000000,0
2026-09-05 21:58:00,79855.60,79891.20,79833.70,79891.10,45.345000,619,35.193000,10.152000,79859.21,106241.70,0.00004974,0.000000,0.000000,0
2026-09-05 21:59:00,79891.10,79891.20,79879.00,79884.10,13.549000,185,6.550000,6.999000,79883.34,106240.49,0.00004986,0.000000,0.000000,0
2026-09-05 22:00:00,79884.00,79884.10,79859.90,79872.40,39.910000,415,30.772000,9.138000,79868.49,106218.20,0.00004986,0.000000,0.000000,0
2026-09-05 22:01:00,79872.40,79891.20,79867.10,79890.90,28.691000,438,22.508000,6.183000,79877.30,106220.11,0.00004999,0.013000,0.000000,0
2026-09-05 22:02:00,79891.10,79900.00,79891.10,79896.30,14.109000,195,8.628000,5.481000,79897.14,106218.77,0.00005004,0.162000,0.000000,0
2026-09-05 22:03:00,79896.30,79896.40,79896.30,79896.40,8.322000,97,5.343000,2.979000,79896.36,106217.57,0.00005004,0.000000,0.000000,0
2026-09-05 22:04:00,79896.40,79896.40,79863.40,79863.50,24.883000,488,11.343000,13.540000,79881.36,106218.80,0.00005036,0.000000,0.000000,0
2026-09-05 22:05:00,79863.50,79867.10,79825.40,79826.00,75.547000,722,19.639000,55.908000,79843.61,106236.18,0.00005062,0.000000,0.000000,0
2026-09-05 22:06:00,79826.10,79859.90,79826.10,79859.90,29.314000,336,24.291000,5.023000,79833.87,106247.41,0.00005015,0.000000,0.000000,0
2026-09-05 22:07:00,79859.90,79869.40,79843.30,79867.90,31.003000,318,23.642000,7.361000,79860.26,106258.80,0.00005015,0.000000,0.000000,0
2026-09-05 22:08:00,79867.80,79867.90,79854.00,79854.10,5.569000,139,2.160000,3.409000,79862.83,106259.08,0.00004977,0.000000,0.000000,0
2026-09-05 22:09:00,79854.00,79854.00,79840.70,79840.80,4.023000,112,0.460000,3.563000,79847.33,106259.08,0.00004960,0.000000,0.000000,0
2026-09-05 22:10:00,79840.70,79840.80,79814.00,79814.00,11.461000,201,0.630000,10.831000,79827.64,106258.08,0.00004960,0.000000,0.000000,0
2026-09-05 22:11:00,79814.00,79865.00,79814.00,79859.40,32.661000,643,25.652000,7.009000,79836.37,106258.18,0.00004906,0.000000,0.000000,0
2026-09-05 22:12:00,79859.30,79859.40,79852.90,79852.90,3.917000,105,2.093000,1.824000,79855.40,106265.77,0.00004870,0.000000,0.000000,0
2026-09-05 22:13:00,79853.00,79892.10,79852.90,79892.00,48.651000,489,46.862000,1.789000,79879.27,106266.26,0.00004857,0.000000,0.000000,0
2026-09-05 22:14:00,79892.00,79892.00,79872.70,79872.70,4.823000,165,2.961000,1.862000,79880.34,106238.44,0.00004857,0.000000,0.000000,0
2026-09-05 22:15:00,79872.80,79892.60,79872.70,79881.40,28.562000,244,19.241000,9.321000,79882.50,106239.27,0.00004873,0.000000,0.000000,0
2026-09-05 22:16:00,79881.40,79881.40,79875.70,79875.70,11.002000,96,1.275000,9.727000,79879.79,106221.21,0.00004883,0.000000,0.000000,0
2026-09-05 22:17:00,79875.80,79875.80,79875.70,79875.70,2.648000,63,0.630000,2.018000,79875.72,106226.20,0.00004883,0.000000,0.000000,0
2026-09-05 22:18:00,79875.80,79908.40,79854.20,79854.20,68.977000,711,32.704000,36.273000,79884.94,106226.62,0.00004889,0.177000,0.000000,0
2026-09-05 22:19:00,79854.20,79854.30,79813.40,79815.00,73.255000,467,19.394000,53.861000,79835.91,106211.24,0.00004910,0.000000,0.000000,0
2026-09-05 22:20:00,79815.10,79829.30,79813.70,79829.30,12.189000,145,9.425000,2.764000,79815.58,106250.52,0.00004849,0.000000,0.000000,0
2026-09-05 22:21:00,79829.20,79829.20,79819.20,79819.20,5.311000,94,0.785000,4.526000,79824.60,106259.16,0.00004849,0.000000,0.000000,0
2026-09-05 22:22:00,79819.30,79819.30,79818.90,79818.90,2.955000,71,1.081000,1.874000,79819.07,106261.29,0.00004755,0.000000,0.000000,0
2026-09-05 22:23:00,79818.90,79819.00,79805.70,79805.80,5.940000,137,1.006000,4.934000,79815.24,106262.72,0.00004644,0.000000,0.000000,0
2026-09-05 22:24:00,79805.80,79805.80,79805.20,79805.20,7.234000,75,0.286000,6.948000,79805.69,106263.25,0.00004644,0.000000,0.000000,0
2026-09-05 22:25:00,79805.20,79818.80,79801.00,79816.20,24.473000,243,12.176000,12.297000,79807.61,106264.25,0.00004600,0.000000,0.000000,0
2026-09-05 22:26:00,79816.20,79816.30,79796.00,79796.00,35.135000,255,5.009000,30.126000,79801.70,106262.65,0.00004526,0.000000,0.000000,0
2026-09-05 22:27:00,79796.00,79796.10,79770.80,79770.80,42.003000,297,1.939000,40.064000,79783.44,106262.46,0.00004473,0.000000,0.000000,0
2026-09-05 22:28:00,79770.90,79778.90,79762.40,79762.40,21.401000,217,6.739000,14.662000,79770.28,106263.49,0.00004473,0.000000,0.000000,0
2026-09-05 22:29:00,79762.40,79765.60,79750.00,79750.00,25.220000,226,7.739000,17.481000,79758.65,106263.96,0.00004404,0.000000,0.000000,0
2026-09-05 22:30:00,79750.00,79771.10,79726.50,79770.00,51.546000,583,34.138000,17.408000,79742.18,106263.66,0.00004349,0.000000,0.000000,0
2026-09-05 22:31:00,79770.00,79818.80,79769.90,79792.10,40.087000,604,22.568000,17.519000,79798.53,106279.76,0.00004349,0.000000,0.000000,0
2026-09-05 22:32:00,79792.10,79806.10,79792.10,79806.00,4.552000,162,2.799000,1.753000,79801.74,106270.07,0.00004280,0.000000,0.000000,0
2026-09-05 22:33:00,79806.10,79806.10,79783.20,79804.20,14.552000,304,6.432000,8.120000,79793.26,106272.76,0.00004276,0.000000,0.000000,0
2026-09-05 22:34:00,79804.20,79804.20,79804.00,79804.00,5.217000,62,2.272000,2.945000,79804.14,106272.70,0.00004262,0.000000,0.000000,0
2026-09-05 22:35:00,79804.00,79804.10,79775.70,79775.70,11.814000,214,0.835000,10.979000,79787.87,106271.43,0.00004262,0.000000,0.000000,0
2026-09-05 22:36:00,79775.70,79778.30,79766.10,79766.20,11.192000,140,2.127000,9.065000,79775.61,106269.47,0.00004267,0.000000,0.000000,0
2026-09-05 22:37:00,79766.20,79771.10,79766.10,79771.00,2.232000,81,1.575000,0.657000,79769.32,106271.19,0.00004221,0.000000,0.000000,0
2026-09-05 22:38:00,79771.00,79771.00,79763.30,79763.30,4.323000,118,0.791000,3.532000,79766.22,106271.47,0.00004172,0.000000,0.000000,0
2026-09-05 22:39:00,79763.40,79766.30,79763.40,79764.00,9.104000,76,3.008000,6.096000,79765.70,106272.60,0.00004172,0.000000,0.000000,0
2026-09-05 22:40:00,79764.00,79785.40,79760.00,79782.50,10.782000,236,6.844000,3.938000,79775.82,106275.72,0.00004139,0.000000,0.000000,0
2026-09-05 22:41:00,79782.50,79782.50,79770.80,79770.80,5.828000,108,0.449000,5.379000,79773.10,106280.64,0.00004119,0.000000,0.000000,0
2026-09-05 22:42:00,79770.90,79770.90,79756.60,79756.70,8.423000,228,1.374000,7.049000,79764.87,106281.01,0.00004119,0.000000,0.000000,0
2026-09-05 22:43:00,79756.60,79780.10,79744.80,79752.10,107.107000,756,62.593000,44.514000,79759.16,106282.94,0.00004088,0.000000,0.000000,0
2026-09-05 22:44:00,79752.00,79752.10,79715.60,79723.10,103.845000,609,16.278000,87.567000,79726.50,106261.03,0.00004057,0.000000,0.000000,0
2026-09-05 22:45:00,79723.20,79770.60,79720.10,79734.70,157.870000,986,102.075000,55.795000,79748.33,106324.34,0.00004057,0.000000,0.000000,0
2026-09-05 22:46:00,79734.70,79735.70,79708.90,79720.80,121.735000,853,36.471000,85.264000,79722.70,106300.96,0.00004023,0.000000,0.000000,0
2026-09-05 22:47:00,79720.80,79731.20,79720.80,79730.00,11.233000,121,5.667000,5.566000,79729.87,106343.26,0.00004049,0.000000,0.000000,0
2026-09-05 22:48:00,79729.90,79733.80,79729.90,79733.80,7.109000,72,5.718000,1.391000,79730.54,106341.26,0.00004026,0.000000,0.000000,0
2026-09-05 22:49:00,79733.70,79733.80,79723.80,79733.70,21.803000,154,14.331000,7.472000,79727.87,106337.07,0.00004026,0.000000,0.000000,0
2026-09-05 22:50:00,79733.70,79751.60,79728.00,79751.50,33.998000,234,25.353000,8.645000,79737.66,106339.60,0.00004030,0.000000,0.000000,0
2026-09-05 22:51:00,79751.50,79751.60,79740.90,79741.00,5.888000,125,2.354000,3.534000,79746.70,106335.34,0.00004004,0.000000,0.000000,0
2026-09-05 22:52:00,79741.00,79743.50,79741.00,79743.40,2.184000,95,0.834000,1.350000,79742.60,106334.73,0.00004004,0.000000,0.000000,0
2026-09-05 22:53:00,79743.50,79760.20,79743.40,79760.20,4.600000,166,4.376000,0.224000,79751.98,106334.37,0.00004001,0.458000,0.000000,0
2026-09-05 22:54:00,79760.10,79768.60,79760.10,79768.60,5.404000,103,5.244000,0.160000,79761.53,106333.78,0.00003962,0.000000,0.000000,0
2026-09-05 22:55:00,79768.60,79768.60,79768.50,79768.50,9.909000,46,7.026000,2.883000,79768.57,106333.26,0.00003985,0.000000,0.000000,0
2026-09-05 22:56:00,79768.50,79768.60,79762.90,79762.90,7.914000,77,2.840000,5.074000,79768.21,106332.84,0.00003985,0.000000,0.000000,0
2026-09-05 22:57:00,79762.90,79763.00,79737.00,79749.50,51.161000,397,28.942000,22.219000,79750.78,106333.03,0.00004017,0.000000,0.000000,0
2026-09-05 22:58:00,79749.50,79796.70,79749.40,79753.30,113.274000,661,77.413000,35.861000,79779.67,106328.30,0.00004031,0.000000,0.000000,0
2026-09-05 22:59:00,79753.40,79753.40,79719.70,79726.70,125.947000,498,14.929000,111.018000,79732.93,106274.68,0.00004060,0.000000,0.000000,0
2026-09-05 23:00:00,79726.50,79768.40,79726.40,79757.70,211.686000,1026,135.630000,76.056000,79752.24,106334.91,0.00004060,0.000000,0.000000,0
2026-09-05 23:01:00,79757.70,79757.70,79738.00,79738.30,90.119000,307,2.701000,87.418000,79744.63,106381.63,0.00004095,0.000000,0.000000,0
2026-09-05 23:02:00,79738.30,79739.50,79715.00,79717.60,101.821000,588,17.080000,84.741000,79729.85,106362.88,0.00004118,0.000000,0.000000,0
2026-09-05 23:03:00,79718.30,79720.90,79710.20,79714.30,120.655000,405,44.458000,76.197000,79715.54,106385.41,0.00004118,0.000000,0.000000,0
2026-09-05 23:04:00,79714.30,79720.10,79714.30,79719.10,11.754000,100,4.658000,7.096000,79718.36,106395.45,0.00004067,0.000000,0.000000,0
2026-09-05 23:05:00,79719.00,79719.10,79712.00,79712.00,7.819000,125,2.463000,5.356000,79713.73,106391.94,0.00004007,0.000000,0.000000,0
2026-09-05 23:06:00,79712.00,79712.10,79709.70,79712.00,12.776000,112,5.386000,7.390000,79711.36,106389.82,0.00003950,0.000000,0.000000,0
2026-09-05 23:07:00,79712.00,79720.20,79712.00,79720.20,8.504000,120,6.632000,1.872000,79716.80,106388.61,0.00003950,0.000000,0.000000,0
2026-09-05 23:08:00,79720.20,79720.20,79677.50,79716.00,128.236000,655,47.095000,81.141000,79695.27,106362.18,0.00003881,0.000000,0.010000,0
2026-09-05 23:09:00,79716.00,79726.50,79715.90,79726.40,27.381000,151,9.340000,18.041000,79721.75,106370.42,0.00003824,0.000000,0.000000,0
2026-09-05 23:10:00,79726.50,79726.50,79726.40,79726.50,5.952000,67,2.787000,3.165000,79726.45,106371.02,0.00003824,0.000000,0.000000,0
2026-09-05 23:11:00,79726.40,79726.50,79712.20,79712.20,8.025000,138,3.454000,4.571000,79715.31,106368.59,0.00003826,0.000000,0.000000,0
2026-09-05 23:12:00,79712.20,79721.70,79712.20,79720.10,14.577000,133,8.953000,5.624000,79717.51,106366.37,0.00003828,0.000000,0.000000,0
2026-09-05 23:13:00,79720.10,79720.10,79706.70,79706.70,19.722000,202,4.734000,14.988000,79712.67,106362.80,0.00003815,0.000000,0.000000,0
2026-09-05 23:14:00,79706.70,79706.80,79706.70,79706.70,2.766000,68,0.510000,2.256000,79706.72,106370.93,0.00003815,0.000000,0.000000,0
2026-09-05 23:15:00,79706.70,79720.00,79706.70,79719.90,16.577000,146,10.429000,6.148000,79710.67,106370.94,0.00003762,0.000000,0.000000,0
2026-09-05 23:16:00,79719.90,79739.20,79710.30,79739.10,23.046000,280,20.236000,2.810000,79718.57,106374.60,0.00003690,0.000000,0.000000,0
2026-09-05 23:17:00,79739.20,79754.80,79739.10,79754.80,23.238000,184,17.199000,6.039000,79746.46,106374.41,0.00003690,0.000000,0.000000,0
2026-09-05 23:18:00,79754.80,79756.60,79754.70,79756.60,10.172000,64,6.284000,3.888000,79755.92,106370.15,0.00003656,0.000000,0.000000,0
2026-09-05 23:19:00,79756.50,79760.00,79756.50,79760.00,8.674000,69,4.991000,3.683000,79756.72,106368.80,0.00003679,0.000000,0.000000,0
2026-09-05 23:20:00,79760.00,79760.00,79759.90,79759.90,3.158000,49,2.486000,0.672000,79759.98,106368.73,0.00003691,0.000000,0.000000,0
2026-09-05 23:21:00,79759.90,79768.80,79759.90,79768.80,22.288000,115,11.378000,10.910000,79767.02,106369.53,0.00003691,0.000000,0.000000,0
2026-09-05 23:22:00,79768.80,79796.00,79748.80,79748.90,60.818000,593,20.691000,40.127000,79777.84,106364.77,0.00003720,0.000000,0.000000,0
2026-09-05 23:23:00,79748.80,79748.90,79741.70,79741.80,12.733000,114,0.472000,12.261000,79746.69,106349.13,0.00003751,0.000000,0.000000,0
2026-09-05 23:24:00,79741.70,79741.80,79736.30,79736.30,14.788000,99,1.758000,13.030000,79738.47,106347.37,0.00003751,0.000000,0.000000,0
2026-09-05 23:25:00,79736.40,79747.70,79730.00,79730.00,12.412000,202,8.412000,4.000000,79740.59,106347.52,0.00003698,0.000000,0.000000,0
2026-09-05 23:26:00,79730.10,79733.60,79730.00,79733.60,15.243000,50,0.689000,14.554000,79730.13,106343.64,0.00003644,0.000000,0.000000,0
2026-09-05 23:27:00,79733.50,79733.60,79733.50,79733.60,3.998000,53,2.051000,1.947000,79733.55,106356.20,0.00003599,0.000000,0.000000,0
2026-09-05 23:28:00,79733.60,79776.00,79733.50,79765.60,45.146000,453,36.644000,8.502000,79746.26,106352.63,0.00003599,0.000000,0.000000,0
2026-09-05 23:29:00,79765.60,79765.60,79762.60,79764.20,12.049000,111,7.525000,4.524000,79764.25,106359.34,0.00003561,0.000000,0.000000,0
2026-09-05 23:30:00,79764.20,79764.30,79764.20,79764.20,0.730000,40,0.440000,0.290000,79764.26,106360.44,0.00003567,0.000000,0.000000,0
2026-09-05 23:31:00,79764.30,79766.00,79757.20,79765.90,14.901000,164,2.358000,12.543000,79759.82,106362.12,0.00003567,0.000000,0.000000,0
2026-09-05 23:32:00,79766.00,79779.00,79765.90,79779.00,6.511000,118,6.067000,0.444000,79770.36,106363.09,0.00003571,0.000000,0.000000,0
2026-09-05 23:33:00,79779.00,79779.00,79778.90,79779.00,6.215000,66,5.511000,0.704000,79778.99,106362.36,0.00003561,0.000000,0.000000,0
2026-09-05 23:34:00,79779.00,79782.20,79779.00,79779.00,10.039000,86,6.533000,3.506000,79780.73,106361.03,0.00003610,0.000000,0.000000,0
2026-09-05 23:35:00,79779.10,79803.50,79779.00,79800.40,45.163000,276,36.811000,8.352000,79798.09,106356.90,0.00003610,0.000000,0.000000,0
2026-09-05 23:36:00,79800.40,79804.10,79800.30,79804.00,9.878000,109,8.383000,1.495000,79801.43,106344.61,0.00003645,0.000000,0.000000,0
2026-09-05 23:37:00,79804.00,79804.10,79743.90,79743.90,41.317000,470,1.701000,39.616000,79782.33,106336.21,0.00003693,0.000000,0.000000,0
2026-09-05 23:38:00,79743.90,79744.00,79718.70,79718.70,15.926000,215,1.663000,14.263000,79733.09,106337.85,0.00003693,0.000000,0.000000,0
2026-09-05 23:39:00,79718.70,79729.40,79666.90,79729.40,44.637000,796,24.923000,19.714000,79690.04,106329.29,0.00003669,0.000000,0.062000,0
2026-09-05 23:40:00,79729.30,79761.20,79718.40,79761.10,47.629000,489,28.157000,19.472000,79730.91,106325.07,0.00003572,0.000000,0.000000,0
2026-09-05 23:41:00,79761.20,79770.50,79757.70,79765.80,19.447000,223,13.215000,6.232000,79763.71,106316.57,0.00003532,0.000000,0.000000,0
2026-09-05 23:42:00,79765.80,79772.00,79756.20,79765.70,47.925000,222,26.562000,21.363000,79764.06,106307.71,0.00003532,0.000000,0.000000,0
2026-09-05 23:43:00,79765.70,79765.70,79740.80,79764.30,70.881000,507,20.903000,49.978000,79754.77,106308.67,0.00003545,0.000000,0.000000,0
2026-09-05 23:44:00,79764.40,79775.80,79749.10,79756.80,138.923000,786,34.408000,104.515000,79761.57,106299.84,0.00003548,0.000000,0.000000,0
2026-09-05 23:45:00,79756.80,79781.40,79756.80,79770.70,33.630000,253,14.277000,19.353000,79775.37,106345.32,0.00003548,0.000000,0.000000,0
2026-09-05 23:46:00,79770.80,79823.20,79763.50,79823.10,115.175000,692,97.978000,17.197000,79799.13,106329.70,0.00003522,0.000000,0.000000,0
2026-09-05 23:47:00,79823.20,79878.80,79823.10,79824.20,220.647000,1144,173.063000,47.584000,79847.77,106297.23,0.00003479,0.001000,0.000000,0
2026-09-05 23:48:00,79824.20,79824.30,79820.00,79820.00,3.719000,86,0.870000,2.849000,79822.35,106290.13,0.00003506,0.000000,0.000000,0
2026-09-05 23:49:00,79820.10,79820.10,79811.10,79811.10,8.505000,117,4.672000,3.833000,79814.64,106290.24,0.00003506,0.000000,0.000000,0
2026-09-05 23:50:00,79811.20,79811.20,79770.30,79770.30,53.327000,394,12.494000,40.833000,79795.70,106288.38,0.00003460,0.000000,0.000000,0
2026-09-05 23:51:00,79770.30,79788.90,79770.20,79784.80,37.230000,207,23.455000,13.775000,79773.98,106287.58,0.00003391,0.000000,0.000000,0
2026-09-05 23:52:00,79784.90,79816.00,79784.80,79815.90,26.557000,283,24.756000,1.801000,79796.50,106280.51,0.00003391,0.000000,0.000000,0
2026-09-05 23:53:00,79816.00,79816.10,79816.00,79816.00,9.199000,68,3.243000,5.956000,79816.03,106281.03,0.00003382,0.000000,0.000000,0
2026-09-05 23:54:00,79816.00,79816.10,79815.90,79816.10,7.417000,42,6.887000,0.530000,79816.00,106280.80,0.00003447,0.000000,0.000000,0
2026-09-05 23:55:00,79816.10,79830.50,79815.20,79824.20,34.667000,211,20.294000,14.373000,79821.07,106283.04,0.00003447,0.000000,0.000000,0
2026-09-05 23:56:00,79824.20,79824.20,79818.60,79818.70,14.778000,75,10.462000,4.316000,79819.21,106282.50,0.00003512,0.000000,0.000000,0
2026-09-05 23:57:00,79818.60,79818.80,79765.80,79767.00,56.516000,543,11.854000,44.662000,79791.81,106267.99,0.00003575,0.000000,0.000000,0
2026-09-05 23:58:00,79767.00,79767.10,79735.40,79746.50,37.263000,429,6.407000,30.856000,79747.79,106277.42,0.00003611,0.000000,0.000000,0
2026-09-05 23:59:00,79746.50,79807.00,79746.50,79806.90,56.464000,560,52.948000,3.516000,79773.48,106279.30,0.00003611,0.000000,0.000000,0
