Timestamp,Open,High,Low,Close,Volume,AggTrades,BuyQty,SellQty,VWAP,OpenInterest,FundingRate,LiqBuyQty,LiqSellQty,IsSynthetic
2026-07-29 00:00:00,63925.90,63925.90,63899.50,63903.60,98.377000,643,24.521000,73.856000,63911.11,103289.30,0.00010000,0.000000,0.000000,0
2026-07-29 00:01:00,63903.60,63977.60,63901.40,63951.10,264.364000,2059,186.933000,77.431000,63935.73,103270.27,0.00010000,0.115000,0.000000,0
2026-07-29 00:02:00,63951.10,64017.30,63943.30,63987.60,262.798000,1811,187.699000,75.099000,63987.84,103265.93,0.00010000,0.593000,0.000000,0
2026-07-29 00:03:00,63987.50,64028.00,63985.30,64002.00,90.271000,1062,54.806000,35.465000,64004.38,103271.08,0.00010000,0.080000,0.000000,0
2026-07-29 00:04:00,64001.90,64008.60,63990.40,64004.30,85.368000,701,14.422000,70.946000,64002.47,103282.16,0.00010000,0.100000,0.000000,0
2026-07-29 00:05:00,64004.30,64017.60,64003.40,64016.70,45.402000,429,25.373000,20.029000,64008.19,103280.54,0.00010000,0.000000,0.000000,0
2026-07-29 00:06:00,64016.70,64175.00,64016.60,64114.70,955.682000,4545,726.935000,228.747000,64121.51,103128.93,0.00010000,2.013000,0.000000,0
2026-07-29 00:07:00,64114.60,64114.60,64029.90,64029.90,224.259000,1615,77.887000,146.372000,64071.73,103127.44,0.00010000,0.000000,0.000000,0
2026-07-29 00:08:00,64029.80,64054.40,63980.50,64046.40,147.400000,1437,78.987000,68.413000,64012.45,103138.59,0.00010000,0.000000,0.000000,0
2026-07-29 00:09:00,64046.40,64046.70,64031.70,64046.70,49.062000,454,22.327000,26.735000,64041.98,103137.81,0.00010000,0.000000,0.000000,0
2026-07-29 00:10:00,64046.60,64046.70,64016.80,64020.30,58.735000,711,19.173000,39.562000,64027.43,103144.05,0.00010000,0.000000,0.000000,0
2026-07-29 00:11:00,64020.00,64041.60,63990.20,63990.30,64.675000,856,26.124000,38.551000,64013.53,103143.45,0.00010000,0.000000,0.000000,0
2026-07-29 00:12:00,63990.20,63997.90,63987.00,63987.10,85.154000,417,26.366000,58.788000,63992.30,103165.37,0.00010000,0.000000,0.049000,0
2026-07-29 00:13:00,63987.00,64020.00,63987.00,64010.20,89.152000,579,57.042000,32.110000,64002.65,103156.91,0.00010000,0.000000,0.000000,0
2026-07-29 00:14:00,64010.20,64025.30,64009.40,64016.50,39.698000,555,15.531000,24.167000,64019.09,103143.37,0.00010000,0.000000,0.000000,0
2026-07-29 00:15:00,64016.40,64022.00,63984.80,63987.20,41.916000,565,16.217000,25.699000,64004.63,103145.13,0.00010000,0.000000,0.000000,0
2026-07-29 00:16:00,63987.30,64033.30,63976.10,64033.30,43.556000,692,23.984000,19.572000,63994.25,103138.48,0.00010000,0.000000,0.000000,0
2026-07-29 00:17:00,64033.20,64043.20,64000.00,64034.10,71.482000,940,32.178000,39.304000,64021.02,103149.71,0.00010000,0.000000,0.000000,0
2026-07-29 00:18:00,64034.10,64066.00,64015.70,64015.70,64.182000,837,32.191000,31.991000,64047.48,103145.24,0.00010000,0.000000,0.000000,0
2026-07-29 00:19:00,64015.70,64028.00,63992.90,64028.00,37.862000,684,20.221000,17.641000,64012.03,103145.56,0.00010000,0.000000,0.000000,0
2026-07-29 00:20:00,64028.00,64028.00,64012.00,64026.30,24.829000,356,10.839000,13.990000,64019.15,103149.15,0.00010000,0.000000,0.000000,0
2026-07-29 00:21:00,64026.20,64043.50,64006.40,64006.50,75.186000,665,11.088000,64.098000,64021.46,103156.51,0.00010000,0.000000,0.000000,0
2026-07-29 00:22:00,64006.40,64059.50,63983.70,64043.10,184.384000,1244,114.690000,69.694000,64017.81,103177.36,0.00010000,0.000000,0.000000,0
2026-07-29 00:23:00,64043.10,64043.10,63987.30,63987.30,60.149000,542,15.281000,44.868000,64012.72,103185.62,0.00010000,0.000000,0.000000,0
2026-07-29 00:24:00,63987.30,63988.20,63971.10,63971.10,56.689000,482,28.956000,27.733000,63978.28,103190.79,0.00010000,0.000000,0.000000,0
2026-07-29 00:25:00,63971.10,63971.10,63943.60,63943.60,38.688000,413,8.410000,30.278000,63951.60,103194.53,0.00010000,0.000000,0.001000,0
2026-07-29 00:26:00,63943.60,63974.00,63937.60,63974.00,128.479000,626,68.371000,60.108000,63953.00,103187.79,0.00010000,0.000000,0.000000,0
2026-07-29 00:27:00,63973.90,63983.50,63959.60,63968.50,41.178000,617,14.572000,26.606000,63970.72,103178.57,0.00010000,0.000000,0.000000,0
2026-07-29 00:28:00,63968.40,63976.50,63956.60,63961.10,26.731000,364,5.558000,21.173000,63967.19,103180.12,0.00010000,0.000000,0.000000,0
2026-07-29 00:29:00,63961.00,63963.20,63926.40,63928.40,76.472000,531,26.142000,50.330000,63940.45,103174.29,0.00010000,0.000000,0.000000,0
2026-07-29 00:30:00,63928.40,63986.60,63922.90,63986.50,97.532000,702,71.052000,26.480000,63940.91,103182.53,0.00010000,0.000000,0.000000,0
2026-07-29 00:31:00,63986.50,63986.60,63923.10,63933.70,97.489000,952,15.555000,81.934000,63967.58,103196.48,0.00010000,0.000000,0.000000,0
2026-07-29 00:32:00,63933.70,63933.80,63911.70,63911.70,56.697000,389,11.762000,44.935000,63920.41,103194.85,0.00010000,0.000000,0.000000,0
2026-07-29 00:33:00,63911.80,63911.80,63860.40,63870.90,159.310000,1133,45.470000,113.840000,63874.21,103158.94,0.00010000,0.000000,0.015000,0
2026-07-29 00:34:00,63870.80,63891.00,63857.80,63890.00,114.639000,766,70.698000,43.941000,63865.62,103142.57,0.00010000,0.000000,0.001000,0
2026-07-29 00:35:00,63889.90,63895.00,63868.50,63881.00,95.882000,634,14.256000,81.626000,63879.10,103143.30,0.00010000,0.000000,0.000000,0
2026-07-29 00:36:00,63881.10,63881.10,63846.10,63846.20,48.155000,642,19.047000,29.108000,63858.26,103166.74,0.00010000,0.000000,0.013000,0
2026-07-29 00:37:00,63846.10,63919.10,63846.00,63915.00,101.642000,943,81.487000,20.155000,63885.52,103175.70,0.00010000,0.000000,0.000000,0
2026-07-29 00:38:00,63914.90,64019.90,63913.50,64019.90,56.575000,1138,45.563000,11.012000,63972.11,103173.50,0.00010000,0.022000,0.000000,0
2026-07-29 00:39:00,64020.00,64063.60,64019.30,64063.60,100.011000,924,57.885000,42.126000,64036.21,103155.05,0.00010000,0.457000,0.000000,0
2026-07-29 00:40:00,64063.50,64077.90,64027.70,64036.60,90.473000,916,20.558000,69.915000,64060.18,103134.77,0.00010000,0.000000,0.000000,0
2026-07-29 00:41:00,64036.60,64036.70,63989.40,64001.80,43.556000,924,17.214000,26.342000,64007.97,103136.58,0.00010000,0.000000,0.000000,0
2026-07-29 00:42:00,64001.80,64014.00,63968.00,63969.50,46.613000,745,11.572000,35.041000,63995.31,103126.34,0.00010000,0.000000,0.000000,0
2026-07-29 00:43:00,63969.50,64020.40,63964.00,64012.00,34.728000,603,20.332000,14.396000,63991.68,103130.22,0.00010000,0.000000,0.000000,0
2026-07-29 00:44:00,64012.00,64041.80,63990.00,64041.80,48.694000,603,35.105000,13.589000,64022.76,103126.88,0.00010000,0.000000,0.000000,0
2026-07-29 00:45:00,64041.70,64058.40,64035.70,64058.40,33.546000,435,17.714000,15.832000,64042.67,103125.80,0.00010000,0.000000,0.000000,0
2026-07-29 00:46:00,64058.40,64169.40,64055.00,64143.20,219.291000,1650,161.280000,58.011000,64126.03,103138.31,0.00010000,1.714000,0.000000,0
2026-07-29 00:47:00,64143.20,64143.30,64075.10,64075.10,145.705000,1206,53.716000,91.989000,64113.40,103103.20,0.00010000,0.000000,0.000000,0
2026-07-29 00:48:00,64075.20,64102.00,64075.10,64084.00,39.586000,647,17.981000,21.605000,64086.60,103109.90,0.00010000,0.000000,0.000000,0
2026-07-29 00:49:00,64084.10,64089.80,64000.00,64000.00,129.857000,1049,11.540000,118.317000,64032.08,103052.30,0.00010000,0.000000,0.000000,0
2026-07-29 00:50:00,64000.00,64019.30,63985.20,64009.70,75.089000,775,19.610000,55.479000,63997.37,103071.34,0.00010000,0.000000,0.000000,0
2026-07-29 00:51:00,64009.60,64020.00,64009.60,64019.90,17.509000,377,9.383000,8.126000,64015.05,103071.34,0.00010000,0.000000,0.000000,0
2026-07-29 00:52:00,64020.00,64033.30,64014.70,64028.10,33.348000,414,9.856000,23.492000,64022.26,103070.77,0.00010000,0.000000,0.000000,0
2026-07-29 00:53:00,64028.20,64040.00,64028.10,64031.90,15.793000,242,11.146000,4.647000,64033.62,103065.86,0.00010000,0.000000,0.000000,0
2026-07-29 00:54:00,64032.00,64064.00,64031.90,64041.30,106.267000,615,20.886000,85.381000,64057.23,103065.13,0.00010000,0.000000,0.000000,0
2026-07-29 00:55:00,64041.20,64072.60,64041.20,64070.00,21.379000,382,13.896000,7.483000,64055.71,103137.74,0.00010000,0.000000,0.000000,0
2026-07-29 00:56:00,64070.00,64070.00,64011.60,64024.30,41.610000,956,23.296000,18.314000,64025.96,103139.87,0.00010000,0.000000,0.000000,0
2026-07-29 00:57:00,64024.00,64024.00,63968.90,63968.90,41.454000,559,8.607000,32.847000,63994.48,103144.20,0.00010000,0.000000,0.000000,0
2026-07-29 00:58:00,63968.80,63973.20,63958.50,63966.00,92.094000,513,21.283000,70.811000,63965.96,103151.58,0.00010000,0.000000,0.026000,0
2026-07-29 00:59:00,63966.00,63966.00,63923.70,63930.10,41.334000,604,9.728000,31.606000,63936.14,103165.58,0.00010000,0.000000,0.000000,0
2026-07-29 01:00:00,63930.10,63937.00,63905.60,63927.60,91.203000,915,65.340000,25.863000,63922.79,103161.80,0.00010000,0.000000,0.000000,0
2026-07-29 01:01:00,63927.50,63933.70,63891.00,63891.10,74.428000,1195,39.023000,35.405000,63907.63,103142.36,0.00010000,0.000000,0.005000,0
2026-07-29 01:02:00,63891.00,63943.10,63888.00,63942.90,88.634000,1304,74.262000,14.372000,63922.06,103137.95,0.00010000,0.000000,0.000000,0
2026-07-29 01:03:00,63943.00,63963.40,63941.00,63959.90,46.734000,885,30.829000,15.905000,63952.88,103126.62,0.00010000,0.002000,0.000000,0
2026-07-29 01:04:00,63959.80,63978.70,63959.50,63974.50,30.117000,575,17.671000,12.446000,63968.97,103124.00,0.00010000,0.000000,0.000000,0
2026-07-29 01:05:00,63974.50,63974.50,63924.60,63962.30,25.056000,745,16.776000,8.280000,63953.01,103125.25,0.00010000,0.000000,0.000000,0
2026-07-29 01:06:00,63962.30,63963.60,63936.00,63940.10,20.976000,752,9.640000,11.336000,63945.57,103123.88,0.00010000,0.000000,0.000000,0
2026-07-29 01:07:00,63940.00,63940.00,63898.10,63902.30,27.220000,607,7.946000,19.274000,63912.54,103128.77,0.00010000,0.000000,0.000000,0
2026-07-29 01:08:00,63902.30,63928.00,63884.60,63927.90,56.814000,997,28.188000,28.626000,63903.23,103138.72,0.00010000,0.000000,0.054000,0
2026-07-29 01:09:00,63927.90,63940.00,63895.00,63901.30,27.386000,799,12.674000,14.712000,63923.07,103139.95,0.00010000,0.000000,0.000000,0
2026-07-29 01:10:00,63901.30,63901.40,63876.40,63891.40,47.406000,618,24.884000,22.522000,63884.58,103143.42,0.00010000,0.000000,0.015000,0
2026-07-29 01:11:00,63891.40,63903.60,63849.90,63850.00,74.393000,977,48.261000,26.132000,63878.27,103139.74,0.00010000,0.000000,0.069000,0
2026-07-29 01:12:00,63849.90,63850.00,63780.00,63780.10,232.304000,1622,87.264000,145.040000,63809.02,103141.03,0.00010000,0.000000,0.760000,0
2026-07-29 01:13:00,63780.00,63831.00,63770.60,63831.00,159.566000,1277,94.162000,65.404000,63793.05,103124.83,0.00010000,0.000000,0.098000,0
2026-07-29 01:14:00,63831.00,63846.60,63817.70,63841.10,66.677000,747,45.955000,20.722000,63835.97,103160.66,0.00010000,0.000000,0.000000,0
2026-07-29 01:15:00,63841.20,63841.20,63786.70,63795.20,152.598000,1107,35.012000,117.586000,63801.60,103186.91,0.00010000,0.000000,0.043000,0
2026-07-29 01:16:00,63795.30,63806.40,63770.00,63789.10,87.386000,1001,60.593000,26.793000,63781.82,103198.48,0.00010000,0.000000,0.000000,0
2026-07-29 01:17:00,63789.20,63793.40,63771.00,63791.40,46.190000,818,26.294000,19.896000,63777.80,103198.97,0.00010000,0.000000,0.000000,0
2026-07-29 01:18:00,63791.50,63792.30,63747.00,63789.50,151.905000,1356,55.791000,96.114000,63761.38,103192.76,0.00010000,0.000000,0.012000,0
2026-07-29 01:19:00,63789.40,63818.70,63765.40,63783.10,125.596000,1439,106.966000,18.630000,63789.45,103141.34,0.00010000,0.000000,0.000000,0
2026-07-29 01:20:00,63783.00,63836.50,63783.00,63831.10,116.516000,960,97.699000,18.817000,63820.04,103180.71,0.00010000,0.000000,0.000000,0
2026-07-29 01:21:00,63831.10,63868.70,63831.00,63833.60,100.659000,1082,45.688000,54.971000,63859.54,103205.36,0.00010000,0.000000,0.000000,0
2026-07-29 01:22:00,63833.60,63871.80,63833.40,63862.20,47.456000,1185,32.877000,14.579000,63849.33,103206.89,0.00010000,0.000000,0.000000,0
2026-07-29 01:23:00,63862.20,63886.90,63850.00,63886.90,42.433000,791,27.301000,15.132000,63873.51,103211.15,0.00010000,0.000000,0.004000,0
2026-07-29 01:24:00,63886.90,63922.30,63886.00,63900.10,132.080000,1201,55.434000,76.646000,63903.62,103210.09,0.00010000,0.000000,0.000000,0
2026-07-29 01:25:00,63900.00,63920.00,63874.90,63878.40,55.011000,990,17.086000,37.925000,63900.35,103174.17,0.00010000,0.000000,0.000000,0
2026-07-29 01:26:00,63878.40,63882.00,63830.60,63880.10,74.041000,1361,30.329000,43.712000,63864.48,103147.04,0.00010000,0.000000,0.000000,0
2026-07-29 01:27:00,63880.10,63912.30,63880.00,63888.70,27.476000,792,17.962000,9.514000,63898.67,103142.77,0.00010000,0.000000,0.000000,0
2026-07-29 01:28:00,63888.70,63917.40,63888.60,63915.00,22.373000,728,14.861000,7.512000,63904.45,103148.52,0.00010000,0.000000,0.200000,0
2026-07-29 01:29:00,63915.00,63924.00,63908.70,63908.70,64.803000,495,36.341000,28.462000,63917.78,103153.68,0.00010000,0.000000,0.000000,0
2026-07-29 01:30:00,63908.70,63919.60,63876.00,63890.80,107.251000,976,51.802000,55.449000,63893.59,103147.70,0.00010000,0.000000,0.000000,0
2026-07-29 01:31:00,63890.80,63898.10,63825.10,63895.10,94.027000,2068,64.596000,29.431000,63866.10,103178.76,0.00010000,0.000000,0.000000,0
2026-07-29 01:32:00,63895.10,63916.60,63841.40,63851.40,162.515000,1646,81.743000,80.772000,63868.84,103170.23,0.00010000,0.000000,0.000000,0
2026-07-29 01:33:00,63850.90,63878.40,63839.90,63878.30,53.361000,920,35.591000,17.770000,63854.78,103179.05,0.00010000,0.000000,0.000000,0
2026-07-29 01:34:00,63878.40,63878.40,63823.50,63823.50,37.639000,891,23.054000,14.585000,63842.22,103170.24,0.00010000,0.000000,0.000000,0
2026-07-29 01:35:00,63823.60,63868.20,63811.90,63853.50,58.177000,955,38.469000,19.708000,63824.11,103181.88,0.00010000,0.000000,0.000000,0
2026-07-29 01:36:00,63853.50,63853.50,63812.10,63825.90,39.047000,762,26.443000,12.604000,63826.96,103174.71,0.00010000,0.000000,0.000000,0
2026-07-29 01:37:00,63825.80,63849.30,63819.50,63829.70,46.111000,879,31.955000,14.156000,63830.78,103177.74,0.00010000,0.000000,0.000000,0
2026-07-29 01:38:00,63829.60,63867.40,63823.30,63846.10,23.294000,642,13.730000,9.564000,63846.89,103178.93,0.00010000,0.000000,0.000000,0
2026-07-29 01:39:00,63846.10,63846.10,63811.00,63819.00,25.484000,511,20.044000,5.440000,63817.56,103178.80,0.00010000,0.000000,0.000000,0
2026-07-29 01:40:00,63819.00,63881.20,63800.40,63873.70,179.846000,1606,122.769000,57.077000,63843.08,103191.56,0.00010000,0.000000,0.000000,0
2026-07-29 01:41:00,63873.60,63873.70,63830.00,63830.00,40.703000,695,22.960000,17.743000,63841.53,103166.82,0.00010000,0.000000,0.000000,0
2026-07-29 01:42:00,63830.10,63856.50,63816.50,63856.40,52.067000,853,25.145000,26.922000,63826.41,103173.87,0.00010000,0.062000,0.000000,0
2026-07-29 01:43:00,63856.50,63859.20,63808.60,63808.60,43.390000,596,17.510000,25.880000,63834.74,103172.07,0.00010000,0.000000,0.000000,0
2026-07-29 01:44:00,63808.70,63808.70,63762.40,63769.30,90.798000,733,28.307000,62.491000,63779.76,103183.20,0.00010000,0.000000,0.001000,0
2026-07-29 01:45:00,63769.30,63803.90,63769.20,63786.10,37.453000,746,27.372000,10.081000,63792.28,103166.94,0.00010000,0.000000,0.000000,0
2026-07-29 01:46:00,63786.10,63810.80,63739.10,63779.90,131.877000,1642,61.598000,70.279000,63772.50,103171.23,0.00010000,0.000000,0.036000,0
2026-07-29 01:47:00,63779.90,63811.80,63767.50,63796.30,26.234000,896,13.000000,13.234000,63792.60,103168.00,0.00010000,0.000000,0.000000,0
2026-07-29 01:48:00,63796.20,63804.80,63758.00,63761.00,122.061000,1101,40.592000,81.469000,63784.73,103170.35,0.00010000,0.000000,0.000000,0
2026-07-29 01:49:00,63761.10,63790.90,63745.90,63790.90,111.162000,1187,70.658000,40.504000,63762.64,103157.88,0.00010000,0.000000,0.076000,0
2026-07-29 01:50:00,63790.90,63794.80,63725.00,63736.90,70.895000,996,24.946000,45.949000,63748.58,103143.32,0.00010000,0.000000,0.126000,0
2026-07-29 01:51:00,63737.00,63774.10,63737.00,63764.00,49.532000,1020,29.355000,20.177000,63754.99,103129.15,0.00010000,0.000000,0.000000,0
2026-07-29 01:52:00,63764.10,63783.70,63712.20,63721.70,106.371000,1102,37.726000,68.645000,63732.19,103131.84,0.00010000,0.000000,0.021000,0
2026-07-29 01:53:00,63721.80,63726.90,63691.80,63722.80,123.142000,1289,56.365000,66.777000,63704.79,103098.74,0.00010000,0.000000,0.501000,0
2026-07-29 01:54:00,63722.80,63724.30,63680.80,63724.20,93.659000,1055,57.151000,36.508000,63695.66,103104.04,0.00010000,0.000000,0.069000,0
2026-07-29 01:55:00,63724.40,63724.40,63706.60,63721.40,60.967000,494,43.694000,17.273000,63715.00,103100.96,0.00010000,0.003000,0.033000,0
2026-07-29 01:56:00,63721.40,63729.00,63708.00,63727.20,88.042000,629,23.660000,64.382000,63722.04,103122.51,0.00010000,0.000000,0.000000,0
2026-07-29 01:57:00,63727.30,63727.30,63685.50,63706.20,106.490000,1184,39.461000,67.029000,63703.14,103114.72,0.00010000,0.078000,0.000000,0
2026-07-29 01:58:00,63706.20,63710.00,63674.40,63678.80,57.666000,737,26.941000,30.725000,63684.97,103131.51,0.00010000,0.000000,0.000000,0
2026-07-29 01:59:00,63678.80,63694.60,63665.10,63694.60,111.271000,1060,50.568000,60.703000,63681.50,103123.50,0.00010000,0.000000,0.000000,0
2026-07-29 02:00:00,63694.60,63694.60,63657.80,63682.50,132.155000,1029,47.804000,84.351000,63671.64,103129.48,0.00010000,0.000000,0.000000,0
2026-07-29 02:01:00,63682.60,63706.30,63632.00,63636.90,281.445000,2214,177.340000,104.105000,63665.02,103068.62,0.00010000,0.000000,1.063000,0
2026-07-29 02:02:00,63636.80,63731.20,63630.00,63728.80,197.699000,1825,109.109000,88.590000,63674.60,103022.40,0.00010000,0.000000,1.045000,0
2026-07-29 02:03:00,63728.60,63729.10,63660.00,63662.70,90.246000,1424,67.576000,22.670000,63710.63,103022.59,0.00010000,0.116000,0.012000,0
2026-07-29 02:04:00,63662.70,63724.80,63656.10,63709.50,98.013000,1672,73.153000,24.860000,63680.29,103023.59,0.00010000,0.000000,1.094000,0
2026-07-29 02:05:00,63709.50,63709.50,63678.90,63683.50,53.786000,880,24.703000,29.083000,63692.06,103032.71,0.00010000,0.000000,0.003000,0
2026-07-29 02:06:00,63683.60,63705.00,63680.50,63700.70,38.942000,850,25.404000,13.538000,63697.55,103037.83,0.00010000,0.000000,0.000000,0
2026-07-29 02:07:00,63700.70,63764.00,63691.80,63760.00,105.762000,1156,65.882000,39.880000,63741.63,103037.52,0.00010000,0.000000,0.000000,0
2026-07-29 02:08:00,63760.00,63778.20,63760.00,63771.00,97.311000,871,69.865000,27.446000,63770.00,103007.32,0.00010000,0.000000,0.000000,0
2026-07-29 02:09:00,63771.00,63779.10,63744.70,63762.70,55.709000,964,38.563000,17.146000,63764.60,103021.85,0.00010000,0.000000,0.000000,0
2026-07-29 02:10:00,63762.70,63770.40,63747.50,63757.70,79.119000,942,51.752000,27.367000,63761.60,103023.58,0.00010000,0.000000,0.001000,0
2026-07-29 02:11:00,63757.80,63772.80,63744.60,63754.10,25.021000,822,15.150000,9.871000,63758.87,103019.92,0.00010000,0.000000,0.388000,0
2026-07-29 02:12:00,63754.10,63780.00,63732.50,63780.00,64.615000,716,38.151000,26.464000,63757.45,103005.54,0.00010000,0.000000,0.000000,0
2026-07-29 02:13:00,63780.00,63849.20,63775.40,63830.10,170.686000,1673,127.612000,43.074000,63820.67,102992.10,0.00010000,0.003000,0.000000,0
2026-07-29 02:14:00,63830.10,63845.70,63814.40,63825.30,140.209000,1318,98.359000,41.850000,63833.07,103035.50,0.00010000,0.000000,0.000000,0
2026-07-29 02:15:00,63825.20,63828.80,63809.20,63812.30,21.860000,506,14.852000,7.008000,63819.65,103034.54,0.00010000,0.000000,0.000000,0
2026-07-29 02:16:00,63812.20,63812.30,63770.30,63773.10,32.251000,842,18.479000,13.772000,63787.91,103033.56,0.00010000,0.000000,0.000000,0
2026-07-29 02:17:00,63773.20,63794.40,63751.20,63751.30,134.541000,1327,36.276000,98.265000,63764.47,103020.15,0.00010000,0.000000,0.000000,0
2026-07-29 02:18:00,63751.30,63751.30,63662.80,63697.00,99.467000,1665,40.929000,58.538000,63693.69,102977.55,0.00010000,0.000000,0.008000,0
2026-07-29 02:19:00,63697.10,63731.60,63686.10,63726.00,61.530000,1421,43.775000,17.755000,63711.56,102972.58,0.00010000,0.000000,0.000000,0
2026-07-29 02:20:00,63726.10,63729.80,63703.10,63726.70,28.635000,741,15.006000,13.629000,63716.09,102969.62,0.00010000,0.000000,0.000000,0
2026-07-29 02:21:00,63726.70,63756.20,63718.30,63754.20,51.027000,1117,40.342000,10.685000,63740.54,102967.93,0.00010000,0.000000,0.010000,0
2026-07-29 02:22:00,63754.20,63800.30,63740.50,63786.00,64.726000,1170,29.367000,35.359000,63779.87,102979.71,0.00010000,0.000000,0.000000,0
2026-07-29 02:23:00,63786.10,63829.60,63763.10,63829.10,59.179000,1037,54.131000,5.048000,63814.16,102958.32,0.00010000,0.000000,0.000000,0
2026-07-29 02:24:00,63828.90,63864.70,63800.00,63839.70,86.531000,1431,62.222000,24.309000,63836.85,102986.94,0.00010000,0.076000,0.000000,0
2026-07-29 02:25:00,63839.70,63862.90,63814.40,63814.50,50.683000,1066,28.647000,22.036000,63846.05,102984.80,0.00010000,0.000000,0.000000,0
2026-07-29 02:26:00,63814.40,63862.40,63806.00,63855.50,21.790000,718,17.570000,4.220000,63833.99,102993.63,0.00010000,0.000000,0.000000,0
2026-07-29 02:27:00,63855.50,63875.70,63845.00,63859.90,31.982000,769,21.307000,10.675000,63863.49,102999.39,0.00010000,0.000000,0.000000,0
2026-07-29 02:28:00,63859.80,63872.60,63850.40,63872.60,22.607000,503,12.286000,10.321000,63863.48,102998.34,0.00010000,0.000000,0.000000,0
2026-07-29 02:29:00,63872.60,63932.60,63872.60,63925.20,176.463000,1394,150.143000,26.320000,63905.60,103009.98,0.00010000,1.522000,0.000000,0
2026-07-29 02:30:00,63925.20,64002.10,63922.10,64002.00,286.727000,1713,231.764000,54.963000,63976.69,102993.83,0.00010000,1.565000,0.000000,0
2026-07-29 02:31:00,64002.10,64039.70,63973.90,63988.60,254.421000,2065,101.012000,153.409000,64012.64,103018.16,0.00010000,0.218000,0.000000,0
2026-07-29 02:32:00,63988.60,63991.40,63963.20,63977.80,134.306000,926,45.655000,88.651000,63974.90,103007.75,0.00010000,0.000000,0.000000,0
2026-07-29 02:33:00,63977.70,63977.80,63942.60,63948.60,91.157000,883,38.239000,52.918000,63960.56,103004.39,0.00010000,0.000000,0.000000,0
2026-07-29 02:34:00,63948.50,63957.60,63926.40,63930.30,53.086000,784,23.999000,29.087000,63941.77,103001.26,0.00010000,0.000000,0.000000,0
2026-07-29 02:35:00,63930.30,63940.00,63925.30,63932.20,37.156000,427,19.195000,17.961000,63934.79,103012.49,0.00010000,0.000000,0.000000,0
2026-07-29 02:36:00,63932.20,63978.70,63932.20,63975.70,90.778000,1036,74.676000,16.102000,63954.33,103015.97,0.00010000,0.000000,0.000000,0
2026-07-29 02:37:00,63975.70,64040.90,63970.80,64016.00,204.388000,1796,131.845000,72.543000,64010.45,103037.24,0.00010000,0.000000,0.000000,0
2026-07-29 02:38:00,64016.00,64024.80,63986.40,63994.70,235.242000,1006,44.060000,191.182000,63998.52,103051.27,0.00010000,0.000000,0.042000,0
2026-07-29 02:39:00,63994.70,64021.70,63994.70,64019.10,81.410000,730,27.796000,53.614000,64013.97,103089.24,0.00010000,0.000000,0.000000,0
2026-07-29 02:40:00,64019.10,64077.90,64019.10,64077.90,154.184000,988,136.375000,17.809000,64046.30,103084.78,0.00010000,1.359000,0.000000,0
2026-07-29 02:41:00,64077.90,64110.50,64068.00,64068.10,236.957000,1898,123.821000,113.136000,64092.72,103112.94,0.00010000,0.898000,0.000000,0
2026-07-29 02:42:00,64068.10,64077.50,64049.30,64049.30,52.030000,642,14.790000,37.240000,64071.20,103108.98,0.00010000,0.000000,0.000000,0
2026-07-29 02:43:00,64049.30,64049.40,64009.40,64012.70,34.781000,588,9.045000,25.736000,64024.79,103108.84,0.00010000,0.000000,0.000000,0
2026-07-29 02:44:00,64012.80,64023.10,64012.70,64023.00,36.058000,225,22.853000,13.205000,64017.03,103108.46,0.00010000,0.000000,0.000000,0
2026-07-29 02:45:00,64023.00,64023.10,64003.20,64003.40,39.466000,349,6.370000,33.096000,64009.53,103113.43,0.00010000,0.000000,0.000000,0
2026-07-29 02:46:00,64003.50,64022.80,63986.40,64011.50,133.511000,745,68.507000,65.004000,64000.77,103111.52,0.00010000,0.000000,0.000000,0
2026-07-29 02:47:00,64011.50,64022.40,63976.90,63977.10,241.924000,765,33.669000,208.255000,63992.04,103132.43,0.00010000,0.000000,0.000000,0
2026-07-29 02:48:00,63977.10,63977.20,63897.40,63897.40,110.028000,1175,16.799000,93.229000,63940.63,103154.40,0.00010000,0.000000,0.000000,0
2026-07-29 02:49:00,63897.50,63915.60,63891.60,63900.40,140.511000,1096,89.177000,51.334000,63901.63,103156.62,0.00010000,0.000000,0.000000,0
2026-07-29 02:50:00,63900.40,63909.50,63895.20,63908.70,26.786000,470,14.362000,12.424000,63903.52,103154.25,0.00010000,0.000000,0.000000,0
2026-07-29 02:51:00,63908.70,63938.90,63892.90,63933.00,44.203000,847,24.183000,20.020000,63908.98,103155.72,0.00010000,0.000000,0.000000,0
2026-07-29 02:52:00,63932.90,63953.30,63920.00,63950.20,27.568000,563,17.278000,10.290000,63940.73,103155.05,0.00010000,0.000000,0.000000,0
2026-07-29 02:53:00,63950.30,63950.30,63916.20,63925.20,24.238000,624,14.109000,10.129000,63928.81,103159.69,0.00010000,0.000000,0.000000,0
2026-07-29 02:54:00,63925.30,63939.80,63914.30,63939.70,18.613000,355,13.039000,5.574000,63922.28,103160.00,0.00010000,0.000000,0.000000,0
2026-07-29 02:55:00,63939.80,63958.00,63933.70,63958.00,15.892000,286,12.867000,3.025000,63947.58,103159.98,0.00010000,0.000000,0.000000,0
2026-07-29 02:56:00,63957.90,63972.60,63939.20,63947.40,55.069000,634,14.677000,40.392000,63949.54,103150.18,0.00010000,0.000000,0.001000,0
2026-07-29 02:57:00,63947.40,63961.00,63933.80,63944.10,57.081000,733,11.569000,45.512000,63943.95,103144.82,0.00010000,0.000000,0.000000,0
2026-07-29 02:58:00,63944.10,63959.00,63944.10,63950.90,32.532000,484,12.337000,20.195000,63949.76,103145.59,0.00010000,0.000000,0.000000,0
2026-07-29 02:59:00,63950.90,63950.90,63946.10,63950.40,11.455000,176,7.428000,4.027000,63948.41,103147.82,0.00010000,0.000000,0.024000,0
2026-07-29 03:00:00,63950.40,63954.80,63929.70,63954.80,18.511000,426,10.742000,7.769000,63940.73,103145.51,0.00010000,0.000000,0.000000,0
2026-07-29 03:01:00,63955.00,63957.70,63926.90,63937.70,48.035000,565,14.324000,33.711000,63939.82,103140.47,0.00010000,0.000000,0.000000,0
2026-07-29 03:02:00,63937.70,63950.10,63902.30,63911.70,73.194000,786,18.570000,54.624000,63917.66,103134.70,0.00010000,0.000000,0.010000,0
2026-07-29 03:03:00,63911.80,63911.80,63880.20,63883.30,257.868000,720,45.873000,211.995000,63898.24,103123.70,0.00010000,0.000000,0.000000,0
2026-07-29 03:04:00,63883.20,63892.90,63819.00,63871.10,300.111000,2272,82.447000,217.664000,63855.60,103164.56,0.00010000,0.000000,0.276000,0
2026-07-29 03:05:00,63871.10,63889.80,63861.20,63870.70,42.669000,842,28.311000,14.358000,63872.02,103162.20,0.00010000,0.000000,0.000000,0
2026-07-29 03:06:00,63870.60,63901.10,63870.60,63901.00,40.300000,616,24.694000,15.606000,63890.06,103162.28,0.00010000,0.000000,0.000000,0
2026-07-29 03:07:00,63901.10,63901.10,63861.60,63889.40,39.126000,971,16.227000,22.899000,63877.17,103164.03,0.00010000,0.000000,0.000000,0
2026-07-29 03:08:00,63889.40,63937.30,63877.00,63924.50,40.263000,791,21.652000,18.611000,63904.48,103157.20,0.00010000,0.000000,0.000000,0
2026-07-29 03:09:00,63924.50,63961.60,63920.40,63949.10,49.776000,830,22.348000,27.428000,63948.56,103148.46,0.00010000,0.000000,0.000000,0
2026-07-29 03:10:00,63949.10,63984.70,63943.80,63979.20,42.338000,837,24.129000,18.209000,63965.95,103139.29,0.00010000,0.000000,0.000000,0
2026-07-29 03:11:00,63979.20,63979.30,63956.50,63970.50,31.436000,574,15.913000,15.523000,63969.19,103134.08,0.00010000,0.000000,0.000000,0
2026-07-29 03:12:00,63970.50,63976.00,63962.50,63966.50,20.589000,298,9.292000,11.297000,63969.75,103130.82,0.00010000,0.000000,0.000000,0
2026-07-29 03:13:00,63966.50,63969.30,63941.90,63941.90,12.639000,425,6.773000,5.866000,63958.19,103133.53,0.00010000,0.000000,0.000000,0
2026-07-29 03:14:00,63942.00,63942.00,63916.80,63921.80,21.168000,339,11.987000,9.181000,63931.33,103133.33,0.00010000,0.000000,0.000000,0
2026-07-29 03:15:00,63921.80,63921.90,63908.20,63913.30,23.827000,424,12.078000,11.749000,63914.21,103131.55,0.00010000,0.000000,0.000000,0
2026-07-29 03:16:00,63913.20,63913.30,63886.60,63899.30,20.897000,457,10.910000,9.987000,63892.98,103136.94,0.00010000,0.000000,0.000000,0
2026-07-29 03:17:00,63899.20,63947.10,63899.20,63944.20,171.979000,924,151.246000,20.733000,63920.78,103158.94,0.00010000,0.000000,0.000000,0
2026-07-29 03:18:00,63944.20,63945.00,63898.20,63914.70,101.029000,781,20.678000,80.351000,63911.54,103205.78,0.00010000,0.000000,0.000000,0
2026-07-29 03:19:00,63914.70,63914.70,63885.90,63892.10,29.115000,633,14.309000,14.806000,63893.30,103188.37,0.00010000,0.000000,0.004000,0
2026-07-29 03:20:00,63892.10,63892.10,63837.50,63850.00,62.837000,942,22.649000,40.188000,63868.64,103209.52,0.00010000,0.000000,0.000000,0
2026-07-29 03:21:00,63850.00,63891.10,63849.90,63889.10,47.020000,840,30.899000,16.121000,63870.64,103212.50,0.00010000,0.000000,0.000000,0
2026-07-29 03:22:00,63889.10,63913.60,63873.40,63873.50,36.432000,752,19.171000,17.261000,63899.21,103213.56,0.00010000,0.000000,0.002000,0
2026-07-29 03:23:00,63873.50,63905.00,63873.50,63905.00,22.531000,702,17.730000,4.801000,63893.02,103213.61,0.00010000,0.000000,0.000000,0
2026-07-29 03:24:00,63905.10,63917.70,63856.00,63865.50,31.735000,806,20.187000,11.548000,63874.45,103211.19,0.00010000,0.011000,0.000000,0
2026-07-29 03:25:00,63865.50,63869.80,63837.80,63846.60,69.721000,841,24.751000,44.970000,63851.30,103209.99,0.00010000,0.000000,0.000000,0
2026-07-29 03:26:00,63846.60,63854.30,63841.80,63845.10,76.366000,699,33.132000,43.234000,63847.96,103201.10,0.00010000,0.000000,0.052000,0
2026-07-29 03:27:00,63845.10,63849.10,63834.00,63834.00,31.024000,447,20.713000,10.311000,63844.83,103195.93,0.00010000,0.000000,0.000000,0
2026-07-29 03:28:00,63834.00,63835.70,63800.40,63813.20,57.699000,713,23.747000,33.952000,63818.59,103192.13,0.00010000,0.000000,0.046000,0
2026-07-29 03:29:00,63813.40,63813.40,63784.40,63786.50,146.342000,825,45.444000,100.898000,63796.51,103162.62,0.00010000,0.000000,2.194000,0
2026-07-29 03:30:00,63786.50,63786.50,63759.10,63773.50,67.123000,770,37.972000,29.151000,63771.52,103172.96,0.00010000,0.000000,0.035000,0
2026-07-29 03:31:00,63773.40,63773.50,63687.30,63724.70,242.998000,1999,135.517000,107.481000,63715.06,103155.64,0.00010000,0.026000,1.039000,0
2026-07-29 03:32:00,63724.80,63724.80,63684.70,63714.10,122.245000,923,80.215000,42.030000,63695.11,103164.25,0.00010000,0.013000,0.019000,0
2026-07-29 03:33:00,63714.20,63732.20,63684.70,63721.00,220.586000,1647,153.000000,67.586000,63705.42,103171.30,0.00010000,0.000000,0.000000,0
2026-07-29 03:34:00,63720.90,63750.00,63720.90,63750.00,104.862000,964,72.776000,32.086000,63734.23,103170.74,0.00010000,0.000000,0.000000,0
2026-07-29 03:35:00,63750.00,63750.00,63710.50,63723.50,150.853000,1208,46.925000,103.928000,63723.87,103147.43,0.00010000,0.000000,0.000000,0
2026-07-29 03:36:00,63723.50,63750.00,63708.40,63750.00,55.430000,924,27.201000,28.229000,63731.89,103156.75,0.00010000,0.000000,0.000000,0
2026-07-29 03:37:00,63750.00,63800.10,63749.90,63787.50,131.101000,1093,97.370000,33.731000,63782.94,103152.41,0.00010000,0.000000,0.000000,0
2026-07-29 03:38:00,63787.60,63823.90,63781.90,63821.40,225.989000,1533,157.564000,68.425000,63800.94,103195.73,0.00010000,0.000000,0.000000,0
2026-07-29 03:39:00,63821.50,63854.20,63805.00,63805.10,140.278000,1321,72.481000,67.797000,63837.09,103183.62,0.00010000,0.000000,0.000000,0
2026-07-29 03:40:00,63805.10,63809.40,63760.40,63782.40,40.085000,788,17.488000,22.597000,63784.03,103181.00,0.00010000,0.000000,0.000000,0
2026-07-29 03:41:00,63782.40,63789.10,63772.20,63774.60,31.610000,478,16.361000,15.249000,63778.90,103172.75,0.00010000,0.000000,0.000000,0
2026-07-29 03:42:00,63774.60,63774.60,63750.50,63751.80,48.891000,644,29.242000,19.649000,63761.00,103182.46,0.00010000,0.000000,0.000000,0
2026-07-29 03:43:00,63751.80,63753.00,63733.40,63733.50,30.269000,595,16.504000,13.765000,63744.99,103181.02,0.00010000,0.000000,0.005000,0
2026-07-29 03:44:00,63733.50,63738.70,63723.20,63738.70,68.568000,474,28.260000,40.308000,63728.40,103174.62,0.00010000,0.022000,0.102000,0
2026-07-29 03:45:00,63738.60,63749.10,63729.60,63749.10,34.765000,452,20.452000,14.313000,63737.97,103174.79,0.00010000,1.342000,0.005000,0
2026-07-29 03:46:00,63749.10,63771.20,63749.10,63758.00,28.931000,507,15.930000,13.001000,63765.55,103177.12,0.00010000,0.000000,0.000000,0
2026-07-29 03:47:00,63758.10,63780.00,63717.80,63717.90,142.627000,1407,40.846000,101.781000,63745.66,103210.78,0.00010000,0.013000,0.478000,0
2026-07-29 03:48:00,63717.80,63743.10,63703.40,63743.10,190.776000,1438,59.696000,131.080000,63721.40,103281.26,0.00010000,0.000000,0.000000,0
2026-07-29 03:49:00,63743.10,63743.10,63706.30,63709.00,169.547000,1133,42.173000,127.374000,63719.48,103341.02,0.00010000,0.000000,0.000000,0
2026-07-29 03:50:00,63709.00,63719.80,63700.00,63707.50,117.601000,933,64.640000,52.961000,63709.43,103336.62,0.00010000,0.000000,0.087000,0
2026-07-29 03:51:00,63707.60,63732.70,63688.00,63729.30,100.924000,915,50.689000,50.235000,63709.93,103366.24,0.00010000,0.000000,0.000000,0
2026-07-29 03:52:00,63729.30,63729.30,63700.10,63707.50,100.482000,1594,46.055000,54.427000,63713.94,103382.75,0.00010000,0.004000,0.000000,0
2026-07-29 03:53:00,63707.50,63707.60,63696.50,63706.80,45.548000,398,25.288000,20.260000,63702.51,103378.44,0.00010000,0.000000,0.162000,0
2026-07-29 03:54:00,63706.80,63711.50,63696.80,63701.20,47.311000,648,21.534000,25.777000,63704.06,103376.31,0.00010000,0.000000,0.786000,0
2026-07-29 03:55:00,63701.20,63715.20,63687.20,63714.30,86.373000,649,73.417000,12.956000,63702.12,103368.02,0.00010000,0.000000,0.003000,0
2026-07-29 03:56:00,63714.30,63714.30,63687.00,63699.20,42.139000,631,29.500000,12.639000,63697.00,103384.52,0.00010000,0.000000,0.016000,0
2026-07-29 03:57:00,63699.30,63715.70,63699.20,63710.60,47.649000,460,25.087000,22.562000,63709.34,103390.18,0.00010000,0.000000,0.031000,0
2026-07-29 03:58:00,63710.70,63716.00,63699.20,63710.50,35.548000,539,14.338000,21.210000,63710.85,103393.68,0.00010000,0.000000,0.000000,0
2026-07-29 03:59:00,63710.60,63710.60,63688.00,63706.80,115.438000,555,88.244000,27.194000,63694.38,103411.06,0.00010000,0.000000,0.000000,0
2026-07-29 04:00:00,63707.90,63727.00,63704.40,63727.00,58.516000,522,44.222000,14.294000,63712.49,103409.31,0.00010000,0.000000,0.000000,0
2026-07-29 04:01:00,63727.00,63737.00,63697.90,63699.70,122.721000,983,43.214000,79.507000,63717.29,103433.71,0.00010000,0.092000,0.000000,0
2026-07-29 04:02:00,63699.70,63699.70,63674.00,63681.90,46.642000,614,17.965000,28.677000,63684.02,103449.10,0.00010000,0.000000,0.205000,0
2026-07-29 04:03:00,63682.00,63699.70,63653.20,63686.50,140.620000,1428,66.335000,74.285000,63674.92,103460.13,0.00010000,0.001000,0.115000,0
2026-07-29 04:04:00,63686.50,63709.00,63644.50,63644.50,141.139000,1375,54.887000,86.252000,63661.58,103445.12,0.00010000,0.000000,2.773000,0
2026-07-29 04:05:00,63644.60,63645.90,63622.30,63628.90,149.302000,822,67.872000,81.430000,63637.02,103456.53,0.00010000,0.000000,4.775000,0
2026-07-29 04:06:00,63629.00,63640.00,63623.00,63633.50,134.845000,997,104.702000,30.143000,63629.60,103482.26,0.00010000,0.000000,0.006000,0
2026-07-29 04:07:00,63633.50,63633.50,63571.70,63586.40,255.135000,1761,87.281000,167.854000,63594.04,103518.01,0.00010000,0.135000,1.956000,0
2026-07-29 04:08:00,63586.30,63647.00,63569.50,63647.00,119.549000,1264,85.221000,34.328000,63588.83,103542.61,0.00010000,0.003000,0.177000,0
2026-07-29 04:09:00,63647.20,63683.50,63644.50,63680.60,113.263000,1152,75.085000,38.178000,63663.77,103562.73,0.00010000,0.000000,0.000000,0
2026-07-29 04:10:00,63680.60,63748.90,63680.50,63742.10,127.318000,1354,94.627000,32.691000,63721.26,103562.73,0.00010000,0.062000,0.000000,0
2026-07-29 04:11:00,63742.10,63742.10,63694.90,63695.50,72.403000,1234,43.526000,28.877000,63710.30,103584.21,0.00010000,0.008000,0.000000,0
2026-07-29 04:12:00,63695.40,63695.40,63669.00,63685.80,29.012000,604,14.935000,14.077000,63684.19,103588.13,0.00010000,0.002000,0.000000,0
2026-07-29 04:13:00,63685.80,63737.40,63676.20,63734.70,38.191000,833,28.576000,9.615000,63707.55,103589.01,0.00010000,0.000000,0.000000,0
2026-07-29 04:14:00,63734.60,63746.20,63721.80,63726.40,71.943000,771,42.698000,29.245000,63734.67,103587.36,0.00010000,0.000000,0.000000,0
2026-07-29 04:15:00,63726.30,63726.40,63703.90,63719.60,31.448000,696,20.783000,10.665000,63714.53,103587.54,0.00010000,0.000000,0.000000,0
2026-07-29 04:16:00,63719.60,63719.60,63681.30,63692.90,46.926000,838,17.034000,29.892000,63691.90,103590.86,0.00010000,0.000000,1.898000,0
2026-07-29 04:17:00,63692.90,63692.90,63660.80,63672.40,49.610000,739,23.988000,25.622000,63675.32,103593.44,0.00010000,0.000000,0.037000,0
2026-07-29 04:18:00,63672.40,63692.10,63662.40,63671.20,39.472000,728,16.832000,22.640000,63678.12,103604.06,0.00010000,0.118000,0.237000,0
2026-07-29 04:19:00,63671.20,63671.30,63636.90,63639.10,78.447000,627,21.787000,56.660000,63655.00,103609.71,0.00010000,0.000000,0.004000,0
2026-07-29 04:20:00,63639.00,63661.70,63606.10,63661.70,134.189000,1106,89.556000,44.633000,63631.45,103604.45,0.00010000,0.081000,10.912000,0
2026-07-29 04:21:00,63661.80,63675.00,63625.70,63636.40,67.030000,933,31.789000,35.241000,63651.88,103598.15,0.00010000,0.000000,0.000000,0
2026-07-29 04:22:00,63636.30,63651.60,63614.20,63614.20,39.343000,669,12.389000,26.954000,63631.50,103613.25,0.00010000,0.000000,0.000000,0
2026-07-29 04:23:00,63614.30,63670.20,63614.20,63666.90,83.469000,728,36.945000,46.524000,63648.10,103611.34,0.00010000,0.000000,0.000000,0
2026-07-29 04:24:00,63666.80,63676.60,63647.60,63676.60,54.509000,818,27.211000,27.298000,63660.11,103629.82,0.00010000,0.000000,0.000000,0
2026-07-29 04:25:00,63676.60,63763.00,63676.50,63759.80,160.467000,1166,142.634000,17.833000,63708.21,103648.24,0.00010000,0.000000,0.000000,0
2026-07-29 04:26:00,63759.70,63767.30,63724.80,63738.20,112.211000,1591,66.901000,45.310000,63749.88,103633.81,0.00010000,0.000000,0.000000,0
2026-07-29 04:27:00,63738.20,63763.10,63733.00,63763.00,28.899000,621,18.938000,9.961000,63741.52,103639.39,0.00010000,0.000000,0.000000,0
2026-07-29 04:28:00,63763.10,63796.10,63763.00,63796.10,57.670000,847,42.464000,15.206000,63780.53,103643.52,0.00010000,0.000000,0.000000,0
2026-07-29 04:29:00,63796.00,63813.40,63780.00,63780.00,98.311000,878,65.457000,32.854000,63797.61,103652.90,0.00010000,0.935000,0.000000,0
2026-07-29 04:30:00,63780.00,63792.70,63762.60,63785.20,92.548000,903,62.794000,29.754000,63780.27,103652.21,0.00010000,0.000000,0.000000,0
2026-07-29 04:31:00,63785.20,63800.00,63765.80,63790.90,46.291000,864,18.253000,28.038000,63779.08,103664.05,0.00010000,0.000000,0.000000,0
2026-07-29 04:32:00,63790.80,63798.20,63768.00,63794.90,42.879000,837,27.026000,15.853000,63780.53,103675.16,0.00010000,0.000000,0.000000,0
2026-07-29 04:33:00,63794.90,63801.00,63768.00,63768.10,29.971000,601,20.805000,9.166000,63791.53,103673.61,0.00010000,0.000000,0.010000,0
2026-07-29 04:34:00,63768.10,63794.90,63758.00,63764.80,25.672000,749,17.551000,8.121000,63772.83,103675.03,0.00010000,0.000000,0.000000,0
2026-07-29 04:35:00,63764.70,63781.90,63753.30,63781.80,26.837000,617,16.634000,10.203000,63770.25,103678.65,0.00010000,0.000000,0.000000,0
2026-07-29 04:36:00,63781.90,63821.30,63781.80,63809.60,34.719000,686,27.287000,7.432000,63804.73,103687.65,0.00010000,0.001000,0.000000,0
2026-07-29 04:37:00,63809.60,63862.90,63809.50,63847.30,130.038000,1130,106.463000,23.575000,63839.25,103698.97,0.00010000,0.048000,0.000000,0
2026-07-29 04:38:00,63847.20,63883.50,63847.20,63872.20,93.526000,921,70.597000,22.929000,63868.74,103706.37,0.00010000,0.324000,0.000000,0
2026-07-29 04:39:00,63872.10,63935.30,63872.00,63908.70,125.845000,1077,77.940000,47.905000,63909.54,103711.41,0.00010000,0.454000,0.000000,0
2026-07-29 04:40:00,63908.80,63908.80,63872.40,63892.40,50.182000,975,17.164000,33.018000,63885.89,103699.35,0.00010000,0.000000,0.000000,0
2026-07-29 04:41:00,63892.30,63896.00,63873.10,63888.70,35.876000,744,12.684000,23.192000,63880.81,103701.48,0.00010000,0.000000,0.000000,0
2026-07-29 04:42:00,63888.70,63888.70,63870.10,63870.10,27.929000,605,6.637000,21.292000,63877.69,103702.02,0.00010000,0.000000,0.000000,0
2026-07-29 04:43:00,63870.10,63876.50,63855.40,63864.00,62.984000,565,32.968000,30.016000,63862.75,103699.32,0.00010000,0.000000,0.000000,0
2026-07-29 04:44:00,63864.00,63865.00,63854.00,63858.30,28.126000,410,12.292000,15.834000,63856.37,103710.78,0.00010000,0.000000,0.000000,0
2026-07-29 04:45:00,63858.30,63858.30,63841.10,63841.30,22.353000,381,11.738000,10.615000,63848.95,103709.80,0.00010000,0.000000,0.000000,0
2026-07-29 04:46:00,63841.20,63843.00,63821.00,63843.00,43.235000,622,16.140000,27.095000,63836.07,103711.80,0.00010000,0.000000,0.000000,0
2026-07-29 04:47:00,63842.90,63863.90,63839.40,63846.80,37.096000,541,27.743000,9.353000,63850.98,103716.08,0.00010000,0.000000,0.000000,0
2026-07-29 04:48:00,63846.80,63888.00,63846.70,63875.10,47.469000,735,25.915000,21.554000,63871.98,103732.45,0.00010000,0.000000,0.000000,0
2026-07-29 04:49:00,63875.10,63878.30,63866.90,63877.80,29.417000,495,16.930000,12.487000,63872.20,103745.22,0.00010000,0.000000,0.000000,0
2026-07-29 04:50:00,63877.70,63880.50,63851.80,63852.80,138.487000,953,28.836000,109.651000,63867.22,103746.86,0.00010000,0.000000,0.000000,0
2026-07-29 04:51:00,63852.70,63870.80,63834.30,63834.40,42.401000,765,29.480000,12.921000,63850.11,103794.25,0.00010000,0.000000,0.000000,0
2026-07-29 04:52:00,63834.30,63905.30,63833.50,63896.10,79.077000,791,58.061000,21.016000,63879.58,103792.89,0.00010000,0.000000,0.000000,0
2026-07-29 04:53:00,63896.00,63897.10,63879.00,63882.00,20.712000,382,8.481000,12.231000,63891.58,103811.75,0.00010000,0.000000,0.000000,0
2026-07-29 04:54:00,63881.90,63900.00,63881.90,63889.90,29.971000,482,11.698000,18.273000,63889.35,103815.17,0.00010000,0.000000,0.000000,0
2026-07-29 04:55:00,63889.90,63904.30,63886.00,63904.30,47.157000,423,19.469000,27.688000,63893.53,103811.65,0.00010000,0.000000,0.000000,0
2026-07-29 04:56:00,63904.30,63918.70,63877.90,63904.20,79.507000,1076,41.258000,38.249000,63895.98,103816.35,0.00010000,0.000000,0.000000,0
2026-07-29 04:57:00,63904.20,63914.60,63893.10,63901.70,20.359000,528,8.860000,11.499000,63908.93,103835.22,0.00010000,0.000000,0.000000,0
2026-07-29 04:58:00,63901.80,63901.80,63890.00,63893.40,13.684000,343,5.624000,8.060000,63894.48,103836.36,0.00010000,0.000000,0.000000,0
2026-07-29 04:59:00,63893.50,63925.00,63893.40,63924.90,30.765000,400,21.943000,8.822000,63913.56,103836.32,0.00010000,0.000000,0.000000,0
2026-07-29 05:00:00,63924.90,63950.00,63915.00,63944.20,117.694000,609,74.233000,43.461000,63932.14,103844.21,0.00010000,0.022000,0.000000,0
2026-07-29 05:01:00,63944.20,63961.80,63938.30,63955.60,168.720000,797,112.396000,56.324000,63947.77,103860.36,0.00010000,0.000000,0.144000,0
2026-07-29 05:02:00,63955.60,63964.00,63939.60,63963.90,62.014000,496,35.394000,26.620000,63952.72,103838.79,0.00010000,0.000000,0.000000,0
2026-07-29 05:03:00,63964.00,63964.00,63948.10,63955.60,39.268000,420,21.905000,17.363000,63956.76,103833.75,0.00010000,0.000000,0.000000,0
2026-07-29 05:04:00,63955.70,63979.40,63955.60,63962.50,82.751000,685,47.008000,35.743000,63970.62,103827.90,0.00010000,0.004000,0.000000,0
2026-07-29 05:05:00,63962.40,63969.50,63930.50,63937.30,104.094000,989,35.782000,68.312000,63948.14,103811.72,0.00010000,0.000000,0.000000,0
2026-07-29 05:06:00,63937.40,63937.40,63906.60,63920.20,102.739000,804,43.191000,59.548000,63918.53,103821.04,0.00010000,0.000000,0.000000,0
2026-07-29 05:07:00,63920.30,63959.60,63920.30,63957.70,43.215000,540,17.467000,25.748000,63948.39,103799.78,0.00010000,0.000000,0.000000,0
2026-07-29 05:08:00,63957.70,63960.00,63941.30,63959.90,42.349000,541,26.115000,16.234000,63950.76,103798.47,0.00010000,0.000000,0.000000,0
2026-07-29 05:09:00,63960.00,63971.10,63954.00,63967.40,22.727000,441,12.296000,10.431000,63964.49,103799.58,0.00010000,0.000000,0.000000,0
2026-07-29 05:10:00,63967.30,63967.40,63938.60,63948.10,86.621000,704,16.459000,70.162000,63951.51,103801.11,0.00010000,0.000000,0.000000,0
2026-07-29 05:11:00,63948.10,63990.00,63948.00,63989.90,101.663000,478,87.773000,13.890000,63966.79,103799.78,0.00010000,0.000000,0.000000,0
2026-07-29 05:12:00,63990.00,63999.00,63981.30,63998.90,89.670000,437,61.471000,28.199000,63990.46,103816.40,0.00010000,0.027000,0.000000,0
2026-07-29 05:13:00,63999.00,63999.00,63970.80,63970.80,40.698000,438,5.974000,34.724000,63986.81,103832.36,0.00010000,0.000000,0.000000,0
2026-07-29 05:14:00,63970.80,63981.60,63970.80,63981.50,23.403000,350,10.196000,13.207000,63977.66,103829.08,0.00010000,0.000000,0.002000,0
2026-07-29 05:15:00,63981.50,63981.50,63971.20,63975.20,34.713000,302,10.731000,23.982000,63976.39,103831.23,0.00010000,0.000000,0.000000,0
2026-07-29 05:16:00,63975.10,63975.20,63927.10,63927.20,41.534000,571,3.779000,37.755000,63947.77,103836.21,0.00010000,0.000000,0.000000,0
2026-07-29 05:17:00,63927.20,63933.50,63920.30,63924.90,44.693000,428,16.707000,27.986000,63925.02,103826.38,0.00010000,0.000000,0.000000,0
2026-07-29 05:18:00,63925.00,63925.00,63902.10,63908.60,37.386000,463,15.676000,21.710000,63909.43,103822.27,0.00010000,0.000000,0.000000,0
2026-07-29 05:19:00,63908.60,63908.60,63902.10,63904.10,29.829000,341,10.193000,19.636000,63904.13,103826.21,0.00010000,0.000000,0.000000,0
2026-07-29 05:20:00,63904.10,63904.20,63904.10,63904.20,17.904000,255,4.744000,13.160000,63904.13,103831.92,0.00010000,0.000000,0.000000,0
2026-07-29 05:21:00,63904.20,63911.20,63866.40,63891.30,156.151000,1006,75.379000,80.772000,63887.68,103845.01,0.00010000,0.000000,0.000000,0
2026-07-29 05:22:00,63891.30,63904.90,63868.10,63901.70,42.258000,748,23.300000,18.958000,63886.57,103874.96,0.00010000,0.000000,0.000000,0
2026-07-29 05:23:00,63901.70,63965.20,63901.70,63965.20,59.202000,766,35.842000,23.360000,63929.00,103876.82,0.00010000,0.000000,0.000000,0
2026-07-29 05:24:00,63965.20,63971.90,63940.00,63940.40,73.477000,570,22.730000,50.747000,63961.65,103902.49,0.00010000,0.000000,0.000000,0
2026-07-29 05:25:00,63940.50,63940.50,63909.40,63919.50,153.501000,927,63.763000,89.738000,63923.76,103902.14,0.00010000,0.000000,0.000000,0
2026-07-29 05:26:00,63919.60,63956.50,63919.50,63929.40,55.645000,628,31.722000,23.923000,63939.61,103934.40,0.00010000,0.000000,0.000000,0
2026-07-29 05:27:00,63929.40,63945.40,63928.70,63930.70,28.102000,338,11.409000,16.693000,63933.86,103932.00,0.00010000,0.000000,0.000000,0
2026-07-29 05:28:00,63930.60,63949.50,63930.60,63949.50,11.755000,209,6.096000,5.659000,63942.49,103941.75,0.00010000,0.000000,0.000000,0
2026-07-29 05:29:00,63949.40,63958.50,63936.10,63936.20,31.886000,325,9.582000,22.304000,63952.11,103945.55,0.00010000,0.000000,0.000000,0
2026-07-29 05:30:00,63936.10,63936.20,63928.20,63928.20,15.665000,139,3.172000,12.493000,63934.07,103955.83,0.00010000,0.000000,0.000000,0
2026-07-29 05:31:00,63928.20,63928.20,63894.00,63920.00,69.231000,859,37.964000,31.267000,63905.93,103963.42,0.00010000,0.000000,0.000000,0
2026-07-29 05:32:00,63920.00,63937.40,63920.00,63932.50,25.002000,321,17.196000,7.806000,63931.51,103963.26,0.00010000,0.000000,0.000000,0
2026-07-29 05:33:00,63932.60,63960.00,63932.50,63951.70,34.789000,369,27.166000,7.623000,63952.15,103972.23,0.00010000,0.000000,0.000000,0
2026-07-29 05:34:00,63951.70,63965.80,63951.70,63955.40,19.961000,293,15.724000,4.237000,63960.39,103980.31,0.00010000,0.000000,0.000000,0
2026-07-29 05:35:00,63955.40,63966.00,63938.60,63965.90,28.018000,509,16.912000,11.106000,63954.34,103981.82,0.00010000,0.000000,0.000000,0
2026-07-29 05:36:00,63966.00,64006.20,63965.90,64006.10,120.131000,553,94.667000,25.464000,63994.73,103989.03,0.00010000,0.623000,0.000000,0
2026-07-29 05:37:00,64006.20,64021.90,63990.00,63990.00,149.232000,785,85.872000,63.360000,64007.80,103994.51,0.00010000,0.139000,0.000000,0
2026-07-29 05:38:00,63990.10,63990.10,63966.40,63970.70,23.201000,386,7.510000,15.691000,63972.07,103971.21,0.00010000,0.000000,0.000000,0
2026-07-29 05:39:00,63970.80,64007.10,63970.70,64007.10,60.722000,516,49.555000,11.167000,63980.60,103970.98,0.00010000,0.000000,0.000000,0
2026-07-29 05:40:00,64007.00,64013.00,63999.90,64007.70,50.335000,395,24.104000,26.231000,64006.66,103969.72,0.00010000,0.000000,0.000000,0
2026-07-29 05:41:00,64007.70,64021.40,63977.60,64021.40,89.247000,781,40.770000,48.477000,63997.91,103973.08,0.00010000,1.918000,0.000000,0
2026-07-29 05:42:00,64021.50,64023.00,63988.50,64000.00,61.860000,498,15.674000,46.186000,64011.62,103987.03,0.00010000,0.002000,0.000000,0
2026-07-29 05:43:00,64000.00,64023.00,64000.00,64022.20,26.770000,414,19.749000,7.021000,64016.81,103986.27,0.00010000,0.000000,0.000000,0
2026-07-29 05:44:00,64022.20,64025.00,64000.00,64000.00,33.454000,359,14.690000,18.764000,64019.26,103993.54,0.00010000,0.000000,0.000000,0
2026-07-29 05:45:00,64000.10,64000.10,63994.30,63994.30,13.863000,168,6.227000,7.636000,63998.63,104000.48,0.00010000,0.000000,0.000000,0
2026-07-29 05:46:00,63994.40,64011.30,63984.70,63990.10,37.083000,532,22.700000,14.383000,63995.93,104006.30,0.00010000,0.000000,0.000000,0
2026-07-29 05:47:00,63990.00,64009.80,63990.00,64000.10,32.653000,327,14.423000,18.230000,63999.07,104003.55,0.00010000,0.000000,0.000000,0
2026-07-29 05:48:00,64000.00,64022.40,64000.00,64009.90,33.965000,359,19.161000,14.804000,64012.88,104010.01,0.00010000,0.000000,0.000000,0
2026-07-29 05:49:00,64009.80,64020.50,63999.60,64015.60,32.387000,621,13.858000,18.529000,64009.52,104014.24,0.00010000,0.000000,0.000000,0
2026-07-29 05:50:00,64015.60,64019.90,63997.30,64008.40,105.205000,590,25.819000,79.386000,64009.61,103999.92,0.00010000,0.000000,0.000000,0
2026-07-29 05:51:00,64008.50,64019.70,64002.00,64019.70,24.770000,318,11.819000,12.951000,64005.57,103999.80,0.00010000,0.000000,0.000000,0
2026-07-29 05:52:00,64019.70,64049.90,64019.60,64039.40,168.483000,656,111.605000,56.878000,64036.10,104013.86,0.00010000,0.080000,0.000000,0
2026-07-29 05:53:00,64039.40,64048.70,64017.60,64048.60,64.780000,562,34.873000,29.907000,64027.64,104067.85,0.00010000,0.000000,0.000000,0
2026-07-29 05:54:00,64048.70,64058.00,64048.70,64055.00,107.846000,381,51.518000,56.328000,64055.29,104065.12,0.00010000,0.849000,0.000000,0
2026-07-29 05:55:00,64055.00,64070.90,64055.00,64070.80,77.666000,333,64.534000,13.132000,64064.07,104057.54,0.00010000,0.041000,0.000000,0
2026-07-29 05:56:00,64070.90,64071.10,64061.10,64061.20,62.027000,309,16.306000,45.721000,64066.10,104068.14,0.00010000,0.156000,0.000000,0
2026-07-29 05:57:00,64061.10,64061.20,64039.80,64043.10,65.100000,391,10.267000,54.833000,64053.70,104084.58,0.00010000,0.000000,0.000000,0
2026-07-29 05:58:00,64043.00,64050.10,64043.00,64045.20,18.102000,218,9.632000,8.470000,64046.04,104108.48,0.00010000,0.000000,0.000000,0
2026-07-29 05:59:00,64045.10,64045.10,64028.30,64035.60,72.044000,318,21.405000,50.639000,64032.23,104107.24,0.00010000,0.000000,0.000000,0
2026-07-29 06:00:00,64035.60,64045.40,64035.60,64045.30,23.144000,264,14.900000,8.244000,64041.91,104105.96,0.00010000,0.000000,0.000000,0
2026-07-29 06:01:00,64045.30,64045.40,64004.70,64013.60,92.923000,653,21.361000,71.562000,64019.61,104117.86,0.00010000,0.000000,0.000000,0
2026-07-29 06:02:00,64013.60,64054.60,64013.60,64049.90,99.191000,551,70.167000,29.024000,64041.85,104146.66,0.00010000,0.000000,0.000000,0
2026-07-29 06:03:00,64049.80,64077.00,64049.80,64058.10,69.070000,580,44.250000,24.820000,64065.76,104156.61,0.00010000,0.002000,0.000000,0
2026-07-29 06:04:00,64058.00,64076.80,64054.80,64054.90,35.571000,533,12.414000,23.157000,64068.55,104153.02,0.00010000,0.000000,0.000000,0
2026-07-29 06:05:00,64054.80,64054.90,64033.10,64042.40,54.970000,501,31.492000,23.478000,64038.88,104170.10,0.00010000,0.000000,0.055000,0
2026-07-29 06:06:00,64042.40,64062.00,64036.10,64050.70,48.161000,543,24.107000,24.054000,64051.95,104163.40,0.00010000,0.000000,0.000000,0
2026-07-29 06:07:00,64050.70,64058.30,64047.30,64058.30,33.368000,246,17.830000,15.538000,64052.58,104182.77,0.00010000,0.000000,0.000000,0
2026-07-29 06:08:00,64058.20,64069.00,64058.20,64059.10,38.765000,408,21.259000,17.506000,64066.83,104187.38,0.00010000,0.000000,0.000000,0
2026-07-29 06:09:00,64059.20,64062.40,64051.20,64055.50,24.629000,343,8.799000,15.830000,64057.02,104195.34,0.00010000,0.000000,0.000000,0
2026-07-29 06:10:00,64055.60,64055.60,64017.00,64026.10,229.837000,946,103.300000,126.537000,64030.40,104197.03,0.00010000,0.000000,0.000000,0
2026-07-29 06:11:00,64026.00,64031.30,64016.00,64031.30,91.124000,371,23.982000,67.142000,64024.32,104178.40,0.00010000,0.000000,0.000000,0
2026-07-29 06:12:00,64031.40,64059.80,64031.30,64051.50,144.811000,676,87.334000,57.477000,64050.02,104261.85,0.00010000,0.000000,0.000000,0
2026-07-29 06:13:00,64051.50,64062.60,64051.40,64058.60,24.392000,241,11.947000,12.445000,64059.32,104283.71,0.00010000,0.000000,0.000000,0
2026-07-29 06:14:00,64058.50,64078.40,64058.50,64078.30,32.183000,320,25.279000,6.904000,64068.75,104281.77,0.00010000,0.000000,0.000000,0
2026-07-29 06:15:00,64078.40,64126.20,64078.30,64098.70,224.631000,1019,172.274000,52.357000,64107.11,104282.89,0.00010000,0.259000,0.000000,0
2026-07-29 06:16:00,64098.70,64098.80,64076.70,64076.70,45.660000,413,13.923000,31.737000,64086.46,104330.43,0.00010000,0.000000,0.006000,0
2026-07-29 06:17:00,64076.80,64088.40,64070.30,64085.10,90.245000,516,34.703000,55.542000,64081.77,104335.34,0.00010000,0.000000,0.000000,0
2026-07-29 06:18:00,64085.10,64105.90,64084.50,64104.30,52.056000,393,33.078000,18.978000,64092.52,104333.07,0.00010000,0.000000,0.000000,0
2026-07-29 06:19:00,64104.30,64114.80,64085.30,64114.70,50.324000,537,33.817000,16.507000,64101.29,104341.40,0.00010000,0.081000,0.000000,0
2026-07-29 06:20:00,64114.80,64114.80,64100.30,64100.30,40.372000,420,24.770000,15.602000,64107.45,104347.29,0.00010000,0.000000,0.000000,0
2026-07-29 06:21:00,64100.40,64114.90,64100.30,64113.70,27.924000,260,19.672000,8.252000,64107.44,104351.65,0.00010000,0.000000,0.000000,0
2026-07-29 06:22:00,64113.70,64140.30,64110.50,64111.20,140.294000,677,111.650000,28.644000,64130.04,104399.84,0.00010000,0.513000,0.000000,0
2026-07-29 06:23:00,64111.20,64128.40,64108.10,64128.30,33.126000,323,15.813000,17.313000,64113.10,104410.15,0.00010000,0.000000,0.000000,0
2026-07-29 06:24:00,64128.40,64150.00,64128.30,64145.60,69.220000,461,48.692000,20.528000,64142.38,104408.58,0.00010000,2.721000,0.000000,0
2026-07-29 06:25:00,64145.60,64174.40,64145.60,64166.50,164.670000,643,107.168000,57.502000,64160.72,104402.21,0.00010000,4.055000,0.000000,0
2026-07-29 06:26:00,64166.50,64234.50,64166.50,64234.50,608.635000,1900,475.969000,132.666000,64205.17,104406.61,0.00010000,4.371000,0.000000,0
2026-07-29 06:27:00,64234.60,64281.40,64224.30,64229.30,561.043000,2426,395.087000,165.956000,64254.28,104248.19,0.00010000,1.087000,0.000000,0
2026-07-29 06:28:00,64229.30,64328.90,64229.30,64316.30,501.637000,2068,371.289000,130.348000,64290.84,104254.41,0.00010000,5.365000,0.000000,0
2026-07-29 06:29:00,64316.20,64373.60,64286.70,64362.40,825.124000,2789,528.023000,297.101000,64332.91,104167.88,0.00010000,8.779000,0.000000,0
2026-07-29 06:30:00,64362.40,64385.00,64354.20,64379.80,322.651000,1652,188.138000,134.513000,64367.87,104337.74,0.00010000,0.924000,0.000000,0
2026-07-29 06:31:00,64379.70,64419.80,64362.60,64379.90,647.041000,2857,376.071000,270.970000,64388.41,104350.10,0.00010000,1.496000,0.000000,0
2026-07-29 06:32:00,64380.00,64406.90,64362.60,64362.60,243.760000,1451,100.221000,143.539000,64391.15,104399.85,0.00010000,0.162000,0.000000,0
2026-07-29 06:33:00,64362.60,64440.00,64360.10,64433.60,370.805000,1432,282.654000,88.151000,64417.31,104399.85,0.00010000,1.568000,0.000000,0
2026-07-29 06:34:00,64398.50,64408.00,64393.60,64393.60,52.310000,250,26.990000,25.320000,64397.13,104411.54,0.00010000,0.000000,0.000000,0
2026-07-29 06:35:00,64393.60,64406.20,64374.30,64403.20,148.931000,880,53.707000,95.224000,64392.95,104411.14,0.00010000,0.000000,0.000000,0
2026-07-29 06:36:00,64403.10,64427.90,64393.70,64426.20,147.495000,1089,77.200000,70.295000,64413.65,104425.93,0.00010000,0.000000,0.000000,0
2026-07-29 06:37:00,64426.10,64426.20,64403.10,64417.10,128.751000,686,60.480000,68.271000,64413.65,104457.50,0.00010000,0.000000,0.000000,0
2026-07-29 06:38:00,64417.20,64422.00,64410.00,64422.00,106.406000,472,56.984000,49.422000,64414.82,104452.11,0.00010000,0.000000,0.000000,0
2026-07-29 06:39:00,64421.90,64426.50,64379.80,64388.20,174.323000,1062,53.835000,120.488000,64401.17,104477.65,0.00010000,0.000000,0.000000,0
2026-07-29 06:40:00,64388.20,64402.00,64388.20,64402.00,101.170000,387,47.146000,54.024000,64398.72,104493.08,0.00010000,0.000000,0.000000,0
2026-07-29 06:41:00,64401.90,64411.90,64401.90,64411.80,116.636000,352,91.295000,25.341000,64403.83,104524.81,0.00010000,0.000000,0.000000,0
2026-07-29 06:42:00,64411.80,64419.60,64408.00,64408.00,92.336000,480,27.980000,64.356000,64414.80,104519.08,0.00010000,0.000000,0.000000,0
2026-07-29 06:43:00,64408.00,64408.10,64397.50,64407.70,61.294000,428,22.087000,39.207000,64403.22,104510.33,0.00010000,0.000000,0.000000,0
2026-07-29 06:44:00,64407.70,64407.80,64403.90,64403.90,40.676000,253,5.040000,35.636000,64406.22,104508.66,0.00010000,0.000000,0.000000,0
2026-07-29 06:45:00,64403.90,64439.50,64403.90,64439.50,105.930000,548,79.303000,26.627000,64421.11,104512.61,0.00010000,0.000000,0.000000,0
2026-07-29 06:46:00,64439.50,64439.50,64391.20,64391.20,180.392000,840,24.049000,156.343000,64411.85,104497.45,0.00010000,0.000000,0.000000,0
2026-07-29 06:47:00,64391.20,64399.90,64382.60,64382.70,168.805000,505,52.188000,116.617000,64392.78,104527.29,0.00010000,0.000000,0.000000,0
2026-07-29 06:48:00,64382.60,64416.80,64382.60,64414.00,89.685000,604,63.540000,26.145000,64399.37,104538.65,0.00010000,0.000000,0.000000,0
2026-07-29 06:49:00,64414.10,64414.10,64382.40,64382.40,86.640000,487,14.037000,72.603000,64401.62,104533.32,0.00010000,0.323000,0.000000,0
2026-07-29 06:50:00,64382.50,64386.70,64367.70,64382.00,135.860000,713,47.431000,88.429000,64376.98,104498.95,0.00010000,0.000000,0.000000,0
2026-07-29 06:51:00,64382.00,64412.40,64382.00,64405.70,72.553000,483,40.036000,32.517000,64398.52,104511.40,0.00010000,0.000000,0.000000,0
2026-07-29 06:52:00,64405.60,64413.60,64386.90,64395.70,128.698000,697,22.869000,105.829000,64397.28,104463.88,0.00010000,0.000000,0.000000,0
2026-07-29 06:53:00,64395.70,64408.60,64392.60,64408.50,36.472000,348,19.289000,17.183000,64397.84,104464.67,0.00010000,0.000000,0.000000,0
2026-07-29 06:54:00,64408.60,64424.50,64396.20,64399.90,204.194000,640,63.812000,140.382000,64410.07,104446.78,0.00010000,0.000000,0.000000,0
2026-07-29 06:55:00,64399.90,64408.40,64379.90,64393.60,179.931000,677,69.215000,110.716000,64388.42,104480.42,0.00010000,0.000000,0.000000,0
2026-07-29 06:56:00,64393.60,64398.60,64384.00,64392.60,52.793000,436,23.764000,29.029000,64388.67,104481.01,0.00010000,0.000000,0.000000,0
2026-07-29 06:57:00,64392.70,64400.00,64387.20,64392.70,94.058000,382,42.504000,51.554000,64394.21,104480.56,0.00010000,0.000000,0.000000,0
2026-07-29 06:58:00,64392.70,64399.30,64383.10,64399.20,50.804000,351,15.384000,35.420000,64390.94,104502.06,0.00010000,0.000000,0.000000,0
2026-07-29 06:59:00,64399.30,64408.40,64399.20,64404.00,164.335000,358,141.049000,23.286000,64401.54,104558.68,0.00010000,0.000000,0.000000,0
2026-07-29 07:00:00,64404.00,64407.80,64404.00,64407.80,35.012000,245,20.127000,14.885000,64405.98,104558.58,0.00010000,0.000000,0.000000,0
2026-07-29 07:01:00,64407.70,64414.90,64407.30,64407.40,89.499000,405,58.037000,31.462000,64411.79,104559.45,0.00010000,0.000000,0.000000,0
2026-07-29 07:02:00,64407.30,64407.40,64379.90,64386.00,131.339000,511,34.017000,97.322000,64389.49,104578.03,0.00010000,0.000000,0.000000,0
2026-07-29 07:03:00,64385.90,64389.40,64379.00,64389.30,54.120000,343,22.934000,31.186000,64385.03,104586.26,0.00010000,0.000000,0.000000,0
2026-07-29 07:04:00,64389.40,64389.40,64376.10,64383.60,78.404000,400,34.983000,43.421000,64382.59,104594.82,0.00010000,0.000000,0.000000,0
2026-07-29 07:05:00,64383.60,64397.60,64380.10,64397.50,77.887000,411,39.520000,38.367000,64386.90,104595.30,0.00010000,0.000000,0.000000,0
2026-07-29 07:06:00,64397.60,64398.30,64397.50,64398.20,29.864000,251,19.861000,10.003000,64397.96,104597.62,0.00010000,0.000000,0.000000,0
2026-07-29 07:07:00,64398.30,64414.20,64398.20,64411.60,78.184000,377,55.473000,22.711000,64408.61,104596.75,0.00010000,0.000000,0.000000,0
2026-07-29 07:08:00,64411.60,64459.20,64411.50,64429.80,540.739000,1343,349.509000,191.230000,64433.26,104529.25,0.00010000,0.016000,0.000000,0
2026-07-29 07:09:00,64429.90,64443.40,64421.10,64428.20,103.297000,647,52.337000,50.960000,64434.02,104533.67,0.00010000,0.000000,0.000000,0
2026-07-29 07:10:00,64428.20,64430.80,64426.70,64430.70,48.805000,236,28.983000,19.822000,64428.73,104530.34,0.00010000,0.000000,0.000000,0
2026-07-29 07:11:00,64430.70,64436.90,64430.70,64436.80,44.606000,288,30.441000,14.165000,64435.73,104544.56,0.00010000,0.000000,0.000000,0
2026-07-29 07:12:00,64436.90,64441.80,64423.10,64430.00,88.289000,480,44.872000,43.417000,64430.26,104559.40,0.00010000,0.000000,0.000000,0
2026-07-29 07:13:00,64430.00,64456.90,64430.00,64456.80,63.871000,456,48.018000,15.853000,64441.23,104539.83,0.00010000,0.068000,0.000000,0
2026-07-29 07:14:00,64456.90,64465.20,64430.00,64430.10,152.840000,718,67.932000,84.908000,64450.75,104550.68,0.00010000,0.406000,0.000000,0
2026-07-29 07:15:00,64430.00,64441.50,64430.00,64436.00,57.488000,356,30.860000,26.628000,64435.22,104579.36,0.00010000,0.000000,0.000000,0
2026-07-29 07:16:00,64435.90,64436.00,64430.10,64433.50,31.389000,286,13.138000,18.251000,64432.59,104586.05,0.00010000,0.000000,0.000000,0
2026-07-29 07:17:00,64433.50,64440.00,64421.20,64429.30,58.668000,527,19.516000,39.152000,64430.73,104594.82,0.00010000,0.000000,0.000000,0
2026-07-29 07:18:00,64429.30,64429.40,64421.20,64427.70,44.744000,268,10.099000,34.645000,64425.36,104593.73,0.00010000,0.000000,0.000000,0
2026-07-29 07:19:00,64427.80,64431.70,64404.00,64407.80,87.463000,510,19.040000,68.423000,64414.99,104592.30,0.00010000,0.000000,0.000000,0
2026-07-29 07:20:00,64407.90,64463.70,64407.90,64463.60,263.987000,794,224.818000,39.169000,64429.98,104535.74,0.00010000,0.000000,0.000000,0
2026-07-29 07:21:00,64463.70,64479.20,64463.60,64476.00,116.852000,590,77.617000,39.235000,64474.46,104546.83,0.00010000,0.941000,0.000000,0
2026-07-29 07:22:00,64475.90,64483.90,64427.40,64427.40,297.546000,1045,89.073000,208.473000,64467.90,104517.54,0.00010000,0.142000,0.000000,0
2026-07-29 07:23:00,64427.40,64427.50,64405.50,64410.80,97.543000,575,26.857000,70.686000,64413.48,104509.87,0.00010000,0.000000,0.000000,0
2026-07-29 07:24:00,64410.80,64444.90,64410.80,64444.80,89.351000,566,61.062000,28.289000,64427.50,104498.35,0.00010000,0.000000,0.000000,0
2026-07-29 07:25:00,64444.90,64444.90,64414.50,64414.50,45.339000,433,10.892000,34.447000,64425.47,104498.35,0.00010000,0.000000,0.000000,0
2026-07-29 07:26:00,64414.50,64425.60,64413.10,64422.40,61.747000,435,38.065000,23.682000,64418.29,104499.35,0.00010000,0.000000,0.000000,0
2026-07-29 07:27:00,64422.40,64437.60,64416.30,64437.50,47.627000,506,17.900000,29.727000,64427.52,104488.97,0.00010000,0.000000,0.000000,0
2026-07-29 07:28:00,64437.60,64460.80,64437.50,64448.60,82.268000,480,51.799000,30.469000,64452.67,104497.26,0.00010000,0.000000,0.000000,0
2026-07-29 07:29:00,64448.60,64479.90,64448.60,64479.80,56.635000,433,43.708000,12.927000,64466.70,104487.28,0.00010000,0.000000,0.000000,0
2026-07-29 07:30:00,64479.90,64481.90,64477.10,64481.90,45.123000,243,11.586000,33.537000,64479.65,104486.04,0.00010000,0.000000,0.000000,0
2026-07-29 07:31:00,64481.80,64490.00,64460.60,64460.60,100.632000,596,40.354000,60.278000,64479.86,104493.30,0.00010000,0.230000,0.000000,0
2026-07-29 07:32:00,64460.60,64460.70,64442.40,64450.70,84.620000,584,23.696000,60.924000,64449.07,104504.93,0.00010000,0.000000,0.000000,0
2026-07-29 07:33:00,64450.70,64457.60,64450.60,64456.30,33.103000,343,13.676000,19.427000,64454.28,104505.78,0.00010000,0.000000,0.000000,0
2026-07-29 07:34:00,64456.40,64456.40,64423.90,64423.90,62.291000,495,17.583000,44.708000,64436.49,104512.83,0.00010000,0.000000,0.000000,0
2026-07-29 07:35:00,64423.90,64427.80,64412.50,64416.20,45.710000,366,14.960000,30.750000,64419.50,104523.10,0.00010000,0.000000,0.000000,0
2026-07-29 07:36:00,64416.10,64422.80,64411.90,64411.90,53.029000,353,17.801000,35.228000,64420.11,104528.75,0.00010000,0.000000,0.000000,0
2026-07-29 07:37:00,64412.00,64415.00,64411.90,64412.10,46.829000,268,27.366000,19.463000,64412.47,104536.16,0.00010000,0.000000,0.000000,0
2026-07-29 07:38:00,64412.10,64431.40,64412.00,64422.20,66.057000,435,28.568000,37.489000,64421.25,104540.68,0.00010000,0.000000,0.000000,0
2026-07-29 07:39:00,64422.20,64422.30,64420.00,64420.00,15.939000,164,1.489000,14.450000,64421.58,104547.91,0.00010000,0.000000,0.000000,0
2026-07-29 07:40:00,64420.00,64429.90,64420.00,64429.90,42.851000,237,29.835000,13.016000,64422.38,104551.17,0.00010000,0.000000,0.002000,0
2026-07-29 07:41:00,64430.00,64435.20,64429.90,64435.00,38.471000,190,19.974000,18.497000,64434.56,104569.21,0.00010000,0.000000,0.000000,0
2026-07-29 07:42:00,64435.10,64435.10,64435.00,64435.10,12.628000,134,7.087000,5.541000,64435.06,104570.07,0.00010000,0.000000,0.000000,0
2026-07-29 07:43:00,64435.10,64449.90,64435.00,64443.90,76.815000,317,52.408000,24.407000,64441.02,104564.59,0.00010000,0.000000,0.000000,0
2026-07-29 07:44:00,64443.90,64458.60,64443.90,64458.60,81.481000,316,73.754000,7.727000,64450.50,104552.65,0.00010000,0.000000,0.000000,0
2026-07-29 07:45:00,64458.60,64468.70,64455.40,64468.60,65.075000,324,43.238000,21.837000,64459.40,104565.48,0.00010000,0.000000,0.000000,0
2026-07-29 07:46:00,64468.60,64468.70,64445.20,64445.20,135.679000,374,12.781000,122.898000,64458.95,104574.26,0.00010000,0.000000,0.000000,0
2026-07-29 07:47:00,64445.20,64468.00,64445.20,64468.00,41.805000,413,24.496000,17.309000,64454.85,104622.20,0.00010000,0.000000,0.000000,0
2026-07-29 07:48:00,64468.00,64479.50,64467.90,64472.90,66.449000,362,25.373000,41.076000,64475.28,104632.69,0.00010000,0.002000,0.000000,0
2026-07-29 07:49:00,64472.90,64473.00,64466.70,64471.40,43.053000,256,22.917000,20.136000,64469.16,104648.05,0.00010000,0.000000,0.000000,0
2026-07-29 07:50:00,64471.40,64488.40,64471.30,64488.40,67.723000,383,39.370000,28.353000,64482.90,104651.51,0.00010000,0.000000,0.000000,0
2026-07-29 07:51:00,64488.30,64489.70,64483.20,64483.20,54.369000,335,13.901000,40.468000,64487.50,104660.25,0.00010000,0.004000,0.000000,0
2026-07-29 07:52:00,64483.20,64483.30,64458.70,64458.80,79.389000,476,11.720000,67.669000,64473.13,104659.69,0.00010000,0.000000,0.000000,0
2026-07-29 07:53:00,64458.70,64458.80,64458.70,64458.70,21.053000,229,5.063000,15.990000,64458.72,104686.23,0.00010000,0.000000,0.000000,0
2026-07-29 07:54:00,64458.70,64459.70,64455.00,64455.00,47.818000,326,18.795000,29.023000,64458.33,104691.56,0.00010000,0.000000,0.000000,0
2026-07-29 07:55:00,64455.10,64455.10,64428.60,64432.10,43.566000,387,1.614000,41.952000,64440.83,104705.25,0.00010000,0.000000,0.000000,0
2026-07-29 07:56:00,64432.00,64458.80,64431.20,64458.70,63.489000,474,33.493000,29.996000,64439.26,104709.77,0.00010000,0.000000,0.005000,0
2026-07-29 07:57:00,64458.70,64465.00,64458.70,64465.00,47.425000,255,20.662000,26.763000,64462.05,104717.71,0.00010000,0.000000,0.000000,0
2026-07-29 07:58:00,64464.90,64479.00,64455.00,64475.40,74.497000,602,27.122000,47.375000,64469.13,104721.77,0.00010000,0.000000,0.000000,0
2026-07-29 07:59:00,64475.40,64532.00,64475.40,64527.50,529.889000,1626,421.939000,107.950000,64509.22,104711.64,0.00010000,0.378000,0.000000,0
2026-07-29 08:00:00,64527.50,64544.00,64522.90,64539.00,246.142000,938,142.704000,103.438000,64534.33,104678.29,0.00010000,2.018000,0.000000,0
2026-07-29 08:01:00,64539.00,64556.60,64523.70,64523.80,460.990000,1408,257.528000,203.462000,64550.01,104577.21,0.00010000,0.092000,0.000000,0
2026-07-29 08:02:00,64523.70,64528.70,64485.40,64489.80,198.555000,1187,67.830000,130.725000,64509.25,104532.24,0.00010000,0.000000,0.000000,0
2026-07-29 08:03:00,64489.90,64523.00,64489.80,64490.10,150.812000,921,58.161000,92.651000,64507.07,104527.62,0.00010000,0.000000,0.000000,0
2026-07-29 08:04:00,64490.10,64500.00,64490.10,64490.20,55.681000,438,27.080000,28.601000,64496.49,104538.94,0.00010000,0.000000,0.000000,0
2026-07-29 08:05:00,64490.10,64505.80,64490.10,64492.40,77.211000,547,32.723000,44.488000,64496.45,104537.58,0.00010000,0.000000,0.000000,0
2026-07-29 08:06:00,64492.50,64492.50,64464.50,64471.00,102.194000,719,42.518000,59.676000,64474.18,104523.76,0.00010000,0.000000,0.000000,0
2026-07-29 08:07:00,64470.90,64477.80,64452.00,64452.10,86.633000,620,26.805000,59.828000,64462.47,104510.52,0.00010000,0.000000,0.000000,0
2026-07-29 08:08:00,64452.00,64452.10,64442.20,64449.00,63.457000,450,16.432000,47.025000,64448.86,104522.24,0.00010000,0.000000,0.000000,0
2026-07-29 08:09:00,64449.00,64455.40,64436.00,64436.00,122.356000,518,18.474000,103.882000,64446.67,104519.11,0.00010000,0.000000,0.000000,0
2026-07-29 08:10:00,64436.00,64436.10,64404.00,64407.30,411.073000,686,41.470000,369.603000,64407.43,104468.27,0.00010000,0.000000,0.017000,0
2026-07-29 08:11:00,64407.40,64407.40,64393.50,64393.50,192.853000,477,13.918000,178.935000,64397.28,104220.51,0.00010000,0.000000,0.000000,0
2026-07-29 08:12:00,64393.50,64393.60,64355.40,64356.20,199.481000,712,24.561000,174.920000,64376.43,104309.52,0.00010000,0.000000,2.058000,0
2026-07-29 08:13:00,64356.10,64362.90,64330.40,64330.40,190.700000,859,70.168000,120.532000,64351.85,104312.33,0.00010000,0.000000,0.002000,0
2026-07-29 08:14:00,64330.50,64365.50,64327.90,64365.50,174.801000,793,109.190000,65.611000,64341.82,104330.71,0.00010000,0.000000,0.005000,0
2026-07-29 08:15:00,64365.40,64365.50,64342.20,64342.20,104.444000,539,39.589000,64.855000,64356.67,104356.53,0.00010000,0.000000,0.000000,0
2026-07-29 08:16:00,64342.20,64342.30,64334.60,64334.60,98.184000,398,34.456000,63.728000,64338.64,104377.74,0.00010000,0.000000,0.000000,0
2026-07-29 08:17:00,64334.60,64349.70,64330.40,64346.10,53.876000,451,20.935000,32.941000,64341.83,104388.26,0.00010000,0.000000,0.000000,0
2026-07-29 08:18:00,64346.10,64350.20,64346.10,64350.20,38.286000,272,19.847000,18.439000,64346.69,104393.36,0.00010000,0.000000,0.000000,0
2026-07-29 08:19:00,64350.20,64366.10,64350.10,64366.10,48.644000,319,39.939000,8.705000,64361.75,104397.04,0.00010000,0.000000,0.000000,0
2026-07-29 08:20:00,64366.00,64367.40,64345.10,64367.40,254.887000,886,160.867000,94.020000,64356.64,104324.90,0.00010000,0.000000,0.000000,0
2026-07-29 08:21:00,64367.30,64367.40,64366.00,64366.00,29.115000,232,8.531000,20.584000,64366.49,104313.83,0.00010000,0.000000,0.000000,0
2026-07-29 08:22:00,64366.10,64375.30,64363.20,64365.90,44.055000,364,24.120000,19.935000,64369.07,104313.23,0.00010000,0.000000,0.000000,0
2026-07-29 08:23:00,64365.90,64365.90,64345.00,64347.20,49.494000,339,8.810000,40.684000,64349.99,104313.65,0.00010000,0.000000,0.000000,0
2026-07-29 08:24:00,64347.20,64347.30,64307.50,64307.50,131.754000,659,37.171000,94.583000,64322.40,104315.65,0.00010000,0.000000,0.011000,0
2026-07-29 08:25:00,64307.50,64313.60,64303.20,64309.90,63.860000,435,24.387000,39.473000,64308.85,104314.77,0.00010000,0.000000,0.000000,0
2026-07-29 08:26:00,64309.90,64310.00,64265.90,64279.30,285.774000,954,62.286000,223.488000,64286.26,104345.56,0.00010000,0.000000,0.565000,0
2026-07-29 08:27:00,64279.40,64281.70,64269.00,64276.70,71.708000,432,28.348000,43.360000,64273.20,104317.42,0.00010000,0.000000,0.000000,0
2026-07-29 08:28:00,64276.80,64281.80,64265.40,64281.80,60.431000,455,25.727000,34.704000,64272.87,104314.94,0.00010000,0.000000,0.000000,0
2026-07-29 08:29:00,64281.70,64284.80,64258.30,64269.60,69.802000,545,29.951000,39.851000,64270.03,104329.44,0.00010000,0.000000,0.000000,0
2026-07-29 08:30:00,64269.70,64278.40,64266.50,64275.70,80.236000,432,19.401000,60.835000,64273.33,104349.52,0.00010000,0.000000,0.000000,0
2026-07-29 08:31:00,64275.60,64292.60,64251.00,64292.60,154.090000,764,99.595000,54.495000,64265.76,104347.37,0.00010000,0.000000,0.000000,0
2026-07-29 08:32:00,64292.50,64307.20,64292.50,64301.10,92.322000,366,73.165000,19.157000,64299.90,104337.18,0.00010000,0.000000,0.000000,0
2026-07-29 08:33:00,64301.10,64317.30,64298.80,64311.30,39.848000,399,27.406000,12.442000,64306.82,104356.04,0.00010000,0.000000,0.000000,0
2026-07-29 08:34:00,64311.20,64311.30,64293.10,64293.20,43.765000,333,28.739000,15.026000,64304.90,104335.65,0.00010000,0.000000,0.000000,0
2026-07-29 08:35:00,64293.20,64293.20,64274.80,64274.80,31.194000,290,5.845000,25.349000,64286.15,104331.16,0.00010000,0.000000,0.000000,0
2026-07-29 08:36:00,64274.80,64286.90,64272.00,64286.80,59.309000,289,35.199000,24.110000,64276.43,104333.05,0.00010000,0.000000,0.000000,0
2026-07-29 08:37:00,64286.80,64286.90,64282.20,64282.20,17.149000,162,6.804000,10.345000,64283.78,104322.42,0.00010000,0.000000,0.000000,0
2026-07-29 08:38:00,64282.30,64296.20,64282.20,64296.20,60.496000,318,44.120000,16.376000,64288.07,104341.77,0.00010000,0.000000,0.000000,0
2026-07-29 08:39:00,64296.10,64303.00,64291.30,64296.20,37.910000,285,22.735000,15.175000,64298.98,104340.43,0.00010000,0.000000,0.000000,0
2026-07-29 08:40:00,64296.10,64296.10,64288.60,64292.90,27.762000,195,12.208000,15.554000,64290.65,104332.73,0.00010000,0.000000,0.000000,0
2026-07-29 08:41:00,64293.00,64299.90,64288.60,64299.80,23.215000,246,13.194000,10.021000,64291.52,104337.65,0.00009973,0.000000,0.000000,0
2026-07-29 08:42:00,64299.90,64300.10,64299.80,64300.10,21.729000,131,13.443000,8.286000,64299.98,104334.84,0.00009973,0.000000,0.000000,0
2026-07-29 08:43:00,64300.00,64329.00,64297.90,64328.90,72.353000,400,30.293000,42.060000,64305.65,104341.27,0.00009947,0.000000,0.000000,0
2026-07-29 08:44:00,64329.00,64374.40,64328.90,64370.00,178.963000,848,126.168000,52.795000,64354.74,104332.92,0.00009922,0.000000,0.000000,0
2026-07-29 08:45:00,64370.10,64402.50,64368.00,64402.50,155.263000,793,114.658000,40.605000,64386.76,104304.82,0.00009922,0.000000,0.000000,0
2026-07-29 08:46:00,64402.40,64468.40,64402.40,64468.40,143.878000,1074,100.477000,43.401000,64432.87,104310.01,0.00009911,0.746000,0.000000,0
2026-07-29 08:47:00,64468.40,64497.00,64468.30,64489.40,142.773000,801,73.365000,69.408000,64484.08,104313.74,0.00009871,0.000000,0.000000,0
2026-07-29 08:48:00,64489.50,64489.50,64468.50,64480.70,89.243000,743,35.891000,53.352000,64479.83,104302.74,0.00009844,0.000000,0.000000,0
2026-07-29 08:49:00,64480.80,64480.80,64422.00,64422.10,44.285000,588,5.329000,38.956000,64448.20,104300.15,0.00009844,0.000000,0.000000,0
2026-07-29 08:50:00,64422.10,64427.50,64422.00,64426.70,27.891000,293,17.143000,10.748000,64424.81,104286.78,0.00009769,0.000000,0.000000,0
2026-07-29 08:51:00,64426.70,64430.20,64418.70,64418.80,31.100000,341,14.127000,16.973000,64426.17,104293.43,0.00009635,0.000000,0.000000,0
2026-07-29 08:52:00,64418.70,64418.70,64376.90,64377.00,59.829000,506,7.284000,52.545000,64395.91,104286.42,0.00009635,0.000000,0.000000,0
2026-07-29 08:53:00,64376.90,64386.00,64376.90,64382.20,21.992000,293,13.706000,8.286000,64381.15,104276.96,0.00009518,0.000000,0.000000,0
2026-07-29 08:54:00,64382.20,64386.00,64382.20,64383.10,16.814000,211,3.901000,12.913000,64384.63,104274.81,0.00009443,0.000000,0.000000,0
2026-07-29 08:55:00,64383.10,64383.20,64366.60,64367.30,18.492000,274,2.212000,16.280000,64372.44,104276.03,0.00009393,0.000000,0.000000,0
2026-07-29 08:56:00,64367.30,64378.60,64367.20,64376.10,22.335000,220,12.042000,10.293000,64376.32,104281.84,0.00009393,0.000000,0.000000,0
2026-07-29 08:57:00,64376.00,64376.00,64370.50,64370.50,15.478000,165,1.649000,13.829000,64371.66,104280.00,0.00009336,0.000000,0.000000,0
2026-07-29 08:58:00,64370.60,64383.20,64368.00,64383.10,27.167000,286,15.866000,11.301000,64373.99,104281.22,0.00009293,0.000000,0.000000,0
2026-07-29 08:59:00,64383.20,64391.80,64382.30,64385.00,16.698000,271,6.991000,9.707000,64385.75,104282.33,0.00009293,0.000000,0.027000,0
2026-07-29 09:00:00,64385.00,64391.20,64382.90,64391.10,23.552000,209,16.556000,6.996000,64388.11,104273.97,0.00009247,0.000000,0.000000,0
2026-07-29 09:01:00,64391.20,64391.20,64391.10,64391.10,7.922000,180,3.301000,4.621000,64391.14,104274.67,0.00009204,0.000000,0.000000,0
2026-07-29 09:02:00,64391.10,64418.20,64388.00,64418.00,56.263000,419,35.377000,20.886000,64393.39,104276.91,0.00009204,0.000000,0.000000,0
2026-07-29 09:03:00,64418.00,64418.10,64411.80,64411.80,38.252000,287,16.903000,21.349000,64414.95,104285.40,0.00009192,0.000000,0.000000,0
2026-07-29 09:04:00,64411.80,64417.90,64389.70,64417.90,36.229000,613,14.307000,21.922000,64404.60,104285.22,0.00009161,0.000000,0.000000,0
2026-07-29 09:05:00,64418.00,64418.10,64394.20,64394.20,34.928000,336,16.140000,18.788000,64403.08,104286.06,0.00009111,0.000000,0.000000,0
2026-07-29 09:06:00,64394.20,64394.30,64360.10,64367.10,53.976000,540,16.654000,37.322000,64367.75,104281.80,0.00009111,0.000000,0.000000,0
2026-07-29 09:07:00,64367.10,64372.00,64363.80,64368.40,34.955000,315,10.951000,24.004000,64367.69,104274.12,0.00009046,0.000000,0.000000,0
2026-07-29 09:08:00,64368.40,64370.00,64353.20,64369.90,30.425000,432,10.326000,20.099000,64362.25,104265.09,0.00008934,0.000000,0.000000,0
2026-07-29 09:09:00,64369.90,64372.70,64360.40,64369.70,30.989000,335,17.616000,13.373000,64364.41,104264.80,0.00008934,0.000000,0.000000,0
2026-07-29 09:10:00,64369.80,64402.40,64369.70,64402.40,29.815000,424,21.824000,7.991000,64391.49,104262.03,0.00008822,0.000000,0.000000,0
2026-07-29 09:11:00,64402.40,64429.30,64402.30,64429.30,47.365000,418,28.496000,18.869000,64413.81,104254.35,0.00008722,0.000000,0.000000,0
2026-07-29 09:12:00,64429.20,64429.30,64416.10,64420.30,23.358000,301,10.892000,12.466000,64421.62,104251.67,0.00008709,0.000000,0.000000,0
2026-07-29 09:13:00,64420.20,64437.00,64420.20,64437.00,36.784000,303,26.259000,10.525000,64433.35,104255.01,0.00008709,0.000000,0.000000,0
2026-07-29 09:14:00,64437.00,64440.00,64415.20,64415.30,42.712000,390,10.230000,32.482000,64431.96,104248.91,0.00008694,0.000000,0.000000,0
2026-07-29 09:15:00,64415.20,64430.20,64415.20,64430.20,36.740000,265,24.949000,11.791000,64424.92,104240.37,0.00008681,0.000000,0.000000,0
2026-07-29 09:16:00,64430.10,64430.20,64411.90,64412.20,33.573000,306,7.261000,26.312000,64415.71,104241.77,0.00008681,0.000000,0.000000,0
2026-07-29 09:17:00,64412.20,64412.30,64397.10,64397.10,14.608000,277,2.294000,12.314000,64401.94,104245.73,0.00008646,0.000000,0.000000,0
2026-07-29 09:18:00,64397.10,64406.50,64397.10,64404.40,31.135000,211,20.275000,10.860000,64403.84,104248.44,0.00008582,0.000000,0.000000,0
2026-07-29 09:19:00,64404.30,64443.90,64404.30,64443.80,32.152000,400,18.125000,14.027000,64432.76,104239.22,0.00008582,0.000000,0.000000,0
2026-07-29 09:20:00,64443.80,64443.80,64429.30,64429.40,34.661000,254,14.048000,20.613000,64440.93,104223.63,0.00008529,0.000000,0.000000,0
2026-07-29 09:21:00,64429.40,64441.90,64429.30,64436.50,24.908000,261,12.408000,12.500000,64435.32,104223.78,0.00008548,0.000000,0.000000,0
2026-07-29 09:22:00,64436.60,64436.60,64422.60,64422.70,19.105000,244,5.150000,13.955000,64432.95,104223.70,0.00008535,0.000000,0.000000,0
2026-07-29 09:23:00,64422.60,64422.70,64422.60,64422.60,7.176000,109,2.143000,5.033000,64422.63,104223.89,0.00008535,0.000000,0.000000,0
2026-07-29 09:24:00,64422.70,64435.60,64405.00,64405.80,41.954000,479,15.264000,26.690000,64424.13,104216.03,0.00008516,0.050000,0.013000,0
2026-07-29 09:25:00,64405.80,64433.00,64405.80,64433.00,30.887000,355,23.362000,7.525000,64411.22,104224.39,0.00008494,0.000000,0.000000,0
2026-07-29 09:26:00,64433.00,64450.00,64432.90,64443.90,43.785000,336,21.509000,22.276000,64444.29,104225.34,0.00008494,0.000000,0.000000,0
2026-07-29 09:27:00,64443.90,64443.90,64426.80,64426.80,44.709000,254,25.768000,18.941000,64434.50,104209.11,0.00008451,0.193000,0.002000,0
2026-07-29 09:28:00,64426.80,64426.90,64411.70,64423.20,28.633000,322,13.290000,15.343000,64420.34,104213.16,0.00008404,0.002000,0.000000,0
2026-07-29 09:29:00,64423.20,64437.00,64411.40,64423.50,172.486000,756,69.734000,102.752000,64422.47,104231.46,0.00008404,0.000000,0.000000,0
2026-07-29 09:30:00,64423.60,64433.60,64423.60,64433.50,20.531000,208,14.642000,5.889000,64426.08,104222.58,0.00008314,0.000000,0.000000,0
2026-07-29 09:31:00,64433.50,64450.00,64433.50,64444.70,79.389000,352,52.359000,27.030000,64443.97,104227.88,0.00008275,0.007000,0.000000,0
2026-07-29 09:32:00,64444.70,64481.20,64444.00,64481.20,78.829000,452,59.902000,18.927000,64456.03,104225.22,0.00008257,0.000000,0.000000,0
2026-07-29 09:33:00,64481.20,64481.20,64470.10,64470.10,63.214000,517,20.915000,42.299000,64477.66,104213.26,0.00008257,0.000000,0.000000,0
2026-07-29 09:34:00,64470.20,64470.20,64448.70,64454.20,48.008000,321,10.049000,37.959000,64458.05,104194.66,0.00008261,0.000000,0.000000,0
2026-07-29 09:35:00,64454.10,64467.70,64454.10,64455.10,19.532000,318,7.089000,12.443000,64461.85,104193.57,0.00008230,0.000000,0.000000,0
2026-07-29 09:36:00,64455.10,64455.10,64438.70,64438.80,14.926000,248,2.029000,12.897000,64447.40,104191.03,0.00008230,0.000000,0.000000,0
2026-07-29 09:37:00,64438.80,64464.00,64438.70,64455.00,32.261000,397,18.156000,14.105000,64454.84,104195.66,0.00008201,0.000000,0.000000,0
2026-07-29 09:38:00,64455.10,64502.60,64451.50,64488.90,96.648000,714,73.963000,22.685000,64484.17,104190.82,0.00008150,0.059000,0.000000,0
2026-07-29 09:39:00,64489.00,64533.60,64488.90,64533.60,85.389000,691,55.956000,29.433000,64517.64,104182.26,0.00008120,0.655000,0.000000,0
2026-07-29 09:40:00,64533.50,64587.70,64502.50,64562.30,1135.276000,2905,425.356000,709.920000,64557.10,103888.50,0.00008120,1.292000,0.000000,0
2026-07-29 09:41:00,64562.30,64676.90,64562.20,64638.30,968.266000,3139,663.620000,304.646000,64635.59,103601.07,0.00008074,6.376000,0.000000,0
2026-07-29 09:42:00,64638.30,64644.00,64607.60,64617.00,172.641000,1462,103.149000,69.492000,64623.42,103595.32,0.00008050,0.000000,0.000000,0
2026-07-29 09:43:00,64617.10,64617.10,64586.70,64586.70,93.603000,553,29.033000,64.570000,64601.92,103599.77,0.00008050,0.000000,0.000000,0
2026-07-29 09:44:00,64586.70,64610.00,64556.80,64556.90,112.184000,873,33.130000,79.054000,64588.12,103582.09,0.00007990,0.000000,0.000000,0
2026-07-29 09:45:00,64556.80,64574.70,64556.80,64572.50,51.650000,577,27.532000,24.118000,64566.61,103584.74,0.00007903,0.000000,0.000000,0
2026-07-29 09:46:00,64572.50,64572.50,64553.90,64553.90,74.302000,480,28.934000,45.368000,64563.91,103571.32,0.00007807,0.000000,0.000000,0
2026-07-29 09:47:00,64553.90,64553.90,64509.90,64512.60,136.051000,815,31.301000,104.750000,64523.85,103564.85,0.00007807,0.000000,0.000000,0
2026-07-29 09:48:00,64512.60,64512.70,64482.80,64482.80,69.616000,565,10.988000,58.628000,64501.56,103571.73,0.00007712,0.000000,0.000000,0
2026-07-29 09:49:00,64482.90,64517.70,64482.80,64517.70,64.913000,472,34.797000,30.116000,64510.49,103583.11,0.00007618,0.000000,0.000000,0
2026-07-29 09:50:00,64517.60,64531.70,64517.60,64527.70,42.224000,357,21.424000,20.800000,64528.77,103579.29,0.00007618,0.000000,0.000000,0
2026-07-29 09:51:00,64527.70,64533.10,64520.00,64525.40,53.791000,414,37.115000,16.676000,64526.66,103590.70,0.00007606,0.000000,0.000000,0
2026-07-29 09:52:00,64525.30,64534.50,64506.70,64533.40,81.966000,644,45.110000,36.856000,64519.88,103581.04,0.00007636,3.135000,0.000000,0
2026-07-29 09:53:00,64533.40,64596.60,64531.60,64596.50,92.817000,792,81.072000,11.745000,64568.93,103582.90,0.00007640,0.000000,0.000000,0
2026-07-29 09:54:00,64596.60,64629.90,64596.50,64629.90,93.042000,588,74.741000,18.301000,64605.55,103597.34,0.00007640,0.000000,0.000000,0
2026-07-29 09:55:00,64630.00,64638.90,64603.60,64633.30,104.809000,849,60.836000,43.973000,64627.73,103588.22,0.00007623,0.309000,0.000000,0
2026-07-29 09:56:00,64633.20,64656.60,64633.10,64656.60,87.025000,505,58.731000,28.294000,64641.55,103597.97,0.00007591,0.000000,0.000000,0
2026-07-29 09:57:00,64656.60,64665.80,64639.50,64658.30,149.378000,800,74.272000,75.106000,64652.42,103578.38,0.00007591,0.131000,0.000000,0
2026-07-29 09:58:00,64658.30,64715.90,64633.50,64689.70,384.382000,1685,210.900000,173.482000,64685.29,103569.88,0.00007554,3.651000,0.000000,0
2026-07-29 09:59:00,64689.80,64689.80,64675.00,64683.00,138.283000,644,47.047000,91.236000,64682.90,103502.11,0.00007479,0.160000,0.000000,0
2026-07-29 10:00:00,64683.10,64684.70,64657.80,64660.70,158.181000,776,55.163000,103.018000,64674.16,103474.86,0.00007479,0.000000,0.000000,0
2026-07-29 10:01:00,64660.80,64675.70,64652.70,64668.50,116.460000,799,73.695000,42.765000,64665.16,103467.90,0.00007405,0.008000,0.000000,0
2026-07-29 10:02:00,64668.60,64679.80,64659.10,64675.00,93.977000,659,52.337000,41.640000,64670.84,103471.02,0.00007312,0.000000,0.000000,0
2026-07-29 10:03:00,64675.10,64680.00,64647.90,64651.90,96.756000,597,23.667000,73.089000,64667.31,103462.83,0.00007223,0.000000,0.000000,0
2026-07-29 10:04:00,64651.80,64651.90,64629.30,64629.30,85.436000,504,25.424000,60.012000,64640.91,103456.18,0.00007223,0.000000,0.000000,0
2026-07-29 10:05:00,64629.30,64630.50,64621.60,64623.20,73.383000,461,43.264000,30.119000,64624.21,103456.18,0.00007147,0.000000,0.000000,0
2026-07-29 10:06:00,64623.20,64642.80,64619.90,64626.70,115.029000,678,68.546000,46.483000,64630.62,103462.34,0.00007039,0.000000,0.000000,0
2026-07-29 10:07:00,64626.70,64642.80,64611.50,64611.50,220.543000,723,41.334000,179.209000,64623.47,103461.49,0.00007039,0.000000,0.000000,0
2026-07-29 10:08:00,64611.60,64621.30,64590.90,64607.80,263.363000,753,37.684000,225.679000,64604.58,103485.93,0.00006994,0.000000,0.000000,0
2026-07-29 10:09:00,64607.90,64633.40,64607.80,64626.30,47.190000,530,33.421000,13.769000,64620.45,103629.66,0.00006946,0.000000,0.000000,0
2026-07-29 10:10:00,64626.20,64641.50,64609.60,64641.40,69.539000,539,52.134000,17.405000,64620.45,103643.86,0.00006914,0.000000,0.000000,0
2026-07-29 10:11:00,64641.40,64641.50,64610.40,64610.50,36.857000,496,13.137000,23.720000,64631.58,103644.80,0.00006914,0.000000,0.000000,0
2026-07-29 10:12:00,64610.40,64610.50,64605.10,64609.70,23.500000,303,8.093000,15.407000,64608.21,103647.55,0.00006869,0.000000,0.000000,0
2026-07-29 10:13:00,64609.70,64609.70,64605.70,64605.80,17.095000,203,3.201000,13.894000,64608.21,103641.34,0.00006794,0.000000,0.000000,0
2026-07-29 10:14:00,64605.70,64625.30,64605.70,64625.20,59.512000,324,49.249000,10.263000,64613.86,103640.18,0.00006794,0.000000,0.000000,0
2026-07-29 10:15:00,64625.20,64638.70,64623.30,64634.70,40.092000,311,29.500000,10.592000,64628.88,103640.28,0.00006731,0.000000,0.000000,0
2026-07-29 10:16:00,64634.70,64657.40,64629.60,64629.60,50.934000,561,25.920000,25.014000,64645.95,103640.23,0.00006759,0.000000,0.000000,0
2026-07-29 10:17:00,64629.70,64644.90,64624.40,64644.80,35.736000,384,15.322000,20.414000,64632.96,103631.28,0.00006759,0.000000,0.000000,0
2026-07-29 10:18:00,64644.80,64644.90,64631.20,64632.50,59.842000,486,23.585000,36.257000,64639.69,103647.64,0.00006792,0.000000,0.000000,0
2026-07-29 10:19:00,64632.40,64691.40,64632.40,64673.30,285.410000,947,253.447000,31.963000,64662.90,103670.68,0.00006802,0.000000,0.000000,0
2026-07-29 10:20:00,64673.30,64673.30,64625.90,64641.30,42.099000,636,16.934000,25.165000,64643.27,103599.62,0.00006805,0.000000,0.000000,0
2026-07-29 10:21:00,64641.30,64641.40,64627.60,64627.60,34.484000,236,12.186000,22.298000,64631.88,103587.54,0.00006805,0.000000,0.000000,0
2026-07-29 10:22:00,64627.60,64630.90,64627.60,64630.80,20.700000,166,4.387000,16.313000,64630.23,103578.49,0.00006773,0.000000,0.000000,0
2026-07-29 10:23:00,64630.80,64645.00,64630.80,64641.70,31.481000,278,16.780000,14.701000,64640.36,103582.79,0.00006713,0.000000,0.000000,0
2026-07-29 10:24:00,64641.70,64641.80,64623.00,64623.00,23.004000,287,3.248000,19.756000,64630.98,103578.73,0.00006713,0.000000,0.000000,0
2026-07-29 10:25:00,64623.00,64623.00,64611.60,64613.60,50.069000,246,21.375000,28.694000,64614.15,103578.08,0.00006666,0.000000,0.000000,0
2026-07-29 10:26:00,64613.50,64619.50,64593.70,64593.80,56.538000,403,13.762000,42.776000,64603.92,103566.18,0.00006601,0.000000,0.000000,0
2026-07-29 10:27:00,64593.80,64604.30,64593.70,64604.20,33.658000,264,13.853000,19.805000,64598.38,103576.99,0.00006512,0.000000,0.000000,0
2026-07-29 10:28:00,64604.20,64604.30,64593.70,64593.70,21.517000,241,8.500000,13.017000,64600.34,103582.84,0.00006512,0.000000,0.000000,0
2026-07-29 10:29:00,64593.70,64593.80,64580.60,64587.10,44.682000,359,12.030000,32.652000,64585.55,103586.35,0.00006439,0.000000,0.000000,0
2026-07-29 10:30:00,64587.10,64593.80,64587.10,64593.70,15.542000,188,6.962000,8.580000,64591.59,103588.19,0.00006342,0.000000,0.000000,0
2026-07-29 10:31:00,64593.70,64595.00,64583.50,64583.50,55.631000,255,24.778000,30.853000,64590.95,103586.91,0.00006342,6.039000,0.000000,0
2026-07-29 10:32:00,64583.50,64594.20,64583.50,64594.10,22.332000,282,12.761000,9.571000,64585.75,103584.72,0.00006272,0.000000,0.000000,0
2026-07-29 10:33:00,64594.20,64596.30,64593.90,64593.90,17.110000,158,5.625000,11.485000,64595.96,103588.01,0.00006220,0.000000,0.000000,0
2026-07-29 10:34:00,64593.90,64600.00,64593.90,64599.90,14.852000,152,8.694000,6.158000,64595.33,103593.60,0.00006220,0.000000,0.000000,0
2026-07-29 10:35:00,64599.90,64600.00,64578.60,64578.60,35.900000,283,5.235000,30.665000,64588.08,103592.28,0.00006187,0.000000,0.000000,0
2026-07-29 10:36:00,64578.70,64584.20,64578.60,64584.10,22.620000,193,10.479000,12.141000,64579.50,103596.15,0.00006154,0.000000,0.000000,0
2026-07-29 10:37:00,64584.20,64584.20,64583.60,64583.70,22.981000,139,8.520000,14.461000,64583.95,103597.64,0.00006088,0.000000,0.000000,0
2026-07-29 10:38:00,64583.70,64583.70,64561.40,64561.40,59.772000,355,9.138000,50.634000,64571.23,103607.20,0.00006088,0.000000,0.000000,0
2026-07-29 10:39:00,64561.40,64569.50,64546.90,64547.00,89.627000,472,41.795000,47.832000,64561.66,103602.00,0.00006039,0.000000,0.000000,0
2026-07-29 10:40:00,64547.00,64549.80,64534.70,64539.10,56.716000,406,21.809000,34.907000,64542.12,103625.96,0.00005970,0.000000,0.010000,0
2026-07-29 10:41:00,64539.10,64549.10,64539.10,64549.10,35.152000,271,18.211000,16.941000,64542.57,103626.38,0.00005970,0.000000,0.000000,0
2026-07-29 10:42:00,64549.00,64590.00,64549.00,64584.20,125.934000,485,92.728000,33.206000,64571.72,103637.92,0.00005891,0.000000,0.000000,0
2026-07-29 10:43:00,64584.30,64645.40,64584.30,64637.30,95.377000,688,64.009000,31.368000,64610.31,103659.65,0.00005879,0.111000,0.000000,0
2026-07-29 10:44:00,64637.20,64649.10,64630.80,64649.10,103.109000,497,56.475000,46.634000,64637.29,103648.42,0.00005918,0.000000,0.000000,0
2026-07-29 10:45:00,64649.10,64650.00,64635.90,64636.00,55.963000,353,18.867000,37.096000,64647.14,103631.47,0.00005918,0.000000,0.000000,0
2026-07-29 10:46:00,64636.00,64636.00,64605.60,64613.90,61.146000,471,20.247000,40.899000,64619.70,103642.87,0.00005917,0.000000,0.000000,0
2026-07-29 10:47:00,64613.90,64616.90,64591.60,64595.40,47.232000,374,14.290000,32.942000,64604.80,103633.18,0.00005877,0.000000,0.000000,0
2026-07-29 10:48:00,64595.40,64605.80,64592.60,64592.70,26.968000,317,11.139000,15.829000,64598.65,103635.43,0.00005877,0.000000,0.000000,0
2026-07-29 10:49:00,64592.60,64605.80,64589.90,64590.00,40.090000,315,14.253000,25.837000,64597.81,103637.00,0.00005815,0.000000,0.000000,0
2026-07-29 10:50:00,64590.00,64590.00,64569.60,64569.60,19.074000,284,8.161000,10.913000,64579.22,103638.67,0.00005771,0.000000,0.000000,0
2026-07-29 10:51:00,64569.70,64569.70,64547.20,64553.40,45.765000,402,15.819000,29.946000,64554.78,103639.27,0.00005771,0.000000,0.000000,0
2026-07-29 10:52:00,64553.40,64553.50,64471.20,64481.80,228.448000,1214,55.598000,172.850000,64502.12,103652.04,0.00005694,0.000000,0.025000,0
2026-07-29 10:53:00,64481.70,64481.80,64422.30,64424.00,399.839000,1226,133.677000,266.162000,64443.57,103628.58,0.00005625,0.000000,0.196000,0
2026-07-29 10:54:00,64423.90,64437.30,64409.10,64413.70,208.713000,976,97.380000,111.333000,64422.87,103664.01,0.00005573,0.000000,0.000000,0
2026-07-29 10:55:00,64413.70,64422.90,64386.40,64411.50,179.134000,861,49.743000,129.391000,64404.57,103648.80,0.00005573,0.000000,0.235000,0
2026-07-29 10:56:00,64411.60,64426.10,64391.20,64391.20,96.271000,654,37.863000,58.408000,64410.63,103629.46,0.00005555,0.000000,0.000000,0
2026-07-29 10:57:00,64391.30,64424.70,64381.20,64422.00,71.473000,682,32.586000,38.887000,64396.34,103642.53,0.00005552,0.000000,0.000000,0
2026-07-29 10:58:00,64422.10,64438.20,64422.00,64438.10,58.492000,377,43.149000,15.343000,64434.62,103655.52,0.00005552,0.000000,0.000000,0
2026-07-29 10:59:00,64438.20,64440.00,64438.10,64438.20,88.380000,235,67.540000,20.840000,64439.56,103642.15,0.00005564,0.000000,0.000000,0
2026-07-29 11:00:00,64438.10,64453.20,64438.10,64444.00,147.962000,400,110.993000,36.969000,64442.55,103662.61,0.00005580,0.000000,0.000000,0
2026-07-29 11:01:00,64444.00,64467.90,64435.00,64462.80,122.851000,810,38.494000,84.357000,64449.84,103726.70,0.00005573,0.000000,0.000000,0
2026-07-29 11:02:00,64462.90,64485.90,64462.80,64470.60,93.856000,567,59.442000,34.414000,64474.67,103747.96,0.00005573,0.000000,0.000000,0
2026-07-29 11:03:00,64470.50,64470.60,64434.80,64444.80,90.383000,672,30.865000,59.518000,64454.51,103724.02,0.00005575,0.000000,0.000000,0
2026-07-29 11:04:00,64444.80,64477.90,64444.80,64477.90,43.409000,524,34.432000,8.977000,64463.50,103728.38,0.00005526,0.000000,0.000000,0
2026-07-29 11:05:00,64477.90,64477.90,64439.40,64439.40,31.106000,446,10.881000,20.225000,64457.83,103730.58,0.00005526,0.000000,0.000000,0
2026-07-29 11:06:00,64439.40,64441.50,64439.40,64441.50,26.907000,212,18.059000,8.848000,64440.55,103727.72,0.00005522,0.000000,0.000000,0
2026-07-29 11:07:00,64441.50,64441.50,64408.80,64431.60,40.028000,663,16.703000,23.325000,64424.35,103722.88,0.00005466,0.000000,0.000000,0
2026-07-29 11:08:00,64431.70,64462.50,64431.70,64461.40,50.370000,724,26.882000,23.488000,64450.76,103724.56,0.00005466,0.000000,0.000000,0
2026-07-29 11:09:00,64461.40,64473.80,64456.20,64456.30,92.786000,495,19.501000,73.285000,64462.11,103710.32,0.00005413,0.000000,0.000000,0
2026-07-29 11:10:00,64456.40,64469.80,64453.10,64465.80,65.525000,431,46.433000,19.092000,64459.64,103693.99,0.00005395,0.000000,0.000000,0
2026-07-29 11:11:00,64465.70,64472.00,64464.60,64472.00,19.431000,312,10.493000,8.938000,64468.08,103665.43,0.00005385,0.000000,0.000000,0
2026-07-29 11:12:00,64472.00,64472.00,64462.80,64462.80,19.174000,279,6.410000,12.764000,64465.19,103660.12,0.00005385,0.000000,0.000000,0
2026-07-29 11:13:00,64462.80,64477.00,64462.80,64477.00,33.939000,317,20.210000,13.729000,64469.68,103656.98,0.00005386,0.000000,0.000000,0
2026-07-29 11:14:00,64477.00,64497.40,64476.90,64497.40,33.031000,399,28.090000,4.941000,64486.29,103647.76,0.00005362,0.000000,0.000000,0
2026-07-29 11:15:00,64497.30,64514.50,64490.00,64490.00,133.801000,579,77.810000,55.991000,64503.68,103637.86,0.00005362,0.000000,0.000000,0
2026-07-29 11:16:00,64490.00,64520.60,64485.90,64520.50,35.570000,496,21.757000,13.813000,64501.87,103637.47,0.00005371,0.000000,0.000000,0
2026-07-29 11:17:00,64520.60,64520.60,64486.00,64486.10,46.984000,413,7.279000,39.705000,64503.69,103628.30,0.00005363,0.000000,0.000000,0
2026-07-29 11:18:00,64486.00,64486.00,64481.40,64481.80,33.815000,236,9.926000,23.889000,64483.37,103625.80,0.00005339,0.000000,0.000000,0
2026-07-29 11:19:00,64481.90,64500.00,64469.40,64478.60,102.289000,632,73.921000,28.368000,64485.05,103611.09,0.00005339,0.000000,0.000000,0
2026-07-29 11:20:00,64478.60,64481.10,64445.30,64445.30,104.187000,554,15.834000,88.353000,64465.89,103640.62,0.00005299,0.000000,0.000000,0
2026-07-29 11:21:00,64445.30,64515.20,64445.30,64515.20,39.547000,615,30.935000,8.612000,64487.17,103649.71,0.00005232,0.000000,0.000000,0
2026-07-29 11:22:00,64515.10,64551.50,64515.10,64551.50,58.098000,587,43.757000,14.341000,64543.65,103648.54,0.00005232,0.000000,0.000000,0
2026-07-29 11:23:00,64551.40,64565.20,64492.00,64496.50,139.859000,876,23.124000,116.735000,64537.64,103639.64,0.00005240,0.269000,0.000000,0
2026-07-29 11:24:00,64496.60,64507.10,64492.30,64502.80,20.267000,349,6.641000,13.626000,64502.38,103596.34,0.00005254,0.000000,0.000000,0
2026-07-29 11:25:00,64502.80,64502.80,64497.60,64497.60,20.863000,158,1.501000,19.362000,64500.41,103595.31,0.00005212,0.000000,0.000000,0
2026-07-29 11:26:00,64497.70,64497.70,64477.00,64488.40,54.069000,380,25.712000,28.357000,64483.82,103583.47,0.00005212,0.000000,0.000000,0
2026-07-29 11:27:00,64488.40,64492.00,64478.90,64490.00,67.462000,478,20.628000,46.834000,64488.45,103565.46,0.00005149,0.000000,0.000000,0
2026-07-29 11:28:00,64489.90,64505.50,64489.90,64505.40,50.407000,261,34.235000,16.172000,64497.64,103570.17,0.00005073,0.000000,0.000000,0
2026-07-29 11:29:00,64505.50,64505.50,64493.00,64493.10,20.294000,237,6.559000,13.735000,64500.07,103563.34,0.00005073,0.000000,0.000000,0
2026-07-29 11:30:00,64493.00,64493.10,64461.10,64461.10,21.176000,376,3.073000,18.103000,64479.10,103561.35,0.00005023,0.000000,0.000000,0
2026-07-29 11:31:00,64461.20,64461.20,64440.30,64448.30,66.336000,499,32.732000,33.604000,64448.48,103556.29,0.00004967,0.000000,0.000000,0
2026-07-29 11:32:00,64448.30,64469.00,64448.30,64469.00,23.122000,299,16.134000,6.988000,64458.36,103553.35,0.00004890,0.000000,0.000000,0
2026-07-29 11:33:00,64468.90,64469.00,64415.30,64415.30,80.675000,807,20.565000,60.110000,64435.73,103550.07,0.00004890,0.000000,0.000000,0
2026-07-29 11:34:00,64415.30,64418.70,64400.00,64418.70,88.201000,599,38.905000,49.296000,64408.05,103560.11,0.00004882,0.000000,0.000000,0
2026-07-29 11:35:00,64418.60,64418.70,64400.30,64407.20,41.492000,434,17.041000,24.451000,64407.64,103560.92,0.00004829,0.000000,0.000000,0
2026-07-29 11:36:00,64407.20,64407.30,64391.90,64391.90,27.403000,349,4.414000,22.989000,64396.44,103561.67,0.00004829,0.000000,0.000000,0
2026-07-29 11:37:00,64391.90,64398.10,64391.90,64398.00,49.948000,297,30.719000,19.229000,64394.69,103556.30,0.00004761,0.000000,0.000000,0
2026-07-29 11:38:00,64398.00,64398.10,64398.00,64398.00,20.381000,216,12.197000,8.184000,64398.06,103548.16,0.00004678,0.000000,0.000000,0
2026-07-29 11:39:00,64398.10,64398.10,64393.20,64397.80,79.360000,314,30.787000,48.573000,64393.93,103539.66,0.00004678,0.000000,0.000000,0
2026-07-29 11:40:00,64397.80,64405.20,64391.10,64391.10,45.089000,343,21.537000,23.552000,64399.20,103523.80,0.00004652,0.000000,0.000000,0
2026-07-29 11:41:00,64391.10,64420.80,64391.10,64420.30,61.201000,398,31.462000,29.739000,64412.35,103504.22,0.00004611,0.000000,0.000000,0
2026-07-29 11:42:00,64420.20,64420.30,64390.40,64394.40,64.768000,403,17.407000,47.361000,64401.65,103489.55,0.00004576,0.000000,0.000000,0
2026-07-29 11:43:00,64394.40,64406.40,64390.40,64390.50,26.217000,358,9.939000,16.278000,64397.68,103490.98,0.00004576,0.000000,0.000000,0
2026-07-29 11:44:00,64390.50,64391.10,64390.40,64391.00,14.102000,164,7.745000,6.357000,64390.80,103494.56,0.00004490,0.000000,0.000000,0
2026-07-29 11:45:00,64391.10,64391.10,64391.00,64391.00,17.991000,146,4.986000,13.005000,64391.03,103493.25,0.00004403,0.002000,0.000000,0
2026-07-29 11:46:00,64391.00,64397.70,64388.00,64394.10,46.577000,254,26.841000,19.736000,64391.01,103483.42,0.00004403,0.000000,0.000000,0
2026-07-29 11:47:00,64394.20,64412.50,64394.10,64411.70,80.682000,299,51.919000,28.763000,64408.68,103471.04,0.00004312,0.000000,0.000000,0
2026-07-29 11:48:00,64411.60,64436.00,64411.60,64436.00,34.391000,363,24.424000,9.967000,64426.39,103466.61,0.00004242,0.000000,0.000000,0
2026-07-29 11:49:00,64436.00,64451.50,64435.90,64451.40,26.641000,339,18.366000,8.275000,64443.74,103463.43,0.00004230,0.000000,0.000000,0
2026-07-29 11:50:00,64451.50,64453.30,64451.40,64453.30,15.871000,175,13.447000,2.424000,64452.19,103460.69,0.00004230,0.000000,0.000000,0
2026-07-29 11:51:00,64453.30,64459.40,64453.20,64459.40,18.257000,179,15.011000,3.246000,64457.69,103458.76,0.00004192,0.000000,0.000000,0
2026-07-29 11:52:00,64459.40,64460.00,64453.20,64459.90,65.605000,258,45.117000,20.488000,64455.13,103472.70,0.00004166,0.000000,0.000000,0
2026-07-29 11:53:00,64459.90,64476.10,64450.00,64450.10,49.985000,444,14.933000,35.052000,64466.43,103473.08,0.00004166,0.000000,0.000000,0
2026-07-29 11:54:00,64450.00,64450.10,64430.40,64434.40,32.597000,374,9.358000,23.239000,64435.82,103471.82,0.00004147,0.000000,0.000000,0
2026-07-29 11:55:00,64434.40,64435.30,64432.90,64432.90,19.171000,132,9.652000,9.519000,64434.63,103473.12,0.00004100,0.000000,0.000000,0
2026-07-29 11:56:00,64432.90,64448.60,64428.20,64448.50,45.580000,381,22.888000,22.692000,64435.34,103475.23,0.00004100,0.000000,0.000000,0
2026-07-29 11:57:00,64448.60,64453.90,64448.50,64453.90,11.207000,148,7.723000,3.484000,64450.20,103473.81,0.00004060,0.000000,0.000000,0
2026-07-29 11:58:00,64453.90,64463.00,64453.80,64454.50,16.738000,236,8.511000,8.227000,64457.37,103470.77,0.00004034,0.000000,0.000000,0
2026-07-29 11:59:00,64454.50,64466.90,64454.40,64466.80,23.205000,233,19.184000,4.021000,64464.72,103467.17,0.00004012,0.000000,0.000000,0
2026-07-29 12:00:00,64466.80,64479.90,64466.80,64479.90,23.792000,234,13.066000,10.726000,64476.24,103462.01,0.00004012,0.177000,0.000000,0
2026-07-29 12:01:00,64480.00,64480.00,64448.10,64450.80,50.890000,560,15.629000,35.261000,64464.91,103454.52,0.00004010,0.000000,0.000000,0
2026-07-29 12:02:00,64450.80,64476.10,64443.50,64476.10,66.471000,531,37.039000,29.432000,64457.23,103459.84,0.00003993,0.000000,0.000000,0
2026-07-29 12:03:00,64476.00,64479.50,64440.00,64440.10,28.594000,442,4.136000,24.458000,64457.75,103461.45,0.00003993,0.000000,0.000000,0
2026-07-29 12:04:00,64440.10,64440.10,64426.90,64426.90,24.268000,244,9.733000,14.535000,64433.69,103462.68,0.00003978,0.000000,0.000000,0
2026-07-29 12:05:00,64427.00,64439.80,64426.90,64428.30,28.811000,311,11.122000,17.689000,64433.12,103465.75,0.00003897,0.000000,0.000000,0
2026-07-29 12:06:00,64428.30,64439.10,64427.30,64438.20,20.576000,284,10.712000,9.864000,64433.92,103466.97,0.00003897,0.000000,0.000000,0
2026-07-29 12:07:00,64438.20,64452.50,64438.20,64438.60,23.602000,373,15.710000,7.892000,64440.86,103474.19,0.00003830,0.000000,0.000000,0
2026-07-29 12:08:00,64438.50,64438.50,64412.20,64420.20,49.125000,408,20.363000,28.762000,64422.78,103472.33,0.00003819,0.000000,0.000000,0
2026-07-29 12:09:00,64420.10,64420.20,64402.80,64402.80,26.096000,272,2.396000,23.700000,64410.15,103469.17,0.00003767,0.000000,0.000000,0
2026-07-29 12:10:00,64402.90,64402.90,64400.00,64402.80,22.549000,206,10.995000,11.554000,64401.77,103464.79,0.00003767,0.000000,0.000000,0
2026-07-29 12:11:00,64402.80,64411.90,64400.00,64411.80,29.509000,258,18.117000,11.392000,64405.83,103464.35,0.00003692,0.000000,0.000000,0
2026-07-29 12:12:00,64411.90,64420.00,64411.80,64414.70,32.261000,250,16.756000,15.505000,64416.02,103463.11,0.00003630,0.000000,0.000000,0
2026-07-29 12:13:00,64414.80,64420.00,64413.00,64416.60,30.011000,249,16.211000,13.800000,64416.95,103454.41,0.00003630,0.000000,0.000000,0
2026-07-29 12:14:00,64416.60,64453.20,64416.60,64453.20,41.973000,430,32.832000,9.141000,64437.41,103452.31,0.00003583,0.000000,0.000000,0
2026-07-29 12:15:00,64453.10,64465.20,64417.60,64422.90,187.224000,1114,31.975000,155.249000,64440.36,103447.92,0.00003573,0.000000,0.000000,0
2026-07-29 12:16:00,64422.80,64422.80,64358.70,64371.90,281.737000,1743,37.679000,244.058000,64389.44,103528.43,0.00003573,0.000000,0.042000,0
2026-07-29 12:17:00,64371.90,64377.00,64294.30,64299.10,280.736000,1701,81.355000,199.381000,64325.82,103515.72,0.00003558,0.000000,0.742000,0
2026-07-29 12:18:00,64299.10,64299.20,64273.00,64292.20,201.302000,1490,61.422000,139.880000,64285.80,103543.73,0.00003529,0.000000,0.148000,0
2026-07-29 12:19:00,64292.30,64302.50,64243.90,64302.50,322.437000,1774,128.564000,193.873000,64271.21,103544.91,0.00003494,0.000000,0.954000,0
2026-07-29 12:20:00,64302.40,64321.20,64291.40,64296.50,110.561000,916,36.694000,73.867000,64305.61,103543.23,0.00003494,0.000000,0.000000,0
2026-07-29 12:21:00,64296.40,64318.20,64296.40,64309.20,50.326000,439,29.590000,20.736000,64306.83,103554.72,0.00003491,0.000000,0.054000,0
2026-07-29 12:22:00,64309.20,64329.00,64309.10,64313.70,75.258000,699,37.589000,37.669000,64319.06,103560.37,0.00003490,0.000000,0.000000,0
2026-07-29 12:23:00,64313.60,64313.70,64282.40,64311.60,69.938000,792,39.105000,30.833000,64298.12,103565.61,0.00003490,0.000000,0.000000,0
2026-07-29 12:24:00,64311.70,64339.00,64311.60,64338.90,46.684000,549,22.625000,24.059000,64328.92,103559.01,0.00003477,0.320000,0.024000,0
2026-07-29 12:25:00,64339.00,64348.00,64310.40,64310.50,40.748000,503,19.185000,21.563000,64333.39,103567.44,0.00003492,0.000000,0.000000,0
2026-07-29 12:26:00,64310.40,64333.10,64310.40,64333.00,21.398000,338,16.777000,4.621000,64322.56,103560.59,0.00003492,0.000000,0.000000,0
2026-07-29 12:27:00,64333.10,64333.10,64322.10,64322.80,37.135000,385,12.733000,24.402000,64329.00,103562.05,0.00003489,0.000000,0.000000,0
2026-07-29 12:28:00,64322.80,64350.60,64320.00,64331.10,64.127000,570,39.604000,24.523000,64334.09,103553.27,0.00003492,0.000000,0.000000,0
2026-07-29 12:29:00,64331.00,64331.10,64319.70,64325.80,92.564000,540,31.821000,60.743000,64323.92,103555.85,0.00003498,0.000000,0.000000,0
2026-07-29 12:30:00,64325.70,64337.20,64304.60,64304.60,98.054000,498,54.454000,43.600000,64319.94,103528.65,0.00003498,0.000000,0.000000,0
2026-07-29 12:31:00,64304.70,64304.70,64250.10,64294.20,129.439000,1076,62.514000,66.925000,64269.30,103522.36,0.00003431,0.000000,0.000000,0
2026-07-29 12:32:00,64294.30,64299.70,64282.20,64299.70,89.757000,593,32.098000,57.659000,64289.86,103519.80,0.00003352,0.000000,0.000000,0
2026-07-29 12:33:00,64299.70,64328.40,64299.70,64325.00,74.372000,631,62.798000,11.574000,64312.59,103513.42,0.00003352,0.000000,0.000000,0
2026-07-29 12:34:00,64325.10,64328.40,64312.80,64317.60,18.078000,323,9.525000,8.553000,64320.18,103501.02,0.00003378,0.000000,0.000000,0
2026-07-29 12:35:00,64317.50,64345.80,64310.00,64345.80,55.254000,625,34.094000,21.160000,64325.06,103497.81,0.00003415,0.000000,0.000000,0
2026-07-29 12:36:00,64345.90,64355.50,64330.10,64337.00,63.969000,593,22.885000,41.084000,64344.37,103476.85,0.00003477,0.000000,0.000000,0
2026-07-29 12:37:00,64337.00,64345.60,64286.70,64286.70,66.452000,736,26.710000,39.742000,64319.48,103459.88,0.00003477,0.000000,0.000000,0
2026-07-29 12:38:00,64286.70,64297.90,64280.00,64293.30,39.617000,402,18.254000,21.363000,64287.06,103452.01,0.00003457,0.000000,0.000000,0
2026-07-29 12:39:00,64293.20,64314.40,64293.20,64298.40,24.180000,381,14.718000,9.462000,64303.59,103452.44,0.00003352,0.000000,0.000000,0
2026-07-29 12:40:00,64298.40,64317.70,64298.40,64307.40,24.078000,342,8.570000,15.508000,64311.04,103451.96,0.00003352,0.000000,0.000000,0
2026-07-29 12:41:00,64307.50,64308.20,64298.40,64298.50,16.616000,209,4.041000,12.575000,64305.18,103450.91,0.00003302,0.000000,0.000000,0
2026-07-29 12:42:00,64298.40,64298.40,64279.30,64290.00,75.250000,388,58.576000,16.674000,64281.67,103447.50,0.00003295,0.000000,0.000000,0
2026-07-29 12:43:00,64290.00,64294.30,64270.80,64270.80,62.894000,481,13.138000,49.756000,64280.22,103470.10,0.00003245,0.000000,0.000000,0
2026-07-29 12:44:00,64270.80,64300.00,64270.80,64299.90,108.991000,411,92.493000,16.498000,64284.30,103458.47,0.00003245,0.000000,0.000000,0
2026-07-29 12:45:00,64300.00,64309.80,64297.60,64305.20,39.713000,374,25.771000,13.942000,64301.82,103483.16,0.00003205,0.000000,0.000000,0
2026-07-29 12:46:00,64305.10,64312.90,64293.30,64307.80,76.284000,654,16.979000,59.305000,64305.96,103485.70,0.00003194,0.000000,0.000000,0
2026-07-29 12:47:00,64307.70,64310.90,64300.00,64303.20,20.401000,269,7.315000,13.086000,64305.65,103485.62,0.00003194,0.000000,0.000000,0
2026-07-29 12:48:00,64303.20,64303.30,64301.20,64301.20,22.305000,147,6.342000,15.963000,64302.40,103486.04,0.00003170,0.000000,0.000000,0
2026-07-29 12:49:00,64301.20,64310.90,64301.20,64310.90,18.964000,197,10.537000,8.427000,64303.27,103480.81,0.00003145,0.000000,0.000000,0
2026-07-29 12:50:00,64310.80,64310.90,64275.20,64286.60,43.935000,544,12.944000,30.991000,64295.32,103477.16,0.00003145,0.000000,0.000000,0
2026-07-29 12:51:00,64286.50,64313.60,64286.50,64291.20,38.195000,481,18.709000,19.486000,64304.87,103479.60,0.00003117,0.000000,0.000000,0
2026-07-29 12:52:00,64291.20,64291.20,64255.50,64255.50,34.918000,448,6.388000,28.530000,64271.53,103470.01,0.00003099,0.000000,0.000000,0
2026-07-29 12:53:00,64255.60,64270.10,64255.50,64260.30,37.393000,398,19.250000,18.143000,64261.66,103464.78,0.00003056,0.000000,0.000000,0
2026-07-29 12:54:00,64260.40,64269.60,64257.70,64257.80,56.292000,417,29.138000,27.154000,64263.80,103464.21,0.00003056,0.000000,0.000000,0
2026-07-29 12:55:00,64257.70,64269.60,64252.00,64263.20,34.029000,370,16.044000,17.985000,64262.22,103461.76,0.00002964,0.000000,0.000000,0
2026-07-29 12:56:00,64263.20,64278.80,64260.40,64278.80,38.738000,326,19.160000,19.578000,64268.14,103449.53,0.00002929,0.000000,0.000000,0
2026-07-29 12:57:00,64278.80,64289.30,64266.60,64289.20,43.816000,424,25.017000,18.799000,64279.55,103443.17,0.00002929,0.000000,0.000000,0
2026-07-29 12:58:00,64289.30,64289.30,64231.00,64231.10,99.142000,666,15.038000,84.104000,64251.70,103432.45,0.00002912,0.000000,0.000000,0
2026-07-29 12:59:00,64231.00,64244.70,64175.40,64244.70,404.070000,1505,111.744000,292.326000,64210.49,103367.13,0.00002914,0.000000,0.941000,0
2026-07-29 13:00:00,64244.80,64255.00,64244.70,64248.10,61.404000,394,15.878000,45.526000,64250.82,103379.28,0.00002878,0.000000,0.000000,0
2026-07-29 13:01:00,64248.20,64254.90,64232.60,64242.40,104.268000,890,68.305000,35.963000,64243.68,103352.10,0.00002878,0.000000,0.031000,0
2026-07-29 13:02:00,64242.50,64242.50,64213.70,64228.20,53.722000,608,18.366000,35.356000,64226.52,103353.65,0.00002894,0.000000,0.000000,0
2026-07-29 13:03:00,64228.20,64249.60,64226.30,64234.10,91.686000,649,25.546000,66.140000,64239.64,103327.34,0.00002873,0.000000,0.000000,0
2026-07-29 13:04:00,64234.10,64234.10,64200.20,64211.50,80.096000,791,18.495000,61.601000,64207.61,103314.36,0.00002873,0.000000,0.000000,0
2026-07-29 13:05:00,64211.50,64249.20,64208.90,64243.90,86.781000,855,65.450000,21.331000,64231.19,103291.18,0.00002869,0.000000,0.000000,0
2026-07-29 13:06:00,64244.00,64245.80,64190.00,64222.90,288.443000,1480,45.522000,242.921000,64212.07,103364.73,0.00002816,0.000000,0.004000,0
2026-07-29 13:07:00,64223.00,64251.60,64220.00,64233.00,87.779000,865,57.728000,30.051000,64238.81,103336.43,0.00002789,0.000000,0.113000,0
2026-07-29 13:08:00,64233.10,64253.20,64231.80,64253.20,45.281000,460,28.341000,16.940000,64241.38,103326.55,0.00002789,0.000000,0.000000,0
2026-07-29 13:09:00,64253.20,64277.10,64244.90,64275.70,63.503000,521,50.143000,13.360000,64262.62,103317.46,0.00002795,0.000000,0.000000,0
2026-07-29 13:10:00,64275.70,64275.70,64256.50,64260.70,54.417000,405,32.799000,21.618000,64260.61,103294.04,0.00002812,0.000000,0.000000,0
2026-07-29 13:11:00,64260.60,64268.50,64245.70,64260.70,47.762000,522,26.053000,21.709000,64260.33,103280.86,0.00002812,0.000000,0.000000,0
2026-07-29 13:12:00,64260.70,64286.70,64260.60,64282.90,132.601000,590,107.010000,25.591000,64274.69,103283.53,0.00002785,0.000000,0.000000,0
2026-07-29 13:13:00,64282.90,64301.40,64279.30,64287.30,92.658000,707,54.822000,37.836000,64289.67,103213.77,0.00002784,0.000000,0.000000,0
2026-07-29 13:14:00,64287.30,64287.30,64263.00,64280.60,61.232000,524,24.277000,36.955000,64274.74,103190.04,0.00002778,0.000000,0.000000,0
2026-07-29 13:15:00,64280.70,64305.70,64280.60,64298.50,88.179000,507,57.760000,30.419000,64296.79,103175.06,0.00002778,0.000000,0.000000,0
2026-07-29 13:16:00,64298.60,64305.50,64284.60,64284.60,65.087000,413,22.234000,42.853000,64300.65,103144.03,0.00002748,0.000000,0.000000,0
2026-07-29 13:17:00,64284.60,64284.70,64243.70,64243.70,40.903000,440,6.481000,34.422000,64266.15,103140.75,0.00002716,0.000000,0.000000,0
2026-07-29 13:18:00,64243.80,64243.80,64169.60,64178.90,164.439000,1137,38.115000,126.324000,64193.65,103148.95,0.00002716,0.000000,0.022000,0
2026-07-29 13:19:00,64178.90,64192.40,64160.50,64178.50,110.999000,958,50.777000,60.222000,64176.89,103159.32,0.00002647,0.000000,0.189000,0
2026-07-29 13:20:00,64178.50,64184.90,64163.60,64184.90,62.749000,744,41.015000,21.734000,64174.91,103161.52,0.00002578,0.000000,0.000000,0
2026-07-29 13:21:00,64184.90,64184.90,64151.00,64157.70,89.266000,711,27.245000,62.021000,64164.29,103153.30,0.00002578,0.000000,0.260000,0
2026-07-29 13:22:00,64157.80,64205.30,64157.70,64205.30,56.908000,614,42.782000,14.126000,64188.85,103147.13,0.00002588,0.000000,0.000000,0
2026-07-29 13:23:00,64205.80,64223.80,64186.30,64186.50,86.806000,982,48.823000,37.983000,64211.42,103147.13,0.00002585,0.000000,0.000000,0
2026-07-29 13:24:00,64186.40,64186.50,64113.60,64154.40,308.274000,1523,101.003000,207.271000,64137.06,103150.04,0.00002609,0.000000,0.607000,0
2026-07-29 13:25:00,64154.40,64188.60,64154.30,64188.50,139.719000,644,107.463000,32.256000,64177.33,103221.52,0.00002609,0.000000,0.000000,0
2026-07-29 13:26:00,64188.50,64188.50,64128.30,64158.90,285.221000,1581,81.747000,203.474000,64152.96,103233.46,0.00002603,0.000000,0.000000,0
2026-07-29 13:27:00,64158.90,64183.40,64151.00,64183.30,78.110000,514,34.645000,43.465000,64166.86,103179.96,0.00002614,0.000000,0.000000,0
2026-07-29 13:28:00,64183.30,64199.90,64174.20,64190.20,78.370000,647,30.436000,47.934000,64190.78,103183.73,0.00002614,0.000000,0.000000,0
2026-07-29 13:29:00,64190.20,64199.70,64190.20,64196.10,38.745000,334,18.747000,19.998000,64196.18,103168.95,0.00002661,0.000000,0.000000,0
2026-07-29 13:30:00,64196.10,64199.90,64177.60,64177.60,93.199000,447,55.732000,37.467000,64192.35,103160.17,0.00002685,0.000000,0.000000,0
2026-07-29 13:31:00,64177.60,64209.70,64136.10,64203.80,195.038000,2339,124.284000,70.754000,64172.27,103140.62,0.00002707,0.000000,0.003000,0
2026-07-29 13:32:00,64203.70,64250.00,64173.40,64240.60,308.486000,2791,197.728000,110.758000,64205.97,103136.84,0.00002707,0.000000,0.000000,0
2026-07-29 13:33:00,64240.60,64360.40,64240.60,64339.80,391.497000,3224,238.598000,152.899000,64304.45,103137.55,0.00002721,0.430000,0.000000,0
2026-07-29 13:34:00,64339.70,64339.80,64272.00,64281.10,254.823000,2342,103.555000,151.268000,64301.86,103089.27,0.00002765,0.000000,0.000000,0
2026-07-29 13:35:00,64281.20,64329.20,64281.10,64319.90,128.583000,1932,68.997000,59.586000,64308.34,103051.01,0.00002765,0.000000,0.000000,0
2026-07-29 13:36:00,64319.90,64354.80,64299.00,64320.10,123.511000,1913,74.326000,49.185000,64319.56,103015.38,0.00002747,0.000000,0.000000,0
2026-07-29 13:37:00,64320.20,64330.80,64272.50,64284.60,188.619000,2044,84.574000,104.045000,64297.99,103001.27,0.00002749,0.000000,0.000000,0
2026-07-29 13:38:00,64284.70,64284.70,64215.70,64220.00,121.107000,2033,34.792000,86.315000,64238.40,102983.10,0.00002749,0.000000,0.000000,0
2026-07-29 13:39:00,64220.10,64254.20,64114.70,64154.20,260.917000,2893,95.465000,165.452000,64192.39,102969.54,0.00002734,0.000000,0.025000,0
2026-07-29 13:40:00,64154.10,64328.70,64144.60,64324.30,368.217000,3414,226.679000,141.538000,64188.91,102977.91,0.00002710,0.000000,0.000000,0
2026-07-29 13:41:00,64324.40,64325.90,64221.80,64260.40,190.115000,2712,79.900000,110.215000,64270.16,103051.49,0.00002719,0.000000,0.000000,0
2026-07-29 13:42:00,64260.40,64300.00,64260.40,64300.00,96.115000,1558,64.336000,31.779000,64282.56,103051.24,0.00002719,0.000000,0.000000,0
2026-07-29 13:43:00,64299.90,64404.50,64299.90,64399.30,238.426000,2238,142.041000,96.385000,64371.91,103054.50,0.00002705,0.308000,0.000000,0
2026-07-29 13:44:00,64399.30,64408.90,64353.30,64408.90,166.134000,1561,84.264000,81.870000,64385.99,103037.82,0.00002717,0.000000,0.000000,0
2026-07-29 13:45:00,64408.80,64467.80,64408.80,64444.30,316.685000,2245,189.870000,126.815000,64451.35,103010.19,0.00002717,2.257000,0.000000,0
2026-07-29 13:46:00,64444.30,64509.80,64434.00,64445.70,547.546000,3052,376.210000,171.336000,64476.31,102953.59,0.00002723,0.097000,0.000000,0
2026-07-29 13:47:00,64445.80,64474.00,64415.80,64433.50,206.761000,2234,110.925000,95.836000,64447.48,102840.96,0.00002667,0.000000,0.000000,0
2026-07-29 13:48:00,64433.40,64480.00,64397.30,64459.20,275.522000,2181,137.013000,138.509000,64445.78,102842.88,0.00002620,0.238000,0.000000,0
2026-07-29 13:49:00,64459.10,64524.00,64459.10,64515.60,319.025000,1687,259.211000,59.814000,64485.49,102798.48,0.00002620,0.021000,0.000000,0
2026-07-29 13:50:00,64515.60,64607.20,64515.60,64607.20,383.021000,2306,285.647000,97.374000,64566.12,102823.72,0.00002625,2.279000,0.000000,0
2026-07-29 13:51:00,64607.10,64609.00,64529.60,64532.00,228.184000,1747,76.981000,151.203000,64585.02,102795.76,0.00002614,6.715000,0.000000,0
2026-07-29 13:52:00,64531.90,64565.50,64494.40,64553.80,155.577000,1586,88.241000,67.336000,64520.96,102788.68,0.00002614,0.001000,0.060000,0
2026-07-29 13:53:00,64553.70,64565.20,64411.20,64423.30,322.821000,3248,83.272000,239.549000,64470.15,102810.07,0.00002543,0.000000,0.000000,0
2026-07-29 13:54:00,64423.40,64459.00,64385.00,64459.00,227.818000,2300,106.727000,121.091000,64416.11,102774.39,0.00002488,0.000000,0.024000,0
2026-07-29 13:55:00,64458.90,64469.70,64388.50,64450.10,100.955000,1693,40.540000,60.415000,64428.74,102784.22,0.00002488,0.000000,0.000000,0
2026-07-29 13:56:00,64450.20,64450.30,64363.00,64363.00,99.317000,1405,30.946000,68.371000,64393.76,102775.95,0.00002479,0.000000,0.005000,0
2026-07-29 13:57:00,64363.10,64372.10,64291.60,64291.60,436.051000,3380,119.846000,316.205000,64329.60,102775.06,0.00002428,0.000000,0.132000,0
2026-07-29 13:58:00,64291.70,64388.70,64281.40,64388.70,218.754000,2012,139.223000,79.531000,64312.68,102863.93,0.00002422,0.000000,0.000000,0
2026-07-29 13:59:00,64388.60,64536.60,64388.60,64536.50,192.314000,2006,145.942000,46.372000,64474.25,102861.94,0.00002422,0.041000,0.000000,0
2026-07-29 14:00:00,64536.60,64639.90,64536.50,64634.50,453.082000,2465,323.582000,129.500000,64592.73,102870.90,0.00002442,1.113000,0.000000,0
2026-07-29 14:01:00,64634.60,64688.00,64549.10,64556.00,606.500000,4243,305.352000,301.148000,64629.55,102923.99,0.00002498,3.197000,0.000000,0
2026-07-29 14:02:00,64556.00,64610.00,64528.40,64548.20,300.474000,3298,161.964000,138.510000,64558.53,102910.82,0.00002498,0.000000,0.000000,0
2026-07-29 14:03:00,64548.20,64572.10,64514.70,64531.40,125.870000,2472,39.917000,85.953000,64546.47,102952.18,0.00002454,0.000000,0.000000,0
2026-07-29 14:04:00,64531.40,64531.50,64483.00,64503.60,123.503000,1723,54.883000,68.620000,64504.65,102950.20,0.00002444,0.000000,0.000000,0
2026-07-29 14:05:00,64503.60,64569.60,64494.00,64559.30,85.453000,1423,35.128000,50.325000,64537.20,102944.51,0.00002404,0.000000,0.000000,0
2026-07-29 14:06:00,64559.20,64630.00,64536.40,64582.00,182.252000,2331,87.451000,94.801000,64591.98,102939.51,0.00002404,0.001000,0.000000,0
2026-07-29 14:07:00,64582.00,64611.80,64548.10,64548.20,140.900000,1422,57.637000,83.263000,64585.70,102921.18,0.00002387,0.000000,0.000000,0
2026-07-29 14:08:00,64548.10,64548.20,64450.00,64466.60,172.287000,2398,39.099000,133.188000,64496.46,102885.22,0.00002384,0.000000,0.000000,0
2026-07-29 14:09:00,64466.60,64478.40,64421.50,64469.00,160.116000,2133,78.109000,82.007000,64445.98,102861.36,0.00002384,0.000000,0.000000,0
2026-07-29 14:10:00,64469.00,64475.40,64442.40,64452.10,46.315000,1262,22.297000,24.018000,64460.36,102849.81,0.00002323,0.000000,0.000000,0
2026-07-29 14:11:00,64452.00,64452.00,64411.50,64415.80,85.256000,1495,26.595000,58.661000,64422.28,102844.51,0.00002317,0.000000,0.051000,0
2026-07-29 14:12:00,64415.80,64418.50,64388.00,64388.00,77.808000,1171,25.929000,51.879000,64404.99,102833.19,0.00002317,0.000000,1.747000,0
2026-07-29 14:13:00,64388.10,64389.00,64340.90,64343.70,138.384000,1597,73.182000,65.202000,64367.44,102821.83,0.00002273,0.000000,0.074000,0
2026-07-29 14:14:00,64343.40,64343.40,64210.50,64263.20,384.331000,3039,133.841000,250.490000,64274.04,102782.21,0.00002212,0.000000,1.210000,0
2026-07-29 14:15:00,64263.30,64270.90,64203.00,64236.40,227.573000,2142,85.879000,141.694000,64235.51,102766.40,0.00002133,0.000000,2.368000,0
2026-07-29 14:16:00,64236.40,64284.60,64225.00,64268.00,203.680000,3118,125.897000,77.783000,64255.59,102769.20,0.00002133,0.000000,0.000000,0
2026-07-29 14:17:00,64267.90,64320.70,64267.90,64320.00,141.153000,1678,95.524000,45.629000,64297.18,102765.27,0.00002124,0.000000,0.000000,0
2026-07-29 14:18:00,64320.00,64343.30,64254.70,64259.40,94.753000,1526,31.681000,63.072000,64305.85,102747.57,0.00002112,0.000000,0.000000,0
2026-07-29 14:19:00,64259.50,64312.40,64244.90,64266.80,103.376000,1959,69.090000,34.286000,64285.25,102743.20,0.00002112,0.000000,0.000000,0
2026-07-29 14:20:00,64266.80,64312.10,64254.80,64260.10,124.881000,2502,57.584000,67.297000,64280.66,102762.62,0.00002125,0.000000,0.000000,0
2026-07-29 14:21:00,64260.10,64334.00,64257.30,64319.60,106.476000,2122,84.839000,21.637000,64301.15,102752.90,0.00002127,0.000000,0.000000,0
2026-07-29 14:22:00,64319.70,64368.00,64304.50,64363.60,105.756000,1359,78.926000,26.830000,64341.99,102742.77,0.00002127,0.000000,0.000000,0
2026-07-29 14:23:00,64363.80,64375.30,64323.60,64323.70,52.617000,1340,29.998000,22.619000,64357.08,102724.06,0.00002138,0.000000,0.000000,0
2026-07-29 14:24:00,64323.70,64360.00,64287.60,64330.10,128.078000,2054,79.412000,48.666000,64324.13,102725.25,0.00002150,0.000000,0.000000,0
2026-07-29 14:25:00,64330.20,64338.40,64225.80,64267.50,109.471000,2065,36.942000,72.529000,64267.01,102734.57,0.00002112,0.000000,0.000000,0
2026-07-29 14:26:00,64267.40,64271.60,64175.80,64181.10,312.121000,1962,93.479000,218.642000,64209.01,102718.44,0.00002112,0.000000,0.021000,0
2026-07-29 14:27:00,64181.20,64187.10,64091.20,64187.00,434.435000,3022,200.211000,234.224000,64133.54,102707.46,0.00002042,0.000000,0.456000,0
2026-07-29 14:28:00,64187.10,64187.10,64108.20,64131.00,210.087000,1735,83.674000,126.413000,64136.80,102653.61,0.00002048,0.000000,0.011000,0
2026-07-29 14:29:00,64131.00,64184.60,64100.60,64184.60,186.430000,1786,140.493000,45.937000,64143.55,102641.55,0.00002048,0.000000,0.000000,0
2026-07-29 14:30:00,64184.60,64217.70,64165.60,64174.50,149.851000,1648,93.615000,56.236000,64194.81,102639.31,0.00002012,0.000000,0.000000,0
2026-07-29 14:31:00,64174.40,64227.10,64165.70,64227.10,169.022000,1822,105.628000,63.394000,64192.45,102602.44,0.00002009,0.000000,0.000000,0
2026-07-29 14:32:00,64227.00,64246.50,64181.70,64184.10,129.049000,1379,77.191000,51.858000,64209.32,102597.47,0.00001989,0.000000,0.000000,0
2026-07-29 14:33:00,64184.10,64235.80,64179.10,64233.30,65.283000,1501,39.468000,25.815000,64205.83,102627.59,0.00001989,0.000000,0.000000,0
2026-07-29 14:34:00,64233.40,64282.70,64233.30,64278.00,98.817000,1692,59.627000,39.190000,64261.64,102625.59,0.00001984,0.001000,0.000000,0
2026-07-29 14:35:00,64278.00,64278.00,64131.20,64131.20,140.548000,1689,45.055000,95.493000,64190.31,102622.87,0.00001997,0.000000,0.000000,0
2026-07-29 14:36:00,64131.20,64162.30,64083.50,64156.20,203.870000,2079,110.516000,93.354000,64118.22,102597.72,0.00001997,0.000000,0.167000,0
2026-07-29 14:37:00,64156.30,64177.70,64122.00,64144.30,109.703000,1545,39.088000,70.615000,64146.09,102610.38,0.00001944,0.000000,0.000000,0
2026-07-29 14:38:00,64144.30,64154.80,64117.00,64128.40,97.061000,1307,69.521000,27.540000,64133.61,102607.77,0.00001938,0.000000,0.000000,0
2026-07-29 14:39:00,64128.30,64149.90,64110.30,64146.50,104.414000,1408,71.802000,32.612000,64125.50,102620.31,0.00001938,0.000000,0.000000,0
2026-07-29 14:40:00,64146.50,64146.60,64080.00,64114.20,178.600000,1554,53.252000,125.348000,64109.13,102613.38,0.00001883,0.000000,0.000000,0
2026-07-29 14:41:00,64114.20,64130.50,64037.70,64091.00,261.407000,2383,78.015000,183.392000,64070.64,102599.03,0.00001878,0.000000,0.706000,0
2026-07-29 14:42:00,64090.90,64155.90,64090.90,64103.90,120.535000,1645,78.093000,42.442000,64127.52,102571.14,0.00001872,0.000000,0.000000,0
2026-07-29 14:43:00,64104.00,64106.60,64068.40,64068.40,78.751000,1472,44.399000,34.352000,64088.96,102565.67,0.00001872,0.000000,0.000000,0
2026-07-29 14:44:00,64068.30,64068.30,64019.00,64045.30,229.692000,1885,74.583000,155.109000,64045.89,102578.42,0.00001907,0.000000,0.651000,0
2026-07-29 14:45:00,64045.30,64075.70,64026.30,64071.90,134.032000,1389,81.298000,52.734000,64051.90,102600.70,0.00001841,0.007000,0.000000,0
2026-07-29 14:46:00,64071.80,64085.00,64044.60,64084.60,192.861000,2084,143.427000,49.434000,64063.35,102592.90,0.00001841,0.000000,0.000000,0
2026-07-29 14:47:00,64084.80,64100.00,64026.10,64099.90,93.540000,1642,52.119000,41.421000,64059.15,102547.06,0.00001895,0.000000,0.000000,0
2026-07-29 14:48:00,64099.90,64153.80,64089.70,64125.50,182.284000,2303,112.745000,69.539000,64128.45,102539.34,0.00001888,0.000000,0.000000,0
2026-07-29 14:49:00,64125.40,64125.50,64036.10,64059.80,63.074000,1448,28.637000,34.437000,64068.40,102522.61,0.00001888,0.000000,0.000000,0
2026-07-29 14:50:00,64059.90,64119.90,64059.90,64116.50,59.642000,1304,41.756000,17.886000,64096.54,102523.12,0.00001938,0.000000,0.000000,0
2026-07-29 14:51:00,64116.40,64155.00,64094.20,64149.70,91.326000,1863,69.332000,21.994000,64117.33,102511.25,0.00001953,0.000000,0.000000,0
2026-07-29 14:52:00,64149.70,64154.90,64088.00,64090.70,62.234000,1717,32.383000,29.851000,64122.19,102522.81,0.00002033,0.000000,0.000000,0
2026-07-29 14:53:00,64091.00,64197.40,64091.00,64192.50,94.553000,1926,68.082000,26.471000,64151.75,102520.26,0.00002033,0.071000,0.000000,0
2026-07-29 14:54:00,64192.40,64230.00,64176.30,64191.20,173.193000,2248,86.979000,86.214000,64202.55,102476.49,0.00002091,0.133000,0.000000,0
2026-07-29 14:55:00,64191.30,64228.90,64185.00,64228.90,95.322000,1790,63.552000,31.770000,64209.96,102475.93,0.00002155,0.000000,0.000000,0
2026-07-29 14:56:00,64228.90,64232.40,64150.10,64150.10,68.136000,1280,31.076000,37.060000,64199.89,102477.97,0.00002155,0.000000,0.000000,0
2026-07-29 14:57:00,64150.10,64150.10,64103.70,64116.30,60.983000,1398,36.344000,24.639000,64119.36,102472.30,0.00002175,0.000000,0.000000,0
2026-07-29 14:58:00,64116.40,64149.80,64105.30,64105.30,35.734000,968,16.806000,18.928000,64134.48,102478.57,0.00002138,0.000000,0.000000,0
2026-07-29 14:59:00,64105.20,64134.30,64090.20,64100.10,102.815000,1498,67.538000,35.277000,64104.69,102476.59,0.00002138,0.000000,0.000000,0
2026-07-29 15:00:00,64100.20,64125.90,64077.20,64078.30,69.965000,1200,25.463000,44.502000,64098.09,102462.84,0.00002137,0.000000,0.000000,0
2026-07-29 15:01:00,64078.10,64111.40,64034.10,64059.10,218.230000,2191,119.477000,98.753000,64077.61,102466.49,0.00002166,0.000000,0.207000,0
2026-07-29 15:02:00,64059.00,64113.20,64052.30,64113.20,53.605000,1184,40.349000,13.256000,64072.84,102460.46,0.00002178,0.000000,0.000000,0
2026-07-29 15:03:00,64113.30,64135.10,64100.00,64109.50,66.382000,1499,42.993000,23.389000,64115.71,102459.77,0.00002178,0.000000,0.000000,0
2026-07-29 15:04:00,64109.40,64161.80,64103.00,64136.70,103.139000,1328,51.407000,51.732000,64142.13,102461.65,0.00002255,0.000000,0.000000,0
2026-07-29 15:05:00,64136.60,64142.10,64109.60,64117.70,51.161000,889,10.876000,40.285000,64124.89,102467.27,0.00002318,0.000000,0.000000,0
2026-07-29 15:06:00,64117.60,64117.60,64064.00,64089.70,71.990000,1391,40.219000,31.771000,64086.25,102461.46,0.00002318,0.000000,0.016000,0
2026-07-29 15:07:00,64089.60,64137.30,64073.00,64073.70,52.128000,1460,25.725000,26.403000,64098.52,102457.70,0.00002336,0.000000,0.000000,0
2026-07-29 15:08:00,64073.70,64131.00,64070.70,64130.90,47.873000,1264,34.384000,13.489000,64101.40,102447.64,0.00002337,0.000000,0.000000,0
2026-07-29 15:09:00,64131.00,64159.20,64123.00,64125.30,91.044000,1325,62.179000,28.865000,64134.35,102441.11,0.00002337,0.000000,0.000000,0
2026-07-29 15:10:00,64125.10,64160.80,64094.00,64160.80,44.271000,932,16.887000,27.384000,64114.92,102427.10,0.00002342,0.000000,0.000000,0
2026-07-29 15:11:00,64160.80,64169.60,64138.10,64138.30,93.991000,1131,27.831000,66.160000,64155.49,102413.96,0.00002344,0.000000,0.000000,0
2026-07-29 15:12:00,64138.20,64138.20,64055.60,64114.80,53.480000,1253,25.414000,28.066000,64084.93,102407.94,0.00002375,0.000000,0.000000,0
2026-07-29 15:13:00,64114.70,64160.40,64107.70,64156.10,44.119000,1299,18.742000,25.377000,64135.51,102393.68,0.00002375,0.000000,0.000000,0
2026-07-29 15:14:00,64156.10,64170.70,64116.60,64116.80,40.360000,1122,15.060000,25.300000,64151.28,102388.03,0.00002380,0.000000,0.000000,0
2026-07-29 15:15:00,64116.90,64140.00,64100.20,64106.50,42.063000,1074,15.985000,26.078000,64121.28,102384.96,0.00002408,0.000000,0.000000,0
2026-07-29 15:16:00,64106.60,64115.40,64080.00,64097.30,74.660000,1419,24.235000,50.425000,64097.06,102364.72,0.00002408,0.000000,0.000000,0
2026-07-29 15:17:00,64097.30,64137.00,64095.50,64127.10,32.106000,904,25.158000,6.948000,64117.87,102370.74,0.00002411,0.000000,0.000000,0
2026-07-29 15:18:00,64127.00,64127.00,64061.70,64085.40,127.996000,1417,23.013000,104.983000,64081.30,102363.16,0.00002452,0.000000,0.116000,0
2026-07-29 15:19:00,64085.40,64110.90,64025.60,64025.80,92.115000,1306,37.770000,54.345000,64058.19,102395.08,0.00002446,0.000000,0.034000,0
2026-07-29 15:20:00,64025.90,64030.20,63940.00,63953.70,532.086000,2744,122.589000,409.497000,63980.58,102298.50,0.00002446,0.000000,4.563000,0
2026-07-29 15:21:00,63953.70,63997.90,63945.10,63977.40,179.406000,1377,103.281000,76.125000,63981.13,102284.22,0.00002410,0.000000,0.022000,0
2026-07-29 15:22:00,63977.30,63993.70,63959.00,63993.20,167.002000,1421,96.327000,70.675000,63978.52,102278.91,0.00002446,0.000000,0.001000,0
2026-07-29 15:23:00,63993.20,64073.20,63993.20,64068.90,332.952000,1290,302.781000,30.171000,64008.77,102235.27,0.00002446,0.000000,0.000000,0
2026-07-29 15:24:00,64069.10,64094.80,64043.40,64073.40,95.444000,1600,59.307000,36.137000,64068.25,102222.74,0.00002499,0.000000,0.000000,0
2026-07-29 15:25:00,64073.40,64085.50,64004.90,64010.00,117.687000,1644,55.395000,62.292000,64044.03,102213.72,0.00002565,0.000000,0.000000,0
2026-07-29 15:26:00,64009.80,64022.40,63950.00,64014.20,168.027000,1555,64.790000,103.237000,63979.23,102197.97,0.00002565,0.000000,0.000000,0
2026-07-29 15:27:00,64014.10,64039.60,63981.90,63991.70,51.694000,1198,18.056000,33.638000,64007.10,102202.02,0.00002546,0.000000,0.000000,0
2026-07-29 15:28:00,63991.70,64066.60,63986.50,64061.20,104.730000,1134,90.144000,14.586000,64046.22,102211.21,0.00002597,0.000000,0.000000,0
2026-07-29 15:29:00,64061.30,64065.20,64036.10,64053.20,80.382000,1235,50.629000,29.753000,64051.18,102228.43,0.00002671,0.000000,0.000000,0
2026-07-29 15:30:00,64053.20,64071.10,64050.50,64071.10,50.755000,557,36.763000,13.992000,64062.66,102250.30,0.00002671,0.000000,0.000000,0
2026-07-29 15:31:00,64071.00,64071.10,64028.20,64060.70,114.864000,1423,42.770000,72.094000,64055.90,102257.26,0.00002721,0.000000,0.000000,0
2026-07-29 15:32:00,64060.70,64060.80,64010.70,64035.40,45.405000,1075,24.052000,21.353000,64026.81,102253.70,0.00002774,0.000000,0.000000,0
2026-07-29 15:33:00,64035.30,64057.50,64022.80,64027.00,43.155000,757,25.398000,17.757000,64034.94,102256.39,0.00002774,0.000000,0.000000,0
2026-07-29 15:34:00,64027.00,64095.40,64013.10,64064.30,145.703000,1569,60.866000,84.837000,64061.77,102256.57,0.00002803,0.000000,0.000000,0
2026-07-29 15:35:00,64064.40,64093.70,64025.60,64040.30,89.262000,1380,58.581000,30.681000,64067.88,102282.28,0.00002824,0.016000,0.000000,0
2026-07-29 15:36:00,64040.30,64098.50,64026.00,64074.20,91.976000,1189,60.301000,31.675000,64064.62,102288.50,0.00002823,0.000000,0.000000,0
2026-07-29 15:37:00,64074.10,64123.50,64070.50,64123.40,156.488000,1407,109.917000,46.571000,64105.34,102288.56,0.00002823,0.000000,0.000000,0
2026-07-29 15:38:00,64123.50,64163.40,64100.00,64100.10,99.302000,1656,57.720000,41.582000,64133.99,102254.26,0.00002886,0.019000,0.000000,0
2026-07-29 15:39:00,64100.10,64100.10,64030.00,64030.10,93.166000,1236,25.369000,67.797000,64062.25,102242.71,0.00002901,0.000000,0.000000,0
2026-07-29 15:40:00,64030.10,64030.10,63946.40,63961.40,200.778000,1297,72.216000,128.562000,63972.50,102244.27,0.00002901,0.000000,0.002000,0
2026-07-29 15:41:00,63961.40,63988.70,63950.00,63986.40,86.311000,1079,51.671000,34.640000,63970.23,102236.94,0.00002865,0.000000,0.000000,0
2026-07-29 15:42:00,63986.40,64025.50,63985.20,64013.20,56.148000,872,28.506000,27.642000,64003.46,102229.85,0.00002897,0.000000,0.000000,0
2026-07-29 15:43:00,64013.20,64014.60,63976.80,63976.80,46.524000,672,14.345000,32.179000,63996.24,102221.10,0.00002897,0.000000,0.000000,0
2026-07-29 15:44:00,63976.80,63983.50,63952.90,63952.90,62.635000,771,19.232000,43.403000,63973.42,102217.19,0.00002973,0.000000,0.000000,0
2026-07-29 15:45:00,63953.00,63974.90,63947.50,63958.20,332.531000,984,214.255000,118.276000,63955.23,102157.06,0.00002998,0.000000,0.019000,0
2026-07-29 15:46:00,63958.20,63958.20,63923.20,63938.90,178.275000,887,74.947000,103.328000,63938.73,102156.95,0.00003009,0.000000,0.066000,0
2026-07-29 15:47:00,63939.00,63975.00,63938.90,63960.80,124.821000,1112,74.735000,50.086000,63957.63,102149.76,0.00003009,0.000000,0.000000,0
2026-07-29 15:48:00,63960.90,63978.60,63948.20,63977.10,85.512000,1076,61.264000,24.248000,63968.15,102142.72,0.00003056,0.000000,0.000000,0
2026-07-29 15:49:00,63977.20,64017.60,63970.90,63977.20,118.190000,1232,88.511000,29.679000,63993.98,102148.59,0.00003118,0.000000,0.000000,0
2026-07-29 15:50:00,63977.20,64018.60,63971.60,64018.50,50.440000,583,37.925000,12.515000,63986.74,102139.48,0.00003118,0.000000,0.000000,0
2026-07-29 15:51:00,64018.50,64025.60,63982.20,63987.30,79.658000,943,25.281000,54.377000,64001.87,102140.24,0.00003187,0.000000,0.000000,0
2026-07-29 15:52:00,63987.40,64009.20,63975.90,64009.20,57.286000,829,39.064000,18.222000,63988.46,102149.24,0.00003259,0.000000,0.000000,0
2026-07-29 15:53:00,64009.30,64024.70,63980.00,63998.90,101.380000,1055,83.976000,17.404000,64005.03,102148.26,0.00003308,0.000000,0.000000,0
2026-07-29 15:54:00,63998.90,63998.90,63923.20,63955.00,112.925000,1067,51.258000,61.667000,63941.08,102141.33,0.00003308,0.000000,0.007000,0
2026-07-29 15:55:00,63955.00,63955.00,63921.00,63932.30,97.104000,917,45.868000,51.236000,63935.64,102116.85,0.00003368,0.000000,0.128000,0
2026-07-29 15:56:00,63932.30,63932.30,63857.40,63914.40,509.062000,2342,163.931000,345.131000,63890.65,102123.52,0.00003425,0.000000,1.898000,0
2026-07-29 15:57:00,63914.40,63923.40,63900.00,63915.70,106.723000,952,51.502000,55.221000,63912.14,102126.44,0.00003425,0.000000,0.000000,0
2026-07-29 15:58:00,63915.60,63929.60,63887.80,63911.30,76.845000,974,38.324000,38.521000,63908.73,102129.61,0.00003496,0.000000,0.000000,0
2026-07-29 15:59:00,63911.20,63920.70,63893.90,63919.90,59.928000,946,39.309000,20.619000,63909.02,102125.25,0.00003575,0.000000,0.000000,0
2026-07-29 16:00:00,63919.90,63969.90,63919.80,63940.20,101.668000,1036,56.003000,45.665000,63945.88,102129.98,0.00003665,0.000000,0.000000,0
2026-07-29 16:01:00,63940.20,63977.70,63935.30,63957.60,231.821000,1840,105.814000,126.007000,63955.23,102163.12,0.00003665,0.000000,0.000000,0
2026-07-29 16:02:00,63957.70,63957.70,63893.30,63925.30,394.409000,1384,274.111000,120.298000,63907.84,102150.63,0.00003791,0.000000,0.000000,0
2026-07-29 16:03:00,63925.40,63925.40,63882.20,63922.20,84.858000,873,41.468000,43.390000,63906.31,102090.05,0.00003854,0.000000,0.053000,0
2026-07-29 16:04:00,63922.20,63922.30,63901.80,63902.50,88.327000,703,34.278000,54.049000,63916.65,102062.18,0.00003854,0.000000,0.000000,0
2026-07-29 16:05:00,63902.50,63902.50,63873.10,63898.40,125.660000,789,43.566000,82.094000,63886.73,102046.18,0.00003889,0.000000,0.000000,0
2026-07-29 16:06:00,63898.50,63929.50,63873.10,63926.70,212.000000,1867,142.439000,69.561000,63899.28,102059.34,0.00003957,0.000000,0.000000,0
2026-07-29 16:07:00,63926.80,63958.20,63894.00,63933.80,121.149000,1338,63.017000,58.132000,63920.28,102055.43,0.00004002,0.000000,0.000000,0
2026-07-29 16:08:00,63933.80,63956.20,63933.70,63956.20,72.003000,794,49.959000,22.044000,63944.61,102032.04,0.00004002,0.000000,0.000000,0
2026-07-29 16:09:00,63956.20,63960.00,63928.20,63959.70,218.363000,983,130.589000,87.774000,63942.76,102082.92,0.00004082,0.000000,0.000000,0
2026-07-29 16:10:00,63959.70,63959.70,63936.10,63959.10,58.768000,875,39.032000,19.736000,63952.52,102077.43,0.00004159,0.000000,0.000000,0
2026-07-29 16:11:00,63959.20,63973.80,63945.00,63973.10,81.389000,1107,58.807000,22.582000,63962.50,102053.51,0.00004159,0.000000,0.000000,0
2026-07-29 16:12:00,63973.20,63985.80,63932.30,63945.40,55.441000,893,31.474000,23.967000,63962.10,102039.78,0.00004233,0.000000,0.000000,0
2026-07-29 16:13:00,63945.50,63962.00,63931.50,63947.90,37.118000,774,24.676000,12.442000,63951.03,102032.30,0.00004279,0.000000,0.149000,0
2026-07-29 16:14:00,63947.80,63959.00,63941.30,63951.50,26.247000,487,16.679000,9.568000,63950.79,102032.95,0.00004331,0.000000,0.000000,0
2026-07-29 16:15:00,63951.40,63951.50,63927.70,63927.80,35.855000,577,19.600000,16.255000,63941.86,102029.77,0.00004331,0.000000,0.017000,0
2026-07-29 16:16:00,63927.80,63970.80,63910.30,63970.70,69.239000,981,36.141000,33.098000,63931.74,102030.09,0.00004376,0.000000,0.000000,0
2026-07-29 16:17:00,63970.80,63974.60,63930.50,63934.40,38.397000,678,14.389000,24.008000,63960.62,102035.85,0.00004419,0.000000,0.001000,0
2026-07-29 16:18:00,63934.30,63940.60,63918.70,63932.50,29.639000,710,17.905000,11.734000,63930.16,102039.15,0.00004419,0.000000,0.000000,0
2026-07-29 16:19:00,63932.40,63932.40,63891.30,63918.10,106.363000,703,31.573000,74.790000,63903.79,102035.47,0.00004507,0.000000,0.000000,0
2026-07-29 16:20:00,63918.10,63947.80,63912.70,63938.30,60.409000,1109,47.523000,12.886000,63929.25,102029.95,0.00004557,0.000000,0.000000,0
2026-07-29 16:21:00,63938.30,63952.00,63900.00,63947.70,75.026000,939,31.415000,43.611000,63918.52,102036.48,0.00004595,0.126000,0.000000,0
2026-07-29 16:22:00,63947.80,63975.20,63947.70,63970.20,68.335000,673,42.779000,25.556000,63966.23,102046.24,0.00004595,0.000000,0.000000,0
2026-07-29 16:23:00,63970.30,64066.00,63970.20,64063.10,230.262000,1432,169.201000,61.061000,64016.47,102055.74,0.00004632,1.553000,0.000000,0
2026-07-29 16:24:00,64063.10,64131.90,64042.90,64052.10,386.101000,2952,255.519000,130.582000,64087.23,102141.87,0.00004754,1.275000,0.000000,0
2026-07-29 16:25:00,64052.00,64071.40,64036.40,64062.90,68.096000,1041,29.446000,38.650000,64053.80,102141.51,0.00004754,0.000000,0.000000,0
2026-07-29 16:26:00,64063.00,64100.00,64038.40,64038.40,191.609000,1426,81.682000,109.927000,64067.60,102202.44,0.00004792,0.000000,0.000000,0
2026-07-29 16:27:00,64038.40,64068.90,64036.30,64068.80,72.106000,934,53.203000,18.903000,64053.15,102207.92,0.00004776,0.000000,0.000000,0
2026-07-29 16:28:00,64068.80,64068.90,64016.10,64016.20,88.436000,714,52.413000,36.023000,64051.82,102253.37,0.00004776,0.000000,0.000000,0
2026-07-29 16:29:00,64016.10,64029.60,64001.00,64012.40,52.988000,838,26.726000,26.262000,64016.60,102242.70,0.00004771,0.033000,0.001000,0
2026-07-29 16:30:00,64012.40,64029.40,64003.20,64003.30,28.913000,593,18.784000,10.129000,64013.86,102245.60,0.00004737,0.000000,0.000000,0
2026-07-29 16:31:00,64003.20,64054.00,63992.40,64020.60,91.379000,1102,45.972000,45.407000,64022.30,102254.65,0.00004716,0.056000,0.000000,0
2026-07-29 16:32:00,64020.50,64020.50,63962.00,63969.40,61.222000,849,13.103000,48.119000,63986.07,102242.88,0.00004716,0.000000,0.000000,0
2026-07-29 16:33:00,63969.50,63977.20,63902.40,63914.70,113.339000,1188,36.792000,76.547000,63930.30,102274.79,0.00004762,0.000000,0.000000,0
2026-07-29 16:34:00,63914.80,63977.40,63914.80,63969.40,121.606000,1125,57.314000,64.292000,63963.84,102296.83,0.00004725,0.000000,0.000000,0
2026-07-29 16:35:00,63969.60,63977.40,63888.90,63894.50,196.609000,1233,41.460000,155.149000,63946.02,102408.04,0.00004725,0.000000,0.000000,0
2026-07-29 16:36:00,63894.60,63920.00,63881.70,63881.80,87.525000,879,40.824000,46.701000,63895.66,102398.16,0.00004749,0.000000,0.000000,0
2026-07-29 16:37:00,63881.70,63881.80,63826.00,63853.50,487.800000,1970,140.946000,346.854000,63853.30,102412.25,0.00004741,0.000000,0.966000,0
2026-07-29 16:38:00,63853.40,63853.50,63818.70,63826.40,297.003000,1412,96.481000,200.522000,63827.10,102511.83,0.00004752,0.000000,0.061000,0
2026-07-29 16:39:00,63826.40,63874.30,63821.60,63852.80,215.877000,1074,111.282000,104.595000,63841.50,102506.17,0.00004752,0.000000,0.000000,0
2026-07-29 16:40:00,63852.90,63881.80,63852.90,63860.10,120.847000,1046,54.935000,65.912000,63869.79,102506.17,0.00004747,0.000000,0.000000,0
2026-07-29 16:41:00,63860.00,63881.30,63835.00,63873.80,204.167000,1264,45.017000,159.150000,63857.90,102531.02,0.00004781,0.000000,0.000000,0
2026-07-29 16:42:00,63873.90,63878.90,63810.80,63810.80,111.643000,1063,33.914000,77.729000,63844.13,102606.94,0.00004781,0.000000,0.000000,0
2026-07-29 16:43:00,63810.70,63822.00,63772.40,63783.90,480.127000,1775,151.933000,328.194000,63793.86,102631.22,0.00004798,0.000000,0.800000,0
2026-07-29 16:44:00,63783.90,63783.90,63646.60,63651.90,971.097000,4167,308.712000,662.385000,63693.40,102667.58,0.00004777,0.000000,4.543000,0
2026-07-29 16:45:00,63652.00,63676.90,63600.00,63669.10,693.212000,4154,389.870000,303.342000,63626.19,102725.70,0.00004765,0.000000,5.530000,0
2026-07-29 16:46:00,63669.20,63674.50,63630.00,63649.50,440.256000,1961,243.547000,196.709000,63650.31,102652.23,0.00004765,0.000000,0.001000,0
2026-07-29 16:47:00,63649.70,63687.40,63633.80,63687.40,189.433000,1035,101.688000,87.745000,63654.16,102667.72,0.00004773,0.000000,0.000000,0
2026-07-29 16:48:00,63687.40,63759.20,63687.40,63759.20,217.258000,1850,152.802000,64.456000,63737.20,102685.71,0.00004799,0.000000,0.000000,0
2026-07-29 16:49:00,63759.20,63783.70,63687.30,63696.80,344.378000,2487,107.160000,237.218000,63735.54,102641.84,0.00004799,0.000000,0.000000,0
2026-07-29 16:50:00,63696.90,63705.60,63646.30,63666.10,267.205000,1671,107.040000,160.165000,63679.21,102742.67,0.00004856,0.000000,0.000000,0
2026-07-29 16:51:00,63666.00,63705.10,63666.00,63705.10,133.308000,1376,103.656000,29.652000,63683.69,102790.24,0.00004824,0.000000,0.000000,0
2026-07-29 16:52:00,63705.10,63720.40,63676.30,63679.80,85.232000,1015,38.853000,46.379000,63704.72,102794.92,0.00004824,0.000000,0.138000,0
2026-07-29 16:53:00,63679.90,63727.80,63660.60,63723.90,95.229000,989,53.317000,41.912000,63689.25,102805.20,0.00004852,0.000000,0.000000,0
2026-07-29 16:54:00,63723.90,63752.60,63723.90,63729.50,128.282000,994,75.711000,52.571000,63739.66,102802.50,0.00004912,0.000000,0.000000,0
2026-07-29 16:55:00,63729.40,63746.20,63700.00,63746.10,110.903000,1015,54.443000,56.460000,63725.33,102780.85,0.00005007,0.000000,0.000000,0
2026-07-29 16:56:00,63746.00,63791.80,63727.20,63772.10,116.375000,1102,68.096000,48.279000,63767.90,102767.33,0.00005007,0.047000,0.000000,0
2026-07-29 16:57:00,63772.10,63793.30,63752.00,63793.30,106.599000,893,30.507000,76.092000,63773.34,102749.37,0.00005090,0.000000,0.000000,0
2026-07-29 16:58:00,63793.30,63811.60,63792.10,63792.10,95.082000,914,67.431000,27.651000,63801.80,102754.85,0.00005201,0.001000,0.000000,0
2026-07-29 16:59:00,63792.10,63792.20,63747.00,63774.50,129.103000,1123,60.466000,68.637000,63766.11,102731.94,0.00005201,0.000000,0.000000,0
2026-07-29 17:00:00,63774.50,63799.50,63774.50,63786.60,83.696000,519,29.160000,54.536000,63790.64,102763.25,0.00005287,0.000000,0.000000,0
2026-07-29 17:01:00,63786.60,63803.40,63775.00,63798.40,87.117000,1046,43.610000,43.507000,63789.90,102773.82,0.00005393,0.000000,0.000000,0
2026-07-29 17:02:00,63798.50,63832.70,63790.20,63806.90,134.097000,1105,93.784000,40.313000,63815.26,102770.98,0.00005393,0.000000,0.000000,0
2026-07-29 17:03:00,63807.00,63816.90,63776.90,63776.90,61.813000,777,25.113000,36.700000,63790.86,102770.80,0.00005484,0.000000,0.000000,0
2026-07-29 17:04:00,63777.00,63822.40,63766.90,63820.10,55.112000,902,27.445000,27.667000,63800.58,102764.15,0.00005546,0.000000,0.160000,0
2026-07-29 17:05:00,63820.00,63831.20,63730.60,63763.70,425.536000,1770,118.213000,307.323000,63772.16,102794.32,0.00005546,0.000000,0.000000,0
2026-07-29 17:06:00,63763.70,63774.70,63680.10,63689.20,259.622000,1448,89.783000,169.839000,63720.76,102965.74,0.00005613,0.000000,0.000000,0
2026-07-29 17:07:00,63689.10,63716.30,63685.80,63716.30,122.001000,917,72.152000,49.849000,63698.24,103021.84,0.00005624,0.000000,0.000000,0
2026-07-29 17:08:00,63716.30,63728.00,63705.00,63705.10,48.325000,706,27.210000,21.115000,63714.22,103036.39,0.00005608,0.000000,0.000000,0
2026-07-29 17:09:00,63705.20,63759.00,63700.70,63759.00,61.304000,694,52.050000,9.254000,63730.86,103039.59,0.00005608,0.000000,0.000000,0
2026-07-29 17:10:00,63758.90,63777.00,63699.90,63731.50,245.065000,1639,103.177000,141.888000,63731.26,103078.87,0.00005624,0.000000,0.000000,0
2026-07-29 17:11:00,63731.40,63854.20,63731.40,63815.40,227.687000,1719,191.854000,35.833000,63806.44,103143.32,0.00005688,0.001000,0.000000,0
2026-07-29 17:12:00,63815.40,63854.70,63800.00,63800.10,112.863000,1166,70.798000,42.065000,63828.02,103118.08,0.00005688,0.000000,0.000000,0
2026-07-29 17:13:00,63800.00,63828.30,63774.00,63828.30,66.994000,898,52.630000,14.364000,63799.16,103118.06,0.00005758,0.000000,0.000000,0
2026-07-29 17:14:00,63828.30,63847.90,63800.40,63805.40,132.764000,1217,41.450000,91.314000,63822.97,103102.56,0.00005731,0.000000,0.000000,0
2026-07-29 17:15:00,63805.40,63850.00,63802.00,63849.90,71.549000,601,37.528000,34.021000,63822.33,103091.58,0.00005731,0.000000,0.000000,0
2026-07-29 17:16:00,63849.90,63850.00,63783.20,63788.30,133.626000,1226,41.876000,91.750000,63814.99,103089.99,0.00005796,0.000000,0.000000,0
2026-07-29 17:17:00,63788.30,63818.20,63788.30,63792.40,66.673000,668,35.111000,31.562000,63801.73,103073.89,0.00005863,0.000000,0.000000,0
2026-07-29 17:18:00,63792.40,63794.10,63736.80,63753.00,91.173000,1258,34.644000,56.529000,63756.08,103066.87,0.00005886,0.000000,0.000000,0
2026-07-29 17:19:00,63752.90,63773.80,63743.80,63760.70,49.796000,853,29.048000,20.748000,63757.30,103054.76,0.00005886,0.000000,0.000000,0
2026-07-29 17:20:00,63760.70,63774.10,63749.10,63767.20,37.752000,613,29.001000,8.751000,63764.19,103044.73,0.00005894,0.000000,0.000000,0
2026-07-29 17:21:00,63767.20,63791.10,63767.10,63790.10,36.403000,455,23.205000,13.198000,63784.01,103038.99,0.00005932,0.000000,0.000000,0
2026-07-29 17:22:00,63790.10,63808.80,63782.40,63808.80,30.451000,480,20.080000,10.371000,63795.48,103035.46,0.00005932,0.000000,0.000000,0
2026-07-29 17:23:00,63808.70,63810.00,63780.00,63782.30,26.103000,391,13.335000,12.768000,63790.45,103032.13,0.00005999,0.000000,0.000000,0
2026-07-29 17:24:00,63782.30,63823.00,63782.20,63819.40,48.974000,810,27.612000,21.362000,63808.19,103032.66,0.00006034,0.000000,0.000000,0
2026-07-29 17:25:00,63819.50,63819.50,63767.20,63788.30,72.724000,861,53.195000,19.529000,63782.30,103026.15,0.00006034,0.000000,0.000000,0
2026-07-29 17:26:00,63788.30,63788.30,63753.40,63769.30,78.616000,723,39.521000,39.095000,63769.76,103034.23,0.00006108,0.000000,0.000000,0
2026-07-29 17:27:00,63769.30,63798.00,63756.00,63797.40,66.017000,1001,51.994000,14.023000,63776.88,103024.06,0.00006133,0.000000,0.000000,0
2026-07-29 17:28:00,63797.50,63803.00,63760.00,63760.00,28.922000,523,12.292000,16.630000,63787.04,103019.08,0.00006171,0.000000,0.000000,0
2026-07-29 17:29:00,63760.00,63764.40,63731.30,63758.40,113.060000,730,69.456000,43.604000,63746.55,103019.83,0.00006171,0.000000,0.000000,0
2026-07-29 17:30:00,63758.30,63758.40,63723.40,63741.80,47.414000,519,27.471000,19.943000,63735.05,103037.98,0.00006176,0.000000,0.000000,0
2026-07-29 17:31:00,63741.80,63741.80,63710.50,63710.60,55.292000,410,5.550000,49.742000,63731.18,103043.09,0.00006222,0.000000,0.000000,0
2026-07-29 17:32:00,63710.60,63767.20,63710.50,63767.10,35.945000,629,23.450000,12.495000,63736.12,103050.62,0.00006222,0.000000,0.000000,0
2026-07-29 17:33:00,63767.10,63800.00,63767.10,63799.90,35.444000,497,16.326000,19.118000,63783.96,103061.61,0.00006250,0.000000,0.000000,0
2026-07-29 17:34:00,63799.90,63853.30,63799.90,63850.20,95.769000,743,63.369000,32.400000,63834.55,103069.24,0.00006332,0.000000,0.000000,0
2026-07-29 17:35:00,63850.30,63870.20,63840.00,63850.10,86.490000,752,39.832000,46.658000,63856.29,103076.06,0.00006332,0.023000,0.000000,0
2026-07-29 17:36:00,63850.00,63866.00,63800.00,63800.00,92.221000,882,38.015000,54.206000,63834.96,103061.45,0.00006408,0.000000,0.000000,0
2026-07-29 17:37:00,63800.00,63813.70,63799.90,63799.90,35.496000,382,22.404000,13.092000,63805.28,103045.99,0.00006425,0.000000,0.000000,0
2026-07-29 17:38:00,63800.00,63841.10,63797.00,63836.60,40.613000,669,26.256000,14.357000,63825.74,103045.00,0.00006433,0.000000,0.000000,0
2026-07-29 17:39:00,63836.70,63836.70,63793.70,63807.20,30.678000,666,11.404000,19.274000,63812.17,103041.56,0.00006433,0.000000,0.000000,0
2026-07-29 17:40:00,63807.20,63834.00,63807.10,63822.10,18.852000,356,12.711000,6.141000,63819.85,103041.74,0.00006482,0.000000,0.000000,0
2026-07-29 17:41:00,63822.10,63862.60,63822.10,63860.00,30.853000,470,23.420000,7.433000,63851.13,103039.99,0.00006518,0.000000,0.000000,0
2026-07-29 17:42:00,63859.90,63888.80,63859.90,63881.90,111.291000,779,79.869000,31.422000,63876.06,103040.59,0.00006518,0.023000,0.000000,0
2026-07-29 17:43:00,63882.00,63920.50,63878.80,63903.80,151.147000,1086,100.008000,51.139000,63904.04,103046.37,0.00006567,0.084000,0.000000,0
2026-07-29 17:44:00,63903.70,63955.20,63903.70,63955.00,208.554000,1268,150.938000,57.616000,63940.46,103057.46,0.00006609,0.696000,0.000000,0
2026-07-29 17:45:00,63955.00,63957.80,63934.10,63942.30,146.359000,909,66.785000,79.574000,63947.05,103043.49,0.00006609,0.000000,0.000000,0
2026-07-29 17:46:00,63942.30,63952.40,63905.70,63907.30,108.301000,987,20.766000,87.535000,63934.70,103041.72,0.00006677,0.000000,0.000000,0
2026-07-29 17:47:00,63907.20,63952.40,63907.20,63952.30,111.780000,636,85.486000,26.294000,63935.63,103028.53,0.00006716,0.000000,0.000000,0
2026-07-29 17:48:00,63952.40,63964.30,63938.30,63949.50,120.229000,692,75.494000,44.735000,63950.00,103003.53,0.00006765,0.026000,0.000000,0
2026-07-29 17:49:00,63949.60,63968.50,63945.40,63950.00,171.642000,1025,74.683000,96.959000,63956.87,102976.94,0.00006765,0.000000,0.000000,0
2026-07-29 17:50:00,63950.10,63976.40,63950.00,63972.20,77.830000,636,51.823000,26.007000,63964.46,102987.82,0.00006768,0.088000,0.000000,0
2026-07-29 17:51:00,63972.20,64052.70,63972.10,64027.10,318.695000,2053,240.295000,78.400000,64018.15,102982.95,0.00006805,7.024000,0.000000,0
2026-07-29 17:52:00,64027.10,64048.60,64017.00,64032.80,80.979000,680,34.200000,46.779000,64031.90,102954.19,0.00006805,0.000000,0.000000,0
2026-07-29 17:53:00,64032.70,64057.00,64021.70,64046.70,133.896000,1024,94.571000,39.325000,64038.15,102966.55,0.00006867,0.000000,0.000000,0
2026-07-29 17:54:00,64046.80,64123.90,64042.60,64123.90,210.604000,1192,163.876000,46.728000,64085.47,102981.73,0.00006904,2.022000,0.000000,0
2026-07-29 17:55:00,64123.80,64227.30,64087.60,64172.60,605.045000,3957,406.497000,198.548000,64169.46,102948.39,0.00006999,5.747000,0.000000,0
2026-07-29 17:56:00,64172.70,64176.00,64146.00,64153.50,184.806000,1237,82.288000,102.518000,64158.28,102864.82,0.00006999,0.000000,0.000000,0
2026-07-29 17:57:00,64153.50,64187.90,64153.40,64187.70,119.894000,830,71.318000,48.576000,64171.31,102857.76,0.00007029,0.015000,0.000000,0
2026-07-29 17:58:00,64187.80,64190.00,64163.00,64163.00,102.020000,560,48.400000,53.620000,64183.19,102826.62,0.00007048,0.000000,0.000000,0
2026-07-29 17:59:00,64163.10,64192.60,64147.60,64180.20,127.875000,1101,62.918000,64.957000,64165.56,102810.12,0.00007048,0.000000,0.000000,0
2026-07-29 18:00:00,64180.30,64287.30,64161.50,64247.40,396.614000,2058,254.137000,142.477000,64224.92,102820.63,0.00007071,0.166000,0.000000,0
2026-07-29 18:01:00,64247.50,64703.90,64227.90,64473.20,5581.789000,22737,2959.622000,2622.167000,64489.96,103128.56,0.00007079,5.982000,0.000000,0
2026-07-29 18:02:00,64473.10,64530.00,64397.00,64528.90,1611.892000,8868,712.024000,899.868000,64464.25,103273.06,0.00007079,0.000000,0.000000,0
2026-07-29 18:03:00,64528.90,64628.30,64448.90,64453.10,831.982000,7440,393.005000,438.977000,64547.05,103302.45,0.00007171,6.658000,0.000000,0
2026-07-29 18:04:00,64453.00,64514.40,64443.70,64484.80,591.356000,4724,268.710000,322.646000,64478.20,103214.21,0.00007222,0.000000,0.000000,0
2026-07-29 18:05:00,64484.90,64486.40,64373.70,64389.40,484.896000,3524,191.098000,293.798000,64411.91,103172.35,0.00007232,0.000000,0.000000,0
2026-07-29 18:06:00,64389.50,64468.60,64316.00,64348.60,535.445000,4431,197.478000,337.967000,64365.12,103155.20,0.00007232,0.000000,0.068000,0
2026-07-29 18:07:00,64348.70,64474.40,64348.60,64474.40,249.112000,2743,157.589000,91.523000,64419.65,103214.57,0.00007188,0.000000,0.000000,0
2026-07-29 18:08:00,64474.70,64493.50,64377.00,64377.10,216.375000,2748,103.010000,113.365000,64422.14,103159.86,0.00007209,0.001000,0.000000,0
2026-07-29 18:09:00,64377.00,64463.60,64370.90,64453.00,297.478000,2117,167.681000,129.797000,64410.27,103120.18,0.00007209,0.000000,0.000000,0
2026-07-29 18:10:00,64453.10,64453.10,64400.00,64411.70,248.764000,1269,41.550000,207.214000,64429.61,103159.34,0.00007200,0.000000,0.000000,0
2026-07-29 18:11:00,64411.60,64459.90,64400.00,64400.20,192.508000,2077,118.523000,73.985000,64431.36,103195.66,0.00007245,0.000000,0.000000,0
2026-07-29 18:12:00,64400.20,64443.10,64387.30,64443.00,100.687000,1021,44.392000,56.295000,64407.23,103192.88,0.00007243,0.000000,0.000000,0
2026-07-29 18:13:00,64443.00,64450.00,64350.00,64350.10,144.919000,1563,46.181000,98.738000,64403.81,103199.95,0.00007243,0.000000,0.000000,0
2026-07-29 18:14:00,64350.10,64396.40,64350.00,64374.80,134.379000,1135,76.865000,57.514000,64380.50,103216.06,0.00007282,0.000000,0.000000,0
2026-07-29 18:15:00,64374.70,64374.80,64292.60,64313.80,333.301000,1999,79.490000,253.811000,64318.07,103182.18,0.00007246,0.000000,0.000000,0
2026-07-29 18:16:00,64313.80,64370.00,64307.50,64310.00,185.465000,1716,95.839000,89.626000,64333.33,103196.53,0.00007246,0.000000,0.000000,0
2026-07-29 18:17:00,64310.00,64354.00,64277.40,64281.40,207.449000,1839,61.343000,146.106000,64308.15,103196.79,0.00007238,0.000000,0.005000,0
2026-07-29 18:18:00,64281.50,64289.00,64265.00,64283.30,188.792000,1570,67.077000,121.715000,64278.03,103191.14,0.00007269,0.000000,0.000000,0
2026-07-29 18:19:00,64283.30,64283.40,64224.20,64224.30,245.861000,1964,71.064000,174.797000,64245.78,103195.08,0.00007238,0.000000,0.350000,0
2026-07-29 18:20:00,64224.30,64225.50,64155.70,64213.30,573.560000,2912,298.181000,275.379000,64194.77,103208.46,0.00007238,0.000000,0.261000,0
2026-07-29 18:21:00,64213.30,64227.20,64181.70,64226.10,190.715000,1932,52.861000,137.854000,64200.88,103094.21,0.00007224,0.000000,0.000000,0
2026-07-29 18:22:00,64226.20,64239.60,64192.80,64210.50,152.067000,1759,79.913000,72.154000,64220.87,103097.30,0.00007232,0.000000,0.000000,0
2026-07-29 18:23:00,64210.50,64210.50,64158.50,64158.60,98.178000,1339,28.738000,69.440000,64178.16,103076.91,0.00007232,0.000000,0.001000,0
2026-07-29 18:24:00,64158.50,64178.70,64082.30,64102.70,454.555000,3339,239.857000,214.698000,64116.44,103070.57,0.00007256,0.000000,2.499000,0
2026-07-29 18:25:00,64102.70,64136.60,64084.50,64084.50,153.669000,1687,70.870000,82.799000,64113.71,103017.74,0.00007236,0.000000,0.000000,0
2026-07-29 18:26:00,64084.40,64084.40,63956.60,63972.40,460.190000,3624,128.458000,331.732000,64006.15,103031.68,0.00007236,0.000000,2.482000,0
2026-07-29 18:27:00,63972.30,64054.80,63972.10,64054.80,253.443000,2282,179.137000,74.306000,64014.03,103049.72,0.00007271,0.000000,0.000000,0
2026-07-29 18:28:00,64054.80,64068.90,64009.30,64061.70,254.176000,2268,144.335000,109.841000,64039.16,103066.53,0.00007248,0.000000,0.000000,0
2026-07-29 18:29:00,64061.60,64087.80,64034.70,64065.50,175.850000,1816,96.797000,79.053000,64067.42,103031.04,0.00007245,0.000000,0.000000,0
2026-07-29 18:30:00,64065.60,64100.10,64060.10,64071.90,195.356000,1381,142.594000,52.762000,64083.19,102957.89,0.00007245,0.000000,0.000000,0
2026-07-29 18:31:00,64072.00,64172.10,64072.00,64162.20,236.339000,1917,170.926000,65.413000,64128.68,102922.43,0.00007283,0.002000,0.000000,0
2026-07-29 18:32:00,64162.30,64171.80,63959.50,63970.60,417.926000,5253,141.212000,276.714000,64044.02,102933.84,0.00007307,0.005000,4.630000,0
2026-07-29 18:33:00,63970.60,63970.70,63742.90,63867.60,1360.598000,9464,590.300000,770.298000,63848.90,103008.55,0.00007307,0.000000,8.370000,0
2026-07-29 18:34:00,63867.60,63955.90,63867.50,63955.90,445.242000,5459,221.501000,223.741000,63920.53,103069.22,0.00007289,0.069000,0.000000,0
2026-07-29 18:35:00,63956.00,63983.10,63902.70,63937.50,137.054000,2786,72.939000,64.115000,63941.67,103103.66,0.00007335,0.003000,0.000000,0
2026-07-29 18:36:00,63937.60,63941.40,63835.80,63888.50,230.152000,3589,103.220000,126.932000,63885.95,103117.11,0.00007335,0.000000,0.000000,0
2026-07-29 18:37:00,63888.60,63961.40,63885.80,63961.40,164.688000,2041,94.853000,69.835000,63915.43,103123.51,0.00007379,0.000000,0.000000,0
2026-07-29 18:38:00,63961.60,64063.80,63952.00,64063.80,224.820000,2306,168.505000,56.315000,64008.47,103119.66,0.00007414,4.734000,0.000000,0
2026-07-29 18:39:00,64063.80,64186.80,64044.80,64122.90,388.910000,3280,240.829000,148.081000,64117.37,103090.25,0.00007414,0.266000,0.000000,0
2026-07-29 18:40:00,64122.80,64268.30,64084.10,64164.90,510.992000,4412,362.851000,148.141000,64190.85,103049.50,0.00007506,0.070000,0.000000,0
2026-07-29 18:41:00,64165.00,64230.40,64155.20,64213.30,208.423000,2352,150.017000,58.406000,64201.24,102977.23,0.00007586,0.092000,0.000000,0
2026-07-29 18:42:00,64213.30,64360.00,64213.30,64313.30,510.436000,3977,308.961000,201.475000,64316.77,102943.74,0.00007601,1.402000,0.000000,0
2026-07-29 18:43:00,64313.30,64341.00,64241.60,64293.90,232.081000,2937,87.522000,144.559000,64288.14,102918.06,0.00007601,0.000000,0.000000,0
2026-07-29 18:44:00,64293.90,64367.70,64291.50,64367.70,155.497000,2525,98.295000,57.202000,64329.64,102925.45,0.00007652,0.000000,0.000000,0
2026-07-29 18:45:00,64367.60,64433.40,64337.20,64381.00,437.773000,3136,249.638000,188.135000,64394.01,102954.19,0.00007685,1.988000,0.000000,0
2026-07-29 18:46:00,64380.90,64392.70,64325.50,64348.40,208.419000,2070,82.896000,125.523000,64356.75,102887.80,0.00007685,0.000000,0.000000,0
2026-07-29 18:47:00,64348.40,64418.40,64338.50,64356.80,235.499000,2636,123.748000,111.751000,64374.81,102915.77,0.00007785,0.000000,0.000000,0
2026-07-29 18:48:00,64356.80,64463.70,64339.90,64399.90,330.123000,3152,196.967000,133.156000,64400.35,102965.94,0.00007825,0.000000,0.000000,0
2026-07-29 18:49:00,64399.90,64436.70,64379.90,64403.00,287.650000,2961,194.678000,92.972000,64402.40,103048.51,0.00007825,0.000000,0.000000,0
2026-07-29 18:50:00,64403.00,64490.90,64385.00,64482.80,180.883000,1977,125.675000,55.208000,64458.51,103063.45,0.00007858,0.334000,0.000000,0
2026-07-29 18:51:00,64482.80,64493.50,64385.40,64448.90,401.385000,3260,121.746000,279.639000,64434.09,103090.76,0.00007912,0.003000,0.000000,0
2026-07-29 18:52:00,64449.00,64496.80,64424.60,64496.70,136.502000,1933,75.166000,61.336000,64456.45,103110.38,0.00007963,0.000000,0.000000,0
2026-07-29 18:53:00,64496.70,64554.80,64489.70,64547.30,481.149000,2929,326.055000,155.094000,64520.79,103092.62,0.00007963,0.082000,0.000000,0
2026-07-29 18:54:00,64547.40,64614.20,64547.40,64603.40,385.817000,2143,240.164000,145.653000,64589.97,103113.35,0.00008028,2.929000,0.000000,0
2026-07-29 18:55:00,64603.40,64620.00,64554.20,64575.80,169.936000,1667,51.762000,118.174000,64580.49,103144.38,0.00008101,0.003000,0.000000,0
2026-07-29 18:56:00,64575.90,64589.80,64491.60,64491.60,282.253000,2240,73.621000,208.632000,64557.03,103172.89,0.00008101,0.026000,0.000000,0
2026-07-29 18:57:00,64491.70,64496.90,64446.00,64449.00,285.454000,2192,107.532000,177.922000,64465.85,103190.95,0.00008108,0.000000,0.000000,0
2026-07-29 18:58:00,64449.00,64479.30,64415.00,64471.40,197.340000,1920,69.061000,128.279000,64448.61,103199.16,0.00008133,0.000000,0.011000,0
2026-07-29 18:59:00,64471.40,64490.00,64453.20,64468.80,85.202000,1130,42.806000,42.396000,64468.23,103207.99,0.00008199,0.000000,0.000000,0
2026-07-29 19:00:00,64468.70,64484.50,64443.80,64480.70,111.232000,1452,37.528000,73.704000,64461.52,103213.83,0.00008199,0.000000,0.000000,0
2026-07-29 19:01:00,64480.80,64499.70,64454.30,64461.00,156.013000,2372,73.183000,82.830000,64478.23,103222.63,0.00008272,0.000000,0.000000,0
2026-07-29 19:02:00,64461.00,64551.50,64455.80,64550.50,155.839000,1872,98.586000,57.253000,64513.98,103216.30,0.00008347,0.000000,0.000000,0
2026-07-29 19:03:00,64550.50,64575.70,64519.60,64526.60,156.863000,1625,75.583000,81.280000,64548.01,103246.56,0.00008347,0.000000,0.000000,0
2026-07-29 19:04:00,64526.70,64548.10,64457.70,64465.30,163.439000,2457,31.768000,131.671000,64494.41,103275.57,0.00008422,0.000000,0.000000,0
2026-07-29 19:05:00,64465.40,64469.30,64418.20,64440.60,179.272000,1339,77.213000,102.059000,64439.41,103247.52,0.00008405,0.000000,0.000000,0
2026-07-29 19:06:00,64440.60,64450.00,64386.60,64425.30,176.228000,1927,52.795000,123.433000,64416.73,103255.10,0.00008405,0.000000,0.016000,0
2026-07-29 19:07:00,64425.20,64442.90,64366.10,64379.30,298.177000,2374,119.412000,178.765000,64397.72,103248.23,0.00008378,0.000000,0.079000,0
2026-07-29 19:08:00,64379.30,64379.40,64251.40,64251.50,339.987000,2793,77.499000,262.488000,64316.83,103224.13,0.00008362,0.000000,3.660000,0
2026-07-29 19:09:00,64251.50,64326.50,64238.90,64246.10,203.843000,2303,99.112000,104.731000,64270.06,103225.34,0.00008345,0.000000,0.017000,0
2026-07-29 19:10:00,64246.00,64291.20,64201.20,64201.70,267.955000,2184,65.186000,202.769000,64253.56,103190.15,0.00008345,0.000000,2.599000,0
2026-07-29 19:11:00,64201.60,64220.00,64151.00,64198.70,367.618000,2549,165.383000,202.235000,64189.96,103212.95,0.00008415,0.000000,4.679000,0
2026-07-29 19:12:00,64198.70,64271.40,64189.80,64271.30,199.051000,2104,117.488000,81.563000,64222.04,103200.35,0.00008391,0.000000,0.003000,0
2026-07-29 19:13:00,64271.40,64327.50,64271.40,64301.00,144.147000,1908,81.137000,63.010000,64300.72,103180.47,0.00008391,0.000000,0.000000,0
2026-07-29 19:14:00,64301.10,64322.00,64278.60,64278.60,94.491000,1086,32.211000,62.280000,64302.50,103162.92,0.00008481,0.000000,0.000000,0
2026-07-29 19:15:00,64278.40,64297.30,64221.70,64259.00,379.090000,2151,121.273000,257.817000,64257.20,103115.78,0.00008607,0.000000,0.000000,0
2026-07-29 19:16:00,64259.00,64340.30,64231.30,64340.30,117.285000,2200,62.792000,54.493000,64291.52,103127.52,0.00008607,0.000000,0.000000,0
2026-07-29 19:17:00,64340.40,64393.90,64334.30,64352.20,287.451000,2985,191.418000,96.033000,64365.59,103068.65,0.00008610,0.334000,0.000000,0
2026-07-29 19:18:00,64352.20,64362.70,64257.20,64271.30,135.707000,2333,32.233000,103.474000,64307.90,103081.81,0.00008650,0.001000,0.000000,0
2026-07-29 19:19:00,64271.30,64282.20,64203.30,64213.70,173.485000,2446,76.876000,96.609000,64247.39,103096.23,0.00008608,0.000000,0.035000,0
2026-07-29 19:20:00,64213.70,64242.20,64186.40,64242.20,88.121000,1971,32.254000,55.867000,64211.94,103100.11,0.00008608,0.000000,0.000000,0
2026-07-29 19:21:00,64242.20,64246.20,64160.70,64160.70,135.301000,1904,51.859000,83.442000,64188.74,103088.21,0.00008590,0.000000,0.986000,0
2026-07-29 19:22:00,64160.70,64164.00,64056.40,64145.10,363.100000,3745,184.229000,178.871000,64099.60,103076.86,0.00008601,0.000000,5.730000,0
2026-07-29 19:23:00,64145.10,64145.10,64055.70,64125.10,255.690000,2391,125.528000,130.162000,64087.73,103039.58,0.00008601,0.000000,0.023000,0
2026-07-29 19:24:00,64125.00,64127.30,64061.10,64123.70,179.274000,2451,80.797000,98.477000,64097.13,102996.86,0.00008595,0.000000,0.000000,0
2026-07-29 19:25:00,64123.80,64142.40,64091.70,64119.30,162.860000,2046,69.556000,93.304000,64115.64,102979.72,0.00008636,0.000000,0.000000,0
2026-07-29 19:26:00,64119.20,64131.20,64037.70,64037.80,177.253000,2020,61.707000,115.546000,64082.66,102949.87,0.00008636,0.000000,0.007000,0
2026-07-29 19:27:00,64037.70,64037.80,63975.00,64004.10,401.041000,2997,142.573000,258.468000,64000.47,102894.62,0.00008663,0.000000,0.095000,0
2026-07-29 19:28:00,64004.00,64004.10,63960.00,63980.00,215.417000,1771,97.427000,117.990000,63982.64,102921.20,0.00008634,0.000000,0.008000,0
2026-07-29 19:29:00,63980.10,63980.10,63931.80,63948.70,181.282000,1830,81.540000,99.742000,63953.27,102923.30,0.00008640,0.000000,0.032000,0
2026-07-29 19:30:00,63948.70,64015.00,63941.40,64010.80,190.703000,1943,141.634000,49.069000,63979.91,102924.21,0.00008640,0.000000,0.000000,0
2026-07-29 19:31:00,64010.80,64093.30,63989.60,64079.10,228.178000,2882,159.967000,68.211000,64039.25,102876.06,0.00008624,0.000000,0.000000,0
2026-07-29 19:32:00,64079.20,64095.70,64010.30,64066.80,253.457000,1886,137.211000,116.246000,64060.06,102908.88,0.00008691,0.000000,0.000000,0
2026-07-29 19:33:00,64066.80,64066.80,63965.40,63972.80,165.915000,1809,56.788000,109.127000,64006.87,102913.23,0.00008691,0.000000,0.000000,0
2026-07-29 19:34:00,63972.90,64002.00,63882.00,63882.00,252.533000,2472,85.023000,167.510000,63932.72,102891.24,0.00008684,0.000000,0.101000,0
2026-07-29 19:35:00,63882.00,63938.40,63849.10,63938.40,292.142000,2455,185.614000,106.528000,63885.68,102837.96,0.00008680,0.000000,0.087000,0
2026-07-29 19:36:00,63938.40,63951.50,63903.10,63936.00,86.608000,1051,53.663000,32.945000,63928.41,102842.29,0.00008680,0.000000,0.000000,0
2026-07-29 19:37:00,63936.00,64003.70,63910.30,64003.70,128.515000,1787,87.410000,41.105000,63949.22,102857.34,0.00008693,0.000000,0.000000,0
2026-07-29 19:38:00,64003.60,64017.40,63949.20,63982.10,81.635000,1267,43.832000,37.803000,63994.95,102845.50,0.00008726,0.000000,0.000000,0
2026-07-29 19:39:00,63982.10,63982.10,63915.00,63915.00,77.310000,1292,38.399000,38.911000,63952.62,102866.49,0.00008752,0.000000,0.000000,0
2026-07-29 19:40:00,63915.10,63918.60,63863.10,63875.70,156.420000,1730,79.060000,77.360000,63893.17,102851.49,0.00008752,0.080000,0.000000,0
2026-07-29 19:41:00,63875.60,63886.60,63820.20,63886.50,259.792000,2862,112.294000,147.498000,63849.22,102870.04,0.00008742,0.000000,0.242000,0
2026-07-29 19:42:00,63886.60,63939.90,63859.30,63872.40,156.600000,2142,97.978000,58.622000,63906.42,102886.22,0.00008721,0.000000,0.000000,0
2026-07-29 19:43:00,63872.30,63907.90,63860.40,63894.70,102.259000,2048,72.018000,30.241000,63884.36,102886.64,0.00008721,0.000000,0.000000,0
2026-07-29 19:44:00,63894.60,63926.40,63860.80,63919.00,181.102000,1545,137.439000,43.663000,63890.54,102873.82,0.00008751,0.000000,0.000000,0
2026-07-29 19:45:00,63919.10,63921.00,63831.40,63853.50,84.749000,1617,37.761000,46.988000,63852.81,102863.84,0.00008776,0.000000,0.000000,0
2026-07-29 19:46:00,63853.60,63882.10,63712.00,63717.20,330.883000,3449,113.711000,217.172000,63790.27,102879.96,0.00008776,0.000000,1.137000,0
2026-07-29 19:47:00,63718.30,63770.30,63672.40,63714.80,646.462000,4194,164.853000,481.609000,63723.92,102771.45,0.00008794,0.000000,2.321000,0
2026-07-29 19:48:00,63714.80,63724.80,63483.90,63522.80,1483.749000,7151,481.111000,1002.638000,63579.16,102802.97,0.00008811,0.000000,54.247000,0
2026-07-29 19:49:00,63522.80,63666.60,63522.70,63621.40,522.969000,4844,348.354000,174.615000,63624.84,102768.10,0.00008806,0.000000,0.031000,0
2026-07-29 19:50:00,63621.30,63703.00,63613.60,63691.30,227.544000,2109,158.465000,69.079000,63667.25,102799.27,0.00008806,0.022000,0.000000,0
2026-07-29 19:51:00,63691.40,63691.40,63600.20,63634.00,291.183000,4342,135.322000,155.861000,63650.61,102804.22,0.00008887,0.000000,0.000000,0
2026-07-29 19:52:00,63634.10,63644.60,63520.20,63637.30,280.158000,2898,154.483000,125.675000,63573.81,102781.53,0.00008886,0.000000,0.319000,0
2026-07-29 19:53:00,63637.40,63637.40,63531.30,63615.30,320.812000,2877,197.550000,123.262000,63579.85,102777.20,0.00008886,0.000000,0.500000,0
2026-07-29 19:54:00,63615.40,63638.40,63588.40,63618.50,125.888000,1564,53.970000,71.918000,63616.53,102790.19,0.00008891,0.000000,0.000000,0
2026-07-29 19:55:00,63618.40,63639.40,63600.10,63628.80,182.061000,1691,90.930000,91.131000,63618.03,102805.62,0.00008906,0.000000,0.000000,0
2026-07-29 19:56:00,63628.70,63641.70,63577.40,63639.40,281.952000,2327,193.459000,88.493000,63612.40,102805.62,0.00008906,0.000000,0.000000,0
2026-07-29 19:57:00,63639.50,63652.10,63619.10,63623.70,86.834000,866,43.751000,43.083000,63636.63,102754.27,0.00008918,0.000000,0.000000,0
2026-07-29 19:58:00,63623.80,63627.00,63593.00,63593.00,86.349000,888,50.633000,35.716000,63615.63,102741.62,0.00008952,0.000000,0.065000,0
2026-07-29 19:59:00,63593.10,63593.10,63550.20,63585.10,295.550000,2082,142.631000,152.919000,63579.85,102765.73,0.00008947,0.000000,0.000000,0
2026-07-29 20:00:00,63585.30,63589.40,63529.40,63558.90,276.733000,2494,144.376000,132.357000,63557.22,102759.71,0.00008947,0.000000,0.001000,0
2026-07-29 20:01:00,63558.70,63583.90,63462.00,63537.80,537.953000,4329,180.805000,357.148000,63502.50,102718.83,0.00008949,0.000000,0.800000,0
2026-07-29 20:02:00,63537.90,63589.20,63488.70,63502.10,557.495000,4891,371.824000,185.671000,63545.48,102770.54,0.00009004,0.300000,0.000000,0
2026-07-29 20:03:00,63502.10,63507.60,63372.70,63499.90,597.840000,5454,184.761000,413.079000,63430.80,102798.65,0.00009004,0.000000,6.344000,0
2026-07-29 20:04:00,63500.00,63533.80,63450.40,63533.70,152.241000,2530,104.764000,47.477000,63495.33,102789.90,0.00009012,0.000000,0.000000,0
2026-07-29 20:05:00,63533.80,63533.80,63431.20,63482.00,163.073000,2085,78.830000,84.243000,63476.07,102823.81,0.00009043,0.060000,0.000000,0
2026-07-29 20:06:00,63481.90,63546.90,63473.30,63509.10,188.198000,2833,130.405000,57.793000,63510.98,102836.21,0.00009043,0.000000,0.000000,0
2026-07-29 20:07:00,63508.90,63583.50,63473.30,63574.60,178.015000,2261,118.831000,59.184000,63534.78,102836.73,0.00009072,0.000000,0.000000,0
2026-07-29 20:08:00,63574.60,63582.00,63542.40,63542.40,235.644000,1678,84.779000,150.865000,63565.15,102859.53,0.00009110,0.000000,0.000000,0
2026-07-29 20:09:00,63542.30,63542.30,63409.90,63409.90,201.167000,2111,49.232000,151.935000,63463.56,102823.80,0.00009167,0.000000,0.618000,0
2026-07-29 20:10:00,63409.90,63437.90,63336.00,63346.80,349.490000,2030,75.792000,273.698000,63381.43,102835.23,0.00009167,0.000000,1.206000,0
2026-07-29 20:11:00,63346.80,63436.70,63346.80,63436.60,582.199000,3005,455.587000,126.612000,63383.54,102849.08,0.00009141,0.086000,0.565000,0
2026-07-29 20:12:00,63436.60,63508.40,63436.60,63500.40,201.798000,1715,115.588000,86.210000,63478.80,102792.93,0.00009149,0.000000,0.000000,0
2026-07-29 20:13:00,63500.50,63523.80,63465.40,63519.00,135.964000,1266,70.514000,65.450000,63487.62,102774.21,0.00009149,0.000000,0.000000,0
2026-07-29 20:14:00,63519.10,63623.80,63519.00,63580.30,349.885000,2500,260.017000,89.868000,63579.27,102785.58,0.00009206,0.009000,0.000000,0
2026-07-29 20:15:00,63580.30,63595.10,63574.50,63585.40,83.982000,1039,46.630000,37.352000,63582.35,102757.08,0.00009236,0.000000,0.000000,0
2026-07-29 20:16:00,63585.50,63632.00,63571.30,63630.60,118.018000,1262,77.341000,40.677000,63593.63,102757.03,0.00009246,0.019000,0.000000,0
2026-07-29 20:17:00,63630.70,63691.20,63628.40,63647.40,330.020000,2205,236.997000,93.023000,63661.97,102759.09,0.00009246,0.080000,0.000000,0
2026-07-29 20:18:00,63647.30,63701.30,63639.40,63675.70,332.362000,2032,239.116000,93.246000,63678.31,102695.82,0.00009290,0.387000,0.000000,0
2026-07-29 20:19:00,63675.80,63693.50,63621.60,63621.60,367.305000,1836,152.721000,214.584000,63664.90,102601.35,0.00009270,0.000000,0.000000,0
2026-07-29 20:20:00,63621.50,63650.00,63581.40,63618.30,262.185000,1791,66.796000,195.389000,63603.23,102657.79,0.00009270,0.000000,0.000000,0
2026-07-29 20:21:00,63618.40,63662.30,63615.80,63623.00,90.035000,1263,42.008000,48.027000,63636.03,102653.65,0.00009240,0.000000,0.000000,0
2026-07-29 20:22:00,63623.00,63672.20,63601.70,63664.20,83.827000,1220,48.317000,35.510000,63635.28,102651.13,0.00009285,0.000000,0.000000,0
2026-07-29 20:23:00,63664.30,63677.00,63626.40,63635.70,50.549000,1108,25.972000,24.577000,63652.60,102652.40,0.00009285,0.000000,0.000000,0
2026-07-29 20:24:00,63635.70,63665.00,63626.40,63638.80,184.271000,1187,138.175000,46.096000,63641.62,102656.63,0.00009299,0.000000,0.000000,0
2026-07-29 20:25:00,63638.70,63638.80,63580.20,63589.00,99.323000,884,14.115000,85.208000,63600.51,102701.59,0.00009300,0.000000,0.000000,0
2026-07-29 20:26:00,63589.10,63610.00,63556.30,63556.40,175.993000,938,106.181000,69.812000,63588.71,102702.84,0.00009273,0.000000,0.000000,0
2026-07-29 20:27:00,63556.30,63556.40,63486.50,63517.40,166.859000,1521,73.015000,93.844000,63513.17,102726.83,0.00009273,0.000000,0.467000,0
2026-07-29 20:28:00,63517.50,63517.50,63429.10,63430.00,114.793000,1208,42.765000,72.028000,63458.07,102770.47,0.00009230,0.000000,0.295000,0
2026-07-29 20:29:00,63430.10,63458.70,63371.60,63458.70,215.398000,2377,78.005000,137.393000,63398.10,102757.21,0.00009173,0.000000,1.656000,0
2026-07-29 20:30:00,63458.60,63506.20,63458.60,63500.00,83.446000,974,53.751000,29.695000,63496.76,102751.57,0.00009173,0.000000,0.000000,0
2026-07-29 20:31:00,63500.10,63520.00,63470.40,63520.00,101.056000,1502,37.980000,63.076000,63496.58,102747.21,0.00009174,0.000000,0.000000,0
2026-07-29 20:32:00,63520.00,63520.00,63475.90,63499.70,133.703000,1093,44.669000,89.034000,63497.09,102726.46,0.00009166,0.000000,0.000000,0
2026-07-29 20:33:00,63499.70,63547.70,63499.50,63547.10,153.711000,1338,76.335000,77.376000,63523.26,102683.98,0.00009180,0.000000,0.000000,0
2026-07-29 20:34:00,63547.00,63547.20,63491.20,63529.60,77.745000,1185,41.689000,36.056000,63517.51,102720.34,0.00009180,0.000000,0.000000,0
2026-07-29 20:35:00,63529.60,63562.20,63526.20,63555.30,77.663000,1056,23.248000,54.415000,63548.49,102716.54,0.00009203,0.000000,0.000000,0
2026-07-29 20:36:00,63555.20,63621.30,63553.20,63610.60,144.433000,1486,77.904000,66.529000,63603.94,102712.27,0.00009220,0.414000,0.000000,0
2026-07-29 20:37:00,63610.50,63616.40,63569.70,63580.10,207.758000,874,36.533000,171.225000,63599.81,102682.93,0.00009220,0.000000,0.000000,0
2026-07-29 20:38:00,63580.00,63607.80,63566.70,63607.70,69.115000,901,39.430000,29.685000,63584.25,102785.71,0.00009225,0.000000,0.000000,0
2026-07-29 20:39:00,63607.80,63664.10,63602.50,63664.10,182.692000,982,148.717000,33.975000,63631.28,102783.90,0.00009179,0.058000,0.000000,0
2026-07-29 20:40:00,63664.00,63681.90,63664.00,63667.20,67.111000,840,35.179000,31.932000,63674.38,102745.28,0.00009179,0.003000,0.000000,0
2026-07-29 20:41:00,63667.30,63721.00,63667.20,63692.40,152.030000,920,116.817000,35.213000,63695.08,102735.71,0.00009188,0.000000,0.000000,0
2026-07-29 20:42:00,63692.50,63692.50,63629.30,63642.70,68.133000,1038,17.225000,50.908000,63647.38,102750.06,0.00009192,0.000000,0.000000,0
2026-07-29 20:43:00,63642.60,63657.90,63602.50,63613.10,126.162000,858,17.315000,108.847000,63617.49,102751.88,0.00009168,0.000000,0.000000,0
2026-07-29 20:44:00,63613.20,63645.20,63583.90,63645.20,60.031000,832,21.127000,38.904000,63600.24,102789.65,0.00009168,0.000000,0.000000,0
2026-07-29 20:45:00,63645.10,63645.10,63558.40,63562.20,134.818000,1061,19.274000,115.544000,63593.49,102784.67,0.00009116,0.000000,0.000000,0
2026-07-29 20:46:00,63562.20,63584.00,63531.40,63583.70,56.655000,1165,24.067000,32.588000,63556.34,102781.19,0.00009081,0.000000,0.000000,0
2026-07-29 20:47:00,63583.60,63583.60,63538.10,63540.20,83.973000,935,56.698000,27.275000,63550.13,102778.37,0.00009081,0.000000,0.000000,0
2026-07-29 20:48:00,63540.20,63540.30,63526.40,63536.30,52.615000,480,18.958000,33.657000,63534.93,102769.19,0.00009055,0.000000,0.000000,0
2026-07-29 20:49:00,63536.40,63578.20,63491.70,63491.70,61.490000,1279,14.349000,47.141000,63529.26,102757.01,0.00008993,0.000000,0.001000,0
2026-07-29 20:50:00,63491.70,63515.80,63488.80,63497.60,49.868000,894,26.438000,23.430000,63501.41,102746.10,0.00008944,0.000000,0.000000,0
2026-07-29 20:51:00,63497.60,63510.60,63489.10,63507.60,45.562000,467,19.604000,25.958000,63500.39,102746.60,0.00008944,0.000000,0.000000,0
2026-07-29 20:52:00,63507.70,63526.00,63503.40,63514.80,37.388000,503,22.202000,15.186000,63518.15,102757.58,0.00008909,0.000000,0.000000,0
2026-07-29 20:53:00,63514.60,63536.50,63467.50,63528.40,131.643000,1071,21.918000,109.725000,63494.43,102809.01,0.00008891,0.000000,0.000000,0
2026-07-29 20:54:00,63528.30,63547.10,63514.20,63514.20,57.740000,675,17.538000,40.202000,63539.73,102806.79,0.00008891,0.000000,0.000000,0
2026-07-29 20:55:00,63514.20,63535.90,63514.20,63535.90,31.237000,354,20.277000,10.960000,63524.69,102802.37,0.00008880,0.000000,0.000000,0
2026-07-29 20:56:00,63535.90,63550.00,63481.20,63481.30,36.031000,829,10.512000,25.519000,63521.73,102804.52,0.00008857,0.000000,0.000000,0
2026-07-29 20:57:00,63481.20,63492.50,63445.00,63492.50,53.032000,840,22.748000,30.284000,63467.90,102798.12,0.00008857,0.000000,0.112000,0
2026-07-29 20:58:00,63492.50,63497.00,63478.40,63478.70,34.688000,674,22.622000,12.066000,63483.87,102799.64,0.00008840,0.000000,0.000000,0
2026-07-29 20:59:00,63478.70,63478.70,63447.60,63463.60,67.172000,1044,23.190000,43.982000,63465.40,102798.68,0.00008859,0.000000,0.000000,0
2026-07-29 21:00:00,63463.50,63497.80,63456.00,63487.80,35.040000,544,20.626000,14.414000,63477.51,102789.45,0.00008865,0.000000,0.000000,0
2026-07-29 21:01:00,63487.90,63500.10,63426.80,63500.10,120.706000,1354,39.080000,81.626000,63464.38,102822.62,0.00008865,0.000000,0.000000,0
2026-07-29 21:02:00,63500.00,63500.10,63455.00,63455.00,50.061000,660,18.757000,31.304000,63474.34,102830.25,0.00008884,0.000000,0.000000,0
2026-07-29 21:03:00,63455.00,63465.70,63440.80,63460.20,66.558000,749,43.378000,23.180000,63452.01,102835.80,0.00008869,0.000000,0.000000,0
2026-07-29 21:04:00,63460.30,63460.30,63333.10,63353.50,365.720000,1811,37.286000,328.434000,63391.49,102828.35,0.00008869,0.000000,0.376000,0
2026-07-29 21:05:00,63353.50,63413.30,63259.50,63298.60,594.896000,3261,268.105000,326.791000,63333.50,102958.38,0.00008835,0.000000,2.249000,0
2026-07-29 21:06:00,63298.70,63344.00,63234.00,63341.90,702.711000,3844,455.834000,246.877000,63288.02,103029.35,0.00008783,0.000000,21.676000,0
2026-07-29 21:07:00,63341.80,63382.40,63336.00,63341.50,222.667000,1336,85.015000,137.652000,63360.08,102902.48,0.00008783,0.000000,0.000000,0
2026-07-29 21:08:00,63341.50,63345.10,63268.40,63338.80,553.309000,1798,240.247000,313.062000,63305.62,102957.56,0.00008728,0.000000,0.001000,0
2026-07-29 21:09:00,63338.90,63343.60,63246.00,63285.20,336.717000,1794,66.681000,270.036000,63284.80,103022.79,0.00008691,0.000000,0.387000,0
2026-07-29 21:10:00,63285.20,63320.00,63285.10,63319.90,261.410000,535,231.185000,30.225000,63301.12,103057.23,0.00008691,0.000000,0.000000,0
2026-07-29 21:11:00,63320.00,63429.10,63319.90,63421.10,295.718000,1607,237.547000,58.171000,63392.11,103168.17,0.00008680,0.049000,0.000000,0
2026-07-29 21:12:00,63421.00,63421.10,63386.00,63397.70,32.754000,570,9.598000,23.156000,63401.79,103218.17,0.00008674,0.000000,0.000000,0
2026-07-29 21:13:00,63397.60,63431.90,63390.00,63431.80,54.375000,587,39.016000,15.359000,63406.74,103222.90,0.00008623,0.000000,0.000000,0
2026-07-29 21:14:00,63431.90,63466.00,63431.80,63450.90,60.141000,726,30.107000,30.034000,63454.07,103218.96,0.00008623,0.000000,0.000000,0
2026-07-29 21:15:00,63450.90,63465.60,63448.10,63460.00,42.158000,315,10.975000,31.183000,63456.02,103215.78,0.00008619,0.268000,0.000000,0
2026-07-29 21:16:00,63459.90,63459.90,63406.00,63411.20,74.554000,1049,22.009000,52.545000,63432.19,103203.17,0.00008584,0.000000,0.008000,0
2026-07-29 21:17:00,63411.20,63411.30,63380.00,63381.00,58.135000,603,12.470000,45.665000,63393.06,103189.88,0.00008584,0.000000,0.049000,0
2026-07-29 21:18:00,63381.10,63381.10,63339.60,63339.60,89.450000,522,28.888000,60.562000,63361.88,103188.54,0.00008507,0.000000,0.000000,0
2026-07-29 21:19:00,63339.60,63383.30,63339.60,63376.80,204.266000,817,173.710000,30.556000,63351.50,103273.60,0.00008411,0.000000,0.000000,0
2026-07-29 21:20:00,63376.80,63424.70,63376.70,63421.80,95.871000,678,33.326000,62.545000,63403.81,103279.71,0.00008411,0.000000,0.000000,0
2026-07-29 21:21:00,63421.80,63472.30,63421.70,63446.10,153.037000,759,128.126000,24.911000,63435.29,103322.24,0.00008334,0.000000,0.000000,0
2026-07-29 21:22:00,63446.10,63452.90,63428.10,63445.50,57.196000,461,32.748000,24.448000,63437.00,103324.46,0.00008322,0.000000,0.000000,0
2026-07-29 21:23:00,63445.60,63459.30,63445.00,63459.30,36.902000,311,23.786000,13.116000,63453.26,103321.79,0.00008241,0.000000,0.000000,0
2026-07-29 21:24:00,63459.30,63479.90,63442.70,63479.90,74.911000,647,24.039000,50.872000,63454.88,103326.21,0.00008241,0.000000,0.000000,0
2026-07-29 21:25:00,63479.80,63485.40,63457.30,63485.40,76.225000,646,64.072000,12.153000,63477.83,103323.71,0.00008204,0.000000,0.000000,0
2026-07-29 21:26:00,63485.40,63487.20,63464.00,63464.10,43.748000,346,16.412000,27.336000,63475.47,103326.96,0.00008190,0.000000,0.000000,0
2026-07-29 21:27:00,63464.10,63464.10,63437.40,63461.30,38.699000,432,21.682000,17.017000,63451.13,103330.93,0.00008190,0.000000,0.000000,0
2026-07-29 21:28:00,63461.20,63500.50,63461.20,63500.50,52.147000,483,39.542000,12.605000,63489.27,103339.72,0.00008133,0.000000,0.000000,0
2026-07-29 21:29:00,63500.40,63526.70,63500.00,63500.00,58.352000,617,35.004000,23.348000,63517.13,103351.16,0.00008136,0.000000,0.000000,0
2026-07-29 21:30:00,63500.10,63549.60,63500.00,63539.60,86.103000,686,59.974000,26.129000,63527.01,103352.46,0.00008136,0.317000,0.000000,0
2026-07-29 21:31:00,63539.50,63549.40,63506.70,63537.00,147.809000,958,29.262000,118.547000,63531.53,103312.96,0.00008119,0.000000,0.000000,0
2026-07-29 21:32:00,63537.00,63537.00,63516.00,63516.50,44.599000,502,22.727000,21.872000,63529.50,103317.46,0.00008134,0.000000,0.000000,0
2026-07-29 21:33:00,63516.60,63564.10,63516.50,63564.10,40.287000,515,30.525000,9.762000,63536.25,103321.27,0.00008095,0.000000,0.000000,0
2026-07-29 21:34:00,63564.10,63575.50,63549.70,63559.90,70.199000,580,46.288000,23.911000,63565.23,103323.52,0.00008095,0.011000,0.000000,0
2026-07-29 21:35:00,63559.80,63559.90,63547.00,63551.50,36.414000,388,21.770000,14.644000,63555.55,103319.10,0.00008078,0.000000,0.000000,0
2026-07-29 21:36:00,63551.60,63562.70,63504.90,63520.10,102.297000,828,29.787000,72.510000,63529.76,103325.18,0.00008025,0.000000,0.000000,0
2026-07-29 21:37:00,63520.10,63529.60,63520.00,63529.60,20.997000,234,14.703000,6.294000,63520.96,103291.43,0.00008025,0.000000,0.000000,0
2026-07-29 21:38:00,63529.60,63555.60,63522.00,63546.70,110.479000,697,87.586000,22.893000,63540.22,103298.08,0.00007969,0.002000,0.000000,0
2026-07-29 21:39:00,63546.60,63605.70,63546.60,63590.80,90.426000,856,60.970000,29.456000,63582.22,103315.33,0.00007941,0.038000,0.000000,0
2026-07-29 21:40:00,63590.90,63607.40,63577.10,63582.50,53.198000,665,30.574000,22.624000,63591.82,103300.72,0.00007941,0.000000,0.004000,0
2026-07-29 21:41:00,63582.40,63611.00,63570.70,63611.00,48.014000,627,32.521000,15.493000,63585.30,103300.83,0.00007912,0.000000,0.375000,0
2026-07-29 21:42:00,63611.00,63611.00,63582.80,63596.50,97.776000,646,62.880000,34.896000,63593.16,103306.98,0.00007863,0.000000,0.000000,0
2026-07-29 21:43:00,63596.50,63596.50,63556.50,63556.50,75.320000,646,15.723000,59.597000,63573.79,103328.91,0.00007830,0.005000,0.000000,0
2026-07-29 21:44:00,63556.40,63562.90,63523.10,63560.00,76.037000,1040,38.680000,37.357000,63543.37,103326.00,0.00007830,0.000000,0.000000,0
2026-07-29 21:45:00,63560.00,63560.00,63509.50,63534.00,108.902000,2224,46.180000,62.722000,63538.77,103323.94,0.00007763,0.000000,0.000000,0
2026-07-29 21:46:00,63534.00,63550.10,63500.60,63527.60,113.263000,1641,33.873000,79.390000,63522.46,103310.89,0.00007712,0.000000,0.000000,0
2026-07-29 21:47:00,63527.50,63552.90,63523.50,63548.80,30.353000,372,20.853000,9.500000,63531.76,103331.51,0.00007712,0.000000,0.000000,0
2026-07-29 21:48:00,63548.90,63548.90,63516.50,63535.20,36.146000,493,9.756000,26.390000,63532.79,103331.57,0.00007653,0.000000,0.000000,0
2026-07-29 21:49:00,63535.20,63643.90,63535.10,63640.90,1057.451000,1544,993.665000,63.786000,63587.58,103224.55,0.00007627,0.085000,0.000000,0
2026-07-29 21:50:00,63640.90,63640.90,63589.90,63589.90,146.534000,2154,59.453000,87.081000,63614.97,103298.83,0.00007594,0.000000,0.000000,0
2026-07-29 21:51:00,63589.80,63620.00,63581.50,63596.60,74.251000,1056,34.718000,39.533000,63602.39,103281.95,0.00007594,0.000000,0.001000,0
2026-07-29 21:52:00,63596.60,63619.00,63596.50,63611.80,35.684000,374,22.714000,12.970000,63606.73,103288.09,0.00007537,0.000000,0.000000,0
2026-07-29 21:53:00,63611.80,63747.40,63611.80,63733.00,887.197000,2918,591.668000,295.529000,63689.20,103257.48,0.00007516,0.959000,0.000000,0
2026-07-29 21:54:00,63732.90,63775.50,63705.40,63722.60,254.741000,2103,187.437000,67.304000,63738.67,103086.50,0.00007516,0.046000,0.000000,0
2026-07-29 21:55:00,63722.50,63731.30,63700.00,63709.10,59.792000,548,39.158000,20.634000,63714.26,103128.79,0.00007507,0.000000,0.000000,0
2026-07-29 21:56:00,63709.00,63713.50,63674.70,63702.00,74.919000,683,35.971000,38.948000,63696.66,103160.07,0.00007429,0.000000,0.000000,0
2026-07-29 21:57:00,63702.10,63702.10,63692.90,63702.10,29.499000,252,13.443000,16.056000,63698.02,103166.15,0.00007429,0.000000,0.000000,0
2026-07-29 21:58:00,63702.00,63748.30,63701.90,63748.20,75.341000,662,54.425000,20.916000,63717.70,103161.27,0.00007386,0.000000,0.000000,0
2026-07-29 21:59:00,63748.20,63815.90,63748.20,63815.80,190.081000,1066,146.470000,43.611000,63782.08,103150.89,0.00007357,0.753000,0.000000,0
2026-07-29 22:00:00,63815.90,63831.80,63797.60,63831.10,214.249000,1020,114.312000,99.937000,63816.72,103157.80,0.00007348,0.048000,0.000000,0
2026-07-29 22:01:00,63831.20,63885.10,63831.10,63853.80,377.320000,1958,237.694000,139.626000,63861.40,103132.49,0.00007348,0.092000,0.000000,0
2026-07-29 22:02:00,63853.80,63980.80,63847.70,63877.70,803.233000,3236,572.201000,231.032000,63907.21,103041.59,0.00007323,2.089000,0.000000,0
2026-07-29 22:03:00,63877.70,63907.30,63874.00,63906.10,218.857000,1345,97.753000,121.104000,63891.40,103023.90,0.00007296,0.000000,0.000000,0
2026-07-29 22:04:00,63906.10,63950.00,63882.20,63923.20,260.028000,1394,182.967000,77.061000,63919.44,103064.20,0.00007296,0.000000,0.000000,0
2026-07-29 22:05:00,63923.20,63923.30,63882.70,63884.70,231.063000,896,57.144000,173.919000,63898.34,103030.25,0.00007264,0.000000,0.000000,0
2026-07-29 22:06:00,63884.70,64041.30,63884.70,64016.10,720.249000,3525,502.133000,218.116000,63961.05,103120.30,0.00007236,1.742000,0.000000,0
2026-07-29 22:07:00,64016.20,64078.40,64008.50,64009.80,365.463000,1887,229.780000,135.683000,64040.06,103181.04,0.00007215,1.225000,0.000000,0
2026-07-29 22:08:00,64009.90,64009.90,63927.60,63930.50,202.854000,2032,51.616000,151.238000,63958.26,103182.78,0.00007215,0.000000,0.000000,0
2026-07-29 22:09:00,63930.50,63994.60,63930.50,63970.10,85.601000,920,49.894000,35.707000,63972.85,103178.91,0.00007173,0.000000,0.000000,0
2026-07-29 22:10:00,63970.10,63996.80,63942.00,63944.60,99.438000,787,41.542000,57.896000,63968.24,103175.11,0.00007144,0.000000,0.000000,0
2026-07-29 22:11:00,63944.50,64012.70,63944.50,64010.90,81.174000,842,46.664000,34.510000,63981.13,103181.83,0.00007144,0.000000,0.000000,0
2026-07-29 22:12:00,64010.90,64082.80,63995.50,63995.50,216.310000,1730,103.624000,112.686000,64046.81,103228.92,0.00007115,0.070000,0.000000,0
2026-07-29 22:13:00,63995.50,64054.80,63980.00,64054.80,128.187000,1481,72.655000,55.532000,64014.00,103249.49,0.00007138,0.016000,0.001000,0
2026-07-29 22:14:00,64054.70,64060.70,64028.80,64028.90,197.978000,851,87.010000,110.968000,64047.66,103338.04,0.00007138,0.000000,0.000000,0
2026-07-29 22:15:00,64028.90,64028.90,63979.10,63991.60,102.952000,725,35.387000,67.565000,63998.19,103360.00,0.00007132,0.000000,0.000000,0
2026-07-29 22:16:00,63991.50,63998.60,63948.60,63948.60,126.630000,1101,40.759000,85.871000,63968.41,103384.41,0.00007130,0.000000,0.000000,0
2026-07-29 22:17:00,63948.60,64014.00,63948.20,63995.90,124.564000,1119,89.139000,35.425000,63976.68,103415.79,0.00007119,0.000000,0.000000,0
2026-07-29 22:18:00,63995.90,64075.00,63991.90,64047.20,437.115000,1403,293.533000,143.582000,64036.29,103638.88,0.00007119,0.000000,0.000000,0
2026-07-29 22:19:00,64047.20,64047.30,64025.70,64032.10,92.150000,664,33.775000,58.375000,64039.67,103543.10,0.00007110,0.000000,0.000000,0
2026-07-29 22:20:00,64032.00,64108.40,64032.00,64080.00,472.816000,1565,300.579000,172.237000,64086.66,103700.42,0.00007132,0.089000,0.000000,0
2026-07-29 22:21:00,64080.00,64083.60,64047.30,64049.60,148.330000,509,27.312000,121.018000,64054.59,103710.49,0.00007132,0.000000,0.000000,0
2026-07-29 22:22:00,64049.60,64049.60,64032.00,64037.70,76.922000,480,36.998000,39.924000,64037.53,103700.63,0.00007160,0.000000,0.000000,0
2026-07-29 22:23:00,64037.70,64058.60,63992.90,63992.90,220.455000,1050,37.114000,183.341000,64023.35,103710.69,0.00007151,0.000000,0.000000,0
2026-07-29 22:24:00,63992.90,64010.00,63992.90,64000.00,41.447000,534,14.834000,26.613000,64000.32,103699.86,0.00007151,0.000000,0.000000,0
2026-07-29 22:25:00,64000.00,64000.10,63972.70,63975.80,104.488000,502,29.732000,74.756000,63980.20,103709.77,0.00007167,0.000000,0.000000,0
2026-07-29 22:26:00,63975.80,63999.30,63952.90,63999.20,133.925000,1122,58.108000,75.817000,63976.62,103738.47,0.00007158,0.000000,0.000000,0
2026-07-29 22:27:00,63999.20,64010.00,63990.00,63992.10,44.923000,574,14.512000,30.411000,63998.22,103744.83,0.00007173,0.000000,0.000000,0
2026-07-29 22:28:00,63992.10,63995.00,63990.00,63995.00,47.000000,209,25.802000,21.198000,63991.20,103742.54,0.00007173,0.000000,0.000000,0
2026-07-29 22:29:00,63994.80,64009.80,63969.20,63969.40,94.014000,709,13.376000,80.638000,63988.78,103739.27,0.00007170,0.000000,0.000000,0
2026-07-29 22:30:00,63969.40,64016.60,63969.40,64016.50,33.576000,442,20.536000,13.040000,63996.03,103730.91,0.00007178,0.000000,0.000000,0
2026-07-29 22:31:00,64016.60,64033.20,63944.50,63949.40,258.069000,958,46.388000,211.681000,64000.25,103746.65,0.00007178,0.000000,0.000000,0
2026-07-29 22:32:00,63949.50,63968.70,63932.50,63950.60,63.614000,721,28.008000,35.606000,63951.44,103747.76,0.00007189,0.000000,0.000000,0
2026-07-29 22:33:00,63950.60,63976.50,63950.60,63953.40,43.842000,490,9.596000,34.246000,63960.72,103751.29,0.00007145,0.000000,0.000000,0
2026-07-29 22:34:00,63953.40,63953.40,63920.00,63934.90,79.305000,752,31.293000,48.012000,63932.86,103734.55,0.00007156,0.000000,0.002000,0
2026-07-29 22:35:00,63935.00,63942.00,63923.40,63926.70,59.851000,364,17.552000,42.299000,63935.77,103744.88,0.00007156,0.000000,0.000000,0
2026-07-29 22:36:00,63926.70,63930.00,63900.20,63930.00,183.727000,750,112.198000,71.529000,63916.08,103783.10,0.00007149,0.000000,0.000000,0
2026-07-29 22:37:00,63929.90,63932.00,63893.00,63932.00,212.592000,895,74.866000,137.726000,63909.63,103869.37,0.00007149,0.000000,0.000000,0
2026-07-29 22:38:00,63931.90,63941.20,63915.10,63933.60,86.735000,571,30.643000,56.092000,63933.63,103876.37,0.00007149,0.000000,0.000000,0
2026-07-29 22:39:00,63933.60,63941.10,63916.10,63929.20,70.986000,549,52.213000,18.773000,63926.27,103871.65,0.00007152,0.000000,0.000000,0
2026-07-29 22:40:00,63929.30,63938.30,63926.20,63929.90,26.272000,277,14.357000,11.915000,63933.91,103869.52,0.00007177,0.000000,0.000000,0
2026-07-29 22:41:00,63929.80,63938.60,63920.00,63921.60,53.286000,390,36.359000,16.927000,63929.34,103888.44,0.00007177,0.000000,0.000000,0
2026-07-29 22:42:00,63921.60,63937.30,63921.60,63937.20,36.337000,279,25.462000,10.875000,63925.47,103888.50,0.00007166,0.000000,0.000000,0
2026-07-29 22:43:00,63937.20,63967.80,63937.20,63960.30,40.169000,490,17.173000,22.996000,63956.32,103889.80,0.00007149,0.000000,0.000000,0
2026-07-29 22:44:00,63960.20,64003.00,63949.20,63990.70,102.986000,743,86.061000,16.925000,63979.94,103922.07,0.00007198,0.000000,0.000000,0
2026-07-29 22:45:00,63990.70,64011.30,63983.30,63983.30,49.419000,459,31.439000,17.980000,63999.39,103931.60,0.00007198,0.000000,0.000000,0
2026-07-29 22:46:00,63983.40,64000.00,63983.40,63998.20,24.764000,237,9.148000,15.616000,63997.28,103925.42,0.00007221,0.000000,0.000000,0
2026-07-29 22:47:00,63998.20,63998.30,63929.60,63929.70,188.390000,632,8.192000,180.198000,63976.82,103973.21,0.00007238,0.000000,0.000000,0
2026-07-29 22:48:00,63929.60,63932.00,63927.10,63931.90,32.175000,204,7.905000,24.270000,63929.57,103967.13,0.00007238,0.000000,0.000000,0
2026-07-29 22:49:00,63931.90,63931.90,63914.20,63914.20,45.308000,271,20.019000,25.289000,63920.88,103982.98,0.00007228,0.000000,0.000000,0
2026-07-29 22:50:00,63914.20,63914.30,63900.30,63900.30,23.434000,213,3.226000,20.208000,63908.80,103982.99,0.00007222,0.000000,0.000000,0
2026-07-29 22:51:00,63900.30,63920.00,63900.30,63907.50,47.515000,410,27.075000,20.440000,63909.82,103985.60,0.00007227,0.000000,0.000000,0
2026-07-29 22:52:00,63907.50,63925.70,63907.50,63921.60,15.995000,248,10.415000,5.580000,63915.63,103989.10,0.00007227,0.000000,0.000000,0
2026-07-29 22:53:00,63921.70,63921.70,63881.30,63898.20,84.076000,769,37.741000,46.335000,63895.68,103977.08,0.00007245,0.000000,0.000000,0
2026-07-29 22:54:00,63898.20,63907.70,63894.20,63907.60,23.502000,245,15.185000,8.317000,63899.24,103976.44,0.00007265,0.000000,0.000000,0
2026-07-29 22:55:00,63907.70,63911.20,63897.30,63906.10,22.503000,310,12.521000,9.982000,63904.76,103976.30,0.00007265,0.000000,0.000000,0
2026-07-29 22:56:00,63906.00,63916.70,63903.20,63916.70,20.990000,205,16.684000,4.306000,63906.69,103973.07,0.00007306,0.000000,0.000000,0
2026-07-29 22:57:00,63916.70,63923.00,63911.80,63919.10,32.365000,267,5.840000,26.525000,63917.19,103977.56,0.00007330,0.000000,0.000000,0
2026-07-29 22:58:00,63919.10,63921.90,63919.00,63921.80,11.603000,120,6.420000,5.183000,63921.69,103981.31,0.00007330,0.000000,0.000000,0
2026-07-29 22:59:00,63921.80,63921.90,63914.90,63918.70,20.664000,155,7.673000,12.991000,63918.79,103980.88,0.00007374,0.000000,0.000000,0
2026-07-29 23:00:00,63918.80,63918.80,63916.90,63916.90,10.884000,94,3.048000,7.836000,63917.51,103982.46,0.00007412,0.000000,0.000000,0
2026-07-29 23:01:00,63916.90,63923.90,63898.20,63898.20,51.009000,363,13.706000,37.303000,63912.00,103974.58,0.00007437,0.000000,0.000000,0
2026-07-29 23:02:00,63898.20,63908.30,63897.40,63897.40,30.127000,240,17.404000,12.723000,63902.24,103971.34,0.00007437,0.000000,0.000000,0
2026-07-29 23:03:00,63897.40,63907.30,63897.40,63898.20,35.558000,250,19.007000,16.551000,63902.09,103976.26,0.00007451,0.000000,0.000000,0
2026-07-29 23:04:00,63898.20,63923.90,63898.20,63923.90,41.503000,359,24.736000,16.767000,63912.19,103977.90,0.00007470,0.000000,0.000000,0
2026-07-29 23:05:00,63923.90,63923.90,63899.60,63905.30,39.543000,377,16.913000,22.630000,63907.66,103977.27,0.00007470,0.000000,0.000000,0
2026-07-29 23:06:00,63905.30,63907.60,63882.70,63882.70,52.954000,376,13.817000,39.137000,63892.99,103986.62,0.00007509,0.000000,0.000000,0
2026-07-29 23:07:00,63882.70,63921.20,63872.60,63921.20,54.474000,757,29.888000,24.586000,63889.64,103991.53,0.00007507,0.000000,0.000000,0
2026-07-29 23:08:00,63921.20,63921.20,63902.00,63905.30,21.317000,262,7.311000,14.006000,63911.45,103993.24,0.00007526,0.000000,0.000000,0
2026-07-29 23:09:00,63905.20,63952.00,63896.20,63952.00,69.771000,707,40.653000,29.118000,63910.59,104006.04,0.00007526,0.000000,0.000000,0
2026-07-29 23:10:00,63952.00,63965.20,63942.30,63942.30,32.373000,560,22.069000,10.304000,63953.91,104013.09,0.00007526,0.000000,0.000000,0
2026-07-29 23:11:00,63942.30,63942.40,63884.70,63903.10,26.146000,651,9.395000,16.751000,63903.66,104016.15,0.00007566,0.000000,0.000000,0
2026-07-29 23:12:00,63903.10,63909.00,63876.80,63876.80,26.023000,561,7.239000,18.784000,63895.88,104020.41,0.00007566,0.000000,0.000000,0
2026-07-29 23:13:00,63876.90,63894.00,63868.00,63880.70,86.772000,619,29.453000,57.319000,63877.27,104042.71,0.00007578,0.000000,0.000000,0
2026-07-29 23:14:00,63880.60,63880.60,63870.70,63870.70,15.323000,254,4.204000,11.119000,63872.84,104040.23,0.00007612,0.000000,0.000000,0
2026-07-29 23:15:00,63870.70,63896.20,63870.70,63896.10,49.763000,438,41.902000,7.861000,63880.56,104040.23,0.00007612,0.000000,0.000000,0
2026-07-29 23:16:00,63896.20,63900.90,63891.90,63899.90,34.748000,381,10.323000,24.425000,63897.65,104038.53,0.00007613,0.000000,0.000000,0
2026-07-29 23:17:00,63899.90,63950.00,63899.90,63950.00,43.210000,476,39.093000,4.117000,63923.59,104045.02,0.00007643,0.000000,0.000000,0
2026-07-29 23:18:00,63950.00,63976.50,63946.20,63972.90,43.657000,480,20.601000,23.056000,63963.57,104038.29,0.00007688,0.000000,0.000000,0
2026-07-29 23:19:00,63972.80,64000.00,63968.30,63996.40,70.845000,506,45.722000,25.123000,63987.76,104023.52,0.00007688,0.000000,0.000000,0
2026-07-29 23:20:00,63996.40,64044.40,63996.30,64031.90,73.453000,845,49.704000,23.749000,64025.34,104008.19,0.00007735,0.045000,0.000000,0
2026-07-29 23:21:00,64031.90,64031.90,64016.00,64019.80,45.255000,400,24.619000,20.636000,64023.85,104007.65,0.00007770,0.000000,0.000000,0
2026-07-29 23:22:00,64019.90,64022.30,64005.70,64005.70,41.695000,309,28.113000,13.582000,64014.82,104003.53,0.00007770,0.000000,0.000000,0
2026-07-29 23:23:00,64005.70,64019.00,63984.60,63984.60,56.658000,571,26.401000,30.257000,64009.67,104008.27,0.00007775,0.000000,0.000000,0
2026-07-29 23:24:00,63984.60,64029.00,63978.70,64001.50,256.616000,1106,228.108000,28.508000,64005.17,104014.39,0.00007767,0.000000,0.000000,0
2026-07-29 23:25:00,64001.50,64001.60,63982.20,63982.30,10.282000,229,3.729000,6.553000,63991.67,104178.17,0.00007767,0.000000,0.000000,0
2026-07-29 23:26:00,63982.20,63985.50,63950.30,63967.20,231.275000,1013,46.803000,184.472000,63971.74,104177.49,0.00007758,0.000000,0.000000,0
2026-07-29 23:27:00,63967.10,63988.00,63967.10,63987.60,46.045000,329,39.634000,6.411000,63977.61,104213.17,0.00007746,0.000000,0.000000,0
2026-07-29 23:28:00,63987.60,64010.40,63987.60,64000.00,58.607000,407,33.808000,24.799000,64003.77,104220.26,0.00007767,0.000000,0.000000,0
2026-07-29 23:29:00,64000.00,64005.00,63991.10,63991.10,15.216000,279,9.846000,5.370000,63998.64,104242.26,0.00007767,0.000000,0.000000,0
2026-07-29 23:30:00,63991.10,63991.70,63980.80,63980.90,13.532000,159,2.845000,10.687000,63983.75,104243.67,0.00007831,0.000000,0.000000,0
2026-07-29 23:31:00,63980.90,64002.00,63980.80,63992.10,22.707000,305,13.712000,8.995000,63994.66,104241.54,0.00007856,0.000000,0.000000,0
2026-07-29 23:32:00,63992.20,64008.60,63992.20,64008.60,21.625000,215,14.355000,7.270000,64004.15,104237.63,0.00007856,0.000000,0.000000,0
2026-07-29 23:33:00,64008.50,64008.60,64008.50,64008.50,7.735000,97,3.674000,4.061000,64008.55,104241.16,0.00007910,0.000000,0.021000,0
2026-07-29 23:34:00,64008.60,64009.60,63923.60,63926.90,100.261000,1054,45.608000,54.653000,63962.97,104241.56,0.00007992,0.000000,0.000000,0
2026-07-29 23:35:00,63926.90,63944.70,63920.00,63944.70,15.814000,337,10.789000,5.025000,63933.35,104243.74,0.00007992,0.000000,0.000000,0
2026-07-29 23:36:00,63944.70,63979.90,63944.60,63979.90,22.525000,336,16.769000,5.756000,63961.27,104241.53,0.00007988,0.000000,0.000000,0
2026-07-29 23:37:00,63979.90,63979.90,63958.10,63958.10,27.232000,256,2.113000,25.119000,63967.08,104244.95,0.00008050,0.000000,0.000000,0
2026-07-29 23:38:00,63958.10,63958.20,63922.20,63929.80,33.520000,416,16.625000,16.895000,63933.57,104246.58,0.00008093,0.000000,0.000000,0
2026-07-29 23:39:00,63929.80,63929.90,63922.40,63929.60,15.226000,162,8.133000,7.093000,63925.78,104258.56,0.00008093,0.000000,0.000000,0
2026-07-29 23:40:00,63929.50,63950.50,63929.50,63947.40,19.592000,316,7.331000,12.261000,63945.01,104256.69,0.00008114,0.000000,0.000000,0
2026-07-29 23:41:00,63947.40,63947.50,63924.80,63925.20,23.473000,367,11.959000,11.514000,63936.21,104257.96,0.00008149,0.000000,0.000000,0
2026-07-29 23:42:00,63925.10,63951.90,63890.60,63951.90,170.570000,1022,47.990000,122.580000,63913.35,104259.06,0.00008149,0.000000,0.000000,0
2026-07-29 23:43:00,63947.00,63961.50,63947.00,63961.50,11.088000,185,8.593000,2.495000,63957.59,104263.77,0.00008149,0.000000,0.000000,0
2026-07-29 23:44:00,63961.50,63971.50,63957.40,63971.40,37.995000,408,17.377000,20.618000,63962.35,104277.02,0.00008197,0.000000,0.000000,0
2026-07-29 23:45:00,63971.40,63982.40,63971.00,63982.40,29.116000,286,15.553000,13.563000,63975.65,104279.90,0.00008197,0.000000,0.000000,0
2026-07-29 23:46:00,63982.40,64009.40,63972.00,64008.90,30.099000,798,22.052000,8.047000,63988.28,104279.55,0.00008240,0.000000,0.000000,0
2026-07-29 23:47:00,64008.90,64036.80,63996.40,64025.90,178.637000,1229,151.885000,26.752000,64020.12,104284.67,0.00008285,0.000000,0.000000,0
2026-07-29 23:48:00,64026.00,64026.00,63978.00,63983.20,28.108000,459,17.828000,10.280000,63990.81,104376.23,0.00008299,0.000000,0.000000,0
2026-07-29 23:49:00,63983.30,63998.80,63978.00,63990.50,23.729000,418,19.271000,4.458000,63987.70,104376.53,0.00008299,0.000000,0.000000,0
2026-07-29 23:50:00,63990.40,63990.50,63964.40,63967.40,20.258000,281,9.140000,11.118000,63971.55,104380.33,0.00008293,0.000000,0.000000,0
2026-07-29 23:51:00,63967.50,63978.50,63964.00,63978.40,21.576000,370,7.850000,13.726000,63969.60,104380.59,0.00008303,0.000000,0.000000,0
2026-07-29 23:52:00,63978.30,63994.90,63949.00,63951.30,23.838000,547,16.378000,7.460000,63958.14,104380.99,0.00008303,0.000000,0.000000,0
2026-07-29 23:53:00,63951.30,63951.30,63921.30,63939.70,40.388000,509,12.728000,27.660000,63932.26,104377.39,0.00008323,0.000000,0.000000,0
2026-07-29 23:54:00,63939.80,63965.80,63939.70,63951.50,24.494000,426,13.680000,10.814000,63954.88,104380.03,0.00008320,0.000000,0.001000,0
2026-07-29 23:55:00,63951.60,64006.60,63951.50,64006.50,75.600000,484,72.609000,2.991000,63984.26,104378.58,0.00008362,0.000000,0.000000,0
2026-07-29 23:56:00,64006.60,64006.60,63978.20,63984.40,24.205000,339,9.087000,15.118000,63993.17,104369.43,0.00008362,0.000000,0.000000,0
2026-07-29 23:57:00,63984.40,63984.40,63968.60,63974.30,11.096000,210,5.526000,5.570000,63971.49,104367.07,0.00008414,0.000000,0.000000,0
2026-07-29 23:58:00,63974.20,63974.30,63954.10,63954.70,12.794000,256,5.346000,7.448000,63968.98,104363.94,0.00008403,0.000000,0.000000,0
2026-07-29 23:59:00,63954.70,63967.70,63954.70,63964.00,21.313000,311,6.866000,14.447000,63961.51,104362.87,0.00008403,0.000000,0.000000,0
