Timestamp,Open,High,Low,Close,Volume,AggTrades,BuyQty,SellQty,VWAP,OpenInterest,FundingRate,LiqBuyQty,LiqSellQty,IsSynthetic
2026-07-22 00:00:00,66516.40,66538.00,66510.40,66522.30,85.329000,582,66.727000,18.602000,66520.90,104340.76,0.00004005,0.000000,0.000000,0
2026-07-22 00:01:00,66522.40,66553.20,66505.10,66510.00,299.686000,1378,187.112000,112.574000,66537.10,104272.60,0.00003928,0.064000,0.000000,0
2026-07-22 00:02:00,66509.90,66519.60,66503.90,66517.30,84.643000,635,32.273000,52.370000,66512.15,104281.13,0.00003890,0.000000,0.000000,0
2026-07-22 00:03:00,66517.20,66558.80,66517.20,66553.90,105.491000,806,78.401000,27.090000,66543.00,104264.69,0.00003890,5.517000,0.000000,0
2026-07-22 00:04:00,66553.80,66569.90,66544.50,66563.20,145.963000,977,85.809000,60.154000,66556.97,104256.73,0.00003888,0.079000,0.000000,0
2026-07-22 00:05:00,66563.20,66588.00,66562.90,66587.90,140.372000,592,106.087000,34.285000,66580.53,104251.88,0.00003911,0.898000,0.000000,0
2026-07-22 00:06:00,66588.00,66611.90,66546.30,66546.70,193.280000,1126,112.067000,81.213000,66592.64,104202.29,0.00003911,0.209000,0.000000,0
2026-07-22 00:07:00,66546.70,66561.10,66538.60,66555.10,79.693000,614,45.509000,34.184000,66552.54,104212.50,0.00003964,0.003000,0.000000,0
2026-07-22 00:08:00,66555.20,66611.90,66551.10,66611.80,75.257000,699,61.690000,13.567000,66579.97,104210.90,0.00003929,0.205000,0.000000,0
2026-07-22 00:09:00,66611.80,66630.00,66611.80,66617.20,122.687000,613,75.341000,47.346000,66619.97,104195.28,0.00003939,0.433000,0.000000,0
2026-07-22 00:10:00,66617.10,66617.20,66576.00,66594.40,58.106000,733,32.173000,25.933000,66589.99,104207.00,0.00003939,0.000000,0.000000,0
2026-07-22 00:11:00,66594.40,66594.50,66550.90,66577.80,108.945000,1125,61.885000,47.060000,66571.70,104257.76,0.00003965,0.000000,0.000000,0
2026-07-22 00:12:00,66577.80,66626.50,66577.80,66613.10,80.073000,911,41.072000,39.001000,66608.98,104267.28,0.00003965,0.000000,0.000000,0
2026-07-22 00:13:00,66613.00,66630.00,66609.10,66609.20,32.359000,569,16.870000,15.489000,66617.75,104268.34,0.00003965,0.221000,0.000000,0
2026-07-22 00:14:00,66609.10,66630.00,66609.00,66626.50,58.119000,528,33.991000,24.128000,66618.66,104275.30,0.00003987,0.116000,0.000000,0
2026-07-22 00:15:00,66626.60,66659.10,66626.50,66651.30,89.785000,760,70.255000,19.530000,66641.14,104261.50,0.00004020,1.447000,0.000000,0
2026-07-22 00:16:00,66651.40,66654.00,66610.60,66610.70,109.691000,988,52.907000,56.784000,66635.90,104276.61,0.00004020,0.000000,0.000000,0
2026-07-22 00:17:00,66610.60,66610.60,66566.30,66566.40,82.117000,914,24.729000,57.388000,66593.37,104276.61,0.00004084,0.289000,0.000000,0
2026-07-22 00:18:00,66566.40,66585.80,66565.90,66585.80,57.869000,550,28.023000,29.846000,66576.37,104282.32,0.00004020,0.000000,0.000000,0
2026-07-22 00:19:00,66585.70,66593.60,66551.90,66552.00,47.657000,626,13.734000,33.923000,66572.59,104275.43,0.00003958,0.000000,0.000000,0
2026-07-22 00:20:00,66551.90,66591.90,66551.90,66591.90,52.135000,727,33.479000,18.656000,66561.52,104268.61,0.00003958,0.000000,0.000000,0
2026-07-22 00:21:00,66591.90,66635.00,66591.80,66630.60,77.212000,608,53.030000,24.182000,66617.84,104263.95,0.00003919,0.189000,0.000000,0
2026-07-22 00:22:00,66630.70,66691.70,66630.60,66691.60,213.550000,1155,169.423000,44.127000,66680.60,104248.38,0.00003921,2.775000,0.000000,0
2026-07-22 00:23:00,66691.70,66691.70,66645.00,66645.00,178.704000,1018,26.956000,151.748000,66672.39,104184.02,0.00003921,0.001000,0.000000,0
2026-07-22 00:24:00,66645.00,66645.10,66603.90,66612.30,59.863000,697,18.526000,41.337000,66621.06,104143.19,0.00003923,0.001000,0.012000,0
2026-07-22 00:25:00,66612.20,66647.50,66601.50,66615.30,70.247000,905,31.219000,39.028000,66624.22,104145.60,0.00003866,0.000000,0.000000,0
2026-07-22 00:26:00,66615.40,66656.80,66615.30,66630.30,91.159000,989,50.270000,40.889000,66638.04,104146.84,0.00003866,0.000000,0.000000,0
2026-07-22 00:27:00,66630.30,66642.40,66610.20,66610.20,28.568000,431,11.567000,17.001000,66629.64,104128.70,0.00003824,0.000000,0.000000,0
2026-07-22 00:28:00,66610.20,66618.60,66600.00,66607.20,66.437000,530,27.863000,38.574000,66609.41,104123.22,0.00003787,0.000000,0.000000,0
2026-07-22 00:29:00,66607.10,66607.20,66585.70,66590.00,38.368000,487,9.927000,28.441000,66594.29,104130.23,0.00003705,0.023000,0.000000,0
2026-07-22 00:30:00,66589.90,66629.90,66584.50,66629.90,71.909000,653,38.648000,33.261000,66604.73,104132.05,0.00003705,0.000000,0.000000,0
2026-07-22 00:31:00,66629.90,66631.40,66615.10,66615.10,50.774000,453,15.136000,35.638000,66623.98,104129.25,0.00003607,0.000000,0.000000,0
2026-07-22 00:32:00,66615.20,66615.30,66602.00,66615.30,36.099000,372,23.120000,12.979000,66609.69,104117.41,0.00003563,0.000000,0.000000,0
2026-07-22 00:33:00,66615.30,66627.00,66599.90,66626.90,38.335000,473,21.566000,16.769000,66610.35,104109.23,0.00003563,0.000000,0.000000,0
2026-07-22 00:34:00,66627.00,66678.80,66626.90,66678.60,83.523000,702,74.311000,9.212000,66662.64,104100.44,0.00003516,0.008000,0.000000,0
2026-07-22 00:35:00,66678.60,66692.00,66667.30,66691.80,78.396000,676,43.068000,35.328000,66682.88,104085.59,0.00003500,0.209000,0.000000,0
2026-07-22 00:36:00,66691.80,66691.80,66655.80,66655.90,55.567000,625,31.654000,23.913000,66674.25,104082.23,0.00003500,0.000000,0.000000,0
2026-07-22 00:37:00,66655.80,66678.20,66644.70,66644.80,43.844000,494,15.904000,27.940000,66661.92,104080.32,0.00003490,0.000000,0.000000,0
2026-07-22 00:38:00,66644.80,66644.80,66615.50,66619.50,55.560000,643,15.648000,39.912000,66623.94,104074.21,0.00003460,0.000000,0.000000,0
2026-07-22 00:39:00,66619.60,66668.20,66619.50,66664.20,27.563000,481,20.078000,7.485000,66647.47,104071.70,0.00003369,0.000000,0.000000,0
2026-07-22 00:40:00,66664.10,66678.60,66649.80,66675.60,32.744000,461,17.534000,15.210000,66662.79,104069.25,0.00003369,0.000000,0.000000,0
2026-07-22 00:41:00,66675.60,66675.60,66656.20,66665.60,27.148000,342,12.489000,14.659000,66665.44,104068.42,0.00003318,0.000000,0.000000,0
2026-07-22 00:42:00,66665.70,66665.70,66659.40,66659.40,44.534000,240,26.234000,18.300000,66661.67,104061.37,0.00003290,0.000000,0.000000,0
2026-07-22 00:43:00,66659.50,66680.00,66659.40,66679.90,37.201000,355,25.948000,11.253000,66673.31,104058.75,0.00003290,0.000000,0.017000,0
2026-07-22 00:44:00,66679.90,66685.60,66678.00,66685.60,33.951000,318,15.656000,18.295000,66683.12,104054.47,0.00003231,0.000000,0.000000,0
2026-07-22 00:45:00,66685.60,66711.00,66680.80,66681.00,198.445000,1021,109.794000,88.651000,66694.99,104062.82,0.00003226,0.310000,0.000000,0
2026-07-22 00:46:00,66681.10,66706.40,66653.60,66689.20,136.431000,1216,78.907000,57.524000,66686.89,104125.11,0.00003197,0.000000,0.000000,0
2026-07-22 00:47:00,66689.20,66697.40,66668.00,66672.90,77.255000,531,20.743000,56.512000,66681.43,104098.40,0.00003197,0.000000,0.000000,0
2026-07-22 00:48:00,66672.90,66673.00,66574.10,66583.00,99.880000,1067,11.968000,87.912000,66609.15,104077.52,0.00003160,0.000000,0.000000,0
2026-07-22 00:49:00,66583.00,66612.70,66579.00,66591.60,134.324000,1013,55.827000,78.497000,66594.08,104071.35,0.00003042,0.000000,0.000000,0
2026-07-22 00:50:00,66591.60,66674.00,66591.60,66674.00,61.749000,769,30.568000,31.181000,66648.00,104067.06,0.00003042,0.000000,0.000000,0
2026-07-22 00:51:00,66673.90,66673.90,66618.10,66618.20,60.880000,696,17.174000,43.706000,66638.39,104053.22,0.00002869,0.000000,0.000000,0
2026-07-22 00:52:00,66618.20,66624.00,66605.20,66609.20,36.889000,471,19.317000,17.572000,66613.88,104057.70,0.00002797,0.000000,0.000000,0
2026-07-22 00:53:00,66609.30,66632.70,66609.20,66625.70,45.571000,559,20.658000,24.913000,66623.47,104058.08,0.00002797,0.000000,0.000000,0
2026-07-22 00:54:00,66625.70,66643.50,66625.70,66631.30,33.746000,407,18.974000,14.772000,66636.53,104056.15,0.00002755,0.000000,0.000000,0
2026-07-22 00:55:00,66631.00,66646.80,66619.20,66619.30,23.010000,454,7.190000,15.820000,66637.57,104045.58,0.00002754,0.000000,0.000000,0
2026-07-22 00:56:00,66619.30,66619.30,66585.20,66585.30,34.211000,438,9.642000,24.569000,66602.19,104041.04,0.00002764,0.000000,0.000000,0
2026-07-22 00:57:00,66585.20,66650.40,66585.20,66633.00,235.354000,1121,214.506000,20.848000,66624.79,104032.84,0.00002764,0.000000,0.000000,0
2026-07-22 00:58:00,66633.00,66633.10,66612.20,66625.00,39.838000,482,12.003000,27.835000,66619.44,104146.32,0.00002728,0.000000,0.000000,0
2026-07-22 00:59:00,66624.90,66632.90,66624.90,66631.40,20.214000,307,11.205000,9.009000,66629.56,104131.73,0.00002688,0.000000,0.000000,0
2026-07-22 01:00:00,66631.40,66636.50,66591.70,66591.70,119.138000,615,21.900000,97.238000,66622.08,104132.92,0.00002688,0.000000,0.000000,0
2026-07-22 01:01:00,66591.70,66629.30,66591.70,66613.50,53.471000,881,38.352000,15.119000,66614.22,104120.11,0.00002660,0.000000,0.000000,0
2026-07-22 01:02:00,66613.60,66618.40,66597.30,66617.10,72.313000,495,50.939000,21.374000,66608.53,104115.88,0.00002645,0.029000,0.000000,0
2026-07-22 01:03:00,66617.00,66617.00,66555.10,66569.90,82.164000,781,32.806000,49.358000,66580.35,104092.08,0.00002633,0.000000,0.002000,0
2026-07-22 01:04:00,66569.90,66579.00,66552.10,66566.10,46.764000,540,15.780000,30.984000,66562.59,104088.95,0.00002633,0.000000,0.000000,0
2026-07-22 01:05:00,66566.10,66607.10,66562.90,66607.00,59.393000,686,45.597000,13.796000,66580.88,104084.82,0.00002582,0.000000,0.000000,0
2026-07-22 01:06:00,66607.00,66607.10,66557.30,66567.20,78.472000,754,21.821000,56.651000,66593.50,104087.67,0.00002556,0.000000,0.000000,0
2026-07-22 01:07:00,66567.20,66586.40,66567.20,66576.90,30.663000,358,14.805000,15.858000,66576.33,104082.38,0.00002556,0.000000,0.000000,0
2026-07-22 01:08:00,66576.90,66582.10,66576.20,66581.90,23.628000,240,15.405000,8.223000,66578.00,104071.58,0.00002560,0.000000,0.000000,0
2026-07-22 01:09:00,66582.00,66594.00,66576.40,66580.50,43.583000,407,17.062000,26.521000,66581.75,104062.35,0.00002603,0.000000,0.000000,0
2026-07-22 01:10:00,66580.00,66580.10,66557.30,66557.40,30.566000,354,3.736000,26.830000,66562.12,104059.41,0.00002603,0.000000,0.000000,0
2026-07-22 01:11:00,66557.30,66557.40,66505.30,66506.90,83.823000,820,16.095000,67.728000,66529.84,104060.90,0.00002640,0.000000,0.002000,0
2026-07-22 01:12:00,66506.90,66511.60,66481.10,66486.30,91.812000,652,18.872000,72.940000,66496.58,104055.48,0.00002628,0.000000,0.017000,0
2026-07-22 01:13:00,66486.20,66502.90,66486.20,66495.80,84.951000,562,46.707000,38.244000,66492.78,104047.69,0.00002574,0.000000,0.000000,0
2026-07-22 01:14:00,66495.80,66495.80,66474.20,66488.00,99.194000,603,27.334000,71.860000,66485.24,104062.79,0.00002574,0.000000,0.000000,0
2026-07-22 01:15:00,66488.00,66488.00,66450.70,66464.30,133.410000,808,32.007000,101.403000,66462.86,104011.00,0.00002510,0.000000,1.487000,0
2026-07-22 01:16:00,66464.30,66472.00,66438.00,66453.10,78.535000,659,26.273000,52.262000,66452.58,104003.68,0.00002486,0.000000,0.012000,0
2026-07-22 01:17:00,66453.10,66465.00,66440.00,66450.30,37.113000,538,16.112000,21.001000,66452.16,103993.70,0.00002486,0.000000,0.000000,0
2026-07-22 01:18:00,66450.30,66466.60,66439.70,66460.00,45.114000,634,19.447000,25.667000,66452.28,103992.31,0.00002471,0.002000,0.000000,0
2026-07-22 01:19:00,66460.00,66464.00,66430.00,66430.00,29.275000,426,6.523000,22.752000,66451.28,103986.84,0.00002469,0.072000,0.162000,0
2026-07-22 01:20:00,66430.10,66431.40,66402.10,66402.10,86.765000,725,47.573000,39.192000,66419.70,103979.05,0.00002469,0.000000,0.590000,0
2026-07-22 01:21:00,66402.10,66412.00,66402.10,66412.00,21.561000,241,15.327000,6.234000,66409.15,103988.47,0.00002467,0.000000,0.000000,0
2026-07-22 01:22:00,66412.00,66429.80,66411.90,66422.30,27.442000,440,14.652000,12.790000,66418.96,103986.82,0.00002436,0.000000,0.000000,0
2026-07-22 01:23:00,66422.20,66422.20,66366.30,66375.80,103.794000,780,24.994000,78.800000,66382.79,103984.18,0.00002447,0.000000,0.064000,0
2026-07-22 01:24:00,66375.70,66375.80,66304.10,66316.80,207.773000,1486,39.580000,168.193000,66330.20,103985.06,0.00002447,0.000000,0.139000,0
2026-07-22 01:25:00,66317.00,66349.70,66294.30,66329.90,341.496000,1593,280.325000,61.171000,66322.40,103977.42,0.00002439,0.000000,0.000000,0
2026-07-22 01:26:00,66330.00,66355.40,66323.50,66347.30,86.047000,671,51.922000,34.125000,66335.53,104136.12,0.00002457,0.000000,0.000000,0
2026-07-22 01:27:00,66347.30,66382.00,66347.20,66382.00,64.983000,671,28.149000,36.834000,66369.38,104141.92,0.00002457,0.000000,0.000000,0
2026-07-22 01:28:00,66381.90,66415.60,66381.90,66403.80,32.163000,525,20.981000,11.182000,66400.05,104139.42,0.00002464,0.000000,0.000000,0
2026-07-22 01:29:00,66403.80,66403.80,66375.10,66376.90,21.401000,411,9.802000,11.599000,66386.50,104138.70,0.00002515,0.000000,0.000000,0
2026-07-22 01:30:00,66377.00,66377.00,66327.10,66327.10,73.880000,596,3.500000,70.380000,66360.13,104128.01,0.00002562,0.000000,0.000000,0
2026-07-22 01:31:00,66327.20,66360.70,66313.70,66359.80,80.024000,889,52.504000,27.520000,66338.36,104120.89,0.00002562,0.000000,0.000000,0
2026-07-22 01:32:00,66359.90,66376.90,66348.30,66356.50,23.796000,486,14.047000,9.749000,66366.44,104116.32,0.00002552,0.000000,0.000000,0
2026-07-22 01:33:00,66356.50,66373.50,66336.60,66339.50,49.531000,575,22.464000,27.067000,66364.70,104110.73,0.00002611,0.000000,0.000000,0
2026-07-22 01:34:00,66339.40,66394.70,66339.40,66394.60,63.904000,571,44.210000,19.694000,66364.78,104095.22,0.00002611,0.000000,0.000000,0
2026-07-22 01:35:00,66394.60,66394.60,66357.70,66366.10,39.307000,504,21.918000,17.389000,66366.80,104088.94,0.00002655,0.000000,0.018000,0
2026-07-22 01:36:00,66366.00,66380.00,66361.40,66361.40,30.000000,351,12.218000,17.782000,66375.14,104099.77,0.00002705,0.000000,0.000000,0
2026-07-22 01:37:00,66361.40,66376.10,66356.40,66372.30,20.119000,345,13.182000,6.937000,66367.10,104095.48,0.00002705,0.000000,0.000000,0
2026-07-22 01:38:00,66372.30,66380.00,66372.30,66376.20,23.456000,208,14.558000,8.898000,66376.94,104099.32,0.00002726,0.000000,0.000000,0
2026-07-22 01:39:00,66376.20,66376.20,66347.30,66358.10,19.230000,384,6.780000,12.450000,66354.17,104099.71,0.00002745,0.000000,0.000000,0
2026-07-22 01:40:00,66358.00,66376.20,66355.00,66369.20,44.161000,337,17.046000,27.115000,66371.37,104097.11,0.00002751,0.000000,0.000000,0
2026-07-22 01:41:00,66369.10,66369.10,66353.30,66359.90,72.140000,384,36.443000,35.697000,66362.08,104093.40,0.00002751,0.000000,0.000000,0
2026-07-22 01:42:00,66360.00,66360.00,66325.70,66325.70,51.647000,422,4.075000,47.572000,66337.76,104111.87,0.00002756,0.000000,0.000000,0
2026-07-22 01:43:00,66325.70,66325.70,66253.00,66255.90,213.663000,979,28.147000,185.516000,66290.74,104092.47,0.00002739,0.000000,0.269000,0
2026-07-22 01:44:00,66256.00,66334.90,66256.00,66334.90,97.782000,878,70.770000,27.012000,66288.23,104068.02,0.00002739,0.000000,0.000000,0
2026-07-22 01:45:00,66334.90,66335.90,66320.10,66335.90,36.326000,418,22.755000,13.571000,66329.78,104063.88,0.00002667,0.000000,0.000000,0
2026-07-22 01:46:00,66335.90,66357.80,66327.80,66357.70,71.361000,573,50.394000,20.967000,66338.79,104057.19,0.00002748,0.000000,0.000000,0
2026-07-22 01:47:00,66357.80,66432.20,66357.80,66422.30,83.339000,1082,66.701000,16.638000,66401.43,104043.99,0.00002748,0.000000,0.000000,0
2026-07-22 01:48:00,66422.30,66435.30,66397.60,66432.00,61.714000,778,33.098000,28.616000,66419.82,104031.78,0.00002851,0.634000,0.000000,0
2026-07-22 01:49:00,66432.00,66461.40,66431.90,66451.70,53.309000,810,39.759000,13.550000,66449.01,104023.05,0.00003063,0.015000,0.000000,0
2026-07-22 01:50:00,66451.70,66478.40,66445.50,66445.60,82.187000,778,64.412000,17.775000,66469.56,104024.39,0.00003129,0.047000,0.000000,0
2026-07-22 01:51:00,66445.60,66452.60,66398.70,66419.00,40.073000,752,11.552000,28.521000,66418.50,104041.18,0.00003129,0.000000,0.000000,0
2026-07-22 01:52:00,66419.00,66438.40,66415.30,66438.30,13.883000,421,8.157000,5.726000,66425.48,104040.37,0.00003158,0.000000,0.000000,0
2026-07-22 01:53:00,66438.30,66449.10,66422.10,66449.10,69.388000,433,60.957000,8.431000,66438.08,104045.08,0.00003174,0.000000,0.000000,0
2026-07-22 01:54:00,66449.10,66452.00,66415.80,66415.80,21.350000,352,3.124000,18.226000,66442.35,104028.61,0.00003174,0.000000,0.000000,0
2026-07-22 01:55:00,66415.90,66415.90,66380.10,66380.10,27.172000,392,8.409000,18.763000,66397.43,104028.90,0.00003204,0.000000,0.000000,0
2026-07-22 01:56:00,66380.00,66400.00,66365.50,66400.00,36.178000,518,28.144000,8.034000,66392.57,104019.99,0.00003203,0.000000,0.000000,0
2026-07-22 01:57:00,66400.00,66427.00,66387.80,66398.70,90.246000,766,74.820000,15.426000,66407.37,103986.22,0.00003203,0.000000,0.000000,0
2026-07-22 01:58:00,66398.70,66398.70,66372.00,66379.90,21.231000,414,14.429000,6.802000,66379.80,103983.30,0.00003210,0.000000,0.000000,0
2026-07-22 01:59:00,66379.90,66380.00,66353.10,66353.10,20.549000,315,2.042000,18.507000,66364.37,103990.33,0.00003190,0.000000,0.000000,0
2026-07-22 02:00:00,66353.10,66399.90,66353.10,66399.90,32.217000,563,26.820000,5.397000,66373.05,103991.71,0.00003157,0.000000,0.000000,0
2026-07-22 02:01:00,66399.90,66400.00,66368.10,66368.10,38.488000,1068,13.341000,25.147000,66388.36,103981.34,0.00003157,0.000000,0.000000,0
2026-07-22 02:02:00,66368.00,66372.80,66337.00,66337.10,20.212000,516,4.751000,15.461000,66354.64,103972.71,0.00003142,0.000000,0.000000,0
2026-07-22 02:03:00,66337.10,66359.30,66337.00,66359.30,31.276000,478,15.196000,16.080000,66349.85,103980.72,0.00003112,0.000000,0.000000,0
2026-07-22 02:04:00,66359.20,66394.40,66359.20,66394.30,22.326000,540,19.518000,2.808000,66377.49,103987.23,0.00003112,0.000000,0.000000,0
2026-07-22 02:05:00,66394.30,66402.90,66394.30,66397.90,47.265000,370,37.793000,9.472000,66398.48,103983.60,0.00003114,0.000000,0.000000,0
2026-07-22 02:06:00,66397.80,66455.30,66395.80,66442.50,61.828000,778,55.736000,6.092000,66422.86,103973.32,0.00003113,0.000000,0.000000,0
2026-07-22 02:07:00,66442.50,66452.60,66429.30,66429.30,23.149000,600,10.100000,13.049000,66441.46,103964.95,0.00003113,0.000000,0.000000,0
2026-07-22 02:08:00,66429.30,66429.30,66380.30,66380.30,15.946000,489,4.200000,11.746000,66400.23,103962.30,0.00003155,0.000000,0.000000,0
2026-07-22 02:09:00,66380.40,66390.40,66343.90,66343.90,51.719000,700,14.312000,37.407000,66363.96,103965.06,0.00003166,0.000000,0.000000,0
2026-07-22 02:10:00,66343.90,66381.00,66338.90,66380.90,11.022000,449,5.564000,5.458000,66354.67,103965.67,0.00003166,0.000000,0.000000,0
2026-07-22 02:11:00,66380.90,66381.00,66364.70,66368.20,20.608000,354,4.687000,15.921000,66376.06,103969.38,0.00003085,0.000000,0.000000,0
2026-07-22 02:12:00,66368.20,66382.00,66368.10,66381.90,11.317000,236,7.333000,3.984000,66374.33,103969.01,0.00003003,0.000000,0.000000,0
2026-07-22 02:13:00,66381.90,66400.00,66375.30,66400.00,17.174000,321,11.951000,5.223000,66382.93,103967.01,0.00002991,0.000000,0.000000,0
2026-07-22 02:14:00,66400.00,66435.80,66400.00,66435.70,22.179000,609,13.643000,8.536000,66418.31,103971.13,0.00002991,0.000000,0.000000,0
2026-07-22 02:15:00,66435.80,66435.80,66421.00,66433.00,39.064000,291,6.759000,32.305000,66433.40,103985.62,0.00003021,0.000000,0.000000,0
2026-07-22 02:16:00,66432.90,66470.00,66420.10,66470.00,136.216000,944,112.678000,23.538000,66439.69,104056.65,0.00003028,0.000000,0.000000,0
2026-07-22 02:17:00,66470.00,66513.80,66456.20,66502.00,107.645000,951,79.179000,28.466000,66489.13,104045.67,0.00003028,0.010000,0.004000,0
2026-07-22 02:18:00,66502.00,66502.10,66467.40,66467.60,53.936000,528,12.249000,41.687000,66491.95,104024.30,0.00003032,0.000000,0.000000,0
2026-07-22 02:19:00,66467.60,66471.20,66436.90,66459.70,24.718000,712,4.908000,19.810000,66456.22,104025.82,0.00003067,0.000000,0.000000,0
2026-07-22 02:20:00,66459.80,66465.80,66435.70,66440.30,14.375000,460,5.372000,9.003000,66448.78,104022.48,0.00003067,0.000000,0.000000,0
2026-07-22 02:21:00,66440.30,66444.80,66417.00,66422.40,20.017000,801,9.251000,10.766000,66431.42,104023.12,0.00003074,0.000000,0.000000,0
2026-07-22 02:22:00,66422.30,66447.30,66402.00,66438.50,31.545000,726,18.281000,13.264000,66417.48,104025.88,0.00003051,0.000000,0.000000,0
2026-07-22 02:23:00,66438.60,66438.60,66426.90,66430.50,14.573000,263,9.863000,4.710000,66430.92,104029.70,0.00003061,0.000000,0.000000,0
2026-07-22 02:24:00,66430.40,66430.50,66427.10,66427.20,4.519000,122,2.073000,2.446000,66429.85,104032.28,0.00003061,0.000000,0.000000,0
2026-07-22 02:25:00,66427.10,66430.50,66421.10,66422.20,26.471000,211,2.858000,23.613000,66428.97,104045.60,0.00003071,0.000000,0.000000,0
2026-07-22 02:26:00,66422.20,66422.20,66378.90,66378.90,22.368000,421,4.277000,18.091000,66395.72,104046.72,0.00003085,0.000000,0.004000,0
2026-07-22 02:27:00,66379.00,66395.30,66375.00,66395.20,24.307000,529,8.126000,16.181000,66385.96,104038.57,0.00003085,0.000000,0.000000,0
2026-07-22 02:28:00,66395.10,66407.20,66380.70,66407.10,32.144000,380,19.233000,12.911000,66388.48,104036.29,0.00003059,0.000000,0.000000,0
2026-07-22 02:29:00,66407.10,66407.20,66400.80,66400.80,10.667000,169,4.407000,6.260000,66406.07,104040.75,0.00003024,0.000000,0.000000,0
2026-07-22 02:30:00,66400.80,66400.90,66375.20,66375.20,12.130000,321,3.612000,8.518000,66388.16,104036.20,0.00003024,0.003000,0.000000,0
2026-07-22 02:31:00,66375.20,66375.30,66331.30,66331.30,63.991000,770,20.807000,43.184000,66345.17,104015.37,0.00003016,0.000000,0.000000,0
2026-07-22 02:32:00,66331.20,66331.20,66306.00,66312.00,72.247000,510,17.652000,54.595000,66320.47,104037.79,0.00002974,0.000000,0.116000,0
2026-07-22 02:33:00,66312.10,66370.10,66312.00,66350.00,26.618000,829,16.596000,10.022000,66348.42,104036.09,0.00002943,0.000000,0.000000,0
2026-07-22 02:34:00,66350.00,66350.00,66334.10,66341.00,22.906000,457,15.673000,7.233000,66338.22,104040.97,0.00002943,0.000000,0.000000,0
2026-07-22 02:35:00,66341.00,66349.30,66334.10,66334.20,17.807000,411,9.814000,7.993000,66340.58,104039.79,0.00002971,0.000000,0.000000,0
2026-07-22 02:36:00,66334.20,66334.20,66290.00,66290.00,79.521000,584,21.723000,57.798000,66311.97,104034.79,0.00002974,0.000000,0.000000,0
2026-07-22 02:37:00,66290.00,66290.00,66277.10,66286.90,112.352000,594,34.980000,77.372000,66285.06,104047.51,0.00002974,0.000000,0.004000,0
2026-07-22 02:38:00,66286.90,66286.90,66270.00,66270.10,30.277000,331,7.947000,22.330000,66282.18,104041.87,0.00002961,0.000000,0.090000,0
2026-07-22 02:39:00,66270.00,66284.10,66270.00,66270.00,29.697000,377,11.786000,17.911000,66274.22,104044.03,0.00002955,0.000000,0.000000,0
2026-07-22 02:40:00,66270.10,66303.10,66270.10,66296.70,44.460000,479,30.435000,14.025000,66295.64,104041.94,0.00002955,0.000000,0.000000,0
2026-07-22 02:41:00,66296.80,66341.80,66296.70,66341.70,45.949000,550,41.566000,4.383000,66325.84,104041.17,0.00002940,0.000000,0.000000,0
2026-07-22 02:42:00,66341.80,66367.60,66341.70,66363.80,28.295000,356,23.352000,4.943000,66358.88,104034.12,0.00002973,0.000000,0.000000,0
2026-07-22 02:43:00,66363.70,66364.40,66339.00,66339.10,20.111000,312,9.367000,10.744000,66361.64,104043.61,0.00003046,0.000000,0.000000,0
2026-07-22 02:44:00,66339.00,66339.10,66339.00,66339.00,10.997000,118,5.324000,5.673000,66339.05,104045.38,0.00003046,0.000000,0.000000,0
2026-07-22 02:45:00,66339.00,66339.10,66323.90,66339.10,29.852000,313,4.775000,25.077000,66332.25,104031.70,0.00003101,0.000000,0.000000,0
2026-07-22 02:46:00,66339.00,66343.10,66320.00,66320.10,39.326000,360,4.008000,35.318000,66340.67,104042.86,0.00003139,0.000000,0.000000,0
2026-07-22 02:47:00,66320.00,66354.90,66320.00,66354.90,22.435000,381,13.407000,9.028000,66331.20,104038.31,0.00003139,0.000000,0.000000,0
2026-07-22 02:48:00,66354.90,66354.90,66344.60,66344.70,8.800000,164,3.186000,5.614000,66347.81,104036.75,0.00003154,0.000000,0.000000,0
2026-07-22 02:49:00,66344.70,66348.70,66314.40,66314.40,26.129000,417,12.299000,13.830000,66334.65,104036.52,0.00003176,0.001000,0.000000,0
2026-07-22 02:50:00,66314.40,66352.70,66314.40,66352.60,42.377000,653,31.857000,10.520000,66329.45,104033.99,0.00003166,0.000000,0.000000,0
2026-07-22 02:51:00,66352.70,66352.70,66325.70,66325.80,19.344000,323,4.037000,15.307000,66338.75,104029.77,0.00003166,0.000000,0.000000,0
2026-07-22 02:52:00,66325.70,66325.80,66293.90,66317.20,21.717000,481,7.960000,13.757000,66304.56,104029.00,0.00003155,0.000000,0.000000,0
2026-07-22 02:53:00,66317.20,66317.20,66309.30,66310.90,13.685000,160,2.553000,11.132000,66313.84,104028.24,0.00003131,0.000000,0.000000,0
2026-07-22 02:54:00,66310.90,66310.90,66285.00,66289.10,24.052000,456,8.577000,15.475000,66293.27,104022.23,0.00003131,0.000000,0.000000,0
2026-07-22 02:55:00,66289.20,66317.30,66289.10,66317.30,18.289000,311,12.459000,5.830000,66302.25,104019.66,0.00003085,0.000000,0.000000,0
2026-07-22 02:56:00,66317.20,66317.30,66290.00,66290.10,17.006000,275,3.971000,13.035000,66307.39,104018.40,0.00003030,0.000000,0.000000,0
2026-07-22 02:57:00,66290.00,66292.20,66283.60,66292.10,15.190000,225,10.684000,4.506000,66288.48,104018.95,0.00003030,0.000000,0.007000,0
2026-07-22 02:58:00,66292.10,66292.20,66271.00,66275.00,50.395000,334,23.013000,27.382000,66277.18,104011.03,0.00002999,0.000000,0.000000,0
2026-07-22 02:59:00,66275.00,66275.10,66264.90,66265.00,27.698000,238,9.648000,18.050000,66272.86,104009.78,0.00002986,0.000000,0.000000,0
2026-07-22 03:00:00,66265.00,66289.00,66265.00,66283.20,87.133000,420,54.607000,32.526000,66275.50,104028.78,0.00003001,0.000000,0.008000,0
2026-07-22 03:01:00,66283.20,66288.90,66241.50,66241.60,132.251000,1017,21.356000,110.895000,66260.21,104028.48,0.00003001,0.000000,0.000000,0
2026-07-22 03:02:00,66241.50,66293.60,66241.50,66293.60,46.525000,636,29.579000,16.946000,66258.85,104030.44,0.00003014,0.000000,0.005000,0
2026-07-22 03:03:00,66293.60,66343.40,66283.70,66343.30,75.205000,1022,60.477000,14.728000,66304.55,104023.68,0.00003004,0.000000,0.000000,0
2026-07-22 03:04:00,66343.30,66343.40,66305.50,66305.60,21.969000,323,8.226000,13.743000,66323.73,104014.88,0.00003004,0.000000,0.000000,0
2026-07-22 03:05:00,66305.50,66305.50,66281.50,66281.60,15.057000,297,4.415000,10.642000,66294.48,104015.42,0.00003044,0.000000,0.000000,0
2026-07-22 03:06:00,66281.50,66284.40,66258.20,66275.80,47.048000,556,16.023000,31.025000,66271.29,104018.03,0.00003021,0.000000,0.000000,0
2026-07-22 03:07:00,66275.70,66315.90,66271.70,66315.90,33.531000,547,28.624000,4.907000,66292.86,104008.01,0.00002972,0.000000,0.000000,0
2026-07-22 03:08:00,66315.90,66321.10,66242.30,66242.30,43.392000,707,5.907000,37.485000,66286.19,104007.24,0.00002972,0.000000,0.000000,0
2026-07-22 03:09:00,66242.40,66250.00,66236.60,66246.80,86.266000,549,34.764000,51.502000,66242.33,103999.82,0.00002996,0.000000,0.003000,0
2026-07-22 03:10:00,66246.90,66258.70,66241.60,66241.70,24.323000,416,10.738000,13.585000,66249.64,104005.32,0.00002956,0.000000,0.000000,0
2026-07-22 03:11:00,66241.60,66241.70,66214.20,66214.20,69.894000,496,7.368000,62.526000,66230.19,103996.44,0.00002956,0.000000,4.974000,0
2026-07-22 03:12:00,66214.20,66214.30,66145.10,66186.00,429.143000,2168,155.069000,274.074000,66178.55,103993.29,0.00002909,0.000000,0.357000,0
2026-07-22 03:13:00,66186.00,66200.00,66178.20,66199.90,52.735000,548,27.832000,24.903000,66190.91,104028.47,0.00002898,0.000000,0.003000,0
2026-07-22 03:14:00,66200.00,66200.40,66177.70,66196.30,62.498000,579,21.263000,41.235000,66195.23,104031.35,0.00002898,0.000000,0.090000,0
2026-07-22 03:15:00,66196.30,66196.40,66141.70,66154.10,93.197000,933,32.578000,60.619000,66164.23,104025.69,0.00002916,0.000000,0.750000,0
2026-07-22 03:16:00,66154.00,66190.70,66154.00,66190.70,45.609000,686,20.393000,25.216000,66170.44,104019.23,0.00002906,0.000000,0.000000,0
2026-07-22 03:17:00,66190.60,66193.90,66176.50,66186.40,31.407000,464,18.689000,12.718000,66188.77,104018.84,0.00002883,0.000000,0.000000,0
2026-07-22 03:18:00,66186.50,66195.00,66183.00,66195.00,41.767000,451,29.209000,12.558000,66190.00,104018.88,0.00002883,0.000000,0.000000,0
2026-07-22 03:19:00,66195.00,66200.40,66188.00,66195.30,52.462000,384,20.650000,31.812000,66197.98,104038.58,0.00002887,0.000000,0.000000,0
2026-07-22 03:20:00,66195.30,66229.00,66195.30,66228.90,43.276000,423,38.889000,4.387000,66211.29,104056.85,0.00002889,0.000000,0.000000,0
2026-07-22 03:21:00,66229.00,66242.00,66223.50,66241.90,34.766000,355,26.515000,8.251000,66229.79,104047.07,0.00002889,0.000000,0.000000,0
2026-07-22 03:22:00,66242.00,66275.60,66241.90,66269.20,57.712000,697,40.389000,17.323000,66260.34,104027.19,0.00002917,0.000000,0.000000,0
2026-07-22 03:23:00,66269.20,66277.10,66243.90,66243.90,59.672000,523,46.608000,13.064000,66260.65,104023.27,0.00002959,0.000000,0.000000,0
2026-07-22 03:24:00,66244.00,66257.60,66242.30,66257.60,21.511000,375,9.879000,11.632000,66249.91,104016.22,0.00003014,0.000000,0.000000,0
2026-07-22 03:25:00,66257.60,66268.00,66253.70,66253.80,17.914000,275,7.629000,10.285000,66261.94,104017.73,0.00003014,0.000000,0.000000,0
2026-07-22 03:26:00,66253.70,66253.80,66240.00,66250.80,28.857000,356,10.859000,17.998000,66250.91,104009.62,0.00003043,0.000000,0.000000,0
2026-07-22 03:27:00,66250.70,66268.40,66250.70,66260.60,19.567000,312,16.215000,3.352000,66258.37,104004.55,0.00003068,0.000000,0.000000,0
2026-07-22 03:28:00,66260.60,66274.70,66260.60,66274.70,9.411000,201,8.328000,1.083000,66268.30,104004.85,0.00003068,0.017000,0.000000,0
2026-07-22 03:29:00,66274.70,66285.00,66274.60,66285.00,31.487000,202,15.273000,16.214000,66279.37,103997.85,0.00003094,0.000000,0.000000,0
2026-07-22 03:30:00,66285.00,66285.00,66252.20,66252.20,98.150000,493,10.953000,87.197000,66275.74,104041.15,0.00003124,0.000000,0.000000,0
2026-07-22 03:31:00,66252.20,66283.00,66242.70,66282.80,37.909000,755,20.985000,16.924000,66270.67,104041.10,0.00003128,0.000000,0.000000,0
2026-07-22 03:32:00,66282.80,66287.90,66282.80,66287.90,9.034000,200,8.540000,0.494000,66283.56,104041.24,0.00003128,0.000000,0.000000,0
2026-07-22 03:33:00,66287.90,66287.90,66240.30,66240.40,32.154000,507,5.725000,26.429000,66266.34,104041.70,0.00003178,0.000000,0.007000,0
2026-07-22 03:34:00,66240.40,66252.70,66231.30,66252.70,12.100000,398,4.965000,7.135000,66238.20,104042.03,0.00003190,0.000000,0.000000,0
2026-07-22 03:35:00,66252.70,66252.70,66225.20,66225.20,18.565000,351,3.996000,14.569000,66236.24,104043.80,0.00003190,0.014000,0.449000,0
2026-07-22 03:36:00,66225.20,66225.30,66195.70,66195.70,14.539000,377,3.197000,11.342000,66211.33,104044.14,0.00003189,0.000000,0.000000,0
2026-07-22 03:37:00,66195.70,66199.00,66192.10,66198.90,30.403000,287,8.302000,22.101000,66195.78,104045.51,0.00003166,0.000000,0.000000,0
2026-07-22 03:38:00,66199.00,66223.80,66180.00,66221.10,65.643000,637,44.022000,21.621000,66207.70,104054.12,0.00003166,0.000000,0.002000,0
2026-07-22 03:39:00,66221.00,66224.80,66213.50,66224.80,17.099000,303,4.354000,12.745000,66220.64,104059.05,0.00003149,0.000000,0.000000,0
2026-07-22 03:40:00,66224.90,66230.00,66224.90,66228.40,22.760000,218,10.329000,12.431000,66229.70,104059.05,0.00003160,0.000000,0.000000,0
2026-07-22 03:41:00,66228.50,66230.00,66209.80,66224.50,99.437000,702,66.824000,32.613000,66223.02,104060.24,0.00003181,0.000000,0.000000,0
2026-07-22 03:42:00,66224.60,66250.00,66224.50,66234.40,65.424000,444,49.781000,15.643000,66235.40,104070.86,0.00003181,0.000000,0.000000,0
2026-07-22 03:43:00,66234.40,66234.40,66211.30,66212.50,13.506000,299,6.867000,6.639000,66223.23,104092.31,0.00003179,0.000000,0.000000,0
2026-07-22 03:44:00,66212.50,66231.00,66212.40,66231.00,24.830000,314,10.492000,14.338000,66226.38,104084.31,0.00003141,0.000000,0.000000,0
2026-07-22 03:45:00,66231.00,66254.30,66230.90,66247.40,27.220000,442,17.094000,10.126000,66247.52,104083.21,0.00003141,0.000000,0.000000,0
2026-07-22 03:46:00,66247.40,66273.70,66247.30,66273.70,16.898000,359,11.515000,5.383000,66265.53,104080.10,0.00003150,0.000000,0.000000,0
2026-07-22 03:47:00,66273.70,66310.70,66273.60,66303.90,58.238000,694,46.074000,12.164000,66294.02,104076.86,0.00003169,0.000000,0.000000,0
2026-07-22 03:48:00,66303.90,66311.20,66291.60,66307.10,22.292000,387,11.989000,10.303000,66301.81,104053.20,0.00003212,0.000000,0.000000,0
2026-07-22 03:49:00,66307.10,66329.20,66307.10,66329.10,27.368000,297,15.692000,11.676000,66315.42,104048.87,0.00003212,0.332000,0.000000,0
2026-07-22 03:50:00,66329.20,66329.20,66313.30,66313.30,26.617000,270,14.040000,12.577000,66322.99,104044.04,0.00003212,0.000000,0.000000,0
2026-07-22 03:51:00,66313.40,66313.40,66292.30,66292.40,14.383000,260,2.382000,12.001000,66302.51,104038.89,0.00003222,0.000000,0.000000,0
2026-07-22 03:52:00,66292.30,66313.40,66283.90,66283.90,43.199000,484,32.668000,10.531000,66296.74,104037.38,0.00003222,0.100000,0.000000,0
2026-07-22 03:53:00,66283.90,66307.60,66273.10,66291.30,29.195000,501,15.359000,13.836000,66290.95,104029.37,0.00003185,0.000000,0.000000,0
2026-07-22 03:54:00,66291.20,66291.20,66267.50,66267.60,13.859000,251,2.577000,11.282000,66272.89,104026.92,0.00003164,0.000000,0.000000,0
2026-07-22 03:55:00,66267.50,66267.60,66250.00,66250.10,16.549000,225,3.280000,13.269000,66256.62,104024.03,0.00003109,0.000000,0.000000,0
2026-07-22 03:56:00,66250.00,66250.10,66220.10,66223.70,19.811000,426,4.522000,15.289000,66232.57,104024.41,0.00003109,0.000000,0.000000,0
2026-07-22 03:57:00,66223.80,66229.70,66191.00,66191.50,176.432000,771,13.821000,162.611000,66211.47,104025.90,0.00003038,0.000000,0.000000,0
2026-07-22 03:58:00,66191.40,66226.40,66191.40,66217.50,38.414000,510,27.411000,11.003000,66208.91,104103.77,0.00003011,0.000000,0.000000,0
2026-07-22 03:59:00,66217.50,66223.40,66146.50,66146.50,101.678000,873,13.298000,88.380000,66189.38,104111.92,0.00003011,0.000000,0.002000,0
2026-07-22 04:00:00,66146.50,66183.00,66146.50,66176.60,50.020000,590,23.850000,26.170000,66173.14,104126.08,0.00003050,0.000000,0.000000,0
2026-07-22 04:01:00,66176.70,66200.00,66161.40,66200.00,70.230000,725,36.563000,33.667000,66174.07,104114.77,0.00003027,0.000000,0.000000,0
2026-07-22 04:02:00,66200.00,66200.00,66183.50,66198.20,46.806000,474,25.964000,20.842000,66194.61,104114.79,0.00003027,0.000000,0.012000,0
2026-07-22 04:03:00,66198.20,66230.70,66198.10,66230.60,28.080000,452,22.845000,5.235000,66207.57,104110.85,0.00003026,0.000000,0.000000,0
2026-07-22 04:04:00,66230.70,66268.80,66222.70,66264.00,38.801000,588,29.997000,8.804000,66247.81,104117.41,0.00003042,0.000000,0.000000,0
2026-07-22 04:05:00,66264.10,66293.20,66262.00,66290.90,29.180000,519,14.210000,14.970000,66283.54,104105.75,0.00003115,0.000000,0.000000,0
2026-07-22 04:06:00,66291.00,66302.20,66290.90,66296.00,35.560000,297,19.420000,16.140000,66298.03,104110.37,0.00003115,0.000000,0.000000,0
2026-07-22 04:07:00,66296.10,66320.00,66296.00,66316.80,28.449000,491,12.901000,15.548000,66309.91,104109.05,0.00003221,0.000000,0.000000,0
2026-07-22 04:08:00,66316.70,66316.80,66295.80,66295.80,25.458000,340,12.775000,12.683000,66301.56,104103.17,0.00003235,0.000000,0.000000,0
2026-07-22 04:09:00,66295.90,66320.00,66295.80,66312.00,17.103000,345,9.289000,7.814000,66303.10,104092.15,0.00003235,0.000000,0.000000,0
2026-07-22 04:10:00,66312.00,66312.00,66296.10,66301.90,26.758000,297,17.453000,9.305000,66299.80,104089.56,0.00003226,0.000000,0.071000,0
2026-07-22 04:11:00,66301.90,66311.90,66301.90,66311.90,41.206000,287,19.814000,21.392000,66305.31,104092.87,0.00003223,0.000000,0.000000,0
2026-07-22 04:12:00,66311.90,66311.90,66296.80,66299.00,28.360000,219,2.933000,25.427000,66303.19,104096.30,0.00003223,0.000000,0.000000,0
2026-07-22 04:13:00,66299.00,66309.10,66295.80,66295.80,31.851000,276,16.829000,15.022000,66302.21,104110.65,0.00003235,0.000000,0.000000,0
2026-07-22 04:14:00,66295.80,66302.00,66290.00,66302.00,17.352000,234,7.198000,10.154000,66295.48,104112.55,0.00003221,0.000000,0.000000,0
2026-07-22 04:15:00,66301.90,66307.80,66301.90,66307.70,12.442000,200,10.259000,2.183000,66305.34,104114.85,0.00003206,0.000000,0.000000,0
2026-07-22 04:16:00,66307.70,66322.90,66307.70,66322.90,24.820000,358,20.318000,4.502000,66312.91,104115.50,0.00003206,0.000000,0.000000,0
2026-07-22 04:17:00,66322.80,66330.00,66322.80,66330.00,21.118000,300,17.445000,3.673000,66327.48,104108.82,0.00003215,0.000000,0.000000,0
2026-07-22 04:18:00,66329.90,66348.50,66329.90,66342.80,44.879000,424,31.168000,13.711000,66340.15,104109.58,0.00003213,0.004000,0.000000,0
2026-07-22 04:19:00,66342.80,66355.40,66335.90,66342.90,50.810000,519,28.595000,22.215000,66345.07,104097.53,0.00003213,0.018000,0.000000,0
2026-07-22 04:20:00,66342.90,66358.00,66301.70,66301.70,98.771000,820,38.990000,59.781000,66333.38,104091.16,0.00003199,0.000000,0.000000,0
2026-07-22 04:21:00,66301.80,66346.50,66300.00,66336.90,91.016000,905,62.051000,28.965000,66328.14,104079.05,0.00003187,0.000000,0.000000,0
2026-07-22 04:22:00,66336.90,66362.70,66336.80,66362.60,30.484000,396,13.772000,16.712000,66348.23,104059.48,0.00003181,0.000000,0.000000,0
2026-07-22 04:23:00,66362.60,66365.00,66344.80,66346.60,25.380000,334,14.680000,10.700000,66350.96,104063.62,0.00003181,0.000000,0.000000,0
2026-07-22 04:24:00,66346.60,66360.00,66340.00,66340.10,40.540000,505,18.113000,22.427000,66347.42,104060.31,0.00003177,0.000000,0.000000,0
2026-07-22 04:25:00,66340.00,66369.80,66340.00,66351.60,45.865000,540,31.753000,14.112000,66351.55,104047.68,0.00003157,0.000000,0.000000,0
2026-07-22 04:26:00,66351.60,66351.60,66337.70,66337.70,6.836000,181,4.003000,2.833000,66344.61,104045.06,0.00003157,0.000000,0.000000,0
2026-07-22 04:27:00,66337.70,66337.80,66331.10,66331.40,10.616000,222,7.118000,3.498000,66334.91,104045.99,0.00003145,0.000000,0.000000,0
2026-07-22 04:28:00,66331.40,66331.50,66324.40,66324.40,8.690000,166,5.679000,3.011000,66326.64,104045.88,0.00003101,0.000000,0.000000,0
2026-07-22 04:29:00,66324.40,66348.70,66324.40,66348.60,45.884000,256,43.669000,2.215000,66330.68,104043.37,0.00003101,0.000000,0.000000,0
2026-07-22 04:30:00,66348.70,66366.90,66332.90,66333.00,33.452000,535,14.217000,19.235000,66359.92,104042.29,0.00003053,0.000000,0.000000,0
2026-07-22 04:31:00,66332.90,66347.40,66310.00,66310.00,44.883000,531,19.088000,25.795000,66336.56,104041.07,0.00003032,0.000000,0.000000,0
2026-07-22 04:32:00,66310.00,66338.40,66306.00,66325.80,31.416000,506,17.794000,13.622000,66323.23,104041.73,0.00002997,0.000000,0.000000,0
2026-07-22 04:33:00,66325.80,66325.90,66315.80,66321.00,9.546000,289,2.264000,7.282000,66322.36,104037.88,0.00002997,0.000000,0.013000,0
2026-07-22 04:34:00,66321.10,66321.10,66306.90,66306.90,16.555000,373,4.970000,11.585000,66311.88,104038.70,0.00002962,0.000000,0.000000,0
2026-07-22 04:35:00,66306.90,66339.10,66283.90,66339.00,90.133000,969,79.917000,10.216000,66302.06,104036.80,0.00002934,0.000000,0.000000,0
2026-07-22 04:36:00,66338.90,66339.00,66296.90,66319.70,40.369000,691,13.200000,27.169000,66315.24,103986.51,0.00002934,0.000000,0.000000,0
2026-07-22 04:37:00,66319.80,66345.70,66319.70,66345.70,22.179000,331,18.002000,4.177000,66332.41,103982.86,0.00002864,0.000000,0.000000,0
2026-07-22 04:38:00,66345.70,66367.60,66345.70,66352.40,112.310000,519,64.062000,48.248000,66358.81,103981.88,0.00002841,0.000000,0.001000,0
2026-07-22 04:39:00,66352.40,66386.30,66352.40,66379.20,43.874000,551,34.994000,8.880000,66374.93,103980.46,0.00002841,0.010000,0.000000,0
2026-07-22 04:40:00,66379.30,66379.30,66356.20,66356.20,16.685000,267,8.799000,7.886000,66367.80,103976.21,0.00002859,0.000000,0.000000,0
2026-07-22 04:41:00,66356.20,66358.20,66352.40,66358.20,12.719000,205,9.007000,3.712000,66353.82,103978.76,0.00002883,0.000000,0.000000,0
2026-07-22 04:42:00,66358.20,66394.60,66358.10,66394.60,16.157000,432,12.309000,3.848000,66378.45,103975.55,0.00002862,0.001000,0.000000,0
2026-07-22 04:43:00,66394.60,66399.00,66374.50,66380.50,100.993000,587,64.935000,36.058000,66388.22,103962.20,0.00002862,0.000000,0.000000,0
2026-07-22 04:44:00,66380.60,66391.20,66376.20,66380.30,30.720000,347,12.506000,18.214000,66385.87,103956.46,0.00002905,0.000000,0.000000,0
2026-07-22 04:45:00,66380.30,66391.10,66380.20,66387.60,17.530000,205,11.225000,6.305000,66387.99,103957.42,0.00002897,0.000000,0.000000,0
2026-07-22 04:46:00,66387.50,66387.60,66358.60,66358.70,23.928000,339,4.036000,19.892000,66375.37,103954.45,0.00002897,0.000000,0.000000,0
2026-07-22 04:47:00,66358.70,66358.70,66334.50,66334.50,13.517000,275,2.414000,11.103000,66351.86,103955.29,0.00002877,0.000000,0.001000,0
2026-07-22 04:48:00,66334.50,66334.60,66322.40,66322.50,13.614000,298,1.908000,11.706000,66327.09,103960.16,0.00002830,0.000000,0.000000,0
2026-07-22 04:49:00,66322.40,66338.40,66322.40,66332.70,17.178000,301,10.459000,6.719000,66329.97,103956.92,0.00002830,0.000000,0.000000,0
2026-07-22 04:50:00,66332.70,66332.70,66316.60,66322.30,11.147000,264,4.694000,6.453000,66319.82,103956.24,0.00002739,0.000000,0.000000,0
2026-07-22 04:51:00,66322.40,66322.40,66310.60,66310.60,11.303000,182,3.168000,8.135000,66313.90,103956.11,0.00002680,0.000000,0.000000,0
2026-07-22 04:52:00,66310.60,66315.00,66305.60,66315.00,12.286000,207,6.513000,5.773000,66308.38,103957.76,0.00002634,0.000000,0.000000,0
2026-07-22 04:53:00,66315.00,66350.00,66312.60,66337.10,50.575000,767,36.594000,13.981000,66331.29,103955.04,0.00002634,0.000000,0.000000,0
2026-07-22 04:54:00,66337.10,66357.80,66336.50,66336.60,19.585000,381,12.225000,7.360000,66348.52,103959.37,0.00002606,0.000000,0.000000,0
2026-07-22 04:55:00,66336.50,66336.50,66327.40,66327.70,11.644000,277,5.234000,6.410000,66331.79,103956.68,0.00002582,0.000000,0.000000,0
2026-07-22 04:56:00,66327.60,66327.70,66324.80,66324.90,8.896000,152,5.369000,3.527000,66327.05,103956.23,0.00002582,0.000000,0.000000,0
2026-07-22 04:57:00,66324.90,66324.90,66324.80,66324.80,4.401000,80,1.325000,3.076000,66324.83,103957.40,0.00002529,0.000000,0.000000,0
2026-07-22 04:58:00,66324.80,66354.80,66324.80,66354.70,20.327000,295,15.646000,4.681000,66336.59,103958.14,0.00002495,0.000000,0.000000,0
2026-07-22 04:59:00,66354.70,66354.80,66339.00,66343.80,13.548000,212,6.618000,6.930000,66345.37,103960.80,0.00002491,0.000000,0.000000,0
2026-07-22 05:00:00,66343.80,66352.30,66343.80,66349.30,18.856000,240,6.679000,12.177000,66349.73,103962.66,0.00002491,0.000000,0.000000,0
2026-07-22 05:01:00,66349.20,66349.30,66325.70,66325.70,16.336000,308,3.383000,12.953000,66336.51,103968.35,0.00002490,0.000000,0.000000,0
2026-07-22 05:02:00,66325.70,66331.80,66318.00,66331.70,21.361000,371,8.954000,12.407000,66322.57,103969.59,0.00002476,0.000000,0.000000,0
2026-07-22 05:03:00,66331.80,66336.50,66318.20,66323.40,46.721000,429,41.052000,5.669000,66328.54,103966.38,0.00002476,0.000000,0.000000,0
2026-07-22 05:04:00,66323.30,66327.80,66320.60,66320.70,25.260000,153,13.700000,11.560000,66325.56,103949.22,0.00002418,0.000000,0.000000,0
2026-07-22 05:05:00,66320.60,66320.60,66266.30,66266.30,74.478000,631,5.832000,68.646000,66295.40,103967.94,0.00002379,0.000000,0.000000,0
2026-07-22 05:06:00,66266.30,66266.40,66250.00,66250.00,34.321000,389,12.988000,21.333000,66260.41,103958.09,0.00002379,0.000000,0.000000,0
2026-07-22 05:07:00,66250.00,66263.40,66242.10,66242.10,27.368000,392,9.087000,18.281000,66250.15,103965.35,0.00002339,0.000000,0.000000,0
2026-07-22 05:08:00,66242.20,66253.00,66240.00,66253.00,39.817000,425,30.522000,9.295000,66243.14,103966.14,0.00002324,0.000000,0.000000,0
2026-07-22 05:09:00,66252.90,66266.00,66252.90,66262.00,30.153000,384,9.961000,20.192000,66258.96,103976.54,0.00002276,0.000000,0.000000,0
2026-07-22 05:10:00,66262.00,66265.40,66247.60,66247.60,15.453000,272,7.688000,7.765000,66261.10,103975.38,0.00002276,0.000000,0.005000,0
2026-07-22 05:11:00,66247.60,66255.30,66243.60,66253.80,31.337000,325,22.604000,8.733000,66248.23,103987.02,0.00002275,0.000000,0.000000,0
2026-07-22 05:12:00,66253.80,66265.70,66253.80,66260.40,32.908000,264,11.060000,21.848000,66264.05,103980.53,0.00002257,0.000000,0.000000,0
2026-07-22 05:13:00,66260.30,66260.40,66217.10,66232.40,57.124000,881,13.634000,43.490000,66237.60,103988.50,0.00002257,0.000000,0.000000,0
2026-07-22 05:14:00,66232.40,66246.60,66228.60,66246.50,20.173000,360,13.549000,6.624000,66239.06,103988.64,0.00002234,0.000000,0.000000,0
2026-07-22 05:15:00,66246.50,66246.60,66237.30,66245.80,30.067000,299,11.723000,18.344000,66243.47,103982.26,0.00002245,0.000000,0.000000,0
2026-07-22 05:16:00,66245.70,66245.80,66232.70,66238.10,38.459000,354,6.848000,31.611000,66240.18,103980.86,0.00002261,0.000000,0.000000,0
2026-07-22 05:17:00,66238.20,66238.20,66178.80,66178.90,71.749000,820,15.632000,56.117000,66198.16,103977.34,0.00002261,0.000000,0.140000,0
2026-07-22 05:18:00,66178.90,66178.90,66154.00,66154.00,85.321000,556,12.862000,72.459000,66164.26,103974.25,0.00002271,0.000000,0.150000,0
2026-07-22 05:19:00,66154.00,66165.10,66103.40,66134.30,282.842000,1642,112.526000,170.316000,66127.65,103967.02,0.00002255,0.000000,0.229000,0
2026-07-22 05:20:00,66134.40,66158.60,66134.30,66146.70,93.624000,886,53.816000,39.808000,66149.38,103956.75,0.00002255,0.000000,0.000000,0
2026-07-22 05:21:00,66146.70,66146.80,66081.10,66084.20,300.997000,1683,117.364000,183.633000,66099.28,103997.87,0.00002265,0.000000,2.075000,0
2026-07-22 05:22:00,66084.10,66095.20,66068.00,66068.00,237.257000,1446,85.528000,151.729000,66078.75,103993.28,0.00002295,0.000000,0.345000,0
2026-07-22 05:23:00,66068.10,66087.80,66010.50,66044.80,308.836000,1693,97.935000,210.901000,66050.85,103980.68,0.00002295,0.000000,1.798000,0
2026-07-22 05:24:00,66044.70,66054.00,66033.60,66052.60,139.987000,735,70.228000,69.759000,66046.31,103969.76,0.00002303,0.000000,0.177000,0
2026-07-22 05:25:00,66052.50,66052.60,66012.90,66052.40,171.260000,1177,86.368000,84.892000,66036.54,103989.41,0.00002317,0.000000,0.044000,0
2026-07-22 05:26:00,66052.40,66101.50,66052.40,66086.50,304.568000,1193,216.748000,87.820000,66078.81,103993.46,0.00002370,0.000000,0.000000,0
2026-07-22 05:27:00,66086.60,66110.70,66073.10,66092.60,98.437000,946,56.545000,41.892000,66093.32,104082.51,0.00002370,0.000000,0.000000,0
2026-07-22 05:28:00,66092.70,66100.00,66070.00,66079.50,57.261000,620,32.160000,25.101000,66087.23,104101.30,0.00002391,0.000000,0.000000,0
2026-07-22 05:29:00,66079.60,66079.60,66017.90,66031.90,143.620000,1050,35.218000,108.402000,66040.28,104100.28,0.00002413,0.000000,0.000000,0
2026-07-22 05:30:00,66032.00,66050.10,66031.90,66044.50,128.984000,649,50.527000,78.457000,66044.20,104154.54,0.00002413,0.300000,0.434000,0
2026-07-22 05:31:00,66044.40,66082.70,66038.10,66073.60,74.676000,699,41.491000,33.185000,66057.03,104202.57,0.00002419,0.000000,0.000000,0
2026-07-22 05:32:00,66073.70,66077.50,66020.50,66036.40,183.393000,1048,57.073000,126.320000,66048.81,104195.70,0.00002471,0.000000,0.000000,0
2026-07-22 05:33:00,66036.40,66066.80,66036.40,66046.30,111.124000,1228,53.657000,57.467000,66048.65,104162.44,0.00002513,0.000000,0.000000,0
2026-07-22 05:34:00,66046.40,66101.60,66046.30,66079.80,141.672000,964,123.116000,18.556000,66080.25,104177.23,0.00002513,0.000000,0.000000,0
2026-07-22 05:35:00,66079.80,66103.80,66079.70,66095.00,73.871000,487,31.415000,42.456000,66097.93,104149.10,0.00002537,0.000000,0.000000,0
2026-07-22 05:36:00,66095.00,66095.00,66054.00,66054.00,44.228000,712,11.296000,32.932000,66076.42,104153.15,0.00002580,0.000000,0.000000,0
2026-07-22 05:37:00,66053.80,66066.30,65977.00,65989.70,333.447000,1897,69.120000,264.327000,66004.96,104154.39,0.00002580,0.000000,2.142000,0
2026-07-22 05:38:00,65989.70,66009.60,65989.70,66001.90,139.750000,710,84.430000,55.320000,65998.82,104197.43,0.00002590,0.000000,0.000000,0
2026-07-22 05:39:00,66002.00,66004.20,65984.90,65984.90,167.727000,671,76.191000,91.536000,65996.14,104197.85,0.00002606,0.000000,0.000000,0
2026-07-22 05:40:00,65984.90,65993.10,65977.00,65987.80,248.107000,545,102.939000,145.168000,65980.58,104269.05,0.00002641,0.000000,0.072000,0
2026-07-22 05:41:00,65987.90,65987.90,65958.60,65962.40,445.856000,850,50.927000,394.929000,65972.61,104296.52,0.00002641,0.000000,0.687000,0
2026-07-22 05:42:00,65962.40,65979.20,65959.90,65979.20,197.778000,621,141.115000,56.663000,65970.13,104369.30,0.00002665,0.000000,0.000000,0
2026-07-22 05:43:00,65979.10,65979.20,65963.50,65963.50,81.750000,472,20.912000,60.838000,65969.94,104402.77,0.00002727,0.000000,0.000000,0
2026-07-22 05:44:00,65963.50,65963.60,65951.00,65951.00,265.516000,624,85.480000,180.036000,65954.41,104417.45,0.00002727,0.000000,0.186000,0
2026-07-22 05:45:00,65951.00,65978.30,65951.00,65960.00,219.269000,681,86.593000,132.676000,65961.85,104345.18,0.00002786,0.000000,0.000000,0
2026-07-22 05:46:00,65960.00,65971.10,65951.00,65951.00,242.089000,1092,70.217000,171.872000,65962.28,104314.91,0.00002832,0.000000,0.000000,0
2026-07-22 05:47:00,65951.10,66004.40,65923.60,66004.30,515.969000,1541,220.705000,295.264000,65949.13,104291.94,0.00002832,0.000000,0.639000,0
2026-07-22 05:48:00,66004.40,66006.30,65978.70,65992.30,162.068000,805,119.364000,42.704000,65993.72,104343.11,0.00002885,0.000000,0.000000,0
2026-07-22 05:49:00,65992.20,65992.30,65923.10,65934.90,439.900000,1167,54.812000,385.088000,65947.13,104136.71,0.00002948,0.000000,1.506000,0
2026-07-22 05:50:00,65935.00,65962.30,65909.10,65962.30,191.582000,1014,68.798000,122.784000,65926.42,104073.29,0.00002978,0.000000,0.324000,0
2026-07-22 05:51:00,65962.30,65979.90,65956.70,65979.90,45.331000,435,29.342000,15.989000,65963.55,104074.35,0.00002978,0.000000,0.000000,0
2026-07-22 05:52:00,65979.90,65997.00,65979.80,65980.10,71.925000,502,57.428000,14.497000,65982.35,104077.63,0.00003055,0.000000,0.000000,0
2026-07-22 05:53:00,65980.00,66008.70,65977.30,65977.40,75.473000,653,30.999000,44.474000,65992.80,104053.57,0.00003142,0.000000,0.000000,0
2026-07-22 05:54:00,65977.40,65977.40,65940.00,65965.30,174.100000,1050,123.272000,50.828000,65957.65,104078.06,0.00003142,0.000000,0.000000,0
2026-07-22 05:55:00,65965.20,65975.50,65940.70,65941.00,62.049000,946,35.796000,26.253000,65956.24,104124.63,0.00003189,0.000000,0.000000,0
2026-07-22 05:56:00,65940.90,65959.30,65936.60,65936.70,46.693000,651,18.209000,28.484000,65946.54,104124.19,0.00003212,0.000000,0.000000,0
2026-07-22 05:57:00,65936.60,65955.40,65926.20,65955.40,109.154000,640,32.195000,76.959000,65932.73,104166.72,0.00003238,0.000000,0.050000,0
2026-07-22 05:58:00,65955.40,65965.20,65937.80,65956.10,46.502000,549,29.640000,16.862000,65951.55,104161.32,0.00003238,0.000000,0.000000,0
2026-07-22 05:59:00,65956.20,65968.50,65952.70,65957.70,46.641000,390,26.620000,20.021000,65961.63,104169.05,0.00003270,0.000000,0.000000,0
2026-07-22 06:00:00,65957.70,65957.70,65938.70,65954.40,36.461000,452,14.970000,21.491000,65949.38,104165.93,0.00003326,0.000000,0.000000,0
2026-07-22 06:01:00,65954.50,66000.00,65954.40,65993.10,119.072000,998,85.310000,33.762000,65980.16,104162.89,0.00003326,0.000000,0.000000,0
2026-07-22 06:02:00,65993.00,65993.10,65960.00,65969.60,62.961000,954,28.419000,34.542000,65976.08,104175.84,0.00003374,0.000000,0.000000,0
2026-07-22 06:03:00,65969.60,65969.60,65923.80,65958.00,118.203000,910,21.025000,97.178000,65941.49,104237.46,0.00003421,0.000000,0.020000,0
2026-07-22 06:04:00,65957.90,65990.00,65951.80,65979.00,113.608000,786,89.293000,24.315000,65977.27,104177.50,0.00003421,0.000000,0.000000,0
2026-07-22 06:05:00,65979.00,65981.90,65950.60,65959.50,138.450000,938,34.499000,103.951000,65966.55,104164.80,0.00003432,0.000000,0.002000,0
2026-07-22 06:06:00,65959.50,65965.40,65928.00,65929.40,49.182000,559,7.985000,41.197000,65938.61,104145.90,0.00003462,0.002000,0.000000,0
2026-07-22 06:07:00,65929.50,65946.50,65911.80,65920.30,110.826000,889,25.957000,84.869000,65928.12,104171.43,0.00003464,0.000000,0.000000,0
2026-07-22 06:08:00,65920.20,65920.20,65889.10,65899.80,191.714000,893,39.403000,152.311000,65899.66,104163.00,0.00003464,0.000000,0.926000,0
2026-07-22 06:09:00,65899.90,65901.60,65889.00,65889.10,150.314000,560,38.936000,111.378000,65891.26,104081.54,0.00003469,0.000000,0.089000,0
2026-07-22 06:10:00,65889.00,65901.60,65889.00,65892.70,76.530000,460,36.425000,40.105000,65895.14,104050.77,0.00003455,0.000000,0.000000,0
2026-07-22 06:11:00,65892.80,65892.80,65850.00,65857.10,407.657000,1036,48.517000,359.140000,65874.90,103904.60,0.00003455,0.000000,3.284000,0
2026-07-22 06:12:00,65857.20,65938.70,65855.30,65930.10,349.116000,1438,298.045000,51.071000,65890.21,103850.71,0.00003461,0.000000,0.000000,0
2026-07-22 06:13:00,65930.10,65967.80,65907.80,65952.60,89.323000,1151,68.623000,20.700000,65937.52,103818.26,0.00003475,0.000000,0.000000,0
2026-07-22 06:14:00,65953.00,65958.10,65925.00,65934.30,66.673000,700,38.227000,28.446000,65938.59,103822.45,0.00003541,0.000000,0.000000,0
2026-07-22 06:15:00,65934.20,65959.80,65923.20,65959.80,65.807000,709,37.102000,28.705000,65947.24,103825.43,0.00003541,0.000000,0.000000,0
2026-07-22 06:16:00,65959.70,65959.80,65911.20,65915.60,141.551000,1022,77.245000,64.306000,65928.54,103861.86,0.00003580,0.000000,0.000000,0
2026-07-22 06:17:00,65915.70,65917.90,65890.80,65894.20,47.718000,640,18.388000,29.330000,65902.05,103850.28,0.00003611,0.000000,0.000000,0
2026-07-22 06:18:00,65894.20,65913.30,65888.00,65888.10,38.103000,650,22.475000,15.628000,65900.58,103844.71,0.00003611,0.000000,0.000000,0
2026-07-22 06:19:00,65888.00,65917.80,65888.00,65910.00,44.043000,760,27.073000,16.970000,65908.55,103854.87,0.00003617,0.000000,0.000000,0
2026-07-22 06:20:00,65910.10,65917.80,65874.50,65898.90,167.281000,1194,125.659000,41.622000,65896.58,103840.63,0.00003649,0.000000,0.063000,0
2026-07-22 06:21:00,65898.90,65899.00,65817.20,65852.50,237.980000,1362,58.061000,179.919000,65850.66,103836.02,0.00003649,0.000000,2.389000,0
2026-07-22 06:22:00,65852.40,65887.40,65830.30,65872.80,354.539000,2548,272.176000,82.363000,65860.13,103764.59,0.00003681,0.000000,0.000000,0
2026-07-22 06:23:00,65872.80,65872.80,65817.40,65841.90,221.040000,1466,126.533000,94.507000,65840.76,103761.88,0.00003700,0.000000,0.000000,0
2026-07-22 06:24:00,65841.80,65856.00,65840.00,65855.90,71.523000,609,50.726000,20.797000,65845.83,103837.56,0.00003735,0.000000,0.000000,0
2026-07-22 06:25:00,65856.00,65856.00,65836.20,65851.80,52.575000,570,21.393000,31.182000,65844.44,103837.54,0.00003735,0.000000,0.000000,0
2026-07-22 06:26:00,65851.80,65863.40,65827.10,65845.70,145.381000,1053,89.616000,55.765000,65848.65,103839.73,0.00003767,0.000000,0.000000,0
2026-07-22 06:27:00,65845.60,65845.70,65811.00,65816.20,114.172000,1019,33.239000,80.933000,65822.82,103813.42,0.00003811,0.000000,1.398000,0
2026-07-22 06:28:00,65816.30,65820.70,65807.90,65811.10,106.161000,650,36.790000,69.371000,65811.69,103794.90,0.00003811,0.000000,0.008000,0
2026-07-22 06:29:00,65811.00,65857.50,65811.00,65835.60,104.438000,763,63.939000,40.499000,65840.60,103793.20,0.00003850,0.000000,0.000000,0
2026-07-22 06:30:00,65835.70,65839.90,65820.00,65833.90,60.601000,610,21.042000,39.559000,65828.37,103800.74,0.00003930,0.000000,0.000000,0
2026-07-22 06:31:00,65833.90,65834.50,65800.10,65817.10,176.013000,962,74.487000,101.526000,65814.04,103791.45,0.00003930,0.000000,0.202000,0
2026-07-22 06:32:00,65817.20,65859.90,65807.60,65854.40,180.974000,1176,115.694000,65.280000,65839.19,103817.02,0.00003973,0.000000,0.000000,0
2026-07-22 06:33:00,65854.30,65910.70,65854.30,65910.70,90.146000,743,83.893000,6.253000,65880.21,103811.03,0.00004032,0.000000,0.000000,0
2026-07-22 06:34:00,65910.70,65910.70,65883.50,65895.90,61.424000,584,33.472000,27.952000,65894.74,103819.75,0.00004106,0.000000,0.000000,0
2026-07-22 06:35:00,65896.00,65930.00,65895.90,65910.10,106.784000,653,73.590000,33.194000,65916.19,103801.99,0.00004106,0.000000,0.000000,0
2026-07-22 06:36:00,65910.10,65957.00,65910.00,65915.30,136.712000,920,64.926000,71.786000,65937.15,103778.61,0.00004161,0.000000,0.000000,0
2026-07-22 06:37:00,65915.30,65964.50,65915.20,65964.50,68.536000,687,48.792000,19.744000,65946.63,103749.13,0.00004226,0.000000,0.000000,0
2026-07-22 06:38:00,65964.40,65973.70,65938.00,65940.70,78.734000,583,37.394000,41.340000,65959.14,103749.46,0.00004226,0.001000,0.000000,0
2026-07-22 06:39:00,65940.80,65940.80,65916.50,65925.90,25.966000,404,15.127000,10.839000,65925.82,103751.51,0.00004284,0.000000,0.000000,0
2026-07-22 06:40:00,65925.90,65936.20,65910.00,65934.60,52.388000,541,26.039000,26.349000,65925.89,103757.46,0.00004301,0.000000,0.000000,0
2026-07-22 06:41:00,65934.50,65942.60,65906.60,65906.60,73.066000,739,25.715000,47.351000,65924.55,103774.28,0.00004301,0.000000,0.000000,0
2026-07-22 06:42:00,65906.30,65929.10,65906.30,65929.00,41.716000,458,19.707000,22.009000,65918.71,103780.20,0.00004354,0.000000,0.000000,0
2026-07-22 06:43:00,65929.00,65929.10,65918.40,65922.40,17.333000,304,11.272000,6.061000,65921.92,103781.37,0.00004389,0.009000,0.005000,0
2026-07-22 06:44:00,65922.50,65936.20,65918.50,65933.40,51.546000,552,21.312000,30.234000,65928.47,103784.06,0.00004406,0.000000,0.000000,0
2026-07-22 06:45:00,65933.40,65955.00,65920.40,65927.10,224.834000,1005,186.428000,38.406000,65938.92,103843.75,0.00004406,0.000000,0.000000,0
2026-07-22 06:46:00,65927.10,65927.10,65900.00,65919.00,102.497000,987,67.076000,35.421000,65914.20,103831.91,0.00004458,0.000000,0.001000,0
2026-07-22 06:47:00,65918.90,65919.00,65909.90,65914.60,40.429000,259,22.308000,18.121000,65913.94,103826.54,0.00004481,0.000000,0.000000,0
2026-07-22 06:48:00,65914.60,65914.70,65870.00,65882.60,52.090000,708,15.191000,36.899000,65886.88,103828.95,0.00004481,0.001000,0.021000,0
2026-07-22 06:49:00,65882.70,65891.30,65882.60,65891.30,18.792000,244,10.365000,8.427000,65882.83,103829.33,0.00004513,0.012000,0.000000,0
2026-07-22 06:50:00,65891.20,65899.50,65875.40,65899.50,44.768000,452,18.387000,26.381000,65886.43,103828.08,0.00004535,0.000000,0.001000,0
2026-07-22 06:51:00,65899.50,65908.90,65891.50,65904.30,37.309000,525,20.043000,17.266000,65900.68,103823.98,0.00004535,0.000000,0.000000,0
2026-07-22 06:52:00,65904.30,65929.60,65904.30,65925.50,41.186000,358,32.411000,8.775000,65916.74,103823.43,0.00004574,0.000000,0.000000,0
2026-07-22 06:53:00,65925.50,65940.00,65925.40,65925.40,30.010000,373,21.992000,8.018000,65929.65,103826.57,0.00004630,0.000000,0.000000,0
2026-07-22 06:54:00,65925.50,65925.50,65890.30,65906.50,50.341000,692,26.801000,23.540000,65905.42,103837.60,0.00004683,0.000000,0.013000,0
2026-07-22 06:55:00,65906.60,65914.40,65904.30,65904.30,29.416000,352,18.585000,10.831000,65912.80,103838.93,0.00004683,0.075000,0.005000,0
2026-07-22 06:56:00,65904.40,65908.30,65890.40,65890.40,49.505000,434,10.464000,39.041000,65898.04,103841.97,0.00004700,0.000000,0.000000,0
2026-07-22 06:57:00,65890.50,65909.60,65888.00,65906.70,42.746000,349,30.664000,12.082000,65901.51,103841.94,0.00004727,0.043000,0.004000,0
2026-07-22 06:58:00,65906.70,65906.70,65902.90,65902.90,8.465000,151,3.218000,5.247000,65906.21,103846.99,0.00004727,0.000000,0.000000,0
2026-07-22 06:59:00,65902.90,65903.00,65888.00,65891.70,32.998000,277,15.538000,17.460000,65893.37,103841.19,0.00004743,0.100000,0.000000,0
2026-07-22 07:00:00,65891.70,65906.80,65891.70,65906.80,42.970000,249,38.521000,4.449000,65902.89,103837.51,0.00004759,0.000000,0.000000,0
2026-07-22 07:01:00,65906.70,65932.30,65894.60,65932.30,72.382000,662,45.201000,27.181000,65908.27,103832.81,0.00004786,0.000000,0.000000,0
2026-07-22 07:02:00,65932.30,65941.50,65916.90,65917.00,53.821000,530,34.591000,19.230000,65926.44,103832.37,0.00004786,0.000000,0.000000,0
2026-07-22 07:03:00,65917.00,65939.00,65910.00,65910.00,45.042000,525,26.003000,19.039000,65928.35,103832.37,0.00004823,0.000000,0.000000,0
2026-07-22 07:04:00,65910.10,65910.10,65904.10,65909.90,19.719000,219,11.658000,8.061000,65905.20,103837.36,0.00004850,0.000000,0.000000,0
2026-07-22 07:05:00,65910.00,65923.90,65891.00,65891.10,56.665000,618,21.515000,35.150000,65906.62,103836.91,0.00004850,0.002000,0.000000,0
2026-07-22 07:06:00,65891.10,65891.80,65880.00,65882.10,47.863000,512,18.665000,29.198000,65885.77,103833.43,0.00004857,0.000000,0.000000,0
2026-07-22 07:07:00,65882.00,65882.00,65866.00,65872.40,34.716000,415,8.850000,25.866000,65872.59,103855.78,0.00004858,0.000000,0.000000,0
2026-07-22 07:08:00,65872.40,65894.00,65872.30,65881.90,80.092000,755,55.505000,24.587000,65882.22,103853.18,0.00004858,0.000000,0.000000,0
2026-07-22 07:09:00,65881.80,65887.40,65860.00,65862.20,25.953000,419,9.259000,16.694000,65868.30,103877.33,0.00004854,0.000000,0.000000,0
2026-07-22 07:10:00,65862.20,65899.90,65862.20,65899.90,87.995000,713,66.086000,21.909000,65880.69,103871.99,0.00004876,0.000000,0.104000,0
2026-07-22 07:11:00,65899.90,65906.60,65871.10,65877.40,145.392000,807,32.670000,112.722000,65889.82,103850.90,0.00004876,0.000000,0.000000,0
2026-07-22 07:12:00,65877.40,65887.30,65864.70,65866.20,76.578000,646,58.249000,18.329000,65875.86,103881.68,0.00004876,0.000000,0.000000,0
2026-07-22 07:13:00,65866.20,65885.60,65860.00,65885.60,32.120000,355,21.358000,10.762000,65868.60,103860.85,0.00004885,0.000000,0.000000,0
2026-07-22 07:14:00,65885.60,65906.40,65885.50,65885.50,47.811000,436,25.164000,22.647000,65898.09,103857.88,0.00004900,0.000000,0.000000,0
2026-07-22 07:15:00,65885.50,65887.70,65872.30,65878.00,26.169000,400,10.753000,15.416000,65876.53,103864.36,0.00004900,0.000000,0.000000,0
2026-07-22 07:16:00,65878.00,65900.30,65878.00,65894.10,32.093000,588,18.887000,13.206000,65894.72,103868.46,0.00004915,0.000000,0.044000,0
2026-07-22 07:17:00,65894.00,65905.40,65894.00,65894.10,22.214000,395,13.143000,9.071000,65898.91,103866.33,0.00004916,0.002000,0.013000,0
2026-07-22 07:18:00,65894.00,65894.10,65873.70,65881.20,38.852000,543,25.716000,13.136000,65881.13,103865.53,0.00004916,0.000000,0.022000,0
2026-07-22 07:19:00,65881.30,65881.30,65837.30,65837.30,70.400000,588,13.888000,56.512000,65858.55,103872.66,0.00004937,0.021000,0.000000,0
2026-07-22 07:20:00,65837.40,65886.80,65833.30,65886.80,158.012000,825,125.253000,32.759000,65854.66,103882.19,0.00004938,0.000000,0.000000,0
2026-07-22 07:21:00,65886.80,65886.80,65854.10,65866.80,98.856000,633,23.923000,74.933000,65863.62,103836.60,0.00004937,0.000000,0.000000,0
2026-07-22 07:22:00,65866.90,65904.10,65866.90,65892.50,59.762000,516,47.563000,12.199000,65898.29,103860.43,0.00004937,0.000000,0.000000,0
2026-07-22 07:23:00,65892.60,65915.30,65892.50,65915.20,24.126000,370,20.561000,3.565000,65903.05,103870.12,0.00004981,0.000000,0.000000,0
2026-07-22 07:24:00,65915.30,65915.30,65869.60,65869.70,34.232000,448,5.986000,28.246000,65899.70,103865.34,0.00005002,0.000000,0.000000,0
2026-07-22 07:25:00,65869.60,65869.70,65846.70,65846.80,32.695000,344,7.124000,25.571000,65860.84,103870.46,0.00005002,0.000000,0.000000,0
2026-07-22 07:26:00,65846.80,65846.80,65838.10,65838.10,25.467000,288,7.874000,17.593000,65838.60,103877.15,0.00005012,0.000000,0.000000,0
2026-07-22 07:27:00,65838.10,65867.90,65800.00,65834.40,603.616000,1981,137.337000,466.279000,65827.44,103874.21,0.00005006,0.000000,0.015000,0
2026-07-22 07:28:00,65834.40,65896.60,65834.40,65896.60,40.806000,603,36.540000,4.266000,65864.53,103840.16,0.00005041,0.000000,0.000000,0
2026-07-22 07:29:00,65896.60,65896.60,65880.70,65880.80,43.435000,300,21.313000,22.122000,65889.16,103827.52,0.00005041,0.000000,0.000000,0
2026-07-22 07:30:00,65880.80,65880.80,65870.70,65877.60,31.267000,351,13.117000,18.150000,65875.24,103834.11,0.00005093,0.000000,0.000000,0
2026-07-22 07:31:00,65877.70,65890.00,65841.00,65846.70,128.864000,733,79.747000,49.117000,65872.72,103839.04,0.00005119,0.000000,0.000000,0
2026-07-22 07:32:00,65846.60,65846.70,65810.00,65812.00,46.374000,694,13.970000,32.404000,65824.45,103838.30,0.00005119,0.000000,0.369000,0
2026-07-22 07:33:00,65812.00,65814.90,65808.10,65808.20,32.670000,338,14.721000,17.949000,65813.82,103837.65,0.00005124,0.000000,0.000000,0
2026-07-22 07:34:00,65808.10,65818.90,65808.10,65811.40,44.444000,330,24.253000,20.191000,65810.35,103832.80,0.00005130,0.000000,0.000000,0
2026-07-22 07:35:00,65811.30,65819.00,65809.10,65815.40,41.194000,333,15.937000,25.257000,65813.89,103828.11,0.00005130,0.000000,0.000000,0
2026-07-22 07:36:00,65815.50,65815.50,65788.00,65797.20,187.811000,754,37.331000,150.480000,65797.29,103833.32,0.00005140,0.000000,1.770000,0
2026-07-22 07:37:00,65797.20,65802.30,65777.00,65777.10,182.931000,693,95.910000,87.021000,65791.71,103794.57,0.00005148,0.000000,0.009000,0
2026-07-22 07:38:00,65777.00,65777.10,65722.30,65748.20,435.507000,1771,136.724000,298.783000,65745.98,103776.86,0.00005149,0.000000,5.163000,0
2026-07-22 07:39:00,65748.30,65748.30,65709.50,65735.80,243.561000,1213,51.114000,192.447000,65729.14,103746.51,0.00005149,0.000000,0.230000,0
2026-07-22 07:40:00,65735.80,65749.30,65713.00,65719.30,102.780000,699,44.960000,57.820000,65730.61,103748.39,0.00005142,0.000000,0.002000,0
2026-07-22 07:41:00,65719.40,65752.40,65700.00,65734.30,269.450000,1655,172.264000,97.186000,65722.50,103648.37,0.00005162,0.000000,1.312000,0
2026-07-22 07:42:00,65734.30,65750.00,65734.20,65750.00,70.873000,521,31.930000,38.943000,65745.08,103650.52,0.00005162,0.000000,0.000000,0
2026-07-22 07:43:00,65749.90,65750.00,65730.00,65743.40,66.398000,576,38.238000,28.160000,65740.36,103649.52,0.00005176,0.000000,0.000000,0
2026-07-22 07:44:00,65743.40,65747.10,65668.60,65716.70,816.972000,1958,161.528000,655.444000,65699.95,103634.02,0.00005202,0.000000,2.910000,0
2026-07-22 07:45:00,65716.80,65770.00,65715.20,65757.30,334.486000,1264,275.405000,59.081000,65750.66,103715.55,0.00005244,0.000000,0.000000,0
2026-07-22 07:46:00,65757.20,65774.90,65757.20,65774.80,60.525000,393,51.833000,8.692000,65769.36,103712.00,0.00005244,0.000000,0.000000,0
2026-07-22 07:47:00,65774.90,65796.80,65774.80,65787.50,150.731000,660,116.978000,33.753000,65789.70,103730.16,0.00005283,0.000000,0.000000,0
2026-07-22 07:48:00,65787.10,65794.80,65745.70,65765.40,167.552000,950,117.592000,49.960000,65777.97,103714.55,0.00005305,0.000000,0.000000,0
2026-07-22 07:49:00,65765.50,65798.80,65765.40,65778.50,65.583000,929,38.700000,26.883000,65777.97,103732.09,0.00005305,0.000000,0.000000,0
2026-07-22 07:50:00,65778.40,65778.50,65750.10,65750.20,108.318000,749,76.587000,31.731000,65758.21,103739.59,0.00005306,0.000000,0.000000,0
2026-07-22 07:51:00,65750.20,65773.00,65750.20,65758.00,46.281000,548,28.666000,17.615000,65760.51,103765.98,0.00005312,0.000000,0.000000,0
2026-07-22 07:52:00,65758.10,65787.60,65758.00,65784.60,61.178000,672,37.984000,23.194000,65776.16,103761.65,0.00005312,0.000000,0.000000,0
2026-07-22 07:53:00,65784.70,65808.10,65783.00,65783.10,65.321000,629,51.447000,13.874000,65794.72,103758.81,0.00005329,0.001000,0.000000,0
2026-07-22 07:54:00,65783.10,65796.40,65780.00,65796.40,36.414000,355,26.964000,9.450000,65784.00,103760.94,0.00005363,0.000000,0.000000,0
2026-07-22 07:55:00,65796.40,65818.80,65796.30,65800.30,82.139000,530,40.981000,41.158000,65810.16,103759.07,0.00005391,0.000000,0.030000,0
2026-07-22 07:56:00,65800.40,65813.50,65800.30,65810.80,36.298000,360,24.854000,11.444000,65809.91,103741.12,0.00005391,0.000000,0.000000,0
2026-07-22 07:57:00,65810.90,65830.80,65810.90,65826.00,103.652000,433,90.512000,13.140000,65821.25,103729.85,0.00005417,0.000000,0.000000,0
2026-07-22 07:58:00,65826.10,65828.20,65822.20,65822.30,44.048000,291,22.189000,21.859000,65826.65,103745.37,0.00005451,0.000000,0.000000,0
2026-07-22 07:59:00,65822.40,65822.50,65812.10,65822.40,44.933000,345,32.310000,12.623000,65818.17,103744.70,0.00005451,0.000000,0.000000,0
2026-07-22 08:00:00,65822.50,65823.00,65813.30,65813.40,48.857000,285,22.323000,26.534000,65820.08,103750.92,0.00005443,0.002000,0.000000,0
2026-07-22 08:01:00,65813.40,65946.80,65813.40,65916.10,498.390000,1911,406.346000,92.044000,65881.76,103772.85,0.00005448,1.304000,0.000000,0
2026-07-22 08:02:00,65916.10,65916.10,65867.80,65885.30,111.635000,875,64.789000,46.846000,65889.42,103720.87,0.00005448,0.048000,0.000000,0
2026-07-22 08:03:00,65885.20,65895.90,65879.70,65888.20,52.986000,475,39.193000,13.793000,65888.67,103698.24,0.00005461,0.000000,0.000000,0
2026-07-22 08:04:00,65888.10,65942.90,65888.10,65942.90,178.391000,1111,139.403000,38.988000,65922.22,103707.41,0.00005426,0.350000,0.007000,0
2026-07-22 08:05:00,65942.90,65966.80,65942.80,65956.00,211.568000,847,108.708000,102.860000,65953.78,103712.55,0.00005435,0.023000,0.144000,0
2026-07-22 08:06:00,65956.10,66046.10,65950.00,66043.50,424.604000,1871,322.440000,102.164000,65995.83,103706.57,0.00005435,0.343000,0.000000,0
2026-07-22 08:07:00,66043.40,66043.50,66000.10,66002.60,166.859000,1411,94.702000,72.157000,66021.45,103545.35,0.00005424,0.223000,0.000000,0
2026-07-22 08:08:00,66002.50,66030.00,66000.00,66022.00,105.807000,1051,56.525000,49.282000,66017.79,103536.43,0.00005434,0.002000,0.000000,0
2026-07-22 08:09:00,66022.00,66039.90,66021.90,66022.00,133.160000,1239,89.427000,43.733000,66028.05,103516.84,0.00005434,0.000000,0.000000,0
2026-07-22 08:10:00,66021.90,66028.30,66006.40,66009.80,73.198000,653,40.195000,33.003000,66016.21,103511.86,0.00005431,0.000000,0.000000,0
2026-07-22 08:11:00,66009.90,66029.10,65996.80,65996.80,73.406000,819,37.545000,35.861000,66010.82,103505.66,0.00005429,0.000000,0.000000,0
2026-07-22 08:12:00,65996.90,66002.40,65981.60,65981.60,53.175000,460,21.960000,31.215000,65994.93,103503.65,0.00005429,0.004000,0.000000,0
2026-07-22 08:13:00,65981.60,65992.90,65977.20,65992.80,42.584000,369,20.335000,22.249000,65980.92,103504.22,0.00005422,0.000000,0.000000,0
2026-07-22 08:14:00,65992.80,66024.00,65992.80,66015.10,124.035000,580,85.800000,38.235000,66005.78,103528.93,0.00005390,0.000000,0.000000,0
2026-07-22 08:15:00,66015.00,66015.00,66000.00,66003.90,57.419000,335,33.021000,24.398000,66005.71,103509.29,0.00005380,0.000000,0.000000,0
2026-07-22 08:16:00,66003.90,66003.90,66001.00,66003.90,36.667000,256,16.725000,19.942000,66002.54,103517.69,0.00005380,0.000000,0.000000,0
2026-07-22 08:17:00,66003.80,66010.00,65974.70,65974.70,80.571000,528,17.907000,62.664000,65996.41,103526.63,0.00005360,0.000000,0.000000,0
2026-07-22 08:18:00,65974.70,65996.30,65974.70,65988.40,66.554000,573,38.932000,27.622000,65988.48,103518.46,0.00005338,0.000000,0.000000,0
2026-07-22 08:19:00,65988.30,66003.30,65982.80,66002.10,44.945000,391,34.618000,10.327000,65996.59,103513.10,0.00005338,0.000000,0.000000,0
2026-07-22 08:20:00,66002.20,66053.20,66002.10,66042.30,377.781000,1466,305.863000,71.918000,66037.33,103666.25,0.00005304,0.068000,0.000000,0
2026-07-22 08:21:00,66042.40,66072.70,66042.30,66044.40,208.312000,971,139.302000,69.010000,66057.77,103659.00,0.00005311,0.193000,0.000000,0
2026-07-22 08:22:00,66044.40,66068.20,66044.30,66068.10,57.460000,477,45.565000,11.895000,66058.38,103640.69,0.00005302,0.000000,0.000000,0
2026-07-22 08:23:00,66068.20,66095.00,66064.10,66090.90,194.220000,724,133.620000,60.600000,66085.58,103628.32,0.00005302,0.342000,0.000000,0
2026-07-22 08:24:00,66090.90,66140.50,66090.90,66102.10,276.356000,1506,156.370000,119.986000,66121.02,103587.96,0.00005331,0.646000,0.000000,0
2026-07-22 08:25:00,66102.10,66102.20,66049.10,66049.10,146.964000,696,46.309000,100.655000,66066.44,103553.98,0.00005364,0.000000,0.000000,0
2026-07-22 08:26:00,66049.10,66049.10,66009.60,66009.60,91.258000,638,13.116000,78.142000,66028.09,103561.22,0.00005364,0.000000,0.000000,0
2026-07-22 08:27:00,66009.60,66039.30,66009.10,66009.20,124.282000,773,66.319000,57.963000,66019.02,103541.83,0.00005341,0.000000,0.078000,0
2026-07-22 08:28:00,66009.10,66009.20,65993.40,65995.80,109.808000,370,42.772000,67.036000,65999.62,103555.71,0.00005342,0.000000,0.000000,0
2026-07-22 08:29:00,65995.90,66005.70,65995.80,66003.00,49.227000,267,24.577000,24.650000,66003.00,103562.34,0.00005342,0.000000,0.000000,0
2026-07-22 08:30:00,66003.00,66003.00,65988.40,65991.10,41.552000,321,11.944000,29.608000,65993.02,103568.07,0.00005339,0.000000,0.000000,0
2026-07-22 08:31:00,65991.10,66016.00,65991.10,66016.00,68.468000,381,37.705000,30.763000,66005.02,103568.81,0.00005357,0.000000,0.000000,0
2026-07-22 08:32:00,66016.10,66045.50,66016.00,66020.10,65.284000,547,28.194000,37.090000,66033.58,103552.93,0.00005385,0.015000,0.000000,0
2026-07-22 08:33:00,66020.10,66025.70,66017.40,66017.50,26.095000,253,8.995000,17.100000,66021.74,103533.77,0.00005385,0.000000,0.000000,0
2026-07-22 08:34:00,66017.50,66017.50,66011.00,66011.10,13.526000,233,5.357000,8.169000,66013.15,103530.10,0.00005404,0.000000,0.000000,0
2026-07-22 08:35:00,66011.10,66018.30,65992.10,66018.20,67.193000,467,29.588000,37.605000,66003.96,103523.53,0.00005399,0.000000,0.000000,0
2026-07-22 08:36:00,66018.20,66021.80,66018.20,66021.80,19.560000,210,12.215000,7.345000,66019.44,103525.64,0.00005399,0.000000,0.000000,0
2026-07-22 08:37:00,66021.80,66021.80,65977.00,65977.00,58.125000,508,4.347000,53.778000,66000.33,103528.04,0.00005409,0.000000,0.000000,0
2026-07-22 08:38:00,65977.00,65977.10,65935.20,65943.90,211.476000,978,66.340000,145.136000,65950.38,103502.23,0.00005421,0.000000,0.000000,0
2026-07-22 08:39:00,65943.90,65955.10,65934.90,65950.10,50.989000,480,29.654000,21.335000,65941.56,103471.42,0.00005421,0.000000,0.000000,0
2026-07-22 08:40:00,65950.20,65961.70,65946.50,65951.20,45.980000,422,22.764000,23.216000,65955.01,103455.82,0.00005402,0.000000,0.000000,0
2026-07-22 08:41:00,65951.30,65963.70,65946.50,65963.70,59.887000,316,43.414000,16.473000,65952.48,103450.78,0.00005394,0.000000,0.000000,0
2026-07-22 08:42:00,65963.60,65963.70,65928.60,65937.10,40.863000,524,8.605000,32.258000,65946.51,103438.20,0.00005408,0.000000,0.068000,0
2026-07-22 08:43:00,65937.20,65937.60,65916.20,65930.20,157.399000,577,33.995000,123.404000,65927.01,103438.73,0.00005408,0.000000,0.198000,0
2026-07-22 08:44:00,65930.20,65930.30,65930.00,65930.10,25.982000,254,6.098000,19.884000,65930.16,103455.78,0.00005399,0.000000,0.000000,0
2026-07-22 08:45:00,65930.00,65930.10,65900.00,65900.00,82.203000,484,17.577000,64.626000,65909.18,103472.60,0.00005417,0.000000,0.000000,0
2026-07-22 08:46:00,65900.10,65945.00,65900.10,65944.90,43.031000,570,33.032000,9.999000,65915.67,103471.49,0.00005417,0.000000,0.000000,0
2026-07-22 08:47:00,65945.00,65958.90,65942.60,65950.10,70.486000,598,17.776000,52.710000,65953.28,103485.16,0.00005411,0.000000,0.000000,0
2026-07-22 08:48:00,65950.20,65950.20,65940.00,65940.00,11.197000,218,2.005000,9.192000,65946.83,103486.40,0.00005441,0.000000,0.000000,0
2026-07-22 08:49:00,65940.10,65946.30,65934.00,65936.10,33.155000,317,23.408000,9.747000,65938.32,103476.76,0.00005425,0.000000,0.000000,0
2026-07-22 08:50:00,65936.20,65942.80,65935.40,65942.80,14.023000,178,5.357000,8.666000,65936.57,103475.96,0.00005425,0.000000,0.000000,0
2026-07-22 08:51:00,65942.70,65953.80,65942.70,65942.70,18.274000,351,6.813000,11.461000,65948.32,103475.91,0.00005426,0.000000,0.000000,0
2026-07-22 08:52:00,65942.70,65942.80,65919.30,65923.30,46.675000,340,11.149000,35.526000,65927.69,103487.02,0.00005427,0.000000,0.027000,0
2026-07-22 08:53:00,65923.30,65937.00,65923.20,65936.90,22.714000,231,19.019000,3.695000,65930.05,103478.08,0.00005427,0.000000,0.000000,0
2026-07-22 08:54:00,65937.00,65953.70,65937.00,65953.70,38.890000,250,35.756000,3.134000,65942.78,103470.71,0.00005398,0.000000,0.000000,0
2026-07-22 08:55:00,65953.60,65970.70,65948.40,65948.50,152.135000,496,44.547000,107.588000,65961.58,103460.69,0.00005411,0.000000,0.000000,0
2026-07-22 08:56:00,65948.40,65966.40,65937.40,65937.50,29.244000,444,15.572000,13.672000,65953.84,103496.05,0.00005411,0.018000,0.000000,0
2026-07-22 08:57:00,65937.50,65937.50,65928.90,65928.90,36.869000,231,1.801000,35.068000,65933.73,103486.07,0.00005438,0.000000,0.000000,0
2026-07-22 08:58:00,65929.00,65953.50,65926.90,65953.50,77.866000,413,64.787000,13.079000,65929.84,103497.80,0.00005417,0.000000,0.000000,0
2026-07-22 08:59:00,65953.50,65957.30,65953.40,65957.30,9.358000,269,8.377000,0.981000,65956.79,103492.80,0.00005383,0.000000,0.000000,0
2026-07-22 09:00:00,65957.30,65957.30,65953.40,65953.40,21.257000,265,8.092000,13.165000,65956.97,103493.37,0.00005383,0.000000,0.000000,0
2026-07-22 09:01:00,65953.50,65958.00,65937.30,65937.40,71.779000,491,22.910000,48.869000,65949.97,103497.71,0.00005342,0.000000,0.000000,0
2026-07-22 09:02:00,65937.30,65945.00,65934.50,65940.00,42.244000,280,31.535000,10.709000,65937.68,103499.24,0.00005290,0.000000,0.000000,0
2026-07-22 09:03:00,65939.90,65955.40,65937.30,65945.00,16.640000,304,11.202000,5.438000,65946.61,103498.69,0.00005290,0.000000,0.000000,0
2026-07-22 09:04:00,65945.00,65971.50,65944.90,65968.50,18.181000,330,9.118000,9.063000,65963.93,103492.10,0.00005250,0.000000,0.000000,0
2026-07-22 09:05:00,65968.60,65991.30,65968.50,65985.50,51.216000,393,44.829000,6.387000,65980.50,103484.66,0.00005246,0.000000,0.000000,0
2026-07-22 09:06:00,65985.60,65993.00,65960.00,65960.10,54.540000,468,20.207000,34.333000,65976.22,103454.91,0.00005258,0.000000,0.000000,0
2026-07-22 09:07:00,65960.00,65960.00,65934.10,65934.20,30.644000,371,6.719000,23.925000,65943.28,103459.89,0.00005258,0.000000,0.000000,0
2026-07-22 09:08:00,65934.10,65966.90,65934.10,65966.90,30.312000,401,19.792000,10.520000,65940.39,103463.59,0.00005237,0.000000,0.000000,0
2026-07-22 09:09:00,65966.80,66029.60,65966.80,66029.60,49.733000,657,43.140000,6.593000,66004.50,103455.87,0.00005205,0.563000,0.000000,0
2026-07-22 09:10:00,66029.60,66040.60,66025.00,66036.70,90.967000,909,68.639000,22.328000,66030.37,103449.06,0.00005205,0.000000,0.000000,0
2026-07-22 09:11:00,66036.60,66036.70,66005.00,66018.50,45.955000,846,26.106000,19.849000,66019.56,103449.01,0.00005212,0.000000,0.000000,0
2026-07-22 09:12:00,66018.50,66038.60,66007.80,66025.40,81.920000,755,45.279000,36.641000,66026.53,103445.27,0.00005221,0.000000,0.000000,0
2026-07-22 09:13:00,66025.40,66025.40,66000.00,66000.80,87.367000,590,14.450000,72.917000,66011.88,103455.30,0.00005221,1.555000,0.000000,0
2026-07-22 09:14:00,66000.80,66000.80,65970.00,65970.10,53.434000,442,14.344000,39.090000,65986.76,103454.49,0.00005207,0.000000,0.000000,0
2026-07-22 09:15:00,65970.10,65980.50,65962.30,65980.50,26.290000,397,14.514000,11.776000,65969.59,103461.41,0.00005163,0.000000,0.000000,0
2026-07-22 09:16:00,65980.50,65980.50,65962.30,65962.30,53.101000,392,18.080000,35.021000,65971.99,103467.59,0.00005158,0.000000,0.000000,0
2026-07-22 09:17:00,65962.30,65974.00,65962.30,65970.90,26.829000,219,15.370000,11.459000,65966.20,103475.48,0.00005158,0.000000,0.000000,0
2026-07-22 09:18:00,65971.00,66009.80,65970.90,66009.80,100.800000,648,81.009000,19.791000,65991.69,103449.38,0.00005145,0.000000,0.000000,0
2026-07-22 09:19:00,66009.80,66038.40,66009.70,66034.40,27.609000,428,23.797000,3.812000,66025.59,103445.39,0.00005168,0.000000,0.000000,0
2026-07-22 09:20:00,66034.40,66034.40,66015.70,66028.80,19.992000,415,11.961000,8.031000,66024.79,103447.30,0.00005168,0.000000,0.000000,0
2026-07-22 09:21:00,66028.90,66034.60,66010.50,66028.50,31.132000,487,15.819000,15.313000,66021.81,103441.97,0.00005193,0.000000,0.000000,0
2026-07-22 09:22:00,66028.50,66038.80,66028.40,66038.70,39.579000,350,27.654000,11.925000,66034.03,103450.56,0.00005148,0.000000,0.000000,0
2026-07-22 09:23:00,66038.80,66053.20,66038.80,66044.50,64.314000,361,33.755000,30.559000,66044.54,103454.38,0.00005119,0.000000,0.000000,0
2026-07-22 09:24:00,66044.40,66044.40,66002.20,66002.20,88.125000,470,30.629000,57.496000,66026.82,103455.23,0.00005119,0.000000,0.000000,0
2026-07-22 09:25:00,66002.30,66002.30,66000.00,66000.00,15.206000,138,4.685000,10.521000,66000.33,103461.77,0.00005091,0.003000,0.000000,0
2026-07-22 09:26:00,66000.00,66002.00,65997.20,66002.00,26.236000,171,17.261000,8.975000,65999.52,103465.35,0.00005026,0.000000,0.000000,0
2026-07-22 09:27:00,66002.00,66017.70,66001.90,66017.70,15.817000,231,15.334000,0.483000,66009.13,103463.66,0.00005026,0.000000,0.000000,0
2026-07-22 09:28:00,66017.70,66017.70,66006.70,66006.80,49.330000,201,7.046000,42.284000,66015.35,103465.33,0.00004989,0.000000,0.000000,0
2026-07-22 09:29:00,66006.70,66006.80,66002.70,66002.70,11.092000,108,5.378000,5.714000,66004.27,103490.38,0.00004971,0.000000,0.000000,0
2026-07-22 09:30:00,66002.70,66005.00,65995.30,65995.30,22.278000,160,14.926000,7.352000,66000.62,103492.41,0.00004925,0.000000,0.000000,0
2026-07-22 09:31:00,65995.40,65995.40,65971.60,65971.60,25.237000,310,5.748000,19.489000,65987.30,103500.49,0.00004925,0.000000,0.000000,0
2026-07-22 09:32:00,65971.60,65981.70,65970.80,65970.90,51.708000,258,21.909000,29.799000,65977.52,103485.17,0.00004881,0.000000,0.000000,0
2026-07-22 09:33:00,65970.80,65970.90,65940.10,65940.10,51.330000,401,2.276000,49.054000,65951.39,103496.18,0.00004846,0.000000,0.000000,0
2026-07-22 09:34:00,65940.20,65940.20,65870.00,65870.00,167.582000,912,12.353000,155.229000,65895.68,103484.12,0.00004846,0.000000,0.307000,0
2026-07-22 09:35:00,65870.00,65870.10,65850.60,65864.20,135.951000,672,47.794000,88.157000,65860.86,103448.63,0.00004782,0.000000,0.034000,0
2026-07-22 09:36:00,65864.20,65878.00,65864.20,65871.50,74.431000,454,37.094000,37.337000,65871.77,103439.84,0.00004708,0.000000,0.000000,0
2026-07-22 09:37:00,65871.80,65871.80,65835.30,65836.40,92.223000,544,14.790000,77.433000,65856.36,103428.06,0.00004708,0.000000,0.000000,0
2026-07-22 09:38:00,65836.40,65848.10,65834.80,65844.20,80.837000,533,40.467000,40.370000,65840.45,103397.32,0.00004697,0.000000,0.017000,0
2026-07-22 09:39:00,65844.30,65844.30,65824.10,65825.50,63.671000,403,15.090000,48.581000,65834.56,103389.99,0.00004636,0.000000,0.093000,0
2026-07-22 09:40:00,65825.50,65878.50,65825.10,65848.80,308.130000,1088,253.799000,54.331000,65848.94,103276.43,0.00004554,0.000000,0.000000,0
2026-07-22 09:41:00,65848.70,65848.80,65848.20,65848.20,29.501000,208,8.401000,21.100000,65848.63,103273.28,0.00004554,0.000000,0.000000,0
2026-07-22 09:42:00,65848.30,65854.50,65848.20,65854.40,42.210000,185,37.405000,4.805000,65849.33,103273.37,0.00004520,0.000000,0.000000,0
2026-07-22 09:43:00,65854.50,65874.00,65854.50,65857.20,55.423000,485,30.783000,24.640000,65865.25,103278.28,0.00004494,0.000000,0.000000,0
2026-07-22 09:44:00,65857.20,65857.20,65850.80,65850.90,21.601000,192,5.754000,15.847000,65851.92,103286.87,0.00004494,0.000000,0.000000,0
2026-07-22 09:45:00,65850.80,65854.90,65850.80,65854.80,22.443000,162,12.419000,10.024000,65852.67,103289.63,0.00004466,0.000000,0.000000,0
2026-07-22 09:46:00,65854.80,65861.90,65842.20,65845.70,47.121000,375,20.987000,26.134000,65850.32,103293.30,0.00004439,0.000000,0.000000,0
2026-07-22 09:47:00,65845.60,65850.00,65843.30,65843.40,27.149000,224,12.508000,14.641000,65847.85,103285.01,0.00004409,0.000000,0.000000,0
2026-07-22 09:48:00,65843.30,65844.10,65843.30,65844.10,12.942000,159,7.625000,5.317000,65843.37,103285.18,0.00004409,0.000000,0.000000,0
2026-07-22 09:49:00,65844.10,65873.90,65844.00,65873.90,44.358000,353,38.823000,5.535000,65858.60,103263.91,0.00004365,0.000000,0.000000,0
2026-07-22 09:50:00,65873.80,65873.90,65867.70,65870.30,48.095000,216,25.382000,22.713000,65869.96,103265.59,0.00004339,0.000000,0.000000,0
2026-07-22 09:51:00,65870.30,65870.30,65851.70,65851.70,22.603000,289,3.386000,19.217000,65858.19,103275.87,0.00004339,0.000000,0.000000,0
2026-07-22 09:52:00,65851.70,65851.80,65835.10,65835.10,31.394000,279,7.527000,23.867000,65846.30,103279.75,0.00004328,0.000000,0.007000,0
2026-07-22 09:53:00,65835.10,65835.20,65820.10,65820.10,28.647000,283,4.741000,23.906000,65827.07,103278.38,0.00004290,0.000000,0.000000,0
2026-07-22 09:54:00,65820.10,65832.50,65816.40,65832.40,93.999000,373,70.710000,23.289000,65823.71,103249.60,0.00004290,0.000000,0.017000,0
2026-07-22 09:55:00,65832.50,65859.10,65832.50,65859.10,52.570000,357,44.192000,8.378000,65842.36,103224.39,0.00004246,0.000000,0.000000,0
2026-07-22 09:56:00,65859.10,65869.80,65852.00,65859.20,46.992000,385,14.610000,32.382000,65863.13,103227.98,0.00004234,0.000000,0.000000,0
2026-07-22 09:57:00,65859.10,65891.60,65859.10,65891.50,31.624000,389,26.723000,4.901000,65878.04,103221.08,0.00004220,0.000000,0.000000,0
2026-07-22 09:58:00,65891.60,65916.80,65891.50,65916.80,57.829000,400,52.422000,5.407000,65903.84,103210.42,0.00004220,0.000000,0.000000,0
2026-07-22 09:59:00,65916.80,65922.00,65915.30,65915.40,68.624000,256,16.178000,52.446000,65918.33,103201.72,0.00004238,0.000000,0.000000,0
2026-07-22 10:00:00,65915.30,65915.40,65896.30,65896.40,44.792000,318,14.262000,30.530000,65903.12,103199.33,0.00004296,0.000000,0.000000,0
2026-07-22 10:01:00,65896.40,65919.00,65896.30,65913.70,40.765000,448,23.303000,17.462000,65912.25,103194.87,0.00004296,0.000000,0.008000,0
2026-07-22 10:02:00,65913.80,65915.20,65891.00,65891.10,56.029000,478,16.458000,39.571000,65903.30,103195.05,0.00004335,0.000000,0.000000,0
2026-07-22 10:03:00,65891.00,65918.10,65891.00,65918.00,48.966000,479,31.240000,17.726000,65903.86,103187.36,0.00004332,0.000000,0.000000,0
2026-07-22 10:04:00,65918.10,65925.00,65913.20,65919.20,35.880000,406,20.407000,15.473000,65920.44,103183.64,0.00004332,0.060000,0.000000,0
2026-07-22 10:05:00,65919.20,65919.30,65904.20,65904.30,29.666000,385,16.191000,13.475000,65913.21,103179.10,0.00004316,0.000000,0.000000,0
2026-07-22 10:06:00,65904.20,65907.50,65894.30,65894.30,40.236000,298,14.987000,25.249000,65904.63,103181.26,0.00004299,0.000000,0.000000,0
2026-07-22 10:07:00,65894.30,65894.40,65879.80,65884.20,23.190000,395,7.646000,15.544000,65885.90,103179.42,0.00004299,0.000000,0.000000,0
2026-07-22 10:08:00,65884.10,65884.40,65876.30,65880.50,44.313000,336,10.799000,33.514000,65880.07,103191.57,0.00004268,0.000000,0.000000,0
2026-07-22 10:09:00,65880.50,65880.50,65861.40,65861.40,28.585000,340,3.404000,25.181000,65869.33,103185.41,0.00004208,0.000000,0.000000,0
2026-07-22 10:10:00,65861.40,65887.80,65861.40,65887.80,45.766000,385,36.203000,9.563000,65870.11,103180.96,0.00004133,0.000000,0.000000,0
2026-07-22 10:11:00,65887.70,65894.70,65870.40,65884.40,58.290000,533,27.660000,30.630000,65885.48,103166.19,0.00004133,0.000000,0.000000,0
2026-07-22 10:12:00,65884.40,65904.20,65884.30,65884.40,37.627000,455,22.855000,14.772000,65896.62,103164.04,0.00004105,0.000000,0.000000,0
2026-07-22 10:13:00,65884.30,65895.40,65884.30,65895.40,19.881000,222,15.423000,4.458000,65887.74,103159.34,0.00004085,0.000000,0.000000,0
2026-07-22 10:14:00,65895.40,65895.40,65884.30,65892.30,36.412000,272,20.415000,15.997000,65889.50,103152.52,0.00004085,0.000000,0.000000,0
2026-07-22 10:15:00,65892.30,65892.40,65884.10,65892.40,50.484000,280,39.045000,11.439000,65886.89,103151.77,0.00004053,0.000000,0.000000,0
2026-07-22 10:16:00,65892.40,65912.00,65892.30,65911.90,30.473000,362,27.505000,2.968000,65902.51,103146.68,0.00004041,0.000000,0.000000,0
2026-07-22 10:17:00,65911.90,65915.00,65884.20,65884.20,52.335000,365,10.250000,42.085000,65894.80,103150.63,0.00004009,0.000000,0.000000,0
2026-07-22 10:18:00,65884.20,65884.80,65882.80,65884.70,14.642000,131,3.911000,10.731000,65884.23,103148.96,0.00004009,0.000000,0.000000,0
2026-07-22 10:19:00,65884.80,65906.70,65884.70,65906.70,21.750000,276,17.796000,3.954000,65893.81,103146.62,0.00003954,0.000000,0.000000,0
2026-07-22 10:20:00,65906.70,65923.40,65906.70,65912.90,27.125000,449,17.334000,9.791000,65916.05,103146.62,0.00003923,0.000000,0.000000,0
2026-07-22 10:21:00,65912.70,65940.00,65905.50,65925.80,75.627000,610,49.439000,26.188000,65926.28,103139.05,0.00003923,0.002000,0.000000,0
2026-07-22 10:22:00,65925.80,65937.60,65924.80,65937.60,31.886000,308,23.838000,8.048000,65929.90,103140.29,0.00003923,0.000000,0.000000,0
2026-07-22 10:23:00,65937.50,65937.60,65921.00,65934.00,46.402000,364,22.307000,24.095000,65930.09,103140.11,0.00003888,0.000000,0.000000,0
2026-07-22 10:24:00,65934.00,65934.00,65917.80,65921.80,20.890000,247,11.715000,9.175000,65922.08,103130.91,0.00003888,0.000000,0.000000,0
2026-07-22 10:25:00,65921.90,65937.30,65921.80,65937.30,17.255000,237,11.434000,5.821000,65930.78,103128.91,0.00003852,0.000000,0.135000,0
2026-07-22 10:26:00,65937.30,65942.00,65937.20,65937.50,56.178000,232,37.854000,18.324000,65940.25,103127.56,0.00003815,0.000000,0.000000,0
2026-07-22 10:27:00,65937.50,65937.50,65925.40,65932.80,31.233000,260,15.672000,15.561000,65932.13,103130.32,0.00003789,0.000000,0.000000,0
2026-07-22 10:28:00,65932.70,65942.40,65932.70,65942.30,20.810000,191,14.184000,6.626000,65940.24,103126.69,0.00003789,0.000000,0.000000,0
2026-07-22 10:29:00,65942.40,65944.80,65933.60,65944.80,97.418000,341,72.210000,25.208000,65942.40,103118.84,0.00003756,0.000000,0.000000,0
2026-07-22 10:30:00,65944.80,65944.80,65933.70,65933.80,24.221000,245,6.652000,17.569000,65939.71,103132.60,0.00003732,0.000000,0.000000,0
2026-07-22 10:31:00,65933.80,65945.00,65933.60,65944.60,50.908000,312,31.549000,19.359000,65940.42,103132.92,0.00003732,0.000000,0.000000,0
2026-07-22 10:32:00,65944.70,65944.70,65930.90,65931.00,22.279000,220,7.319000,14.960000,65939.57,103139.47,0.00003686,0.000000,0.000000,0
2026-07-22 10:33:00,65931.00,65931.00,65917.80,65917.80,23.203000,251,7.057000,16.146000,65925.20,103136.85,0.00003660,0.000000,0.000000,0
2026-07-22 10:34:00,65917.90,65942.50,65917.90,65942.50,35.616000,338,33.251000,2.365000,65931.61,103137.82,0.00003608,0.000000,0.000000,0
2026-07-22 10:35:00,65942.50,65942.50,65930.50,65939.30,19.349000,283,7.172000,12.177000,65938.44,103117.60,0.00003608,0.000000,0.000000,0
2026-07-22 10:36:00,65939.30,65942.70,65932.00,65932.10,24.248000,256,11.198000,13.050000,65940.27,103116.71,0.00003593,0.000000,0.000000,0
2026-07-22 10:37:00,65932.10,65938.60,65932.00,65938.60,14.692000,159,10.688000,4.004000,65933.63,103116.14,0.00003559,0.000000,0.000000,0
2026-07-22 10:38:00,65938.50,65938.60,65922.70,65932.20,97.920000,347,10.378000,87.542000,65928.34,103114.58,0.00003559,0.319000,0.000000,0
2026-07-22 10:39:00,65932.10,65942.00,65931.50,65931.60,42.223000,299,28.998000,13.225000,65938.08,103152.70,0.00003505,0.000000,0.000000,0
2026-07-22 10:40:00,65931.60,65942.10,65928.80,65942.10,56.524000,288,38.800000,17.724000,65935.71,103160.74,0.00003469,0.000000,0.001000,0
2026-07-22 10:41:00,65942.10,65942.10,65938.40,65942.00,16.143000,201,7.451000,8.692000,65940.69,103146.77,0.00003400,0.000000,0.000000,0
2026-07-22 10:42:00,65942.10,65944.00,65942.00,65944.00,29.637000,153,22.025000,7.612000,65943.26,103139.71,0.00003400,0.000000,0.000000,0
2026-07-22 10:43:00,65944.00,65958.10,65940.40,65958.00,385.492000,383,343.140000,42.352000,65951.20,103144.33,0.00003338,0.000000,0.000000,0
2026-07-22 10:44:00,65958.10,65968.50,65958.00,65962.90,163.991000,474,100.258000,63.733000,65964.80,103341.29,0.00003259,0.000000,0.000000,0
2026-07-22 10:45:00,65962.80,65970.30,65954.30,65957.10,183.572000,454,81.780000,101.792000,65965.85,103311.18,0.00003259,0.000000,0.000000,0
2026-07-22 10:46:00,65957.10,65970.90,65957.00,65970.80,1866.225000,459,1807.352000,58.873000,65970.81,103328.82,0.00003179,0.043000,0.000000,0
2026-07-22 10:47:00,65970.90,66077.30,65970.80,66072.80,1423.908000,2082,1307.138000,116.770000,65992.60,104465.88,0.00003107,0.993000,0.000000,0
2026-07-22 10:48:00,66072.70,66072.80,66042.40,66053.70,142.915000,764,48.690000,94.225000,66057.07,105152.04,0.00003107,0.003000,0.000000,0
2026-07-22 10:49:00,66053.70,66063.80,66012.20,66049.90,264.396000,1124,77.103000,187.293000,66043.31,105128.58,0.00003033,0.000000,0.000000,0
2026-07-22 10:50:00,66050.00,66074.30,66049.80,66063.70,73.633000,419,33.297000,40.336000,66057.86,105051.24,0.00002978,0.000000,0.000000,0
2026-07-22 10:51:00,66063.80,66063.80,66034.80,66059.00,146.488000,667,50.112000,96.376000,66046.92,105000.17,0.00002989,0.000000,0.000000,0
2026-07-22 10:52:00,66059.10,66064.70,66041.50,66041.50,126.575000,443,20.676000,105.899000,66053.71,104971.90,0.00002989,0.000000,0.000000,0
2026-07-22 10:53:00,66041.60,66041.60,66041.50,66041.60,39.717000,181,32.560000,7.157000,66041.58,104914.35,0.00002959,0.000000,0.000000,0
2026-07-22 10:54:00,66041.50,66056.30,66041.50,66045.50,91.811000,389,26.974000,64.837000,66050.39,104899.39,0.00002940,0.015000,0.000000,0
2026-07-22 10:55:00,66045.50,66056.30,66045.40,66045.50,96.540000,350,38.930000,57.610000,66051.42,104874.77,0.00002940,0.000000,0.000000,0
2026-07-22 10:56:00,66045.40,66045.50,65989.60,66000.10,185.538000,764,31.663000,153.875000,66011.35,104850.64,0.00002926,0.000000,0.000000,0
2026-07-22 10:57:00,66000.00,66012.90,65992.40,66005.10,139.130000,630,46.237000,92.893000,66004.13,104804.22,0.00002924,0.000000,0.000000,0
2026-07-22 10:58:00,66005.10,66012.90,65993.00,65993.10,68.079000,370,12.206000,55.873000,66008.60,104777.04,0.00002925,0.000000,0.000000,0
2026-07-22 10:59:00,65993.00,65993.10,65993.00,65993.10,14.497000,118,7.053000,7.444000,65993.05,104766.96,0.00002925,0.000000,0.000000,0
2026-07-22 11:00:00,65993.10,66016.30,65993.00,66016.20,71.653000,326,62.971000,8.682000,66007.69,104763.48,0.00002905,0.000000,0.000000,0
2026-07-22 11:01:00,66016.20,66016.30,65988.60,65993.80,52.848000,488,18.545000,34.303000,65994.73,104777.61,0.00002877,0.000000,0.000000,0
2026-07-22 11:02:00,65993.90,66004.90,65993.90,66002.10,35.689000,306,16.517000,19.172000,66001.85,104783.08,0.00002877,0.000000,0.000000,0
2026-07-22 11:03:00,66002.20,66040.50,65987.80,66040.50,126.594000,1082,90.641000,35.953000,66007.03,104782.87,0.00002848,0.000000,0.000000,0
2026-07-22 11:04:00,66040.50,66040.50,66002.10,66011.40,45.674000,494,13.050000,32.624000,66021.13,104799.91,0.00002849,0.000000,0.000000,0
2026-07-22 11:05:00,66011.50,66014.30,66006.40,66014.30,27.898000,296,16.933000,10.965000,66009.08,104796.89,0.00002809,0.000000,0.000000,0
2026-07-22 11:06:00,66014.30,66048.80,66014.30,66045.40,40.090000,494,30.430000,9.660000,66035.36,104795.56,0.00002809,0.000000,0.000000,0
2026-07-22 11:07:00,66045.50,66045.50,66022.30,66029.00,40.334000,607,12.668000,27.666000,66035.64,104800.22,0.00002779,0.000000,0.000000,0
2026-07-22 11:08:00,66029.00,66029.00,66012.00,66020.10,33.314000,364,15.960000,17.354000,66019.20,104803.50,0.00002769,0.000000,0.000000,0
2026-07-22 11:09:00,66020.10,66020.60,65999.80,65999.80,56.353000,503,16.848000,39.505000,66009.78,104799.79,0.00002769,0.000000,0.000000,0
2026-07-22 11:10:00,65999.90,65999.90,65989.00,65998.00,53.628000,410,29.871000,23.757000,65994.09,104788.19,0.00002716,0.022000,0.000000,0
2026-07-22 11:11:00,65997.90,66006.00,65997.90,65998.70,34.222000,367,18.727000,15.495000,66001.21,104764.92,0.00002667,0.000000,0.000000,0
2026-07-22 11:12:00,65998.70,65998.70,65998.60,65998.60,11.265000,241,5.925000,5.340000,65998.65,104769.65,0.00002653,0.000000,0.000000,0
2026-07-22 11:13:00,65998.60,66011.10,65992.00,66004.70,46.571000,457,22.315000,24.256000,66000.58,104771.46,0.00002653,0.000000,0.000000,0
2026-07-22 11:14:00,66004.70,66004.70,65991.50,65991.50,35.757000,352,18.578000,17.179000,66003.34,104777.26,0.00002650,0.000000,0.000000,0
2026-07-22 11:15:00,65991.60,65991.60,65985.00,65985.10,17.796000,315,5.513000,12.283000,65986.71,104775.51,0.00002646,0.000000,0.000000,0
2026-07-22 11:16:00,65985.10,65985.10,65959.00,65963.50,87.358000,640,12.070000,75.288000,65966.73,104778.03,0.00002646,0.000000,0.000000,0
2026-07-22 11:17:00,65963.60,65963.60,65960.00,65960.00,24.504000,311,8.513000,15.991000,65960.28,104766.77,0.00002589,0.000000,0.000000,0
2026-07-22 11:18:00,65960.10,65966.40,65950.00,65965.20,50.011000,542,32.652000,17.359000,65958.47,104771.54,0.00002493,0.000000,0.000000,0
2026-07-22 11:19:00,65965.20,65968.30,65965.20,65968.20,20.596000,369,8.419000,12.177000,65967.28,104773.96,0.00002493,0.000000,0.000000,0
2026-07-22 11:20:00,65968.20,65968.30,65946.70,65959.40,44.326000,653,19.589000,24.737000,65958.62,104772.51,0.00002419,0.000000,0.000000,0
2026-07-22 11:21:00,65959.50,65985.00,65959.40,65981.40,26.152000,465,17.457000,8.695000,65975.56,104769.57,0.00002429,0.000000,0.000000,0
2026-07-22 11:22:00,65981.50,66011.60,65981.40,66011.40,27.699000,395,13.575000,14.124000,66006.37,104770.07,0.00002427,0.000000,0.000000,0
2026-07-22 11:23:00,66011.50,66029.00,66011.40,66029.00,26.457000,320,20.966000,5.491000,66019.99,104768.52,0.00002427,0.000000,0.000000,0
2026-07-22 11:24:00,66029.00,66036.80,66020.70,66036.10,55.824000,363,20.531000,35.293000,66030.16,104767.83,0.00002441,0.000000,0.000000,0
2026-07-22 11:25:00,66036.20,66057.90,66036.10,66052.50,67.365000,400,37.129000,30.236000,66048.36,104782.60,0.00002461,0.000000,0.000000,0
2026-07-22 11:26:00,66052.50,66055.50,66032.50,66038.70,26.961000,431,9.398000,17.563000,66043.40,104792.53,0.00002461,0.000000,0.000000,0
2026-07-22 11:27:00,66038.80,66038.80,66026.80,66026.90,11.574000,250,4.496000,7.078000,66032.80,104791.74,0.00002459,0.000000,0.000000,0
2026-07-22 11:28:00,66026.80,66031.90,66004.50,66004.50,68.907000,396,7.024000,61.883000,66026.90,104790.82,0.00002412,0.000000,0.000000,0
2026-07-22 11:29:00,66004.60,66016.30,66004.50,66015.60,17.877000,328,11.635000,6.242000,66009.86,104760.18,0.00002356,0.000000,0.000000,0
2026-07-22 11:30:00,66015.60,66019.50,66015.50,66019.40,21.149000,192,12.501000,8.648000,66017.83,104762.33,0.00002356,0.000000,0.056000,0
2026-07-22 11:31:00,66019.50,66019.50,65996.20,66006.40,42.328000,413,14.338000,27.990000,66005.55,104761.67,0.00002332,0.000000,0.000000,0
2026-07-22 11:32:00,66006.50,66017.30,66006.40,66017.30,27.973000,232,13.433000,14.540000,66010.90,104749.33,0.00002326,0.000000,0.000000,0
2026-07-22 11:33:00,66017.20,66020.00,66017.20,66020.00,12.804000,171,9.795000,3.009000,66019.71,104748.71,0.00002326,0.000000,0.000000,0
2026-07-22 11:34:00,66020.00,66023.00,66019.90,66023.00,31.732000,209,16.027000,15.705000,66020.52,104744.75,0.00002304,0.000000,0.000000,0
2026-07-22 11:35:00,66022.90,66035.40,66011.40,66011.50,89.789000,486,17.607000,72.182000,66028.04,104741.11,0.00002287,0.000000,0.000000,0
2026-07-22 11:36:00,66011.50,66011.50,66004.20,66004.20,16.479000,212,7.748000,8.731000,66006.48,104744.15,0.00002287,0.000000,0.000000,0
2026-07-22 11:37:00,66004.20,66030.90,66004.20,66030.80,20.866000,341,16.117000,4.749000,66014.56,104744.49,0.00002284,0.000000,0.000000,0
2026-07-22 11:38:00,66030.90,66030.90,65972.80,65972.80,71.130000,604,7.887000,63.243000,66003.06,104745.97,0.00002256,0.000000,0.000000,0
2026-07-22 11:39:00,65972.90,65993.40,65972.80,65990.20,23.422000,284,14.587000,8.835000,65983.33,104752.21,0.00002237,0.000000,0.000000,0
2026-07-22 11:40:00,65990.10,65990.20,65977.60,65977.60,15.984000,204,6.291000,9.693000,65985.69,104753.40,0.00002237,0.000000,0.000000,0
2026-07-22 11:41:00,65977.60,65977.70,65920.30,65922.30,153.449000,868,48.956000,104.493000,65948.64,104747.63,0.00002203,0.000000,0.000000,0
2026-07-22 11:42:00,65922.30,65948.30,65909.00,65948.20,197.436000,786,65.662000,131.774000,65919.67,104642.24,0.00002126,0.000000,0.000000,0
2026-07-22 11:43:00,65948.20,65959.50,65900.00,65900.10,143.619000,764,21.335000,122.284000,65915.69,104646.18,0.00002126,0.000000,0.004000,0
2026-07-22 11:44:00,65900.00,65900.10,65874.30,65884.50,103.797000,730,42.727000,61.070000,65884.55,104608.36,0.00002108,0.000000,0.021000,0
2026-07-22 11:45:00,65884.60,65895.40,65877.10,65879.90,54.105000,447,13.900000,40.205000,65886.09,104600.25,0.00002058,0.000000,0.000000,0
2026-07-22 11:46:00,65879.90,65907.80,65872.10,65888.90,114.157000,717,81.565000,32.592000,65892.12,104593.48,0.00002058,0.000000,0.000000,0
2026-07-22 11:47:00,65888.90,65962.80,65888.80,65940.50,300.685000,1165,266.826000,33.859000,65930.79,104539.62,0.00002015,0.000000,0.000000,0
2026-07-22 11:48:00,65940.60,66022.10,65938.40,66022.10,75.745000,931,52.952000,22.793000,65977.30,104541.62,0.00001995,0.000000,0.000000,0
2026-07-22 11:49:00,66022.00,66022.10,66009.40,66009.40,61.106000,499,25.465000,35.641000,66016.30,104542.12,0.00001999,0.000000,0.000000,0
2026-07-22 11:50:00,66009.50,66017.80,66003.70,66003.70,48.438000,406,30.614000,17.824000,66011.85,104544.00,0.00001999,0.000000,0.000000,0
2026-07-22 11:51:00,66003.80,66011.00,65986.90,66003.50,64.534000,619,22.492000,42.042000,66002.79,104542.05,0.00001990,0.000000,0.000000,0
2026-07-22 11:52:00,66003.40,66017.70,66000.00,66000.00,30.404000,413,16.231000,14.173000,66008.39,104553.42,0.00001949,0.000000,0.000000,0
2026-07-22 11:53:00,66000.00,66000.10,65990.00,65990.70,30.494000,289,7.023000,23.471000,65992.96,104567.33,0.00001949,0.000000,0.000000,0
2026-07-22 11:54:00,65990.80,66014.00,65990.70,65996.50,53.624000,533,33.640000,19.984000,66001.76,104573.63,0.00001909,0.000000,0.000000,0
2026-07-22 11:55:00,65996.40,65999.90,65996.40,65999.80,16.996000,173,12.138000,4.858000,65996.79,104573.74,0.00001872,0.000000,0.000000,0
2026-07-22 11:56:00,65999.80,65999.90,65991.90,65992.00,14.123000,245,3.997000,10.126000,65997.75,104580.91,0.00001872,0.000000,0.000000,0
2026-07-22 11:57:00,65992.00,65992.00,65981.70,65992.00,23.531000,336,12.344000,11.187000,65985.72,104583.04,0.00001801,0.000000,0.000000,0
2026-07-22 11:58:00,65991.90,65996.50,65988.60,65988.70,12.127000,264,5.741000,6.386000,65992.54,104578.52,0.00001742,0.000000,0.000000,0
2026-07-22 11:59:00,65988.60,65988.70,65983.50,65983.60,17.886000,214,6.575000,11.311000,65987.35,104580.20,0.00001721,0.000000,0.000000,0
2026-07-22 12:00:00,65983.60,65983.60,65978.50,65981.40,37.645000,252,20.952000,16.693000,65980.15,104577.92,0.00001721,0.000000,0.000000,0
2026-07-22 12:01:00,65981.40,65986.00,65969.80,65981.10,27.919000,490,11.971000,15.948000,65978.72,104581.11,0.00001662,0.000000,0.000000,0
2026-07-22 12:02:00,65981.20,65981.20,65964.10,65974.20,38.358000,535,14.294000,24.064000,65971.63,104585.64,0.00001637,0.000000,0.001000,0
2026-07-22 12:03:00,65974.20,65974.20,65947.60,65947.70,30.724000,381,7.169000,23.555000,65960.28,104586.84,0.00001637,0.000000,0.000000,0
2026-07-22 12:04:00,65947.60,65947.70,65931.40,65932.30,25.263000,500,7.242000,18.021000,65938.64,104587.73,0.00001600,0.000000,0.000000,0
2026-07-22 12:05:00,65932.30,65932.40,65907.20,65911.90,39.994000,451,12.179000,27.815000,65916.32,104585.36,0.00001567,0.000000,0.000000,0
2026-07-22 12:06:00,65911.90,65912.00,65902.90,65911.90,29.668000,333,19.097000,10.571000,65909.47,104581.78,0.00001567,0.000000,0.000000,0
2026-07-22 12:07:00,65912.00,65912.00,65900.00,65900.00,21.188000,237,9.471000,11.717000,65904.87,104584.46,0.00001514,0.000000,0.000000,0
2026-07-22 12:08:00,65900.00,65900.00,65834.90,65834.90,219.109000,1163,47.744000,171.365000,65857.51,104586.31,0.00001484,0.000000,0.137000,0
2026-07-22 12:09:00,65835.00,65853.90,65834.90,65852.00,67.695000,402,39.398000,28.297000,65845.55,104561.88,0.00001428,0.000000,0.000000,0
2026-07-22 12:10:00,65852.10,65861.80,65850.00,65856.40,37.110000,316,14.756000,22.354000,65856.55,104573.21,0.00001428,0.000000,0.000000,0
2026-07-22 12:11:00,65856.40,65874.80,65856.40,65863.60,51.463000,447,15.080000,36.383000,65866.71,104559.71,0.00001442,0.000000,0.000000,0
2026-07-22 12:12:00,65863.70,65885.50,65851.60,65865.20,73.093000,700,19.695000,53.398000,65868.03,104560.85,0.00001453,0.000000,0.000000,0
2026-07-22 12:13:00,65865.30,65865.30,65844.30,65851.60,76.897000,417,16.515000,60.382000,65851.90,104560.72,0.00001453,0.000000,0.000000,0
2026-07-22 12:14:00,65851.60,65869.10,65851.60,65869.10,25.352000,328,17.759000,7.593000,65862.52,104546.81,0.00001460,0.000000,0.000000,0
2026-07-22 12:15:00,65869.00,65880.20,65869.00,65880.10,19.674000,280,14.541000,5.133000,65869.42,104548.61,0.00001472,0.000000,0.000000,0
2026-07-22 12:16:00,65880.10,65906.40,65880.10,65906.40,33.016000,392,24.091000,8.925000,65896.35,104550.09,0.00001476,0.000000,0.000000,0
2026-07-22 12:17:00,65906.30,65906.30,65875.80,65875.80,36.877000,363,8.627000,28.250000,65887.32,104543.98,0.00001476,0.000000,0.000000,0
2026-07-22 12:18:00,65875.80,65875.80,65833.20,65838.40,89.141000,577,7.837000,81.304000,65845.86,104540.62,0.00001486,0.000000,0.000000,0
2026-07-22 12:19:00,65838.30,65838.30,65821.90,65821.90,51.503000,547,13.594000,37.909000,65829.63,104555.29,0.00001465,0.000000,0.011000,0
2026-07-22 12:20:00,65821.90,65833.00,65821.90,65828.10,39.530000,356,14.053000,25.477000,65826.83,104558.41,0.00001465,0.000000,0.000000,0
2026-07-22 12:21:00,65828.10,65848.50,65828.00,65848.50,41.829000,363,30.519000,11.310000,65836.22,104563.93,0.00001432,0.000000,0.000000,0
2026-07-22 12:22:00,65848.40,65850.00,65810.20,65818.10,99.358000,562,20.999000,78.359000,65827.34,104553.17,0.00001425,0.000000,0.035000,0
2026-07-22 12:23:00,65818.10,65842.00,65818.10,65835.60,45.314000,388,25.536000,19.778000,65835.20,104567.06,0.00001425,0.000000,0.000000,0
2026-07-22 12:24:00,65835.60,65854.80,65828.50,65828.50,35.718000,471,17.197000,18.521000,65844.48,104562.81,0.00001390,0.000000,0.000000,0
2026-07-22 12:25:00,65828.60,65839.10,65824.10,65824.10,39.988000,350,12.593000,27.395000,65829.96,104563.47,0.00001394,0.000000,0.000000,0
2026-07-22 12:26:00,65824.20,65841.80,65821.70,65830.20,126.563000,602,56.954000,69.609000,65829.42,104563.66,0.00001372,0.000000,0.000000,0
2026-07-22 12:27:00,65830.30,65852.90,65830.20,65852.80,21.579000,316,18.029000,3.550000,65843.66,104567.16,0.00001372,0.000000,0.000000,0
2026-07-22 12:28:00,65852.80,65870.40,65852.80,65870.40,21.655000,292,16.792000,4.863000,65856.22,104562.73,0.00001368,0.000000,0.000000,0
2026-07-22 12:29:00,65870.40,65877.70,65856.00,65856.10,52.865000,328,14.179000,38.686000,65870.43,104557.88,0.00001373,0.000000,0.000000,0
2026-07-22 12:30:00,65856.10,65856.10,65854.40,65854.40,15.786000,108,6.053000,9.733000,65855.08,104557.26,0.00001373,0.000000,0.000000,0
2026-07-22 12:31:00,65854.50,65877.70,65815.10,65820.40,185.244000,1471,35.359000,149.885000,65838.71,104629.17,0.00001363,0.000000,0.000000,0
2026-07-22 12:32:00,65820.40,65878.30,65820.40,65850.00,91.271000,797,63.346000,27.925000,65855.07,104622.81,0.00001340,0.000000,0.000000,0
2026-07-22 12:33:00,65850.00,65858.70,65840.30,65855.30,23.886000,433,11.968000,11.918000,65849.01,104618.01,0.00001355,0.000000,0.000000,0
2026-07-22 12:34:00,65855.30,65855.30,65821.00,65825.60,53.962000,633,15.255000,38.707000,65832.60,104611.26,0.00001355,0.000000,0.001000,0
2026-07-22 12:35:00,65825.50,65836.90,65765.00,65766.10,386.411000,1539,87.195000,299.216000,65793.90,104528.16,0.00001347,0.000000,0.458000,0
2026-07-22 12:36:00,65766.10,65787.20,65732.00,65772.90,208.843000,1248,76.326000,132.517000,65761.73,104518.28,0.00001346,0.000000,0.390000,0
2026-07-22 12:37:00,65773.00,65800.00,65772.90,65795.60,74.939000,806,42.008000,32.931000,65786.86,104494.21,0.00001346,0.000000,0.000000,0
2026-07-22 12:38:00,65795.50,65797.60,65782.70,65795.40,83.416000,455,42.184000,41.232000,65791.11,104497.85,0.00001340,0.000000,0.000000,0
2026-07-22 12:39:00,65795.40,65795.40,65768.80,65790.50,89.697000,584,48.908000,40.789000,65777.84,104508.50,0.00001350,0.000000,0.000000,0
2026-07-22 12:40:00,65790.50,65799.90,65790.50,65798.70,22.587000,269,13.870000,8.717000,65797.66,104505.97,0.00001350,0.000000,0.000000,0
2026-07-22 12:41:00,65798.70,65807.50,65798.60,65807.50,37.692000,239,25.898000,11.794000,65801.06,104502.17,0.00001344,0.000000,0.000000,0
2026-07-22 12:42:00,65807.40,65807.50,65793.10,65796.20,60.301000,292,24.460000,35.841000,65800.41,104503.64,0.00001363,0.000000,0.000000,0
2026-07-22 12:43:00,65796.20,65799.80,65796.10,65799.80,13.939000,170,12.325000,1.614000,65796.70,104509.80,0.00001369,0.000000,0.000000,0
2026-07-22 12:44:00,65799.70,65799.80,65770.00,65770.00,55.243000,368,20.490000,34.753000,65786.47,104506.40,0.00001369,0.000000,0.000000,0
2026-07-22 12:45:00,65769.90,65769.90,65750.00,65750.10,75.341000,574,29.830000,45.511000,65759.80,104497.81,0.00001379,0.000000,0.000000,0
2026-07-22 12:46:00,65750.00,65752.00,65722.80,65722.80,81.209000,636,18.868000,62.341000,65737.78,104486.17,0.00001364,0.000000,0.322000,0
2026-07-22 12:47:00,65722.80,65800.00,65722.80,65781.40,206.489000,1097,154.414000,52.075000,65775.32,104418.56,0.00001364,0.000000,0.000000,0
2026-07-22 12:48:00,65781.50,65788.80,65776.60,65788.80,26.275000,332,18.538000,7.737000,65781.30,104424.18,0.00001370,0.000000,0.000000,0
2026-07-22 12:49:00,65788.80,65788.80,65782.40,65782.50,23.867000,202,13.525000,10.342000,65784.59,104418.52,0.00001384,0.000000,0.000000,0
2026-07-22 12:50:00,65782.50,65782.50,65600.00,65646.00,1350.877000,4530,371.596000,979.281000,65667.83,104332.82,0.00001385,0.000000,8.027000,0
2026-07-22 12:51:00,65646.10,65681.70,65646.00,65677.90,167.273000,1159,95.179000,72.094000,65668.43,104225.80,0.00001385,0.000000,0.000000,0
2026-07-22 12:52:00,65678.00,65678.00,65660.00,65662.10,82.038000,499,36.354000,45.684000,65665.72,104199.87,0.00001404,0.000000,0.000000,0
2026-07-22 12:53:00,65662.10,65692.10,65662.10,65685.70,92.722000,601,64.148000,28.574000,65678.31,104196.92,0.00001395,0.000000,0.000000,0
2026-07-22 12:54:00,65685.60,65719.40,65685.60,65711.80,189.068000,741,141.483000,47.585000,65707.06,104219.04,0.00001395,0.000000,0.000000,0
2026-07-22 12:55:00,65711.80,65722.70,65702.50,65711.10,89.406000,584,47.464000,41.942000,65712.86,104222.56,0.00001433,0.000000,0.000000,0
2026-07-22 12:56:00,65711.10,65711.10,65601.80,65615.60,359.831000,1336,59.038000,300.793000,65649.91,104235.47,0.00001471,0.000000,0.000000,0
2026-07-22 12:57:00,65615.50,65633.30,65505.00,65540.80,1041.487000,4129,298.146000,743.341000,65565.65,104293.37,0.00001471,0.000000,6.525000,0
2026-07-22 12:58:00,65540.70,65608.30,65522.90,65593.00,618.273000,2553,374.188000,244.085000,65565.20,104387.95,0.00001452,0.000000,0.007000,0
2026-07-22 12:59:00,65593.10,65639.20,65593.00,65613.10,356.514000,1416,245.642000,110.872000,65619.46,104249.88,0.00001473,0.000000,0.000000,0
2026-07-22 13:00:00,65613.10,65643.50,65603.00,65604.10,119.865000,834,45.131000,74.734000,65623.81,104264.59,0.00001534,0.000000,0.000000,0
2026-07-22 13:01:00,65604.20,65615.50,65589.80,65599.40,160.321000,736,54.131000,106.190000,65604.22,104264.83,0.00001534,0.000000,0.000000,0
2026-07-22 13:02:00,65599.30,65609.20,65581.00,65594.20,147.421000,764,81.615000,65.806000,65590.32,104281.94,0.00001543,0.000000,0.000000,0
2026-07-22 13:03:00,65594.30,65604.20,65594.20,65604.20,68.993000,386,48.800000,20.193000,65598.36,104270.96,0.00001543,0.000000,0.003000,0
2026-07-22 13:04:00,65604.20,65623.60,65600.00,65602.10,123.788000,728,64.065000,59.723000,65610.24,104272.44,0.00001543,0.000000,0.000000,0
2026-07-22 13:05:00,65602.20,65627.20,65602.10,65614.60,68.760000,666,49.325000,19.435000,65615.89,104265.95,0.00001548,0.000000,0.000000,0
2026-07-22 13:06:00,65614.50,65618.60,65602.80,65610.90,59.874000,431,28.096000,31.778000,65611.21,104263.67,0.00001550,0.000000,0.000000,0
2026-07-22 13:07:00,65610.90,65611.00,65580.00,65580.00,88.145000,486,12.125000,76.020000,65598.48,104260.34,0.00001550,0.000000,0.000000,0
2026-07-22 13:08:00,65580.00,65588.10,65553.90,65581.50,109.380000,909,43.159000,66.221000,65571.37,104257.06,0.00001537,0.000000,0.000000,0
2026-07-22 13:09:00,65581.60,65620.30,65581.60,65603.50,124.953000,925,51.162000,73.791000,65607.32,104260.22,0.00001509,0.000000,0.000000,0
2026-07-22 13:10:00,65603.50,65655.60,65603.50,65655.50,100.216000,833,79.435000,20.781000,65635.49,104230.24,0.00001510,0.000000,0.000000,0
2026-07-22 13:11:00,65655.50,65655.60,65640.00,65640.10,92.697000,526,56.844000,35.853000,65645.53,104223.63,0.00001510,0.000000,0.000000,0
2026-07-22 13:12:00,65640.00,65652.20,65630.50,65637.90,111.430000,577,71.771000,39.659000,65643.23,104224.31,0.00001543,0.000000,0.000000,0
2026-07-22 13:13:00,65638.00,65641.20,65620.80,65620.80,105.066000,601,68.815000,36.251000,65630.23,104233.34,0.00001541,0.000000,0.000000,0
2026-07-22 13:14:00,65620.90,65632.70,65619.10,65619.20,72.369000,383,33.122000,39.247000,65623.55,104263.24,0.00001541,0.000000,0.000000,0
2026-07-22 13:15:00,65619.10,65619.20,65618.90,65619.00,28.272000,213,11.805000,16.467000,65619.10,104265.48,0.00001520,0.000000,0.000000,0
2026-07-22 13:16:00,65618.90,65619.00,65590.00,65610.70,113.504000,754,81.047000,32.457000,65605.28,104280.22,0.00001489,0.000000,0.000000,0
2026-07-22 13:17:00,65610.80,65610.80,65563.80,65563.80,98.489000,662,26.942000,71.547000,65582.03,104279.66,0.00001489,0.000000,0.000000,0
2026-07-22 13:18:00,65563.90,65586.50,65563.80,65582.40,112.870000,742,64.467000,48.403000,65577.97,104282.72,0.00001469,0.000000,0.000000,0
2026-07-22 13:19:00,65582.50,65582.50,65549.00,65566.20,115.671000,784,44.205000,71.466000,65563.56,104282.07,0.00001441,0.000000,0.000000,0
2026-07-22 13:20:00,65566.20,65588.80,65566.10,65588.80,111.806000,590,78.902000,32.904000,65576.62,104294.69,0.00001427,0.000000,0.000000,0
2026-07-22 13:21:00,65588.80,65588.80,65539.80,65570.40,249.336000,979,115.826000,133.510000,65552.11,104243.32,0.00001427,0.000000,0.000000,0
2026-07-22 13:22:00,65570.30,65596.80,65570.30,65590.80,78.939000,646,51.060000,27.879000,65586.62,104241.02,0.00001424,0.000000,0.000000,0
2026-07-22 13:23:00,65590.80,65592.80,65570.10,65570.10,51.810000,384,22.176000,29.634000,65584.92,104249.69,0.00001432,0.000000,0.000000,0
2026-07-22 13:24:00,65570.20,65570.20,65560.30,65560.30,61.234000,302,19.244000,41.990000,65565.20,104248.74,0.00001432,0.000000,0.000000,0
2026-07-22 13:25:00,65560.40,65560.40,65545.30,65549.40,72.278000,402,24.417000,47.861000,65549.10,104250.78,0.00001407,0.000000,0.000000,0
2026-07-22 13:26:00,65549.30,65562.50,65531.70,65562.50,129.995000,678,65.740000,64.255000,65543.50,104236.04,0.00001377,0.000000,0.370000,0
2026-07-22 13:27:00,65562.50,65583.30,65560.00,65560.10,82.941000,684,45.955000,36.986000,65574.30,104217.83,0.00001377,0.000000,0.000000,0
2026-07-22 13:28:00,65560.10,65577.60,65556.20,65558.00,65.062000,523,34.338000,30.724000,65563.68,104206.02,0.00001376,0.000000,0.000000,0
2026-07-22 13:29:00,65558.00,65607.90,65557.90,65590.60,153.984000,819,112.533000,41.451000,65591.96,104172.26,0.00001367,0.000000,0.000000,0
2026-07-22 13:30:00,65590.60,65595.70,65590.50,65590.60,53.660000,396,33.218000,20.442000,65592.92,104178.50,0.00001370,0.000000,0.000000,0
2026-07-22 13:31:00,65590.70,65670.50,65590.70,65670.50,319.232000,1990,207.108000,112.124000,65635.56,104178.50,0.00001370,0.000000,0.004000,0
2026-07-22 13:32:00,65670.40,65680.10,65619.90,65620.00,239.716000,1906,125.715000,114.001000,65655.88,104163.28,0.00001360,0.000000,0.000000,0
2026-07-22 13:33:00,65619.90,65644.80,65571.40,65633.50,155.680000,1677,71.475000,84.205000,65609.27,104166.76,0.00001353,0.000000,0.000000,0
2026-07-22 13:34:00,65633.50,65686.10,65630.60,65680.90,221.504000,1945,149.259000,72.245000,65661.51,104146.71,0.00001353,0.000000,0.000000,0
2026-07-22 13:35:00,65680.90,65765.30,65680.80,65761.30,387.649000,2260,249.857000,137.792000,65722.72,104094.40,0.00001380,0.137000,0.000000,0
2026-07-22 13:36:00,65761.40,65765.30,65717.60,65753.90,302.615000,1938,193.677000,108.938000,65742.49,104093.67,0.00001378,0.020000,0.000000,0
2026-07-22 13:37:00,65754.00,65796.20,65745.90,65792.70,225.027000,1842,153.416000,71.611000,65774.02,104064.07,0.00001350,0.209000,0.000000,0
2026-07-22 13:38:00,65792.80,65858.60,65769.10,65805.40,510.771000,2925,240.353000,270.418000,65807.08,104029.16,0.00001350,4.504000,0.000000,0
2026-07-22 13:39:00,65805.30,65825.30,65745.10,65745.10,211.195000,1199,52.566000,158.629000,65796.36,103978.47,0.00001352,0.000000,0.000000,0
2026-07-22 13:40:00,65745.10,65818.70,65700.00,65818.70,145.227000,2042,90.427000,54.800000,65754.38,103994.88,0.00001356,0.000000,0.000000,0
2026-07-22 13:41:00,65818.70,65818.70,65763.70,65792.60,159.549000,1586,98.535000,61.014000,65779.52,103993.06,0.00001356,0.000000,0.000000,0
2026-07-22 13:42:00,65792.70,65847.80,65792.60,65844.50,187.490000,1514,129.990000,57.500000,65824.87,103983.43,0.00001338,0.001000,0.002000,0
2026-07-22 13:43:00,65844.40,65879.20,65831.50,65854.70,161.530000,1810,103.920000,57.610000,65854.08,103979.66,0.00001339,0.009000,0.000000,0
2026-07-22 13:44:00,65854.60,65894.70,65846.40,65853.30,163.147000,1373,97.757000,65.390000,65874.42,103977.20,0.00001339,0.279000,0.000000,0
2026-07-22 13:45:00,65853.40,65883.30,65852.30,65864.80,95.103000,1298,54.095000,41.008000,65866.10,103974.43,0.00001350,0.000000,0.000000,0
2026-07-22 13:46:00,65864.90,65916.60,65864.80,65911.70,206.300000,1840,137.401000,68.899000,65899.27,104002.34,0.00001366,0.172000,0.000000,0
2026-07-22 13:47:00,65911.80,65956.00,65905.80,65947.00,260.897000,1629,165.621000,95.276000,65935.37,103968.22,0.00001403,0.440000,0.000000,0
2026-07-22 13:48:00,65947.10,65949.80,65835.10,65835.10,123.029000,1371,29.247000,93.782000,65896.35,103950.30,0.00001403,0.000000,0.003000,0
2026-07-22 13:49:00,65835.10,65852.00,65792.30,65834.70,125.715000,1370,42.389000,83.326000,65822.71,103945.98,0.00001425,0.000000,0.000000,0
2026-07-22 13:50:00,65834.80,65882.90,65790.30,65870.40,119.158000,1686,46.479000,72.679000,65836.91,103938.45,0.00001397,0.000000,0.000000,0
2026-07-22 13:51:00,65870.40,65891.10,65795.60,65800.00,119.146000,1966,65.246000,53.900000,65855.47,103929.92,0.00001397,0.000000,0.000000,0
2026-07-22 13:52:00,65800.10,65847.60,65780.20,65795.40,114.671000,1526,51.097000,63.574000,65804.03,103942.61,0.00001416,0.000000,0.000000,0
2026-07-22 13:53:00,65795.50,65868.10,65795.40,65799.80,209.661000,1994,120.994000,88.667000,65823.87,103950.04,0.00001391,0.000000,0.000000,0
2026-07-22 13:54:00,65799.70,65860.00,65799.70,65859.90,85.898000,1198,54.596000,31.302000,65824.92,103948.88,0.00001360,0.000000,0.000000,0
2026-07-22 13:55:00,65860.00,65900.00,65846.20,65899.90,151.420000,1577,50.727000,100.693000,65874.45,103950.30,0.00001360,0.000000,0.000000,0
2026-07-22 13:56:00,65900.00,65917.50,65893.40,65910.00,120.850000,1154,55.597000,65.253000,65901.19,103925.95,0.00001380,0.000000,0.000000,0
2026-07-22 13:57:00,65909.90,65910.00,65866.50,65871.60,97.912000,846,33.890000,64.022000,65882.51,103952.96,0.00001406,0.150000,0.000000,0
2026-07-22 13:58:00,65871.60,65904.20,65866.00,65904.20,101.126000,830,75.730000,25.396000,65886.90,103963.00,0.00001406,0.000000,0.000000,0
2026-07-22 13:59:00,65904.20,65935.50,65900.00,65902.90,126.232000,1052,65.407000,60.825000,65914.92,103992.57,0.00001389,0.000000,0.000000,0
2026-07-22 14:00:00,65902.90,65942.10,65902.90,65925.00,128.481000,921,92.270000,36.211000,65929.22,104019.59,0.00001416,0.003000,0.000000,0
2026-07-22 14:01:00,65924.90,65947.80,65889.10,65893.00,124.454000,1444,60.475000,63.979000,65912.32,104037.56,0.00001416,0.000000,0.000000,0
2026-07-22 14:02:00,65892.90,65900.80,65878.10,65878.10,87.838000,1018,35.122000,52.716000,65889.63,104056.25,0.00001432,0.000000,0.000000,0
2026-07-22 14:03:00,65878.00,65900.00,65866.00,65883.80,55.625000,1290,28.342000,27.283000,65881.92,104061.73,0.00001396,0.000000,0.000000,0
2026-07-22 14:04:00,65883.80,65902.00,65866.00,65870.10,113.477000,1464,56.698000,56.779000,65882.61,104065.47,0.00001377,0.022000,0.000000,0
2026-07-22 14:05:00,65870.00,66016.40,65870.00,66003.00,466.576000,2508,360.292000,106.284000,65984.95,104086.16,0.00001377,0.610000,0.000000,0
2026-07-22 14:06:00,66003.10,66190.40,66003.10,66156.20,1393.809000,5270,818.247000,575.562000,66099.96,104238.35,0.00001387,8.928000,0.499000,0
2026-07-22 14:07:00,66156.30,66169.00,66095.70,66107.70,401.922000,3294,216.050000,185.872000,66130.97,103878.95,0.00001408,3.043000,0.026000,0
2026-07-22 14:08:00,66107.70,66118.80,66000.00,66000.00,405.956000,2118,84.715000,321.241000,66061.67,103925.54,0.00001408,0.000000,0.000000,0
2026-07-22 14:09:00,66000.00,66000.10,65900.00,65906.60,449.374000,2744,95.740000,353.634000,65933.70,103929.76,0.00001398,0.000000,0.103000,0
2026-07-22 14:10:00,65906.70,65976.40,65906.60,65971.80,154.322000,1332,77.062000,77.260000,65941.72,103774.24,0.00001382,0.000000,0.000000,0
2026-07-22 14:11:00,65971.80,65990.50,65941.70,65963.60,198.765000,1583,99.475000,99.290000,65967.07,103786.68,0.00001382,0.000000,0.000000,0
2026-07-22 14:12:00,65963.70,66008.00,65958.40,65961.00,108.554000,1330,64.400000,44.154000,65978.52,103767.64,0.00001383,0.000000,0.000000,0
2026-07-22 14:13:00,65961.00,65975.70,65931.80,65931.80,76.583000,975,29.391000,47.192000,65956.27,103771.24,0.00001387,0.000000,0.000000,0
2026-07-22 14:14:00,65931.80,65931.80,65890.20,65894.10,129.504000,1083,59.088000,70.416000,65908.56,103745.68,0.00001355,0.000000,0.000000,0
2026-07-22 14:15:00,65894.10,65900.60,65867.30,65873.50,254.433000,1204,88.703000,165.730000,65885.22,103735.02,0.00001355,0.000000,0.850000,0
2026-07-22 14:16:00,65873.60,65873.60,65711.30,65763.40,551.155000,3285,211.338000,339.817000,65765.44,103681.82,0.00001306,0.000000,1.055000,0
2026-07-22 14:17:00,65763.30,65808.40,65725.10,65725.10,245.032000,2503,104.092000,140.940000,65764.66,103631.88,0.00001239,0.000000,0.000000,0
2026-07-22 14:18:00,65725.20,65746.80,65676.70,65739.10,454.399000,2768,229.098000,225.301000,65713.91,103597.66,0.00001239,0.000000,0.151000,0
2026-07-22 14:19:00,65739.00,65764.30,65700.60,65734.10,249.796000,2579,156.683000,93.113000,65738.61,103555.67,0.00001206,0.000000,0.000000,0
2026-07-22 14:20:00,65734.00,65752.90,65711.90,65747.80,169.037000,1911,86.051000,82.986000,65739.70,103604.92,0.00001253,0.000000,0.000000,0
2026-07-22 14:21:00,65747.80,65752.70,65711.10,65735.40,139.137000,1543,76.947000,62.190000,65732.60,103620.90,0.00001253,0.000000,0.000000,0
2026-07-22 14:22:00,65735.40,65749.00,65685.00,65685.10,135.552000,1616,47.086000,88.466000,65716.47,103634.48,0.00001238,0.000000,0.000000,0
2026-07-22 14:23:00,65685.00,65710.30,65650.00,65650.00,160.211000,1847,52.615000,107.596000,65677.31,103620.36,0.00001224,0.000000,0.125000,0
2026-07-22 14:24:00,65650.10,65657.80,65620.00,65653.10,226.530000,1855,89.680000,136.850000,65637.08,103599.26,0.00001224,0.000000,0.043000,0
2026-07-22 14:25:00,65653.20,65662.20,65592.20,65615.60,227.521000,1530,60.148000,167.373000,65610.09,103595.86,0.00001161,0.000000,0.145000,0
2026-07-22 14:26:00,65615.50,65696.90,65615.50,65687.40,158.641000,1443,128.670000,29.971000,65662.91,103649.46,0.00001150,0.000000,0.003000,0
2026-07-22 14:27:00,65687.30,65695.70,65634.00,65634.00,86.539000,1155,36.757000,49.782000,65663.17,103654.79,0.00001160,0.000000,0.000000,0
2026-07-22 14:28:00,65634.00,65658.30,65634.00,65650.00,63.923000,775,42.163000,21.760000,65643.45,103654.60,0.00001160,0.000000,0.000000,0
2026-07-22 14:29:00,65650.00,65663.40,65569.10,65576.80,235.651000,1437,42.521000,193.130000,65600.37,103656.69,0.00001151,0.000000,2.071000,0
2026-07-22 14:30:00,65576.80,65605.30,65560.00,65591.40,154.980000,1308,77.994000,76.986000,65582.54,103693.78,0.00001129,0.000000,0.077000,0
2026-07-22 14:31:00,65591.40,65641.80,65556.30,65641.80,161.694000,1734,92.096000,69.598000,65602.45,103720.25,0.00001129,0.000000,0.561000,0
2026-07-22 14:32:00,65641.70,65664.50,65602.40,65664.50,200.053000,1485,131.487000,68.566000,65631.68,103738.39,0.00001142,0.000000,0.000000,0
2026-07-22 14:33:00,65664.50,65694.00,65663.00,65679.30,133.004000,1137,81.375000,51.629000,65674.63,103764.61,0.00001142,0.000000,0.000000,0
2026-07-22 14:34:00,65679.40,65722.50,65677.50,65706.30,231.983000,1604,148.012000,83.971000,65704.81,103764.67,0.00001142,0.000000,0.000000,0
2026-07-22 14:35:00,65706.20,65707.40,65681.50,65681.60,78.462000,841,43.697000,34.765000,65699.24,103767.79,0.00001175,0.000000,0.000000,0
2026-07-22 14:36:00,65681.50,65706.20,65655.00,65690.30,85.247000,1053,44.686000,40.561000,65675.81,103750.88,0.00001199,0.000000,0.000000,0
2026-07-22 14:37:00,65690.20,65839.00,65690.20,65839.00,263.988000,2190,184.348000,79.640000,65766.56,103743.79,0.00001197,1.674000,0.000000,0
2026-07-22 14:38:00,65839.00,65849.80,65775.40,65775.40,155.597000,1919,56.479000,99.118000,65809.75,103712.54,0.00001197,0.019000,0.000000,0
2026-07-22 14:39:00,65775.50,65775.50,65691.20,65691.20,89.155000,1262,20.226000,68.929000,65733.07,103691.04,0.00001257,0.000000,0.000000,0
2026-07-22 14:40:00,65691.00,65709.90,65673.50,65698.10,90.249000,1389,46.265000,43.984000,65686.78,103696.67,0.00001226,0.000000,0.000000,0
2026-07-22 14:41:00,65698.10,65703.80,65633.10,65633.20,108.840000,1298,40.890000,67.950000,65674.57,103696.87,0.00001226,0.000000,0.022000,0
2026-07-22 14:42:00,65633.10,65682.30,65631.10,65650.10,85.421000,1146,50.724000,34.697000,65647.25,103691.66,0.00001202,0.000000,0.002000,0
2026-07-22 14:43:00,65650.00,65705.00,65650.00,65694.70,54.492000,966,26.586000,27.906000,65685.76,103703.69,0.00001192,0.000000,0.000000,0
2026-07-22 14:44:00,65694.70,65703.90,65685.80,65697.10,50.445000,697,28.887000,21.558000,65691.36,103704.56,0.00001192,0.000000,0.000000,0
2026-07-22 14:45:00,65697.00,65709.80,65641.10,65641.10,58.361000,983,24.195000,34.166000,65690.11,103709.45,0.00001217,0.000000,0.000000,0
2026-07-22 14:46:00,65641.10,65668.40,65617.40,65668.40,75.144000,1018,34.441000,40.703000,65631.85,103697.73,0.00001223,0.000000,0.000000,0
2026-07-22 14:47:00,65668.30,65728.20,65653.50,65699.60,52.026000,1280,28.582000,23.444000,65698.79,103702.47,0.00001203,0.000000,0.000000,0
2026-07-22 14:48:00,65699.50,65711.80,65689.20,65689.20,39.710000,638,23.581000,16.129000,65698.48,103698.08,0.00001203,0.000000,0.000000,0
2026-07-22 14:49:00,65689.30,65713.00,65683.30,65707.20,97.879000,1054,67.146000,30.733000,65699.04,103712.21,0.00001223,0.000000,0.000000,0
2026-07-22 14:50:00,65707.10,65716.00,65645.30,65716.00,43.720000,1226,16.000000,27.720000,65677.09,103717.37,0.00001221,0.000000,0.000000,0
2026-07-22 14:51:00,65716.00,65754.70,65703.90,65754.70,67.015000,1080,50.952000,16.063000,65726.21,103711.74,0.00001221,0.000000,0.000000,0
2026-07-22 14:52:00,65754.70,65771.90,65703.70,65771.90,111.591000,1132,75.716000,35.875000,65730.17,103698.08,0.00001228,0.000000,0.000000,0
2026-07-22 14:53:00,65772.00,65772.30,65715.90,65723.00,106.487000,1109,39.884000,66.603000,65749.12,103670.66,0.00001219,0.000000,0.000000,0
2026-07-22 14:54:00,65722.90,65765.80,65722.90,65723.00,116.349000,918,61.218000,55.131000,65742.88,103678.47,0.00001277,0.000000,0.000000,0
2026-07-22 14:55:00,65723.00,65767.60,65719.30,65719.40,92.963000,838,52.311000,40.652000,65750.08,103714.17,0.00001277,0.000000,0.000000,0
2026-07-22 14:56:00,65719.40,65719.40,65647.20,65688.90,54.699000,1072,18.069000,36.630000,65681.92,103737.63,0.00001309,0.000000,0.000000,0
2026-07-22 14:57:00,65688.90,65690.00,65674.00,65674.00,29.281000,469,15.353000,13.928000,65683.49,103739.45,0.00001321,0.000000,0.000000,0
2026-07-22 14:58:00,65674.10,65697.60,65674.00,65696.10,33.941000,501,26.019000,7.922000,65690.00,103739.99,0.00001321,0.000000,0.024000,0
2026-07-22 14:59:00,65696.10,65737.90,65684.60,65737.90,91.284000,664,46.442000,44.842000,65702.68,103727.80,0.00001350,0.000000,0.000000,0
2026-07-22 15:00:00,65737.80,65771.10,65737.80,65770.20,58.734000,713,45.048000,13.686000,65757.09,103726.68,0.00001397,0.000000,0.000000,0
2026-07-22 15:01:00,65770.10,65827.20,65770.10,65822.70,236.925000,1487,138.391000,98.534000,65793.09,103729.98,0.00001463,2.910000,0.000000,0
2026-07-22 15:02:00,65822.60,65841.30,65776.00,65778.40,103.170000,1366,52.770000,50.400000,65807.83,103710.28,0.00001463,0.021000,0.000000,0
2026-07-22 15:03:00,65778.50,65808.40,65770.00,65795.90,65.553000,871,26.660000,38.893000,65793.89,103722.24,0.00001494,0.000000,0.000000,0
2026-07-22 15:04:00,65796.00,65879.00,65795.90,65863.90,185.263000,1699,110.832000,74.431000,65850.09,103730.38,0.00001501,0.801000,0.000000,0
2026-07-22 15:05:00,65863.80,65935.10,65860.00,65860.10,244.164000,1884,145.192000,98.972000,65910.71,103679.55,0.00001501,1.189000,0.000000,0
2026-07-22 15:06:00,65860.00,65870.50,65824.10,65861.70,132.743000,1335,53.564000,79.179000,65845.30,103660.63,0.00001551,0.000000,0.000000,0
2026-07-22 15:07:00,65861.60,65863.60,65817.20,65846.20,134.804000,1168,51.214000,83.590000,65848.56,103659.48,0.00001529,0.000000,0.000000,0
2026-07-22 15:08:00,65846.30,65853.30,65824.10,65838.90,45.421000,728,21.055000,24.366000,65842.28,103671.50,0.00001529,0.000000,0.000000,0
2026-07-22 15:09:00,65838.80,65874.50,65814.40,65874.50,51.688000,937,22.884000,28.804000,65845.30,103674.32,0.00001517,0.000000,0.000000,0
2026-07-22 15:10:00,65874.40,65874.50,65845.20,65845.20,49.038000,575,15.574000,33.464000,65860.19,103661.66,0.00001497,0.000000,0.000000,0
2026-07-22 15:11:00,65845.20,65879.30,65830.90,65870.30,54.185000,1054,20.597000,33.588000,65858.86,103658.57,0.00001518,0.000000,0.456000,0
2026-07-22 15:12:00,65870.30,65908.50,65870.20,65891.40,107.840000,1052,70.377000,37.463000,65891.08,103649.99,0.00001518,0.000000,0.000000,0
2026-07-22 15:13:00,65891.30,65895.30,65861.60,65868.30,52.356000,810,22.055000,30.301000,65879.10,103639.54,0.00001522,0.000000,0.000000,0
2026-07-22 15:14:00,65868.40,65868.40,65839.00,65839.10,73.399000,503,18.406000,54.993000,65848.75,103618.18,0.00001526,0.000000,0.000000,0
2026-07-22 15:15:00,65839.00,65947.70,65839.00,65905.20,121.413000,1423,88.290000,33.123000,65903.23,103619.71,0.00001526,0.086000,0.000000,0
2026-07-22 15:16:00,65905.20,65913.00,65884.10,65895.30,76.065000,1264,40.259000,35.806000,65901.13,103615.81,0.00001496,0.000000,0.000000,0
2026-07-22 15:17:00,65895.40,65912.30,65855.00,65894.40,55.052000,1439,16.632000,38.420000,65885.53,103596.42,0.00001504,0.000000,0.000000,0
2026-07-22 15:18:00,65894.40,65940.00,65883.30,65934.20,88.447000,1593,58.160000,30.287000,65911.57,103583.79,0.00001504,0.065000,0.000000,0
2026-07-22 15:19:00,65934.30,65936.70,65893.10,65912.30,60.858000,1274,30.997000,29.861000,65912.20,103575.80,0.00001505,0.000000,0.000000,0
2026-07-22 15:20:00,65912.30,65955.00,65892.20,65951.80,98.841000,870,70.139000,28.702000,65926.20,103573.55,0.00001510,0.000000,0.000000,0
2026-07-22 15:21:00,65951.70,66020.00,65944.90,66004.50,234.344000,2108,139.520000,94.824000,65995.18,103575.41,0.00001483,0.836000,0.000000,0
2026-07-22 15:22:00,66004.40,66013.60,65958.00,65958.00,166.929000,1521,59.772000,107.157000,65994.03,103506.41,0.00001483,0.000000,0.000000,0
2026-07-22 15:23:00,65957.80,65999.40,65945.10,65973.60,126.540000,1310,54.686000,71.854000,65970.74,103510.68,0.00001504,0.000000,0.000000,0
2026-07-22 15:24:00,65973.60,66060.00,65940.90,66001.30,790.973000,3070,637.844000,153.129000,66014.40,103385.97,0.00001498,0.086000,0.000000,0
2026-07-22 15:25:00,66001.20,66025.90,65961.80,65999.50,317.508000,2416,131.287000,186.221000,66002.36,103444.67,0.00001498,0.000000,0.000000,0
2026-07-22 15:26:00,65999.60,66046.30,65984.00,66046.30,171.654000,1632,70.984000,100.670000,66003.77,103369.69,0.00001490,0.000000,0.000000,0
2026-07-22 15:27:00,66046.40,66097.10,66046.30,66072.10,392.635000,1800,298.400000,94.235000,66076.54,103274.67,0.00001483,0.074000,0.000000,0
2026-07-22 15:28:00,66072.00,66100.00,66048.20,66073.60,316.499000,2074,87.828000,228.671000,66073.56,103267.04,0.00001526,0.000000,0.000000,0
2026-07-22 15:29:00,66073.50,66081.20,66047.60,66064.80,138.645000,1152,42.697000,95.948000,66063.19,103198.56,0.00001526,0.059000,0.000000,0
2026-07-22 15:30:00,66064.90,66064.90,66032.60,66044.10,79.564000,747,32.088000,47.476000,66045.62,103178.98,0.00001523,0.000000,0.000000,0
2026-07-22 15:31:00,66044.20,66086.60,66030.50,66052.20,166.211000,2172,102.802000,63.409000,66049.70,103169.75,0.00001512,0.000000,0.000000,0
2026-07-22 15:32:00,66052.30,66072.10,66052.30,66060.10,42.613000,697,22.713000,19.900000,66063.39,103171.08,0.00001512,0.000000,0.000000,0
2026-07-22 15:33:00,66060.20,66080.00,66013.30,66019.50,143.666000,1390,56.702000,86.964000,66042.60,103174.55,0.00001506,0.000000,0.000000,0
2026-07-22 15:34:00,66019.40,66019.50,65969.50,65986.70,171.489000,1571,54.148000,117.341000,65987.37,103151.93,0.00001466,0.000000,0.000000,0
2026-07-22 15:35:00,65986.70,65997.60,65957.70,65958.80,100.609000,1385,34.924000,65.685000,65977.57,103166.30,0.00001466,0.000000,0.000000,0
2026-07-22 15:36:00,65958.80,65978.20,65948.40,65975.90,66.795000,1247,28.629000,38.166000,65962.74,103158.67,0.00001428,0.000000,0.000000,0
2026-07-22 15:37:00,65975.90,66008.80,65962.20,65995.10,61.309000,1192,42.271000,19.038000,65990.68,103157.56,0.00001409,0.000000,0.000000,0
2026-07-22 15:38:00,65995.10,65995.10,65920.00,65954.40,107.210000,1552,54.845000,52.365000,65943.80,103160.59,0.00001426,0.000000,0.000000,0
2026-07-22 15:39:00,65954.30,65982.20,65941.10,65966.30,109.005000,1109,41.561000,67.444000,65968.06,103180.29,0.00001426,0.000000,0.000000,0
2026-07-22 15:40:00,65966.30,65966.30,65946.00,65946.10,42.952000,606,23.547000,19.405000,65954.82,103171.24,0.00001397,0.000000,0.000000,0
2026-07-22 15:41:00,65946.20,65968.90,65920.10,65962.90,118.303000,1154,86.672000,31.631000,65938.32,103184.80,0.00001398,0.000000,0.000000,0
2026-07-22 15:42:00,65963.00,66000.70,65955.20,65986.90,145.600000,1424,128.187000,17.413000,65972.83,103261.44,0.00001398,0.000000,0.000000,0
2026-07-22 15:43:00,65987.00,65996.90,65959.60,65962.80,38.906000,683,15.020000,23.886000,65983.33,103258.07,0.00001393,0.000000,0.000000,0
2026-07-22 15:44:00,65962.80,65972.30,65940.00,65958.00,21.123000,644,11.388000,9.735000,65955.27,103250.07,0.00001397,0.000000,0.000000,0
2026-07-22 15:45:00,65957.90,65991.80,65957.90,65985.50,54.636000,801,15.056000,39.580000,65980.01,103258.43,0.00001350,0.000000,0.000000,0
2026-07-22 15:46:00,65985.20,66029.40,65985.20,66008.60,102.565000,1046,68.741000,33.824000,66003.49,103259.41,0.00001350,0.000000,0.023000,0
2026-07-22 15:47:00,66008.60,66010.00,65919.30,65919.30,67.034000,1035,22.489000,44.545000,65977.33,103256.51,0.00001404,0.000000,0.000000,0
2026-07-22 15:48:00,65919.40,65962.30,65906.00,65962.20,51.747000,1135,19.674000,32.073000,65937.45,103231.94,0.00001419,0.000000,0.000000,0
2026-07-22 15:49:00,65962.20,65981.90,65962.20,65967.20,42.211000,646,23.747000,18.464000,65970.70,103245.24,0.00001419,0.000000,0.000000,0
2026-07-22 15:50:00,65967.10,66019.70,65967.10,66014.80,61.610000,1003,39.590000,22.020000,65999.90,103246.74,0.00001427,0.000000,0.000000,0
2026-07-22 15:51:00,66014.80,66025.00,66002.00,66012.20,39.881000,623,26.970000,12.911000,66015.99,103262.91,0.00001489,0.000000,0.000000,0
2026-07-22 15:52:00,66012.20,66043.30,66005.20,66014.50,72.709000,774,19.870000,52.839000,66030.94,103244.09,0.00001524,0.000000,0.000000,0
2026-07-22 15:53:00,66014.50,66014.60,65980.00,65982.60,37.066000,662,19.131000,17.935000,65995.16,103242.04,0.00001524,0.000000,0.000000,0
2026-07-22 15:54:00,65982.70,65982.70,65956.10,65956.10,24.464000,437,7.207000,17.257000,65969.48,103245.75,0.00001500,0.000000,0.000000,0
2026-07-22 15:55:00,65956.10,65982.20,65954.30,65982.20,35.632000,388,15.658000,19.974000,65965.13,103246.02,0.00001481,0.000000,0.000000,0
2026-07-22 15:56:00,65982.20,66023.80,65982.20,66023.80,37.960000,598,27.937000,10.023000,66007.98,103255.05,0.00001481,0.000000,0.000000,0
2026-07-22 15:57:00,66023.90,66029.20,65970.00,65981.60,36.330000,873,16.270000,20.060000,65989.12,103252.77,0.00001492,0.003000,0.268000,0
2026-07-22 15:58:00,65981.50,65986.20,65970.00,65977.40,20.747000,513,10.419000,10.328000,65977.87,103250.28,0.00001480,0.000000,0.000000,0
2026-07-22 15:59:00,65977.40,65988.70,65967.60,65988.10,31.222000,396,20.470000,10.752000,65976.91,103247.04,0.00001480,0.000000,0.000000,0
2026-07-22 16:00:00,65988.10,66014.90,65966.60,66014.80,48.602000,670,38.075000,10.527000,65992.06,103240.83,0.00001455,0.000000,0.000000,0
2026-07-22 16:01:00,66014.80,66021.30,65990.20,65990.30,93.524000,930,51.086000,42.438000,66005.52,103218.50,0.00001443,0.000000,0.000000,0
2026-07-22 16:02:00,65990.30,66014.00,65984.80,66013.90,36.779000,626,22.276000,14.503000,65993.80,103208.87,0.00001430,0.000000,0.000000,0
2026-07-22 16:03:00,66013.90,66023.50,65991.10,65991.10,114.803000,842,77.419000,37.384000,66010.78,103202.43,0.00001430,0.000000,0.000000,0
2026-07-22 16:04:00,65991.10,65993.00,65965.00,65983.10,92.359000,806,25.182000,67.177000,65979.70,103170.88,0.00001408,1.992000,0.000000,0
2026-07-22 16:05:00,65983.20,66005.80,65975.00,65994.90,73.030000,609,25.212000,47.818000,65988.55,103147.10,0.00001364,0.018000,0.000000,0
2026-07-22 16:06:00,65994.90,66031.60,65978.60,66031.60,139.817000,910,50.571000,89.246000,65995.46,103146.65,0.00001364,0.000000,0.000000,0
2026-07-22 16:07:00,66031.60,66070.20,66030.00,66041.30,161.306000,1186,93.988000,67.318000,66049.33,103157.84,0.00001370,0.000000,0.000000,0
2026-07-22 16:08:00,66041.40,66079.90,66036.90,66079.80,53.874000,755,30.713000,23.161000,66055.05,103167.40,0.00001380,0.000000,0.000000,0
2026-07-22 16:09:00,66079.90,66121.10,66073.30,66115.00,234.206000,1558,158.075000,76.131000,66098.41,103133.89,0.00001380,0.248000,0.000000,0
2026-07-22 16:10:00,66115.10,66125.70,66104.30,66115.50,145.877000,959,86.450000,59.427000,66117.32,103127.48,0.00001385,0.713000,0.000000,0
2026-07-22 16:11:00,66115.60,66115.60,66040.60,66040.60,98.213000,1227,23.288000,74.925000,66088.32,103123.06,0.00001390,0.000000,0.000000,0
2026-07-22 16:12:00,66040.60,66060.50,66037.10,66039.00,53.405000,851,25.105000,28.300000,66045.67,103138.75,0.00001352,0.000000,0.000000,0
2026-07-22 16:13:00,66039.00,66072.40,66039.00,66065.60,26.712000,679,15.566000,11.146000,66052.23,103149.61,0.00001352,0.002000,0.000000,0
2026-07-22 16:14:00,66065.70,66084.20,66060.70,66079.80,76.099000,604,39.802000,36.297000,66075.71,103139.12,0.00001354,0.009000,0.000000,0
2026-07-22 16:15:00,66079.90,66107.40,66079.90,66090.20,71.915000,645,60.748000,11.167000,66097.20,103130.15,0.00001369,0.000000,0.000000,0
2026-07-22 16:16:00,66090.20,66090.30,66020.60,66022.70,77.942000,1353,20.315000,57.627000,66041.81,103131.59,0.00001369,0.000000,0.000000,0
2026-07-22 16:17:00,66022.80,66030.00,65975.00,65978.40,42.657000,953,9.347000,33.310000,66008.02,103132.15,0.00001354,0.000000,0.003000,0
2026-07-22 16:18:00,65978.40,65981.70,65936.00,65940.90,111.872000,1113,25.049000,86.823000,65952.56,103108.28,0.00001339,0.000000,0.467000,0
2026-07-22 16:19:00,65941.10,66000.90,65937.90,66000.90,72.998000,875,43.596000,29.402000,65960.19,103104.95,0.00001339,0.000000,0.000000,0
2026-07-22 16:20:00,66001.00,66030.90,66001.00,66030.90,32.463000,449,13.001000,19.462000,66016.37,103101.92,0.00001295,0.000000,0.000000,0
2026-07-22 16:21:00,66030.90,66030.90,65992.20,66019.70,47.591000,638,15.669000,31.922000,66008.10,103114.30,0.00001318,0.000000,0.000000,0
2026-07-22 16:22:00,66019.80,66020.00,65956.30,65966.50,53.324000,971,11.727000,41.597000,65972.38,103106.04,0.00001308,0.000000,0.000000,0
2026-07-22 16:23:00,65966.50,65987.00,65955.00,65960.40,39.303000,668,12.453000,26.850000,65965.29,103108.74,0.00001308,0.000000,0.000000,0
2026-07-22 16:24:00,65960.40,65966.00,65945.00,65945.00,30.439000,319,10.759000,19.680000,65956.28,103105.46,0.00001283,0.000000,0.000000,0
2026-07-22 16:25:00,65945.00,65953.40,65939.50,65940.80,44.194000,592,16.529000,27.665000,65944.18,103108.22,0.00001267,0.000000,0.000000,0
2026-07-22 16:26:00,65940.80,65943.90,65915.00,65926.60,99.127000,997,42.198000,56.929000,65929.27,103095.80,0.00001267,0.000000,0.000000,0
2026-07-22 16:27:00,65926.60,65926.70,65877.00,65900.00,189.159000,1704,40.410000,148.749000,65900.30,103057.85,0.00001231,0.000000,0.001000,0
2026-07-22 16:28:00,65899.90,65931.80,65895.00,65928.40,108.297000,897,77.483000,30.814000,65909.60,103057.98,0.00001209,0.000000,0.000000,0
2026-07-22 16:29:00,65928.40,65973.30,65923.60,65973.20,58.804000,815,42.931000,15.873000,65953.09,103058.17,0.00001209,0.000000,0.000000,0
2026-07-22 16:30:00,65973.20,66005.10,65973.20,65990.00,68.952000,594,56.499000,12.453000,65991.88,103062.34,0.00001220,0.000000,0.000000,0
2026-07-22 16:31:00,65990.10,66038.80,65977.00,66038.80,96.645000,922,51.548000,45.097000,66014.66,103083.21,0.00001241,0.000000,0.000000,0
2026-07-22 16:32:00,66038.80,66169.40,66038.80,66115.00,274.790000,2520,203.027000,71.763000,66123.46,103071.57,0.00001259,3.657000,0.000000,0
2026-07-22 16:33:00,66115.00,66133.70,66107.10,66122.20,94.112000,1230,67.685000,26.427000,66127.14,103070.75,0.00001259,0.000000,0.000000,0
2026-07-22 16:34:00,66122.10,66242.50,66122.10,66221.20,481.311000,2409,407.856000,73.455000,66204.07,103087.78,0.00001305,0.691000,0.000000,0
2026-07-22 16:35:00,66221.10,66230.10,66164.10,66207.40,269.205000,2143,121.754000,147.451000,66202.38,103001.74,0.00001344,0.376000,0.000000,0
2026-07-22 16:36:00,66207.50,66210.00,66166.80,66189.10,310.122000,1782,135.251000,174.871000,66191.71,103102.86,0.00001344,0.001000,0.000000,0
2026-07-22 16:37:00,66189.10,66230.00,66177.90,66230.00,361.451000,1567,234.997000,126.454000,66196.09,103132.42,0.00001363,0.000000,0.000000,0
2026-07-22 16:38:00,66229.90,66269.90,66219.90,66253.00,488.942000,1810,407.785000,81.157000,66255.61,103215.72,0.00001399,1.453000,0.000000,0
2026-07-22 16:39:00,66252.90,66350.00,66244.40,66288.00,782.924000,3560,469.558000,313.366000,66312.94,103040.71,0.00001399,3.385000,0.000000,0
2026-07-22 16:40:00,66288.00,66363.60,66285.20,66325.80,283.655000,2167,189.372000,94.283000,66336.45,103027.66,0.00001452,1.104000,0.000000,0
2026-07-22 16:41:00,66325.70,66332.20,66243.20,66250.80,264.893000,1610,88.405000,176.488000,66278.42,103023.80,0.00001479,0.000000,0.000000,0
2026-07-22 16:42:00,66250.70,66256.90,66229.00,66236.90,107.273000,765,57.096000,50.177000,66241.40,103014.32,0.00001467,0.000000,0.000000,0
2026-07-22 16:43:00,66236.80,66300.00,66236.80,66267.40,155.719000,1286,112.994000,42.725000,66283.15,103074.94,0.00001467,0.000000,0.000000,0
2026-07-22 16:44:00,66267.40,66293.10,66238.40,66254.90,131.508000,1162,35.055000,96.453000,66269.89,103046.93,0.00001490,0.000000,0.000000,0
2026-07-22 16:45:00,66254.80,66260.20,66242.20,66260.00,43.019000,489,24.057000,18.962000,66254.10,103044.04,0.00001489,0.004000,0.000000,0
2026-07-22 16:46:00,66259.90,66263.00,66210.30,66214.40,99.461000,1199,32.683000,66.778000,66244.88,103044.04,0.00001489,0.000000,0.000000,0
2026-07-22 16:47:00,66214.40,66234.90,66184.50,66189.70,97.825000,1214,39.688000,58.137000,66206.28,103046.82,0.00001495,0.000000,0.000000,0
2026-07-22 16:48:00,66189.80,66195.00,66173.50,66174.30,69.848000,808,25.883000,43.965000,66184.15,103038.55,0.00001504,0.000000,0.000000,0
2026-07-22 16:49:00,66174.30,66183.90,66159.80,66171.00,67.772000,817,27.032000,40.740000,66169.08,103027.82,0.00001484,0.000000,0.000000,0
2026-07-22 16:50:00,66171.10,66208.60,66160.00,66162.90,171.181000,1233,123.146000,48.035000,66189.75,103021.16,0.00001484,0.000000,0.000000,0
2026-07-22 16:51:00,66163.00,66194.80,66140.80,66194.80,92.311000,1025,50.892000,41.419000,66167.90,103070.97,0.00001454,0.010000,0.045000,0
2026-07-22 16:52:00,66194.70,66205.30,66172.30,66172.30,54.322000,657,37.158000,17.164000,66193.14,103090.27,0.00001447,0.000000,0.000000,0
2026-07-22 16:53:00,66172.40,66204.50,66165.00,66204.40,38.139000,491,25.955000,12.184000,66187.44,103091.43,0.00001447,0.000000,0.000000,0
2026-07-22 16:54:00,66204.50,66209.50,66147.80,66147.80,48.040000,647,17.410000,30.630000,66182.75,103084.45,0.00001446,0.000000,0.000000,0
2026-07-22 16:55:00,66147.70,66152.10,66120.00,66120.00,61.441000,484,23.451000,37.990000,66141.67,103091.45,0.00001464,0.000000,0.024000,0
2026-07-22 16:56:00,66120.00,66182.00,66120.00,66181.90,86.746000,882,70.744000,16.002000,66155.56,103086.10,0.00001464,0.000000,0.000000,0
2026-07-22 16:57:00,66182.00,66210.10,66174.90,66210.00,84.108000,648,74.613000,9.495000,66195.67,103123.51,0.00001445,0.000000,0.000000,0
2026-07-22 16:58:00,66210.10,66210.10,66182.70,66182.80,58.270000,474,22.973000,35.297000,66198.07,103122.43,0.00001478,0.000000,0.000000,0
2026-07-22 16:59:00,66182.80,66196.10,66182.70,66196.00,22.631000,258,12.903000,9.728000,66185.81,103113.78,0.00001492,0.000000,0.000000,0
2026-07-22 17:00:00,66196.00,66199.80,66185.90,66199.70,22.774000,321,16.101000,6.673000,66193.68,103112.00,0.00001492,0.000000,0.000000,0
2026-07-22 17:01:00,66199.80,66212.90,66188.80,66204.00,73.419000,665,40.991000,32.428000,66202.72,103115.34,0.00001496,0.000000,0.000000,0
2026-07-22 17:02:00,66203.90,66209.60,66185.30,66189.10,32.990000,472,8.997000,23.993000,66194.71,103118.89,0.00001496,0.000000,0.000000,0
2026-07-22 17:03:00,66189.10,66213.30,66174.80,66205.30,53.988000,629,28.866000,25.122000,66189.98,103125.78,0.00001496,0.000000,0.000000,0
2026-07-22 17:04:00,66205.40,66249.30,66196.80,66234.40,105.770000,883,77.619000,28.151000,66220.59,103114.96,0.00001476,0.000000,0.000000,0
2026-07-22 17:05:00,66234.30,66234.40,66177.80,66191.40,57.377000,677,14.485000,42.892000,66204.02,103132.90,0.00001479,0.000000,0.000000,0
2026-07-22 17:06:00,66191.50,66214.20,66184.20,66184.20,27.248000,556,7.330000,19.918000,66196.22,103119.04,0.00001474,0.000000,0.000000,0
2026-07-22 17:07:00,66184.10,66184.10,66160.70,66177.90,44.811000,531,10.613000,34.198000,66173.28,103113.17,0.00001474,0.000000,0.000000,0
2026-07-22 17:08:00,66177.80,66220.00,66177.80,66220.00,19.032000,613,10.508000,8.524000,66200.92,103107.76,0.00001475,0.000000,0.000000,0
2026-07-22 17:09:00,66220.00,66242.80,66219.90,66228.50,31.364000,537,20.574000,10.790000,66232.58,103107.87,0.00001519,0.000000,0.000000,0
2026-07-22 17:10:00,66228.40,66228.40,66150.00,66168.80,119.920000,859,26.649000,93.271000,66184.87,103112.31,0.00001519,0.000000,0.000000,0
2026-07-22 17:11:00,66168.70,66187.60,66168.70,66175.80,27.242000,451,12.508000,14.734000,66181.69,103112.35,0.00001557,0.000000,0.000000,0
2026-07-22 17:12:00,66175.90,66175.90,66137.80,66158.90,51.783000,588,13.620000,38.163000,66157.97,103109.59,0.00001586,0.000000,0.000000,0
2026-07-22 17:13:00,66158.90,66179.20,66158.90,66178.20,30.942000,485,21.136000,9.806000,66167.19,103096.46,0.00001586,0.000000,0.000000,0
2026-07-22 17:14:00,66178.20,66184.80,66161.70,66161.70,19.788000,450,7.589000,12.199000,66173.07,103091.75,0.00001626,0.000000,0.000000,0
2026-07-22 17:15:00,66161.70,66161.70,66135.90,66137.10,57.392000,575,11.341000,46.051000,66146.96,103091.92,0.00001679,0.000000,0.000000,0
2026-07-22 17:16:00,66137.00,66140.60,66101.50,66116.60,83.289000,1044,27.320000,55.969000,66118.36,103122.36,0.00001674,0.000000,0.079000,0
2026-07-22 17:17:00,66116.50,66116.60,66072.30,66072.40,89.183000,695,26.831000,62.352000,66096.12,103133.14,0.00001674,0.000000,0.251000,0
2026-07-22 17:18:00,66072.30,66072.40,66028.80,66033.10,124.632000,957,36.461000,88.171000,66051.11,103133.85,0.00001670,0.000000,0.544000,0
2026-07-22 17:19:00,66033.10,66081.70,66029.60,66049.00,111.022000,1220,67.901000,43.121000,66049.31,103119.18,0.00001650,0.000000,0.004000,0
2026-07-22 17:20:00,66049.10,66050.00,66026.00,66042.20,69.060000,686,33.521000,35.539000,66034.96,103102.31,0.00001650,0.000000,0.000000,0
2026-07-22 17:21:00,66042.10,66042.20,65992.50,66032.00,120.070000,1175,41.814000,78.256000,66010.52,103103.54,0.00001676,0.000000,0.000000,0
2026-07-22 17:22:00,66032.00,66046.20,66017.50,66023.40,36.026000,568,19.716000,16.310000,66032.59,103076.58,0.00001663,0.000000,0.000000,0
2026-07-22 17:23:00,66023.50,66023.50,65986.00,66008.10,86.369000,988,50.689000,35.680000,66000.74,103069.48,0.00001663,0.000000,0.008000,0
2026-07-22 17:24:00,66008.00,66011.40,65970.00,65999.90,130.051000,993,79.810000,50.241000,65983.52,103061.90,0.00001697,0.000000,0.000000,0
2026-07-22 17:25:00,65999.90,66021.50,65991.30,66017.00,66.385000,742,29.928000,36.457000,66004.78,103082.84,0.00001720,0.000000,0.000000,0
2026-07-22 17:26:00,66016.80,66016.90,65985.40,65991.10,40.545000,713,27.305000,13.240000,66003.07,103077.83,0.00001737,0.000000,0.000000,0
2026-07-22 17:27:00,65990.90,65991.00,65912.60,65926.10,165.402000,1064,45.498000,119.904000,65937.47,103082.85,0.00001737,0.000000,0.010000,0
2026-07-22 17:28:00,65926.20,65977.60,65913.80,65951.80,153.350000,1208,124.603000,28.747000,65943.23,103101.75,0.00001756,0.000000,0.011000,0
2026-07-22 17:29:00,65951.90,65977.30,65947.70,65973.30,51.626000,478,34.072000,17.554000,65968.97,103093.64,0.00001754,0.000000,0.000000,0
2026-07-22 17:30:00,65973.40,65973.40,65962.90,65963.00,19.888000,240,10.363000,9.525000,65968.25,103092.95,0.00001754,0.000000,0.000000,0
2026-07-22 17:31:00,65962.90,65996.00,65951.00,65996.00,65.874000,760,42.746000,23.128000,65972.47,103084.82,0.00001802,0.000000,0.000000,0
2026-07-22 17:32:00,65996.00,66058.00,65995.90,66058.00,106.362000,787,79.504000,26.858000,66022.64,103086.75,0.00001813,0.000000,0.000000,0
2026-07-22 17:33:00,66057.90,66061.80,66045.30,66046.00,77.645000,548,38.085000,39.560000,66053.87,103078.24,0.00001813,0.000000,0.000000,0
2026-07-22 17:34:00,66046.00,66046.10,66023.10,66035.20,35.255000,434,12.007000,23.248000,66031.70,103073.30,0.00001900,0.000000,0.000000,0
2026-07-22 17:35:00,66035.20,66060.90,66019.40,66019.40,53.158000,667,40.720000,12.438000,66047.41,103068.88,0.00001929,0.000000,0.000000,0
2026-07-22 17:36:00,66019.40,66062.80,66001.20,66059.00,37.959000,736,24.222000,13.737000,66037.03,103059.26,0.00001945,0.004000,0.000000,0
2026-07-22 17:37:00,66059.00,66070.00,66054.30,66070.00,46.665000,362,18.726000,27.939000,66061.71,103063.50,0.00001945,0.000000,0.000000,0
2026-07-22 17:38:00,66070.00,66120.00,66064.90,66120.00,90.798000,856,70.488000,20.310000,66094.27,103057.04,0.00001985,0.014000,0.000000,0
2026-07-22 17:39:00,66119.90,66120.00,66080.50,66089.10,25.621000,456,6.321000,19.300000,66098.35,103047.38,0.00002031,0.000000,0.000000,0
2026-07-22 17:40:00,66089.10,66109.80,66085.80,66109.70,37.472000,551,20.238000,17.234000,66092.84,103040.98,0.00002031,0.000000,0.000000,0
2026-07-22 17:41:00,66109.80,66121.00,66105.70,66120.80,26.025000,279,13.573000,12.452000,66113.26,103042.58,0.00002055,0.015000,0.000000,0
2026-07-22 17:42:00,66120.90,66121.00,66105.90,66120.60,67.747000,487,28.017000,39.730000,66115.35,103048.95,0.00002111,0.000000,0.000000,0
2026-07-22 17:43:00,66120.50,66131.00,66120.00,66122.70,19.855000,512,14.184000,5.671000,66126.10,103029.59,0.00002111,0.000000,0.000000,0
2026-07-22 17:44:00,66122.70,66153.90,66122.70,66147.80,49.916000,487,17.456000,32.460000,66144.98,103024.20,0.00002148,0.026000,0.000000,0
2026-07-22 17:45:00,66147.80,66153.00,66146.30,66149.90,56.160000,231,8.523000,47.637000,66151.19,103006.87,0.00002196,0.000000,0.000000,0
2026-07-22 17:46:00,66149.90,66150.00,66127.70,66127.70,28.868000,389,7.967000,20.901000,66139.05,102986.69,0.00002239,0.000000,0.000000,0
2026-07-22 17:47:00,66127.70,66208.90,66123.70,66189.20,146.972000,1190,110.623000,36.349000,66184.25,102997.12,0.00002239,0.178000,0.000000,0
2026-07-22 17:48:00,66189.00,66202.60,66174.70,66178.00,93.658000,645,22.863000,70.795000,66191.92,103021.43,0.00002239,0.000000,0.000000,0
2026-07-22 17:49:00,66177.90,66187.00,66146.20,66163.80,25.862000,603,10.490000,15.372000,66163.87,102997.57,0.00002289,0.000000,0.000000,0
2026-07-22 17:50:00,66163.70,66171.70,66118.40,66132.20,128.073000,974,22.883000,105.190000,66135.22,103000.89,0.00002289,0.000000,0.000000,0
2026-07-22 17:51:00,66132.10,66132.10,66100.30,66107.70,41.179000,599,16.076000,25.103000,66112.08,102955.97,0.00002327,0.000000,0.000000,0
2026-07-22 17:52:00,66107.70,66133.90,66107.70,66121.60,17.572000,384,9.329000,8.243000,66124.59,102954.32,0.00002354,0.000000,0.000000,0
2026-07-22 17:53:00,66121.60,66121.70,66067.10,66082.90,47.408000,694,25.229000,22.179000,66085.74,102955.04,0.00002354,0.000000,0.000000,0
2026-07-22 17:54:00,66082.90,66085.90,66064.50,66064.50,38.812000,564,8.142000,30.670000,66075.76,102963.39,0.00002383,0.000000,0.000000,0
2026-07-22 17:55:00,66064.50,66064.60,66013.70,66028.00,129.447000,1011,34.788000,94.659000,66041.01,102956.48,0.00002394,0.000000,0.000000,0
2026-07-22 17:56:00,66028.00,66049.90,65987.30,66033.20,60.452000,1107,29.839000,30.613000,66019.37,102971.51,0.00002412,0.000000,0.000000,0
2026-07-22 17:57:00,66033.30,66042.40,66010.10,66011.90,32.054000,494,13.253000,18.801000,66021.70,102975.45,0.00002412,0.000000,0.000000,0
2026-07-22 17:58:00,66012.00,66028.10,65981.80,65998.40,36.418000,663,15.077000,21.341000,66008.11,102984.81,0.00002461,0.000000,0.017000,0
2026-07-22 17:59:00,65998.50,66022.70,65992.90,65995.00,31.612000,571,17.972000,13.640000,66004.82,102979.69,0.00002478,0.000000,0.000000,0
2026-07-22 18:00:00,65995.10,66012.60,65986.80,65997.50,54.153000,538,39.591000,14.562000,65999.46,102981.51,0.00002478,0.000000,0.000000,0
2026-07-22 18:01:00,65997.50,66029.00,65994.00,66027.50,73.582000,800,49.314000,24.268000,66010.82,102989.83,0.00002510,0.000000,0.000000,0
2026-07-22 18:02:00,66027.50,66027.50,65980.00,65992.30,52.925000,647,34.011000,18.914000,65991.84,102980.82,0.00002543,0.000000,0.016000,0
2026-07-22 18:03:00,65992.30,65996.00,65980.00,65990.80,21.697000,602,11.627000,10.070000,65989.24,102964.79,0.00002543,0.000000,0.000000,0
2026-07-22 18:04:00,65990.80,66008.40,65978.60,66008.30,53.502000,694,15.821000,37.681000,65991.99,102961.40,0.00002570,0.000000,0.000000,0
2026-07-22 18:05:00,66008.40,66045.40,66008.40,66045.40,30.127000,674,23.792000,6.335000,66025.35,102946.74,0.00002602,0.000000,0.000000,0
2026-07-22 18:06:00,66045.30,66045.40,66030.00,66033.60,18.872000,413,10.788000,8.084000,66036.46,102947.01,0.00002646,0.000000,0.000000,0
2026-07-22 18:07:00,66033.60,66052.80,66017.50,66017.50,14.395000,502,5.351000,9.044000,66035.67,102947.96,0.00002646,0.001000,0.000000,0
2026-07-22 18:08:00,66017.50,66036.30,66000.00,66029.60,28.074000,638,22.298000,5.776000,66008.56,102944.21,0.00002682,0.000000,0.000000,0
2026-07-22 18:09:00,66029.60,66029.70,66009.10,66009.50,15.450000,401,6.331000,9.119000,66018.65,102946.26,0.00002686,0.000000,0.000000,0
2026-07-22 18:10:00,66009.60,66010.20,65970.00,65970.00,28.960000,487,5.473000,23.487000,65986.29,102949.38,0.00002686,0.000000,0.060000,0
2026-07-22 18:11:00,65970.10,65988.10,65953.00,65988.00,46.203000,676,19.482000,26.721000,65966.56,102946.68,0.00002701,0.000000,0.001000,0
2026-07-22 18:12:00,65988.00,65992.10,65961.40,65961.40,48.105000,429,11.550000,36.555000,65983.48,102954.13,0.00002687,0.000000,0.000000,0
2026-07-22 18:13:00,65961.10,65964.00,65946.10,65946.20,31.575000,420,12.449000,19.126000,65956.92,102968.23,0.00002687,0.042000,0.024000,0
2026-07-22 18:14:00,65946.10,65972.00,65946.10,65953.70,34.494000,574,17.919000,16.575000,65961.37,102971.15,0.00002713,0.000000,0.000000,0
2026-07-22 18:15:00,65953.70,65964.80,65953.60,65959.20,34.019000,318,8.548000,25.471000,65959.80,102976.84,0.00002726,0.000000,0.000000,0
2026-07-22 18:16:00,65959.20,65959.30,65934.10,65935.40,45.893000,539,12.963000,32.930000,65944.32,102989.97,0.00002751,0.000000,0.000000,0
2026-07-22 18:17:00,65935.40,65950.00,65918.80,65940.40,58.164000,778,30.615000,27.549000,65935.48,102985.19,0.00002751,0.000000,0.000000,0
2026-07-22 18:18:00,65940.40,65964.70,65940.40,65959.70,42.806000,578,33.596000,9.210000,65955.45,102996.07,0.00002768,0.000000,0.000000,0
2026-07-22 18:19:00,65959.60,65977.80,65954.90,65977.80,32.729000,306,28.468000,4.261000,65965.51,102995.44,0.00002802,0.000000,0.000000,0
2026-07-22 18:20:00,65977.90,65982.00,65966.60,65966.70,27.748000,246,16.693000,11.055000,65975.34,102990.54,0.00002802,0.000000,0.000000,0
2026-07-22 18:21:00,65966.70,66024.50,65966.60,66024.40,45.774000,673,34.576000,11.198000,65995.60,102986.55,0.00002858,0.000000,0.000000,0
2026-07-22 18:22:00,66024.40,66024.50,65931.00,65931.00,63.887000,943,23.967000,39.920000,65986.56,102979.27,0.00002920,0.000000,0.000000,0
2026-07-22 18:23:00,65931.00,65931.00,65835.20,65867.50,598.384000,2525,120.424000,477.960000,65883.19,102863.40,0.00002920,0.000000,2.639000,0
2026-07-22 18:24:00,65867.60,65867.60,65850.80,65864.40,61.785000,626,31.596000,30.189000,65858.29,102853.58,0.00002931,0.000000,0.123000,0
2026-07-22 18:25:00,65864.50,65884.70,65845.10,65845.10,87.099000,656,57.636000,29.463000,65868.16,102833.06,0.00002975,0.000000,0.000000,0
2026-07-22 18:26:00,65845.00,65847.70,65810.20,65841.50,189.031000,1393,91.515000,97.516000,65828.81,102851.15,0.00003058,0.000000,0.248000,0
2026-07-22 18:27:00,65841.60,65861.40,65841.50,65861.40,61.019000,458,51.147000,9.872000,65851.97,102866.16,0.00003058,0.000000,0.000000,0
2026-07-22 18:28:00,65861.30,65885.40,65857.90,65882.90,26.737000,477,19.290000,7.447000,65871.23,102870.86,0.00003109,0.000000,0.000000,0
2026-07-22 18:29:00,65882.90,65889.60,65841.30,65848.30,42.157000,683,14.260000,27.897000,65859.08,102864.15,0.00003192,0.000000,0.000000,0
2026-07-22 18:30:00,65848.40,65865.40,65835.90,65865.40,39.208000,476,21.673000,17.535000,65845.63,102860.29,0.00003192,0.000000,0.000000,0
2026-07-22 18:31:00,65865.30,65865.40,65810.00,65839.00,96.867000,963,25.985000,70.882000,65830.61,102858.95,0.00003210,0.112000,2.632000,0
2026-07-22 18:32:00,65839.00,65839.00,65767.60,65786.70,185.774000,1477,65.312000,120.462000,65791.66,102835.53,0.00003217,0.001000,0.345000,0
2026-07-22 18:33:00,65786.90,65786.90,65704.60,65706.10,302.272000,1954,94.446000,207.826000,65734.66,102844.00,0.00003254,0.000000,9.888000,0
2026-07-22 18:34:00,65706.10,65766.20,65701.20,65766.20,92.014000,994,54.570000,37.444000,65740.55,102846.65,0.00003254,0.000000,0.013000,0
2026-07-22 18:35:00,65766.10,65771.70,65722.60,65727.80,74.216000,1011,42.573000,31.643000,65747.64,102851.69,0.00003312,0.000000,0.000000,0
2026-07-22 18:36:00,65727.80,65781.20,65727.70,65776.80,94.721000,996,52.440000,42.281000,65759.08,102853.20,0.00003383,0.000000,0.000000,0
2026-07-22 18:37:00,65776.90,65784.20,65759.20,65777.00,68.426000,673,46.931000,21.495000,65770.44,102855.66,0.00003383,0.000000,0.000000,0
2026-07-22 18:38:00,65777.10,65786.70,65727.70,65735.90,91.753000,963,18.853000,72.900000,65749.93,102852.99,0.00003467,0.000000,0.000000,0
2026-07-22 18:39:00,65735.80,65747.10,65714.80,65726.20,181.417000,1084,99.790000,81.627000,65733.37,102840.50,0.00003537,0.000000,0.648000,0
2026-07-22 18:40:00,65726.20,65757.00,65720.20,65725.60,138.710000,792,97.760000,40.950000,65737.25,102784.66,0.00003537,0.000000,0.000000,0
2026-07-22 18:41:00,65725.70,65741.70,65706.50,65716.20,151.641000,1106,86.793000,64.848000,65719.54,102771.86,0.00003589,0.000000,0.000000,0
2026-07-22 18:42:00,65716.20,65745.30,65716.20,65745.20,46.770000,450,36.272000,10.498000,65728.47,102781.55,0.00003628,0.000000,0.000000,0
2026-07-22 18:43:00,65745.30,65750.00,65726.00,65746.50,63.678000,522,19.216000,44.462000,65740.41,102777.45,0.00003680,0.000000,0.205000,0
2026-07-22 18:44:00,65746.50,65746.50,65738.00,65740.80,20.657000,279,10.273000,10.384000,65741.81,102777.96,0.00003680,0.000000,0.000000,0
2026-07-22 18:45:00,65740.80,65751.20,65740.80,65751.10,27.672000,264,15.207000,12.465000,65747.79,102778.74,0.00003723,0.000000,0.000000,0
2026-07-22 18:46:00,65751.00,65776.80,65738.00,65776.80,57.162000,573,45.307000,11.855000,65748.76,102784.47,0.00003757,0.000000,0.000000,0
2026-07-22 18:47:00,65776.80,65803.00,65772.50,65796.40,67.728000,527,49.977000,17.751000,65786.30,102786.42,0.00003757,0.000000,0.000000,0
2026-07-22 18:48:00,65796.40,65824.60,65780.60,65824.60,57.908000,621,34.091000,23.817000,65796.81,102770.08,0.00003799,0.000000,0.000000,0
2026-07-22 18:49:00,65824.60,65824.60,65805.50,65808.40,47.414000,596,22.122000,25.292000,65816.19,102770.53,0.00003827,0.000000,0.000000,0
2026-07-22 18:50:00,65808.30,65808.40,65784.40,65784.40,39.631000,371,6.526000,33.105000,65800.65,102767.47,0.00003827,0.000000,0.000000,0
2026-07-22 18:51:00,65784.50,65833.40,65780.60,65833.40,43.971000,596,36.111000,7.860000,65814.77,102772.02,0.00003861,0.000000,0.000000,0
2026-07-22 18:52:00,65833.30,65839.30,65825.70,65825.80,45.727000,316,24.261000,21.466000,65834.83,102762.68,0.00003871,0.000000,0.000000,0
2026-07-22 18:53:00,65825.70,65833.30,65806.90,65821.70,51.881000,593,16.904000,34.977000,65817.10,102768.59,0.00003947,0.000000,0.000000,0
2026-07-22 18:54:00,65821.70,65840.00,65821.60,65840.00,25.598000,470,18.378000,7.220000,65828.23,102765.95,0.00003947,0.000000,0.000000,0
2026-07-22 18:55:00,65839.90,65860.00,65839.90,65860.00,28.084000,314,24.263000,3.821000,65849.46,102759.83,0.00003959,0.013000,0.000000,0
2026-07-22 18:56:00,65859.90,65900.90,65859.90,65886.60,107.548000,764,82.326000,25.222000,65883.53,102748.74,0.00004005,0.678000,0.000000,0
2026-07-22 18:57:00,65886.60,65894.70,65867.10,65878.80,99.356000,731,50.132000,49.224000,65879.12,102720.96,0.00004005,0.000000,0.000000,0
2026-07-22 18:58:00,65878.70,65878.80,65862.90,65866.30,40.122000,398,19.929000,20.193000,65867.95,102690.28,0.00004040,0.000000,0.000000,0
2026-07-22 18:59:00,65866.30,65873.80,65864.50,65864.50,20.849000,210,8.944000,11.905000,65869.07,102691.11,0.00004052,0.000000,0.000000,0
2026-07-22 19:00:00,65864.60,65870.00,65860.50,65860.50,16.671000,278,6.882000,9.789000,65866.33,102697.79,0.00004042,0.000000,0.000000,0
2026-07-22 19:01:00,65860.50,65896.10,65860.50,65892.80,54.138000,583,24.563000,29.575000,65881.38,102707.27,0.00004042,0.000000,0.000000,0
2026-07-22 19:02:00,65892.70,65892.70,65825.80,65830.90,62.963000,1078,33.335000,29.628000,65850.37,102724.91,0.00004049,0.000000,0.000000,0
2026-07-22 19:03:00,65831.00,65849.10,65824.10,65824.20,29.159000,504,20.970000,8.189000,65838.88,102715.09,0.00004034,0.000000,0.000000,0
2026-07-22 19:04:00,65824.10,65827.70,65821.20,65827.60,26.687000,288,9.304000,17.383000,65823.98,102708.29,0.00004034,0.000000,0.000000,0
2026-07-22 19:05:00,65827.60,65867.20,65827.60,65853.90,31.346000,537,23.174000,8.172000,65860.74,102709.06,0.00004025,0.001000,0.000000,0
2026-07-22 19:06:00,65853.80,65853.80,65829.90,65829.90,31.786000,435,11.572000,20.214000,65842.06,102704.35,0.00004064,0.000000,0.000000,0
2026-07-22 19:07:00,65829.90,65829.90,65812.60,65812.70,45.204000,591,20.733000,24.471000,65816.12,102709.60,0.00004064,0.000000,0.000000,0
2026-07-22 19:08:00,65812.70,65820.30,65783.40,65785.80,30.578000,479,13.487000,17.091000,65800.31,102701.50,0.00004059,0.000000,0.000000,0
2026-07-22 19:09:00,65785.70,65785.90,65770.00,65780.00,64.374000,550,20.959000,43.415000,65780.40,102697.58,0.00004036,0.000000,0.000000,0
2026-07-22 19:10:00,65780.00,65780.80,65768.60,65768.60,28.187000,384,8.162000,20.025000,65775.01,102695.94,0.00003967,0.000000,0.000000,0
2026-07-22 19:11:00,65768.60,65789.30,65760.30,65768.50,30.377000,572,16.901000,13.476000,65773.32,102690.88,0.00003967,0.000000,0.000000,0
2026-07-22 19:12:00,65768.50,65780.20,65761.00,65761.00,51.500000,522,13.540000,37.960000,65768.14,102687.62,0.00003882,0.000000,0.000000,0
2026-07-22 19:13:00,65761.10,65761.10,65650.20,65672.50,354.764000,1647,65.408000,289.356000,65688.55,102679.67,0.00003903,0.000000,1.039000,0
2026-07-22 19:14:00,65672.40,65701.10,65670.00,65701.00,79.248000,629,59.285000,19.963000,65685.21,102619.07,0.00003903,0.000000,0.055000,0
2026-07-22 19:15:00,65701.00,65739.30,65701.00,65739.30,91.620000,711,73.352000,18.268000,65719.19,102626.04,0.00003895,0.000000,0.003000,0
2026-07-22 19:16:00,65739.20,65745.40,65720.20,65745.40,58.962000,600,30.251000,28.711000,65733.32,102625.12,0.00003944,0.000000,0.000000,0
2026-07-22 19:17:00,65745.40,65776.70,65745.30,65776.70,52.852000,448,49.422000,3.430000,65759.50,102622.08,0.00003944,0.000000,0.000000,0
2026-07-22 19:18:00,65776.70,65776.70,65749.90,65752.60,39.623000,339,13.224000,26.399000,65759.41,102626.44,0.00003988,0.000000,0.000000,0
2026-07-22 19:19:00,65752.60,65798.60,65752.50,65797.30,89.919000,636,42.246000,47.673000,65771.51,102616.10,0.00004015,0.000000,0.000000,0
2026-07-22 19:20:00,65797.30,65818.70,65797.20,65818.50,55.260000,371,43.367000,11.893000,65808.18,102620.13,0.00004016,0.000000,0.000000,0
2026-07-22 19:21:00,65818.60,65819.00,65784.00,65788.00,36.081000,400,14.158000,21.923000,65803.15,102624.78,0.00004016,0.000000,0.000000,0
2026-07-22 19:22:00,65788.00,65829.80,65788.00,65829.80,30.676000,577,22.597000,8.079000,65809.69,102630.29,0.00004040,0.000000,0.010000,0
2026-07-22 19:23:00,65829.80,65829.80,65798.80,65829.70,38.437000,690,18.362000,20.075000,65815.09,102626.52,0.00004044,0.000000,0.000000,0
2026-07-22 19:24:00,65829.70,65866.00,65826.40,65858.00,66.017000,694,52.984000,13.033000,65848.95,102623.78,0.00004044,0.000000,0.000000,0
2026-07-22 19:25:00,65858.00,65861.90,65842.10,65842.10,39.194000,358,32.280000,6.914000,65855.64,102638.20,0.00004078,0.000000,0.000000,0
2026-07-22 19:26:00,65842.00,65847.70,65828.00,65845.30,23.140000,385,13.271000,9.869000,65836.26,102636.08,0.00004083,0.000000,0.000000,0
2026-07-22 19:27:00,65845.40,65886.80,65845.30,65881.40,84.399000,606,54.936000,29.463000,65878.84,102634.76,0.00004083,0.000000,0.000000,0
2026-07-22 19:28:00,65881.30,65882.30,65869.60,65878.30,26.276000,441,10.778000,15.498000,65873.02,102619.42,0.00004062,0.000000,0.000000,0
2026-07-22 19:29:00,65878.20,65893.60,65878.20,65893.60,20.772000,251,16.625000,4.147000,65887.32,102622.90,0.00004077,0.000000,0.000000,0
2026-07-22 19:30:00,65893.60,65897.00,65863.70,65863.70,26.628000,370,5.308000,21.320000,65881.50,102619.03,0.00004071,0.000000,0.000000,0
2026-07-22 19:31:00,65863.80,65882.40,65862.90,65876.10,28.469000,609,15.059000,13.410000,65871.92,102616.19,0.00004071,0.000000,0.000000,0
2026-07-22 19:32:00,65876.10,65887.60,65876.10,65887.50,15.661000,353,10.603000,5.058000,65883.58,102614.73,0.00004038,0.000000,0.000000,0
2026-07-22 19:33:00,65887.60,65901.60,65881.80,65889.70,45.683000,393,27.015000,18.668000,65892.35,102618.17,0.00004042,0.000000,0.000000,0
2026-07-22 19:34:00,65889.60,65916.80,65889.60,65908.40,35.270000,443,24.014000,11.256000,65904.85,102608.65,0.00004042,0.121000,0.000000,0
2026-07-22 19:35:00,65908.50,65908.50,65882.90,65882.90,39.997000,337,19.976000,20.021000,65893.05,102604.97,0.00004017,0.000000,0.000000,0
2026-07-22 19:36:00,65882.90,65899.90,65882.80,65897.70,29.693000,339,21.051000,8.642000,65892.03,102596.53,0.00003994,0.000000,0.000000,0
2026-07-22 19:37:00,65897.70,65899.80,65860.00,65873.20,29.857000,851,8.035000,21.822000,65877.91,102585.05,0.00003994,0.000000,0.000000,0
2026-07-22 19:38:00,65873.20,65891.90,65873.10,65891.80,11.350000,250,7.483000,3.867000,65883.85,102579.71,0.00003962,0.000000,0.000000,0
2026-07-22 19:39:00,65891.90,65894.50,65867.80,65887.60,39.173000,465,16.807000,22.366000,65882.70,102577.43,0.00003924,0.000000,0.000000,0
2026-07-22 19:40:00,65887.60,65887.60,65860.00,65866.00,32.123000,378,12.245000,19.878000,65871.64,102567.35,0.00003892,0.000000,0.000000,0
2026-07-22 19:41:00,65866.10,65880.50,65860.00,65860.00,18.555000,327,7.580000,10.975000,65875.11,102563.09,0.00003892,0.000000,0.000000,0
2026-07-22 19:42:00,65860.10,65860.10,65838.20,65842.40,34.412000,326,13.863000,20.549000,65845.67,102560.66,0.00003857,0.000000,0.000000,0
2026-07-22 19:43:00,65842.30,65871.30,65842.30,65866.10,37.903000,343,18.545000,19.358000,65864.09,102557.35,0.00003818,0.000000,0.000000,0
2026-07-22 19:44:00,65866.10,65866.20,65843.40,65843.40,27.189000,260,11.739000,15.450000,65859.36,102555.41,0.00003818,0.000000,0.000000,0
2026-07-22 19:45:00,65843.50,65843.50,65829.90,65829.90,24.637000,178,1.782000,22.855000,65834.91,102550.95,0.00003807,0.000000,0.000000,0
2026-07-22 19:46:00,65829.90,65852.50,65829.90,65831.20,113.637000,431,66.231000,47.406000,65837.92,102618.89,0.00003768,0.000000,0.000000,0
2026-07-22 19:47:00,65831.20,65832.70,65813.00,65820.70,40.170000,382,14.220000,25.950000,65823.80,102606.91,0.00003768,0.000000,0.000000,0
2026-07-22 19:48:00,65820.70,65837.20,65820.60,65830.00,27.468000,249,12.445000,15.023000,65830.26,102611.35,0.00003738,0.000000,0.000000,0
2026-07-22 19:49:00,65830.00,65858.10,65829.90,65858.00,77.882000,298,75.291000,2.591000,65833.69,102661.13,0.00003715,0.000000,0.000000,0
2026-07-22 19:50:00,65858.10,65865.90,65857.60,65857.60,32.089000,297,15.904000,16.185000,65862.00,102652.39,0.00003715,0.000000,0.000000,0
2026-07-22 19:51:00,65857.70,65880.80,65832.40,65836.00,77.215000,853,38.442000,38.773000,65857.30,102656.28,0.00003715,0.000000,0.000000,0
2026-07-22 19:52:00,65836.00,65876.30,65832.50,65841.70,43.108000,744,20.537000,22.571000,65863.66,102640.51,0.00003709,0.000000,0.000000,0
2026-07-22 19:53:00,65841.60,65871.10,65833.50,65868.10,20.403000,618,14.123000,6.280000,65854.49,102633.37,0.00003686,0.000000,0.000000,0
2026-07-22 19:54:00,65868.20,65868.20,65857.80,65857.90,19.059000,213,6.872000,12.187000,65864.03,102632.09,0.00003686,0.000000,0.003000,0
2026-07-22 19:55:00,65857.80,65857.80,65838.00,65847.50,28.867000,351,5.537000,23.330000,65848.52,102624.53,0.00003684,0.000000,0.000000,0
2026-07-22 19:56:00,65847.40,65877.40,65844.70,65877.40,17.945000,460,14.798000,3.147000,65858.38,102625.34,0.00003655,0.000000,0.000000,0
2026-07-22 19:57:00,65877.40,65896.00,65874.50,65889.40,48.692000,302,29.030000,19.662000,65885.76,102628.95,0.00003655,0.020000,0.000000,0
2026-07-22 19:58:00,65889.30,65899.60,65883.00,65899.60,53.662000,404,18.611000,35.051000,65889.92,102619.74,0.00003667,0.000000,0.000000,0
2026-07-22 19:59:00,65899.50,65924.00,65887.50,65897.30,332.761000,1505,133.196000,199.565000,65905.18,102527.79,0.00003669,0.062000,0.000000,0
2026-07-22 20:00:00,65897.40,65924.00,65891.10,65891.10,113.566000,1160,49.651000,63.915000,65905.69,102532.70,0.00003651,0.000000,0.000000,0
2026-07-22 20:01:00,65891.10,65925.00,65814.90,65885.80,413.066000,2329,197.978000,215.088000,65874.90,102591.71,0.00003651,0.000000,0.000000,0
2026-07-22 20:02:00,65885.80,65916.90,65837.10,65865.40,164.955000,1520,95.145000,69.810000,65869.49,102579.32,0.00003628,0.000000,0.000000,0
2026-07-22 20:03:00,65865.50,65907.60,65848.50,65870.70,121.698000,3115,45.478000,76.220000,65878.45,102568.96,0.00003601,0.000000,0.000000,0
2026-07-22 20:04:00,65870.70,65899.70,65844.20,65871.90,46.355000,1469,16.638000,29.717000,65871.95,102561.29,0.00003601,0.351000,0.000000,0
2026-07-22 20:05:00,65871.80,65886.10,65817.70,65817.70,37.049000,984,13.288000,23.761000,65867.51,102563.40,0.00003599,0.000000,0.000000,0
2026-07-22 20:06:00,65817.80,65833.50,65798.20,65800.40,42.255000,759,5.216000,37.039000,65808.10,102557.87,0.00003587,0.000000,0.000000,0
2026-07-22 20:07:00,65800.30,65806.90,65753.00,65799.90,109.507000,1000,41.484000,68.023000,65768.83,102557.87,0.00003587,0.000000,0.009000,0
2026-07-22 20:08:00,65799.90,65824.30,65782.20,65791.50,18.599000,853,5.105000,13.494000,65803.45,102552.94,0.00003564,0.000000,0.000000,0
2026-07-22 20:09:00,65791.50,65811.70,65791.50,65811.50,18.988000,636,14.446000,4.542000,65799.93,102548.88,0.00003576,0.000000,0.000000,0
2026-07-22 20:10:00,65811.50,65811.50,65797.30,65801.30,14.136000,284,5.448000,8.688000,65805.72,102544.01,0.00003561,0.000000,0.000000,0
2026-07-22 20:11:00,65801.10,65801.20,65780.60,65798.60,22.545000,579,6.130000,16.415000,65792.67,102541.12,0.00003561,0.000000,0.000000,0
2026-07-22 20:12:00,65798.70,65843.20,65798.60,65843.10,10.312000,393,8.714000,1.598000,65817.16,102537.46,0.00003560,0.000000,0.000000,0
2026-07-22 20:13:00,65843.10,65847.90,65827.90,65847.80,14.039000,446,7.008000,7.031000,65838.91,102535.29,0.00003578,0.000000,0.000000,0
2026-07-22 20:14:00,65847.80,65851.50,65844.60,65851.50,6.969000,169,3.606000,3.363000,65848.46,102533.21,0.00003578,0.000000,0.000000,0
2026-07-22 20:15:00,65851.40,65905.60,65851.40,65901.40,73.016000,604,60.118000,12.898000,65889.33,102533.81,0.00003616,0.000000,0.000000,0
2026-07-22 20:16:00,65901.50,65922.90,65898.50,65898.50,31.631000,495,22.375000,9.256000,65913.86,102529.69,0.00003670,0.000000,0.000000,0
2026-07-22 20:17:00,65898.30,65898.40,65860.80,65860.80,13.720000,548,8.308000,5.412000,65882.82,102534.95,0.00003670,0.000000,0.000000,0
2026-07-22 20:18:00,65860.90,65882.80,65860.90,65877.40,14.823000,381,7.438000,7.385000,65876.01,102532.74,0.00003700,0.000000,0.000000,0
2026-07-22 20:19:00,65877.50,65881.80,65862.20,65862.20,8.740000,265,3.274000,5.466000,65870.33,102527.56,0.00003697,0.000000,0.000000,0
2026-07-22 20:20:00,65862.30,65912.80,65862.20,65900.50,27.844000,507,13.357000,14.487000,65897.22,102523.15,0.00003689,0.000000,0.000000,0
2026-07-22 20:21:00,65900.50,65907.80,65892.60,65892.60,22.189000,298,16.259000,5.930000,65904.23,102524.79,0.00003689,0.000000,0.000000,0
2026-07-22 20:22:00,65892.70,65892.70,65867.30,65869.60,11.531000,279,4.833000,6.698000,65878.58,102525.50,0.00003691,0.000000,0.000000,0
2026-07-22 20:23:00,65869.60,65887.50,65867.40,65885.90,38.860000,374,6.697000,32.163000,65875.34,102523.56,0.00003648,0.000000,0.000000,0
2026-07-22 20:24:00,65886.00,65891.50,65885.20,65885.20,9.079000,161,6.650000,2.429000,65889.92,102521.67,0.00003648,0.000000,0.000000,0
2026-07-22 20:25:00,65885.20,65902.40,65885.20,65902.30,20.752000,243,18.635000,2.117000,65898.96,102522.07,0.00003633,0.000000,0.000000,0
2026-07-22 20:26:00,65902.40,65954.30,65902.30,65940.10,156.742000,1023,142.399000,14.343000,65938.57,102526.26,0.00003645,0.000000,0.000000,0
2026-07-22 20:27:00,65940.00,65940.00,65884.90,65885.00,299.387000,1029,126.366000,173.021000,65906.19,102526.38,0.00003640,0.000000,0.000000,0
2026-07-22 20:28:00,65884.90,65885.00,65876.00,65876.00,12.327000,157,0.895000,11.432000,65879.05,102540.58,0.00003640,0.000000,0.000000,0
2026-07-22 20:29:00,65876.00,65888.60,65876.00,65888.50,2.886000,164,2.281000,0.605000,65881.17,102546.19,0.00003564,0.000000,0.000000,0
2026-07-22 20:30:00,65888.60,65912.80,65888.50,65900.40,24.396000,339,9.981000,14.415000,65906.99,102545.81,0.00003511,0.000000,0.000000,0
2026-07-22 20:31:00,65900.40,65912.80,65896.40,65908.80,39.275000,357,22.031000,17.244000,65902.51,102544.99,0.00003511,0.000000,0.000000,0
2026-07-22 20:32:00,65908.70,65912.80,65903.10,65905.60,10.255000,220,5.912000,4.343000,65908.17,102538.22,0.00003479,0.000000,0.000000,0
2026-07-22 20:33:00,65905.70,65912.80,65905.60,65908.70,39.581000,166,28.393000,11.188000,65909.90,102534.82,0.00003428,0.000000,0.000000,0
2026-07-22 20:34:00,65908.70,65909.20,65891.60,65905.00,57.972000,400,15.429000,42.543000,65900.42,102546.00,0.00003428,0.000000,0.000000,0
2026-07-22 20:35:00,65905.00,65905.00,65870.60,65870.60,26.886000,448,14.625000,12.261000,65882.06,102576.95,0.00003377,0.000000,0.000000,0
2026-07-22 20:36:00,65870.60,65883.30,65870.60,65883.10,16.933000,220,5.268000,11.665000,65881.41,102568.71,0.00003333,0.000000,0.000000,0
2026-07-22 20:37:00,65883.20,65897.70,65883.10,65884.90,17.577000,257,6.476000,11.101000,65889.05,102574.30,0.00003271,0.000000,0.000000,0
2026-07-22 20:38:00,65884.90,65889.70,65869.50,65878.80,14.410000,316,5.744000,8.666000,65878.71,102570.65,0.00003271,0.000000,0.000000,0
2026-07-22 20:39:00,65878.90,65894.70,65878.90,65890.80,5.288000,195,3.443000,1.845000,65891.55,102569.24,0.00003239,0.000000,0.000000,0
2026-07-22 20:40:00,65890.80,65910.00,65890.70,65907.10,12.474000,227,7.696000,4.778000,65903.90,102567.09,0.00003201,0.000000,0.000000,0
2026-07-22 20:41:00,65907.00,65907.00,65892.80,65892.80,9.506000,189,1.479000,8.027000,65901.82,102564.95,0.00003201,0.000000,0.000000,0
2026-07-22 20:42:00,65892.80,65892.90,65883.00,65889.70,7.800000,193,2.478000,5.322000,65888.91,102562.93,0.00003197,0.000000,0.000000,0
2026-07-22 20:43:00,65889.70,65906.70,65889.70,65902.60,6.859000,216,3.251000,3.608000,65900.61,102561.05,0.00003146,0.000000,0.000000,0
2026-07-22 20:44:00,65902.70,65906.00,65899.20,65905.30,7.222000,157,4.233000,2.989000,65904.04,102559.97,0.00003146,0.000000,0.000000,0
2026-07-22 20:45:00,65905.40,65912.80,65905.40,65912.80,17.527000,142,14.461000,3.066000,65910.47,102559.37,0.00003141,0.000000,0.000000,0
2026-07-22 20:46:00,65912.80,65912.80,65881.50,65881.60,24.759000,338,1.076000,23.683000,65896.81,102556.57,0.00003129,0.000000,0.000000,0
2026-07-22 20:47:00,65881.60,65881.60,65867.90,65868.00,18.980000,243,3.163000,15.817000,65875.66,102546.69,0.00003089,0.000000,0.000000,0
2026-07-22 20:48:00,65867.90,65881.60,65860.60,65860.60,24.051000,383,12.337000,11.714000,65872.02,102540.78,0.00003089,0.000000,0.000000,0
2026-07-22 20:49:00,65860.60,65875.60,65860.60,65875.60,10.804000,239,4.140000,6.664000,65867.85,102536.98,0.00003024,0.000000,0.000000,0
2026-07-22 20:50:00,65875.60,65880.20,65875.60,65880.10,7.220000,169,5.904000,1.316000,65879.76,102535.27,0.00002986,0.000000,0.000000,0
2026-07-22 20:51:00,65880.10,65885.90,65880.10,65885.90,6.618000,205,5.740000,0.878000,65882.68,102529.80,0.00002986,0.000000,0.000000,0
2026-07-22 20:52:00,65885.90,65907.30,65885.80,65900.80,42.932000,424,15.246000,27.686000,65899.10,102526.16,0.00002970,0.000000,0.000000,0
2026-07-22 20:53:00,65900.80,65900.80,65885.80,65895.40,12.880000,289,8.752000,4.128000,65892.57,102527.34,0.00002960,0.000000,0.000000,0
2026-07-22 20:54:00,65895.50,65903.00,65891.30,65903.00,7.109000,215,5.021000,2.088000,65896.31,102526.28,0.00002960,0.000000,0.000000,0
2026-07-22 20:55:00,65902.90,65902.90,65882.50,65882.50,9.401000,247,0.547000,8.854000,65893.69,102525.45,0.00002919,0.000000,0.000000,0
2026-07-22 20:56:00,65882.60,65897.50,65882.50,65897.50,5.870000,234,5.060000,0.810000,65887.68,102523.77,0.00002884,0.000000,0.000000,0
2026-07-22 20:57:00,65897.50,65897.50,65897.40,65897.50,3.960000,124,3.551000,0.409000,65897.49,102523.79,0.00002841,0.000000,0.000000,0
2026-07-22 20:58:00,65897.50,65897.60,65887.50,65887.50,17.219000,222,1.464000,15.755000,65896.08,102522.41,0.00002841,0.000000,0.000000,0
2026-07-22 20:59:00,65887.60,65893.60,65874.10,65882.50,21.570000,444,11.289000,10.281000,65882.34,102521.45,0.00002847,0.000000,0.000000,0
2026-07-22 21:00:00,65882.40,65887.80,65878.80,65887.80,8.130000,244,2.538000,5.592000,65880.44,102520.01,0.00002802,0.000000,0.000000,0
2026-07-22 21:01:00,65887.80,65898.00,65887.70,65898.00,47.923000,210,3.676000,44.247000,65895.59,102515.22,0.00002802,0.000000,0.000000,0
2026-07-22 21:02:00,65897.90,65898.00,65878.20,65878.20,15.235000,225,2.622000,12.613000,65892.89,102507.17,0.00002765,0.000000,0.000000,0
2026-07-22 21:03:00,65878.20,65888.80,65871.60,65877.00,43.749000,561,20.093000,23.656000,65881.14,102505.93,0.00002750,0.000000,0.000000,0
2026-07-22 21:04:00,65877.00,65877.00,65876.90,65876.90,5.888000,140,2.009000,3.879000,65876.93,102503.24,0.00002695,0.000000,0.000000,0
2026-07-22 21:05:00,65876.90,65890.90,65874.00,65890.80,23.301000,266,9.560000,13.741000,65879.79,102502.20,0.00002695,0.000000,0.000000,0
2026-07-22 21:06:00,65890.90,65905.00,65890.80,65905.00,11.104000,244,10.848000,0.256000,65899.14,102499.13,0.00002671,0.000000,0.000000,0
2026-07-22 21:07:00,65904.90,65905.00,65891.40,65903.90,20.379000,288,11.535000,8.844000,65897.63,102501.35,0.00002664,0.086000,0.000000,0
2026-07-22 21:08:00,65903.90,65903.90,65890.80,65894.40,5.126000,221,2.311000,2.815000,65897.71,102503.71,0.00002664,0.044000,0.000000,0
2026-07-22 21:09:00,65894.40,65897.90,65894.40,65897.90,8.494000,150,4.656000,3.838000,65895.96,102503.64,0.00002640,0.000000,0.000000,0
2026-07-22 21:10:00,65897.90,65897.90,65890.80,65890.80,11.144000,179,2.430000,8.714000,65894.40,102499.46,0.00002610,0.000000,0.000000,0
2026-07-22 21:11:00,65890.90,65896.40,65890.80,65896.40,22.550000,188,14.641000,7.909000,65894.09,102495.39,0.00002610,0.000000,0.000000,0
2026-07-22 21:12:00,65896.30,65896.40,65883.20,65887.40,14.957000,236,1.129000,13.828000,65890.24,102489.85,0.00002578,0.000000,0.000000,0
2026-07-22 21:13:00,65887.40,65893.60,65887.30,65889.90,37.743000,193,5.482000,32.261000,65891.90,102484.42,0.00002550,0.000000,0.000000,0
2026-07-22 21:14:00,65890.00,65891.00,65889.90,65891.00,4.153000,130,2.172000,1.981000,65890.63,102497.27,0.00002524,0.000000,0.000000,0
2026-07-22 21:15:00,65891.00,65901.70,65886.80,65897.70,32.033000,257,15.089000,16.944000,65894.83,102492.04,0.00002524,0.000000,0.000000,0
2026-07-22 21:16:00,65897.70,65905.00,65897.60,65905.00,25.563000,208,24.552000,1.011000,65901.33,102485.83,0.00002472,0.000000,0.000000,0
2026-07-22 21:17:00,65905.00,65909.60,65904.90,65909.50,12.211000,195,10.598000,1.613000,65909.26,102493.96,0.00002398,0.000000,0.000000,0
2026-07-22 21:18:00,65909.60,65912.80,65909.50,65912.70,7.259000,158,5.310000,1.949000,65912.12,102492.54,0.00002398,0.000000,0.000000,0
2026-07-22 21:19:00,65912.80,65912.80,65853.20,65881.20,91.574000,731,20.506000,71.068000,65875.03,102476.63,0.00002368,0.000000,0.000000,0
2026-07-22 21:20:00,65881.20,65885.00,65881.10,65884.90,5.938000,148,4.944000,0.994000,65884.58,102479.58,0.00002303,0.000000,0.000000,0
2026-07-22 21:21:00,65885.00,65906.80,65884.90,65906.80,10.832000,257,7.596000,3.236000,65891.91,102479.17,0.00002303,0.000000,0.000000,0
2026-07-22 21:22:00,65906.80,65910.10,65905.30,65905.40,10.788000,169,3.111000,7.677000,65908.93,102478.86,0.00002262,0.000000,0.000000,0
2026-07-22 21:23:00,65905.40,65905.40,65893.60,65893.70,5.504000,201,1.710000,3.794000,65902.56,102477.20,0.00002239,0.000000,0.000000,0
2026-07-22 21:24:00,65893.70,65893.70,65884.90,65890.70,16.625000,212,4.580000,12.045000,65890.36,102480.87,0.00002210,0.000000,0.000000,0
2026-07-22 21:25:00,65890.60,65890.70,65884.40,65884.50,9.574000,164,2.021000,7.553000,65886.01,102481.38,0.00002210,0.000000,0.000000,0
2026-07-22 21:26:00,65884.50,65884.50,65857.60,65857.70,19.597000,319,1.152000,18.445000,65864.23,102479.15,0.00002153,0.000000,0.000000,0
2026-07-22 21:27:00,65857.70,65877.00,65857.60,65877.00,14.978000,270,11.727000,3.251000,65867.69,102482.09,0.00002078,0.000000,0.000000,0
2026-07-22 21:28:00,65877.00,65877.00,65876.90,65877.00,11.501000,155,4.243000,7.258000,65876.94,102480.05,0.00002078,0.000000,0.000000,0
2026-07-22 21:29:00,65877.00,65877.00,65876.90,65876.90,5.393000,116,3.194000,2.199000,65876.96,102480.42,0.00002020,0.000000,0.000000,0
2026-07-22 21:30:00,65877.00,65877.00,65876.90,65877.00,3.038000,90,2.719000,0.319000,65876.99,102478.94,0.00001958,0.000000,0.000000,0
2026-07-22 21:31:00,65877.00,65880.80,65876.90,65880.80,14.580000,109,5.303000,9.277000,65877.58,102478.35,0.00001958,0.000000,0.000000,0
2026-07-22 21:32:00,65880.80,65891.00,65880.70,65882.00,13.856000,204,5.820000,8.036000,65887.95,102472.63,0.00001901,0.000000,0.000000,0
2026-07-22 21:33:00,65882.10,65882.10,65878.30,65878.30,5.981000,112,1.819000,4.162000,65881.25,102470.43,0.00001863,0.000000,0.000000,0
2026-07-22 21:34:00,65878.40,65889.60,65878.40,65889.60,19.207000,160,18.803000,0.404000,65885.95,102465.43,0.00001788,0.000000,0.000000,0
2026-07-22 21:35:00,65889.50,65920.00,65889.50,65920.00,44.070000,308,40.442000,3.628000,65906.06,102452.14,0.00001788,0.000000,0.000000,0
2026-07-22 21:36:00,65920.00,66008.10,65919.90,66003.90,173.029000,1037,147.006000,26.023000,65957.20,102419.35,0.00001745,0.000000,0.000000,0
2026-07-22 21:37:00,66003.80,66003.80,65978.30,65982.40,84.500000,381,54.677000,29.823000,65985.14,102370.07,0.00001738,0.071000,0.000000,0
2026-07-22 21:38:00,65982.50,66042.80,65982.40,66020.50,109.472000,987,78.301000,31.171000,66021.94,102348.93,0.00001738,0.201000,0.000000,0
2026-07-22 21:39:00,66020.60,66031.90,66012.40,66012.50,74.174000,365,34.120000,40.054000,66020.91,102326.53,0.00001707,0.001000,0.000000,0
2026-07-22 21:40:00,66012.50,66012.50,66012.40,66012.50,16.122000,135,9.672000,6.450000,66012.46,102303.55,0.00001667,0.000000,0.000000,0
2026-07-22 21:41:00,66012.40,66064.70,66012.40,66049.00,106.031000,807,80.877000,25.154000,66042.36,102316.46,0.00001667,1.668000,0.000000,0
2026-07-22 21:42:00,66049.00,66053.00,66027.00,66036.70,86.125000,391,62.433000,23.692000,66038.66,102320.93,0.00001596,0.000000,0.000000,0
2026-07-22 21:43:00,66036.60,66067.40,66036.60,66067.40,78.661000,464,57.233000,21.428000,66048.75,102353.06,0.00001574,0.000000,0.000000,0
2026-07-22 21:44:00,66067.30,66102.70,66067.30,66089.90,120.403000,860,73.827000,46.576000,66089.38,102325.74,0.00001509,0.179000,0.000000,0
2026-07-22 21:45:00,66089.90,66101.70,66069.10,66085.90,58.812000,608,27.059000,31.753000,66083.68,102321.68,0.00001509,0.229000,0.000000,0
2026-07-22 21:46:00,66085.90,66097.80,66036.40,66050.50,114.175000,719,44.796000,69.379000,66060.47,102323.34,0.00001471,0.000000,0.000000,0
2026-07-22 21:47:00,66050.60,66062.10,66012.20,66026.10,52.405000,652,17.931000,34.474000,66039.14,102306.21,0.00001435,0.000000,0.000000,0
2026-07-22 21:48:00,66026.10,66055.00,66026.00,66055.00,17.251000,250,7.006000,10.245000,66040.89,102309.63,0.00001435,0.000000,0.000000,0
2026-07-22 21:49:00,66054.90,66088.20,66039.00,66088.10,80.361000,949,52.833000,27.528000,66061.27,102302.26,0.00001399,0.000000,0.000000,0
2026-07-22 21:50:00,66088.10,66088.10,66068.90,66083.80,33.174000,327,16.047000,17.127000,66079.41,102294.71,0.00001418,0.019000,0.000000,0
2026-07-22 21:51:00,66083.70,66099.60,66083.70,66099.50,27.292000,284,15.773000,11.519000,66094.74,102297.43,0.00001399,0.000000,0.000000,0
2026-07-22 21:52:00,66099.60,66103.10,66090.40,66096.90,50.027000,399,25.346000,24.681000,66099.39,102307.53,0.00001399,0.084000,0.000000,0
2026-07-22 21:53:00,66096.80,66096.90,66044.40,66051.40,63.517000,560,18.867000,44.650000,66066.22,102297.40,0.00001385,0.000000,0.000000,0
2026-07-22 21:54:00,66051.40,66063.70,66051.40,66063.60,12.613000,163,10.346000,2.267000,66053.84,102304.21,0.00001334,0.000000,0.000000,0
2026-07-22 21:55:00,66063.60,66063.70,66015.00,66030.00,89.164000,538,36.245000,52.919000,66032.15,102296.83,0.00001334,0.000000,0.000000,0
2026-07-22 21:56:00,66030.00,66037.50,66003.40,66021.50,32.779000,489,9.341000,23.438000,66019.81,102325.52,0.00001305,0.000000,0.000000,0
2026-07-22 21:57:00,66021.50,66021.50,66021.40,66021.40,2.831000,98,1.674000,1.157000,66021.46,102322.82,0.00001259,0.000000,0.000000,0
2026-07-22 21:58:00,66021.50,66024.90,66021.40,66024.90,7.569000,119,5.992000,1.577000,66022.47,102321.51,0.00001259,0.000000,0.000000,0
2026-07-22 21:59:00,66024.90,66024.90,66007.30,66017.10,39.366000,255,25.577000,13.789000,66013.11,102321.84,0.00001215,0.000000,0.000000,0
2026-07-22 22:00:00,66017.10,66034.50,66017.00,66034.50,19.125000,196,16.655000,2.470000,66023.39,102340.66,0.00001160,0.000000,0.000000,0
2026-07-22 22:01:00,66034.50,66046.00,65957.00,66004.80,260.119000,1844,110.719000,149.400000,65994.53,102370.51,0.00001124,0.000000,0.000000,0
2026-07-22 22:02:00,66004.90,66004.90,65960.50,65965.40,49.049000,551,15.406000,33.643000,65982.93,102375.60,0.00001124,0.000000,0.000000,0
2026-07-22 22:03:00,65965.40,65972.80,65933.80,65972.70,71.099000,690,47.011000,24.088000,65946.92,102383.38,0.00001104,0.000000,0.000000,0
2026-07-22 22:04:00,65972.70,66009.50,65960.00,65960.00,25.197000,769,10.059000,15.138000,65982.79,102405.34,0.00001047,0.000000,0.000000,0
2026-07-22 22:05:00,65960.00,65975.10,65960.00,65971.60,19.225000,355,13.546000,5.679000,65968.30,102406.02,0.00001047,0.000000,0.000000,0
2026-07-22 22:06:00,65971.70,65971.70,65962.10,65971.60,12.765000,262,5.695000,7.070000,65967.79,102405.65,0.00001033,0.000000,0.000000,0
2026-07-22 22:07:00,65971.70,66010.00,65971.60,66010.00,9.675000,372,9.153000,0.522000,65993.27,102407.05,0.00000999,0.000000,0.000000,0
2026-07-22 22:08:00,66010.00,66010.00,65956.80,65960.80,28.337000,476,6.603000,21.734000,65982.50,102406.34,0.00000999,0.000000,0.000000,0
2026-07-22 22:09:00,65960.80,65960.90,65950.60,65950.70,17.991000,153,2.944000,15.047000,65955.67,102402.53,0.00000981,0.000000,0.000000,0
2026-07-22 22:10:00,65950.60,65973.70,65950.60,65973.70,22.141000,263,16.009000,6.132000,65953.46,102392.63,0.00000912,0.000000,0.000000,0
2026-07-22 22:11:00,65973.70,65989.60,65973.60,65977.00,13.726000,319,3.509000,10.217000,65981.75,102394.02,0.00000863,0.000000,0.000000,0
2026-07-22 22:12:00,65977.00,65986.00,65965.80,65985.90,19.997000,317,11.890000,8.107000,65975.52,102386.14,0.00000863,0.000000,0.000000,0
2026-07-22 22:13:00,65986.00,65999.90,65985.00,65999.90,13.003000,354,8.402000,4.601000,65992.03,102387.67,0.00000851,0.000000,0.000000,0
2026-07-22 22:14:00,66000.00,66000.00,65975.00,65975.10,19.577000,289,12.098000,7.479000,65980.93,102387.15,0.00000834,0.000000,0.000000,0
2026-07-22 22:15:00,65975.10,65985.30,65972.70,65972.80,12.342000,229,3.212000,9.130000,65978.09,102388.76,0.00000834,0.000000,0.000000,0
2026-07-22 22:16:00,65972.80,65985.50,65972.80,65977.60,8.234000,270,3.784000,4.450000,65978.10,102390.35,0.00000804,0.000000,0.000000,0
2026-07-22 22:17:00,65977.60,65978.90,65964.80,65964.80,15.990000,217,9.363000,6.627000,65975.93,102393.49,0.00000764,0.000000,0.000000,0
2026-07-22 22:18:00,65964.80,65977.90,65960.50,65977.90,20.231000,289,6.761000,13.470000,65962.13,102389.31,0.00000764,0.000000,0.000000,0
2026-07-22 22:19:00,65977.80,65988.80,65977.80,65987.10,15.603000,271,10.526000,5.077000,65982.68,102393.41,0.00000734,0.000000,0.000000,0
2026-07-22 22:20:00,65987.10,65987.10,65965.60,65965.60,9.530000,242,2.094000,7.436000,65984.38,102391.88,0.00000692,0.000000,0.000000,0
2026-07-22 22:21:00,65965.60,65965.70,65912.20,65912.20,33.540000,460,2.812000,30.728000,65939.70,102389.11,0.00000649,0.000000,0.000000,0
2026-07-22 22:22:00,65912.20,65919.30,65900.60,65909.50,61.183000,454,26.150000,35.033000,65908.48,102383.69,0.00000649,0.000000,0.000000,0
2026-07-22 22:23:00,65909.40,65928.40,65891.80,65928.40,45.552000,476,33.701000,11.851000,65902.40,102393.58,0.00000590,0.000000,0.000000,0
2026-07-22 22:24:00,65928.40,65937.50,65910.40,65937.50,35.606000,403,10.718000,24.888000,65925.40,102381.88,0.00000570,0.000000,0.000000,0
2026-07-22 22:25:00,65937.50,65973.30,65935.60,65972.80,108.544000,605,88.104000,20.440000,65950.23,102418.23,0.00000570,0.000000,0.000000,0
2026-07-22 22:26:00,65972.80,65988.40,65967.50,65988.40,18.028000,403,8.219000,9.809000,65976.44,102421.81,0.00000562,0.000000,0.000000,0
2026-07-22 22:27:00,65988.40,65995.40,65988.30,65995.40,6.515000,184,5.616000,0.899000,65991.41,102421.73,0.00000561,0.000000,0.000000,0
2026-07-22 22:28:00,65995.30,65997.50,65995.30,65995.40,7.666000,108,2.623000,5.043000,65996.61,102419.96,0.00000561,0.000000,0.000000,0
2026-07-22 22:29:00,65995.30,65995.40,65984.50,65993.00,8.429000,225,2.674000,5.755000,65990.92,102419.37,0.00000563,0.000000,0.000000,0
2026-07-22 22:30:00,65993.10,66000.00,65990.20,65990.30,11.374000,187,6.565000,4.809000,65993.91,102422.78,0.00000564,0.000000,0.000000,0
2026-07-22 22:31:00,65990.20,65990.30,65975.10,65975.10,20.100000,197,4.186000,15.914000,65983.36,102420.36,0.00000534,0.000000,0.000000,0
2026-07-22 22:32:00,65975.10,65980.00,65968.70,65979.30,27.679000,268,15.557000,12.122000,65973.42,102431.06,0.00000534,0.000000,0.000000,0
2026-07-22 22:33:00,65979.30,65984.10,65972.30,65978.60,9.969000,253,6.807000,3.162000,65979.89,102431.01,0.00000508,0.000000,0.000000,0
2026-07-22 22:34:00,65978.50,65982.50,65967.80,65972.50,23.697000,218,6.789000,16.908000,65974.76,102430.64,0.00000491,0.000000,0.000000,0
2026-07-22 22:35:00,65972.50,65972.50,65943.90,65944.00,22.414000,258,3.244000,19.170000,65960.82,102418.84,0.00000491,0.000000,0.000000,0
2026-07-22 22:36:00,65943.90,65944.00,65897.30,65925.00,29.930000,644,8.062000,21.868000,65922.73,102417.91,0.00000469,0.000000,0.000000,0
2026-07-22 22:37:00,65925.00,65925.10,65909.30,65925.00,46.920000,455,33.843000,13.077000,65915.99,102419.09,0.00000404,0.000000,0.000000,0
2026-07-22 22:38:00,65925.00,65940.80,65925.00,65935.10,11.571000,296,6.069000,5.502000,65933.30,102418.17,0.00000343,0.000000,0.000000,0
2026-07-22 22:39:00,65935.20,65940.00,65926.30,65926.40,13.019000,222,3.980000,9.039000,65934.05,102416.76,0.00000343,0.000000,0.000000,0
2026-07-22 22:40:00,65926.30,65926.40,65922.30,65922.30,5.346000,78,0.678000,4.668000,65926.08,102415.80,0.00000332,0.000000,0.000000,0
2026-07-22 22:41:00,65922.30,65922.30,65903.10,65906.80,11.264000,239,2.392000,8.872000,65912.32,102413.85,0.00000313,0.000000,0.000000,0
2026-07-22 22:42:00,65906.80,65928.70,65906.70,65928.60,13.788000,237,6.903000,6.885000,65916.68,102419.05,0.00000313,0.000000,0.000000,0
2026-07-22 22:43:00,65928.60,65934.40,65920.00,65920.10,19.107000,202,2.517000,16.590000,65924.85,102423.19,0.00000271,0.000000,0.000000,0
2026-07-22 22:44:00,65920.10,65930.10,65920.00,65930.10,10.219000,105,9.563000,0.656000,65928.12,102422.43,0.00000256,0.000000,0.000000,0
2026-07-22 22:45:00,65930.10,65930.30,65926.50,65926.60,8.109000,73,4.622000,3.487000,65928.13,102422.27,0.00000256,0.000000,0.000000,0
2026-07-22 22:46:00,65926.50,65926.70,65910.70,65918.30,33.678000,332,20.004000,13.674000,65918.38,102429.55,0.00000234,0.000000,0.000000,0
2026-07-22 22:47:00,65918.30,65933.00,65918.20,65933.00,32.637000,365,21.113000,11.524000,65925.65,102417.12,0.00000203,0.000000,0.000000,0
2026-07-22 22:48:00,65932.90,65945.10,65932.90,65945.10,3.960000,140,3.554000,0.406000,65941.14,102419.09,0.00000158,0.000000,0.000000,0
2026-07-22 22:49:00,65945.00,65952.30,65945.00,65952.20,6.760000,113,4.877000,1.883000,65948.73,102420.65,0.00000158,0.000000,0.000000,0
2026-07-22 22:50:00,65952.20,65998.30,65952.20,65994.90,34.456000,463,19.040000,15.416000,65984.98,102422.92,0.00000156,0.000000,0.000000,0
2026-07-22 22:51:00,65994.90,65995.00,65974.20,65978.90,17.810000,232,8.048000,9.762000,65985.86,102420.38,0.00000165,0.000000,0.000000,0
2026-07-22 22:52:00,65978.80,65988.90,65975.70,65988.90,10.091000,183,7.205000,2.886000,65980.23,102425.01,0.00000165,0.000000,0.000000,0
2026-07-22 22:53:00,65988.90,66000.00,65988.80,65999.90,10.857000,165,8.835000,2.022000,65997.28,102424.87,0.00000158,0.000000,0.000000,0
2026-07-22 22:54:00,65999.90,66002.60,65977.60,65979.90,101.953000,315,11.141000,90.812000,65999.98,102370.28,0.00000156,0.000000,0.000000,0
2026-07-22 22:55:00,65979.90,66002.90,65979.80,66002.80,13.810000,228,12.537000,1.273000,65994.56,102375.32,0.00000156,0.000000,0.000000,0
2026-07-22 22:56:00,66002.90,66004.20,65992.00,65992.00,21.925000,164,10.634000,11.291000,65997.62,102370.41,0.00000133,0.000000,0.000000,0
2026-07-22 22:57:00,65992.00,66015.50,65992.00,66012.00,35.989000,298,24.322000,11.667000,66008.62,102360.83,0.00000141,0.000000,0.000000,0
2026-07-22 22:58:00,66012.00,66019.60,65984.10,65984.10,26.197000,369,9.653000,16.544000,66011.24,102355.79,0.00000144,0.000000,0.000000,0
2026-07-22 22:59:00,65984.20,65993.20,65984.10,65993.10,9.068000,118,6.360000,2.708000,65991.34,102356.37,0.00000144,0.000000,0.000000,0
2026-07-22 23:00:00,65993.20,66013.90,65993.10,66013.90,28.021000,257,15.200000,12.821000,66004.15,102356.08,0.00000136,0.000000,0.000000,0
2026-07-22 23:01:00,66013.80,66018.60,66004.00,66017.10,37.662000,325,9.244000,28.418000,66012.88,102354.77,0.00000152,0.000000,0.000000,0
2026-07-22 23:02:00,66017.20,66017.20,65984.10,65999.00,55.897000,510,23.305000,32.592000,66003.48,102341.01,0.00000152,0.000000,0.000000,0
2026-07-22 23:03:00,65999.10,66016.60,65995.00,66003.00,20.110000,385,13.178000,6.932000,66008.61,102348.00,0.00000166,0.000000,0.000000,0
2026-07-22 23:04:00,66003.00,66003.00,65983.30,65997.70,25.443000,270,16.440000,9.003000,65987.15,102349.56,0.00000172,0.000000,0.000000,0
2026-07-22 23:05:00,65997.70,66008.50,65987.20,65993.20,20.948000,405,12.142000,8.806000,65995.12,102340.95,0.00000136,0.000000,0.000000,0
2026-07-22 23:06:00,65993.10,66002.60,65985.00,65994.20,22.162000,354,9.732000,12.430000,65996.93,102340.52,0.00000136,0.000000,0.000000,0
2026-07-22 23:07:00,65994.00,66000.10,65994.00,65996.10,43.782000,145,21.080000,22.702000,65997.35,102346.34,0.00000107,0.000000,0.000000,0
2026-07-22 23:08:00,65996.00,66025.50,65996.00,66025.40,39.925000,309,37.789000,2.136000,66005.66,102341.96,0.00000068,0.000000,0.000000,0
2026-07-22 23:09:00,66025.50,66025.50,66021.40,66021.50,31.017000,183,3.995000,27.022000,66024.65,102344.21,0.00000068,0.000000,0.000000,0
2026-07-22 23:10:00,66021.50,66033.00,66020.10,66033.00,31.393000,251,22.963000,8.430000,66024.83,102347.06,0.00000040,0.000000,0.000000,0
2026-07-22 23:11:00,66033.00,66051.00,66030.80,66030.90,34.994000,457,19.470000,15.524000,66037.65,102344.11,-0.00000015,0.000000,0.000000,0
2026-07-22 23:12:00,66030.90,66032.00,65958.10,65958.10,56.226000,728,21.367000,34.859000,66011.43,102343.53,-0.00000045,0.000000,0.000000,0
2026-07-22 23:13:00,65958.20,65966.20,65941.50,65941.60,43.943000,493,11.242000,32.701000,65957.48,102345.06,-0.00000045,0.000000,0.000000,0
2026-07-22 23:14:00,65941.60,65941.60,65892.00,65892.00,34.355000,569,10.892000,23.463000,65915.61,102331.04,-0.00000121,0.000000,0.084000,0
2026-07-22 23:15:00,65892.00,65908.70,65825.50,65856.80,179.319000,1447,53.100000,126.219000,65863.24,102300.13,-0.00000196,0.000000,3.187000,0
2026-07-22 23:16:00,65856.80,65887.00,65856.80,65865.00,46.751000,504,17.621000,29.130000,65875.43,102300.64,-0.00000196,0.000000,0.000000,0
2026-07-22 23:17:00,65865.00,65894.10,65859.50,65883.60,48.497000,618,24.389000,24.108000,65876.13,102296.94,-0.00000234,0.000000,0.000000,0
2026-07-22 23:18:00,65883.50,65883.50,65843.00,65843.10,63.257000,815,14.041000,49.216000,65858.25,102273.83,-0.00000250,0.000000,0.000000,0
2026-07-22 23:19:00,65843.20,65843.20,65808.50,65829.20,51.547000,601,21.455000,30.092000,65822.25,102267.50,-0.00000250,0.000000,0.041000,0
2026-07-22 23:20:00,65829.20,65872.40,65827.80,65860.50,54.253000,803,27.244000,27.009000,65856.23,102263.65,-0.00000297,0.000000,0.000000,0
2026-07-22 23:21:00,65860.50,65896.70,65860.50,65894.60,18.208000,417,13.767000,4.441000,65882.52,102264.28,-0.00000306,0.000000,0.000000,0
2026-07-22 23:22:00,65894.60,65933.30,65894.60,65933.20,18.134000,394,11.165000,6.969000,65914.76,102266.08,-0.00000295,0.000000,0.000000,0
2026-07-22 23:23:00,65933.30,65939.00,65933.20,65939.00,11.238000,136,9.982000,1.256000,65935.96,102263.00,-0.00000295,0.000000,0.000000,0
2026-07-22 23:24:00,65939.00,65939.00,65931.00,65934.90,14.566000,196,3.216000,11.350000,65935.74,102265.21,-0.00000279,0.000000,0.000000,0
2026-07-22 23:25:00,65934.90,65943.10,65926.40,65939.80,25.172000,313,12.460000,12.712000,65934.46,102265.00,-0.00000261,0.000000,0.000000,0
2026-07-22 23:26:00,65939.70,65939.70,65909.40,65930.00,23.303000,411,12.390000,10.913000,65921.83,102265.00,-0.00000261,0.000000,0.000000,0
2026-07-22 23:27:00,65930.00,65952.20,65929.90,65943.00,16.369000,324,9.197000,7.172000,65945.90,102267.24,-0.00000266,0.000000,0.000000,0
2026-07-22 23:28:00,65943.00,65967.20,65941.30,65946.40,63.769000,509,31.363000,32.406000,65954.63,102265.36,-0.00000261,0.000000,0.000000,0
2026-07-22 23:29:00,65946.40,65960.00,65946.40,65946.90,19.941000,295,8.646000,11.295000,65951.53,102253.15,-0.00000261,0.000000,0.000000,0
2026-07-22 23:30:00,65946.90,65959.00,65937.20,65938.20,68.941000,487,23.699000,45.242000,65949.64,102248.10,-0.00000280,0.000000,0.000000,0
2026-07-22 23:31:00,65938.10,65961.40,65935.60,65961.40,20.241000,297,11.751000,8.490000,65942.83,102243.76,-0.00000315,0.000000,0.000000,0
2026-07-22 23:32:00,65961.30,65961.40,65938.50,65938.50,22.831000,290,6.173000,16.658000,65952.77,102242.58,-0.00000330,0.000000,0.000000,0
2026-07-22 23:33:00,65938.60,65954.20,65938.60,65954.10,16.605000,214,12.774000,3.831000,65947.47,102241.65,-0.00000330,0.000000,0.000000,0
2026-07-22 23:34:00,65954.20,65954.20,65929.10,65937.10,53.934000,452,20.756000,33.178000,65940.10,102240.53,-0.00000355,0.000000,0.000000,0
2026-07-22 23:35:00,65937.20,65954.10,65926.60,65926.60,36.731000,375,7.366000,29.365000,65946.96,102262.22,-0.00000381,0.000000,0.000000,0
2026-07-22 23:36:00,65926.70,65937.20,65918.90,65937.20,33.601000,381,20.559000,13.042000,65923.88,102261.85,-0.00000381,0.000000,0.000000,0
2026-07-22 23:37:00,65937.20,65948.70,65931.90,65941.50,21.133000,377,7.108000,14.025000,65941.34,102262.56,-0.00000390,0.000000,0.000000,0
2026-07-22 23:38:00,65941.50,65946.00,65926.20,65943.00,16.988000,317,9.834000,7.154000,65938.26,102266.21,-0.00000394,0.000000,0.000000,0
2026-07-22 23:39:00,65943.00,65946.30,65934.40,65938.00,26.870000,280,12.912000,13.958000,65940.24,102265.30,-0.00000397,0.000000,0.000000,0
2026-07-22 23:40:00,65938.00,65949.20,65937.90,65944.00,19.124000,198,7.046000,12.078000,65945.65,102268.07,-0.00000397,0.000000,0.000000,0
2026-07-22 23:41:00,65944.10,65960.30,65941.50,65960.20,21.570000,298,10.731000,10.839000,65949.39,102263.66,-0.00000395,0.000000,0.000000,0
2026-07-22 23:42:00,65960.20,65960.30,65942.90,65942.90,13.770000,220,1.359000,12.411000,65951.24,102263.59,-0.00000394,0.000000,0.000000,0
2026-07-22 23:43:00,65942.90,65943.00,65938.30,65938.40,7.026000,82,2.842000,4.184000,65939.42,102262.61,-0.00000394,0.000000,0.000000,0
2026-07-22 23:44:00,65938.30,65938.40,65931.80,65938.40,7.105000,165,5.198000,1.907000,65934.74,102262.77,-0.00000413,0.000000,0.000000,0
2026-07-22 23:45:00,65938.40,65952.40,65938.30,65952.30,8.929000,174,6.756000,2.173000,65946.17,102262.74,-0.00000425,0.000000,0.000000,0
2026-07-22 23:46:00,65952.40,65967.60,65943.80,65967.60,19.411000,358,9.050000,10.361000,65954.57,102263.40,-0.00000425,0.000000,0.000000,0
2026-07-22 23:47:00,65967.60,65991.20,65967.60,65991.20,23.753000,311,22.219000,1.534000,65982.59,102265.13,-0.00000428,0.000000,0.000000,0
2026-07-22 23:48:00,65991.20,65995.10,65969.90,65970.00,34.500000,256,5.747000,28.753000,65989.20,102273.83,-0.00000406,0.000000,0.000000,0
2026-07-22 23:49:00,65969.90,65987.60,65969.90,65987.60,7.543000,190,5.762000,1.781000,65978.88,102264.91,-0.00000401,0.000000,0.000000,0
2026-07-22 23:50:00,65987.60,65996.20,65987.50,65996.10,24.346000,154,4.424000,19.922000,65994.81,102263.87,-0.00000401,0.000000,0.000000,0
2026-07-22 23:51:00,65996.00,65998.40,65990.60,65995.00,19.710000,237,7.312000,12.398000,65995.53,102259.45,-0.00000386,0.000000,0.000000,0
2026-07-22 23:52:00,65995.00,65995.00,65987.50,65993.80,8.949000,192,4.287000,4.662000,65992.75,102254.90,-0.00000370,0.000000,0.000000,0
2026-07-22 23:53:00,65993.70,65995.80,65993.70,65995.80,4.340000,85,3.752000,0.588000,65994.24,102255.34,-0.00000370,0.000000,0.000000,0
2026-07-22 23:54:00,65995.70,65997.80,65995.70,65997.80,9.486000,93,8.070000,1.416000,65996.12,102254.23,-0.00000371,0.000000,0.000000,0
2026-07-22 23:55:00,65997.70,66038.70,65997.70,66038.60,53.900000,470,34.457000,19.443000,66014.09,102255.19,-0.00000361,0.000000,0.000000,0
2026-07-22 23:56:00,66038.60,66038.60,66017.20,66018.20,44.075000,328,17.113000,26.962000,66022.92,102251.95,-0.00000361,0.000000,0.000000,0
2026-07-22 23:57:00,66018.30,66091.10,66018.20,66084.80,181.126000,1069,144.663000,36.463000,66060.56,102250.08,-0.00000333,0.001000,0.000000,0
2026-07-22 23:58:00,66084.90,66094.70,66079.50,66091.00,76.694000,408,31.931000,44.763000,66085.06,102287.85,-0.00000346,0.000000,0.000000,0
2026-07-22 23:59:00,66091.00,66116.50,66090.90,66098.70,76.285000,585,49.236000,27.049000,66106.45,102278.88,-0.00000350,0.843000,0.000000,0
