Timestamp,Open,High,Low,Close,Volume,AggTrades,BuyQty,SellQty,VWAP,OpenInterest,FundingRate,LiqBuyQty,LiqSellQty,IsSynthetic
2026-03-27 00:00:00,68804.90,68816.20,68788.00,68788.10,36.189000,424,13.702000,22.487000,68796.68,87403.65,0.00002909,0.000000,0.000000,0
2026-03-27 00:01:00,68788.00,68804.50,68650.60,68719.50,895.917000,6018,339.888000,556.029000,68725.94,87400.37,0.00002925,0.000000,0.000000,0
2026-03-27 00:02:00,68719.40,68737.80,68643.90,68722.30,265.847000,2145,95.158000,170.689000,68697.23,87788.62,0.00002883,0.000000,0.000000,0
2026-03-27 00:03:00,68722.30,68775.40,68714.80,68749.00,53.183000,912,28.907000,24.276000,68743.98,87791.51,0.00002858,0.000000,0.000000,0
2026-03-27 00:04:00,68748.90,68781.50,68744.10,68780.90,39.618000,499,32.008000,7.610000,68759.50,87802.90,0.00002858,0.000000,0.000000,0
2026-03-27 00:05:00,68780.90,68797.70,68752.90,68752.90,65.385000,725,36.143000,29.242000,68778.67,87797.59,0.00002839,0.034000,0.000000,0
2026-03-27 00:06:00,68752.80,68796.00,68741.40,68765.40,190.541000,1124,162.258000,28.283000,68768.52,87805.49,0.00002850,0.000000,0.027000,0
2026-03-27 00:07:00,68765.50,68836.50,68765.40,68833.80,108.334000,975,93.446000,14.888000,68814.36,87737.96,0.00002850,0.007000,0.000000,0
2026-03-27 00:08:00,68833.90,68841.60,68817.00,68826.50,36.663000,578,25.970000,10.693000,68829.33,87734.46,0.00002805,0.002000,0.000000,0
2026-03-27 00:09:00,68826.40,68888.00,68826.40,68888.00,71.112000,748,58.825000,12.287000,68856.78,87742.95,0.00002826,0.002000,0.000000,0
2026-03-27 00:10:00,68888.00,68912.90,68882.80,68904.50,93.628000,868,43.088000,50.540000,68897.22,87738.00,0.00002843,0.042000,0.000000,0
2026-03-27 00:11:00,68904.40,68921.50,68889.40,68921.50,53.210000,729,33.248000,19.962000,68906.14,87734.46,0.00002843,0.000000,0.000000,0
2026-03-27 00:12:00,68921.60,68942.20,68907.60,68921.30,77.034000,774,35.283000,41.751000,68925.68,87727.55,0.00002896,0.006000,0.000000,0
2026-03-27 00:13:00,68921.30,68921.30,68823.30,68898.30,291.213000,1830,50.700000,240.513000,68875.81,87840.12,0.00002903,0.000000,0.000000,0
2026-03-27 00:14:00,68898.30,68910.10,68877.80,68910.10,51.541000,706,38.652000,12.889000,68886.68,87831.29,0.00002903,0.000000,0.000000,0
2026-03-27 00:15:00,68910.00,68915.90,68892.50,68894.20,108.976000,529,72.574000,36.402000,68902.19,87833.53,0.00002866,0.000000,0.000000,0
2026-03-27 00:16:00,68894.20,68894.20,68876.40,68880.50,36.298000,327,20.988000,15.310000,68880.81,87842.49,0.00002906,0.000000,0.000000,0
2026-03-27 00:17:00,68880.40,68886.60,68835.00,68861.30,141.774000,711,43.767000,98.007000,68858.65,87898.11,0.00002851,0.000000,0.000000,0
2026-03-27 00:18:00,68861.20,68896.20,68850.70,68896.20,37.697000,485,32.282000,5.415000,68871.90,87893.01,0.00002851,0.000000,0.000000,0
2026-03-27 00:19:00,68896.20,68922.90,68896.10,68902.70,84.349000,528,49.975000,34.374000,68911.31,87885.61,0.00002804,0.000000,0.000000,0
2026-03-27 00:20:00,68902.70,68906.70,68879.20,68879.20,44.577000,504,27.555000,17.022000,68896.20,87881.08,0.00002848,0.000000,0.000000,0
2026-03-27 00:21:00,68879.30,68888.40,68820.00,68861.50,57.662000,898,36.274000,21.388000,68847.23,87883.79,0.00002848,0.000000,0.000000,0
2026-03-27 00:22:00,68861.40,68887.50,68861.40,68880.40,43.989000,594,23.210000,20.779000,68875.42,87887.86,0.00002805,0.000000,0.000000,0
2026-03-27 00:23:00,68880.30,68880.40,68708.40,68728.70,79.100000,1662,21.941000,57.159000,68793.38,87885.59,0.00002716,0.000000,0.036000,0
2026-03-27 00:24:00,68728.80,68761.00,68706.20,68719.90,71.984000,1209,27.429000,44.555000,68738.35,87885.44,0.00002637,0.000000,0.016000,0
2026-03-27 00:25:00,68720.00,68776.80,68702.80,68776.80,42.618000,1069,25.133000,17.485000,68729.38,87878.27,0.00002637,0.000000,0.000000,0
2026-03-27 00:26:00,68776.80,68776.80,68745.40,68760.20,58.286000,866,26.335000,31.951000,68761.19,87881.79,0.00002518,0.000000,0.000000,0
2026-03-27 00:27:00,68760.30,68767.40,68704.40,68757.80,72.797000,1371,26.235000,46.562000,68740.70,87889.01,0.00002507,0.000000,0.000000,0
2026-03-27 00:28:00,68757.80,68778.10,68741.40,68750.30,39.576000,712,13.178000,26.398000,68758.31,87894.39,0.00002507,0.000000,0.000000,0
2026-03-27 00:29:00,68750.30,68755.30,68714.90,68715.00,31.669000,853,10.252000,21.417000,68738.05,87895.25,0.00002469,0.000000,0.000000,0
2026-03-27 00:30:00,68714.90,68736.30,68688.20,68689.50,53.808000,650,17.451000,36.357000,68711.83,87896.35,0.00002435,0.000000,0.000000,0
2026-03-27 00:31:00,68689.60,68728.60,68675.00,68685.80,67.947000,1310,35.513000,32.434000,68698.55,87895.73,0.00002356,0.000000,0.000000,0
2026-03-27 00:32:00,68685.80,68702.80,68658.60,68683.50,89.998000,1315,24.126000,65.872000,68679.60,87910.60,0.00002356,0.000000,0.024000,0
2026-03-27 00:33:00,68683.50,68718.20,68683.40,68704.10,52.142000,778,37.734000,14.408000,68704.81,87926.49,0.00002287,0.000000,0.000000,0
2026-03-27 00:34:00,68704.00,68722.00,68683.50,68692.00,42.062000,789,20.455000,21.607000,68697.01,87925.99,0.00002242,0.000000,0.000000,0
2026-03-27 00:35:00,68692.00,68722.00,68686.10,68697.60,159.954000,936,34.535000,125.419000,68702.91,87945.22,0.00002242,0.000000,0.000000,0
2026-03-27 00:36:00,68697.70,68710.70,68614.30,68622.10,73.726000,1053,25.728000,47.998000,68653.10,87973.16,0.00002200,0.000000,0.452000,0
2026-03-27 00:37:00,68622.20,68635.00,68601.00,68609.30,88.239000,1140,41.239000,47.000000,68619.70,87975.77,0.00002157,0.000000,0.002000,0
2026-03-27 00:38:00,68609.40,68626.00,68458.50,68510.40,621.158000,4054,192.472000,428.686000,68533.11,87968.29,0.00002157,0.000000,6.214000,0
2026-03-27 00:39:00,68510.30,68571.00,68487.30,68548.00,177.838000,1524,117.504000,60.334000,68537.47,87906.36,0.00002058,0.000000,0.015000,0
2026-03-27 00:40:00,68548.00,68589.60,68547.90,68569.90,52.774000,923,30.273000,22.501000,68569.79,87921.55,0.00001977,0.000000,0.000000,0
2026-03-27 00:41:00,68570.00,68746.20,68561.00,68722.00,447.656000,2708,379.911000,67.745000,68663.44,88030.95,0.00001939,0.352000,0.000000,0
2026-03-27 00:42:00,68722.00,68752.40,68700.00,68732.40,74.406000,1018,53.359000,21.047000,68728.17,88025.41,0.00001939,0.000000,0.000000,0
2026-03-27 00:43:00,68732.30,68732.40,68709.00,68722.50,35.992000,509,23.471000,12.521000,68723.76,88029.02,0.00001948,0.000000,0.000000,0
2026-03-27 00:44:00,68722.40,68722.50,68682.70,68683.40,36.238000,591,12.936000,23.302000,68705.26,88032.27,0.00001944,0.000000,0.000000,0
2026-03-27 00:45:00,68683.30,68690.80,68664.30,68679.60,39.360000,643,22.050000,17.310000,68675.32,88020.87,0.00001944,0.000000,0.000000,0
2026-03-27 00:46:00,68679.70,68679.70,68600.00,68600.00,72.379000,910,21.519000,50.860000,68638.38,88027.57,0.00001877,0.000000,0.000000,0
2026-03-27 00:47:00,68600.10,68617.50,68593.30,68604.90,42.375000,578,26.002000,16.373000,68605.09,88029.86,0.00001797,0.000000,0.000000,0
2026-03-27 00:48:00,68604.90,68624.00,68575.00,68581.50,50.249000,670,26.184000,24.065000,68601.97,88033.23,0.00001717,0.000000,0.000000,0
2026-03-27 00:49:00,68581.40,68593.70,68561.50,68593.70,58.776000,625,40.553000,18.223000,68579.12,88029.94,0.00001717,0.000000,0.000000,0
2026-03-27 00:50:00,68593.60,68614.20,68593.60,68607.60,25.244000,301,20.993000,4.251000,68603.30,88032.21,0.00001674,0.000000,0.000000,0
2026-03-27 00:51:00,68607.60,68632.40,68607.50,68614.00,69.881000,772,52.587000,17.294000,68622.05,88062.78,0.00001682,0.000000,0.000000,0
2026-03-27 00:52:00,68614.00,68659.50,68614.00,68644.20,50.493000,832,29.049000,21.444000,68643.45,88071.65,0.00001682,0.000000,0.000000,0
2026-03-27 00:53:00,68644.10,68700.00,68644.10,68699.90,62.640000,546,45.491000,17.149000,68667.69,88090.18,0.00001745,0.000000,0.000000,0
2026-03-27 00:54:00,68700.00,68734.00,68696.30,68706.30,80.548000,886,41.259000,39.289000,68714.29,88076.19,0.00001827,0.000000,0.004000,0
2026-03-27 00:55:00,68706.30,68719.40,68684.40,68694.70,31.039000,526,20.054000,10.985000,68698.85,88077.29,0.00001886,0.000000,0.000000,0
2026-03-27 00:56:00,68694.70,68733.10,68694.60,68733.10,25.461000,676,17.614000,7.847000,68716.99,88074.66,0.00001886,0.000000,0.000000,0
2026-03-27 00:57:00,68733.10,68744.80,68725.50,68744.70,32.795000,418,20.737000,12.058000,68734.97,88070.84,0.00001854,0.000000,0.000000,0
2026-03-27 00:58:00,68744.80,68746.30,68709.90,68730.10,30.789000,503,11.265000,19.524000,68730.57,88070.84,0.00001882,0.002000,0.000000,0
2026-03-27 00:59:00,68730.10,68730.10,68704.60,68716.80,33.545000,617,16.379000,17.166000,68715.91,88079.32,0.00001882,0.000000,0.000000,0
2026-03-27 01:00:00,68717.00,68757.20,68716.90,68746.40,23.801000,529,20.210000,3.591000,68742.67,88077.63,0.00001898,0.000000,0.000000,0
2026-03-27 01:01:00,68746.40,68795.80,68746.30,68789.50,57.196000,714,35.233000,21.963000,68781.50,88082.32,0.00001903,0.232000,0.000000,0
2026-03-27 01:02:00,68789.50,68822.20,68741.20,68762.10,95.437000,1479,49.030000,46.407000,68786.66,88097.78,0.00001903,0.013000,0.000000,0
2026-03-27 01:03:00,68762.40,68793.90,68762.40,68764.90,26.609000,955,17.266000,9.343000,68777.16,88121.39,0.00001939,0.000000,0.000000,0
2026-03-27 01:04:00,68765.00,68776.70,68746.80,68769.40,33.056000,583,17.516000,15.540000,68760.79,88119.76,0.00001958,0.000000,0.000000,0
2026-03-27 01:05:00,68769.40,68783.30,68742.90,68742.90,203.996000,749,20.460000,183.536000,68757.39,88119.87,0.00001966,0.000000,0.000000,0
2026-03-27 01:06:00,68742.90,68759.70,68734.50,68734.60,52.888000,555,20.664000,32.224000,68747.28,88134.62,0.00001966,0.000000,0.000000,0
2026-03-27 01:07:00,68734.50,68734.60,68713.90,68717.00,66.925000,424,52.614000,14.311000,68716.10,88246.83,0.00001984,0.000000,0.000000,0
2026-03-27 01:08:00,68717.00,68717.00,68668.00,68688.90,50.149000,743,17.761000,32.388000,68685.11,88201.09,0.00001923,0.000000,0.000000,0
2026-03-27 01:09:00,68689.00,68697.30,68654.80,68668.00,43.073000,798,18.099000,24.974000,68679.92,88199.85,0.00001923,0.000000,0.000000,0
2026-03-27 01:10:00,68667.90,68772.60,68667.90,68768.70,73.960000,909,58.201000,15.759000,68718.98,88188.23,0.00001862,0.000000,0.000000,0
2026-03-27 01:11:00,68768.60,68843.20,68768.60,68809.80,152.614000,1088,114.279000,38.335000,68808.99,88186.34,0.00001850,0.000000,0.000000,0
2026-03-27 01:12:00,68809.70,68817.60,68793.80,68807.30,50.328000,565,33.370000,16.958000,68804.99,88164.82,0.00001850,0.000000,0.000000,0
2026-03-27 01:13:00,68807.40,68820.20,68800.00,68819.90,40.455000,694,25.247000,15.208000,68812.36,88163.37,0.00001893,0.000000,0.000000,0
2026-03-27 01:14:00,68819.90,68843.70,68819.90,68830.00,58.011000,776,35.637000,22.374000,68834.17,88150.66,0.00001818,0.003000,0.000000,0
2026-03-27 01:15:00,68830.00,68830.00,68808.30,68829.90,18.197000,433,9.803000,8.394000,68821.62,88161.55,0.00001812,0.000000,0.000000,0
2026-03-27 01:16:00,68829.90,68844.60,68813.80,68813.90,57.109000,539,12.569000,44.540000,68825.24,88166.10,0.00001812,0.000000,0.000000,0
2026-03-27 01:17:00,68813.80,68854.70,68804.20,68854.70,35.957000,618,27.576000,8.381000,68831.97,88197.60,0.00001771,0.000000,0.000000,0
2026-03-27 01:18:00,68854.60,68893.60,68854.60,68879.10,75.549000,1031,48.249000,27.300000,68876.01,88197.44,0.00001716,0.035000,0.000000,0
2026-03-27 01:19:00,68879.00,68880.00,68824.30,68838.50,40.843000,855,13.818000,27.025000,68858.31,88204.73,0.00001716,0.000000,0.000000,0
2026-03-27 01:20:00,68838.40,68847.40,68794.80,68847.40,221.402000,1108,168.152000,53.250000,68821.49,88211.99,0.00001753,0.000000,0.000000,0
2026-03-27 01:21:00,68847.30,68847.30,68809.10,68819.80,36.387000,640,17.527000,18.860000,68826.62,88289.40,0.00001687,0.000000,0.000000,0
2026-03-27 01:22:00,68819.80,68824.80,68793.30,68807.00,42.004000,617,9.394000,32.610000,68811.92,88288.79,0.00001653,0.000000,0.000000,0
2026-03-27 01:23:00,68806.90,68863.50,68806.90,68863.50,22.706000,561,16.940000,5.766000,68841.34,88284.24,0.00001653,0.000000,0.000000,0
2026-03-27 01:24:00,68863.60,68864.10,68822.70,68847.00,48.958000,736,13.804000,35.154000,68842.00,88285.44,0.00001621,0.000000,0.000000,0
2026-03-27 01:25:00,68846.90,68900.80,68846.90,68893.90,82.820000,941,62.878000,19.942000,68887.83,88302.92,0.00001664,0.036000,0.000000,0
2026-03-27 01:26:00,68894.00,68919.70,68881.80,68890.60,79.436000,995,51.485000,27.951000,68900.33,88278.07,0.00001664,0.029000,0.000000,0
2026-03-27 01:27:00,68890.60,68898.00,68890.60,68892.10,26.522000,389,13.654000,12.868000,68893.99,88255.55,0.00001699,0.000000,0.000000,0
2026-03-27 01:28:00,68892.10,68906.30,68891.10,68892.40,22.769000,468,11.601000,11.168000,68897.77,88251.41,0.00001713,0.000000,0.000000,0
2026-03-27 01:29:00,68892.40,68899.90,68860.90,68884.20,56.728000,865,17.624000,39.104000,68883.98,88249.25,0.00001716,0.000000,0.000000,0
2026-03-27 01:30:00,68884.20,68884.20,68867.20,68877.00,14.736000,309,5.396000,9.340000,68875.49,88266.40,0.00001716,0.000000,0.000000,0
2026-03-27 01:31:00,68877.10,68902.70,68861.40,68861.40,44.520000,658,14.278000,30.242000,68887.50,88265.70,0.00001686,0.000000,0.000000,0
2026-03-27 01:32:00,68861.50,68890.00,68861.40,68890.00,26.798000,395,9.000000,17.798000,68871.19,88262.64,0.00001657,0.000000,0.000000,0
2026-03-27 01:33:00,68890.00,68907.70,68871.60,68871.60,110.846000,519,70.446000,40.400000,68891.90,88262.13,0.00001657,0.000000,0.000000,0
2026-03-27 01:34:00,68871.70,68883.30,68850.50,68883.30,51.445000,471,21.839000,29.606000,68866.08,88247.88,0.00001656,0.000000,0.000000,0
2026-03-27 01:35:00,68883.20,68883.30,68837.20,68850.00,26.816000,468,5.427000,21.389000,68861.67,88255.70,0.00001628,0.000000,0.000000,0
2026-03-27 01:36:00,68850.00,68850.10,68844.30,68850.10,28.665000,204,18.634000,10.031000,68849.07,88252.11,0.00001622,0.000000,0.023000,0
2026-03-27 01:37:00,68850.10,68877.50,68850.00,68877.50,31.712000,368,21.032000,10.680000,68861.99,88258.15,0.00001622,0.000000,0.000000,0
2026-03-27 01:38:00,68877.50,68877.50,68826.80,68834.60,36.683000,552,11.085000,25.598000,68850.68,88255.81,0.00001618,0.000000,0.000000,0
2026-03-27 01:39:00,68834.60,68846.20,68808.20,68845.70,34.280000,620,7.759000,26.521000,68821.18,88257.79,0.00001629,0.020000,0.000000,0
2026-03-27 01:40:00,68845.70,68858.60,68836.20,68837.00,23.448000,507,12.400000,11.048000,68849.08,88255.67,0.00001629,0.000000,0.000000,0
2026-03-27 01:41:00,68837.00,68855.30,68833.80,68855.30,14.888000,449,8.383000,6.505000,68845.87,88256.97,0.00001606,0.000000,0.000000,0
2026-03-27 01:42:00,68855.30,68860.00,68828.00,68828.00,26.682000,489,14.055000,12.627000,68849.11,88255.33,0.00001613,0.000000,0.000000,0
2026-03-27 01:43:00,68828.00,68882.20,68827.90,68875.20,48.876000,620,25.574000,23.302000,68858.52,88260.40,0.00001644,0.000000,0.000000,0
2026-03-27 01:44:00,68875.30,68878.20,68855.50,68855.60,37.319000,517,21.734000,15.585000,68869.50,88256.76,0.00001644,0.000000,0.000000,0
2026-03-27 01:45:00,68855.50,68878.50,68855.50,68867.60,29.714000,333,17.613000,12.101000,68869.23,88256.50,0.00001671,0.000000,0.000000,0
2026-03-27 01:46:00,68867.60,68888.80,68863.60,68869.40,38.056000,686,12.921000,25.135000,68877.95,88252.05,0.00001668,0.000000,0.000000,0
2026-03-27 01:47:00,68869.40,68869.40,68841.20,68844.40,20.588000,487,5.336000,15.252000,68855.32,88242.57,0.00001668,0.000000,0.000000,0
2026-03-27 01:48:00,68844.40,68870.90,68844.30,68867.30,20.586000,381,10.765000,9.821000,68863.30,88243.24,0.00001678,0.000000,0.000000,0
2026-03-27 01:49:00,68867.30,68913.20,68867.30,68913.20,40.414000,476,35.961000,4.453000,68887.98,88245.45,0.00001648,0.000000,0.000000,0
2026-03-27 01:50:00,68913.20,68952.10,68913.10,68939.30,116.485000,946,69.430000,47.055000,68937.71,88231.87,0.00001675,0.399000,0.000000,0
2026-03-27 01:51:00,68939.30,68940.00,68888.80,68932.50,72.055000,1007,36.188000,35.867000,68914.06,88239.78,0.00001675,0.000000,0.000000,0
2026-03-27 01:52:00,68932.50,68936.30,68920.10,68936.30,31.656000,462,19.391000,12.265000,68927.88,88231.04,0.00001705,0.000000,0.000000,0
2026-03-27 01:53:00,68936.20,68940.10,68900.00,68900.10,23.954000,466,6.954000,17.000000,68928.93,88230.74,0.00001716,0.000000,0.000000,0
2026-03-27 01:54:00,68900.00,68910.40,68900.00,68910.30,24.340000,249,15.982000,8.358000,68904.19,88230.41,0.00001716,0.000000,0.000000,0
2026-03-27 01:55:00,68910.40,68936.40,68910.30,68930.00,27.870000,405,13.180000,14.690000,68928.00,88233.56,0.00001703,0.000000,0.000000,0
2026-03-27 01:56:00,68930.10,68998.90,68930.10,68987.50,148.637000,1134,98.951000,49.686000,68973.95,88241.18,0.00001696,0.243000,0.000000,0
2026-03-27 01:57:00,68987.50,69027.50,68984.00,69005.80,159.077000,965,128.880000,30.197000,69001.55,88219.64,0.00001754,0.991000,0.000000,0
2026-03-27 01:58:00,69005.50,69033.30,68998.30,69008.00,89.296000,1175,64.580000,24.716000,69012.59,88207.06,0.00001754,0.134000,0.000000,0
2026-03-27 01:59:00,69008.10,69008.10,68979.10,68992.00,90.294000,696,22.220000,68.074000,68995.16,88239.13,0.00001763,0.000000,0.000000,0
2026-03-27 02:00:00,68991.90,69016.10,68986.70,69016.10,44.451000,563,28.869000,15.582000,68999.99,88242.94,0.00001717,0.000000,0.000000,0
2026-03-27 02:01:00,69016.50,69067.20,69008.30,69048.70,144.132000,1293,97.887000,46.245000,69043.11,88237.03,0.00001717,1.147000,0.000000,0
2026-03-27 02:02:00,69048.70,69048.70,69011.50,69032.10,104.559000,1070,39.099000,65.460000,69028.63,88197.93,0.00001692,0.000000,0.000000,0
2026-03-27 02:03:00,69032.20,69079.90,69032.10,69064.80,76.769000,849,45.756000,31.013000,69058.04,88187.18,0.00001684,4.297000,0.000000,0
2026-03-27 02:04:00,69064.80,69064.80,69035.10,69058.50,83.621000,902,28.543000,55.078000,69051.61,88172.68,0.00001677,0.033000,0.000000,0
2026-03-27 02:05:00,69058.60,69094.00,69053.70,69066.00,108.621000,1353,36.401000,72.220000,69073.33,88173.48,0.00001677,0.024000,0.000000,0
2026-03-27 02:06:00,69066.00,69066.00,69011.00,69012.80,121.971000,1226,26.516000,95.455000,69026.96,88175.52,0.00001657,0.000000,0.000000,0
2026-03-27 02:07:00,69012.90,69040.80,69012.80,69027.40,56.260000,685,32.774000,23.486000,69029.25,88166.73,0.00001571,0.000000,0.000000,0
2026-03-27 02:08:00,69027.40,69046.40,69024.80,69026.30,34.653000,609,18.036000,16.617000,69031.23,88163.81,0.00001571,0.000000,0.000000,0
2026-03-27 02:09:00,69026.20,69026.30,69009.00,69018.50,31.301000,362,9.496000,21.805000,69016.89,88164.46,0.00001514,0.000000,0.007000,0
2026-03-27 02:10:00,69018.40,69084.70,69018.40,69084.60,43.257000,734,36.054000,7.203000,69040.03,88172.88,0.00001443,0.000000,0.000000,0
2026-03-27 02:11:00,69084.70,69116.80,69064.40,69111.60,102.682000,1002,75.725000,26.957000,69096.07,88169.25,0.00001411,0.042000,0.000000,0
2026-03-27 02:12:00,69111.60,69142.70,69075.70,69075.70,113.318000,1599,53.130000,60.188000,69111.98,88140.79,0.00001411,0.372000,0.000000,0
2026-03-27 02:13:00,69075.70,69078.30,69046.10,69058.60,96.982000,1095,41.286000,55.696000,69059.02,88127.40,0.00001418,0.000000,0.000000,0
2026-03-27 02:14:00,69058.60,69058.60,69021.20,69040.10,43.612000,786,12.388000,31.224000,69033.18,88105.56,0.00001349,0.000000,0.000000,0
2026-03-27 02:15:00,69040.20,69040.20,69011.00,69017.70,47.310000,836,15.988000,31.322000,69021.67,88116.16,0.00001349,0.000000,0.000000,0
2026-03-27 02:16:00,69017.70,69017.80,69000.00,69009.00,32.138000,604,7.500000,24.638000,69007.48,88120.23,0.00001255,0.000000,0.000000,0
2026-03-27 02:17:00,69008.90,69013.50,68969.00,68973.20,63.564000,807,28.138000,35.426000,68989.68,88133.52,0.00001149,0.000000,0.000000,0
2026-03-27 02:18:00,68973.30,68973.30,68957.00,68965.10,25.240000,367,8.340000,16.900000,68962.95,88133.44,0.00001037,0.000000,0.000000,0
2026-03-27 02:19:00,68965.00,68968.70,68950.00,68962.90,28.770000,474,14.607000,14.163000,68957.58,88137.15,0.00001037,0.000000,0.000000,0
2026-03-27 02:20:00,68963.00,68963.00,68949.30,68962.90,34.215000,408,10.913000,23.302000,68957.10,88131.41,0.00000906,0.000000,0.000000,0
2026-03-27 02:21:00,68963.00,68963.00,68930.00,68930.00,34.348000,510,5.748000,28.600000,68943.12,88133.01,0.00000786,0.000000,0.000000,0
2026-03-27 02:22:00,68930.00,68963.00,68927.10,68944.40,42.297000,651,22.440000,19.857000,68947.61,88136.76,0.00000786,0.000000,0.000000,0
2026-03-27 02:23:00,68944.50,68996.70,68944.40,68970.80,41.027000,905,26.709000,14.318000,68973.57,88146.36,0.00000648,0.000000,0.000000,0
2026-03-27 02:24:00,68970.90,68978.20,68959.90,68966.90,17.682000,398,10.854000,6.828000,68970.01,88142.35,0.00000606,0.000000,0.000000,0
2026-03-27 02:25:00,68966.80,68998.40,68960.00,68960.10,44.484000,748,8.991000,35.493000,68982.76,88143.34,0.00000598,0.000000,0.000000,0
2026-03-27 02:26:00,68960.00,68980.60,68953.20,68953.20,27.360000,410,15.689000,11.671000,68967.82,88133.97,0.00000598,0.000000,0.000000,0
2026-03-27 02:27:00,68953.10,68953.10,68918.00,68918.10,31.860000,541,10.660000,21.200000,68930.89,88134.41,0.00000590,0.000000,0.000000,0
2026-03-27 02:28:00,68918.00,68942.50,68917.70,68942.40,18.573000,454,11.845000,6.728000,68931.98,88138.04,0.00000532,0.000000,0.000000,0
2026-03-27 02:29:00,68942.50,68983.10,68942.40,68969.20,28.719000,633,16.300000,12.419000,68962.21,88143.15,0.00000532,0.000000,0.000000,0
2026-03-27 02:30:00,68969.10,68990.30,68969.10,68990.20,14.032000,250,9.849000,4.183000,68981.97,88140.08,0.00000486,0.000000,0.000000,0
2026-03-27 02:31:00,68990.30,69007.30,68977.50,69001.50,57.195000,606,41.554000,15.641000,68994.78,88145.78,0.00000514,0.000000,0.000000,0
2026-03-27 02:32:00,69001.50,69043.30,69001.30,69027.40,43.559000,775,19.636000,23.923000,69028.31,88142.41,0.00000514,0.000000,0.000000,0
2026-03-27 02:33:00,69027.40,69041.20,69019.00,69039.00,42.989000,559,28.925000,14.064000,69030.25,88136.80,0.00000540,0.000000,0.000000,0
2026-03-27 02:34:00,69039.00,69039.00,69004.40,69012.20,29.722000,489,11.866000,17.856000,69024.23,88148.31,0.00000589,0.000000,0.000000,0
2026-03-27 02:35:00,69012.20,69012.20,68969.00,68971.20,38.587000,878,12.633000,25.954000,68992.78,88152.53,0.00000573,0.000000,0.000000,0
2026-03-27 02:36:00,68971.30,68979.20,68955.00,68955.10,20.237000,363,5.389000,14.848000,68970.87,88148.49,0.00000573,0.000000,0.000000,0
2026-03-27 02:37:00,68955.00,68955.10,68949.10,68949.90,17.181000,241,4.256000,12.925000,68951.28,88150.60,0.00000543,0.000000,0.000000,0
2026-03-27 02:38:00,68949.90,68960.20,68922.60,68935.50,36.995000,561,8.866000,28.129000,68940.49,88152.25,0.00000498,0.000000,0.000000,0
2026-03-27 02:39:00,68935.60,68938.80,68910.00,68910.00,37.880000,400,6.625000,31.255000,68927.39,88148.57,0.00000498,0.000000,0.000000,0
2026-03-27 02:40:00,68910.00,68910.10,68902.30,68902.40,20.951000,222,5.576000,15.375000,68907.70,88155.07,0.00000456,0.000000,0.000000,0
2026-03-27 02:41:00,68902.30,68902.40,68886.30,68890.90,33.495000,402,8.424000,25.071000,68893.13,88158.83,0.00000397,0.000000,0.027000,0
2026-03-27 02:42:00,68890.80,68890.90,68850.00,68850.00,47.088000,658,8.103000,38.985000,68872.00,88154.64,0.00000330,0.000000,0.148000,0
2026-03-27 02:43:00,68850.00,68889.20,68815.50,68889.20,71.720000,1032,31.433000,40.287000,68842.66,88142.80,0.00000330,0.000000,0.048000,0
2026-03-27 02:44:00,68889.10,68900.00,68880.60,68897.50,28.795000,684,17.393000,11.402000,68891.58,88145.78,0.00000266,0.000000,0.000000,0
2026-03-27 02:45:00,68897.40,68915.00,68863.00,68885.10,88.598000,990,44.601000,43.997000,68891.16,88152.54,0.00000298,0.000000,0.000000,0
2026-03-27 02:46:00,68885.00,68897.80,68871.60,68897.80,19.233000,474,8.631000,10.602000,68881.04,88155.62,0.00000298,0.006000,0.029000,0
2026-03-27 02:47:00,68897.70,68903.00,68886.50,68899.50,16.322000,364,10.975000,5.347000,68894.54,88157.91,0.00000285,0.000000,0.000000,0
2026-03-27 02:48:00,68899.60,68911.90,68880.00,68880.00,18.881000,384,11.917000,6.964000,68900.04,88162.26,0.00000259,0.000000,0.000000,0
2026-03-27 02:49:00,68880.00,68880.60,68855.50,68880.60,47.045000,756,25.800000,21.245000,68865.54,88161.68,0.00000262,0.000000,0.000000,0
2026-03-27 02:50:00,68880.90,68888.80,68862.00,68888.70,29.454000,463,15.323000,14.131000,68874.02,88168.15,0.00000262,0.000000,0.000000,0
2026-03-27 02:51:00,68888.80,68911.40,68888.70,68911.30,16.306000,272,11.356000,4.950000,68896.21,88164.46,0.00000210,0.000000,0.000000,0
2026-03-27 02:52:00,68911.40,68947.30,68911.40,68922.90,37.959000,567,18.431000,19.528000,68935.40,88154.39,0.00000180,0.000000,0.000000,0
2026-03-27 02:53:00,68922.90,68936.00,68922.80,68922.90,23.673000,321,13.613000,10.060000,68926.00,88151.32,0.00000180,0.000000,0.000000,0
2026-03-27 02:54:00,68923.00,68940.10,68922.90,68933.90,16.333000,239,4.543000,11.790000,68935.30,88153.30,0.00000187,0.000000,0.000000,0
2026-03-27 02:55:00,68934.00,68934.00,68907.10,68909.40,21.631000,435,5.058000,16.573000,68920.11,88156.10,0.00000148,0.000000,0.000000,0
2026-03-27 02:56:00,68909.40,68919.50,68909.30,68919.50,8.256000,163,4.780000,3.476000,68913.08,88155.98,0.00000148,0.000000,0.000000,0
2026-03-27 02:57:00,68919.50,68919.50,68907.00,68907.10,11.247000,190,2.547000,8.700000,68913.69,88155.10,0.00000108,0.000000,0.000000,0
2026-03-27 02:58:00,68907.10,68907.10,68883.40,68883.40,27.211000,334,15.030000,12.181000,68897.32,88160.85,0.00000039,0.000000,0.000000,0
2026-03-27 02:59:00,68883.40,68883.50,68864.60,68864.70,15.228000,283,3.893000,11.335000,68874.48,88162.88,0.00000012,0.000000,0.052000,0
2026-03-27 03:00:00,68864.70,68890.50,68838.60,68870.90,102.230000,1073,66.367000,35.863000,68860.92,88158.84,0.00000012,0.000000,0.000000,0
2026-03-27 03:01:00,68870.80,68888.40,68866.00,68866.10,22.217000,367,11.389000,10.828000,68874.00,88167.08,-0.00000045,0.000000,0.000000,0
2026-03-27 03:02:00,68866.10,68866.10,68851.40,68851.40,32.060000,368,8.205000,23.855000,68856.02,88168.56,-0.00000084,0.000000,0.000000,0
2026-03-27 03:03:00,68851.40,68860.80,68836.80,68845.60,43.656000,515,13.775000,29.881000,68845.14,88160.84,-0.00000084,0.000000,0.005000,0
2026-03-27 03:04:00,68845.60,68853.10,68842.00,68842.00,28.232000,273,13.418000,14.814000,68845.67,88163.66,-0.00000144,0.000000,0.000000,0
2026-03-27 03:05:00,68842.00,68845.60,68820.30,68820.30,30.150000,415,7.992000,22.158000,68836.24,88166.45,-0.00000209,0.000000,0.000000,0
2026-03-27 03:06:00,68820.30,68820.40,68759.00,68788.50,246.226000,1437,130.531000,115.695000,68782.66,88157.16,-0.00000270,0.000000,0.648000,0
2026-03-27 03:07:00,68788.50,68788.50,68760.10,68765.20,37.025000,610,14.096000,22.929000,68769.40,88142.26,-0.00000270,0.000000,0.020000,0
2026-03-27 03:08:00,68765.20,68765.30,68621.50,68704.60,570.244000,2945,146.061000,424.183000,68675.99,88098.95,-0.00000410,0.000000,0.032000,0
2026-03-27 03:09:00,68704.60,68704.60,68623.10,68652.40,151.101000,1302,39.823000,111.278000,68657.48,88091.70,-0.00000507,0.000000,0.210000,0
2026-03-27 03:10:00,68652.40,68688.80,68652.30,68680.50,59.878000,741,35.856000,24.022000,68676.32,88079.77,-0.00000507,0.000000,0.000000,0
2026-03-27 03:11:00,68680.40,68692.60,68656.20,68658.70,86.916000,779,62.559000,24.357000,68678.88,88107.41,-0.00000604,0.000000,0.000000,0
2026-03-27 03:12:00,68658.70,68665.40,68630.00,68639.30,123.429000,931,36.757000,86.672000,68648.90,88111.99,-0.00000625,0.000000,0.148000,0
2026-03-27 03:13:00,68639.20,68763.80,68637.80,68703.70,525.086000,2664,447.397000,77.689000,68707.99,88210.29,-0.00000712,0.000000,0.000000,0
2026-03-27 03:14:00,68703.70,68736.50,68703.70,68736.50,46.765000,472,29.832000,16.933000,68721.92,88214.35,-0.00000712,0.000000,0.019000,0
2026-03-27 03:15:00,68736.50,68749.30,68711.10,68711.10,50.193000,537,12.081000,38.112000,68729.98,88206.19,-0.00000743,0.000000,0.000000,0
2026-03-27 03:16:00,68711.20,68741.70,68699.40,68712.00,128.785000,1374,67.713000,61.072000,68720.25,88215.97,-0.00000770,0.000000,0.000000,0
2026-03-27 03:17:00,68712.30,68750.00,68705.90,68731.10,37.707000,611,19.125000,18.582000,68731.67,88223.95,-0.00000770,0.000000,0.000000,0
2026-03-27 03:18:00,68731.20,68753.50,68731.10,68751.70,23.683000,337,14.753000,8.930000,68745.43,88219.42,-0.00000853,0.000000,0.000000,0
2026-03-27 03:19:00,68751.80,68767.10,68735.00,68746.10,29.212000,559,13.348000,15.864000,68752.20,88218.66,-0.00000917,0.000000,0.363000,0
2026-03-27 03:20:00,68746.10,68770.10,68746.10,68762.40,30.200000,493,13.722000,16.478000,68764.60,88221.54,-0.00000966,0.000000,0.000000,0
2026-03-27 03:21:00,68762.30,68772.20,68755.40,68771.10,21.575000,511,15.921000,5.654000,68763.91,88222.43,-0.00000966,0.000000,0.000000,0
2026-03-27 03:22:00,68771.20,68788.40,68771.10,68784.20,24.898000,296,18.022000,6.876000,68781.45,88221.33,-0.00000977,0.000000,0.000000,0
2026-03-27 03:23:00,68784.20,68788.20,68741.20,68741.20,27.528000,565,13.206000,14.322000,68772.59,88224.04,-0.00001021,0.000000,0.000000,0
2026-03-27 03:24:00,68741.30,68741.30,68679.40,68686.00,50.629000,732,27.407000,23.222000,68701.42,88224.44,-0.00001021,0.000000,0.000000,0
2026-03-27 03:25:00,68685.50,68732.30,68685.50,68708.50,34.901000,739,19.804000,15.097000,68719.63,88235.96,-0.00001098,0.000000,0.000000,0
2026-03-27 03:26:00,68708.60,68763.00,68708.60,68759.90,19.164000,576,12.271000,6.893000,68746.48,88235.56,-0.00001229,0.000000,0.000000,0
2026-03-27 03:27:00,68759.90,68780.60,68759.90,68775.30,36.893000,361,11.332000,25.561000,68775.60,88247.27,-0.00001255,0.000000,0.000000,0
2026-03-27 03:28:00,68775.30,68797.30,68775.20,68789.70,23.426000,387,15.008000,8.418000,68791.95,88246.76,-0.00001255,0.000000,0.000000,0
2026-03-27 03:29:00,68789.70,68795.90,68785.40,68795.80,29.419000,353,11.443000,17.976000,68791.06,88248.59,-0.00001270,0.000000,0.000000,0
2026-03-27 03:30:00,68795.80,68806.50,68792.00,68793.50,24.508000,326,14.376000,10.132000,68799.60,88254.07,-0.00001294,0.000000,0.000000,0
2026-03-27 03:31:00,68793.60,68827.30,68793.60,68818.70,36.929000,551,22.424000,14.505000,68811.48,88258.96,-0.00001294,0.018000,0.000000,0
2026-03-27 03:32:00,68818.70,68824.60,68793.50,68807.80,33.429000,523,17.391000,16.038000,68807.86,88261.98,-0.00001368,0.000000,0.000000,0
2026-03-27 03:33:00,68807.80,68807.80,68779.80,68796.70,11.578000,359,4.416000,7.162000,68792.44,88265.99,-0.00001397,0.000000,0.000000,0
2026-03-27 03:34:00,68796.60,68796.70,68759.90,68766.30,44.085000,509,6.189000,37.896000,68775.08,88284.35,-0.00001466,0.000000,0.000000,0
2026-03-27 03:35:00,68766.30,68801.10,68766.20,68801.10,15.822000,329,13.416000,2.406000,68781.78,88282.67,-0.00001466,0.000000,0.000000,0
2026-03-27 03:36:00,68801.10,68861.10,68801.00,68839.00,61.961000,932,43.933000,18.028000,68839.07,88284.38,-0.00001551,0.000000,0.000000,0
2026-03-27 03:37:00,68838.90,68863.20,68827.40,68863.20,42.363000,535,18.715000,23.648000,68841.21,88291.33,-0.00001553,0.016000,0.000000,0
2026-03-27 03:38:00,68863.10,68873.00,68846.30,68846.30,27.817000,422,15.068000,12.749000,68862.18,88293.12,-0.00001553,0.006000,0.000000,0
2026-03-27 03:39:00,68846.30,68860.00,68787.40,68817.50,89.831000,1343,24.437000,65.394000,68830.78,88307.20,-0.00001605,0.000000,0.000000,0
2026-03-27 03:40:00,68817.50,68866.80,68817.40,68851.90,36.522000,846,22.758000,13.764000,68842.18,88316.83,-0.00001656,0.000000,0.000000,0
2026-03-27 03:41:00,68851.80,68870.40,68839.90,68855.90,28.403000,593,20.424000,7.979000,68852.25,88318.26,-0.00001676,0.000000,0.000000,0
2026-03-27 03:42:00,68855.90,68869.80,68850.00,68869.80,18.049000,246,12.141000,5.908000,68856.89,88317.16,-0.00001676,0.000000,0.000000,0
2026-03-27 03:43:00,68869.80,68877.30,68857.60,68863.20,35.780000,395,24.185000,11.595000,68866.94,88311.50,-0.00001669,0.000000,0.000000,0
2026-03-27 03:44:00,68863.20,68863.20,68850.00,68850.10,12.616000,206,3.497000,9.119000,68856.13,88312.72,-0.00001661,0.000000,0.000000,0
2026-03-27 03:45:00,68850.00,68850.10,68825.00,68825.20,28.205000,325,6.841000,21.364000,68838.13,88315.80,-0.00001661,0.000000,0.000000,0
2026-03-27 03:46:00,68825.10,68825.10,68793.60,68793.60,41.801000,588,9.934000,31.867000,68804.11,88305.07,-0.00001682,0.000000,0.000000,0
2026-03-27 03:47:00,68793.70,68813.50,68793.60,68812.90,17.100000,332,10.418000,6.682000,68797.44,88305.07,-0.00001754,0.000000,0.000000,0
2026-03-27 03:48:00,68813.00,68818.60,68800.00,68800.10,14.824000,286,5.455000,9.369000,68809.83,88305.68,-0.00001830,0.000000,0.000000,0
2026-03-27 03:49:00,68800.10,68810.70,68792.40,68805.50,32.418000,408,10.148000,22.270000,68801.33,88307.99,-0.00001830,0.000000,0.000000,0
2026-03-27 03:50:00,68805.50,68836.50,68805.40,68819.00,56.879000,633,40.825000,16.054000,68822.09,88320.57,-0.00001873,0.000000,1.000000,0
2026-03-27 03:51:00,68818.70,68828.50,68806.80,68806.80,11.571000,282,4.124000,7.447000,68814.24,88318.08,-0.00001915,0.000000,0.002000,0
2026-03-27 03:52:00,68806.90,68817.20,68795.50,68808.60,53.758000,473,44.052000,9.706000,68803.71,88307.41,-0.00001915,0.000000,0.000000,0
2026-03-27 03:53:00,68808.60,68819.90,68808.50,68819.80,18.483000,204,4.981000,13.502000,68817.78,88306.02,-0.00001952,0.000000,0.000000,0
2026-03-27 03:54:00,68819.80,68819.90,68808.50,68818.30,10.580000,214,4.424000,6.156000,68813.29,88312.72,-0.00002009,0.000000,0.000000,0
2026-03-27 03:55:00,68818.30,68823.20,68808.00,68808.70,23.770000,359,8.653000,15.117000,68815.73,88311.49,-0.00002051,0.000000,0.000000,0
2026-03-27 03:56:00,68808.60,68808.60,68738.70,68741.50,74.726000,728,12.691000,62.035000,68768.67,88309.19,-0.00002051,0.000000,0.000000,0
2026-03-27 03:57:00,68741.50,68745.60,68727.80,68727.90,37.356000,377,11.410000,25.946000,68743.10,88319.88,-0.00002142,0.000000,0.000000,0
2026-03-27 03:58:00,68727.80,68745.00,68727.80,68740.30,29.031000,430,12.991000,16.040000,68736.07,88331.15,-0.00002300,0.000000,0.000000,0
2026-03-27 03:59:00,68740.30,68740.30,68733.00,68733.10,29.764000,186,5.776000,23.988000,68737.71,88342.40,-0.00002300,0.000000,0.000000,0
2026-03-27 04:00:00,68733.10,68741.50,68725.80,68728.80,36.772000,379,26.335000,10.437000,68731.84,88349.42,-0.00002378,0.000000,0.000000,0
2026-03-27 04:01:00,68728.80,68764.50,68580.00,68607.50,446.391000,3368,145.425000,300.966000,68677.70,88365.06,-0.00002466,0.000000,0.328000,0
2026-03-27 04:02:00,68607.60,68612.90,68353.60,68544.90,1711.973000,8392,716.327000,995.646000,68470.32,88433.21,-0.00002551,0.000000,1.134000,0
2026-03-27 04:03:00,68544.80,68544.90,68448.80,68504.00,287.307000,2637,149.889000,137.418000,68495.78,88328.79,-0.00002551,0.000000,0.000000,0
2026-03-27 04:04:00,68504.10,68565.90,68504.00,68557.10,124.689000,1133,70.295000,54.394000,68540.52,88377.66,-0.00002745,0.000000,0.000000,0
2026-03-27 04:05:00,68557.20,68557.20,68480.00,68499.80,88.254000,1141,32.288000,55.966000,68513.01,88381.33,-0.00002792,0.000000,0.000000,0
2026-03-27 04:06:00,68499.90,68536.40,68459.50,68518.80,169.429000,1596,106.926000,62.503000,68496.37,88393.59,-0.00002792,0.000000,0.000000,0
2026-03-27 04:07:00,68518.80,68533.80,68410.20,68439.10,182.933000,1843,49.080000,133.853000,68472.66,88338.56,-0.00002923,0.000000,0.000000,0
2026-03-27 04:08:00,68439.20,68441.50,68390.00,68390.10,164.648000,1388,57.647000,107.001000,68417.34,88359.53,-0.00002995,0.000000,0.036000,0
2026-03-27 04:09:00,68390.00,68405.90,68257.20,68274.30,754.139000,4382,177.430000,576.709000,68312.60,88365.04,-0.00003129,0.000000,1.422000,0
2026-03-27 04:10:00,68274.30,68316.30,68258.50,68296.00,314.960000,2683,155.267000,159.693000,68284.91,88407.72,-0.00003129,0.000000,0.041000,0
2026-03-27 04:11:00,68296.00,68336.20,68286.60,68300.30,200.995000,1378,133.982000,67.013000,68309.01,88450.21,-0.00003320,0.000000,0.000000,0
2026-03-27 04:12:00,68300.20,68321.90,68289.00,68289.00,107.805000,1078,29.992000,77.813000,68307.70,88458.34,-0.00003351,0.000000,0.000000,0
2026-03-27 04:13:00,68289.10,68347.60,68273.50,68338.20,125.263000,1380,80.731000,44.532000,68308.21,88460.37,-0.00003351,0.005000,0.001000,0
2026-03-27 04:14:00,68338.30,68365.40,68335.30,68365.20,69.517000,809,41.850000,27.667000,68348.30,88461.41,-0.00003376,0.000000,0.000000,0
2026-03-27 04:15:00,68365.30,68368.80,68350.00,68367.90,70.993000,773,41.427000,29.566000,68361.12,88468.99,-0.00003378,0.000000,0.000000,0
2026-03-27 04:16:00,68367.80,68416.30,68367.80,68406.10,178.514000,1220,120.554000,57.960000,68396.05,88474.63,-0.00003378,0.000000,0.000000,0
2026-03-27 04:17:00,68406.10,68415.60,68350.70,68350.70,94.987000,1170,31.220000,63.767000,68395.03,88515.78,-0.00003400,0.000000,0.000000,0
2026-03-27 04:18:00,68350.80,68439.20,68350.70,68432.60,112.468000,984,84.740000,27.728000,68405.48,88503.87,-0.00003403,0.000000,0.000000,0
2026-03-27 04:19:00,68432.60,68433.90,68410.30,68433.90,75.836000,655,31.208000,44.628000,68424.62,88504.88,-0.00003455,0.000000,0.000000,0
2026-03-27 04:20:00,68433.90,68470.90,68433.90,68461.20,71.298000,778,58.059000,13.239000,68460.58,88503.21,-0.00003455,0.011000,0.000000,0
2026-03-27 04:21:00,68461.20,68490.00,68461.10,68490.00,56.587000,671,42.864000,13.723000,68477.52,88490.66,-0.00003476,0.031000,0.000000,0
2026-03-27 04:22:00,68490.00,68530.20,68489.90,68513.50,94.249000,981,66.033000,28.216000,68508.64,88480.46,-0.00003448,0.000000,0.004000,0
2026-03-27 04:23:00,68513.50,68530.00,68509.70,68518.70,50.583000,587,22.859000,27.724000,68519.32,88476.84,-0.00003448,0.000000,0.007000,0
2026-03-27 04:24:00,68518.80,68518.80,68480.00,68490.90,57.945000,543,13.832000,44.113000,68501.09,88475.24,-0.00003394,0.000000,0.000000,0
2026-03-27 04:25:00,68490.90,68503.80,68450.00,68450.10,96.699000,1103,40.823000,55.876000,68484.04,88469.02,-0.00003408,0.000000,0.000000,0
2026-03-27 04:26:00,68450.00,68470.50,68442.30,68467.00,86.342000,892,36.367000,49.975000,68457.29,88487.21,-0.00003483,0.000000,0.000000,0
2026-03-27 04:27:00,68467.00,68482.80,68428.10,68442.40,83.060000,910,25.240000,57.820000,68448.10,88504.55,-0.00003483,0.000000,0.000000,0
2026-03-27 04:28:00,68442.30,68486.30,68442.30,68485.30,52.291000,573,45.630000,6.661000,68471.45,88509.70,-0.00003534,0.000000,0.000000,0
2026-03-27 04:29:00,68485.30,68508.90,68485.30,68508.90,25.107000,323,19.564000,5.543000,68499.54,88514.48,-0.00003523,0.000000,0.000000,0
2026-03-27 04:30:00,68508.90,68508.90,68492.00,68496.30,35.105000,307,15.267000,19.838000,68496.65,88519.62,-0.00003523,0.000000,0.000000,0
2026-03-27 04:31:00,68496.20,68524.80,68463.30,68496.80,112.583000,1057,85.671000,26.912000,68498.10,88533.71,-0.00003480,0.000000,0.000000,0
2026-03-27 04:32:00,68496.90,68496.90,68477.40,68485.60,50.429000,541,30.713000,19.716000,68483.85,88503.52,-0.00003493,0.000000,0.000000,0
2026-03-27 04:33:00,68485.50,68500.00,68471.20,68471.30,55.029000,483,22.295000,32.734000,68488.48,88499.36,-0.00003493,0.000000,0.000000,0
2026-03-27 04:34:00,68471.20,68542.50,68471.20,68522.70,107.231000,1069,88.834000,18.397000,68512.77,88501.06,-0.00003583,0.000000,0.000000,0
2026-03-27 04:35:00,68522.80,68569.60,68522.70,68555.20,89.513000,727,57.194000,32.319000,68553.85,88470.46,-0.00003653,0.026000,0.000000,0
2026-03-27 04:36:00,68555.30,68586.00,68555.20,68564.80,61.365000,631,40.318000,21.047000,68574.96,88452.29,-0.00003649,0.000000,0.000000,0
2026-03-27 04:37:00,68564.90,68582.70,68555.10,68565.10,59.031000,703,38.134000,20.897000,68568.63,88455.99,-0.00003649,0.000000,0.000000,0
2026-03-27 04:38:00,68565.10,68576.90,68565.00,68568.60,37.009000,273,17.540000,19.469000,68572.52,88453.16,-0.00003694,0.000000,0.000000,0
2026-03-27 04:39:00,68568.60,68580.00,68546.30,68546.30,38.833000,506,16.810000,22.023000,68568.03,88457.97,-0.00003764,0.000000,0.000000,0
2026-03-27 04:40:00,68546.40,68567.50,68546.30,68559.70,53.178000,406,38.378000,14.800000,68560.29,88459.47,-0.00003764,0.000000,0.000000,0
2026-03-27 04:41:00,68559.60,68565.70,68550.00,68565.60,20.052000,295,13.698000,6.354000,68555.85,88463.37,-0.00003840,0.000000,0.000000,0
2026-03-27 04:42:00,68565.70,68579.10,68560.90,68565.70,75.078000,375,64.640000,10.438000,68567.21,88468.30,-0.00003891,0.000000,0.000000,0
2026-03-27 04:43:00,68565.80,68565.80,68550.00,68550.00,39.627000,386,20.810000,18.817000,68557.98,88443.82,-0.00003935,0.000000,0.000000,0
2026-03-27 04:44:00,68550.00,68557.60,68536.00,68552.60,46.221000,551,23.973000,22.248000,68545.67,88441.20,-0.00003935,0.000000,0.000000,0
2026-03-27 04:45:00,68552.50,68552.50,68537.70,68543.90,42.227000,408,17.582000,24.645000,68540.74,88442.53,-0.00004017,0.000000,0.157000,0
2026-03-27 04:46:00,68543.90,68570.00,68543.80,68569.90,33.585000,337,24.198000,9.387000,68557.26,88448.01,-0.00004067,0.000000,0.002000,0
2026-03-27 04:47:00,68570.00,68599.20,68570.00,68581.60,49.778000,671,34.983000,14.795000,68585.03,88446.22,-0.00004067,0.000000,0.000000,0
2026-03-27 04:48:00,68581.60,68581.60,68558.10,68565.00,33.348000,332,13.323000,20.025000,68564.26,88453.02,-0.00004105,0.000000,0.000000,0
2026-03-27 04:49:00,68564.90,68565.00,68553.20,68554.70,16.570000,167,12.464000,4.106000,68555.54,88445.96,-0.00004141,0.000000,0.000000,0
2026-03-27 04:50:00,68554.60,68584.70,68554.60,68583.70,55.062000,383,45.993000,9.069000,68575.32,88442.18,-0.00004238,0.004000,0.000000,0
2026-03-27 04:51:00,68583.80,68583.80,68561.60,68566.20,22.923000,280,9.295000,13.628000,68564.03,88455.65,-0.00004238,0.000000,0.000000,0
2026-03-27 04:52:00,68566.20,68576.00,68566.20,68566.30,11.047000,241,5.491000,5.556000,68570.28,88457.69,-0.00004290,0.000000,0.000000,0
2026-03-27 04:53:00,68566.20,68593.20,68566.20,68581.70,53.631000,488,33.760000,19.871000,68580.64,88451.59,-0.00004340,0.000000,0.000000,0
2026-03-27 04:54:00,68581.80,68585.00,68580.00,68580.10,25.177000,162,6.338000,18.839000,68584.28,88462.33,-0.00004340,0.000000,0.000000,0
2026-03-27 04:55:00,68580.00,68580.10,68544.30,68554.00,32.082000,426,12.401000,19.681000,68559.34,88469.48,-0.00004348,0.000000,0.000000,0
2026-03-27 04:56:00,68553.60,68590.00,68553.60,68590.00,22.111000,382,15.481000,6.630000,68567.39,88466.46,-0.00004390,0.000000,0.000000,0
2026-03-27 04:57:00,68590.00,68598.00,68577.30,68579.20,32.873000,361,14.705000,18.168000,68589.43,88462.20,-0.00004406,0.000000,0.000000,0
2026-03-27 04:58:00,68579.30,68585.30,68537.90,68548.20,133.827000,1235,24.193000,109.634000,68562.92,88455.76,-0.00004406,0.000000,0.000000,0
2026-03-27 04:59:00,68548.30,68559.70,68527.00,68547.10,78.134000,708,30.044000,48.090000,68547.31,88412.29,-0.00004372,0.000000,0.000000,0
2026-03-27 05:00:00,68547.00,68550.00,68540.10,68540.20,40.960000,230,10.550000,30.410000,68547.47,88416.21,-0.00004421,0.000000,0.000000,0
2026-03-27 05:01:00,68540.10,68550.00,68524.90,68542.50,110.649000,1207,60.110000,50.539000,68537.70,88409.90,-0.00004421,0.000000,0.000000,0
2026-03-27 05:02:00,68542.50,68552.90,68523.50,68551.00,26.226000,564,14.478000,11.748000,68543.64,88414.22,-0.00004461,0.000000,0.000000,0
2026-03-27 05:03:00,68551.00,68551.10,68529.60,68543.80,23.402000,316,11.129000,12.273000,68537.46,88412.89,-0.00004485,0.000000,0.000000,0
2026-03-27 05:04:00,68543.90,68543.90,68515.90,68515.90,34.680000,349,3.705000,30.975000,68527.26,88416.14,-0.00004504,0.000000,0.000000,0
2026-03-27 05:05:00,68516.00,68542.50,68508.80,68542.40,79.164000,789,46.313000,32.851000,68516.84,88428.31,-0.00004504,0.000000,0.000000,0
2026-03-27 05:06:00,68542.50,68555.00,68515.90,68534.00,240.293000,1065,163.852000,76.441000,68528.51,88547.64,-0.00004562,0.000000,0.000000,0
2026-03-27 05:07:00,68534.00,68547.40,68516.60,68543.90,36.909000,533,19.737000,17.172000,68530.68,88569.40,-0.00004603,0.000000,0.000000,0
2026-03-27 05:08:00,68543.90,68590.00,68543.80,68590.00,44.578000,569,34.341000,10.237000,68577.41,88568.54,-0.00004603,0.000000,0.000000,0
2026-03-27 05:09:00,68589.90,68645.00,68589.90,68628.60,127.874000,1252,104.941000,22.933000,68624.00,88551.77,-0.00004632,0.029000,0.000000,0
2026-03-27 05:10:00,68628.70,68700.00,68628.60,68676.70,142.321000,1075,111.877000,30.444000,68670.76,88557.67,-0.00004589,1.067000,0.000000,0
2026-03-27 05:11:00,68676.60,68719.90,68674.70,68719.80,106.964000,1044,72.364000,34.600000,68704.34,88540.00,-0.00004533,0.034000,0.000000,0
2026-03-27 05:12:00,68719.80,68719.80,68640.70,68684.90,182.736000,1575,59.256000,123.480000,68676.27,88524.60,-0.00004533,0.004000,0.045000,0
2026-03-27 05:13:00,68684.80,68718.30,68673.00,68718.30,65.699000,861,36.180000,29.519000,68692.69,88497.78,-0.00004460,0.000000,0.000000,0
2026-03-27 05:14:00,68718.20,68732.90,68707.80,68732.90,67.564000,803,40.970000,26.594000,68720.02,88502.20,-0.00004473,0.042000,0.000000,0
2026-03-27 05:15:00,68732.90,68796.90,68732.80,68773.60,174.967000,1516,136.283000,38.684000,68771.86,88448.69,-0.00004473,0.039000,0.000000,0
2026-03-27 05:16:00,68773.60,68830.00,68769.80,68824.20,228.342000,1855,148.054000,80.288000,68811.97,88440.87,-0.00004453,0.094000,0.000000,0
2026-03-27 05:17:00,68824.20,68829.00,68793.70,68799.60,106.909000,867,64.702000,42.207000,68807.74,88420.79,-0.00004395,0.000000,0.000000,0
2026-03-27 05:18:00,68799.60,68799.60,68751.70,68758.70,115.838000,954,37.954000,77.884000,68785.67,88422.85,-0.00004423,0.000000,0.000000,0
2026-03-27 05:19:00,68758.60,68772.20,68751.70,68761.40,77.808000,501,27.353000,50.455000,68760.57,88436.04,-0.00004423,0.000000,0.000000,0
2026-03-27 05:20:00,68761.30,68771.60,68740.20,68749.10,56.934000,551,25.480000,31.454000,68757.35,88450.63,-0.00004542,0.000000,0.000000,0
2026-03-27 05:21:00,68749.10,68749.20,68670.10,68687.80,112.554000,1208,29.054000,83.500000,68694.79,88463.18,-0.00004646,0.000000,0.000000,0
2026-03-27 05:22:00,68687.80,68704.20,68659.40,68671.90,87.596000,1026,35.445000,52.151000,68681.13,88498.80,-0.00004646,0.000000,0.000000,0
2026-03-27 05:23:00,68672.00,68687.80,68656.20,68677.60,59.535000,806,38.415000,21.120000,68669.19,88515.45,-0.00004738,0.000000,0.010000,0
2026-03-27 05:24:00,68677.70,68677.70,68640.00,68646.30,34.660000,448,16.652000,18.008000,68652.05,88506.10,-0.00004804,0.000000,0.027000,0
2026-03-27 05:25:00,68646.40,68671.50,68640.00,68646.40,30.401000,528,15.365000,15.036000,68652.51,88506.30,-0.00004862,0.000000,0.000000,0
2026-03-27 05:26:00,68646.50,68646.50,68580.00,68580.00,81.037000,857,20.298000,60.739000,68602.24,88507.61,-0.00004862,0.000000,0.000000,0
2026-03-27 05:27:00,68579.90,68579.90,68546.10,68550.30,104.350000,1163,41.426000,62.924000,68555.67,88526.52,-0.00004955,0.000000,0.097000,0
2026-03-27 05:28:00,68550.20,68585.60,68550.20,68565.90,60.439000,812,42.142000,18.297000,68571.04,88523.89,-0.00005140,0.000000,0.000000,0
2026-03-27 05:29:00,68565.90,68574.80,68546.20,68574.70,40.883000,702,17.074000,23.809000,68557.60,88531.55,-0.00005140,0.000000,0.000000,0
2026-03-27 05:30:00,68574.80,68580.60,68554.90,68562.60,26.123000,406,11.705000,14.418000,68570.18,88529.61,-0.00005191,0.000000,0.003000,0
2026-03-27 05:31:00,68562.50,68572.00,68555.10,68559.90,22.289000,490,11.198000,11.091000,68562.29,88534.72,-0.00005219,0.000000,0.000000,0
2026-03-27 05:32:00,68559.90,68580.00,68546.10,68546.10,44.881000,554,11.438000,33.443000,68566.09,88533.79,-0.00005277,0.000000,0.000000,0
2026-03-27 05:33:00,68546.10,68566.70,68501.90,68506.00,97.278000,1025,28.423000,68.855000,68521.96,88535.77,-0.00005277,0.000000,0.000000,0
2026-03-27 05:34:00,68505.90,68514.60,68453.60,68511.20,189.714000,1506,68.582000,121.132000,68483.60,88575.37,-0.00005333,0.000000,0.062000,0
2026-03-27 05:35:00,68511.20,68544.90,68511.20,68542.60,53.897000,645,36.468000,17.429000,68529.38,88581.65,-0.00005410,0.000000,0.014000,0
2026-03-27 05:36:00,68542.60,68593.80,68542.50,68593.80,37.893000,549,33.476000,4.417000,68576.85,88581.93,-0.00005410,0.000000,0.000000,0
2026-03-27 05:37:00,68593.90,68635.50,68593.80,68625.00,65.997000,870,40.174000,25.823000,68621.17,88560.99,-0.00005349,0.000000,0.000000,0
2026-03-27 05:38:00,68624.90,68668.40,68624.90,68635.60,81.538000,1014,57.158000,24.380000,68655.71,88545.80,-0.00005175,0.000000,0.000000,0
2026-03-27 05:39:00,68635.70,68635.70,68607.00,68607.00,18.918000,488,9.213000,9.705000,68622.15,88550.91,-0.00005089,0.000000,0.000000,0
2026-03-27 05:40:00,68607.10,68622.00,68543.40,68543.40,101.652000,1121,30.575000,71.077000,68577.45,88559.01,-0.00005089,0.000000,0.000000,0
2026-03-27 05:41:00,68543.40,68570.00,68517.70,68542.40,85.555000,1067,68.062000,17.493000,68549.38,88572.64,-0.00005189,0.000000,0.000000,0
2026-03-27 05:42:00,68542.30,68557.30,68513.60,68553.00,37.244000,790,25.230000,12.014000,68539.31,88588.58,-0.00005242,0.000000,0.000000,0
2026-03-27 05:43:00,68552.90,68586.10,68547.50,68578.30,22.812000,490,15.872000,6.940000,68564.38,88592.43,-0.00005242,0.000000,0.000000,0
2026-03-27 05:44:00,68578.30,68598.60,68578.30,68581.70,45.958000,464,34.938000,11.020000,68588.64,88573.87,-0.00005258,0.000000,0.000000,0
2026-03-27 05:45:00,68581.60,68589.50,68564.50,68564.50,23.006000,277,4.405000,18.601000,68580.83,88573.85,-0.00005210,0.000000,0.000000,0
2026-03-27 05:46:00,68564.50,68570.00,68550.00,68569.90,23.717000,464,15.003000,8.714000,68559.36,88583.21,-0.00005193,0.000000,0.000000,0
2026-03-27 05:47:00,68569.90,68570.00,68547.20,68566.30,13.761000,367,5.378000,8.383000,68555.73,88585.69,-0.00005193,0.000000,0.000000,0
2026-03-27 05:48:00,68566.30,68587.10,68566.30,68587.10,23.514000,414,14.204000,9.310000,68573.61,88584.11,-0.00005214,0.000000,0.000000,0
2026-03-27 05:49:00,68587.40,68587.40,68567.20,68567.20,22.264000,389,9.137000,13.127000,68580.91,88582.27,-0.00005218,0.015000,0.000000,0
2026-03-27 05:50:00,68567.20,68572.90,68550.00,68559.30,73.498000,714,55.397000,18.101000,68560.69,88577.76,-0.00005218,0.000000,0.000000,0
2026-03-27 05:51:00,68559.40,68571.30,68533.00,68533.00,37.894000,538,9.855000,28.039000,68558.45,88580.46,-0.00005210,0.000000,0.000000,0
2026-03-27 05:52:00,68533.00,68548.10,68522.90,68526.30,42.886000,468,14.465000,28.421000,68533.12,88576.74,-0.00005238,0.000000,0.000000,0
2026-03-27 05:53:00,68526.30,68562.80,68526.20,68552.40,46.370000,481,39.468000,6.902000,68542.31,88577.38,-0.00005305,0.000000,0.000000,0
2026-03-27 05:54:00,68552.30,68576.60,68552.00,68560.20,20.512000,330,8.502000,12.010000,68563.60,88575.83,-0.00005305,0.000000,0.000000,0
2026-03-27 05:55:00,68560.20,68576.00,68555.60,68563.40,26.038000,458,16.710000,9.328000,68567.23,88574.38,-0.00005328,0.000000,0.000000,0
2026-03-27 05:56:00,68563.40,68577.90,68563.10,68575.40,19.052000,358,12.634000,6.418000,68568.59,88567.71,-0.00005334,0.000000,0.000000,0
2026-03-27 05:57:00,68575.40,68583.50,68569.20,68583.50,13.691000,301,7.178000,6.513000,68575.14,88566.74,-0.00005334,0.000000,0.000000,0
2026-03-27 05:58:00,68583.40,68590.90,68583.40,68588.00,8.654000,268,6.042000,2.612000,68585.98,88566.94,-0.00005358,0.000000,0.000000,0
2026-03-27 05:59:00,68588.10,68593.20,68570.00,68589.60,29.037000,423,8.935000,20.102000,68585.27,88567.43,-0.00005382,0.000000,0.000000,0
2026-03-27 06:00:00,68589.50,68595.20,68585.10,68588.80,16.499000,206,6.269000,10.230000,68591.02,88570.15,-0.00005420,0.000000,0.000000,0
2026-03-27 06:01:00,68588.80,68600.00,68577.50,68598.50,42.809000,595,18.591000,24.218000,68591.54,88575.64,-0.00005420,0.000000,0.000000,0
2026-03-27 06:02:00,68598.50,68598.50,68566.50,68577.40,25.440000,417,6.661000,18.779000,68572.95,88573.46,-0.00005440,0.000000,0.000000,0
2026-03-27 06:03:00,68577.50,68581.40,68563.20,68563.30,15.067000,288,8.247000,6.820000,68573.98,88573.25,-0.00005491,0.000000,0.000000,0
2026-03-27 06:04:00,68563.20,68568.40,68563.20,68568.30,9.191000,159,5.120000,4.071000,68564.35,88572.67,-0.00005491,0.000000,0.000000,0
2026-03-27 06:05:00,68568.30,68588.00,68568.30,68573.60,20.037000,322,9.044000,10.993000,68577.39,88569.54,-0.00005536,0.000000,0.000000,0
2026-03-27 06:06:00,68573.60,68573.60,68530.60,68560.60,37.740000,675,11.023000,26.717000,68552.25,88576.05,-0.00005555,0.000000,0.000000,0
2026-03-27 06:07:00,68560.60,68625.80,68560.50,68612.00,43.413000,750,34.249000,9.164000,68601.10,88572.64,-0.00005607,0.000000,0.000000,0
2026-03-27 06:08:00,68612.10,68655.10,68612.10,68645.50,31.771000,531,21.018000,10.753000,68643.75,88571.86,-0.00005607,0.000000,0.000000,0
2026-03-27 06:09:00,68645.40,68655.80,68639.20,68649.60,20.917000,383,12.614000,8.303000,68648.71,88573.67,-0.00005520,0.000000,0.000000,0
2026-03-27 06:10:00,68649.70,68686.20,68646.20,68677.50,55.751000,656,43.129000,12.622000,68672.54,88577.16,-0.00005451,0.000000,0.000000,0
2026-03-27 06:11:00,68677.50,68717.80,68663.40,68697.30,92.883000,1038,60.894000,31.989000,68696.04,88556.54,-0.00005451,0.024000,0.000000,0
2026-03-27 06:12:00,68697.30,68703.90,68666.60,68666.80,63.699000,626,17.830000,45.869000,68688.35,88553.66,-0.00005399,0.000000,0.000000,0
2026-03-27 06:13:00,68666.70,68666.80,68643.00,68651.80,38.586000,358,5.103000,33.483000,68651.13,88585.88,-0.00005358,0.000000,0.000000,0
2026-03-27 06:14:00,68651.70,68689.10,68651.70,68689.10,23.941000,556,12.252000,11.689000,68664.57,88588.09,-0.00005358,0.000000,0.000000,0
2026-03-27 06:15:00,68689.10,68722.60,68689.10,68714.70,58.024000,732,24.179000,33.845000,68703.54,88587.32,-0.00005432,0.000000,0.000000,0
2026-03-27 06:16:00,68714.70,68722.60,68670.70,68688.10,98.458000,1045,26.962000,71.496000,68691.41,88641.72,-0.00005391,0.000000,0.000000,0
2026-03-27 06:17:00,68688.10,68721.80,68686.90,68687.00,37.955000,596,22.655000,15.300000,68701.45,88654.57,-0.00005377,0.000000,0.000000,0
2026-03-27 06:18:00,68687.00,68696.00,68674.90,68694.10,47.123000,609,10.481000,36.642000,68684.58,88673.95,-0.00005377,0.000000,0.000000,0
2026-03-27 06:19:00,68694.20,68724.80,68694.10,68724.80,22.261000,388,17.641000,4.620000,68709.49,88670.52,-0.00005398,0.000000,0.000000,0
2026-03-27 06:20:00,68724.80,68731.10,68712.60,68722.60,55.155000,416,36.097000,19.058000,68723.28,88653.39,-0.00005419,0.000000,0.000000,0
2026-03-27 06:21:00,68722.50,68737.90,68712.70,68712.70,32.075000,449,14.255000,17.820000,68728.22,88656.40,-0.00005419,0.004000,0.000000,0
2026-03-27 06:22:00,68712.80,68733.50,68706.50,68711.50,40.295000,494,22.790000,17.505000,68718.35,88663.02,-0.00005417,0.000000,0.000000,0
2026-03-27 06:23:00,68711.50,68711.50,68689.90,68693.30,21.554000,289,9.183000,12.371000,68697.41,88667.39,-0.00005454,0.000000,0.000000,0
2026-03-27 06:24:00,68693.40,68704.40,68689.00,68704.40,21.555000,276,12.964000,8.591000,68693.71,88670.32,-0.00005504,0.000000,0.000000,0
2026-03-27 06:25:00,68704.90,68763.70,68704.90,68763.60,67.719000,676,47.852000,19.867000,68745.51,88671.93,-0.00005504,0.031000,0.000000,0
2026-03-27 06:26:00,68763.60,68770.20,68722.10,68725.40,53.942000,793,18.444000,35.498000,68741.28,88666.69,-0.00005530,0.000000,0.000000,0
2026-03-27 06:27:00,68725.40,68742.50,68704.30,68736.50,67.783000,710,49.421000,18.362000,68727.12,88695.12,-0.00005514,0.000000,0.000000,0
2026-03-27 06:28:00,68736.50,68762.70,68736.50,68756.90,23.014000,406,12.456000,10.558000,68754.06,88700.97,-0.00005514,0.000000,0.000000,0
2026-03-27 06:29:00,68756.80,68793.70,68756.80,68785.60,97.391000,816,64.577000,32.814000,68781.33,88705.58,-0.00005574,0.024000,0.000000,0
2026-03-27 06:30:00,68785.70,68811.00,68754.20,68754.30,227.029000,1034,33.137000,193.892000,68776.25,88709.96,-0.00005558,0.000000,0.000000,0
2026-03-27 06:31:00,68754.30,68793.30,68743.20,68763.90,129.312000,1193,69.885000,59.427000,68767.55,88776.62,-0.00005558,0.000000,0.000000,0
2026-03-27 06:32:00,68763.90,68768.60,68747.60,68747.70,50.289000,469,25.052000,25.237000,68759.60,88777.88,-0.00005530,0.000000,0.000000,0
2026-03-27 06:33:00,68747.70,68768.50,68712.30,68717.60,94.877000,953,29.080000,65.797000,68732.91,88791.08,-0.00005559,0.000000,0.000000,0
2026-03-27 06:34:00,68717.70,68724.00,68702.60,68711.40,18.543000,390,8.218000,10.325000,68712.50,88791.12,-0.00005601,0.000000,0.000000,0
2026-03-27 06:35:00,68711.40,68758.20,68710.90,68758.20,66.903000,652,46.453000,20.450000,68730.12,88799.46,-0.00005601,0.000000,0.000000,0
2026-03-27 06:36:00,68758.20,68774.60,68733.20,68762.10,57.800000,911,32.790000,25.010000,68755.69,88801.98,-0.00005637,0.000000,0.000000,0
2026-03-27 06:37:00,68761.80,68765.30,68759.20,68762.70,8.100000,163,4.687000,3.413000,68760.93,88802.10,-0.00005650,0.000000,0.000000,0
2026-03-27 06:38:00,68762.70,68765.30,68738.40,68738.40,21.600000,355,6.852000,14.748000,68755.71,88799.79,-0.00005650,0.000000,0.000000,0
2026-03-27 06:39:00,68738.40,68747.10,68723.00,68726.50,18.160000,392,7.128000,11.032000,68733.98,88806.05,-0.00005666,0.000000,0.062000,0
2026-03-27 06:40:00,68726.50,68729.80,68702.60,68702.60,28.408000,325,7.219000,21.189000,68718.77,88808.12,-0.00005696,0.000000,0.000000,0
2026-03-27 06:41:00,68702.60,68728.60,68692.30,68728.50,32.530000,511,16.240000,16.290000,68710.87,88816.17,-0.00005758,0.000000,0.000000,0
2026-03-27 06:42:00,68728.50,68730.30,68707.20,68707.30,24.529000,280,6.993000,17.536000,68720.88,88819.74,-0.00005758,0.000000,0.000000,0
2026-03-27 06:43:00,68707.30,68732.30,68702.30,68732.30,15.850000,326,12.686000,3.164000,68718.09,88819.74,-0.00005792,0.000000,0.000000,0
2026-03-27 06:44:00,68732.20,68732.30,68716.10,68716.20,29.058000,304,18.806000,10.252000,68726.39,88822.43,-0.00005823,0.000000,0.000000,0
2026-03-27 06:45:00,68716.10,68716.20,68700.00,68702.90,22.039000,265,9.508000,12.531000,68706.44,88824.61,-0.00005823,0.000000,0.000000,0
2026-03-27 06:46:00,68702.90,68702.90,68634.60,68637.30,72.487000,810,10.039000,62.448000,68667.09,88827.35,-0.00005817,0.000000,0.000000,0
2026-03-27 06:47:00,68637.40,68688.10,68637.30,68677.20,49.846000,613,35.552000,14.294000,68660.04,88815.16,-0.00005869,0.000000,0.000000,0
2026-03-27 06:48:00,68677.20,68682.50,68610.00,68626.60,68.749000,859,41.199000,27.550000,68648.42,88809.82,-0.00005891,0.000000,0.092000,0
2026-03-27 06:49:00,68626.60,68653.30,68626.60,68642.10,34.169000,373,15.872000,18.297000,68645.52,88803.03,-0.00005891,0.000000,0.000000,0
2026-03-27 06:50:00,68642.10,68666.40,68639.20,68666.30,47.100000,439,31.732000,15.368000,68651.99,88801.30,-0.00005909,0.000000,0.000000,0
2026-03-27 06:51:00,68666.40,68674.90,68665.70,68674.80,19.474000,227,15.060000,4.414000,68669.51,88797.43,-0.00005901,0.000000,0.000000,0
2026-03-27 06:52:00,68674.70,68674.80,68666.40,68668.70,22.917000,195,11.056000,11.861000,68671.11,88798.21,-0.00005901,0.000000,0.000000,0
2026-03-27 06:53:00,68668.70,68668.70,68666.00,68666.10,16.659000,105,6.517000,10.142000,68667.02,88802.60,-0.00005878,0.000000,0.000000,0
2026-03-27 06:54:00,68666.10,68672.80,68654.10,68661.60,39.361000,299,18.684000,20.677000,68663.82,88803.35,-0.00005875,0.000000,0.000000,0
2026-03-27 06:55:00,68661.50,68683.30,68661.50,68672.90,27.142000,315,21.175000,5.967000,68673.35,88804.70,-0.00005887,0.000000,0.000000,0
2026-03-27 06:56:00,68672.90,68672.90,68636.50,68667.70,86.375000,587,15.017000,71.358000,68655.49,88779.40,-0.00005887,0.000000,0.000000,0
2026-03-27 06:57:00,68667.80,68677.40,68666.10,68666.20,39.601000,359,17.733000,21.868000,68670.70,88780.63,-0.00005859,0.000000,0.000000,0
2026-03-27 06:58:00,68666.10,68666.20,68655.40,68655.60,17.809000,186,5.351000,12.458000,68658.58,88783.66,-0.00005820,0.000000,0.000000,0
2026-03-27 06:59:00,68655.50,68655.60,68600.00,68610.20,66.911000,653,14.573000,52.338000,68616.73,88780.98,-0.00005820,0.000000,0.000000,0
2026-03-27 07:00:00,68610.30,68631.60,68601.50,68621.50,60.308000,473,42.062000,18.246000,68616.46,88776.53,-0.00005817,0.000000,0.000000,0
2026-03-27 07:01:00,68621.50,68647.20,68619.30,68624.80,69.311000,639,44.617000,24.694000,68630.05,88757.57,-0.00005863,0.000000,0.000000,0
2026-03-27 07:02:00,68624.80,68654.00,68624.70,68646.00,24.691000,376,19.390000,5.301000,68645.91,88750.31,-0.00005861,0.000000,0.000000,0
2026-03-27 07:03:00,68646.10,68653.50,68632.40,68647.00,28.576000,340,18.199000,10.377000,68648.05,88742.95,-0.00005861,0.000000,0.000000,0
2026-03-27 07:04:00,68647.00,68651.00,68629.40,68629.40,16.568000,284,6.619000,9.949000,68646.86,88740.34,-0.00005839,0.000000,0.000000,0
2026-03-27 07:05:00,68629.50,68659.20,68629.40,68648.50,52.835000,381,30.915000,21.920000,68649.71,88740.48,-0.00005810,0.000000,0.000000,0
2026-03-27 07:06:00,68648.60,68659.50,68648.50,68658.00,17.516000,278,13.304000,4.212000,68654.74,88741.59,-0.00005810,0.000000,0.000000,0
2026-03-27 07:07:00,68658.00,68658.00,68627.60,68638.10,46.084000,408,6.493000,39.591000,68638.65,88738.46,-0.00005796,0.000000,0.000000,0
2026-03-27 07:08:00,68638.10,68640.00,68605.70,68605.80,64.295000,536,17.870000,46.425000,68621.04,88748.60,-0.00005775,0.000000,0.000000,0
2026-03-27 07:09:00,68605.80,68620.00,68586.10,68586.20,61.218000,597,16.837000,44.381000,68601.87,88742.46,-0.00005794,0.000000,0.000000,0
2026-03-27 07:10:00,68586.10,68586.20,68570.00,68579.20,59.154000,601,23.845000,35.309000,68578.84,88741.39,-0.00005794,0.000000,0.000000,0
2026-03-27 07:11:00,68579.10,68620.00,68576.90,68619.80,39.636000,464,20.662000,18.974000,68599.16,88737.10,-0.00005850,0.000000,0.000000,0
2026-03-27 07:12:00,68619.80,68782.50,68619.80,68764.90,111.549000,1652,95.260000,16.289000,68717.17,88744.30,-0.00005822,0.025000,0.000000,0
2026-03-27 07:13:00,68765.00,68838.00,68764.60,68826.20,368.411000,2073,249.596000,118.815000,68802.25,88738.15,-0.00005822,0.025000,0.000000,0
2026-03-27 07:14:00,68826.20,68882.90,68781.80,68790.20,497.617000,3251,339.681000,157.936000,68841.53,88585.99,-0.00005676,1.371000,0.000000,0
2026-03-27 07:15:00,68790.20,68823.20,68783.30,68823.20,73.801000,541,48.912000,24.889000,68796.86,88649.54,-0.00005568,0.000000,0.000000,0
2026-03-27 07:16:00,68823.20,68832.10,68774.60,68774.80,85.604000,842,23.200000,62.404000,68801.45,88644.81,-0.00005573,0.000000,0.000000,0
2026-03-27 07:17:00,68774.70,68811.00,68770.10,68790.30,98.279000,972,56.519000,41.760000,68788.71,88649.02,-0.00005573,0.000000,0.000000,0
2026-03-27 07:18:00,68790.20,68799.50,68770.00,68799.50,112.935000,778,28.022000,84.913000,68788.15,88631.07,-0.00005545,0.059000,0.000000,0
2026-03-27 07:19:00,68799.50,68849.10,68795.80,68840.10,79.261000,744,59.642000,19.619000,68827.72,88624.83,-0.00005542,0.000000,0.000000,0
2026-03-27 07:20:00,68840.00,68903.00,68840.00,68878.70,268.666000,1727,179.475000,89.191000,68885.55,88587.93,-0.00005542,0.225000,0.000000,0
2026-03-27 07:21:00,68878.70,68925.00,68878.60,68907.50,128.041000,1273,71.878000,56.163000,68907.82,88619.26,-0.00005435,0.074000,0.003000,0
2026-03-27 07:22:00,68907.40,68910.90,68880.40,68880.40,106.856000,845,47.664000,59.192000,68900.72,88620.11,-0.00005397,0.000000,0.000000,0
2026-03-27 07:23:00,68880.30,68884.20,68847.40,68869.10,147.397000,1147,47.272000,100.125000,68864.52,88584.31,-0.00005382,0.000000,0.000000,0
2026-03-27 07:24:00,68869.20,68877.20,68842.80,68847.20,72.028000,862,27.458000,44.570000,68857.45,88597.35,-0.00005382,0.000000,0.000000,0
2026-03-27 07:25:00,68847.10,68851.00,68841.60,68841.60,52.881000,341,20.536000,32.345000,68847.66,88603.94,-0.00005386,0.000000,0.000000,0
2026-03-27 07:26:00,68841.70,68883.10,68840.00,68871.70,50.326000,688,34.968000,15.358000,68857.25,88615.14,-0.00005407,0.000000,0.023000,0
2026-03-27 07:27:00,68871.70,68871.70,68845.50,68845.50,35.381000,467,13.597000,21.784000,68862.64,88620.46,-0.00005407,0.000000,0.000000,0
2026-03-27 07:28:00,68845.50,68880.00,68843.40,68880.00,38.117000,421,26.463000,11.654000,68861.21,88628.34,-0.00005395,0.000000,0.000000,0
2026-03-27 07:29:00,68880.00,68906.30,68863.70,68899.90,74.994000,857,48.251000,26.743000,68887.23,88632.76,-0.00005404,0.000000,0.000000,0
2026-03-27 07:30:00,68899.90,68911.10,68883.70,68883.80,49.161000,425,14.741000,34.420000,68895.98,88634.18,-0.00005361,0.000000,0.000000,0
2026-03-27 07:31:00,68883.70,68918.00,68883.70,68886.60,91.820000,760,56.792000,35.028000,68901.30,88649.44,-0.00005361,0.000000,0.000000,0
2026-03-27 07:32:00,68886.70,68900.00,68867.00,68890.20,108.391000,693,63.987000,44.404000,68884.17,88668.66,-0.00005355,0.000000,0.000000,0
2026-03-27 07:33:00,68890.30,68900.80,68867.10,68867.10,111.476000,827,45.358000,66.118000,68891.96,88712.94,-0.00005395,0.000000,0.000000,0
2026-03-27 07:34:00,68867.10,68867.10,68758.60,68772.00,167.402000,1445,47.591000,119.811000,68800.86,88733.79,-0.00005395,0.000000,0.000000,0
2026-03-27 07:35:00,68771.90,68774.10,68705.60,68723.30,238.111000,1760,100.098000,138.013000,68735.00,88739.65,-0.00005404,0.000000,0.002000,0
2026-03-27 07:36:00,68723.20,68723.30,68690.00,68697.00,150.073000,706,82.681000,67.392000,68699.05,88732.67,-0.00005531,0.000000,0.000000,0
2026-03-27 07:37:00,68697.00,68718.90,68685.00,68701.40,144.352000,851,87.246000,57.106000,68698.46,88744.58,-0.00005531,0.000000,0.000000,0
2026-03-27 07:38:00,68701.40,68701.50,68650.00,68654.40,110.289000,711,48.819000,61.470000,68676.50,88755.36,-0.00005559,0.008000,0.042000,0
2026-03-27 07:39:00,68654.50,68680.00,68638.00,68660.60,135.513000,1039,77.796000,57.717000,68652.89,88765.53,-0.00005563,0.000000,0.013000,0
2026-03-27 07:40:00,68660.40,68662.70,68614.30,68623.90,145.814000,915,53.936000,91.878000,68637.42,88775.59,-0.00005616,0.000000,0.006000,0
2026-03-27 07:41:00,68623.90,68633.50,68482.80,68556.00,851.901000,4070,276.848000,575.053000,68544.20,88825.40,-0.00005616,0.000000,0.517000,0
2026-03-27 07:42:00,68556.10,68603.60,68556.00,68559.60,245.828000,1713,166.385000,79.443000,68574.30,88732.36,-0.00005668,0.000000,0.000000,0
2026-03-27 07:43:00,68559.70,68585.60,68559.60,68576.70,114.670000,570,79.644000,35.026000,68571.01,88758.48,-0.00005769,0.000000,0.000000,0
2026-03-27 07:44:00,68576.60,68597.90,68563.00,68588.10,125.120000,1045,74.521000,50.599000,68585.26,88769.64,-0.00005769,0.000000,0.000000,0
2026-03-27 07:45:00,68588.00,68588.10,68562.50,68562.60,81.400000,385,36.890000,44.510000,68576.95,88773.36,-0.00005800,0.000000,0.000000,0
2026-03-27 07:46:00,68562.50,68585.20,68545.00,68550.00,167.050000,1103,91.844000,75.206000,68567.25,88791.33,-0.00005815,0.000000,0.002000,0
2026-03-27 07:47:00,68550.00,68581.70,68549.00,68570.10,150.862000,960,77.845000,73.017000,68566.58,88816.22,-0.00005829,0.000000,0.000000,0
2026-03-27 07:48:00,68570.10,68590.00,68539.90,68554.20,151.360000,1004,63.723000,87.637000,68560.13,88832.50,-0.00005829,0.000000,0.049000,0
2026-03-27 07:49:00,68554.20,68554.20,68513.00,68513.00,89.734000,615,37.530000,52.204000,68540.69,88853.37,-0.00005818,0.000000,0.000000,0
2026-03-27 07:50:00,68513.10,68567.90,68502.00,68553.60,183.281000,1083,116.700000,66.581000,68536.62,88851.60,-0.00005859,0.000000,0.076000,0
2026-03-27 07:51:00,68553.60,68590.00,68553.50,68583.00,147.086000,717,91.580000,55.506000,68574.04,88827.31,-0.00005859,0.000000,0.000000,0
2026-03-27 07:52:00,68582.90,68583.00,68538.10,68538.20,100.320000,642,48.091000,52.229000,68555.18,88831.19,-0.00005903,0.000000,0.000000,0
2026-03-27 07:53:00,68538.10,68543.10,68517.40,68543.10,137.896000,668,84.202000,53.694000,68531.69,88853.03,-0.00005900,0.000000,0.000000,0
2026-03-27 07:54:00,68543.00,68571.00,68532.50,68548.10,89.469000,718,46.962000,42.507000,68550.31,88867.34,-0.00005959,0.000000,0.000000,0
2026-03-27 07:55:00,68548.10,68599.00,68548.00,68567.80,206.377000,1078,131.556000,74.821000,68579.10,88900.16,-0.00005959,0.000000,0.000000,0
2026-03-27 07:56:00,68567.90,68567.90,68506.20,68508.90,104.646000,710,32.441000,72.205000,68533.67,88922.89,-0.00005958,0.000000,0.002000,0
2026-03-27 07:57:00,68509.00,68524.50,68448.10,68451.60,235.507000,1478,64.864000,170.643000,68483.41,88953.95,-0.00005996,0.000000,0.352000,0
2026-03-27 07:58:00,68451.50,68478.50,68451.50,68472.60,206.398000,838,130.409000,75.989000,68466.67,89015.18,-0.00005996,0.000000,0.000000,0
2026-03-27 07:59:00,68472.70,68482.70,68416.50,68449.80,282.012000,1672,127.340000,154.672000,68448.02,89068.69,-0.00006144,0.000000,0.016000,0
2026-03-27 08:00:00,68449.70,68513.80,68432.10,68501.20,262.607000,1378,175.349000,87.258000,68468.05,89068.75,-0.00006265,0.000000,0.000000,0
2026-03-27 08:01:00,68501.30,68508.70,68445.70,68479.80,142.733000,1237,63.158000,79.575000,68473.06,89033.99,-0.00006298,0.000000,0.000000,0
2026-03-27 08:02:00,68479.70,68619.90,68474.90,68514.40,394.639000,3326,312.205000,82.434000,68558.49,89052.78,-0.00006298,0.000000,0.000000,0
2026-03-27 08:03:00,68513.90,68525.10,68492.30,68511.90,148.628000,1694,86.315000,62.313000,68510.24,88995.15,-0.00006331,0.000000,0.000000,0
2026-03-27 08:04:00,68511.80,68562.40,68475.90,68561.00,180.245000,1475,79.231000,101.014000,68508.35,89019.39,-0.00006320,0.000000,0.000000,0
2026-03-27 08:05:00,68560.90,68594.90,68548.00,68550.00,89.956000,1201,53.932000,36.024000,68574.74,89013.54,-0.00006320,0.000000,0.000000,0
2026-03-27 08:06:00,68550.10,68550.10,68480.00,68490.40,74.111000,1070,38.280000,35.831000,68517.99,89015.86,-0.00006296,0.000000,0.000000,0
2026-03-27 08:07:00,68490.50,68534.60,68490.40,68523.10,45.663000,860,23.939000,21.724000,68517.99,89016.20,-0.00006325,0.000000,0.000000,0
2026-03-27 08:08:00,68523.10,68523.10,68473.90,68490.00,61.399000,909,15.978000,45.421000,68499.48,89017.60,-0.00006325,0.000000,0.011000,0
2026-03-27 08:09:00,68489.90,68509.30,68474.80,68480.30,84.498000,1014,45.726000,38.772000,68489.58,89017.84,-0.00006360,0.000000,0.000000,0
2026-03-27 08:10:00,68480.10,68480.10,68437.90,68454.30,79.257000,644,28.977000,50.280000,68451.32,89025.00,-0.00006403,0.000000,0.044000,0
2026-03-27 08:11:00,68454.40,68462.40,68415.00,68415.00,123.234000,1102,38.047000,85.187000,68433.28,89037.01,-0.00006473,0.000000,0.020000,0
2026-03-27 08:12:00,68414.90,68465.20,68410.10,68444.70,152.731000,1358,77.140000,75.591000,68438.04,89026.85,-0.00006573,0.000000,0.006000,0
2026-03-27 08:13:00,68444.70,68458.10,68426.40,68449.50,100.558000,868,51.348000,49.210000,68441.69,89052.11,-0.00006573,0.000000,0.000000,0
2026-03-27 08:14:00,68449.40,68472.80,68444.20,68452.80,58.106000,737,24.674000,33.432000,68461.03,89061.92,-0.00006604,0.000000,0.000000,0
2026-03-27 08:15:00,68452.90,68462.10,68426.40,68429.50,59.075000,692,24.124000,34.951000,68444.42,89061.04,-0.00006631,0.000000,0.000000,0
2026-03-27 08:16:00,68429.40,68476.20,68410.50,68472.50,119.067000,1351,61.509000,57.558000,68437.69,89062.30,-0.00006653,0.000000,0.000000,0
2026-03-27 08:17:00,68472.50,68472.50,68350.20,68409.90,345.293000,2597,70.346000,274.947000,68387.58,89068.75,-0.00006653,0.000000,0.127000,0
2026-03-27 08:18:00,68410.00,68438.80,68353.80,68362.00,154.036000,1670,64.075000,89.961000,68396.39,89040.58,-0.00006687,0.000000,0.006000,0
2026-03-27 08:19:00,68362.00,68382.20,68330.00,68333.90,198.418000,1775,59.141000,139.277000,68354.40,89030.46,-0.00006699,0.000000,2.262000,0
2026-03-27 08:20:00,68333.90,68364.50,68329.40,68338.10,99.847000,1217,44.834000,55.013000,68341.43,89035.42,-0.00006737,0.000000,0.026000,0
2026-03-27 08:21:00,68338.00,68338.10,68310.00,68319.50,158.967000,1085,57.539000,101.428000,68322.80,89046.26,-0.00006737,0.002000,0.664000,0
2026-03-27 08:22:00,68319.50,68371.10,68319.40,68363.70,121.735000,1358,62.986000,58.749000,68346.65,89050.74,-0.00006793,0.000000,0.002000,0
2026-03-27 08:23:00,68363.80,68381.90,68346.30,68361.90,68.579000,1099,25.391000,43.188000,68357.85,89055.58,-0.00006858,0.000000,0.000000,0
2026-03-27 08:24:00,68361.90,68361.90,68295.10,68301.00,305.077000,1137,39.372000,265.705000,68312.61,88989.48,-0.00006861,0.000000,0.101000,0
2026-03-27 08:25:00,68301.00,68339.50,68288.10,68339.50,162.289000,1090,76.102000,86.187000,68319.87,88983.89,-0.00006892,0.000000,0.003000,0
2026-03-27 08:26:00,68339.40,68354.80,68319.80,68336.10,111.199000,1168,47.687000,63.512000,68336.17,89032.04,-0.00006892,0.000000,0.000000,0
2026-03-27 08:27:00,68336.10,68361.60,68336.00,68354.50,66.655000,868,43.910000,22.745000,68347.53,89033.05,-0.00006916,0.000000,0.013000,0
2026-03-27 08:28:00,68354.50,68354.50,68294.20,68294.30,130.738000,1000,15.239000,115.499000,68309.65,89033.32,-0.00006935,0.000000,0.000000,0
2026-03-27 08:29:00,68294.30,68303.10,68220.00,68233.80,286.863000,2058,80.632000,206.231000,68252.89,89034.57,-0.00006984,0.000000,1.008000,0
2026-03-27 08:30:00,68233.90,68233.90,68181.00,68200.90,431.522000,2104,108.084000,323.438000,68204.35,89050.84,-0.00006984,0.000000,0.189000,0
2026-03-27 08:31:00,68201.00,68268.80,68181.00,68212.20,251.228000,2250,154.088000,97.140000,68218.81,89059.12,-0.00007085,0.000000,0.012000,0
2026-03-27 08:32:00,68212.30,68239.40,68194.60,68207.50,95.338000,1182,42.341000,52.997000,68213.83,89074.26,-0.00007083,0.000000,0.000000,0
2026-03-27 08:33:00,68207.40,68233.60,68188.00,68233.60,106.694000,1192,61.981000,44.713000,68205.98,89089.40,-0.00007074,0.000000,0.000000,0
2026-03-27 08:34:00,68233.60,68250.10,68233.50,68244.30,75.549000,711,55.270000,20.279000,68240.47,89060.10,-0.00007074,0.000000,0.000000,0
2026-03-27 08:35:00,68244.20,68244.30,68170.80,68195.30,137.033000,1385,64.049000,72.984000,68204.05,89055.52,-0.00007051,0.000000,0.226000,0
2026-03-27 08:36:00,68195.40,68209.10,67836.60,67899.90,2817.880000,11414,824.864000,1993.016000,67956.79,89067.46,-0.00007013,0.000000,0.478000,0
2026-03-27 08:37:00,67900.00,67900.00,67666.70,67786.40,2117.263000,13389,724.860000,1392.403000,67765.68,88635.34,-0.00007067,0.000000,5.461000,0
2026-03-27 08:38:00,67786.50,67786.50,67673.20,67726.70,758.208000,6004,316.084000,442.124000,67716.56,88655.15,-0.00007067,0.000000,0.180000,0
2026-03-27 08:39:00,67726.80,67726.80,67560.00,67622.00,993.839000,6371,371.485000,622.354000,67625.95,88626.75,-0.00007359,0.000000,2.914000,0
2026-03-27 08:40:00,67622.00,67668.10,67566.40,67637.90,867.640000,5173,366.368000,501.272000,67627.52,88855.53,-0.00007644,0.000000,0.046000,0
2026-03-27 08:41:00,67637.80,67656.40,67577.10,67642.70,627.436000,4532,249.893000,377.543000,67615.73,89071.93,-0.00007688,0.000000,5.506000,0
2026-03-27 08:42:00,67642.80,67752.40,67641.70,67730.80,577.488000,3223,366.070000,211.418000,67704.45,89119.48,-0.00007688,0.006000,0.000000,0
2026-03-27 08:43:00,67730.90,67753.20,67716.20,67720.20,300.804000,1739,172.056000,128.748000,67737.79,89176.35,-0.00007704,0.000000,0.014000,0
2026-03-27 08:44:00,67720.10,67790.60,67720.00,67786.60,287.774000,2058,164.667000,123.107000,67762.22,89203.28,-0.00007674,0.289000,0.000000,0
2026-03-27 08:45:00,67786.60,67790.60,67749.50,67780.50,231.055000,1844,133.558000,97.497000,67769.13,89224.87,-0.00007696,0.000000,0.000000,0
2026-03-27 08:46:00,67780.40,67824.20,67768.10,67790.20,308.642000,2291,158.575000,150.067000,67800.99,89258.34,-0.00007696,0.014000,0.000000,0
2026-03-27 08:47:00,67790.10,67790.20,67739.40,67739.40,216.723000,1801,85.957000,130.766000,67762.06,89287.74,-0.00007735,0.000000,0.000000,0
2026-03-27 08:48:00,67739.50,67755.90,67720.00,67747.40,219.485000,1733,65.342000,154.143000,67735.36,89350.68,-0.00007782,0.000000,0.000000,0
2026-03-27 08:49:00,67747.40,67839.40,67737.60,67836.80,122.265000,1516,89.914000,32.351000,67784.11,89357.39,-0.00007862,0.000000,0.000000,0
2026-03-27 08:50:00,67836.90,67842.20,67800.00,67806.20,162.941000,1246,70.949000,91.992000,67825.98,89348.44,-0.00007862,0.010000,0.000000,0
2026-03-27 08:51:00,67806.30,67852.70,67796.60,67850.20,242.823000,1451,180.094000,62.729000,67838.93,89262.34,-0.00007806,0.000000,0.000000,0
2026-03-27 08:52:00,67850.20,67938.00,67850.10,67915.90,256.863000,1961,172.351000,84.512000,67904.50,89225.10,-0.00007812,0.102000,0.000000,0
2026-03-27 08:53:00,67916.00,68030.00,67915.90,67929.70,1015.745000,3262,595.024000,420.721000,67981.56,89283.24,-0.00007788,0.233000,0.000000,0
2026-03-27 08:54:00,67929.80,67942.80,67912.80,67933.20,143.462000,1273,77.860000,65.602000,67925.25,89280.46,-0.00007788,0.000000,0.000000,0
2026-03-27 08:55:00,67933.10,67962.00,67922.70,67924.80,109.453000,1030,59.543000,49.910000,67938.16,89278.53,-0.00007789,0.000000,0.000000,0
2026-03-27 08:56:00,67924.80,67939.10,67908.20,67908.30,91.684000,1018,50.347000,41.337000,67924.10,89280.26,-0.00007817,0.000000,0.000000,0
2026-03-27 08:57:00,67908.30,67924.40,67908.20,67914.10,107.906000,780,64.891000,43.015000,67916.34,89287.50,-0.00007881,0.000000,0.000000,0
2026-03-27 08:58:00,67914.10,67941.30,67914.00,67931.10,65.640000,802,51.557000,14.083000,67923.12,89299.39,-0.00007881,0.000000,0.002000,0
2026-03-27 08:59:00,67931.00,67938.90,67877.30,67879.90,203.671000,1230,51.613000,152.058000,67899.01,89338.84,-0.00007929,0.000000,0.000000,0
2026-03-27 09:00:00,67880.00,67905.30,67866.40,67876.70,83.167000,888,52.607000,30.560000,67885.02,89338.39,-0.00007939,0.000000,0.000000,0
2026-03-27 09:01:00,67876.70,67885.40,67837.10,67883.30,352.738000,2483,167.402000,185.336000,67856.13,89298.39,-0.00007965,0.000000,0.000000,0
2026-03-27 09:02:00,67883.30,67906.60,67847.50,67847.50,291.852000,1400,139.433000,152.419000,67895.94,89212.49,-0.00007965,0.000000,0.000000,0
2026-03-27 09:03:00,67847.50,67886.20,67804.50,67815.40,344.949000,2364,211.767000,133.182000,67850.15,89338.66,-0.00007957,0.000000,0.000000,0
2026-03-27 09:04:00,67815.50,67833.80,67772.80,67779.90,222.538000,2088,52.107000,170.431000,67807.30,89448.29,-0.00007923,0.000000,0.002000,0
2026-03-27 09:05:00,67779.90,67811.00,67745.70,67789.10,323.152000,2041,206.271000,116.881000,67765.44,89557.28,-0.00007937,0.000000,0.000000,0
2026-03-27 09:06:00,67789.00,67789.00,67723.00,67730.40,134.925000,1213,32.238000,102.687000,67747.25,89554.97,-0.00007937,0.000000,0.071000,0
2026-03-27 09:07:00,67730.50,67730.50,67666.80,67687.20,315.173000,2079,111.994000,203.179000,67689.01,89623.82,-0.00007979,0.000000,0.934000,0
2026-03-27 09:08:00,67687.10,67716.90,67680.60,67700.20,170.736000,1148,73.345000,97.391000,67701.19,89610.68,-0.00008077,0.000000,0.000000,0
2026-03-27 09:09:00,67700.20,67741.30,67700.10,67712.90,111.996000,1104,80.264000,31.732000,67723.31,89615.79,-0.00008098,0.000000,0.000000,0
2026-03-27 09:10:00,67713.00,67713.00,67621.50,67641.00,306.058000,2036,104.073000,201.985000,67666.70,89668.51,-0.00008088,0.000000,0.148000,0
2026-03-27 09:11:00,67640.50,67679.30,67622.90,67636.70,193.560000,1489,136.732000,56.828000,67640.50,89739.48,-0.00008088,0.000000,1.534000,0
2026-03-27 09:12:00,67636.60,67636.60,67500.20,67634.90,769.410000,4101,234.308000,535.102000,67559.16,89636.32,-0.00008169,0.000000,0.270000,0
2026-03-27 09:13:00,67634.80,67700.00,67630.00,67700.00,210.013000,1701,106.610000,103.403000,67663.19,89647.57,-0.00008226,0.197000,0.000000,0
2026-03-27 09:14:00,67700.00,67750.70,67686.20,67740.90,244.223000,2085,156.803000,87.420000,67719.86,89654.79,-0.00008204,0.000000,0.000000,0
2026-03-27 09:15:00,67741.00,67756.50,67703.30,67710.00,135.876000,1293,65.667000,70.209000,67737.59,89665.84,-0.00008204,0.000000,0.000000,0
2026-03-27 09:16:00,67709.90,67789.30,67700.60,67789.30,232.602000,1738,178.826000,53.776000,67747.00,89615.33,-0.00008178,0.000000,0.000000,0
2026-03-27 09:17:00,67789.20,67812.50,67755.40,67770.50,136.110000,1628,72.167000,63.943000,67782.11,89618.15,-0.00008199,0.043000,0.000000,0
2026-03-27 09:18:00,67770.60,67786.00,67770.50,67786.00,54.410000,686,38.188000,16.222000,67781.19,89626.91,-0.00008232,0.000000,0.000000,0
2026-03-27 09:19:00,67786.00,67786.00,67740.00,67785.90,108.387000,1233,34.282000,74.105000,67762.55,89658.61,-0.00008232,0.000000,0.000000,0
2026-03-27 09:20:00,67786.00,67826.50,67785.90,67815.70,107.407000,1034,71.360000,36.047000,67804.49,89672.76,-0.00008261,0.000000,0.000000,0
2026-03-27 09:21:00,67815.70,67850.10,67803.30,67822.40,200.033000,1155,116.694000,83.339000,67832.69,89699.33,-0.00008286,0.000000,0.000000,0
2026-03-27 09:22:00,67822.40,67854.40,67804.70,67804.70,86.902000,1215,57.742000,29.160000,67832.11,89694.05,-0.00008323,0.000000,0.000000,0
2026-03-27 09:23:00,67804.60,67849.00,67799.20,67825.90,53.970000,744,29.133000,24.837000,67817.99,89690.11,-0.00008323,0.000000,0.000000,0
2026-03-27 09:24:00,67826.00,67839.20,67804.30,67804.30,58.128000,779,35.786000,22.342000,67824.75,89669.34,-0.00008340,0.000000,0.000000,0
2026-03-27 09:25:00,67804.30,67833.20,67804.30,67822.20,38.829000,566,17.974000,20.855000,67824.16,89672.41,-0.00008360,0.000000,0.000000,0
2026-03-27 09:26:00,67822.20,67888.00,67822.10,67887.30,94.731000,850,71.044000,23.687000,67858.69,89670.61,-0.00008402,0.000000,0.000000,0
2026-03-27 09:27:00,67887.40,67909.40,67868.90,67909.40,83.915000,940,57.796000,26.119000,67894.71,89667.75,-0.00008402,1.394000,0.000000,0
2026-03-27 09:28:00,67909.40,67912.10,67900.00,67906.90,73.236000,580,38.532000,34.704000,67906.14,89671.65,-0.00008382,0.000000,0.000000,0
2026-03-27 09:29:00,67906.90,67909.30,67870.10,67874.30,63.231000,610,30.140000,33.091000,67883.90,89677.63,-0.00008335,0.000000,0.000000,0
2026-03-27 09:30:00,67874.20,67901.60,67869.40,67901.60,106.267000,700,89.147000,17.120000,67887.62,89697.09,-0.00008367,0.000000,0.000000,0
2026-03-27 09:31:00,67901.50,67905.50,67866.80,67882.30,235.227000,1105,28.951000,206.276000,67897.19,89723.34,-0.00008367,0.000000,0.000000,0
2026-03-27 09:32:00,67882.30,67882.40,67800.10,67808.30,144.245000,1212,41.184000,103.061000,67834.41,89723.34,-0.00008388,0.000000,0.000000,0
2026-03-27 09:33:00,67808.40,67865.00,67808.30,67864.90,130.024000,924,105.983000,24.041000,67836.02,89730.34,-0.00008413,0.000000,0.000000,0
2026-03-27 09:34:00,67865.00,67867.10,67845.90,67850.00,57.930000,636,27.816000,30.114000,67857.36,89797.60,-0.00008426,0.000000,0.000000,0
2026-03-27 09:35:00,67850.10,67850.10,67740.30,67755.20,191.187000,1914,77.580000,113.607000,67772.09,89812.11,-0.00008426,0.000000,0.000000,0
2026-03-27 09:36:00,67755.10,67755.20,67699.90,67712.10,155.499000,1292,53.130000,102.369000,67717.52,89844.09,-0.00008424,0.000000,0.002000,0
2026-03-27 09:37:00,67712.20,67742.40,67709.60,67731.00,87.829000,883,41.299000,46.530000,67727.77,89874.08,-0.00008464,0.000000,0.000000,0
2026-03-27 09:38:00,67731.00,67781.00,67730.90,67770.10,81.555000,933,53.303000,28.252000,67755.88,89883.54,-0.00008452,0.000000,0.000000,0
2026-03-27 09:39:00,67770.00,67800.00,67765.00,67765.10,69.845000,836,32.363000,37.482000,67779.56,89886.96,-0.00008452,0.000000,0.000000,0
2026-03-27 09:40:00,67765.10,67780.00,67750.00,67761.50,48.486000,838,26.650000,21.836000,67761.52,89903.73,-0.00008373,0.000000,0.010000,0
2026-03-27 09:41:00,67761.50,67767.70,67693.00,67693.00,75.406000,814,14.536000,60.870000,67720.40,89907.84,-0.00008317,0.000000,0.623000,0
2026-03-27 09:42:00,67693.00,67716.00,67671.00,67716.00,141.842000,1062,78.392000,63.450000,67686.04,89919.83,-0.00008371,0.000000,0.002000,0
2026-03-27 09:43:00,67716.00,67744.30,67715.90,67734.40,40.551000,526,26.197000,14.354000,67732.88,89934.25,-0.00008371,0.000000,0.000000,0
2026-03-27 09:44:00,67734.40,67736.60,67675.40,67689.20,172.533000,1034,31.265000,141.268000,67707.05,89937.83,-0.00008434,0.005000,0.000000,0
2026-03-27 09:45:00,67689.30,67714.70,67682.30,67685.30,102.625000,738,24.060000,78.565000,67700.64,89884.87,-0.00008404,0.000000,0.000000,0
2026-03-27 09:46:00,67685.30,67717.80,67685.30,67717.70,45.909000,747,28.647000,17.262000,67700.75,89924.79,-0.00008401,0.000000,0.002000,0
2026-03-27 09:47:00,67717.80,67756.10,67717.70,67748.80,112.434000,604,96.338000,16.096000,67743.34,89931.13,-0.00008401,0.000000,0.000000,0
2026-03-27 09:48:00,67748.80,67818.00,67748.80,67800.40,113.698000,1573,80.198000,33.500000,67793.46,89914.43,-0.00008361,0.000000,0.000000,0
2026-03-27 09:49:00,67800.20,67800.20,67750.00,67769.90,48.489000,760,20.718000,27.771000,67773.60,89920.71,-0.00008236,0.000000,0.000000,0
2026-03-27 09:50:00,67769.90,67789.70,67764.80,67789.70,48.123000,899,26.929000,21.194000,67775.72,89916.59,-0.00008234,0.000000,0.000000,0
2026-03-27 09:51:00,67789.60,67838.00,67763.60,67763.70,121.073000,1134,66.212000,54.861000,67808.64,89923.41,-0.00008234,0.000000,0.001000,0
2026-03-27 09:52:00,67763.70,67804.20,67758.80,67797.40,114.257000,1098,89.653000,24.604000,67779.77,89913.43,-0.00008224,0.000000,0.000000,0
2026-03-27 09:53:00,67797.30,67850.90,67797.30,67811.90,95.973000,1076,48.880000,47.093000,67821.50,89947.20,-0.00008199,0.070000,0.000000,0
2026-03-27 09:54:00,67811.90,67819.00,67780.00,67798.40,31.551000,580,17.471000,14.080000,67795.65,89946.55,-0.00008196,0.000000,0.000000,0
2026-03-27 09:55:00,67798.40,67806.40,67798.40,67802.10,30.914000,346,11.347000,19.567000,67803.52,89953.74,-0.00008196,0.000000,0.000000,0
2026-03-27 09:56:00,67802.10,67809.10,67755.60,67755.60,81.085000,774,11.944000,69.141000,67784.70,89955.15,-0.00008218,0.000000,0.000000,0
2026-03-27 09:57:00,67755.60,67755.60,67671.00,67688.90,207.055000,1641,50.456000,156.599000,67704.90,89986.52,-0.00008243,0.000000,0.000000,0
2026-03-27 09:58:00,67688.90,67688.90,67636.00,67636.00,272.385000,1573,63.820000,208.565000,67664.43,90020.35,-0.00008375,0.000000,1.076000,0
2026-03-27 09:59:00,67636.00,67693.10,67632.00,67685.60,175.479000,1414,115.511000,59.968000,67657.53,90054.27,-0.00008375,0.000000,0.007000,0
2026-03-27 10:00:00,67685.70,67687.00,67645.50,67651.90,76.164000,808,18.004000,58.160000,67664.07,90088.23,-0.00008441,0.000000,0.000000,0
2026-03-27 10:01:00,67651.90,67669.90,67621.70,67621.80,219.579000,1839,93.059000,126.520000,67643.27,90114.94,-0.00008462,0.000000,0.000000,0
2026-03-27 10:02:00,67621.80,67621.80,67585.00,67586.40,163.349000,1523,49.950000,113.399000,67598.87,90137.31,-0.00008497,0.000000,0.354000,0
2026-03-27 10:03:00,67586.50,67735.30,67565.70,67722.20,180.619000,2081,126.661000,53.958000,67630.39,90160.02,-0.00008497,0.000000,0.175000,0
2026-03-27 10:04:00,67722.20,67722.20,67687.50,67708.10,64.668000,907,32.272000,32.396000,67701.63,90155.35,-0.00008541,0.000000,0.000000,0
2026-03-27 10:05:00,67708.20,67708.20,67636.40,67638.30,105.830000,1101,17.603000,88.227000,67659.71,90171.28,-0.00008485,0.000000,0.000000,0
2026-03-27 10:06:00,67638.40,67651.60,67611.00,67611.00,48.167000,683,19.683000,28.484000,67635.69,90219.55,-0.00008486,0.000000,0.007000,0
2026-03-27 10:07:00,67611.10,67657.70,67606.50,67651.40,75.145000,946,39.743000,35.402000,67631.40,90220.14,-0.00008486,0.000000,0.000000,0
2026-03-27 10:08:00,67651.50,67668.80,67643.60,67668.70,39.297000,540,20.343000,18.954000,67657.69,90226.66,-0.00008562,0.000000,0.000000,0
2026-03-27 10:09:00,67668.70,67713.50,67655.20,67687.60,73.417000,996,43.594000,29.823000,67684.44,90230.44,-0.00008537,0.000000,0.000000,0
2026-03-27 10:10:00,67687.60,67712.00,67673.20,67682.00,95.165000,1026,57.928000,37.237000,67692.74,90216.46,-0.00008498,0.000000,0.000000,0
2026-03-27 10:11:00,67681.90,67682.00,67650.50,67679.90,58.638000,890,13.831000,44.807000,67666.76,90233.46,-0.00008498,0.000000,0.011000,0
2026-03-27 10:12:00,67680.00,67691.90,67651.80,67685.00,31.097000,682,13.583000,17.514000,67673.76,90226.99,-0.00008502,0.000000,0.000000,0
2026-03-27 10:13:00,67685.10,67685.10,67672.60,67682.30,41.526000,341,19.732000,21.794000,67680.02,90230.58,-0.00008515,0.000000,0.053000,0
2026-03-27 10:14:00,67682.20,67692.80,67609.60,67609.60,67.739000,928,28.589000,39.150000,67656.95,90228.55,-0.00008489,0.000000,0.000000,0
2026-03-27 10:15:00,67609.70,67629.20,67607.10,67625.30,68.153000,530,42.582000,25.571000,67619.02,90239.47,-0.00008489,0.000000,0.008000,0
2026-03-27 10:16:00,67625.10,67635.40,67615.80,67621.30,56.275000,605,22.506000,33.769000,67621.42,90234.63,-0.00008555,0.000000,0.000000,0
2026-03-27 10:17:00,67621.30,67680.00,67621.30,67665.30,35.185000,826,24.823000,10.362000,67653.72,90249.09,-0.00008598,0.000000,0.000000,0
2026-03-27 10:18:00,67665.30,67709.20,67661.80,67682.00,57.877000,990,30.458000,27.419000,67684.30,90256.84,-0.00008583,0.000000,0.000000,0
2026-03-27 10:19:00,67681.90,67682.00,67623.80,67650.60,40.372000,854,19.797000,20.575000,67656.45,90264.38,-0.00008583,0.000000,0.000000,0
2026-03-27 10:20:00,67650.50,67654.30,67632.10,67654.30,28.128000,612,16.484000,11.644000,67645.07,90270.54,-0.00008574,0.000000,0.003000,0
2026-03-27 10:21:00,67654.20,67713.80,67650.10,67707.80,49.986000,950,33.912000,16.074000,67680.03,90273.94,-0.00008584,0.000000,0.015000,0
2026-03-27 10:22:00,67707.70,67707.80,67679.70,67699.90,69.608000,699,20.695000,48.913000,67688.86,90300.30,-0.00008555,0.000000,0.000000,0
2026-03-27 10:23:00,67699.90,67700.00,67666.20,67685.10,30.259000,584,15.325000,14.934000,67682.39,90313.74,-0.00008555,0.000000,0.000000,0
2026-03-27 10:24:00,67685.10,67724.40,67685.10,67705.10,55.396000,722,28.359000,27.037000,67709.31,90311.98,-0.00008464,0.000000,0.000000,0
2026-03-27 10:25:00,67705.10,67737.90,67691.70,67695.10,64.493000,921,41.912000,22.581000,67721.18,90314.20,-0.00008413,0.000000,0.000000,0
2026-03-27 10:26:00,67695.10,67715.50,67672.00,67672.10,78.460000,1256,29.182000,49.278000,67687.84,90309.08,-0.00008323,0.000000,0.000000,0
2026-03-27 10:27:00,67672.00,67728.60,67645.30,67728.50,59.358000,895,30.961000,28.397000,67680.70,90342.12,-0.00008323,0.000000,0.000000,0
2026-03-27 10:28:00,67728.50,67737.90,67710.00,67714.70,45.438000,635,29.413000,16.025000,67722.52,90339.30,-0.00008369,0.000000,0.000000,0
2026-03-27 10:29:00,67714.70,67735.00,67700.00,67727.70,47.332000,802,25.269000,22.063000,67718.05,90344.85,-0.00008306,0.023000,0.009000,0
2026-03-27 10:30:00,67727.70,67735.00,67725.00,67725.60,24.648000,326,16.282000,8.366000,67728.53,90337.59,-0.00008234,0.000000,0.000000,0
2026-03-27 10:31:00,67725.50,67734.30,67715.10,67715.20,60.632000,618,21.076000,39.556000,67725.24,90337.65,-0.00008234,0.000000,0.000000,0
2026-03-27 10:32:00,67715.20,67720.80,67688.90,67715.10,50.370000,956,29.409000,20.961000,67699.88,90339.21,-0.00008160,0.000000,0.010000,0
2026-03-27 10:33:00,67715.10,67728.90,67666.00,67666.00,41.151000,732,10.727000,30.424000,67697.47,90344.59,-0.00008118,0.000000,0.000000,0
2026-03-27 10:34:00,67666.10,67673.70,67656.70,67673.70,66.225000,593,21.265000,44.960000,67663.51,90367.05,-0.00008134,0.000000,0.000000,0
2026-03-27 10:35:00,67673.70,67680.00,67633.60,67649.50,118.502000,1003,23.046000,95.456000,67657.32,90389.39,-0.00008134,0.000000,0.000000,0
2026-03-27 10:36:00,67649.50,67649.60,67571.00,67573.40,209.091000,1781,54.950000,154.141000,67602.70,90432.27,-0.00008218,0.000000,0.019000,0
2026-03-27 10:37:00,67573.40,67595.00,67516.20,67532.40,331.461000,2454,119.983000,211.478000,67543.75,90530.98,-0.00008360,0.000000,0.018000,0
2026-03-27 10:38:00,67532.40,67549.60,67266.00,67377.10,3050.376000,13267,717.926000,2332.450000,67384.03,90494.13,-0.00008360,0.000000,4.199000,0
2026-03-27 10:39:00,67377.20,67377.20,66770.90,66985.30,5904.465000,24111,2081.787000,3822.678000,67016.58,90668.95,-0.00008466,0.716000,0.483000,0
2026-03-27 10:40:00,66985.60,66999.90,66825.40,66942.70,1426.808000,12081,678.715000,748.093000,66908.30,89827.32,-0.00008428,0.060000,0.318000,0
2026-03-27 10:41:00,66942.80,66978.10,66850.70,66866.80,1000.783000,8308,438.153000,562.630000,66925.86,89939.51,-0.00008428,0.000000,0.000000,0
2026-03-27 10:42:00,66866.70,66874.50,66720.40,66823.20,1240.877000,9653,434.766000,806.111000,66806.25,90219.01,-0.00008218,0.000000,2.183000,0
2026-03-27 10:43:00,66823.10,66995.40,66758.60,66995.30,789.768000,6580,448.379000,341.389000,66906.51,90454.14,-0.00008585,0.002000,0.027000,0
2026-03-27 10:44:00,66995.40,67004.50,66901.00,66934.10,441.174000,3477,210.360000,230.814000,66953.60,90536.70,-0.00008640,0.046000,0.000000,0
2026-03-27 10:45:00,66934.20,66971.40,66830.40,66851.40,446.323000,3060,164.445000,281.878000,66918.33,90579.80,-0.00008524,0.000000,0.002000,0
2026-03-27 10:46:00,66851.30,66891.70,66709.30,66790.90,826.853000,5288,388.045000,438.808000,66821.03,90739.15,-0.00008524,0.000000,0.129000,0
2026-03-27 10:47:00,66790.80,66890.50,66790.80,66869.60,429.387000,3473,221.144000,208.243000,66847.86,90869.55,-0.00008618,0.000000,0.000000,0
2026-03-27 10:48:00,66869.70,66885.40,66807.80,66821.60,398.996000,3066,188.012000,210.984000,66851.28,90965.57,-0.00008708,0.000000,0.000000,0
2026-03-27 10:49:00,66821.70,66855.00,66764.50,66790.90,293.679000,2306,156.103000,137.576000,66814.12,91076.67,-0.00008708,0.000000,0.000000,0
2026-03-27 10:50:00,66790.80,66800.00,66752.80,66770.80,285.866000,2598,112.204000,173.662000,66784.77,91106.58,-0.00008757,0.000000,0.016000,0
2026-03-27 10:51:00,66770.90,66838.10,66731.20,66834.90,452.464000,2592,275.968000,176.496000,66791.31,91177.27,-0.00008893,0.000000,2.454000,0
2026-03-27 10:52:00,66835.00,66899.70,66835.00,66865.50,330.308000,2657,165.615000,164.693000,66877.70,91236.67,-0.00008969,0.000000,0.000000,0
2026-03-27 10:53:00,66865.60,66898.90,66821.60,66831.80,183.869000,1965,74.997000,108.872000,66872.03,91306.60,-0.00008969,0.000000,0.000000,0
2026-03-27 10:54:00,66831.90,66845.30,66736.50,66740.80,246.681000,2650,85.990000,160.691000,66791.91,91300.63,-0.00008914,0.000000,0.138000,0
2026-03-27 10:55:00,66740.70,66750.00,66508.00,66600.70,1924.946000,13040,701.681000,1223.265000,66594.04,91185.96,-0.00008997,0.000000,2.067000,0
2026-03-27 10:56:00,66600.60,66600.60,66257.40,66388.80,2317.138000,16298,669.931000,1647.207000,66399.63,91271.24,-0.00008997,0.000000,1.066000,0
2026-03-27 10:57:00,66388.80,66485.10,66347.80,66479.90,729.059000,6720,440.822000,288.237000,66413.86,91288.77,-0.00009208,0.117000,0.008000,0
2026-03-27 10:58:00,66479.80,66483.50,66400.00,66436.40,394.667000,4272,195.685000,198.982000,66434.50,91309.27,-0.00009412,0.000000,0.000000,0
2026-03-27 10:59:00,66436.40,66483.30,66419.10,66480.00,261.074000,2459,162.975000,98.099000,66458.70,91325.46,-0.00009426,0.000000,0.089000,0
2026-03-27 11:00:00,66479.90,66485.20,66426.80,66456.30,274.388000,2072,166.726000,107.662000,66451.82,91284.19,-0.00009426,0.000000,0.000000,0
2026-03-27 11:01:00,66456.40,66509.40,66312.50,66349.60,869.286000,7206,292.732000,576.554000,66397.68,91419.37,-0.00009436,0.000000,0.241000,0
2026-03-27 11:02:00,66349.20,66421.00,66175.40,66386.70,1175.483000,9626,433.842000,741.641000,66294.16,91533.39,-0.00009527,0.020000,0.424000,0
2026-03-27 11:03:00,66386.80,66467.30,66363.00,66390.10,332.753000,3788,181.900000,150.853000,66414.92,91591.97,-0.00009527,0.160000,0.000000,0
2026-03-27 11:04:00,66390.20,66400.00,66312.70,66399.70,368.444000,4422,166.439000,202.005000,66362.12,91642.28,-0.00009666,0.000000,0.000000,0
2026-03-27 11:05:00,66399.60,66443.60,66386.60,66413.00,368.244000,3006,239.189000,129.055000,66417.19,91649.37,-0.00009677,0.000000,0.004000,0
2026-03-27 11:06:00,66413.10,66454.40,66400.60,66411.00,311.553000,1849,223.882000,87.671000,66434.46,91671.63,-0.00009674,0.000000,0.000000,0
2026-03-27 11:07:00,66411.10,66470.10,66411.00,66470.00,207.767000,1571,144.650000,63.117000,66437.07,91710.52,-0.00009674,0.000000,0.000000,0
2026-03-27 11:08:00,66470.10,66492.90,66434.00,66449.60,255.820000,2357,117.834000,137.986000,66469.28,91695.12,-0.00009634,0.000000,0.073000,0
2026-03-27 11:09:00,66449.60,66454.80,66399.10,66399.10,253.088000,2333,99.765000,153.323000,66431.30,91749.95,-0.00009545,0.007000,0.000000,0
2026-03-27 11:10:00,66399.10,66427.00,66356.30,66360.40,161.757000,1605,79.409000,82.348000,66387.00,91778.20,-0.00009545,0.000000,0.000000,0
2026-03-27 11:11:00,66360.40,66458.00,66360.30,66456.40,234.916000,1865,168.056000,66.860000,66415.14,91811.18,-0.00009621,0.000000,0.000000,0
2026-03-27 11:12:00,66456.30,66488.70,66432.20,66467.10,219.889000,1740,151.931000,67.958000,66452.72,91816.32,-0.00009741,0.000000,0.000000,0
2026-03-27 11:13:00,66467.20,66513.00,66467.10,66500.60,430.016000,2397,204.695000,225.321000,66497.35,91741.59,-0.00009741,0.004000,0.000000,0
2026-03-27 11:14:00,66500.70,66577.60,66500.60,66527.20,297.439000,2687,174.869000,122.570000,66546.03,91712.28,-0.00009739,0.025000,0.000000,0
2026-03-27 11:15:00,66527.10,66588.00,66527.10,66574.40,289.440000,2199,150.801000,138.639000,66573.99,91683.38,-0.00009714,0.000000,0.000000,0
2026-03-27 11:16:00,66574.40,66645.30,66566.40,66631.50,335.026000,3023,235.315000,99.711000,66608.28,91711.01,-0.00009700,1.383000,0.000000,0
2026-03-27 11:17:00,66631.40,66660.00,66609.40,66632.10,455.506000,2619,183.155000,272.351000,66639.18,91700.40,-0.00009700,0.002000,0.000000,0
2026-03-27 11:18:00,66632.00,66635.80,66570.60,66572.00,339.813000,2362,158.718000,181.095000,66600.40,91677.99,-0.00009659,0.000000,0.000000,0
2026-03-27 11:19:00,66572.00,66649.10,66556.40,66645.00,247.161000,2775,142.808000,104.353000,66602.26,91743.55,-0.00009732,0.000000,0.000000,0
2026-03-27 11:20:00,66645.10,66687.30,66635.90,66646.10,314.093000,2395,211.355000,102.738000,66662.13,91705.55,-0.00009732,1.344000,0.000000,0
2026-03-27 11:21:00,66646.10,66674.00,66612.90,66666.10,145.954000,1401,74.037000,71.917000,66644.31,91690.76,-0.00009751,0.000000,0.007000,0
2026-03-27 11:22:00,66666.10,66713.70,66611.80,66633.70,394.300000,2979,168.844000,225.456000,66672.35,91712.94,-0.00009790,0.036000,0.007000,0
2026-03-27 11:23:00,66633.60,66647.40,66595.00,66641.20,192.652000,1551,80.882000,111.770000,66617.01,91684.02,-0.00009793,0.000000,0.000000,0
2026-03-27 11:24:00,66641.10,66643.00,66605.60,66625.90,120.979000,1381,77.274000,43.705000,66627.29,91681.05,-0.00009793,0.000000,0.000000,0
2026-03-27 11:25:00,66625.90,66633.20,66590.00,66598.80,79.627000,965,25.368000,54.259000,66613.72,91676.34,-0.00009862,0.000000,0.000000,0
2026-03-27 11:26:00,66598.80,66636.50,66575.80,66633.40,136.592000,1440,75.706000,60.886000,66609.83,91693.71,-0.00009898,0.000000,0.000000,0
2026-03-27 11:27:00,66633.50,66694.90,66633.40,66671.40,102.515000,1272,59.454000,43.061000,66668.91,91682.81,-0.00009898,0.000000,0.000000,0
2026-03-27 11:28:00,66671.50,66696.00,66663.70,66675.90,103.923000,1050,45.642000,58.281000,66677.77,91691.70,-0.00009930,0.000000,0.000000,0
2026-03-27 11:29:00,66676.00,66676.00,66637.10,66650.70,115.640000,1076,51.556000,64.084000,66650.61,91716.37,-0.00009912,0.000000,0.000000,0
2026-03-27 11:30:00,66650.80,66674.00,66645.60,66673.70,69.751000,714,38.497000,31.254000,66665.37,91722.72,-0.00009912,0.000000,0.000000,0
2026-03-27 11:31:00,66673.80,66715.00,66650.00,66710.70,118.857000,1264,79.533000,39.324000,66690.15,91740.48,-0.00010002,0.002000,0.000000,0
2026-03-27 11:32:00,66710.70,66710.70,66618.40,66627.40,173.113000,1694,62.298000,110.815000,66669.05,91753.54,-0.00010022,0.000000,0.002000,0
2026-03-27 11:33:00,66627.30,66655.30,66612.00,66630.40,135.566000,1701,64.667000,70.899000,66634.95,91760.92,-0.00010061,0.000000,0.123000,0
2026-03-27 11:34:00,66630.50,66695.00,66628.40,66674.50,103.999000,1067,77.966000,26.033000,66662.81,91765.26,-0.00010061,0.000000,0.000000,0
2026-03-27 11:35:00,66674.60,66674.60,66655.00,66662.10,56.071000,856,16.459000,39.612000,66663.32,91774.95,-0.00010131,0.000000,0.000000,0
2026-03-27 11:36:00,66662.20,66666.00,66611.50,66618.60,127.482000,1109,28.100000,99.382000,66646.82,91815.13,-0.00010132,0.000000,0.000000,0
2026-03-27 11:37:00,66618.60,66647.30,66603.00,66643.00,94.671000,929,54.399000,40.272000,66621.43,91820.64,-0.00010132,0.000000,0.000000,0
2026-03-27 11:38:00,66642.90,66662.50,66635.60,66647.50,73.009000,761,43.427000,29.582000,66645.27,91818.27,-0.00010184,0.000000,0.021000,0
2026-03-27 11:39:00,66647.60,66654.00,66623.60,66623.60,74.356000,854,23.762000,50.594000,66637.76,91817.74,-0.00010219,0.000000,0.000000,0
2026-03-27 11:40:00,66623.60,66694.60,66623.60,66676.60,240.912000,1473,199.348000,41.564000,66660.01,91837.94,-0.00010231,0.000000,0.011000,0
2026-03-27 11:41:00,66676.60,66716.10,66656.60,66707.90,135.508000,1241,92.211000,43.297000,66698.87,91785.38,-0.00010231,0.000000,0.000000,0
2026-03-27 11:42:00,66708.00,66708.00,66669.90,66703.10,89.134000,1116,41.864000,47.270000,66693.14,91800.68,-0.00010264,0.000000,0.000000,0
2026-03-27 11:43:00,66703.10,66705.40,66682.90,66697.10,73.984000,869,36.303000,37.681000,66697.88,91803.53,-0.00010271,0.000000,0.000000,0
2026-03-27 11:44:00,66697.20,66733.60,66684.10,66733.30,137.201000,1006,89.230000,47.971000,66716.04,91782.76,-0.00010271,0.003000,0.000000,0
2026-03-27 11:45:00,66733.40,66733.60,66703.10,66725.80,83.463000,937,30.415000,53.048000,66720.63,91776.07,-0.00010300,0.000000,0.002000,0
2026-03-27 11:46:00,66725.70,66725.80,66682.60,66689.60,90.682000,830,25.868000,64.814000,66707.17,91777.30,-0.00010306,0.000000,0.002000,0
2026-03-27 11:47:00,66689.70,66761.00,66689.60,66756.60,140.269000,1300,105.842000,34.427000,66737.37,91773.83,-0.00010395,0.000000,0.000000,0
2026-03-27 11:48:00,66756.70,66792.10,66743.60,66769.50,127.809000,1152,87.346000,40.463000,66768.99,91760.88,-0.00010395,0.258000,0.000000,0
2026-03-27 11:49:00,66769.60,66810.90,66768.40,66791.90,194.470000,1263,126.956000,67.514000,66796.27,91752.65,-0.00010387,0.147000,0.000000,0
2026-03-27 11:50:00,66792.00,66792.60,66740.20,66752.00,113.934000,949,41.007000,72.927000,66759.03,91768.79,-0.00010412,0.000000,0.000000,0
2026-03-27 11:51:00,66752.00,66761.00,66715.20,66720.00,124.618000,1347,51.740000,72.878000,66735.71,91794.68,-0.00010412,0.000000,0.000000,0
2026-03-27 11:52:00,66720.00,66728.90,66657.60,66674.90,294.093000,2054,84.614000,209.479000,66683.06,91752.29,-0.00010514,0.000000,0.000000,0
2026-03-27 11:53:00,66675.00,66675.00,66634.00,66634.00,191.188000,1947,58.461000,132.727000,66651.21,91742.55,-0.00010591,0.000000,0.000000,0
2026-03-27 11:54:00,66634.00,66661.80,66625.40,66661.80,110.929000,1216,56.020000,54.909000,66640.62,91748.35,-0.00010591,0.000000,0.002000,0
2026-03-27 11:55:00,66661.80,66707.20,66657.50,66707.20,57.542000,796,30.604000,26.938000,66686.09,91755.32,-0.00010638,0.000000,0.000000,0
2026-03-27 11:56:00,66707.10,66720.00,66703.10,66714.70,47.660000,711,24.676000,22.984000,66711.84,91760.30,-0.00010676,0.000000,0.000000,0
2026-03-27 11:57:00,66714.80,66714.80,66637.60,66656.10,112.387000,1359,41.237000,71.150000,66663.16,91762.88,-0.00010631,0.000000,0.000000,0
2026-03-27 11:58:00,66656.00,66668.60,66645.20,66649.00,69.272000,889,31.621000,37.651000,66653.91,91769.53,-0.00010631,0.000000,0.000000,0
2026-03-27 11:59:00,66649.00,66687.80,66633.90,66651.20,205.094000,1499,110.431000,94.663000,66663.68,91759.22,-0.00010684,0.000000,0.000000,0
2026-03-27 12:00:00,66651.20,66665.00,66651.10,66663.20,40.724000,476,14.925000,25.799000,66660.54,91748.10,-0.00010731,0.000000,0.000000,0
2026-03-27 12:01:00,66663.20,66714.00,66663.20,66663.40,206.653000,1847,122.865000,83.788000,66690.35,91717.94,-0.00010731,0.000000,0.000000,0
2026-03-27 12:02:00,66663.30,66668.20,66616.40,66616.50,115.457000,1045,24.920000,90.537000,66636.01,91736.59,-0.00010769,0.000000,0.003000,0
2026-03-27 12:03:00,66616.40,66648.30,66615.20,66621.90,114.870000,1083,48.334000,66.536000,66630.75,91766.48,-0.00010846,0.000000,0.000000,0
2026-03-27 12:04:00,66621.90,66643.40,66621.80,66643.00,67.828000,645,54.617000,13.211000,66634.16,91775.91,-0.00010938,0.000000,0.000000,0
2026-03-27 12:05:00,66643.00,66643.10,66593.00,66598.80,148.189000,1152,36.440000,111.749000,66607.34,91789.51,-0.00010938,0.000000,0.041000,0
2026-03-27 12:06:00,66598.90,66600.00,66580.00,66599.90,95.134000,885,41.767000,53.367000,66592.98,91795.94,-0.00010975,0.000000,0.000000,0
2026-03-27 12:07:00,66600.00,66638.10,66590.70,66630.00,103.229000,1154,63.428000,39.801000,66612.18,91811.37,-0.00011038,0.000000,0.000000,0
2026-03-27 12:08:00,66630.10,66742.20,66630.10,66727.60,98.375000,1394,76.211000,22.164000,66693.60,91819.06,-0.00011038,0.000000,0.000000,0
2026-03-27 12:09:00,66727.60,66736.50,66680.00,66680.10,116.514000,1189,60.133000,56.381000,66709.33,91812.89,-0.00011052,0.000000,0.000000,0
2026-03-27 12:10:00,66680.10,66680.10,66637.00,66657.90,71.314000,909,35.885000,35.429000,66656.41,91822.73,-0.00010920,0.000000,0.000000,0
2026-03-27 12:11:00,66657.80,66657.80,66563.00,66571.80,95.552000,1200,30.035000,65.517000,66604.47,91824.74,-0.00011007,0.000000,0.007000,0
2026-03-27 12:12:00,66571.90,66696.60,66571.80,66676.30,272.784000,2300,193.547000,79.237000,66656.50,91920.40,-0.00011007,0.000000,0.000000,0
2026-03-27 12:13:00,66676.30,66685.00,66656.10,66670.60,72.697000,1002,39.099000,33.598000,66671.45,91930.97,-0.00011174,0.000000,0.000000,0
2026-03-27 12:14:00,66670.60,66685.60,66650.00,66650.10,54.644000,687,25.836000,28.808000,66665.98,91934.95,-0.00011142,0.000000,0.000000,0
2026-03-27 12:15:00,66650.10,66650.10,66603.20,66603.30,72.419000,711,16.124000,56.295000,66628.37,91962.25,-0.00011142,0.000000,0.000000,0
2026-03-27 12:16:00,66603.30,66636.00,66603.20,66635.90,88.452000,892,29.349000,59.103000,66621.93,91957.47,-0.00011158,0.000000,0.000000,0
2026-03-27 12:17:00,66635.90,66683.10,66635.90,66655.60,51.757000,732,23.568000,28.189000,66664.86,91959.78,-0.00011230,0.000000,0.000000,0
2026-03-27 12:18:00,66655.70,66655.70,66573.70,66609.20,116.727000,1303,31.186000,85.541000,66603.10,91960.74,-0.00011161,0.000000,0.000000,0
2026-03-27 12:19:00,66609.20,66630.30,66609.20,66614.10,46.866000,692,22.984000,23.882000,66616.55,91975.73,-0.00011161,0.000000,0.000000,0
2026-03-27 12:20:00,66614.10,66649.20,66614.00,66625.90,24.402000,632,16.033000,8.369000,66634.09,91975.87,-0.00011192,0.000000,0.000000,0
2026-03-27 12:21:00,66625.50,66633.70,66588.60,66593.80,41.864000,719,15.891000,25.973000,66614.53,91979.32,-0.00011161,0.000000,0.000000,0
2026-03-27 12:22:00,66593.70,66613.70,66582.80,66582.80,44.063000,692,14.203000,29.860000,66595.95,91984.35,-0.00011161,0.000000,0.000000,0
2026-03-27 12:23:00,66582.80,66613.80,66582.80,66602.00,79.555000,962,46.902000,32.653000,66593.98,91977.66,-0.00011186,0.000000,0.000000,0
2026-03-27 12:24:00,66601.90,66630.00,66568.00,66570.10,85.184000,1150,51.334000,33.850000,66605.52,91962.24,-0.00011219,0.000000,0.000000,0
2026-03-27 12:25:00,66570.10,66574.10,66524.00,66568.00,168.572000,1618,45.130000,123.442000,66551.01,91968.99,-0.00011212,0.000000,0.150000,0
2026-03-27 12:26:00,66567.90,66584.60,66545.00,66554.40,52.974000,919,19.999000,32.975000,66563.20,91972.40,-0.00011212,0.000000,0.000000,0
2026-03-27 12:27:00,66554.30,66554.50,66500.20,66512.50,245.527000,2203,84.699000,160.828000,66517.10,92009.82,-0.00011229,0.000000,2.008000,0
2026-03-27 12:28:00,66512.60,66535.00,66505.50,66521.10,100.618000,985,32.321000,68.297000,66522.41,92025.16,-0.00011266,0.000000,0.000000,0
2026-03-27 12:29:00,66521.00,66521.10,66481.90,66499.50,199.312000,1567,64.739000,134.573000,66500.73,92025.16,-0.00011266,0.000000,0.022000,0
2026-03-27 12:30:00,66499.50,66513.70,66481.80,66500.80,131.493000,997,88.509000,42.984000,66500.82,92083.05,-0.00011276,0.000000,0.002000,0
2026-03-27 12:31:00,66500.80,66513.70,66465.00,66465.10,84.800000,890,31.815000,52.985000,66491.61,92101.33,-0.00011305,0.000000,0.388000,0
2026-03-27 12:32:00,66465.00,66538.40,66420.00,66533.20,281.049000,2361,129.880000,151.169000,66465.54,92114.68,-0.00011305,0.000000,0.372000,0
2026-03-27 12:33:00,66533.30,66572.00,66520.40,66541.30,226.893000,1979,69.910000,156.983000,66549.69,92156.99,-0.00011315,0.000000,0.000000,0
2026-03-27 12:34:00,66541.20,66541.30,66483.00,66486.50,86.284000,985,24.134000,62.150000,66512.51,92124.20,-0.00011254,0.000000,0.000000,0
2026-03-27 12:35:00,66486.40,66500.40,66424.70,66424.80,214.098000,2100,83.427000,130.671000,66455.44,92127.45,-0.00011262,0.000000,0.056000,0
2026-03-27 12:36:00,66424.70,66450.20,66388.00,66418.00,194.832000,2134,78.991000,115.841000,66418.10,92166.44,-0.00011262,0.000000,0.326000,0
2026-03-27 12:37:00,66418.30,66532.90,66418.30,66499.20,132.679000,1771,83.429000,49.250000,66487.51,92171.17,-0.00011422,0.000000,0.000000,0
2026-03-27 12:38:00,66499.20,66585.00,66499.20,66563.70,94.136000,1422,60.389000,33.747000,66547.32,92152.51,-0.00011403,0.091000,0.000000,0
2026-03-27 12:39:00,66563.70,66574.90,66540.00,66574.90,99.870000,1119,53.287000,46.583000,66558.19,92155.87,-0.00011403,0.000000,0.000000,0
2026-03-27 12:40:00,66575.00,66605.00,66565.80,66565.90,71.449000,861,41.963000,29.486000,66589.82,92166.62,-0.00011323,0.000000,0.000000,0
2026-03-27 12:41:00,66565.90,66569.50,66539.10,66569.50,52.113000,1150,29.136000,22.977000,66556.17,92163.01,-0.00011281,0.000000,0.000000,0
2026-03-27 12:42:00,66569.60,66585.00,66527.20,66548.90,83.790000,1209,45.867000,37.923000,66555.92,92166.53,-0.00011310,0.000000,0.000000,0
2026-03-27 12:43:00,66549.00,66557.90,66520.00,66549.00,81.348000,824,49.386000,31.962000,66535.87,92163.43,-0.00011310,0.000000,0.000000,0
2026-03-27 12:44:00,66548.90,66586.50,66540.10,66575.10,49.018000,776,25.301000,23.717000,66576.01,92157.65,-0.00011362,0.000000,0.000000,0
2026-03-27 12:45:00,66575.00,66579.00,66550.10,66579.00,43.825000,556,26.305000,17.520000,66558.87,92160.66,-0.00011329,0.000000,0.000000,0
2026-03-27 12:46:00,66579.00,66618.70,66579.00,66616.00,93.598000,1169,64.278000,29.320000,66604.04,92164.00,-0.00011329,0.000000,0.000000,0
2026-03-27 12:47:00,66616.00,66650.00,66610.00,66626.10,102.174000,1091,61.587000,40.587000,66637.02,92159.29,-0.00011257,0.045000,0.000000,0
2026-03-27 12:48:00,66626.00,66626.10,66550.40,66562.30,115.452000,1368,51.258000,64.194000,66593.95,92146.56,-0.00011125,0.000000,0.000000,0
2026-03-27 12:49:00,66562.30,66562.30,66459.50,66464.00,168.149000,1680,56.697000,111.452000,66499.22,92167.11,-0.00011125,0.000000,0.287000,0
2026-03-27 12:50:00,66463.90,66505.00,66446.10,66449.40,98.456000,1429,34.002000,64.454000,66469.25,92169.92,-0.00011108,0.000000,0.180000,0
2026-03-27 12:51:00,66449.50,66484.70,66441.80,66482.70,73.410000,979,51.805000,21.605000,66469.78,92184.64,-0.00011198,0.000000,0.000000,0
2026-03-27 12:52:00,66482.60,66549.90,66472.60,66544.10,58.965000,966,35.022000,23.943000,66505.38,92200.70,-0.00011229,0.000000,0.000000,0
2026-03-27 12:53:00,66544.00,66544.10,66522.50,66526.00,70.642000,560,38.233000,32.409000,66533.65,92218.04,-0.00011229,0.000000,0.000000,0
2026-03-27 12:54:00,66526.10,66546.20,66517.30,66542.90,34.077000,512,18.838000,15.239000,66529.52,92230.69,-0.00011130,0.000000,0.000000,0
2026-03-27 12:55:00,66542.80,66577.20,66525.30,66568.70,37.220000,798,16.354000,20.866000,66556.27,92227.28,-0.00011060,0.000000,0.000000,0
2026-03-27 12:56:00,66568.70,66580.90,66550.70,66551.30,44.768000,489,18.490000,26.278000,66562.25,92225.48,-0.00011060,0.000000,0.000000,0
2026-03-27 12:57:00,66551.40,66567.90,66550.00,66559.90,58.688000,633,28.121000,30.567000,66557.64,92225.76,-0.00011010,0.000000,0.000000,0
2026-03-27 12:58:00,66560.00,66580.80,66541.60,66561.90,53.840000,772,27.285000,26.555000,66557.39,92233.91,-0.00011015,0.000000,0.000000,0
2026-03-27 12:59:00,66561.80,66600.00,66553.70,66587.70,54.246000,771,23.717000,30.529000,66578.59,92232.47,-0.00011015,0.000000,0.000000,0
2026-03-27 13:00:00,66587.80,66594.20,66579.40,66579.40,40.886000,396,16.459000,24.427000,66587.26,92231.44,-0.00011004,0.000000,0.000000,0
2026-03-27 13:01:00,66579.40,66603.20,66579.30,66583.40,91.948000,912,68.448000,23.500000,66593.70,92223.46,-0.00010953,0.000000,0.000000,0
2026-03-27 13:02:00,66583.50,66699.90,66583.40,66635.60,214.561000,2233,129.851000,84.710000,66656.60,92237.59,-0.00010898,0.069000,0.000000,0
2026-03-27 13:03:00,66635.70,66666.00,66611.40,66611.40,112.341000,1350,56.079000,56.262000,66641.01,92214.29,-0.00010898,0.000000,0.000000,0
2026-03-27 13:04:00,66611.50,66629.80,66584.70,66598.00,76.292000,1360,32.444000,43.848000,66601.87,92214.73,-0.00010809,0.000000,0.000000,0
2026-03-27 13:05:00,66598.10,66639.60,66589.00,66634.40,61.818000,1064,37.195000,24.623000,66618.69,92210.51,-0.00010889,0.000000,0.000000,0
2026-03-27 13:06:00,66634.40,66634.40,66600.00,66602.90,34.912000,599,16.000000,18.912000,66609.64,92208.78,-0.00010889,0.000000,0.002000,0
2026-03-27 13:07:00,66602.90,66602.90,66569.60,66602.80,49.241000,740,17.658000,31.583000,66588.95,92209.44,-0.00010946,0.000000,0.002000,0
2026-03-27 13:08:00,66602.90,66607.80,66565.00,66571.10,67.932000,781,33.799000,34.133000,66583.87,92213.20,-0.00011048,0.000000,0.000000,0
2026-03-27 13:09:00,66571.20,66594.50,66534.60,66547.80,102.520000,1077,16.015000,86.505000,66554.34,92213.74,-0.00011060,0.000000,0.000000,0
2026-03-27 13:10:00,66547.90,66547.90,66496.80,66528.20,94.261000,1152,34.849000,59.412000,66519.89,92231.31,-0.00011060,0.000000,0.000000,0
2026-03-27 13:11:00,66528.10,66533.70,66479.80,66493.00,87.952000,1106,38.372000,49.580000,66501.05,92247.71,-0.00011129,0.019000,0.455000,0
2026-03-27 13:12:00,66493.00,66521.70,66480.00,66513.80,114.553000,1233,36.878000,77.675000,66499.35,92262.51,-0.00011145,0.000000,0.015000,0
2026-03-27 13:13:00,66513.90,66530.30,66487.30,66498.40,63.726000,972,28.299000,35.427000,66498.95,92275.23,-0.00011145,0.000000,0.000000,0
2026-03-27 13:14:00,66498.50,66530.10,66498.50,66503.50,48.815000,901,23.326000,25.489000,66510.32,92279.17,-0.00011139,0.007000,0.191000,0
2026-03-27 13:15:00,66503.40,66503.50,66488.00,66500.20,36.170000,429,13.653000,22.517000,66500.00,92275.68,-0.00011137,0.000000,0.000000,0
2026-03-27 13:16:00,66500.10,66540.10,66479.00,66512.70,146.255000,1366,99.513000,46.742000,66521.02,92289.18,-0.00011125,0.000000,0.000000,0
2026-03-27 13:17:00,66512.70,66525.90,66485.10,66485.20,87.424000,932,46.914000,40.510000,66500.42,92331.30,-0.00011125,0.000000,0.000000,0
2026-03-27 13:18:00,66485.10,66500.00,66452.00,66500.00,88.120000,1054,48.760000,39.360000,66475.74,92346.73,-0.00011074,0.000000,0.000000,0
2026-03-27 13:19:00,66499.90,66533.00,66492.30,66527.60,50.733000,791,33.976000,16.757000,66503.95,92347.88,-0.00011092,0.000000,0.000000,0
2026-03-27 13:20:00,66527.60,66527.60,66508.10,66519.30,42.468000,549,24.188000,18.280000,66516.95,92353.01,-0.00011092,0.000000,0.043000,0
2026-03-27 13:21:00,66519.40,66603.10,66519.30,66600.90,110.220000,1481,60.534000,49.686000,66561.78,92347.76,-0.00011014,0.000000,0.000000,0
2026-03-27 13:22:00,66600.90,66643.30,66588.80,66621.00,134.031000,1241,58.559000,75.472000,66613.05,92340.62,-0.00010955,0.189000,0.000000,0
2026-03-27 13:23:00,66620.90,66621.00,66547.10,66558.10,86.208000,1063,21.641000,64.567000,66580.31,92333.43,-0.00010803,0.000000,0.000000,0
2026-03-27 13:24:00,66558.00,66568.00,66550.00,66568.00,58.669000,721,22.704000,35.965000,66560.47,92334.56,-0.00010803,0.000000,0.000000,0
2026-03-27 13:25:00,66568.00,66641.30,66567.90,66618.00,108.878000,1192,78.743000,30.135000,66619.79,92342.69,-0.00010881,0.000000,0.160000,0
2026-03-27 13:26:00,66618.00,66650.00,66611.40,66624.40,114.429000,1222,50.949000,63.480000,66631.41,92333.12,-0.00010884,0.024000,0.000000,0
2026-03-27 13:27:00,66624.40,66665.80,66615.10,66665.80,65.531000,800,38.485000,27.046000,66640.05,92327.00,-0.00010884,0.000000,0.000000,0
2026-03-27 13:28:00,66665.70,66665.80,66634.30,66653.90,70.302000,973,38.333000,31.969000,66651.72,92326.35,-0.00010840,0.000000,0.000000,0
2026-03-27 13:29:00,66653.90,66689.80,66653.80,66681.40,133.377000,1053,104.715000,28.662000,66670.44,92334.83,-0.00010792,0.331000,0.000000,0
2026-03-27 13:30:00,66681.50,66681.50,66630.90,66658.60,208.138000,1272,43.363000,164.775000,66656.64,92315.79,-0.00010792,0.000000,0.000000,0
2026-03-27 13:31:00,66658.50,66693.50,66628.30,66632.20,223.997000,3961,119.414000,104.583000,66667.36,92341.77,-0.00010711,0.000000,0.000000,0
2026-03-27 13:32:00,66632.20,66632.30,66390.00,66391.00,781.384000,5056,194.330000,587.054000,66495.98,92403.29,-0.00010696,0.000000,0.334000,0
2026-03-27 13:33:00,66390.90,66481.20,66334.50,66469.00,634.870000,5340,267.947000,366.923000,66396.11,92528.63,-0.00010776,0.000000,0.347000,0
2026-03-27 13:34:00,66468.70,66482.70,66381.60,66383.70,149.524000,2268,68.289000,81.235000,66445.06,92615.91,-0.00010776,0.000000,0.000000,0
2026-03-27 13:35:00,66383.70,66407.00,66309.70,66312.20,276.026000,2911,116.887000,159.139000,66350.33,92631.30,-0.00010799,0.160000,0.039000,0
2026-03-27 13:36:00,66312.10,66357.90,66255.00,66306.70,567.326000,5474,213.489000,353.837000,66291.00,92722.32,-0.00010770,0.000000,0.823000,0
2026-03-27 13:37:00,66306.70,66327.90,66201.20,66204.10,454.242000,4868,140.026000,314.216000,66249.20,92754.52,-0.00010770,0.000000,0.064000,0
2026-03-27 13:38:00,66204.20,66359.50,66025.40,66342.80,1729.788000,11945,658.276000,1071.512000,66197.80,92645.38,-0.00010768,0.000000,0.042000,0
2026-03-27 13:39:00,66342.90,66440.00,66342.90,66438.20,353.693000,4070,248.838000,104.855000,66399.67,92636.91,-0.00010711,0.216000,0.000000,0
2026-03-27 13:40:00,66438.30,66459.70,66389.30,66411.10,211.425000,2673,113.729000,97.696000,66427.38,92644.41,-0.00010534,0.000000,0.110000,0
2026-03-27 13:41:00,66411.00,66517.70,66389.30,66462.90,339.599000,3208,237.783000,101.816000,66466.21,92658.40,-0.00010534,0.878000,0.000000,0
2026-03-27 13:42:00,66463.00,66506.90,66400.00,66446.80,180.757000,2881,77.164000,103.593000,66445.71,92675.82,-0.00010429,0.000000,0.000000,0
2026-03-27 13:43:00,66446.70,66531.20,66433.10,66504.20,311.234000,3611,170.923000,140.311000,66480.86,92655.81,-0.00010362,0.002000,0.000000,0
2026-03-27 13:44:00,66504.10,66615.20,66476.10,66536.70,676.216000,5493,408.751000,267.465000,66544.66,92649.19,-0.00010362,0.128000,0.001000,0
2026-03-27 13:45:00,66536.60,66600.00,66467.40,66467.40,519.995000,3682,306.441000,213.554000,66550.05,92623.08,-0.00010269,0.374000,0.000000,0
2026-03-27 13:46:00,66467.40,66538.00,66410.30,66420.00,220.059000,3484,111.253000,108.806000,66469.63,92673.57,-0.00010242,0.000000,0.000000,0
2026-03-27 13:47:00,66420.10,66501.10,66416.80,66494.30,142.922000,2498,75.442000,67.480000,66458.35,92663.90,-0.00010301,0.000000,0.000000,0
2026-03-27 13:48:00,66494.20,66523.40,66446.10,66463.40,121.905000,2558,78.345000,43.560000,66489.39,92695.45,-0.00010301,0.000000,0.000000,0
2026-03-27 13:49:00,66463.30,66490.00,66416.80,66476.00,78.595000,1827,43.963000,34.632000,66443.07,92710.73,-0.00010259,0.000000,0.000000,0
2026-03-27 13:50:00,66475.90,66475.90,66373.70,66385.90,317.457000,2670,131.814000,185.643000,66403.28,92736.76,-0.00010295,0.000000,0.000000,0
2026-03-27 13:51:00,66385.90,66386.20,66236.60,66265.00,458.235000,4041,150.741000,307.494000,66296.08,92816.35,-0.00010295,0.000000,0.239000,0
2026-03-27 13:52:00,66265.10,66286.50,66225.30,66237.60,236.416000,2774,117.108000,119.308000,66253.01,92830.68,-0.00010315,0.000000,0.083000,0
2026-03-27 13:53:00,66238.40,66287.00,66220.00,66225.60,172.690000,2345,90.071000,82.619000,66251.99,92835.43,-0.00010405,0.000000,0.000000,0
2026-03-27 13:54:00,66225.70,66262.50,66181.40,66201.10,348.491000,2982,182.402000,166.089000,66208.80,92841.25,-0.00010378,0.000000,0.013000,0
2026-03-27 13:55:00,66201.20,66216.70,66191.90,66198.20,176.912000,1776,91.992000,84.920000,66202.98,92806.17,-0.00010378,0.000000,0.029000,0
2026-03-27 13:56:00,66198.30,66198.30,66104.40,66110.60,518.947000,5255,205.351000,313.596000,66138.69,92878.41,-0.00010405,0.000000,0.053000,0
2026-03-27 13:57:00,66110.80,66133.10,66051.40,66080.60,522.828000,4830,197.348000,325.480000,66082.86,92922.97,-0.00010440,0.000000,0.679000,0
2026-03-27 13:58:00,66080.70,66100.00,66045.20,66059.60,281.464000,2808,124.347000,157.117000,66072.60,92989.51,-0.00010440,0.000000,0.044000,0
2026-03-27 13:59:00,66059.70,66157.50,65950.00,66093.80,1337.963000,7408,446.960000,891.003000,66035.47,93070.82,-0.00010469,0.000000,0.465000,0
2026-03-27 14:00:00,66093.90,66165.30,66087.00,66153.90,275.701000,2821,171.052000,104.649000,66135.01,93116.91,-0.00010387,0.000000,0.000000,0
2026-03-27 14:01:00,66153.90,66232.60,66054.70,66206.90,571.626000,4877,263.384000,308.242000,66130.38,93187.65,-0.00010333,0.045000,0.000000,0
2026-03-27 14:02:00,66207.00,66237.80,66123.30,66123.40,246.367000,3799,112.109000,134.258000,66177.02,93188.43,-0.00010333,0.004000,0.000000,0
2026-03-27 14:03:00,66123.30,66189.60,66099.00,66183.20,367.769000,2890,214.654000,153.115000,66151.94,93277.10,-0.00010252,0.000000,0.000000,0
2026-03-27 14:04:00,66183.30,66242.80,66168.40,66190.00,322.398000,3316,223.245000,99.153000,66207.16,93220.18,-0.00010245,0.000000,0.152000,0
2026-03-27 14:05:00,66189.90,66274.40,66189.90,66271.10,312.199000,2364,168.348000,143.851000,66244.52,93194.49,-0.00010245,0.062000,0.000000,0
2026-03-27 14:06:00,66271.10,66333.00,66233.80,66303.00,326.262000,3506,209.511000,116.751000,66291.11,93171.53,-0.00010181,0.046000,0.000000,0
2026-03-27 14:07:00,66303.00,66334.90,66278.60,66305.60,345.976000,3236,196.426000,149.550000,66306.09,93116.00,-0.00010083,0.000000,0.000000,0
2026-03-27 14:08:00,66305.70,66350.00,66266.00,66333.60,171.934000,2199,112.697000,59.237000,66310.05,93096.54,-0.00010083,0.000000,0.000000,0
2026-03-27 14:09:00,66333.70,66350.00,66274.60,66274.60,183.194000,1848,82.875000,100.319000,66316.56,93102.46,-0.00009981,0.000000,0.000000,0
2026-03-27 14:10:00,66274.70,66312.40,66262.60,66279.70,136.443000,2084,76.538000,59.905000,66284.93,93098.99,-0.00009911,0.000000,0.000000,0
2026-03-27 14:11:00,66279.60,66321.80,66262.60,66289.30,103.483000,1644,47.068000,56.415000,66294.85,93081.39,-0.00009955,0.000000,0.000000,0
2026-03-27 14:12:00,66289.40,66309.00,66258.10,66290.30,95.933000,2081,40.598000,55.335000,66278.30,93086.90,-0.00009955,0.000000,0.000000,0
2026-03-27 14:13:00,66290.30,66375.20,66285.10,66294.10,180.364000,2603,102.158000,78.206000,66320.64,93082.03,-0.00009915,0.028000,0.000000,0
2026-03-27 14:14:00,66294.10,66310.50,66157.90,66171.70,350.540000,2600,148.230000,202.310000,66256.13,93141.29,-0.00009859,0.000000,0.589000,0
2026-03-27 14:15:00,66171.80,66338.70,66169.60,66320.90,140.946000,2474,92.930000,48.016000,66255.33,93135.44,-0.00009859,0.114000,0.000000,0
2026-03-27 14:16:00,66321.00,66340.60,66275.10,66328.70,148.706000,2743,79.691000,69.015000,66315.60,93155.54,-0.00009900,0.000000,0.000000,0
2026-03-27 14:17:00,66328.80,66328.80,66260.00,66278.20,108.456000,2221,50.268000,58.188000,66294.68,93164.23,-0.00009701,0.000000,0.000000,0
2026-03-27 14:18:00,66278.10,66278.20,66185.60,66250.00,169.009000,2460,51.643000,117.366000,66224.65,93161.54,-0.00009663,0.000000,0.000000,0
2026-03-27 14:19:00,66249.90,66249.90,66168.00,66190.10,127.413000,1834,68.916000,58.497000,66199.66,93173.81,-0.00009663,0.000000,0.062000,0
2026-03-27 14:20:00,66190.10,66216.60,66056.10,66086.30,303.744000,3037,73.613000,230.131000,66131.80,93206.46,-0.00009670,0.000000,1.044000,0
2026-03-27 14:21:00,66086.40,66095.20,65980.00,66023.40,484.433000,3573,152.807000,331.626000,66031.53,93204.24,-0.00009650,0.000000,1.167000,0
2026-03-27 14:22:00,66023.30,66041.90,65886.20,65984.80,1214.716000,8073,568.970000,645.746000,65941.93,93263.31,-0.00009650,0.000000,0.479000,0
2026-03-27 14:23:00,65984.70,65984.80,65810.00,65826.10,1017.818000,8331,296.178000,721.640000,65861.48,93277.35,-0.00009684,0.000000,4.130000,0
2026-03-27 14:24:00,65826.00,65897.00,65750.80,65860.50,1056.552000,7495,468.652000,587.900000,65817.61,93219.47,-0.00009773,0.000000,0.669000,0
2026-03-27 14:25:00,65860.60,65978.00,65849.20,65886.90,472.046000,5043,246.524000,225.522000,65933.19,93249.08,-0.00009773,0.009000,0.000000,0
2026-03-27 14:26:00,65886.60,65926.70,65853.70,65856.10,235.909000,3086,116.225000,119.684000,65890.63,93268.45,-0.00009830,0.000000,0.000000,0
2026-03-27 14:27:00,65856.20,65856.20,65784.00,65799.90,432.144000,4444,164.674000,267.470000,65815.73,93281.61,-0.00009800,0.000000,0.606000,0
2026-03-27 14:28:00,65800.00,65820.00,65705.70,65718.30,1182.188000,5937,405.780000,776.408000,65746.56,93432.98,-0.00009936,0.000000,0.699000,0
2026-03-27 14:29:00,65718.20,65750.00,65700.00,65712.90,496.783000,3981,303.665000,193.118000,65722.33,93547.46,-0.00009936,0.000000,0.193000,0
2026-03-27 14:30:00,65713.00,65731.60,65681.50,65694.80,582.579000,3634,241.029000,341.550000,65703.92,93617.03,-0.00010040,1.900000,0.084000,0
2026-03-27 14:31:00,65694.90,65777.50,65691.10,65771.50,407.729000,3773,224.703000,183.026000,65748.35,93634.41,-0.00010085,0.000000,0.000000,0
2026-03-27 14:32:00,65771.70,65814.90,65763.60,65783.80,311.793000,3178,208.493000,103.300000,65789.75,93636.79,-0.00010085,0.000000,0.011000,0
2026-03-27 14:33:00,65783.90,65788.40,65716.60,65745.70,237.972000,2351,96.155000,141.817000,65748.60,93658.30,-0.00010054,0.000000,0.000000,0
2026-03-27 14:34:00,65745.60,65870.70,65733.50,65859.70,368.587000,3025,216.217000,152.370000,65805.93,93670.39,-0.00010049,0.000000,0.000000,0
2026-03-27 14:35:00,65859.80,65890.10,65818.10,65855.60,374.924000,2989,252.942000,121.982000,65855.14,93640.39,-0.00010046,0.038000,0.000000,0
2026-03-27 14:36:00,65855.50,65923.70,65827.40,65873.40,315.898000,3090,164.203000,151.695000,65889.83,93664.61,-0.00010046,0.014000,0.000000,0
2026-03-27 14:37:00,65873.50,65991.60,65860.50,65940.30,422.392000,3604,286.947000,135.445000,65933.45,93680.47,-0.00009973,0.000000,0.000000,0
2026-03-27 14:38:00,65940.20,65940.30,65851.50,65851.50,155.532000,2444,49.785000,105.747000,65900.48,93573.96,-0.00009960,0.000000,0.000000,0
2026-03-27 14:39:00,65851.60,65851.60,65712.00,65747.50,364.872000,3031,96.423000,268.449000,65781.17,93601.46,-0.00009960,0.000000,0.401000,0
2026-03-27 14:40:00,65747.60,65797.70,65747.50,65771.90,133.177000,1803,76.035000,57.142000,65779.03,93680.74,-0.00009985,0.000000,0.000000,0
2026-03-27 14:41:00,65772.00,65858.80,65764.70,65842.80,277.545000,2230,202.896000,74.649000,65819.96,93770.07,-0.00010078,0.000000,0.000000,0
2026-03-27 14:42:00,65842.80,65864.90,65811.00,65855.00,232.628000,2006,62.968000,169.660000,65839.53,93849.84,-0.00010078,0.000000,0.000000,0
2026-03-27 14:43:00,65854.90,65855.00,65779.60,65785.30,133.185000,1588,51.884000,81.301000,65807.52,93865.17,-0.00010029,0.000000,0.000000,0
2026-03-27 14:44:00,65785.30,65825.90,65742.80,65810.00,165.478000,1824,96.797000,68.681000,65775.37,93870.58,-0.00009977,0.000000,0.000000,0
2026-03-27 14:45:00,65810.00,65879.50,65809.90,65862.50,185.338000,1900,113.761000,71.577000,65854.01,93891.35,-0.00009955,0.000000,0.000000,0
2026-03-27 14:46:00,65862.60,65891.40,65805.60,65815.70,133.308000,1759,81.159000,52.149000,65848.23,93912.66,-0.00009955,0.000000,0.000000,0
2026-03-27 14:47:00,65815.70,65820.00,65742.20,65803.90,139.963000,1804,40.209000,99.754000,65793.48,93948.27,-0.00009877,0.000000,0.006000,0
2026-03-27 14:48:00,65803.80,65880.60,65773.70,65869.00,116.495000,2142,70.631000,45.864000,65828.74,93951.34,-0.00009939,0.000000,0.000000,0
2026-03-27 14:49:00,65868.90,65913.80,65852.10,65865.70,190.059000,1845,115.862000,74.197000,65881.19,93960.64,-0.00009939,0.000000,0.000000,0
2026-03-27 14:50:00,65865.80,65921.80,65852.90,65921.80,161.350000,1775,95.006000,66.344000,65872.67,93945.53,-0.00009838,0.186000,0.000000,0
2026-03-27 14:51:00,65921.70,66058.00,65908.70,66050.10,584.884000,4141,311.647000,273.237000,65997.10,93927.35,-0.00009838,1.950000,0.000000,0
2026-03-27 14:52:00,66050.20,66055.80,65991.70,65993.20,405.777000,3105,229.961000,175.816000,66019.37,93950.09,-0.00009838,0.013000,0.014000,0
2026-03-27 14:53:00,65993.10,66039.10,65978.90,66039.10,206.524000,2246,116.774000,89.750000,66006.74,93961.93,-0.00009714,0.000000,0.000000,0
2026-03-27 14:54:00,66039.00,66057.90,65967.10,65987.90,283.239000,2186,171.875000,111.364000,66015.31,94025.41,-0.00009703,0.000000,0.000000,0
2026-03-27 14:55:00,65987.60,66000.00,65934.20,65943.50,148.084000,1774,56.730000,91.354000,65969.73,94053.36,-0.00009693,0.000000,0.000000,0
2026-03-27 14:56:00,65943.60,66115.90,65943.50,66092.00,593.152000,2571,455.151000,138.001000,66053.13,94077.81,-0.00009693,0.052000,0.000000,0
2026-03-27 14:57:00,66092.10,66144.00,66063.10,66126.10,522.959000,2850,212.271000,310.688000,66115.09,93921.92,-0.00009737,2.476000,0.000000,0
2026-03-27 14:58:00,66126.20,66168.30,66076.20,66160.10,637.965000,2166,210.166000,427.799000,66125.85,93769.19,-0.00009665,0.045000,0.172000,0
2026-03-27 14:59:00,66160.00,66206.30,66152.70,66160.60,428.270000,2439,241.327000,186.943000,66182.03,93671.38,-0.00009665,4.656000,0.000000,0
2026-03-27 15:00:00,66160.60,66175.90,66141.70,66162.70,270.090000,1628,97.124000,172.966000,66162.31,93649.69,-0.00009612,0.000000,0.000000,0
2026-03-27 15:01:00,66162.70,66200.10,66149.40,66200.00,551.060000,2369,255.066000,295.994000,66174.94,93554.39,-0.00009613,0.000000,0.000000,0
2026-03-27 15:02:00,66200.10,66200.10,66162.60,66165.90,199.254000,1101,72.651000,126.603000,66170.31,93508.01,-0.00009627,0.000000,0.000000,0
2026-03-27 15:03:00,66165.90,66210.80,66165.90,66180.30,203.311000,1514,109.937000,93.374000,66189.08,93456.85,-0.00009627,0.000000,0.000000,0
2026-03-27 15:04:00,66180.20,66227.20,66167.30,66217.60,212.741000,1689,111.260000,101.481000,66197.75,93468.52,-0.00009621,0.016000,0.000000,0
2026-03-27 15:05:00,66217.60,66238.00,66185.50,66194.60,375.779000,1811,184.370000,191.409000,66212.97,93388.43,-0.00009580,0.181000,0.000000,0
2026-03-27 15:06:00,66194.60,66194.60,66133.10,66179.50,205.095000,1792,76.914000,128.181000,66146.63,93389.32,-0.00009580,0.000000,0.010000,0
2026-03-27 15:07:00,66179.50,66248.60,66100.00,66100.10,358.762000,2704,188.909000,169.853000,66195.22,93285.73,-0.00009587,0.000000,0.000000,0
2026-03-27 15:08:00,66100.00,66117.40,66052.00,66115.30,321.175000,2054,134.944000,186.231000,66077.06,93306.12,-0.00009590,0.000000,0.000000,0
2026-03-27 15:09:00,66115.20,66213.70,66111.90,66201.30,139.783000,1606,82.878000,56.905000,66163.23,93316.21,-0.00009653,0.000000,0.000000,0
2026-03-27 15:10:00,66201.40,66201.40,66182.70,66201.30,317.367000,916,62.791000,254.576000,66184.44,93268.78,-0.00009653,0.000000,0.000000,0
2026-03-27 15:11:00,66201.30,66265.20,66201.20,66213.20,185.112000,2340,122.004000,63.108000,66238.99,93235.69,-0.00009553,0.137000,0.000000,0
2026-03-27 15:12:00,66213.10,66232.00,66176.40,66190.20,291.263000,1171,70.149000,221.114000,66201.31,93177.26,-0.00009457,0.000000,0.000000,0
2026-03-27 15:13:00,66190.10,66232.20,66160.00,66220.10,170.361000,1473,92.177000,78.184000,66185.61,93164.45,-0.00009457,0.019000,0.000000,0
2026-03-27 15:14:00,66220.10,66231.50,66189.20,66197.60,139.993000,1065,83.966000,56.027000,66205.13,93189.27,-0.00009439,0.000000,0.010000,0
2026-03-27 15:15:00,66197.50,66248.10,66190.20,66209.90,394.399000,1718,215.705000,178.694000,66216.93,93189.27,-0.00009339,0.000000,0.000000,0
2026-03-27 15:16:00,66209.80,66214.80,66168.70,66183.50,374.878000,1212,40.085000,334.793000,66204.02,93306.52,-0.00009256,0.000000,0.000000,0
2026-03-27 15:17:00,66183.50,66205.40,66155.60,66205.40,215.708000,1285,55.415000,160.293000,66171.80,93477.55,-0.00009256,0.000000,0.000000,0
2026-03-27 15:18:00,66205.30,66260.00,66150.00,66150.00,295.386000,2603,163.179000,132.207000,66201.88,93458.35,-0.00009228,0.000000,0.000000,0
2026-03-27 15:19:00,66150.00,66196.70,66150.00,66156.90,105.325000,1256,58.343000,46.982000,66175.65,93428.59,-0.00009123,0.000000,0.000000,0
2026-03-27 15:20:00,66156.80,66181.60,66060.00,66060.10,256.766000,1586,49.855000,206.911000,66112.10,93406.88,-0.00009123,0.000000,0.013000,0
2026-03-27 15:21:00,66060.10,66075.30,66031.00,66031.10,223.757000,1765,68.099000,155.658000,66046.64,93426.02,-0.00009060,0.000000,1.709000,0
2026-03-27 15:22:00,66031.00,66031.10,65968.70,65993.20,254.575000,2385,73.965000,180.610000,65986.70,93427.29,-0.00009030,0.000000,0.067000,0
2026-03-27 15:23:00,65993.30,66003.70,65935.50,65935.50,245.068000,1782,101.085000,143.983000,65975.01,93416.18,-0.00008965,0.000000,1.569000,0
2026-03-27 15:24:00,65935.50,66435.60,65930.30,66412.40,1101.444000,9677,703.184000,398.260000,66278.25,93409.77,-0.00008965,6.019000,0.029000,0
2026-03-27 15:25:00,66412.30,66412.30,66103.30,66170.30,634.520000,5668,268.036000,366.484000,66222.24,93363.77,-0.00008884,0.000000,0.007000,0
2026-03-27 15:26:00,66170.20,66195.40,66084.70,66149.40,582.418000,2633,140.862000,441.556000,66147.50,93321.28,-0.00008654,0.000000,0.000000,0
2026-03-27 15:27:00,66149.50,66200.00,66136.00,66200.00,148.275000,2171,94.430000,53.845000,66166.20,93614.36,-0.00008654,0.000000,0.000000,0
2026-03-27 15:28:00,66199.90,66208.60,66151.30,66198.40,137.077000,1994,60.137000,76.940000,66188.43,93625.43,-0.00008594,0.000000,0.000000,0
2026-03-27 15:29:00,66198.40,66220.00,66158.30,66215.70,146.990000,1906,64.476000,82.514000,66185.11,93613.67,-0.00008431,0.000000,0.000000,0
2026-03-27 15:30:00,66215.80,66318.00,66189.20,66306.90,728.275000,3709,452.620000,275.655000,66273.09,93606.15,-0.00008431,0.002000,0.000000,0
2026-03-27 15:31:00,66307.00,66367.90,66258.10,66357.30,337.276000,2887,164.839000,172.437000,66303.01,93591.25,-0.00008291,0.023000,0.000000,0
2026-03-27 15:32:00,66357.40,66439.20,66320.10,66399.30,445.436000,4033,293.639000,151.797000,66397.73,93607.74,-0.00008120,0.034000,0.000000,0
2026-03-27 15:33:00,66399.30,66414.90,66350.00,66406.30,206.656000,2115,106.974000,99.682000,66381.06,93536.96,-0.00007930,0.000000,0.000000,0
2026-03-27 15:34:00,66406.30,66470.00,66390.00,66439.30,367.766000,2768,253.062000,114.704000,66432.13,93536.20,-0.00007930,0.323000,0.000000,0
2026-03-27 15:35:00,66439.60,66492.00,66425.30,66492.00,245.934000,2625,146.891000,99.043000,66464.77,93448.30,-0.00007814,0.224000,0.000000,0
2026-03-27 15:36:00,66492.00,66536.60,66470.00,66470.00,440.141000,2747,245.352000,194.789000,66496.44,93383.22,-0.00007621,0.014000,0.000000,0
2026-03-27 15:37:00,66470.10,66554.00,66470.00,66548.30,299.089000,1489,186.719000,112.370000,66501.59,93362.55,-0.00007621,0.039000,0.000000,0
2026-03-27 15:38:00,66548.40,66615.00,66529.30,66553.80,625.255000,4009,407.192000,218.063000,66575.21,93399.41,-0.00007488,0.738000,0.000000,0
2026-03-27 15:39:00,66553.90,66553.90,66488.10,66515.10,389.338000,1780,89.619000,299.719000,66518.12,93284.92,-0.00007303,0.000000,0.000000,0
2026-03-27 15:40:00,66515.00,66516.90,66401.00,66443.90,576.991000,2363,107.180000,469.811000,66467.34,93424.94,-0.00007251,0.000000,0.000000,0
2026-03-27 15:41:00,66444.00,66450.00,66316.20,66332.00,309.926000,2631,98.243000,211.683000,66390.64,93711.45,-0.00007251,0.000000,0.327000,0
2026-03-27 15:42:00,66332.10,66369.10,66301.00,66328.70,206.655000,2268,108.338000,98.317000,66339.07,93689.83,-0.00007196,0.000000,0.000000,0
2026-03-27 15:43:00,66328.70,66358.00,66311.20,66335.90,153.829000,1542,85.744000,68.085000,66337.05,93699.49,-0.00007161,0.000000,0.054000,0
2026-03-27 15:44:00,66336.00,66373.00,66333.00,66351.00,109.663000,1083,61.328000,48.335000,66354.85,93702.22,-0.00007161,0.000000,0.001000,0
2026-03-27 15:45:00,66351.00,66372.50,66350.00,66372.50,97.209000,814,32.227000,64.982000,66357.35,93714.19,-0.00007057,0.000000,0.000000,0
2026-03-27 15:46:00,66372.50,66438.90,66372.50,66400.10,142.130000,1460,49.067000,93.063000,66414.69,93698.49,-0.00006921,0.005000,0.000000,0
2026-03-27 15:47:00,66400.00,66400.00,66275.10,66290.40,492.597000,2358,82.883000,409.714000,66310.09,93714.68,-0.00006770,0.000000,0.026000,0
2026-03-27 15:48:00,66290.40,66351.20,66290.40,66347.20,217.889000,1676,162.389000,55.500000,66318.12,93864.76,-0.00006770,0.000000,0.000000,0
2026-03-27 15:49:00,66347.30,66347.30,66300.00,66311.10,171.730000,1173,70.882000,100.848000,66314.03,93848.69,-0.00006686,0.000000,0.000000,0
2026-03-27 15:50:00,66311.10,66339.60,66311.00,66318.10,69.002000,1095,29.918000,39.084000,66323.33,93926.60,-0.00006574,0.000000,0.000000,0
2026-03-27 15:51:00,66318.20,66365.70,66318.10,66335.80,80.923000,994,41.787000,39.136000,66345.27,93920.48,-0.00006574,0.000000,0.000000,0
2026-03-27 15:52:00,66335.90,66342.20,66273.00,66277.10,163.849000,1357,60.483000,103.366000,66315.48,93910.23,-0.00006427,0.000000,0.019000,0
2026-03-27 15:53:00,66277.10,66320.20,66218.80,66243.20,203.172000,1912,87.561000,115.611000,66267.46,93899.18,-0.00006302,0.000000,0.415000,0
2026-03-27 15:54:00,66243.20,66254.40,66157.30,66203.00,268.428000,2428,97.669000,170.759000,66195.71,93905.65,-0.00006302,0.000000,0.163000,0
2026-03-27 15:55:00,66203.10,66231.00,66176.10,66185.40,170.548000,1310,93.803000,76.745000,66210.41,93948.24,-0.00006195,0.000000,0.000000,0
2026-03-27 15:56:00,66185.40,66185.40,66133.80,66142.40,223.371000,1995,68.711000,154.660000,66158.62,93962.27,-0.00006111,0.000000,0.069000,0
2026-03-27 15:57:00,66142.50,66154.50,66132.50,66136.20,135.014000,965,50.554000,84.460000,66142.68,94006.93,-0.00006058,0.000000,0.331000,0
2026-03-27 15:58:00,66136.30,66136.30,66051.20,66095.90,524.150000,3088,155.967000,368.183000,66089.23,94019.13,-0.00006058,0.000000,0.300000,0
2026-03-27 15:59:00,66095.80,66126.20,66086.40,66095.50,133.353000,1254,80.457000,52.896000,66104.18,93924.68,-0.00005955,0.000000,0.000000,0
2026-03-27 16:00:00,66095.40,66135.90,66068.80,66091.90,217.516000,1857,65.260000,152.256000,66094.54,93938.93,-0.00005841,0.000000,0.000000,0
2026-03-27 16:01:00,66092.00,66092.00,65988.30,66000.00,396.568000,2109,124.719000,271.849000,66032.99,93974.30,-0.00005841,0.000000,0.178000,0
2026-03-27 16:02:00,65999.90,66017.90,65900.00,65953.90,703.036000,3354,376.220000,326.816000,65959.90,93932.65,-0.00005690,0.000000,6.008000,0
2026-03-27 16:03:00,65953.80,66088.30,65953.80,66050.10,217.398000,2265,141.002000,76.396000,66036.81,93826.84,-0.00005612,0.003000,0.000000,0
2026-03-27 16:04:00,66050.20,66053.10,66000.00,66003.50,217.287000,2140,64.973000,152.314000,66018.78,93860.17,-0.00005456,0.000000,0.000000,0
2026-03-27 16:05:00,66003.40,66003.50,65922.30,65922.30,214.243000,2428,105.448000,108.795000,65948.37,93838.21,-0.00005456,0.000000,0.002000,0
2026-03-27 16:06:00,65922.40,65936.80,65875.00,65891.20,340.934000,2603,94.563000,246.371000,65903.06,93745.64,-0.00005397,0.000000,1.852000,0
2026-03-27 16:07:00,65891.10,65891.20,65731.80,65855.90,1366.126000,6702,435.682000,930.444000,65811.21,93704.30,-0.00005379,0.000000,2.327000,0
2026-03-27 16:08:00,65856.00,65900.00,65821.90,65834.30,301.628000,2232,154.599000,147.029000,65859.96,93847.16,-0.00005379,0.000000,0.000000,0
2026-03-27 16:09:00,65834.30,65851.60,65783.90,65793.60,195.168000,2010,98.987000,96.181000,65811.16,93857.83,-0.00005337,0.000000,0.000000,0
2026-03-27 16:10:00,65793.60,65846.10,65791.00,65806.80,263.396000,2243,149.302000,114.094000,65809.62,93877.13,-0.00005207,0.000000,0.000000,0
2026-03-27 16:11:00,65806.90,65859.70,65806.80,65836.10,154.262000,1688,99.256000,55.006000,65834.30,93911.30,-0.00005207,0.000000,0.000000,0
2026-03-27 16:12:00,65836.10,65898.20,65821.40,65898.10,126.522000,1606,86.396000,40.126000,65859.94,93938.23,-0.00005125,0.000000,0.000000,0
2026-03-27 16:13:00,65898.20,65939.10,65898.20,65905.80,244.290000,1987,132.023000,112.267000,65919.49,93931.68,-0.00004987,0.000000,0.000000,0
2026-03-27 16:14:00,65905.90,65956.80,65905.80,65936.50,202.240000,1963,137.738000,64.502000,65936.91,93947.43,-0.00004810,0.000000,0.000000,0
2026-03-27 16:15:00,65936.60,65980.00,65929.00,65948.10,261.385000,1451,133.258000,128.127000,65952.15,93978.44,-0.00004810,0.135000,0.018000,0
2026-03-27 16:16:00,65948.00,65948.00,65878.50,65889.20,276.158000,2734,85.311000,190.847000,65912.47,93989.31,-0.00004668,0.000000,0.000000,0
2026-03-27 16:17:00,65889.20,65903.50,65843.60,65847.10,107.360000,1728,41.625000,65.735000,65875.54,94033.93,-0.00004592,0.000000,0.006000,0
2026-03-27 16:18:00,65847.10,65877.80,65800.10,65877.80,187.866000,2098,93.295000,94.571000,65835.35,94069.51,-0.00004592,0.000000,0.031000,0
2026-03-27 16:19:00,65877.80,65931.60,65875.20,65931.60,127.235000,1852,70.755000,56.480000,65908.20,94060.72,-0.00004574,0.000000,0.000000,0
2026-03-27 16:20:00,65931.50,65958.40,65931.50,65944.00,93.978000,1136,53.857000,40.121000,65944.54,94066.37,-0.00004511,0.000000,0.000000,0
2026-03-27 16:21:00,65944.10,66049.10,65943.80,66030.10,250.297000,2680,192.711000,57.586000,66001.78,94077.03,-0.00004511,0.088000,0.000000,0
2026-03-27 16:22:00,66030.20,66070.60,66015.00,66022.60,199.648000,1982,118.391000,81.257000,66048.14,94084.13,-0.00004356,0.362000,0.000000,0
2026-03-27 16:23:00,66022.60,66026.40,65939.30,65939.30,176.724000,1435,71.004000,105.720000,65984.38,94078.72,-0.00004211,0.000000,0.000000,0
2026-03-27 16:24:00,65939.30,65949.80,65865.50,65880.60,172.693000,1667,87.145000,85.548000,65902.33,94120.21,-0.00004200,0.000000,0.113000,0
2026-03-27 16:25:00,65880.60,65880.60,65821.10,65823.90,208.459000,1489,103.793000,104.666000,65837.23,94150.09,-0.00004200,0.000000,0.234000,0
2026-03-27 16:26:00,65823.90,65850.00,65780.00,65837.20,157.629000,2143,56.366000,101.263000,65812.70,94174.96,-0.00004225,0.000000,0.302000,0
2026-03-27 16:27:00,65837.10,65903.60,65837.10,65896.20,89.795000,1526,61.258000,28.537000,65885.30,94185.85,-0.00004231,0.000000,0.000000,0
2026-03-27 16:28:00,65896.10,65944.20,65885.30,65924.30,151.360000,1741,72.113000,79.247000,65923.36,94191.17,-0.00004231,0.000000,0.000000,0
2026-03-27 16:29:00,65924.40,65959.60,65919.10,65937.30,75.541000,1069,31.076000,44.465000,65936.04,94220.76,-0.00004111,0.000000,0.000000,0
2026-03-27 16:30:00,65937.30,65941.80,65915.10,65926.50,49.368000,843,24.427000,24.941000,65930.36,94227.57,-0.00004023,0.000000,0.000000,0
2026-03-27 16:31:00,65926.60,65932.80,65864.40,65900.00,153.222000,1743,63.570000,89.652000,65902.57,94227.15,-0.00003972,0.000000,0.000000,0
2026-03-27 16:32:00,65900.00,65935.00,65877.00,65922.80,52.774000,1061,30.820000,21.954000,65912.41,94254.46,-0.00003972,0.000000,0.000000,0
2026-03-27 16:33:00,65922.80,65924.60,65900.10,65916.80,56.601000,765,41.180000,15.421000,65914.10,94260.66,-0.00003923,0.000000,0.022000,0
2026-03-27 16:34:00,65916.60,65924.60,65862.90,65891.30,58.784000,1212,22.932000,35.852000,65907.67,94283.38,-0.00003811,0.000000,0.000000,0
2026-03-27 16:35:00,65891.20,65929.60,65864.70,65918.80,59.614000,1091,33.156000,26.458000,65897.04,94291.35,-0.00003811,0.000000,0.000000,0
2026-03-27 16:36:00,65918.90,65960.00,65906.00,65947.60,81.340000,1709,56.536000,24.804000,65940.94,94302.89,-0.00003746,0.000000,0.000000,0
2026-03-27 16:37:00,65947.50,65950.10,65890.70,65890.70,99.996000,1156,57.511000,42.485000,65906.77,94308.06,-0.00003648,0.000000,0.010000,0
2026-03-27 16:38:00,65890.70,65894.30,65790.60,65803.00,164.682000,1665,37.414000,127.268000,65835.70,94302.09,-0.00003618,0.000000,0.072000,0
2026-03-27 16:39:00,65803.10,65849.60,65782.00,65796.20,133.903000,1868,60.816000,73.087000,65805.14,94283.84,-0.00003618,0.000000,0.000000,0
2026-03-27 16:40:00,65796.20,65836.40,65796.20,65817.80,56.756000,837,31.373000,25.383000,65816.93,94293.36,-0.00003640,0.000000,0.000000,0
2026-03-27 16:41:00,65817.70,65817.80,65785.00,65807.00,205.228000,1182,34.216000,171.012000,65797.99,94377.20,-0.00003582,0.000000,0.004000,0
2026-03-27 16:42:00,65807.00,65874.90,65800.00,65845.30,162.700000,1247,110.828000,51.872000,65827.53,94389.94,-0.00003582,0.000000,0.731000,0
2026-03-27 16:43:00,65845.30,65889.10,65840.60,65857.40,48.694000,1056,21.229000,27.465000,65862.52,94416.62,-0.00003518,0.000000,0.000000,0
2026-03-27 16:44:00,65857.50,66000.00,65857.40,65933.40,200.559000,2150,155.548000,45.011000,65955.59,94414.57,-0.00003446,0.214000,0.000000,0
2026-03-27 16:45:00,65933.50,66000.00,65920.10,65992.10,155.955000,1632,102.013000,53.942000,65966.96,94393.98,-0.00003446,0.000000,0.000000,0
2026-03-27 16:46:00,65992.10,66075.00,65982.20,66040.90,326.970000,2504,217.027000,109.943000,66036.96,94425.19,-0.00003348,2.025000,0.000000,0
2026-03-27 16:47:00,66040.80,66118.80,66037.30,66108.00,295.895000,2737,159.155000,136.740000,66079.56,94456.44,-0.00003249,0.086000,0.000000,0
2026-03-27 16:48:00,66107.90,66149.60,66025.10,66033.90,349.131000,3589,149.649000,199.482000,66090.61,94413.01,-0.00003131,0.000000,0.000000,0
2026-03-27 16:49:00,66033.90,66038.00,65937.70,65997.00,305.983000,2027,166.902000,139.081000,65981.65,94403.22,-0.00003131,0.000000,0.000000,0
2026-03-27 16:50:00,65997.00,66054.10,65993.10,66021.30,64.242000,1337,30.780000,33.462000,66021.95,94370.86,-0.00003138,0.000000,0.000000,0
2026-03-27 16:51:00,66021.30,66021.30,65868.20,65892.90,169.908000,2382,57.817000,112.091000,65939.50,94367.71,-0.00003091,0.000000,0.111000,0
2026-03-27 16:52:00,65892.90,65920.30,65853.90,65859.20,144.968000,1260,62.364000,82.604000,65887.13,94361.12,-0.00003091,0.000000,0.019000,0
2026-03-27 16:53:00,65859.10,65859.10,65808.60,65823.60,116.045000,1363,45.887000,70.158000,65825.55,94382.33,-0.00003149,0.000000,0.066000,0
2026-03-27 16:54:00,65823.50,65909.00,65814.30,65909.00,63.028000,1142,34.833000,28.195000,65856.44,94394.06,-0.00003169,0.000000,0.000000,0
2026-03-27 16:55:00,65909.00,65966.30,65907.60,65919.90,87.060000,1498,31.977000,55.083000,65929.91,94383.79,-0.00003101,0.000000,0.000000,0
2026-03-27 16:56:00,65920.00,65923.60,65884.30,65884.30,49.398000,752,24.338000,25.060000,65906.56,94391.19,-0.00003101,0.000000,0.000000,0
2026-03-27 16:57:00,65884.30,65939.10,65880.50,65939.10,72.023000,893,36.696000,35.327000,65907.67,94402.64,-0.00003038,0.000000,0.000000,0
2026-03-27 16:58:00,65939.10,65988.50,65933.50,65933.60,78.165000,1037,41.245000,36.920000,65961.42,94400.17,-0.00003012,0.000000,0.000000,0
2026-03-27 16:59:00,65933.50,65936.70,65914.90,65931.00,65.914000,678,30.453000,35.461000,65926.68,94416.83,-0.00003012,0.000000,0.008000,0
2026-03-27 17:00:00,65931.00,65949.50,65930.90,65945.50,31.818000,386,18.512000,13.306000,65942.87,94413.51,-0.00002945,0.000000,0.036000,0
2026-03-27 17:01:00,65945.40,65975.50,65930.70,65958.80,113.099000,1362,55.758000,57.341000,65957.20,94434.96,-0.00002933,0.000000,0.032000,0
2026-03-27 17:02:00,65958.90,65966.50,65905.60,65932.20,93.434000,1464,42.182000,51.252000,65934.43,94435.13,-0.00002885,0.000000,0.000000,0
2026-03-27 17:03:00,65932.10,65976.20,65900.10,65968.40,75.349000,1205,29.679000,45.670000,65949.06,94443.83,-0.00002885,0.000000,0.002000,0
2026-03-27 17:04:00,65968.40,66010.00,65968.40,65996.60,109.402000,1052,55.033000,54.369000,65995.58,94461.09,-0.00002881,0.000000,0.000000,0
2026-03-27 17:05:00,65996.60,66017.90,65988.30,66001.70,105.136000,843,64.374000,40.762000,65999.91,94471.40,-0.00002795,0.002000,0.008000,0
2026-03-27 17:06:00,66001.80,66017.90,65971.40,65987.40,77.645000,1185,39.066000,38.579000,65991.15,94477.49,-0.00002795,0.000000,0.000000,0
2026-03-27 17:07:00,65987.50,66178.40,65978.50,66171.70,225.355000,2049,145.389000,79.966000,66088.86,94491.57,-0.00002758,0.005000,0.002000,0
2026-03-27 17:08:00,66171.80,66267.40,66078.60,66144.70,907.626000,7739,583.700000,323.926000,66189.01,94511.99,-0.00002758,0.215000,0.000000,0
2026-03-27 17:09:00,66144.80,66179.10,66067.50,66131.40,223.578000,2351,77.873000,145.705000,66115.22,94485.01,-0.00002758,0.000000,0.000000,0
2026-03-27 17:10:00,66131.80,66171.50,66112.20,66132.80,102.728000,1438,58.510000,44.218000,66146.25,94497.99,-0.00002625,0.012000,0.004000,0
2026-03-27 17:11:00,66132.80,66153.70,66108.80,66143.10,121.024000,1420,61.764000,59.260000,66135.18,94526.26,-0.00002589,0.000000,0.000000,0
2026-03-27 17:12:00,66143.20,66182.30,66136.60,66166.60,90.146000,1802,56.423000,33.723000,66162.32,94520.33,-0.00002595,0.000000,0.000000,0
2026-03-27 17:13:00,66166.60,66177.60,66154.00,66157.80,62.916000,1011,31.690000,31.226000,66164.80,94522.07,-0.00002595,0.000000,0.000000,0
2026-03-27 17:14:00,66157.90,66177.60,66123.60,66126.80,75.893000,858,35.424000,40.469000,66160.05,94520.35,-0.00002562,0.000000,0.000000,0
2026-03-27 17:15:00,66126.90,66178.50,66106.60,66178.50,66.274000,977,44.569000,21.705000,66137.11,94533.52,-0.00002566,0.000000,0.000000,0
2026-03-27 17:16:00,66178.40,66213.90,66158.40,66201.10,101.086000,1155,43.894000,57.192000,66182.09,94548.45,-0.00002566,0.000000,0.000000,0
2026-03-27 17:17:00,66201.00,66248.50,66201.00,66222.50,161.160000,1623,79.886000,81.274000,66226.84,94552.17,-0.00002610,0.000000,0.000000,0
2026-03-27 17:18:00,66222.60,66229.70,66106.70,66133.30,146.484000,2082,61.534000,84.950000,66177.24,94584.78,-0.00002567,0.000000,0.000000,0
2026-03-27 17:19:00,66133.20,66160.50,66064.50,66094.10,159.166000,1733,48.695000,110.471000,66097.22,94590.42,-0.00002638,0.000000,0.017000,0
2026-03-27 17:20:00,66094.10,66094.20,66055.50,66083.50,81.064000,1024,30.324000,50.740000,66075.19,94590.61,-0.00002638,0.000000,0.000000,0
2026-03-27 17:21:00,66083.50,66083.60,65955.30,65980.50,382.261000,2843,78.323000,303.938000,66018.71,94559.24,-0.00002675,0.000000,0.042000,0
2026-03-27 17:22:00,65980.60,65980.60,65888.00,65888.10,197.970000,1751,44.153000,153.817000,65929.31,94556.12,-0.00002715,0.000000,0.085000,0
2026-03-27 17:23:00,65888.00,65978.50,65872.20,65978.50,210.317000,2070,79.822000,130.495000,65920.25,94564.59,-0.00002715,0.000000,0.080000,0
2026-03-27 17:24:00,65978.50,65983.20,65953.30,65972.40,90.095000,668,59.730000,30.365000,65966.04,94590.67,-0.00002780,0.000000,0.000000,0
2026-03-27 17:25:00,65972.40,65972.40,65910.20,65917.50,439.663000,1841,315.037000,124.626000,65939.01,94477.48,-0.00002722,0.000000,0.000000,0
2026-03-27 17:26:00,65917.50,65920.10,65846.00,65900.30,143.952000,1480,67.035000,76.917000,65876.25,94509.99,-0.00002699,0.000000,0.502000,0
2026-03-27 17:27:00,65900.40,65920.10,65852.80,65875.50,75.047000,1174,36.578000,38.469000,65889.12,94517.68,-0.00002699,0.000000,0.004000,0
2026-03-27 17:28:00,65875.50,65888.50,65841.40,65888.50,127.431000,1542,90.799000,36.632000,65864.36,94529.58,-0.00002708,0.000000,0.000000,0
2026-03-27 17:29:00,65888.50,65898.20,65856.40,65869.70,86.266000,1063,44.503000,41.763000,65876.68,94538.53,-0.00002704,0.000000,0.032000,0
2026-03-27 17:30:00,65869.60,65871.60,65828.10,65828.20,143.726000,1185,41.253000,102.473000,65853.41,94599.13,-0.00002704,0.000000,0.022000,0
2026-03-27 17:31:00,65828.10,65879.60,65828.10,65869.40,87.408000,1261,48.363000,39.045000,65860.23,94601.60,-0.00002668,0.000000,0.000000,0
2026-03-27 17:32:00,65869.40,65901.30,65833.40,65850.10,211.528000,1628,148.590000,62.938000,65863.97,94551.51,-0.00002637,0.000000,0.098000,0
2026-03-27 17:33:00,65850.20,65878.00,65803.30,65803.40,90.887000,1188,28.406000,62.481000,65838.55,94540.90,-0.00002637,0.000000,0.022000,0
2026-03-27 17:34:00,65803.30,65824.60,65706.10,65800.00,375.790000,2600,121.916000,253.874000,65771.87,94525.62,-0.00002582,0.000000,0.199000,0
2026-03-27 17:35:00,65799.90,65875.00,65799.90,65866.10,177.340000,1773,106.937000,70.403000,65851.96,94518.69,-0.00002583,0.000000,0.000000,0
2026-03-27 17:36:00,65866.00,65895.20,65842.70,65857.90,71.633000,1340,35.950000,35.683000,65864.04,94515.50,-0.00002530,0.005000,0.000000,0
2026-03-27 17:37:00,65857.90,65858.00,65786.10,65806.10,83.253000,1490,35.934000,47.319000,65815.52,94521.25,-0.00002530,0.000000,0.000000,0
2026-03-27 17:38:00,65805.80,65840.90,65775.60,65831.70,71.940000,1198,36.543000,35.397000,65803.42,94525.99,-0.00002509,0.000000,0.000000,0
2026-03-27 17:39:00,65831.70,65890.90,65831.60,65860.30,85.116000,1155,56.597000,28.519000,65861.86,94539.46,-0.00002578,0.000000,0.000000,0
2026-03-27 17:40:00,65860.30,65860.40,65833.50,65840.10,48.569000,491,19.882000,28.687000,65849.75,94540.88,-0.00002578,0.000000,0.000000,0
2026-03-27 17:41:00,65840.10,65894.40,65835.50,65867.50,83.513000,1096,42.160000,41.353000,65870.13,94553.24,-0.00002503,0.000000,0.000000,0
2026-03-27 17:42:00,65867.50,65874.90,65796.90,65798.50,72.058000,1069,28.493000,43.565000,65841.02,94545.89,-0.00002500,0.000000,0.000000,0
2026-03-27 17:43:00,65798.50,65805.60,65746.00,65749.30,295.822000,1966,90.244000,205.578000,65765.72,94574.52,-0.00002483,0.000000,0.021000,0
2026-03-27 17:44:00,65749.20,65760.10,65621.40,65666.80,975.451000,4275,336.270000,639.181000,65682.97,94623.46,-0.00002483,0.000000,0.473000,0
2026-03-27 17:45:00,65666.70,65686.10,65550.00,65589.90,796.286000,5318,232.323000,563.963000,65599.24,94624.41,-0.00002572,0.000000,2.695000,0
2026-03-27 17:46:00,65590.00,65700.00,65579.60,65680.10,340.066000,3391,197.350000,142.716000,65663.03,94586.29,-0.00002649,0.000000,0.020000,0
2026-03-27 17:47:00,65680.10,65702.00,65629.40,65702.00,167.604000,1782,82.970000,84.634000,65659.25,94584.14,-0.00002649,0.000000,0.000000,0
2026-03-27 17:48:00,65701.90,65711.80,65635.50,65635.60,150.724000,1763,56.908000,93.816000,65662.66,94573.12,-0.00002647,0.000000,0.014000,0
2026-03-27 17:49:00,65635.50,65635.60,65556.20,65607.00,315.615000,3330,97.901000,217.714000,65588.45,94592.28,-0.00002602,0.000000,1.415000,0
2026-03-27 17:50:00,65607.10,65656.00,65587.10,65618.00,99.410000,1398,60.238000,39.172000,65619.52,94582.88,-0.00002602,0.000000,0.006000,0
2026-03-27 17:51:00,65618.00,65654.90,65607.80,65643.00,95.042000,1071,52.885000,42.157000,65636.11,94590.97,-0.00002609,0.000000,0.000000,0
2026-03-27 17:52:00,65642.90,65664.50,65624.60,65630.60,86.305000,1003,39.928000,46.377000,65646.32,94604.66,-0.00002580,0.000000,0.000000,0
2026-03-27 17:53:00,65630.70,65674.00,65575.60,65662.30,154.202000,1903,82.267000,71.935000,65620.90,94622.41,-0.00002533,0.000000,0.405000,0
2026-03-27 17:54:00,65662.20,65707.00,65662.20,65696.40,132.088000,1053,92.796000,39.292000,65686.14,94622.41,-0.00002533,0.000000,0.000000,0
2026-03-27 17:55:00,65696.40,65706.10,65630.60,65646.90,104.702000,1390,39.642000,65.060000,65679.37,94653.70,-0.00002529,0.000000,0.000000,0
2026-03-27 17:56:00,65646.90,65685.20,65646.90,65654.10,76.342000,1198,49.743000,26.599000,65663.07,94660.15,-0.00002426,0.000000,0.000000,0
2026-03-27 17:57:00,65654.10,65666.60,65596.30,65601.00,177.640000,2043,104.160000,73.480000,65624.26,94652.92,-0.00002426,0.000000,0.000000,0
2026-03-27 17:58:00,65600.90,65620.30,65580.00,65611.50,109.832000,1472,46.496000,63.336000,65602.40,94688.70,-0.00002412,0.000000,0.133000,0
2026-03-27 17:59:00,65611.50,65630.40,65600.10,65616.30,123.346000,1312,70.840000,52.506000,65615.60,94692.84,-0.00002419,0.000000,0.000000,0
2026-03-27 18:00:00,65616.30,65628.60,65600.00,65604.10,70.300000,590,31.194000,39.106000,65619.32,94725.35,-0.00002386,0.000000,0.000000,0
2026-03-27 18:01:00,65604.10,65635.10,65595.40,65625.10,126.069000,1376,94.200000,31.869000,65618.75,94733.10,-0.00002386,0.000000,0.000000,0
2026-03-27 18:02:00,65625.00,65646.60,65612.10,65629.20,104.693000,1229,71.611000,33.082000,65631.32,94722.72,-0.00002349,0.000000,0.000000,0
2026-03-27 18:03:00,65629.20,65711.60,65612.00,65673.50,195.745000,2591,138.650000,57.095000,65674.35,94713.95,-0.00002286,0.000000,0.000000,0
2026-03-27 18:04:00,65673.50,65733.80,65651.90,65678.10,168.257000,2330,110.503000,57.754000,65705.83,94666.92,-0.00002286,0.000000,0.000000,0
2026-03-27 18:05:00,65678.10,65693.30,65641.90,65648.50,92.178000,1534,49.595000,42.583000,65670.64,94652.32,-0.00002187,0.000000,0.000000,0
2026-03-27 18:06:00,65648.50,65713.80,65648.50,65684.90,78.798000,1343,50.122000,28.676000,65684.61,94646.65,-0.00002145,0.000000,0.000000,0
2026-03-27 18:07:00,65684.80,65762.60,65676.80,65752.40,146.000000,1735,88.751000,57.249000,65738.40,94657.42,-0.00002086,0.144000,0.000000,0
2026-03-27 18:08:00,65752.40,65752.40,65674.10,65689.20,97.993000,1639,34.659000,63.334000,65698.14,94650.27,-0.00002086,0.000000,0.000000,0
2026-03-27 18:09:00,65689.20,65710.50,65680.20,65697.60,82.287000,1264,34.507000,47.780000,65696.96,94661.15,-0.00001985,0.000000,0.000000,0
2026-03-27 18:10:00,65697.60,65699.50,65647.20,65677.30,104.810000,1454,34.424000,70.386000,65670.01,94668.61,-0.00001986,0.000000,0.000000,0
2026-03-27 18:11:00,65677.30,65680.00,65642.30,65670.80,49.341000,1276,20.794000,28.547000,65663.58,94686.30,-0.00001986,0.000000,0.000000,0
2026-03-27 18:12:00,65671.00,65729.80,65671.00,65716.90,87.641000,1195,37.793000,49.848000,65708.50,94690.41,-0.00001962,0.000000,0.000000,0
2026-03-27 18:13:00,65716.80,65716.80,65670.50,65677.90,48.688000,775,22.730000,25.958000,65685.79,94682.91,-0.00001867,0.000000,0.000000,0
2026-03-27 18:14:00,65678.00,65691.50,65610.30,65610.30,115.758000,1362,18.076000,97.682000,65651.49,94721.93,-0.00001867,0.000000,0.000000,0
2026-03-27 18:15:00,65610.40,65613.20,65555.00,65590.10,307.999000,2403,138.738000,169.261000,65581.10,94725.10,-0.00001858,0.000000,0.194000,0
2026-03-27 18:16:00,65590.10,65626.80,65579.50,65619.30,85.955000,1650,55.389000,30.566000,65600.75,94784.48,-0.00001917,0.000000,0.000000,0
2026-03-27 18:17:00,65619.40,65684.60,65609.00,65680.70,72.048000,1387,36.987000,35.061000,65635.34,94810.07,-0.00001886,0.000000,0.000000,0
2026-03-27 18:18:00,65680.70,65736.00,65673.60,65702.90,123.719000,1930,70.234000,53.485000,65705.20,94809.83,-0.00001886,0.011000,0.000000,0
2026-03-27 18:19:00,65702.90,65765.30,65692.50,65729.70,170.451000,2008,51.311000,119.140000,65729.84,94817.08,-0.00001772,0.005000,0.000000,0
2026-03-27 18:20:00,65729.90,65807.80,65727.00,65770.80,179.008000,1289,98.970000,80.038000,65788.54,94828.29,-0.00001668,0.060000,0.002000,0
2026-03-27 18:21:00,65770.80,65838.50,65750.00,65797.10,127.621000,2168,80.182000,47.439000,65791.33,94793.65,-0.00001668,0.231000,0.150000,0
2026-03-27 18:22:00,65797.00,65826.60,65772.10,65772.20,64.700000,1471,27.325000,37.375000,65798.66,94802.28,-0.00001552,0.000000,0.000000,0
2026-03-27 18:23:00,65772.20,65772.20,65708.10,65749.90,61.360000,1310,27.250000,34.110000,65742.98,94792.84,-0.00001469,0.000000,0.000000,0
2026-03-27 18:24:00,65749.80,65755.00,65688.20,65688.20,53.680000,871,17.502000,36.178000,65730.63,94796.53,-0.00001511,0.000000,0.000000,0
2026-03-27 18:25:00,65688.10,65692.90,65501.00,65563.00,462.041000,3845,146.370000,315.671000,65568.39,94809.18,-0.00001511,0.000000,0.587000,0
2026-03-27 18:26:00,65563.10,65620.00,65550.10,65581.60,189.343000,2599,116.397000,72.946000,65580.99,94787.04,-0.00001555,0.000000,0.018000,0
2026-03-27 18:27:00,65581.50,65598.20,65573.10,65597.70,105.719000,1102,33.603000,72.116000,65586.87,94807.97,-0.00001623,0.000000,0.000000,0
2026-03-27 18:28:00,65597.70,65707.10,65597.60,65704.20,129.005000,1958,89.431000,39.574000,65645.72,94833.42,-0.00001623,0.000000,0.000000,0
2026-03-27 18:29:00,65704.20,65726.80,65671.80,65713.10,129.588000,1467,80.286000,49.302000,65698.77,94839.21,-0.00001563,0.000000,0.000000,0
2026-03-27 18:30:00,65713.10,65750.00,65713.00,65728.00,163.699000,1065,102.419000,61.280000,65741.82,94843.42,-0.00001483,0.000000,0.002000,0
2026-03-27 18:31:00,65728.00,65838.00,65728.00,65800.00,262.467000,1911,171.472000,90.995000,65796.09,94847.18,-0.00001483,0.014000,0.000000,0
2026-03-27 18:32:00,65800.00,65835.00,65757.60,65757.60,350.313000,1911,163.372000,186.941000,65810.52,94665.12,-0.00001424,0.000000,0.000000,0
2026-03-27 18:33:00,65757.70,65777.00,65708.60,65738.70,152.421000,1483,39.100000,113.321000,65739.75,94673.20,-0.00001349,0.000000,0.000000,0
2026-03-27 18:34:00,65738.60,65759.40,65696.20,65718.60,69.213000,1316,39.003000,30.210000,65719.12,94706.95,-0.00001329,0.000000,0.000000,0
2026-03-27 18:35:00,65718.80,65813.50,65718.80,65806.20,77.090000,1215,57.858000,19.232000,65792.13,94706.81,-0.00001329,0.000000,0.000000,0
2026-03-27 18:36:00,65806.20,65810.10,65766.40,65789.90,71.589000,1271,38.354000,33.235000,65789.17,94698.02,-0.00001290,0.000000,0.000000,0
2026-03-27 18:37:00,65789.80,65789.80,65752.40,65779.10,52.087000,722,25.352000,26.735000,65764.29,94693.26,-0.00001227,0.000000,0.000000,0
2026-03-27 18:38:00,65779.20,65838.20,65779.10,65825.50,75.635000,1225,47.589000,28.046000,65825.06,94693.51,-0.00001227,0.000000,0.000000,0
2026-03-27 18:39:00,65825.60,65832.90,65750.10,65750.10,61.773000,1078,31.856000,29.917000,65804.51,94714.52,-0.00001222,0.000000,0.000000,0
2026-03-27 18:40:00,65750.10,65794.90,65750.00,65794.90,35.912000,586,18.290000,17.622000,65767.74,94702.18,-0.00001118,0.017000,0.000000,0
2026-03-27 18:41:00,65794.90,65805.40,65753.60,65767.10,125.562000,1490,67.904000,57.658000,65777.05,94702.07,-0.00001167,0.000000,0.000000,0
2026-03-27 18:42:00,65767.00,65777.60,65750.30,65754.30,38.839000,782,12.318000,26.521000,65766.26,94719.10,-0.00001167,0.000000,0.000000,0
2026-03-27 18:43:00,65754.30,65754.40,65693.50,65753.80,142.143000,1831,40.948000,101.195000,65724.60,94723.77,-0.00001154,0.000000,0.000000,0
2026-03-27 18:44:00,65753.90,65848.70,65753.90,65793.60,184.195000,2309,130.945000,53.250000,65809.71,94692.44,-0.00001129,0.000000,0.000000,0
2026-03-27 18:45:00,65793.20,65806.30,65762.80,65772.00,120.613000,1067,83.223000,37.390000,65786.28,94682.19,-0.00001129,0.000000,0.000000,0
2026-03-27 18:46:00,65771.90,65850.00,65763.40,65849.40,80.437000,1300,42.795000,37.642000,65810.12,94657.28,-0.00001049,0.002000,0.000000,0
2026-03-27 18:47:00,65849.50,65859.50,65809.20,65830.70,89.462000,1466,46.275000,43.187000,65840.13,94636.61,-0.00000983,0.099000,0.000000,0
2026-03-27 18:48:00,65830.70,65866.80,65820.10,65828.10,76.126000,1287,45.104000,31.022000,65847.33,94632.77,-0.00000881,0.000000,0.000000,0
2026-03-27 18:49:00,65828.00,65850.00,65814.10,65850.00,77.687000,775,43.156000,34.531000,65837.90,94637.55,-0.00000881,0.000000,0.000000,0
2026-03-27 18:50:00,65849.90,65867.10,65841.90,65858.20,77.537000,959,46.239000,31.298000,65851.65,94640.08,-0.00000841,0.000000,0.000000,0
2026-03-27 18:51:00,65858.20,65939.10,65844.60,65886.20,215.387000,1772,125.113000,90.274000,65899.42,94613.92,-0.00000794,0.225000,0.000000,0
2026-03-27 18:52:00,65886.10,65886.20,65820.80,65844.80,88.690000,1303,26.605000,62.085000,65864.16,94549.73,-0.00000794,0.000000,0.000000,0
2026-03-27 18:53:00,65844.90,65871.50,65828.00,65828.00,36.219000,781,23.619000,12.600000,65857.90,94547.58,-0.00000731,0.000000,0.000000,0
2026-03-27 18:54:00,65828.00,65845.00,65792.50,65808.80,67.202000,1211,24.217000,42.985000,65810.37,94555.04,-0.00000692,0.000000,0.000000,0
2026-03-27 18:55:00,65808.70,65838.40,65805.20,65815.20,40.524000,780,15.657000,24.867000,65819.62,94562.26,-0.00000692,0.000000,0.000000,0
2026-03-27 18:56:00,65815.20,65826.10,65793.00,65806.80,40.518000,639,18.482000,22.036000,65811.15,94570.95,-0.00000704,0.000000,0.008000,0
2026-03-27 18:57:00,65806.60,65813.90,65779.70,65800.90,50.045000,678,16.558000,33.487000,65795.15,94570.17,-0.00000639,0.000000,0.000000,0
2026-03-27 18:58:00,65800.90,65855.00,65800.90,65850.70,36.639000,561,26.839000,9.800000,65839.18,94569.70,-0.00000626,0.000000,0.000000,0
2026-03-27 18:59:00,65850.60,65850.70,65820.00,65846.20,47.537000,656,22.747000,24.790000,65835.64,94577.57,-0.00000626,0.000000,0.000000,0
2026-03-27 19:00:00,65846.10,65846.10,65803.90,65804.00,30.801000,498,5.373000,25.428000,65825.07,94577.75,-0.00000563,0.000000,0.000000,0
2026-03-27 19:01:00,65804.00,65823.80,65772.00,65772.10,84.298000,1236,49.764000,34.534000,65799.76,94575.85,-0.00000544,0.000000,0.000000,0
2026-03-27 19:02:00,65772.00,65806.60,65743.10,65751.70,78.866000,1117,24.006000,54.860000,65765.97,94578.22,-0.00000544,0.000000,0.010000,0
2026-03-27 19:03:00,65751.70,65772.00,65739.70,65758.80,57.856000,839,18.507000,39.349000,65753.42,94599.08,-0.00000579,0.000000,0.000000,0
2026-03-27 19:04:00,65758.70,65798.70,65750.40,65795.00,37.349000,730,22.587000,14.762000,65774.92,94607.87,-0.00000567,0.000000,0.000000,0
2026-03-27 19:05:00,65795.10,65795.10,65723.60,65736.90,45.115000,827,7.279000,37.836000,65753.32,94603.29,-0.00000504,0.000000,0.000000,0
2026-03-27 19:06:00,65736.90,65765.70,65673.90,65677.30,92.958000,1516,19.069000,73.889000,65726.61,94596.83,-0.00000504,0.002000,0.002000,0
2026-03-27 19:07:00,65677.20,65696.20,65666.60,65696.20,73.280000,835,23.489000,49.791000,65680.84,94576.98,-0.00000530,0.000000,0.832000,0
2026-03-27 19:08:00,65696.10,65730.20,65670.20,65692.00,125.228000,1106,51.883000,73.345000,65693.06,94580.63,-0.00000562,0.000000,0.560000,0
2026-03-27 19:09:00,65691.90,65703.30,65670.20,65678.00,50.667000,590,21.902000,28.765000,65682.93,94619.99,-0.00000562,0.000000,0.000000,0
2026-03-27 19:10:00,65678.10,65745.10,65673.20,65745.10,45.721000,880,28.073000,17.648000,65698.43,94618.97,-0.00000508,0.000000,0.000000,0
2026-03-27 19:11:00,65745.10,65793.70,65715.00,65736.30,142.189000,1453,93.465000,48.724000,65763.31,94593.82,-0.00000475,0.019000,0.000000,0
2026-03-27 19:12:00,65736.30,65736.30,65702.00,65722.80,44.563000,629,24.961000,19.602000,65715.43,94593.90,-0.00000446,0.002000,0.000000,0
2026-03-27 19:13:00,65722.80,65772.60,65709.20,65748.70,60.200000,981,39.046000,21.154000,65744.54,94608.48,-0.00000446,0.000000,0.000000,0
2026-03-27 19:14:00,65748.80,65748.80,65714.60,65718.80,35.122000,782,19.673000,15.449000,65729.71,94609.98,-0.00000444,0.000000,0.000000,0
2026-03-27 19:15:00,65718.90,65750.40,65706.50,65750.40,94.976000,854,39.512000,55.464000,65727.64,94597.42,-0.00000406,0.000000,0.000000,0
2026-03-27 19:16:00,65750.30,65759.90,65704.50,65708.50,58.231000,998,24.348000,33.883000,65744.54,94593.32,-0.00000406,0.000000,0.000000,0
2026-03-27 19:17:00,65708.40,65776.20,65708.40,65772.90,33.863000,757,25.813000,8.050000,65748.57,94601.59,-0.00000358,0.000000,0.000000,0
2026-03-27 19:18:00,65772.90,65860.00,65766.30,65855.00,115.083000,1410,42.160000,72.923000,65799.33,94628.19,-0.00000326,0.106000,0.000000,0
2026-03-27 19:19:00,65855.20,65910.00,65837.90,65865.10,209.738000,1838,72.871000,136.867000,65888.60,94615.68,-0.00000326,0.443000,0.000000,0
2026-03-27 19:20:00,65865.10,65895.70,65849.00,65888.30,90.866000,1173,52.570000,38.296000,65872.47,94622.71,-0.00000213,0.000000,0.000000,0
2026-03-27 19:21:00,65888.40,65888.40,65837.60,65879.70,48.737000,956,19.668000,29.069000,65871.55,94644.40,-0.00000175,0.000000,0.000000,0
2026-03-27 19:22:00,65879.70,65888.30,65817.60,65832.80,120.198000,1461,20.977000,99.221000,65855.58,94663.65,-0.00000135,0.000000,0.000000,0
2026-03-27 19:23:00,65832.80,65899.50,65832.80,65850.10,106.113000,1243,68.048000,38.065000,65870.58,94662.52,-0.00000135,0.000000,0.000000,0
2026-03-27 19:24:00,65850.00,65901.50,65823.40,65826.00,52.437000,1287,25.245000,27.192000,65868.59,94700.43,-0.00000164,0.000000,0.000000,0
2026-03-27 19:25:00,65826.30,65859.80,65817.90,65853.50,37.057000,831,15.025000,22.032000,65839.33,94701.36,-0.00000133,0.000000,0.000000,0
2026-03-27 19:26:00,65853.40,65891.80,65830.10,65871.50,109.423000,1711,66.639000,42.784000,65858.43,94720.19,-0.00000133,0.000000,0.000000,0
2026-03-27 19:27:00,65871.50,65871.50,65820.50,65840.50,34.865000,864,11.478000,23.387000,65836.28,94728.47,-0.00000147,0.000000,0.000000,0
2026-03-27 19:28:00,65840.50,65875.10,65840.50,65857.60,42.236000,612,28.700000,13.536000,65856.78,94731.47,-0.00000167,0.000000,0.000000,0
2026-03-27 19:29:00,65857.50,65908.40,65856.70,65906.00,35.126000,570,24.853000,10.273000,65878.92,94735.69,-0.00000163,0.000000,0.000000,0
2026-03-27 19:30:00,65905.90,65910.00,65872.00,65892.50,41.725000,673,26.699000,15.026000,65895.15,94734.10,-0.00000163,0.000000,0.000000,0
2026-03-27 19:31:00,65892.50,65973.10,65892.50,65921.10,245.824000,2202,160.804000,85.020000,65943.36,94745.57,-0.00000111,0.299000,0.000000,0
2026-03-27 19:32:00,65921.10,65967.20,65911.30,65967.10,57.003000,937,41.054000,15.949000,65927.52,94723.55,-0.00000070,0.000000,0.000000,0
2026-03-27 19:33:00,65967.20,65978.30,65916.70,65944.10,79.512000,1013,46.191000,33.321000,65958.24,94721.12,-0.00000070,0.004000,0.000000,0
2026-03-27 19:34:00,65944.00,66019.90,65920.50,65995.90,164.312000,1545,113.072000,51.240000,65986.01,94719.96,-0.00000055,0.032000,0.100000,0
2026-03-27 19:35:00,65996.00,65996.00,65949.00,65968.80,67.776000,1006,39.162000,28.614000,65975.96,94716.86,-0.00000005,0.000000,0.000000,0
2026-03-27 19:36:00,65968.70,65975.00,65916.50,65960.20,53.094000,974,34.272000,18.822000,65942.30,94721.34,-0.00000005,0.000000,0.000000,0
2026-03-27 19:37:00,65960.20,65960.20,65914.00,65943.20,59.286000,867,17.322000,41.964000,65930.30,94716.39,0.00000025,0.000000,0.000000,0
2026-03-27 19:38:00,65943.20,65972.20,65939.40,65939.50,68.410000,837,37.058000,31.352000,65951.62,94712.41,-0.00000023,0.000000,0.000000,0
2026-03-27 19:39:00,65939.50,65989.00,65935.00,65989.00,59.801000,802,37.010000,22.791000,65968.41,94717.24,-0.00000003,0.000000,0.000000,0
2026-03-27 19:40:00,65988.90,66000.10,65956.30,65960.40,104.909000,749,73.324000,31.585000,65986.65,94772.90,-0.00000003,0.000000,0.000000,0
2026-03-27 19:41:00,65960.50,65963.70,65856.00,65864.00,88.901000,1135,27.801000,61.100000,65885.97,94768.89,0.00000047,0.000000,0.000000,0
2026-03-27 19:42:00,65864.10,65880.80,65837.80,65864.30,62.693000,948,20.909000,41.784000,65862.13,94770.26,0.00000018,0.000000,0.000000,0
2026-03-27 19:43:00,65864.20,65915.00,65864.20,65915.00,29.719000,479,26.523000,3.196000,65884.75,94766.76,0.00000018,0.000000,0.000000,0
2026-03-27 19:44:00,65915.00,65942.10,65904.60,65914.10,87.225000,975,53.280000,33.945000,65923.81,94771.82,-0.00000038,0.000000,0.000000,0
2026-03-27 19:45:00,65914.10,65925.00,65874.60,65895.20,126.274000,749,100.332000,25.942000,65913.71,94726.47,0.00000056,0.000000,0.000000,0
2026-03-27 19:46:00,65895.10,65922.70,65863.10,65872.80,61.656000,977,24.932000,36.724000,65890.86,94729.09,0.00000054,0.000000,0.000000,0
2026-03-27 19:47:00,65872.70,65900.00,65842.50,65853.10,38.795000,913,13.728000,25.067000,65866.11,94732.97,0.00000054,0.000000,0.000000,0
2026-03-27 19:48:00,65853.20,65934.90,65849.60,65911.10,46.341000,1279,18.915000,27.426000,65902.09,94731.56,0.00000056,0.000000,0.000000,0
2026-03-27 19:49:00,65911.30,65942.00,65893.00,65906.30,53.866000,927,22.730000,31.136000,65910.21,94733.41,0.00000043,0.000000,0.000000,0
2026-03-27 19:50:00,65906.30,65942.00,65906.20,65942.00,18.354000,734,11.092000,7.262000,65918.20,94744.12,0.00000043,0.009000,0.000000,0
2026-03-27 19:51:00,65941.90,65941.90,65895.10,65915.50,78.388000,1314,45.631000,32.757000,65908.28,94763.96,0.00000087,0.000000,0.002000,0
2026-03-27 19:52:00,65915.60,65929.70,65845.40,65878.40,84.023000,1216,56.663000,27.360000,65878.48,94760.83,0.00000095,0.003000,0.003000,0
2026-03-27 19:53:00,65878.50,65884.40,65849.70,65863.00,70.834000,952,44.336000,26.498000,65865.61,94780.17,0.00000069,0.000000,0.000000,0
2026-03-27 19:54:00,65863.10,65980.70,65863.00,65962.30,103.066000,1571,64.843000,38.223000,65943.07,94780.90,0.00000069,0.000000,0.000000,0
2026-03-27 19:55:00,65962.40,65962.40,65920.30,65921.90,82.537000,1224,34.486000,48.051000,65945.85,94760.55,0.00000037,0.000000,0.000000,0
2026-03-27 19:56:00,65921.90,66072.40,65921.90,66032.40,305.782000,2767,212.917000,92.865000,66027.36,94772.81,0.00000137,0.100000,0.000000,0
2026-03-27 19:57:00,66032.30,66050.40,66003.90,66022.00,78.173000,1143,44.115000,34.058000,66034.95,94776.27,0.00000137,0.000000,0.000000,0
2026-03-27 19:58:00,66021.90,66044.60,66010.20,66019.40,63.813000,821,29.620000,34.193000,66021.72,94773.65,0.00000244,0.000000,0.021000,0
2026-03-27 19:59:00,66019.50,66081.40,65985.10,66045.70,485.280000,3506,250.285000,234.995000,66030.62,94880.34,0.00000311,0.011000,0.000000,0
2026-03-27 20:00:00,66045.70,66119.60,66005.60,66005.60,666.322000,4990,350.860000,315.462000,66077.10,94911.25,0.00000355,0.172000,0.000000,0
2026-03-27 20:01:00,66005.40,66059.60,65975.80,66009.60,252.616000,2428,154.818000,97.798000,66025.94,94900.46,0.00000355,0.000000,0.002000,0
2026-03-27 20:02:00,66009.60,66094.10,65999.70,66067.20,178.382000,1903,109.800000,68.582000,66051.47,94918.85,0.00000326,0.000000,0.000000,0
2026-03-27 20:03:00,66067.20,66125.80,66023.00,66120.70,220.106000,1949,152.280000,67.826000,66079.73,94960.63,0.00000362,0.048000,0.105000,0
2026-03-27 20:04:00,66120.70,66120.70,66071.20,66077.90,130.214000,855,37.308000,92.906000,66092.29,94950.78,0.00000362,0.000000,0.000000,0
2026-03-27 20:05:00,66078.00,66078.00,66012.20,66040.10,99.337000,1116,22.120000,77.217000,66046.21,94902.30,0.00000402,0.000000,0.000000,0
2026-03-27 20:06:00,66040.00,66062.20,66024.90,66056.70,39.710000,564,21.823000,17.887000,66045.82,94902.68,0.00000405,0.000000,0.000000,0
2026-03-27 20:07:00,66056.60,66098.90,66034.90,66066.00,93.796000,1130,56.864000,36.932000,66079.20,94904.15,0.00000402,0.000000,0.000000,0
2026-03-27 20:08:00,66066.00,66070.00,66016.80,66050.20,63.259000,849,21.812000,41.447000,66040.79,94906.44,0.00000402,0.000000,0.013000,0
2026-03-27 20:09:00,66050.20,66064.20,65987.10,65996.80,159.067000,1088,41.731000,117.336000,66021.38,94899.34,0.00000442,0.030000,0.000000,0
2026-03-27 20:10:00,65996.80,66023.80,65981.40,65995.00,72.150000,881,22.424000,49.726000,65999.27,94914.06,0.00000424,0.000000,0.000000,0
2026-03-27 20:11:00,65994.90,66025.10,65994.90,66014.10,51.735000,509,23.511000,28.224000,66013.77,94907.26,0.00000424,0.000000,0.064000,0
2026-03-27 20:12:00,66014.10,66014.10,65969.60,65978.00,82.724000,594,5.215000,77.509000,65999.60,94904.43,0.00000393,0.000000,0.000000,0
2026-03-27 20:13:00,65977.90,66001.50,65977.90,65986.80,36.486000,526,17.546000,18.940000,65991.67,94906.90,0.00000408,0.000000,0.000000,0
2026-03-27 20:14:00,65986.90,66014.70,65986.00,65994.30,165.908000,856,37.156000,128.752000,65998.08,94885.32,0.00000386,0.000000,0.000000,0
2026-03-27 20:15:00,65994.30,65994.30,65959.50,65961.30,87.160000,649,35.480000,51.680000,65971.30,94860.61,0.00000386,0.000000,0.000000,0
2026-03-27 20:16:00,65961.00,66033.10,65960.40,66033.10,50.101000,769,34.510000,15.591000,65997.75,94868.59,0.00000361,0.000000,0.000000,0
2026-03-27 20:17:00,66033.10,66052.00,66033.00,66051.70,51.874000,404,21.860000,30.014000,66039.36,94872.88,0.00000316,0.000000,0.004000,0
2026-03-27 20:18:00,66051.60,66051.60,65960.90,65978.30,93.750000,1395,26.125000,67.625000,66005.10,94868.83,0.00000316,0.000000,0.000000,0
2026-03-27 20:19:00,65978.50,65995.90,65978.50,65987.60,20.301000,300,9.267000,11.034000,65989.53,94852.98,0.00000362,0.000000,0.000000,0
2026-03-27 20:20:00,65987.70,66024.70,65983.10,66024.60,146.194000,626,133.632000,12.562000,65999.46,94902.27,0.00000312,0.000000,0.000000,0
2026-03-27 20:21:00,66024.70,66034.50,65957.10,65994.60,46.819000,983,21.267000,25.552000,66003.18,94902.22,0.00000299,0.000000,0.000000,0
2026-03-27 20:22:00,65994.50,66018.40,65973.10,66005.00,96.982000,1121,22.837000,74.145000,65993.70,94934.25,0.00000299,0.019000,0.000000,0
2026-03-27 20:23:00,66005.10,66020.40,65988.40,65988.50,41.772000,566,18.607000,23.165000,66005.77,94936.51,0.00000277,0.000000,0.000000,0
2026-03-27 20:24:00,65988.40,66005.10,65970.60,65988.00,32.448000,732,14.541000,17.907000,65987.55,94934.72,0.00000251,0.000000,0.000000,0
2026-03-27 20:25:00,65988.10,65993.70,65976.00,65976.00,21.139000,306,9.422000,11.717000,65988.39,94932.85,0.00000251,0.000000,0.000000,0
2026-03-27 20:26:00,65976.00,65978.10,65867.00,65892.50,336.575000,2567,105.886000,230.689000,65910.13,94907.12,0.00000170,0.000000,0.033000,0
2026-03-27 20:27:00,65892.60,65917.20,65880.00,65885.00,57.081000,745,25.001000,32.080000,65898.65,94915.13,0.00000093,0.000000,0.000000,0
2026-03-27 20:28:00,65885.00,65900.00,65880.00,65880.00,22.571000,371,7.094000,15.477000,65891.05,94919.89,0.00000028,0.000000,0.000000,0
2026-03-27 20:29:00,65880.00,65880.10,65766.10,65843.70,246.964000,2142,88.486000,158.478000,65814.42,94913.19,0.00000028,0.000000,0.032000,0
2026-03-27 20:30:00,65843.70,65863.00,65833.60,65862.90,43.276000,506,27.694000,15.582000,65847.72,94907.65,-0.00000049,0.000000,0.000000,0
2026-03-27 20:31:00,65862.90,65862.90,65820.00,65830.60,56.820000,622,24.876000,31.944000,65833.08,94904.62,-0.00000086,0.000000,0.000000,0
2026-03-27 20:32:00,65830.80,65850.00,65827.70,65835.70,40.598000,677,17.962000,22.636000,65839.60,94910.39,-0.00000086,0.000000,0.000000,0
2026-03-27 20:33:00,65835.70,65835.70,65783.70,65827.00,102.115000,973,61.413000,40.702000,65811.20,94905.62,-0.00000161,0.000000,0.009000,0
2026-03-27 20:34:00,65827.10,65827.10,65810.20,65824.90,20.737000,459,6.945000,13.792000,65821.49,94910.39,-0.00000253,0.000000,0.010000,0
2026-03-27 20:35:00,65825.00,65825.00,65819.10,65819.10,18.286000,197,3.360000,14.926000,65823.80,94916.72,-0.00000253,0.000000,0.000000,0
2026-03-27 20:36:00,65819.20,65824.90,65803.50,65812.60,38.680000,411,14.581000,24.099000,65815.16,94912.76,-0.00000312,0.000000,0.000000,0
2026-03-27 20:37:00,65812.50,65823.60,65800.70,65808.30,30.062000,501,9.751000,20.311000,65808.37,94914.29,-0.00000341,0.000000,0.000000,0
2026-03-27 20:38:00,65808.30,65857.90,65808.20,65851.10,37.875000,581,25.497000,12.378000,65829.80,94917.43,-0.00000397,0.000000,0.000000,0
2026-03-27 20:39:00,65851.00,65851.40,65844.60,65846.20,15.565000,297,9.254000,6.311000,65848.52,94917.43,-0.00000397,0.000000,0.000000,0
2026-03-27 20:40:00,65846.30,65914.20,65846.20,65908.20,67.918000,945,43.816000,24.102000,65888.77,94916.08,-0.00000406,0.000000,0.000000,0
2026-03-27 20:41:00,65908.20,65914.10,65874.00,65893.70,49.887000,850,26.821000,23.066000,65891.49,94909.94,-0.00000433,0.000000,0.000000,0
2026-03-27 20:42:00,65893.60,65893.60,65867.30,65867.40,46.306000,536,28.024000,18.282000,65881.06,94912.88,-0.00000433,0.000000,0.009000,0
2026-03-27 20:43:00,65867.40,65913.40,65867.30,65913.30,93.458000,586,44.223000,49.235000,65882.36,94903.40,-0.00000502,0.000000,0.000000,0
2026-03-27 20:44:00,65913.40,65916.20,65867.70,65868.80,32.834000,627,7.680000,25.154000,65894.11,94913.88,-0.00000598,0.000000,0.000000,0
2026-03-27 20:45:00,65868.70,65877.00,65844.90,65854.90,33.090000,471,17.256000,15.834000,65862.16,94912.56,-0.00000621,0.000000,0.000000,0
2026-03-27 20:46:00,65855.00,65867.20,65844.70,65867.20,44.150000,482,18.497000,25.653000,65857.67,94917.29,-0.00000621,0.000000,0.000000,0
2026-03-27 20:47:00,65867.20,65898.50,65856.60,65893.20,45.918000,614,37.997000,7.921000,65881.25,94918.93,-0.00000726,0.000000,0.000000,0
2026-03-27 20:48:00,65893.10,65946.50,65880.20,65939.20,21.277000,668,13.155000,8.122000,65924.24,94909.03,-0.00000780,0.000000,0.000000,0
2026-03-27 20:49:00,65939.20,65986.00,65939.10,65986.00,56.714000,956,36.375000,20.339000,65964.20,94901.08,-0.00000780,0.135000,0.000000,0
2026-03-27 20:50:00,65986.00,65996.90,65971.60,65971.60,46.318000,568,26.957000,19.361000,65989.01,94884.98,-0.00000785,0.002000,0.000000,0
2026-03-27 20:51:00,65971.60,65971.70,65964.30,65968.10,31.138000,274,18.824000,12.314000,65967.73,94873.58,-0.00000796,0.000000,0.000000,0
2026-03-27 20:52:00,65968.00,65990.40,65963.70,65986.80,30.601000,374,18.487000,12.114000,65974.60,94867.49,-0.00000876,0.000000,0.000000,0
2026-03-27 20:53:00,65986.90,66027.00,65986.80,66027.00,45.341000,576,35.343000,9.998000,66004.86,94869.05,-0.00000876,0.105000,0.000000,0
2026-03-27 20:54:00,66026.90,66054.00,66017.10,66044.30,228.012000,1004,142.396000,85.616000,66038.16,94883.25,-0.00000901,0.078000,0.000000,0
2026-03-27 20:55:00,66044.80,66049.80,66020.00,66049.80,111.625000,545,68.255000,43.370000,66033.35,94959.77,-0.00000876,0.000000,0.000000,0
2026-03-27 20:56:00,66049.70,66060.40,65996.00,66003.10,65.638000,821,37.669000,27.969000,66034.49,94965.54,-0.00000876,0.000000,0.000000,0
2026-03-27 20:57:00,66003.10,66015.80,66003.10,66013.40,23.925000,335,15.817000,8.108000,66008.99,94974.70,-0.00000929,0.000000,0.455000,0
2026-03-27 20:58:00,66013.30,66030.40,65987.40,65987.50,128.356000,610,98.347000,30.009000,66012.35,94977.31,-0.00001016,0.000000,0.000000,0
2026-03-27 20:59:00,65987.40,65998.20,65974.50,65997.80,41.834000,585,21.540000,20.294000,65985.76,95052.01,-0.00001016,0.000000,0.000000,0
2026-03-27 21:00:00,65997.90,66013.50,65972.50,65983.10,52.044000,704,16.270000,35.774000,65996.95,95046.34,-0.00001096,0.000000,0.000000,0
2026-03-27 21:01:00,65983.10,66000.00,65972.60,66000.00,24.233000,382,14.487000,9.746000,65981.84,95033.76,-0.00001132,0.000000,0.000000,0
2026-03-27 21:02:00,66000.00,66011.90,65999.90,66011.90,41.644000,357,32.968000,8.676000,66001.58,95037.76,-0.00001190,0.000000,0.000000,0
2026-03-27 21:03:00,66012.00,66036.00,65999.90,66035.90,53.306000,462,39.808000,13.498000,66007.47,95014.68,-0.00001190,0.000000,0.000000,0
2026-03-27 21:04:00,66035.90,66057.10,66035.90,66057.10,48.024000,388,29.277000,18.747000,66046.00,95004.52,-0.00001245,0.203000,0.000000,0
2026-03-27 21:05:00,66057.10,66072.20,66057.00,66065.40,32.737000,472,16.663000,16.074000,66063.88,95013.56,-0.00001237,0.000000,0.000000,0
2026-03-27 21:06:00,66065.40,66071.50,66044.00,66044.00,18.412000,399,6.936000,11.476000,66060.30,95003.48,-0.00001237,0.000000,0.000000,0
2026-03-27 21:07:00,66044.10,66065.20,66044.10,66065.20,21.115000,370,15.707000,5.408000,66054.50,95002.91,-0.00001232,0.000000,0.000000,0
2026-03-27 21:08:00,66065.20,66065.20,66055.10,66055.20,18.801000,209,8.087000,10.714000,66059.43,95002.88,-0.00001293,0.000000,0.000000,0
2026-03-27 21:09:00,66055.10,66058.90,66050.00,66058.90,65.141000,229,50.169000,14.972000,66053.96,95000.34,-0.00001338,0.000000,0.000000,0
2026-03-27 21:10:00,66058.90,66058.90,66055.40,66055.40,25.688000,152,16.701000,8.987000,66058.83,94999.66,-0.00001338,0.012000,0.000000,0
2026-03-27 21:11:00,66055.40,66059.50,66027.50,66057.40,42.185000,526,22.207000,19.978000,66046.37,94993.42,-0.00001392,0.000000,0.000000,0
2026-03-27 21:12:00,66057.40,66065.00,66057.40,66065.00,11.063000,184,9.343000,1.720000,66059.97,94991.44,-0.00001464,0.000000,0.000000,0
2026-03-27 21:13:00,66065.00,66100.00,66061.60,66100.00,56.265000,503,45.539000,10.726000,66075.71,94991.91,-0.00001464,0.585000,0.006000,0
2026-03-27 21:14:00,66100.00,66148.00,66097.90,66097.90,231.215000,1035,153.556000,77.659000,66113.80,94943.41,-0.00001532,0.012000,0.000000,0
2026-03-27 21:15:00,66097.90,66119.70,66082.70,66110.70,79.998000,786,37.979000,42.019000,66098.46,94944.86,-0.00001572,0.000000,0.000000,0
2026-03-27 21:16:00,66110.60,66132.10,66095.80,66096.40,51.954000,725,36.111000,15.843000,66114.94,94953.66,-0.00001657,0.000000,0.000000,0
2026-03-27 21:17:00,66096.30,66100.30,66075.80,66100.20,48.183000,508,30.660000,17.523000,66084.95,94949.31,-0.00001657,0.000000,0.000000,0
2026-03-27 21:18:00,66100.30,66117.20,66076.40,66113.90,21.223000,514,14.483000,6.740000,66100.34,94956.18,-0.00001708,0.000000,0.000000,0
2026-03-27 21:19:00,66113.80,66113.90,66075.80,66077.50,44.459000,434,21.550000,22.909000,66091.79,94955.39,-0.00001776,0.000000,0.000000,0
2026-03-27 21:20:00,66077.50,66112.90,66066.00,66112.90,40.289000,493,29.003000,11.286000,66093.71,94954.27,-0.00001776,0.000000,0.000000,0
2026-03-27 21:21:00,66112.80,66112.90,66089.80,66105.70,22.051000,332,5.510000,16.541000,66104.03,94961.19,-0.00001824,0.000000,0.000000,0
2026-03-27 21:22:00,66105.60,66112.90,66094.30,66094.40,35.881000,280,22.527000,13.354000,66105.51,94954.96,-0.00001851,0.000000,0.000000,0
2026-03-27 21:23:00,66094.40,66114.00,66094.30,66107.90,14.448000,306,9.253000,5.195000,66107.71,94956.02,-0.00001910,0.000000,0.000000,0
2026-03-27 21:24:00,66107.90,66121.70,66107.80,66121.70,13.381000,219,10.361000,3.020000,66117.12,94959.23,-0.00001910,0.000000,0.000000,0
2026-03-27 21:25:00,66121.60,66121.70,66107.90,66108.00,13.620000,171,2.332000,11.288000,66114.59,94967.08,-0.00001971,0.000000,0.000000,0
2026-03-27 21:26:00,66108.00,66133.30,66108.00,66116.60,26.493000,381,13.936000,12.557000,66122.87,94966.57,-0.00002013,0.000000,0.000000,0
2026-03-27 21:27:00,66116.60,66119.20,66116.50,66119.20,13.791000,141,11.924000,1.867000,66117.98,94968.59,-0.00002013,0.000000,0.000000,0
2026-03-27 21:28:00,66119.10,66135.00,66119.10,66120.80,28.088000,322,17.160000,10.928000,66127.91,94973.18,-0.00002056,0.000000,0.000000,0
2026-03-27 21:29:00,66120.80,66121.30,66110.00,66110.70,17.956000,293,8.984000,8.972000,66114.90,94971.22,-0.00002124,0.000000,0.000000,0
2026-03-27 21:30:00,66110.60,66110.70,66101.20,66110.70,44.571000,234,6.046000,38.525000,66106.99,94972.81,-0.00002169,0.000000,0.000000,0
2026-03-27 21:31:00,66110.60,66133.30,66110.60,66128.10,24.758000,307,18.159000,6.599000,66124.78,94959.18,-0.00002169,0.000000,0.000000,0
2026-03-27 21:32:00,66128.10,66130.20,66125.00,66125.10,26.068000,175,9.616000,16.452000,66128.92,94953.39,-0.00002235,0.000000,0.000000,0
2026-03-27 21:33:00,66125.00,66136.10,66125.00,66136.00,15.793000,198,13.011000,2.782000,66129.76,94952.85,-0.00002279,0.000000,0.000000,0
2026-03-27 21:34:00,66136.00,66136.10,66120.90,66126.80,27.963000,261,16.441000,11.522000,66128.50,94952.70,-0.00002279,0.014000,0.000000,0
2026-03-27 21:35:00,66126.80,66126.80,66105.80,66110.40,22.065000,275,6.270000,15.795000,66112.31,94960.99,-0.00002337,0.000000,0.000000,0
2026-03-27 21:36:00,66110.40,66110.40,66063.20,66091.30,74.477000,648,20.254000,54.223000,66083.62,94958.96,-0.00002406,0.000000,0.000000,0
2026-03-27 21:37:00,66091.40,66095.70,66066.10,66066.20,40.950000,331,21.161000,19.789000,66085.63,94973.90,-0.00002500,0.000000,0.000000,0
2026-03-27 21:38:00,66066.10,66071.90,66003.40,66016.00,72.596000,974,18.166000,54.430000,66033.83,94977.67,-0.00002500,0.000000,0.000000,0
2026-03-27 21:39:00,66016.00,66022.80,66007.10,66007.20,23.750000,295,9.169000,14.581000,66016.89,94983.86,-0.00002577,0.000000,0.000000,0
2026-03-27 21:40:00,66007.20,66033.90,66007.10,66033.90,20.094000,297,16.233000,3.861000,66022.93,94985.60,-0.00002722,0.000000,0.000000,0
2026-03-27 21:41:00,66033.90,66043.20,66015.60,66015.60,22.885000,331,6.120000,16.765000,66033.72,94988.08,-0.00002722,0.000000,0.000000,0
2026-03-27 21:42:00,66015.60,66067.40,66002.00,66067.30,43.527000,690,20.450000,23.077000,66038.18,94991.57,-0.00002770,0.000000,0.000000,0
2026-03-27 21:43:00,66067.40,66093.90,66054.90,66055.00,20.854000,454,8.308000,12.546000,66080.03,94993.41,-0.00002801,0.000000,0.000000,0
2026-03-27 21:44:00,66055.00,66075.20,66047.40,66075.20,35.916000,480,23.762000,12.154000,66063.43,95000.46,-0.00002820,0.000000,0.000000,0
2026-03-27 21:45:00,66075.20,66099.80,66059.20,66083.20,46.507000,1012,12.394000,34.113000,66078.26,95016.20,-0.00002820,0.000000,0.000000,0
2026-03-27 21:46:00,66083.10,66100.00,66083.10,66099.90,11.035000,219,8.216000,2.819000,66092.89,95017.45,-0.00002889,0.000000,0.000000,0
2026-03-27 21:47:00,66099.90,66100.00,66092.30,66092.30,7.121000,139,3.882000,3.239000,66094.84,95016.29,-0.00002893,0.000000,0.000000,0
2026-03-27 21:48:00,66092.40,66092.40,66059.60,66060.10,38.659000,495,10.081000,28.578000,66070.21,95015.63,-0.00002893,0.000000,0.000000,0
2026-03-27 21:49:00,66060.10,66095.40,66053.50,66095.40,32.244000,547,25.168000,7.076000,66071.39,95030.25,-0.00002897,0.000000,0.000000,0
2026-03-27 21:50:00,66095.30,66095.40,66058.30,66058.30,8.389000,294,1.998000,6.391000,66076.00,95033.75,-0.00002970,0.000000,0.000000,0
2026-03-27 21:51:00,66058.30,66058.40,66058.30,66058.30,9.663000,142,3.585000,6.078000,66058.34,95034.51,-0.00003024,0.000000,0.000000,0
2026-03-27 21:52:00,66058.20,66058.30,66012.90,66053.40,37.030000,792,12.388000,24.642000,66034.68,95046.51,-0.00003024,0.000000,0.000000,0
2026-03-27 21:53:00,66053.30,66064.30,66053.30,66053.40,22.350000,254,10.614000,11.736000,66059.96,95046.74,-0.00003125,0.000000,0.000000,0
2026-03-27 21:54:00,66053.30,66075.80,66053.30,66053.40,18.582000,375,9.936000,8.646000,66065.93,95048.18,-0.00003178,0.000000,0.000000,0
2026-03-27 21:55:00,66053.40,66073.00,66046.00,66050.20,21.570000,400,12.183000,9.387000,66054.79,95057.24,-0.00003178,0.000000,0.000000,0
2026-03-27 21:56:00,66050.10,66061.80,66020.00,66034.80,33.183000,524,12.459000,20.724000,66042.74,95070.50,-0.00003203,0.000000,0.000000,0
2026-03-27 21:57:00,66034.70,66044.30,66026.40,66027.70,19.033000,292,6.503000,12.530000,66033.86,95070.78,-0.00003283,0.000000,0.000000,0
2026-03-27 21:58:00,66027.70,66034.80,66005.20,66005.20,47.191000,522,19.969000,27.222000,66020.61,95077.43,-0.00003385,0.000000,0.000000,0
2026-03-27 21:59:00,66005.30,66050.10,66005.30,66029.10,56.259000,686,33.238000,23.021000,66031.28,95067.04,-0.00003385,0.000000,0.000000,0
2026-03-27 22:00:00,66029.20,66045.80,65989.50,66039.90,145.834000,1133,74.707000,71.127000,66019.48,95075.38,-0.00003451,0.000000,0.000000,0
2026-03-27 22:01:00,66039.90,66050.30,65993.90,66003.00,78.812000,844,24.111000,54.701000,66019.04,95152.71,-0.00003475,0.000000,0.000000,0
2026-03-27 22:02:00,66003.10,66013.00,66003.10,66011.90,10.149000,181,7.450000,2.699000,66009.21,95154.25,-0.00003475,0.000000,0.000000,0
2026-03-27 22:03:00,66012.00,66053.20,66011.90,66030.30,32.733000,872,16.143000,16.590000,66031.99,95156.15,-0.00003569,0.000000,0.000000,0
2026-03-27 22:04:00,66030.00,66037.30,66017.10,66020.60,23.461000,374,10.349000,13.112000,66025.24,95166.18,-0.00003631,0.000000,0.000000,0
2026-03-27 22:05:00,66020.70,66020.70,65995.20,65995.20,26.173000,343,3.548000,22.625000,66007.68,95172.91,-0.00003677,0.000000,0.000000,0
2026-03-27 22:06:00,65995.20,65998.20,65962.70,65963.20,63.820000,490,16.609000,47.211000,65987.32,95186.65,-0.00003677,0.000000,0.035000,0
2026-03-27 22:07:00,65963.10,65963.20,65922.40,65934.80,61.409000,610,18.859000,42.550000,65938.66,95188.53,-0.00003772,0.000000,0.194000,0
2026-03-27 22:08:00,65934.70,65944.00,65909.80,65944.00,52.226000,590,23.578000,28.648000,65922.12,95191.53,-0.00003922,0.000000,0.022000,0
2026-03-27 22:09:00,65943.90,65953.10,65943.90,65953.10,27.492000,302,14.217000,13.275000,65948.48,95198.07,-0.00003922,0.000000,0.000000,0
2026-03-27 22:10:00,65953.10,65972.60,65953.00,65972.60,18.797000,281,15.094000,3.703000,65962.28,95202.66,-0.00004038,0.000000,0.000000,0
2026-03-27 22:11:00,65972.60,65990.90,65972.60,65976.80,29.760000,431,8.803000,20.957000,65981.31,95206.86,-0.00004088,0.000000,0.000000,0
2026-03-27 22:12:00,65976.80,65976.90,65939.10,65950.10,28.521000,417,8.840000,19.681000,65952.39,95219.22,-0.00004078,0.000000,0.000000,0
2026-03-27 22:13:00,65950.10,65960.10,65943.10,65960.00,26.341000,376,16.821000,9.520000,65951.46,95215.43,-0.00004078,0.000000,0.000000,0
2026-03-27 22:14:00,65960.10,65973.40,65960.00,65962.10,17.082000,268,5.686000,11.396000,65965.69,95214.32,-0.00004145,0.000000,0.000000,0
2026-03-27 22:15:00,65962.10,65987.60,65962.10,65971.80,148.483000,423,21.839000,126.644000,65978.76,95217.31,-0.00004151,0.000000,0.000000,0
2026-03-27 22:16:00,65971.70,65971.80,65943.80,65956.80,19.870000,363,10.181000,9.689000,65954.12,95220.18,-0.00004151,0.000000,0.000000,0
2026-03-27 22:17:00,65956.70,65968.70,65956.70,65968.70,12.918000,176,7.188000,5.730000,65964.47,95219.35,-0.00004168,0.000000,0.000000,0
2026-03-27 22:18:00,65968.70,65968.70,65948.10,65957.90,13.624000,255,4.661000,8.963000,65953.37,95225.00,-0.00004211,0.000000,0.000000,0
2026-03-27 22:19:00,65957.90,65980.00,65957.80,65978.50,8.485000,205,4.861000,3.624000,65974.04,95224.98,-0.00004246,0.000000,0.000000,0
2026-03-27 22:20:00,65978.40,65987.40,65967.00,65973.50,197.213000,434,17.372000,179.841000,65975.62,95227.04,-0.00004246,0.000000,0.000000,0
2026-03-27 22:21:00,65973.50,65973.60,65973.50,65973.60,12.149000,93,5.710000,6.439000,65973.55,95316.08,-0.00004239,0.000000,0.000000,0
2026-03-27 22:22:00,65973.60,65985.00,65971.00,65980.60,20.774000,195,9.917000,10.857000,65974.62,95318.89,-0.00004233,0.000000,0.000000,0
2026-03-27 22:23:00,65980.60,65980.60,65980.50,65980.50,5.107000,67,2.495000,2.612000,65980.55,95317.34,-0.00004233,0.000000,0.000000,0
2026-03-27 22:24:00,65980.50,65987.00,65964.70,65964.70,14.894000,257,5.195000,9.699000,65977.81,95319.84,-0.00004242,0.000000,0.000000,0
2026-03-27 22:25:00,65964.80,65971.60,65964.80,65971.50,17.396000,146,10.037000,7.359000,65969.52,95319.77,-0.00004271,0.000000,0.000000,0
2026-03-27 22:26:00,65971.60,65975.90,65920.00,65920.00,34.850000,466,7.249000,27.601000,65955.46,95318.54,-0.00004322,0.000000,0.000000,0
2026-03-27 22:27:00,65920.00,65920.10,65903.60,65912.80,39.767000,436,11.233000,28.534000,65914.19,95317.85,-0.00004322,0.000000,0.280000,0
2026-03-27 22:28:00,65912.80,65933.00,65912.70,65913.20,58.469000,415,32.751000,25.718000,65923.83,95298.58,-0.00004418,0.000000,0.000000,0
2026-03-27 22:29:00,65913.30,65931.40,65912.90,65928.80,29.228000,254,14.212000,15.016000,65918.65,95303.56,-0.00004502,0.000000,0.128000,0
2026-03-27 22:30:00,65928.90,65971.00,65928.80,65971.00,172.021000,752,143.214000,28.807000,65960.25,95308.58,-0.00004502,0.000000,0.000000,0
2026-03-27 22:31:00,65971.00,65971.00,65950.80,65961.50,32.817000,325,9.403000,23.414000,65958.63,95285.03,-0.00004547,0.000000,0.000000,0
2026-03-27 22:32:00,65961.50,66009.40,65961.40,65995.50,40.088000,610,27.146000,12.942000,65988.92,95282.84,-0.00004620,0.000000,0.000000,0
2026-03-27 22:33:00,65995.50,65999.50,65995.40,65999.50,19.338000,137,17.580000,1.758000,65996.04,95280.43,-0.00004620,0.000000,0.000000,0
2026-03-27 22:34:00,65999.50,66017.40,65969.40,65969.50,41.783000,575,17.946000,23.837000,66001.26,95278.24,-0.00004658,0.000000,0.000000,0
2026-03-27 22:35:00,65969.40,65998.40,65966.60,65973.90,173.326000,622,36.034000,137.292000,65978.88,95282.14,-0.00004687,0.000000,0.000000,0
2026-03-27 22:36:00,65974.00,65979.50,65930.10,65930.20,35.899000,561,18.439000,17.460000,65964.98,95327.66,-0.00004779,0.000000,0.000000,0
2026-03-27 22:37:00,65930.10,65935.30,65910.10,65910.10,21.791000,378,7.257000,14.534000,65925.26,95331.54,-0.00004779,0.000000,0.000000,0
2026-03-27 22:38:00,65910.10,65910.20,65876.90,65901.90,68.671000,687,19.914000,48.757000,65891.77,95328.44,-0.00004895,0.000000,0.208000,0
2026-03-27 22:39:00,65902.00,65912.70,65879.80,65887.10,28.206000,459,8.101000,20.105000,65895.37,95329.37,-0.00005066,0.000000,0.000000,0
2026-03-27 22:40:00,65887.00,65887.20,65874.40,65886.90,17.940000,289,5.462000,12.478000,65883.41,95328.83,-0.00005066,0.000000,0.033000,0
2026-03-27 22:41:00,65886.90,65915.20,65886.80,65906.40,30.232000,386,10.534000,19.698000,65906.31,95325.96,-0.00005226,0.000000,0.000000,0
2026-03-27 22:42:00,65906.40,65928.60,65906.30,65928.60,21.290000,250,16.934000,4.356000,65913.14,95332.06,-0.00005364,0.000000,0.000000,0
2026-03-27 22:43:00,65928.60,65928.60,65910.80,65913.80,22.129000,338,6.635000,15.494000,65922.67,95334.42,-0.00005394,0.000000,0.000000,0
2026-03-27 22:44:00,65913.90,65993.20,65913.90,65993.20,60.283000,819,51.205000,9.078000,65953.56,95321.72,-0.00005394,0.000000,0.000000,0
2026-03-27 22:45:00,65993.20,66007.00,65993.10,66006.90,29.653000,293,19.820000,9.833000,66002.51,95320.77,-0.00005413,0.000000,0.000000,0
2026-03-27 22:46:00,66006.90,66015.60,66000.00,66002.30,37.634000,384,21.271000,16.363000,66006.91,95320.76,-0.00005338,0.000000,0.000000,0
2026-03-27 22:47:00,66002.30,66011.60,66002.30,66007.30,25.404000,251,18.768000,6.636000,66004.27,95321.06,-0.00005338,0.000000,0.000000,0
2026-03-27 22:48:00,66007.30,66011.20,66007.20,66011.20,7.688000,159,6.267000,1.421000,66010.80,95319.51,-0.00005292,0.000000,0.000000,0
2026-03-27 22:49:00,66011.20,66028.50,65990.50,65992.20,42.598000,503,15.603000,26.995000,66013.22,95319.91,-0.00005227,0.000000,0.002000,0
2026-03-27 22:50:00,65992.20,66020.70,65992.10,66020.00,58.240000,413,45.936000,12.304000,66007.31,95299.43,-0.00005273,0.000000,0.024000,0
2026-03-27 22:51:00,66020.10,66028.60,66013.40,66028.60,19.523000,307,10.959000,8.564000,66021.96,95295.88,-0.00005273,0.008000,0.004000,0
2026-03-27 22:52:00,66028.60,66040.10,66014.80,66014.90,56.424000,389,29.530000,26.894000,66033.57,95283.11,-0.00005296,0.000000,0.000000,0
2026-03-27 22:53:00,66014.90,66014.90,65988.30,65988.30,21.793000,317,2.041000,19.752000,66003.37,95282.30,-0.00005319,0.000000,0.000000,0
2026-03-27 22:54:00,65988.10,65995.40,65981.80,65995.40,15.609000,231,7.347000,8.262000,65985.26,95280.12,-0.00005319,0.000000,0.000000,0
2026-03-27 22:55:00,65995.40,65995.40,65991.30,65991.40,6.753000,124,4.205000,2.548000,65993.11,95279.46,-0.00005411,0.000000,0.000000,0
2026-03-27 22:56:00,65991.30,66020.50,65991.30,66019.90,16.090000,289,13.805000,2.285000,66012.14,95276.95,-0.00005502,0.000000,0.000000,0
2026-03-27 22:57:00,66019.90,66020.00,66019.90,66020.00,12.244000,84,11.121000,1.123000,66019.99,95281.41,-0.00005531,0.000000,0.000000,0
2026-03-27 22:58:00,66020.00,66034.60,65973.40,65975.70,166.101000,756,47.345000,118.756000,65998.22,95282.94,-0.00005531,0.000000,0.000000,0
2026-03-27 22:59:00,65975.70,66001.70,65975.60,65984.00,24.162000,364,9.027000,15.135000,65991.23,95225.46,-0.00005540,0.000000,0.000000,0
2026-03-27 23:00:00,65983.90,65984.00,65977.70,65981.10,16.566000,184,5.501000,11.065000,65981.32,95222.28,-0.00005632,0.003000,0.000000,0
2026-03-27 23:01:00,65981.10,65996.70,65981.00,65996.50,37.801000,416,30.550000,7.251000,65987.36,95223.08,-0.00005632,0.000000,0.000000,0
2026-03-27 23:02:00,65996.50,65999.50,65996.40,65999.40,5.731000,127,4.653000,1.078000,65998.26,95224.29,-0.00005729,0.000000,0.000000,0
2026-03-27 23:03:00,65999.50,65999.50,65985.70,65998.50,26.163000,346,11.217000,14.946000,65992.44,95232.05,-0.00005807,0.000000,0.000000,0
2026-03-27 23:04:00,65998.40,65998.50,65959.60,65959.70,41.150000,431,6.733000,34.417000,65978.07,95232.45,-0.00005896,0.000000,0.000000,0
2026-03-27 23:05:00,65959.60,65982.10,65959.60,65977.90,25.935000,319,16.959000,8.976000,65970.59,95231.47,-0.00005896,0.000000,0.000000,0
2026-03-27 23:06:00,65977.90,65984.10,65960.10,65960.20,26.872000,318,20.028000,6.844000,65974.39,95232.59,-0.00006002,0.000000,0.000000,0
2026-03-27 23:07:00,65960.20,65992.50,65960.10,65992.40,20.401000,302,11.453000,8.948000,65972.51,95237.29,-0.00006071,0.000000,0.000000,0
2026-03-27 23:08:00,65992.50,66010.00,65932.00,65932.00,43.967000,973,9.628000,34.339000,65991.75,95246.37,-0.00006071,0.000000,0.000000,0
2026-03-27 23:09:00,65932.10,65948.80,65931.50,65931.50,41.208000,449,17.479000,23.729000,65940.06,95237.99,-0.00006127,0.000000,0.002000,0
2026-03-27 23:10:00,65931.50,65951.70,65931.50,65951.60,21.550000,231,16.541000,5.009000,65936.63,95227.52,-0.00006206,0.000000,0.000000,0
2026-03-27 23:11:00,65951.70,65980.50,65951.70,65973.90,33.513000,419,25.004000,8.509000,65972.50,95232.26,-0.00006290,0.000000,0.000000,0
2026-03-27 23:12:00,65973.90,65993.40,65970.80,65992.30,23.835000,313,12.394000,11.441000,65981.46,95232.70,-0.00006290,0.000000,0.000000,0
2026-03-27 23:13:00,65992.30,66020.00,65992.30,66020.00,46.247000,377,27.826000,18.421000,66002.68,95219.17,-0.00006318,0.000000,0.000000,0
2026-03-27 23:14:00,66019.90,66050.10,66019.90,66037.30,64.848000,573,41.261000,23.587000,66041.62,95203.81,-0.00006308,0.000000,0.000000,0
2026-03-27 23:15:00,66037.30,66064.80,66037.20,66052.70,41.730000,421,30.094000,11.636000,66053.86,95214.59,-0.00006308,0.000000,0.000000,0
2026-03-27 23:16:00,66052.70,66052.70,66039.00,66045.00,24.646000,241,8.256000,16.390000,66045.79,95225.49,-0.00006328,0.000000,0.000000,0
2026-03-27 23:17:00,66044.90,66045.10,66024.60,66033.30,62.500000,421,19.937000,42.563000,66038.44,95225.98,-0.00006378,0.000000,0.000000,0
2026-03-27 23:18:00,66033.40,66054.10,66033.30,66054.10,16.745000,256,13.971000,2.774000,66042.29,95208.75,-0.00006475,0.000000,0.000000,0
2026-03-27 23:19:00,66054.00,66061.00,66040.70,66052.00,54.653000,460,18.311000,36.342000,66052.32,95216.19,-0.00006475,0.000000,0.000000,0
2026-03-27 23:20:00,66052.00,66065.10,66051.90,66056.80,27.813000,264,9.662000,18.151000,66061.49,95224.40,-0.00006542,0.000000,0.000000,0
2026-03-27 23:21:00,66056.90,66060.50,66056.80,66060.50,11.305000,154,9.928000,1.377000,66057.85,95223.82,-0.00006574,0.000000,0.000000,0
2026-03-27 23:22:00,66060.50,66073.40,66060.40,66073.40,31.639000,233,18.957000,12.682000,66069.16,95224.64,-0.00006574,0.000000,0.000000,0
2026-03-27 23:23:00,66073.40,66087.60,66073.30,66086.00,42.478000,289,34.889000,7.589000,66078.60,95221.28,-0.00006630,0.000000,0.000000,0
2026-03-27 23:24:00,66086.00,66125.00,66085.90,66125.00,59.538000,602,35.054000,24.484000,66106.34,95199.24,-0.00006665,0.018000,0.000000,0
2026-03-27 23:25:00,66125.00,66186.60,66121.30,66183.80,210.775000,1076,174.758000,36.017000,66157.82,95158.60,-0.00006704,0.524000,0.000000,0
2026-03-27 23:26:00,66183.90,66183.90,66138.90,66148.10,172.090000,688,38.159000,133.931000,66164.64,95125.02,-0.00006704,0.000000,0.000000,0
2026-03-27 23:27:00,66148.10,66152.80,66137.90,66152.80,26.338000,344,19.005000,7.333000,66145.24,95125.02,-0.00006703,0.000000,0.000000,0
2026-03-27 23:28:00,66152.80,66159.70,66142.90,66159.70,42.073000,335,34.866000,7.207000,66146.15,95126.35,-0.00006805,0.000000,0.000000,0
2026-03-27 23:29:00,66159.70,66160.90,66141.90,66141.90,23.442000,290,12.273000,11.169000,66157.02,95118.59,-0.00006805,0.000000,0.000000,0
2026-03-27 23:30:00,66142.00,66144.40,66141.90,66144.40,15.907000,152,10.308000,5.599000,66143.78,95127.15,-0.00006889,0.000000,0.000000,0
2026-03-27 23:31:00,66144.50,66159.10,66141.10,66153.60,91.735000,399,67.357000,24.378000,66148.86,95121.06,-0.00006973,0.000000,0.000000,0
2026-03-27 23:32:00,66153.60,66153.60,66135.50,66141.20,35.475000,290,11.804000,23.671000,66148.16,95150.93,-0.00007060,0.000000,0.000000,0
2026-03-27 23:33:00,66141.10,66148.20,66141.10,66148.20,20.173000,165,8.775000,11.398000,66142.11,95158.94,-0.00007060,0.000000,0.000000,0
2026-03-27 23:34:00,66148.20,66148.20,66136.30,66136.30,16.203000,194,5.087000,11.116000,66143.06,95156.63,-0.00007155,0.000000,0.000000,0
2026-03-27 23:35:00,66136.30,66146.00,66118.20,66145.80,219.704000,553,185.366000,34.338000,66133.78,95160.25,-0.00007236,0.000000,0.000000,0
2026-03-27 23:36:00,66145.70,66145.70,66134.10,66134.20,20.720000,209,7.479000,13.241000,66141.54,95226.54,-0.00007236,0.000000,0.000000,0
2026-03-27 23:37:00,66134.10,66153.60,66134.10,66153.50,28.151000,282,23.241000,4.910000,66145.92,95225.94,-0.00007335,0.000000,0.000000,0
2026-03-27 23:38:00,66153.60,66186.60,66153.50,66186.20,47.782000,408,27.108000,20.674000,66180.25,95223.36,-0.00007414,0.000000,0.000000,0
2026-03-27 23:39:00,66186.20,66196.80,66182.20,66196.80,57.434000,366,34.310000,23.124000,66189.31,95230.68,-0.00007418,0.017000,0.000000,0
2026-03-27 23:40:00,66196.80,66204.00,66174.10,66200.00,101.796000,661,69.438000,32.358000,66195.02,95235.30,-0.00007418,0.009000,0.000000,0
2026-03-27 23:41:00,66199.90,66218.80,66188.30,66188.40,114.892000,610,80.327000,34.565000,66207.78,95214.28,-0.00007395,0.012000,0.000000,0
2026-03-27 23:42:00,66188.30,66192.40,66163.20,66174.70,36.274000,465,14.816000,21.458000,66175.04,95185.03,-0.00007419,0.000000,0.000000,0
2026-03-27 23:43:00,66174.70,66211.10,66174.70,66211.10,29.852000,393,28.852000,1.000000,66196.82,95182.38,-0.00007419,0.000000,0.000000,0
2026-03-27 23:44:00,66211.00,66238.10,66211.00,66231.30,50.394000,506,22.608000,27.786000,66230.03,95183.69,-0.00007523,0.084000,0.000000,0
2026-03-27 23:45:00,66231.30,66253.60,66231.20,66246.50,95.982000,597,41.202000,54.780000,66245.17,95179.71,-0.00007535,3.122000,0.000000,0
2026-03-27 23:46:00,66246.50,66344.40,66246.00,66277.80,294.149000,2155,199.909000,94.240000,66294.52,95182.77,-0.00007531,0.082000,0.008000,0
2026-03-27 23:47:00,66277.90,66291.10,66260.50,66291.10,73.452000,549,44.981000,28.471000,66268.83,95118.65,-0.00007531,0.000000,0.003000,0
2026-03-27 23:48:00,66291.10,66301.50,66282.40,66295.20,50.915000,452,27.399000,23.516000,66292.22,95105.51,-0.00007548,0.187000,0.000000,0
2026-03-27 23:49:00,66295.20,66349.90,66295.10,66332.70,165.482000,1144,110.561000,54.921000,66329.70,95106.74,-0.00007573,0.201000,0.000000,0
2026-03-27 23:50:00,66332.70,66338.50,66302.70,66336.40,112.620000,931,45.488000,67.132000,66325.36,95126.56,-0.00007573,0.000000,0.000000,0
2026-03-27 23:51:00,66336.50,66336.50,66277.30,66303.90,140.024000,885,61.394000,78.630000,66298.56,95132.60,-0.00007594,0.000000,0.000000,0
2026-03-27 23:52:00,66303.80,66303.90,66284.60,66299.60,66.778000,641,38.901000,27.877000,66290.40,95138.75,-0.00007663,0.000000,0.000000,0
2026-03-27 23:53:00,66299.50,66337.50,66299.50,66316.00,47.666000,607,29.854000,17.812000,66323.19,95141.11,-0.00007663,0.000000,0.000000,0
2026-03-27 23:54:00,66316.00,66329.30,66315.90,66327.10,21.243000,330,12.734000,8.509000,66325.30,95145.05,-0.00007728,0.000000,0.000000,0
2026-03-27 23:55:00,66327.10,66333.30,66310.60,66333.20,146.128000,512,132.601000,13.527000,66326.95,95148.64,-0.00007770,0.000000,0.000000,0
2026-03-27 23:56:00,66333.30,66333.30,66326.20,66326.20,19.839000,253,7.947000,11.892000,66330.28,95232.82,-0.00007846,0.000000,0.000000,0
2026-03-27 23:57:00,66326.30,66330.50,66314.90,66330.40,49.790000,435,23.319000,26.471000,66322.57,95234.46,-0.00007846,0.000000,0.000000,0
2026-03-27 23:58:00,66330.40,66345.70,66330.40,66338.80,67.932000,480,49.259000,18.673000,66338.41,95234.78,-0.00007946,0.000000,0.000000,0
2026-03-27 23:59:00,66338.80,66338.90,66330.50,66330.50,22.473000,276,9.395000,13.078000,66332.22,95235.59,-0.00008012,0.000000,0.000000,0
