Timestamp,Open,High,Low,Close,Volume,AggTrades,BuyQty,SellQty,VWAP,OpenInterest,FundingRate,LiqBuyQty,LiqSellQty,IsSynthetic
2026-06-15 00:00:00,65717.90,65733.00,65700.70,65702.20,54.968000,599,21.006000,33.962000,65720.88,101640.54,0.00002808,0.000000,0.000000,0
2026-06-15 00:01:00,65702.10,65732.90,65694.00,65714.20,236.990000,1700,105.402000,131.588000,65712.65,101631.42,0.00002808,0.012000,0.000000,0
2026-06-15 00:02:00,65714.30,65730.00,65706.90,65720.00,92.185000,1004,43.917000,48.268000,65716.08,101649.86,0.00002761,0.014000,0.000000,0
2026-06-15 00:03:00,65720.00,65720.00,65666.00,65678.10,165.102000,1375,66.596000,98.506000,65684.81,101620.09,0.00002675,0.006000,0.000000,0
2026-06-15 00:04:00,65678.00,65689.00,65611.20,65611.20,143.299000,1196,34.592000,108.707000,65652.25,101620.26,0.00002675,0.000000,0.000000,0
2026-06-15 00:05:00,65611.20,65639.90,65583.50,65633.90,127.417000,1445,46.328000,81.089000,65613.59,101569.81,0.00002588,0.000000,0.000000,0
2026-06-15 00:06:00,65633.80,65663.00,65617.50,65645.00,127.076000,1605,64.855000,62.221000,65640.49,101585.26,0.00002488,0.000000,0.000000,0
2026-06-15 00:07:00,65644.90,65699.70,65622.40,65662.40,132.520000,1663,71.750000,60.770000,65655.04,101591.64,0.00002455,0.000000,0.000000,0
2026-06-15 00:08:00,65662.40,65780.00,65662.40,65705.20,331.787000,2450,226.161000,105.626000,65725.61,101616.89,0.00002455,3.265000,0.000000,0
2026-06-15 00:09:00,65705.10,65743.80,65694.50,65706.60,75.850000,1219,31.629000,44.221000,65718.49,101652.49,0.00002451,0.000000,0.000000,0
2026-06-15 00:10:00,65706.50,65760.00,65681.20,65713.80,148.142000,2272,61.731000,86.411000,65728.95,101668.77,0.00002480,0.000000,0.000000,0
2026-06-15 00:11:00,65713.90,65757.60,65709.40,65724.90,62.047000,1324,34.256000,27.791000,65733.16,101659.29,0.00002480,0.000000,0.000000,0
2026-06-15 00:12:00,65724.80,65728.10,65697.30,65704.10,60.776000,835,32.356000,28.420000,65711.82,101666.48,0.00002478,0.000000,0.000000,0
2026-06-15 00:13:00,65704.10,65757.00,65691.30,65748.90,94.385000,1156,38.222000,56.163000,65735.87,101659.88,0.00002400,0.002000,0.000000,0
2026-06-15 00:14:00,65748.80,65760.00,65727.90,65733.00,44.396000,756,22.147000,22.249000,65740.60,101652.91,0.00002400,0.032000,0.000000,0
2026-06-15 00:15:00,65733.10,65880.00,65733.00,65848.40,765.475000,3486,636.343000,129.132000,65818.98,101643.44,0.00002375,12.720000,0.000000,0
2026-06-15 00:16:00,65848.40,65848.40,65710.10,65710.10,517.694000,4209,237.948000,279.746000,65784.13,101518.37,0.00002330,0.000000,0.000000,0
2026-06-15 00:17:00,65710.00,65756.90,65685.10,65756.80,150.038000,2175,76.076000,73.962000,65715.82,101527.05,0.00002286,0.000000,0.000000,0
2026-06-15 00:18:00,65756.90,65764.00,65710.00,65730.00,67.389000,1448,26.712000,40.677000,65737.30,101538.87,0.00002286,0.000000,0.000000,0
2026-06-15 00:19:00,65729.90,65736.60,65680.70,65686.60,94.803000,1185,39.344000,55.459000,65695.78,101534.78,0.00002190,0.000000,0.000000,0
2026-06-15 00:20:00,65686.60,65708.30,65663.80,65699.40,153.926000,1218,55.646000,98.280000,65690.16,101506.45,0.00002087,0.000000,0.000000,0
2026-06-15 00:21:00,65699.30,65728.80,65661.20,65709.70,94.087000,1547,36.262000,57.825000,65696.31,101520.80,0.00002087,0.000000,0.000000,0
2026-06-15 00:22:00,65709.80,65748.20,65709.80,65716.90,71.144000,1047,40.580000,30.564000,65728.15,101522.91,0.00001995,0.000000,0.000000,0
2026-06-15 00:23:00,65717.00,65734.50,65633.00,65642.60,148.176000,1768,30.805000,117.371000,65672.57,101504.10,0.00001942,0.000000,0.000000,0
2026-06-15 00:24:00,65642.50,65682.60,65630.00,65672.10,128.350000,1390,67.885000,60.465000,65654.76,101511.25,0.00001856,0.000000,0.000000,0
2026-06-15 00:25:00,65672.00,65696.00,65656.90,65665.90,63.715000,982,27.458000,36.257000,65674.31,101533.32,0.00001856,0.000000,0.000000,0
2026-06-15 00:26:00,65665.90,65692.00,65659.70,65690.10,77.728000,1195,30.086000,47.642000,65672.97,101547.21,0.00001812,0.000000,0.000000,0
2026-06-15 00:27:00,65690.10,65712.10,65674.80,65712.00,50.303000,667,29.832000,20.471000,65694.60,101545.28,0.00001771,0.000000,0.000000,0
2026-06-15 00:28:00,65712.00,65745.00,65712.00,65728.90,81.146000,884,39.865000,41.281000,65734.99,101549.50,0.00001771,0.000000,0.000000,0
2026-06-15 00:29:00,65728.80,65736.90,65695.50,65731.90,122.501000,1060,75.235000,47.266000,65717.35,101558.21,0.00001768,0.000000,0.000000,0
2026-06-15 00:30:00,65731.90,65749.20,65707.80,65720.10,60.643000,758,38.886000,21.757000,65730.93,101594.35,0.00001734,0.000000,0.000000,0
2026-06-15 00:31:00,65720.20,65734.30,65679.00,65734.20,112.639000,1434,69.982000,42.657000,65696.83,101621.36,0.00001734,0.000000,0.000000,0
2026-06-15 00:32:00,65734.20,65734.30,65598.00,65606.60,359.465000,2611,79.866000,279.599000,65628.02,101656.22,0.00001665,0.000000,0.000000,0
2026-06-15 00:33:00,65606.50,65666.40,65566.90,65617.00,946.396000,3046,274.494000,671.902000,65604.93,101763.95,0.00001610,0.000000,0.086000,0
2026-06-15 00:34:00,65617.00,65627.20,65582.40,65610.00,125.836000,1308,74.579000,51.257000,65605.54,101810.34,0.00001529,0.000000,0.000000,0
2026-06-15 00:35:00,65609.90,65612.40,65449.70,65580.10,726.100000,2974,119.037000,607.063000,65529.46,101693.79,0.00001529,0.000000,0.001000,0
2026-06-15 00:36:00,65580.10,65580.20,65531.20,65545.70,147.464000,1206,56.184000,91.280000,65561.19,101690.30,0.00001486,0.000000,0.456000,0
2026-06-15 00:37:00,65545.60,65570.00,65543.10,65548.10,121.231000,893,58.828000,62.403000,65555.19,101728.47,0.00001391,0.000000,0.000000,0
2026-06-15 00:38:00,65548.10,65548.10,65524.60,65541.00,91.399000,894,32.910000,58.489000,65535.74,101721.84,0.00001391,0.000000,0.002000,0
2026-06-15 00:39:00,65541.00,65542.60,65522.00,65542.50,47.214000,607,16.900000,30.314000,65531.03,101727.55,0.00001308,0.000000,0.000000,0
2026-06-15 00:40:00,65542.60,65542.60,65481.50,65494.40,286.477000,1627,134.216000,152.261000,65503.16,101794.01,0.00001210,0.000000,0.057000,0
2026-06-15 00:41:00,65494.50,65530.00,65469.10,65492.40,183.468000,1346,104.064000,79.404000,65492.27,101816.68,0.00001210,0.000000,0.000000,0
2026-06-15 00:42:00,65492.40,65492.50,65469.50,65484.70,83.202000,689,38.316000,44.886000,65479.10,101814.77,0.00001067,0.000000,0.000000,0
2026-06-15 00:43:00,65484.70,65493.90,65470.00,65470.10,79.256000,727,33.421000,45.835000,65481.78,101808.97,0.00000980,0.000000,0.000000,0
2026-06-15 00:44:00,65470.00,65479.50,65444.00,65474.60,165.051000,1218,51.414000,113.637000,65458.79,101847.49,0.00000903,0.000000,0.036000,0
2026-06-15 00:45:00,65474.50,65508.00,65468.40,65507.90,108.823000,726,75.925000,32.898000,65480.08,101851.46,0.00000903,0.000000,0.000000,0
2026-06-15 00:46:00,65507.90,65511.70,65479.50,65484.10,106.037000,1113,56.531000,49.506000,65497.52,101842.44,0.00000839,0.000000,0.000000,0
2026-06-15 00:47:00,65484.00,65499.20,65468.80,65487.50,86.878000,978,49.006000,37.872000,65483.31,101832.89,0.00000803,0.000000,0.000000,0
2026-06-15 00:48:00,65487.60,65530.40,65487.50,65530.30,48.485000,602,33.522000,14.963000,65519.42,101827.54,0.00000803,0.000000,0.000000,0
2026-06-15 00:49:00,65530.30,65579.20,65530.30,65557.50,136.596000,1303,83.551000,53.045000,65563.62,101799.46,0.00000762,0.000000,0.000000,0
2026-06-15 00:50:00,65557.40,65560.40,65512.10,65519.70,114.141000,1064,32.263000,81.878000,65533.47,101837.21,0.00000770,0.000000,0.000000,0
2026-06-15 00:51:00,65519.80,65527.50,65500.00,65500.10,40.517000,466,10.419000,30.098000,65506.15,101834.38,0.00000698,0.000000,0.000000,0
2026-06-15 00:52:00,65500.10,65509.90,65491.00,65494.10,44.511000,424,19.090000,25.421000,65501.62,101832.06,0.00000698,0.000000,0.000000,0
2026-06-15 00:53:00,65494.10,65527.90,65494.10,65520.10,43.876000,457,20.505000,23.371000,65514.68,101830.28,0.00000600,0.000000,0.000000,0
2026-06-15 00:54:00,65520.00,65520.10,65497.40,65518.90,33.769000,782,15.153000,18.616000,65510.95,101832.44,0.00000547,0.000000,0.000000,0
2026-06-15 00:55:00,65519.00,65548.50,65514.70,65534.90,45.974000,576,28.650000,17.324000,65532.19,101841.50,0.00000547,0.000000,0.000000,0
2026-06-15 00:56:00,65535.00,65580.00,65534.90,65580.00,56.389000,639,33.075000,23.314000,65553.64,101841.50,0.00000494,0.002000,0.000000,0
2026-06-15 00:57:00,65580.00,65580.10,65556.70,65556.70,64.870000,576,26.621000,38.249000,65566.41,101846.48,0.00000473,0.000000,0.000000,0
2026-06-15 00:58:00,65556.80,65597.20,65556.70,65597.20,58.025000,662,29.073000,28.952000,65580.84,101835.82,0.00000473,0.000000,0.000000,0
2026-06-15 00:59:00,65597.20,65608.00,65596.80,65608.00,47.908000,453,25.578000,22.330000,65600.75,101841.11,0.00000443,0.000000,0.000000,0
2026-06-15 01:00:00,65608.00,65610.00,65572.30,65591.40,43.900000,683,11.087000,32.813000,65593.55,101846.91,0.00000427,0.000000,0.000000,0
2026-06-15 01:01:00,65591.40,65595.70,65526.10,65526.20,56.511000,941,11.398000,45.113000,65563.85,101846.34,0.00000380,0.000000,0.000000,0
2026-06-15 01:02:00,65526.10,65526.20,65485.60,65491.60,65.130000,960,18.842000,46.288000,65500.95,101837.79,0.00000380,0.000000,0.000000,0
2026-06-15 01:03:00,65491.60,65505.00,65442.50,65470.20,149.888000,1425,49.118000,100.770000,65469.84,101837.17,0.00000307,0.000000,0.000000,0
2026-06-15 01:04:00,65470.20,65470.30,65400.00,65407.20,163.556000,1205,36.694000,126.862000,65425.23,101825.96,0.00000214,0.000000,0.673000,0
2026-06-15 01:05:00,65407.20,65415.80,65325.20,65325.20,313.075000,2155,86.599000,226.476000,65375.16,101783.57,0.00000214,0.000000,0.857000,0
2026-06-15 01:06:00,65325.10,65417.90,65314.30,65410.10,540.239000,2805,444.380000,95.859000,65365.33,101697.01,0.00000117,0.000000,0.115000,0
2026-06-15 01:07:00,65410.10,65410.10,65372.10,65380.00,166.141000,1028,65.413000,100.728000,65392.08,101760.16,0.00000002,0.000000,0.000000,0
2026-06-15 01:08:00,65379.90,65391.70,65367.60,65388.50,189.915000,1022,135.471000,54.444000,65379.67,101826.68,0.00000002,0.000000,0.000000,0
2026-06-15 01:09:00,65388.60,65479.90,65388.60,65459.10,264.062000,1661,140.784000,123.278000,65432.89,101915.85,-0.00000001,0.091000,0.000000,0
2026-06-15 01:10:00,65459.00,65459.10,65424.00,65424.00,89.583000,882,27.923000,61.660000,65445.51,102006.23,-0.00000062,0.000000,0.000000,0
2026-06-15 01:11:00,65424.00,65434.30,65392.70,65400.70,62.925000,941,21.254000,41.671000,65413.21,102013.34,-0.00000071,0.000000,0.000000,0
2026-06-15 01:12:00,65400.70,65442.30,65383.00,65440.50,60.860000,860,35.291000,25.569000,65406.38,102005.09,-0.00000071,0.000000,0.000000,0
2026-06-15 01:13:00,65440.40,65455.50,65440.40,65450.40,64.997000,694,42.931000,22.066000,65449.52,102002.35,-0.00000157,0.000000,0.000000,0
2026-06-15 01:14:00,65450.40,65470.00,65445.20,65469.90,82.300000,773,55.953000,26.347000,65453.02,101988.69,-0.00000151,0.005000,0.000000,0
2026-06-15 01:15:00,65470.00,65478.60,65447.80,65472.20,99.777000,667,73.024000,26.753000,65464.22,101963.54,-0.00000151,0.000000,0.000000,0
2026-06-15 01:16:00,65472.20,65478.90,65424.20,65430.60,47.524000,780,23.497000,24.027000,65460.64,101949.71,-0.00000163,0.000000,0.000000,0
2026-06-15 01:17:00,65430.60,65452.60,65407.60,65419.40,78.374000,927,35.645000,42.729000,65428.64,101940.54,-0.00000194,0.000000,0.000000,0
2026-06-15 01:18:00,65419.40,65489.00,65419.30,65475.30,60.670000,734,47.038000,13.632000,65459.36,101934.17,-0.00000280,0.000000,0.000000,0
2026-06-15 01:19:00,65475.40,65485.70,65457.80,65471.80,63.821000,834,35.604000,28.217000,65471.53,101934.10,-0.00000280,0.000000,0.000000,0
2026-06-15 01:20:00,65471.70,65472.00,65444.30,65456.00,27.929000,463,12.621000,15.308000,65461.18,101937.10,-0.00000295,0.000000,0.000000,0
2026-06-15 01:21:00,65456.00,65458.50,65372.20,65394.60,93.568000,1169,29.644000,63.924000,65403.48,101928.64,-0.00000322,0.000000,0.000000,0
2026-06-15 01:22:00,65394.70,65404.80,65362.80,65371.30,50.059000,864,22.242000,27.817000,65379.40,101932.80,-0.00000322,0.000000,0.000000,0
2026-06-15 01:23:00,65371.40,65400.00,65342.40,65362.90,56.509000,991,24.415000,32.094000,65369.98,101922.84,-0.00000417,0.000000,0.000000,0
2026-06-15 01:24:00,65362.90,65409.30,65356.80,65400.00,47.647000,783,22.386000,25.261000,65379.31,101926.88,-0.00000478,0.000000,0.000000,0
2026-06-15 01:25:00,65399.90,65411.20,65390.60,65399.00,30.648000,437,16.660000,13.988000,65401.87,101922.53,-0.00000498,0.000000,0.000000,0
2026-06-15 01:26:00,65399.00,65399.10,65319.00,65348.80,67.077000,1034,30.570000,36.507000,65348.51,101915.63,-0.00000498,0.000000,0.015000,0
2026-06-15 01:27:00,65348.90,65386.80,65348.90,65380.20,55.609000,664,30.168000,25.441000,65368.92,101919.02,-0.00000520,0.032000,0.000000,0
2026-06-15 01:28:00,65380.30,65392.90,65376.20,65380.60,31.350000,542,18.945000,12.405000,65381.92,101921.62,-0.00000582,0.000000,0.000000,0
2026-06-15 01:29:00,65380.60,65415.80,65380.50,65394.10,55.550000,583,20.307000,35.243000,65404.75,101918.08,-0.00000582,0.635000,0.000000,0
2026-06-15 01:30:00,65394.20,65394.20,65362.00,65362.00,29.211000,385,11.940000,17.271000,65379.58,101912.47,-0.00000578,0.000000,0.000000,0
2026-06-15 01:31:00,65362.00,65379.80,65352.90,65361.90,77.498000,1069,39.616000,37.882000,65368.69,101902.15,-0.00000607,0.000000,0.076000,0
2026-06-15 01:32:00,65361.70,65410.80,65345.00,65407.80,64.602000,977,42.615000,21.987000,65377.68,101882.28,-0.00000607,0.000000,0.000000,0
2026-06-15 01:33:00,65407.70,65453.10,65407.70,65446.70,66.721000,852,53.003000,13.718000,65427.61,101867.37,-0.00000679,0.000000,0.000000,0
2026-06-15 01:34:00,65446.70,65446.80,65416.90,65433.10,26.495000,796,11.207000,15.288000,65432.80,101870.38,-0.00000630,0.000000,0.000000,0
2026-06-15 01:35:00,65433.00,65457.70,65419.60,65437.90,54.965000,819,34.015000,20.950000,65438.22,101869.54,-0.00000611,0.000000,0.000000,0
2026-06-15 01:36:00,65437.80,65450.00,65420.00,65430.60,20.398000,549,10.515000,9.883000,65434.26,101864.71,-0.00000611,0.000000,0.000000,0
2026-06-15 01:37:00,65430.60,65466.60,65428.60,65466.60,39.359000,611,26.097000,13.262000,65449.79,101864.53,-0.00000641,0.000000,0.000000,0
2026-06-15 01:38:00,65466.50,65539.40,65466.50,65528.50,293.131000,1660,243.705000,49.426000,65514.89,101801.80,-0.00000694,0.057000,0.000000,0
2026-06-15 01:39:00,65528.70,65566.40,65516.30,65565.90,108.628000,1187,72.083000,36.545000,65538.04,101788.81,-0.00000694,0.003000,0.000000,0
2026-06-15 01:40:00,65565.80,65705.60,65562.10,65672.40,584.886000,2904,394.475000,190.411000,65653.34,101773.89,-0.00000631,4.612000,0.000000,0
2026-06-15 01:41:00,65672.30,65678.80,65623.20,65636.10,175.778000,1362,71.325000,104.453000,65646.29,101876.75,-0.00000609,0.038000,0.000000,0
2026-06-15 01:42:00,65636.10,65636.10,65587.00,65618.70,86.381000,915,36.284000,50.097000,65610.55,101887.50,-0.00000583,0.000000,0.000000,0
2026-06-15 01:43:00,65618.40,65635.80,65613.20,65613.20,95.539000,587,44.382000,51.157000,65623.11,101888.61,-0.00000583,0.000000,0.000000,0
2026-06-15 01:44:00,65613.30,65624.80,65603.90,65615.10,44.769000,458,18.170000,26.599000,65614.52,101899.05,-0.00000652,0.000000,0.000000,0
2026-06-15 01:45:00,65615.10,65674.10,65615.10,65674.10,84.532000,892,65.232000,19.300000,65643.58,101903.46,-0.00000699,0.000000,0.000000,0
2026-06-15 01:46:00,65674.10,65674.10,65605.30,65611.50,133.727000,967,27.506000,106.221000,65640.27,101916.79,-0.00000699,0.000000,0.000000,0
2026-06-15 01:47:00,65611.50,65647.10,65611.40,65616.70,49.860000,704,27.348000,22.512000,65634.55,101933.49,-0.00000709,0.000000,0.000000,0
2026-06-15 01:48:00,65616.60,65631.50,65606.40,65631.50,43.575000,571,24.999000,18.576000,65618.00,101939.57,-0.00000769,0.000000,0.000000,0
2026-06-15 01:49:00,65631.50,65642.50,65614.50,65614.50,33.166000,456,15.191000,17.975000,65635.56,101953.80,-0.00000795,0.408000,0.000000,0
2026-06-15 01:50:00,65614.50,65620.60,65583.30,65592.70,34.617000,680,15.669000,18.948000,65594.10,101958.14,-0.00000795,0.000000,0.000000,0
2026-06-15 01:51:00,65592.60,65592.70,65497.40,65508.00,118.344000,1194,35.845000,82.499000,65535.73,101964.64,-0.00000830,0.000000,0.000000,0
2026-06-15 01:52:00,65507.90,65525.70,65490.00,65496.10,38.588000,705,15.475000,23.113000,65506.74,101961.25,-0.00000919,0.000000,0.000000,0
2026-06-15 01:53:00,65496.00,65520.00,65493.40,65516.20,37.175000,693,22.486000,14.689000,65508.55,101973.37,-0.00000919,0.000000,0.000000,0
2026-06-15 01:54:00,65516.10,65527.80,65514.20,65514.20,18.465000,370,9.077000,9.388000,65518.43,101977.82,-0.00000964,0.000000,0.000000,0
2026-06-15 01:55:00,65514.20,65514.30,65465.90,65475.60,104.656000,679,24.886000,79.770000,65489.45,101947.74,-0.00000982,0.000000,0.150000,0
2026-06-15 01:56:00,65475.60,65491.60,65467.30,65471.70,57.543000,646,23.428000,34.115000,65475.60,101955.94,-0.00000982,0.000000,0.000000,0
2026-06-15 01:57:00,65471.60,65476.90,65459.20,65476.90,88.708000,643,57.844000,30.864000,65468.54,101951.24,-0.00001061,0.000000,0.030000,0
2026-06-15 01:58:00,65476.80,65489.00,65476.80,65480.10,24.196000,340,14.102000,10.094000,65482.97,101987.27,-0.00001104,0.000000,0.000000,0
2026-06-15 01:59:00,65480.10,65480.10,65441.50,65455.60,116.096000,811,56.849000,59.247000,65453.42,101977.18,-0.00001122,0.000000,0.000000,0
2026-06-15 02:00:00,65455.50,65482.60,65439.30,65482.50,49.799000,780,30.567000,19.232000,65459.59,101990.87,-0.00001122,0.000000,0.000000,0
2026-06-15 02:01:00,65482.60,65487.50,65432.10,65432.10,93.188000,1069,28.236000,64.952000,65463.82,101985.86,-0.00001202,0.000000,0.000000,0
2026-06-15 02:02:00,65432.10,65447.60,65400.00,65439.20,206.807000,1390,54.065000,152.742000,65420.96,101969.45,-0.00001226,0.000000,0.002000,0
2026-06-15 02:03:00,65439.10,65461.30,65439.10,65459.50,28.248000,350,19.318000,8.930000,65449.50,101968.99,-0.00001226,0.000000,0.000000,0
2026-06-15 02:04:00,65459.40,65485.70,65459.40,65478.60,51.429000,485,29.480000,21.949000,65476.73,101984.22,-0.00001257,0.000000,0.000000,0
2026-06-15 02:05:00,65478.50,65525.00,65453.40,65506.80,89.686000,1167,62.011000,27.675000,65496.31,101982.99,-0.00001222,0.000000,0.005000,0
2026-06-15 02:06:00,65506.80,65577.80,65500.60,65543.10,131.357000,1437,87.685000,43.672000,65548.62,101949.78,-0.00001210,0.014000,0.000000,0
2026-06-15 02:07:00,65543.00,65586.10,65534.60,65586.00,105.645000,1137,40.689000,64.956000,65553.30,101970.82,-0.00001210,0.000000,0.000000,0
2026-06-15 02:08:00,65586.00,65592.10,65567.00,65567.10,60.526000,733,28.755000,31.771000,65582.32,101988.44,-0.00001163,0.000000,0.000000,0
2026-06-15 02:09:00,65567.00,65615.30,65545.20,65601.50,89.530000,1312,63.147000,26.383000,65592.89,101988.50,-0.00001138,0.000000,0.000000,0
2026-06-15 02:10:00,65601.50,65617.00,65573.50,65578.70,32.247000,708,14.213000,18.034000,65596.63,102028.27,-0.00001138,0.026000,0.000000,0
2026-06-15 02:11:00,65578.60,65614.00,65568.40,65598.20,67.910000,880,40.888000,27.022000,65590.66,102030.96,-0.00001167,0.000000,0.001000,0
2026-06-15 02:12:00,65598.30,65598.30,65575.00,65591.60,27.367000,536,5.972000,21.395000,65589.47,102051.70,-0.00001226,0.000000,0.000000,0
2026-06-15 02:13:00,65591.70,65614.00,65591.60,65600.80,31.852000,511,15.434000,16.418000,65598.73,102066.09,-0.00001226,0.000000,0.000000,0
2026-06-15 02:14:00,65600.90,65620.60,65600.80,65620.50,36.432000,551,26.995000,9.437000,65612.50,102067.30,-0.00001243,0.000000,0.000000,0
2026-06-15 02:15:00,65620.60,65632.80,65620.00,65623.40,37.464000,515,23.594000,13.870000,65624.70,102073.83,-0.00001222,0.000000,0.000000,0
2026-06-15 02:16:00,65623.30,65677.70,65623.30,65671.20,82.362000,1150,53.767000,28.595000,65650.80,102079.04,-0.00001183,0.030000,0.000000,0
2026-06-15 02:17:00,65671.10,65749.00,65671.10,65715.60,230.436000,2062,162.225000,68.211000,65721.22,102097.92,-0.00001183,3.443000,0.000000,0
2026-06-15 02:18:00,65715.70,65719.80,65678.10,65710.10,67.815000,971,24.489000,43.326000,65702.97,102123.80,-0.00001119,0.126000,0.000000,0
2026-06-15 02:19:00,65710.00,65710.10,65671.20,65680.00,69.388000,692,21.193000,48.195000,65682.49,102139.84,-0.00001148,0.000000,0.000000,0
2026-06-15 02:20:00,65679.90,65679.90,65649.60,65663.10,68.519000,716,36.029000,32.490000,65658.36,102146.60,-0.00001148,0.000000,0.000000,0
2026-06-15 02:21:00,65663.00,65663.70,65647.80,65650.40,43.811000,549,13.765000,30.046000,65657.20,102139.95,-0.00001200,0.000000,0.000000,0
2026-06-15 02:22:00,65650.40,65660.10,65637.00,65652.00,44.305000,770,21.646000,22.659000,65650.96,102139.31,-0.00001251,0.000000,0.000000,0
2026-06-15 02:23:00,65652.00,65664.00,65651.80,65663.90,38.883000,502,14.444000,24.439000,65657.91,102144.27,-0.00001284,0.000000,0.000000,0
2026-06-15 02:24:00,65664.00,65687.50,65653.70,65657.10,45.394000,824,20.139000,25.255000,65671.78,102149.55,-0.00001284,0.000000,0.000000,0
2026-06-15 02:25:00,65657.20,65679.90,65623.70,65679.80,50.629000,833,29.483000,21.146000,65648.39,102152.78,-0.00001311,0.000000,0.000000,0
2026-06-15 02:26:00,65679.80,65679.90,65630.60,65630.60,37.551000,870,13.203000,24.348000,65662.27,102165.54,-0.00001385,0.000000,0.000000,0
2026-06-15 02:27:00,65630.60,65649.50,65620.80,65641.10,24.928000,622,9.652000,15.276000,65636.75,102163.58,-0.00001385,0.000000,0.000000,0
2026-06-15 02:28:00,65641.00,65652.70,65640.00,65642.50,29.414000,497,5.576000,23.838000,65647.59,102173.68,-0.00001429,0.000000,0.000000,0
2026-06-15 02:29:00,65642.50,65647.00,65626.70,65632.60,56.248000,488,17.384000,38.864000,65635.34,102176.74,-0.00001470,0.000000,0.000000,0
2026-06-15 02:30:00,65632.50,65632.80,65589.60,65609.40,188.430000,1074,29.187000,159.243000,65610.74,102151.02,-0.00001506,0.000000,0.000000,0
2026-06-15 02:31:00,65609.40,65622.20,65603.10,65615.20,46.502000,609,17.123000,29.379000,65611.21,102204.49,-0.00001506,0.000000,0.000000,0
2026-06-15 02:32:00,65615.10,65638.70,65608.30,65608.40,53.975000,800,21.741000,32.234000,65622.68,102198.22,-0.00001544,0.000000,0.000000,0
2026-06-15 02:33:00,65608.50,65608.50,65570.00,65584.80,107.114000,875,22.190000,84.924000,65584.07,102187.06,-0.00001543,0.000000,0.228000,0
2026-06-15 02:34:00,65584.80,65584.80,65566.30,65572.40,56.884000,512,17.405000,39.479000,65575.57,102179.80,-0.00001543,0.001000,0.000000,0
2026-06-15 02:35:00,65572.50,65572.50,65544.00,65549.10,40.708000,593,15.527000,25.181000,65557.18,102165.13,-0.00001607,0.000000,0.049000,0
2026-06-15 02:36:00,65549.00,65579.90,65549.00,65579.90,36.078000,471,26.122000,9.956000,65566.86,102157.75,-0.00001666,0.000000,0.000000,0
2026-06-15 02:37:00,65579.90,65605.50,65579.90,65602.90,44.319000,458,30.318000,14.001000,65594.75,102163.40,-0.00001669,0.000000,0.000000,0
2026-06-15 02:38:00,65603.00,65636.00,65602.90,65618.20,57.190000,749,34.423000,22.767000,65622.12,102172.87,-0.00001669,0.000000,0.000000,0
2026-06-15 02:39:00,65618.30,65634.80,65600.00,65600.10,61.960000,684,35.134000,26.826000,65620.10,102172.47,-0.00001658,0.000000,0.000000,0
2026-06-15 02:40:00,65600.00,65615.20,65592.30,65610.50,36.549000,483,11.920000,24.629000,65603.30,102162.66,-0.00001671,0.000000,0.000000,0
2026-06-15 02:41:00,65610.50,65610.50,65579.70,65579.80,38.801000,487,10.917000,27.884000,65597.26,102156.73,-0.00001671,0.000000,0.000000,0
2026-06-15 02:42:00,65579.70,65583.70,65565.30,65583.30,61.920000,592,18.588000,43.332000,65574.57,102154.34,-0.00001719,0.000000,0.000000,0
2026-06-15 02:43:00,65583.40,65583.40,65572.90,65580.40,18.719000,267,5.985000,12.734000,65579.08,102160.86,-0.00001804,0.000000,0.000000,0
2026-06-15 02:44:00,65580.50,65585.20,65574.10,65585.10,23.140000,244,10.264000,12.876000,65581.53,102155.61,-0.00001804,0.000000,0.000000,0
2026-06-15 02:45:00,65585.20,65590.50,65532.60,65532.70,67.664000,549,26.648000,41.016000,65560.91,102149.60,-0.00001833,0.000000,0.000000,0
2026-06-15 02:46:00,65532.60,65540.80,65520.60,65526.90,54.397000,648,16.953000,37.444000,65528.20,102155.26,-0.00001842,0.000000,0.001000,0
2026-06-15 02:47:00,65526.80,65530.00,65519.50,65519.50,25.125000,343,10.328000,14.797000,65523.52,102148.53,-0.00001912,0.000000,0.000000,0
2026-06-15 02:48:00,65519.60,65519.60,65434.40,65438.80,136.607000,1144,42.156000,94.451000,65484.00,102147.29,-0.00001912,0.000000,1.045000,0
2026-06-15 02:49:00,65438.70,65453.50,65436.00,65439.00,46.144000,522,31.068000,15.076000,65443.39,102147.52,-0.00001975,0.000000,0.000000,0
2026-06-15 02:50:00,65439.10,65468.20,65439.00,65467.20,36.845000,446,26.159000,10.686000,65452.19,102142.99,-0.00002066,0.000000,0.000000,0
2026-06-15 02:51:00,65467.30,65470.00,65460.00,65467.30,25.724000,330,18.980000,6.744000,65468.15,102138.00,-0.00002066,0.000000,0.000000,0
2026-06-15 02:52:00,65467.30,65467.30,65454.90,65455.00,22.832000,308,11.578000,11.254000,65460.06,102136.43,-0.00002077,0.000000,0.000000,0
2026-06-15 02:53:00,65455.00,65476.80,65445.40,65445.50,61.038000,544,41.408000,19.630000,65461.42,102143.79,-0.00002069,0.000000,0.000000,0
2026-06-15 02:54:00,65445.50,65453.80,65407.60,65435.80,71.046000,924,28.936000,42.110000,65422.95,102144.45,-0.00002106,0.000000,0.021000,0
2026-06-15 02:55:00,65435.80,65435.90,65400.20,65432.80,79.815000,852,41.107000,38.708000,65413.08,102143.02,-0.00002106,0.000000,0.001000,0
2026-06-15 02:56:00,65432.80,65432.80,65406.50,65411.60,60.223000,733,30.489000,29.734000,65421.02,102137.39,-0.00002148,0.000000,0.000000,0
2026-06-15 02:57:00,65411.70,65428.50,65400.00,65422.90,70.803000,654,32.955000,37.848000,65416.21,102119.20,-0.00002186,0.000000,0.000000,0
2026-06-15 02:58:00,65422.80,65422.90,65383.60,65395.40,193.300000,714,37.525000,155.775000,65401.37,102116.94,-0.00002186,0.000000,0.000000,0
2026-06-15 02:59:00,65395.30,65419.70,65395.30,65419.70,43.046000,413,31.105000,11.941000,65407.18,102054.83,-0.00002236,0.000000,0.000000,0
2026-06-15 03:00:00,65419.70,65433.50,65402.70,65429.20,77.159000,592,48.822000,28.337000,65414.04,102049.13,-0.00002270,0.000000,0.000000,0
2026-06-15 03:01:00,65429.20,65434.60,65393.40,65426.30,100.746000,895,59.415000,41.331000,65411.23,102020.64,-0.00002250,0.000000,0.000000,0
2026-06-15 03:02:00,65426.20,65435.00,65416.30,65430.40,34.352000,466,12.547000,21.805000,65426.59,102009.05,-0.00002250,0.000000,0.000000,0
2026-06-15 03:03:00,65430.30,65434.50,65422.20,65434.40,29.706000,424,19.590000,10.116000,65430.77,102008.06,-0.00002257,0.000000,0.000000,0
2026-06-15 03:04:00,65434.40,65506.00,65434.30,65502.50,358.014000,1462,275.645000,82.369000,65483.55,101942.99,-0.00002246,0.000000,0.000000,0
2026-06-15 03:05:00,65502.40,65525.00,65485.20,65524.80,197.845000,1103,54.421000,143.424000,65503.72,101771.91,-0.00002246,0.000000,0.000000,0
2026-06-15 03:06:00,65524.90,65550.00,65524.00,65541.60,45.458000,828,33.903000,11.555000,65540.03,101779.08,-0.00002230,0.000000,0.000000,0
2026-06-15 03:07:00,65541.60,65545.10,65518.00,65533.40,30.637000,645,18.558000,12.079000,65534.76,101779.01,-0.00002228,0.000000,0.000000,0
2026-06-15 03:08:00,65533.40,65544.80,65524.30,65524.40,15.537000,300,8.226000,7.311000,65535.30,101781.24,-0.00002283,0.000000,0.000000,0
2026-06-15 03:09:00,65524.50,65524.50,65506.00,65520.10,37.078000,479,19.560000,17.518000,65513.42,101776.85,-0.00002283,0.000000,0.000000,0
2026-06-15 03:10:00,65520.20,65550.00,65520.10,65546.40,29.357000,481,16.305000,13.052000,65533.70,101777.76,-0.00002341,0.029000,0.020000,0
2026-06-15 03:11:00,65546.40,65588.00,65546.40,65584.40,45.909000,618,27.366000,18.543000,65574.55,101782.70,-0.00002358,0.002000,0.000000,0
2026-06-15 03:12:00,65584.30,65631.70,65581.20,65625.80,103.100000,1167,54.964000,48.136000,65605.61,101779.42,-0.00002358,0.095000,0.003000,0
2026-06-15 03:13:00,65625.70,65625.80,65601.10,65617.10,56.442000,637,31.175000,25.267000,65611.87,101803.75,-0.00002297,0.000000,0.000000,0
2026-06-15 03:14:00,65617.10,65660.00,65617.10,65660.00,76.219000,643,52.682000,23.537000,65640.33,101796.10,-0.00002231,0.000000,0.000000,0
2026-06-15 03:15:00,65660.00,65699.00,65640.30,65694.50,472.982000,1455,219.887000,253.095000,65680.91,101882.48,-0.00002198,0.148000,0.000000,0
2026-06-15 03:16:00,65694.60,65708.00,65665.70,65667.90,139.683000,816,48.555000,91.128000,65690.37,102008.41,-0.00002198,0.000000,0.000000,0
2026-06-15 03:17:00,65667.80,65688.80,65650.00,65688.50,111.599000,814,71.516000,40.083000,65664.01,102022.25,-0.00002141,0.000000,0.000000,0
2026-06-15 03:18:00,65688.40,65708.80,65682.90,65700.10,124.722000,883,92.669000,32.053000,65694.89,102011.86,-0.00002210,0.000000,0.000000,0
2026-06-15 03:19:00,65700.10,65700.20,65665.50,65665.50,84.910000,512,13.546000,71.364000,65687.97,102050.32,-0.00002210,0.000000,0.000000,0
2026-06-15 03:20:00,65665.60,65678.10,65651.00,65678.00,114.284000,828,89.633000,24.651000,65666.23,102061.89,-0.00002192,0.000000,0.000000,0
2026-06-15 03:21:00,65678.00,65705.90,65678.00,65700.10,132.271000,543,34.568000,97.703000,65700.03,102048.58,-0.00002221,0.015000,0.000000,0
2026-06-15 03:22:00,65700.10,65700.10,65670.60,65670.60,93.847000,426,8.413000,85.434000,65692.29,102065.56,-0.00002159,0.000000,0.000000,0
2026-06-15 03:23:00,65670.60,65670.70,65647.70,65655.40,133.813000,636,42.556000,91.257000,65655.50,102033.48,-0.00002159,0.000000,0.000000,0
2026-06-15 03:24:00,65655.40,65692.00,65642.60,65679.00,151.672000,920,90.074000,61.598000,65670.49,101998.66,-0.00002120,0.000000,0.000000,0
2026-06-15 03:25:00,65678.90,65694.60,65664.10,65669.20,110.773000,578,31.831000,78.942000,65686.82,102024.98,-0.00002102,0.000000,0.000000,0
2026-06-15 03:26:00,65669.30,65676.70,65669.20,65676.70,21.395000,200,11.400000,9.995000,65672.22,102023.93,-0.00002102,0.000000,0.000000,0
2026-06-15 03:27:00,65676.60,65696.00,65670.00,65695.90,77.628000,441,59.686000,17.942000,65685.15,102019.33,-0.00002061,0.055000,0.000000,0
2026-06-15 03:28:00,65695.90,65706.00,65656.10,65671.00,122.690000,788,74.142000,48.548000,65685.22,102027.49,-0.00002005,0.000000,0.000000,0
2026-06-15 03:29:00,65670.90,65706.00,65670.90,65704.90,75.104000,503,61.666000,13.438000,65690.64,102019.38,-0.00002005,0.000000,0.000000,0
2026-06-15 03:30:00,65704.80,65704.80,65700.00,65700.90,58.407000,278,25.733000,32.674000,65700.93,102022.07,-0.00001978,0.000000,0.000000,0
2026-06-15 03:31:00,65701.00,65703.50,65690.00,65690.00,64.584000,355,13.437000,51.147000,65700.14,101999.37,-0.00001912,0.000000,0.000000,0
2026-06-15 03:32:00,65690.00,65703.20,65690.00,65690.50,76.044000,396,48.449000,27.595000,65696.91,101992.50,-0.00001862,0.000000,0.000000,0
2026-06-15 03:33:00,65690.00,65694.10,65690.00,65694.10,19.180000,204,9.394000,9.786000,65691.14,101992.01,-0.00001862,0.000000,0.000000,0
2026-06-15 03:34:00,65694.00,65706.00,65694.00,65706.00,35.932000,303,22.789000,13.143000,65700.09,101992.04,-0.00001785,0.000000,0.000000,0
2026-06-15 03:35:00,65705.90,65732.10,65700.10,65705.30,101.567000,721,46.376000,55.191000,65714.57,102011.41,-0.00001735,0.000000,0.000000,0
2026-06-15 03:36:00,65705.30,65716.90,65690.00,65716.80,86.607000,467,14.842000,71.765000,65699.33,101996.74,-0.00001735,0.005000,0.000000,0
2026-06-15 03:37:00,65716.90,65716.90,65680.60,65709.60,115.207000,608,32.527000,82.680000,65696.50,102001.75,-0.00001659,0.000000,0.000000,0
2026-06-15 03:38:00,65709.50,65720.20,65700.70,65720.10,68.512000,475,41.518000,26.994000,65711.76,101996.83,-0.00001580,0.016000,0.000000,0
2026-06-15 03:39:00,65720.00,65768.00,65714.10,65714.20,479.129000,1782,278.349000,200.780000,65748.74,102241.10,-0.00001506,0.383000,0.000000,0
2026-06-15 03:40:00,65714.20,65714.20,65655.80,65691.00,186.325000,1337,79.841000,106.484000,65681.19,102247.47,-0.00001506,0.000000,0.000000,0
2026-06-15 03:41:00,65690.90,65780.10,65690.90,65775.10,217.417000,1180,128.788000,88.629000,65746.89,102204.00,-0.00001439,0.231000,0.000000,0
2026-06-15 03:42:00,65775.00,65789.00,65741.90,65783.20,390.021000,1661,201.852000,188.169000,65767.59,102192.01,-0.00001381,0.028000,0.000000,0
2026-06-15 03:43:00,65783.00,65799.00,65771.40,65789.90,295.876000,909,100.613000,195.263000,65783.99,102179.53,-0.00001381,0.291000,0.000000,0
2026-06-15 03:44:00,65790.00,65830.00,65788.80,65822.90,212.690000,1195,162.594000,50.096000,65805.61,102235.03,-0.00001262,0.140000,0.000000,0
2026-06-15 03:45:00,65822.80,65912.70,65780.10,65882.50,941.168000,3786,704.732000,236.436000,65858.96,102474.85,-0.00001162,13.106000,0.000000,0
2026-06-15 03:46:00,65882.40,65882.50,65805.80,65870.10,345.975000,2126,205.728000,140.247000,65844.97,102580.32,-0.00001068,0.006000,0.000000,0
2026-06-15 03:47:00,65870.00,65933.80,65850.70,65931.70,418.357000,2129,303.416000,114.941000,65894.67,102747.94,-0.00001068,4.091000,0.000000,0
2026-06-15 03:48:00,65931.80,65950.00,65852.70,65925.10,370.815000,2547,237.469000,133.346000,65912.86,102860.48,-0.00000987,1.605000,0.000000,0
2026-06-15 03:49:00,65925.20,65927.10,65868.00,65872.60,148.948000,1593,61.606000,87.342000,65895.34,102860.75,-0.00000945,0.000000,0.000000,0
2026-06-15 03:50:00,65872.70,65905.60,65869.80,65904.90,128.245000,1089,90.965000,37.280000,65890.39,102865.11,-0.00000945,0.004000,0.000000,0
2026-06-15 03:51:00,65904.90,65996.80,65879.40,65879.40,566.076000,2852,370.932000,195.144000,65948.08,103079.89,-0.00000914,1.443000,0.000000,0
2026-06-15 03:52:00,65879.50,65898.00,65853.60,65869.70,115.296000,1274,51.581000,63.715000,65871.15,103099.83,-0.00000849,0.000000,0.000000,0
2026-06-15 03:53:00,65869.60,65914.70,65859.10,65912.10,111.533000,1123,78.007000,33.526000,65887.64,103121.95,-0.00000873,0.000000,0.000000,0
2026-06-15 03:54:00,65912.60,65940.00,65895.60,65898.70,116.904000,992,49.818000,67.086000,65915.80,103160.76,-0.00000873,0.200000,0.000000,0
2026-06-15 03:55:00,65898.80,65933.10,65898.70,65921.00,79.636000,674,49.646000,29.990000,65910.31,103163.08,-0.00000790,0.000000,0.000000,0
2026-06-15 03:56:00,65921.10,65921.10,65892.00,65893.00,43.290000,543,20.004000,23.286000,65901.05,103169.70,-0.00000752,0.000000,0.000000,0
2026-06-15 03:57:00,65892.90,65943.80,65892.90,65937.70,112.219000,833,76.783000,35.436000,65920.21,103156.82,-0.00000752,0.142000,0.000000,0
2026-06-15 03:58:00,65937.70,65937.70,65910.00,65920.30,46.370000,580,19.618000,26.752000,65920.36,103164.96,-0.00000761,0.098000,0.000000,0
2026-06-15 03:59:00,65920.10,65920.10,65864.60,65867.30,88.018000,691,11.880000,76.138000,65889.34,103173.74,-0.00000712,0.000000,0.000000,0
2026-06-15 04:00:00,65867.20,65894.70,65865.50,65894.70,87.405000,742,34.682000,52.723000,65873.18,103182.91,-0.00000748,0.000000,0.000000,0
2026-06-15 04:01:00,65894.60,65894.70,65850.20,65861.50,95.022000,883,31.226000,63.796000,65866.89,103195.21,-0.00000748,0.000000,0.000000,0
2026-06-15 04:02:00,65861.40,65877.60,65844.70,65844.70,58.623000,648,13.121000,45.502000,65863.54,103210.08,-0.00000782,0.000000,0.000000,0
2026-06-15 04:03:00,65844.70,65850.10,65805.10,65813.90,92.543000,828,26.910000,65.633000,65832.59,103207.46,-0.00000835,0.000000,0.000000,0
2026-06-15 04:04:00,65814.00,65820.30,65787.90,65790.40,108.532000,763,31.936000,76.596000,65808.47,103192.12,-0.00000835,0.000000,0.000000,0
2026-06-15 04:05:00,65790.30,65812.20,65735.80,65775.00,154.643000,1643,66.485000,88.158000,65770.99,103163.02,-0.00000890,0.000000,0.025000,0
2026-06-15 04:06:00,65775.10,65786.80,65768.00,65773.30,57.358000,624,19.095000,38.263000,65778.29,103169.10,-0.00000918,0.000000,0.000000,0
2026-06-15 04:07:00,65773.20,65789.50,65773.20,65784.80,32.776000,462,19.447000,13.329000,65779.16,103174.01,-0.00000897,0.000000,0.000000,0
2026-06-15 04:08:00,65784.70,65789.50,65725.70,65732.40,94.200000,968,27.823000,66.377000,65756.32,103172.70,-0.00000897,0.000000,0.006000,0
2026-06-15 04:09:00,65732.30,65748.30,65723.70,65748.00,63.845000,557,32.244000,31.601000,65734.99,103147.48,-0.00000860,0.000000,0.244000,0
2026-06-15 04:10:00,65748.10,65770.50,65748.00,65766.30,37.675000,438,27.967000,9.708000,65759.56,103155.51,-0.00000867,0.000000,0.000000,0
2026-06-15 04:11:00,65766.30,65766.30,65710.60,65712.90,160.173000,1029,31.482000,128.691000,65737.74,103095.04,-0.00000867,0.000000,0.019000,0
2026-06-15 04:12:00,65712.90,65743.00,65712.90,65740.40,45.406000,644,28.957000,16.449000,65726.89,103095.70,-0.00000795,0.000000,0.000000,0
2026-06-15 04:13:00,65740.30,65745.00,65712.90,65713.00,113.524000,894,14.862000,98.662000,65731.24,103064.81,-0.00000788,0.000000,0.000000,0
2026-06-15 04:14:00,65712.90,65713.00,65685.30,65699.60,146.947000,856,47.228000,99.719000,65697.63,102986.21,-0.00000722,0.000000,0.005000,0
2026-06-15 04:15:00,65699.50,65699.60,65680.00,65692.70,57.858000,575,31.113000,26.745000,65686.87,102986.21,-0.00000722,0.000000,0.006000,0
2026-06-15 04:16:00,65692.80,65692.80,65678.90,65687.40,76.586000,372,52.549000,24.037000,65682.37,102979.54,-0.00000746,0.000000,0.000000,0
2026-06-15 04:17:00,65687.50,65700.00,65687.40,65700.00,48.669000,381,25.511000,23.158000,65696.84,102944.41,-0.00000727,0.000000,0.000000,0
2026-06-15 04:18:00,65699.90,65700.00,65688.70,65700.00,48.037000,370,24.142000,23.895000,65695.44,102946.35,-0.00000727,0.000000,0.000000,0
2026-06-15 04:19:00,65699.90,65745.10,65699.90,65727.70,55.543000,644,44.372000,11.171000,65728.42,102937.99,-0.00000670,0.000000,0.000000,0
2026-06-15 04:20:00,65727.70,65745.70,65718.90,65744.20,38.454000,459,21.870000,16.584000,65736.28,102930.00,-0.00000609,0.000000,0.000000,0
2026-06-15 04:21:00,65744.10,65744.20,65723.50,65741.80,20.069000,434,11.899000,8.170000,65732.72,102940.09,-0.00000559,0.000000,0.000000,0
2026-06-15 04:22:00,65741.70,65741.80,65722.60,65722.70,29.184000,353,10.191000,18.993000,65736.78,102940.26,-0.00000559,0.000000,0.000000,0
2026-06-15 04:23:00,65722.70,65741.80,65722.60,65732.20,35.304000,435,27.064000,8.240000,65731.43,102946.13,-0.00000522,0.000000,0.000000,0
2026-06-15 04:24:00,65732.30,65732.30,65716.30,65716.40,25.571000,323,8.955000,16.616000,65721.29,102941.72,-0.00000493,0.000000,0.000000,0
2026-06-15 04:25:00,65716.40,65727.90,65715.60,65727.90,44.939000,264,33.077000,11.862000,65719.27,102945.88,-0.00000493,0.000000,0.000000,0
2026-06-15 04:26:00,65727.80,65727.90,65683.80,65683.80,34.840000,475,7.180000,27.660000,65704.32,102950.39,-0.00000479,0.000000,0.000000,0
2026-06-15 04:27:00,65683.80,65689.50,65677.20,65682.40,41.919000,465,20.253000,21.666000,65682.89,102950.89,-0.00000476,0.000000,0.000000,0
2026-06-15 04:28:00,65682.40,65710.00,65676.70,65695.80,114.573000,536,95.253000,19.320000,65696.15,102954.40,-0.00000528,0.000000,0.000000,0
2026-06-15 04:29:00,65695.90,65695.90,65666.20,65685.90,34.557000,554,16.572000,17.985000,65678.74,102902.48,-0.00000528,0.000000,0.025000,0
2026-06-15 04:30:00,65685.80,65685.90,65677.20,65685.60,41.267000,311,17.096000,24.171000,65682.41,102903.95,-0.00000538,0.000000,0.000000,0
2026-06-15 04:31:00,65685.60,65685.70,65650.60,65669.10,78.905000,568,24.316000,54.589000,65664.17,102896.63,-0.00000559,0.000000,0.010000,0
2026-06-15 04:32:00,65669.10,65708.10,65665.80,65708.10,47.881000,496,36.027000,11.854000,65682.05,102895.62,-0.00000559,0.000000,0.000000,0
2026-06-15 04:33:00,65708.20,65709.90,65693.20,65693.30,33.656000,454,14.437000,19.219000,65703.28,102889.82,-0.00000599,0.000000,0.000000,0
2026-06-15 04:34:00,65693.20,65693.20,65682.50,65683.10,29.539000,298,13.940000,15.599000,65686.07,102899.34,-0.00000538,0.000000,0.000000,0
2026-06-15 04:35:00,65683.20,65696.60,65682.60,65696.60,27.368000,329,8.389000,18.979000,65687.79,102900.74,-0.00000507,0.000000,0.000000,0
2026-06-15 04:36:00,65696.50,65696.60,65671.60,65689.00,52.535000,509,27.773000,24.762000,65683.75,102907.24,-0.00000507,0.000000,0.000000,0
2026-06-15 04:37:00,65689.00,65689.10,65650.30,65658.90,48.462000,503,19.338000,29.124000,65662.56,102901.58,-0.00000449,0.000000,0.000000,0
2026-06-15 04:38:00,65658.70,65658.70,65634.00,65640.00,64.812000,571,24.561000,40.251000,65644.16,102897.18,-0.00000458,0.000000,0.000000,0
2026-06-15 04:39:00,65639.90,65650.00,65639.90,65648.90,43.625000,371,16.571000,27.054000,65644.74,102900.06,-0.00000458,0.000000,0.000000,0
2026-06-15 04:40:00,65648.90,65664.00,65638.90,65654.70,38.458000,414,15.749000,22.709000,65647.79,102895.49,-0.00000482,0.000000,0.000000,0
2026-06-15 04:41:00,65654.60,65654.70,65635.40,65646.70,35.443000,425,16.220000,19.223000,65646.18,102903.31,-0.00000492,0.000000,0.000000,0
2026-06-15 04:42:00,65646.60,65646.70,65615.00,65627.00,82.492000,675,19.027000,63.465000,65627.75,102891.41,-0.00000502,0.000000,0.007000,0
2026-06-15 04:43:00,65627.00,65635.00,65616.50,65635.00,40.253000,387,19.019000,21.234000,65626.00,102899.75,-0.00000502,0.023000,0.000000,0
2026-06-15 04:44:00,65634.90,65635.60,65634.90,65635.60,15.938000,163,7.994000,7.944000,65635.35,102901.09,-0.00000540,0.000000,0.000000,0
2026-06-15 04:45:00,65635.50,65662.60,65619.40,65656.90,75.140000,760,36.911000,38.229000,65639.43,102903.75,-0.00000516,0.000000,0.000000,0
2026-06-15 04:46:00,65656.90,65668.70,65628.50,65657.90,32.179000,618,18.494000,13.685000,65647.68,102881.13,-0.00000516,0.000000,0.000000,0
2026-06-15 04:47:00,65658.00,65675.80,65652.30,65675.80,40.385000,363,28.007000,12.378000,65657.95,102875.11,-0.00000508,0.000000,0.000000,0
2026-06-15 04:48:00,65675.70,65678.80,65660.60,65672.80,31.468000,468,18.856000,12.612000,65668.86,102880.96,-0.00000512,0.000000,0.000000,0
2026-06-15 04:49:00,65672.70,65678.20,65660.60,65665.90,23.940000,316,11.659000,12.281000,65668.91,102880.70,-0.00000512,0.000000,0.000000,0
2026-06-15 04:50:00,65665.90,65676.40,65644.10,65647.10,63.382000,490,36.624000,26.758000,65663.34,102876.73,-0.00000466,0.000000,0.000000,0
2026-06-15 04:51:00,65647.10,65657.00,65630.00,65630.00,25.973000,335,17.150000,8.823000,65649.69,102874.96,-0.00000438,0.000000,0.000000,0
2026-06-15 04:52:00,65630.00,65646.80,65629.90,65646.60,30.228000,248,22.096000,8.132000,65637.09,102885.29,-0.00000440,0.000000,0.000000,0
2026-06-15 04:53:00,65646.70,65660.30,65646.60,65656.10,29.441000,376,24.650000,4.791000,65649.84,102890.50,-0.00000440,0.000000,0.000000,0
2026-06-15 04:54:00,65656.00,65656.10,65650.30,65653.60,11.787000,187,5.686000,6.101000,65654.87,102896.37,-0.00000425,0.000000,0.000000,0
2026-06-15 04:55:00,65653.60,65666.60,65637.10,65637.10,48.335000,621,12.806000,35.529000,65654.67,102895.34,-0.00000382,0.000000,0.000000,0
2026-06-15 04:56:00,65637.20,65637.20,65615.00,65616.60,75.212000,698,16.908000,58.304000,65624.07,102889.11,-0.00000382,0.000000,0.000000,0
2026-06-15 04:57:00,65616.70,65641.10,65601.80,65631.40,95.114000,1011,59.380000,35.734000,65619.04,102897.54,-0.00000380,0.000000,0.004000,0
2026-06-15 04:58:00,65631.40,65650.00,65626.70,65632.30,30.512000,432,18.095000,12.417000,65637.31,102902.47,-0.00000379,0.000000,0.000000,0
2026-06-15 04:59:00,65632.20,65650.10,65632.10,65643.20,24.477000,283,16.957000,7.520000,65642.02,102906.49,-0.00000335,0.000000,0.011000,0
2026-06-15 05:00:00,65643.20,65643.20,65612.10,65612.10,46.194000,407,13.786000,32.408000,65619.26,102911.47,-0.00000335,0.000000,0.002000,0
2026-06-15 05:01:00,65612.10,65620.80,65601.90,65606.10,42.377000,498,16.856000,25.521000,65610.34,102922.10,-0.00000288,0.000000,0.000000,0
2026-06-15 05:02:00,65606.20,65611.10,65586.60,65586.60,89.424000,459,32.104000,57.320000,65602.28,102941.78,-0.00000282,0.000000,0.001000,0
2026-06-15 05:03:00,65586.70,65600.00,65577.80,65600.00,45.091000,483,16.760000,28.331000,65584.84,102932.55,-0.00000282,0.000000,0.000000,0
2026-06-15 05:04:00,65599.90,65609.50,65595.00,65600.00,57.064000,416,19.872000,37.192000,65605.58,102933.25,-0.00000279,0.000000,0.010000,0
2026-06-15 05:05:00,65600.00,65600.00,65580.60,65594.50,23.974000,399,9.650000,14.324000,65589.69,102927.40,-0.00000266,0.000000,0.000000,0
2026-06-15 05:06:00,65594.60,65609.00,65580.50,65609.00,31.553000,448,17.068000,14.485000,65591.03,102928.75,-0.00000270,0.000000,0.000000,0
2026-06-15 05:07:00,65609.00,65613.20,65602.70,65602.80,36.411000,253,20.662000,15.749000,65608.54,102925.86,-0.00000270,0.000000,0.000000,0
2026-06-15 05:08:00,65602.80,65602.80,65602.70,65602.80,19.325000,166,12.066000,7.259000,65602.76,102918.11,-0.00000243,0.000000,0.000000,0
2026-06-15 05:09:00,65602.80,65631.80,65602.70,65627.20,35.044000,385,21.821000,13.223000,65617.21,102913.70,-0.00000203,0.051000,0.000000,0
2026-06-15 05:10:00,65627.20,65647.20,65600.00,65604.00,137.079000,866,71.192000,65.887000,65626.26,102906.69,-0.00000203,0.000000,0.000000,0
2026-06-15 05:11:00,65604.00,65653.20,65603.90,65649.60,92.558000,765,71.610000,20.948000,65634.39,102953.80,-0.00000143,0.000000,0.000000,0
2026-06-15 05:12:00,65649.70,65659.10,65649.00,65649.10,34.048000,306,24.133000,9.915000,65655.79,102931.60,-0.00000085,0.000000,0.000000,0
2026-06-15 05:13:00,65649.10,65649.10,65621.50,65623.80,65.662000,573,25.723000,39.939000,65629.31,102937.71,-0.00000007,0.000000,0.000000,0
2026-06-15 05:14:00,65623.80,65650.80,65623.80,65650.80,28.947000,388,26.030000,2.917000,65636.08,102928.81,-0.00000007,0.000000,0.000000,0
2026-06-15 05:15:00,65650.70,65660.00,65650.70,65660.00,27.291000,246,19.542000,7.749000,65658.76,102928.39,0.00000002,0.000000,0.000000,0
2026-06-15 05:16:00,65660.00,65675.80,65655.50,65675.80,37.584000,335,32.223000,5.361000,65663.81,102933.16,0.00000055,0.000000,0.000000,0
2026-06-15 05:17:00,65675.90,65688.00,65673.00,65683.60,98.376000,521,66.365000,32.011000,65680.70,102918.42,0.00000055,0.000000,0.000000,0
2026-06-15 05:18:00,65683.60,65686.90,65666.00,65666.10,26.120000,456,15.450000,10.670000,65678.49,102898.23,0.00000097,0.000000,0.000000,0
2026-06-15 05:19:00,65666.10,65680.70,65666.00,65673.40,21.071000,274,16.776000,4.295000,65675.76,102894.21,0.00000115,0.000000,0.000000,0
2026-06-15 05:20:00,65673.30,65699.10,65666.00,65691.00,30.292000,460,23.344000,6.948000,65681.99,102894.04,0.00000137,0.000000,0.000000,0
2026-06-15 05:21:00,65691.00,65725.60,65677.70,65715.20,68.143000,611,43.968000,24.175000,65703.44,102889.56,0.00000137,0.000000,0.000000,0
2026-06-15 05:22:00,65715.30,65839.20,65714.30,65838.90,443.119000,2767,370.798000,72.321000,65780.99,102890.74,0.00000181,0.507000,0.000000,0
2026-06-15 05:23:00,65838.90,65841.00,65817.80,65819.50,97.551000,756,33.568000,63.983000,65825.24,102997.76,0.00000259,0.003000,0.000000,0
2026-06-15 05:24:00,65819.40,65844.70,65793.80,65799.00,127.708000,1069,57.693000,70.015000,65823.43,103004.29,0.00000259,0.000000,0.000000,0
2026-06-15 05:25:00,65799.00,65799.10,65785.10,65795.80,48.370000,460,26.400000,21.970000,65792.25,103031.44,0.00000350,0.000000,0.000000,0
2026-06-15 05:26:00,65795.80,65813.00,65774.40,65782.30,59.930000,654,18.673000,41.257000,65787.24,103037.45,0.00000344,0.000000,0.000000,0
2026-06-15 05:27:00,65782.30,65788.10,65773.50,65788.00,39.410000,384,16.851000,22.559000,65780.94,103030.08,0.00000327,0.000000,0.000000,0
2026-06-15 05:28:00,65788.10,65815.00,65713.30,65815.00,146.707000,1789,94.131000,52.576000,65765.12,103041.30,0.00000327,0.000000,0.000000,0
2026-06-15 05:29:00,65815.00,65815.00,65793.00,65799.00,32.278000,408,13.808000,18.470000,65799.20,103094.58,0.00000300,0.000000,0.000000,0
2026-06-15 05:30:00,65799.00,65800.00,65792.20,65799.90,22.821000,253,7.856000,14.965000,65796.91,103097.79,0.00000358,0.000000,0.000000,0
2026-06-15 05:31:00,65800.00,65806.90,65787.00,65796.20,44.435000,564,22.986000,21.449000,65798.67,103101.63,0.00000358,0.000000,0.000000,0
2026-06-15 05:32:00,65796.30,65800.00,65787.50,65793.40,25.919000,344,9.754000,16.165000,65793.49,103104.64,0.00000355,0.000000,0.000000,0
2026-06-15 05:33:00,65793.30,65793.40,65780.00,65780.00,30.857000,328,7.927000,22.930000,65785.46,103112.34,0.00000366,0.000000,0.000000,0
2026-06-15 05:34:00,65780.00,65780.10,65732.10,65732.10,30.086000,670,6.179000,23.907000,65754.44,103111.67,0.00000360,0.000000,0.000000,0
2026-06-15 05:35:00,65732.10,65754.10,65727.90,65754.10,46.899000,526,13.413000,33.486000,65739.08,103111.41,0.00000360,0.000000,0.000000,0
2026-06-15 05:36:00,65754.10,65772.70,65754.00,65767.00,33.557000,373,7.982000,25.575000,65759.43,103107.48,0.00000305,0.000000,0.000000,0
2026-06-15 05:37:00,65767.10,65767.80,65721.80,65725.10,33.329000,550,4.741000,28.588000,65756.98,103107.86,0.00000333,0.000000,0.000000,0
2026-06-15 05:38:00,65725.00,65725.10,65681.30,65686.00,64.760000,676,11.115000,53.645000,65703.50,103124.47,0.00000333,0.000000,0.000000,0
2026-06-15 05:39:00,65686.10,65686.10,65670.90,65670.90,51.328000,464,21.948000,29.380000,65675.78,103124.66,0.00000303,0.000000,0.000000,0
2026-06-15 05:40:00,65670.90,65698.50,65670.90,65698.50,23.120000,332,10.679000,12.441000,65678.53,103123.53,0.00000239,0.000000,0.000000,0
2026-06-15 05:41:00,65698.50,65714.60,65685.90,65706.70,35.183000,558,15.345000,19.838000,65699.53,103123.05,0.00000229,0.000000,0.021000,0
2026-06-15 05:42:00,65706.60,65710.80,65688.00,65710.70,29.123000,498,10.255000,18.868000,65697.25,103128.80,0.00000229,0.000000,0.000000,0
2026-06-15 05:43:00,65710.70,65710.80,65710.60,65710.60,9.847000,122,2.715000,7.132000,65710.72,103120.19,0.00000277,0.000000,0.000000,0
2026-06-15 05:44:00,65710.60,65710.70,65700.00,65700.10,18.690000,234,10.769000,7.921000,65706.32,103122.50,0.00000302,0.000000,0.000000,0
2026-06-15 05:45:00,65700.00,65700.10,65690.30,65690.40,16.121000,287,4.748000,11.373000,65695.43,103127.34,0.00000326,0.000000,0.000000,0
2026-06-15 05:46:00,65690.40,65696.40,65677.90,65696.40,24.286000,358,12.606000,11.680000,65687.25,103131.37,0.00000326,0.000000,0.000000,0
2026-06-15 05:47:00,65696.30,65696.30,65675.10,65692.40,26.196000,402,7.853000,18.343000,65683.85,103136.43,0.00000306,0.000000,0.000000,0
2026-06-15 05:48:00,65692.40,65711.10,65692.40,65711.00,34.696000,305,20.123000,14.573000,65705.37,103136.22,0.00000293,0.000000,0.000000,0
2026-06-15 05:49:00,65711.00,65745.30,65711.00,65741.40,27.021000,415,19.334000,7.687000,65728.92,103133.69,0.00000293,0.000000,0.000000,0
2026-06-15 05:50:00,65741.40,65745.30,65725.00,65730.30,26.225000,338,13.569000,12.656000,65734.76,103129.69,0.00000311,0.000000,0.000000,0
2026-06-15 05:51:00,65730.20,65750.20,65730.20,65750.20,28.276000,299,23.910000,4.366000,65738.48,103133.45,0.00000349,0.000000,0.000000,0
2026-06-15 05:52:00,65750.20,65763.30,65735.10,65756.30,44.686000,480,31.842000,12.844000,65747.76,103133.04,0.00000365,0.000000,0.000000,0
2026-06-15 05:53:00,65756.20,65756.30,65743.70,65754.80,18.889000,252,9.397000,9.492000,65749.66,103121.87,0.00000365,0.000000,0.001000,0
2026-06-15 05:54:00,65754.90,65800.00,65754.80,65800.00,37.485000,511,27.856000,9.629000,65786.93,103119.63,0.00000371,0.000000,0.000000,0
2026-06-15 05:55:00,65799.90,65813.10,65799.90,65803.20,39.233000,375,20.394000,18.839000,65805.92,103117.28,0.00000426,0.000000,0.000000,0
2026-06-15 05:56:00,65803.20,65809.70,65800.10,65805.40,30.315000,278,16.118000,14.197000,65805.33,103118.22,0.00000426,0.000000,0.000000,0
2026-06-15 05:57:00,65805.50,65820.00,65805.40,65813.10,45.901000,343,31.918000,13.983000,65810.19,103125.34,0.00000491,0.000000,0.000000,0
2026-06-15 05:58:00,65813.10,65818.10,65813.10,65818.10,14.821000,234,8.187000,6.634000,65817.88,103134.60,0.00000557,0.000000,0.000000,0
2026-06-15 05:59:00,65818.00,65828.80,65808.30,65828.80,46.676000,382,28.493000,18.183000,65817.13,103134.48,0.00000585,0.000000,0.000000,0
2026-06-15 06:00:00,65828.80,65837.40,65828.00,65828.10,63.575000,344,25.576000,37.999000,65833.29,103141.15,0.00000585,0.001000,0.000000,0
2026-06-15 06:01:00,65828.00,65834.50,65806.40,65809.80,35.810000,488,11.615000,24.195000,65818.70,103167.64,0.00000629,0.000000,0.000000,0
2026-06-15 06:02:00,65809.90,65809.90,65792.00,65799.80,60.731000,510,10.768000,49.963000,65799.69,103176.60,0.00000652,0.000000,0.000000,0
2026-06-15 06:03:00,65799.80,65804.70,65786.00,65792.00,40.186000,381,12.750000,27.436000,65795.23,103181.83,0.00000652,0.000000,0.000000,0
2026-06-15 06:04:00,65792.00,65830.00,65788.10,65788.20,43.751000,750,20.459000,23.292000,65812.12,103193.75,0.00000665,0.000000,0.000000,0
2026-06-15 06:05:00,65788.20,65839.50,65788.10,65839.40,93.859000,676,73.995000,19.864000,65821.12,103194.77,0.00000719,0.040000,0.000000,0
2026-06-15 06:06:00,65839.50,65850.00,65819.30,65837.70,197.493000,1042,41.104000,156.389000,65834.44,103235.62,0.00000740,0.000000,0.000000,0
2026-06-15 06:07:00,65837.70,65857.90,65837.60,65848.10,98.527000,591,67.732000,30.795000,65849.58,103250.72,0.00000740,0.070000,0.000000,0
2026-06-15 06:08:00,65848.00,65887.00,65848.00,65886.90,90.178000,613,68.477000,21.701000,65865.47,103275.74,0.00000794,0.140000,0.000000,0
2026-06-15 06:09:00,65887.00,65888.80,65850.80,65853.80,94.235000,711,39.783000,54.452000,65880.44,103295.09,0.00000861,0.009000,0.000000,0
2026-06-15 06:10:00,65853.90,65858.90,65829.40,65831.40,38.651000,438,11.929000,26.722000,65843.99,103307.56,0.00000861,0.000000,0.000000,0
2026-06-15 06:11:00,65831.40,65837.00,65811.30,65836.60,52.749000,593,23.315000,29.434000,65821.69,103308.16,0.00000894,0.000000,0.000000,0
2026-06-15 06:12:00,65836.70,65850.00,65836.60,65850.00,65.170000,332,47.659000,17.511000,65847.19,103338.41,0.00000875,0.016000,0.000000,0
2026-06-15 06:13:00,65849.90,65850.00,65831.90,65843.60,24.607000,347,8.947000,15.660000,65843.62,103349.34,0.00000875,0.000000,0.000000,0
2026-06-15 06:14:00,65843.60,65878.70,65843.60,65856.90,48.738000,631,19.001000,29.737000,65864.94,103359.34,0.00000950,0.006000,0.000000,0
2026-06-15 06:15:00,65856.80,65856.80,65837.40,65856.30,43.097000,472,14.148000,28.949000,65847.29,103372.81,0.00000988,0.000000,0.000000,0
2026-06-15 06:16:00,65856.40,65857.90,65843.30,65843.90,43.722000,395,12.578000,31.144000,65849.56,103375.33,0.00001030,0.000000,0.000000,0
2026-06-15 06:17:00,65844.00,65856.90,65824.30,65856.90,36.578000,545,15.989000,20.589000,65838.31,103373.67,0.00001030,0.000000,0.000000,0
2026-06-15 06:18:00,65856.80,65873.90,65850.70,65873.80,47.118000,414,28.860000,18.258000,65864.14,103367.73,0.00001050,0.000000,0.000000,0
2026-06-15 06:19:00,65873.90,65886.40,65870.00,65886.40,36.142000,348,25.750000,10.392000,65877.76,103371.59,0.00001093,0.000000,0.000000,0
2026-06-15 06:20:00,65886.30,65886.40,65830.00,65830.00,42.041000,609,10.793000,31.248000,65853.25,103374.76,0.00001093,0.000000,0.000000,0
2026-06-15 06:21:00,65830.10,65850.00,65830.00,65840.10,32.951000,426,16.429000,16.522000,65844.98,103370.56,0.00001143,0.000000,0.000000,0
2026-06-15 06:22:00,65840.10,65840.10,65826.20,65826.30,26.591000,300,3.947000,22.644000,65835.33,103372.45,0.00001122,0.000000,0.000000,0
2026-06-15 06:23:00,65826.30,65860.00,65826.30,65860.00,42.609000,528,26.576000,16.033000,65843.57,103373.10,0.00001128,0.000000,0.000000,0
2026-06-15 06:24:00,65859.90,65888.00,65848.90,65868.00,198.448000,1042,119.924000,78.524000,65869.23,103349.60,0.00001128,0.000000,0.000000,0
2026-06-15 06:25:00,65868.10,65925.40,65867.90,65899.50,132.178000,1062,87.538000,44.640000,65899.41,103393.55,0.00001160,0.020000,0.000000,0
2026-06-15 06:26:00,65899.50,65917.70,65890.00,65899.30,99.646000,717,53.507000,46.139000,65901.02,103398.85,0.00001200,0.082000,0.000000,0
2026-06-15 06:27:00,65899.30,65933.00,65897.00,65928.40,190.102000,1189,90.746000,99.356000,65922.34,103437.59,0.00001200,0.068000,0.000000,0
2026-06-15 06:28:00,65928.40,65931.90,65907.10,65915.00,79.127000,626,35.176000,43.951000,65918.27,103462.20,0.00001209,0.000000,0.000000,0
2026-06-15 06:29:00,65915.00,65931.90,65914.90,65917.80,45.557000,448,18.479000,27.078000,65925.79,103463.04,0.00001225,0.000000,0.000000,0
2026-06-15 06:30:00,65917.70,65917.70,65904.30,65904.40,45.865000,366,12.326000,33.539000,65908.84,103474.99,0.00001209,0.000000,0.000000,0
2026-06-15 06:31:00,65904.30,65917.20,65904.30,65917.00,37.462000,427,29.605000,7.857000,65912.87,103479.38,0.00001209,0.009000,0.004000,0
2026-06-15 06:32:00,65917.00,65917.10,65892.60,65892.70,45.695000,435,15.535000,30.160000,65911.97,103482.74,0.00001168,0.002000,0.000000,0
2026-06-15 06:33:00,65892.60,65892.60,65828.00,65837.70,242.669000,1533,40.940000,201.729000,65856.55,103464.12,0.00001185,0.000000,0.000000,0
2026-06-15 06:34:00,65837.70,65850.00,65829.90,65829.90,196.702000,1101,38.086000,158.616000,65840.03,103398.09,0.00001185,0.000000,0.000000,0
2026-06-15 06:35:00,65830.00,65843.40,65762.20,65782.30,173.621000,1223,48.153000,125.468000,65806.09,103328.29,0.00001105,0.000000,0.000000,0
2026-06-15 06:36:00,65782.30,65792.20,65760.60,65763.30,67.589000,767,36.972000,30.617000,65773.82,103301.56,0.00001072,0.000000,0.114000,0
2026-06-15 06:37:00,65763.40,65798.00,65752.70,65785.90,70.907000,702,53.337000,17.570000,65771.62,103291.43,0.00001002,0.000000,0.000000,0
2026-06-15 06:38:00,65785.80,65792.70,65785.80,65785.90,27.953000,327,8.249000,19.704000,65788.08,103290.50,0.00001002,0.000000,0.000000,0
2026-06-15 06:39:00,65785.90,65785.90,65716.40,65772.10,299.994000,1273,90.382000,209.612000,65751.36,103220.85,0.00001027,0.000000,0.000000,0
2026-06-15 06:40:00,65772.20,65780.90,65765.90,65771.60,59.092000,365,20.907000,38.185000,65775.81,103203.84,0.00001061,0.000000,0.000000,0
2026-06-15 06:41:00,65771.60,65771.60,65738.40,65752.80,61.043000,556,22.593000,38.450000,65756.00,103191.20,0.00001061,0.000000,0.019000,0
2026-06-15 06:42:00,65752.80,65769.60,65752.80,65769.60,14.814000,284,8.733000,6.081000,65761.67,103189.17,0.00001080,0.000000,0.000000,0
2026-06-15 06:43:00,65769.60,65792.40,65769.50,65792.30,23.481000,305,20.263000,3.218000,65782.87,103190.97,0.00001068,0.000000,0.000000,0
2026-06-15 06:44:00,65792.40,65792.40,65779.20,65779.90,24.217000,249,8.796000,15.421000,65787.26,103186.08,0.00001130,0.000000,0.000000,0
2026-06-15 06:45:00,65779.90,65780.00,65778.40,65778.40,11.337000,161,3.389000,7.948000,65778.67,103187.37,0.00001130,0.000000,0.000000,0
2026-06-15 06:46:00,65778.40,65778.50,65772.80,65772.90,32.280000,209,11.970000,20.310000,65776.02,103187.48,0.00001184,0.000000,0.000000,0
2026-06-15 06:47:00,65772.90,65790.30,65766.50,65772.70,56.624000,445,42.170000,14.454000,65771.89,103200.00,0.00001210,0.000000,0.000000,0
2026-06-15 06:48:00,65772.70,65807.10,65772.60,65807.10,31.755000,431,20.383000,11.372000,65793.19,103190.09,0.00001210,0.000000,0.000000,0
2026-06-15 06:49:00,65807.10,65825.20,65805.80,65820.30,69.525000,503,59.519000,10.006000,65813.01,103192.84,0.00001186,0.000000,0.000000,0
2026-06-15 06:50:00,65820.30,65858.50,65820.30,65852.00,66.834000,539,57.973000,8.861000,65838.70,103175.01,0.00001236,0.000000,0.000000,0
2026-06-15 06:51:00,65852.10,65852.10,65808.00,65824.60,46.946000,624,11.987000,34.959000,65826.32,103178.74,0.00001284,0.000000,0.000000,0
2026-06-15 06:52:00,65824.50,65858.00,65823.50,65836.70,47.964000,524,33.938000,14.026000,65845.62,103186.04,0.00001284,0.000000,0.000000,0
2026-06-15 06:53:00,65836.70,65837.60,65824.40,65833.40,28.677000,350,14.700000,13.977000,65829.40,103184.76,0.00001251,0.000000,0.000000,0
2026-06-15 06:54:00,65833.30,65844.70,65830.20,65839.10,24.048000,306,12.819000,11.229000,65836.30,103184.29,0.00001252,0.000000,0.000000,0
2026-06-15 06:55:00,65839.00,65839.10,65814.30,65819.20,17.115000,313,3.758000,13.357000,65829.08,103187.99,0.00001252,0.000000,0.000000,0
2026-06-15 06:56:00,65819.20,65841.10,65819.20,65824.80,30.244000,456,19.420000,10.824000,65835.46,103186.52,0.00001264,0.000000,0.000000,0
2026-06-15 06:57:00,65824.70,65839.10,65824.70,65828.00,8.698000,280,3.823000,4.875000,65832.31,103186.05,0.00001258,0.000000,0.000000,0
2026-06-15 06:58:00,65827.90,65828.00,65815.40,65823.40,16.863000,251,4.399000,12.464000,65821.07,103188.78,0.00001259,0.000000,0.000000,0
2026-06-15 06:59:00,65823.40,65826.50,65785.60,65785.70,93.731000,580,14.625000,79.106000,65811.66,103158.20,0.00001259,0.000000,0.000000,0
2026-06-15 07:00:00,65785.70,65788.00,65772.90,65773.00,17.467000,238,4.960000,12.507000,65783.95,103161.42,0.00001225,0.000000,0.011000,0
2026-06-15 07:01:00,65772.90,65773.00,65685.10,65696.30,161.350000,1047,21.249000,140.101000,65713.37,103154.44,0.00001170,0.000000,0.085000,0
2026-06-15 07:02:00,65696.40,65700.00,65667.90,65667.90,93.221000,703,44.564000,48.657000,65682.76,103081.88,0.00001170,0.000000,0.107000,0
2026-06-15 07:03:00,65667.90,65715.60,65650.00,65710.40,135.984000,1220,95.974000,40.010000,65681.76,103065.20,0.00001098,0.000000,0.073000,0
2026-06-15 07:04:00,65710.40,65727.00,65710.40,65713.20,24.927000,402,13.790000,11.137000,65719.52,103057.24,0.00000999,0.000000,0.000000,0
2026-06-15 07:05:00,65713.20,65750.10,65682.10,65750.10,63.489000,902,43.529000,19.960000,65708.49,103057.02,0.00001025,0.000000,0.000000,0
2026-06-15 07:06:00,65750.10,65759.70,65741.80,65749.90,34.969000,467,9.965000,25.004000,65751.57,103051.35,0.00001025,0.000000,0.000000,0
2026-06-15 07:07:00,65749.90,65759.40,65731.20,65745.80,38.238000,509,19.786000,18.452000,65746.42,103059.72,0.00001061,0.000000,0.000000,0
2026-06-15 07:08:00,65745.80,65763.00,65745.70,65760.10,40.577000,372,22.136000,18.441000,65753.34,103072.27,0.00001067,0.000000,0.000000,0
2026-06-15 07:09:00,65760.00,65780.00,65760.00,65777.60,35.821000,475,13.976000,21.845000,65765.35,103079.45,0.00001062,0.000000,0.000000,0
2026-06-15 07:10:00,65777.50,65780.00,65768.00,65768.00,24.624000,481,9.221000,15.403000,65773.69,103082.54,0.00001062,0.000000,0.000000,0
2026-06-15 07:11:00,65768.00,65806.60,65750.00,65805.40,60.948000,948,46.653000,14.295000,65775.74,103090.21,0.00001076,0.000000,0.000000,0
2026-06-15 07:12:00,65806.60,65836.10,65800.00,65800.10,66.831000,1140,33.092000,33.739000,65822.23,103090.95,0.00001075,0.003000,0.000000,0
2026-06-15 07:13:00,65800.00,65807.70,65791.20,65794.40,37.062000,425,19.315000,17.747000,65798.01,103092.40,0.00001075,0.000000,0.000000,0
2026-06-15 07:14:00,65794.30,65806.50,65794.30,65802.00,30.569000,413,22.705000,7.864000,65800.40,103096.31,0.00001097,0.000000,0.048000,0
2026-06-15 07:15:00,65802.00,65802.00,65781.70,65781.70,17.458000,347,2.073000,15.385000,65796.13,103097.01,0.00001069,0.000000,0.000000,0
2026-06-15 07:16:00,65781.70,65824.80,65781.60,65824.80,55.856000,526,14.629000,41.227000,65803.21,103109.92,0.00001047,0.000000,0.000000,0
2026-06-15 07:17:00,65824.90,65858.10,65824.80,65838.50,76.974000,710,53.847000,23.127000,65848.69,103097.31,0.00001047,0.000000,0.000000,0
2026-06-15 07:18:00,65838.60,65854.30,65833.40,65841.00,25.753000,429,12.724000,13.029000,65846.41,103106.13,0.00001079,0.000000,0.000000,0
2026-06-15 07:19:00,65840.90,65880.00,65840.90,65863.70,33.824000,614,18.398000,15.426000,65860.48,103107.36,0.00001083,0.877000,0.000000,0
2026-06-15 07:20:00,65863.60,65885.00,65859.60,65859.60,51.425000,669,19.692000,31.733000,65877.53,103111.44,0.00001083,0.000000,0.000000,0
2026-06-15 07:21:00,65859.50,65859.60,65823.20,65835.10,30.946000,587,18.703000,12.243000,65837.37,103122.39,0.00001114,0.000000,0.000000,0
2026-06-15 07:22:00,65835.20,65854.30,65831.80,65836.80,37.921000,479,23.376000,14.545000,65839.26,103130.23,0.00001103,0.000000,0.000000,0
2026-06-15 07:23:00,65836.90,65849.70,65834.80,65837.40,46.418000,524,18.419000,27.999000,65842.99,103125.00,0.00001075,0.000000,0.000000,0
2026-06-15 07:24:00,65837.40,65880.60,65837.40,65875.10,53.426000,523,44.282000,9.144000,65860.48,103141.37,0.00001075,0.000000,0.000000,0
2026-06-15 07:25:00,65875.00,65978.10,65875.00,65955.10,352.514000,1955,261.570000,90.944000,65938.75,103208.35,0.00001077,1.438000,0.000000,0
2026-06-15 07:26:00,65955.20,65965.50,65927.40,65928.90,145.953000,1014,43.766000,102.187000,65947.88,103213.90,0.00001184,0.000000,0.000000,0
2026-06-15 07:27:00,65928.90,65973.10,65919.80,65919.80,85.936000,1106,33.117000,52.819000,65953.32,103228.83,0.00001184,0.000000,0.000000,0
2026-06-15 07:28:00,65919.80,65934.80,65888.90,65934.70,125.508000,1126,57.772000,67.736000,65911.04,103235.32,0.00001226,0.000000,0.000000,0
2026-06-15 07:29:00,65934.80,65955.00,65934.80,65941.60,111.628000,919,62.006000,49.622000,65947.26,103222.63,0.00001223,0.000000,0.000000,0
2026-06-15 07:30:00,65941.50,65958.80,65924.20,65924.20,61.248000,664,32.305000,28.943000,65941.11,103222.63,0.00001269,0.000000,0.000000,0
2026-06-15 07:31:00,65924.20,65924.30,65883.50,65891.90,47.097000,683,16.214000,30.883000,65906.48,103240.05,0.00001269,0.000000,0.000000,0
2026-06-15 07:32:00,65891.80,65904.30,65804.70,65808.00,347.306000,1680,55.929000,291.377000,65846.80,103250.93,0.00001235,0.000000,0.187000,0
2026-06-15 07:33:00,65808.10,65816.80,65752.30,65752.40,96.812000,1029,37.727000,59.085000,65796.06,103118.33,0.00001164,0.000000,0.003000,0
2026-06-15 07:34:00,65752.30,65758.70,65736.70,65750.00,130.791000,871,69.430000,61.361000,65744.38,103102.70,0.00001164,0.000000,0.307000,0
2026-06-15 07:35:00,65750.00,65756.60,65712.00,65745.60,179.726000,951,87.807000,91.919000,65735.59,103068.77,0.00001058,0.000000,0.000000,0
2026-06-15 07:36:00,65745.60,65749.60,65739.00,65739.00,47.682000,361,22.560000,25.122000,65744.94,103045.95,0.00000996,0.000000,0.000000,0
2026-06-15 07:37:00,65739.00,65740.10,65717.10,65722.50,51.093000,465,31.400000,19.693000,65729.99,103045.05,0.00000996,0.000000,0.000000,0
2026-06-15 07:38:00,65722.50,65722.50,65709.70,65717.20,51.059000,450,26.950000,24.109000,65715.39,103054.38,0.00000996,0.000000,0.000000,0
2026-06-15 07:39:00,65717.20,65717.20,65697.20,65708.70,125.658000,536,73.008000,52.650000,65702.97,103064.40,0.00000941,0.000000,0.074000,0
2026-06-15 07:40:00,65708.70,65720.00,65708.70,65720.00,48.605000,365,35.247000,13.358000,65712.75,103115.93,0.00000891,0.000000,0.000000,0
2026-06-15 07:41:00,65720.00,65720.00,65705.00,65712.40,75.395000,396,45.004000,30.391000,65710.54,103126.53,0.00000891,0.000000,0.000000,0
2026-06-15 07:42:00,65712.30,65712.40,65707.90,65707.90,41.221000,321,16.826000,24.395000,65710.41,103126.71,0.00000876,0.000000,0.000000,0
2026-06-15 07:43:00,65707.90,65712.00,65705.10,65708.70,56.676000,411,33.123000,23.553000,65707.01,103131.42,0.00000843,0.000000,0.000000,0
2026-06-15 07:44:00,65708.80,65708.80,65694.90,65694.90,57.305000,348,16.598000,40.707000,65701.76,103150.01,0.00000843,0.000000,0.000000,0
2026-06-15 07:45:00,65694.90,65729.10,65692.00,65711.50,275.770000,1220,221.573000,54.197000,65710.46,103149.56,0.00000806,0.000000,0.000000,0
2026-06-15 07:46:00,65711.50,65711.50,65693.00,65693.00,30.623000,399,12.095000,18.528000,65697.92,103264.47,0.00000762,0.000000,0.000000,0
2026-06-15 07:47:00,65693.10,65693.10,65675.00,65682.40,111.625000,738,44.911000,66.714000,65685.22,103258.32,0.00000739,0.000000,0.002000,0
2026-06-15 07:48:00,65682.40,65695.30,65681.40,65681.50,42.936000,406,22.599000,20.337000,65688.53,103277.69,0.00000739,0.075000,0.000000,0
2026-06-15 07:49:00,65681.40,65681.40,65676.70,65676.70,33.354000,280,8.545000,24.809000,65679.04,103282.40,0.00000734,0.000000,0.000000,0
2026-06-15 07:50:00,65676.70,65676.80,65659.40,65659.50,48.627000,477,14.945000,33.682000,65668.56,103298.51,0.00000730,0.000000,0.000000,0
2026-06-15 07:51:00,65659.40,65659.50,65629.80,65638.00,121.681000,762,50.818000,70.863000,65641.49,103307.72,0.00000730,0.000000,4.616000,0
2026-06-15 07:52:00,65638.00,65693.00,65637.90,65693.00,109.934000,821,87.637000,22.297000,65672.54,103301.50,0.00000692,0.000000,0.000000,0
2026-06-15 07:53:00,65693.00,65719.90,65682.90,65682.90,81.712000,703,31.309000,50.403000,65698.43,103290.72,0.00000655,0.000000,0.000000,0
2026-06-15 07:54:00,65683.00,65712.10,65682.90,65712.10,72.980000,642,52.485000,20.495000,65698.69,103279.51,0.00000663,0.000000,0.000000,0
2026-06-15 07:55:00,65712.10,65746.90,65712.00,65746.90,202.521000,1037,156.111000,46.410000,65730.93,103303.62,0.00000663,0.000000,0.000000,0
2026-06-15 07:56:00,65746.80,65752.30,65642.30,65642.40,192.445000,1257,51.529000,140.916000,65690.74,103375.59,0.00000659,0.000000,0.000000,0
2026-06-15 07:57:00,65642.30,65647.40,65619.00,65632.30,76.753000,809,37.306000,39.447000,65633.15,103347.17,0.00000698,0.000000,0.047000,0
2026-06-15 07:58:00,65632.30,65643.00,65632.20,65636.80,47.100000,432,25.912000,21.188000,65636.37,103325.42,0.00000698,0.000000,0.000000,0
2026-06-15 07:59:00,65636.70,65636.80,65580.00,65600.00,245.894000,1061,50.641000,195.253000,65605.37,103311.21,0.00000622,0.000000,0.046000,0
2026-06-15 08:00:00,65599.90,65642.40,65599.90,65642.40,174.848000,714,150.413000,24.435000,65610.48,103223.00,0.00000619,0.000000,0.000000,0
2026-06-15 08:01:00,65642.30,65652.20,65612.00,65623.90,83.954000,938,27.955000,55.999000,65634.28,103186.35,0.00000621,0.000000,0.000000,0
2026-06-15 08:02:00,65623.80,65650.00,65590.00,65617.40,220.064000,1315,60.944000,159.120000,65616.47,103175.96,0.00000621,0.000000,0.010000,0
2026-06-15 08:03:00,65617.40,65670.10,65617.30,65670.10,63.341000,844,44.781000,18.560000,65653.22,103124.40,0.00000632,0.000000,0.783000,0
2026-06-15 08:04:00,65670.10,65727.90,65666.00,65718.80,119.543000,965,63.753000,55.790000,65699.91,103110.06,0.00000629,0.000000,0.000000,0
2026-06-15 08:05:00,65718.80,65718.80,65702.60,65710.20,29.705000,404,14.219000,15.486000,65710.02,103127.99,0.00000629,0.000000,0.000000,0
2026-06-15 08:06:00,65710.30,65716.90,65701.00,65707.50,46.947000,459,36.977000,9.970000,65708.31,103130.38,0.00000674,0.000000,0.000000,0
2026-06-15 08:07:00,65707.50,65709.60,65701.90,65709.60,36.073000,302,21.349000,14.724000,65703.56,103135.23,0.00000674,0.000000,0.000000,0
2026-06-15 08:08:00,65709.60,65712.90,65689.00,65696.60,40.594000,408,13.355000,27.239000,65699.70,103145.71,0.00000654,0.000000,0.000000,0
2026-06-15 08:09:00,65696.60,65696.60,65662.10,65662.20,68.430000,509,8.365000,60.065000,65677.35,103148.76,0.00000654,0.000000,0.000000,0
2026-06-15 08:10:00,65662.10,65686.00,65662.10,65686.00,72.413000,348,67.928000,4.485000,65670.56,103129.24,0.00000663,0.000000,0.000000,0
2026-06-15 08:11:00,65685.90,65697.60,65685.90,65697.10,25.842000,266,14.296000,11.546000,65692.09,103083.52,0.00000624,0.000000,0.000000,0
2026-06-15 08:12:00,65697.10,65697.10,65666.70,65670.80,54.738000,574,33.124000,21.614000,65681.28,103081.23,0.00000624,0.000000,0.000000,0
2026-06-15 08:13:00,65670.90,65691.50,65669.70,65678.90,55.378000,526,42.005000,13.373000,65678.26,103084.14,0.00000599,0.000000,0.000000,0
2026-06-15 08:14:00,65678.90,65700.00,65678.80,65699.90,22.843000,338,11.991000,10.852000,65686.91,103069.41,0.00000562,0.000000,0.000000,0
2026-06-15 08:15:00,65699.90,65701.00,65699.00,65701.00,14.568000,206,8.341000,6.227000,65699.65,103065.83,0.00000557,0.521000,0.000000,0
2026-06-15 08:16:00,65701.00,65713.90,65700.90,65713.90,30.199000,359,23.008000,7.191000,65707.57,103067.37,0.00000557,0.000000,0.000000,0
2026-06-15 08:17:00,65713.90,65724.30,65700.00,65700.10,29.802000,394,7.793000,22.009000,65709.83,103067.10,0.00000580,0.000000,0.000000,0
2026-06-15 08:18:00,65700.00,65700.10,65680.00,65684.00,27.697000,294,10.213000,17.484000,65685.24,103082.38,0.00000571,0.000000,1.160000,0
2026-06-15 08:19:00,65684.00,65691.00,65659.90,65660.00,128.684000,563,35.444000,93.240000,65675.53,103079.02,0.00000529,0.000000,0.000000,0
2026-06-15 08:20:00,65660.00,65660.00,65633.10,65633.20,69.515000,387,10.584000,58.931000,65647.76,103019.51,0.00000529,0.000000,0.000000,0
2026-06-15 08:21:00,65633.10,65633.20,65607.00,65615.20,49.988000,693,20.361000,29.627000,65617.50,103005.46,0.00000499,0.000000,0.026000,0
2026-06-15 08:22:00,65615.20,65628.20,65604.30,65604.40,36.297000,499,13.441000,22.856000,65612.04,103011.86,0.00000415,0.000000,0.000000,0
2026-06-15 08:23:00,65604.40,65604.40,65589.30,65598.00,46.637000,464,19.787000,26.850000,65596.74,103005.70,0.00000415,0.000000,0.007000,0
2026-06-15 08:24:00,65597.90,65604.60,65597.90,65602.00,33.037000,276,12.980000,20.057000,65601.55,103004.75,0.00000365,0.000000,0.000000,0
2026-06-15 08:25:00,65602.10,65622.00,65598.20,65608.10,29.292000,483,17.344000,11.948000,65612.64,103001.68,0.00000312,0.000000,0.000000,0
2026-06-15 08:26:00,65608.00,65608.10,65580.30,65589.10,99.397000,585,15.622000,83.775000,65585.75,103004.13,0.00000290,0.000000,0.632000,0
2026-06-15 08:27:00,65589.00,65653.00,65589.00,65653.00,64.835000,926,36.880000,27.955000,65608.27,102989.82,0.00000290,0.000000,0.000000,0
2026-06-15 08:28:00,65653.00,65664.20,65646.40,65663.30,26.223000,351,12.055000,14.168000,65657.89,102971.70,0.00000234,0.000000,0.000000,0
2026-06-15 08:29:00,65663.30,65663.30,65599.90,65620.30,195.793000,889,56.611000,139.182000,65615.12,102973.22,0.00000265,0.000000,0.000000,0
2026-06-15 08:30:00,65620.40,65643.30,65620.30,65643.30,20.554000,278,11.106000,9.448000,65634.89,102928.01,0.00000265,0.000000,0.000000,0
2026-06-15 08:31:00,65643.30,65643.30,65625.70,65632.80,49.251000,447,25.756000,23.495000,65632.47,102927.38,0.00000218,0.000000,0.000000,0
2026-06-15 08:32:00,65632.80,65639.80,65630.20,65638.50,23.723000,274,16.077000,7.646000,65635.54,102920.17,0.00000227,0.000000,0.000000,0
2026-06-15 08:33:00,65638.60,65666.00,65638.50,65653.30,54.879000,542,24.633000,30.246000,65656.55,102919.15,0.00000206,0.000000,0.000000,0
2026-06-15 08:34:00,65653.40,65666.00,65653.30,65666.00,14.528000,215,9.467000,5.061000,65663.06,102932.86,0.00000206,0.000000,0.000000,0
2026-06-15 08:35:00,65665.90,65697.80,65665.90,65684.80,35.053000,459,24.091000,10.962000,65687.64,102928.98,0.00000210,0.000000,0.000000,0
2026-06-15 08:36:00,65684.80,65690.80,65668.80,65685.80,25.169000,407,13.710000,11.459000,65684.25,102926.26,0.00000210,0.000000,0.000000,0
2026-06-15 08:37:00,65685.80,65690.00,65678.60,65689.90,20.072000,266,12.851000,7.221000,65684.22,102929.74,0.00000210,0.000000,0.000000,0
2026-06-15 08:38:00,65689.90,65692.80,65689.90,65692.80,12.096000,153,10.636000,1.460000,65690.73,102932.53,0.00000176,0.000000,0.000000,0
2026-06-15 08:39:00,65692.80,65692.80,65685.00,65685.10,33.729000,201,11.610000,22.119000,65689.83,102935.83,0.00000157,0.000000,0.000000,0
2026-06-15 08:40:00,65685.00,65685.00,65661.60,65676.40,27.648000,403,15.907000,11.741000,65674.14,102942.44,0.00000146,0.000000,0.001000,0
2026-06-15 08:41:00,65676.30,65690.00,65666.40,65689.90,24.313000,335,11.483000,12.830000,65682.47,102948.56,0.00000146,0.000000,0.000000,0
2026-06-15 08:42:00,65690.00,65694.30,65660.30,65688.10,29.140000,568,15.441000,13.699000,65680.09,102961.96,0.00000120,0.000000,0.000000,0
2026-06-15 08:43:00,65688.00,65731.80,65688.00,65731.80,39.565000,526,25.383000,14.182000,65712.20,102961.16,0.00000105,0.000000,0.000000,0
2026-06-15 08:44:00,65731.70,65762.00,65730.00,65734.30,62.226000,659,35.309000,26.917000,65744.15,102951.42,0.00000105,0.009000,0.000000,0
2026-06-15 08:45:00,65734.20,65745.90,65734.20,65734.90,32.253000,358,13.855000,18.398000,65739.93,102949.00,0.00000131,0.000000,0.000000,0
2026-06-15 08:46:00,65734.90,65754.00,65726.70,65754.00,34.845000,453,18.659000,16.186000,65733.68,102949.33,0.00000118,0.000000,0.000000,0
2026-06-15 08:47:00,65753.90,65768.10,65753.90,65763.70,39.875000,313,20.892000,18.983000,65762.27,102954.66,0.00000086,0.068000,0.000000,0
2026-06-15 08:48:00,65763.60,65763.70,65744.90,65744.90,57.272000,460,21.329000,35.943000,65756.44,102964.02,0.00000086,0.000000,0.000000,0
2026-06-15 08:49:00,65745.00,65745.00,65717.50,65730.60,49.175000,409,17.986000,31.189000,65738.45,102968.88,0.00000108,0.000000,0.000000,0
2026-06-15 08:50:00,65730.70,65733.50,65719.20,65719.20,59.617000,254,30.350000,29.267000,65730.04,102973.51,0.00000060,0.000000,0.000000,0
2026-06-15 08:51:00,65719.10,65724.00,65701.20,65701.30,73.042000,478,33.233000,39.809000,65711.34,102972.46,0.00000060,0.003000,0.000000,0
2026-06-15 08:52:00,65701.30,65708.60,65701.00,65703.80,23.283000,208,14.380000,8.903000,65703.45,102960.37,0.00000027,0.000000,0.000000,0
2026-06-15 08:53:00,65703.90,65705.30,65665.30,65665.70,53.619000,622,18.294000,35.325000,65682.64,102951.20,-0.00000021,0.000000,0.000000,0
2026-06-15 08:54:00,65665.60,65670.60,65623.90,65645.10,84.843000,767,30.811000,54.032000,65646.69,102950.61,-0.00000070,0.000000,0.000000,0
2026-06-15 08:55:00,65645.10,65672.10,65594.10,65623.50,708.635000,1569,477.262000,231.373000,65613.43,102925.03,-0.00000070,0.000000,0.000000,0
2026-06-15 08:56:00,65623.60,65685.30,65623.50,65673.60,215.633000,860,162.783000,52.850000,65662.84,103278.59,-0.00000118,0.000000,0.000000,0
2026-06-15 08:57:00,65673.70,65673.70,65644.40,65644.50,20.807000,342,1.302000,19.505000,65652.63,103209.00,-0.00000147,0.000000,0.000000,0
2026-06-15 08:58:00,65644.40,65654.50,65644.40,65651.60,20.927000,210,13.700000,7.227000,65648.62,103215.38,-0.00000147,0.000000,0.000000,0
2026-06-15 08:59:00,65651.60,65654.40,65651.50,65652.60,25.084000,143,9.157000,15.927000,65653.12,103217.34,-0.00000199,0.000000,0.000000,0
2026-06-15 09:00:00,65652.70,65656.90,65619.80,65620.00,118.856000,522,31.531000,87.325000,65632.76,103213.72,-0.00000235,0.000000,0.000000,0
2026-06-15 09:01:00,65619.90,65650.20,65619.90,65642.30,78.428000,441,62.022000,16.406000,65628.11,103185.51,-0.00000278,0.000000,0.000000,0
2026-06-15 09:02:00,65642.30,65642.40,65632.10,65637.40,28.166000,261,18.733000,9.433000,65635.74,103181.86,-0.00000278,0.000000,0.000000,0
2026-06-15 09:03:00,65637.40,65650.00,65637.40,65649.90,71.918000,240,65.936000,5.982000,65648.00,103167.56,-0.00000327,0.000000,0.000000,0
2026-06-15 09:04:00,65649.90,65650.00,65649.90,65649.90,26.087000,153,18.458000,7.629000,65649.97,103121.55,-0.00000380,0.000000,0.000000,0
2026-06-15 09:05:00,65650.00,65650.00,65625.10,65635.40,38.403000,453,15.963000,22.440000,65634.41,103115.24,-0.00000380,0.000000,0.000000,0
2026-06-15 09:06:00,65635.50,65648.80,65635.40,65642.40,24.825000,300,15.866000,8.959000,65642.07,103123.28,-0.00000424,0.000000,0.000000,0
2026-06-15 09:07:00,65642.40,65650.10,65642.40,65650.10,28.383000,234,19.785000,8.598000,65647.24,103121.57,-0.00000437,0.000000,0.000000,0
2026-06-15 09:08:00,65650.00,65655.90,65643.30,65653.40,39.163000,326,17.630000,21.533000,65649.87,103126.80,-0.00000437,0.000000,0.000000,0
2026-06-15 09:09:00,65653.30,65680.00,65653.30,65668.80,78.729000,534,34.920000,43.809000,65670.38,103135.00,-0.00000472,0.000000,0.000000,0
2026-06-15 09:10:00,65668.90,65668.90,65644.80,65666.50,37.194000,499,12.826000,24.368000,65654.25,103137.33,-0.00000488,0.000000,0.000000,0
2026-06-15 09:11:00,65666.40,65666.50,65646.70,65646.80,34.624000,298,5.921000,28.703000,65663.49,103146.68,-0.00000509,0.000000,0.000000,0
2026-06-15 09:12:00,65646.70,65646.80,65627.90,65646.00,46.518000,404,16.117000,30.401000,65640.00,103144.17,-0.00000509,0.000000,0.000000,0
2026-06-15 09:13:00,65646.00,65650.00,65638.10,65638.20,18.886000,251,7.028000,11.858000,65644.28,103142.12,-0.00000576,0.000000,0.000000,0
2026-06-15 09:14:00,65638.20,65645.40,65638.10,65645.30,16.648000,213,8.270000,8.378000,65641.65,103144.65,-0.00000662,0.000000,0.000000,0
2026-06-15 09:15:00,65645.30,65645.40,65645.00,65645.00,7.943000,155,3.481000,4.462000,65645.13,103144.66,-0.00000662,0.000000,0.000000,0
2026-06-15 09:16:00,65645.10,65673.00,65635.80,65673.00,30.563000,492,18.205000,12.358000,65647.49,103152.49,-0.00000702,0.000000,0.000000,0
2026-06-15 09:17:00,65672.90,65679.90,65653.00,65679.90,24.709000,455,13.361000,11.348000,65665.91,103154.78,-0.00000768,0.000000,0.000000,0
2026-06-15 09:18:00,65680.00,65739.30,65680.00,65730.00,120.421000,749,71.466000,48.955000,65724.65,103153.89,-0.00000804,0.050000,0.000000,0
2026-06-15 09:19:00,65729.90,65740.10,65716.40,65737.50,77.780000,491,54.876000,22.904000,65734.79,103152.01,-0.00000804,0.000000,0.000000,0
2026-06-15 09:20:00,65737.50,65737.50,65716.60,65724.60,35.852000,348,16.114000,19.738000,65731.47,103155.74,-0.00000793,0.000000,0.000000,0
2026-06-15 09:21:00,65724.50,65724.60,65670.20,65670.30,27.128000,571,8.091000,19.037000,65693.90,103160.73,-0.00000858,0.000000,0.000000,0
2026-06-15 09:22:00,65670.20,65684.40,65662.90,65684.30,20.622000,368,15.849000,4.773000,65672.09,103158.27,-0.00000858,0.000000,0.000000,0
2026-06-15 09:23:00,65684.30,65687.00,65680.30,65680.30,19.296000,193,11.430000,7.866000,65685.36,103159.86,-0.00000987,0.000000,0.000000,0
2026-06-15 09:24:00,65680.30,65680.40,65644.40,65644.40,43.872000,475,11.979000,31.893000,65666.38,103162.45,-0.00001019,0.000000,0.000000,0
2026-06-15 09:25:00,65644.50,65644.50,65618.90,65629.90,35.278000,415,13.435000,21.843000,65626.37,103179.00,-0.00001062,0.000000,0.000000,0
2026-06-15 09:26:00,65630.00,65631.20,65622.20,65631.20,23.952000,256,9.781000,14.171000,65628.48,103181.28,-0.00001062,0.000000,0.000000,0
2026-06-15 09:27:00,65631.10,65664.10,65630.90,65653.50,57.659000,504,45.837000,11.822000,65653.06,103175.52,-0.00001207,0.000000,0.000000,0
2026-06-15 09:28:00,65653.50,65653.60,65618.10,65628.90,79.409000,434,26.819000,52.590000,65631.66,103171.43,-0.00001255,0.000000,0.000000,0
2026-06-15 09:29:00,65628.90,65628.90,65616.70,65619.60,22.131000,272,9.060000,13.071000,65622.18,103172.84,-0.00001255,0.000000,0.000000,0
2026-06-15 09:30:00,65619.60,65621.70,65612.00,65612.10,17.874000,237,3.172000,14.702000,65616.10,103175.51,-0.00001322,0.000000,0.000000,0
2026-06-15 09:31:00,65612.10,65612.10,65602.10,65602.40,36.536000,315,18.563000,17.973000,65603.24,103174.02,-0.00001378,0.000000,0.000000,0
2026-06-15 09:32:00,65602.30,65618.80,65602.30,65604.80,47.558000,359,24.623000,22.935000,65611.59,103175.78,-0.00001432,0.000000,0.000000,0
2026-06-15 09:33:00,65604.70,65604.80,65590.10,65594.20,45.433000,345,14.476000,30.957000,65597.84,103187.86,-0.00001432,0.000000,0.000000,0
2026-06-15 09:34:00,65594.10,65594.20,65528.60,65528.60,205.875000,1305,31.623000,174.252000,65562.56,103170.91,-0.00001473,0.000000,0.621000,0
2026-06-15 09:35:00,65528.50,65535.00,65515.50,65523.20,136.263000,922,43.315000,92.948000,65524.74,103130.58,-0.00001553,0.000000,0.998000,0
2026-06-15 09:36:00,65523.20,65542.80,65521.50,65542.80,65.908000,674,36.782000,29.126000,65529.51,103138.28,-0.00001553,0.000000,0.000000,0
2026-06-15 09:37:00,65542.80,65542.90,65513.80,65530.00,57.973000,536,24.786000,33.187000,65527.31,103134.35,-0.00001658,0.000000,0.005000,0
2026-06-15 09:38:00,65530.00,65530.10,65521.40,65526.00,45.809000,329,17.213000,28.596000,65525.23,103145.58,-0.00001708,0.000000,0.000000,0
2026-06-15 09:39:00,65526.10,65542.80,65485.80,65490.60,163.271000,1027,30.987000,132.284000,65510.27,103143.92,-0.00001775,0.000000,2.102000,0
2026-06-15 09:40:00,65490.60,65508.00,65469.00,65500.80,126.683000,1132,67.410000,59.273000,65484.01,103120.55,-0.00001775,0.000000,4.610000,0
2026-06-15 09:41:00,65500.80,65537.10,65500.70,65533.00,53.819000,562,29.088000,24.731000,65527.72,103124.31,-0.00001834,0.000000,0.000000,0
2026-06-15 09:42:00,65533.10,65554.80,65533.00,65543.40,65.965000,519,43.207000,22.758000,65547.57,103123.90,-0.00001837,0.000000,0.000000,0
2026-06-15 09:43:00,65544.00,65558.80,65544.00,65558.50,29.331000,363,17.945000,11.386000,65553.40,103124.74,-0.00001811,0.000000,0.000000,0
2026-06-15 09:44:00,65558.60,65578.30,65550.20,65551.30,99.286000,611,69.295000,29.991000,65565.54,103098.25,-0.00001811,0.000000,0.000000,0
2026-06-15 09:45:00,65551.30,65551.40,65520.80,65540.70,71.288000,616,18.450000,52.838000,65532.46,103114.69,-0.00001830,0.000000,0.000000,0
2026-06-15 09:46:00,65540.70,65540.70,65507.50,65524.90,50.733000,568,21.956000,28.777000,65520.38,103112.72,-0.00001884,0.000000,0.000000,0
2026-06-15 09:47:00,65524.90,65525.00,65500.00,65500.10,45.580000,469,21.243000,24.337000,65516.74,103113.33,-0.00001884,0.000000,0.000000,0
2026-06-15 09:48:00,65500.00,65510.00,65489.70,65504.20,88.273000,626,39.014000,49.259000,65497.66,103106.79,-0.00001938,0.000000,0.000000,0
2026-06-15 09:49:00,65504.20,65507.00,65478.80,65505.80,105.147000,625,44.621000,60.526000,65491.53,103145.47,-0.00001994,0.000000,0.000000,0
2026-06-15 09:50:00,65505.70,65524.90,65505.60,65524.90,53.285000,454,24.981000,28.304000,65513.09,103140.33,-0.00002017,0.000000,0.000000,0
2026-06-15 09:51:00,65525.00,65553.50,65524.90,65545.20,79.042000,653,44.156000,34.886000,65543.75,103143.53,-0.00002017,0.000000,0.000000,0
2026-06-15 09:52:00,65545.20,65552.00,65540.50,65544.60,37.142000,404,22.360000,14.782000,65547.79,103150.74,-0.00001970,0.034000,0.000000,0
2026-06-15 09:53:00,65544.70,65550.80,65532.20,65535.90,44.422000,451,32.783000,11.639000,65538.17,103150.16,-0.00001925,0.002000,0.000000,0
2026-06-15 09:54:00,65535.90,65535.90,65533.30,65533.30,13.259000,148,4.478000,8.781000,65535.33,103142.77,-0.00001925,0.000000,0.000000,0
2026-06-15 09:55:00,65533.30,65533.40,65524.10,65527.70,48.290000,294,21.042000,27.248000,65528.63,103135.82,-0.00001926,0.000000,0.000000,0
2026-06-15 09:56:00,65527.80,65550.00,65521.60,65545.30,54.874000,451,35.145000,19.729000,65531.34,103146.48,-0.00001935,0.000000,0.000000,0
2026-06-15 09:57:00,65545.30,65557.50,65545.20,65557.50,29.424000,337,20.800000,8.624000,65553.14,103143.74,-0.00001978,0.000000,0.000000,0
2026-06-15 09:58:00,65557.50,65590.30,65551.60,65553.10,178.209000,1007,113.888000,64.321000,65572.93,103151.08,-0.00001978,0.000000,0.000000,0
2026-06-15 09:59:00,65553.10,65564.00,65553.00,65563.90,26.380000,201,17.750000,8.630000,65556.36,103151.52,-0.00001983,0.000000,0.000000,0
2026-06-15 10:00:00,65564.00,65564.00,65559.80,65559.90,8.837000,136,5.460000,3.377000,65561.27,103154.39,-0.00002041,0.000000,0.000000,0
2026-06-15 10:01:00,65559.80,65574.20,65545.20,65574.10,32.960000,472,20.593000,12.367000,65553.32,103149.68,-0.00002041,0.000000,0.000000,0
2026-06-15 10:02:00,65574.20,65590.30,65574.10,65582.30,44.312000,406,32.110000,12.202000,65584.44,103149.24,-0.00002060,0.000000,0.000000,0
2026-06-15 10:03:00,65582.30,65590.50,65582.20,65590.50,17.887000,273,11.835000,6.052000,65585.37,103148.28,-0.00002095,0.000000,0.000000,0
2026-06-15 10:04:00,65590.50,65600.00,65587.40,65589.70,84.348000,510,58.385000,25.963000,65595.13,103145.21,-0.00002097,0.000000,0.000000,0
2026-06-15 10:05:00,65589.60,65610.10,65589.60,65610.10,36.614000,320,29.679000,6.935000,65599.83,103138.29,-0.00002097,0.000000,0.000000,0
2026-06-15 10:06:00,65610.10,65679.40,65609.60,65657.40,98.624000,1085,58.777000,39.847000,65653.35,103117.11,-0.00002104,0.453000,0.000000,0
2026-06-15 10:07:00,65657.30,65666.80,65647.50,65653.20,36.889000,503,17.886000,19.003000,65656.42,103115.75,-0.00002093,0.000000,0.000000,0
2026-06-15 10:08:00,65653.20,65653.20,65640.40,65640.50,30.496000,284,9.475000,21.021000,65644.74,103117.08,-0.00002093,0.000000,0.000000,0
2026-06-15 10:09:00,65640.40,65645.40,65636.30,65645.40,30.956000,249,15.583000,15.373000,65641.79,103113.72,-0.00002161,0.000000,0.000000,0
2026-06-15 10:10:00,65645.40,65681.60,65645.30,65681.60,55.739000,572,43.305000,12.434000,65666.47,103119.03,-0.00002268,0.000000,0.000000,0
2026-06-15 10:11:00,65681.60,65698.50,65675.30,65685.40,86.543000,567,67.397000,19.146000,65686.88,103092.52,-0.00002313,0.014000,0.000000,0
2026-06-15 10:12:00,65685.30,65688.00,65672.20,65688.00,39.653000,429,30.899000,8.754000,65680.51,103093.18,-0.00002313,0.000000,0.000000,0
2026-06-15 10:13:00,65687.90,65724.00,65687.90,65714.70,91.900000,728,54.064000,37.836000,65713.68,103076.73,-0.00002354,0.134000,0.000000,0
2026-06-15 10:14:00,65714.80,65714.80,65700.00,65700.00,53.232000,342,28.083000,25.149000,65705.53,103073.98,-0.00002384,0.000000,0.000000,0
2026-06-15 10:15:00,65700.00,65703.80,65698.10,65700.30,31.340000,253,12.679000,18.661000,65701.35,103069.77,-0.00002384,0.000000,0.000000,0
2026-06-15 10:16:00,65700.20,65700.30,65682.20,65682.20,16.616000,313,4.036000,12.580000,65695.33,103069.76,-0.00002462,0.000000,0.000000,0
2026-06-15 10:17:00,65682.20,65694.60,65682.20,65691.30,33.057000,281,13.982000,19.075000,65692.15,103065.87,-0.00002515,0.000000,0.000000,0
2026-06-15 10:18:00,65691.30,65699.80,65674.90,65682.90,30.576000,389,5.975000,24.601000,65687.61,103063.37,-0.00002563,0.000000,0.000000,0
2026-06-15 10:19:00,65682.90,65682.90,65663.40,65664.20,32.366000,381,9.585000,22.781000,65669.29,103060.50,-0.00002563,0.000000,0.000000,0
2026-06-15 10:20:00,65664.10,65683.70,65663.60,65663.60,22.054000,390,12.639000,9.415000,65673.48,103064.72,-0.00002618,0.000000,0.000000,0
2026-06-15 10:21:00,65663.60,65670.90,65663.60,65670.40,13.540000,188,10.526000,3.014000,65668.53,103063.16,-0.00002701,0.000000,0.000000,0
2026-06-15 10:22:00,65670.40,65673.90,65670.30,65673.80,13.167000,161,8.401000,4.766000,65672.02,103061.86,-0.00002701,0.000000,0.000000,0
2026-06-15 10:23:00,65673.90,65690.00,65673.80,65690.00,13.205000,233,8.971000,4.234000,65677.75,103063.74,-0.00002774,0.000000,0.000000,0
2026-06-15 10:24:00,65690.00,65695.90,65670.40,65692.30,45.472000,480,31.625000,13.847000,65682.51,103068.40,-0.00002830,0.000000,0.000000,0
2026-06-15 10:25:00,65692.20,65710.80,65692.20,65710.80,33.872000,369,20.104000,13.768000,65704.99,103075.76,-0.00002830,0.834000,0.000000,0
2026-06-15 10:26:00,65710.70,65710.80,65695.00,65695.00,25.923000,345,8.292000,17.631000,65704.09,103073.11,-0.00002874,0.000000,0.000000,0
2026-06-15 10:27:00,65695.00,65721.40,65691.20,65710.60,46.635000,492,33.126000,13.509000,65708.55,103073.19,-0.00002866,0.018000,0.000000,0
2026-06-15 10:28:00,65710.50,65710.50,65695.10,65695.10,31.832000,292,9.519000,22.313000,65703.13,103071.29,-0.00002859,0.000000,0.000000,0
2026-06-15 10:29:00,65695.10,65695.20,65680.10,65680.20,13.201000,217,3.731000,9.470000,65687.92,103075.72,-0.00002862,0.000000,0.000000,0
2026-06-15 10:30:00,65680.10,65680.20,65666.00,65678.30,50.662000,302,38.547000,12.115000,65674.11,103082.19,-0.00002917,0.000000,0.002000,0
2026-06-15 10:31:00,65678.30,65680.10,65668.50,65673.20,27.194000,284,8.539000,18.655000,65676.54,103088.56,-0.00003021,0.000000,0.000000,0
2026-06-15 10:32:00,65673.20,65673.30,65673.20,65673.20,12.540000,132,7.803000,4.737000,65673.26,103093.18,-0.00003079,0.000000,0.000000,0
2026-06-15 10:33:00,65673.30,65685.00,65673.20,65684.90,11.919000,191,6.718000,5.201000,65677.05,103092.24,-0.00003079,0.000000,0.000000,0
2026-06-15 10:34:00,65685.00,65686.30,65681.90,65682.00,18.276000,155,9.501000,8.775000,65684.97,103093.74,-0.00003114,0.010000,0.000000,0
2026-06-15 10:35:00,65682.00,65684.50,65679.60,65679.70,17.061000,171,10.016000,7.045000,65682.78,103093.09,-0.00003139,0.000000,0.000000,0
2026-06-15 10:36:00,65679.60,65690.00,65679.60,65690.00,14.309000,185,10.995000,3.314000,65683.99,103091.70,-0.00003166,0.000000,0.000000,0
2026-06-15 10:37:00,65690.00,65697.60,65685.60,65697.60,23.036000,234,9.906000,13.130000,65687.24,103092.65,-0.00002866,0.000000,0.000000,0
2026-06-15 10:38:00,65697.60,65706.00,65697.60,65706.00,18.668000,177,13.783000,4.885000,65702.30,103096.43,-0.00003233,0.000000,0.000000,0
2026-06-15 10:39:00,65706.00,65709.50,65685.40,65685.50,36.071000,328,12.037000,24.034000,65703.02,103098.70,-0.00003233,0.000000,0.005000,0
2026-06-15 10:40:00,65685.40,65685.50,65666.90,65685.50,28.706000,363,9.278000,19.428000,65675.53,103096.71,-0.00003238,0.000000,0.000000,0
2026-06-15 10:41:00,65685.50,65709.60,65685.40,65706.50,28.131000,301,22.153000,5.978000,65704.65,103100.84,-0.00003278,0.000000,0.000000,0
2026-06-15 10:42:00,65706.50,65711.50,65695.20,65705.60,52.784000,454,35.732000,17.052000,65703.15,103123.25,-0.00003285,0.000000,0.000000,0
2026-06-15 10:43:00,65705.60,65713.80,65701.40,65713.80,43.516000,282,32.553000,10.963000,65705.15,103136.37,-0.00003285,0.000000,0.000000,0
2026-06-15 10:44:00,65713.70,65721.40,65713.70,65720.80,16.454000,254,11.371000,5.083000,65718.49,103139.09,-0.00003343,0.000000,0.000000,0
2026-06-15 10:45:00,65720.80,65722.60,65720.70,65722.60,14.423000,166,10.390000,4.033000,65721.36,103140.46,-0.00003392,0.000000,0.000000,0
2026-06-15 10:46:00,65722.60,65722.60,65715.90,65716.00,23.514000,193,5.162000,18.352000,65719.24,103140.46,-0.00003392,0.000000,0.000000,0
2026-06-15 10:47:00,65716.00,65732.00,65715.90,65732.00,56.247000,329,41.351000,14.896000,65723.21,103143.23,-0.00003441,0.000000,0.000000,0
2026-06-15 10:48:00,65731.90,65740.00,65731.90,65739.90,20.905000,261,14.544000,6.361000,65734.68,103163.85,-0.00003499,0.038000,0.000000,0
2026-06-15 10:49:00,65740.00,65743.50,65682.20,65720.00,434.047000,1051,217.269000,216.778000,65706.35,103161.50,-0.00003514,0.001000,0.000000,0
2026-06-15 10:50:00,65719.90,65720.00,65719.90,65720.00,24.302000,164,6.092000,18.210000,65719.93,103315.57,-0.00003514,0.000000,0.000000,0
2026-06-15 10:51:00,65720.00,65720.00,65705.60,65705.70,32.851000,363,9.375000,23.476000,65712.72,103318.38,-0.00003585,0.000000,0.000000,0
2026-06-15 10:52:00,65705.60,65705.70,65695.50,65695.50,38.189000,257,6.521000,31.668000,65699.27,103316.25,-0.00003641,0.000000,0.000000,0
2026-06-15 10:53:00,65695.50,65715.90,65695.50,65715.80,14.901000,260,10.717000,4.184000,65703.70,103311.74,-0.00003641,0.187000,0.000000,0
2026-06-15 10:54:00,65715.90,65724.40,65715.80,65724.40,25.674000,229,16.454000,9.220000,65718.60,103310.85,-0.00003736,0.000000,0.000000,0
2026-06-15 10:55:00,65724.40,65901.00,65717.80,65809.40,3082.133000,5466,2775.824000,306.309000,65772.05,103308.90,-0.00003778,46.491000,0.000000,0
2026-06-15 10:56:00,65809.10,65934.30,65800.00,65872.10,1050.780000,6207,574.533000,476.247000,65875.53,104420.92,-0.00003811,6.188000,0.093000,0
2026-06-15 10:57:00,65872.20,65905.50,65846.00,65846.00,247.634000,1795,112.194000,135.440000,65875.76,104143.94,-0.00003811,0.000000,0.000000,0
2026-06-15 10:58:00,65846.10,65861.70,65802.90,65809.60,184.923000,1370,81.620000,103.303000,65829.39,104140.12,-0.00003791,0.000000,0.000000,0
2026-06-15 10:59:00,65809.60,65897.00,65803.10,65851.20,272.106000,1555,154.266000,117.840000,65855.53,104113.97,-0.00003910,0.000000,0.000000,0
2026-06-15 11:00:00,65851.10,65884.70,65844.70,65884.70,128.606000,904,69.541000,59.065000,65868.54,104032.45,-0.00003910,0.000000,0.000000,0
2026-06-15 11:01:00,65884.70,65884.70,65807.30,65883.20,602.209000,2538,160.972000,441.237000,65863.80,104058.88,-0.00003954,0.000000,0.000000,0
2026-06-15 11:02:00,65883.20,65891.10,65836.90,65880.50,189.002000,1576,116.563000,72.439000,65863.13,104134.75,-0.00003991,0.000000,0.000000,0
2026-06-15 11:03:00,65880.50,65936.00,65853.00,65853.00,173.534000,1545,92.768000,80.766000,65900.70,104150.43,-0.00004030,0.336000,0.000000,0
2026-06-15 11:04:00,65853.10,65886.20,65833.00,65886.20,99.342000,1085,43.541000,55.801000,65858.84,104155.72,-0.00004030,0.000000,0.000000,0
2026-06-15 11:05:00,65886.10,65911.20,65863.00,65866.80,78.359000,908,33.632000,44.727000,65886.43,104147.79,-0.00004100,0.000000,0.000000,0
2026-06-15 11:06:00,65866.80,65920.00,65866.80,65900.30,80.989000,1061,42.848000,38.141000,65904.21,104139.92,-0.00004113,0.135000,0.000000,0
2026-06-15 11:07:00,65900.20,65966.00,65900.20,65900.30,362.946000,1999,155.912000,207.034000,65930.95,104153.71,-0.00004129,0.210000,0.000000,0
2026-06-15 11:08:00,65900.30,65956.40,65870.70,65930.80,321.603000,1795,69.717000,251.886000,65907.37,104120.19,-0.00004129,0.040000,0.023000,0
2026-06-15 11:09:00,65930.70,65947.10,65900.10,65936.90,105.374000,1382,46.528000,58.846000,65928.81,104226.23,-0.00004150,0.000000,0.000000,0
2026-06-15 11:10:00,65937.00,65944.20,65915.00,65944.20,58.623000,699,28.184000,30.439000,65929.45,104228.17,-0.00004150,0.000000,0.000000,0
2026-06-15 11:11:00,65944.10,65972.00,65926.40,65944.70,213.568000,1358,140.028000,73.540000,65950.06,104232.99,-0.00004150,0.000000,0.000000,0
2026-06-15 11:12:00,65944.70,65988.00,65943.90,65944.00,204.473000,1391,141.393000,63.080000,65969.38,104208.45,-0.00004163,0.479000,0.000000,0
2026-06-15 11:13:00,65944.00,65960.00,65929.10,65959.90,95.678000,823,53.813000,41.865000,65945.73,104279.44,-0.00004197,0.980000,0.000000,0
2026-06-15 11:14:00,65960.00,65960.00,65908.30,65908.30,95.473000,903,28.662000,66.811000,65937.43,104288.57,-0.00004266,0.064000,0.000000,0
2026-06-15 11:15:00,65908.30,65930.00,65899.90,65899.90,91.719000,755,29.449000,62.270000,65914.09,104281.20,-0.00004266,0.000000,0.000000,0
2026-06-15 11:16:00,65899.90,65952.00,65894.70,65948.20,226.566000,1830,140.117000,86.449000,65925.36,104276.36,-0.00004371,0.001000,0.000000,0
2026-06-15 11:17:00,65948.30,65986.80,65948.20,65970.80,180.983000,892,90.963000,90.020000,65969.79,104254.36,-0.00004470,7.584000,0.148000,0
2026-06-15 11:18:00,65970.80,65985.80,65960.00,65980.60,91.083000,695,52.675000,38.408000,65972.16,104277.34,-0.00004470,0.076000,0.000000,0
2026-06-15 11:19:00,65980.60,66088.00,65977.10,66054.50,1153.018000,4741,835.685000,317.333000,66038.90,104290.39,-0.00004470,5.595000,0.000000,0
2026-06-15 11:20:00,66054.60,66280.00,66054.50,66214.60,1820.414000,7833,1348.299000,472.115000,66156.92,104121.02,-0.00004496,36.740000,0.012000,0
2026-06-15 11:21:00,66214.00,66280.00,66144.30,66170.10,781.343000,6448,405.189000,376.154000,66203.35,103781.31,-0.00004420,5.561000,0.000000,0
2026-06-15 11:22:00,66170.20,66204.40,66143.00,66188.70,293.664000,2388,112.064000,181.600000,66169.69,103783.49,-0.00004420,0.000000,0.000000,0
2026-06-15 11:23:00,66188.80,66251.50,66164.10,66226.80,302.036000,2747,164.562000,137.474000,66206.96,103820.51,-0.00004375,0.769000,0.000000,0
2026-06-15 11:24:00,66226.80,66298.10,66211.30,66261.40,468.664000,3239,291.762000,176.902000,66267.95,103819.70,-0.00004397,5.154000,0.000000,0
2026-06-15 11:25:00,66261.30,66332.50,66261.10,66278.20,577.546000,3776,319.028000,258.518000,66294.38,103770.06,-0.00004397,0.835000,0.008000,0
2026-06-15 11:26:00,66278.10,66322.10,66256.40,66299.10,1073.886000,2544,831.955000,241.931000,66297.64,103717.37,-0.00004394,2.015000,0.000000,0
2026-06-15 11:27:00,66299.20,66346.20,66252.10,66276.00,1387.864000,5855,637.320000,750.544000,66301.97,103441.97,-0.00004421,2.065000,0.000000,0
2026-06-15 11:28:00,66275.90,66293.30,66208.20,66214.20,310.837000,1958,81.479000,229.358000,66244.26,103632.28,-0.00004459,0.000000,0.000000,0
2026-06-15 11:29:00,66214.20,66241.00,66170.10,66188.20,329.069000,2128,95.780000,233.289000,66207.23,103614.81,-0.00004459,0.000000,0.000000,0
2026-06-15 11:30:00,66188.30,66221.90,66169.90,66221.90,397.984000,1350,184.189000,213.795000,66182.16,103583.83,-0.00004571,0.000000,0.000000,0
2026-06-15 11:31:00,66221.90,66240.10,66200.40,66223.00,205.367000,1658,94.265000,111.102000,66224.56,103686.91,-0.00004696,0.000000,0.000000,0
2026-06-15 11:32:00,66223.10,66269.90,66128.40,66150.00,368.650000,2788,104.123000,264.527000,66200.27,103645.08,-0.00004696,0.000000,0.023000,0
2026-06-15 11:33:00,66150.00,66160.10,66112.70,66138.20,212.486000,1728,111.077000,101.409000,66135.51,103564.52,-0.00004680,0.000000,0.000000,0
2026-06-15 11:34:00,66137.80,66199.10,66134.80,66192.10,210.492000,1666,127.716000,82.776000,66162.18,103558.66,-0.00004781,0.000000,0.000000,0
2026-06-15 11:35:00,66192.00,66230.00,66190.60,66212.20,166.547000,1396,105.714000,60.833000,66205.61,103558.45,-0.00004824,0.164000,0.000000,0
2026-06-15 11:36:00,66212.30,66215.60,66145.20,66160.00,105.477000,1032,25.813000,79.664000,66168.06,103597.22,-0.00004824,0.000000,0.000000,0
2026-06-15 11:37:00,66159.90,66160.00,66088.00,66115.00,215.976000,1614,70.400000,145.576000,66108.27,103615.23,-0.00004823,0.000000,0.245000,0
2026-06-15 11:38:00,66115.00,66160.00,66115.00,66150.60,98.026000,1102,48.549000,49.477000,66145.81,103609.86,-0.00004958,0.000000,0.000000,0
2026-06-15 11:39:00,66150.60,66176.00,66146.90,66147.00,50.810000,715,24.241000,26.569000,66159.88,103604.01,-0.00004958,0.000000,0.000000,0
2026-06-15 11:40:00,66147.00,66184.30,66146.90,66174.60,93.762000,845,59.688000,34.074000,66169.99,103609.75,-0.00004956,0.001000,0.000000,0
2026-06-15 11:41:00,66174.70,66177.70,66144.50,66162.30,107.116000,1151,30.098000,77.018000,66162.49,103580.23,-0.00004969,0.000000,0.000000,0
2026-06-15 11:42:00,66162.30,66171.80,66150.70,66165.40,146.473000,848,106.722000,39.751000,66161.10,103596.21,-0.00005004,0.000000,0.000000,0
2026-06-15 11:43:00,66165.30,66188.00,66150.00,66162.10,85.973000,1147,36.870000,49.103000,66169.08,103608.49,-0.00005004,0.000000,0.000000,0
2026-06-15 11:44:00,66162.20,66178.20,66131.80,66150.80,69.474000,959,16.656000,52.818000,66158.57,103617.88,-0.00005051,0.000000,0.000000,0
2026-06-15 11:45:00,66150.80,66150.80,66114.10,66118.50,50.246000,697,26.361000,23.885000,66129.68,103604.38,-0.00005078,0.000000,0.000000,0
2026-06-15 11:46:00,66118.40,66142.90,66089.00,66142.90,137.033000,1394,43.975000,93.058000,66106.27,103602.63,-0.00005156,0.000000,0.000000,0
2026-06-15 11:47:00,66142.90,66142.90,66083.20,66142.90,130.651000,1434,51.348000,79.303000,66116.99,103645.07,-0.00005156,0.000000,0.000000,0
2026-06-15 11:48:00,66142.80,66160.00,66132.50,66132.50,93.578000,833,43.500000,50.078000,66151.07,103626.36,-0.00005215,0.000000,0.000000,0
2026-06-15 11:49:00,66132.60,66158.20,66128.20,66131.90,62.397000,635,33.051000,29.346000,66136.50,103654.48,-0.00005212,0.000000,0.000000,0
2026-06-15 11:50:00,66131.90,66163.10,66116.20,66116.20,96.905000,866,59.053000,37.852000,66140.24,103653.57,-0.00005212,0.000000,0.000000,0
2026-06-15 11:51:00,66116.30,66174.00,66116.20,66170.90,81.760000,978,59.294000,22.466000,66156.77,103668.78,-0.00005233,0.000000,0.000000,0
2026-06-15 11:52:00,66171.00,66217.00,66142.80,66204.90,116.416000,1104,93.457000,22.959000,66189.88,103688.00,-0.00005259,0.000000,0.000000,0
2026-06-15 11:53:00,66205.00,66208.90,66178.10,66178.10,57.346000,839,28.229000,29.117000,66191.13,103720.54,-0.00005245,0.010000,0.000000,0
2026-06-15 11:54:00,66178.20,66189.20,66178.10,66182.20,32.848000,419,15.317000,17.531000,66183.29,103730.00,-0.00005245,0.000000,0.000000,0
2026-06-15 11:55:00,66182.20,66207.50,66182.10,66200.10,52.826000,607,22.374000,30.452000,66198.38,103729.02,-0.00005293,0.000000,0.000000,0
2026-06-15 11:56:00,66200.00,66200.10,66153.50,66160.80,42.181000,771,16.926000,25.255000,66170.86,103731.87,-0.00005321,0.000000,0.000000,0
2026-06-15 11:57:00,66160.80,66199.90,66160.70,66199.80,49.360000,615,19.824000,29.536000,66181.76,103730.37,-0.00005370,0.000000,0.000000,0
2026-06-15 11:58:00,66199.90,66199.90,66176.70,66176.70,32.510000,496,11.451000,21.059000,66193.78,103720.13,-0.00005370,0.000000,0.000000,0
2026-06-15 11:59:00,66176.70,66179.90,66160.80,66175.10,33.921000,465,14.352000,19.569000,66170.33,103722.82,-0.00005395,0.001000,0.000000,0
2026-06-15 12:00:00,66175.10,66200.00,66175.10,66192.00,51.431000,478,18.355000,33.076000,66194.27,103721.69,-0.00005428,0.000000,0.000000,0
2026-06-15 12:01:00,66192.00,66218.90,66191.90,66203.20,105.502000,871,68.779000,36.723000,66200.19,103725.45,-0.00005428,0.001000,0.000000,0
2026-06-15 12:02:00,66203.20,66203.20,66134.60,66158.20,131.416000,1075,25.604000,105.812000,66170.87,103717.21,-0.00005423,0.000000,0.000000,0
2026-06-15 12:03:00,66158.30,66158.80,66137.30,66142.30,47.380000,545,17.062000,30.318000,66147.80,103732.60,-0.00005489,0.000000,0.000000,0
2026-06-15 12:04:00,66142.20,66170.00,66142.20,66165.00,64.398000,653,42.129000,22.269000,66156.12,103729.18,-0.00005561,0.000000,0.000000,0
2026-06-15 12:05:00,66165.00,66165.00,66103.00,66105.80,106.736000,865,40.392000,66.344000,66122.51,103748.48,-0.00005561,0.000000,0.000000,0
2026-06-15 12:06:00,66105.80,66121.90,66056.40,66115.20,194.794000,1616,69.638000,125.156000,66080.32,103715.15,-0.00005577,0.000000,0.001000,0
2026-06-15 12:07:00,66115.30,66200.00,66115.30,66191.40,125.585000,1084,98.962000,26.623000,66173.80,103710.90,-0.00005702,0.000000,0.000000,0
2026-06-15 12:08:00,66191.50,66195.90,66163.00,66171.00,86.117000,1075,43.276000,42.841000,66174.17,103707.18,-0.00005702,0.007000,0.000000,0
2026-06-15 12:09:00,66171.00,66182.10,66142.30,66144.40,48.510000,707,14.348000,34.162000,66169.51,103710.53,-0.00005643,0.000000,0.000000,0
2026-06-15 12:10:00,66144.40,66177.30,66144.40,66166.80,48.348000,765,27.912000,20.436000,66164.60,103704.85,-0.00005677,0.000000,0.000000,0
2026-06-15 12:11:00,66166.80,66283.00,66166.70,66242.70,447.453000,3155,290.346000,157.107000,66252.08,103715.62,-0.00005741,1.316000,0.000000,0
2026-06-15 12:12:00,66242.60,66248.80,66205.40,66243.90,315.182000,1667,141.192000,173.990000,66230.04,103699.30,-0.00005741,0.000000,0.000000,0
2026-06-15 12:13:00,66243.80,66262.70,66226.00,66234.60,134.061000,1060,81.429000,52.632000,66246.67,103755.44,-0.00005709,0.000000,0.000000,0
2026-06-15 12:14:00,66234.70,66266.10,66234.60,66250.70,82.582000,808,56.332000,26.250000,66250.16,103790.57,-0.00005677,0.002000,0.000000,0
2026-06-15 12:15:00,66250.80,66262.40,66240.30,66249.00,75.696000,743,34.218000,41.478000,66250.04,103792.13,-0.00005687,0.000000,0.000000,0
2026-06-15 12:16:00,66249.10,66276.50,66233.10,66244.00,175.054000,1042,67.881000,107.173000,66250.68,103789.54,-0.00005687,0.000000,0.000000,0
2026-06-15 12:17:00,66243.90,66248.90,66161.00,66165.00,84.413000,919,17.831000,66.582000,66198.57,103798.14,-0.00005710,0.000000,0.000000,0
2026-06-15 12:18:00,66165.10,66188.30,66143.20,66184.30,138.845000,1413,76.050000,62.795000,66162.48,103804.48,-0.00005798,0.000000,0.000000,0
2026-06-15 12:19:00,66184.00,66265.50,66162.30,66260.80,264.511000,2035,194.225000,70.286000,66221.04,103807.40,-0.00005798,0.000000,0.000000,0
2026-06-15 12:20:00,66260.90,66300.00,66258.60,66258.70,161.629000,1520,88.067000,73.562000,66289.62,103883.99,-0.00005884,0.075000,0.000000,0
2026-06-15 12:21:00,66258.60,66258.70,66151.90,66168.90,310.728000,1984,59.752000,250.976000,66221.29,103887.71,-0.00005861,0.000000,0.000000,0
2026-06-15 12:22:00,66168.90,66194.90,66166.50,66179.70,44.392000,733,21.890000,22.502000,66178.45,103871.30,-0.00005957,0.000000,0.000000,0
2026-06-15 12:23:00,66179.60,66219.10,66160.70,66219.00,54.813000,817,28.295000,26.518000,66182.04,103873.24,-0.00005957,0.000000,0.000000,0
2026-06-15 12:24:00,66219.00,66235.80,66218.00,66230.00,27.645000,492,12.104000,15.541000,66228.44,103873.41,-0.00006020,0.001000,0.000000,0
2026-06-15 12:25:00,66230.10,66262.90,66226.60,66256.80,56.792000,793,25.662000,31.130000,66249.21,103882.35,-0.00006013,0.000000,0.000000,0
2026-06-15 12:26:00,66256.70,66257.10,66238.40,66250.00,67.933000,763,37.307000,30.626000,66245.75,103894.75,-0.00006013,0.000000,0.000000,0
2026-06-15 12:27:00,66250.00,66262.80,66244.30,66244.40,32.766000,441,16.197000,16.569000,66255.15,103910.34,-0.00006008,0.000000,0.026000,0
2026-06-15 12:28:00,66244.30,66244.40,66210.40,66210.40,90.544000,714,19.126000,71.418000,66224.66,103904.94,-0.00006071,0.000000,0.000000,0
2026-06-15 12:29:00,66210.50,66226.80,66191.20,66226.80,47.038000,660,26.048000,20.990000,66203.98,103923.03,-0.00006165,0.000000,0.000000,0
2026-06-15 12:30:00,66226.70,66252.20,66216.60,66243.50,77.730000,724,47.296000,30.434000,66234.49,103938.97,-0.00006165,0.000000,0.000000,0
2026-06-15 12:31:00,66243.40,66280.00,66233.20,66241.10,89.767000,1142,52.313000,37.454000,66254.06,103942.93,-0.00006224,0.000000,0.000000,0
2026-06-15 12:32:00,66241.20,66246.60,66151.50,66176.70,436.734000,2878,71.703000,365.031000,66197.24,103908.61,-0.00006185,0.000000,0.000000,0
2026-06-15 12:33:00,66176.80,66209.40,66172.40,66190.30,76.089000,972,40.675000,35.414000,66189.50,103783.03,-0.00006230,0.000000,0.000000,0
2026-06-15 12:34:00,66190.20,66238.30,66190.20,66206.70,89.681000,918,35.983000,53.698000,66211.88,103792.29,-0.00006230,0.000000,0.008000,0
2026-06-15 12:35:00,66206.60,66256.40,66202.90,66204.50,713.800000,1175,130.690000,583.110000,66245.48,103800.04,-0.00006249,0.000000,0.000000,0
2026-06-15 12:36:00,66204.40,66233.80,66193.90,66228.20,110.753000,857,75.252000,35.501000,66211.97,103656.90,-0.00006277,0.000000,0.000000,0
2026-06-15 12:37:00,66228.20,66263.70,66228.10,66262.50,83.848000,932,37.795000,46.053000,66247.76,103624.70,-0.00006277,0.000000,0.000000,0
2026-06-15 12:38:00,66262.50,66266.30,66250.90,66255.50,77.942000,405,54.972000,22.970000,66256.68,103639.84,-0.00006315,0.000000,0.000000,0
2026-06-15 12:39:00,66255.50,66293.80,66240.00,66272.90,268.151000,1802,152.620000,115.531000,66264.21,103621.89,-0.00006275,0.245000,0.000000,0
2026-06-15 12:40:00,66273.00,66294.00,66267.00,66280.90,126.561000,1189,60.028000,66.533000,66283.70,103610.30,-0.00006265,0.391000,0.000000,0
2026-06-15 12:41:00,66280.90,66374.30,66280.80,66350.10,513.849000,2360,361.235000,152.614000,66337.21,103613.54,-0.00006265,3.398000,0.000000,0
2026-06-15 12:42:00,66350.10,66361.50,66281.90,66325.20,1251.718000,1881,143.183000,1108.535000,66345.46,104503.91,-0.00006238,0.139000,0.000000,0
2026-06-15 12:43:00,66325.20,66435.10,66325.10,66407.20,544.576000,2884,289.700000,254.876000,66403.39,104526.35,-0.00006180,32.371000,0.000000,0
2026-06-15 12:44:00,66407.30,66438.50,66402.80,66428.50,292.148000,1672,183.012000,109.136000,66421.33,104571.61,-0.00006180,0.605000,0.000000,0
2026-06-15 12:45:00,66428.40,66441.00,66402.80,66440.90,208.385000,1284,109.940000,98.445000,66425.98,104585.92,-0.00006107,0.071000,0.000000,0
2026-06-15 12:46:00,66441.00,66442.20,66381.30,66396.90,396.903000,1959,107.981000,288.922000,66415.56,104681.98,-0.00006068,0.447000,0.000000,0
2026-06-15 12:47:00,66396.90,66500.00,66396.90,66422.50,711.977000,3990,529.751000,182.226000,66454.80,104585.38,-0.00006073,4.297000,0.000000,0
2026-06-15 12:48:00,66422.60,66462.90,66414.60,66432.10,187.740000,1230,125.137000,62.603000,66439.76,104600.23,-0.00006073,0.000000,0.000000,0
2026-06-15 12:49:00,66432.10,66481.90,66428.70,66455.70,173.230000,1450,107.323000,65.907000,66456.88,104612.39,-0.00006061,0.806000,0.000000,0
2026-06-15 12:50:00,66455.60,66480.00,66455.60,66470.60,90.266000,707,57.528000,32.738000,66464.63,104597.61,-0.00006076,0.000000,0.000000,0
2026-06-15 12:51:00,66470.60,66543.20,66470.50,66520.00,671.761000,3272,473.579000,198.182000,66512.33,104635.94,-0.00006076,8.901000,0.000000,0
2026-06-15 12:52:00,66520.10,66521.00,66500.10,66516.90,180.530000,1192,94.950000,85.580000,66510.79,104626.16,-0.00006081,0.025000,0.000000,0
2026-06-15 12:53:00,66517.00,66521.00,66490.00,66490.00,170.198000,851,40.588000,129.610000,66504.14,104651.59,-0.00006069,0.026000,0.000000,0
2026-06-15 12:54:00,66490.10,66535.60,66487.40,66518.30,155.260000,1231,87.314000,67.946000,66514.80,104727.40,-0.00006095,0.000000,0.000000,0
2026-06-15 12:55:00,66518.20,66570.00,66518.20,66557.80,285.366000,1327,194.517000,90.849000,66552.15,104770.99,-0.00006095,11.194000,0.000000,0
2026-06-15 12:56:00,66557.90,66570.00,66538.50,66543.40,128.381000,1060,65.917000,62.464000,66549.56,104777.12,-0.00006086,0.201000,0.000000,0
2026-06-15 12:57:00,66543.30,66546.30,66509.00,66523.70,137.646000,1221,65.687000,71.959000,66529.29,104786.20,-0.00006055,0.000000,0.000000,0
2026-06-15 12:58:00,66523.70,66542.90,66518.10,66541.40,127.709000,871,88.508000,39.201000,66531.90,104789.27,-0.00006055,0.000000,0.000000,0
2026-06-15 12:59:00,66541.40,66542.40,66500.80,66537.10,137.777000,1059,59.363000,78.414000,66517.50,104801.81,-0.00006117,0.001000,0.000000,0
2026-06-15 13:00:00,66537.20,66537.20,66520.20,66528.50,85.705000,810,51.648000,34.057000,66528.72,104790.32,-0.00006153,0.059000,0.000000,0
2026-06-15 13:01:00,66528.50,66596.20,66500.00,66523.30,609.680000,2693,431.470000,178.210000,66560.56,104799.00,-0.00006170,0.904000,0.000000,0
2026-06-15 13:02:00,66523.40,66533.60,66444.00,66444.00,292.579000,2200,87.939000,204.640000,66484.79,104799.97,-0.00006170,0.000000,0.000000,0
2026-06-15 13:03:00,66443.80,66467.20,66435.20,66453.60,153.471000,1202,51.817000,101.654000,66452.90,104775.63,-0.00006225,0.000000,0.000000,0
2026-06-15 13:04:00,66453.60,66478.60,66447.40,66469.60,121.366000,1207,72.186000,49.180000,66462.49,104779.40,-0.00006317,0.000000,0.000000,0
2026-06-15 13:05:00,66469.50,66529.70,66469.50,66515.80,113.237000,1582,74.688000,38.549000,66508.59,104774.60,-0.00006317,0.000000,0.000000,0
2026-06-15 13:06:00,66515.90,66529.70,66496.70,66522.60,129.599000,1436,62.562000,67.037000,66512.75,104790.98,-0.00006316,0.002000,0.000000,0
2026-06-15 13:07:00,66522.70,66635.20,66511.20,66613.80,491.539000,2761,382.434000,109.105000,66597.07,104790.05,-0.00006266,8.948000,0.000000,0
2026-06-15 13:08:00,66613.70,66665.80,66565.20,66586.60,560.549000,2837,392.432000,168.117000,66617.28,104652.52,-0.00006241,6.279000,0.000000,0
2026-06-15 13:09:00,66586.50,66665.80,66569.50,66653.40,397.951000,2489,242.557000,155.394000,66635.81,104563.56,-0.00006241,7.380000,0.000000,0
2026-06-15 13:10:00,66653.30,66656.80,66518.30,66551.50,324.711000,2587,96.606000,228.105000,66572.27,104516.55,-0.00006216,0.000000,0.000000,0
2026-06-15 13:11:00,66551.60,66620.90,66543.20,66597.70,156.503000,1633,80.166000,76.337000,66578.53,104527.59,-0.00006208,0.300000,0.000000,0
2026-06-15 13:12:00,66597.80,66626.20,66545.50,66564.50,275.152000,1998,107.813000,167.339000,66578.82,104535.24,-0.00006208,0.185000,0.000000,0
2026-06-15 13:13:00,66564.50,66615.20,66560.80,66608.70,296.647000,1789,201.239000,95.408000,66583.40,104499.19,-0.00006232,0.000000,0.000000,0
2026-06-15 13:14:00,66608.70,66627.00,66571.00,66588.90,372.129000,1510,118.522000,253.607000,66595.30,104399.01,-0.00006231,2.743000,0.001000,0
2026-06-15 13:15:00,66588.80,66610.00,66557.60,66579.90,353.137000,1501,105.175000,247.962000,66584.76,104393.85,-0.00006220,0.036000,0.000000,0
2026-06-15 13:16:00,66579.80,66641.40,66557.60,66641.40,168.363000,1775,98.886000,69.477000,66593.41,104467.79,-0.00006220,0.073000,0.000000,0
2026-06-15 13:17:00,66641.50,66761.10,66640.00,66700.20,1063.894000,5161,758.579000,305.315000,66697.72,104365.72,-0.00006195,28.075000,0.000000,0
2026-06-15 13:18:00,66700.00,66762.10,66665.80,66704.50,707.949000,4762,386.973000,320.976000,66700.41,104368.18,-0.00006189,0.213000,0.000000,0
2026-06-15 13:19:00,66704.40,66780.00,66695.20,66739.20,682.951000,3738,463.436000,219.515000,66753.64,104604.05,-0.00006155,5.386000,0.000000,0
2026-06-15 13:20:00,66739.20,66798.30,66711.00,66788.60,566.514000,3179,288.175000,278.339000,66768.17,104553.37,-0.00006155,15.182000,0.000000,0
2026-06-15 13:21:00,66788.60,66840.00,66735.00,66832.00,594.084000,3268,414.180000,179.904000,66796.46,104521.27,-0.00006127,20.969000,0.000000,0
2026-06-15 13:22:00,66831.90,66847.80,66792.20,66796.70,342.162000,2109,182.000000,160.162000,66819.13,104469.47,-0.00006076,3.467000,0.000000,0
2026-06-15 13:23:00,66796.60,66850.00,66735.10,66849.40,324.266000,2567,194.302000,129.964000,66805.45,104487.34,-0.00006076,0.185000,0.000000,0
2026-06-15 13:24:00,66849.50,66849.90,66822.80,66835.30,320.689000,1784,184.070000,136.619000,66837.09,104496.55,-0.00006088,0.971000,0.000000,0
2026-06-15 13:25:00,66835.20,66875.70,66813.10,66869.50,366.982000,2350,267.757000,99.225000,66851.34,104498.08,-0.00006123,5.601000,0.248000,0
2026-06-15 13:26:00,66869.60,66915.00,66850.30,66912.10,435.494000,2105,322.169000,113.325000,66880.51,104468.27,-0.00006147,4.741000,0.068000,0
2026-06-15 13:27:00,66912.20,66915.20,66794.30,66805.10,652.944000,3415,224.736000,428.208000,66861.76,104560.59,-0.00006147,3.465000,0.000000,0
2026-06-15 13:28:00,66805.00,66834.00,66800.00,66823.80,422.141000,1991,213.357000,208.784000,66813.79,104464.32,-0.00006127,0.000000,0.000000,0
2026-06-15 13:29:00,66823.70,66851.00,66780.60,66800.10,210.368000,1764,86.558000,123.810000,66817.57,104512.31,-0.00006181,0.000000,0.000000,0
2026-06-15 13:30:00,66800.00,66816.40,66790.00,66803.90,123.409000,1174,47.513000,75.896000,66801.23,104535.83,-0.00006181,0.000000,0.000000,0
2026-06-15 13:31:00,66803.70,66811.60,66655.00,66663.70,1001.206000,6213,340.802000,660.404000,66711.21,104497.70,-0.00006220,0.006000,1.859000,0
2026-06-15 13:32:00,66664.30,66754.60,66662.30,66742.60,273.976000,2797,148.530000,125.446000,66714.34,104470.46,-0.00006324,0.006000,0.141000,0
2026-06-15 13:33:00,66742.60,66840.80,66737.30,66832.70,265.288000,2950,152.205000,113.083000,66809.57,104478.78,-0.00006322,0.203000,0.000000,0
2026-06-15 13:34:00,66832.60,66845.90,66735.60,66760.70,225.420000,2370,57.810000,167.610000,66793.68,104469.46,-0.00006322,1.650000,0.000000,0
2026-06-15 13:35:00,66760.80,66807.20,66731.30,66795.60,180.872000,2196,96.857000,84.015000,66775.22,104470.13,-0.00006266,0.000000,0.000000,0
2026-06-15 13:36:00,66795.50,66853.80,66748.20,66776.60,201.652000,2457,79.001000,122.651000,66810.46,104461.75,-0.00006274,0.000000,0.000000,0
2026-06-15 13:37:00,66776.50,66803.00,66752.90,66771.00,176.237000,2048,73.883000,102.354000,66778.51,104474.86,-0.00006274,0.000000,0.000000,0
2026-06-15 13:38:00,66770.90,66772.70,66700.30,66708.80,166.836000,1687,51.798000,115.038000,66724.69,104462.13,-0.00006291,0.000000,0.000000,0
2026-06-15 13:39:00,66708.70,66728.00,66680.40,66722.80,212.288000,1575,93.355000,118.933000,66699.28,104499.18,-0.00006293,0.000000,0.000000,0
2026-06-15 13:40:00,66722.90,66731.70,66582.50,66624.70,309.777000,2881,105.032000,204.745000,66656.92,104527.78,-0.00006364,0.000000,1.866000,0
2026-06-15 13:41:00,66624.60,66624.70,66439.10,66485.90,1552.608000,7421,511.464000,1041.144000,66496.86,104107.60,-0.00006364,0.000000,6.649000,0
2026-06-15 13:42:00,66485.80,66555.00,66408.40,66494.00,952.340000,4818,386.557000,565.783000,66478.42,104067.05,-0.00006448,0.000000,0.126000,0
2026-06-15 13:43:00,66494.00,66523.00,66455.20,66461.10,245.033000,2093,108.073000,136.960000,66485.06,104108.77,-0.00006562,0.000000,0.000000,0
2026-06-15 13:44:00,66461.20,66521.70,66435.60,66508.20,330.235000,2379,146.449000,183.786000,66477.83,104125.91,-0.00006562,0.000000,0.000000,0
2026-06-15 13:45:00,66508.20,66547.30,66473.80,66541.40,149.074000,1820,78.791000,70.283000,66510.05,104160.70,-0.00006560,0.000000,0.000000,0
2026-06-15 13:46:00,66541.30,66563.50,66471.70,66516.20,185.437000,2318,78.802000,106.635000,66506.82,104155.72,-0.00006554,0.000000,0.000000,0
2026-06-15 13:47:00,66516.10,66547.60,66484.00,66485.10,198.205000,1898,90.298000,107.907000,66512.11,104169.57,-0.00006511,0.000000,0.000000,0
2026-06-15 13:48:00,66485.00,66540.60,66460.00,66487.20,189.282000,2075,64.248000,125.034000,66486.97,104179.10,-0.00006511,0.000000,0.000000,0
2026-06-15 13:49:00,66487.20,66549.40,66476.80,66535.90,124.793000,1684,63.539000,61.254000,66498.84,104197.79,-0.00006519,0.000000,0.000000,0
2026-06-15 13:50:00,66535.90,66598.70,66525.70,66572.60,213.609000,1860,135.461000,78.148000,66553.52,104241.13,-0.00006541,0.063000,0.000000,0
2026-06-15 13:51:00,66572.70,66622.80,66550.00,66610.10,133.247000,2246,92.915000,40.332000,66588.52,104248.54,-0.00006502,0.003000,0.000000,0
2026-06-15 13:52:00,66610.20,66621.40,66554.10,66613.40,127.889000,1831,68.770000,59.119000,66587.49,104275.21,-0.00006502,0.003000,0.000000,0
2026-06-15 13:53:00,66613.30,66613.40,66541.00,66571.40,72.369000,1374,27.190000,45.179000,66567.10,104281.35,-0.00006438,0.000000,0.000000,0
2026-06-15 13:54:00,66571.30,66588.80,66491.80,66495.10,175.435000,2041,75.883000,99.552000,66541.71,104299.73,-0.00006459,0.000000,0.000000,0
2026-06-15 13:55:00,66495.00,66495.00,66389.00,66424.10,499.450000,2971,247.536000,251.914000,66417.87,104184.75,-0.00006459,0.000000,0.481000,0
2026-06-15 13:56:00,66424.10,66448.50,66376.10,66407.30,185.654000,1849,66.021000,119.633000,66413.49,104170.76,-0.00006557,0.000000,0.062000,0
2026-06-15 13:57:00,66407.20,66428.60,66390.00,66420.60,128.955000,1408,69.152000,59.803000,66407.24,104156.52,-0.00006637,0.000000,0.000000,0
2026-06-15 13:58:00,66420.40,66438.00,66413.80,66431.80,95.076000,1078,37.506000,57.570000,66428.17,104169.49,-0.00006650,0.000000,0.000000,0
2026-06-15 13:59:00,66431.70,66466.20,66431.70,66434.20,101.242000,1347,63.498000,37.744000,66447.18,104174.98,-0.00006650,0.000000,0.000000,0
2026-06-15 14:00:00,66434.10,66434.20,66375.10,66410.90,234.583000,1531,75.931000,158.652000,66406.03,104158.34,-0.00006594,0.000000,0.020000,0
2026-06-15 14:01:00,66410.80,66420.00,66350.00,66350.30,260.607000,1583,97.463000,163.144000,66382.14,104134.54,-0.00006642,0.000000,0.962000,0
2026-06-15 14:02:00,66350.20,66374.80,66312.50,66335.20,375.557000,2644,206.820000,168.737000,66340.52,104140.91,-0.00006642,0.000000,2.096000,0
2026-06-15 14:03:00,66335.20,66338.70,66265.00,66286.60,670.887000,3241,241.489000,429.398000,66302.30,104243.46,-0.00006682,0.000000,1.083000,0
2026-06-15 14:04:00,66286.50,66344.50,66265.00,66344.40,373.845000,2786,208.818000,165.027000,66310.12,104253.97,-0.00006722,0.000000,0.000000,0
2026-06-15 14:05:00,66344.40,66344.50,66304.60,66324.90,173.631000,1577,69.941000,103.690000,66328.11,104253.97,-0.00006717,0.000000,0.000000,0
2026-06-15 14:06:00,66324.90,66409.20,66309.00,66399.10,189.433000,2021,127.601000,61.832000,66360.62,104243.11,-0.00006717,0.000000,0.000000,0
2026-06-15 14:07:00,66399.10,66433.20,66376.40,66381.30,151.209000,1645,100.527000,50.682000,66407.91,104237.47,-0.00006668,0.052000,0.000000,0
2026-06-15 14:08:00,66381.20,66381.20,66320.00,66347.50,546.474000,3184,467.921000,78.553000,66347.41,104252.32,-0.00006549,0.000000,0.000000,0
2026-06-15 14:09:00,66347.60,66370.50,66311.70,66342.60,156.933000,1994,66.738000,90.195000,66338.39,104496.58,-0.00006549,0.000000,0.000000,0
2026-06-15 14:10:00,66342.70,66358.80,66320.00,66348.00,122.618000,1376,59.925000,62.693000,66340.50,104511.92,-0.00006541,0.000000,0.000000,0
2026-06-15 14:11:00,66348.00,66348.00,66266.30,66266.40,183.942000,1613,81.944000,101.998000,66303.64,104478.45,-0.00006507,0.000000,0.000000,0
2026-06-15 14:12:00,66266.30,66354.50,66266.30,66354.50,115.338000,1807,77.414000,37.924000,66320.89,104439.17,-0.00006489,0.000000,0.005000,0
2026-06-15 14:13:00,66354.60,66425.00,66354.60,66405.40,113.843000,1314,69.796000,44.047000,66395.77,104433.11,-0.00006489,0.000000,0.000000,0
2026-06-15 14:14:00,66405.40,66421.70,66368.20,66407.50,181.795000,1340,68.946000,112.849000,66398.54,104461.18,-0.00006427,0.000000,0.000000,0
2026-06-15 14:15:00,66407.40,66418.80,66340.30,66416.50,114.680000,1690,66.494000,48.186000,66383.19,104487.25,-0.00006361,0.000000,0.000000,0
2026-06-15 14:16:00,66416.40,66480.70,66404.80,66404.90,182.203000,2283,108.873000,73.330000,66443.80,104485.10,-0.00006319,0.274000,0.000000,0
2026-06-15 14:17:00,66404.80,66484.60,66401.80,66445.30,105.535000,1694,62.189000,43.346000,66450.67,104498.01,-0.00006319,0.021000,0.000000,0
2026-06-15 14:18:00,66445.30,66496.00,66445.30,66485.20,125.966000,1364,78.363000,47.603000,66478.29,104499.92,-0.00006231,0.021000,0.000000,0
2026-06-15 14:19:00,66485.20,66512.20,66460.00,66473.60,229.644000,1615,155.140000,74.504000,66489.80,104504.55,-0.00006191,0.016000,0.000000,0
2026-06-15 14:20:00,66473.70,66535.60,66473.60,66500.10,219.123000,1658,147.299000,71.824000,66513.08,104457.15,-0.00006191,0.022000,0.000000,0
2026-06-15 14:21:00,66500.00,66512.30,66442.20,66455.10,87.957000,1533,23.920000,64.037000,66471.60,104434.61,-0.00006151,0.000000,0.000000,0
2026-06-15 14:22:00,66455.20,66481.10,66445.70,66454.20,47.590000,942,27.142000,20.448000,66460.30,104448.31,-0.00006138,0.000000,0.000000,0
2026-06-15 14:23:00,66454.30,66465.60,66401.20,66457.30,115.822000,1606,38.736000,77.086000,66436.02,104456.76,-0.00006160,0.000000,0.000000,0
2026-06-15 14:24:00,66457.20,66493.10,66442.50,66442.60,67.047000,1091,32.749000,34.298000,66477.26,104475.05,-0.00006160,0.000000,0.000000,0
2026-06-15 14:25:00,66442.60,66464.80,66375.20,66375.80,199.083000,1105,19.047000,180.036000,66398.49,104483.92,-0.00006120,0.000000,0.000000,0
2026-06-15 14:26:00,66375.70,66419.00,66367.70,66406.10,84.951000,1004,47.995000,36.956000,66394.87,104457.85,-0.00006148,0.000000,0.001000,0
2026-06-15 14:27:00,66406.20,66485.20,66393.60,66479.00,79.649000,1278,39.492000,40.157000,66430.82,104448.34,-0.00006148,0.000000,0.000000,0
2026-06-15 14:28:00,66479.10,66502.00,66464.10,66492.30,74.033000,1148,37.923000,36.110000,66489.53,104460.27,-0.00006174,0.026000,0.000000,0
2026-06-15 14:29:00,66492.20,66526.30,66482.00,66505.20,55.985000,983,29.021000,26.964000,66499.05,104450.14,-0.00006049,0.000000,0.000000,0
2026-06-15 14:30:00,66505.20,66530.00,66484.80,66530.00,80.088000,890,30.730000,49.358000,66507.81,104445.72,-0.00005988,0.001000,0.000000,0
2026-06-15 14:31:00,66530.00,66530.00,66458.60,66507.60,107.122000,1211,45.807000,61.315000,66484.19,104460.25,-0.00005988,0.000000,0.000000,0
2026-06-15 14:32:00,66507.70,66517.60,66485.20,66512.30,36.622000,855,21.035000,15.587000,66500.29,104480.66,-0.00005928,0.000000,0.000000,0
2026-06-15 14:33:00,66512.20,66525.90,66464.00,66484.00,98.027000,1446,28.119000,69.908000,66493.80,104477.73,-0.00005934,0.000000,0.000000,0
2026-06-15 14:34:00,66484.10,66524.30,66484.00,66516.80,63.865000,814,25.861000,38.004000,66510.58,104465.30,-0.00005934,0.000000,0.000000,0
2026-06-15 14:35:00,66516.80,66516.80,66465.10,66503.00,68.904000,801,22.150000,46.754000,66491.25,104463.95,-0.00005953,0.000000,0.000000,0
2026-06-15 14:36:00,66503.10,66519.50,66482.40,66496.10,60.854000,917,29.630000,31.224000,66501.58,104449.75,-0.00005933,0.000000,0.000000,0
2026-06-15 14:37:00,66496.10,66496.10,66441.80,66465.70,63.250000,1032,23.861000,39.389000,66471.45,104446.65,-0.00005943,0.000000,0.000000,0
2026-06-15 14:38:00,66465.60,66471.90,66421.10,66421.20,69.705000,932,22.206000,47.499000,66445.22,104455.22,-0.00005943,0.000000,0.000000,0
2026-06-15 14:39:00,66421.10,66456.50,66388.90,66451.60,92.786000,1129,46.598000,46.188000,66419.36,104467.28,-0.00005977,0.000000,0.000000,0
2026-06-15 14:40:00,66451.60,66470.20,66427.00,66448.40,177.120000,1207,53.430000,123.690000,66446.88,104462.08,-0.00006007,0.000000,0.000000,0
2026-06-15 14:41:00,66448.40,66509.20,66448.30,66502.60,64.396000,829,48.733000,15.663000,66489.56,104402.73,-0.00005961,0.000000,0.000000,0
2026-06-15 14:42:00,66502.60,66502.60,66471.50,66495.40,43.953000,583,25.984000,17.969000,66489.83,104393.46,-0.00005961,0.000000,0.000000,0
2026-06-15 14:43:00,66495.50,66517.80,66493.90,66500.10,50.980000,754,20.289000,30.691000,66507.19,104382.87,-0.00005920,0.000000,0.000000,0
2026-06-15 14:44:00,66500.00,66517.10,66480.00,66480.00,79.598000,765,37.186000,42.412000,66502.50,104381.96,-0.00005902,0.000000,0.000000,0
2026-06-15 14:45:00,66480.00,66505.60,66472.90,66500.00,56.881000,762,35.417000,21.464000,66486.25,104373.88,-0.00005902,0.000000,0.000000,0
2026-06-15 14:46:00,66500.00,66564.80,66500.00,66557.80,89.004000,1103,66.219000,22.785000,66542.44,104378.88,-0.00005938,0.483000,0.000000,0
2026-06-15 14:47:00,66557.90,66598.90,66557.90,66598.80,148.282000,1075,103.681000,44.601000,66578.92,104348.07,-0.00005943,0.141000,0.000000,0
2026-06-15 14:48:00,66598.90,66634.20,66588.50,66625.80,201.485000,1579,114.946000,86.539000,66608.60,104311.98,-0.00005845,0.240000,0.000000,0
2026-06-15 14:49:00,66625.80,66644.40,66607.10,66622.40,132.776000,1122,81.214000,51.562000,66625.79,104274.62,-0.00005845,0.000000,0.000000,0
2026-06-15 14:50:00,66622.50,66630.00,66560.70,66585.40,218.690000,1067,37.254000,181.436000,66593.82,104300.98,-0.00005781,0.000000,0.000000,0
2026-06-15 14:51:00,66585.40,66628.10,66575.20,66593.80,148.977000,1322,97.694000,51.283000,66603.90,104336.75,-0.00005795,0.000000,0.000000,0
2026-06-15 14:52:00,66593.80,66615.00,66593.80,66601.90,35.938000,703,21.943000,13.995000,66604.34,104310.68,-0.00005795,0.000000,0.000000,0
2026-06-15 14:53:00,66602.00,66605.10,66571.30,66594.50,43.430000,654,28.647000,14.783000,66586.64,104322.06,-0.00005823,0.000000,0.000000,0
2026-06-15 14:54:00,66594.50,66594.50,66580.00,66590.10,31.546000,392,13.731000,17.815000,66583.94,104324.55,-0.00005827,0.000000,0.000000,0
2026-06-15 14:55:00,66590.10,66612.00,66584.90,66610.30,59.757000,624,35.778000,23.979000,66594.47,104339.77,-0.00005845,0.000000,0.000000,0
2026-06-15 14:56:00,66610.30,66610.30,66596.70,66608.90,62.068000,453,42.430000,19.638000,66602.90,104351.53,-0.00005845,0.000000,0.000000,0
2026-06-15 14:57:00,66608.90,66629.90,66607.80,66624.10,83.765000,627,66.836000,16.929000,66622.16,104362.96,-0.00005815,0.000000,0.000000,0
2026-06-15 14:58:00,66624.10,66632.20,66619.60,66632.10,76.457000,462,27.051000,49.406000,66627.31,104376.01,-0.00005810,0.401000,0.000000,0
2026-06-15 14:59:00,66632.10,66646.80,66575.80,66575.80,228.201000,1374,156.557000,71.644000,66609.72,104384.99,-0.00005784,0.003000,0.000000,0
2026-06-15 15:00:00,66575.90,66585.40,66552.00,66552.40,72.366000,831,25.216000,47.150000,66565.47,104397.54,-0.00005784,0.000000,0.000000,0
2026-06-15 15:01:00,66552.40,66615.50,66541.50,66611.20,87.553000,1011,65.018000,22.535000,66576.87,104401.44,-0.00005825,0.000000,0.000000,0
2026-06-15 15:02:00,66611.30,66661.30,66611.20,66615.50,150.321000,1159,105.888000,44.433000,66640.87,104392.63,-0.00005855,0.216000,0.000000,0
2026-06-15 15:03:00,66615.50,66632.20,66592.60,66600.40,110.594000,955,49.049000,61.545000,66615.90,104403.39,-0.00005855,0.000000,0.000000,0
2026-06-15 15:04:00,66600.50,66647.70,66588.00,66588.00,66.035000,996,24.353000,41.682000,66622.44,104401.79,-0.00005785,0.000000,0.000000,0
2026-06-15 15:05:00,66588.00,66600.00,66578.20,66587.70,43.105000,755,14.405000,28.700000,66585.99,104408.04,-0.00005804,0.000000,0.000000,0
2026-06-15 15:06:00,66587.60,66626.70,66587.60,66619.90,40.951000,800,18.925000,22.026000,66609.71,104425.22,-0.00005848,0.000000,0.000000,0
2026-06-15 15:07:00,66620.00,66627.00,66592.40,66592.50,62.875000,786,22.192000,40.683000,66611.59,104435.05,-0.00005848,0.000000,0.000000,0
2026-06-15 15:08:00,66592.50,66608.90,66580.60,66608.90,40.273000,715,13.542000,26.731000,66596.08,104436.33,-0.00005832,0.000000,0.000000,0
2026-06-15 15:09:00,66608.80,66635.30,66607.50,66631.10,116.807000,774,83.221000,33.586000,66620.65,104443.89,-0.00005892,0.000000,0.000000,0
2026-06-15 15:10:00,66631.00,66642.80,66601.40,66611.90,62.426000,843,13.063000,49.363000,66623.60,104475.04,-0.00005892,0.000000,0.000000,0
2026-06-15 15:11:00,66611.80,66622.90,66582.60,66586.90,45.033000,695,13.353000,31.680000,66612.33,104485.81,-0.00005876,0.000000,0.006000,0
2026-06-15 15:12:00,66587.00,66598.90,66574.10,66595.50,65.000000,739,25.892000,39.108000,66584.54,104496.00,-0.00005896,0.000000,0.000000,0
2026-06-15 15:13:00,66595.60,66603.00,66563.20,66588.60,65.603000,942,17.308000,48.295000,66579.06,104493.37,-0.00005949,0.000000,0.000000,0
2026-06-15 15:14:00,66588.70,66600.00,66578.50,66595.80,95.787000,750,42.059000,53.728000,66595.53,104491.83,-0.00005949,0.000000,0.000000,0
2026-06-15 15:15:00,66595.90,66611.40,66580.80,66587.40,27.243000,588,11.859000,15.384000,66601.22,104438.66,-0.00005991,0.342000,0.000000,0
2026-06-15 15:16:00,66587.50,66587.50,66547.90,66579.60,56.605000,772,26.964000,29.641000,66564.69,104437.61,-0.00006002,0.000000,0.000000,0
2026-06-15 15:17:00,66579.60,66579.60,66553.90,66553.90,65.069000,555,13.950000,51.119000,66565.54,104428.42,-0.00006054,0.000000,0.000000,0
2026-06-15 15:18:00,66554.00,66610.30,66553.90,66610.20,43.299000,597,28.174000,15.125000,66580.68,104429.28,-0.00006054,0.000000,0.000000,0
2026-06-15 15:19:00,66610.30,66630.00,66609.90,66622.30,92.382000,672,32.529000,59.853000,66621.88,104435.89,-0.00006074,0.023000,0.000000,0
2026-06-15 15:20:00,66622.40,66697.50,66617.40,66676.10,188.202000,1273,149.719000,38.483000,66665.46,104438.66,-0.00006009,0.134000,0.000000,0
2026-06-15 15:21:00,66675.70,66684.80,66671.40,66676.30,99.648000,552,37.979000,61.669000,66679.27,104358.60,-0.00006009,0.000000,0.000000,0
2026-06-15 15:22:00,66676.30,66681.90,66648.60,66654.10,146.184000,1328,40.933000,105.251000,66665.98,104335.55,-0.00005989,0.000000,0.000000,0
2026-06-15 15:23:00,66654.00,66676.50,66609.50,66623.30,126.134000,1193,56.853000,69.281000,66648.29,104336.98,-0.00006001,0.000000,0.000000,0
2026-06-15 15:24:00,66623.40,66646.30,66615.20,66635.50,40.671000,681,18.957000,21.714000,66629.19,104336.36,-0.00006080,0.000000,0.000000,0
2026-06-15 15:25:00,66635.40,66655.90,66620.30,66622.50,35.581000,606,15.092000,20.489000,66638.77,104345.81,-0.00006080,0.000000,0.000000,0
2026-06-15 15:26:00,66622.60,66655.50,66622.50,66650.50,30.902000,507,18.728000,12.174000,66642.72,104343.81,-0.00006109,0.025000,0.000000,0
2026-06-15 15:27:00,66650.50,66660.00,66643.70,66660.00,42.819000,489,15.595000,27.224000,66650.61,104346.88,-0.00006153,0.000000,0.000000,0
2026-06-15 15:28:00,66659.90,66666.00,66647.10,66657.10,43.202000,596,16.743000,26.459000,66655.88,104348.58,-0.00006153,0.017000,0.000000,0
2026-06-15 15:29:00,66657.00,66666.00,66635.50,66635.60,43.376000,548,16.440000,26.936000,66653.10,104348.55,-0.00006156,0.000000,1.646000,0
2026-06-15 15:30:00,66635.60,66635.60,66614.80,66617.20,29.957000,357,6.386000,23.571000,66620.54,104353.90,-0.00006194,0.000000,0.000000,0
2026-06-15 15:31:00,66617.10,66659.40,66582.50,66659.30,117.268000,1030,52.002000,65.266000,66607.97,104359.72,-0.00006273,0.000000,0.000000,0
2026-06-15 15:32:00,66659.40,66696.10,66643.50,66696.10,69.574000,967,32.259000,37.315000,66670.43,104388.05,-0.00006273,0.167000,0.000000,0
2026-06-15 15:33:00,66696.10,66696.10,66574.00,66611.30,256.757000,2121,88.758000,167.999000,66630.89,104384.11,-0.00006295,0.000000,0.000000,0
2026-06-15 15:34:00,66611.30,66630.60,66600.00,66606.40,63.936000,720,27.759000,36.177000,66613.53,104448.10,-0.00006227,0.000000,0.000000,0
2026-06-15 15:35:00,66606.40,66626.20,66573.40,66617.00,136.117000,997,69.244000,66.873000,66598.69,104462.34,-0.00006227,0.000000,0.050000,0
2026-06-15 15:36:00,66617.00,66649.70,66611.00,66649.70,60.404000,1046,23.665000,36.739000,66629.04,104472.31,-0.00006285,0.000000,0.000000,0
2026-06-15 15:37:00,66649.60,66711.70,66649.60,66711.70,108.119000,961,75.883000,32.236000,66688.85,104471.09,-0.00006286,0.005000,0.000000,0
2026-06-15 15:38:00,66711.60,66773.30,66707.50,66732.50,223.742000,2037,166.830000,56.912000,66740.68,104454.59,-0.00006214,1.140000,0.000000,0
2026-06-15 15:39:00,66732.50,66821.70,66732.40,66814.70,350.852000,2175,294.249000,56.603000,66788.87,104445.99,-0.00006214,1.928000,0.000000,0
2026-06-15 15:40:00,66814.60,66833.90,66755.80,66759.30,201.477000,1743,73.414000,128.063000,66796.60,104468.14,-0.00006132,2.461000,0.000000,0
2026-06-15 15:41:00,66759.30,66800.00,66759.20,66792.40,194.980000,1141,138.574000,56.406000,66782.13,104494.71,-0.00006098,0.001000,0.000000,0
2026-06-15 15:42:00,66792.40,66840.80,66792.30,66812.70,217.675000,1916,112.041000,105.634000,66828.11,104533.08,-0.00006127,0.373000,0.000000,0
2026-06-15 15:43:00,66812.50,66878.10,66800.00,66875.40,260.325000,1692,189.574000,70.751000,66845.25,104543.21,-0.00006127,2.569000,0.000000,0
2026-06-15 15:44:00,66875.30,66880.00,66801.50,66819.10,170.418000,1745,74.414000,96.004000,66838.14,104533.38,-0.00006126,0.054000,0.000000,0
2026-06-15 15:45:00,66819.20,66877.90,66819.20,66871.70,179.865000,1215,95.782000,84.083000,66856.56,104557.44,-0.00006151,0.004000,0.000000,0
2026-06-15 15:46:00,66871.60,66963.90,66871.60,66921.40,609.146000,2586,461.221000,147.925000,66916.91,104567.71,-0.00006151,2.014000,0.000000,0
2026-06-15 15:47:00,66921.40,66985.00,66908.00,66975.70,541.518000,3530,330.697000,210.821000,66963.53,104423.61,-0.00006175,26.771000,0.000000,0
2026-06-15 15:48:00,66976.20,67199.00,66971.80,67159.80,2536.491000,11609,1751.524000,784.967000,67094.54,104144.90,-0.00006133,80.746000,0.000000,0
2026-06-15 15:49:00,67159.70,67191.80,67116.70,67120.00,689.601000,3820,279.634000,409.967000,67149.29,104251.48,-0.00005994,1.440000,0.000000,0
2026-06-15 15:50:00,67120.10,67174.70,67088.00,67151.30,405.084000,2957,218.536000,186.548000,67126.70,104315.15,-0.00005994,0.031000,0.000000,0
2026-06-15 15:51:00,67151.40,67185.90,67119.10,67123.90,273.889000,2476,138.107000,135.782000,67142.72,104328.62,-0.00005997,0.000000,0.000000,0
2026-06-15 15:52:00,67124.00,67188.80,67101.60,67115.10,287.615000,2574,132.223000,155.392000,67142.09,104325.74,-0.00006029,0.198000,0.000000,0
2026-06-15 15:53:00,67115.20,67224.60,67104.20,67205.60,644.518000,3008,462.039000,182.479000,67176.39,104290.50,-0.00006029,1.806000,0.000000,0
2026-06-15 15:54:00,67205.70,67220.00,67184.90,67219.60,361.338000,2477,236.485000,124.853000,67208.06,104262.48,-0.00006060,2.679000,0.000000,0
2026-06-15 15:55:00,67219.60,67255.40,67200.00,67212.50,581.381000,2758,413.188000,168.193000,67229.66,104225.05,-0.00006047,2.523000,0.000000,0
2026-06-15 15:56:00,67212.50,67216.00,67139.90,67159.20,439.991000,2082,144.551000,295.440000,67160.89,104214.06,-0.00006026,0.000000,0.000000,0
2026-06-15 15:57:00,67159.30,67159.30,67130.80,67149.20,353.039000,2118,157.644000,195.395000,67147.40,104295.34,-0.00006026,0.000000,0.000000,0
2026-06-15 15:58:00,67149.10,67218.60,67149.10,67213.20,324.225000,1931,151.753000,172.472000,67185.25,104307.83,-0.00006083,0.000000,0.000000,0
2026-06-15 15:59:00,67213.20,67220.00,67176.30,67191.70,263.705000,1575,121.454000,142.251000,67201.53,104365.03,-0.00006084,0.000000,0.000000,0
2026-06-15 16:00:00,67191.70,67255.00,67191.70,67255.00,270.869000,1137,206.069000,64.800000,67216.65,104366.87,-0.00006084,0.029000,0.000000,0
2026-06-15 16:01:00,67254.90,67254.90,67122.00,67144.70,342.282000,2513,140.703000,201.579000,67169.98,104327.88,-0.00006079,0.020000,0.000000,0
2026-06-15 16:02:00,67144.70,67164.30,67100.10,67138.90,370.838000,2156,105.336000,265.502000,67123.67,104339.01,-0.00006122,0.000000,0.000000,0
2026-06-15 16:03:00,67138.90,67156.90,67088.60,67104.10,282.418000,2192,93.769000,188.649000,67115.69,104223.40,-0.00006175,0.000000,0.000000,0
2026-06-15 16:04:00,67104.00,67149.90,67097.30,67120.80,167.884000,1467,91.723000,76.161000,67119.92,104254.06,-0.00006175,0.002000,0.000000,0
2026-06-15 16:05:00,67120.80,67147.50,67105.10,67120.10,107.908000,1061,44.096000,63.812000,67129.29,104263.20,-0.00006171,0.000000,0.000000,0
2026-06-15 16:06:00,67120.00,67144.00,67093.50,67129.50,272.938000,1433,62.600000,210.338000,67108.18,104247.94,-0.00006170,0.017000,0.000000,0
2026-06-15 16:07:00,67129.50,67140.00,67100.00,67139.00,119.700000,1076,65.668000,54.032000,67118.79,104251.05,-0.00006170,0.109000,0.000000,0
2026-06-15 16:08:00,67138.90,67139.00,67096.00,67109.90,86.277000,978,25.056000,61.221000,67111.57,104260.79,-0.00006177,0.024000,0.000000,0
2026-06-15 16:09:00,67110.00,67113.20,67059.70,67091.80,149.843000,1485,60.240000,89.603000,67082.77,104258.89,-0.00006211,0.000000,0.253000,0
2026-06-15 16:10:00,67091.90,67169.30,67079.40,67169.30,193.351000,1470,147.311000,46.040000,67112.89,104277.48,-0.00006241,0.011000,0.000000,0
2026-06-15 16:11:00,67169.20,67250.00,67169.20,67208.60,246.914000,2390,159.562000,87.352000,67206.78,104291.67,-0.00006241,0.219000,0.000000,0
2026-06-15 16:12:00,67208.60,67208.60,67170.00,67170.10,91.152000,1090,54.065000,37.087000,67182.26,104308.26,-0.00006185,0.000000,0.000000,0
2026-06-15 16:13:00,67170.10,67194.00,67160.00,67190.00,107.929000,1002,47.495000,60.434000,67180.26,104291.80,-0.00006212,0.000000,0.000000,0
2026-06-15 16:14:00,67190.10,67235.00,67187.40,67223.70,290.778000,1609,219.911000,70.867000,67204.70,104245.67,-0.00006253,0.010000,0.056000,0
2026-06-15 16:15:00,67223.80,67254.50,67210.80,67210.80,197.346000,1239,109.314000,88.032000,67235.67,104257.01,-0.00006253,0.180000,0.000000,0
2026-06-15 16:16:00,67210.70,67228.00,67183.30,67187.60,149.418000,1121,51.762000,97.656000,67196.32,104289.96,-0.00006263,0.000000,0.000000,0
2026-06-15 16:17:00,67187.60,67200.00,67164.70,67191.20,190.510000,1468,51.639000,138.871000,67184.00,104298.44,-0.00006351,0.000000,0.000000,0
2026-06-15 16:18:00,67191.20,67191.20,67082.90,67083.10,224.273000,1519,33.009000,191.264000,67138.96,104313.32,-0.00006351,0.000000,0.000000,0
2026-06-15 16:19:00,67083.00,67105.50,67070.00,67080.30,165.871000,1525,91.420000,74.451000,67088.90,104342.96,-0.00006417,0.000000,0.006000,0
2026-06-15 16:20:00,67080.30,67080.40,67051.10,67075.50,205.643000,1419,45.620000,160.023000,67067.95,104318.91,-0.00006506,0.000000,0.024000,0
2026-06-15 16:21:00,67075.50,67120.40,67060.60,67075.10,158.928000,1367,86.070000,72.858000,67090.20,104333.88,-0.00006588,0.000000,0.000000,0
2026-06-15 16:22:00,67075.10,67133.70,67060.00,67114.10,110.834000,1268,70.181000,40.653000,67089.59,104339.37,-0.00006588,0.000000,0.000000,0
2026-06-15 16:23:00,67114.00,67164.20,67109.80,67164.20,57.104000,946,30.923000,26.181000,67134.85,104354.64,-0.00006620,0.000000,0.000000,0
2026-06-15 16:24:00,67164.20,67168.00,67107.80,67131.60,74.074000,1057,22.670000,51.404000,67137.92,104359.05,-0.00006607,0.000000,0.000000,0
2026-06-15 16:25:00,67131.60,67184.00,67131.50,67174.60,38.252000,813,18.522000,19.730000,67152.80,104365.35,-0.00006607,1.827000,0.000000,0
2026-06-15 16:26:00,67174.50,67195.30,67163.80,67172.10,86.298000,976,31.102000,55.196000,67179.68,104371.56,-0.00006630,0.001000,0.000000,0
2026-06-15 16:27:00,67172.00,67187.70,67155.30,67166.50,190.288000,1065,123.102000,67.186000,67176.13,104391.07,-0.00006618,0.184000,0.000000,0
2026-06-15 16:28:00,67166.50,67174.00,67103.40,67120.70,87.434000,1088,32.168000,55.266000,67122.67,104412.17,-0.00006651,0.000000,0.000000,0
2026-06-15 16:29:00,67120.70,67137.70,67120.60,67126.40,39.331000,656,13.375000,25.956000,67129.76,104421.92,-0.00006651,0.000000,0.000000,0
2026-06-15 16:30:00,67126.30,67149.50,67100.70,67149.50,150.959000,1298,25.387000,125.572000,67116.95,104385.18,-0.00006725,0.000000,0.000000,0
2026-06-15 16:31:00,67149.40,67199.40,67149.40,67199.30,110.684000,1070,85.169000,25.515000,67182.23,104400.90,-0.00006760,0.000000,0.000000,0
2026-06-15 16:32:00,67199.30,67210.00,67186.30,67195.30,87.723000,838,46.708000,41.015000,67197.68,104414.96,-0.00006760,0.000000,0.000000,0
2026-06-15 16:33:00,67195.40,67226.60,67186.80,67186.80,97.867000,1269,50.935000,46.932000,67212.69,104408.99,-0.00006747,0.000000,0.000000,0
2026-06-15 16:34:00,67186.50,67186.50,67142.90,67159.80,68.325000,1097,35.376000,32.949000,67162.72,104416.81,-0.00006775,0.000000,0.000000,0
2026-06-15 16:35:00,67159.70,67200.00,67159.70,67186.90,55.769000,865,30.752000,25.017000,67176.48,104419.68,-0.00006831,0.000000,0.000000,0
2026-06-15 16:36:00,67186.90,67197.80,67181.60,67192.20,52.008000,633,26.136000,25.872000,67188.39,104436.21,-0.00006831,0.000000,0.000000,0
2026-06-15 16:37:00,67192.20,67237.30,67192.20,67198.30,183.774000,1288,99.981000,83.793000,67211.69,104433.33,-0.00006851,0.000000,0.000000,0
2026-06-15 16:38:00,67198.40,67200.00,67157.00,67162.60,72.684000,648,28.713000,43.971000,67173.35,104452.68,-0.00006854,0.000000,0.000000,0
2026-06-15 16:39:00,67162.60,67176.90,67127.20,67150.60,112.165000,1357,62.130000,50.035000,67144.14,104468.35,-0.00006918,0.000000,0.003000,0
2026-06-15 16:40:00,67150.50,67155.90,67110.70,67139.60,125.452000,1125,55.590000,69.862000,67128.05,104460.32,-0.00006918,0.000000,0.000000,0
2026-06-15 16:41:00,67139.60,67161.60,67133.70,67161.60,48.418000,664,24.110000,24.308000,67147.76,104459.85,-0.00006980,0.000000,0.000000,0
2026-06-15 16:42:00,67161.60,67180.00,67150.00,67166.80,69.184000,607,51.339000,17.845000,67164.86,104473.93,-0.00006992,0.000000,0.000000,0
2026-06-15 16:43:00,67166.90,67219.90,67166.80,67205.00,117.960000,867,91.974000,25.986000,67195.55,104468.49,-0.00006992,0.000000,0.000000,0
2026-06-15 16:44:00,67204.90,67205.20,67101.00,67130.10,202.700000,1319,29.400000,173.300000,67134.29,104464.95,-0.00006968,0.000000,0.000000,0
2026-06-15 16:45:00,67130.10,67136.90,67117.20,67129.20,49.132000,593,29.494000,19.638000,67129.52,104437.30,-0.00006994,0.000000,0.000000,0
2026-06-15 16:46:00,67129.30,67179.50,67129.20,67130.10,97.117000,1321,50.551000,46.566000,67152.27,104458.44,-0.00007067,0.000000,0.000000,0
2026-06-15 16:47:00,67130.00,67132.10,67088.80,67105.60,191.114000,1332,92.735000,98.379000,67114.94,104493.72,-0.00007067,0.000000,0.000000,0
2026-06-15 16:48:00,67105.50,67110.30,67088.80,67088.80,68.873000,581,19.197000,49.676000,67098.29,104502.16,-0.00007100,0.000000,0.000000,0
2026-06-15 16:49:00,67088.90,67094.70,67073.10,67089.00,129.153000,821,41.276000,87.877000,67087.18,104525.66,-0.00007143,0.000000,0.000000,0
2026-06-15 16:50:00,67089.00,67089.10,67055.00,67071.90,72.928000,698,28.055000,44.873000,67066.54,104525.93,-0.00007143,0.000000,0.000000,0
2026-06-15 16:51:00,67071.90,67096.80,67071.90,67096.80,50.194000,522,26.288000,23.906000,67089.54,104537.24,-0.00007157,0.000000,0.006000,0
2026-06-15 16:52:00,67096.70,67110.10,67068.80,67084.60,103.429000,799,62.200000,41.229000,67093.20,104557.03,-0.00007146,0.000000,0.007000,0
2026-06-15 16:53:00,67084.60,67109.00,67082.70,67087.90,43.998000,621,27.088000,16.910000,67095.69,104562.26,-0.00007114,0.000000,0.000000,0
2026-06-15 16:54:00,67087.60,67093.30,67070.00,67093.20,53.218000,702,20.019000,33.199000,67079.00,104564.92,-0.00007114,0.000000,0.000000,0
2026-06-15 16:55:00,67093.30,67127.90,67090.10,67127.90,33.984000,508,21.292000,12.692000,67101.88,104556.01,-0.00007089,0.000000,0.000000,0
2026-06-15 16:56:00,67127.80,67164.20,67126.50,67132.70,91.596000,862,55.885000,35.711000,67140.60,104557.15,-0.00007048,0.000000,0.000000,0
2026-06-15 16:57:00,67132.80,67166.60,67128.70,67146.40,93.814000,604,68.120000,25.694000,67140.07,104579.50,-0.00006969,0.000000,0.000000,0
2026-06-15 16:58:00,67146.30,67165.00,67146.30,67146.70,41.119000,569,27.300000,13.819000,67151.96,104573.86,-0.00006969,0.000000,0.000000,0
2026-06-15 16:59:00,67146.60,67174.00,67146.60,67154.50,58.643000,659,30.888000,27.755000,67158.42,104578.22,-0.00006959,0.000000,0.000000,0
2026-06-15 17:00:00,67154.50,67154.60,67119.60,67122.30,40.859000,527,17.180000,23.679000,67138.19,104577.35,-0.00006957,0.000000,0.000000,0
2026-06-15 17:01:00,67122.40,67122.40,67038.20,67044.70,218.426000,1520,57.128000,161.298000,67056.91,104561.72,-0.00006957,0.000000,0.001000,0
2026-06-15 17:02:00,67044.60,67062.20,67029.10,67029.10,154.558000,1115,41.256000,113.302000,67045.44,104549.35,-0.00006965,0.000000,0.000000,0
2026-06-15 17:03:00,67028.90,67037.90,67000.10,67000.20,267.239000,1525,59.194000,208.045000,67012.62,104482.66,-0.00007036,0.000000,0.116000,0
2026-06-15 17:04:00,67000.10,67000.20,66801.30,66838.10,1734.306000,6741,396.601000,1337.705000,66886.13,104199.51,-0.00007058,0.000000,7.029000,0
2026-06-15 17:05:00,66838.00,66879.40,66815.60,66826.10,281.735000,2125,132.226000,149.509000,66841.76,104180.79,-0.00007058,0.000000,0.000000,0
2026-06-15 17:06:00,66826.00,66914.80,66826.00,66897.50,158.912000,1535,96.556000,62.356000,66882.45,104161.27,-0.00007164,0.000000,0.000000,0
2026-06-15 17:07:00,66897.60,66897.60,66840.20,66857.00,104.380000,970,47.614000,56.766000,66865.91,104175.30,-0.00007143,0.000000,0.000000,0
2026-06-15 17:08:00,66856.90,66869.30,66792.50,66830.30,280.012000,2552,105.895000,174.117000,66826.02,104168.38,-0.00007102,0.000000,0.048000,0
2026-06-15 17:09:00,66830.40,66877.40,66822.00,66837.70,160.695000,1394,90.625000,70.070000,66845.09,104178.48,-0.00007102,0.000000,0.000000,0
2026-06-15 17:10:00,66837.70,66859.70,66784.80,66789.90,163.558000,1288,44.480000,119.078000,66809.17,104171.05,-0.00007098,0.000000,0.703000,0
2026-06-15 17:11:00,66789.90,66795.90,66713.20,66765.90,386.151000,2341,152.673000,233.478000,66760.60,104152.20,-0.00007083,0.000000,0.628000,0
2026-06-15 17:12:00,66765.90,66793.90,66765.80,66785.30,189.241000,909,125.627000,63.614000,66775.27,104132.77,-0.00007083,0.005000,0.000000,0
2026-06-15 17:13:00,66785.40,66833.20,66785.30,66832.80,112.667000,1005,81.932000,30.735000,66815.20,104113.59,-0.00007136,0.000000,0.000000,0
2026-06-15 17:14:00,66832.80,66872.90,66832.80,66863.80,124.577000,952,92.082000,32.495000,66853.96,104090.62,-0.00007085,0.000000,0.000000,0
2026-06-15 17:15:00,66863.90,66881.20,66844.30,66869.70,204.643000,1157,145.152000,59.491000,66863.06,104034.16,-0.00006988,0.000000,0.000000,0
2026-06-15 17:16:00,66869.80,66869.80,66827.00,66833.70,70.057000,1037,20.923000,49.134000,66844.58,104028.60,-0.00006988,0.000000,0.000000,0
2026-06-15 17:17:00,66833.80,66920.00,66833.80,66912.50,85.760000,1120,59.841000,25.919000,66889.73,104023.87,-0.00006951,0.000000,0.000000,0
2026-06-15 17:18:00,66912.50,66952.80,66901.90,66937.60,145.672000,1482,102.053000,43.619000,66924.52,104011.35,-0.00006897,0.004000,0.000000,0
2026-06-15 17:19:00,66937.50,66937.60,66878.30,66878.30,71.230000,1008,31.089000,40.141000,66907.09,104023.60,-0.00006897,0.000000,0.000000,0
2026-06-15 17:20:00,66878.30,66881.80,66865.00,66865.00,39.485000,403,9.457000,30.028000,66876.89,104019.35,-0.00006824,0.000000,0.000000,0
2026-06-15 17:21:00,66865.10,66865.10,66757.00,66766.00,239.660000,1777,35.092000,204.568000,66808.28,104009.97,-0.00006856,0.000000,0.010000,0
2026-06-15 17:22:00,66766.10,66803.70,66757.30,66803.70,98.301000,984,67.813000,30.488000,66771.17,104009.97,-0.00006930,0.000000,0.000000,0
2026-06-15 17:23:00,66803.60,66803.70,66736.50,66736.50,65.057000,884,24.787000,40.270000,66779.28,104018.29,-0.00006930,0.000000,0.008000,0
2026-06-15 17:24:00,66736.60,66788.90,66736.50,66781.40,86.347000,872,54.094000,32.253000,66766.61,104027.39,-0.00006921,0.000000,0.250000,0
2026-06-15 17:25:00,66781.50,66828.30,66781.40,66825.00,72.482000,726,51.550000,20.932000,66811.81,104007.70,-0.00006905,0.000000,0.000000,0
2026-06-15 17:26:00,66824.90,66829.20,66796.90,66829.20,36.906000,649,24.071000,12.835000,66811.20,104015.50,-0.00006849,0.000000,0.000000,0
2026-06-15 17:27:00,66829.20,66829.20,66829.20,66829.20,0.000000,0,0.000000,0.000000,66829.20,104020.44,-0.00006849,0.000000,0.000000,1
2026-06-15 17:28:00,66857.20,66857.30,66846.20,66846.30,5.693000,126,1.690000,4.003000,66852.11,103978.55,-0.00006840,0.000000,0.000000,0
2026-06-15 17:29:00,66849.10,66849.10,66849.10,66849.10,0.000000,0,0.000000,0.000000,66849.10,103962.79,-0.00006840,0.000000,0.000000,1
2026-06-15 17:30:00,66837.00,66837.00,66809.50,66809.50,63.482000,390,15.763000,47.719000,66823.85,103965.27,-0.00006819,0.000000,0.000000,0
2026-06-15 17:31:00,66808.40,66815.10,66808.40,66812.30,5.281000,74,1.808000,3.473000,66814.25,103974.08,-0.00006843,0.000000,0.000000,0
2026-06-15 17:32:00,66812.30,66812.30,66735.10,66737.60,57.611000,926,22.123000,35.488000,66753.15,103963.59,-0.00006898,0.000000,0.148000,0
2026-06-15 17:33:00,66737.70,66737.70,66737.60,66737.60,0.112000,6,0.109000,0.003000,66737.70,103943.30,-0.00006898,0.000000,0.000000,0
2026-06-15 17:34:00,66739.65,66739.65,66739.65,66739.65,0.000000,0,0.000000,0.000000,66739.65,103932.37,-0.00006898,0.000000,0.000000,1
2026-06-15 17:35:00,66696.10,66712.80,66696.10,66712.80,10.720000,166,8.935000,1.785000,66705.03,103907.88,-0.00006959,0.000000,0.000000,0
2026-06-15 17:36:00,66712.90,66718.90,66712.90,66718.80,1.712000,48,1.624000,0.088000,66718.12,103924.18,-0.00006959,0.000000,0.000000,0
2026-06-15 17:37:00,66760.40,66764.60,66760.40,66764.60,7.776000,54,1.550000,6.226000,66764.41,103929.62,-0.00006905,0.000000,0.000000,0
2026-06-15 17:38:00,66817.20,66817.20,66817.10,66817.10,0.177000,7,0.115000,0.062000,66817.16,103928.66,-0.00006809,0.000000,0.000000,0
2026-06-15 17:39:00,66817.20,66834.60,66817.20,66831.70,10.368000,140,9.137000,1.231000,66826.13,103924.75,-0.00006739,0.000000,0.000000,0
2026-06-15 17:40:00,66815.40,66830.10,66815.30,66830.10,4.027000,118,3.901000,0.126000,66817.51,103923.84,-0.00006658,0.000000,0.000000,0
2026-06-15 17:41:00,66824.70,66824.70,66824.70,66824.70,0.000000,0,0.000000,0.000000,66824.70,103920.48,-0.00006658,0.000000,0.000000,1
2026-06-15 17:42:00,66842.90,66843.80,66792.00,66809.90,48.152000,752,9.186000,38.966000,66809.09,103896.29,-0.00006612,0.000000,0.000000,0
2026-06-15 17:43:00,66810.00,66810.00,66809.90,66809.90,1.051000,29,0.653000,0.398000,66809.96,103894.33,-0.00006589,0.000000,0.000000,0
2026-06-15 17:44:00,66810.00,66810.00,66810.00,66810.00,0.000000,0,0.000000,0.000000,66810.00,103900.15,-0.00006589,0.000000,0.000000,1
2026-06-15 17:45:00,66810.00,66810.00,66810.00,66810.00,0.000000,0,0.000000,0.000000,66810.00,103895.76,-0.00006589,0.000000,0.000000,1
2026-06-15 17:46:00,66850.00,66854.80,66843.70,66847.80,23.673000,271,16.889000,6.784000,66849.46,103886.57,-0.00006445,0.000000,0.000000,0
2026-06-15 17:47:00,66851.39,66851.39,66851.39,66851.39,0.000000,0,0.000000,0.000000,66851.39,103886.62,-0.00006445,0.000000,0.000000,1
2026-06-15 17:48:00,66851.39,66851.39,66851.39,66851.39,0.000000,0,0.000000,0.000000,66851.39,103880.31,-0.00006445,0.000000,0.000000,1
2026-06-15 17:49:00,66855.60,66875.70,66845.80,66865.00,40.826000,443,18.834000,21.992000,66860.62,103888.33,-0.00006386,0.000000,0.000000,0
2026-06-15 17:50:00,66865.00,66865.00,66858.10,66858.20,1.543000,43,0.198000,1.345000,66860.75,103885.92,-0.00006386,0.000000,0.000000,0
2026-06-15 17:51:00,66862.38,66862.38,66862.38,66862.38,0.000000,0,0.000000,0.000000,66862.38,103892.57,-0.00006386,0.000000,0.000000,1
2026-06-15 17:52:00,66862.38,66862.38,66862.38,66862.38,0.000000,0,0.000000,0.000000,66862.38,103876.23,-0.00006386,0.000000,0.000000,1
2026-06-15 17:53:00,66862.38,66862.38,66862.38,66862.38,0.000000,0,0.000000,0.000000,66862.38,103870.37,-0.00006386,0.000000,0.000000,1
2026-06-15 17:54:00,66862.38,66862.38,66862.38,66862.38,0.000000,0,0.000000,0.000000,66862.38,103864.55,-0.00006386,0.000000,0.000000,1
2026-06-15 17:55:00,66882.80,66909.00,66879.10,66879.10,81.753000,646,55.611000,26.142000,66893.27,103879.75,-0.00006186,0.000000,0.000000,0
2026-06-15 17:56:00,66879.10,66879.20,66876.60,66876.60,7.688000,58,1.081000,6.607000,66877.22,103876.66,-0.00006223,0.000000,0.000000,0
2026-06-15 17:57:00,66822.60,66838.40,66822.60,66838.40,10.988000,174,7.486000,3.502000,66824.96,103879.76,-0.00006192,0.000000,0.000000,0
2026-06-15 17:58:00,66838.30,66840.00,66810.20,66810.20,65.854000,663,17.554000,48.300000,66827.20,103873.62,-0.00006228,0.000000,0.000000,0
2026-06-15 17:59:00,66810.20,66823.80,66800.20,66823.80,38.652000,626,19.131000,19.521000,66807.47,103873.71,-0.00006228,0.000000,0.000000,0
2026-06-15 18:00:00,66823.80,66830.60,66813.90,66820.60,31.915000,474,8.996000,22.919000,66824.34,103874.89,-0.00006235,0.000000,0.000000,0
2026-06-15 18:01:00,66820.70,66827.80,66756.50,66780.60,90.929000,1344,25.374000,65.555000,66796.44,103885.48,-0.00006243,0.000000,0.000000,0
2026-06-15 18:02:00,66780.70,66828.30,66780.60,66813.30,39.884000,709,20.618000,19.266000,66805.58,103886.38,-0.00006243,0.000000,0.000000,0
2026-06-15 18:03:00,66813.30,66830.00,66760.40,66806.80,31.364000,1011,13.307000,18.057000,66792.19,103881.64,-0.00006254,0.000000,0.000000,0
2026-06-15 18:04:00,66806.90,66842.00,66779.50,66790.30,56.896000,1174,34.395000,22.501000,66800.43,103880.47,-0.00006247,0.000000,0.001000,0
2026-06-15 18:05:00,66790.30,66790.40,66759.00,66774.50,37.942000,644,23.698000,14.244000,66772.11,103877.26,-0.00006199,0.000000,0.000000,0
2026-06-15 18:06:00,66774.50,66799.80,66756.00,66792.40,36.560000,690,21.926000,14.634000,66773.02,103882.03,-0.00006199,0.000000,0.000000,0
2026-06-15 18:07:00,66792.40,66843.20,66792.40,66839.00,36.610000,859,23.693000,12.917000,66811.34,103883.93,-0.00006231,0.000000,0.000000,0
2026-06-15 18:08:00,66839.10,66839.10,66797.10,66802.70,36.075000,807,16.064000,20.011000,66816.62,103875.00,-0.00006165,0.000000,0.000000,0
2026-06-15 18:09:00,66802.80,66805.60,66799.10,66802.60,15.939000,247,7.992000,7.947000,66801.84,103871.46,-0.00006094,0.000000,0.000000,0
2026-06-15 18:10:00,66802.60,66900.00,66750.60,66758.80,609.136000,4379,318.650000,290.486000,66826.61,103870.50,-0.00006094,0.000000,0.035000,0
2026-06-15 18:11:00,66758.80,66764.70,66700.00,66716.10,100.291000,1250,29.229000,71.062000,66723.19,103748.25,-0.00006112,0.000000,0.144000,0
2026-06-15 18:12:00,66716.20,66726.30,66681.20,66693.20,123.203000,1265,36.820000,86.383000,66698.66,103733.48,-0.00006233,0.000000,0.004000,0
2026-06-15 18:13:00,66693.20,66697.00,66678.50,66686.10,61.397000,610,22.539000,38.858000,66688.65,103742.74,-0.00006233,0.000000,0.000000,0
2026-06-15 18:14:00,66686.00,66759.90,66686.00,66757.80,65.348000,928,46.543000,18.805000,66742.94,103755.14,-0.00006280,0.000000,0.000000,0
2026-06-15 18:15:00,66757.70,66777.70,66754.30,66777.70,47.460000,614,29.980000,17.480000,66772.82,103741.95,-0.00006242,0.000000,0.000000,0
2026-06-15 18:16:00,66777.70,66797.10,66765.80,66797.00,51.003000,824,35.045000,15.958000,66782.02,103728.94,-0.00006120,0.000000,0.000000,0
2026-06-15 18:17:00,66797.10,66829.90,66775.20,66808.00,65.706000,892,40.104000,25.602000,66809.17,103722.03,-0.00006120,0.000000,0.000000,0
2026-06-15 18:18:00,66808.00,66840.80,66777.10,66822.70,50.104000,1165,37.931000,12.173000,66803.56,103717.76,-0.00006055,0.000000,0.000000,0
2026-06-15 18:19:00,66822.70,66822.70,66771.80,66775.20,23.209000,579,13.797000,9.412000,66783.56,103718.64,-0.00006014,0.000000,0.000000,0
2026-06-15 18:20:00,66775.20,66800.90,66775.20,66800.90,21.101000,563,8.735000,12.366000,66794.31,103711.03,-0.00006014,0.000000,0.000000,0
2026-06-15 18:21:00,66800.80,66816.90,66792.70,66806.90,24.711000,496,16.455000,8.256000,66804.11,103709.02,-0.00006029,0.000000,0.000000,0
2026-06-15 18:22:00,66806.90,66816.40,66799.10,66799.10,9.890000,312,4.356000,5.534000,66806.78,103720.90,-0.00006011,0.000000,0.000000,0
2026-06-15 18:23:00,66799.10,66816.20,66780.00,66815.20,32.768000,578,15.075000,17.693000,66793.73,103721.36,-0.00005978,0.000000,0.000000,0
2026-06-15 18:24:00,66815.30,66856.30,66815.20,66832.60,54.386000,745,38.885000,15.501000,66837.24,103721.74,-0.00005978,0.010000,0.000000,0
2026-06-15 18:25:00,66832.60,66856.90,66831.20,66837.10,100.948000,789,70.964000,29.984000,66844.02,103729.77,-0.00005937,0.000000,0.000000,0
2026-06-15 18:26:00,66837.00,66837.10,66774.00,66783.80,49.858000,922,13.719000,36.139000,66803.52,103760.56,-0.00005855,0.000000,0.000000,0
2026-06-15 18:27:00,66783.90,66808.50,66779.50,66808.40,14.924000,484,8.377000,6.547000,66799.07,103757.04,-0.00005855,0.091000,0.000000,0
2026-06-15 18:28:00,66808.40,66830.30,66808.40,66825.80,17.844000,334,13.249000,4.595000,66818.29,103758.13,-0.00005883,0.000000,0.000000,0
2026-06-15 18:29:00,66825.80,66826.70,66811.50,66820.20,21.181000,484,7.393000,13.788000,66817.58,103757.95,-0.00005817,0.000000,0.000000,0
2026-06-15 18:30:00,66820.10,66820.20,66790.00,66791.20,39.094000,716,14.628000,24.466000,66803.07,103752.37,-0.00005754,0.000000,0.000000,0
2026-06-15 18:31:00,66791.20,66807.80,66727.70,66746.40,57.929000,1255,15.798000,42.131000,66763.58,103752.95,-0.00005754,0.000000,0.000000,0
2026-06-15 18:32:00,66746.30,66818.80,66710.00,66712.00,367.369000,2177,275.195000,92.174000,66771.57,103756.55,-0.00005739,0.000000,0.000000,0
2026-06-15 18:33:00,66712.00,66820.00,66711.90,66819.90,36.916000,1030,28.621000,8.295000,66770.48,103644.49,-0.00005783,0.000000,0.000000,0
2026-06-15 18:34:00,66820.00,66832.90,66800.00,66832.90,27.017000,725,18.684000,8.333000,66816.21,103644.14,-0.00005729,0.000000,0.000000,0
2026-06-15 18:35:00,66832.90,66844.70,66801.70,66801.70,37.817000,568,15.633000,22.184000,66824.64,103647.62,-0.00005729,0.004000,0.000000,0
2026-06-15 18:36:00,66801.60,66802.80,66777.20,66787.60,30.942000,561,13.724000,17.218000,66789.63,103649.08,-0.00005669,0.000000,0.003000,0
2026-06-15 18:37:00,66787.50,66800.00,66787.50,66790.10,13.107000,315,7.627000,5.480000,66792.17,103651.88,-0.00005706,0.002000,0.000000,0
2026-06-15 18:38:00,66790.10,66804.70,66790.00,66796.90,22.700000,273,16.207000,6.493000,66795.69,103652.40,-0.00005706,0.000000,0.000000,0
2026-06-15 18:39:00,66796.90,66824.80,66762.60,66823.10,53.701000,903,40.258000,13.443000,66791.62,103662.72,-0.00005727,0.000000,0.000000,0
2026-06-15 18:40:00,66823.00,66823.00,66785.80,66793.50,19.023000,402,6.411000,12.612000,66805.69,103658.64,-0.00005720,0.000000,0.000000,0
2026-06-15 18:41:00,66793.40,66797.30,66785.60,66789.60,22.048000,229,6.570000,15.478000,66791.52,103647.66,-0.00005692,0.000000,0.000000,0
2026-06-15 18:42:00,66789.50,66797.30,66773.10,66773.10,33.052000,519,11.059000,21.993000,66789.81,103645.56,-0.00005692,0.000000,0.000000,0
2026-06-15 18:43:00,66773.10,66791.10,66765.20,66765.20,37.847000,432,18.418000,19.429000,66780.81,103659.57,-0.00005676,0.000000,0.000000,0
2026-06-15 18:44:00,66765.10,66788.20,66750.00,66788.20,46.108000,780,28.318000,17.790000,66760.84,103654.05,-0.00005683,0.000000,0.000000,0
2026-06-15 18:45:00,66788.20,66788.20,66765.40,66765.50,28.336000,395,13.547000,14.789000,66777.57,103658.08,-0.00005683,0.000000,0.000000,0
2026-06-15 18:46:00,66765.40,66804.30,66765.40,66798.60,26.407000,476,16.690000,9.717000,66788.18,103662.98,-0.00005700,0.000000,0.000000,0
2026-06-15 18:47:00,66798.50,66816.50,66769.70,66769.80,76.878000,602,52.769000,24.109000,66803.36,103705.10,-0.00005677,0.000000,0.000000,0
2026-06-15 18:48:00,66769.70,66818.80,66769.70,66815.20,44.695000,531,19.126000,25.569000,66802.39,103709.44,-0.00005644,0.000000,0.000000,0
2026-06-15 18:49:00,66815.10,66844.20,66811.30,66844.20,28.491000,659,15.396000,13.095000,66826.13,103712.79,-0.00005644,0.000000,0.000000,0
2026-06-15 18:50:00,66844.20,66888.00,66844.20,66868.90,95.487000,1014,72.047000,23.440000,66863.09,103705.24,-0.00005600,0.151000,0.000000,0
2026-06-15 18:51:00,66868.90,66868.90,66852.80,66854.80,54.880000,580,37.630000,17.250000,66860.31,103695.56,-0.00005528,0.000000,0.000000,0
2026-06-15 18:52:00,66854.80,66854.90,66821.90,66825.50,32.397000,645,17.165000,15.232000,66837.07,103696.84,-0.00005511,0.000000,0.000000,0
2026-06-15 18:53:00,66825.50,66825.50,66768.50,66803.50,78.662000,1040,26.733000,51.929000,66793.18,103686.68,-0.00005511,0.000000,0.000000,0
2026-06-15 18:54:00,66803.60,66815.10,66801.70,66803.80,13.322000,295,7.863000,5.459000,66809.01,103690.72,-0.00005567,0.000000,0.000000,0
2026-06-15 18:55:00,66803.90,66819.60,66792.40,66819.60,19.264000,392,8.116000,11.148000,66803.52,103690.79,-0.00005562,0.000000,0.000000,0
2026-06-15 18:56:00,66819.60,66850.00,66813.70,66830.20,47.673000,760,22.339000,25.334000,66830.11,103689.57,-0.00005562,0.000000,0.000000,0
2026-06-15 18:57:00,66830.20,66830.20,66777.10,66797.80,37.685000,648,12.687000,24.998000,66799.31,103689.44,-0.00005574,0.000000,0.000000,0
2026-06-15 18:58:00,66797.80,66801.00,66766.60,66768.10,49.906000,483,9.365000,40.541000,66780.07,103688.97,-0.00005569,0.000000,0.000000,0
2026-06-15 18:59:00,66768.20,66772.10,66759.20,66760.90,44.091000,368,17.591000,26.500000,66766.60,103679.19,-0.00005562,0.000000,0.000000,0
2026-06-15 19:00:00,66760.90,66761.00,66720.00,66726.10,101.438000,922,64.765000,36.673000,66739.97,103684.42,-0.00005562,0.000000,0.000000,0
2026-06-15 19:01:00,66726.10,66750.00,66687.40,66743.40,70.291000,995,34.120000,36.171000,66710.76,103706.65,-0.00005577,0.000000,0.000000,0
2026-06-15 19:02:00,66743.50,66778.70,66728.60,66778.70,36.911000,827,19.686000,17.225000,66753.46,103706.42,-0.00005621,0.000000,0.000000,0
2026-06-15 19:03:00,66778.80,66800.00,66774.20,66800.00,29.927000,392,22.419000,7.508000,66782.71,103706.30,-0.00005565,0.000000,0.000000,0
2026-06-15 19:04:00,66800.00,66807.60,66782.90,66782.90,38.471000,527,16.846000,21.625000,66795.08,103701.62,-0.00005565,0.000000,0.000000,0
2026-06-15 19:05:00,66784.50,66820.00,66777.70,66817.00,32.906000,685,18.959000,13.947000,66789.59,103695.58,-0.00005493,0.000000,0.000000,0
2026-06-15 19:06:00,66816.80,66828.30,66777.70,66828.20,37.412000,734,25.568000,11.844000,66810.28,103698.01,-0.00005471,0.000000,0.000000,0
2026-06-15 19:07:00,66828.20,66835.50,66803.80,66816.00,36.996000,583,16.839000,20.157000,66821.03,103698.58,-0.00005471,0.000000,0.000000,0
2026-06-15 19:08:00,66816.00,66823.30,66803.00,66807.50,25.614000,473,12.868000,12.746000,66812.26,103699.49,-0.00005401,0.004000,0.000000,0
2026-06-15 19:09:00,66807.60,66829.60,66807.50,66825.80,27.734000,623,10.734000,17.000000,66817.24,103705.20,-0.00005335,0.000000,0.000000,0
2026-06-15 19:10:00,66825.90,66847.70,66813.50,66834.80,42.734000,733,30.155000,12.579000,66826.52,103702.81,-0.00005279,0.000000,0.000000,0
2026-06-15 19:11:00,66834.70,66834.80,66820.00,66825.40,7.770000,283,4.103000,3.667000,66827.51,103703.79,-0.00005279,0.000000,0.000000,0
2026-06-15 19:12:00,66825.50,66856.10,66812.40,66850.10,51.820000,628,34.693000,17.127000,66847.21,103699.19,-0.00005223,0.024000,0.000000,0
2026-06-15 19:13:00,66850.00,66850.10,66825.10,66850.00,20.133000,502,11.221000,8.912000,66836.75,103698.32,-0.00005207,0.000000,0.000000,0
2026-06-15 19:14:00,66850.00,66850.10,66807.00,66807.10,68.498000,635,26.051000,42.447000,66840.01,103679.68,-0.00005178,0.000000,0.000000,0
2026-06-15 19:15:00,66807.00,66822.20,66807.00,66822.10,28.119000,440,21.244000,6.875000,66814.50,103677.25,-0.00005178,0.000000,0.000000,0
2026-06-15 19:16:00,66822.20,66851.60,66817.20,66843.30,23.077000,520,14.506000,8.571000,66832.80,103684.67,-0.00005182,0.000000,0.000000,0
2026-06-15 19:17:00,66843.30,66843.40,66809.30,66813.30,21.880000,439,9.500000,12.380000,66820.45,103684.90,-0.00005161,0.000000,0.000000,0
2026-06-15 19:18:00,66813.30,66833.30,66805.00,66805.10,28.426000,668,18.785000,9.641000,66817.93,103679.95,-0.00005161,0.000000,0.000000,0
2026-06-15 19:19:00,66805.10,66805.10,66524.40,66530.10,778.395000,5071,197.641000,580.754000,66657.45,103741.18,-0.00005177,0.000000,10.493000,0
2026-06-15 19:20:00,66530.10,66530.20,66366.40,66380.20,739.334000,5827,236.393000,502.941000,66440.09,103551.98,-0.00005223,0.006000,13.559000,0
2026-06-15 19:21:00,66380.20,66514.50,66302.40,66473.20,518.480000,4536,229.238000,289.242000,66409.79,103495.85,-0.00005498,0.255000,0.323000,0
2026-06-15 19:22:00,66473.10,66494.90,66393.10,66450.00,195.744000,2367,113.750000,81.994000,66439.65,103480.06,-0.00005498,0.000000,0.000000,0
2026-06-15 19:23:00,66450.00,66548.00,66449.90,66531.20,133.838000,1935,92.539000,41.299000,66519.12,103469.43,-0.00005502,0.000000,0.000000,0
2026-06-15 19:24:00,66531.30,66547.40,66485.80,66547.30,82.678000,1229,37.749000,44.929000,66514.12,103467.86,-0.00005447,0.000000,0.000000,0
2026-06-15 19:25:00,66547.40,66565.40,66515.70,66533.90,143.173000,1245,86.705000,56.468000,66541.97,103463.64,-0.00005447,0.040000,0.000000,0
2026-06-15 19:26:00,66534.00,66557.90,66524.80,66557.90,76.612000,827,45.346000,31.266000,66536.76,103470.98,-0.00005405,0.000000,0.000000,0
2026-06-15 19:27:00,66557.80,66621.90,66557.80,66612.20,116.881000,1229,75.501000,41.380000,66589.82,103473.49,-0.00005379,0.524000,0.000000,0
2026-06-15 19:28:00,66612.30,66622.00,66598.50,66622.00,51.609000,585,26.453000,25.156000,66611.47,103486.71,-0.00005323,0.000000,0.000000,0
2026-06-15 19:29:00,66621.90,66622.00,66520.00,66556.70,134.328000,1512,58.672000,75.656000,66549.71,103507.17,-0.00005323,0.000000,0.000000,0
2026-06-15 19:30:00,66556.80,66559.50,66480.10,66495.10,127.818000,1117,39.320000,88.498000,66506.51,103529.28,-0.00005296,0.000000,0.000000,0
2026-06-15 19:31:00,66495.00,66549.90,66493.30,66549.80,67.767000,953,48.708000,19.059000,66518.17,103545.89,-0.00005366,0.000000,0.000000,0
2026-06-15 19:32:00,66549.90,66568.90,66525.10,66566.00,97.809000,908,52.571000,45.238000,66549.60,103542.35,-0.00005350,0.000000,0.000000,0
2026-06-15 19:33:00,66565.90,66636.90,66565.90,66636.80,152.630000,1388,111.785000,40.845000,66608.38,103542.59,-0.00005350,0.000000,0.000000,0
2026-06-15 19:34:00,66636.80,66657.20,66636.80,66640.10,75.976000,612,48.854000,27.122000,66644.19,103554.22,-0.00005261,0.000000,0.000000,0
2026-06-15 19:35:00,66640.10,66664.50,66613.60,66647.20,71.066000,1143,25.346000,45.720000,66634.46,103553.67,-0.00005148,0.000000,0.000000,0
2026-06-15 19:36:00,66647.10,66669.90,66637.00,66648.10,91.514000,1156,54.171000,37.343000,66654.62,103553.32,-0.00005148,0.000000,0.000000,0
2026-06-15 19:37:00,66648.00,66655.60,66625.20,66635.50,50.423000,541,27.118000,23.305000,66637.60,103553.02,-0.00005101,0.000000,0.000000,0
2026-06-15 19:38:00,66635.50,66649.50,66571.90,66576.80,128.916000,956,22.199000,106.717000,66589.05,103603.94,-0.00005070,0.000000,0.000000,0
2026-06-15 19:39:00,66576.80,66619.20,66576.80,66619.20,59.485000,629,40.741000,18.744000,66594.77,103597.57,-0.00005094,0.000000,0.000000,0
2026-06-15 19:40:00,66619.20,66655.60,66619.10,66655.60,27.274000,526,20.099000,7.175000,66637.74,103594.42,-0.00005094,0.000000,0.000000,0
2026-06-15 19:41:00,66655.60,66675.00,66655.60,66660.20,59.139000,470,39.184000,19.955000,66663.56,103608.88,-0.00005033,0.009000,0.000000,0
2026-06-15 19:42:00,66660.20,66660.20,66619.20,66632.40,75.478000,890,49.242000,26.236000,66638.20,103615.52,-0.00004929,0.000000,0.000000,0
2026-06-15 19:43:00,66632.30,66654.50,66621.40,66649.50,61.431000,659,40.342000,21.089000,66641.71,103646.10,-0.00004929,0.000000,0.015000,0
2026-06-15 19:44:00,66649.60,66674.30,66645.00,66662.30,51.981000,483,38.768000,13.213000,66654.51,103653.87,-0.00004913,0.000000,0.000000,0
2026-06-15 19:45:00,66662.30,66691.70,66662.20,66690.50,47.137000,677,32.260000,14.877000,66684.63,103656.12,-0.00004890,0.004000,0.000000,0
2026-06-15 19:46:00,66690.50,66719.70,66643.90,66643.90,188.437000,1512,124.789000,63.648000,66692.67,103645.80,-0.00004854,0.286000,0.000000,0
2026-06-15 19:47:00,66643.90,66644.00,66600.00,66620.30,88.650000,875,26.890000,61.760000,66617.21,103646.30,-0.00004854,0.001000,0.000000,0
2026-06-15 19:48:00,66620.40,66629.90,66576.90,66576.90,58.279000,908,16.202000,42.077000,66603.87,103641.81,-0.00004842,0.000000,0.000000,0
2026-06-15 19:49:00,66577.00,66602.20,66576.90,66587.20,51.991000,825,34.574000,17.417000,66588.52,103649.34,-0.00004842,0.000000,0.000000,0
2026-06-15 19:50:00,66587.30,66594.00,66541.10,66587.50,96.939000,958,27.203000,69.736000,66559.81,103663.42,-0.00004842,0.000000,0.000000,0
2026-06-15 19:51:00,66587.60,66587.60,66539.40,66570.30,96.365000,1245,53.112000,43.253000,66555.50,103673.16,-0.00004852,0.000000,0.000000,0
2026-06-15 19:52:00,66570.30,66604.70,66534.30,66604.60,43.413000,1055,26.965000,16.448000,66563.27,103671.19,-0.00004839,0.000000,0.000000,0
2026-06-15 19:53:00,66604.60,66623.00,66561.50,66577.10,77.255000,1049,47.309000,29.946000,66601.93,103671.28,-0.00004780,0.000000,0.000000,0
2026-06-15 19:54:00,66577.10,66612.40,66540.30,66603.40,55.133000,1133,31.088000,24.045000,66568.69,103677.53,-0.00004780,0.000000,0.006000,0
2026-06-15 19:55:00,66603.50,66626.70,66598.90,66606.10,32.761000,778,18.318000,14.443000,66615.15,103675.15,-0.00004736,0.000000,0.000000,0
2026-06-15 19:56:00,66606.00,66623.20,66583.90,66609.90,64.116000,987,25.679000,38.437000,66606.73,103685.01,-0.00004665,0.000000,0.000000,0
2026-06-15 19:57:00,66610.00,66610.00,66579.10,66579.10,38.989000,558,17.605000,21.384000,66597.44,103690.99,-0.00004665,0.000000,0.000000,0
2026-06-15 19:58:00,66579.10,66596.20,66570.00,66587.40,25.509000,564,12.241000,13.268000,66582.81,103691.05,-0.00004626,0.000000,0.000000,0
2026-06-15 19:59:00,66587.60,66587.60,66550.60,66552.10,50.495000,1138,21.008000,29.487000,66569.27,103691.28,-0.00004612,0.000000,0.000000,0
2026-06-15 20:00:00,66552.20,66573.70,66453.30,66573.70,354.582000,2574,169.766000,184.816000,66502.33,103689.84,-0.00004597,0.000000,0.044000,0
2026-06-15 20:01:00,66573.90,66582.70,66456.80,66479.20,204.896000,2580,70.379000,134.517000,66524.01,103681.51,-0.00004597,0.000000,0.000000,0
2026-06-15 20:02:00,66479.30,66529.30,66479.30,66512.70,53.120000,930,32.184000,20.936000,66510.06,103693.74,-0.00004603,0.000000,0.010000,0
2026-06-15 20:03:00,66512.70,66605.20,66510.90,66588.50,52.930000,1168,37.714000,15.216000,66559.86,103694.23,-0.00004669,0.000000,0.000000,0
2026-06-15 20:04:00,66588.60,66603.50,66572.70,66579.90,36.124000,723,17.147000,18.977000,66587.06,103691.23,-0.00004669,0.000000,0.000000,0
2026-06-15 20:05:00,66579.80,66579.90,66539.50,66539.60,37.532000,668,13.630000,23.902000,66563.86,103695.29,-0.00004584,0.000000,0.000000,0
2026-06-15 20:06:00,66539.50,66574.40,66520.00,66525.70,100.084000,1101,40.360000,59.724000,66544.27,103714.91,-0.00004525,0.000000,0.000000,0
2026-06-15 20:07:00,66525.60,66594.80,66525.60,66563.80,51.197000,776,30.314000,20.883000,66566.75,103725.29,-0.00004526,0.000000,0.000000,0
2026-06-15 20:08:00,66563.70,66563.80,66528.10,66535.10,27.096000,572,16.167000,10.929000,66538.99,103733.93,-0.00004526,0.000000,0.000000,0
2026-06-15 20:09:00,66535.20,66558.90,66521.00,66558.80,40.057000,539,31.695000,8.362000,66541.11,103740.35,-0.00004487,0.000000,0.000000,0
2026-06-15 20:10:00,66558.90,66564.60,66558.20,66560.00,18.078000,224,9.975000,8.103000,66559.41,103743.69,-0.00004506,0.000000,0.000000,0
2026-06-15 20:11:00,66560.00,66560.00,66533.40,66543.00,36.938000,446,17.348000,19.590000,66547.98,103757.72,-0.00004422,0.000000,0.000000,0
2026-06-15 20:12:00,66542.90,66551.10,66538.20,66545.10,21.775000,280,9.149000,12.626000,66545.59,103753.75,-0.00004422,0.000000,0.000000,0
2026-06-15 20:13:00,66545.20,66550.40,66535.20,66539.70,13.548000,383,6.086000,7.462000,66543.12,103752.38,-0.00004382,0.000000,0.000000,0
2026-06-15 20:14:00,66539.80,66564.40,66524.40,66564.40,53.115000,530,32.242000,20.873000,66542.35,103754.09,-0.00004341,0.000000,0.000000,0
2026-06-15 20:15:00,66564.40,66566.50,66515.60,66530.50,67.990000,557,41.036000,26.954000,66536.56,103739.56,-0.00004341,0.000000,0.000000,0
2026-06-15 20:16:00,66530.70,66532.70,66517.00,66521.60,28.927000,429,19.629000,9.298000,66523.07,103735.31,-0.00004268,0.000000,0.000000,0
2026-06-15 20:17:00,66521.60,66521.70,66482.30,66484.00,86.672000,850,31.281000,55.391000,66497.05,103720.29,-0.00004250,0.000000,0.000000,0
2026-06-15 20:18:00,66484.50,66510.60,66484.50,66506.50,19.277000,453,10.740000,8.537000,66502.12,103719.54,-0.00004262,0.000000,0.000000,0
2026-06-15 20:19:00,66506.60,66506.90,66484.00,66500.00,13.891000,372,6.435000,7.456000,66498.63,103718.27,-0.00004262,0.000000,0.000000,0
2026-06-15 20:20:00,66499.90,66521.00,66498.40,66499.10,59.395000,472,23.068000,36.327000,66507.66,103708.83,-0.00004225,0.000000,0.000000,0
2026-06-15 20:21:00,66499.00,66521.00,66499.00,66520.90,18.233000,421,12.494000,5.739000,66511.45,103708.61,-0.00004178,0.000000,0.000000,0
2026-06-15 20:22:00,66520.90,66535.30,66505.60,66519.50,18.893000,503,6.612000,12.281000,66520.65,103708.16,-0.00004178,0.000000,0.000000,0
2026-06-15 20:23:00,66519.50,66555.20,66519.50,66555.20,19.804000,369,17.254000,2.550000,66538.58,103713.80,-0.00004132,0.000000,0.000000,0
2026-06-15 20:24:00,66555.20,66570.00,66517.60,66528.20,18.748000,614,6.104000,12.644000,66547.90,103714.06,-0.00004089,0.000000,0.000000,0
2026-06-15 20:25:00,66528.30,66534.60,66517.50,66530.10,21.880000,402,13.471000,8.409000,66527.43,103718.34,-0.00004010,0.000000,0.000000,0
2026-06-15 20:26:00,66530.10,66544.90,66515.40,66544.90,27.299000,469,10.589000,16.710000,66523.38,103708.62,-0.00004010,0.000000,0.026000,0
2026-06-15 20:27:00,66544.90,66558.00,66523.10,66554.00,41.952000,600,28.779000,13.173000,66544.98,103716.68,-0.00003985,0.000000,0.000000,0
2026-06-15 20:28:00,66554.00,66567.90,66520.20,66567.80,22.436000,634,13.387000,9.049000,66543.99,103713.02,-0.00003979,0.000000,0.000000,0
2026-06-15 20:29:00,66567.90,66567.90,66540.40,66540.70,28.140000,433,7.491000,20.649000,66555.55,103702.15,-0.00003979,0.018000,0.000000,0
2026-06-15 20:30:00,66540.60,66544.10,66530.70,66544.00,9.364000,328,4.843000,4.521000,66539.51,103702.79,-0.00003947,0.000000,0.000000,0
2026-06-15 20:31:00,66544.00,66610.80,66544.00,66610.80,34.580000,632,29.726000,4.854000,66583.15,103701.54,-0.00003955,0.000000,0.000000,0
2026-06-15 20:32:00,66610.70,66614.20,66570.00,66573.80,38.674000,507,10.834000,27.840000,66596.55,103700.05,-0.00003905,0.000000,0.000000,0
2026-06-15 20:33:00,66573.90,66586.10,66550.00,66558.10,32.504000,611,11.518000,20.986000,66569.27,103687.70,-0.00003905,0.000000,0.000000,0
2026-06-15 20:34:00,66558.10,66594.70,66558.10,66594.30,23.230000,419,12.271000,10.959000,66575.37,103684.60,-0.00003791,0.000000,0.000000,0
2026-06-15 20:35:00,66594.30,66658.20,66594.30,66637.00,133.782000,963,110.666000,23.116000,66642.17,103684.60,-0.00003767,0.000000,0.000000,0
2026-06-15 20:36:00,66637.00,66637.10,66612.00,66622.40,36.202000,546,15.733000,20.469000,66625.37,103716.74,-0.00003767,0.006000,0.000000,0
2026-06-15 20:37:00,66622.30,66630.60,66594.20,66609.00,17.459000,524,8.272000,9.187000,66614.53,103715.07,-0.00003677,0.000000,0.000000,0
2026-06-15 20:38:00,66609.00,66616.30,66594.10,66601.20,22.784000,332,12.779000,10.005000,66601.22,103716.15,-0.00003682,0.000000,0.000000,0
2026-06-15 20:39:00,66601.30,66627.90,66601.20,66624.50,12.480000,367,8.053000,4.427000,66614.66,103711.61,-0.00003712,0.000000,0.000000,0
2026-06-15 20:40:00,66624.60,66624.60,66609.80,66624.60,15.958000,275,10.546000,5.412000,66615.58,103713.18,-0.00003712,0.000000,0.000000,0
2026-06-15 20:41:00,66624.60,66639.60,66610.90,66631.20,28.325000,497,19.479000,8.846000,66628.45,103710.42,-0.00003705,0.000000,0.000000,0
2026-06-15 20:42:00,66631.30,66635.40,66620.10,66620.10,14.021000,248,7.002000,7.019000,66631.35,103721.19,-0.00003695,0.000000,0.000000,0
2026-06-15 20:43:00,66620.10,66625.20,66603.90,66614.20,20.487000,387,14.286000,6.201000,66611.11,103721.93,-0.00003649,0.000000,0.000000,0
2026-06-15 20:44:00,66614.10,66614.20,66564.90,66564.90,24.302000,430,1.166000,23.136000,66593.71,103726.63,-0.00003649,0.000000,0.000000,0
2026-06-15 20:45:00,66564.90,66569.80,66551.80,66551.80,31.244000,371,13.005000,18.239000,66560.02,103737.96,-0.00003664,0.000000,0.000000,0
2026-06-15 20:46:00,66551.80,66551.80,66519.90,66527.60,61.619000,465,8.355000,53.264000,66527.74,103735.74,-0.00003698,0.000000,0.000000,0
2026-06-15 20:47:00,66527.70,66527.70,66445.00,66480.20,132.110000,1088,38.636000,93.474000,66490.85,103736.62,-0.00003698,0.000000,0.094000,0
2026-06-15 20:48:00,66480.20,66526.20,66480.20,66526.20,19.697000,449,13.530000,6.167000,66506.02,103720.77,-0.00003721,0.001000,0.000000,0
2026-06-15 20:49:00,66526.60,66539.20,66490.10,66490.10,23.387000,502,11.359000,12.028000,66525.48,103719.47,-0.00003748,0.000000,0.000000,0
2026-06-15 20:50:00,66490.20,66490.20,66473.40,66482.80,46.635000,512,13.206000,33.429000,66477.54,103724.54,-0.00003675,0.000000,0.000000,0
2026-06-15 20:51:00,66482.80,66493.00,66480.10,66483.80,15.585000,286,7.537000,8.048000,66483.61,103713.63,-0.00003675,0.000000,0.000000,0
2026-06-15 20:52:00,66483.90,66499.10,66483.70,66483.80,30.807000,505,16.458000,14.349000,66491.91,103710.88,-0.00003701,0.000000,0.000000,0
2026-06-15 20:53:00,66483.80,66487.20,66480.00,66485.10,14.451000,253,7.646000,6.805000,66483.21,103705.99,-0.00003692,0.000000,0.000000,0
2026-06-15 20:54:00,66485.00,66530.50,66485.00,66513.70,23.372000,483,15.149000,8.223000,66516.54,103703.96,-0.00003692,0.000000,0.000000,0
2026-06-15 20:55:00,66513.70,66517.20,66486.30,66497.10,20.295000,487,10.257000,10.038000,66502.10,103703.26,-0.00003687,0.000000,0.009000,0
2026-06-15 20:56:00,66497.00,66497.10,66482.50,66483.20,9.840000,334,3.904000,5.936000,66486.75,103698.39,-0.00003616,0.000000,0.035000,0
2026-06-15 20:57:00,66483.20,66491.30,66473.40,66491.30,16.997000,357,9.910000,7.087000,66480.00,103697.35,-0.00003616,0.000000,0.000000,0
2026-06-15 20:58:00,66491.40,66494.20,66462.00,66462.10,26.039000,337,8.139000,17.900000,66479.27,103694.82,-0.00003616,0.000000,0.000000,0
2026-06-15 20:59:00,66462.00,66499.50,66462.00,66490.80,48.197000,452,21.617000,26.580000,66490.45,103702.55,-0.00003612,0.000000,0.000000,0
2026-06-15 21:00:00,66490.70,66490.80,66469.60,66489.60,21.377000,380,12.707000,8.670000,66476.03,103706.76,-0.00003605,0.000000,0.000000,0
2026-06-15 21:01:00,66489.60,66489.70,66464.20,66464.20,21.252000,305,2.758000,18.494000,66482.10,103702.70,-0.00003605,0.000000,0.000000,0
2026-06-15 21:02:00,66464.30,66483.60,66461.90,66483.60,49.874000,529,32.771000,17.103000,66470.15,103694.90,-0.00003591,0.000000,0.000000,0
2026-06-15 21:03:00,66483.60,66499.50,66467.60,66491.10,55.244000,765,29.713000,25.531000,66490.72,103677.83,-0.00003588,0.000000,0.000000,0
2026-06-15 21:04:00,66491.20,66491.20,66459.80,66471.90,57.911000,500,11.785000,46.126000,66471.92,103678.54,-0.00003549,0.000000,0.000000,0
2026-06-15 21:05:00,66471.90,66483.80,66470.00,66470.00,17.702000,382,10.617000,7.085000,66477.85,103654.20,-0.00003549,0.000000,0.000000,0
2026-06-15 21:06:00,66470.10,66482.50,66464.10,66482.40,13.278000,336,6.938000,6.340000,66474.38,103649.35,-0.00003545,0.000000,0.000000,0
2026-06-15 21:07:00,66482.40,66496.50,66469.80,66488.10,41.232000,498,17.932000,23.300000,66487.00,103647.78,-0.00003536,0.000000,0.000000,0
2026-06-15 21:08:00,66488.00,66488.00,66400.00,66408.20,124.059000,945,28.824000,95.235000,66436.63,103618.78,-0.00003501,0.000000,2.388000,0
2026-06-15 21:09:00,66408.30,66415.70,66391.20,66397.60,61.299000,556,20.613000,40.686000,66407.80,103586.03,-0.00003501,0.000000,0.000000,0
2026-06-15 21:10:00,66397.60,66425.80,66397.60,66425.70,42.044000,364,35.620000,6.424000,66409.74,103567.13,-0.00003540,0.000000,0.089000,0
2026-06-15 21:11:00,66425.80,66431.90,66408.90,66413.60,48.067000,422,18.442000,29.625000,66423.70,103557.35,-0.00003524,0.000000,0.000000,0
2026-06-15 21:12:00,66413.70,66493.50,66413.60,66493.50,44.573000,635,34.110000,10.463000,66443.84,103558.44,-0.00003524,0.000000,0.000000,0
2026-06-15 21:13:00,66493.50,66498.70,66450.00,66450.00,36.488000,566,18.495000,17.993000,66482.21,103541.69,-0.00003528,0.000000,0.000000,0
2026-06-15 21:14:00,66450.00,66458.40,66429.50,66453.70,48.963000,524,20.029000,28.934000,66448.25,103545.25,-0.00003479,0.000000,0.000000,0
2026-06-15 21:15:00,66453.60,66490.20,66438.00,66490.10,26.583000,490,19.611000,6.972000,66455.64,103561.74,-0.00003470,0.000000,0.000000,0
2026-06-15 21:16:00,66490.10,66495.90,66486.20,66486.20,25.053000,269,17.409000,7.644000,66491.87,103565.65,-0.00003470,0.000000,0.000000,0
2026-06-15 21:17:00,66486.20,66486.30,66486.20,66486.20,10.004000,153,6.902000,3.102000,66486.27,103572.09,-0.00003412,0.000000,0.000000,0
2026-06-15 21:18:00,66486.30,66486.60,66486.20,66486.20,17.915000,158,11.668000,6.247000,66486.35,103568.23,-0.00003385,0.000000,0.000000,0
2026-06-15 21:19:00,66486.20,66496.90,66486.20,66496.90,21.331000,216,18.914000,2.417000,66487.69,103569.50,-0.00003385,0.000000,0.000000,0
2026-06-15 21:20:00,66496.90,66502.40,66496.80,66502.40,19.137000,174,18.217000,0.920000,66499.94,103564.11,-0.00003371,0.000000,0.000000,0
2026-06-15 21:21:00,66502.30,66518.80,66502.30,66518.70,29.631000,278,27.799000,1.832000,66506.73,103565.38,-0.00003326,0.000000,0.000000,0
2026-06-15 21:22:00,66518.80,66534.60,66507.00,66507.00,44.712000,498,26.390000,18.322000,66518.85,103558.83,-0.00003255,0.000000,0.000000,0
2026-06-15 21:23:00,66507.00,66515.90,66497.20,66515.80,23.645000,284,15.944000,7.701000,66503.42,103562.18,-0.00003255,0.000000,0.000000,0
2026-06-15 21:24:00,66515.90,66515.90,66503.80,66507.40,18.228000,189,6.157000,12.071000,66506.54,103563.94,-0.00003209,0.000000,0.000000,0
2026-06-15 21:25:00,66507.40,66534.80,66507.40,66530.10,36.968000,344,25.172000,11.796000,66523.03,103563.68,-0.00003176,0.000000,0.000000,0
2026-06-15 21:26:00,66530.10,66530.10,66475.40,66475.50,54.204000,581,24.177000,30.027000,66513.03,103547.80,-0.00003176,0.000000,0.000000,0
2026-06-15 21:27:00,66475.50,66475.50,66434.00,66434.10,19.928000,460,7.306000,12.622000,66449.76,103542.55,-0.00003113,0.000000,0.044000,0
2026-06-15 21:28:00,66434.10,66467.30,66418.90,66423.90,173.496000,1006,141.825000,31.671000,66442.48,103538.48,-0.00003129,0.000000,0.000000,0
2026-06-15 21:29:00,66423.80,66423.80,66395.10,66411.80,53.361000,454,22.869000,30.492000,66404.99,103607.76,-0.00003168,0.000000,0.003000,0
2026-06-15 21:30:00,66411.70,66411.70,66356.90,66379.30,114.615000,793,24.650000,89.965000,66374.90,103600.66,-0.00003168,0.000000,0.026000,0
2026-06-15 21:31:00,66379.40,66379.40,66284.80,66339.90,520.797000,1830,68.586000,452.211000,66333.10,103577.12,-0.00003161,0.000000,3.487000,0
2026-06-15 21:32:00,66340.00,66379.40,66327.70,66354.80,92.428000,831,59.447000,32.981000,66352.71,103526.21,-0.00003187,0.000000,0.000000,0
2026-06-15 21:33:00,66354.90,66423.90,66354.80,66419.30,65.453000,669,45.130000,20.323000,66385.58,103502.63,-0.00003187,0.000000,0.000000,0
2026-06-15 21:34:00,66419.20,66419.20,66392.10,66397.10,65.145000,416,29.136000,36.009000,66399.49,103492.51,-0.00003155,0.000000,0.000000,0
2026-06-15 21:35:00,66397.10,66425.00,66387.80,66425.00,31.290000,358,17.183000,14.107000,66400.59,103482.01,-0.00003077,0.000000,0.000000,0
2026-06-15 21:36:00,66424.90,66444.00,66415.00,66430.00,82.995000,575,52.196000,30.799000,66436.21,103480.27,-0.00003023,0.000000,0.000000,0
2026-06-15 21:37:00,66430.00,66437.10,66425.80,66437.10,12.922000,182,8.484000,4.438000,66430.70,103465.23,-0.00003023,0.000000,0.000000,0
2026-06-15 21:38:00,66437.10,66444.00,66433.40,66444.00,20.888000,188,15.025000,5.863000,66438.58,103463.23,-0.00002948,0.000000,0.000000,0
2026-06-15 21:39:00,66444.00,66444.00,66412.90,66436.30,19.326000,422,9.857000,9.469000,66429.07,103463.42,-0.00002917,0.000000,0.000000,0
2026-06-15 21:40:00,66436.40,66436.40,66392.60,66400.00,41.629000,524,17.940000,23.689000,66407.32,103464.29,-0.00002886,0.000000,0.000000,0
2026-06-15 21:41:00,66400.00,66425.70,66395.00,66410.20,29.563000,555,20.419000,9.144000,66406.06,103464.32,-0.00002886,0.000000,0.000000,0
2026-06-15 21:42:00,66410.30,66433.10,66403.50,66412.50,29.717000,453,19.300000,10.417000,66417.57,103465.77,-0.00002856,0.000000,0.000000,0
2026-06-15 21:43:00,66412.60,66430.00,66412.50,66413.70,13.822000,308,5.656000,8.166000,66422.87,103470.54,-0.00002843,0.000000,0.001000,0
2026-06-15 21:44:00,66413.70,66425.80,66386.60,66412.50,37.748000,510,28.294000,9.454000,66408.27,103469.66,-0.00002843,0.000000,0.000000,0
2026-06-15 21:45:00,66412.40,66414.60,66376.10,66402.50,20.633000,815,11.036000,9.597000,66400.11,103470.46,-0.00002808,0.000000,0.000000,0
2026-06-15 21:46:00,66402.50,66415.00,66390.40,66399.10,14.148000,392,9.243000,4.905000,66402.41,103471.17,-0.00002800,0.000000,0.000000,0
2026-06-15 21:47:00,66399.10,66399.20,66358.80,66360.20,46.617000,642,10.614000,36.003000,66370.09,103476.57,-0.00002772,0.000000,0.000000,0
2026-06-15 21:48:00,66360.20,66360.20,66350.90,66351.90,33.846000,359,10.031000,23.815000,66357.80,103464.03,-0.00002772,0.001000,0.000000,0
2026-06-15 21:49:00,66351.80,66378.90,66351.70,66378.90,47.527000,343,44.792000,2.735000,66358.80,103463.46,-0.00002807,0.000000,0.000000,0
2026-06-15 21:50:00,66378.80,66378.90,66360.60,66360.60,12.242000,221,5.847000,6.395000,66370.15,103463.63,-0.00002828,0.000000,0.000000,0
2026-06-15 21:51:00,66360.70,66398.00,66360.60,66381.40,20.943000,431,11.371000,9.572000,66381.45,103467.37,-0.00002828,0.000000,0.000000,0
2026-06-15 21:52:00,66381.40,66413.00,66381.40,66405.70,28.960000,662,16.338000,12.622000,66403.32,103459.41,-0.00002807,0.000000,0.000000,0
2026-06-15 21:53:00,66405.70,66416.90,66389.30,66389.60,43.391000,365,29.916000,13.475000,66403.60,103452.24,-0.00002759,0.000000,0.000000,0
2026-06-15 21:54:00,66389.70,66405.40,66388.00,66388.00,74.864000,356,8.033000,66.831000,66389.42,103453.59,-0.00002688,0.000000,0.000000,0
2026-06-15 21:55:00,66388.10,66388.10,66366.30,66374.10,66.239000,305,9.051000,57.188000,66381.96,103394.08,-0.00002688,0.000000,0.000000,0
2026-06-15 21:56:00,66374.10,66381.50,66355.30,66361.30,19.022000,354,5.355000,13.667000,66370.75,103395.87,-0.00002666,0.002000,0.928000,0
2026-06-15 21:57:00,66361.40,66361.40,66330.00,66343.50,28.038000,694,7.079000,20.959000,66350.06,103393.38,-0.00002674,0.000000,0.004000,0
2026-06-15 21:58:00,66343.50,66361.80,66339.30,66361.70,20.895000,444,10.346000,10.549000,66350.05,103392.66,-0.00002682,0.000000,0.000000,0
2026-06-15 21:59:00,66361.60,66361.60,66326.50,66340.10,40.040000,494,11.228000,28.812000,66333.97,103400.30,-0.00002682,0.000000,0.000000,0
2026-06-15 22:00:00,66340.00,66342.00,66330.60,66337.00,13.285000,237,6.131000,7.154000,66338.52,103398.99,-0.00002678,0.000000,0.000000,0
2026-06-15 22:01:00,66337.10,66376.10,66337.10,66362.00,46.379000,529,28.935000,17.444000,66355.60,103392.97,-0.00002675,0.000000,0.000000,0
2026-06-15 22:02:00,66361.90,66379.00,66349.00,66374.20,23.974000,608,15.373000,8.601000,66365.12,103388.78,-0.00002675,0.188000,0.000000,0
2026-06-15 22:03:00,66374.10,66410.60,66369.00,66410.50,28.098000,719,20.225000,7.873000,66384.64,103383.78,-0.00002629,0.000000,0.000000,0
2026-06-15 22:04:00,66410.60,66435.90,66399.00,66423.10,29.838000,714,14.986000,14.852000,66419.72,103384.87,-0.00002620,0.000000,0.000000,0
2026-06-15 22:05:00,66423.10,66423.10,66412.20,66412.30,17.808000,185,11.650000,6.158000,66417.17,103379.20,-0.00002566,0.000000,0.000000,0
2026-06-15 22:06:00,66412.20,66420.00,66400.00,66419.90,12.544000,289,8.443000,4.101000,66408.68,103378.85,-0.00002566,0.000000,0.000000,0
2026-06-15 22:07:00,66419.90,66420.70,66407.60,66407.60,17.119000,189,5.970000,11.149000,66415.85,103378.24,-0.00002544,0.000000,0.000000,0
2026-06-15 22:08:00,66407.70,66439.20,66404.20,66434.10,22.824000,468,14.297000,8.527000,66422.36,103385.05,-0.00002531,0.000000,0.000000,0
2026-06-15 22:09:00,66434.00,66434.10,66426.70,66426.80,9.330000,162,8.087000,1.243000,66429.79,103384.49,-0.00002527,0.004000,0.000000,0
2026-06-15 22:10:00,66426.70,66444.40,66411.70,66411.70,20.155000,416,9.649000,10.506000,66433.91,103385.38,-0.00002527,0.000000,0.000000,0
2026-06-15 22:11:00,66411.70,66435.00,66408.20,66435.00,22.478000,312,14.586000,7.892000,66413.48,103385.11,-0.00002499,0.000000,0.000000,0
2026-06-15 22:12:00,66434.90,66446.20,66431.70,66431.70,37.606000,438,15.897000,21.709000,66440.01,103383.94,-0.00002480,0.000000,0.000000,0
2026-06-15 22:13:00,66431.80,66431.80,66416.00,66416.10,17.751000,241,8.538000,9.213000,66424.37,103370.42,-0.00002480,0.000000,0.000000,0
2026-06-15 22:14:00,66416.00,66416.00,66350.00,66351.80,200.843000,903,45.582000,155.261000,66384.80,103360.83,-0.00002423,0.000000,0.000000,0
2026-06-15 22:15:00,66351.80,66354.50,66321.00,66326.20,33.223000,433,9.436000,23.787000,66340.00,103326.39,-0.00002443,0.000000,0.000000,0
2026-06-15 22:16:00,66326.10,66382.80,66326.10,66366.70,45.221000,714,23.201000,22.020000,66354.35,103321.70,-0.00002556,0.000000,0.004000,0
2026-06-15 22:17:00,66366.80,66366.80,66316.80,66350.50,63.564000,860,39.792000,23.772000,66335.85,103317.93,-0.00002556,0.000000,0.000000,0
2026-06-15 22:18:00,66350.60,66363.50,66335.50,66363.40,20.462000,541,9.698000,10.764000,66343.80,103312.49,-0.00002550,0.000000,0.000000,0
2026-06-15 22:19:00,66363.50,66363.50,66342.90,66347.30,21.404000,420,10.267000,11.137000,66346.35,103310.25,-0.00002544,0.000000,0.000000,0
2026-06-15 22:20:00,66347.30,66347.40,66326.20,66343.20,25.014000,452,10.923000,14.091000,66332.94,103314.76,-0.00002549,0.000000,0.480000,0
2026-06-15 22:21:00,66343.20,66343.20,66326.20,66333.90,22.281000,425,13.647000,8.634000,66332.97,103313.90,-0.00002549,0.000000,0.000000,0
2026-06-15 22:22:00,66333.80,66364.80,66333.80,66353.00,23.951000,510,12.915000,11.036000,66353.06,103313.46,-0.00002564,0.000000,0.000000,0
2026-06-15 22:23:00,66353.10,66353.10,66307.10,66328.10,123.011000,1053,26.974000,96.037000,66323.68,103310.77,-0.00002542,0.000000,2.803000,0
2026-06-15 22:24:00,66328.10,66328.20,66215.00,66235.60,348.143000,1818,48.694000,299.449000,66250.27,103312.24,-0.00002542,0.000000,3.481000,0
2026-06-15 22:25:00,66235.60,66250.00,66170.70,66188.00,363.409000,2699,144.665000,218.744000,66200.45,103291.88,-0.00002548,0.030000,6.427000,0
2026-06-15 22:26:00,66188.10,66211.40,66168.60,66174.50,175.746000,1341,59.689000,116.057000,66185.94,103230.43,-0.00002601,0.000000,1.203000,0
2026-06-15 22:27:00,66174.60,66181.40,66067.20,66088.90,569.852000,3930,202.844000,367.008000,66098.86,103114.56,-0.00002656,0.000000,23.976000,0
2026-06-15 22:28:00,66089.00,66171.40,66065.10,66160.70,192.793000,1571,104.171000,88.622000,66108.53,103115.03,-0.00002656,0.000000,0.067000,0
2026-06-15 22:29:00,66160.80,66213.90,66130.90,66142.80,108.453000,1613,62.727000,45.726000,66175.16,103125.66,-0.00002741,0.000000,0.000000,0
2026-06-15 22:30:00,66142.80,66147.10,66095.70,66131.10,94.733000,1304,53.727000,41.006000,66126.50,103115.84,-0.00002685,0.000000,0.000000,0
2026-06-15 22:31:00,66131.10,66154.90,66100.00,66124.40,163.512000,1702,77.359000,86.153000,66128.61,103100.27,-0.00002687,0.000000,0.000000,0
2026-06-15 22:32:00,66124.40,66135.10,66089.30,66119.00,132.448000,1495,77.511000,54.937000,66113.10,103123.47,-0.00002687,0.255000,0.001000,0
2026-06-15 22:33:00,66118.90,66119.00,66068.70,66094.30,209.146000,927,42.676000,166.470000,66090.06,103110.47,-0.00002670,0.000000,0.005000,0
2026-06-15 22:34:00,66094.30,66205.60,66094.30,66205.50,102.962000,1487,82.069000,20.893000,66144.99,103078.22,-0.00002669,0.005000,0.000000,0
2026-06-15 22:35:00,66205.60,66253.40,66202.90,66209.70,150.622000,1549,82.822000,67.800000,66233.87,103065.12,-0.00002669,0.040000,0.000000,0
2026-06-15 22:36:00,66209.80,66281.80,66191.70,66262.00,130.214000,1471,83.936000,46.278000,66248.82,103063.15,-0.00002564,0.045000,0.000000,0
2026-06-15 22:37:00,66262.10,66262.10,66228.70,66243.00,47.464000,777,31.020000,16.444000,66250.92,103052.58,-0.00002461,0.000000,0.000000,0
2026-06-15 22:38:00,66242.90,66259.60,66212.70,66242.80,56.178000,858,27.299000,28.879000,66236.01,103060.57,-0.00002415,0.000000,0.000000,0
2026-06-15 22:39:00,66242.80,66309.40,66242.70,66281.00,63.060000,926,47.678000,15.382000,66283.53,103062.71,-0.00002415,0.000000,0.000000,0
2026-06-15 22:40:00,66280.90,66297.30,66262.20,66280.00,38.791000,844,26.457000,12.334000,66278.11,103045.54,-0.00002365,0.000000,0.000000,0
2026-06-15 22:41:00,66279.90,66345.90,66259.80,66345.80,63.920000,1055,47.089000,16.831000,66301.98,103051.00,-0.00002273,0.000000,0.000000,0
2026-06-15 22:42:00,66345.90,66346.00,66260.30,66260.30,50.802000,968,20.436000,30.366000,66307.73,103039.57,-0.00002201,0.021000,0.000000,0
2026-06-15 22:43:00,66260.00,66279.90,66230.50,66269.60,34.787000,782,19.053000,15.734000,66255.93,103040.73,-0.00002201,0.000000,0.000000,0
2026-06-15 22:44:00,66269.70,66269.70,66240.40,66253.30,21.512000,752,10.526000,10.986000,66253.14,103039.40,-0.00002218,0.000000,0.000000,0
2026-06-15 22:45:00,66253.20,66277.20,66238.00,66263.50,64.279000,670,46.457000,17.822000,66256.46,103039.85,-0.00002201,0.000000,0.000000,0
2026-06-15 22:46:00,66263.60,66301.50,66228.00,66237.70,129.109000,1396,49.707000,79.402000,66259.89,103020.07,-0.00002201,0.000000,0.000000,0
2026-06-15 22:47:00,66237.90,66301.20,66237.90,66255.90,46.288000,1117,29.185000,17.103000,66274.14,103007.24,-0.00002181,0.000000,0.000000,0
2026-06-15 22:48:00,66255.80,66255.80,66170.60,66200.00,113.959000,1539,43.274000,70.685000,66196.06,102984.04,-0.00002114,0.000000,0.000000,0
2026-06-15 22:49:00,66200.10,66297.90,66170.60,66234.40,627.166000,3138,501.386000,125.780000,66227.44,103152.92,-0.00002105,0.000000,0.000000,0
2026-06-15 22:50:00,66234.40,66245.80,66166.90,66183.50,91.834000,1543,44.249000,47.585000,66206.04,103249.50,-0.00002105,0.000000,0.029000,0
2026-06-15 22:51:00,66183.40,66246.30,66168.70,66244.40,63.036000,1317,49.899000,13.137000,66200.83,103245.29,-0.00002053,0.028000,0.000000,0
2026-06-15 22:52:00,66244.40,66266.10,66214.60,66223.50,50.101000,1417,25.094000,25.007000,66240.68,103241.82,-0.00002051,0.000000,0.000000,0
2026-06-15 22:53:00,66223.40,66234.80,66210.00,66231.10,50.906000,696,26.556000,24.350000,66220.87,103239.85,-0.00002051,0.000000,0.000000,0
2026-06-15 22:54:00,66231.10,66239.50,66190.90,66190.90,40.047000,780,17.706000,22.341000,66222.65,103237.85,-0.00001945,0.000000,0.000000,0
2026-06-15 22:55:00,66191.00,66211.70,66179.80,66184.40,67.859000,591,9.619000,58.240000,66190.89,103234.48,-0.00001917,0.000000,0.000000,0
2026-06-15 22:56:00,66184.50,66203.30,66168.50,66200.40,53.799000,933,18.631000,35.168000,66184.54,103232.55,-0.00001884,0.000000,0.000000,0
2026-06-15 22:57:00,66200.30,66200.40,66176.20,66197.70,18.497000,568,8.870000,9.627000,66188.16,103231.60,-0.00001884,0.000000,0.000000,0
2026-06-15 22:58:00,66197.70,66197.80,66166.90,66183.40,32.686000,730,22.867000,9.819000,66181.40,103235.25,-0.00001854,0.000000,0.000000,0
2026-06-15 22:59:00,66183.50,66239.10,66179.10,66191.70,63.954000,1037,48.582000,15.372000,66206.94,103232.99,-0.00001836,0.000000,0.000000,0
2026-06-15 23:00:00,66191.80,66196.60,66170.00,66170.10,26.705000,501,12.922000,13.783000,66179.86,103233.94,-0.00001823,0.000000,0.000000,0
2026-06-15 23:01:00,66170.00,66200.00,66170.00,66174.60,30.554000,953,19.304000,11.250000,66183.32,103229.17,-0.00001823,0.000000,0.002000,0
2026-06-15 23:02:00,66174.60,66183.60,66150.00,66158.30,35.397000,671,15.171000,20.226000,66163.74,103236.31,-0.00001816,0.000000,0.000000,0
2026-06-15 23:03:00,66158.40,66200.00,66154.50,66166.40,56.018000,755,39.540000,16.478000,66178.89,103231.59,-0.00001801,0.000000,0.000000,0
2026-06-15 23:04:00,66166.40,66172.40,66152.30,66159.70,24.855000,532,13.477000,11.378000,66158.95,103226.61,-0.00001801,0.001000,0.000000,0
2026-06-15 23:05:00,66159.70,66191.30,66159.70,66190.40,35.301000,622,21.730000,13.571000,66175.72,103222.42,-0.00001775,0.000000,0.000000,0
2026-06-15 23:06:00,66190.40,66249.40,66178.20,66249.40,81.436000,1145,65.687000,15.749000,66222.76,103214.30,-0.00001754,0.000000,0.000000,0
2026-06-15 23:07:00,66249.30,66258.00,66240.00,66250.20,51.752000,582,23.682000,28.070000,66248.95,103225.11,-0.00001659,0.000000,0.000000,0
2026-06-15 23:08:00,66250.20,66250.20,66161.20,66198.20,56.951000,1111,20.697000,36.254000,66207.44,103242.31,-0.00001659,0.000000,0.000000,0
2026-06-15 23:09:00,66198.20,66217.40,66198.20,66216.90,22.378000,409,12.036000,10.342000,66209.27,103243.26,-0.00001606,0.000000,0.000000,0
2026-06-15 23:10:00,66216.90,66220.60,66208.20,66220.60,29.747000,266,10.636000,19.111000,66213.30,103244.01,-0.00001568,0.000000,0.000000,0
2026-06-15 23:11:00,66220.50,66238.40,66220.50,66233.30,26.136000,405,20.935000,5.201000,66231.51,103248.85,-0.00001568,0.000000,0.000000,0
2026-06-15 23:12:00,66233.40,66255.30,66220.00,66239.00,35.700000,728,15.400000,20.300000,66243.97,103257.09,-0.00001482,0.000000,0.000000,0
2026-06-15 23:13:00,66239.10,66239.60,66235.60,66239.60,17.077000,233,14.694000,2.383000,66238.17,103259.59,-0.00001412,0.000000,0.000000,0
2026-06-15 23:14:00,66239.50,66239.60,66208.00,66222.00,35.862000,523,15.967000,19.895000,66224.61,103266.19,-0.00001390,0.000000,0.000000,0
2026-06-15 23:15:00,66221.90,66244.50,66210.50,66236.10,24.576000,589,16.213000,8.363000,66230.13,103268.31,-0.00001390,0.000000,0.000000,0
2026-06-15 23:16:00,66236.00,66267.70,66220.40,66224.90,39.588000,818,21.918000,17.670000,66242.39,103262.17,-0.00001380,0.000000,0.000000,0
2026-06-15 23:17:00,66224.90,66224.90,66181.30,66206.90,40.464000,861,22.231000,18.233000,66200.23,103260.49,-0.00001319,0.000000,0.000000,0
2026-06-15 23:18:00,66206.90,66225.50,66175.00,66221.40,36.925000,764,21.588000,15.337000,66201.02,103254.48,-0.00001325,0.000000,0.000000,0
2026-06-15 23:19:00,66221.40,66221.40,66162.50,66180.10,52.341000,649,20.410000,31.931000,66182.49,103269.00,-0.00001325,0.000000,0.000000,0
2026-06-15 23:20:00,66180.00,66199.90,66141.70,66165.80,64.658000,1004,16.232000,48.426000,66171.97,103255.71,-0.00001284,0.000000,0.000000,0
2026-06-15 23:21:00,66165.90,66184.40,66145.20,66158.90,46.923000,674,16.137000,30.786000,66159.12,103254.17,-0.00001313,0.000000,0.000000,0
2026-06-15 23:22:00,66158.90,66178.10,66154.70,66157.50,26.670000,614,14.295000,12.375000,66164.67,103251.35,-0.00001313,0.000000,0.000000,0
2026-06-15 23:23:00,66157.50,66157.60,66114.10,66145.70,108.792000,1039,30.619000,78.173000,66136.63,103279.16,-0.00001304,0.000000,0.102000,0
2026-06-15 23:24:00,66145.60,66177.90,66141.90,66141.90,35.623000,764,18.302000,17.321000,66165.01,103279.35,-0.00001282,0.000000,0.000000,0
2026-06-15 23:25:00,66141.90,66142.00,66118.10,66121.90,26.381000,357,11.829000,14.552000,66127.85,103272.30,-0.00001212,0.000000,0.000000,0
2026-06-15 23:26:00,66122.00,66151.60,66121.90,66149.60,28.608000,680,17.978000,10.630000,66136.48,103266.96,-0.00001212,0.000000,0.000000,0
2026-06-15 23:27:00,66149.50,66188.00,66149.50,66171.10,29.687000,602,21.690000,7.997000,66177.95,103259.60,-0.00001216,0.000000,0.000000,0
2026-06-15 23:28:00,66171.10,66214.30,66160.00,66214.30,66.439000,730,46.225000,20.214000,66186.58,103256.67,-0.00001126,0.000000,0.000000,0
2026-06-15 23:29:00,66214.30,66258.10,66204.30,66218.20,54.280000,984,38.922000,15.358000,66227.96,103273.44,-0.00001126,0.000000,0.000000,0
2026-06-15 23:30:00,66218.20,66218.20,66191.40,66199.40,19.715000,328,11.761000,7.954000,66203.07,103277.51,-0.00001046,0.000000,0.000000,0
2026-06-15 23:31:00,66199.40,66208.00,66172.30,66193.60,86.728000,875,60.630000,26.098000,66189.75,103269.75,-0.00001010,0.000000,0.000000,0
2026-06-15 23:32:00,66193.60,66198.90,66158.40,66168.30,37.588000,632,20.971000,16.617000,66177.39,103270.74,-0.00001015,0.000000,0.000000,0
2026-06-15 23:33:00,66168.20,66179.30,66140.20,66179.30,30.806000,835,13.158000,17.648000,66159.20,103268.85,-0.00001015,0.000000,0.000000,0
2026-06-15 23:34:00,66179.50,66214.00,66179.50,66202.30,36.867000,591,16.058000,20.809000,66197.03,103268.34,-0.00000985,0.000000,0.000000,0
2026-06-15 23:35:00,66202.30,66202.30,66151.20,66151.30,15.442000,476,7.072000,8.370000,66184.73,103268.80,-0.00000901,0.000000,0.000000,0
2026-06-15 23:36:00,66151.20,66179.60,66150.00,66150.00,58.892000,970,29.109000,29.783000,66162.27,103254.62,-0.00000901,0.000000,0.000000,0
2026-06-15 23:37:00,66150.00,66160.70,66133.20,66136.40,55.013000,437,24.798000,30.215000,66146.78,103269.57,-0.00000844,0.000000,0.000000,0
2026-06-15 23:38:00,66136.50,66156.40,66086.60,66154.20,118.629000,1460,66.789000,51.840000,66114.81,103264.70,-0.00000837,0.000000,0.013000,0
2026-06-15 23:39:00,66154.20,66198.40,66154.20,66192.00,42.982000,739,30.453000,12.529000,66183.92,103259.88,-0.00000836,0.000000,0.000000,0
2026-06-15 23:40:00,66192.00,66211.40,66175.20,66175.30,32.940000,557,16.314000,16.626000,66197.95,103247.89,-0.00000836,0.000000,0.000000,0
2026-06-15 23:41:00,66175.30,66176.40,66152.00,66159.10,42.275000,505,32.322000,9.953000,66159.46,103254.62,-0.00000694,0.000000,0.000000,0
2026-06-15 23:42:00,66159.00,66175.90,66159.00,66174.90,22.379000,330,17.229000,5.150000,66170.86,103254.67,-0.00000680,0.000000,0.000000,0
2026-06-15 23:43:00,66174.90,66193.40,66173.10,66193.40,22.790000,322,14.229000,8.561000,66182.12,103260.11,-0.00000693,0.000000,0.000000,0
2026-06-15 23:44:00,66193.40,66196.90,66193.40,66196.90,11.440000,217,5.264000,6.176000,66196.78,103255.94,-0.00000693,0.000000,0.000000,0
2026-06-15 23:45:00,66196.80,66246.30,66196.80,66244.00,79.435000,658,58.501000,20.934000,66221.57,103265.86,-0.00000662,0.000000,0.000000,0
2026-06-15 23:46:00,66243.90,66259.90,66210.00,66250.70,72.684000,954,37.543000,35.141000,66234.70,103257.74,-0.00000586,0.000000,0.000000,0
2026-06-15 23:47:00,66250.80,66273.30,66232.10,66232.20,68.110000,733,34.858000,33.252000,66251.22,103262.81,-0.00000586,0.005000,0.000000,0
2026-06-15 23:48:00,66232.20,66276.00,66226.40,66251.40,33.604000,661,23.800000,9.804000,66253.78,103257.56,-0.00000518,0.000000,0.000000,0
2026-06-15 23:49:00,66251.40,66251.40,66239.50,66239.60,49.846000,456,28.629000,21.217000,66245.42,103257.56,-0.00000479,0.000000,0.000000,0
2026-06-15 23:50:00,66239.60,66241.90,66235.00,66241.80,28.011000,264,18.407000,9.604000,66237.37,103251.25,-0.00000479,0.000000,0.000000,0
2026-06-15 23:51:00,66241.80,66312.40,66241.80,66305.00,90.063000,1140,61.128000,28.935000,66289.46,103247.30,-0.00000479,0.011000,0.000000,0
2026-06-15 23:52:00,66305.00,66306.70,66283.10,66291.20,58.007000,584,29.858000,28.149000,66294.39,103235.10,-0.00000501,0.000000,0.000000,0
2026-06-15 23:53:00,66291.20,66312.10,66286.20,66306.40,45.334000,572,32.562000,12.772000,66299.04,103241.59,-0.00000461,0.000000,0.000000,0
2026-06-15 23:54:00,66306.40,66320.00,66306.40,66315.90,58.674000,516,36.070000,22.604000,66314.67,103249.47,-0.00000461,0.083000,0.000000,0
2026-06-15 23:55:00,66315.90,66335.50,66300.00,66305.80,93.895000,703,44.343000,49.552000,66318.97,103254.07,-0.00000446,0.003000,0.000000,0
2026-06-15 23:56:00,66305.90,66322.60,66305.90,66320.80,58.127000,392,40.071000,18.056000,66316.86,103251.48,-0.00000382,0.000000,0.000000,0
2026-06-15 23:57:00,66320.90,66326.60,66320.00,66320.10,33.938000,251,24.871000,9.067000,66323.03,103254.67,-0.00000387,0.001000,0.000000,0
2026-06-15 23:58:00,66320.00,66320.10,66307.40,66313.80,40.017000,359,21.965000,18.052000,66316.38,103261.98,-0.00000387,0.000000,0.000000,0
2026-06-15 23:59:00,66313.70,66313.80,66287.70,66291.80,61.798000,361,21.677000,40.121000,66296.50,103261.06,-0.00000387,0.000000,0.000000,0
