Timestamp,Open,High,Low,Close,Volume,AggTrades,BuyQty,SellQty,VWAP,OpenInterest,FundingRate,LiqBuyQty,LiqSellQty,IsSynthetic
2026-07-26 00:00:00,64345.70,64345.80,64337.10,64338.10,25.210000,169,10.400000,14.810000,64340.99,107521.11,0.00003878,0.000000,0.000000,0
2026-07-26 00:01:00,64338.00,64338.10,64330.70,64330.80,34.647000,279,19.315000,15.332000,64335.05,107526.41,0.00003878,0.000000,0.001000,0
2026-07-26 00:02:00,64330.70,64330.80,64324.80,64324.90,29.854000,189,11.308000,18.546000,64328.52,107529.35,0.00003896,0.000000,0.000000,0
2026-07-26 00:03:00,64324.90,64342.00,64317.90,64341.90,49.418000,376,37.842000,11.576000,64325.64,107521.02,0.00003895,0.000000,0.000000,0
2026-07-26 00:04:00,64342.00,64345.60,64341.90,64345.60,10.646000,154,4.350000,6.296000,64343.18,107513.75,0.00003895,0.000000,0.000000,0
2026-07-26 00:05:00,64345.60,64356.60,64345.60,64356.50,49.081000,265,44.822000,4.259000,64348.88,107514.90,0.00003882,0.000000,0.000000,0
2026-07-26 00:06:00,64356.60,64361.50,64356.60,64361.50,13.878000,240,8.724000,5.154000,64359.26,107504.85,0.00003909,0.000000,0.000000,0
2026-07-26 00:07:00,64361.50,64388.00,64361.40,64388.00,23.914000,392,21.629000,2.285000,64374.73,107503.63,0.00003929,0.000000,0.000000,0
2026-07-26 00:08:00,64387.90,64412.30,64387.90,64405.40,85.212000,552,65.044000,20.168000,64403.62,107503.17,0.00003929,0.500000,0.000000,0
2026-07-26 00:09:00,64405.40,64405.40,64405.30,64405.30,10.687000,226,7.106000,3.581000,64405.37,107513.66,0.00003954,0.000000,0.000000,0
2026-07-26 00:10:00,64405.40,64405.40,64390.00,64390.10,19.993000,271,9.275000,10.718000,64398.97,107510.40,0.00003991,0.000000,0.000000,0
2026-07-26 00:11:00,64390.00,64390.10,64368.00,64371.90,13.282000,369,6.245000,7.037000,64376.10,107513.30,0.00003991,0.000000,0.000000,0
2026-07-26 00:12:00,64372.00,64397.20,64372.00,64397.10,17.777000,317,13.813000,3.964000,64390.42,107512.33,0.00003987,0.000000,0.000000,0
2026-07-26 00:13:00,64397.10,64405.60,64397.10,64405.50,20.118000,209,16.980000,3.138000,64403.08,107514.38,0.00003986,0.000000,0.000000,0
2026-07-26 00:14:00,64405.50,64413.70,64403.50,64403.50,16.525000,293,10.144000,6.381000,64410.04,107508.91,0.00004049,0.000000,0.000000,0
2026-07-26 00:15:00,64403.40,64405.60,64400.00,64405.60,17.974000,166,8.530000,9.444000,64402.27,107513.96,0.00004049,0.000000,0.000000,0
2026-07-26 00:16:00,64405.50,64405.60,64399.90,64399.90,19.472000,161,2.755000,16.717000,64401.47,107506.20,0.00004092,0.000000,0.000000,0
2026-07-26 00:17:00,64399.90,64405.00,64399.90,64405.00,10.145000,138,8.737000,1.408000,64401.93,107513.26,0.00004103,0.000000,0.000000,0
2026-07-26 00:18:00,64404.90,64405.00,64394.70,64394.80,19.502000,209,2.993000,16.509000,64402.01,107510.97,0.00004103,0.000000,0.000000,0
2026-07-26 00:19:00,64394.70,64394.80,64394.70,64394.80,10.913000,103,1.643000,9.270000,64394.72,107517.94,0.00004121,0.000000,0.000000,0
2026-07-26 00:20:00,64394.80,64403.60,64394.80,64397.30,22.141000,242,12.796000,9.345000,64400.57,107510.23,0.00004123,0.000000,0.000000,0
2026-07-26 00:21:00,64397.30,64402.20,64390.00,64402.20,11.443000,346,6.926000,4.517000,64394.03,107509.04,0.00004123,0.000000,0.000000,0
2026-07-26 00:22:00,64402.10,64411.30,64402.10,64411.30,19.753000,185,16.285000,3.468000,64405.66,107508.17,0.00004138,0.000000,0.000000,0
2026-07-26 00:23:00,64411.30,64426.00,64411.20,64420.10,79.819000,385,66.375000,13.444000,64420.53,107511.96,0.00004148,0.000000,0.000000,0
2026-07-26 00:24:00,64420.10,64420.10,64415.40,64415.50,19.688000,185,6.359000,13.329000,64419.84,107498.07,0.00004209,0.000000,0.000000,0
2026-07-26 00:25:00,64415.40,64434.60,64414.30,64434.60,55.485000,311,50.736000,4.749000,64425.03,107491.77,0.00004209,0.086000,0.000000,0
2026-07-26 00:26:00,64434.60,64439.00,64429.60,64429.70,59.612000,358,34.572000,25.040000,64435.74,107470.55,0.00004245,1.553000,0.000000,0
2026-07-26 00:27:00,64429.70,64436.60,64429.60,64436.60,21.575000,213,16.702000,4.873000,64431.31,107462.99,0.00004275,0.000000,0.000000,0
2026-07-26 00:28:00,64436.50,64465.60,64436.50,64458.80,173.849000,774,123.923000,49.926000,64455.22,107462.65,0.00004275,0.360000,0.000000,0
2026-07-26 00:29:00,64458.80,64458.80,64444.10,64444.10,40.312000,308,16.863000,23.449000,64453.33,107427.71,0.00004291,0.000000,0.000000,0
2026-07-26 00:30:00,64444.10,64447.00,64444.10,64444.40,23.140000,171,15.516000,7.624000,64445.27,107419.27,0.00004324,0.000000,0.000000,0
2026-07-26 00:31:00,64444.40,64444.50,64419.30,64428.90,53.898000,453,11.715000,42.183000,64431.84,107421.98,0.00004314,0.000000,0.000000,0
2026-07-26 00:32:00,64428.80,64434.40,64428.80,64434.30,9.937000,186,5.556000,4.381000,64432.91,107431.51,0.00004314,0.000000,0.000000,0
2026-07-26 00:33:00,64434.40,64457.90,64434.30,64451.10,56.495000,385,39.349000,17.146000,64448.53,107434.88,0.00004318,0.000000,0.000000,0
2026-07-26 00:34:00,64451.10,64451.10,64437.00,64437.00,24.807000,250,13.172000,11.635000,64448.49,107440.96,0.00004348,0.000000,0.000000,0
2026-07-26 00:35:00,64437.00,64437.00,64425.40,64425.40,16.372000,206,4.213000,12.159000,64430.95,107442.95,0.00004348,0.000000,0.000000,0
2026-07-26 00:36:00,64425.20,64425.30,64412.00,64416.00,30.566000,229,6.412000,24.154000,64415.29,107439.12,0.00004342,0.000000,0.000000,0
2026-07-26 00:37:00,64416.00,64420.00,64416.00,64419.90,17.304000,129,6.322000,10.982000,64417.46,107425.64,0.00004291,0.000000,0.000000,0
2026-07-26 00:38:00,64419.90,64420.00,64419.80,64419.80,16.840000,117,5.721000,11.119000,64419.90,107420.48,0.00004268,0.000000,0.000000,0
2026-07-26 00:39:00,64419.90,64423.60,64419.80,64423.60,32.396000,160,23.887000,8.509000,64420.09,107411.65,0.00004268,0.000000,0.000000,0
2026-07-26 00:40:00,64423.50,64423.60,64389.70,64389.90,70.420000,385,3.663000,66.757000,64401.24,107396.49,0.00004259,0.000000,0.000000,0
2026-07-26 00:41:00,64389.90,64390.00,64385.90,64385.90,13.381000,146,1.715000,11.666000,64388.38,107436.60,0.00004234,0.000000,0.000000,0
2026-07-26 00:42:00,64385.90,64386.00,64380.80,64380.80,21.678000,151,1.163000,20.515000,64385.19,107438.27,0.00004234,0.000000,0.000000,0
2026-07-26 00:43:00,64380.80,64390.20,64379.30,64390.20,19.046000,208,11.835000,7.211000,64383.23,107427.11,0.00004220,0.000000,0.000000,0
2026-07-26 00:44:00,64390.10,64390.20,64390.10,64390.10,10.572000,84,2.992000,7.580000,64390.13,107423.26,0.00004196,0.000000,0.000000,0
2026-07-26 00:45:00,64390.10,64390.20,64388.10,64388.20,5.809000,78,2.781000,3.028000,64389.18,107425.90,0.00004203,0.000000,0.000000,0
2026-07-26 00:46:00,64388.10,64388.20,64370.20,64380.00,17.631000,281,5.301000,12.330000,64378.57,107428.16,0.00004203,0.000000,0.000000,0
2026-07-26 00:47:00,64380.00,64391.00,64380.00,64390.90,27.729000,157,23.109000,4.620000,64386.68,107428.86,0.00004172,0.000000,0.012000,0
2026-07-26 00:48:00,64390.90,64395.50,64390.90,64395.50,10.777000,128,9.462000,1.315000,64394.92,107436.70,0.00004173,0.000000,0.000000,0
2026-07-26 00:49:00,64395.50,64402.20,64395.40,64402.20,9.642000,178,8.925000,0.717000,64396.92,107435.93,0.00004173,0.000000,0.000000,0
2026-07-26 00:50:00,64402.20,64403.50,64395.40,64395.40,21.030000,172,10.876000,10.154000,64400.78,107439.45,0.00004208,0.000000,0.000000,0
2026-07-26 00:51:00,64395.40,64403.50,64393.00,64403.40,18.693000,222,12.800000,5.893000,64398.44,107440.03,0.00004253,0.000000,0.000000,0
2026-07-26 00:52:00,64403.40,64416.10,64403.40,64416.10,17.187000,197,15.915000,1.272000,64409.09,107428.44,0.00004253,0.000000,0.000000,0
2026-07-26 00:53:00,64416.00,64416.10,64416.00,64416.10,10.216000,107,9.114000,1.102000,64416.09,107434.12,0.00004261,0.000000,0.000000,0
2026-07-26 00:54:00,64416.10,64452.60,64416.00,64452.50,91.911000,460,82.079000,9.832000,64441.98,107436.88,0.00004307,0.000000,0.000000,0
2026-07-26 00:55:00,64452.60,64452.60,64446.00,64446.00,19.061000,193,10.440000,8.621000,64451.74,107429.15,0.00004355,0.000000,0.000000,0
2026-07-26 00:56:00,64446.10,64446.10,64437.80,64446.00,25.578000,219,13.072000,12.506000,64443.00,107429.66,0.00004355,0.000000,0.000000,0
2026-07-26 00:57:00,64445.90,64452.60,64445.90,64452.60,15.769000,187,13.488000,2.281000,64447.77,107429.57,0.00004393,0.261000,0.189000,0
2026-07-26 00:58:00,64452.50,64475.50,64452.50,64459.90,60.406000,514,47.848000,12.558000,64467.68,107429.87,0.00004409,0.141000,0.003000,0
2026-07-26 00:59:00,64459.90,64472.00,64459.50,64467.60,61.101000,400,48.507000,12.594000,64465.43,107440.73,0.00004409,0.000000,0.000000,0
2026-07-26 01:00:00,64467.60,64482.70,64467.60,64482.70,114.110000,505,97.487000,16.623000,64475.21,107472.51,0.00004477,0.147000,0.000000,0
2026-07-26 01:01:00,64482.60,64514.10,64482.60,64507.20,412.531000,1514,300.130000,112.401000,64501.52,107507.23,0.00004519,0.800000,0.000000,0
2026-07-26 01:02:00,64507.20,64507.30,64476.20,64476.20,42.037000,451,13.834000,28.203000,64496.10,107496.58,0.00004555,0.000000,0.000000,0
2026-07-26 01:03:00,64476.20,64476.30,64462.90,64465.00,28.123000,309,11.636000,16.487000,64465.94,107493.72,0.00004555,0.000000,0.000000,0
2026-07-26 01:04:00,64465.10,64465.10,64438.80,64448.00,84.630000,440,22.251000,62.379000,64446.13,107485.87,0.00004505,0.000000,0.000000,0
2026-07-26 01:05:00,64447.90,64448.00,64447.90,64447.90,11.944000,139,1.743000,10.201000,64447.91,107484.06,0.00004411,0.000000,0.000000,0
2026-07-26 01:06:00,64448.00,64464.80,64447.90,64461.30,27.616000,327,13.713000,13.903000,64457.00,107482.40,0.00004411,0.007000,0.000000,0
2026-07-26 01:07:00,64461.30,64472.50,64457.70,64457.80,30.148000,329,17.693000,12.455000,64463.33,107483.52,0.00004414,0.000000,0.000000,0
2026-07-26 01:08:00,64457.80,64457.80,64453.40,64453.40,7.780000,186,2.016000,5.764000,64456.28,107483.54,0.00004434,0.000000,0.000000,0
2026-07-26 01:09:00,64453.50,64453.50,64447.00,64447.10,14.200000,168,3.509000,10.691000,64450.43,107481.74,0.00004401,0.000000,0.000000,0
2026-07-26 01:10:00,64447.00,64447.10,64447.00,64447.00,6.140000,120,1.516000,4.624000,64447.02,107484.63,0.00004401,0.000000,0.000000,0
2026-07-26 01:11:00,64447.00,64452.40,64432.20,64445.50,54.873000,417,19.947000,34.926000,64444.54,107490.87,0.00004374,0.000000,0.000000,0
2026-07-26 01:12:00,64445.40,64472.90,64442.50,64472.80,27.095000,337,19.315000,7.780000,64448.88,107485.80,0.00004352,0.000000,0.000000,0
2026-07-26 01:13:00,64472.90,64472.90,64462.10,64462.20,10.836000,209,2.142000,8.694000,64465.49,107481.15,0.00004352,0.000000,0.000000,0
2026-07-26 01:14:00,64462.10,64462.50,64462.10,64462.50,8.160000,129,5.048000,3.112000,64462.29,107481.17,0.00004368,0.019000,0.000000,0
2026-07-26 01:15:00,64462.40,64472.70,64462.40,64472.60,25.116000,194,20.099000,5.017000,64464.10,107477.60,0.00004353,0.000000,0.000000,0
2026-07-26 01:16:00,64472.60,64475.30,64460.70,64460.80,28.308000,244,11.790000,16.518000,64468.51,107461.61,0.00004345,0.000000,0.000000,0
2026-07-26 01:17:00,64460.80,64460.80,64460.70,64460.70,6.045000,123,1.877000,4.168000,64460.73,107457.62,0.00004345,0.000000,0.000000,0
2026-07-26 01:18:00,64460.70,64460.80,64455.10,64455.10,10.668000,165,3.181000,7.487000,64459.23,107456.78,0.00004333,0.000000,0.000000,0
2026-07-26 01:19:00,64455.10,64455.20,64455.10,64455.10,17.371000,129,14.216000,3.155000,64455.18,107455.23,0.00004316,0.000000,0.000000,0
2026-07-26 01:20:00,64455.20,64465.00,64455.10,64464.90,15.313000,167,13.410000,1.903000,64459.38,107458.06,0.00004316,0.000000,0.000000,0
2026-07-26 01:21:00,64465.00,64465.00,64441.60,64444.40,23.101000,285,4.211000,18.890000,64452.31,107455.54,0.00004307,0.000000,0.000000,0
2026-07-26 01:22:00,64444.40,64444.50,64444.40,64444.40,10.797000,95,2.371000,8.426000,64444.42,107447.27,0.00004314,0.000000,0.000000,0
2026-07-26 01:23:00,64444.50,64444.50,64444.40,64444.50,6.778000,95,2.026000,4.752000,64444.43,107445.85,0.00004314,0.000000,0.000000,0
2026-07-26 01:24:00,64444.50,64444.50,64444.40,64444.50,4.317000,95,1.757000,2.560000,64444.44,107445.78,0.00004266,0.000000,0.000000,0
2026-07-26 01:25:00,64444.50,64444.50,64444.30,64444.50,12.028000,101,2.260000,9.768000,64444.42,107445.76,0.00004204,0.000000,0.000000,0
2026-07-26 01:26:00,64444.40,64444.50,64443.10,64443.20,7.829000,112,1.395000,6.434000,64444.19,107448.35,0.00004152,0.000000,0.000000,0
2026-07-26 01:27:00,64443.20,64443.20,64440.10,64440.10,14.363000,116,3.029000,11.334000,64442.13,107451.29,0.00004152,0.000000,0.000000,0
2026-07-26 01:28:00,64440.10,64440.10,64434.20,64434.20,12.958000,169,1.015000,11.943000,64436.12,107452.96,0.00004106,0.000000,0.000000,0
2026-07-26 01:29:00,64434.30,64444.80,64434.20,64444.80,17.922000,149,15.661000,2.261000,64439.92,107448.65,0.00004051,0.000000,0.000000,0
2026-07-26 01:30:00,64444.70,64444.80,64444.70,64444.80,5.141000,98,3.270000,1.871000,64444.76,107453.81,0.00004051,0.000000,0.000000,0
2026-07-26 01:31:00,64444.70,64465.60,64444.70,64465.20,67.511000,412,41.196000,26.315000,64459.17,107453.00,0.00004021,0.000000,0.000000,0
2026-07-26 01:32:00,64465.30,64465.30,64451.50,64454.50,40.635000,226,6.044000,34.591000,64460.69,107502.49,0.00004026,0.000000,0.000000,0
2026-07-26 01:33:00,64454.50,64457.70,64454.40,64457.60,19.783000,139,6.434000,13.349000,64457.26,107495.44,0.00004028,0.000000,0.000000,0
2026-07-26 01:34:00,64457.70,64457.70,64450.30,64454.40,12.462000,168,6.806000,5.656000,64453.83,107495.13,0.00004028,0.000000,0.000000,0
2026-07-26 01:35:00,64454.30,64463.40,64454.30,64463.40,9.367000,192,7.919000,1.448000,64460.62,107493.11,0.00004034,0.000000,0.000000,0
2026-07-26 01:36:00,64463.40,64473.10,64463.30,64470.10,30.313000,199,19.437000,10.876000,64468.54,107495.94,0.00004042,0.000000,0.000000,0
2026-07-26 01:37:00,64470.10,64470.10,64470.00,64470.10,8.563000,89,4.329000,4.234000,64470.05,107492.44,0.00004042,0.000000,0.000000,0
2026-07-26 01:38:00,64470.10,64470.10,64469.00,64469.10,10.444000,117,1.250000,9.194000,64469.72,107491.01,0.00004080,0.000000,0.000000,0
2026-07-26 01:39:00,64469.00,64469.10,64450.00,64450.00,40.578000,265,3.979000,36.599000,64461.82,107472.20,0.00004111,0.000000,0.000000,0
2026-07-26 01:40:00,64450.10,64460.80,64450.00,64460.70,7.341000,182,5.569000,1.772000,64453.51,107470.11,0.00004111,0.000000,0.000000,0
2026-07-26 01:41:00,64460.70,64460.80,64460.70,64460.70,3.906000,78,1.565000,2.341000,64460.74,107469.67,0.00004091,0.000000,0.000000,0
2026-07-26 01:42:00,64460.80,64460.80,64433.00,64433.00,39.472000,307,3.288000,36.184000,64446.29,107471.44,0.00004090,0.000000,0.000000,0
2026-07-26 01:43:00,64433.10,64433.10,64433.00,64433.10,11.382000,86,5.270000,6.112000,64433.05,107462.00,0.00004070,0.000000,0.000000,0
2026-07-26 01:44:00,64433.00,64433.90,64433.00,64433.90,9.985000,109,5.019000,4.966000,64433.46,107462.35,0.00004070,0.000000,0.000000,0
2026-07-26 01:45:00,64433.90,64450.00,64433.60,64450.00,27.497000,222,10.174000,17.323000,64434.69,107467.48,0.00004015,0.000000,0.000000,0
2026-07-26 01:46:00,64450.00,64450.00,64438.10,64438.10,25.358000,189,3.550000,21.808000,64441.80,107466.89,0.00003973,0.000000,0.000000,0
2026-07-26 01:47:00,64438.10,64438.20,64430.00,64436.50,15.507000,200,5.927000,9.580000,64433.91,107471.67,0.00003973,0.000000,0.000000,0
2026-07-26 01:48:00,64436.60,64441.60,64436.40,64440.30,12.834000,174,5.205000,7.629000,64439.07,107471.76,0.00003972,0.000000,0.000000,0
2026-07-26 01:49:00,64440.40,64446.10,64440.40,64441.00,9.648000,137,2.341000,7.307000,64443.02,107472.39,0.00003979,0.000000,0.000000,0
2026-07-26 01:50:00,64441.00,64444.30,64424.40,64444.30,51.268000,373,39.224000,12.044000,64431.97,107474.14,0.00004008,0.000000,0.000000,0
2026-07-26 01:51:00,64444.30,64444.30,64435.50,64439.60,5.643000,161,1.192000,4.451000,64440.70,107467.29,0.00004008,0.000000,0.000000,0
2026-07-26 01:52:00,64439.60,64439.60,64439.50,64439.60,4.673000,87,1.458000,3.215000,64439.53,107467.04,0.00003998,0.007000,0.000000,0
2026-07-26 01:53:00,64439.60,64456.50,64439.60,64445.60,32.828000,361,13.785000,19.043000,64449.82,107470.74,0.00004032,0.000000,0.000000,0
2026-07-26 01:54:00,64445.70,64445.70,64445.60,64445.70,1.623000,73,1.138000,0.485000,64445.67,107469.09,0.00004032,0.000000,0.000000,0
2026-07-26 01:55:00,64445.70,64460.50,64445.60,64451.20,19.794000,286,14.071000,5.723000,64456.09,107470.74,0.00004052,0.000000,0.000000,0
2026-07-26 01:56:00,64451.10,64458.70,64451.10,64455.40,5.025000,149,2.820000,2.205000,64455.90,107470.58,0.00004090,0.000000,0.001000,0
2026-07-26 01:57:00,64455.30,64455.40,64445.10,64445.10,10.538000,169,5.807000,4.731000,64447.70,107470.77,0.00004090,0.000000,0.000000,0
2026-07-26 01:58:00,64445.20,64445.20,64424.40,64430.10,44.598000,259,7.888000,36.710000,64430.49,107470.63,0.00004120,0.000000,0.000000,0
2026-07-26 01:59:00,64430.10,64430.10,64422.60,64422.90,8.710000,137,3.543000,5.167000,64424.65,107452.13,0.00004118,0.000000,0.000000,0
2026-07-26 02:00:00,64423.00,64434.30,64422.90,64434.30,13.099000,215,8.426000,4.673000,64426.17,107450.40,0.00004101,0.000000,0.001000,0
2026-07-26 02:01:00,64434.20,64438.50,64434.20,64438.50,6.877000,152,5.141000,1.736000,64438.10,107451.05,0.00004101,0.000000,0.000000,0
2026-07-26 02:02:00,64438.50,64443.00,64432.00,64435.90,36.657000,276,10.010000,26.647000,64437.60,107454.11,0.00004113,0.000000,0.008000,0
2026-07-26 02:03:00,64436.00,64442.50,64435.90,64436.50,15.844000,181,6.285000,9.559000,64438.57,107451.84,0.00004154,0.000000,0.000000,0
2026-07-26 02:04:00,64436.60,64436.60,64422.50,64424.90,39.289000,335,28.372000,10.917000,64428.55,107447.34,0.00004154,0.000000,0.000000,0
2026-07-26 02:05:00,64425.00,64428.80,64424.90,64425.40,27.466000,148,13.653000,13.813000,64426.98,107447.71,0.00004168,0.000000,0.000000,0
2026-07-26 02:06:00,64425.50,64425.50,64394.00,64411.20,50.816000,463,9.122000,41.694000,64406.75,107442.28,0.00004185,0.000000,0.000000,0
2026-07-26 02:07:00,64411.20,64411.30,64408.30,64408.30,7.539000,150,0.911000,6.628000,64409.70,107441.68,0.00004215,0.015000,0.000000,0
2026-07-26 02:08:00,64408.40,64408.40,64408.30,64408.30,10.680000,99,2.266000,8.414000,64408.32,107444.86,0.00004215,0.000000,0.000000,0
2026-07-26 02:09:00,64408.40,64408.40,64400.30,64400.30,14.699000,208,2.172000,12.527000,64402.51,107445.75,0.00004231,0.000000,0.000000,0
2026-07-26 02:10:00,64400.40,64412.20,64400.30,64412.10,20.120000,212,17.600000,2.520000,64404.07,107443.39,0.00004240,0.000000,0.000000,0
2026-07-26 02:11:00,64412.20,64428.60,64412.10,64428.60,18.292000,245,12.988000,5.304000,64416.35,107450.83,0.00004240,0.000000,0.000000,0
2026-07-26 02:12:00,64428.60,64428.60,64428.50,64428.60,3.819000,102,1.448000,2.371000,64428.54,107451.54,0.00004264,0.000000,0.000000,0
2026-07-26 02:13:00,64428.60,64438.30,64428.50,64438.30,26.698000,159,21.028000,5.670000,64430.72,107449.24,0.00004329,0.000000,0.000000,0
2026-07-26 02:14:00,64438.20,64447.80,64438.20,64447.80,14.877000,159,13.091000,1.786000,64444.11,107449.18,0.00004329,0.000000,0.000000,0
2026-07-26 02:15:00,64447.70,64450.50,64447.70,64450.50,18.031000,134,13.870000,4.161000,64449.34,107458.10,0.00004403,0.000000,0.000000,0
2026-07-26 02:16:00,64450.40,64450.50,64450.40,64450.50,4.248000,103,3.652000,0.596000,64450.49,107460.87,0.00004483,0.000000,0.000000,0
2026-07-26 02:17:00,64450.50,64450.50,64446.40,64446.50,13.652000,116,2.216000,11.436000,64449.24,107461.73,0.00004578,0.000000,0.000000,0
2026-07-26 02:18:00,64446.50,64446.50,64446.40,64446.40,2.621000,68,1.557000,1.064000,64446.46,107466.90,0.00004578,0.000000,0.000000,0
2026-07-26 02:19:00,64446.50,64446.50,64446.40,64446.50,14.813000,88,7.567000,7.246000,64446.45,107468.28,0.00004662,0.000000,0.000000,0
2026-07-26 02:20:00,64446.50,64446.50,64437.80,64437.80,8.011000,137,0.800000,7.211000,64442.13,107472.52,0.00004712,0.000000,0.000000,0
2026-07-26 02:21:00,64437.90,64437.90,64421.10,64421.20,16.648000,207,1.769000,14.879000,64431.02,107475.11,0.00004712,0.000000,0.000000,0
2026-07-26 02:22:00,64421.10,64441.50,64421.10,64441.50,21.641000,252,19.223000,2.418000,64429.21,107472.17,0.00004723,0.000000,0.000000,0
2026-07-26 02:23:00,64441.40,64453.10,64441.40,64453.10,8.272000,215,7.059000,1.213000,64448.26,107468.37,0.00004725,0.000000,0.006000,0
2026-07-26 02:24:00,64453.10,64453.10,64425.00,64425.10,26.299000,325,5.439000,20.860000,64443.91,107468.80,0.00004781,0.000000,0.022000,0
2026-07-26 02:25:00,64425.10,64425.10,64412.60,64412.70,25.846000,235,1.489000,24.357000,64421.51,107470.32,0.00004781,0.009000,0.000000,0
2026-07-26 02:26:00,64412.70,64417.60,64412.60,64417.60,7.220000,177,4.628000,2.592000,64413.48,107471.63,0.00004796,0.000000,0.000000,0
2026-07-26 02:27:00,64417.50,64417.60,64417.50,64417.60,5.426000,120,3.240000,2.186000,64417.56,107470.49,0.00004762,0.000000,0.000000,0
2026-07-26 02:28:00,64417.60,64451.30,64417.60,64447.20,60.856000,401,55.722000,5.134000,64432.08,107478.54,0.00004762,0.000000,0.000000,0
2026-07-26 02:29:00,64447.20,64452.10,64445.20,64452.10,11.306000,194,7.595000,3.711000,64446.23,107479.44,0.00004765,0.000000,0.004000,0
2026-07-26 02:30:00,64452.10,64452.20,64452.10,64452.20,8.834000,139,4.044000,4.790000,64452.15,107476.71,0.00004824,0.000000,0.000000,0
2026-07-26 02:31:00,64452.20,64459.20,64452.10,64453.40,16.080000,236,10.230000,5.850000,64455.53,107477.92,0.00004888,0.000000,0.000000,0
2026-07-26 02:32:00,64453.40,64453.40,64427.40,64427.50,18.519000,327,3.035000,15.484000,64438.32,107484.33,0.00004888,0.000000,0.000000,0
2026-07-26 02:33:00,64427.50,64427.50,64413.60,64413.70,19.196000,205,8.890000,10.306000,64417.81,107479.17,0.00004939,0.000000,0.000000,0
2026-07-26 02:34:00,64413.60,64413.70,64400.00,64400.00,22.756000,206,1.807000,20.949000,64410.48,107482.03,0.00004925,0.000000,0.000000,0
2026-07-26 02:35:00,64400.10,64415.10,64398.00,64415.00,16.198000,245,10.411000,5.787000,64405.02,107486.29,0.00004925,0.000000,0.000000,0
2026-07-26 02:36:00,64415.10,64415.10,64398.80,64398.80,17.633000,222,3.091000,14.542000,64405.82,107483.90,0.00004912,0.000000,0.000000,0
2026-07-26 02:37:00,64398.90,64416.00,64398.80,64416.00,23.428000,240,18.577000,4.851000,64402.83,107481.07,0.00004923,0.000000,0.000000,0
2026-07-26 02:38:00,64416.00,64416.00,64415.90,64415.90,8.929000,85,7.766000,1.163000,64415.99,107484.08,0.00004907,0.000000,0.000000,0
2026-07-26 02:39:00,64416.00,64416.00,64415.90,64415.90,2.899000,78,0.610000,2.289000,64415.92,107486.75,0.00004907,0.000000,0.000000,0
2026-07-26 02:40:00,64415.90,64416.00,64415.90,64415.90,2.512000,75,0.321000,2.191000,64415.91,107487.18,0.00004970,0.000000,0.000000,0
2026-07-26 02:41:00,64415.90,64415.90,64412.50,64412.50,10.341000,119,1.460000,8.881000,64413.38,107486.74,0.00005034,0.000000,0.000000,0
2026-07-26 02:42:00,64412.50,64412.60,64410.00,64410.00,5.666000,102,1.851000,3.815000,64411.04,107487.13,0.00005034,0.000000,0.000000,0
2026-07-26 02:43:00,64410.00,64410.10,64410.00,64410.00,7.862000,98,6.375000,1.487000,64410.08,107491.40,0.00005074,0.000000,0.000000,0
2026-07-26 02:44:00,64410.00,64410.10,64410.00,64410.00,2.926000,87,0.621000,2.305000,64410.02,107491.48,0.00005092,0.000000,0.000000,0
2026-07-26 02:45:00,64410.00,64410.10,64410.00,64410.10,2.626000,80,1.000000,1.626000,64410.04,107491.26,0.00005108,0.000000,0.000000,0
2026-07-26 02:46:00,64410.10,64410.10,64410.00,64410.00,4.705000,81,1.358000,3.347000,64410.03,107491.29,0.00005108,0.000000,0.000000,0
2026-07-26 02:47:00,64410.10,64410.10,64410.00,64410.00,10.283000,84,8.416000,1.867000,64410.08,107495.49,0.00005127,0.093000,0.000000,0
2026-07-26 02:48:00,64410.10,64410.10,64410.00,64410.10,4.958000,74,1.058000,3.900000,64410.02,107497.76,0.00005143,0.000000,0.000000,0
2026-07-26 02:49:00,64410.10,64438.90,64410.10,64438.80,23.922000,328,21.487000,2.435000,64424.43,107498.49,0.00005143,0.000000,0.000000,0
2026-07-26 02:50:00,64438.90,64444.00,64434.80,64442.90,47.158000,202,32.918000,14.240000,64437.41,107495.18,0.00005163,0.000000,0.000000,0
2026-07-26 02:51:00,64442.80,64472.60,64442.80,64472.50,24.317000,310,20.057000,4.260000,64455.50,107489.76,0.00005211,0.000000,0.000000,0
2026-07-26 02:52:00,64472.50,64479.50,64472.40,64479.40,31.546000,216,29.269000,2.277000,64476.59,107482.60,0.00005211,0.000000,0.000000,0
2026-07-26 02:53:00,64479.40,64490.70,64479.40,64490.70,41.209000,225,32.169000,9.040000,64483.69,107494.09,0.00005257,0.175000,0.000000,0
2026-07-26 02:54:00,64490.70,64490.70,64483.50,64483.60,17.564000,178,10.869000,6.695000,64486.24,107492.51,0.00005309,0.000000,0.000000,0
2026-07-26 02:55:00,64483.50,64498.40,64483.50,64498.40,25.607000,234,21.685000,3.922000,64493.38,107493.18,0.00005361,0.000000,0.000000,0
2026-07-26 02:56:00,64498.40,64498.40,64485.00,64487.60,35.021000,227,19.802000,15.219000,64490.85,107494.37,0.00005361,0.000000,0.000000,0
2026-07-26 02:57:00,64487.70,64500.00,64487.60,64499.90,47.780000,242,44.037000,3.743000,64496.12,107480.75,0.00005423,0.000000,0.000000,0
2026-07-26 02:58:00,64500.00,64500.00,64494.10,64494.10,47.617000,179,4.828000,42.789000,64497.13,107475.86,0.00005449,0.000000,0.000000,0
2026-07-26 02:59:00,64494.10,64494.30,64490.20,64494.30,37.926000,166,16.490000,21.436000,64493.38,107474.48,0.00005449,0.000000,0.000000,0
2026-07-26 03:00:00,64494.20,64494.30,64490.60,64490.60,16.077000,131,3.311000,12.766000,64493.35,107476.54,0.00005473,0.000000,0.000000,0
2026-07-26 03:01:00,64490.60,64510.20,64490.60,64510.10,46.374000,300,42.381000,3.993000,64498.86,107463.52,0.00005470,0.000000,0.000000,0
2026-07-26 03:02:00,64510.10,64510.20,64491.00,64491.10,27.333000,286,9.943000,17.390000,64500.37,107472.90,0.00005462,0.000000,0.000000,0
2026-07-26 03:03:00,64491.00,64491.00,64471.30,64471.40,24.906000,280,7.759000,17.147000,64477.61,107488.53,0.00005462,0.000000,0.000000,0
2026-07-26 03:04:00,64471.40,64471.40,64466.10,64466.20,14.344000,145,3.156000,11.188000,64467.47,107487.42,0.00005432,0.000000,0.000000,0
2026-07-26 03:05:00,64466.10,64474.30,64464.60,64464.60,21.054000,248,9.310000,11.744000,64469.09,107488.54,0.00005373,0.000000,0.000000,0
2026-07-26 03:06:00,64464.70,64464.70,64453.30,64459.00,11.645000,267,4.738000,6.907000,64458.90,107487.29,0.00005373,0.000000,0.000000,0
2026-07-26 03:07:00,64459.00,64466.40,64459.00,64462.30,17.310000,220,6.407000,10.903000,64463.39,107486.98,0.00005306,0.000000,0.000000,0
2026-07-26 03:08:00,64462.40,64462.40,64457.60,64457.60,5.257000,146,2.094000,3.163000,64459.44,107489.11,0.00005254,0.000000,0.000000,0
2026-07-26 03:09:00,64457.70,64464.90,64457.60,64464.80,16.005000,134,10.368000,5.637000,64463.06,107483.52,0.00005196,0.000000,0.000000,0
2026-07-26 03:10:00,64464.80,64474.40,64453.20,64474.40,24.558000,363,15.968000,8.590000,64460.53,107480.32,0.00005196,0.000000,0.000000,0
2026-07-26 03:11:00,64474.30,64474.40,64466.60,64466.60,19.538000,175,3.869000,15.669000,64472.33,107484.71,0.00005160,0.000000,0.000000,0
2026-07-26 03:12:00,64466.70,64476.40,64466.60,64476.40,16.004000,194,14.197000,1.807000,64468.50,107483.56,0.00005085,0.000000,0.000000,0
2026-07-26 03:13:00,64476.30,64511.20,64476.30,64511.20,34.139000,378,29.034000,5.105000,64497.40,107475.93,0.00005085,0.000000,0.000000,0
2026-07-26 03:14:00,64511.20,64546.80,64511.10,64539.70,124.386000,815,103.047000,21.339000,64530.52,107475.93,0.00005038,1.384000,0.000000,0
2026-07-26 03:15:00,64539.80,64553.90,64532.60,64550.00,79.137000,646,50.941000,28.196000,64548.26,107464.22,0.00005075,0.322000,0.000000,0
2026-07-26 03:16:00,64550.00,64550.10,64503.80,64514.90,148.421000,870,36.763000,111.658000,64536.69,107465.52,0.00005075,0.000000,0.000000,0
2026-07-26 03:17:00,64515.00,64519.70,64514.90,64519.70,21.249000,245,12.065000,9.184000,64519.01,107465.83,0.00005106,0.000000,0.000000,0
2026-07-26 03:18:00,64519.60,64524.70,64519.60,64519.60,20.073000,201,10.964000,9.109000,64522.23,107440.06,0.00005112,0.000000,0.000000,0
2026-07-26 03:19:00,64519.60,64519.70,64508.40,64508.40,10.143000,177,1.115000,9.028000,64514.06,107438.26,0.00005145,0.000000,0.000000,0
2026-07-26 03:20:00,64508.50,64508.50,64505.60,64508.40,11.951000,136,4.823000,7.128000,64507.67,107442.03,0.00005145,0.000000,0.000000,0
2026-07-26 03:21:00,64508.50,64527.00,64508.50,64527.00,21.510000,266,19.140000,2.370000,64515.51,107439.59,0.00005111,0.000000,0.000000,0
2026-07-26 03:22:00,64527.00,64527.00,64518.40,64523.10,17.693000,205,8.675000,9.018000,64522.25,107437.04,0.00005107,0.000000,0.000000,0
2026-07-26 03:23:00,64523.10,64533.90,64523.00,64533.90,15.354000,217,11.265000,4.089000,64528.32,107438.51,0.00005107,0.000000,0.000000,0
2026-07-26 03:24:00,64533.80,64533.90,64528.50,64528.60,17.293000,184,6.725000,10.568000,64532.15,107433.56,0.00005097,0.000000,0.000000,0
2026-07-26 03:25:00,64528.60,64528.60,64523.90,64524.00,16.992000,142,4.510000,12.482000,64527.62,107434.42,0.00005125,0.000000,0.000000,0
2026-07-26 03:26:00,64524.00,64524.00,64523.90,64524.00,13.208000,110,9.567000,3.641000,64523.97,107427.38,0.00005117,0.000000,0.000000,0
2026-07-26 03:27:00,64524.00,64524.00,64517.30,64517.30,17.427000,133,3.352000,14.075000,64523.10,107427.17,0.00005117,0.000000,0.000000,0
2026-07-26 03:28:00,64517.40,64517.40,64509.90,64509.90,13.977000,175,2.309000,11.668000,64511.91,107427.65,0.00005076,0.000000,0.000000,0
2026-07-26 03:29:00,64510.00,64510.00,64503.00,64504.60,17.345000,143,3.414000,13.931000,64506.42,107421.85,0.00005040,0.000000,0.000000,0
2026-07-26 03:30:00,64504.50,64523.90,64504.40,64523.80,73.704000,242,50.519000,23.185000,64514.33,107418.87,0.00005040,0.000000,0.000000,0
2026-07-26 03:31:00,64523.80,64523.90,64512.60,64515.80,29.471000,219,4.263000,25.208000,64518.13,107429.95,0.00004993,0.000000,0.000000,0
2026-07-26 03:32:00,64515.80,64516.00,64515.70,64515.90,22.837000,109,10.825000,12.012000,64515.87,107438.26,0.00005004,0.000000,0.000000,0
2026-07-26 03:33:00,64516.00,64522.00,64515.90,64521.90,8.738000,147,6.617000,2.121000,64516.97,107428.66,0.00005015,0.000000,0.000000,0
2026-07-26 03:34:00,64521.90,64542.10,64521.90,64542.10,17.866000,248,15.065000,2.801000,64532.03,107428.20,0.00005015,0.008000,0.000000,0
2026-07-26 03:35:00,64542.10,64543.70,64535.00,64543.60,21.369000,235,10.653000,10.716000,64537.35,107426.66,0.00005040,0.000000,0.000000,0
2026-07-26 03:36:00,64543.70,64543.70,64535.60,64539.70,13.298000,188,7.203000,6.095000,64538.85,107420.27,0.00005043,0.000000,0.000000,0
2026-07-26 03:37:00,64539.60,64542.00,64539.60,64541.90,20.802000,133,8.717000,12.085000,64541.51,107418.43,0.00005043,0.000000,0.000000,0
2026-07-26 03:38:00,64542.00,64542.00,64541.90,64541.90,13.666000,100,8.344000,5.322000,64541.96,107421.74,0.00005032,0.000000,0.000000,0
2026-07-26 03:39:00,64541.90,64542.00,64541.90,64542.00,15.303000,122,6.011000,9.292000,64541.94,107420.29,0.00005032,0.000000,0.000000,0
2026-07-26 03:40:00,64542.00,64549.80,64541.90,64549.70,26.635000,247,23.987000,2.648000,64546.99,107421.06,0.00005014,0.000000,0.000000,0
2026-07-26 03:41:00,64549.70,64549.70,64529.80,64533.20,97.808000,498,16.645000,81.163000,64536.81,107418.03,0.00005014,0.000000,0.000000,0
2026-07-26 03:42:00,64533.10,64534.40,64533.10,64534.30,7.342000,183,3.619000,3.723000,64534.30,107371.71,0.00005013,0.000000,0.000000,0
2026-07-26 03:43:00,64534.40,64536.50,64534.30,64536.50,10.181000,159,5.126000,5.055000,64535.60,107369.65,0.00004970,0.000000,0.000000,0
2026-07-26 03:44:00,64536.50,64536.50,64517.00,64519.50,16.111000,297,3.914000,12.197000,64524.81,107370.22,0.00004970,0.000000,0.000000,0
2026-07-26 03:45:00,64519.60,64519.60,64505.00,64510.60,40.635000,272,7.539000,33.096000,64514.53,107372.21,0.00004934,0.000000,0.000000,0
2026-07-26 03:46:00,64510.50,64526.20,64510.50,64526.20,28.885000,200,25.174000,3.711000,64517.88,107351.94,0.00004861,0.000000,0.000000,0
2026-07-26 03:47:00,64526.20,64526.20,64516.10,64517.50,53.393000,183,11.436000,41.957000,64523.17,107340.01,0.00004861,0.000000,0.000000,0
2026-07-26 03:48:00,64517.60,64517.60,64517.50,64517.60,8.831000,105,2.046000,6.785000,64517.52,107354.71,0.00004810,0.000000,0.000000,0
2026-07-26 03:49:00,64517.50,64517.60,64514.00,64514.00,8.160000,128,2.744000,5.416000,64517.34,107350.81,0.00004796,0.078000,0.000000,0
2026-07-26 03:50:00,64514.10,64514.10,64514.00,64514.10,13.012000,101,6.229000,6.783000,64514.05,107346.23,0.00004788,0.000000,0.000000,0
2026-07-26 03:51:00,64514.10,64514.10,64514.00,64514.10,3.082000,75,0.676000,2.406000,64514.02,107346.54,0.00004788,0.000000,0.000000,0
2026-07-26 03:52:00,64514.10,64514.10,64514.00,64514.00,4.909000,90,0.956000,3.953000,64514.02,107345.06,0.00004760,0.000000,0.000000,0
2026-07-26 03:53:00,64514.00,64514.10,64511.10,64511.30,22.666000,104,16.159000,6.507000,64511.47,107345.73,0.00004741,0.000000,0.000000,0
2026-07-26 03:54:00,64511.20,64514.10,64511.20,64514.10,7.293000,102,4.190000,3.103000,64512.65,107345.02,0.00004741,0.005000,0.002000,0
2026-07-26 03:55:00,64514.00,64514.10,64510.60,64514.00,17.578000,116,3.665000,13.913000,64513.79,107346.97,0.00004711,0.000000,0.000000,0
2026-07-26 03:56:00,64514.00,64514.10,64514.00,64514.00,5.810000,104,1.490000,4.320000,64514.03,107353.82,0.00004694,0.000000,0.000000,0
2026-07-26 03:57:00,64514.10,64514.10,64502.70,64502.70,14.589000,195,2.614000,11.975000,64505.47,107354.29,0.00004678,0.000000,0.000000,0
2026-07-26 03:58:00,64502.70,64508.00,64502.70,64504.30,15.696000,159,5.468000,10.228000,64505.98,107347.71,0.00004678,0.000000,0.000000,0
2026-07-26 03:59:00,64504.30,64504.40,64500.00,64500.00,18.703000,123,4.369000,14.334000,64501.72,107346.26,0.00004655,0.000000,0.000000,0
2026-07-26 04:00:00,64500.00,64523.90,64500.00,64518.90,57.583000,338,47.503000,10.080000,64507.85,107350.13,0.00004644,0.000000,0.000000,0
2026-07-26 04:01:00,64518.80,64523.70,64513.10,64513.20,42.453000,271,11.180000,31.273000,64519.25,107346.28,0.00004644,0.000000,0.000000,0
2026-07-26 04:02:00,64513.10,64513.20,64503.00,64506.10,69.101000,286,57.384000,11.717000,64504.96,107356.84,0.00004595,0.000000,0.000000,0
2026-07-26 04:03:00,64506.10,64506.10,64499.10,64499.10,17.995000,149,2.158000,15.837000,64501.88,107358.43,0.00004575,0.000000,0.000000,0
2026-07-26 04:04:00,64499.10,64499.10,64499.00,64499.00,3.986000,105,0.919000,3.067000,64499.02,107357.38,0.00004569,0.000000,0.000000,0
2026-07-26 04:05:00,64499.00,64512.00,64499.00,64511.90,15.903000,209,11.844000,4.059000,64502.40,107359.14,0.00004569,0.000000,0.000000,0
2026-07-26 04:06:00,64511.90,64520.60,64511.90,64520.60,22.475000,171,11.223000,11.252000,64515.25,107353.07,0.00004550,0.000000,0.000000,0
2026-07-26 04:07:00,64520.50,64520.60,64499.40,64499.40,18.848000,237,4.614000,14.234000,64507.82,107351.30,0.00004581,0.000000,0.000000,0
2026-07-26 04:08:00,64499.40,64499.50,64489.10,64490.60,17.995000,224,1.879000,16.116000,64494.54,107350.53,0.00004581,0.000000,0.000000,0
2026-07-26 04:09:00,64490.60,64490.70,64476.80,64484.90,22.125000,280,3.069000,19.056000,64482.86,107348.52,0.00004582,0.000000,0.000000,0
2026-07-26 04:10:00,64485.00,64485.00,64478.50,64478.50,14.615000,156,5.638000,8.977000,64479.58,107346.21,0.00004550,0.000000,0.000000,0
2026-07-26 04:11:00,64478.50,64478.60,64478.50,64478.60,8.853000,97,4.040000,4.813000,64478.55,107346.73,0.00004529,0.000000,0.000000,0
2026-07-26 04:12:00,64478.60,64478.60,64478.40,64478.50,3.513000,95,0.946000,2.567000,64478.49,107343.50,0.00004529,0.000000,0.000000,0
2026-07-26 04:13:00,64478.50,64478.50,64477.90,64478.00,7.031000,103,4.151000,2.880000,64478.11,107344.06,0.00004499,0.000000,0.000000,0
2026-07-26 04:14:00,64477.90,64489.10,64473.80,64489.10,20.440000,232,16.013000,4.427000,64479.67,107342.29,0.00004471,0.000000,0.000000,0
2026-07-26 04:15:00,64489.10,64489.10,64474.80,64474.80,25.383000,183,7.423000,17.960000,64479.22,107339.54,0.00004471,0.000000,0.000000,0
2026-07-26 04:16:00,64474.90,64474.90,64452.90,64462.90,77.775000,372,4.082000,73.693000,64462.13,107333.41,0.00004492,0.000000,0.000000,0
2026-07-26 04:17:00,64462.90,64463.00,64462.90,64463.00,6.477000,115,2.605000,3.872000,64462.94,107353.76,0.00004483,0.000000,0.000000,0
2026-07-26 04:18:00,64463.00,64470.90,64462.90,64470.90,12.024000,164,9.037000,2.987000,64464.42,107353.12,0.00004483,0.000000,0.000000,0
2026-07-26 04:19:00,64470.90,64470.90,64470.80,64470.80,5.832000,119,3.110000,2.722000,64470.85,107354.58,0.00004496,0.000000,0.000000,0
2026-07-26 04:20:00,64470.80,64471.90,64470.80,64471.80,14.124000,101,5.028000,9.096000,64471.81,107351.72,0.00004515,0.000000,0.000000,0
2026-07-26 04:21:00,64471.80,64471.90,64471.80,64471.80,2.749000,74,1.413000,1.336000,64471.85,107348.32,0.00004526,0.000000,0.000000,0
2026-07-26 04:22:00,64471.80,64471.90,64471.80,64471.80,2.747000,97,1.175000,1.572000,64471.84,107347.93,0.00004526,0.000000,0.000000,0
2026-07-26 04:23:00,64471.80,64475.00,64471.80,64475.00,9.418000,114,6.939000,2.479000,64473.16,107349.14,0.00004530,0.000000,0.000000,0
2026-07-26 04:24:00,64475.00,64500.00,64475.00,64500.00,53.764000,312,51.998000,1.766000,64489.27,107358.69,0.00004533,0.000000,0.000000,0
2026-07-26 04:25:00,64500.00,64511.20,64499.90,64511.20,15.273000,171,10.636000,4.637000,64507.38,107354.57,0.00004533,0.000000,0.000000,0
2026-07-26 04:26:00,64511.20,64512.30,64509.00,64509.00,26.115000,112,10.497000,15.618000,64511.45,107353.47,0.00004572,0.000000,0.000000,0
2026-07-26 04:27:00,64509.00,64520.30,64509.00,64520.30,9.605000,158,6.272000,3.333000,64511.73,107367.58,0.00004613,0.024000,0.000000,0
2026-07-26 04:28:00,64520.30,64520.30,64520.20,64520.30,9.388000,131,5.349000,4.039000,64520.26,107367.26,0.00004644,0.000000,0.000000,0
2026-07-26 04:29:00,64520.30,64521.30,64520.20,64521.30,15.879000,73,12.444000,3.435000,64520.46,107373.76,0.00004644,0.000000,0.000000,0
2026-07-26 04:30:00,64521.30,64525.10,64521.20,64525.10,15.730000,134,14.021000,1.709000,64522.43,107382.29,0.00004705,0.000000,0.000000,0
2026-07-26 04:31:00,64525.10,64525.10,64525.00,64525.10,12.863000,124,8.068000,4.795000,64525.06,107388.42,0.00004766,0.000000,0.000000,0
2026-07-26 04:32:00,64525.10,64525.40,64512.00,64512.00,40.365000,216,7.968000,32.397000,64521.18,107401.93,0.00004766,0.000000,0.000000,0
2026-07-26 04:33:00,64512.00,64512.10,64510.00,64510.00,5.525000,117,1.457000,4.068000,64511.35,107402.95,0.00004830,0.000000,0.000000,0
2026-07-26 04:34:00,64510.10,64510.10,64510.00,64510.10,12.402000,94,10.469000,1.933000,64510.08,107400.68,0.00004864,0.000000,0.000000,0
2026-07-26 04:35:00,64510.00,64510.10,64510.00,64510.00,5.351000,82,2.769000,2.582000,64510.05,107407.69,0.00004864,0.000000,0.000000,0
2026-07-26 04:36:00,64510.10,64517.00,64510.00,64517.00,14.140000,151,11.710000,2.430000,64513.18,107404.93,0.00004886,0.000000,0.000000,0
2026-07-26 04:37:00,64517.00,64517.00,64509.00,64509.00,20.833000,155,6.963000,13.870000,64514.43,107404.29,0.00004910,0.000000,0.000000,0
2026-07-26 04:38:00,64509.10,64519.40,64509.00,64519.40,8.883000,148,6.484000,2.399000,64510.83,107409.40,0.00004934,0.000000,0.000000,0
2026-07-26 04:39:00,64519.40,64523.90,64519.30,64523.90,10.037000,128,8.794000,1.243000,64520.32,107406.65,0.00004934,0.000000,0.000000,0
2026-07-26 04:40:00,64523.90,64523.90,64523.80,64523.90,6.438000,98,4.736000,1.702000,64523.87,107408.99,0.00004967,0.000000,0.000000,0
2026-07-26 04:41:00,64523.90,64523.90,64523.80,64523.90,7.271000,133,6.002000,1.269000,64523.88,107411.83,0.00005014,0.000000,0.000000,0
2026-07-26 04:42:00,64523.90,64540.60,64523.90,64536.80,64.960000,315,50.592000,14.368000,64532.36,107415.88,0.00005014,0.000000,0.000000,0
2026-07-26 04:43:00,64536.80,64536.80,64536.70,64536.80,6.130000,97,4.587000,1.543000,64536.77,107427.37,0.00005062,0.000000,0.000000,0
2026-07-26 04:44:00,64536.80,64536.80,64530.70,64530.80,10.318000,123,5.008000,5.310000,64532.71,107426.07,0.00005127,0.000000,0.000000,0
2026-07-26 04:45:00,64530.70,64548.00,64530.70,64548.00,34.151000,239,27.666000,6.485000,64538.07,107427.91,0.00005167,0.001000,0.000000,0
2026-07-26 04:46:00,64548.00,64566.00,64547.90,64556.20,156.863000,504,106.997000,49.866000,64560.05,107411.49,0.00005167,0.053000,0.000000,0
2026-07-26 04:47:00,64556.00,64556.00,64529.20,64529.30,32.856000,366,5.153000,27.703000,64542.09,107411.10,0.00005213,0.000000,0.000000,0
2026-07-26 04:48:00,64529.20,64529.30,64524.10,64524.10,17.316000,142,0.666000,16.650000,64524.79,107409.26,0.00005242,0.000000,0.000000,0
2026-07-26 04:49:00,64524.10,64538.40,64524.10,64535.10,38.008000,254,31.628000,6.380000,64529.43,107400.59,0.00005242,0.000000,0.000000,0
2026-07-26 04:50:00,64535.00,64537.20,64533.60,64533.70,13.401000,122,3.074000,10.327000,64535.33,107395.62,0.00005205,0.000000,0.000000,0
2026-07-26 04:51:00,64533.60,64533.70,64531.00,64531.00,13.724000,109,3.382000,10.342000,64532.72,107395.62,0.00005197,0.000000,0.000000,0
2026-07-26 04:52:00,64531.00,64531.00,64520.80,64520.80,7.381000,194,1.322000,6.059000,64525.69,107393.71,0.00005172,0.000000,0.000000,0
2026-07-26 04:53:00,64520.80,64528.20,64520.70,64528.10,17.060000,130,15.571000,1.489000,64523.09,107382.93,0.00005172,0.000000,0.000000,0
2026-07-26 04:54:00,64528.10,64530.20,64505.80,64506.30,22.988000,285,7.581000,15.407000,64519.82,107381.67,0.00005116,0.000000,0.000000,0
2026-07-26 04:55:00,64506.40,64523.90,64506.30,64519.30,48.713000,319,34.823000,13.890000,64514.57,107357.60,0.00005112,0.000000,0.000000,0
2026-07-26 04:56:00,64519.30,64519.40,64502.40,64502.40,10.716000,214,1.532000,9.184000,64510.97,107352.59,0.00005112,0.000000,0.000000,0
2026-07-26 04:57:00,64502.50,64502.50,64496.90,64496.90,32.080000,179,14.036000,18.044000,64498.01,107350.41,0.00005088,0.000000,0.000000,0
2026-07-26 04:58:00,64497.00,64497.00,64494.90,64495.00,9.378000,106,0.521000,8.857000,64496.13,107344.92,0.00005027,0.000000,0.000000,0
2026-07-26 04:59:00,64495.00,64495.00,64494.90,64495.00,7.168000,95,0.746000,6.422000,64494.91,107342.18,0.00004962,0.000000,0.000000,0
2026-07-26 05:00:00,64494.90,64512.20,64485.10,64493.20,235.295000,756,112.782000,122.513000,64501.07,107339.64,0.00004962,0.000000,0.000000,0
2026-07-26 05:01:00,64493.10,64493.20,64477.70,64477.80,39.121000,305,4.643000,34.478000,64487.60,107270.29,0.00004893,0.000000,0.000000,0
2026-07-26 05:02:00,64477.70,64477.80,64470.00,64470.10,13.861000,198,1.661000,12.200000,64474.76,107266.52,0.00004847,0.000000,0.000000,0
2026-07-26 05:03:00,64470.10,64470.10,64460.90,64460.90,32.149000,211,4.458000,27.691000,64464.51,107258.68,0.00004847,0.000000,0.000000,0
2026-07-26 05:04:00,64461.00,64477.40,64460.90,64477.40,40.151000,298,37.416000,2.735000,64467.22,107259.29,0.00004800,0.000000,0.000000,0
2026-07-26 05:05:00,64477.40,64477.40,64477.30,64477.40,16.784000,107,1.984000,14.800000,64477.31,107251.23,0.00004720,0.000000,0.000000,0
2026-07-26 05:06:00,64477.30,64477.40,64470.10,64470.20,20.925000,180,3.907000,17.018000,64475.81,107257.22,0.00004716,0.000000,0.000000,0
2026-07-26 05:07:00,64470.10,64471.00,64470.10,64470.90,14.681000,140,7.132000,7.549000,64470.88,107255.98,0.00004716,0.000000,0.000000,0
2026-07-26 05:08:00,64471.00,64476.50,64470.90,64476.40,4.912000,152,2.407000,2.505000,64471.77,107257.22,0.00004676,0.000000,0.000000,0
2026-07-26 05:09:00,64476.40,64476.50,64476.40,64476.40,9.628000,134,3.787000,5.841000,64476.44,107258.23,0.00004633,0.000000,0.000000,0
2026-07-26 05:10:00,64476.40,64476.50,64470.90,64470.90,20.848000,173,2.463000,18.385000,64474.20,107267.49,0.00004633,0.000000,0.000000,0
2026-07-26 05:11:00,64470.90,64476.40,64470.90,64476.40,21.592000,173,7.318000,14.274000,64474.52,107267.49,0.00004652,0.000000,0.000000,0
2026-07-26 05:12:00,64476.30,64478.20,64476.30,64478.10,7.590000,144,5.675000,1.915000,64476.80,107260.03,0.00004638,0.000000,0.000000,0
2026-07-26 05:13:00,64478.10,64490.30,64478.10,64490.20,22.800000,239,14.653000,8.147000,64487.72,107261.29,0.00004659,0.000000,0.000000,0
2026-07-26 05:14:00,64490.20,64490.40,64490.20,64490.30,11.112000,97,9.340000,1.772000,64490.32,107264.22,0.00004659,0.000000,0.000000,0
2026-07-26 05:15:00,64490.30,64490.40,64490.30,64490.30,9.518000,115,8.619000,0.899000,64490.39,107265.38,0.00004689,0.000000,0.000000,0
2026-07-26 05:16:00,64490.30,64490.50,64490.30,64490.50,14.796000,115,3.595000,11.201000,64490.41,107267.05,0.00004726,0.000000,0.000000,0
2026-07-26 05:17:00,64490.40,64490.50,64480.00,64483.20,47.174000,226,16.604000,30.570000,64485.19,107271.09,0.00004726,0.000000,0.000000,0
2026-07-26 05:18:00,64483.10,64483.20,64475.60,64477.00,13.069000,152,2.256000,10.813000,64477.91,107272.47,0.00004764,0.000000,0.000000,0
2026-07-26 05:19:00,64476.90,64477.00,64471.00,64475.00,6.755000,169,1.733000,5.022000,64474.05,107270.67,0.00004772,0.001000,0.000000,0
2026-07-26 05:20:00,64475.00,64479.10,64475.00,64479.10,2.615000,100,1.596000,1.019000,64478.27,107270.24,0.00004755,0.000000,0.000000,0
2026-07-26 05:21:00,64479.10,64479.10,64479.00,64479.00,10.883000,82,1.841000,9.042000,64479.02,107266.18,0.00004755,0.000000,0.000000,0
2026-07-26 05:22:00,64479.00,64479.10,64475.70,64475.70,6.763000,113,1.102000,5.661000,64477.16,107267.80,0.00004782,0.000000,0.000000,0
2026-07-26 05:23:00,64475.80,64475.80,64471.00,64471.10,10.608000,120,3.952000,6.656000,64474.34,107266.37,0.00004803,0.000000,0.000000,0
2026-07-26 05:24:00,64471.00,64472.80,64471.00,64472.70,17.527000,94,14.413000,3.114000,64471.45,107270.81,0.00004803,0.000000,0.000000,0
2026-07-26 05:25:00,64472.80,64472.80,64472.70,64472.70,4.365000,97,0.890000,3.475000,64472.72,107268.76,0.00004793,0.000000,0.000000,0
2026-07-26 05:26:00,64472.70,64472.80,64472.70,64472.70,5.001000,97,1.652000,3.349000,64472.73,107257.24,0.00004775,0.000000,0.123000,0
2026-07-26 05:27:00,64472.80,64472.80,64472.70,64472.70,10.613000,90,7.714000,2.899000,64472.77,107253.75,0.00004775,0.000000,0.000000,0
2026-07-26 05:28:00,64472.80,64472.80,64464.70,64464.70,22.262000,150,0.315000,21.947000,64468.50,107261.78,0.00004759,0.000000,0.000000,0
2026-07-26 05:29:00,64464.80,64464.80,64464.70,64464.80,15.827000,84,4.503000,11.324000,64464.73,107257.57,0.00004745,0.000000,0.000000,0
2026-07-26 05:30:00,64464.70,64464.70,64456.80,64456.90,32.131000,191,1.223000,30.908000,64460.19,107248.32,0.00004707,0.000000,0.480000,0
2026-07-26 05:31:00,64456.80,64456.90,64450.00,64450.10,60.414000,245,11.395000,49.019000,64453.06,107239.38,0.00004707,0.000000,0.000000,0
2026-07-26 05:32:00,64450.00,64450.10,64433.20,64433.20,87.981000,355,14.416000,73.565000,64441.38,107205.34,0.00004665,0.000000,0.000000,0
2026-07-26 05:33:00,64433.30,64433.30,64359.30,64408.00,483.656000,1701,140.814000,342.842000,64394.84,107092.64,0.00004621,0.000000,0.077000,0
2026-07-26 05:34:00,64408.00,64415.00,64393.90,64397.30,81.050000,519,22.718000,58.332000,64402.44,107077.87,0.00004621,0.000000,0.000000,0
2026-07-26 05:35:00,64397.30,64441.20,64397.30,64430.90,174.423000,645,132.451000,41.972000,64422.75,107129.47,0.00004608,0.000000,0.000000,0
2026-07-26 05:36:00,64430.90,64444.80,64430.90,64444.80,20.358000,241,14.974000,5.384000,64438.99,107112.14,0.00004623,0.000000,0.000000,0
2026-07-26 05:37:00,64444.70,64444.80,64432.20,64432.20,19.842000,236,1.946000,17.896000,64439.35,107104.62,0.00004675,0.000000,0.000000,0
2026-07-26 05:38:00,64432.20,64440.00,64432.20,64440.00,20.540000,254,16.111000,4.429000,64437.15,107097.44,0.00004675,0.000000,0.000000,0
2026-07-26 05:39:00,64440.00,64440.00,64439.90,64440.00,7.105000,111,4.366000,2.739000,64439.96,107095.21,0.00004682,0.000000,0.000000,0
2026-07-26 05:40:00,64440.00,64447.10,64439.90,64444.00,20.825000,174,15.760000,5.065000,64443.18,107098.80,0.00004735,0.000000,0.000000,0
2026-07-26 05:41:00,64443.90,64444.00,64443.90,64444.00,4.994000,105,1.907000,3.087000,64443.94,107098.96,0.00004735,0.000000,0.000000,0
2026-07-26 05:42:00,64444.00,64444.00,64432.70,64432.80,21.864000,193,0.655000,21.209000,64438.14,107100.12,0.00004797,0.000000,0.000000,0
2026-07-26 05:43:00,64432.70,64444.00,64426.10,64444.00,29.510000,277,10.488000,19.022000,64432.84,107084.78,0.00004846,0.000000,0.000000,0
2026-07-26 05:44:00,64443.90,64444.00,64443.90,64443.90,6.477000,136,2.539000,3.938000,64443.94,107086.56,0.00004846,0.000000,0.000000,0
2026-07-26 05:45:00,64444.00,64446.60,64443.90,64446.50,14.733000,179,1.847000,12.886000,64444.04,107077.85,0.00004884,0.000000,0.000000,0
2026-07-26 05:46:00,64446.50,64446.60,64436.70,64436.70,29.240000,212,7.113000,22.127000,64441.12,107074.94,0.00004936,0.246000,0.000000,0
2026-07-26 05:47:00,64436.70,64436.80,64436.30,64436.40,12.073000,112,2.284000,9.789000,64436.71,107074.67,0.00004984,0.023000,0.000000,0
2026-07-26 05:48:00,64436.30,64436.40,64435.30,64435.30,7.899000,109,1.230000,6.669000,64436.05,107076.12,0.00004984,0.000000,0.000000,0
2026-07-26 05:49:00,64435.30,64435.40,64431.60,64431.60,14.497000,122,2.883000,11.614000,64432.57,107077.73,0.00005025,0.000000,0.000000,0
2026-07-26 05:50:00,64431.60,64431.70,64430.00,64430.00,13.836000,113,2.408000,11.428000,64430.95,107079.23,0.00005050,0.000000,0.000000,0
2026-07-26 05:51:00,64430.00,64436.80,64430.00,64430.10,55.344000,194,15.527000,39.817000,64433.75,107082.69,0.00005050,0.000000,0.000000,0
2026-07-26 05:52:00,64430.10,64431.70,64422.50,64422.50,38.009000,197,3.492000,34.517000,64426.63,107096.61,0.00005053,0.000000,0.023000,0
2026-07-26 05:53:00,64422.60,64422.60,64411.40,64418.60,49.798000,292,29.125000,20.673000,64416.40,107088.35,0.00005059,0.000000,0.019000,0
2026-07-26 05:54:00,64418.50,64418.60,64414.30,64414.30,33.722000,122,7.804000,25.918000,64417.15,107090.57,0.00005023,0.000000,0.000000,0
2026-07-26 05:55:00,64414.30,64414.40,64404.40,64404.40,16.811000,181,1.505000,15.306000,64410.21,107088.74,0.00005023,0.000000,0.000000,0
2026-07-26 05:56:00,64404.40,64404.50,64400.00,64400.10,39.598000,208,16.919000,22.679000,64402.23,107087.09,0.00005014,0.000000,0.000000,0
2026-07-26 05:57:00,64400.10,64400.10,64392.00,64395.40,49.985000,230,23.939000,26.046000,64395.38,107074.26,0.00004990,0.000000,0.007000,0
2026-07-26 05:58:00,64395.40,64395.50,64394.80,64394.80,11.346000,122,1.018000,10.328000,64395.40,107072.38,0.00004990,0.000000,0.000000,0
2026-07-26 05:59:00,64394.80,64395.50,64392.10,64395.40,23.119000,136,14.868000,8.251000,64394.25,107072.33,0.00004951,0.000000,0.000000,0
2026-07-26 06:00:00,64395.40,64395.50,64385.00,64386.00,67.223000,302,13.153000,54.070000,64389.32,107062.67,0.00004930,0.000000,0.000000,0
2026-07-26 06:01:00,64386.10,64390.00,64385.80,64385.80,33.913000,250,13.317000,20.596000,64388.77,107062.91,0.00004930,0.000000,0.000000,0
2026-07-26 06:02:00,64385.90,64386.00,64385.80,64386.00,18.134000,156,5.679000,12.455000,64385.90,107063.66,0.00004913,0.000000,0.000000,0
2026-07-26 06:03:00,64385.90,64386.00,64385.90,64385.90,10.780000,117,3.489000,7.291000,64385.93,107065.75,0.00004915,0.000000,0.000000,0
2026-07-26 06:04:00,64386.00,64396.90,64385.90,64396.90,42.123000,220,30.207000,11.916000,64389.12,107068.07,0.00004913,0.000000,0.000000,0
2026-07-26 06:05:00,64397.00,64406.80,64378.40,64378.50,105.658000,532,37.369000,68.289000,64395.15,107076.01,0.00004913,0.000000,0.002000,0
2026-07-26 06:06:00,64378.50,64378.50,64367.60,64367.70,42.418000,301,6.770000,35.648000,64374.34,107099.44,0.00004957,0.000000,0.011000,0
2026-07-26 06:07:00,64367.60,64367.70,64335.10,64356.80,203.602000,729,50.220000,153.382000,64348.54,107058.91,0.00005007,0.000000,0.244000,0
2026-07-26 06:08:00,64356.70,64356.80,64343.30,64353.60,81.868000,426,30.248000,51.620000,64350.32,107043.58,0.00005007,0.000000,0.013000,0
2026-07-26 06:09:00,64353.50,64353.60,64338.10,64349.10,72.276000,392,15.795000,56.481000,64345.92,107068.96,0.00005044,0.000000,0.022000,0
2026-07-26 06:10:00,64349.10,64353.50,64349.00,64353.40,14.931000,203,6.414000,8.517000,64352.31,107071.42,0.00005080,0.000000,0.000000,0
2026-07-26 06:11:00,64353.50,64353.50,64353.40,64353.40,8.212000,170,5.196000,3.016000,64353.46,107071.55,0.00005129,0.000000,0.000000,0
2026-07-26 06:12:00,64353.50,64353.50,64314.40,64331.50,274.031000,894,78.586000,195.445000,64329.05,107143.87,0.00005129,0.000000,0.141000,0
2026-07-26 06:13:00,64331.40,64331.50,64320.00,64320.10,57.884000,304,19.220000,38.664000,64327.00,107145.99,0.00005196,0.000000,0.160000,0
2026-07-26 06:14:00,64320.10,64323.70,64320.00,64323.70,25.119000,227,13.630000,11.489000,64322.72,107147.42,0.00005247,0.000000,0.005000,0
2026-07-26 06:15:00,64323.60,64323.70,64323.60,64323.70,15.751000,174,2.236000,13.515000,64323.61,107149.71,0.00005247,0.000000,0.000000,0
2026-07-26 06:16:00,64323.60,64323.70,64321.30,64321.30,56.821000,192,8.711000,48.110000,64322.21,107141.36,0.00005280,0.000000,0.000000,0
2026-07-26 06:17:00,64321.30,64330.00,64321.30,64330.00,40.009000,217,28.627000,11.382000,64327.76,107138.38,0.00005318,0.000000,0.000000,0
2026-07-26 06:18:00,64330.00,64332.70,64329.90,64332.60,34.250000,181,22.622000,11.628000,64330.76,107138.08,0.00005357,0.000000,0.000000,0
2026-07-26 06:19:00,64332.70,64332.70,64332.60,64332.60,23.627000,147,9.891000,13.736000,64332.64,107139.99,0.00005357,0.000000,0.000000,0
2026-07-26 06:20:00,64332.60,64332.70,64303.00,64303.00,78.763000,472,18.804000,59.959000,64311.85,107130.34,0.00005420,0.000000,0.254000,0
2026-07-26 06:21:00,64303.00,64303.10,64283.60,64283.60,182.817000,528,27.622000,155.195000,64291.11,107074.52,0.00005464,0.000000,0.356000,0
2026-07-26 06:22:00,64283.70,64287.00,64271.00,64287.00,113.542000,578,35.006000,78.536000,64276.49,107067.90,0.00005464,0.000000,1.082000,0
2026-07-26 06:23:00,64286.90,64287.00,64258.00,64267.10,113.018000,629,37.689000,75.329000,64269.05,107073.26,0.00005422,0.000000,0.009000,0
2026-07-26 06:24:00,64267.00,64267.60,64256.40,64263.20,96.239000,416,30.406000,65.833000,64262.57,107083.09,0.00005382,0.000000,0.022000,0
2026-07-26 06:25:00,64263.30,64265.00,64260.00,64264.90,52.697000,270,30.026000,22.671000,64261.52,107097.24,0.00005337,0.000000,0.018000,0
2026-07-26 06:26:00,64264.90,64278.00,64264.90,64277.90,25.615000,300,17.426000,8.189000,64272.02,107094.29,0.00005337,0.000000,0.059000,0
2026-07-26 06:27:00,64277.90,64278.00,64277.90,64277.90,13.212000,165,5.620000,7.592000,64277.94,107101.30,0.00005315,0.000000,0.000000,0
2026-07-26 06:28:00,64277.90,64278.00,64263.90,64278.00,61.659000,343,15.853000,45.806000,64275.52,107142.80,0.00005347,0.000000,0.006000,0
2026-07-26 06:29:00,64277.90,64278.00,64271.40,64271.40,21.106000,178,5.793000,15.313000,64276.31,107151.45,0.00005347,0.000000,0.000000,0
2026-07-26 06:30:00,64271.50,64271.50,64270.10,64270.20,24.814000,149,6.376000,18.438000,64271.40,107159.64,0.00005360,0.000000,0.000000,0
2026-07-26 06:31:00,64270.20,64275.00,64270.10,64271.60,47.305000,236,21.924000,25.381000,64272.45,107153.30,0.00005374,0.000000,0.000000,0
2026-07-26 06:32:00,64271.60,64277.60,64265.50,64277.50,46.703000,294,19.570000,27.133000,64270.42,107166.01,0.00005369,0.000000,0.000000,0
2026-07-26 06:33:00,64277.50,64290.10,64277.50,64287.30,55.139000,291,41.486000,13.653000,64285.36,107163.72,0.00005369,0.000000,0.000000,0
2026-07-26 06:34:00,64287.30,64300.00,64287.20,64300.00,32.090000,238,29.749000,2.341000,64292.44,107156.08,0.00005352,0.000000,0.000000,0
2026-07-26 06:35:00,64300.00,64313.50,64299.90,64313.50,35.643000,282,33.630000,2.013000,64302.85,107156.08,0.00005405,0.000000,0.000000,0
2026-07-26 06:36:00,64313.50,64327.00,64313.40,64320.10,71.480000,326,34.213000,37.267000,64321.61,107160.18,0.00005405,0.000000,0.000000,0
2026-07-26 06:37:00,64320.10,64320.10,64320.00,64320.10,10.658000,121,7.528000,3.130000,64320.07,107160.80,0.00005468,0.000000,0.000000,0
2026-07-26 06:38:00,64320.10,64328.00,64320.00,64328.00,22.340000,187,20.397000,1.943000,64322.93,107167.67,0.00005531,0.000000,0.000000,0
2026-07-26 06:39:00,64328.00,64342.20,64327.90,64334.30,89.575000,361,63.029000,26.546000,64337.59,107170.35,0.00005580,0.000000,0.000000,0
2026-07-26 06:40:00,64334.40,64366.10,64334.30,64351.70,133.337000,665,105.329000,28.008000,64346.50,107152.62,0.00005580,0.000000,0.000000,0
2026-07-26 06:41:00,64351.60,64351.60,64336.00,64336.10,16.781000,246,5.675000,11.106000,64342.95,107140.48,0.00005670,0.000000,0.000000,0
2026-07-26 06:42:00,64336.10,64350.00,64336.00,64349.90,15.397000,191,13.016000,2.381000,64343.33,107144.95,0.00005654,0.000000,0.000000,0
2026-07-26 06:43:00,64350.00,64350.00,64342.70,64342.70,10.704000,127,1.754000,8.950000,64345.28,107148.75,0.00005654,0.000000,0.000000,0
2026-07-26 06:44:00,64342.80,64342.80,64342.70,64342.80,6.035000,95,3.816000,2.219000,64342.76,107152.08,0.00005647,0.000000,0.000000,0
2026-07-26 06:45:00,64342.70,64349.10,64342.70,64347.60,15.107000,152,7.126000,7.981000,64344.75,107155.70,0.00005639,0.000000,0.000000,0
2026-07-26 06:46:00,64347.60,64357.70,64343.50,64357.60,22.615000,270,16.882000,5.733000,64350.17,107159.38,0.00005638,0.000000,0.000000,0
2026-07-26 06:47:00,64357.60,64363.50,64357.60,64363.50,14.277000,211,12.217000,2.060000,64358.78,107161.94,0.00005638,0.000000,0.000000,0
2026-07-26 06:48:00,64363.50,64378.10,64363.40,64374.50,60.368000,311,47.146000,13.222000,64373.86,107160.04,0.00005677,0.000000,0.000000,0
2026-07-26 06:49:00,64374.50,64378.90,64374.40,64378.90,36.148000,200,31.708000,4.440000,64375.87,107152.76,0.00005737,0.000000,0.000000,0
2026-07-26 06:50:00,64378.90,64378.90,64374.40,64374.50,8.818000,162,3.274000,5.544000,64376.36,107146.04,0.00005737,0.000000,0.000000,0
2026-07-26 06:51:00,64374.40,64377.80,64374.40,64375.10,20.285000,155,13.943000,6.342000,64375.90,107146.24,0.00005764,0.000000,0.000000,0
2026-07-26 06:52:00,64375.10,64380.90,64375.00,64380.90,14.940000,193,12.291000,2.649000,64376.42,107148.98,0.00005780,0.000000,0.000000,0
2026-07-26 06:53:00,64381.00,64397.90,64380.90,64392.20,74.855000,341,47.952000,26.903000,64391.38,107144.79,0.00005816,0.000000,0.000000,0
2026-07-26 06:54:00,64392.20,64395.30,64392.10,64395.20,33.968000,136,30.722000,3.246000,64392.81,107144.98,0.00005816,0.000000,0.000000,0
2026-07-26 06:55:00,64395.30,64404.20,64395.20,64404.10,28.786000,180,25.388000,3.398000,64397.34,107148.96,0.00005879,0.000000,0.000000,0
2026-07-26 06:56:00,64404.20,64427.70,64404.20,64412.20,81.947000,575,56.220000,25.727000,64418.92,107153.69,0.00005935,0.006000,0.000000,0
2026-07-26 06:57:00,64412.10,64412.20,64396.40,64410.00,94.926000,403,64.766000,30.160000,64403.33,107151.03,0.00005935,0.000000,0.000000,0
2026-07-26 06:58:00,64410.00,64428.70,64406.40,64406.50,75.449000,511,43.608000,31.841000,64418.15,107136.14,0.00006019,0.006000,0.000000,0
2026-07-26 06:59:00,64406.50,64407.40,64406.40,64407.30,13.416000,156,10.492000,2.924000,64406.82,107115.71,0.00006089,0.000000,0.000000,0
2026-07-26 07:00:00,64407.30,64409.00,64407.30,64408.90,18.072000,119,11.325000,6.747000,64408.73,107112.30,0.00006116,0.000000,0.000000,0
2026-07-26 07:01:00,64409.00,64413.00,64408.90,64412.90,28.645000,180,24.482000,4.163000,64409.56,107112.25,0.00006116,0.000000,0.000000,0
2026-07-26 07:02:00,64413.00,64438.50,64412.90,64432.80,61.709000,470,39.859000,21.850000,64430.43,107124.31,0.00006149,0.246000,0.000000,0
2026-07-26 07:03:00,64432.70,64439.10,64429.00,64429.10,36.063000,257,18.586000,17.477000,64435.35,107133.27,0.00006222,0.000000,0.000000,0
2026-07-26 07:04:00,64429.10,64429.10,64415.50,64415.60,22.950000,234,9.562000,13.388000,64417.91,107135.43,0.00006222,0.000000,0.001000,0
2026-07-26 07:05:00,64415.50,64415.50,64405.30,64405.30,32.985000,269,3.382000,29.603000,64411.63,107131.94,0.00006270,0.000000,0.000000,0
2026-07-26 07:06:00,64405.30,64405.40,64396.40,64397.70,33.782000,254,9.562000,24.220000,64398.19,107137.88,0.00006269,0.000000,0.000000,0
2026-07-26 07:07:00,64397.80,64397.80,64396.00,64396.10,20.441000,153,6.122000,14.319000,64397.37,107142.68,0.00006269,0.000000,0.000000,0
2026-07-26 07:08:00,64396.10,64397.70,64391.50,64397.60,18.963000,199,10.503000,8.460000,64393.56,107145.13,0.00006255,0.000000,0.000000,0
2026-07-26 07:09:00,64397.60,64408.00,64397.60,64408.00,32.931000,238,27.014000,5.917000,64401.00,107150.79,0.00006243,0.000000,0.000000,0
2026-07-26 07:10:00,64408.00,64408.00,64390.20,64390.20,15.549000,249,2.186000,13.363000,64399.97,107150.41,0.00006263,0.000000,0.000000,0
2026-07-26 07:11:00,64390.30,64390.30,64365.30,64365.30,40.900000,361,4.919000,35.981000,64377.70,107148.29,0.00006263,0.000000,0.000000,0
2026-07-26 07:12:00,64365.40,64370.00,64364.10,64370.00,25.565000,205,9.917000,15.648000,64365.77,107145.50,0.00006234,0.000000,0.000000,0
2026-07-26 07:13:00,64369.90,64379.60,64369.90,64379.60,22.767000,259,12.080000,10.687000,64375.30,107141.29,0.00006158,0.000000,0.000000,0
2026-07-26 07:14:00,64379.60,64383.60,64376.50,64383.50,12.721000,241,9.030000,3.691000,64380.44,107142.85,0.00006158,0.000000,0.000000,0
2026-07-26 07:15:00,64383.60,64396.00,64383.50,64395.90,25.351000,184,21.901000,3.450000,64388.85,107142.35,0.00006157,0.000000,0.000000,0
2026-07-26 07:16:00,64395.90,64410.00,64395.90,64410.00,28.772000,270,24.003000,4.769000,64401.57,107138.08,0.00006166,0.000000,0.000000,0
2026-07-26 07:17:00,64410.00,64410.00,64402.20,64402.20,29.732000,181,11.959000,17.773000,64406.23,107137.80,0.00006155,0.000000,0.000000,0
2026-07-26 07:18:00,64402.30,64402.30,64395.30,64395.30,11.927000,138,1.600000,10.327000,64400.45,107138.24,0.00006155,0.000000,0.000000,0
2026-07-26 07:19:00,64395.30,64395.40,64390.20,64390.30,13.479000,141,1.689000,11.790000,64392.14,107128.67,0.00006121,0.009000,0.000000,0
2026-07-26 07:20:00,64390.20,64390.30,64368.30,64368.30,17.597000,265,4.221000,13.376000,64383.01,107127.07,0.00006058,0.000000,0.000000,0
2026-07-26 07:21:00,64368.40,64368.50,64360.00,64360.10,16.873000,174,6.233000,10.640000,64366.91,107126.46,0.00006058,0.000000,0.000000,0
2026-07-26 07:22:00,64360.00,64360.00,64331.50,64345.00,46.782000,480,14.582000,32.200000,64342.63,107121.57,0.00005988,0.000000,0.000000,0
2026-07-26 07:23:00,64345.00,64345.10,64337.60,64343.00,25.104000,223,14.255000,10.849000,64340.59,107116.50,0.00005944,0.000000,0.000000,0
2026-07-26 07:24:00,64343.00,64343.10,64338.20,64340.60,21.269000,148,5.831000,15.438000,64341.17,107105.34,0.00005923,0.000000,0.000000,0
2026-07-26 07:25:00,64340.70,64340.70,64334.60,64334.60,15.043000,124,3.604000,11.439000,64339.79,107103.70,0.00005923,0.000000,0.000000,0
2026-07-26 07:26:00,64334.70,64338.60,64334.60,64338.50,19.121000,159,8.840000,10.281000,64335.71,107104.46,0.00005885,0.000000,0.000000,0
2026-07-26 07:27:00,64338.60,64338.60,64338.50,64338.60,14.038000,136,10.543000,3.495000,64338.58,107108.71,0.00005837,0.000000,0.000000,0
2026-07-26 07:28:00,64338.60,64340.70,64338.50,64340.60,15.709000,168,4.961000,10.748000,64340.16,107108.46,0.00005837,0.000000,0.000000,0
2026-07-26 07:29:00,64340.70,64340.70,64340.60,64340.60,5.126000,119,1.410000,3.716000,64340.63,107109.30,0.00005835,0.000000,0.000000,0
2026-07-26 07:30:00,64340.60,64340.70,64340.50,64340.50,27.698000,74,4.700000,22.998000,64340.60,107111.73,0.00005836,0.000000,0.000000,0
2026-07-26 07:31:00,64340.50,64340.60,64340.50,64340.50,8.199000,99,2.911000,5.288000,64340.54,107105.57,0.00005835,0.000000,0.000000,0
2026-07-26 07:32:00,64340.60,64340.60,64331.10,64331.10,27.365000,237,1.199000,26.166000,64337.49,107103.62,0.00005835,0.000000,0.000000,0
2026-07-26 07:33:00,64331.10,64332.50,64321.30,64332.50,36.266000,341,13.296000,22.970000,64326.79,107100.93,0.00005845,0.000000,0.000000,0
2026-07-26 07:34:00,64332.40,64332.70,64332.40,64332.60,21.626000,114,9.496000,12.130000,64332.61,107102.51,0.00005806,0.000000,0.000000,0
2026-07-26 07:35:00,64332.70,64336.70,64332.60,64336.60,15.111000,126,11.254000,3.857000,64333.61,107104.72,0.00005806,0.000000,0.000000,0
2026-07-26 07:36:00,64336.70,64336.70,64333.90,64335.10,13.617000,112,5.129000,8.488000,64336.36,107108.70,0.00005795,0.000000,0.000000,0
2026-07-26 07:37:00,64335.10,64335.10,64335.00,64335.10,6.499000,98,1.604000,4.895000,64335.02,107109.17,0.00005796,0.000000,0.000000,0
2026-07-26 07:38:00,64335.00,64335.00,64325.00,64325.00,43.039000,250,9.630000,33.409000,64330.79,107102.04,0.00005804,0.000000,0.000000,0
2026-07-26 07:39:00,64325.10,64329.10,64317.00,64319.90,91.507000,282,32.602000,58.905000,64323.28,107068.17,0.00005804,0.000000,0.000000,0
2026-07-26 07:40:00,64319.90,64320.00,64319.90,64319.90,15.413000,110,1.176000,14.237000,64319.91,107070.89,0.00005770,0.000000,0.000000,0
2026-07-26 07:41:00,64319.90,64332.60,64313.50,64328.30,92.641000,415,63.753000,28.888000,64321.73,107079.35,0.00005721,0.000000,0.000000,0
2026-07-26 07:42:00,64328.30,64335.10,64328.20,64335.10,22.170000,209,19.824000,2.346000,64331.26,107076.07,0.00005721,0.000000,0.000000,0
2026-07-26 07:43:00,64335.00,64338.30,64335.00,64338.20,16.817000,187,13.904000,2.913000,64335.28,107073.23,0.00005694,0.000000,0.000000,0
2026-07-26 07:44:00,64338.30,64348.00,64338.20,64348.00,36.505000,276,34.496000,2.009000,64341.49,107073.96,0.00005707,0.000000,0.000000,0
2026-07-26 07:45:00,64348.00,64350.00,64320.00,64320.90,59.657000,454,14.081000,45.576000,64339.42,107089.92,0.00005744,0.000000,0.000000,0
2026-07-26 07:46:00,64320.90,64324.60,64320.80,64324.60,17.081000,214,14.923000,2.158000,64322.99,107099.78,0.00005744,0.000000,0.000000,0
2026-07-26 07:47:00,64324.50,64335.60,64324.50,64335.60,14.835000,245,12.480000,2.355000,64333.19,107101.15,0.00005750,0.000000,0.000000,0
2026-07-26 07:48:00,64335.60,64340.00,64335.50,64340.00,6.691000,140,5.513000,1.178000,64335.91,107103.78,0.00005779,0.000000,0.000000,0
2026-07-26 07:49:00,64340.00,64343.20,64340.00,64343.20,5.177000,138,3.810000,1.367000,64342.95,107102.85,0.00005779,0.000000,0.000000,0
2026-07-26 07:50:00,64343.10,64350.00,64343.10,64349.90,5.568000,167,4.572000,0.996000,64347.02,107103.18,0.00005810,0.000000,0.000000,0
2026-07-26 07:51:00,64350.00,64350.00,64345.70,64345.70,23.970000,126,2.547000,21.423000,64348.48,107103.80,0.00005849,0.000000,0.000000,0
2026-07-26 07:52:00,64345.70,64345.80,64333.50,64333.50,19.890000,212,6.014000,13.876000,64339.79,107103.48,0.00005860,0.000000,0.000000,0
2026-07-26 07:53:00,64333.60,64333.60,64333.50,64333.50,3.210000,123,1.587000,1.623000,64333.55,107100.71,0.00005860,0.000000,0.000000,0
2026-07-26 07:54:00,64333.60,64344.10,64333.50,64344.10,12.273000,177,9.908000,2.365000,64336.85,107099.71,0.00005843,0.000000,0.000000,0
2026-07-26 07:55:00,64344.10,64344.10,64339.20,64339.30,12.752000,147,2.555000,10.197000,64343.47,107096.02,0.00005840,0.000000,0.000000,0
2026-07-26 07:56:00,64339.30,64339.30,64339.20,64339.20,9.587000,84,4.373000,5.214000,64339.25,107098.30,0.00005840,0.000000,0.000000,0
2026-07-26 07:57:00,64339.30,64339.30,64330.00,64330.00,32.130000,180,6.286000,25.844000,64335.08,107096.06,0.00005865,0.000000,0.002000,0
2026-07-26 07:58:00,64330.10,64330.10,64330.00,64330.10,10.026000,96,6.204000,3.822000,64330.06,107098.83,0.00005861,0.034000,0.000000,0
2026-07-26 07:59:00,64330.10,64337.50,64330.00,64337.40,18.182000,169,10.846000,7.336000,64330.81,107096.76,0.00005861,0.000000,0.000000,0
2026-07-26 08:00:00,64337.50,64341.30,64337.40,64341.20,7.233000,146,4.014000,3.219000,64340.57,107097.98,0.00005863,0.000000,0.000000,0
2026-07-26 08:01:00,64341.30,64349.30,64334.80,64334.80,65.181000,336,42.459000,22.722000,64344.60,107114.87,0.00005884,0.000000,0.000000,0
2026-07-26 08:02:00,64334.90,64338.00,64334.80,64337.90,10.751000,130,7.685000,3.066000,64335.65,107114.21,0.00005915,0.003000,0.000000,0
2026-07-26 08:03:00,64338.00,64338.00,64325.00,64325.00,40.635000,188,2.362000,38.273000,64334.80,107110.13,0.00005915,0.000000,0.000000,0
2026-07-26 08:04:00,64325.10,64325.10,64320.20,64320.20,12.877000,147,2.600000,10.277000,64323.47,107121.30,0.00005930,0.000000,0.000000,0
2026-07-26 08:05:00,64320.20,64324.90,64320.20,64324.80,13.061000,146,6.166000,6.895000,64323.74,107120.59,0.00005908,0.000000,0.000000,0
2026-07-26 08:06:00,64324.90,64324.90,64324.80,64324.80,8.381000,111,5.546000,2.835000,64324.87,107125.62,0.00005908,0.000000,0.000000,0
2026-07-26 08:07:00,64324.80,64332.70,64324.80,64332.60,13.194000,174,10.997000,2.197000,64329.07,107127.88,0.00005899,0.000000,0.000000,0
2026-07-26 08:08:00,64332.70,64338.50,64332.60,64338.40,19.614000,165,17.303000,2.311000,64334.47,107130.30,0.00005917,0.000000,0.000000,0
2026-07-26 08:09:00,64338.50,64349.80,64338.40,64349.70,19.353000,191,16.887000,2.466000,64341.86,107130.96,0.00005958,0.011000,0.000000,0
2026-07-26 08:10:00,64349.70,64350.00,64349.70,64349.90,11.682000,126,10.007000,1.675000,64349.95,107131.75,0.00005958,0.000000,0.000000,0
2026-07-26 08:11:00,64350.00,64352.20,64349.90,64352.20,6.603000,145,5.791000,0.812000,64350.61,107130.49,0.00006002,0.000000,0.000000,0
2026-07-26 08:12:00,64352.20,64358.20,64352.20,64358.20,10.608000,165,9.826000,0.782000,64356.32,107133.21,0.00006041,0.000000,0.001000,0
2026-07-26 08:13:00,64358.10,64359.00,64358.10,64359.00,6.824000,133,6.101000,0.723000,64358.66,107136.21,0.00006041,0.000000,0.000000,0
2026-07-26 08:14:00,64359.00,64365.30,64358.90,64365.20,18.830000,166,16.848000,1.982000,64363.32,107136.40,0.00006110,0.000000,0.000000,0
2026-07-26 08:15:00,64365.20,64365.30,64365.20,64365.30,7.190000,124,5.116000,2.074000,64365.27,107141.06,0.00006167,0.000000,0.000000,0
2026-07-26 08:16:00,64365.20,64374.30,64365.20,64374.30,25.118000,196,24.336000,0.782000,64368.18,107142.15,0.00006167,0.000000,0.000000,0
2026-07-26 08:17:00,64374.30,64374.30,64374.20,64374.20,5.666000,132,5.188000,0.478000,64374.29,107141.40,0.00006219,0.000000,0.000000,0
2026-07-26 08:18:00,64374.20,64386.40,64374.20,64386.40,20.037000,230,18.847000,1.190000,64377.60,107139.79,0.00006284,0.077000,0.000000,0
2026-07-26 08:19:00,64386.30,64388.00,64375.10,64375.20,85.739000,365,16.054000,69.685000,64384.17,107169.52,0.00006345,0.000000,0.000000,0
2026-07-26 08:20:00,64375.20,64375.20,64375.10,64375.20,5.406000,177,3.023000,2.383000,64375.16,107166.36,0.00006345,0.000000,0.000000,0
2026-07-26 08:21:00,64375.20,64375.20,64375.10,64375.10,5.420000,71,0.484000,4.936000,64375.11,107164.50,0.00006373,0.000000,0.000000,0
2026-07-26 08:22:00,64375.10,64375.20,64374.00,64374.00,12.795000,92,4.069000,8.726000,64374.95,107165.70,0.00006392,0.001000,0.000000,0
2026-07-26 08:23:00,64374.10,64374.10,64372.40,64372.40,6.260000,103,1.811000,4.449000,64373.15,107164.49,0.00006392,0.000000,0.000000,0
2026-07-26 08:24:00,64372.40,64372.50,64366.40,64366.40,12.084000,174,0.932000,11.152000,64370.04,107160.62,0.00006413,0.000000,0.000000,0
2026-07-26 08:25:00,64366.20,64366.30,64361.10,64361.10,11.128000,205,4.629000,6.499000,64362.52,107155.88,0.00006421,0.000000,0.000000,0
2026-07-26 08:26:00,64361.10,64361.20,64357.30,64357.30,21.898000,141,7.965000,13.933000,64360.59,107161.29,0.00006415,0.000000,0.000000,0
2026-07-26 08:27:00,64357.30,64357.30,64349.90,64349.90,10.663000,192,1.676000,8.987000,64350.75,107154.72,0.00006415,0.000000,0.000000,0
2026-07-26 08:28:00,64349.90,64365.20,64349.90,64365.20,27.803000,225,20.777000,7.026000,64354.82,107156.63,0.00006395,0.000000,0.000000,0
2026-07-26 08:29:00,64365.10,64371.20,64365.10,64371.10,8.829000,140,7.121000,1.708000,64369.13,107156.81,0.00006415,0.000000,0.000000,0
2026-07-26 08:30:00,64371.20,64371.20,64371.10,64371.20,4.940000,58,3.233000,1.707000,64371.17,107154.57,0.00006415,0.000000,0.000000,0
2026-07-26 08:31:00,64371.10,64371.20,64367.10,64367.10,11.435000,121,4.070000,7.365000,64368.85,107155.12,0.00006475,0.000000,0.000000,0
2026-07-26 08:32:00,64367.20,64367.20,64367.10,64367.10,4.589000,83,1.609000,2.980000,64367.14,107151.77,0.00006529,0.000000,0.000000,0
2026-07-26 08:33:00,64367.20,64367.20,64367.10,64367.20,5.685000,90,3.922000,1.763000,64367.17,107151.84,0.00006554,0.000000,0.000000,0
2026-07-26 08:34:00,64367.10,64367.20,64367.10,64367.10,5.917000,92,4.938000,0.979000,64367.18,107151.72,0.00006554,0.000000,0.000000,0
2026-07-26 08:35:00,64367.10,64374.80,64367.10,64374.80,6.435000,133,5.414000,1.021000,64369.95,107150.61,0.00006567,0.000000,0.000000,0
2026-07-26 08:36:00,64374.80,64374.80,64374.70,64374.70,4.683000,96,3.562000,1.121000,64374.78,107152.36,0.00006583,0.000000,0.000000,0
2026-07-26 08:37:00,64374.80,64374.80,64374.70,64374.80,5.996000,71,5.162000,0.834000,64374.79,107151.83,0.00006583,0.000000,0.000000,0
2026-07-26 08:38:00,64374.80,64374.80,64374.70,64374.80,12.265000,88,6.693000,5.572000,64374.75,107153.63,0.00006627,0.000000,0.000000,0
2026-07-26 08:39:00,64374.70,64377.10,64374.50,64374.50,11.321000,115,5.863000,5.458000,64375.70,107151.19,0.00006660,0.000000,0.000000,0
2026-07-26 08:40:00,64374.50,64374.60,64374.50,64374.50,3.495000,73,1.627000,1.868000,64374.55,107151.11,0.00006695,0.000000,0.000000,0
2026-07-26 08:41:00,64374.60,64381.90,64374.50,64381.90,13.279000,129,10.765000,2.514000,64376.60,107151.62,0.00006695,0.000000,0.000000,0
2026-07-26 08:42:00,64381.80,64394.90,64381.80,64394.80,18.891000,198,17.123000,1.768000,64388.84,107154.28,0.00006728,0.000000,0.000000,0
2026-07-26 08:43:00,64394.90,64400.00,64394.80,64398.00,32.003000,248,18.740000,13.263000,64398.38,107148.50,0.00006775,0.073000,0.000000,0
2026-07-26 08:44:00,64398.10,64411.00,64396.40,64411.00,73.099000,256,58.006000,15.093000,64404.16,107156.01,0.00006775,0.000000,0.000000,0
2026-07-26 08:45:00,64411.00,64416.60,64410.90,64416.60,15.844000,186,14.662000,1.182000,64414.89,107171.47,0.00006810,0.000000,0.000000,0
2026-07-26 08:46:00,64416.50,64418.90,64416.50,64418.80,15.590000,159,13.474000,2.116000,64418.46,107171.76,0.00006872,0.000000,0.000000,0
2026-07-26 08:47:00,64418.90,64423.30,64418.80,64423.30,10.918000,142,9.296000,1.622000,64420.82,107171.90,0.00006931,0.000000,0.000000,0
2026-07-26 08:48:00,64423.30,64428.00,64423.30,64427.90,22.479000,183,14.578000,7.901000,64425.88,107174.86,0.00006931,0.000000,0.000000,0
2026-07-26 08:49:00,64427.90,64450.00,64427.90,64450.00,57.266000,363,50.553000,6.713000,64439.31,107182.49,0.00006988,0.000000,0.000000,0
2026-07-26 08:50:00,64450.00,64450.90,64437.10,64437.10,67.414000,322,12.317000,55.097000,64446.99,107168.24,0.00007063,0.000000,0.000000,0
2026-07-26 08:51:00,64437.10,64437.20,64437.10,64437.20,7.752000,121,3.942000,3.810000,64437.15,107174.23,0.00007063,0.000000,0.000000,0
2026-07-26 08:52:00,64437.10,64456.10,64437.10,64456.10,38.561000,264,36.963000,1.598000,64443.55,107172.84,0.00007107,0.000000,0.000000,0
2026-07-26 08:53:00,64456.10,64465.00,64456.10,64461.60,27.678000,254,19.475000,8.203000,64461.69,107182.34,0.00007100,0.056000,0.000000,0
2026-07-26 08:54:00,64461.50,64461.60,64461.50,64461.50,7.804000,122,4.542000,3.262000,64461.56,107182.19,0.00007100,0.000000,0.000000,0
2026-07-26 08:55:00,64461.60,64467.50,64461.50,64465.30,30.412000,191,16.241000,14.171000,64465.08,107182.99,0.00007120,0.001000,0.000000,0
2026-07-26 08:56:00,64465.30,64465.30,64465.20,64465.20,11.667000,130,5.910000,5.757000,64465.25,107183.51,0.00007129,0.000000,0.000000,0
2026-07-26 08:57:00,64465.30,64465.30,64465.20,64465.20,6.093000,121,3.202000,2.891000,64465.25,107182.57,0.00007162,0.000000,0.000000,0
2026-07-26 08:58:00,64465.30,64465.30,64463.30,64463.30,35.867000,131,15.388000,20.479000,64464.40,107179.32,0.00007162,0.000000,0.000000,0
2026-07-26 08:59:00,64463.40,64463.40,64459.30,64459.40,18.261000,136,3.546000,14.715000,64461.40,107175.13,0.00007202,0.000000,0.000000,0
2026-07-26 09:00:00,64459.30,64459.40,64445.70,64450.00,47.196000,277,18.556000,28.640000,64450.15,107172.63,0.00007225,0.000000,0.000000,0
2026-07-26 09:01:00,64450.10,64456.70,64450.00,64456.60,21.864000,187,18.240000,3.624000,64452.81,107178.66,0.00007225,0.000000,0.000000,0
2026-07-26 09:02:00,64456.70,64481.60,64456.20,64473.30,86.827000,409,56.679000,30.148000,64471.03,107163.73,0.00007197,0.018000,0.000000,0
2026-07-26 09:03:00,64473.30,64473.30,64473.20,64473.30,10.637000,124,9.506000,1.131000,64473.29,107170.14,0.00007189,0.000000,0.000000,0
2026-07-26 09:04:00,64473.30,64473.30,64473.20,64473.30,4.601000,121,1.825000,2.776000,64473.24,107170.49,0.00007201,0.000000,0.000000,0
2026-07-26 09:05:00,64473.20,64488.00,64473.20,64486.60,67.580000,319,52.715000,14.865000,64480.78,107163.92,0.00007201,0.017000,0.000000,0
2026-07-26 09:06:00,64486.60,64486.60,64471.40,64472.30,23.810000,280,12.179000,11.631000,64478.57,107159.54,0.00007196,0.000000,0.000000,0
2026-07-26 09:07:00,64472.20,64472.30,64450.00,64450.10,18.302000,303,1.511000,16.791000,64461.77,107156.49,0.00007222,0.000000,0.000000,0
2026-07-26 09:08:00,64450.00,64450.10,64450.00,64450.10,6.597000,134,0.978000,5.619000,64450.01,107155.52,0.00007222,0.000000,0.000000,0
2026-07-26 09:09:00,64450.00,64463.40,64450.00,64463.40,28.615000,212,17.213000,11.402000,64455.93,107156.90,0.00007192,0.000000,0.000000,0
2026-07-26 09:10:00,64463.40,64470.00,64463.30,64470.00,8.659000,188,6.484000,2.175000,64468.11,107148.28,0.00007162,0.000000,0.000000,0
2026-07-26 09:11:00,64470.00,64476.60,64469.90,64476.60,12.785000,161,9.723000,3.062000,64473.44,107151.58,0.00007181,0.000000,0.000000,0
2026-07-26 09:12:00,64476.60,64476.60,64468.00,64468.10,32.846000,176,6.329000,26.517000,64474.00,107145.79,0.00007181,0.000000,0.000000,0
2026-07-26 09:13:00,64468.00,64468.10,64468.00,64468.00,2.914000,104,0.495000,2.419000,64468.02,107141.14,0.00007219,0.000000,0.000000,0
2026-07-26 09:14:00,64468.10,64468.10,64468.00,64468.00,10.002000,122,2.642000,7.360000,64468.03,107139.72,0.00007213,0.000000,0.000000,0
2026-07-26 09:15:00,64468.00,64468.10,64468.00,64468.10,10.387000,123,5.030000,5.357000,64468.05,107140.62,0.00007213,0.000000,0.000000,0
2026-07-26 09:16:00,64468.00,64468.00,64466.10,64466.20,8.277000,121,5.012000,3.265000,64466.52,107138.48,0.00007196,0.000000,0.000000,0
2026-07-26 09:17:00,64466.10,64470.00,64466.10,64468.40,35.279000,150,7.219000,28.060000,64469.10,107135.68,0.00007172,0.000000,0.000000,0
2026-07-26 09:18:00,64468.40,64518.80,64468.40,64518.80,122.820000,655,116.973000,5.847000,64490.45,107118.92,0.00007172,1.363000,0.000000,0
2026-07-26 09:19:00,64518.80,64521.80,64511.50,64511.60,53.568000,319,23.240000,30.328000,64519.88,107108.50,0.00007144,0.037000,0.000000,0
2026-07-26 09:20:00,64511.50,64511.50,64510.10,64510.10,21.595000,150,13.460000,8.135000,64510.27,107104.58,0.00007180,0.000000,0.000000,0
2026-07-26 09:21:00,64510.20,64511.00,64510.10,64511.00,12.974000,129,8.668000,4.306000,64510.17,107103.09,0.00007170,0.000000,0.000000,0
2026-07-26 09:22:00,64510.90,64523.90,64510.90,64516.60,74.859000,324,53.452000,21.407000,64517.96,107095.73,0.00007170,0.000000,0.000000,0
2026-07-26 09:23:00,64516.60,64516.60,64516.40,64516.50,17.813000,154,6.915000,10.898000,64516.46,107087.76,0.00007153,0.000000,0.000000,0
2026-07-26 09:24:00,64516.50,64516.50,64516.40,64516.50,10.434000,127,4.033000,6.401000,64516.44,107085.62,0.00007172,0.005000,0.000000,0
2026-07-26 09:25:00,64516.40,64516.50,64516.40,64516.50,11.789000,117,8.395000,3.394000,64516.47,107084.62,0.00007172,0.000000,0.000000,0
2026-07-26 09:26:00,64516.40,64516.50,64516.40,64516.40,19.315000,127,11.766000,7.549000,64516.46,107083.60,0.00007178,0.298000,0.000000,0
2026-07-26 09:27:00,64516.40,64516.50,64516.40,64516.50,12.076000,107,4.931000,7.145000,64516.44,107083.05,0.00007183,0.000000,0.000000,0
2026-07-26 09:28:00,64516.50,64516.50,64505.10,64505.10,34.017000,231,8.264000,25.753000,64512.77,107080.12,0.00007188,0.000000,0.002000,0
2026-07-26 09:29:00,64505.20,64507.90,64502.50,64507.80,25.461000,176,18.553000,6.908000,64504.41,107069.87,0.00007188,0.000000,0.000000,0
2026-07-26 09:30:00,64507.90,64507.90,64507.80,64507.80,8.692000,86,1.603000,7.089000,64507.82,107066.95,0.00007193,0.000000,0.000000,0
2026-07-26 09:31:00,64507.80,64507.90,64485.70,64485.80,51.347000,342,7.545000,43.802000,64494.00,107054.01,0.00007215,0.000000,0.000000,0
2026-07-26 09:32:00,64485.70,64494.10,64476.90,64494.00,47.291000,294,24.945000,22.346000,64484.37,107046.05,0.00007215,0.000000,0.000000,0
2026-07-26 09:33:00,64494.00,64494.10,64494.00,64494.10,5.910000,89,1.581000,4.329000,64494.03,107051.12,0.00007193,0.000000,0.000000,0
2026-07-26 09:34:00,64494.00,64496.70,64494.00,64496.60,17.107000,119,13.114000,3.993000,64495.04,107046.26,0.00007193,0.000000,0.000000,0
2026-07-26 09:35:00,64496.70,64496.70,64491.10,64491.10,21.375000,139,1.707000,19.668000,64494.14,107052.77,0.00007211,0.000000,0.000000,0
2026-07-26 09:36:00,64491.10,64491.20,64491.10,64491.10,12.634000,102,2.733000,9.901000,64491.12,107058.70,0.00007211,0.016000,0.000000,0
2026-07-26 09:37:00,64491.20,64494.40,64491.10,64494.40,14.698000,106,13.631000,1.067000,64491.26,107055.94,0.00007210,0.000000,0.000000,0
2026-07-26 09:38:00,64494.30,64504.90,64494.30,64504.90,43.458000,260,30.020000,13.438000,64498.57,107050.85,0.00007203,0.000000,0.000000,0
2026-07-26 09:39:00,64505.00,64509.90,64505.00,64509.90,26.014000,164,23.878000,2.136000,64506.08,107055.60,0.00007203,0.000000,0.000000,0
2026-07-26 09:40:00,64509.90,64513.00,64506.00,64513.00,58.563000,188,40.200000,18.363000,64508.41,107059.07,0.00007225,0.000000,0.000000,0
2026-07-26 09:41:00,64512.90,64519.00,64512.90,64518.90,22.311000,149,16.449000,5.862000,64515.44,107057.67,0.00007255,0.000000,0.000000,0
2026-07-26 09:42:00,64518.90,64519.30,64518.90,64519.20,20.480000,129,14.180000,6.300000,64519.06,107063.70,0.00007280,0.000000,0.000000,0
2026-07-26 09:43:00,64519.20,64521.00,64519.20,64520.00,66.637000,133,38.029000,28.608000,64520.07,107074.21,0.00007280,0.000000,0.000000,0
2026-07-26 09:44:00,64519.90,64519.90,64519.20,64519.20,13.412000,120,5.816000,7.596000,64519.32,107084.12,0.00007325,0.000000,0.000000,0
2026-07-26 09:45:00,64519.20,64519.30,64519.10,64519.10,29.207000,150,9.083000,20.124000,64519.23,107083.69,0.00007368,0.000000,0.000000,0
2026-07-26 09:46:00,64519.10,64519.70,64519.10,64519.70,35.692000,118,31.937000,3.755000,64519.31,107115.87,0.00007368,0.000000,0.000000,0
2026-07-26 09:47:00,64519.70,64520.00,64519.60,64519.90,23.576000,101,15.050000,8.526000,64519.75,107117.63,0.00007406,0.000000,0.007000,0
2026-07-26 09:48:00,64519.90,64525.00,64519.90,64524.90,22.396000,143,18.273000,4.123000,64521.24,107117.94,0.00007439,0.000000,0.000000,0
2026-07-26 09:49:00,64525.00,64525.20,64523.30,64524.00,37.162000,117,20.633000,16.529000,64524.27,107122.60,0.00007476,0.000000,0.000000,0
2026-07-26 09:50:00,64524.00,64524.10,64524.00,64524.00,5.942000,83,2.026000,3.916000,64524.03,107122.59,0.00007476,0.000000,0.000000,0
2026-07-26 09:51:00,64524.00,64524.10,64520.80,64520.80,12.907000,150,2.210000,10.697000,64522.41,107122.46,0.00007511,0.000000,0.000000,0
2026-07-26 09:52:00,64520.80,64520.90,64520.80,64520.90,11.979000,144,2.232000,9.747000,64520.82,107117.41,0.00007537,0.000000,0.000000,0
2026-07-26 09:53:00,64520.80,64520.90,64512.70,64512.70,54.086000,230,5.687000,48.399000,64517.80,107119.25,0.00007537,0.000000,0.000000,0
2026-07-26 09:54:00,64512.70,64512.80,64509.10,64509.10,14.863000,188,0.681000,14.182000,64509.73,107114.89,0.00007545,0.000000,0.000000,0
2026-07-26 09:55:00,64509.10,64509.40,64509.10,64509.40,18.668000,157,11.858000,6.810000,64509.23,107108.97,0.00007536,0.000000,0.000000,0
2026-07-26 09:56:00,64509.40,64510.80,64509.30,64510.70,9.256000,162,4.242000,5.014000,64509.75,107108.97,0.00007513,0.000000,0.000000,0
2026-07-26 09:57:00,64510.70,64510.80,64507.00,64507.10,33.851000,196,4.446000,29.405000,64508.82,107110.33,0.00007513,0.000000,0.000000,0
2026-07-26 09:58:00,64507.00,64507.10,64507.00,64507.00,17.508000,147,0.557000,16.951000,64507.00,107108.95,0.00007499,0.000000,0.000000,0
2026-07-26 09:59:00,64507.10,64507.10,64507.00,64507.00,10.553000,109,3.529000,7.024000,64507.03,107124.65,0.00007484,0.000000,0.000000,0
2026-07-26 10:00:00,64507.00,64512.30,64507.00,64512.30,40.987000,151,36.830000,4.157000,64508.33,107126.27,0.00007484,0.000000,0.000000,0
2026-07-26 10:01:00,64512.30,64512.30,64490.00,64490.00,132.010000,325,7.904000,124.106000,64506.09,107132.28,0.00007470,0.000000,0.000000,0
2026-07-26 10:02:00,64490.00,64490.10,64488.10,64489.90,41.757000,195,21.305000,20.452000,64488.53,107222.27,0.00007488,0.000000,0.000000,0
2026-07-26 10:03:00,64489.90,64490.00,64489.90,64489.90,12.001000,133,0.601000,11.400000,64489.91,107214.38,0.00007488,0.000000,0.000000,0
2026-07-26 10:04:00,64489.90,64490.00,64488.10,64488.10,46.299000,214,4.270000,42.029000,64488.42,107216.62,0.00007505,0.000000,0.000000,0
2026-07-26 10:05:00,64488.10,64488.20,64488.10,64488.10,20.920000,179,2.756000,18.164000,64488.11,107233.97,0.00007541,0.000000,0.000000,0
2026-07-26 10:06:00,64488.10,64488.20,64488.10,64488.20,22.524000,196,4.621000,17.903000,64488.12,107247.18,0.00007590,0.000000,0.000000,0
2026-07-26 10:07:00,64488.10,64488.20,64488.10,64488.20,9.282000,181,1.218000,8.064000,64488.11,107262.10,0.00007590,0.000000,0.000000,0
2026-07-26 10:08:00,64488.10,64491.30,64488.10,64491.30,28.922000,163,21.694000,7.228000,64489.03,107266.34,0.00007639,0.000000,0.000000,0
2026-07-26 10:09:00,64491.30,64491.30,64488.20,64488.60,53.983000,137,26.455000,27.528000,64489.57,107260.14,0.00007689,0.000000,0.000000,0
2026-07-26 10:10:00,64488.60,64488.70,64488.10,64488.10,15.894000,139,1.852000,14.042000,64488.54,107268.80,0.00007689,0.000000,0.000000,0
2026-07-26 10:11:00,64488.10,64488.20,64483.90,64483.90,82.267000,169,3.719000,78.548000,64486.97,107277.68,0.00007744,0.000000,0.000000,0
2026-07-26 10:12:00,64483.90,64484.00,64479.00,64479.00,165.533000,218,7.636000,157.897000,64483.15,107332.32,0.00007789,0.000000,0.000000,0
2026-07-26 10:13:00,64479.00,64479.10,64479.00,64479.00,9.384000,141,0.991000,8.393000,64479.01,107421.87,0.00007832,0.000000,0.000000,0
2026-07-26 10:14:00,64479.00,64485.50,64479.00,64485.50,37.874000,176,25.283000,12.591000,64481.21,107421.35,0.00007832,0.000000,0.000000,0
2026-07-26 10:15:00,64485.40,64485.50,64483.90,64483.90,12.212000,144,1.913000,10.299000,64485.35,107410.13,0.00007879,0.000000,0.000000,0
2026-07-26 10:16:00,64483.90,64484.00,64474.20,64474.60,40.172000,214,14.667000,25.505000,64477.70,107416.67,0.00007923,0.000000,0.000000,0
2026-07-26 10:17:00,64474.60,64474.60,64472.40,64474.50,42.345000,233,28.002000,14.343000,64473.26,107418.58,0.00007923,0.000000,0.000000,0
2026-07-26 10:18:00,64474.40,64474.50,64474.40,64474.50,11.061000,92,2.857000,8.204000,64474.43,107422.85,0.00007928,0.000000,0.000000,0
2026-07-26 10:19:00,64474.40,64474.50,64474.40,64474.50,6.020000,104,1.217000,4.803000,64474.42,107425.29,0.00007959,0.000000,0.000000,0
2026-07-26 10:20:00,64474.40,64474.50,64474.40,64474.40,3.373000,102,0.497000,2.876000,64474.41,107423.10,0.00007992,0.000000,0.000000,0
2026-07-26 10:21:00,64474.40,64478.40,64474.40,64478.30,18.653000,145,12.213000,6.440000,64475.15,107423.74,0.00007992,0.000000,0.000000,0
2026-07-26 10:22:00,64478.40,64478.40,64478.30,64478.40,7.191000,79,5.558000,1.633000,64478.38,107417.10,0.00008025,0.000000,0.000000,0
2026-07-26 10:23:00,64478.30,64496.10,64478.30,64495.90,50.979000,260,47.926000,3.053000,64484.12,107417.30,0.00008067,0.000000,0.000000,0
2026-07-26 10:24:00,64495.80,64502.10,64492.80,64502.00,34.074000,172,16.885000,17.189000,64495.71,107410.35,0.00008067,0.000000,0.000000,0
2026-07-26 10:25:00,64502.00,64518.70,64502.00,64508.30,45.468000,317,19.926000,25.542000,64513.34,107406.52,0.00008128,0.000000,0.000000,0
2026-07-26 10:26:00,64508.40,64508.40,64503.10,64503.20,9.354000,126,2.991000,6.363000,64503.57,107409.82,0.00008197,0.000000,0.000000,0
2026-07-26 10:27:00,64503.20,64503.20,64503.10,64503.10,7.889000,82,3.525000,4.364000,64503.14,107407.90,0.00008197,0.040000,0.000000,0
2026-07-26 10:28:00,64503.20,64503.20,64496.00,64496.00,24.366000,202,7.540000,16.826000,64499.03,107407.02,0.00008204,0.000000,0.000000,0
2026-07-26 10:29:00,64496.10,64496.10,64493.70,64493.70,6.388000,172,2.755000,3.633000,64495.03,107409.09,0.00008202,0.000000,0.000000,0
2026-07-26 10:30:00,64493.70,64493.80,64493.70,64493.70,3.152000,86,1.275000,1.877000,64493.74,107409.52,0.00008180,0.000000,0.000000,0
2026-07-26 10:31:00,64493.70,64500.00,64493.70,64499.90,28.875000,150,24.607000,4.268000,64494.91,107408.18,0.00008180,0.000000,0.000000,0
2026-07-26 10:32:00,64500.00,64502.70,64499.90,64502.70,14.044000,92,7.117000,6.927000,64501.72,107398.13,0.00008181,0.000000,0.000000,0
2026-07-26 10:33:00,64502.60,64502.70,64502.60,64502.70,5.182000,78,3.905000,1.277000,64502.68,107394.05,0.00008204,0.000000,0.000000,0
2026-07-26 10:34:00,64502.60,64502.70,64502.60,64502.60,14.495000,82,6.851000,7.644000,64502.65,107395.46,0.00008204,0.000000,0.000000,0
2026-07-26 10:35:00,64502.70,64502.80,64502.60,64502.80,11.608000,104,10.502000,1.106000,64502.73,107390.97,0.00008245,0.000000,0.000000,0
2026-07-26 10:36:00,64502.80,64517.80,64502.70,64514.50,30.347000,238,18.678000,11.669000,64512.84,107391.75,0.00008286,0.000000,0.000000,0
2026-07-26 10:37:00,64514.50,64523.40,64514.50,64523.30,27.838000,163,24.401000,3.437000,64520.61,107394.64,0.00008316,0.000000,0.000000,0
2026-07-26 10:38:00,64523.40,64523.40,64521.20,64521.20,22.703000,123,6.612000,16.091000,64522.97,107387.53,0.00008316,0.000000,0.000000,0
2026-07-26 10:39:00,64521.20,64521.30,64521.10,64521.10,13.061000,99,3.447000,9.614000,64521.17,107387.39,0.00008352,0.000000,0.000000,0
2026-07-26 10:40:00,64521.20,64521.20,64521.10,64521.20,8.396000,125,7.492000,0.904000,64521.19,107385.01,0.00008379,0.000000,0.000000,0
2026-07-26 10:41:00,64521.10,64528.90,64521.10,64528.80,19.384000,178,16.532000,2.852000,64523.54,107386.58,0.00008379,0.000000,0.000000,0
2026-07-26 10:42:00,64528.90,64528.90,64528.80,64528.80,10.714000,147,8.376000,2.338000,64528.88,107382.90,0.00008391,0.159000,0.000000,0
2026-07-26 10:43:00,64528.90,64528.90,64528.80,64528.90,13.767000,160,3.917000,9.850000,64528.83,107382.88,0.00008427,0.000000,0.000000,0
2026-07-26 10:44:00,64528.90,64528.90,64528.80,64528.90,18.022000,122,12.312000,5.710000,64528.87,107386.19,0.00008484,0.000000,0.000000,0
2026-07-26 10:45:00,64528.90,64528.90,64528.80,64528.90,9.691000,121,7.722000,1.969000,64528.88,107389.19,0.00008484,0.000000,0.000000,0
2026-07-26 10:46:00,64528.80,64557.30,64528.80,64545.20,119.687000,598,108.180000,11.507000,64546.87,107391.62,0.00008541,0.028000,0.000000,0
2026-07-26 10:47:00,64545.20,64545.20,64540.00,64540.00,22.728000,201,7.952000,14.776000,64544.35,107347.78,0.00008596,0.000000,0.000000,0
2026-07-26 10:48:00,64540.00,64540.10,64519.10,64519.10,23.750000,314,3.932000,19.818000,64529.20,107344.88,0.00008596,0.000000,0.000000,0
2026-07-26 10:49:00,64519.10,64519.10,64500.80,64500.90,14.370000,244,0.205000,14.165000,64506.27,107345.32,0.00008612,0.000000,0.000000,0
2026-07-26 10:50:00,64500.80,64500.90,64493.70,64493.80,35.775000,155,5.342000,30.433000,64497.59,107344.89,0.00008587,0.000000,0.000000,0
2026-07-26 10:51:00,64493.80,64493.80,64487.50,64487.60,101.154000,173,4.688000,96.466000,64493.50,107347.10,0.00008549,0.000000,0.000000,0
2026-07-26 10:52:00,64487.50,64487.60,64487.50,64487.50,9.964000,115,1.586000,8.378000,64487.52,107427.88,0.00008549,0.000000,0.000000,0
2026-07-26 10:53:00,64487.60,64497.70,64487.50,64497.60,42.316000,172,36.513000,5.803000,64488.55,107425.01,0.00008545,0.000000,0.000000,0
2026-07-26 10:54:00,64497.70,64500.80,64497.60,64500.80,12.341000,112,9.085000,3.256000,64498.53,107396.06,0.00008531,0.000000,0.000000,0
2026-07-26 10:55:00,64500.70,64500.80,64498.00,64498.00,25.889000,111,7.240000,18.649000,64500.39,107398.19,0.00008531,0.000000,0.000000,0
2026-07-26 10:56:00,64498.00,64498.10,64498.00,64498.00,5.174000,93,2.485000,2.689000,64498.05,107412.47,0.00008583,0.000000,0.000000,0
2026-07-26 10:57:00,64498.10,64498.10,64488.00,64488.00,10.498000,172,1.083000,9.415000,64496.57,107414.23,0.00008609,0.000000,0.000000,0
2026-07-26 10:58:00,64488.10,64488.10,64483.90,64483.90,14.993000,148,3.003000,11.990000,64485.05,107413.31,0.00008613,0.000000,0.000000,0
2026-07-26 10:59:00,64483.90,64491.00,64483.90,64490.90,16.989000,148,9.968000,7.021000,64486.85,107409.81,0.00008613,0.000000,0.000000,0
2026-07-26 11:00:00,64490.90,64491.00,64490.90,64490.90,4.118000,68,1.296000,2.822000,64490.93,107405.50,0.00008581,0.000000,0.000000,0
2026-07-26 11:01:00,64491.00,64491.00,64486.40,64486.50,13.713000,138,6.366000,7.347000,64487.94,107405.54,0.00008597,0.000000,0.000000,0
2026-07-26 11:02:00,64486.40,64486.50,64486.40,64486.40,8.323000,131,1.799000,6.524000,64486.42,107407.27,0.00008597,0.000000,0.002000,0
2026-07-26 11:03:00,64486.40,64490.50,64481.60,64490.40,56.399000,199,37.345000,19.054000,64483.30,107406.36,0.00008593,0.100000,0.000000,0
2026-07-26 11:04:00,64490.50,64495.90,64487.20,64495.90,49.655000,181,17.526000,32.129000,64491.17,107425.87,0.00008581,0.000000,0.000000,0
2026-07-26 11:05:00,64495.90,64500.00,64495.80,64500.00,11.857000,130,8.668000,3.189000,64498.96,107436.84,0.00008620,0.000000,0.000000,0
2026-07-26 11:06:00,64500.00,64500.80,64499.90,64500.20,23.187000,106,11.139000,12.048000,64500.56,107431.16,0.00008620,0.000000,0.000000,0
2026-07-26 11:07:00,64500.30,64507.20,64500.20,64507.20,15.544000,171,12.701000,2.843000,64502.36,107423.99,0.00008653,0.000000,0.000000,0
2026-07-26 11:08:00,64507.20,64507.20,64500.30,64500.30,16.730000,151,3.611000,13.119000,64505.32,107420.14,0.00008682,0.000000,0.000000,0
2026-07-26 11:09:00,64500.30,64500.40,64487.50,64487.50,44.504000,196,8.250000,36.254000,64495.55,107421.81,0.00008682,0.000000,0.000000,0
2026-07-26 11:10:00,64487.50,64487.60,64485.80,64485.80,16.942000,132,5.359000,11.583000,64487.01,107445.43,0.00008680,0.000000,0.000000,0
2026-07-26 11:11:00,64485.80,64485.90,64476.80,64476.90,22.799000,207,1.967000,20.832000,64480.65,107442.59,0.00008665,0.000000,0.000000,0
2026-07-26 11:12:00,64476.90,64482.90,64476.80,64482.80,27.661000,174,16.967000,10.694000,64478.25,107431.21,0.00008665,0.000000,0.000000,0
2026-07-26 11:13:00,64482.90,64482.90,64481.80,64481.80,12.387000,116,1.489000,10.898000,64482.62,107430.61,0.00008629,0.000000,0.000000,0
2026-07-26 11:14:00,64481.80,64481.90,64481.80,64481.90,9.571000,116,2.047000,7.524000,64481.82,107429.59,0.00008627,0.000000,0.000000,0
2026-07-26 11:15:00,64481.80,64481.90,64481.80,64481.90,6.248000,102,2.880000,3.368000,64481.85,107430.36,0.00008625,0.025000,0.000000,0
2026-07-26 11:16:00,64481.80,64481.90,64481.80,64481.90,15.013000,111,9.519000,5.494000,64481.86,107430.71,0.00008625,0.000000,0.015000,0
2026-07-26 11:17:00,64481.80,64487.30,64481.80,64487.30,14.470000,138,11.499000,2.971000,64483.17,107431.43,0.00008622,0.000000,0.000000,0
2026-07-26 11:18:00,64487.30,64490.30,64487.20,64490.30,7.480000,101,6.242000,1.238000,64487.79,107426.35,0.00008619,0.000000,0.000000,0
2026-07-26 11:19:00,64490.20,64497.40,64490.20,64497.40,11.074000,173,10.590000,0.484000,64493.15,107421.80,0.00008619,0.000000,0.000000,0
2026-07-26 11:20:00,64497.40,64499.70,64497.30,64499.60,20.839000,127,14.028000,6.811000,64498.70,107422.51,0.00008654,0.000000,0.000000,0
2026-07-26 11:21:00,64499.60,64499.70,64486.10,64486.20,21.294000,185,7.855000,13.439000,64493.00,107424.66,0.00008713,0.000000,0.000000,0
2026-07-26 11:22:00,64486.10,64486.20,64486.10,64486.10,9.077000,106,3.102000,5.975000,64486.13,107425.31,0.00008753,0.000000,0.000000,0
2026-07-26 11:23:00,64486.10,64486.20,64485.00,64485.00,10.135000,110,2.756000,7.379000,64485.25,107425.22,0.00008753,0.000000,0.000000,0
2026-07-26 11:24:00,64485.10,64485.10,64485.00,64485.00,4.592000,102,1.910000,2.682000,64485.04,107424.93,0.00008742,0.000000,0.000000,0
2026-07-26 11:25:00,64485.00,64485.10,64485.00,64485.10,22.639000,96,17.502000,5.137000,64485.08,107439.75,0.00008725,0.000000,0.000000,0
2026-07-26 11:26:00,64485.00,64485.10,64485.00,64485.00,5.359000,152,1.856000,3.503000,64485.03,107440.15,0.00008725,0.000000,0.000000,0
2026-07-26 11:27:00,64485.10,64485.10,64481.80,64481.80,4.465000,143,0.866000,3.599000,64484.38,107438.51,0.00008709,0.000000,0.000000,0
2026-07-26 11:28:00,64481.80,64481.90,64481.10,64481.20,12.794000,98,6.859000,5.935000,64481.58,107437.83,0.00008701,0.000000,0.000000,0
2026-07-26 11:29:00,64481.10,64481.20,64480.70,64480.80,4.838000,93,0.445000,4.393000,64480.92,107438.62,0.00008697,0.000000,0.000000,0
2026-07-26 11:30:00,64480.80,64480.80,64476.90,64476.90,20.481000,142,6.980000,13.501000,64478.78,107434.78,0.00008697,0.000000,0.000000,0
2026-07-26 11:31:00,64477.00,64477.00,64474.30,64474.30,20.302000,167,1.923000,18.379000,64475.55,107446.89,0.00008693,0.000000,0.000000,0
2026-07-26 11:32:00,64474.20,64474.30,64472.40,64472.50,14.613000,215,6.850000,7.763000,64472.53,107453.38,0.00008680,0.000000,0.019000,0
2026-07-26 11:33:00,64472.50,64472.50,64472.40,64472.40,19.012000,224,6.518000,12.494000,64472.43,107452.99,0.00008680,0.000000,0.000000,0
2026-07-26 11:34:00,64472.40,64472.50,64472.40,64472.40,4.917000,102,1.097000,3.820000,64472.42,107452.13,0.00008657,0.000000,0.000000,0
2026-07-26 11:35:00,64472.40,64472.50,64472.40,64472.40,6.495000,112,2.521000,3.974000,64472.44,107452.69,0.00008640,0.000000,0.000000,0
2026-07-26 11:36:00,64472.50,64472.50,64472.40,64472.40,11.401000,129,2.352000,9.049000,64472.42,107456.45,0.00008624,0.000000,0.000000,0
2026-07-26 11:37:00,64472.50,64472.50,64471.50,64471.50,11.725000,117,1.266000,10.459000,64471.89,107456.62,0.00008624,0.000000,0.000000,0
2026-07-26 11:38:00,64471.50,64471.60,64471.40,64471.40,9.720000,92,4.077000,5.643000,64471.50,107458.80,0.00008606,0.000000,0.000000,0
2026-07-26 11:39:00,64471.50,64471.50,64470.00,64470.00,18.680000,136,1.185000,17.495000,64470.26,107461.03,0.00008579,0.000000,0.000000,0
2026-07-26 11:40:00,64470.10,64470.10,64470.00,64470.00,9.127000,117,0.581000,8.546000,64470.01,107462.74,0.00008579,0.000000,0.000000,0
2026-07-26 11:41:00,64470.00,64470.10,64470.00,64470.00,15.793000,111,0.866000,14.927000,64470.01,107463.99,0.00008591,0.000000,0.000000,0
2026-07-26 11:42:00,64470.10,64470.10,64470.00,64470.10,20.023000,171,3.214000,16.809000,64470.02,107477.49,0.00008627,0.000000,0.000000,0
2026-07-26 11:43:00,64470.10,64470.10,64470.00,64470.00,12.434000,125,4.834000,7.600000,64470.04,107486.07,0.00008627,0.000000,0.000000,0
2026-07-26 11:44:00,64470.10,64470.10,64470.00,64470.10,16.255000,106,13.380000,2.875000,64470.08,107487.56,0.00008663,0.000000,0.000000,0
2026-07-26 11:45:00,64470.10,64470.10,64470.00,64470.00,5.867000,88,3.276000,2.591000,64470.06,107487.77,0.00008701,0.000000,0.000000,0
2026-07-26 11:46:00,64470.10,64476.20,64470.00,64476.20,54.309000,193,51.683000,2.626000,64473.41,107469.35,0.00008726,0.000000,0.000000,0
2026-07-26 11:47:00,64476.20,64476.20,64476.10,64476.20,16.253000,239,13.969000,2.284000,64476.19,107458.69,0.00008726,0.000000,0.000000,0
2026-07-26 11:48:00,64476.20,64484.90,64476.10,64484.90,20.154000,140,17.883000,2.271000,64479.66,107457.21,0.00008773,0.000000,0.000000,0
2026-07-26 11:49:00,64484.80,64488.90,64484.80,64488.90,11.219000,127,9.749000,1.470000,64486.32,107453.96,0.00008822,0.000000,0.000000,0
2026-07-26 11:50:00,64488.90,64488.90,64486.90,64486.90,28.448000,179,3.906000,24.542000,64488.34,107458.22,0.00008822,0.000000,0.000000,0
2026-07-26 11:51:00,64486.90,64487.00,64486.90,64487.00,4.370000,116,2.013000,2.357000,64486.95,107461.12,0.00008883,0.000000,0.000000,0
2026-07-26 11:52:00,64486.90,64487.00,64486.90,64487.00,6.476000,80,5.025000,1.451000,64486.98,107462.60,0.00008919,0.000000,0.000000,0
2026-07-26 11:53:00,64487.00,64487.00,64486.90,64487.00,3.010000,70,0.861000,2.149000,64486.93,107459.40,0.00008942,0.000000,0.000000,0
2026-07-26 11:54:00,64486.90,64487.00,64486.90,64486.90,16.155000,131,8.863000,7.292000,64486.95,107464.56,0.00008942,0.000000,0.000000,0
2026-07-26 11:55:00,64486.90,64487.00,64483.20,64483.30,22.291000,184,3.422000,18.869000,64484.77,107470.33,0.00008966,0.000000,0.000000,0
2026-07-26 11:56:00,64483.20,64483.30,64483.20,64483.20,3.982000,169,1.683000,2.299000,64483.24,107470.05,0.00008984,0.000000,0.000000,0
2026-07-26 11:57:00,64483.30,64483.30,64475.30,64475.30,25.706000,226,1.684000,24.022000,64480.30,107482.71,0.00008984,0.000000,0.000000,0
2026-07-26 11:58:00,64475.30,64475.40,64475.30,64475.40,17.069000,109,5.516000,11.553000,64475.33,107480.60,0.00008998,0.000000,0.000000,0
2026-07-26 11:59:00,64475.40,64475.40,64475.30,64475.30,7.392000,78,3.309000,4.083000,64475.34,107478.99,0.00009007,0.000000,0.000000,0
2026-07-26 12:00:00,64475.30,64481.50,64475.30,64481.40,15.569000,114,15.036000,0.533000,64477.54,107476.86,0.00009007,0.000000,0.000000,0
2026-07-26 12:01:00,64481.50,64485.50,64481.40,64485.30,22.912000,156,15.611000,7.301000,64484.65,107472.59,0.00009013,0.000000,0.000000,0
2026-07-26 12:02:00,64485.40,64485.40,64485.20,64485.30,9.799000,118,3.555000,6.244000,64485.27,107464.52,0.00009031,0.000000,0.000000,0
2026-07-26 12:03:00,64485.20,64512.80,64485.20,64512.80,106.783000,376,101.482000,5.301000,64502.27,107456.82,0.00009053,0.000000,0.000000,0
2026-07-26 12:04:00,64512.80,64525.90,64512.70,64525.80,22.925000,262,19.601000,3.324000,64518.32,107502.49,0.00009053,0.000000,0.000000,0
2026-07-26 12:05:00,64525.90,64535.80,64525.80,64535.70,27.395000,259,24.010000,3.385000,64529.57,107499.82,0.00009082,0.000000,0.000000,0
2026-07-26 12:06:00,64535.70,64544.00,64535.70,64544.00,47.643000,262,36.466000,11.177000,64537.92,107499.66,0.00009130,0.000000,0.000000,0
2026-07-26 12:07:00,64544.00,64631.00,64543.90,64603.40,869.058000,3075,687.604000,181.454000,64603.25,107399.59,0.00009130,4.500000,0.000000,0
2026-07-26 12:08:00,64603.40,64639.00,64600.00,64617.60,207.894000,980,119.814000,88.080000,64628.91,107386.99,0.00009184,1.617000,0.000000,0
2026-07-26 12:09:00,64617.70,64617.70,64590.20,64609.90,104.443000,635,34.139000,70.304000,64599.51,107381.75,0.00009232,0.000000,0.000000,0
2026-07-26 12:10:00,64609.90,64610.00,64565.00,64565.00,58.963000,575,9.743000,49.220000,64587.28,107384.35,0.00009250,0.000000,0.000000,0
2026-07-26 12:11:00,64565.00,64569.60,64556.70,64564.80,103.695000,429,34.040000,69.655000,64563.64,107381.86,0.00009250,0.000000,0.000000,0
2026-07-26 12:12:00,64564.80,64564.90,64551.70,64551.70,31.343000,318,3.972000,27.371000,64556.22,107376.77,0.00009249,0.000000,0.000000,0
2026-07-26 12:13:00,64551.80,64565.30,64551.70,64564.80,51.895000,292,35.382000,16.513000,64558.39,107371.67,0.00009235,0.000000,0.000000,0
2026-07-26 12:14:00,64564.90,64588.00,64564.80,64587.90,30.187000,399,24.478000,5.709000,64578.01,107373.31,0.00009235,0.000000,0.000000,0
2026-07-26 12:15:00,64588.00,64588.00,64577.40,64577.40,26.253000,262,9.338000,16.915000,64585.24,107381.72,0.00009246,0.000000,0.000000,0
2026-07-26 12:16:00,64577.40,64584.60,64577.40,64584.60,24.073000,225,13.569000,10.504000,64580.91,107380.42,0.00009275,0.000000,0.000000,0
2026-07-26 12:17:00,64584.60,64594.20,64577.10,64577.10,55.132000,370,24.121000,31.011000,64589.44,107370.20,0.00009279,0.000000,0.000000,0
2026-07-26 12:18:00,64577.10,64577.20,64553.90,64554.00,64.490000,400,8.006000,56.484000,64563.68,107379.41,0.00009279,0.000000,0.009000,0
2026-07-26 12:19:00,64553.90,64559.50,64539.40,64539.40,61.915000,364,11.263000,50.652000,64550.51,107376.66,0.00009284,0.000000,0.000000,0
2026-07-26 12:20:00,64539.40,64539.50,64509.20,64511.80,92.099000,495,19.567000,72.532000,64529.25,107386.90,0.00009236,0.000000,0.000000,0
2026-07-26 12:21:00,64511.90,64511.90,64479.50,64498.50,230.588000,827,52.568000,178.020000,64492.91,107422.93,0.00009236,0.000000,0.000000,0
2026-07-26 12:22:00,64498.60,64520.60,64498.50,64520.60,29.118000,344,24.757000,4.361000,64505.42,107418.07,0.00009166,0.000000,0.000000,0
2026-07-26 12:23:00,64520.60,64541.40,64520.50,64539.80,79.071000,377,33.737000,45.334000,64534.89,107413.97,0.00009094,0.000000,0.000000,0
2026-07-26 12:24:00,64539.80,64539.80,64539.70,64539.80,7.801000,117,3.917000,3.884000,64539.75,107403.57,0.00009123,0.000000,0.000000,0
2026-07-26 12:25:00,64539.70,64547.80,64539.70,64547.70,15.125000,154,11.208000,3.917000,64543.19,107403.80,0.00009123,0.000000,0.000000,0
2026-07-26 12:26:00,64547.80,64547.80,64545.00,64545.00,11.465000,123,7.834000,3.631000,64545.59,107407.34,0.00009164,0.000000,0.000000,0
2026-07-26 12:27:00,64545.00,64550.00,64545.00,64549.90,18.816000,150,15.308000,3.508000,64549.28,107409.97,0.00009210,0.000000,0.000000,0
2026-07-26 12:28:00,64550.00,64558.60,64549.90,64555.10,27.325000,229,14.797000,12.528000,64554.66,107414.95,0.00009210,0.000000,0.000000,0
2026-07-26 12:29:00,64555.20,64555.20,64545.00,64549.30,18.088000,197,11.011000,7.077000,64549.07,107412.97,0.00009242,0.000000,0.000000,0
2026-07-26 12:30:00,64549.30,64554.20,64549.20,64554.20,8.351000,133,4.794000,3.557000,64552.93,107412.49,0.00009284,0.000000,0.000000,0
2026-07-26 12:31:00,64554.10,64554.10,64538.50,64538.50,41.708000,258,1.973000,39.735000,64546.88,107405.86,0.00009339,0.000000,0.000000,0
2026-07-26 12:32:00,64538.40,64538.50,64522.70,64534.00,61.745000,318,51.155000,10.590000,64528.56,107402.85,0.00009339,0.000000,0.053000,0
2026-07-26 12:33:00,64533.90,64534.00,64533.90,64534.00,14.658000,108,6.235000,8.423000,64533.94,107432.35,0.00009337,0.000000,0.000000,0
2026-07-26 12:34:00,64534.00,64534.00,64528.30,64528.30,14.130000,150,4.853000,9.277000,64529.71,107435.73,0.00009340,0.000000,0.000000,0
2026-07-26 12:35:00,64528.30,64528.40,64523.20,64523.20,15.314000,155,5.881000,9.433000,64527.18,107433.40,0.00009340,0.000000,0.019000,0
2026-07-26 12:36:00,64523.20,64523.30,64523.20,64523.20,27.296000,94,19.786000,7.510000,64523.27,107434.24,0.00009348,0.000000,0.000000,0
2026-07-26 12:37:00,64523.30,64533.70,64523.20,64533.60,21.161000,174,18.148000,3.013000,64526.49,107427.31,0.00009321,0.000000,0.000000,0
2026-07-26 12:38:00,64533.60,64533.70,64533.60,64533.70,6.218000,121,2.099000,4.119000,64533.63,107427.60,0.00009302,0.000000,0.000000,0
2026-07-26 12:39:00,64533.60,64533.70,64524.70,64524.70,8.152000,165,2.750000,5.402000,64529.87,107427.00,0.00009302,0.000000,0.000000,0
2026-07-26 12:40:00,64524.70,64524.70,64502.00,64502.00,54.302000,292,4.549000,49.753000,64508.04,107418.47,0.00009333,0.000000,0.000000,0
2026-07-26 12:41:00,64502.00,64502.00,64480.20,64480.70,56.551000,342,5.676000,50.875000,64488.54,107408.01,0.00009287,0.000000,0.000000,0
2026-07-26 12:42:00,64480.80,64480.80,64470.40,64470.70,89.573000,353,27.641000,61.932000,64473.23,107389.09,0.00009287,0.000000,0.000000,0
2026-07-26 12:43:00,64470.60,64470.70,64470.00,64470.10,62.191000,180,23.926000,38.265000,64470.30,107388.80,0.00009202,0.000000,0.000000,0
2026-07-26 12:44:00,64470.10,64470.20,64470.00,64470.00,41.312000,169,9.445000,31.867000,64470.03,107402.46,0.00009136,0.000000,0.000000,0
2026-07-26 12:45:00,64470.10,64470.10,64470.00,64470.00,17.247000,202,6.514000,10.733000,64470.04,107409.25,0.00009078,0.000000,0.000000,0
2026-07-26 12:46:00,64470.10,64470.10,64441.40,64441.40,257.168000,490,15.956000,241.212000,64466.16,107538.71,0.00009078,0.000000,0.000000,0
2026-07-26 12:47:00,64441.40,64441.50,64432.30,64432.30,55.726000,327,10.212000,45.514000,64435.47,107531.51,0.00009035,0.000000,0.001000,0
2026-07-26 12:48:00,64432.30,64444.60,64413.10,64444.60,269.801000,693,189.671000,80.130000,64419.05,107516.56,0.00008986,0.000000,0.039000,0
2026-07-26 12:49:00,64444.60,64450.00,64444.50,64445.80,43.429000,236,25.444000,17.985000,64447.26,107499.71,0.00008986,0.000000,0.000000,0
2026-07-26 12:50:00,64445.80,64445.80,64427.30,64427.30,44.756000,287,4.532000,40.224000,64439.68,107515.85,0.00008920,0.000000,0.000000,0
2026-07-26 12:51:00,64427.20,64427.30,64405.90,64420.10,129.034000,623,42.524000,86.510000,64412.86,107543.22,0.00008876,0.000000,0.085000,0
2026-07-26 12:52:00,64420.20,64439.90,64420.10,64439.90,32.942000,317,20.341000,12.601000,64430.36,107541.35,0.00008800,0.000000,0.000000,0
2026-07-26 12:53:00,64439.90,64439.90,64439.80,64439.90,9.167000,119,6.791000,2.376000,64439.87,107546.02,0.00008800,0.000000,0.000000,0
2026-07-26 12:54:00,64439.80,64448.40,64439.80,64448.40,19.878000,179,16.870000,3.008000,64445.38,107545.67,0.00008805,0.000000,0.000000,0
2026-07-26 12:55:00,64448.40,64448.40,64448.30,64448.40,8.702000,93,4.288000,4.414000,64448.35,107550.47,0.00008796,0.000000,0.000000,0
2026-07-26 12:56:00,64448.30,64448.40,64448.30,64448.40,8.060000,89,6.514000,1.546000,64448.38,107551.35,0.00008796,0.000000,0.000000,0
2026-07-26 12:57:00,64448.40,64450.00,64448.30,64449.90,21.946000,132,15.855000,6.091000,64448.90,107550.37,0.00008778,0.000000,0.000000,0
2026-07-26 12:58:00,64450.00,64450.00,64444.00,64444.10,25.287000,148,6.388000,18.899000,64447.40,107561.20,0.00008759,0.000000,0.000000,0
2026-07-26 12:59:00,64444.10,64444.10,64436.00,64436.10,23.422000,192,1.383000,22.039000,64441.34,107571.73,0.00008744,0.000000,0.000000,0
2026-07-26 13:00:00,64436.10,64436.10,64434.20,64434.30,5.738000,119,1.486000,4.252000,64435.80,107574.85,0.00008744,0.000000,0.000000,0
2026-07-26 13:01:00,64434.20,64434.30,64434.20,64434.30,12.958000,144,5.649000,7.309000,64434.24,107574.25,0.00008688,0.000000,0.005000,0
2026-07-26 13:02:00,64434.30,64444.50,64434.20,64439.50,31.486000,244,17.383000,14.103000,64440.19,107577.32,0.00008636,0.000000,0.000000,0
2026-07-26 13:03:00,64439.50,64439.60,64410.70,64410.70,41.019000,377,7.180000,33.839000,64422.78,107574.84,0.00008636,0.000000,0.000000,0
2026-07-26 13:04:00,64410.70,64410.80,64396.50,64399.90,111.025000,407,50.750000,60.275000,64398.94,107587.03,0.00008625,0.000000,0.010000,0
2026-07-26 13:05:00,64399.90,64399.90,64396.50,64396.50,50.136000,235,7.236000,42.900000,64397.05,107585.19,0.00008577,0.000000,0.000000,0
2026-07-26 13:06:00,64396.50,64400.00,64396.50,64400.00,53.338000,293,20.140000,33.198000,64398.44,107572.52,0.00008525,0.000000,0.000000,0
2026-07-26 13:07:00,64399.90,64400.00,64396.90,64399.10,62.446000,229,44.925000,17.521000,64398.18,107576.67,0.00008525,0.000000,0.000000,0
2026-07-26 13:08:00,64399.10,64409.20,64391.20,64409.20,179.697000,447,40.402000,139.295000,64396.41,107603.85,0.00008537,0.000000,0.000000,0
2026-07-26 13:09:00,64409.20,64409.20,64393.00,64396.40,55.139000,337,24.416000,30.723000,64396.63,107615.99,0.00008553,0.000000,0.000000,0
2026-07-26 13:10:00,64396.40,64396.50,64391.20,64391.30,17.260000,210,3.077000,14.183000,64392.25,107616.07,0.00008553,0.000000,0.000000,0
2026-07-26 13:11:00,64391.20,64391.30,64379.70,64389.90,65.189000,445,30.274000,34.915000,64384.91,107613.41,0.00008556,0.000000,0.074000,0
2026-07-26 13:12:00,64389.90,64391.80,64389.90,64391.80,23.049000,180,14.513000,8.536000,64390.03,107611.77,0.00008533,0.000000,0.000000,0
2026-07-26 13:13:00,64391.80,64403.20,64391.70,64403.20,33.840000,219,23.148000,10.692000,64401.59,107602.07,0.00008543,0.000000,0.002000,0
2026-07-26 13:14:00,64403.20,64403.20,64391.90,64391.90,26.515000,199,4.487000,22.028000,64398.52,107604.75,0.00008543,0.000000,0.000000,0
2026-07-26 13:15:00,64392.00,64392.00,64391.90,64391.90,7.748000,134,4.964000,2.784000,64391.96,107604.75,0.00008574,0.000000,0.000000,0
2026-07-26 13:16:00,64392.00,64414.40,64391.90,64414.30,44.191000,318,39.498000,4.693000,64400.87,107606.13,0.00008543,0.000000,0.000000,0
2026-07-26 13:17:00,64414.40,64437.70,64414.40,64437.70,76.081000,470,47.829000,28.252000,64427.99,107607.87,0.00008543,0.000000,0.000000,0
2026-07-26 13:18:00,64437.70,64441.00,64437.60,64439.30,48.827000,188,18.755000,30.072000,64440.28,107608.50,0.00008558,0.000000,0.000000,0
2026-07-26 13:19:00,64439.40,64439.40,64439.30,64439.40,7.289000,102,5.818000,1.471000,64439.38,107617.91,0.00008588,0.000000,0.000000,0
2026-07-26 13:20:00,64439.30,64445.20,64439.30,64445.20,22.846000,157,18.865000,3.981000,64441.14,107619.00,0.00008607,0.000000,0.000000,0
2026-07-26 13:21:00,64445.10,64492.00,64444.80,64491.90,111.904000,660,98.908000,12.996000,64459.37,107620.21,0.00008607,0.000000,0.000000,0
2026-07-26 13:22:00,64492.00,64492.00,64481.30,64481.40,67.346000,352,37.862000,29.484000,64487.01,107609.65,0.00008622,0.000000,0.000000,0
2026-07-26 13:23:00,64481.40,64481.40,64473.30,64473.40,53.948000,256,21.089000,32.859000,64477.81,107617.76,0.00008656,0.000000,0.000000,0
2026-07-26 13:24:00,64473.30,64473.40,64473.30,64473.40,7.568000,162,3.753000,3.815000,64473.35,107618.23,0.00008656,0.000000,0.001000,0
2026-07-26 13:25:00,64473.40,64473.40,64472.00,64472.00,5.675000,164,2.618000,3.057000,64473.13,107618.35,0.00008643,0.000000,0.000000,0
2026-07-26 13:26:00,64472.00,64472.10,64462.00,64462.00,25.864000,205,1.422000,24.442000,64464.87,107618.86,0.00008610,0.000000,0.000000,0
2026-07-26 13:27:00,64462.00,64470.00,64462.00,64464.30,29.049000,172,23.712000,5.337000,64464.37,107614.20,0.00008610,0.000000,0.002000,0
2026-07-26 13:28:00,64464.20,64464.30,64440.10,64440.10,25.788000,278,4.015000,21.773000,64455.16,107626.83,0.00008583,0.000000,0.000000,0
2026-07-26 13:29:00,64440.20,64453.30,64431.90,64431.90,29.593000,311,11.145000,18.448000,64444.50,107621.70,0.00008547,0.000000,0.000000,0
2026-07-26 13:30:00,64431.90,64440.00,64431.90,64439.90,16.797000,195,13.196000,3.601000,64433.84,107622.61,0.00008497,0.000000,0.000000,0
2026-07-26 13:31:00,64440.00,64445.00,64433.10,64433.10,16.929000,231,11.490000,5.439000,64440.49,107621.65,0.00008497,0.000000,0.000000,0
2026-07-26 13:32:00,64433.10,64433.20,64430.30,64430.40,9.931000,130,1.103000,8.828000,64432.66,107617.68,0.00008441,0.000000,0.000000,0
2026-07-26 13:33:00,64430.40,64439.10,64430.30,64439.10,33.631000,158,23.367000,10.264000,64434.27,107619.65,0.00008401,0.000000,0.000000,0
2026-07-26 13:34:00,64439.10,64461.50,64439.00,64442.20,42.801000,427,30.312000,12.489000,64453.28,107619.77,0.00008401,0.013000,0.000000,0
2026-07-26 13:35:00,64442.10,64442.20,64442.10,64442.10,6.381000,74,4.723000,1.658000,64442.17,107623.09,0.00008389,0.000000,0.000000,0
2026-07-26 13:36:00,64442.10,64442.20,64442.10,64442.10,2.678000,77,1.348000,1.330000,64442.15,107626.27,0.00008377,0.000000,0.000000,0
2026-07-26 13:37:00,64442.10,64462.00,64442.10,64461.90,33.465000,226,23.768000,9.697000,64458.25,107626.63,0.00008357,0.000000,0.000000,0
2026-07-26 13:38:00,64462.00,64475.70,64461.90,64463.60,25.128000,279,16.860000,8.268000,64469.22,107635.74,0.00008357,0.000000,0.000000,0
2026-07-26 13:39:00,64463.50,64463.60,64460.00,64460.00,4.435000,96,2.437000,1.998000,64462.58,107628.67,0.00008358,0.000000,0.000000,0
2026-07-26 13:40:00,64460.00,64460.10,64456.80,64456.90,7.781000,98,3.763000,4.018000,64458.31,107631.14,0.00008344,0.000000,0.000000,0
2026-07-26 13:41:00,64456.80,64484.60,64456.80,64484.60,19.219000,310,17.823000,1.396000,64471.12,107632.01,0.00008344,0.000000,0.000000,0
2026-07-26 13:42:00,64484.50,64517.50,64484.50,64515.60,72.689000,513,59.577000,13.112000,64504.05,107632.35,0.00008312,0.000000,0.000000,0
2026-07-26 13:43:00,64515.80,64522.70,64515.80,64520.00,26.314000,232,10.018000,16.296000,64521.04,107640.87,0.00008361,0.000000,0.000000,0
2026-07-26 13:44:00,64520.00,64520.00,64519.90,64520.00,10.363000,161,6.710000,3.653000,64519.96,107639.52,0.00008417,0.000000,0.000000,0
2026-07-26 13:45:00,64520.00,64534.40,64519.90,64534.40,38.722000,264,37.461000,1.261000,64524.87,107638.85,0.00008417,0.000000,0.000000,0
2026-07-26 13:46:00,64534.40,64548.30,64534.30,64542.00,31.866000,349,23.710000,8.156000,64541.46,107640.78,0.00008473,0.011000,0.000000,0
2026-07-26 13:47:00,64542.00,64542.00,64516.00,64521.00,55.433000,378,22.696000,32.737000,64530.94,107644.53,0.00008520,0.000000,0.000000,0
2026-07-26 13:48:00,64520.90,64521.00,64519.00,64519.00,20.935000,136,4.121000,16.814000,64520.27,107656.73,0.00008520,0.000000,0.000000,0
2026-07-26 13:49:00,64519.00,64519.10,64515.80,64515.80,29.856000,163,9.087000,20.769000,64517.38,107652.54,0.00008533,0.000000,0.000000,0
2026-07-26 13:50:00,64515.80,64515.90,64512.20,64512.20,8.998000,124,0.587000,8.411000,64512.82,107642.68,0.00008530,0.000000,0.000000,0
2026-07-26 13:51:00,64512.20,64512.20,64512.00,64512.10,8.488000,108,2.096000,6.392000,64512.03,107644.02,0.00008530,0.000000,0.000000,0
2026-07-26 13:52:00,64512.00,64512.00,64494.70,64497.80,27.215000,268,10.720000,16.495000,64500.72,107647.18,0.00008499,0.000000,0.000000,0
2026-07-26 13:53:00,64497.80,64500.00,64497.70,64497.80,34.164000,113,5.950000,28.214000,64498.99,107649.77,0.00008500,0.000000,0.000000,0
2026-07-26 13:54:00,64497.70,64504.20,64497.70,64502.60,48.906000,138,38.013000,10.893000,64500.45,107629.51,0.00008461,0.000000,0.000000,0
2026-07-26 13:55:00,64502.50,64502.50,64492.60,64492.70,21.335000,137,3.940000,17.395000,64496.46,107600.54,0.00008461,0.000000,0.000000,0
2026-07-26 13:56:00,64492.60,64492.60,64486.50,64486.60,8.379000,131,1.576000,6.803000,64490.63,107597.65,0.00008451,0.000000,0.000000,0
2026-07-26 13:57:00,64486.50,64486.60,64486.50,64486.50,4.679000,71,1.670000,3.009000,64486.54,107598.16,0.00008406,0.000000,0.000000,0
2026-07-26 13:58:00,64486.60,64488.30,64486.50,64486.60,21.921000,119,8.725000,13.196000,64487.15,107597.35,0.00008406,0.000000,0.000000,0
2026-07-26 13:59:00,64486.50,64486.60,64486.50,64486.60,5.798000,77,0.431000,5.367000,64486.51,107600.48,0.00008351,0.000000,0.000000,0
2026-07-26 14:00:00,64486.50,64491.90,64486.50,64491.90,19.675000,133,13.222000,6.453000,64488.66,107592.79,0.00008328,0.000000,0.000000,0
2026-07-26 14:01:00,64491.80,64502.80,64491.80,64502.80,18.388000,244,17.712000,0.676000,64497.43,107589.87,0.00008308,0.000000,0.000000,0
2026-07-26 14:02:00,64502.70,64511.50,64502.70,64511.50,61.891000,178,59.010000,2.881000,64504.35,107591.21,0.00008308,0.000000,0.000000,0
2026-07-26 14:03:00,64511.50,64528.10,64511.40,64528.00,26.211000,223,25.549000,0.662000,64517.76,107617.83,0.00008318,0.000000,0.000000,0
2026-07-26 14:04:00,64528.10,64536.40,64528.00,64531.00,56.734000,262,20.684000,36.050000,64533.11,107615.75,0.00008345,0.000000,0.000000,0
2026-07-26 14:05:00,64531.00,64588.00,64530.90,64587.90,97.247000,730,88.809000,8.438000,64561.60,107627.04,0.00008345,0.804000,0.000000,0
2026-07-26 14:06:00,64588.00,64737.00,64576.10,64647.00,1110.566000,4639,922.917000,187.649000,64667.52,107620.59,0.00008359,2.749000,0.000000,0
2026-07-26 14:07:00,64647.00,64667.00,64598.90,64603.40,161.206000,1338,59.564000,101.642000,64641.93,107503.39,0.00008399,0.000000,0.000000,0
2026-07-26 14:08:00,64603.30,64748.30,64603.30,64711.00,417.408000,3070,287.002000,130.406000,64687.69,107479.77,0.00008399,4.902000,0.000000,0
2026-07-26 14:09:00,64711.10,64740.20,64682.00,64688.30,294.509000,2235,122.709000,171.800000,64709.89,107436.23,0.00008360,2.302000,0.000000,0
2026-07-26 14:10:00,64687.70,64707.10,64651.50,64651.50,259.660000,1331,80.531000,179.129000,64673.49,107361.22,0.00008355,0.002000,0.000000,0
2026-07-26 14:11:00,64651.60,64684.00,64651.50,64683.70,104.997000,666,70.432000,34.565000,64664.33,107366.80,0.00008264,0.000000,0.000000,0
2026-07-26 14:12:00,64683.70,64683.70,64612.50,64630.30,243.347000,1265,54.786000,188.561000,64633.79,107371.72,0.00008264,0.000000,0.000000,0
2026-07-26 14:13:00,64630.40,64659.80,64627.40,64659.80,67.592000,533,55.111000,12.481000,64645.14,107386.13,0.00008239,0.000000,0.000000,0
2026-07-26 14:14:00,64659.80,64677.00,64647.00,64647.00,88.390000,634,31.798000,56.592000,64662.95,107398.55,0.00008229,0.000000,0.000000,0
2026-07-26 14:15:00,64647.10,64685.70,64647.00,64678.60,86.326000,545,43.662000,42.664000,64674.30,107402.73,0.00008229,0.000000,0.000000,0
2026-07-26 14:16:00,64678.50,64678.50,64635.00,64644.80,58.562000,622,23.878000,34.684000,64647.76,107424.71,0.00008224,0.013000,0.000000,0
2026-07-26 14:17:00,64644.70,64649.30,64637.30,64637.30,39.095000,303,14.316000,24.779000,64646.31,107427.28,0.00008203,0.051000,0.000000,0
2026-07-26 14:18:00,64637.40,64646.00,64627.70,64645.80,44.882000,453,25.386000,19.496000,64633.91,107437.47,0.00008181,0.000000,0.000000,0
2026-07-26 14:19:00,64645.90,64658.90,64635.50,64658.90,32.758000,400,17.094000,15.664000,64644.57,107448.45,0.00008181,0.000000,0.000000,0
2026-07-26 14:20:00,64658.80,64661.90,64626.80,64630.40,56.449000,608,18.474000,37.975000,64641.57,107448.57,0.00008170,0.000000,0.000000,0
2026-07-26 14:21:00,64630.40,64634.00,64620.30,64620.40,32.790000,346,18.948000,13.842000,64628.72,107450.01,0.00008157,0.000000,0.000000,0
2026-07-26 14:22:00,64620.40,64636.60,64618.50,64636.60,32.599000,333,15.737000,16.862000,64624.38,107447.25,0.00008157,0.000000,0.000000,0
2026-07-26 14:23:00,64636.50,64641.30,64621.30,64641.30,55.147000,419,39.711000,15.436000,64630.75,107457.19,0.00008096,0.000000,0.000000,0
2026-07-26 14:24:00,64641.20,64641.30,64639.40,64639.50,16.749000,154,4.834000,11.915000,64640.42,107450.82,0.00008062,0.000000,0.000000,0
2026-07-26 14:25:00,64639.40,64639.50,64619.00,64619.10,20.120000,329,5.303000,14.817000,64630.28,107453.51,0.00008062,0.000000,0.000000,0
2026-07-26 14:26:00,64619.00,64631.30,64616.60,64631.10,36.620000,343,22.907000,13.713000,64622.78,107455.36,0.00008082,0.000000,0.009000,0
2026-07-26 14:27:00,64631.00,64631.00,64619.70,64619.80,19.938000,227,9.394000,10.544000,64619.98,107452.98,0.00008057,0.000000,0.000000,0
2026-07-26 14:28:00,64619.80,64619.80,64598.00,64614.20,48.282000,486,18.004000,30.278000,64606.36,107448.82,0.00008023,0.000000,0.000000,0
2026-07-26 14:29:00,64614.20,64614.30,64609.90,64610.00,23.038000,161,6.675000,16.363000,64612.85,107446.01,0.00008023,0.000000,0.000000,0
2026-07-26 14:30:00,64609.90,64613.90,64590.30,64605.00,31.549000,430,20.535000,11.014000,64604.19,107446.44,0.00007978,0.000000,0.000000,0
2026-07-26 14:31:00,64605.10,64606.80,64588.30,64606.70,57.165000,432,24.417000,32.748000,64595.21,107450.73,0.00007951,0.000000,0.000000,0
2026-07-26 14:32:00,64606.80,64643.10,64606.70,64637.50,37.810000,464,22.853000,14.957000,64631.72,107460.26,0.00007951,0.000000,0.000000,0
2026-07-26 14:33:00,64637.40,64667.70,64637.40,64649.90,47.104000,492,35.468000,11.636000,64652.47,107463.52,0.00007911,0.000000,0.000000,0
2026-07-26 14:34:00,64649.90,64650.00,64634.40,64634.40,24.410000,248,4.373000,20.037000,64644.30,107451.98,0.00007918,0.000000,0.000000,0
2026-07-26 14:35:00,64634.40,64634.40,64620.10,64625.80,54.121000,306,37.096000,17.025000,64624.61,107445.33,0.00007863,0.000000,0.000000,0
2026-07-26 14:36:00,64625.70,64634.30,64616.10,64616.20,24.487000,280,7.779000,16.708000,64622.83,107461.10,0.00007863,0.000000,0.000000,0
2026-07-26 14:37:00,64616.20,64625.70,64616.20,64618.20,33.449000,229,19.360000,14.089000,64619.76,107467.28,0.00007811,0.000000,0.000000,0
2026-07-26 14:38:00,64618.10,64636.60,64618.10,64636.60,28.525000,341,26.085000,2.440000,64630.22,107471.44,0.00007762,0.000000,0.000000,0
2026-07-26 14:39:00,64636.60,64659.70,64631.90,64653.80,52.099000,409,34.426000,17.673000,64646.95,107477.29,0.00007762,0.000000,0.000000,0
2026-07-26 14:40:00,64653.90,64653.90,64629.40,64629.50,20.876000,312,9.721000,11.155000,64645.13,107475.09,0.00007753,0.000000,0.000000,0
2026-07-26 14:41:00,64629.50,64633.70,64625.40,64633.60,20.183000,243,13.614000,6.569000,64628.44,107483.46,0.00007756,0.000000,0.000000,0
2026-07-26 14:42:00,64633.60,64684.20,64633.60,64680.00,64.311000,602,51.968000,12.343000,64668.56,107484.65,0.00007687,0.000000,0.000000,0
2026-07-26 14:43:00,64680.00,64702.20,64669.20,64670.00,132.548000,705,69.478000,63.070000,64688.81,107469.18,0.00007687,0.000000,0.000000,0
2026-07-26 14:44:00,64670.00,64670.10,64656.20,64656.30,21.265000,278,10.222000,11.043000,64658.90,107466.31,0.00007692,0.000000,0.001000,0
2026-07-26 14:45:00,64656.20,64664.20,64656.20,64658.40,20.176000,232,11.644000,8.532000,64658.73,107469.57,0.00007636,0.000000,0.000000,0
2026-07-26 14:46:00,64658.30,64708.00,64658.30,64676.70,156.407000,932,67.568000,88.839000,64694.42,107473.51,0.00007636,0.000000,0.000000,0
2026-07-26 14:47:00,64676.60,64720.90,64676.60,64718.10,62.912000,789,46.583000,16.329000,64697.51,107490.48,0.00007570,0.000000,0.000000,0
2026-07-26 14:48:00,64718.40,64729.80,64705.70,64712.00,123.724000,810,63.313000,60.411000,64719.95,107490.61,0.00007554,0.000000,0.000000,0
2026-07-26 14:49:00,64712.10,64732.50,64706.90,64706.90,56.135000,608,36.062000,20.073000,64720.84,107509.99,0.00007555,0.000000,0.000000,0
2026-07-26 14:50:00,64706.90,64706.90,64665.20,64665.30,50.474000,523,8.542000,41.932000,64689.31,107520.74,0.00007555,0.000000,0.000000,0
2026-07-26 14:51:00,64665.20,64673.50,64662.40,64663.20,58.997000,357,42.518000,16.479000,64665.17,107535.57,0.00007524,0.000000,0.000000,0
2026-07-26 14:52:00,64663.20,64671.80,64663.20,64665.80,20.584000,239,12.380000,8.204000,64665.69,107538.38,0.00007469,0.000000,0.000000,0
2026-07-26 14:53:00,64665.80,64678.40,64665.80,64678.40,35.682000,226,27.171000,8.511000,64667.79,107542.55,0.00007469,0.000000,0.000000,0
2026-07-26 14:54:00,64678.50,64678.60,64672.60,64672.70,16.675000,187,8.409000,8.266000,64673.92,107549.62,0.00007438,0.000000,0.000000,0
2026-07-26 14:55:00,64672.60,64672.70,64672.60,64672.70,7.960000,122,5.775000,2.185000,64672.67,107550.79,0.00007427,0.000000,0.000000,0
2026-07-26 14:56:00,64672.70,64676.20,64672.60,64676.10,23.327000,148,15.008000,8.319000,64674.29,107558.14,0.00007416,0.000000,0.000000,0
2026-07-26 14:57:00,64676.10,64676.20,64676.10,64676.10,16.391000,134,8.794000,7.597000,64676.15,107555.52,0.00007416,0.000000,0.000000,0
2026-07-26 14:58:00,64676.20,64676.20,64662.60,64662.60,29.976000,270,10.504000,19.472000,64668.93,107552.94,0.00007422,0.000000,0.000000,0
2026-07-26 14:59:00,64662.70,64685.80,64653.40,64685.80,54.841000,471,33.439000,21.402000,64663.82,107546.09,0.00007427,0.000000,0.000000,0
2026-07-26 15:00:00,64685.70,64691.90,64679.00,64687.30,30.813000,329,22.618000,8.195000,64687.09,107550.91,0.00007427,0.000000,0.000000,0
2026-07-26 15:01:00,64687.30,64696.90,64666.30,64675.40,71.400000,718,37.007000,34.393000,64682.50,107551.38,0.00007413,0.000000,0.000000,0
2026-07-26 15:02:00,64675.50,64697.50,64675.40,64697.50,47.483000,460,34.209000,13.274000,64688.34,107547.35,0.00007423,0.000000,0.000000,0
2026-07-26 15:03:00,64697.50,64744.80,64676.00,64676.00,146.244000,1312,98.689000,47.555000,64714.11,107541.68,0.00007423,2.000000,0.000000,0
2026-07-26 15:04:00,64676.00,64676.00,64667.40,64668.60,39.530000,332,19.535000,19.995000,64669.80,107540.56,0.00007420,0.000000,0.000000,0
2026-07-26 15:05:00,64668.60,64689.10,64668.60,64689.00,32.057000,375,22.576000,9.481000,64679.72,107542.21,0.00007388,0.000000,0.000000,0
2026-07-26 15:06:00,64689.00,64689.10,64662.80,64662.80,41.025000,464,5.922000,35.103000,64676.14,107537.40,0.00007366,0.000000,0.000000,0
2026-07-26 15:07:00,64662.80,64729.30,64643.30,64689.50,146.890000,1512,89.024000,57.866000,64687.77,107535.17,0.00007366,0.000000,0.000000,0
2026-07-26 15:08:00,64689.40,64696.50,64689.40,64689.40,19.097000,335,11.866000,7.231000,64691.77,107516.59,0.00007331,0.000000,0.000000,0
2026-07-26 15:09:00,64689.50,64689.50,64652.00,64652.00,38.325000,465,8.246000,30.079000,64668.33,107515.76,0.00007329,0.000000,0.000000,0
2026-07-26 15:10:00,64652.00,64653.80,64647.20,64653.80,27.697000,243,9.974000,17.723000,64651.25,107516.56,0.00007329,0.000000,0.000000,0
2026-07-26 15:11:00,64653.80,64661.70,64653.00,64653.00,9.152000,259,4.436000,4.716000,64655.97,107515.98,0.00007264,0.000000,0.000000,0
2026-07-26 15:12:00,64653.10,64653.10,64640.10,64650.00,41.894000,335,29.388000,12.506000,64643.55,107513.99,0.00007197,0.000000,0.000000,0
2026-07-26 15:13:00,64650.00,64655.10,64644.80,64644.80,18.439000,249,8.725000,9.714000,64651.34,107507.35,0.00007109,0.000000,0.000000,0
2026-07-26 15:14:00,64644.80,64644.90,64640.30,64640.30,13.434000,250,0.812000,12.622000,64642.28,107513.00,0.00007109,0.010000,0.000000,0
2026-07-26 15:15:00,64640.40,64640.40,64640.00,64640.10,7.958000,211,1.158000,6.800000,64640.04,107511.82,0.00007074,0.000000,0.000000,0
2026-07-26 15:16:00,64640.00,64696.50,64640.00,64691.50,91.269000,668,63.582000,27.687000,64664.40,107476.12,0.00007001,0.000000,0.344000,0
2026-07-26 15:17:00,64691.40,64732.80,64691.40,64728.10,149.337000,665,107.183000,42.154000,64713.29,107470.34,0.00007001,0.084000,0.000000,0
2026-07-26 15:18:00,64728.10,64739.30,64713.50,64725.00,83.168000,783,51.476000,31.692000,64727.40,107494.12,0.00006973,0.120000,0.000000,0
2026-07-26 15:19:00,64725.00,64737.00,64717.50,64726.90,93.082000,664,50.443000,42.639000,64725.36,107479.06,0.00006950,0.041000,0.000000,0
2026-07-26 15:20:00,64727.00,64757.00,64721.50,64721.60,234.975000,997,115.009000,119.966000,64746.15,107440.69,0.00006907,0.211000,0.000000,0
2026-07-26 15:21:00,64721.60,64750.40,64721.60,64744.30,58.354000,767,30.730000,27.624000,64740.00,107436.86,0.00006907,0.000000,0.000000,0
2026-07-26 15:22:00,64744.40,64745.60,64729.30,64735.70,93.809000,533,39.537000,54.272000,64739.22,107428.57,0.00006875,0.000000,0.000000,0
2026-07-26 15:23:00,64735.80,64746.70,64735.70,64738.60,33.023000,336,19.931000,13.092000,64743.62,107415.89,0.00006846,0.000000,0.000000,0
2026-07-26 15:24:00,64738.70,64738.70,64728.30,64728.30,21.709000,297,3.941000,17.768000,64733.05,107417.49,0.00006846,0.000000,0.000000,0
2026-07-26 15:25:00,64728.40,64728.40,64722.90,64728.30,52.411000,311,9.851000,42.560000,64726.86,107403.17,0.00006794,0.000000,0.000000,0
2026-07-26 15:26:00,64728.30,64728.40,64727.10,64727.20,35.647000,195,5.447000,30.200000,64728.00,107388.45,0.00006699,0.000000,0.000000,0
2026-07-26 15:27:00,64727.20,64728.40,64719.90,64728.40,54.185000,288,27.393000,26.792000,64724.01,107371.64,0.00006615,0.000000,0.000000,0
2026-07-26 15:28:00,64728.30,64738.70,64728.30,64738.60,31.190000,290,17.979000,13.211000,64735.26,107363.59,0.00006615,0.000000,0.000000,0
2026-07-26 15:29:00,64738.70,64738.70,64716.80,64716.80,40.539000,318,7.180000,33.359000,64729.41,107367.58,0.00006554,0.000000,0.000000,0
2026-07-26 15:30:00,64716.90,64727.90,64716.90,64727.80,23.805000,212,14.968000,8.837000,64724.36,107369.60,0.00006525,0.000000,0.000000,0
2026-07-26 15:31:00,64727.90,64738.70,64711.00,64711.00,40.258000,445,13.069000,27.189000,64720.17,107370.77,0.00006525,0.000000,0.000000,0
2026-07-26 15:32:00,64711.00,64715.10,64711.00,64715.10,21.791000,180,9.647000,12.144000,64711.26,107367.84,0.00006505,0.000000,0.000000,0
2026-07-26 15:33:00,64715.00,64715.10,64711.00,64711.00,16.025000,172,4.313000,11.712000,64713.13,107373.51,0.00006423,0.000000,0.000000,0
2026-07-26 15:34:00,64711.00,64714.70,64700.00,64701.10,40.166000,291,7.893000,32.273000,64708.54,107374.59,0.00006423,0.030000,0.000000,0
2026-07-26 15:35:00,64701.00,64715.20,64701.00,64715.10,43.951000,413,12.736000,31.215000,64707.09,107378.85,0.00006357,0.000000,0.030000,0
2026-07-26 15:36:00,64715.10,64742.20,64715.10,64742.20,49.433000,421,35.245000,14.188000,64727.23,107388.72,0.00006303,0.000000,0.000000,0
2026-07-26 15:37:00,64742.20,64819.30,64742.20,64785.10,653.667000,2777,541.154000,112.513000,64789.50,107259.91,0.00006287,1.929000,0.000000,0
2026-07-26 15:38:00,64785.10,64799.40,64785.10,64786.20,96.483000,687,49.310000,47.173000,64789.78,107271.57,0.00006287,0.000000,0.000000,0
2026-07-26 15:39:00,64786.10,64786.20,64771.10,64779.90,74.555000,473,22.033000,52.522000,64777.62,107280.89,0.00006284,0.000000,0.000000,0
2026-07-26 15:40:00,64779.90,64780.00,64764.70,64772.40,47.148000,391,18.891000,28.257000,64775.85,107290.00,0.00006249,0.009000,0.000000,0
2026-07-26 15:41:00,64772.30,64783.30,64772.30,64777.90,33.564000,414,22.469000,11.095000,64774.95,107290.69,0.00006249,0.000000,0.000000,0
2026-07-26 15:42:00,64777.90,64783.60,64763.70,64763.80,74.825000,622,26.587000,48.238000,64772.94,107290.66,0.00006211,0.000000,0.000000,0
2026-07-26 15:43:00,64763.80,64766.40,64754.70,64766.40,47.845000,335,9.386000,38.459000,64759.32,107272.68,0.00006173,0.000000,0.000000,0
2026-07-26 15:44:00,64766.40,64766.40,64766.30,64766.40,25.021000,168,15.509000,9.512000,64766.36,107281.69,0.00006173,0.000000,0.000000,0
2026-07-26 15:45:00,64766.30,64775.50,64766.30,64775.50,29.275000,277,17.181000,12.094000,64772.17,107286.30,0.00006173,0.000000,0.000000,0
2026-07-26 15:46:00,64775.40,64775.50,64744.20,64746.20,99.662000,582,40.537000,59.125000,64757.35,107291.13,0.00006171,0.000000,0.000000,0
2026-07-26 15:47:00,64746.20,64769.30,64746.20,64746.40,41.186000,528,18.782000,22.404000,64759.61,107279.76,0.00006163,0.000000,0.000000,0
2026-07-26 15:48:00,64746.40,64746.50,64740.40,64742.10,37.801000,248,13.727000,24.074000,64742.93,107280.99,0.00006163,0.000000,0.000000,0
2026-07-26 15:49:00,64742.10,64742.30,64730.90,64732.50,63.363000,412,11.212000,52.151000,64735.42,107270.18,0.00006138,0.000000,0.000000,0
2026-07-26 15:50:00,64732.60,64744.30,64730.90,64735.50,60.107000,594,24.657000,35.450000,64735.12,107273.55,0.00006071,0.000000,0.000000,0
2026-07-26 15:51:00,64735.40,64757.20,64735.40,64753.90,37.027000,348,27.263000,9.764000,64748.98,107265.41,0.00006024,0.000000,0.000000,0
2026-07-26 15:52:00,64754.00,64754.00,64728.10,64728.20,31.983000,352,8.401000,23.582000,64740.89,107257.71,0.00006024,0.000000,0.000000,0
2026-07-26 15:53:00,64728.10,64734.30,64728.10,64734.20,16.374000,178,6.795000,9.579000,64733.20,107253.96,0.00006025,0.000000,0.000000,0
2026-07-26 15:54:00,64734.20,64734.30,64709.60,64709.60,59.454000,334,13.715000,45.739000,64718.23,107260.01,0.00005972,0.000000,0.000000,0
2026-07-26 15:55:00,64709.60,64734.30,64706.70,64734.20,32.325000,426,14.515000,17.810000,64713.85,107259.68,0.00005972,0.000000,0.000000,0
2026-07-26 15:56:00,64734.20,64750.00,64734.20,64749.90,14.707000,261,9.640000,5.067000,64746.92,107255.81,0.00005913,0.000000,0.000000,0
2026-07-26 15:57:00,64750.00,64757.00,64737.80,64742.20,28.351000,374,13.714000,14.637000,64746.70,107252.72,0.00005889,0.000000,0.001000,0
2026-07-26 15:58:00,64742.10,64750.00,64736.80,64736.90,11.625000,231,5.210000,6.415000,64741.91,107255.59,0.00005880,0.000000,0.000000,0
2026-07-26 15:59:00,64736.80,64749.30,64730.00,64746.00,20.896000,350,10.439000,10.457000,64737.64,107255.92,0.00005880,0.000000,0.000000,0
2026-07-26 16:00:00,64746.00,64746.00,64733.50,64733.60,19.429000,243,6.889000,12.540000,64736.25,107258.47,0.00005843,0.000000,0.000000,0
2026-07-26 16:01:00,64733.50,64757.20,64733.50,64748.10,114.602000,640,90.357000,24.245000,64750.16,107280.30,0.00005819,0.000000,0.000000,0
2026-07-26 16:02:00,64748.10,64763.90,64746.70,64760.30,59.224000,415,53.328000,5.896000,64753.69,107290.99,0.00005819,0.000000,0.000000,0
2026-07-26 16:03:00,64760.40,64770.20,64753.70,64753.70,49.367000,457,30.610000,18.757000,64764.21,107305.32,0.00005787,0.002000,0.000000,0
2026-07-26 16:04:00,64753.80,64753.80,64706.10,64706.10,101.010000,681,13.449000,87.561000,64726.25,107286.21,0.00005757,0.000000,0.000000,0
2026-07-26 16:05:00,64706.20,64706.20,64703.10,64703.10,21.677000,299,4.250000,17.427000,64704.32,107284.82,0.00005723,0.000000,0.000000,0
2026-07-26 16:06:00,64703.10,64705.00,64691.40,64691.40,90.786000,433,23.891000,66.895000,64700.66,107291.38,0.00005723,0.000000,0.000000,0
2026-07-26 16:07:00,64691.40,64691.40,64687.10,64687.10,46.600000,351,16.166000,30.434000,64688.69,107285.06,0.00005651,0.000000,0.000000,0
2026-07-26 16:08:00,64687.10,64691.20,64676.90,64681.60,105.294000,618,31.095000,74.199000,64683.81,107281.88,0.00005596,0.000000,0.000000,0
2026-07-26 16:09:00,64681.60,64689.40,64681.60,64688.90,21.723000,292,10.400000,11.323000,64686.95,107283.40,0.00005596,0.000000,0.000000,0
2026-07-26 16:10:00,64688.80,64688.80,64670.10,64670.20,50.843000,385,12.440000,38.403000,64674.02,107279.52,0.00005550,0.000000,0.000000,0
2026-07-26 16:11:00,64670.20,64690.40,64670.20,64677.40,78.111000,534,26.158000,51.953000,64680.54,107274.83,0.00005507,0.000000,0.000000,0
2026-07-26 16:12:00,64677.40,64703.10,64677.40,64681.60,120.163000,628,46.498000,73.665000,64695.45,107277.07,0.00005465,0.000000,0.000000,0
2026-07-26 16:13:00,64681.50,64694.20,64681.50,64687.80,37.536000,369,18.772000,18.764000,64691.53,107298.22,0.00005465,0.000000,0.000000,0
2026-07-26 16:14:00,64687.80,64687.80,64675.20,64675.20,26.303000,347,8.841000,17.462000,64680.38,107297.46,0.00005485,0.000000,0.000000,0
2026-07-26 16:15:00,64675.20,64687.80,64675.20,64687.70,26.255000,329,13.765000,12.490000,64683.76,107296.45,0.00005487,0.000000,0.000000,0
2026-07-26 16:16:00,64687.70,64707.40,64685.10,64707.30,61.369000,442,24.762000,36.607000,64692.89,107299.63,0.00005487,0.000000,0.000000,0
2026-07-26 16:17:00,64707.30,64735.70,64704.00,64735.60,69.538000,508,37.384000,32.154000,64716.86,107304.79,0.00005473,0.000000,0.000000,0
2026-07-26 16:18:00,64735.70,64759.30,64735.70,64756.50,53.938000,460,45.217000,8.721000,64752.25,107300.51,0.00005491,0.000000,0.000000,0
2026-07-26 16:19:00,64756.60,64756.60,64747.20,64747.20,25.873000,283,10.685000,15.188000,64751.29,107308.13,0.00005506,0.000000,0.000000,0
2026-07-26 16:20:00,64747.30,64747.30,64713.20,64713.30,29.248000,411,5.052000,24.196000,64726.33,107314.23,0.00005506,0.000000,0.000000,0
2026-07-26 16:21:00,64713.20,64728.30,64713.20,64728.20,12.756000,265,10.001000,2.755000,64719.66,107308.02,0.00005485,0.000000,0.000000,0
2026-07-26 16:22:00,64728.20,64728.30,64728.00,64728.00,10.815000,169,3.007000,7.808000,64728.22,107308.47,0.00005449,0.000000,0.000000,0
2026-07-26 16:23:00,64728.00,64749.50,64728.00,64749.40,20.270000,509,13.136000,7.134000,64738.81,107307.54,0.00005449,0.000000,0.000000,0
2026-07-26 16:24:00,64749.40,64749.50,64724.00,64724.00,16.747000,331,1.261000,15.486000,64742.03,107308.31,0.00005483,0.000000,0.000000,0
2026-07-26 16:25:00,64724.00,64724.10,64712.30,64723.90,37.081000,326,13.667000,23.414000,64717.22,107309.85,0.00005505,0.000000,0.000000,0
2026-07-26 16:26:00,64723.90,64727.20,64723.90,64727.20,11.597000,140,7.166000,4.431000,64725.62,107307.79,0.00005505,0.000000,0.000000,0
2026-07-26 16:27:00,64727.10,64744.20,64727.10,64744.10,13.750000,240,10.483000,3.267000,64739.58,107303.21,0.00005460,0.036000,0.000000,0
2026-07-26 16:28:00,64744.20,64750.00,64744.10,64750.00,24.918000,159,19.772000,5.146000,64744.97,107303.21,0.00005453,0.000000,0.000000,0
2026-07-26 16:29:00,64750.00,64786.80,64744.40,64754.00,136.443000,1191,86.501000,49.942000,64764.05,107299.94,0.00005479,4.634000,0.000000,0
2026-07-26 16:30:00,64754.10,64774.40,64739.10,64770.70,128.996000,967,40.639000,88.357000,64756.85,107315.39,0.00005479,0.000000,0.000000,0
2026-07-26 16:31:00,64770.80,64788.50,64770.20,64777.40,59.301000,587,45.154000,14.147000,64775.56,107257.39,0.00005465,0.000000,0.000000,0
2026-07-26 16:32:00,64777.40,64832.80,64773.30,64832.80,288.848000,1324,223.331000,65.517000,64815.43,107261.92,0.00005480,0.719000,0.000000,0
2026-07-26 16:33:00,64832.70,64909.00,64820.00,64887.90,781.305000,4145,523.155000,258.150000,64874.04,107227.79,0.00005480,12.568000,0.000000,0
2026-07-26 16:34:00,64887.90,64908.90,64840.40,64846.80,210.438000,1355,92.508000,117.930000,64872.52,107158.18,0.00005488,0.348000,0.000000,0
2026-07-26 16:35:00,64846.80,64846.90,64822.40,64827.10,67.819000,640,16.566000,51.253000,64831.88,107123.96,0.00005454,0.000000,0.000000,0
2026-07-26 16:36:00,64827.00,64859.50,64827.00,64830.80,99.233000,731,40.855000,58.378000,64848.52,107108.18,0.00005399,0.000000,0.000000,0
2026-07-26 16:37:00,64830.70,64839.70,64807.20,64807.30,51.112000,726,15.199000,35.913000,64822.10,107089.73,0.00005399,0.000000,0.000000,0
2026-07-26 16:38:00,64807.20,64807.20,64784.60,64799.50,44.573000,512,12.572000,32.001000,64794.44,107073.92,0.00005394,0.000000,0.000000,0
2026-07-26 16:39:00,64799.50,64799.60,64786.70,64795.80,51.609000,407,13.508000,38.101000,64794.21,107064.94,0.00005324,0.000000,0.000000,0
2026-07-26 16:40:00,64795.80,64802.30,64789.40,64789.40,27.357000,360,7.702000,19.655000,64794.36,107054.87,0.00005324,0.000000,0.000000,0
2026-07-26 16:41:00,64789.40,64805.50,64784.70,64794.50,29.360000,451,16.157000,13.203000,64795.67,107054.06,0.00005277,0.000000,0.000000,0
2026-07-26 16:42:00,64794.50,64808.90,64794.50,64808.80,25.831000,295,14.812000,11.019000,64800.55,107053.37,0.00005231,0.000000,0.000000,0
2026-07-26 16:43:00,64808.80,64808.90,64800.10,64808.80,30.929000,300,12.660000,18.269000,64804.14,107058.20,0.00005231,0.000000,0.000000,0
2026-07-26 16:44:00,64808.90,64819.20,64800.00,64800.00,25.753000,428,8.492000,17.261000,64807.57,107063.78,0.00005198,0.000000,0.000000,0
2026-07-26 16:45:00,64800.00,64800.10,64769.80,64796.50,50.488000,589,13.063000,37.425000,64786.37,107069.35,0.00005177,0.000000,0.000000,0
2026-07-26 16:46:00,64796.40,64796.50,64778.70,64778.70,9.909000,267,1.206000,8.703000,64790.85,107070.05,0.00005142,0.000000,0.000000,0
2026-07-26 16:47:00,64778.80,64787.00,64776.30,64783.10,37.322000,271,26.222000,11.100000,64781.57,107070.89,0.00005142,0.000000,0.000000,0
2026-07-26 16:48:00,64783.10,64795.90,64783.10,64795.80,24.532000,229,19.625000,4.907000,64786.88,107071.61,0.00005103,0.000000,0.000000,0
2026-07-26 16:49:00,64795.80,64804.40,64795.80,64802.10,54.458000,289,33.935000,20.523000,64801.21,107075.85,0.00005098,0.000000,0.000000,0
2026-07-26 16:50:00,64802.20,64810.00,64757.70,64789.50,258.525000,934,30.634000,227.891000,64786.23,107076.34,0.00005098,0.015000,0.000000,0
2026-07-26 16:51:00,64789.50,64789.60,64757.00,64757.00,23.439000,397,5.811000,17.628000,64772.10,106936.23,0.00005092,0.000000,0.000000,0
2026-07-26 16:52:00,64757.00,64764.00,64741.80,64757.30,88.864000,557,44.779000,44.085000,64753.38,106938.20,0.00005048,0.000000,0.029000,0
2026-07-26 16:53:00,64757.30,64757.40,64738.70,64749.30,47.235000,422,11.881000,35.354000,64748.02,106945.26,0.00004998,0.000000,0.000000,0
2026-07-26 16:54:00,64749.30,64749.40,64730.80,64738.50,49.862000,364,14.832000,35.030000,64741.14,106940.56,0.00004998,0.000000,0.000000,0
2026-07-26 16:55:00,64738.50,64738.60,64718.20,64718.20,61.430000,561,11.423000,50.007000,64727.96,106940.64,0.00004956,0.000000,0.000000,0
2026-07-26 16:56:00,64718.20,64732.70,64717.30,64722.60,27.073000,448,14.640000,12.433000,64724.35,106944.63,0.00004907,0.000000,0.000000,0
2026-07-26 16:57:00,64722.50,64722.60,64717.30,64722.50,36.653000,209,9.662000,26.991000,64721.12,106942.07,0.00004907,0.000000,0.000000,0
2026-07-26 16:58:00,64722.40,64722.50,64709.10,64713.20,25.844000,304,5.652000,20.192000,64715.40,106945.15,0.00004853,0.000000,0.010000,0
2026-07-26 16:59:00,64713.20,64713.30,64709.60,64709.70,41.265000,193,2.612000,38.653000,64712.64,106952.98,0.00004817,0.000000,0.000000,0
2026-07-26 17:00:00,64709.60,64709.70,64700.00,64700.00,50.547000,259,5.031000,45.516000,64705.65,106949.80,0.00004817,0.000000,0.000000,0
2026-07-26 17:01:00,64700.00,64700.10,64673.30,64673.30,81.584000,509,18.631000,62.953000,64684.90,106937.83,0.00004797,0.000000,0.000000,0
2026-07-26 17:02:00,64673.30,64673.40,64648.00,64648.00,80.910000,555,12.963000,67.947000,64656.54,106922.63,0.00004738,0.000000,0.043000,0
2026-07-26 17:03:00,64648.00,64679.30,64640.20,64679.20,64.865000,604,42.563000,22.302000,64655.52,106912.46,0.00004633,0.000000,0.002000,0
2026-07-26 17:04:00,64679.30,64695.00,64679.20,64688.50,37.242000,313,24.905000,12.337000,64687.09,106910.50,0.00004633,0.000000,0.000000,0
2026-07-26 17:05:00,64688.60,64688.60,64675.40,64675.40,14.884000,256,8.341000,6.543000,64687.01,106912.88,0.00004591,0.000000,0.000000,0
2026-07-26 17:06:00,64675.40,64695.00,64669.50,64695.00,95.987000,473,78.367000,17.620000,64685.15,106919.56,0.00004544,0.000000,0.000000,0
2026-07-26 17:07:00,64695.00,64726.30,64694.90,64716.90,86.013000,510,72.716000,13.297000,64708.75,106953.77,0.00004544,0.000000,0.000000,0
2026-07-26 17:08:00,64716.80,64716.90,64639.90,64646.90,228.841000,1220,21.042000,207.799000,64677.33,106978.62,0.00004487,0.000000,0.000000,0
2026-07-26 17:09:00,64647.00,64670.00,64646.90,64669.90,37.264000,400,21.723000,15.541000,64659.58,107013.08,0.00004448,0.000000,0.000000,0
2026-07-26 17:10:00,64670.00,64680.80,64668.80,64680.60,88.748000,454,45.673000,43.075000,64673.16,107031.12,0.00004404,0.000000,0.000000,0
2026-07-26 17:11:00,64680.70,64680.80,64680.60,64680.80,29.865000,175,12.304000,17.561000,64680.72,107005.99,0.00004404,0.000000,0.000000,0
2026-07-26 17:12:00,64680.70,64680.80,64666.00,64675.10,45.668000,335,10.772000,34.896000,64671.73,106995.47,0.00004356,0.000000,0.002000,0
2026-07-26 17:13:00,64675.10,64714.20,64675.10,64714.10,78.416000,531,71.020000,7.396000,64703.13,106984.85,0.00004281,0.000000,0.000000,0
2026-07-26 17:14:00,64714.20,64732.90,64714.10,64723.70,68.772000,394,36.125000,32.647000,64729.45,106964.56,0.00004281,0.000000,0.000000,0
2026-07-26 17:15:00,64723.80,64744.80,64718.60,64744.00,40.256000,430,22.718000,17.538000,64732.09,106928.59,0.00004267,0.000000,0.000000,0
2026-07-26 17:16:00,64744.00,64763.40,64743.90,64763.40,54.575000,387,45.357000,9.218000,64757.67,106917.88,0.00004275,0.000000,0.000000,0
2026-07-26 17:17:00,64763.40,64764.80,64740.00,64747.20,38.733000,408,15.925000,22.808000,64755.15,106925.57,0.00004275,0.000000,0.000000,0
2026-07-26 17:18:00,64747.10,64769.10,64737.70,64740.50,33.678000,512,13.847000,19.831000,64757.58,106922.70,0.00004291,0.000000,0.000000,0
2026-07-26 17:19:00,64740.50,64740.60,64727.30,64735.30,32.186000,247,17.396000,14.790000,64732.70,106918.92,0.00004263,0.000000,0.000000,0
2026-07-26 17:20:00,64735.20,64735.30,64718.40,64718.50,22.527000,248,4.283000,18.244000,64726.39,106922.50,0.00004214,0.000000,0.000000,0
2026-07-26 17:21:00,64718.40,64718.50,64698.20,64698.20,19.564000,283,6.156000,13.408000,64707.36,106924.72,0.00004214,0.000000,0.000000,0
2026-07-26 17:22:00,64698.30,64719.80,64698.20,64713.80,16.448000,323,13.650000,2.798000,64709.36,106929.27,0.00004144,0.000000,0.000000,0
2026-07-26 17:23:00,64713.70,64713.80,64710.50,64710.50,7.048000,126,2.308000,4.740000,64712.72,106928.85,0.00004108,0.000000,0.000000,0
2026-07-26 17:24:00,64710.50,64710.50,64685.10,64690.00,27.936000,536,15.939000,11.997000,64693.02,106928.51,0.00004108,0.000000,0.000000,0
2026-07-26 17:25:00,64690.00,64698.00,64690.00,64697.90,26.117000,215,11.871000,14.246000,64695.70,106925.58,0.00004072,0.000000,0.000000,0
2026-07-26 17:26:00,64697.80,64704.20,64690.80,64704.10,15.420000,274,8.353000,7.067000,64698.81,106915.57,0.00004018,0.000000,0.000000,0
2026-07-26 17:27:00,64704.10,64704.20,64682.70,64682.70,16.726000,312,2.220000,14.506000,64688.96,106917.89,0.00004018,0.000000,0.000000,0
2026-07-26 17:28:00,64682.70,64693.00,64682.70,64692.90,19.630000,263,4.589000,15.041000,64683.34,106914.96,0.00004018,0.000000,0.000000,0
2026-07-26 17:29:00,64693.00,64693.00,64682.80,64685.80,36.050000,373,10.770000,25.280000,64688.87,106904.76,0.00003975,0.000000,0.008000,0
2026-07-26 17:30:00,64685.80,64685.90,64685.80,64685.80,5.544000,137,1.509000,4.035000,64685.83,106917.35,0.00003949,0.000000,0.000000,0
2026-07-26 17:31:00,64685.80,64685.90,64685.80,64685.90,6.824000,134,3.040000,3.784000,64685.84,106918.73,0.00003949,0.000000,0.000000,0
2026-07-26 17:32:00,64685.80,64707.20,64685.80,64699.00,71.730000,334,51.285000,20.445000,64700.94,106918.83,0.00003931,0.000000,0.000000,0
2026-07-26 17:33:00,64699.10,64726.60,64699.00,64726.60,18.556000,321,17.845000,0.711000,64711.96,106952.02,0.00003926,0.000000,0.000000,0
2026-07-26 17:34:00,64726.50,64726.60,64718.20,64718.20,24.613000,165,3.802000,20.811000,64724.29,106949.82,0.00003922,0.000000,0.000000,0
2026-07-26 17:35:00,64718.30,64718.30,64718.20,64718.20,9.137000,106,7.560000,1.577000,64718.28,106951.04,0.00003922,0.000000,0.000000,0
2026-07-26 17:36:00,64718.30,64718.30,64718.20,64718.20,12.550000,82,0.990000,11.560000,64718.21,106956.54,0.00003913,0.000000,0.000000,0
2026-07-26 17:37:00,64718.20,64718.30,64676.60,64676.60,53.779000,418,4.201000,49.578000,64702.52,106958.40,0.00003898,0.000000,0.000000,0
2026-07-26 17:38:00,64676.60,64676.60,64667.00,64668.60,42.042000,284,11.428000,30.614000,64671.28,106968.43,0.00003898,0.000000,0.000000,0
2026-07-26 17:39:00,64668.60,64668.70,64665.00,64665.10,16.291000,193,4.558000,11.733000,64665.25,106965.25,0.00003858,0.000000,0.000000,0
2026-07-26 17:40:00,64665.10,64665.20,64647.70,64647.70,29.146000,270,1.842000,27.304000,64656.66,106965.59,0.00003807,0.000000,0.000000,0
2026-07-26 17:41:00,64647.70,64647.80,64640.60,64640.60,19.382000,233,2.606000,16.776000,64644.53,106972.13,0.00003807,0.000000,0.000000,0
2026-07-26 17:42:00,64640.50,64644.70,64640.50,64644.70,13.303000,165,8.216000,5.087000,64643.33,106977.21,0.00003753,0.000000,0.000000,0
2026-07-26 17:43:00,64644.70,64649.90,64644.60,64649.80,23.802000,171,13.453000,10.349000,64648.43,106978.29,0.00003684,0.000000,0.000000,0
2026-07-26 17:44:00,64649.80,64654.10,64649.80,64654.10,7.770000,139,4.334000,3.436000,64650.42,106978.67,0.00003664,0.000000,0.000000,0
2026-07-26 17:45:00,64654.10,64657.30,64650.00,64657.30,24.919000,169,13.469000,11.450000,64651.36,106979.16,0.00003664,0.000000,0.000000,0
2026-07-26 17:46:00,64657.50,64666.00,64652.80,64666.00,36.592000,282,16.696000,19.896000,64658.55,106984.70,0.00003670,0.000000,0.000000,0
2026-07-26 17:47:00,64665.90,64666.00,64665.50,64665.60,11.792000,95,5.779000,6.013000,64665.82,106985.73,0.00003670,0.000000,0.000000,0
2026-07-26 17:48:00,64665.60,64665.70,64657.60,64657.60,10.832000,171,3.909000,6.923000,64662.04,106987.20,0.00003670,0.000000,0.000000,0
2026-07-26 17:49:00,64657.70,64657.70,64650.40,64653.20,62.204000,279,3.090000,59.114000,64655.87,106988.05,0.00003696,0.000000,0.000000,0
2026-07-26 17:50:00,64653.20,64663.90,64652.50,64656.20,32.508000,240,19.779000,12.729000,64657.23,106969.29,0.00003698,0.000000,0.000000,0
2026-07-26 17:51:00,64656.20,64664.20,64653.10,64664.20,12.775000,177,7.171000,5.604000,64659.68,106967.95,0.00003680,0.000000,0.000000,0
2026-07-26 17:52:00,64664.10,64671.60,64664.10,64671.60,8.295000,172,5.895000,2.400000,64665.96,106966.84,0.00003680,0.000000,0.000000,0
2026-07-26 17:53:00,64671.60,64674.00,64671.60,64674.00,8.657000,129,4.236000,4.421000,64673.90,106966.52,0.00003705,0.000000,0.000000,0
2026-07-26 17:54:00,64673.90,64678.60,64673.90,64678.60,6.162000,139,5.332000,0.830000,64674.44,106963.26,0.00003769,0.000000,0.105000,0
2026-07-26 17:55:00,64678.60,64685.60,64676.20,64676.20,25.970000,216,5.180000,20.790000,64683.38,106963.79,0.00003769,0.000000,0.000000,0
2026-07-26 17:56:00,64676.20,64676.20,64657.00,64657.00,12.685000,281,3.233000,9.452000,64665.73,106957.74,0.00003813,0.000000,0.000000,0
2026-07-26 17:57:00,64657.00,64657.10,64643.20,64643.30,14.652000,271,1.571000,13.081000,64647.39,106957.87,0.00003841,0.000000,0.000000,0
2026-07-26 17:58:00,64643.20,64649.90,64642.90,64649.90,26.977000,199,13.968000,13.009000,64644.70,106957.72,0.00003809,0.000000,0.000000,0
2026-07-26 17:59:00,64649.90,64650.00,64649.90,64649.90,8.713000,148,0.334000,8.379000,64649.90,106961.22,0.00003809,0.000000,0.000000,0
2026-07-26 18:00:00,64649.90,64663.70,64649.90,64663.20,15.272000,284,7.533000,7.739000,64655.68,106961.57,0.00003816,0.000000,0.000000,0
2026-07-26 18:01:00,64663.30,64665.70,64645.60,64648.20,34.442000,376,7.911000,26.531000,64653.08,106966.64,0.00003844,0.000000,0.000000,0
2026-07-26 18:02:00,64648.30,64662.20,64648.20,64662.00,40.610000,278,11.708000,28.902000,64658.23,106967.29,0.00003844,0.000000,0.000000,0
2026-07-26 18:03:00,64662.00,64663.90,64648.80,64648.80,14.542000,248,3.273000,11.269000,64657.48,106974.11,0.00003803,0.000000,0.000000,0
2026-07-26 18:04:00,64648.90,64658.60,64648.90,64658.50,19.674000,177,13.817000,5.857000,64654.44,106971.49,0.00003816,0.000000,0.000000,0
2026-07-26 18:05:00,64658.60,64659.80,64658.50,64659.80,11.462000,168,6.298000,5.164000,64658.93,106968.72,0.00003816,0.000000,0.000000,0
2026-07-26 18:06:00,64659.70,64659.80,64648.80,64651.20,15.442000,315,6.753000,8.689000,64652.06,106966.18,0.00003804,0.002000,0.000000,0
2026-07-26 18:07:00,64651.30,64651.40,64651.20,64651.30,11.240000,226,6.213000,5.027000,64651.33,106968.94,0.00003810,0.000000,0.020000,0
2026-07-26 18:08:00,64651.30,64651.40,64651.30,64651.40,5.019000,267,2.261000,2.758000,64651.35,106970.41,0.00003800,0.000000,0.000000,0
2026-07-26 18:09:00,64651.30,64672.20,64651.30,64664.10,44.408000,461,34.239000,10.169000,64666.14,106977.09,0.00003800,0.000000,0.000000,0
2026-07-26 18:10:00,64664.00,64667.60,64663.90,64664.50,25.230000,202,22.416000,2.814000,64665.20,106984.80,0.00003812,0.000000,0.000000,0
2026-07-26 18:11:00,64664.50,64665.90,64664.50,64665.80,4.148000,125,3.086000,1.062000,64664.64,106984.22,0.00003831,0.000000,0.000000,0
2026-07-26 18:12:00,64665.90,64678.80,64665.80,64678.70,15.182000,221,13.296000,1.886000,64673.79,106986.50,0.00003831,0.000000,0.000000,0
2026-07-26 18:13:00,64678.70,64678.80,64672.00,64672.00,21.459000,229,6.845000,14.614000,64674.18,106980.58,0.00003836,0.000000,0.000000,0
2026-07-26 18:14:00,64672.00,64676.60,64672.00,64672.60,20.752000,236,12.233000,8.519000,64673.81,106977.07,0.00003848,0.000000,0.000000,0
2026-07-26 18:15:00,64672.70,64672.70,64654.20,64654.20,37.010000,300,12.179000,24.831000,64668.42,106965.73,0.00003829,0.000000,0.000000,0
2026-07-26 18:16:00,64654.20,64654.30,64643.10,64643.10,14.452000,265,1.987000,12.465000,64648.04,106973.11,0.00003829,0.000000,0.000000,0
2026-07-26 18:17:00,64643.10,64653.60,64643.10,64653.60,13.077000,250,9.316000,3.761000,64646.33,106971.11,0.00003806,0.000000,0.000000,0
2026-07-26 18:18:00,64653.50,64653.60,64648.40,64648.50,22.092000,183,5.132000,16.960000,64650.77,106974.60,0.00003796,0.000000,0.000000,0
2026-07-26 18:19:00,64648.40,64649.00,64643.90,64643.90,13.506000,188,4.737000,8.769000,64648.32,106970.40,0.00003796,0.000000,0.000000,0
2026-07-26 18:20:00,64644.00,64644.00,64634.00,64643.70,46.433000,295,17.098000,29.335000,64639.35,106970.26,0.00003822,0.000000,0.000000,0
2026-07-26 18:21:00,64643.70,64644.70,64643.70,64644.60,9.528000,142,5.666000,3.862000,64644.02,106970.13,0.00003812,0.000000,0.000000,0
2026-07-26 18:22:00,64644.60,64662.40,64644.60,64662.40,26.425000,282,24.800000,1.625000,64653.00,106969.77,0.00003812,0.000000,0.000000,0
2026-07-26 18:23:00,64662.30,64678.70,64662.30,64676.70,23.116000,274,19.731000,3.385000,64669.31,106981.51,0.00003838,0.000000,0.000000,0
2026-07-26 18:24:00,64676.70,64676.70,64668.90,64669.00,13.205000,203,3.398000,9.807000,64674.39,106978.15,0.00003882,0.000000,0.000000,0
2026-07-26 18:25:00,64668.90,64669.00,64662.70,64662.70,11.513000,188,1.562000,9.951000,64666.22,106977.43,0.00003930,0.000000,0.000000,0
2026-07-26 18:26:00,64662.80,64662.80,64645.40,64645.40,12.771000,254,1.377000,11.394000,64654.59,106981.94,0.00003930,0.000000,0.000000,0
2026-07-26 18:27:00,64645.40,64646.40,64642.50,64646.40,24.021000,190,15.355000,8.666000,64643.81,106985.09,0.00003935,0.000000,0.000000,0
2026-07-26 18:28:00,64646.30,64665.90,64646.30,64663.20,20.852000,326,14.517000,6.335000,64659.13,106983.09,0.00003915,0.000000,0.000000,0
2026-07-26 18:29:00,64663.20,64663.30,64663.20,64663.20,3.189000,145,1.984000,1.205000,64663.26,106982.83,0.00003915,0.000000,0.000000,0
2026-07-26 18:30:00,64663.20,64663.30,64659.90,64660.00,11.764000,145,1.729000,10.035000,64661.38,106983.65,0.00003942,0.000000,0.000000,0
2026-07-26 18:31:00,64659.90,64663.20,64659.90,64663.10,15.495000,167,7.422000,8.073000,64662.49,106987.78,0.00003954,0.000000,0.000000,0
2026-07-26 18:32:00,64663.10,64670.70,64663.10,64670.60,8.992000,169,7.860000,1.132000,64665.62,106986.62,0.00003972,0.000000,0.000000,0
2026-07-26 18:33:00,64670.70,64670.70,64670.60,64670.60,4.516000,150,3.518000,0.998000,64670.68,106986.03,0.00003972,0.000000,0.000000,0
2026-07-26 18:34:00,64670.60,64670.70,64670.60,64670.70,3.435000,149,2.609000,0.826000,64670.68,106984.35,0.00004010,0.000000,0.000000,0
2026-07-26 18:35:00,64670.60,64670.70,64670.60,64670.60,5.714000,159,3.873000,1.841000,64670.67,106984.19,0.00004050,0.000000,0.000000,0
2026-07-26 18:36:00,64670.60,64673.80,64670.60,64670.70,9.524000,165,5.387000,4.137000,64672.74,106984.93,0.00004050,0.000000,0.000000,0
2026-07-26 18:37:00,64670.60,64670.70,64649.30,64649.30,53.567000,268,5.969000,47.598000,64658.72,106998.27,0.00004087,0.000000,0.000000,0
2026-07-26 18:38:00,64649.40,64673.00,64649.30,64668.50,27.734000,328,17.879000,9.855000,64665.16,107006.32,0.00004120,0.000000,0.000000,0
2026-07-26 18:39:00,64668.60,64680.00,64668.50,64679.90,6.439000,157,5.833000,0.606000,64674.97,107010.75,0.00004158,0.000000,0.000000,0
2026-07-26 18:40:00,64680.00,64698.00,64679.90,64698.00,14.953000,229,13.772000,1.181000,64688.04,107007.71,0.00004158,0.000000,0.000000,0
2026-07-26 18:41:00,64698.00,64698.00,64680.00,64680.10,20.894000,213,12.527000,8.367000,64686.70,107010.36,0.00004215,0.000000,0.000000,0
2026-07-26 18:42:00,64680.10,64680.10,64680.00,64680.00,4.174000,83,3.897000,0.277000,64680.09,107010.09,0.00004252,0.000000,0.000000,0
2026-07-26 18:43:00,64680.00,64680.10,64673.60,64673.60,11.411000,175,4.506000,6.905000,64677.85,107012.07,0.00004252,0.000000,0.000000,0
2026-07-26 18:44:00,64673.60,64676.50,64673.60,64676.50,7.998000,131,6.013000,1.985000,64673.94,107012.95,0.00004272,0.000000,0.000000,0
2026-07-26 18:45:00,64676.40,64676.50,64676.40,64676.40,1.955000,69,1.413000,0.542000,64676.47,107014.00,0.00004256,0.000000,0.000000,0
2026-07-26 18:46:00,64676.50,64681.50,64676.40,64681.50,4.103000,114,3.381000,0.722000,64677.33,107013.25,0.00004253,0.000000,0.000000,0
2026-07-26 18:47:00,64681.60,64689.10,64681.50,64689.10,4.654000,136,4.123000,0.531000,64682.37,107014.46,0.00004253,0.000000,0.000000,0
2026-07-26 18:48:00,64689.00,64689.10,64689.00,64689.00,3.075000,85,2.867000,0.208000,64689.09,107014.03,0.00004257,0.000000,0.000000,0
2026-07-26 18:49:00,64689.00,64692.10,64689.00,64692.10,6.519000,165,3.914000,2.605000,64689.51,107013.15,0.00004269,0.000000,0.000000,0
2026-07-26 18:50:00,64692.00,64692.10,64692.00,64692.10,7.296000,78,3.027000,4.269000,64692.04,107013.75,0.00004269,0.000000,0.000000,0
2026-07-26 18:51:00,64692.10,64696.40,64692.00,64696.40,10.428000,110,5.670000,4.758000,64692.80,107006.93,0.00004286,0.000000,0.000000,0
2026-07-26 18:52:00,64696.30,64697.50,64696.30,64697.50,4.422000,95,3.923000,0.499000,64696.80,107006.64,0.00004320,0.000000,0.000000,0
2026-07-26 18:53:00,64697.50,64749.40,64697.40,64730.20,113.660000,744,90.793000,22.867000,64721.96,106972.27,0.00004320,0.000000,0.000000,0
2026-07-26 18:54:00,64730.30,64740.90,64725.30,64727.90,57.199000,462,13.751000,43.448000,64732.71,106973.26,0.00004372,0.000000,0.000000,0
2026-07-26 18:55:00,64727.90,64728.00,64712.70,64712.70,31.991000,265,2.411000,29.580000,64721.41,106987.23,0.00004378,0.000000,0.000000,0
2026-07-26 18:56:00,64712.70,64716.20,64704.10,64704.10,39.486000,238,13.471000,26.015000,64712.42,106980.53,0.00004368,0.000000,0.000000,0
2026-07-26 18:57:00,64704.10,64712.20,64700.70,64700.70,35.364000,239,9.802000,25.562000,64706.67,106965.36,0.00004368,0.000000,0.000000,0
2026-07-26 18:58:00,64700.80,64704.50,64700.80,64702.80,21.215000,117,6.921000,14.294000,64702.85,106964.11,0.00004312,0.000000,0.000000,0
2026-07-26 18:59:00,64702.70,64706.90,64702.70,64706.80,7.875000,117,4.563000,3.312000,64705.22,106963.39,0.00004235,0.000000,0.000000,0
2026-07-26 19:00:00,64706.80,64706.90,64706.80,64706.90,5.081000,62,3.245000,1.836000,64706.86,106960.35,0.00004235,0.000000,0.000000,0
2026-07-26 19:01:00,64706.80,64706.90,64706.80,64706.80,3.414000,85,1.817000,1.597000,64706.85,106959.42,0.00004199,0.000000,0.000000,0
2026-07-26 19:02:00,64706.90,64716.20,64706.80,64716.10,14.064000,176,12.863000,1.201000,64710.33,106961.55,0.00004170,0.000000,0.000000,0
2026-07-26 19:03:00,64716.10,64716.20,64689.00,64689.10,19.099000,263,1.792000,17.307000,64704.00,106956.88,0.00004155,0.000000,0.000000,0
2026-07-26 19:04:00,64689.00,64707.40,64689.00,64705.20,15.991000,254,13.805000,2.186000,64698.30,106952.84,0.00004155,0.000000,0.000000,0
2026-07-26 19:05:00,64705.30,64705.30,64699.30,64699.40,10.895000,199,1.722000,9.173000,64701.75,106953.36,0.00004109,0.000000,0.000000,0
2026-07-26 19:06:00,64699.30,64699.40,64699.20,64699.20,3.932000,116,2.228000,1.704000,64699.34,106954.19,0.00004090,0.000000,0.000000,0
2026-07-26 19:07:00,64699.30,64699.30,64689.00,64689.00,6.393000,194,1.286000,5.107000,64693.34,106953.91,0.00004090,0.000000,0.000000,0
2026-07-26 19:08:00,64689.00,64689.10,64689.00,64689.10,6.099000,142,1.187000,4.912000,64689.02,106956.48,0.00004044,0.000000,0.000000,0
2026-07-26 19:09:00,64689.00,64689.10,64671.50,64671.50,14.132000,269,0.928000,13.204000,64678.74,106957.09,0.00003998,0.000000,0.000000,0
2026-07-26 19:10:00,64671.50,64671.60,64664.10,64664.10,12.571000,189,2.493000,10.078000,64666.68,106960.74,0.00003998,0.000000,0.000000,0
2026-07-26 19:11:00,64664.10,64664.20,64654.00,64654.00,9.864000,198,4.904000,4.960000,64659.99,106958.91,0.00003961,0.000000,0.000000,0
2026-07-26 19:12:00,64654.00,64654.10,64653.70,64653.70,7.571000,152,2.098000,5.473000,64653.83,106959.65,0.00003919,0.000000,0.000000,0
2026-07-26 19:13:00,64653.70,64653.80,64639.40,64639.40,16.523000,273,2.089000,14.434000,64647.50,106959.82,0.00003862,0.000000,0.203000,0
2026-07-26 19:14:00,64639.40,64639.50,64638.80,64638.80,10.495000,180,2.356000,8.139000,64638.85,106961.99,0.00003862,0.000000,0.000000,0
2026-07-26 19:15:00,64638.90,64646.90,64638.80,64646.90,31.370000,230,23.462000,7.908000,64643.31,106961.13,0.00003798,0.000000,0.000000,0
2026-07-26 19:16:00,64646.90,64651.00,64646.80,64650.90,13.322000,247,10.642000,2.680000,64648.61,106957.88,0.00003742,0.000000,0.000000,0
2026-07-26 19:17:00,64651.00,64651.00,64650.90,64650.90,6.452000,105,4.833000,1.619000,64650.97,106957.14,0.00003742,0.000000,0.000000,0
2026-07-26 19:18:00,64651.00,64651.00,64650.90,64650.90,5.040000,98,1.118000,3.922000,64650.92,106958.60,0.00003730,0.000000,0.000000,0
2026-07-26 19:19:00,64651.00,64651.00,64650.90,64651.00,4.620000,119,2.164000,2.456000,64650.95,106958.63,0.00003703,0.000000,0.000000,0
2026-07-26 19:20:00,64650.90,64667.90,64650.90,64667.80,17.606000,203,13.401000,4.205000,64656.05,106961.58,0.00003703,0.000000,0.000000,0
2026-07-26 19:21:00,64667.80,64667.90,64667.80,64667.90,10.473000,85,9.536000,0.937000,64667.89,106964.59,0.00003676,0.000000,0.000000,0
2026-07-26 19:22:00,64667.90,64671.80,64667.80,64671.80,5.003000,93,3.471000,1.532000,64669.56,106966.03,0.00003688,0.000000,0.000000,0
2026-07-26 19:23:00,64671.70,64714.60,64668.80,64697.10,111.660000,632,100.162000,11.498000,64697.20,106933.36,0.00003720,1.126000,0.000000,0
2026-07-26 19:24:00,64697.20,64697.20,64673.40,64692.30,17.737000,379,8.319000,9.418000,64685.98,106932.07,0.00003720,0.000000,0.000000,0
2026-07-26 19:25:00,64692.40,64692.40,64676.50,64677.20,45.535000,284,8.985000,36.550000,64681.76,106942.51,0.00003726,0.000000,0.000000,0
2026-07-26 19:26:00,64677.20,64681.10,64677.20,64677.70,6.586000,166,3.925000,2.661000,64677.64,106940.21,0.00003724,0.000000,0.000000,0
2026-07-26 19:27:00,64677.70,64680.50,64677.60,64680.50,8.856000,144,3.200000,5.656000,64679.87,106938.81,0.00003724,0.000000,0.000000,0
2026-07-26 19:28:00,64680.40,64680.40,64668.00,64668.00,7.962000,221,1.916000,6.046000,64674.68,106936.44,0.00003721,0.000000,0.000000,0
2026-07-26 19:29:00,64668.00,64668.10,64668.00,64668.10,2.732000,134,0.811000,1.921000,64668.03,106936.17,0.00003723,0.000000,0.000000,0
2026-07-26 19:30:00,64668.00,64692.70,64668.00,64692.70,13.603000,306,12.870000,0.733000,64678.95,106933.27,0.00003723,0.000000,0.000000,0
2026-07-26 19:31:00,64692.60,64696.40,64688.50,64688.50,17.967000,212,1.519000,16.448000,64691.61,106931.86,0.00003700,0.000000,0.000000,0
2026-07-26 19:32:00,64688.50,64706.90,64688.50,64706.80,18.003000,244,16.522000,1.481000,64697.13,106930.84,0.00003713,0.000000,0.000000,0
2026-07-26 19:33:00,64706.90,64709.10,64706.80,64709.00,5.690000,151,4.513000,1.177000,64707.94,106932.35,0.00003707,0.000000,0.000000,0
2026-07-26 19:34:00,64709.00,64729.40,64709.00,64725.00,58.232000,522,46.905000,11.327000,64721.16,106936.76,0.00003707,0.000000,0.000000,0
2026-07-26 19:35:00,64725.00,64725.10,64708.00,64708.00,6.452000,264,2.377000,4.075000,64718.89,106933.38,0.00003755,0.000000,0.000000,0
2026-07-26 19:36:00,64708.10,64708.10,64702.40,64702.40,10.899000,161,5.732000,5.167000,64706.88,106931.53,0.00003755,0.000000,0.000000,0
2026-07-26 19:37:00,64702.50,64702.50,64687.90,64699.20,40.273000,325,8.216000,32.057000,64695.40,106910.57,0.00003755,0.000000,0.000000,0
2026-07-26 19:38:00,64699.30,64699.30,64694.40,64694.40,7.089000,167,2.678000,4.411000,64697.51,106909.10,0.00003735,0.000000,0.000000,0
2026-07-26 19:39:00,64694.40,64694.50,64688.40,64688.50,8.063000,125,2.054000,6.009000,64693.46,106908.47,0.00003718,0.000000,0.000000,0
2026-07-26 19:40:00,64688.40,64688.50,64688.20,64688.30,7.393000,70,1.664000,5.729000,64688.32,106908.29,0.00003684,0.000000,0.000000,0
2026-07-26 19:41:00,64688.30,64696.30,64688.20,64696.20,9.006000,136,8.199000,0.807000,64692.91,106906.77,0.00003684,0.000000,0.000000,0
2026-07-26 19:42:00,64696.20,64697.60,64696.20,64697.60,7.880000,66,7.064000,0.816000,64696.42,106904.93,0.00003642,0.000000,0.000000,0
2026-07-26 19:43:00,64697.50,64697.60,64697.50,64697.50,2.358000,63,1.324000,1.034000,64697.56,106904.93,0.00003652,0.000000,0.000000,0
2026-07-26 19:44:00,64697.50,64697.60,64697.50,64697.60,3.838000,84,3.108000,0.730000,64697.58,106904.92,0.00003652,0.000000,0.000000,0
2026-07-26 19:45:00,64697.60,64697.60,64696.20,64696.30,8.420000,77,4.776000,3.644000,64697.09,106905.65,0.00003669,0.000000,0.000000,0
2026-07-26 19:46:00,64696.20,64696.30,64692.70,64692.80,5.300000,99,1.651000,3.649000,64694.69,106902.58,0.00003686,0.000000,0.000000,0
2026-07-26 19:47:00,64692.80,64692.80,64690.90,64691.00,5.113000,68,0.944000,4.169000,64692.46,106900.93,0.00003686,0.000000,0.000000,0
2026-07-26 19:48:00,64690.90,64690.90,64677.90,64677.90,13.404000,184,1.264000,12.140000,64682.69,106899.80,0.00003683,0.000000,0.000000,0
2026-07-26 19:49:00,64677.90,64678.00,64675.50,64675.60,6.150000,113,1.360000,4.790000,64677.58,106904.73,0.00003654,0.000000,0.000000,0
2026-07-26 19:50:00,64675.50,64675.60,64675.00,64675.00,4.601000,69,1.727000,2.874000,64675.14,106906.28,0.00003617,0.000000,0.000000,0
2026-07-26 19:51:00,64675.00,64675.10,64672.30,64672.40,12.933000,78,2.251000,10.682000,64673.88,106907.56,0.00003617,0.000000,0.000000,0
2026-07-26 19:52:00,64672.30,64672.40,64663.90,64663.90,9.088000,105,4.371000,4.717000,64668.18,106911.04,0.00003590,0.000000,0.000000,0
2026-07-26 19:53:00,64664.00,64675.10,64663.90,64675.00,16.187000,162,12.528000,3.659000,64669.14,106911.08,0.00003542,0.000000,0.000000,0
2026-07-26 19:54:00,64675.10,64675.10,64675.00,64675.00,4.502000,91,2.240000,2.262000,64675.05,106905.60,0.00003542,0.000000,0.000000,0
2026-07-26 19:55:00,64675.10,64675.10,64675.00,64675.10,1.728000,54,0.856000,0.872000,64675.05,106906.75,0.00003505,0.000000,0.000000,0
2026-07-26 19:56:00,64675.00,64675.10,64669.50,64669.50,4.082000,88,0.872000,3.210000,64674.23,106906.86,0.00003477,0.000000,0.000000,0
2026-07-26 19:57:00,64669.60,64669.60,64665.10,64665.10,4.892000,81,0.843000,4.049000,64668.22,106906.28,0.00003442,0.000000,0.000000,0
2026-07-26 19:58:00,64665.10,64665.20,64665.10,64665.10,9.430000,78,1.971000,7.459000,64665.12,106905.04,0.00003442,0.000000,0.000000,0
2026-07-26 19:59:00,64665.10,64668.90,64665.10,64668.90,15.848000,104,12.039000,3.809000,64667.24,106904.91,0.00003387,0.000000,0.000000,0
2026-07-26 20:00:00,64668.80,64668.90,64665.50,64665.50,7.073000,94,1.255000,5.818000,64668.50,106901.75,0.00003356,0.000000,0.000000,0
2026-07-26 20:01:00,64665.60,64668.80,64665.60,64668.70,13.497000,174,8.236000,5.261000,64668.66,106899.78,0.00003356,0.000000,0.000000,0
2026-07-26 20:02:00,64668.80,64675.80,64663.70,64663.70,13.178000,267,4.475000,8.703000,64669.00,106899.62,0.00003347,0.000000,0.000000,0
2026-07-26 20:03:00,64663.70,64663.80,64655.80,64662.00,14.306000,246,5.500000,8.806000,64661.20,106900.71,0.00003349,0.000000,0.000000,0
2026-07-26 20:04:00,64662.00,64662.10,64662.00,64662.10,6.324000,144,4.388000,1.936000,64662.07,106904.94,0.00003349,0.000000,0.000000,0
2026-07-26 20:05:00,64662.00,64662.10,64656.40,64656.40,6.471000,183,1.336000,5.135000,64661.21,106903.07,0.00003329,0.000000,0.000000,0
2026-07-26 20:06:00,64656.40,64673.10,64656.40,64673.00,8.411000,245,6.953000,1.458000,64662.95,106905.64,0.00003339,0.000000,0.000000,0
2026-07-26 20:07:00,64673.00,64673.10,64673.00,64673.00,7.135000,117,5.934000,1.201000,64673.08,106904.22,0.00003339,0.000000,0.000000,0
2026-07-26 20:08:00,64673.00,64676.20,64673.00,64676.20,8.899000,128,8.189000,0.710000,64675.44,106903.50,0.00003339,0.000000,0.000000,0
2026-07-26 20:09:00,64676.10,64676.20,64676.10,64676.20,3.200000,120,2.212000,0.988000,64676.17,106905.32,0.00003354,0.000000,0.000000,0
2026-07-26 20:10:00,64676.20,64676.20,64676.10,64676.20,3.854000,109,1.239000,2.615000,64676.13,106905.91,0.00003386,0.000000,0.000000,0
2026-07-26 20:11:00,64676.10,64676.20,64665.30,64665.30,9.333000,201,0.782000,8.551000,64671.84,106905.17,0.00003386,0.000000,0.000000,0
2026-07-26 20:12:00,64665.30,64665.40,64657.30,64657.40,8.333000,160,1.135000,7.198000,64658.72,106905.78,0.00003419,0.000000,0.000000,0
2026-07-26 20:13:00,64657.40,64664.60,64657.40,64664.50,11.413000,165,4.418000,6.995000,64659.24,106904.68,0.00003426,0.000000,0.000000,0
2026-07-26 20:14:00,64664.50,64666.70,64661.40,64666.60,14.734000,195,7.584000,7.150000,64663.02,106906.38,0.00003415,0.000000,0.000000,0
2026-07-26 20:15:00,64666.60,64672.40,64666.60,64669.10,13.240000,167,12.041000,1.199000,64669.49,106904.52,0.00003415,0.000000,0.000000,0
2026-07-26 20:16:00,64669.20,64669.20,64653.90,64654.00,12.947000,224,1.459000,11.488000,64663.26,106904.21,0.00003430,0.000000,0.000000,0
2026-07-26 20:17:00,64654.00,64657.70,64653.90,64654.10,6.849000,111,3.854000,2.995000,64655.47,106906.17,0.00003473,0.000000,0.000000,0
2026-07-26 20:18:00,64654.00,64654.10,64630.10,64630.10,72.565000,316,4.796000,67.769000,64638.08,106906.74,0.00003473,0.000000,0.000000,0
2026-07-26 20:19:00,64630.20,64632.00,64630.10,64631.90,7.475000,160,4.202000,3.273000,64630.98,106885.94,0.00003459,0.000000,0.000000,0
2026-07-26 20:20:00,64632.00,64632.00,64615.60,64620.30,39.403000,389,7.385000,32.018000,64622.73,106874.36,0.00003419,0.000000,0.001000,0
2026-07-26 20:21:00,64620.40,64625.80,64620.30,64625.80,10.220000,195,5.128000,5.092000,64623.20,106864.26,0.00003386,0.000000,0.000000,0
2026-07-26 20:22:00,64625.80,64629.70,64625.70,64629.70,9.046000,158,5.437000,3.609000,64629.13,106861.23,0.00003386,0.000000,0.000000,0
2026-07-26 20:23:00,64629.70,64629.70,64622.90,64622.90,12.666000,148,4.701000,7.965000,64627.91,106860.08,0.00003402,0.000000,0.000000,0
2026-07-26 20:24:00,64622.90,64623.80,64606.30,64623.70,82.959000,422,16.486000,66.473000,64613.21,106855.46,0.00003418,0.000000,1.503000,0
2026-07-26 20:25:00,64623.80,64623.80,64623.70,64623.70,3.634000,73,1.302000,2.332000,64623.74,106857.16,0.00003418,0.000000,0.000000,0
2026-07-26 20:26:00,64623.70,64623.80,64620.60,64620.60,6.946000,76,1.241000,5.705000,64622.13,106856.90,0.00003428,0.000000,0.000000,0
2026-07-26 20:27:00,64620.60,64620.60,64610.50,64610.60,18.919000,147,1.983000,16.936000,64615.44,106864.66,0.00003447,0.000000,0.000000,0
2026-07-26 20:28:00,64610.50,64610.60,64610.50,64610.50,5.774000,115,1.413000,4.361000,64610.52,106864.03,0.00003447,0.000000,0.000000,0
2026-07-26 20:29:00,64610.50,64610.60,64609.30,64609.30,21.048000,120,0.863000,20.185000,64610.49,106864.20,0.00003421,0.004000,0.000000,0
2026-07-26 20:30:00,64609.40,64623.80,64609.30,64623.80,43.696000,206,28.763000,14.933000,64615.58,106875.52,0.00003384,0.000000,0.000000,0
2026-07-26 20:31:00,64623.80,64636.40,64623.70,64636.40,22.126000,194,19.878000,2.248000,64630.57,106883.19,0.00003381,0.000000,0.000000,0
2026-07-26 20:32:00,64636.40,64646.40,64630.30,64646.30,12.466000,207,9.145000,3.321000,64636.47,106878.14,0.00003381,0.000000,0.000000,0
2026-07-26 20:33:00,64646.40,64646.40,64639.70,64639.80,7.584000,112,2.924000,4.660000,64644.96,106874.41,0.00003418,0.000000,0.000000,0
2026-07-26 20:34:00,64639.70,64639.80,64623.10,64623.20,7.806000,170,0.922000,6.884000,64629.45,106873.75,0.00003463,0.000000,0.000000,0
2026-07-26 20:35:00,64623.10,64623.20,64623.10,64623.20,2.741000,60,1.002000,1.739000,64623.14,106874.60,0.00003463,0.000000,0.000000,0
2026-07-26 20:36:00,64623.20,64623.20,64623.10,64623.20,2.296000,68,1.285000,1.011000,64623.16,106873.59,0.00003442,0.000000,0.000000,0
2026-07-26 20:37:00,64623.10,64623.20,64623.10,64623.10,4.213000,49,0.934000,3.279000,64623.12,106873.61,0.00003416,0.000000,0.000000,0
2026-07-26 20:38:00,64623.20,64623.20,64623.10,64623.10,3.343000,61,1.648000,1.695000,64623.15,106874.61,0.00003393,0.000000,0.000000,0
2026-07-26 20:39:00,64623.20,64631.80,64623.10,64631.80,30.480000,181,27.270000,3.210000,64628.72,106874.01,0.00003393,0.000000,0.000000,0
2026-07-26 20:40:00,64631.80,64631.80,64631.70,64631.80,2.647000,44,1.768000,0.879000,64631.77,106874.16,0.00003382,0.000000,0.000000,0
2026-07-26 20:41:00,64631.70,64643.00,64631.70,64642.90,7.306000,156,6.847000,0.459000,64636.71,106874.21,0.00003419,0.000000,0.000000,0
2026-07-26 20:42:00,64643.00,64647.50,64635.50,64635.60,29.962000,184,4.482000,25.480000,64644.67,106869.32,0.00003419,0.000000,0.000000,0
2026-07-26 20:43:00,64635.60,64635.60,64635.50,64635.60,2.357000,50,1.488000,0.869000,64635.56,106871.52,0.00003462,0.000000,0.000000,0
2026-07-26 20:44:00,64635.60,64636.00,64635.50,64635.90,3.957000,66,3.348000,0.609000,64635.61,106871.11,0.00003489,0.000000,0.000000,0
2026-07-26 20:45:00,64635.90,64637.30,64635.90,64637.30,5.435000,117,3.396000,2.039000,64636.81,106871.58,0.00003512,0.000000,0.000000,0
2026-07-26 20:46:00,64637.30,64637.30,64637.20,64637.20,4.852000,80,2.165000,2.687000,64637.24,106869.04,0.00003512,0.000000,0.000000,0
2026-07-26 20:47:00,64637.20,64637.30,64637.20,64637.20,1.664000,56,1.168000,0.496000,64637.27,106868.32,0.00003536,0.000000,0.000000,0
2026-07-26 20:48:00,64637.30,64637.30,64637.20,64637.30,2.792000,51,2.221000,0.571000,64637.28,106868.39,0.00003564,0.004000,0.000000,0
2026-07-26 20:49:00,64637.30,64637.30,64630.50,64630.50,13.374000,106,5.383000,7.991000,64636.12,106867.63,0.00003564,0.000000,0.000000,0
2026-07-26 20:50:00,64630.50,64630.60,64630.50,64630.60,3.915000,64,0.878000,3.037000,64630.52,106866.45,0.00003592,0.000000,0.000000,0
2026-07-26 20:51:00,64630.60,64630.60,64616.20,64616.30,23.692000,169,1.148000,22.544000,64623.17,106864.17,0.00003592,0.000000,0.000000,0
2026-07-26 20:52:00,64616.20,64616.30,64616.20,64616.20,6.694000,74,0.669000,6.025000,64616.21,106869.01,0.00003563,0.000000,0.000000,0
2026-07-26 20:53:00,64616.20,64621.30,64616.20,64621.20,12.161000,99,10.523000,1.638000,64618.34,106865.19,0.00003563,0.000000,0.000000,0
2026-07-26 20:54:00,64621.20,64621.30,64621.20,64621.30,9.444000,53,2.275000,7.169000,64621.22,106862.54,0.00003512,0.000000,0.000000,0
2026-07-26 20:55:00,64621.30,64621.30,64621.20,64621.30,4.226000,59,2.631000,1.595000,64621.26,106863.83,0.00003504,0.000000,0.000000,0
2026-07-26 20:56:00,64621.30,64621.30,64621.20,64621.30,4.866000,42,1.091000,3.775000,64621.22,106863.21,0.00003504,0.000000,0.000000,0
2026-07-26 20:57:00,64621.20,64621.30,64621.20,64621.20,2.931000,47,1.637000,1.294000,64621.26,106865.28,0.00003499,0.000000,0.000000,0
2026-07-26 20:58:00,64621.30,64621.30,64621.20,64621.20,6.682000,37,6.008000,0.674000,64621.29,106865.86,0.00003496,0.000000,0.000000,0
2026-07-26 20:59:00,64621.30,64621.30,64621.20,64621.30,3.159000,53,1.252000,1.907000,64621.24,106862.55,0.00003494,0.000000,0.000000,0
2026-07-26 21:00:00,64621.20,64621.30,64621.20,64621.30,6.622000,75,3.368000,3.254000,64621.25,106863.15,0.00003494,0.000000,0.000000,0
2026-07-26 21:01:00,64621.20,64636.00,64621.20,64635.90,18.253000,215,15.146000,3.107000,64627.44,106863.08,0.00003498,0.000000,0.000000,0
2026-07-26 21:02:00,64635.90,64640.00,64635.90,64639.90,7.811000,103,7.303000,0.508000,64637.27,106859.15,0.00003502,0.000000,0.000000,0
2026-07-26 21:03:00,64639.90,64650.60,64639.90,64650.60,19.951000,142,14.789000,5.162000,64647.70,106854.04,0.00003502,0.000000,0.000000,0
2026-07-26 21:04:00,64650.60,64660.00,64650.50,64659.90,16.242000,138,13.864000,2.378000,64657.35,106844.02,0.00003518,0.000000,0.000000,0
2026-07-26 21:05:00,64660.00,64660.70,64650.70,64650.70,30.325000,181,11.715000,18.610000,64657.78,106844.08,0.00003568,0.000000,0.000000,0
2026-07-26 21:06:00,64650.70,64650.80,64649.10,64649.10,4.908000,116,1.726000,3.182000,64650.05,106835.49,0.00003585,0.000000,0.000000,0
2026-07-26 21:07:00,64649.20,64649.20,64649.10,64649.10,8.743000,117,5.588000,3.155000,64649.16,106835.54,0.00003585,0.000000,0.000000,0
2026-07-26 21:08:00,64649.10,64649.20,64632.20,64632.20,19.934000,218,3.748000,16.186000,64647.44,106835.60,0.00003561,0.000000,0.000000,0
2026-07-26 21:09:00,64632.20,64632.20,64627.90,64627.90,11.061000,147,0.930000,10.131000,64629.27,106836.77,0.00003543,0.000000,0.000000,0
2026-07-26 21:10:00,64627.90,64637.40,64621.20,64637.40,21.312000,250,16.267000,5.045000,64622.90,106838.18,0.00003543,0.000000,0.000000,0
2026-07-26 21:11:00,64637.40,64637.50,64637.40,64637.40,5.837000,93,1.532000,4.305000,64637.43,106835.39,0.00003520,0.000000,0.000000,0
2026-07-26 21:12:00,64637.40,64637.50,64637.40,64637.40,3.151000,98,1.458000,1.693000,64637.45,106835.32,0.00003528,0.000000,0.000000,0
2026-07-26 21:13:00,64637.50,64649.20,64637.40,64649.20,11.043000,174,9.877000,1.166000,64643.27,106832.55,0.00003528,0.000000,0.000000,0
2026-07-26 21:14:00,64649.20,64690.00,64649.20,64676.50,58.935000,565,41.922000,17.013000,64677.74,106830.42,0.00003567,0.000000,0.000000,0
2026-07-26 21:15:00,64676.50,64676.50,64665.70,64665.70,5.033000,172,3.009000,2.024000,64670.11,106825.52,0.00003616,0.000000,0.000000,0
2026-07-26 21:16:00,64665.80,64670.70,64665.70,64670.60,10.656000,127,8.820000,1.836000,64667.40,106826.40,0.00003591,0.000000,0.000000,0
2026-07-26 21:17:00,64670.70,64670.70,64670.60,64670.70,8.141000,71,6.321000,1.820000,64670.68,106824.68,0.00003591,0.000000,0.000000,0
2026-07-26 21:18:00,64670.70,64677.10,64670.60,64677.10,17.254000,125,16.170000,1.084000,64673.52,106821.75,0.00003600,0.000000,0.000000,0
2026-07-26 21:19:00,64677.10,64714.30,64677.00,64714.20,27.620000,339,24.807000,2.813000,64688.82,106809.48,0.00003621,0.000000,0.000000,0
2026-07-26 21:20:00,64714.30,64714.30,64710.90,64711.60,25.686000,132,12.456000,13.230000,64711.92,106804.19,0.00003621,0.000000,0.000000,0
2026-07-26 21:21:00,64711.60,64725.00,64711.50,64724.90,23.962000,210,22.157000,1.805000,64719.54,106808.35,0.00003682,0.000000,0.000000,0
2026-07-26 21:22:00,64725.00,64749.30,64724.90,64734.70,40.037000,413,24.603000,15.434000,64739.68,106815.45,0.00003725,0.000000,0.000000,0
2026-07-26 21:23:00,64734.70,64734.80,64725.20,64725.30,13.751000,167,4.229000,9.522000,64728.90,106801.47,0.00003784,0.000000,0.000000,0
2026-07-26 21:24:00,64725.20,64739.60,64725.20,64739.60,15.071000,155,13.659000,1.412000,64730.29,106799.42,0.00003784,0.000000,0.000000,0
2026-07-26 21:25:00,64739.50,64762.70,64733.60,64762.70,45.791000,344,32.135000,13.656000,64745.20,106801.62,0.00003766,0.000000,0.000000,0
2026-07-26 21:26:00,64762.80,64841.60,64762.80,64814.60,296.644000,1643,244.467000,52.177000,64815.11,106789.57,0.00003771,1.514000,0.000000,0
2026-07-26 21:27:00,64814.60,64839.50,64811.00,64816.80,51.736000,623,21.383000,30.353000,64827.03,106743.54,0.00003771,0.221000,0.000000,0
2026-07-26 21:28:00,64816.80,64818.40,64799.90,64799.90,39.369000,292,11.470000,27.899000,64810.64,106737.61,0.00003816,0.000000,0.000000,0
2026-07-26 21:29:00,64800.00,64800.00,64790.40,64793.60,42.591000,256,23.369000,19.222000,64794.14,106730.36,0.00003837,0.000000,0.000000,0
2026-07-26 21:30:00,64793.70,64793.70,64783.20,64788.80,17.986000,198,8.541000,9.445000,64786.85,106720.40,0.00003820,0.000000,0.000000,0
2026-07-26 21:31:00,64788.90,64809.70,64788.80,64809.60,31.676000,285,23.859000,7.817000,64800.05,106714.96,0.00003820,0.000000,0.000000,0
2026-07-26 21:32:00,64809.60,64820.50,64793.10,64793.20,37.028000,364,18.436000,18.592000,64809.60,106727.01,0.00003813,0.000000,0.000000,0
2026-07-26 21:33:00,64793.20,64793.20,64773.30,64779.90,14.397000,296,3.757000,10.640000,64779.46,106724.59,0.00003876,0.000000,0.000000,0
2026-07-26 21:34:00,64780.00,64806.00,64780.00,64806.00,29.928000,284,24.539000,5.389000,64790.87,106739.24,0.00003876,0.000000,0.000000,0
2026-07-26 21:35:00,64806.00,64812.30,64805.90,64812.30,12.587000,142,10.067000,2.520000,64810.00,106742.37,0.00003863,0.000000,0.000000,0
2026-07-26 21:36:00,64812.30,64812.30,64781.30,64781.30,39.756000,289,11.395000,28.361000,64798.86,106743.83,0.00003918,0.000000,0.000000,0
2026-07-26 21:37:00,64781.30,64795.30,64780.00,64795.30,24.423000,176,8.541000,15.882000,64790.99,106746.92,0.00003941,0.000000,0.000000,0
2026-07-26 21:38:00,64795.30,64795.30,64774.80,64775.10,31.082000,245,3.734000,27.348000,64784.64,106745.89,0.00003941,0.000000,0.000000,0
2026-07-26 21:39:00,64775.10,64818.10,64775.10,64793.70,43.621000,584,34.288000,9.333000,64799.79,106744.88,0.00003954,0.000000,0.000000,0
2026-07-26 21:40:00,64793.80,64793.80,64770.30,64770.30,17.417000,288,5.645000,11.772000,64781.44,106736.29,0.00003961,0.000000,0.000000,0
2026-07-26 21:41:00,64770.40,64783.00,64768.20,64769.10,28.071000,308,16.312000,11.759000,64771.45,106743.17,0.00003961,0.000000,0.000000,0
2026-07-26 21:42:00,64769.00,64800.00,64769.00,64799.90,13.143000,341,9.959000,3.184000,64785.81,106738.51,0.00003930,0.024000,0.000000,0
2026-07-26 21:43:00,64799.90,64800.00,64781.40,64783.30,46.012000,450,11.219000,34.793000,64786.02,106739.90,0.00003918,0.000000,0.000000,0
2026-07-26 21:44:00,64783.30,64821.10,64783.30,64805.90,63.798000,980,42.750000,21.048000,64809.25,106745.48,0.00003931,0.000000,0.000000,0
2026-07-26 21:45:00,64805.90,64821.10,64762.20,64762.20,27.518000,955,10.260000,17.258000,64792.59,106747.41,0.00003931,0.000000,0.000000,0
2026-07-26 21:46:00,64762.20,64808.90,64762.20,64793.80,22.922000,640,9.700000,13.222000,64791.27,106743.21,0.00003970,0.000000,0.000000,0
2026-07-26 21:47:00,64793.60,64805.30,64793.60,64796.90,16.086000,258,9.191000,6.895000,64801.07,106743.74,0.00004008,0.000000,0.000000,0
2026-07-26 21:48:00,64796.90,64812.50,64788.30,64809.90,21.127000,312,8.772000,12.355000,64799.29,106745.20,0.00004008,0.000000,0.000000,0
2026-07-26 21:49:00,64809.90,64897.10,64809.90,64862.20,183.650000,1425,131.058000,52.592000,64862.10,106720.43,0.00004010,0.768000,0.000000,0
2026-07-26 21:50:00,64862.20,64872.10,64838.60,64850.10,41.645000,484,16.138000,25.507000,64849.32,106689.39,0.00004061,0.000000,0.000000,0
2026-07-26 21:51:00,64850.00,64850.10,64824.40,64824.50,18.891000,290,4.040000,14.851000,64840.49,106690.82,0.00004061,0.000000,0.000000,0
2026-07-26 21:52:00,64824.40,64824.50,64820.10,64820.20,15.314000,160,8.267000,7.047000,64821.41,106689.85,0.00004045,0.000000,0.047000,0
2026-07-26 21:53:00,64820.10,64832.50,64807.40,64832.40,31.164000,387,18.804000,12.360000,64813.47,106686.92,0.00003990,0.000000,0.000000,0
2026-07-26 21:54:00,64832.50,64846.90,64832.40,64836.70,31.404000,315,18.180000,13.224000,64841.19,106688.02,0.00003941,0.000000,0.000000,0
2026-07-26 21:55:00,64836.70,64849.70,64836.60,64843.20,30.426000,263,18.253000,12.173000,64841.01,106678.74,0.00003941,0.000000,0.000000,0
2026-07-26 21:56:00,64843.10,64850.00,64837.30,64850.00,28.768000,240,15.104000,13.664000,64842.08,106684.02,0.00003945,0.000000,0.000000,0
2026-07-26 21:57:00,64849.90,64863.70,64849.90,64862.00,22.134000,209,14.552000,7.582000,64854.76,106685.88,0.00003930,0.000000,0.000000,0
2026-07-26 21:58:00,64862.10,64862.10,64825.90,64831.40,45.921000,392,11.065000,34.856000,64836.81,106673.48,0.00003930,0.000000,0.000000,0
2026-07-26 21:59:00,64831.40,64831.50,64831.40,64831.40,6.849000,76,5.393000,1.456000,64831.48,106672.33,0.00003923,0.000000,0.000000,0
2026-07-26 22:00:00,64831.40,64831.50,64817.00,64821.60,33.281000,267,14.360000,18.921000,64821.68,106673.61,0.00003890,0.000000,0.000000,0
2026-07-26 22:01:00,64821.70,65089.10,64821.70,65052.00,2068.113000,9768,1555.842000,512.271000,65011.65,106389.14,0.00003865,15.309000,0.011000,0
2026-07-26 22:02:00,65051.90,65062.90,64998.00,64999.90,207.905000,1300,64.711000,143.194000,65030.09,106372.57,0.00003865,0.081000,0.000000,0
2026-07-26 22:03:00,65000.00,65200.00,64982.70,65082.50,1345.740000,6377,906.059000,439.681000,65140.38,106246.18,0.00003867,15.161000,0.000000,0
2026-07-26 22:04:00,65082.40,65166.00,65069.70,65156.50,256.595000,2949,166.363000,90.232000,65117.37,106279.09,0.00003883,0.000000,0.000000,0
2026-07-26 22:05:00,65156.40,65195.30,65134.90,65134.90,144.983000,1644,55.331000,89.652000,65163.60,106286.81,0.00003883,1.593000,0.000000,0
2026-07-26 22:06:00,65134.90,65167.90,65123.30,65136.10,210.227000,1879,98.012000,112.215000,65138.24,106296.85,0.00003970,0.000000,0.000000,0
2026-07-26 22:07:00,65136.20,65199.90,65133.90,65159.30,207.550000,1664,106.484000,101.066000,65160.37,106279.25,0.00004036,1.061000,0.000000,0
2026-07-26 22:08:00,65159.40,65172.20,65127.50,65136.00,176.649000,1352,54.485000,122.164000,65149.53,106260.59,0.00004036,0.100000,0.000000,0
2026-07-26 22:09:00,65136.00,65138.40,65120.00,65136.00,93.343000,659,43.099000,50.244000,65127.12,106256.69,0.00004095,0.000000,0.000000,0
2026-07-26 22:10:00,65136.10,65193.10,65124.00,65161.70,421.221000,2094,117.294000,303.927000,65152.39,106276.36,0.00004083,0.000000,0.000000,0
2026-07-26 22:11:00,65161.80,65195.30,65158.80,65188.50,102.146000,853,63.370000,38.776000,65176.89,106160.44,0.00004083,0.074000,0.000000,0
2026-07-26 22:12:00,65188.50,65188.60,65141.80,65179.50,96.741000,963,34.451000,62.290000,65172.77,106150.11,0.00004137,0.000000,0.000000,0
2026-07-26 22:13:00,65179.50,65223.00,65179.40,65195.00,303.076000,1279,236.866000,66.210000,65202.78,106151.86,0.00004186,0.770000,0.000000,0
2026-07-26 22:14:00,65195.00,65202.20,65165.80,65193.70,74.411000,800,32.175000,42.236000,65180.46,106150.12,0.00004229,0.000000,0.000000,0
2026-07-26 22:15:00,65193.80,65193.80,65158.20,65181.80,156.640000,768,40.121000,116.519000,65174.69,106099.73,0.00004229,0.000000,0.000000,0
2026-07-26 22:16:00,65181.90,65210.30,65179.80,65186.10,136.835000,1366,76.016000,60.819000,65192.70,106091.65,0.00004222,0.000000,0.000000,0
2026-07-26 22:17:00,65186.00,65218.20,65186.00,65207.30,62.072000,628,38.593000,23.479000,65206.51,106088.43,0.00004260,0.034000,0.000000,0
2026-07-26 22:18:00,65207.40,65207.40,65156.60,65186.00,117.095000,916,33.431000,83.664000,65179.90,106070.13,0.00004260,0.000000,0.000000,0
2026-07-26 22:19:00,65185.90,65216.80,65170.00,65216.80,70.481000,638,42.110000,28.371000,65189.99,106048.10,0.00004287,1.049000,0.000000,0
2026-07-26 22:20:00,65216.70,65216.70,65141.60,65164.70,183.754000,974,49.570000,134.184000,65170.31,106036.17,0.00004285,0.000000,0.000000,0
2026-07-26 22:21:00,65164.70,65215.00,65164.60,65201.60,61.082000,716,31.319000,29.763000,65200.02,106047.88,0.00004293,0.000000,0.000000,0
2026-07-26 22:22:00,65201.50,65201.50,65181.90,65194.30,93.052000,685,18.756000,74.296000,65195.57,106042.55,0.00004293,0.000000,0.000000,0
2026-07-26 22:23:00,65194.30,65209.30,65191.20,65191.30,42.384000,394,11.077000,31.307000,65200.44,106029.56,0.00004323,0.000000,0.000000,0
2026-07-26 22:24:00,65191.20,65214.90,65182.10,65214.90,146.913000,636,127.368000,19.545000,65196.99,106021.39,0.00004355,0.000000,0.000000,0
2026-07-26 22:25:00,65214.90,65222.00,65181.90,65181.90,59.366000,500,15.467000,43.899000,65208.36,106061.61,0.00004355,0.000000,0.000000,0
2026-07-26 22:26:00,65182.00,65182.00,65137.80,65137.80,55.607000,539,20.621000,34.986000,65162.74,106063.65,0.00004363,0.000000,0.000000,0
2026-07-26 22:27:00,65137.90,65154.80,65137.80,65154.80,47.057000,457,22.488000,24.569000,65146.17,106044.52,0.00004334,0.000000,0.000000,0
2026-07-26 22:28:00,65154.70,65194.70,65146.40,65194.60,55.153000,514,36.384000,18.769000,65162.13,106026.21,0.00004334,0.000000,0.000000,0
2026-07-26 22:29:00,65194.60,65234.00,65194.60,65209.40,86.907000,744,60.851000,26.056000,65217.37,106024.63,0.00004328,0.083000,0.000000,0
2026-07-26 22:30:00,65209.30,65209.40,65177.60,65188.90,124.269000,772,27.841000,96.428000,65200.91,106016.73,0.00004330,0.000000,0.000000,0
2026-07-26 22:31:00,65188.80,65242.50,65168.50,65189.50,196.340000,1605,81.142000,115.198000,65218.58,106054.01,0.00004304,1.238000,0.000000,0
2026-07-26 22:32:00,65189.50,65212.80,65182.30,65203.60,52.948000,707,30.493000,22.455000,65197.29,106051.83,0.00004304,0.000000,0.000000,0
2026-07-26 22:33:00,65203.60,65384.70,65203.60,65333.90,2155.478000,5130,1694.310000,461.168000,65304.00,105482.85,0.00004318,22.175000,0.000000,0
2026-07-26 22:34:00,65333.80,65396.00,65333.80,65371.10,471.616000,2368,331.945000,139.671000,65369.91,105407.48,0.00004355,1.630000,0.000000,0
2026-07-26 22:35:00,65371.10,65391.70,65358.20,65359.00,198.567000,988,122.571000,75.996000,65380.17,105378.03,0.00004355,1.100000,0.000000,0
2026-07-26 22:36:00,65359.00,65400.00,65358.90,65385.20,223.893000,1346,150.240000,73.653000,65392.56,105373.37,0.00004436,0.488000,0.000000,0
2026-07-26 22:37:00,65385.20,65412.00,65376.40,65387.50,193.082000,1027,123.246000,69.836000,65394.76,105333.85,0.00004493,1.781000,0.000000,0
2026-07-26 22:38:00,65387.50,65446.20,65387.50,65429.00,255.181000,1366,154.207000,100.974000,65420.49,105291.54,0.00004569,0.193000,0.000000,0
2026-07-26 22:39:00,65429.10,65429.10,65378.70,65407.30,131.710000,1064,44.731000,86.979000,65407.12,105214.46,0.00004569,2.517000,0.000000,0
2026-07-26 22:40:00,65407.20,65407.30,65368.00,65391.60,223.483000,816,42.075000,181.408000,65389.58,105224.09,0.00004590,0.000000,0.000000,0
2026-07-26 22:41:00,65391.50,65468.10,65391.50,65467.50,201.275000,1147,158.479000,42.796000,65446.67,105117.23,0.00004603,6.413000,0.000000,0
2026-07-26 22:42:00,65467.50,65480.00,65432.80,65451.10,307.533000,1219,139.525000,168.008000,65467.48,104987.38,0.00004603,0.753000,0.000000,0
2026-07-26 22:43:00,65451.10,65451.20,65424.00,65443.60,67.086000,733,28.943000,38.143000,65432.68,104988.74,0.00004663,0.000000,0.000000,0
2026-07-26 22:44:00,65443.60,65447.20,65429.90,65429.90,71.503000,456,19.303000,52.200000,65441.22,104992.31,0.00004719,0.000000,0.000000,0
2026-07-26 22:45:00,65429.90,65446.10,65429.90,65445.40,39.851000,431,22.169000,17.682000,65438.98,105002.04,0.00004749,0.000000,0.000000,0
2026-07-26 22:46:00,65445.40,65452.50,65395.50,65400.00,190.860000,913,75.653000,115.207000,65420.78,105013.11,0.00004749,0.000000,0.015000,0
2026-07-26 22:47:00,65399.90,65408.20,65373.30,65373.30,114.801000,627,28.122000,86.679000,65393.52,105010.12,0.00004774,0.000000,0.000000,0
2026-07-26 22:48:00,65373.30,65395.90,65373.30,65391.00,84.288000,499,40.918000,43.370000,65383.53,104999.07,0.00004758,0.000000,0.000000,0
2026-07-26 22:49:00,65391.00,65466.80,65391.00,65443.90,253.764000,1516,146.204000,107.560000,65432.74,104986.48,0.00004758,1.893000,0.000000,0
2026-07-26 22:50:00,65443.90,65466.00,65422.70,65444.30,194.601000,1400,88.591000,106.010000,65441.37,104999.86,0.00004740,0.247000,0.000000,0
2026-07-26 22:51:00,65444.40,65468.60,65428.80,65428.80,142.199000,942,45.583000,96.616000,65447.21,105007.94,0.00004805,0.000000,0.000000,0
2026-07-26 22:52:00,65428.80,65428.80,65380.80,65386.30,105.194000,687,25.163000,80.031000,65392.41,105019.04,0.00004850,0.000000,0.000000,0
2026-07-26 22:53:00,65386.20,65421.90,65386.20,65413.40,72.279000,610,28.495000,43.784000,65413.27,105031.99,0.00004850,0.000000,0.000000,0
2026-07-26 22:54:00,65413.30,65414.50,65392.90,65414.50,56.348000,507,29.457000,26.891000,65402.65,105029.42,0.00004880,0.000000,0.000000,0
2026-07-26 22:55:00,65414.40,65414.50,65394.20,65394.20,50.737000,483,27.252000,23.485000,65407.84,105025.53,0.00004927,0.000000,0.000000,0
2026-07-26 22:56:00,65394.30,65400.20,65352.00,65352.00,167.572000,724,71.831000,95.741000,65377.26,105029.85,0.00004927,0.000000,0.000000,0
2026-07-26 22:57:00,65352.00,65373.50,65352.00,65366.80,92.538000,489,28.383000,64.155000,65366.61,105018.40,0.00004959,0.000000,0.000000,0
2026-07-26 22:58:00,65366.70,65371.80,65358.00,65368.20,42.040000,355,14.634000,27.406000,65363.29,105036.38,0.00004986,0.000000,0.000000,0
2026-07-26 22:59:00,65368.30,65370.40,65368.20,65370.40,24.568000,187,17.066000,7.502000,65368.61,105038.41,0.00004986,0.000000,0.000000,0
2026-07-26 23:00:00,65370.30,65392.90,65370.30,65384.70,63.707000,395,45.088000,18.619000,65381.45,105062.71,0.00005039,0.000000,0.000000,0
2026-07-26 23:01:00,65384.70,65447.70,65384.70,65400.10,298.975000,1626,180.406000,118.569000,65429.42,105142.54,0.00005103,24.176000,0.000000,0
2026-07-26 23:02:00,65400.00,65454.30,65393.00,65433.60,125.501000,993,68.721000,56.780000,65433.88,105157.50,0.00005175,0.000000,0.000000,0
2026-07-26 23:03:00,65433.70,65433.70,65385.60,65399.00,110.958000,751,38.925000,72.033000,65405.59,105157.50,0.00005175,0.000000,0.000000,0
2026-07-26 23:04:00,65398.90,65407.60,65356.70,65359.90,93.362000,834,19.907000,73.455000,65373.05,105151.84,0.00005246,0.000000,0.000000,0
2026-07-26 23:05:00,65359.80,65394.10,65356.70,65394.00,116.936000,685,86.637000,30.299000,65371.48,105131.98,0.00005283,0.000000,0.000000,0
2026-07-26 23:06:00,65394.00,65463.20,65394.00,65461.30,133.813000,960,60.551000,73.262000,65441.85,105126.99,0.00005283,0.000000,0.000000,0
2026-07-26 23:07:00,65461.20,65468.70,65430.80,65468.60,126.249000,827,56.833000,69.416000,65450.15,105134.93,0.00005327,0.169000,0.000000,0
2026-07-26 23:08:00,65468.60,65497.00,65447.90,65489.60,184.201000,1036,99.560000,84.641000,65476.89,105138.67,0.00005392,7.968000,0.000000,0
2026-07-26 23:09:00,65489.60,65519.80,65468.60,65469.80,585.984000,2203,319.349000,266.635000,65494.95,105099.21,0.00005475,0.912000,0.116000,0
2026-07-26 23:10:00,65469.70,65555.00,65469.70,65508.70,474.265000,2711,277.255000,197.010000,65532.37,105015.38,0.00005475,3.170000,0.000000,0
2026-07-26 23:11:00,65508.80,65514.40,65472.20,65473.50,132.823000,1237,40.071000,92.752000,65493.03,104853.49,0.00005512,0.000000,0.000000,0
2026-07-26 23:12:00,65473.40,65505.70,65447.20,65449.60,176.105000,1286,94.045000,82.060000,65473.44,104856.54,0.00005520,0.000000,0.000000,0
2026-07-26 23:13:00,65449.60,65497.60,65446.40,65466.40,221.954000,1274,62.053000,159.901000,65471.17,104863.40,0.00005520,0.000000,0.000000,0
2026-07-26 23:14:00,65466.50,65466.50,65384.10,65415.10,330.174000,1552,66.469000,263.705000,65412.88,104811.62,0.00005560,0.000000,0.000000,0
2026-07-26 23:15:00,65415.10,65415.20,65378.50,65382.40,189.843000,963,46.812000,143.031000,65393.18,104660.30,0.00005594,0.000000,0.000000,0
2026-07-26 23:16:00,65382.20,65437.90,65376.20,65437.90,109.442000,1028,56.837000,52.605000,65404.95,104603.13,0.00005594,0.000000,0.000000,0
2026-07-26 23:17:00,65437.80,65468.50,65406.00,65406.00,79.218000,962,32.157000,47.061000,65446.63,104568.55,0.00005652,0.000000,0.000000,0
2026-07-26 23:18:00,65406.10,65406.10,65372.10,65379.90,96.279000,628,14.788000,81.491000,65383.25,104558.16,0.00005720,0.000000,0.000000,0
2026-07-26 23:19:00,65380.00,65395.10,65371.40,65371.40,71.986000,627,28.538000,43.448000,65381.65,104537.96,0.00005695,0.000000,0.000000,0
2026-07-26 23:20:00,65371.40,65371.50,65333.60,65333.60,233.187000,767,18.552000,214.635000,65355.68,104541.36,0.00005695,0.000000,0.076000,0
2026-07-26 23:21:00,65333.60,65350.20,65327.00,65337.60,97.001000,722,27.805000,69.196000,65336.07,104487.18,0.00005660,0.000000,0.000000,0
2026-07-26 23:22:00,65337.50,65350.00,65326.60,65326.60,71.371000,519,15.800000,55.571000,65338.42,104487.52,0.00005680,0.000000,0.000000,0
2026-07-26 23:23:00,65326.70,65350.00,65302.20,65349.90,142.226000,986,32.867000,109.359000,65321.85,104480.22,0.00005680,0.000000,0.006000,0
2026-07-26 23:24:00,65349.90,65350.00,65325.20,65337.70,73.181000,557,27.852000,45.329000,65333.83,104497.55,0.00005706,0.000000,0.000000,0
2026-07-26 23:25:00,65337.70,65360.80,65315.50,65315.50,155.693000,1096,51.419000,104.274000,65342.78,104484.69,0.00005731,0.000000,0.000000,0
2026-07-26 23:26:00,65315.60,65354.00,65315.60,65322.80,95.341000,723,54.534000,40.807000,65332.20,104484.10,0.00005750,0.000000,0.000000,0
2026-07-26 23:27:00,65322.70,65322.80,65280.70,65293.50,224.763000,1224,71.409000,153.354000,65295.28,104479.27,0.00005750,0.000000,0.011000,0
2026-07-26 23:28:00,65293.40,65314.40,65293.40,65303.90,93.788000,638,42.149000,51.639000,65306.22,104468.37,0.00005716,0.000000,0.000000,0
2026-07-26 23:29:00,65303.90,65314.30,65300.00,65306.00,48.364000,462,20.498000,27.866000,65305.04,104475.84,0.00005724,0.000000,0.000000,0
2026-07-26 23:30:00,65305.90,65306.00,65303.10,65305.90,22.861000,204,12.920000,9.941000,65305.02,104468.85,0.00005724,0.000000,0.000000,0
2026-07-26 23:31:00,65305.90,65306.00,65273.20,65273.30,78.041000,549,25.734000,52.307000,65286.81,104466.85,0.00005740,0.000000,0.000000,0
2026-07-26 23:32:00,65273.20,65295.30,65245.60,65295.20,206.956000,1034,77.200000,129.756000,65266.81,104439.40,0.00005747,0.000000,0.062000,0
2026-07-26 23:33:00,65295.30,65300.00,65277.30,65294.10,58.714000,543,27.906000,30.808000,65289.71,104399.89,0.00005747,0.000000,0.000000,0
2026-07-26 23:34:00,65294.20,65325.90,65294.10,65325.90,45.367000,490,27.806000,17.561000,65314.78,104389.94,0.00005738,0.000000,0.000000,0
2026-07-26 23:35:00,65325.90,65358.10,65325.80,65346.40,73.739000,597,54.510000,19.229000,65347.37,104390.00,0.00005778,0.000000,0.000000,0
2026-07-26 23:36:00,65346.40,65373.40,65346.30,65354.90,51.807000,545,30.270000,21.537000,65361.57,104373.40,0.00005850,0.000000,0.000000,0
2026-07-26 23:37:00,65354.90,65359.40,65346.40,65346.40,34.343000,301,12.564000,21.779000,65354.55,104383.99,0.00005850,0.000000,0.000000,0
2026-07-26 23:38:00,65346.40,65350.00,65332.20,65332.20,22.885000,291,9.089000,13.796000,65344.15,104389.39,0.00005891,0.000000,0.000000,0
2026-07-26 23:39:00,65332.20,65332.30,65301.60,65301.60,22.889000,367,3.158000,19.731000,65316.42,104390.22,0.00005907,0.000000,0.000000,0
2026-07-26 23:40:00,65301.60,65332.50,65301.60,65308.20,128.432000,566,97.249000,31.183000,65322.57,104388.50,0.00005907,0.000000,0.000000,0
2026-07-26 23:41:00,65308.20,65308.30,65308.20,65308.20,19.288000,141,11.595000,7.693000,65308.26,104429.37,0.00005891,0.000000,0.000000,0
2026-07-26 23:42:00,65308.20,65359.90,65308.20,65359.90,34.422000,611,26.317000,8.105000,65335.61,104423.94,0.00005854,0.000000,0.000000,0
2026-07-26 23:43:00,65359.80,65372.90,65359.80,65370.10,32.049000,262,25.336000,6.713000,65368.60,104421.39,0.00005868,0.000000,0.000000,0
2026-07-26 23:44:00,65370.20,65385.40,65358.70,65379.00,54.775000,455,27.693000,27.082000,65369.73,104405.62,0.00005868,0.000000,0.000000,0
2026-07-26 23:45:00,65379.00,65381.90,65371.60,65379.30,29.087000,284,15.848000,13.239000,65378.36,104395.49,0.00005898,0.000000,0.000000,0
2026-07-26 23:46:00,65379.40,65381.90,65360.00,65379.70,48.139000,593,28.029000,20.110000,65374.78,104386.53,0.00005933,0.000000,0.000000,0
2026-07-26 23:47:00,65379.80,65440.00,65379.70,65435.00,104.204000,799,74.146000,30.058000,65410.83,104386.07,0.00005933,0.169000,0.000000,0
2026-07-26 23:48:00,65435.00,65435.00,65370.00,65370.00,58.368000,724,18.044000,40.324000,65394.30,104394.80,0.00005950,0.000000,0.000000,0
2026-07-26 23:49:00,65370.10,65372.60,65361.10,65361.20,40.310000,270,19.978000,20.332000,65365.74,104395.26,0.00005999,0.000000,0.000000,0
2026-07-26 23:50:00,65361.30,65378.30,65352.90,65371.30,52.674000,555,31.958000,20.716000,65365.14,104399.88,0.00005999,0.000000,0.000000,0
2026-07-26 23:51:00,65371.30,65400.00,65371.30,65399.90,40.431000,478,24.620000,15.811000,65377.42,104395.46,0.00005997,0.000000,0.000000,0
2026-07-26 23:52:00,65399.90,65429.00,65399.90,65428.00,40.110000,529,28.909000,11.201000,65413.08,104392.58,0.00006025,0.000000,0.000000,0
2026-07-26 23:53:00,65427.90,65428.00,65407.70,65416.20,51.610000,468,27.103000,24.507000,65418.50,104393.53,0.00006083,0.000000,0.000000,0
2026-07-26 23:54:00,65416.20,65416.20,65395.00,65395.00,32.016000,437,8.813000,23.203000,65403.25,104381.41,0.00006083,0.000000,0.000000,0
2026-07-26 23:55:00,65395.00,65395.10,65371.90,65390.40,42.448000,424,13.979000,28.469000,65384.68,104378.24,0.00006098,0.000000,0.000000,0
2026-07-26 23:56:00,65390.40,65390.50,65330.00,65330.00,56.067000,612,2.419000,53.648000,65361.56,104366.01,0.00006107,0.000000,0.000000,0
2026-07-26 23:57:00,65330.10,65346.70,65319.20,65345.00,88.809000,531,51.071000,37.738000,65332.06,104371.95,0.00006107,0.000000,0.000000,0
2026-07-26 23:58:00,65345.10,65346.00,65333.30,65333.30,56.149000,302,6.410000,49.739000,65341.06,104369.79,0.00006110,0.000000,0.000000,0
2026-07-26 23:59:00,65333.30,65368.90,65328.20,65363.70,46.475000,523,27.347000,19.128000,65351.43,104396.36,0.00006136,0.000000,0.000000,0
