Timestamp,Open,High,Low,Close,Volume,AggTrades,BuyQty,SellQty,VWAP,OpenInterest,FundingRate,LiqBuyQty,LiqSellQty,IsSynthetic
2026-07-20 00:00:00,64700.00,64700.10,64694.70,64694.80,10.786000,185,2.449000,8.337000,64697.49,102392.02,0.00004902,0.000000,0.000000,0
2026-07-20 00:01:00,64694.70,64702.30,64635.20,64636.50,59.961000,1352,29.486000,30.475000,64657.89,102390.19,0.00004890,0.000000,0.000000,0
2026-07-20 00:02:00,64636.50,64636.60,64542.80,64542.80,140.095000,1880,54.075000,86.020000,64576.24,102375.19,0.00004820,0.000000,0.000000,0
2026-07-20 00:03:00,64542.90,64583.70,64534.60,64574.10,160.255000,1678,103.329000,56.926000,64554.86,102365.65,0.00004820,0.000000,0.015000,0
2026-07-20 00:04:00,64574.10,64586.10,64558.20,64569.90,82.343000,777,47.225000,35.118000,64569.63,102392.51,0.00004749,0.001000,0.000000,0
2026-07-20 00:05:00,64570.00,64609.30,64570.00,64609.20,56.422000,532,47.852000,8.570000,64588.08,102412.48,0.00004712,0.000000,0.000000,0
2026-07-20 00:06:00,64609.30,64685.80,64609.20,64685.80,65.019000,1230,56.126000,8.893000,64641.61,102422.78,0.00004712,0.000000,0.000000,0
2026-07-20 00:07:00,64685.70,64765.80,64685.70,64762.70,169.421000,1664,129.205000,40.216000,64735.96,102429.55,0.00004706,0.464000,0.000000,0
2026-07-20 00:08:00,64762.60,64845.00,64757.20,64774.20,318.134000,1977,212.209000,105.925000,64800.24,102425.67,0.00004797,0.303000,0.000000,0
2026-07-20 00:09:00,64774.20,64820.50,64762.50,64815.30,81.518000,1077,60.193000,21.325000,64798.28,102397.91,0.00004797,15.160000,0.556000,0
2026-07-20 00:10:00,64815.30,64815.30,64790.00,64790.00,48.605000,708,15.872000,32.733000,64801.01,102393.00,0.00004850,0.033000,0.000000,0
2026-07-20 00:11:00,64790.10,64886.00,64790.00,64877.00,233.840000,2373,140.588000,93.252000,64853.12,102401.03,0.00004837,1.061000,0.000000,0
2026-07-20 00:12:00,64876.90,64922.10,64858.60,64913.60,550.355000,2788,264.016000,286.339000,64899.26,102369.43,0.00004854,5.241000,0.000000,0
2026-07-20 00:13:00,64913.50,64955.00,64877.70,64904.00,537.752000,2210,348.901000,188.851000,64929.23,102344.01,0.00004854,1.402000,0.000000,0
2026-07-20 00:14:00,64903.90,65031.90,64903.90,65009.60,1255.526000,3634,1067.276000,188.250000,64988.53,102361.52,0.00004905,2.818000,0.000000,0
2026-07-20 00:15:00,65009.50,65039.80,64995.70,64995.80,312.239000,1946,171.176000,141.063000,65022.41,101887.54,0.00005005,4.377000,0.000000,0
2026-07-20 00:16:00,64995.70,65035.10,64983.20,65026.00,298.675000,1810,182.995000,115.680000,65019.62,101905.67,0.00005005,0.029000,0.000000,0
2026-07-20 00:17:00,65026.00,65084.60,65022.00,65028.00,347.579000,2611,227.689000,119.890000,65057.45,101883.07,0.00005067,2.248000,0.000000,0
2026-07-20 00:18:00,65027.90,65061.10,64971.70,65033.00,262.203000,2137,85.396000,176.807000,65023.13,101920.42,0.00005139,0.000000,0.000000,0
2026-07-20 00:19:00,65032.90,65042.60,64969.10,64980.80,116.849000,1273,54.153000,62.696000,65011.12,101927.20,0.00005139,0.000000,0.000000,0
2026-07-20 00:20:00,64980.90,65024.50,64980.80,65024.50,67.853000,743,31.752000,36.101000,65000.39,101932.33,0.00005191,0.000000,0.000000,0
2026-07-20 00:21:00,65024.40,65024.50,64896.60,64896.60,204.989000,2069,50.456000,154.533000,64943.84,101951.37,0.00005185,0.000000,0.000000,0
2026-07-20 00:22:00,64896.70,64896.70,64847.30,64855.90,239.807000,2100,72.379000,167.428000,64873.52,101927.48,0.00005152,0.000000,0.219000,0
2026-07-20 00:23:00,64855.80,64855.80,64769.10,64779.10,222.240000,1587,64.637000,157.603000,64807.52,101916.65,0.00005152,0.000000,0.272000,0
2026-07-20 00:24:00,64779.10,64854.30,64779.00,64854.30,100.124000,1068,74.917000,25.207000,64818.02,101872.73,0.00005018,0.000000,0.000000,0
2026-07-20 00:25:00,64854.20,64894.70,64849.90,64891.90,111.068000,1047,68.707000,42.361000,64871.27,101873.25,0.00004952,0.000000,0.000000,0
2026-07-20 00:26:00,64891.90,64892.00,64837.00,64837.10,95.509000,1193,36.320000,59.189000,64862.22,101886.11,0.00004952,0.000000,0.000000,0
2026-07-20 00:27:00,64837.00,64866.20,64819.80,64819.80,58.032000,867,16.844000,41.188000,64836.71,101895.51,0.00005012,0.000000,0.000000,0
2026-07-20 00:28:00,64819.70,64865.50,64819.70,64865.50,75.324000,840,51.066000,24.258000,64841.75,101886.37,0.00005008,0.000000,0.000000,0
2026-07-20 00:29:00,64865.50,64896.70,64865.40,64879.90,84.561000,702,48.448000,36.113000,64884.14,101882.88,0.00005011,0.000000,0.000000,0
2026-07-20 00:30:00,64880.00,64880.00,64843.50,64843.80,33.442000,617,13.024000,20.418000,64857.73,101878.04,0.00005011,0.000000,0.000000,0
2026-07-20 00:31:00,64843.80,64850.00,64794.00,64794.10,156.275000,1088,46.315000,109.960000,64810.25,101891.68,0.00005021,0.000000,0.000000,0
2026-07-20 00:32:00,64794.10,64808.20,64784.00,64790.00,85.518000,874,44.982000,40.536000,64795.52,101902.69,0.00004950,0.000000,0.012000,0
2026-07-20 00:33:00,64790.00,64800.00,64761.00,64795.60,108.590000,809,58.501000,50.089000,64775.89,101922.76,0.00004950,0.000000,0.000000,0
2026-07-20 00:34:00,64795.60,64810.00,64764.30,64764.40,29.805000,575,13.948000,15.857000,64789.67,101928.29,0.00004800,0.000000,0.023000,0
2026-07-20 00:35:00,64764.30,64788.50,64757.40,64764.30,52.765000,941,35.647000,17.118000,64765.11,101929.87,0.00004757,0.000000,0.000000,0
2026-07-20 00:36:00,64764.40,64806.20,64756.50,64800.20,55.225000,648,32.463000,22.762000,64781.96,101926.85,0.00004757,0.000000,0.000000,0
2026-07-20 00:37:00,64800.20,64827.20,64780.80,64827.20,75.394000,741,27.599000,47.795000,64803.02,101913.42,0.00004690,0.000000,0.000000,0
2026-07-20 00:38:00,64827.20,64827.20,64788.00,64814.90,158.130000,1071,27.888000,130.242000,64808.69,101901.44,0.00004667,0.000000,0.000000,0
2026-07-20 00:39:00,64814.90,64897.70,64814.80,64896.20,104.631000,974,92.535000,12.096000,64854.38,101875.70,0.00004665,0.000000,0.000000,0
2026-07-20 00:40:00,64896.20,64911.80,64867.40,64867.40,52.723000,759,29.564000,23.159000,64899.95,101874.66,0.00004665,0.000000,0.000000,0
2026-07-20 00:41:00,64867.30,64878.90,64853.20,64854.40,64.165000,819,29.550000,34.615000,64869.21,101878.46,0.00004727,0.000000,0.000000,0
2026-07-20 00:42:00,64854.40,64894.00,64841.80,64871.20,54.557000,966,33.442000,21.115000,64867.79,101885.90,0.00004665,0.000000,0.000000,0
2026-07-20 00:43:00,64871.10,64901.60,64849.40,64856.30,75.284000,1122,53.099000,22.185000,64879.37,101891.97,0.00004665,0.000000,0.000000,0
2026-07-20 00:44:00,64856.30,64856.30,64809.00,64826.20,35.825000,772,12.228000,23.597000,64830.73,101895.49,0.00004625,0.000000,0.000000,0
2026-07-20 00:45:00,64826.10,64826.20,64785.50,64785.60,30.614000,457,4.832000,25.782000,64801.29,101886.07,0.00004596,0.000000,0.000000,0
2026-07-20 00:46:00,64785.50,64785.60,64745.10,64758.00,125.434000,1097,33.472000,91.962000,64764.79,101926.82,0.00004596,0.000000,0.000000,0
2026-07-20 00:47:00,64758.10,64766.80,64741.10,64758.70,48.283000,867,26.919000,21.364000,64754.77,101929.75,0.00004488,0.000000,0.000000,0
2026-07-20 00:48:00,64758.70,64776.00,64725.40,64728.10,51.080000,942,16.468000,34.612000,64744.47,101930.54,0.00004461,0.000000,0.029000,0
2026-07-20 00:49:00,64728.20,64728.30,64699.90,64705.10,73.941000,784,19.858000,54.083000,64708.72,101928.28,0.00004413,0.000000,0.060000,0
2026-07-20 00:50:00,64705.10,64705.10,64600.00,64640.40,317.136000,2082,86.167000,230.969000,64646.92,101910.41,0.00004413,0.000000,0.677000,0
2026-07-20 00:51:00,64640.50,64644.30,64595.00,64595.10,112.083000,1428,35.017000,77.066000,64618.10,101914.08,0.00004332,0.000000,0.000000,0
2026-07-20 00:52:00,64595.10,64595.10,64478.80,64506.20,403.005000,2745,138.140000,264.865000,64535.77,101900.27,0.00004234,0.000000,1.686000,0
2026-07-20 00:53:00,64506.30,64506.30,64380.00,64463.60,509.331000,4019,195.803000,313.528000,64440.67,101918.56,0.00004234,0.000000,0.740000,0
2026-07-20 00:54:00,64463.70,64520.00,64463.60,64507.80,153.597000,1293,93.700000,59.897000,64492.25,101909.02,0.00004132,0.000000,0.000000,0
2026-07-20 00:55:00,64507.80,64558.60,64499.00,64557.70,276.189000,1766,188.264000,87.925000,64532.77,101806.53,0.00004046,0.000000,0.000000,0
2026-07-20 00:56:00,64557.70,64565.00,64531.80,64541.10,67.580000,816,43.423000,24.157000,64547.75,101800.11,0.00004038,0.000000,0.000000,0
2026-07-20 00:57:00,64541.10,64553.60,64530.90,64540.00,67.034000,610,22.919000,44.115000,64537.99,101801.86,0.00004038,0.000000,0.000000,0
2026-07-20 00:58:00,64540.00,64554.80,64529.40,64553.30,44.620000,659,28.005000,16.615000,64545.59,101800.92,0.00004018,0.000000,0.000000,0
2026-07-20 00:59:00,64553.30,64553.30,64507.30,64534.30,43.836000,862,19.978000,23.858000,64526.90,101804.54,0.00003994,0.000000,0.000000,0
2026-07-20 01:00:00,64534.40,64541.60,64521.70,64526.00,21.453000,478,11.719000,9.734000,64527.51,101806.15,0.00003994,0.000000,0.000000,0
2026-07-20 01:01:00,64526.00,64549.90,64518.10,64543.50,51.383000,1643,22.147000,29.236000,64534.37,101803.84,0.00003965,0.000000,0.000000,0
2026-07-20 01:02:00,64543.50,64565.30,64500.00,64518.20,69.356000,1397,35.533000,33.823000,64534.52,101802.43,0.00003946,0.000000,0.000000,0
2026-07-20 01:03:00,64518.20,64523.90,64473.00,64511.70,71.742000,1211,30.264000,41.478000,64498.22,101801.34,0.00003946,0.000000,0.000000,0
2026-07-20 01:04:00,64511.60,64564.80,64509.00,64551.10,53.788000,1108,34.045000,19.743000,64543.18,101803.46,0.00003957,0.000000,0.000000,0
2026-07-20 01:05:00,64551.00,64579.80,64541.00,64579.70,45.560000,767,33.831000,11.729000,64555.15,101811.19,0.00003942,0.000000,0.000000,0
2026-07-20 01:06:00,64579.80,64639.70,64575.20,64639.70,124.398000,1385,104.545000,19.853000,64595.33,101774.66,0.00003947,0.000000,0.000000,0
2026-07-20 01:07:00,64639.70,64676.90,64631.80,64653.70,129.833000,1190,98.371000,31.462000,64661.20,101722.62,0.00003947,1.670000,0.002000,0
2026-07-20 01:08:00,64653.70,64746.50,64653.70,64746.50,200.060000,1287,149.842000,50.218000,64716.80,101693.94,0.00004032,0.887000,0.000000,0
2026-07-20 01:09:00,64746.40,64792.60,64746.40,64792.50,136.420000,1425,80.947000,55.473000,64769.76,101703.16,0.00004097,0.026000,0.000000,0
2026-07-20 01:10:00,64792.50,64986.00,64792.40,64969.80,544.523000,3192,396.035000,148.488000,64905.69,101704.74,0.00004097,4.580000,0.000000,0
2026-07-20 01:11:00,64969.90,65011.00,64891.50,64908.30,518.931000,3675,201.943000,316.988000,64966.43,101748.52,0.00004174,1.795000,0.000000,0
2026-07-20 01:12:00,64908.40,64911.10,64822.50,64833.40,277.421000,1991,57.174000,220.247000,64853.67,101702.07,0.00004330,0.000000,0.000000,0
2026-07-20 01:13:00,64833.40,64833.40,64802.00,64817.20,115.806000,1104,41.488000,74.318000,64817.50,101716.94,0.00004244,0.000000,0.000000,0
2026-07-20 01:14:00,64817.20,64817.20,64775.00,64775.00,71.366000,942,25.031000,46.335000,64794.40,101716.50,0.00004244,0.000000,0.000000,0
2026-07-20 01:15:00,64775.00,64807.50,64775.00,64775.10,38.462000,857,21.062000,17.400000,64792.39,101720.49,0.00004126,0.000000,0.000000,0
2026-07-20 01:16:00,64775.10,64802.00,64745.80,64788.80,95.181000,1534,47.608000,47.573000,64776.15,101716.03,0.00004117,0.000000,0.000000,0
2026-07-20 01:17:00,64788.90,64811.50,64763.20,64779.00,42.163000,1179,16.288000,25.875000,64780.84,101719.56,0.00004117,0.000000,0.000000,0
2026-07-20 01:18:00,64779.10,64810.00,64758.90,64758.90,38.854000,1401,24.189000,14.665000,64784.94,101720.10,0.00004077,0.000000,0.000000,0
2026-07-20 01:19:00,64758.90,64758.90,64672.70,64716.80,145.854000,1474,50.223000,95.631000,64714.67,101752.05,0.00004088,0.000000,0.000000,0
2026-07-20 01:20:00,64716.80,64747.30,64673.00,64681.30,71.165000,1335,36.019000,35.146000,64706.41,101756.98,0.00003994,0.000000,0.000000,0
2026-07-20 01:21:00,64681.40,64696.10,64657.00,64696.10,83.205000,1026,40.854000,42.351000,64672.38,101755.05,0.00003994,0.000000,0.000000,0
2026-07-20 01:22:00,64696.00,64725.20,64657.10,64676.70,52.881000,1468,34.041000,18.840000,64688.05,101744.15,0.00003943,0.000000,0.000000,0
2026-07-20 01:23:00,64676.80,64725.60,64676.80,64724.10,49.369000,775,33.334000,16.035000,64716.13,101739.29,0.00003902,0.000000,0.000000,0
2026-07-20 01:24:00,64724.00,64813.10,64724.00,64788.20,71.781000,1128,48.365000,23.416000,64775.17,101743.17,0.00003902,0.000000,0.000000,0
2026-07-20 01:25:00,64788.20,64890.00,64785.10,64836.70,116.068000,1600,82.546000,33.522000,64854.56,101759.59,0.00003965,0.015000,0.000000,0
2026-07-20 01:26:00,64836.70,64869.20,64817.10,64869.20,73.001000,1348,29.963000,43.038000,64846.91,101768.71,0.00004082,0.000000,0.000000,0
2026-07-20 01:27:00,64869.40,64911.00,64862.40,64895.60,60.873000,1150,30.949000,29.924000,64886.11,101780.93,0.00004082,0.001000,0.000000,0
2026-07-20 01:28:00,64895.70,64923.60,64878.20,64886.90,79.192000,1495,23.686000,55.506000,64904.45,101796.95,0.00004106,0.000000,0.000000,0
2026-07-20 01:29:00,64887.00,64890.10,64839.30,64843.20,41.783000,722,9.835000,31.948000,64868.02,101799.47,0.00004195,0.000000,0.000000,0
2026-07-20 01:30:00,64843.40,64847.60,64812.90,64820.70,36.719000,601,18.752000,17.967000,64831.81,101805.81,0.00004165,0.000000,0.000000,0
2026-07-20 01:31:00,64820.70,64844.70,64800.20,64844.70,48.019000,1096,30.409000,17.610000,64818.19,101815.53,0.00004165,0.000000,0.000000,0
2026-07-20 01:32:00,64844.70,64857.40,64822.50,64853.20,49.995000,1013,16.998000,32.997000,64841.40,101817.77,0.00004098,0.000000,0.000000,0
2026-07-20 01:33:00,64853.10,64853.10,64808.70,64838.70,33.191000,1146,12.333000,20.858000,64830.68,101829.70,0.00004096,0.001000,0.000000,0
2026-07-20 01:34:00,64838.70,64850.80,64819.40,64819.40,38.577000,922,26.220000,12.357000,64825.26,101847.07,0.00004096,0.000000,0.024000,0
2026-07-20 01:35:00,64819.40,64873.60,64818.10,64841.70,49.501000,933,24.114000,25.387000,64851.54,101854.79,0.00004114,0.000000,0.000000,0
2026-07-20 01:36:00,64841.60,64862.40,64806.00,64807.10,44.785000,960,21.402000,23.383000,64835.24,101862.36,0.00004116,0.000000,0.000000,0
2026-07-20 01:37:00,64807.20,64848.00,64800.00,64828.90,30.601000,1027,11.459000,19.142000,64828.33,101860.64,0.00004091,0.000000,0.000000,0
2026-07-20 01:38:00,64828.90,64880.60,64827.30,64880.50,33.427000,670,26.708000,6.719000,64860.52,101856.82,0.00004091,0.000000,0.000000,0
2026-07-20 01:39:00,64880.60,64903.80,64853.10,64862.80,54.072000,1129,32.002000,22.070000,64879.13,101859.29,0.00004074,0.000000,0.000000,0
2026-07-20 01:40:00,64862.90,64871.60,64840.10,64857.60,44.999000,1159,26.731000,18.268000,64858.67,101862.51,0.00004110,0.000000,0.000000,0
2026-07-20 01:41:00,64857.60,64869.80,64847.30,64851.20,12.295000,407,3.509000,8.786000,64860.46,101863.91,0.00004110,0.000000,0.000000,0
2026-07-20 01:42:00,64851.20,64855.30,64838.40,64838.40,18.354000,391,6.986000,11.368000,64849.01,101867.20,0.00004125,0.000000,0.000000,0
2026-07-20 01:43:00,64838.50,64838.50,64749.80,64750.80,60.589000,1150,13.691000,46.898000,64774.31,101853.73,0.00004114,0.000000,0.000000,0
2026-07-20 01:44:00,64750.90,64750.90,64668.80,64686.70,118.289000,1151,46.441000,71.848000,64699.56,101834.56,0.00004114,0.000000,0.044000,0
2026-07-20 01:45:00,64686.80,64742.50,64668.80,64736.80,45.393000,947,32.769000,12.624000,64709.27,101837.25,0.00004032,0.000000,0.000000,0
2026-07-20 01:46:00,64736.70,64754.70,64679.10,64709.30,57.273000,1227,19.520000,37.753000,64718.07,101840.01,0.00003968,0.000000,0.000000,0
2026-07-20 01:47:00,64709.30,64738.00,64695.00,64695.10,29.298000,803,10.813000,18.485000,64714.51,101846.80,0.00004025,0.000000,0.000000,0
2026-07-20 01:48:00,64695.00,64713.30,64691.80,64703.40,22.670000,358,18.024000,4.646000,64701.51,101845.15,0.00004025,0.000000,0.000000,0
2026-07-20 01:49:00,64703.30,64738.00,64703.30,64736.80,32.737000,667,27.070000,5.667000,64719.86,101835.53,0.00004039,0.000000,0.000000,0
2026-07-20 01:50:00,64736.80,64749.30,64732.80,64738.20,16.796000,450,6.649000,10.147000,64740.60,101830.87,0.00004055,0.000000,0.000000,0
2026-07-20 01:51:00,64738.10,64738.20,64668.80,64668.90,26.744000,587,5.771000,20.973000,64699.53,101832.61,0.00004055,0.000000,0.000000,0
2026-07-20 01:52:00,64668.80,64668.90,64580.80,64580.80,128.440000,1118,34.396000,94.044000,64629.01,101833.55,0.00004115,0.000000,0.213000,0
2026-07-20 01:53:00,64580.90,64587.10,64540.00,64541.10,164.503000,1473,65.092000,99.411000,64561.74,101810.10,0.00003968,0.000000,0.340000,0
2026-07-20 01:54:00,64541.10,64545.50,64513.60,64536.70,109.428000,873,67.409000,42.019000,64533.58,101809.29,0.00003768,0.000000,0.072000,0
2026-07-20 01:55:00,64536.70,64536.80,64487.90,64494.80,177.542000,871,61.331000,116.211000,64506.55,101795.79,0.00003768,0.000000,0.005000,0
2026-07-20 01:56:00,64494.70,64504.30,64478.40,64480.40,167.076000,854,80.222000,86.854000,64493.35,101782.69,0.00003640,0.000000,0.003000,0
2026-07-20 01:57:00,64480.40,64525.10,64470.00,64501.50,139.915000,1240,82.587000,57.328000,64500.34,101782.69,0.00003461,0.001000,0.050000,0
2026-07-20 01:58:00,64501.60,64557.40,64501.60,64557.40,56.874000,655,46.823000,10.051000,64532.60,101764.60,0.00003461,0.000000,0.000000,0
2026-07-20 01:59:00,64557.50,64585.30,64557.40,64577.40,56.362000,537,47.743000,8.619000,64573.62,101759.79,0.00003397,0.000000,0.000000,0
2026-07-20 02:00:00,64577.50,64608.30,64577.40,64594.70,103.029000,888,53.187000,49.842000,64600.24,101755.65,0.00003478,0.001000,0.000000,0
2026-07-20 02:01:00,64594.70,64686.60,64588.80,64681.60,128.028000,1055,115.405000,12.623000,64642.09,101763.70,0.00003478,0.000000,0.000000,0
2026-07-20 02:02:00,64681.60,64732.90,64681.60,64727.70,119.737000,1535,88.699000,31.038000,64711.38,101739.97,0.00003537,0.022000,0.000000,0
2026-07-20 02:03:00,64727.60,64871.00,64722.50,64871.00,192.225000,1910,148.594000,43.631000,64805.46,101750.17,0.00003601,0.056000,0.000000,0
2026-07-20 02:04:00,64871.00,64884.20,64787.40,64799.60,261.690000,2106,75.914000,185.776000,64831.52,101749.28,0.00003696,0.171000,0.000000,0
2026-07-20 02:05:00,64799.70,64910.00,64799.70,64889.30,182.622000,1718,105.712000,76.910000,64870.87,101676.67,0.00003696,0.634000,0.000000,0
2026-07-20 02:06:00,64889.30,64920.00,64854.80,64855.60,205.458000,1830,77.813000,127.645000,64886.80,101673.10,0.00003709,0.000000,0.000000,0
2026-07-20 02:07:00,64855.50,64875.40,64843.80,64867.90,67.418000,1175,31.771000,35.647000,64859.99,101683.86,0.00003786,0.000000,0.000000,0
2026-07-20 02:08:00,64868.00,64887.40,64859.90,64872.30,92.840000,1120,33.220000,59.620000,64880.91,101702.76,0.00003786,0.000000,0.000000,0
2026-07-20 02:09:00,64872.20,64872.20,64823.50,64827.30,73.103000,936,21.114000,51.989000,64839.09,101757.36,0.00003766,0.000000,0.000000,0
2026-07-20 02:10:00,64827.30,64893.00,64827.30,64891.90,71.366000,1115,30.710000,40.656000,64868.64,101765.65,0.00003774,0.000000,0.000000,0
2026-07-20 02:11:00,64892.00,64899.50,64821.90,64866.40,101.442000,1059,42.557000,58.885000,64871.89,101786.41,0.00003801,0.000000,0.000000,0
2026-07-20 02:12:00,64866.40,64866.40,64835.80,64837.10,40.767000,773,14.631000,26.136000,64850.38,101809.90,0.00003801,0.000000,0.000000,0
2026-07-20 02:13:00,64837.00,64879.70,64837.00,64862.10,51.054000,567,22.719000,28.335000,64858.61,101815.35,0.00003784,0.000000,0.000000,0
2026-07-20 02:14:00,64862.00,64862.10,64836.80,64836.80,37.518000,273,4.162000,33.356000,64848.02,101816.12,0.00003763,0.000000,0.000000,0
2026-07-20 02:15:00,64836.90,64836.90,64794.50,64794.50,74.767000,773,31.265000,43.502000,64813.69,101814.67,0.00003763,0.000000,0.000000,0
2026-07-20 02:16:00,64794.50,64804.60,64729.00,64768.30,92.435000,1052,27.141000,65.294000,64766.04,101815.67,0.00003724,0.000000,0.000000,0
2026-07-20 02:17:00,64768.30,64790.50,64733.30,64790.50,53.687000,1037,27.505000,26.182000,64751.50,101821.47,0.00003683,0.000000,0.000000,0
2026-07-20 02:18:00,64790.60,64799.20,64740.00,64747.50,39.134000,1248,20.651000,18.483000,64763.99,101827.68,0.00003683,0.000000,0.000000,0
2026-07-20 02:19:00,64747.50,64747.50,64706.00,64706.00,52.021000,783,25.190000,26.831000,64722.44,101825.35,0.00003656,0.008000,0.025000,0
2026-07-20 02:20:00,64706.10,64706.10,64612.90,64620.30,134.289000,1353,58.850000,75.439000,64654.44,101824.39,0.00003644,0.310000,0.962000,0
2026-07-20 02:21:00,64620.40,64620.40,64551.60,64598.80,246.882000,2247,127.201000,119.681000,64579.77,101837.68,0.00003571,0.000000,0.000000,0
2026-07-20 02:22:00,64598.70,64614.20,64572.20,64614.20,94.574000,1524,54.891000,39.683000,64594.60,101830.74,0.00003571,0.190000,0.000000,0
2026-07-20 02:23:00,64614.10,64662.60,64610.10,64651.00,148.287000,1123,129.606000,18.681000,64648.29,101828.89,0.00003430,0.000000,0.000000,0
2026-07-20 02:24:00,64650.90,64671.80,64626.00,64626.10,43.882000,770,16.958000,26.924000,64658.49,101833.49,0.00003448,0.000000,0.000000,0
2026-07-20 02:25:00,64626.00,64652.70,64626.00,64650.60,33.089000,678,21.384000,11.705000,64640.24,101823.73,0.00003448,0.000000,0.000000,0
2026-07-20 02:26:00,64650.60,64671.80,64631.70,64657.50,46.961000,780,31.042000,15.919000,64654.51,101834.37,0.00003457,0.000000,0.000000,0
2026-07-20 02:27:00,64657.40,64683.70,64623.00,64634.30,128.769000,1512,67.786000,60.983000,64653.66,101830.74,0.00003496,0.000000,0.000000,0
2026-07-20 02:28:00,64634.20,64639.90,64611.10,64639.90,31.840000,510,14.331000,17.509000,64623.65,101810.21,0.00003469,0.000000,0.000000,0
2026-07-20 02:29:00,64640.00,64677.10,64640.00,64662.40,51.271000,760,33.499000,17.772000,64662.15,101809.12,0.00003469,0.000000,0.000000,0
2026-07-20 02:30:00,64662.30,64677.10,64637.30,64637.30,46.757000,473,4.810000,41.947000,64663.44,101827.28,0.00003447,0.000000,0.000000,0
2026-07-20 02:31:00,64637.30,64692.20,64626.10,64692.20,42.525000,1044,30.755000,11.770000,64655.27,101843.07,0.00003457,0.000000,0.000000,0
2026-07-20 02:32:00,64692.30,64717.10,64653.70,64700.00,87.017000,1406,25.636000,61.381000,64687.98,101835.63,0.00003457,0.000000,0.000000,0
2026-07-20 02:33:00,64700.00,64789.30,64695.90,64789.30,70.601000,907,51.777000,18.824000,64749.39,101827.44,0.00003479,0.000000,0.000000,0
2026-07-20 02:34:00,64789.40,64836.30,64756.00,64756.10,149.118000,1443,61.344000,87.774000,64809.40,101820.72,0.00003503,0.118000,0.000000,0
2026-07-20 02:35:00,64756.00,64756.00,64725.00,64743.80,33.358000,820,7.896000,25.462000,64745.25,101831.29,0.00003594,0.000000,0.000000,0
2026-07-20 02:36:00,64743.70,64772.60,64736.40,64750.60,29.712000,836,10.620000,19.092000,64754.52,101827.51,0.00003594,0.000000,0.000000,0
2026-07-20 02:37:00,64750.60,64794.10,64750.60,64779.20,25.080000,646,12.269000,12.811000,64775.69,101823.89,0.00003590,0.000000,0.000000,0
2026-07-20 02:38:00,64779.10,64791.60,64690.00,64693.90,51.922000,1134,11.473000,40.449000,64739.18,101818.98,0.00003618,0.000000,0.000000,0
2026-07-20 02:39:00,64693.90,64741.70,64693.90,64719.90,32.048000,1022,16.577000,15.471000,64725.98,101823.25,0.00003618,0.000000,0.000000,0
2026-07-20 02:40:00,64719.80,64728.00,64709.20,64710.30,16.439000,550,7.112000,9.327000,64719.17,101820.14,0.00003579,0.000000,0.000000,0
2026-07-20 02:41:00,64710.40,64756.80,64696.70,64756.80,24.914000,747,14.711000,10.203000,64711.95,101822.30,0.00003510,0.000000,0.000000,0
2026-07-20 02:42:00,64756.70,64779.80,64756.70,64771.10,25.297000,517,11.488000,13.809000,64771.23,101826.79,0.00003510,0.823000,0.023000,0
2026-07-20 02:43:00,64771.20,64850.00,64771.10,64843.90,96.505000,1159,68.755000,27.750000,64810.42,101822.59,0.00003471,0.000000,0.000000,0
2026-07-20 02:44:00,64843.90,64864.20,64823.60,64829.50,103.595000,848,40.127000,63.468000,64843.29,101798.26,0.00003536,0.016000,0.000000,0
2026-07-20 02:45:00,64829.50,64849.30,64800.70,64801.70,59.562000,702,20.431000,39.131000,64826.81,101798.06,0.00003575,0.000000,0.000000,0
2026-07-20 02:46:00,64801.80,64851.80,64801.80,64843.30,50.657000,708,32.586000,18.071000,64832.67,101809.94,0.00003575,0.000000,0.000000,0
2026-07-20 02:47:00,64843.20,64857.60,64832.40,64853.30,39.863000,619,17.987000,21.876000,64848.33,101812.67,0.00003545,0.005000,0.000000,0
2026-07-20 02:48:00,64853.40,64873.00,64828.70,64873.00,76.657000,849,37.337000,39.320000,64843.00,101819.87,0.00003570,0.000000,0.000000,0
2026-07-20 02:49:00,64872.90,64940.00,64872.90,64924.80,365.198000,2132,220.517000,144.681000,64903.53,101802.41,0.00003570,0.154000,0.000000,0
2026-07-20 02:50:00,64924.80,64926.60,64876.80,64886.70,105.542000,1037,27.071000,78.471000,64899.95,101853.02,0.00003590,0.000000,0.000000,0
2026-07-20 02:51:00,64886.70,64904.00,64840.40,64844.20,62.484000,846,15.956000,46.528000,64873.88,101872.32,0.00003632,0.000000,0.000000,0
2026-07-20 02:52:00,64844.20,64850.30,64820.90,64828.80,48.868000,616,16.405000,32.463000,64832.77,101887.16,0.00003596,0.000000,0.000000,0
2026-07-20 02:53:00,64828.80,64861.30,64828.70,64858.10,42.961000,692,24.348000,18.613000,64848.05,101893.59,0.00003596,0.000000,0.000000,0
2026-07-20 02:54:00,64858.10,64880.00,64858.10,64858.10,21.812000,426,8.721000,13.091000,64872.41,101914.36,0.00003558,0.000000,0.000000,0
2026-07-20 02:55:00,64858.10,64858.20,64806.00,64844.50,45.197000,858,16.713000,28.484000,64829.10,101920.40,0.00003619,0.000000,0.000000,0
2026-07-20 02:56:00,64844.50,64848.00,64815.60,64815.90,31.759000,578,10.760000,20.999000,64833.36,101924.73,0.00003619,0.000000,0.000000,0
2026-07-20 02:57:00,64815.60,64868.20,64807.30,64850.50,32.369000,768,14.129000,18.240000,64836.03,101913.92,0.00003612,0.000000,0.000000,0
2026-07-20 02:58:00,64850.60,64850.60,64800.10,64800.10,31.144000,648,8.185000,22.959000,64824.57,101915.14,0.00003612,0.000000,0.000000,0
2026-07-20 02:59:00,64800.20,64800.20,64800.10,64800.10,10.217000,117,2.475000,7.742000,64800.12,101913.06,0.00003610,0.000000,0.000000,0
2026-07-20 03:00:00,64800.20,64800.20,64800.10,64800.10,5.497000,88,1.456000,4.041000,64800.13,101908.50,0.00003610,0.000000,0.000000,0
2026-07-20 03:01:00,64800.10,64838.40,64800.10,64838.40,24.590000,460,18.071000,6.519000,64809.56,101908.56,0.00003591,0.000000,0.000000,0
2026-07-20 03:02:00,64838.40,64850.00,64817.40,64835.20,26.133000,789,11.826000,14.307000,64836.52,101917.22,0.00003619,0.000000,0.000000,0
2026-07-20 03:03:00,64835.10,64841.30,64796.60,64819.90,37.503000,751,15.507000,21.996000,64810.41,101914.59,0.00003619,0.000000,0.000000,0
2026-07-20 03:04:00,64820.00,64860.10,64811.30,64860.10,32.342000,645,16.234000,16.108000,64839.20,101922.03,0.00003675,0.000000,0.000000,0
2026-07-20 03:05:00,64860.10,64860.10,64834.00,64849.10,22.378000,513,13.257000,9.121000,64843.42,101918.25,0.00003680,0.000000,0.000000,0
2026-07-20 03:06:00,64849.20,64852.40,64792.40,64800.00,74.102000,809,33.574000,40.528000,64830.81,101921.49,0.00003680,0.000000,0.000000,0
2026-07-20 03:07:00,64799.90,64804.50,64777.00,64777.10,20.925000,517,5.098000,15.827000,64788.41,101928.32,0.00003749,0.000000,0.000000,0
2026-07-20 03:08:00,64777.00,64787.30,64761.60,64773.90,35.010000,608,8.804000,26.206000,64773.29,101924.59,0.00003748,0.000000,0.000000,0
2026-07-20 03:09:00,64774.00,64786.40,64765.90,64765.90,20.294000,328,13.957000,6.337000,64772.51,101912.49,0.00003716,0.000000,0.000000,0
2026-07-20 03:10:00,64766.00,64800.00,64766.00,64783.10,24.389000,567,17.472000,6.917000,64777.06,101908.65,0.00003716,0.000000,0.000000,0
2026-07-20 03:11:00,64783.10,64800.00,64781.80,64785.20,18.680000,575,11.990000,6.690000,64790.68,101908.01,0.00003696,0.000000,0.000000,0
2026-07-20 03:12:00,64785.30,64785.30,64742.90,64759.70,44.644000,702,16.458000,28.186000,64758.00,101909.65,0.00003733,0.000000,0.000000,0
2026-07-20 03:13:00,64759.70,64778.70,64754.60,64778.70,14.808000,398,9.501000,5.307000,64760.98,101911.25,0.00003733,0.000000,0.000000,0
2026-07-20 03:14:00,64778.90,64824.80,64778.80,64809.60,31.294000,508,26.549000,4.745000,64807.82,101912.07,0.00003731,0.000000,0.000000,0
2026-07-20 03:15:00,64809.60,64827.70,64800.00,64813.00,24.851000,630,15.951000,8.900000,64817.07,101907.45,0.00003767,0.000000,0.000000,0
2026-07-20 03:16:00,64813.00,64834.70,64773.00,64834.60,27.203000,778,18.042000,9.161000,64804.57,101902.72,0.00003789,0.000000,0.000000,0
2026-07-20 03:17:00,64834.70,64860.10,64819.70,64849.90,28.006000,786,19.489000,8.517000,64841.49,101896.81,0.00003789,0.000000,0.000000,0
2026-07-20 03:18:00,64850.00,64850.10,64813.30,64819.60,12.659000,399,5.860000,6.799000,64835.90,101899.17,0.00003797,0.000000,0.000000,0
2026-07-20 03:19:00,64819.60,64825.20,64761.10,64780.70,42.749000,863,10.132000,32.617000,64785.26,101902.30,0.00003799,0.000000,0.000000,0
2026-07-20 03:20:00,64780.70,64785.60,64758.60,64758.60,15.495000,310,7.352000,8.143000,64770.14,101901.84,0.00003799,0.000000,0.000000,0
2026-07-20 03:21:00,64758.70,64758.70,64725.00,64733.60,42.379000,477,17.253000,25.126000,64735.81,101906.00,0.00003792,0.000000,0.000000,0
2026-07-20 03:22:00,64733.70,64750.00,64725.50,64730.40,22.235000,472,7.391000,14.844000,64733.06,101895.62,0.00003726,0.000000,0.000000,0
2026-07-20 03:23:00,64730.40,64734.50,64711.00,64711.10,27.994000,406,18.527000,9.467000,64716.68,101893.17,0.00003726,0.000000,0.004000,0
2026-07-20 03:24:00,64711.00,64711.10,64636.60,64636.60,135.587000,1126,52.031000,83.556000,64664.71,101868.76,0.00003718,0.000000,0.074000,0
2026-07-20 03:25:00,64636.50,64720.00,64633.90,64689.40,134.292000,1311,89.957000,44.335000,64678.02,101855.71,0.00003661,0.000000,0.015000,0
2026-07-20 03:26:00,64689.40,64689.40,64652.30,64682.00,91.833000,794,42.673000,49.160000,64667.40,101863.60,0.00003626,0.000000,0.018000,0
2026-07-20 03:27:00,64682.10,64682.10,64640.30,64640.30,31.668000,447,10.073000,21.595000,64664.66,101863.18,0.00003626,0.000000,0.000000,0
2026-07-20 03:28:00,64640.10,64640.10,64610.20,64631.80,92.385000,933,51.225000,41.160000,64621.63,101850.36,0.00003587,0.000000,0.000000,0
2026-07-20 03:29:00,64631.80,64660.20,64628.00,64650.60,63.941000,696,38.466000,25.475000,64645.22,101835.20,0.00003505,0.000000,0.000000,0
2026-07-20 03:30:00,64650.60,64668.40,64642.70,64650.30,50.752000,507,31.965000,18.787000,64657.35,101836.50,0.00003505,0.000000,0.000000,0
2026-07-20 03:31:00,64650.40,64673.50,64628.50,64673.50,66.727000,782,52.905000,13.822000,64644.87,101816.50,0.00003513,0.000000,0.000000,0
2026-07-20 03:32:00,64673.50,64710.40,64673.40,64695.60,106.719000,856,43.177000,63.542000,64698.38,101815.96,0.00003473,0.000000,0.000000,0
2026-07-20 03:33:00,64695.60,64718.30,64695.50,64708.70,24.550000,637,14.426000,10.124000,64707.63,101815.18,0.00003470,0.000000,0.000000,0
2026-07-20 03:34:00,64708.80,64735.60,64703.90,64704.60,31.080000,553,22.683000,8.397000,64715.12,101817.29,0.00003470,0.000000,0.000000,0
2026-07-20 03:35:00,64704.60,64710.00,64692.00,64697.70,17.554000,461,10.836000,6.718000,64702.44,101815.09,0.00003460,0.000000,0.000000,0
2026-07-20 03:36:00,64697.60,64721.70,64674.40,64689.00,73.095000,1082,50.592000,22.503000,64698.23,101813.96,0.00003431,0.000000,0.000000,0
2026-07-20 03:37:00,64689.00,64731.20,64684.00,64731.00,25.528000,570,19.686000,5.842000,64708.87,101839.56,0.00003431,0.000000,0.000000,0
2026-07-20 03:38:00,64731.00,64817.20,64731.00,64806.70,55.043000,902,35.605000,19.438000,64780.51,101842.24,0.00003366,0.019000,0.000000,0
2026-07-20 03:39:00,64806.60,64806.60,64764.00,64764.00,15.923000,568,7.243000,8.680000,64786.38,101835.32,0.00003395,0.000000,0.000000,0
2026-07-20 03:40:00,64764.10,64788.00,64760.10,64779.80,13.707000,445,8.856000,4.851000,64775.03,101834.12,0.00003395,0.000000,0.000000,0
2026-07-20 03:41:00,64779.80,64807.40,64766.40,64766.40,33.355000,736,19.103000,14.252000,64789.48,101834.31,0.00003400,0.000000,0.000000,0
2026-07-20 03:42:00,64766.30,64789.90,64756.20,64789.60,45.970000,613,6.126000,39.844000,64767.21,101818.63,0.00003399,0.000000,0.000000,0
2026-07-20 03:43:00,64789.70,64851.60,64789.60,64850.00,47.513000,710,22.390000,25.123000,64837.83,101817.91,0.00003394,0.022000,0.000000,0
2026-07-20 03:44:00,64849.90,64870.10,64826.50,64870.00,77.710000,750,16.744000,60.966000,64851.19,101820.49,0.00003394,0.008000,0.000000,0
2026-07-20 03:45:00,64870.00,64871.90,64857.10,64871.80,37.257000,364,14.182000,23.075000,64862.31,101817.61,0.00003450,0.000000,0.000000,0
2026-07-20 03:46:00,64871.90,64887.00,64848.20,64848.20,90.827000,819,33.489000,57.338000,64873.52,101824.34,0.00003486,0.004000,0.000000,0
2026-07-20 03:47:00,64848.10,64870.10,64824.20,64844.40,43.602000,793,18.345000,25.257000,64846.49,101840.55,0.00003486,0.000000,0.000000,0
2026-07-20 03:48:00,64844.50,64844.50,64804.80,64834.10,20.819000,568,7.442000,13.377000,64825.13,101845.37,0.00003483,0.000000,0.000000,0
2026-07-20 03:49:00,64834.10,64847.30,64824.00,64840.30,32.138000,454,22.490000,9.648000,64835.98,101849.51,0.00003448,0.000000,0.000000,0
2026-07-20 03:50:00,64840.20,64874.40,64840.20,64845.90,72.146000,853,26.853000,45.293000,64862.11,101866.55,0.00003448,0.000000,0.000000,0
2026-07-20 03:51:00,64846.00,64869.80,64844.70,64859.20,19.366000,572,10.758000,8.608000,64855.24,101872.41,0.00003470,0.000000,0.000000,0
2026-07-20 03:52:00,64859.20,64861.40,64840.80,64856.20,22.123000,444,6.838000,15.285000,64854.26,101873.46,0.00003485,0.000000,0.000000,0
2026-07-20 03:53:00,64856.20,64873.60,64856.10,64868.00,21.074000,285,11.874000,9.200000,64865.56,101871.26,0.00003515,0.000000,0.000000,0
2026-07-20 03:54:00,64868.00,64868.00,64840.20,64844.00,18.105000,404,4.926000,13.179000,64846.39,101877.61,0.00003515,0.000000,0.000000,0
2026-07-20 03:55:00,64843.90,64844.00,64820.60,64823.10,24.396000,329,3.743000,20.653000,64826.12,101873.74,0.00003521,0.000000,0.000000,0
2026-07-20 03:56:00,64823.10,64827.60,64808.00,64810.80,14.890000,359,3.354000,11.536000,64821.66,101873.42,0.00003475,0.000000,0.000000,0
2026-07-20 03:57:00,64810.80,64814.40,64763.90,64763.90,94.473000,775,30.489000,63.984000,64795.88,101838.48,0.00003475,0.000000,0.000000,0
2026-07-20 03:58:00,64763.90,64773.40,64752.80,64771.90,21.063000,379,12.389000,8.674000,64762.43,101844.35,0.00003441,0.000000,0.000000,0
2026-07-20 03:59:00,64771.90,64785.70,64753.60,64785.70,18.710000,426,10.127000,8.583000,64765.91,101840.39,0.00003408,0.000000,0.000000,0
2026-07-20 04:00:00,64785.70,64839.40,64785.60,64839.40,122.044000,719,114.828000,7.216000,64811.19,101839.93,0.00003399,0.000000,0.000000,0
2026-07-20 04:01:00,64839.30,64843.40,64804.30,64808.40,55.864000,822,26.564000,29.300000,64821.76,101872.31,0.00003399,0.000000,0.014000,0
2026-07-20 04:02:00,64808.50,64814.30,64785.80,64793.60,76.514000,542,9.924000,66.590000,64801.59,101874.74,0.00003448,0.000000,0.000000,0
2026-07-20 04:03:00,64793.60,64793.60,64768.40,64786.60,15.502000,379,10.142000,5.360000,64776.24,101877.75,0.00003438,0.000000,0.000000,0
2026-07-20 04:04:00,64786.50,64793.00,64773.90,64773.90,9.678000,223,3.983000,5.695000,64786.89,101878.86,0.00003438,0.000000,0.000000,0
2026-07-20 04:05:00,64773.90,64785.40,64773.90,64775.00,7.796000,221,4.913000,2.883000,64777.65,101878.00,0.00003408,0.000000,0.000000,0
2026-07-20 04:06:00,64775.10,64775.10,64726.40,64726.40,37.810000,591,14.372000,23.438000,64734.63,101878.34,0.00003402,0.000000,0.000000,0
2026-07-20 04:07:00,64726.50,64726.60,64711.00,64726.50,19.832000,373,8.788000,11.044000,64720.27,101865.23,0.00003402,0.000000,0.000000,0
2026-07-20 04:08:00,64726.50,64726.50,64711.30,64714.90,21.762000,293,6.666000,15.096000,64716.80,101865.05,0.00003333,0.000000,0.000000,0
2026-07-20 04:09:00,64714.90,64722.50,64707.80,64712.20,27.650000,363,7.142000,20.508000,64714.15,101862.17,0.00003270,0.000000,0.000000,0
2026-07-20 04:10:00,64712.10,64712.20,64702.60,64710.90,33.250000,324,9.048000,24.202000,64708.80,101873.96,0.00003207,0.000000,0.003000,0
2026-07-20 04:11:00,64710.90,64746.80,64710.80,64746.70,55.988000,409,53.561000,2.427000,64736.37,101875.20,0.00003207,0.000000,0.000000,0
2026-07-20 04:12:00,64746.70,64769.00,64745.90,64749.10,65.198000,536,27.182000,38.016000,64757.19,101878.13,0.00003200,0.000000,0.000000,0
2026-07-20 04:13:00,64749.00,64749.10,64704.40,64704.50,17.784000,404,2.252000,15.532000,64723.13,101880.79,0.00003248,0.000000,0.000000,0
2026-07-20 04:14:00,64704.40,64704.40,64673.50,64695.70,81.667000,722,30.314000,51.353000,64685.50,101899.29,0.00003248,0.000000,0.048000,0
2026-07-20 04:15:00,64695.60,64695.70,64670.00,64674.40,40.057000,391,21.087000,18.970000,64675.18,101896.93,0.00003165,0.000000,0.035000,0
2026-07-20 04:16:00,64674.40,64679.50,64666.60,64666.70,21.610000,298,13.548000,8.062000,64670.84,101898.12,0.00003009,0.000000,0.000000,0
2026-07-20 04:17:00,64666.60,64666.70,64656.00,64656.10,29.659000,214,9.810000,19.849000,64660.33,101906.79,0.00003009,0.000000,0.000000,0
2026-07-20 04:18:00,64656.10,64656.10,64602.00,64618.60,139.646000,1040,57.834000,81.812000,64628.82,101916.29,0.00002850,0.000000,0.034000,0
2026-07-20 04:19:00,64618.50,64649.80,64605.60,64625.50,109.763000,965,72.104000,37.659000,64632.80,101891.75,0.00002808,0.000000,0.000000,0
2026-07-20 04:20:00,64625.50,64658.70,64625.40,64646.70,54.412000,693,40.390000,14.022000,64637.09,101887.87,0.00002762,0.000000,0.000000,0
2026-07-20 04:21:00,64646.70,64674.30,64646.60,64671.00,46.629000,580,24.090000,22.539000,64661.50,101894.64,0.00002762,0.000000,0.000000,0
2026-07-20 04:22:00,64671.00,64672.10,64630.80,64646.30,39.096000,482,29.335000,9.761000,64651.45,101902.24,0.00002759,0.000000,0.000000,0
2026-07-20 04:23:00,64646.30,64669.40,64636.20,64644.90,101.067000,758,64.082000,36.985000,64653.25,101891.34,0.00002756,0.000000,0.000000,0
2026-07-20 04:24:00,64644.80,64687.70,64644.80,64679.00,37.884000,605,30.214000,7.670000,64672.20,101897.27,0.00002756,0.000000,0.016000,0
2026-07-20 04:25:00,64679.00,64693.30,64678.90,64687.60,28.475000,382,20.855000,7.620000,64686.11,101900.73,0.00002728,0.000000,0.000000,0
2026-07-20 04:26:00,64687.60,64699.50,64685.60,64685.60,45.897000,345,15.280000,30.617000,64697.00,101889.50,0.00002807,0.000000,0.080000,0
2026-07-20 04:27:00,64685.70,64717.90,64685.60,64711.60,18.098000,378,15.593000,2.505000,64706.99,101882.97,0.00002832,0.000000,0.000000,0
2026-07-20 04:28:00,64711.60,64751.30,64711.50,64751.20,30.006000,532,25.805000,4.201000,64732.56,101885.33,0.00002832,0.000000,0.000000,0
2026-07-20 04:29:00,64751.30,64757.00,64720.00,64724.00,26.737000,400,8.606000,18.131000,64737.40,101886.73,0.00002875,0.000000,0.000000,0
2026-07-20 04:30:00,64724.00,64733.60,64723.90,64733.50,8.785000,249,6.133000,2.652000,64728.48,101887.61,0.00002887,0.000000,0.000000,0
2026-07-20 04:31:00,64733.60,64735.90,64689.80,64691.00,33.063000,490,4.260000,28.803000,64707.94,101892.13,0.00002887,0.000000,0.000000,0
2026-07-20 04:32:00,64691.00,64701.80,64691.00,64694.70,31.683000,426,17.245000,14.438000,64694.67,101877.88,0.00002880,0.000000,0.000000,0
2026-07-20 04:33:00,64694.70,64732.00,64691.40,64710.50,25.911000,690,8.322000,17.589000,64711.73,101876.59,0.00002836,0.000000,0.000000,0
2026-07-20 04:34:00,64710.60,64761.90,64710.60,64727.90,36.343000,792,25.232000,11.111000,64747.80,101873.66,0.00002836,0.026000,0.000000,0
2026-07-20 04:35:00,64727.90,64727.90,64698.30,64716.10,23.225000,609,13.400000,9.825000,64714.83,101878.69,0.00002856,0.000000,0.000000,0
2026-07-20 04:36:00,64716.20,64760.00,64716.10,64760.00,24.142000,500,13.248000,10.894000,64746.12,101878.65,0.00002878,0.000000,0.000000,0
2026-07-20 04:37:00,64760.00,64789.90,64750.10,64752.80,42.899000,711,23.520000,19.379000,64773.57,101876.68,0.00002922,0.004000,0.000000,0
2026-07-20 04:38:00,64752.90,64752.90,64710.20,64722.60,73.799000,784,16.734000,57.065000,64730.01,101869.49,0.00002922,0.000000,0.000000,0
2026-07-20 04:39:00,64722.60,64730.00,64712.30,64730.00,15.432000,266,9.672000,5.760000,64723.06,101870.55,0.00002973,0.000000,0.000000,0
2026-07-20 04:40:00,64730.00,64766.10,64730.00,64737.50,20.234000,512,9.575000,10.659000,64754.23,101870.64,0.00002944,0.000000,0.000000,0
2026-07-20 04:41:00,64737.50,64737.80,64686.00,64686.10,29.548000,577,7.722000,21.826000,64709.86,101877.55,0.00002944,0.000000,0.000000,0
2026-07-20 04:42:00,64686.10,64704.30,64673.40,64704.10,18.311000,677,9.924000,8.387000,64691.11,101879.31,0.00002993,0.000000,0.000000,0
2026-07-20 04:43:00,64704.20,64736.60,64691.40,64732.90,17.393000,552,12.129000,5.264000,64714.03,101881.35,0.00002957,0.000000,0.000000,0
2026-07-20 04:44:00,64733.00,64733.00,64688.60,64690.70,55.285000,634,11.140000,44.145000,64712.27,101873.29,0.00003020,0.000000,0.000000,0
2026-07-20 04:45:00,64690.70,64719.60,64690.70,64700.10,23.994000,438,19.348000,4.646000,64708.46,101868.75,0.00003020,0.000000,0.000000,0
2026-07-20 04:46:00,64700.10,64700.10,64602.30,64654.50,339.450000,1870,109.870000,229.580000,64643.77,101873.58,0.00003042,0.000000,0.000000,0
2026-07-20 04:47:00,64654.50,64671.20,64645.80,64671.10,45.758000,430,20.084000,25.674000,64659.99,101928.77,0.00003032,0.000000,0.000000,0
2026-07-20 04:48:00,64671.10,64685.50,64671.10,64680.60,17.792000,275,10.454000,7.338000,64680.90,101930.48,0.00003032,0.000000,0.000000,0
2026-07-20 04:49:00,64680.50,64704.20,64680.50,64686.00,20.692000,374,9.880000,10.812000,64695.07,101930.14,0.00003035,0.000000,0.000000,0
2026-07-20 04:50:00,64686.00,64692.00,64621.30,64621.40,115.918000,748,32.872000,83.046000,64640.93,101927.87,0.00003113,0.000000,0.000000,0
2026-07-20 04:51:00,64621.30,64621.40,64569.00,64593.00,137.941000,1135,47.083000,90.858000,64592.50,101935.01,0.00003086,0.000000,1.369000,0
2026-07-20 04:52:00,64592.90,64596.00,64566.00,64583.70,59.303000,789,32.177000,27.126000,64575.25,101925.97,0.00003086,0.000000,0.007000,0
2026-07-20 04:53:00,64583.80,64586.00,64554.90,64554.90,39.820000,448,13.868000,25.952000,64570.25,101923.90,0.00003062,0.000000,0.000000,0
2026-07-20 04:54:00,64554.80,64557.70,64514.90,64515.30,137.906000,978,53.873000,84.033000,64532.54,101903.97,0.00003032,0.000000,5.296000,0
2026-07-20 04:55:00,64515.30,64528.90,64503.00,64507.10,68.502000,640,42.091000,26.411000,64513.18,101909.79,0.00003032,0.000000,0.072000,0
2026-07-20 04:56:00,64507.20,64536.90,64506.20,64529.00,107.991000,626,80.787000,27.204000,64521.76,101877.87,0.00002938,0.000000,0.008000,0
2026-07-20 04:57:00,64528.90,64560.60,64528.80,64550.10,71.750000,477,62.136000,9.614000,64545.34,101893.29,0.00002885,0.000000,0.000000,0
2026-07-20 04:58:00,64550.10,64559.40,64536.50,64540.10,82.991000,642,44.673000,38.318000,64545.64,101886.88,0.00002917,0.000000,0.000000,0
2026-07-20 04:59:00,64540.10,64543.30,64536.00,64536.10,34.185000,216,19.803000,14.382000,64537.05,101879.22,0.00002917,0.000000,0.000000,0
2026-07-20 05:00:00,64536.00,64536.10,64508.40,64511.30,48.297000,562,26.387000,21.910000,64514.17,101879.75,0.00002925,0.000000,0.003000,0
2026-07-20 05:01:00,64511.30,64536.10,64501.60,64520.30,154.990000,1171,37.247000,117.743000,64515.22,101875.70,0.00002873,0.000000,0.000000,0
2026-07-20 05:02:00,64520.40,64530.60,64483.50,64483.50,99.883000,735,22.502000,77.381000,64499.35,101874.30,0.00002873,0.000000,0.073000,0
2026-07-20 05:03:00,64483.60,64491.60,64466.10,64466.10,78.563000,720,29.002000,49.561000,64473.26,101872.61,0.00002861,0.000000,4.107000,0
2026-07-20 05:04:00,64466.20,64466.20,64409.30,64439.70,225.028000,2020,77.281000,147.747000,64439.10,101860.88,0.00002805,0.000000,0.954000,0
2026-07-20 05:05:00,64439.80,64456.30,64421.40,64421.40,68.646000,962,32.606000,36.040000,64441.96,101862.66,0.00002805,0.000000,0.000000,0
2026-07-20 05:06:00,64421.50,64421.50,64362.00,64411.40,297.303000,1960,130.601000,166.702000,64388.25,101852.66,0.00002740,0.000000,5.354000,0
2026-07-20 05:07:00,64411.30,64455.00,64405.70,64455.00,69.479000,797,57.629000,11.850000,64426.66,101854.46,0.00002685,0.000000,0.000000,0
2026-07-20 05:08:00,64454.90,64465.00,64448.00,64448.10,30.508000,423,16.235000,14.273000,64459.55,101855.96,0.00002702,0.000000,0.000000,0
2026-07-20 05:09:00,64448.10,64448.10,64418.00,64422.60,71.167000,724,28.432000,42.735000,64433.96,101851.42,0.00002702,0.000000,0.000000,0
2026-07-20 05:10:00,64422.60,64422.60,64385.00,64385.00,59.349000,599,24.333000,35.016000,64396.78,101857.43,0.00002684,0.000000,0.001000,0
2026-07-20 05:11:00,64385.10,64385.10,64340.00,64340.10,144.298000,1029,49.180000,95.118000,64364.82,101844.32,0.00002618,0.000000,0.534000,0
2026-07-20 05:12:00,64340.00,64340.00,64284.70,64297.70,379.411000,2466,131.690000,247.721000,64303.74,101844.32,0.00002618,0.000000,3.485000,0
2026-07-20 05:13:00,64297.90,64300.00,64107.30,64128.30,1438.406000,7084,445.589000,992.817000,64168.34,101807.67,0.00002508,0.000000,20.558000,0
2026-07-20 05:14:00,64128.30,64216.20,64046.00,64210.10,891.553000,5524,447.903000,443.650000,64123.41,101581.81,0.00002412,0.000000,52.801000,0
2026-07-20 05:15:00,64210.00,64225.00,64182.40,64216.90,176.144000,1364,106.988000,69.156000,64207.01,101450.04,0.00002321,0.000000,0.000000,0
2026-07-20 05:16:00,64217.00,64250.00,64157.20,64249.40,266.735000,2526,137.682000,129.053000,64196.62,101461.00,0.00002321,0.000000,0.000000,0
2026-07-20 05:17:00,64249.50,64295.40,64223.00,64242.40,309.374000,2576,185.309000,124.065000,64256.07,101473.23,0.00002338,0.017000,0.000000,0
2026-07-20 05:18:00,64242.20,64253.10,64217.60,64244.20,146.810000,1459,94.528000,52.282000,64236.98,101493.11,0.00002402,0.000000,0.000000,0
2026-07-20 05:19:00,64244.20,64318.40,64237.50,64317.50,92.191000,1096,55.722000,36.469000,64282.10,101462.39,0.00002402,0.000000,0.000000,0
2026-07-20 05:20:00,64317.50,64355.00,64310.60,64342.00,265.810000,2080,101.686000,164.124000,64331.97,101467.06,0.00002400,0.005000,0.000000,0
2026-07-20 05:21:00,64342.10,64359.30,64328.40,64328.50,75.538000,1022,25.837000,49.701000,64347.56,101422.49,0.00002466,0.000000,0.000000,0
2026-07-20 05:22:00,64328.40,64344.40,64285.60,64293.10,126.001000,1398,34.657000,91.344000,64313.74,101416.20,0.00002466,0.000000,0.000000,0
2026-07-20 05:23:00,64293.10,64300.00,64170.10,64170.10,204.050000,2693,69.886000,134.164000,64227.14,101438.49,0.00002469,0.000000,0.000000,0
2026-07-20 05:24:00,64170.00,64204.30,64056.50,64147.00,509.065000,5362,310.037000,199.028000,64113.44,101461.88,0.00002420,0.000000,1.605000,0
2026-07-20 05:25:00,64147.00,64185.70,64123.10,64168.90,153.802000,1912,86.608000,67.194000,64154.91,101483.66,0.00002310,0.000000,0.000000,0
2026-07-20 05:26:00,64168.90,64190.00,64133.10,64190.00,181.944000,1599,91.666000,90.278000,64157.55,101490.15,0.00002310,0.000000,0.000000,0
2026-07-20 05:27:00,64190.00,64195.80,64140.30,64188.50,95.169000,1437,54.366000,40.803000,64174.70,101468.39,0.00002392,0.000000,0.000000,0
2026-07-20 05:28:00,64188.40,64209.70,64164.70,64164.70,138.332000,1541,74.455000,63.877000,64191.07,101486.09,0.00002497,0.000000,0.000000,0
2026-07-20 05:29:00,64164.60,64201.10,64150.10,64166.70,90.756000,1292,56.965000,33.791000,64170.55,101521.18,0.00002497,0.000000,0.000000,0
2026-07-20 05:30:00,64166.70,64170.20,64151.50,64159.90,55.436000,675,33.627000,21.809000,64160.13,101518.58,0.00002558,0.000000,0.000000,0
2026-07-20 05:31:00,64160.00,64160.00,64105.60,64129.10,179.878000,1935,43.474000,136.404000,64137.20,101516.15,0.00002585,0.000000,0.000000,0
2026-07-20 05:32:00,64129.10,64158.50,64080.00,64158.50,122.416000,1624,63.277000,59.139000,64120.04,101547.22,0.00002586,0.000000,0.000000,0
2026-07-20 05:33:00,64158.60,64195.60,64141.40,64195.60,122.987000,1405,99.578000,23.409000,64174.14,101585.52,0.00002586,0.000000,0.000000,0
2026-07-20 05:34:00,64195.60,64207.20,64140.00,64149.90,149.069000,1409,71.657000,77.412000,64172.39,101557.55,0.00002653,0.000000,0.000000,0
2026-07-20 05:35:00,64149.80,64155.80,64125.60,64145.80,61.233000,800,34.676000,26.557000,64142.33,101595.17,0.00002723,0.000000,0.000000,0
2026-07-20 05:36:00,64145.70,64148.60,64105.60,64119.60,85.601000,1319,39.955000,45.646000,64129.02,101599.55,0.00002723,0.000000,0.000000,0
2026-07-20 05:37:00,64119.70,64156.60,64100.00,64115.50,67.380000,1200,38.755000,28.625000,64126.72,101601.78,0.00002743,0.000000,0.000000,0
2026-07-20 05:38:00,64115.50,64143.30,64114.20,64137.50,52.155000,812,26.356000,25.799000,64127.69,101601.66,0.00002755,0.000000,0.000000,0
2026-07-20 05:39:00,64137.50,64184.70,64129.50,64184.70,48.721000,847,30.576000,18.145000,64153.29,101595.70,0.00002755,0.000000,0.000000,0
2026-07-20 05:40:00,64184.70,64184.70,64146.70,64171.50,27.916000,601,17.000000,10.916000,64167.89,101596.84,0.00002790,0.000000,0.000000,0
2026-07-20 05:41:00,64171.50,64205.90,64171.50,64197.80,99.204000,1034,66.614000,32.590000,64189.04,101594.89,0.00002882,0.000000,0.000000,0
2026-07-20 05:42:00,64197.70,64232.50,64167.40,64167.40,68.640000,1146,46.780000,21.860000,64212.31,101608.84,0.00002946,0.068000,0.000000,0
2026-07-20 05:43:00,64167.30,64198.10,64146.10,64183.00,41.284000,1066,24.426000,16.858000,64176.96,101601.29,0.00002946,0.000000,0.000000,0
2026-07-20 05:44:00,64183.00,64230.20,64174.00,64209.30,135.783000,1107,115.591000,20.192000,64198.16,101598.99,0.00002964,0.000000,0.000000,0
2026-07-20 05:45:00,64209.20,64209.20,64178.80,64178.90,24.331000,378,7.449000,16.882000,64195.38,101603.01,0.00002964,0.000000,0.000000,0
2026-07-20 05:46:00,64178.90,64182.00,64143.60,64163.30,34.135000,805,13.757000,20.378000,64159.57,101604.37,0.00002964,0.000000,0.000000,0
2026-07-20 05:47:00,64163.30,64163.30,64120.00,64158.00,36.880000,756,16.672000,20.208000,64140.11,101604.12,0.00002903,0.000000,0.000000,0
2026-07-20 05:48:00,64158.00,64177.60,64121.60,64177.60,99.176000,1127,44.447000,54.729000,64146.62,101610.24,0.00002872,0.000000,0.000000,0
2026-07-20 05:49:00,64177.50,64181.10,64147.30,64147.30,34.543000,387,10.158000,24.385000,64162.41,101601.40,0.00002892,0.000000,0.000000,0
2026-07-20 05:50:00,64147.40,64150.00,64121.70,64150.00,33.241000,513,17.254000,15.987000,64137.47,101614.39,0.00002892,0.000000,0.000000,0
2026-07-20 05:51:00,64149.90,64161.50,64129.10,64129.20,63.920000,918,33.324000,30.596000,64147.73,101609.75,0.00002897,0.000000,0.000000,0
2026-07-20 05:52:00,64129.20,64129.20,64100.90,64123.10,80.579000,852,22.684000,57.895000,64113.43,101611.66,0.00002929,0.000000,0.000000,0
2026-07-20 05:53:00,64123.20,64123.20,64090.10,64091.00,77.062000,664,17.979000,59.083000,64098.61,101594.53,0.00002929,0.000000,0.000000,0
2026-07-20 05:54:00,64091.00,64124.90,64091.00,64105.60,127.311000,655,98.708000,28.603000,64102.09,101597.15,0.00002928,0.000000,0.000000,0
2026-07-20 05:55:00,64105.70,64119.00,64077.00,64085.70,72.094000,858,14.340000,57.754000,64093.48,101636.99,0.00002928,0.000000,0.013000,0
2026-07-20 05:56:00,64085.70,64098.50,64068.90,64084.80,89.994000,1377,36.760000,53.234000,64081.14,101623.09,0.00002928,0.000000,0.000000,0
2026-07-20 05:57:00,64084.80,64118.50,64079.20,64105.30,49.741000,590,34.933000,14.808000,64105.88,101626.86,0.00002956,0.000000,0.000000,0
2026-07-20 05:58:00,64105.30,64147.60,64100.00,64131.20,44.326000,797,29.209000,15.117000,64129.61,101636.23,0.00002994,0.000000,0.000000,0
2026-07-20 05:59:00,64131.20,64146.60,64119.00,64122.50,64.554000,822,39.075000,25.479000,64133.88,101646.94,0.00003030,0.000000,0.000000,0
2026-07-20 06:00:00,64122.60,64122.60,64086.60,64101.80,36.297000,526,17.538000,18.759000,64099.17,101662.92,0.00003030,0.000000,0.000000,0
2026-07-20 06:01:00,64101.70,64130.00,64096.20,64118.60,79.224000,1407,25.062000,54.162000,64111.14,101669.06,0.00003060,0.000000,0.000000,0
2026-07-20 06:02:00,64118.50,64137.00,64105.00,64107.30,45.981000,890,30.122000,15.859000,64124.74,101663.64,0.00003093,0.000000,0.000000,0
2026-07-20 06:03:00,64107.30,64107.30,64060.00,64081.00,146.695000,1083,59.360000,87.335000,64073.29,101678.60,0.00003093,0.000000,0.057000,0
2026-07-20 06:04:00,64080.90,64125.20,64065.70,64120.80,93.283000,1008,66.108000,27.175000,64088.49,101659.17,0.00003121,0.000000,0.000000,0
2026-07-20 06:05:00,64120.80,64139.90,64103.30,64119.90,43.704000,758,17.930000,25.774000,64122.64,101678.35,0.00003104,0.000000,0.000000,0
2026-07-20 06:06:00,64119.90,64136.00,64053.20,64055.10,69.960000,1019,33.617000,36.343000,64095.91,101684.04,0.00003168,0.000000,0.087000,0
2026-07-20 06:07:00,64055.00,64100.00,64052.00,64100.00,62.018000,1292,22.679000,39.339000,64064.73,101695.64,0.00003168,0.000000,0.021000,0
2026-07-20 06:08:00,64100.00,64138.70,64094.70,64132.70,53.163000,1177,28.507000,24.656000,64111.51,101696.35,0.00003184,0.000000,0.000000,0
2026-07-20 06:09:00,64132.70,64155.40,64111.00,64144.70,50.374000,1151,32.776000,17.598000,64135.69,101697.18,0.00003277,0.000000,0.000000,0
2026-07-20 06:10:00,64144.80,64144.80,64117.50,64122.80,34.246000,591,19.691000,14.555000,64133.12,101700.12,0.00003277,0.000000,0.000000,0
2026-07-20 06:11:00,64122.80,64122.80,64087.20,64104.50,97.970000,1133,55.356000,42.614000,64103.34,101726.52,0.00003340,0.000000,0.000000,0
2026-07-20 06:12:00,64104.60,64124.80,64099.40,64115.30,53.823000,722,33.858000,19.965000,64115.48,101729.95,0.00003322,0.000000,0.000000,0
2026-07-20 06:13:00,64115.40,64158.70,64115.30,64158.70,37.453000,510,28.276000,9.177000,64134.41,101726.88,0.00003322,0.000000,0.000000,0
2026-07-20 06:14:00,64158.60,64173.10,64158.60,64163.20,47.530000,529,38.556000,8.974000,64165.16,101730.33,0.00003341,0.000000,0.000000,0
2026-07-20 06:15:00,64163.20,64170.00,64162.70,64169.90,50.603000,442,36.622000,13.981000,64166.56,101737.34,0.00003412,0.000000,0.000000,0
2026-07-20 06:16:00,64170.00,64184.30,64160.00,64181.30,67.515000,573,41.438000,26.077000,64176.29,101743.88,0.00003442,0.000000,0.000000,0
2026-07-20 06:17:00,64181.20,64196.00,64137.00,64140.20,110.546000,905,50.963000,59.583000,64180.25,101732.44,0.00003442,0.000000,0.000000,0
2026-07-20 06:18:00,64140.00,64156.10,64140.00,64149.90,19.676000,412,7.247000,12.429000,64147.82,101717.13,0.00003503,0.000000,0.000000,0
2026-07-20 06:19:00,64149.80,64149.80,64112.00,64124.90,22.253000,705,8.935000,13.318000,64128.17,101719.50,0.00003524,0.000000,0.000000,0
2026-07-20 06:20:00,64124.90,64162.70,64118.20,64162.60,16.033000,601,8.847000,7.186000,64136.63,101720.25,0.00003524,0.000000,0.000000,0
2026-07-20 06:21:00,64162.70,64198.30,64162.60,64184.70,32.796000,768,24.049000,8.747000,64184.58,101718.16,0.00003522,0.000000,0.000000,0
2026-07-20 06:22:00,64184.80,64188.30,64158.20,64158.30,47.491000,729,22.549000,24.942000,64169.85,101712.71,0.00003603,0.000000,0.000000,0
2026-07-20 06:23:00,64158.40,64171.80,64139.90,64163.30,36.541000,662,13.772000,22.769000,64152.38,101715.40,0.00003620,0.000000,0.000000,0
2026-07-20 06:24:00,64163.40,64174.60,64157.10,64160.40,29.513000,533,20.794000,8.719000,64166.60,101711.57,0.00003620,0.000000,0.000000,0
2026-07-20 06:25:00,64160.40,64160.40,64075.40,64075.50,84.006000,905,15.751000,68.255000,64130.44,101724.61,0.00003607,0.000000,0.015000,0
2026-07-20 06:26:00,64075.40,64098.90,64064.90,64098.80,53.651000,692,27.316000,26.335000,64079.15,101729.94,0.00003577,0.000000,0.000000,0
2026-07-20 06:27:00,64098.90,64103.00,64085.50,64102.90,53.217000,607,23.017000,30.200000,64093.54,101731.51,0.00003577,0.000000,0.004000,0
2026-07-20 06:28:00,64102.90,64120.00,64100.30,64117.90,37.453000,570,33.744000,3.709000,64112.36,101730.67,0.00003542,0.000000,0.000000,0
2026-07-20 06:29:00,64117.90,64121.80,64107.10,64121.70,20.365000,329,11.301000,9.064000,64118.15,101730.08,0.00003596,0.000000,0.000000,0
2026-07-20 06:30:00,64121.60,64128.10,64107.20,64107.20,28.968000,491,11.500000,17.468000,64117.81,101730.34,0.00003596,0.000000,0.000000,0
2026-07-20 06:31:00,64107.20,64111.40,64090.70,64102.40,25.703000,507,9.781000,15.922000,64101.95,101728.26,0.00003669,0.000000,0.000000,0
2026-07-20 06:32:00,64102.40,64130.00,64101.00,64114.80,30.317000,527,23.090000,7.227000,64115.18,101722.99,0.00003671,0.000000,0.000000,0
2026-07-20 06:33:00,64114.80,64114.90,64080.00,64099.40,56.658000,846,24.378000,32.280000,64096.22,101725.61,0.00003718,0.000000,0.001000,0
2026-07-20 06:34:00,64099.40,64099.40,63900.20,63970.50,1532.438000,7015,527.601000,1004.837000,63958.22,101711.06,0.00003718,0.000000,15.864000,0
2026-07-20 06:35:00,63970.80,64055.30,63948.70,63980.00,383.722000,3015,259.979000,123.743000,63998.71,101659.64,0.00003718,0.000000,0.000000,0
2026-07-20 06:36:00,63979.90,63999.90,63930.10,63955.10,192.114000,1805,120.344000,71.770000,63960.83,101650.90,0.00003677,0.000000,0.000000,0
2026-07-20 06:37:00,63955.00,63958.40,63825.00,63855.20,797.197000,5072,355.906000,441.291000,63889.10,101613.83,0.00003683,0.000000,13.628000,0
2026-07-20 06:38:00,63855.30,63869.70,63760.00,63837.50,976.957000,5216,383.778000,593.179000,63817.72,101577.71,0.00003683,0.000000,0.987000,0
2026-07-20 06:39:00,63837.40,63924.20,63837.40,63924.20,266.086000,2011,192.849000,73.237000,63883.04,101544.00,0.00003689,0.000000,0.000000,0
2026-07-20 06:40:00,63924.10,63936.40,63895.50,63917.50,124.673000,1738,63.331000,61.342000,63919.99,101516.49,0.00003736,0.000000,0.000000,0
2026-07-20 06:41:00,63917.60,63919.70,63860.60,63860.80,164.717000,1548,69.216000,95.501000,63890.43,101511.80,0.00003750,0.000000,0.000000,0
2026-07-20 06:42:00,63860.90,63896.50,63830.00,63846.30,266.700000,2051,126.211000,140.489000,63858.96,101496.04,0.00003718,0.000000,0.000000,0
2026-07-20 06:43:00,63846.30,63886.80,63806.20,63821.70,272.655000,2734,152.817000,119.838000,63845.54,101516.74,0.00003716,0.000000,0.001000,0
2026-07-20 06:44:00,63821.70,63821.80,63766.00,63776.70,425.329000,2433,180.216000,245.113000,63786.85,101417.17,0.00003716,0.000000,30.950000,0
2026-07-20 06:45:00,63776.60,63845.50,63736.10,63793.70,671.104000,3826,360.782000,310.322000,63782.27,101353.03,0.00003697,0.000000,1.760000,0
2026-07-20 06:46:00,63793.70,63800.10,63773.00,63800.10,213.844000,1360,159.928000,53.916000,63790.73,101372.16,0.00003720,0.000000,0.000000,0
2026-07-20 06:47:00,63800.10,63850.00,63800.00,63807.80,213.739000,2034,139.370000,74.369000,63823.47,101403.03,0.00003720,0.000000,0.000000,0
2026-07-20 06:48:00,63807.70,63814.20,63790.90,63793.10,173.174000,744,53.488000,119.686000,63802.19,101443.30,0.00003749,0.000000,0.000000,0
2026-07-20 06:49:00,63793.20,63794.80,63738.00,63738.10,257.196000,1871,161.985000,95.211000,63762.16,101526.71,0.00003792,0.000000,0.000000,0
2026-07-20 06:50:00,63738.00,63849.30,63738.00,63847.80,379.290000,2445,311.766000,67.524000,63784.97,101550.45,0.00003773,0.000000,0.000000,0
2026-07-20 06:51:00,63847.80,63896.40,63823.70,63865.40,174.007000,1467,115.669000,58.338000,63870.35,101554.97,0.00003773,0.107000,0.000000,0
2026-07-20 06:52:00,63865.30,63897.90,63846.20,63897.90,96.433000,1274,47.569000,48.864000,63869.26,101557.13,0.00003833,0.000000,0.000000,0
2026-07-20 06:53:00,63897.90,63913.20,63864.20,63870.10,97.145000,993,40.272000,56.873000,63892.12,101534.89,0.00003886,0.000000,0.000000,0
2026-07-20 06:54:00,63870.10,63900.50,63852.50,63869.10,150.567000,993,71.576000,78.991000,63875.93,101581.42,0.00003886,0.000000,0.000000,0
2026-07-20 06:55:00,63869.00,63904.10,63869.00,63890.50,110.215000,903,67.499000,42.716000,63886.19,101601.64,0.00003898,0.000000,0.000000,0
2026-07-20 06:56:00,63890.60,63929.70,63882.80,63907.10,113.743000,1101,73.025000,40.718000,63906.98,101607.02,0.00003926,0.000000,0.000000,0
2026-07-20 06:57:00,63907.10,63912.90,63889.00,63909.70,135.636000,882,98.956000,36.680000,63901.35,101624.86,0.00003980,0.000000,0.000000,0
2026-07-20 06:58:00,63909.70,63913.50,63872.40,63872.50,154.392000,659,24.486000,129.906000,63897.87,101678.75,0.00003980,0.000000,0.000000,0
2026-07-20 06:59:00,63872.50,63879.10,63856.00,63856.10,46.111000,523,19.407000,26.704000,63868.10,101666.68,0.00004021,0.000000,0.000000,0
2026-07-20 07:00:00,63856.00,63890.00,63856.00,63889.90,65.526000,594,42.952000,22.574000,63869.64,101670.69,0.00004005,0.000000,0.000000,0
2026-07-20 07:01:00,63890.00,63912.70,63885.50,63908.10,127.043000,927,81.778000,45.265000,63896.40,101629.98,0.00004005,0.000000,0.000000,0
2026-07-20 07:02:00,63908.10,63963.20,63908.00,63961.40,122.082000,1183,86.802000,35.280000,63943.18,101602.73,0.00004027,1.340000,0.000000,0
2026-07-20 07:03:00,63961.40,63963.90,63900.00,63904.00,55.264000,718,21.104000,34.160000,63919.79,101596.35,0.00004097,0.000000,0.000000,0
2026-07-20 07:04:00,63904.10,63935.90,63904.00,63930.00,55.169000,627,48.811000,6.358000,63918.49,101621.04,0.00004104,0.000000,0.000000,0
2026-07-20 07:05:00,63930.10,63960.00,63915.90,63960.00,125.172000,936,61.913000,63.259000,63940.00,101651.47,0.00004104,0.000000,0.000000,0
2026-07-20 07:06:00,63960.00,63965.00,63937.00,63947.70,65.158000,1138,27.398000,37.760000,63952.46,101651.09,0.00004135,0.000000,0.000000,0
2026-07-20 07:07:00,63947.70,63965.40,63941.00,63950.80,44.395000,736,33.987000,10.408000,63954.88,101644.49,0.00004159,0.000000,0.000000,0
2026-07-20 07:08:00,63950.80,63975.00,63946.60,63972.00,64.493000,691,44.504000,19.989000,63967.17,101644.17,0.00004159,0.000000,0.000000,0
2026-07-20 07:09:00,63971.90,63980.00,63960.00,63980.00,50.170000,609,35.425000,14.745000,63971.82,101653.95,0.00004185,0.000000,0.000000,0
2026-07-20 07:10:00,63979.90,63984.10,63935.40,63959.80,71.243000,850,24.051000,47.192000,63963.25,101649.77,0.00004227,0.005000,0.000000,0
2026-07-20 07:11:00,63959.90,63966.00,63930.30,63947.40,54.191000,574,18.528000,35.663000,63955.20,101641.29,0.00004227,0.000000,0.000000,0
2026-07-20 07:12:00,63947.30,63952.70,63923.40,63923.80,38.855000,496,15.904000,22.951000,63938.15,101638.70,0.00004253,0.000000,0.000000,0
2026-07-20 07:13:00,63923.80,63937.60,63913.30,63937.50,54.669000,541,36.974000,17.695000,63924.14,101630.98,0.00004267,0.000000,0.000000,0
2026-07-20 07:14:00,63937.50,63961.00,63937.50,63949.30,22.495000,510,14.047000,8.448000,63951.78,101637.02,0.00004268,0.000000,0.000000,0
2026-07-20 07:15:00,63949.30,63959.90,63941.50,63941.60,26.495000,422,15.439000,11.056000,63950.13,101637.32,0.00004268,0.000000,0.000000,0
2026-07-20 07:16:00,63941.50,63958.60,63933.40,63952.50,26.553000,812,17.465000,9.088000,63944.64,101642.74,0.00004359,0.000000,0.000000,0
2026-07-20 07:17:00,63952.60,63952.60,63919.70,63940.40,50.760000,734,27.592000,23.168000,63937.55,101645.59,0.00004392,0.000000,0.000000,0
2026-07-20 07:18:00,63940.40,63940.40,63865.10,63874.10,74.104000,1046,13.931000,60.173000,63891.58,101645.57,0.00004392,0.000000,0.000000,0
2026-07-20 07:19:00,63874.20,63898.70,63865.00,63898.60,48.501000,703,30.789000,17.712000,63881.70,101654.39,0.00004420,0.000000,0.000000,0
2026-07-20 07:20:00,63898.60,63966.30,63876.60,63936.30,159.900000,1499,100.884000,59.016000,63925.66,101656.16,0.00004389,0.000000,0.718000,0
2026-07-20 07:21:00,63936.40,63942.40,63914.80,63914.80,56.786000,454,33.540000,23.246000,63920.90,101643.81,0.00004437,0.000000,0.000000,0
2026-07-20 07:22:00,63914.90,63916.80,63879.80,63899.50,76.400000,911,35.973000,40.427000,63900.92,101648.27,0.00004437,0.000000,0.000000,0
2026-07-20 07:23:00,63899.50,64031.80,63899.50,64018.20,178.787000,1832,146.086000,32.701000,63991.88,101644.56,0.00004434,0.257000,0.000000,0
2026-07-20 07:24:00,64018.30,64028.70,64004.20,64025.20,84.093000,919,54.043000,30.050000,64014.63,101606.54,0.00004476,0.000000,0.000000,0
2026-07-20 07:25:00,64025.20,64064.00,64016.50,64057.30,191.027000,1411,124.216000,66.811000,64048.54,101570.75,0.00004476,0.647000,0.000000,0
2026-07-20 07:26:00,64057.30,64076.10,64039.90,64064.50,150.757000,1333,66.768000,83.989000,64060.56,101568.89,0.00004534,0.336000,0.000000,0
2026-07-20 07:27:00,64064.60,64077.50,64036.00,64059.90,108.398000,1071,58.909000,49.489000,64053.37,101527.14,0.00004571,0.000000,0.000000,0
2026-07-20 07:28:00,64059.90,64110.40,64059.90,64086.00,155.496000,1089,109.696000,45.800000,64095.09,101524.12,0.00004595,0.677000,0.000000,0
2026-07-20 07:29:00,64085.90,64102.30,64085.60,64092.40,64.710000,463,39.223000,25.487000,64096.41,101531.64,0.00004595,0.000000,0.000000,0
2026-07-20 07:30:00,64092.30,64115.50,64089.80,64101.60,98.611000,600,60.616000,37.995000,64103.60,101542.37,0.00004643,0.000000,0.000000,0
2026-07-20 07:31:00,64101.70,64142.70,64098.80,64110.30,222.173000,1267,143.755000,78.418000,64120.45,101536.77,0.00004646,0.110000,0.000000,0
2026-07-20 07:32:00,64110.30,64144.00,64093.30,64110.90,103.168000,1200,58.163000,45.005000,64124.81,101577.31,0.00004646,0.000000,0.000000,0
2026-07-20 07:33:00,64110.90,64126.50,64099.80,64107.60,91.344000,1035,59.295000,32.049000,64113.35,101596.70,0.00004673,0.000000,0.000000,0
2026-07-20 07:34:00,64107.60,64150.00,64085.80,64141.80,88.991000,935,55.999000,32.992000,64125.49,101614.60,0.00004689,0.000000,0.000000,0
2026-07-20 07:35:00,64141.70,64162.40,64134.80,64162.40,53.797000,698,33.714000,20.083000,64149.81,101624.13,0.00004689,0.413000,0.000000,0
2026-07-20 07:36:00,64162.40,64162.40,64110.80,64110.90,55.733000,626,18.871000,36.862000,64136.19,101629.85,0.00004716,0.000000,0.000000,0
2026-07-20 07:37:00,64110.80,64136.90,64105.30,64105.30,33.068000,572,17.856000,15.212000,64119.72,101640.15,0.00004768,0.000000,0.000000,0
2026-07-20 07:38:00,64105.30,64130.90,64100.00,64102.10,47.296000,624,21.079000,26.217000,64109.63,101638.90,0.00004773,0.000000,0.004000,0
2026-07-20 07:39:00,64102.00,64135.30,64095.00,64111.30,67.018000,877,28.034000,38.984000,64111.48,101648.29,0.00004773,0.000000,0.000000,0
2026-07-20 07:40:00,64111.30,64111.30,64088.20,64088.30,34.214000,464,10.308000,23.906000,64102.90,101649.05,0.00004783,0.000000,0.000000,0
2026-07-20 07:41:00,64088.20,64118.10,64062.40,64118.10,79.186000,743,42.033000,37.153000,64077.49,101655.52,0.00004800,0.003000,0.000000,0
2026-07-20 07:42:00,64118.20,64136.40,64092.20,64107.00,81.683000,854,43.407000,38.276000,64121.78,101676.41,0.00004800,0.047000,0.000000,0
2026-07-20 07:43:00,64107.10,64124.20,64096.30,64124.20,45.111000,469,27.455000,17.656000,64115.65,101669.43,0.00004810,0.000000,0.000000,0
2026-07-20 07:44:00,64124.20,64160.10,64119.00,64151.70,107.593000,794,71.833000,35.760000,64146.37,101668.40,0.00004838,0.000000,0.000000,0
2026-07-20 07:45:00,64151.80,64188.00,64147.80,64188.00,61.073000,605,48.491000,12.582000,64171.26,101655.92,0.00004883,0.167000,0.000000,0
2026-07-20 07:46:00,64188.00,64234.00,64175.40,64220.00,322.482000,1341,243.578000,78.904000,64204.47,101687.10,0.00004883,0.183000,0.000000,0
2026-07-20 07:47:00,64219.90,64220.00,64179.90,64184.50,77.583000,767,36.337000,41.246000,64194.75,101632.04,0.00004953,0.000000,0.002000,0
2026-07-20 07:48:00,64184.50,64184.50,64166.50,64180.20,141.864000,725,53.865000,87.999000,64173.90,101701.23,0.00004982,0.000000,0.000000,0
2026-07-20 07:49:00,64180.10,64180.20,64166.50,64168.80,96.112000,324,32.700000,63.412000,64169.38,101777.66,0.00004982,0.000000,0.000000,0
2026-07-20 07:50:00,64168.80,64191.00,64168.40,64191.00,67.642000,421,43.273000,24.369000,64172.72,101787.21,0.00004975,0.000000,0.000000,0
2026-07-20 07:51:00,64191.00,64191.00,64173.00,64189.00,48.560000,467,23.396000,25.164000,64179.91,101779.34,0.00005021,0.000000,0.000000,0
2026-07-20 07:52:00,64189.00,64195.30,64178.00,64195.30,51.432000,408,31.962000,19.470000,64182.30,101775.27,0.00005070,0.000000,0.000000,0
2026-07-20 07:53:00,64195.30,64235.70,64191.20,64222.90,185.428000,935,125.973000,59.455000,64214.38,101811.18,0.00005070,0.000000,0.000000,0
2026-07-20 07:54:00,64222.90,64285.50,64209.90,64270.80,335.720000,1553,181.989000,153.731000,64246.18,101873.88,0.00005128,0.264000,0.000000,0
2026-07-20 07:55:00,64270.70,64270.80,64230.00,64245.80,160.686000,825,87.505000,73.181000,64245.22,101872.07,0.00005186,0.000000,0.000000,0
2026-07-20 07:56:00,64245.90,64245.90,64218.00,64218.00,44.672000,434,11.008000,33.664000,64225.54,101843.24,0.00005186,0.000000,0.000000,0
2026-07-20 07:57:00,64218.00,64242.60,64218.00,64235.60,65.195000,492,48.713000,16.482000,64229.34,101841.14,0.00005221,0.000000,0.000000,0
2026-07-20 07:58:00,64235.60,64240.00,64220.10,64233.30,92.461000,494,43.206000,49.255000,64226.81,101865.68,0.00005192,0.000000,0.000000,0
2026-07-20 07:59:00,64233.40,64247.30,64225.90,64229.90,35.712000,455,20.867000,14.845000,64238.05,101881.29,0.00005192,0.000000,0.000000,0
2026-07-20 08:00:00,64229.90,64250.00,64225.60,64250.00,81.320000,420,51.913000,29.407000,64231.27,101873.34,0.00005238,0.000000,0.000000,0
2026-07-20 08:01:00,64250.00,64258.70,64231.30,64245.60,150.069000,790,92.338000,57.731000,64244.13,101923.50,0.00005278,0.000000,0.000000,0
2026-07-20 08:02:00,64245.70,64274.60,64245.50,64271.40,84.795000,747,56.951000,27.844000,64256.55,101924.25,0.00005324,0.000000,0.000000,0
2026-07-20 08:03:00,64271.30,64276.20,64269.60,64272.00,75.738000,360,31.471000,44.267000,64273.05,101931.01,0.00005324,0.000000,0.000000,0
2026-07-20 08:04:00,64272.10,64325.10,64272.00,64320.00,181.927000,888,151.207000,30.720000,64299.21,101969.70,0.00005368,0.263000,0.000000,0
2026-07-20 08:05:00,64320.00,64337.00,64274.00,64274.00,202.446000,1034,58.892000,143.554000,64305.74,102015.68,0.00005416,0.448000,0.000000,0
2026-07-20 08:06:00,64274.00,64279.00,64229.40,64235.40,234.976000,995,73.648000,161.328000,64258.37,102076.89,0.00005416,0.000000,0.008000,0
2026-07-20 08:07:00,64235.40,64235.40,64205.20,64207.70,171.763000,766,66.715000,105.048000,64218.01,102054.19,0.00005488,0.007000,0.000000,0
2026-07-20 08:08:00,64207.70,64212.10,64203.80,64206.00,80.565000,366,28.663000,51.902000,64207.49,102051.34,0.00005469,0.000000,0.000000,0
2026-07-20 08:09:00,64206.00,64229.20,64206.00,64220.60,78.530000,503,56.572000,21.958000,64220.01,102033.34,0.00005417,0.000000,0.000000,0
2026-07-20 08:10:00,64220.60,64228.90,64220.60,64228.80,25.887000,255,12.686000,13.201000,64222.78,102032.06,0.00005417,0.000000,0.000000,0
2026-07-20 08:11:00,64228.80,64228.90,64203.10,64219.90,61.796000,487,20.756000,41.040000,64215.63,102043.48,0.00005420,0.000000,0.000000,0
2026-07-20 08:12:00,64220.00,64226.10,64200.00,64215.50,105.379000,634,27.460000,77.919000,64213.54,102057.96,0.00005436,0.000000,0.000000,0
2026-07-20 08:13:00,64215.40,64235.00,64211.40,64226.40,64.374000,583,33.742000,30.632000,64220.70,102064.03,0.00005436,0.000000,0.000000,0
2026-07-20 08:14:00,64226.40,64272.70,64226.40,64272.60,97.377000,687,73.502000,23.875000,64260.63,102079.30,0.00005461,0.000000,0.000000,0
2026-07-20 08:15:00,64272.70,64272.70,64271.60,64271.60,20.803000,205,10.405000,10.398000,64272.57,102081.87,0.00005524,0.000000,0.000000,0
2026-07-20 08:16:00,64271.60,64282.90,64230.50,64282.90,73.743000,1012,47.727000,26.016000,64258.66,102086.02,0.00005524,0.000000,0.000000,0
2026-07-20 08:17:00,64282.90,64327.60,64282.80,64327.50,81.387000,824,61.235000,20.152000,64296.72,102091.97,0.00005604,0.000000,0.000000,0
2026-07-20 08:18:00,64327.50,64333.00,64256.60,64256.60,159.989000,983,55.419000,104.570000,64312.47,102120.79,0.00005417,0.000000,0.000000,0
2026-07-20 08:19:00,64256.50,64275.80,64240.00,64275.80,47.594000,767,22.539000,25.055000,64258.70,102115.65,0.00005712,0.000000,0.001000,0
2026-07-20 08:20:00,64275.80,64278.70,64260.00,64275.00,73.471000,405,53.674000,19.797000,64271.33,102135.68,0.00005726,0.000000,0.000000,0
2026-07-20 08:21:00,64275.00,64275.00,64220.00,64227.90,61.032000,653,20.386000,40.646000,64243.65,102124.69,0.00005726,0.000000,0.000000,0
2026-07-20 08:22:00,64227.90,64244.10,64220.50,64220.50,43.675000,568,13.754000,29.921000,64233.17,102128.13,0.00005747,0.000000,0.000000,0
2026-07-20 08:23:00,64220.50,64233.40,64212.60,64212.60,56.102000,373,21.287000,34.815000,64219.77,102133.33,0.00005762,0.000000,0.000000,0
2026-07-20 08:24:00,64212.60,64212.70,64200.50,64201.70,50.476000,309,9.650000,40.826000,64205.02,102119.26,0.00005762,0.000000,0.000000,0
2026-07-20 08:25:00,64201.70,64235.40,64201.70,64220.30,48.435000,512,28.235000,20.200000,64215.77,102126.39,0.00005784,0.000000,0.000000,0
2026-07-20 08:26:00,64220.20,64243.30,64209.40,64213.00,91.115000,1093,38.897000,52.218000,64229.90,102123.50,0.00005765,0.000000,0.001000,0
2026-07-20 08:27:00,64213.00,64223.50,64199.90,64199.90,84.072000,634,15.609000,68.463000,64209.52,102095.81,0.00005782,0.000000,0.000000,0
2026-07-20 08:28:00,64199.90,64217.90,64199.90,64208.30,187.795000,745,95.369000,92.426000,64206.01,102034.52,0.00005782,0.000000,0.000000,0
2026-07-20 08:29:00,64208.40,64209.70,64206.50,64209.60,31.820000,172,14.630000,17.190000,64208.18,102030.04,0.00005767,0.000000,0.000000,0
2026-07-20 08:30:00,64209.60,64219.60,64204.60,64210.20,79.520000,410,52.762000,26.758000,64209.53,102002.82,0.00005752,0.000000,0.000000,0
2026-07-20 08:31:00,64210.30,64234.40,64206.80,64212.60,131.920000,761,98.655000,33.265000,64219.47,102048.96,0.00005752,0.000000,0.000000,0
2026-07-20 08:32:00,64212.50,64223.70,64199.90,64207.30,106.367000,709,38.039000,68.328000,64207.06,102028.47,0.00005721,0.000000,0.000000,0
2026-07-20 08:33:00,64207.30,64209.50,64201.40,64208.00,47.671000,368,14.948000,32.723000,64205.98,102028.47,0.00005696,0.082000,0.000000,0
2026-07-20 08:34:00,64207.90,64208.00,64200.50,64203.00,28.942000,258,5.838000,23.104000,64203.41,102001.90,0.00005696,0.000000,0.000000,0
2026-07-20 08:35:00,64203.00,64203.10,64161.80,64168.60,803.550000,910,123.755000,679.795000,64186.90,101997.60,0.00005675,0.000000,0.001000,0
2026-07-20 08:36:00,64168.60,64250.00,64160.80,64175.60,246.576000,1952,152.107000,94.469000,64208.59,101992.48,0.00005641,0.002000,0.000000,0
2026-07-20 08:37:00,64175.60,64179.50,64036.60,64049.60,935.945000,4237,266.143000,669.802000,64101.14,101960.73,0.00005618,0.000000,0.844000,0
2026-07-20 08:38:00,64049.40,64059.50,63858.10,63873.80,1167.425000,4754,397.198000,770.227000,63947.76,102079.99,0.00005618,0.000000,3.801000,0
2026-07-20 08:39:00,63873.90,63939.10,63870.60,63939.00,316.570000,1839,201.077000,115.493000,63901.72,102181.53,0.00005599,0.000000,0.183000,0
2026-07-20 08:40:00,63939.10,63955.90,63933.00,63949.70,159.854000,710,51.581000,108.273000,63943.43,102213.28,0.00005666,0.000000,0.000000,0
2026-07-20 08:41:00,63949.70,63949.80,63949.70,63949.80,44.427000,299,20.959000,23.468000,63949.75,102227.10,0.00005666,0.000000,0.000000,0
2026-07-20 08:42:00,63949.80,63963.90,63910.10,63953.40,166.074000,1201,71.909000,94.165000,63944.10,102226.22,0.00005724,0.000000,0.000000,0
2026-07-20 08:43:00,63953.60,63963.00,63941.60,63962.00,87.895000,660,45.978000,41.917000,63952.14,102232.46,0.00005794,0.047000,0.000000,0
2026-07-20 08:44:00,63962.00,63962.10,63938.10,63938.10,51.774000,351,9.995000,41.779000,63949.33,102218.87,0.00005794,0.000000,0.069000,0
2026-07-20 08:45:00,63938.00,63945.90,63892.60,63895.80,89.465000,834,21.783000,67.682000,63924.73,102224.59,0.00005830,0.000000,0.000000,0
2026-07-20 08:46:00,63895.90,63964.00,63895.90,63963.90,135.572000,954,85.917000,49.655000,63931.91,102224.07,0.00005856,0.000000,0.000000,0
2026-07-20 08:47:00,63964.00,63976.10,63957.10,63976.00,76.225000,492,57.789000,18.436000,63965.95,102232.69,0.00005900,0.000000,0.000000,0
2026-07-20 08:48:00,63976.10,64015.60,63976.00,64013.90,101.196000,808,65.562000,35.634000,63998.54,102243.29,0.00005900,0.000000,0.000000,0
2026-07-20 08:49:00,64013.80,64015.40,63988.70,64015.30,106.074000,582,27.088000,78.986000,64003.74,102231.64,0.00005942,0.000000,0.000000,0
2026-07-20 08:50:00,64015.30,64032.90,64011.60,64031.60,73.393000,569,32.509000,40.884000,64024.46,102267.63,0.00005988,0.000000,0.000000,0
2026-07-20 08:51:00,64031.70,64086.10,64031.60,64054.00,147.985000,941,112.031000,35.954000,64062.96,102279.06,0.00005988,0.252000,0.000000,0
2026-07-20 08:52:00,64054.10,64054.40,64036.60,64042.20,74.503000,640,23.079000,51.424000,64046.41,102307.93,0.00006066,0.000000,0.000000,0
2026-07-20 08:53:00,64042.10,64042.20,64011.50,64022.50,50.106000,652,19.410000,30.696000,64021.53,102327.03,0.00006103,0.000000,0.000000,0
2026-07-20 08:54:00,64022.50,64022.60,64004.40,64004.50,29.749000,287,15.775000,13.974000,64013.47,102329.37,0.00006109,0.000000,0.000000,0
2026-07-20 08:55:00,64004.40,64035.50,63988.00,63988.00,76.425000,754,35.452000,40.973000,64009.56,102335.95,0.00006109,0.000000,0.000000,0
2026-07-20 08:56:00,63988.10,64012.50,63988.00,64012.30,38.643000,299,25.988000,12.655000,64007.81,102313.85,0.00006139,0.000000,0.000000,0
2026-07-20 08:57:00,64012.40,64012.40,63984.70,64006.00,93.563000,663,26.634000,66.929000,63993.21,102310.26,0.00006151,0.000000,0.000000,0
2026-07-20 08:58:00,64005.90,64021.50,63974.50,63986.30,65.829000,784,18.731000,47.098000,63990.44,102334.51,0.00006151,0.000000,0.000000,0
2026-07-20 08:59:00,63986.30,64004.80,63986.30,64004.70,13.386000,302,9.097000,4.289000,63995.80,102346.46,0.00006180,0.000000,0.000000,0
2026-07-20 09:00:00,64004.70,64031.40,64000.30,64031.40,51.484000,404,26.761000,24.723000,64009.97,102352.21,0.00006165,0.000000,0.000000,0
2026-07-20 09:01:00,64031.40,64040.00,64023.70,64040.00,78.280000,462,39.977000,38.303000,64031.34,102342.10,0.00006165,0.000000,0.000000,0
2026-07-20 09:02:00,64040.00,64040.00,64021.20,64033.00,26.530000,347,21.254000,5.276000,64030.90,102331.23,0.00006213,0.000000,0.002000,0
2026-07-20 09:03:00,64032.90,64050.00,64032.90,64033.10,34.589000,523,23.606000,10.983000,64044.87,102329.87,0.00006235,0.003000,0.000000,0
2026-07-20 09:04:00,64033.20,64033.20,64003.50,64008.90,29.207000,419,7.922000,21.285000,64015.93,102340.34,0.00006271,0.000000,0.000000,0
2026-07-20 09:05:00,64008.90,64013.00,64006.00,64006.00,19.717000,261,8.466000,11.251000,64008.99,102341.55,0.00006271,0.000000,0.000000,0
2026-07-20 09:06:00,64006.00,64006.10,63984.50,63990.60,57.572000,501,28.101000,29.471000,63993.81,102343.67,0.00006232,0.000000,0.002000,0
2026-07-20 09:07:00,63990.60,63996.80,63985.30,63996.80,28.300000,311,14.539000,13.761000,63989.22,102353.07,0.00006215,0.000000,0.000000,0
2026-07-20 09:08:00,63996.80,64006.00,63987.50,64006.00,49.281000,378,23.052000,26.229000,63996.46,102352.39,0.00006215,0.000000,0.000000,0
2026-07-20 09:09:00,64005.90,64033.40,64001.40,64033.40,57.874000,471,51.379000,6.495000,64009.31,102346.57,0.00006223,0.000000,0.000000,0
2026-07-20 09:10:00,64033.40,64033.40,63991.20,64007.60,67.276000,831,37.222000,30.054000,64006.50,102353.78,0.00006255,0.000000,0.000000,0
2026-07-20 09:11:00,64007.70,64035.00,64007.60,64035.00,26.122000,376,20.283000,5.839000,64024.82,102336.43,0.00006276,0.000000,0.000000,0
2026-07-20 09:12:00,64035.00,64050.10,64034.90,64050.10,58.986000,278,52.000000,6.986000,64043.52,102341.88,0.00006276,0.000000,0.000000,0
2026-07-20 09:13:00,64050.00,64072.80,64042.90,64072.70,77.217000,597,61.932000,15.285000,64056.75,102361.13,0.00006344,0.000000,0.000000,0
2026-07-20 09:14:00,64072.60,64087.60,64066.30,64066.30,81.787000,649,33.277000,48.510000,64078.32,102349.49,0.00006372,0.000000,0.000000,0
2026-07-20 09:15:00,64066.40,64085.20,64060.00,64077.60,43.879000,576,29.749000,14.130000,64069.95,102350.55,0.00006372,0.003000,0.000000,0
2026-07-20 09:16:00,64077.70,64123.90,64077.60,64104.80,108.939000,816,60.246000,48.693000,64105.56,102355.21,0.00006388,0.003000,0.000000,0
2026-07-20 09:17:00,64104.90,64145.20,64096.80,64144.90,165.334000,889,141.967000,23.367000,64131.75,102325.57,0.00006412,0.180000,0.000000,0
2026-07-20 09:18:00,64144.80,64145.70,64121.20,64138.90,49.013000,653,31.582000,17.431000,64138.15,102299.13,0.00006412,0.012000,0.000000,0
2026-07-20 09:19:00,64138.80,64139.90,64105.60,64105.60,32.287000,424,9.640000,22.647000,64121.71,102297.35,0.00006429,0.000000,0.000000,0
2026-07-20 09:20:00,64105.70,64105.70,64066.60,64066.60,42.863000,569,13.869000,28.994000,64096.99,102311.03,0.00006421,0.000000,0.000000,0
2026-07-20 09:21:00,64066.60,64105.90,64058.60,64080.20,31.803000,761,16.648000,15.155000,64083.16,102321.65,0.00006374,0.000000,0.000000,0
2026-07-20 09:22:00,64080.20,64127.90,64080.00,64127.80,37.471000,642,21.113000,16.358000,64104.70,102319.37,0.00006374,0.002000,0.000000,0
2026-07-20 09:23:00,64127.90,64143.90,64127.80,64136.80,29.163000,433,17.193000,11.970000,64139.19,102316.44,0.00006366,0.000000,0.000000,0
2026-07-20 09:24:00,64136.90,64150.00,64136.00,64146.00,29.670000,346,19.566000,10.104000,64142.73,102313.21,0.00006427,0.000000,0.000000,0
2026-07-20 09:25:00,64145.90,64150.00,64127.90,64137.80,28.501000,362,9.538000,18.963000,64144.03,102316.44,0.00006427,0.000000,0.000000,0
2026-07-20 09:26:00,64137.80,64164.00,64137.70,64160.20,37.143000,537,23.694000,13.449000,64149.53,102308.11,0.00006471,0.012000,0.000000,0
2026-07-20 09:27:00,64160.30,64175.60,64160.20,64166.20,57.855000,409,37.889000,19.966000,64171.93,102308.40,0.00006497,0.062000,0.000000,0
2026-07-20 09:28:00,64166.30,64175.60,64166.20,64166.20,32.982000,278,18.492000,14.490000,64171.83,102299.26,0.00006497,0.000000,0.000000,0
2026-07-20 09:29:00,64166.20,64171.80,64159.60,64168.90,40.955000,314,25.688000,15.267000,64166.87,102290.81,0.00006525,0.000000,0.000000,0
2026-07-20 09:30:00,64168.80,64174.60,64168.80,64174.40,28.038000,154,15.909000,12.129000,64173.43,102278.93,0.00006536,0.000000,0.000000,0
2026-07-20 09:31:00,64174.40,64188.50,64155.50,64188.50,92.878000,620,60.575000,32.303000,64173.18,102282.38,0.00006559,0.001000,0.000000,0
2026-07-20 09:32:00,64188.50,64190.00,64176.00,64188.50,22.872000,462,9.179000,13.693000,64186.05,102273.96,0.00006559,0.000000,0.000000,0
2026-07-20 09:33:00,64188.50,64198.00,64188.40,64195.10,34.973000,329,23.205000,11.768000,64193.64,102268.78,0.00006579,0.000000,0.000000,0
2026-07-20 09:34:00,64195.20,64230.00,64195.10,64230.00,96.496000,778,65.963000,30.533000,64217.72,102261.29,0.00006582,0.011000,0.000000,0
2026-07-20 09:35:00,64230.00,64230.00,64207.00,64216.70,81.931000,526,19.915000,62.016000,64217.97,102255.87,0.00006582,0.061000,0.000000,0
2026-07-20 09:36:00,64216.70,64232.00,64216.70,64231.90,57.474000,369,44.036000,13.438000,64226.58,102233.64,0.00006614,0.000000,0.000000,0
2026-07-20 09:37:00,64232.00,64232.00,64212.60,64215.50,39.917000,568,21.204000,18.713000,64224.84,102226.07,0.00006616,0.913000,0.056000,0
2026-07-20 09:38:00,64215.50,64223.00,64191.00,64191.00,35.479000,491,10.821000,24.658000,64211.05,102218.25,0.00006616,0.000000,0.000000,0
2026-07-20 09:39:00,64191.10,64199.50,64170.10,64177.20,39.197000,524,6.667000,32.530000,64178.90,102216.54,0.00006621,0.000000,0.000000,0
2026-07-20 09:40:00,64177.20,64197.70,64177.20,64197.10,35.812000,536,22.531000,13.281000,64190.63,102222.88,0.00006581,0.000000,0.000000,0
2026-07-20 09:41:00,64197.10,64214.90,64183.40,64202.90,39.058000,817,29.929000,9.129000,64195.66,102223.69,0.00006551,0.000000,0.000000,0
2026-07-20 09:42:00,64202.90,64220.00,64193.20,64220.00,46.100000,467,25.248000,20.852000,64198.85,102231.22,0.00006551,0.000000,0.000000,0
2026-07-20 09:43:00,64220.00,64222.90,64202.20,64219.70,31.174000,505,14.932000,16.242000,64214.22,102254.07,0.00006561,0.000000,0.000000,0
2026-07-20 09:44:00,64219.80,64219.80,64204.40,64208.40,15.896000,292,7.075000,8.821000,64210.94,102252.04,0.00006562,0.000000,0.066000,0
2026-07-20 09:45:00,64208.30,64210.50,64208.30,64210.40,21.134000,188,10.968000,10.166000,64208.48,102250.02,0.00006562,0.000000,0.000000,0
2026-07-20 09:46:00,64210.50,64243.00,64210.40,64215.80,94.092000,773,72.550000,21.542000,64231.75,102242.14,0.00006561,0.146000,0.000000,0
2026-07-20 09:47:00,64215.70,64231.40,64211.70,64220.60,25.479000,474,12.622000,12.857000,64222.55,102251.79,0.00006573,0.000000,0.000000,0
2026-07-20 09:48:00,64220.60,64233.50,64220.60,64233.40,25.280000,218,15.286000,9.994000,64227.26,102256.22,0.00006587,0.000000,0.000000,0
2026-07-20 09:49:00,64233.30,64243.70,64231.90,64241.00,37.222000,304,25.728000,11.494000,64241.00,102248.83,0.00006587,0.009000,0.000000,0
2026-07-20 09:50:00,64240.90,64241.00,64214.10,64216.90,115.685000,651,48.432000,67.253000,64225.29,102255.25,0.00006605,0.000000,0.000000,0
2026-07-20 09:51:00,64217.00,64227.70,64198.00,64227.70,44.696000,708,23.396000,21.300000,64212.11,102266.09,0.00006626,0.000000,0.000000,0
2026-07-20 09:52:00,64227.60,64257.00,64227.60,64257.00,37.985000,452,31.450000,6.535000,64245.57,102272.65,0.00006626,0.128000,0.000000,0
2026-07-20 09:53:00,64257.00,64260.00,64231.40,64231.60,155.745000,973,96.808000,58.937000,64252.31,102277.12,0.00006667,0.000000,0.000000,0
2026-07-20 09:54:00,64231.60,64236.50,64222.00,64222.00,30.820000,313,9.608000,21.212000,64231.37,102297.03,0.00006714,0.000000,0.000000,0
2026-07-20 09:55:00,64222.10,64222.10,64205.90,64213.80,40.418000,420,32.524000,7.894000,64210.68,102300.54,0.00006714,0.000000,0.000000,0
2026-07-20 09:56:00,64213.90,64213.90,64192.30,64193.00,41.900000,452,17.597000,24.303000,64195.25,102316.60,0.00006739,0.000000,0.000000,0
2026-07-20 09:57:00,64192.90,64200.00,64192.50,64200.00,11.779000,267,4.676000,7.103000,64194.03,102303.62,0.00006745,0.000000,0.000000,0
2026-07-20 09:58:00,64200.00,64200.00,64181.50,64187.50,70.977000,342,14.326000,56.651000,64189.67,102299.45,0.00006740,0.000000,0.000000,0
2026-07-20 09:59:00,64187.40,64200.00,64187.40,64195.30,41.985000,369,18.262000,23.723000,64191.66,102287.97,0.00006740,0.000000,0.000000,0
2026-07-20 10:00:00,64195.20,64195.30,64176.60,64176.70,102.178000,289,26.728000,75.450000,64184.36,102285.76,0.00006774,0.000000,0.000000,0
2026-07-20 10:01:00,64176.60,64185.60,64176.60,64178.00,26.420000,293,12.967000,13.453000,64180.67,102233.88,0.00006823,0.000000,0.000000,0
2026-07-20 10:02:00,64178.00,64178.00,64137.00,64156.00,92.820000,655,32.761000,60.059000,64150.76,102221.15,0.00006823,0.000000,0.024000,0
2026-07-20 10:03:00,64156.00,64206.30,64155.80,64206.30,69.739000,584,62.810000,6.929000,64187.69,102213.88,0.00006864,0.000000,0.000000,0
2026-07-20 10:04:00,64206.20,64206.30,64185.00,64188.20,33.174000,538,8.363000,24.811000,64199.13,102242.36,0.00006893,0.000000,0.000000,0
2026-07-20 10:05:00,64188.20,64203.70,64188.20,64200.10,46.928000,295,10.484000,36.444000,64200.35,102241.12,0.00006925,0.000000,0.000000,0
2026-07-20 10:06:00,64200.10,64208.10,64191.60,64192.70,43.774000,450,32.741000,11.033000,64197.66,102250.36,0.00006925,0.000000,0.000000,0
2026-07-20 10:07:00,64192.70,64202.00,64171.00,64184.60,42.100000,549,17.790000,24.310000,64187.42,102251.23,0.00006949,0.000000,0.000000,0
2026-07-20 10:08:00,64184.70,64184.70,64177.30,64177.30,13.451000,222,2.200000,11.251000,64178.90,102244.54,0.00006954,0.000000,0.000000,0
2026-07-20 10:09:00,64177.30,64200.00,64177.10,64192.80,36.345000,363,19.470000,16.875000,64184.86,102247.04,0.00006954,0.000000,0.000000,0
2026-07-20 10:10:00,64192.70,64201.20,64192.70,64201.10,26.182000,255,16.110000,10.072000,64195.30,102248.89,0.00006969,0.000000,0.000000,0
2026-07-20 10:11:00,64201.10,64232.40,64201.10,64232.40,25.037000,405,20.727000,4.310000,64217.08,102248.40,0.00006981,0.000000,0.000000,0
2026-07-20 10:12:00,64232.40,64240.00,64215.50,64229.40,28.266000,566,9.916000,18.350000,64231.55,102252.63,0.00006981,0.000000,0.000000,0
2026-07-20 10:13:00,64229.40,64246.60,64224.60,64224.60,85.641000,681,48.461000,37.180000,64234.69,102249.47,0.00007030,0.000000,0.000000,0
2026-07-20 10:14:00,64224.60,64257.80,64224.00,64257.70,108.260000,586,70.865000,37.395000,64243.37,102218.90,0.00007060,0.000000,0.000000,0
2026-07-20 10:15:00,64257.70,64260.60,64247.50,64258.50,39.554000,424,14.512000,25.042000,64257.70,102229.84,0.00007083,0.000000,0.000000,0
2026-07-20 10:16:00,64258.60,64258.60,64236.00,64241.50,25.021000,404,13.177000,11.844000,64246.49,102229.43,0.00007083,0.000000,0.000000,0
2026-07-20 10:17:00,64241.60,64254.90,64241.30,64254.90,88.297000,406,77.258000,11.039000,64243.59,102239.97,0.00007111,0.000000,0.000000,0
2026-07-20 10:18:00,64254.80,64266.00,64235.00,64237.70,204.058000,647,26.757000,177.301000,64250.35,102232.95,0.00007129,0.000000,0.000000,0
2026-07-20 10:19:00,64237.60,64249.00,64237.40,64249.00,14.357000,210,10.048000,4.309000,64243.27,102164.52,0.00007129,0.000000,0.051000,0
2026-07-20 10:20:00,64249.00,64249.00,64224.60,64242.70,41.550000,517,26.061000,15.489000,64233.97,102177.97,0.00007143,0.002000,0.000000,0
2026-07-20 10:21:00,64242.70,64284.20,64237.10,64283.50,54.953000,801,46.749000,8.204000,64260.00,102177.17,0.00007176,0.036000,0.000000,0
2026-07-20 10:22:00,64283.50,64283.50,64261.40,64261.50,40.433000,410,18.298000,22.135000,64278.25,102211.05,0.00007176,0.000000,0.000000,0
2026-07-20 10:23:00,64261.40,64330.00,64261.20,64329.90,142.428000,868,92.310000,50.118000,64297.78,102201.73,0.00007216,0.235000,0.000000,0
2026-07-20 10:24:00,64330.00,64333.00,64320.50,64332.80,117.720000,528,77.873000,39.847000,64328.84,102174.44,0.00007278,0.000000,0.000000,0
2026-07-20 10:25:00,64332.80,64385.10,64320.20,64377.00,370.596000,2158,219.600000,150.996000,64364.03,102158.96,0.00007278,1.105000,0.000000,0
2026-07-20 10:26:00,64377.10,64393.20,64328.80,64328.90,184.990000,1230,58.597000,126.393000,64364.56,102130.23,0.00007326,0.104000,0.000000,0
2026-07-20 10:27:00,64328.90,64349.20,64328.80,64343.90,81.984000,595,50.495000,31.489000,64340.64,102112.46,0.00007369,0.000000,0.000000,0
2026-07-20 10:28:00,64343.90,64343.90,64311.50,64336.00,42.294000,629,20.728000,21.566000,64324.93,102105.89,0.00007396,0.007000,0.000000,0
2026-07-20 10:29:00,64335.90,64336.00,64312.90,64332.60,36.997000,581,22.416000,14.581000,64322.17,102106.35,0.00007396,0.001000,0.000000,0
2026-07-20 10:30:00,64332.60,64339.30,64329.10,64329.20,25.330000,456,11.919000,13.411000,64334.27,102101.16,0.00007403,0.000000,0.000000,0
2026-07-20 10:31:00,64329.10,64329.20,64288.70,64288.70,150.233000,942,34.406000,115.827000,64309.40,102072.42,0.00007438,0.000000,0.000000,0
2026-07-20 10:32:00,64288.70,64292.40,64260.20,64260.30,47.061000,492,10.976000,36.085000,64277.49,102076.49,0.00007438,0.000000,0.000000,0
2026-07-20 10:33:00,64260.20,64268.50,64259.90,64259.90,47.119000,398,12.437000,34.682000,64263.41,102061.36,0.00007426,0.000000,0.000000,0
2026-07-20 10:34:00,64260.00,64280.30,64259.90,64269.90,42.710000,333,21.630000,21.080000,64266.29,102066.99,0.00007419,0.000000,0.000000,0
2026-07-20 10:35:00,64269.90,64269.90,64260.00,64260.50,19.478000,267,5.557000,13.921000,64263.36,102072.32,0.00007419,0.000000,0.000000,0
2026-07-20 10:36:00,64260.40,64260.50,64223.30,64246.60,116.999000,760,27.810000,89.189000,64238.13,102033.96,0.00007430,0.000000,0.000000,0
2026-07-20 10:37:00,64246.50,64295.10,64246.50,64285.60,69.782000,573,49.288000,20.494000,64283.32,102033.15,0.00007434,0.000000,0.000000,0
2026-07-20 10:38:00,64285.60,64285.60,64253.90,64271.00,19.574000,472,8.981000,10.593000,64263.30,102060.05,0.00007496,0.000000,0.000000,0
2026-07-20 10:39:00,64271.00,64271.00,64234.80,64255.70,18.041000,538,7.669000,10.372000,64255.76,102058.46,0.00007496,0.000000,0.000000,0
2026-07-20 10:40:00,64255.80,64256.40,64255.70,64256.40,12.939000,133,5.916000,7.023000,64255.93,102060.53,0.00007479,0.000000,0.000000,0
2026-07-20 10:41:00,64256.30,64256.40,64235.20,64235.30,21.494000,309,3.644000,17.850000,64247.95,102066.09,0.00007501,0.000000,0.000000,0
2026-07-20 10:42:00,64235.20,64267.70,64235.20,64267.60,16.378000,347,12.152000,4.226000,64258.22,102064.38,0.00007501,0.001000,0.023000,0
2026-07-20 10:43:00,64267.60,64276.80,64264.60,64276.80,28.067000,237,18.933000,9.134000,64268.11,102065.84,0.00007508,0.000000,0.000000,0
2026-07-20 10:44:00,64277.00,64312.60,64252.70,64257.50,154.258000,969,76.710000,77.548000,64278.57,102084.38,0.00007549,0.000000,0.000000,0
2026-07-20 10:45:00,64257.50,64305.20,64257.50,64305.00,42.304000,610,32.713000,9.591000,64292.54,102097.82,0.00007578,0.000000,0.000000,0
2026-07-20 10:46:00,64304.90,64305.00,64276.90,64285.10,26.887000,502,14.698000,12.189000,64287.82,102103.24,0.00007578,0.000000,0.000000,0
2026-07-20 10:47:00,64285.10,64300.00,64277.10,64300.00,21.133000,408,8.215000,12.918000,64290.81,102098.55,0.00007616,0.000000,0.000000,0
2026-07-20 10:48:00,64299.90,64303.70,64299.90,64303.60,10.883000,147,7.253000,3.630000,64301.76,102098.04,0.00007635,0.000000,0.000000,0
2026-07-20 10:49:00,64303.70,64318.00,64303.60,64318.00,39.033000,452,25.549000,13.484000,64309.11,102100.37,0.00007635,0.000000,0.000000,0
2026-07-20 10:50:00,64317.90,64320.00,64300.00,64316.30,25.417000,387,7.691000,17.726000,64311.10,102103.59,0.00007674,0.000000,0.000000,0
2026-07-20 10:51:00,64316.30,64316.40,64305.50,64310.30,17.949000,255,7.975000,9.974000,64312.37,102103.30,0.00007688,0.000000,0.000000,0
2026-07-20 10:52:00,64310.20,64310.30,64285.00,64285.10,23.858000,493,4.103000,19.755000,64301.11,102106.15,0.00007688,0.000000,0.000000,0
2026-07-20 10:53:00,64285.10,64299.70,64285.00,64299.60,10.933000,217,4.188000,6.745000,64294.09,102107.01,0.00007697,0.000000,0.000000,0
2026-07-20 10:54:00,64299.70,64326.70,64299.70,64319.90,25.737000,372,14.453000,11.284000,64318.85,102107.08,0.00007700,0.000000,0.000000,0
2026-07-20 10:55:00,64319.90,64327.30,64319.80,64327.30,28.253000,312,21.336000,6.917000,64323.47,102110.12,0.00007743,0.000000,0.000000,0
2026-07-20 10:56:00,64327.30,64327.30,64310.20,64310.30,17.814000,244,7.889000,9.925000,64320.22,102110.22,0.00007743,0.000000,0.000000,0
2026-07-20 10:57:00,64310.30,64310.30,64303.70,64303.70,19.952000,196,2.121000,17.831000,64305.08,102108.64,0.00007791,0.000000,0.000000,0
2026-07-20 10:58:00,64303.70,64303.80,64289.80,64289.90,31.935000,244,3.908000,28.027000,64300.07,102106.73,0.00007797,0.000000,0.000000,0
2026-07-20 10:59:00,64289.90,64294.40,64267.50,64267.50,26.958000,348,5.652000,21.306000,64274.89,102100.68,0.00007797,0.000000,0.000000,0
2026-07-20 11:00:00,64267.50,64280.50,64267.50,64280.50,24.383000,213,17.931000,6.452000,64269.53,102104.75,0.00007779,0.000000,0.000000,0
2026-07-20 11:01:00,64280.50,64300.00,64270.80,64300.00,41.643000,589,23.230000,18.413000,64282.43,102104.79,0.00007768,0.000000,0.000000,0
2026-07-20 11:02:00,64300.00,64308.50,64293.40,64296.30,56.433000,464,12.498000,43.935000,64301.39,102132.64,0.00007768,0.000000,0.000000,0
2026-07-20 11:03:00,64296.40,64322.80,64269.50,64275.90,37.208000,798,12.407000,24.801000,64299.58,102137.17,0.00007808,0.000000,0.000000,0
2026-07-20 11:04:00,64275.80,64298.00,64268.10,64268.20,59.813000,582,26.942000,32.871000,64281.48,102138.42,0.00007859,0.000000,0.000000,0
2026-07-20 11:05:00,64268.20,64305.40,64237.10,64305.30,154.045000,1416,51.429000,102.616000,64261.24,102154.98,0.00007835,0.000000,0.000000,0
2026-07-20 11:06:00,64305.30,64389.50,64305.30,64372.10,168.581000,1316,131.614000,36.967000,64362.01,102156.48,0.00007835,0.003000,0.000000,0
2026-07-20 11:07:00,64372.10,64424.60,64371.00,64399.90,188.786000,1382,147.217000,41.569000,64396.67,102143.07,0.00007848,6.506000,0.000000,0
2026-07-20 11:08:00,64399.90,64418.90,64362.60,64364.20,103.261000,1253,50.866000,52.395000,64385.08,102113.32,0.00007846,0.000000,0.000000,0
2026-07-20 11:09:00,64364.20,64413.20,64364.20,64413.20,43.791000,530,34.306000,9.485000,64388.79,102127.66,0.00007846,0.000000,0.000000,0
2026-07-20 11:10:00,64413.10,64425.30,64405.00,64409.00,66.159000,561,33.461000,32.698000,64414.04,102116.80,0.00007840,0.239000,0.000000,0
2026-07-20 11:11:00,64409.10,64409.10,64390.00,64390.10,45.380000,427,18.569000,26.811000,64396.91,102118.52,0.00007852,0.000000,0.000000,0
2026-07-20 11:12:00,64390.10,64414.20,64390.00,64402.10,23.361000,455,11.731000,11.630000,64396.55,102112.02,0.00007854,0.000000,0.000000,0
2026-07-20 11:13:00,64402.00,64402.00,64384.40,64389.30,20.921000,564,9.227000,11.694000,64393.58,102113.27,0.00007854,0.000000,0.000000,0
2026-07-20 11:14:00,64389.40,64404.10,64375.50,64375.50,26.726000,423,17.216000,9.510000,64387.56,102114.25,0.00007857,0.000000,0.000000,0
2026-07-20 11:15:00,64375.50,64375.60,64351.20,64360.00,40.667000,442,10.869000,29.798000,64355.85,102115.55,0.00007876,0.000000,0.000000,0
2026-07-20 11:16:00,64360.10,64376.60,64329.10,64329.10,75.178000,813,39.173000,36.005000,64345.81,102117.55,0.00007876,0.000000,0.000000,0
2026-07-20 11:17:00,64329.10,64336.80,64326.60,64333.20,38.501000,296,21.692000,16.809000,64332.57,102104.38,0.00007878,0.000000,0.000000,0
2026-07-20 11:18:00,64333.20,64339.60,64327.10,64327.70,20.390000,382,4.935000,15.455000,64331.86,102111.46,0.00007868,0.000000,0.000000,0
2026-07-20 11:19:00,64327.70,64327.70,64316.40,64323.90,36.783000,313,13.525000,23.258000,64320.79,102114.07,0.00007868,0.000000,0.000000,0
2026-07-20 11:20:00,64323.80,64323.90,64320.40,64320.40,8.815000,179,3.331000,5.484000,64321.19,102120.00,0.00007884,0.000000,0.000000,0
2026-07-20 11:21:00,64320.50,64320.50,64314.40,64315.70,12.147000,183,4.366000,7.781000,64315.92,102121.43,0.00007876,0.000000,0.000000,0
2026-07-20 11:22:00,64315.80,64315.80,64296.20,64307.60,60.679000,496,34.679000,26.000000,64305.02,102117.89,0.00007876,0.000000,0.000000,0
2026-07-20 11:23:00,64307.60,64307.60,64296.30,64303.60,32.040000,263,11.334000,20.706000,64301.21,102113.17,0.00007876,0.000000,0.000000,0
2026-07-20 11:24:00,64303.50,64307.60,64303.50,64307.50,11.286000,153,4.774000,6.512000,64304.78,102117.69,0.00007872,0.000000,0.000000,0
2026-07-20 11:25:00,64307.60,64333.20,64294.70,64294.80,32.760000,566,13.615000,19.145000,64320.68,102115.69,0.00007868,0.000000,0.000000,0
2026-07-20 11:26:00,64294.80,64328.20,64294.70,64328.20,14.311000,501,7.754000,6.557000,64308.41,102119.16,0.00007868,0.000000,0.000000,0
2026-07-20 11:27:00,64328.20,64335.00,64312.40,64317.80,54.565000,474,7.003000,47.562000,64322.34,102131.60,0.00007889,0.000000,0.000000,0
2026-07-20 11:28:00,64317.80,64329.90,64316.00,64329.90,13.053000,220,5.240000,7.813000,64324.39,102134.66,0.00007931,0.000000,0.000000,0
2026-07-20 11:29:00,64329.90,64342.20,64329.80,64335.00,13.454000,268,8.427000,5.027000,64336.99,102137.82,0.00007950,0.000000,0.000000,0
2026-07-20 11:30:00,64335.00,64335.00,64322.50,64322.60,13.459000,296,5.640000,7.819000,64332.45,102136.04,0.00007950,0.000000,0.000000,0
2026-07-20 11:31:00,64322.50,64480.00,64316.00,64422.70,570.513000,5439,413.039000,157.474000,64438.45,102124.53,0.00007977,12.657000,0.000000,0
2026-07-20 11:32:00,64422.60,64496.70,64420.90,64487.50,246.636000,2415,135.903000,110.733000,64466.56,102082.24,0.00007963,0.247000,0.000000,0
2026-07-20 11:33:00,64487.50,64750.10,64480.00,64748.10,1992.830000,9160,1566.193000,426.637000,64629.92,102212.13,0.00007963,26.069000,0.000000,0
2026-07-20 11:34:00,64748.20,64771.00,64635.80,64646.40,1104.712000,5894,532.927000,571.785000,64716.92,102352.40,0.00008000,5.718000,0.000000,0
2026-07-20 11:35:00,64646.40,64788.00,64645.00,64787.90,571.562000,3335,352.373000,219.189000,64737.57,102220.71,0.00008077,0.435000,0.000000,0
2026-07-20 11:36:00,64788.00,64836.30,64752.00,64790.60,614.885000,4608,359.108000,255.777000,64795.42,102197.38,0.00008077,3.287000,0.000000,0
2026-07-20 11:37:00,64790.40,64915.40,64777.80,64827.10,873.625000,4963,457.106000,416.519000,64863.15,102131.65,0.00008123,8.462000,0.000000,0
2026-07-20 11:38:00,64827.10,64866.00,64815.50,64864.10,433.177000,2509,195.146000,238.031000,64838.43,102091.02,0.00008148,0.087000,0.000000,0
2026-07-20 11:39:00,64864.20,64899.80,64864.10,64875.10,265.358000,1938,129.477000,135.881000,64888.95,102124.77,0.00008182,0.036000,0.000000,0
2026-07-20 11:40:00,64875.20,64875.20,64850.00,64850.90,157.055000,1126,40.377000,116.678000,64862.09,102138.58,0.00008182,0.000000,0.000000,0
2026-07-20 11:41:00,64850.80,64896.00,64846.70,64882.00,167.970000,1632,102.354000,65.616000,64877.54,102146.35,0.00008216,0.001000,0.000000,0
2026-07-20 11:42:00,64882.10,64882.10,64806.40,64832.10,321.216000,2228,125.302000,195.914000,64851.41,102185.66,0.00008276,0.000000,0.000000,0
2026-07-20 11:43:00,64832.10,64888.00,64832.10,64887.90,205.484000,1462,124.958000,80.526000,64858.65,102213.07,0.00008276,0.000000,0.000000,0
2026-07-20 11:44:00,64888.00,64908.60,64830.90,64839.40,218.833000,1413,102.067000,116.766000,64882.87,102264.87,0.00008301,0.000000,0.000000,0
2026-07-20 11:45:00,64839.50,64845.70,64807.10,64807.10,222.830000,1162,28.161000,194.669000,64829.19,102258.13,0.00008363,0.000000,0.000000,0
2026-07-20 11:46:00,64807.20,64879.00,64807.10,64819.90,141.601000,1552,88.846000,52.755000,64844.68,102292.84,0.00008363,0.000000,0.000000,0
2026-07-20 11:47:00,64820.00,64921.60,64816.20,64921.60,184.886000,1410,119.405000,65.481000,64880.87,102290.84,0.00008393,0.011000,0.000000,0
2026-07-20 11:48:00,64921.50,64949.50,64891.50,64949.40,475.227000,2817,242.720000,232.507000,64929.52,102286.53,0.00008438,3.275000,0.000000,0
2026-07-20 11:49:00,64949.50,64955.00,64869.10,64903.40,236.501000,1963,142.191000,94.310000,64914.43,102354.71,0.00008497,0.026000,0.000000,0
2026-07-20 11:50:00,64903.40,64953.60,64893.40,64925.90,224.825000,1494,123.170000,101.655000,64923.17,102419.72,0.00008497,0.000000,0.000000,0
2026-07-20 11:51:00,64925.70,64940.00,64882.20,64892.40,161.760000,1398,43.018000,118.742000,64908.08,102460.95,0.00008498,0.000000,0.000000,0
2026-07-20 11:52:00,64892.50,64919.00,64850.00,64919.00,266.488000,1811,55.134000,211.354000,64879.34,102440.77,0.00008527,0.000000,0.000000,0
2026-07-20 11:53:00,64918.90,64956.40,64918.90,64937.60,142.160000,1159,55.621000,86.539000,64942.70,102445.47,0.00008527,0.012000,0.000000,0
2026-07-20 11:54:00,64937.50,64950.80,64929.20,64943.80,73.186000,734,39.247000,33.939000,64940.62,102457.43,0.00008556,0.000000,0.000000,0
2026-07-20 11:55:00,64943.80,64950.00,64921.70,64935.00,90.537000,1078,45.395000,45.142000,64940.12,102457.43,0.00008562,0.000000,0.000000,0
2026-07-20 11:56:00,64935.00,64943.90,64902.10,64921.70,93.526000,992,41.633000,51.893000,64920.32,102471.14,0.00008562,0.000000,0.000000,0
2026-07-20 11:57:00,64921.60,64964.20,64905.80,64927.20,332.992000,1856,166.136000,166.856000,64935.77,102475.12,0.00008541,0.000000,0.000000,0
2026-07-20 11:58:00,64927.30,65039.80,64922.30,65016.70,607.586000,2754,478.268000,129.318000,64990.14,102478.34,0.00008509,0.692000,0.000000,0
2026-07-20 11:59:00,65016.80,65048.30,65002.90,65002.90,307.772000,1617,156.161000,151.611000,65028.60,102543.63,0.00008509,5.852000,0.000000,0
2026-07-20 12:00:00,65002.90,65018.60,64970.60,64970.90,181.844000,1123,55.603000,126.241000,64991.63,102569.50,0.00008530,0.000000,0.000000,0
2026-07-20 12:01:00,64970.80,64982.00,64928.80,64928.80,378.752000,2296,218.367000,160.385000,64951.21,102606.84,0.00008528,0.000000,0.000000,0
2026-07-20 12:02:00,64928.90,64976.20,64915.00,64940.90,389.537000,2174,261.679000,127.858000,64948.48,102669.72,0.00008515,0.000000,0.000000,0
2026-07-20 12:03:00,64940.90,64941.00,64791.30,64793.60,930.069000,3796,216.175000,713.894000,64836.94,102840.06,0.00008515,0.000000,0.230000,0
2026-07-20 12:04:00,64793.50,64845.20,64668.10,64698.90,1840.815000,8734,687.361000,1153.454000,64744.73,102877.93,0.00008492,0.000000,0.675000,0
2026-07-20 12:05:00,64698.90,64785.20,64689.30,64785.10,233.737000,1908,157.389000,76.348000,64741.05,102367.35,0.00008512,0.000000,0.000000,0
2026-07-20 12:06:00,64785.10,64823.00,64753.50,64822.90,380.321000,2151,251.933000,128.388000,64795.06,102353.77,0.00008512,0.000000,0.000000,0
2026-07-20 12:07:00,64822.90,64824.20,64800.00,64818.90,103.611000,1018,41.675000,61.936000,64813.11,102401.93,0.00008546,0.000000,0.000000,0
2026-07-20 12:08:00,64818.90,64828.90,64800.00,64822.00,81.773000,858,28.389000,53.384000,64820.72,102394.65,0.00008549,0.000000,0.000000,0
2026-07-20 12:09:00,64822.00,64830.00,64803.20,64826.20,92.239000,921,28.438000,63.801000,64823.02,102391.32,0.00008549,0.000000,0.000000,0
2026-07-20 12:10:00,64826.30,64844.60,64826.20,64844.50,67.251000,521,28.221000,39.030000,64835.04,102375.74,0.00008579,0.000000,0.000000,0
2026-07-20 12:11:00,64844.60,64844.60,64796.00,64796.10,118.630000,855,23.227000,95.403000,64832.17,102371.48,0.00008617,0.000000,0.000000,0
2026-07-20 12:12:00,64796.00,64796.00,64750.00,64753.20,261.727000,1529,164.376000,97.351000,64763.78,102351.02,0.00008639,0.000000,0.000000,0
2026-07-20 12:13:00,64753.20,64764.60,64715.10,64721.60,121.087000,894,75.422000,45.665000,64741.06,102371.59,0.00008639,0.000000,0.000000,0
2026-07-20 12:14:00,64721.60,64739.20,64695.00,64710.60,431.606000,1887,224.273000,207.333000,64711.75,102316.14,0.00008609,0.001000,0.000000,0
2026-07-20 12:15:00,64710.60,64729.90,64694.00,64729.60,177.356000,1114,91.309000,86.047000,64707.82,102275.93,0.00008579,0.000000,0.000000,0
2026-07-20 12:16:00,64729.60,64775.40,64729.50,64775.20,138.336000,1650,100.279000,38.057000,64747.76,102300.16,0.00008579,0.000000,0.000000,0
2026-07-20 12:17:00,64775.30,64775.40,64752.30,64774.30,88.226000,717,33.208000,55.018000,64769.34,102294.70,0.00008588,0.000000,0.000000,0
2026-07-20 12:18:00,64774.40,64781.40,64726.10,64731.60,200.574000,1394,58.421000,142.153000,64748.82,102279.27,0.00008604,0.000000,0.000000,0
2026-07-20 12:19:00,64731.70,64732.30,64691.10,64700.90,116.338000,1294,28.130000,88.208000,64710.77,102255.00,0.00008610,0.000000,0.002000,0
2026-07-20 12:20:00,64701.00,64702.70,64662.70,64666.00,124.693000,1083,44.128000,80.565000,64682.29,102252.25,0.00008610,0.000000,0.000000,0
2026-07-20 12:21:00,64666.00,64680.00,64649.00,64679.90,181.905000,1337,52.451000,129.454000,64655.93,102216.55,0.00008628,0.000000,0.000000,0
2026-07-20 12:22:00,64680.00,64724.20,64679.90,64699.20,97.774000,1086,68.168000,29.606000,64698.63,102183.46,0.00008614,0.000000,0.000000,0
2026-07-20 12:23:00,64699.10,64713.00,64691.80,64691.80,54.186000,660,37.285000,16.901000,64701.21,102177.48,0.00008614,0.000000,0.000000,0
2026-07-20 12:24:00,64691.80,64700.80,64690.40,64697.10,42.969000,494,26.564000,16.405000,64696.78,102178.39,0.00008649,0.000000,0.000000,0
2026-07-20 12:25:00,64697.10,64697.10,64679.00,64682.00,77.428000,631,32.981000,44.447000,64690.17,102166.92,0.00008654,0.000000,0.000000,0
2026-07-20 12:26:00,64682.00,64682.00,64647.70,64657.20,69.867000,1084,28.867000,41.000000,64661.52,102158.74,0.00008654,0.000000,0.000000,0
2026-07-20 12:27:00,64657.20,64710.40,64657.20,64673.60,103.625000,1017,48.827000,54.798000,64688.93,102152.59,0.00008652,0.000000,0.000000,0
2026-07-20 12:28:00,64673.70,64694.00,64646.20,64694.00,231.980000,1182,149.520000,82.460000,64662.81,102190.33,0.00008659,0.000000,0.000000,0
2026-07-20 12:29:00,64693.90,64719.00,64693.90,64700.10,93.953000,714,74.374000,19.579000,64707.93,102291.50,0.00008647,0.000000,0.000000,0
2026-07-20 12:30:00,64700.00,64700.10,64672.20,64674.00,64.812000,506,23.194000,41.618000,64684.27,102272.27,0.00008647,0.000000,0.000000,0
2026-07-20 12:31:00,64673.90,64695.50,64662.70,64676.00,109.060000,1316,79.465000,29.595000,64674.97,102280.98,0.00008606,0.000000,0.000000,0
2026-07-20 12:32:00,64676.00,64695.60,64665.60,64682.70,65.093000,658,22.298000,42.795000,64681.32,102277.62,0.00008579,0.000000,0.000000,0
2026-07-20 12:33:00,64682.70,64682.80,64638.70,64642.70,141.358000,937,55.661000,85.697000,64648.80,102278.45,0.00008579,0.000000,0.000000,0
2026-07-20 12:34:00,64642.80,64642.80,64623.80,64623.80,79.456000,478,21.114000,58.342000,64633.40,102312.23,0.00008570,0.000000,0.046000,0
2026-07-20 12:35:00,64623.90,64686.40,64585.00,64686.30,242.707000,1591,96.850000,145.857000,64615.25,102341.45,0.00008560,0.000000,0.129000,0
2026-07-20 12:36:00,64686.40,64718.60,64686.40,64718.60,92.202000,796,77.843000,14.359000,64701.72,102351.37,0.00008560,0.000000,0.000000,0
2026-07-20 12:37:00,64718.60,64727.50,64683.50,64693.40,137.179000,890,38.489000,98.690000,64708.09,102346.59,0.00008598,0.000000,0.000000,0
2026-07-20 12:38:00,64693.30,64703.60,64683.80,64696.50,69.113000,616,41.235000,27.878000,64695.72,102312.21,0.00008624,0.000000,0.000000,0
2026-07-20 12:39:00,64696.50,64696.60,64665.00,64695.30,107.129000,902,41.912000,65.217000,64682.63,102283.46,0.00008642,0.000000,0.000000,0
2026-07-20 12:40:00,64695.30,64695.30,64654.30,64654.40,33.705000,494,12.094000,21.611000,64670.04,102280.04,0.00008642,0.000000,0.000000,0
2026-07-20 12:41:00,64654.30,64672.70,64654.30,64655.70,45.586000,544,18.973000,26.613000,64661.13,102275.23,0.00008660,0.000000,0.000000,0
2026-07-20 12:42:00,64655.70,64671.60,64640.00,64671.50,58.280000,612,29.736000,28.544000,64650.11,102270.93,0.00008642,0.000000,0.000000,0
2026-07-20 12:43:00,64671.60,64674.80,64630.90,64631.00,60.262000,710,38.917000,21.345000,64660.08,102272.14,0.00008642,0.000000,0.003000,0
2026-07-20 12:44:00,64631.00,64631.00,64626.00,64626.00,18.888000,230,8.373000,10.515000,64630.73,102254.46,0.00008632,0.000000,0.000000,0
2026-07-20 12:45:00,64626.00,64630.50,64572.00,64576.40,137.387000,1110,45.127000,92.260000,64596.56,102256.08,0.00008606,0.000000,0.000000,0
2026-07-20 12:46:00,64576.40,64682.10,64571.00,64669.80,251.688000,1643,181.552000,70.136000,64627.08,102256.70,0.00008606,0.000000,0.000000,0
2026-07-20 12:47:00,64669.70,64678.30,64658.00,64672.90,70.985000,744,43.116000,27.869000,64672.04,102195.16,0.00008574,0.000000,0.000000,0
2026-07-20 12:48:00,64673.00,64680.00,64624.80,64645.40,94.085000,862,24.548000,69.537000,64657.10,102200.71,0.00008579,0.000000,0.000000,0
2026-07-20 12:49:00,64645.40,64688.80,64645.40,64667.90,145.030000,1132,85.481000,59.549000,64674.90,102192.18,0.00008577,0.000000,0.000000,0
2026-07-20 12:50:00,64667.90,64718.10,64667.80,64699.50,79.133000,747,64.363000,14.770000,64701.40,102202.20,0.00008577,0.000000,0.000000,0
2026-07-20 12:51:00,64699.50,64704.70,64681.70,64704.60,53.495000,495,33.860000,19.635000,64692.97,102175.71,0.00008610,0.000000,0.000000,0
2026-07-20 12:52:00,64704.70,64712.90,64688.00,64688.00,77.025000,462,15.775000,61.250000,64706.06,102162.82,0.00008598,0.000000,0.000000,0
2026-07-20 12:53:00,64688.00,64696.30,64668.70,64668.70,56.669000,415,28.480000,28.189000,64690.84,102144.98,0.00008598,0.000000,0.000000,0
2026-07-20 12:54:00,64668.60,64695.90,64642.20,64642.20,100.651000,1039,28.143000,72.508000,64672.95,102136.65,0.00008605,0.000000,0.000000,0
2026-07-20 12:55:00,64642.30,64645.00,64634.40,64634.50,41.063000,353,16.751000,24.312000,64639.11,102133.52,0.00008612,0.000000,0.000000,0
2026-07-20 12:56:00,64634.50,64664.10,64630.00,64631.90,102.680000,848,51.789000,50.891000,64644.05,102124.04,0.00008612,0.000000,0.000000,0
2026-07-20 12:57:00,64631.90,64634.60,64594.40,64619.60,153.922000,1138,34.050000,119.872000,64613.57,102152.65,0.00008645,0.000000,0.000000,0
2026-07-20 12:58:00,64619.60,64622.00,64610.00,64622.00,40.033000,302,23.234000,16.799000,64618.98,102152.87,0.00008663,0.000000,0.000000,0
2026-07-20 12:59:00,64622.00,64647.90,64607.00,64607.10,133.723000,839,49.544000,84.179000,64631.66,102153.89,0.00008687,0.000000,0.000000,0
2026-07-20 13:00:00,64607.00,64627.20,64607.00,64627.20,71.073000,370,47.921000,23.152000,64614.75,102144.90,0.00008687,0.000000,0.000000,0
2026-07-20 13:01:00,64627.20,64655.20,64624.00,64653.50,94.634000,698,52.955000,41.679000,64642.11,102134.92,0.00008706,0.000000,0.000000,0
2026-07-20 13:02:00,64653.60,64671.20,64640.00,64643.50,96.746000,886,37.913000,58.833000,64654.46,102119.43,0.00008763,0.000000,0.000000,0
2026-07-20 13:03:00,64643.50,64643.60,64600.00,64600.00,54.389000,683,9.902000,44.487000,64627.79,102124.04,0.00008763,0.000000,0.000000,0
2026-07-20 13:04:00,64600.10,64631.90,64600.00,64625.10,41.382000,721,21.954000,19.428000,64618.74,102105.35,0.00008798,0.000000,0.000000,0
2026-07-20 13:05:00,64625.10,64629.00,64613.10,64613.20,32.045000,330,20.137000,11.908000,64623.88,102105.41,0.00008816,0.000000,0.000000,0
2026-07-20 13:06:00,64613.10,64643.60,64613.10,64643.60,42.354000,403,31.666000,10.688000,64625.13,102102.57,0.00008850,0.000000,0.000000,0
2026-07-20 13:07:00,64643.50,64643.60,64621.70,64643.50,48.979000,793,21.468000,27.511000,64632.14,102110.84,0.00008850,0.000000,0.000000,0
2026-07-20 13:08:00,64643.60,64664.20,64630.70,64655.50,66.901000,902,46.653000,20.248000,64650.40,102112.53,0.00008880,0.001000,0.000000,0
2026-07-20 13:09:00,64655.50,64690.00,64655.40,64683.90,64.822000,970,45.211000,19.611000,64672.85,102096.59,0.00008903,0.000000,0.000000,0
2026-07-20 13:10:00,64683.90,64705.00,64683.90,64705.00,49.987000,613,37.198000,12.789000,64696.42,102091.06,0.00008903,0.000000,0.000000,0
2026-07-20 13:11:00,64705.00,64712.00,64674.70,64674.70,61.400000,566,27.732000,33.668000,64697.95,102096.12,0.00008890,0.000000,0.000000,0
2026-07-20 13:12:00,64674.80,64724.00,64674.80,64711.20,103.338000,902,68.781000,34.557000,64705.80,102081.70,0.00008879,0.006000,0.000000,0
2026-07-20 13:13:00,64711.20,64727.50,64690.40,64700.20,253.648000,1058,144.916000,108.732000,64715.87,102114.92,0.00008879,0.000000,0.000000,0
2026-07-20 13:14:00,64700.10,64704.20,64672.60,64677.60,43.723000,581,16.527000,27.196000,64689.96,102143.58,0.00008883,0.000000,0.000000,0
2026-07-20 13:15:00,64677.50,64677.60,64662.10,64662.20,14.547000,258,3.294000,11.253000,64675.69,102136.04,0.00008873,0.000000,0.000000,0
2026-07-20 13:16:00,64662.20,64691.50,64662.20,64679.00,38.700000,540,19.526000,19.174000,64678.27,102136.36,0.00008852,0.000000,0.000000,0
2026-07-20 13:17:00,64679.00,64679.00,64656.20,64673.80,36.166000,446,13.515000,22.651000,64668.68,102126.15,0.00008852,0.000000,0.000000,0
2026-07-20 13:18:00,64673.70,64686.20,64673.70,64686.20,18.659000,254,13.900000,4.759000,64681.70,102124.70,0.00008861,0.000000,0.000000,0
2026-07-20 13:19:00,64686.10,64695.70,64686.10,64695.40,28.316000,394,15.903000,12.413000,64692.14,102112.24,0.00008852,0.000000,0.000000,0
2026-07-20 13:20:00,64695.50,64698.20,64676.80,64683.20,49.675000,388,30.397000,19.278000,64688.24,102105.90,0.00008852,0.000000,0.000000,0
2026-07-20 13:21:00,64683.20,64683.20,64676.80,64683.10,21.414000,217,14.963000,6.451000,64679.49,102097.90,0.00008870,0.000000,0.000000,0
2026-07-20 13:22:00,64683.00,64686.20,64677.80,64677.90,25.826000,195,15.190000,10.636000,64682.68,102092.27,0.00008856,0.000000,0.000000,0
2026-07-20 13:23:00,64677.80,64677.90,64656.20,64656.20,41.034000,394,12.462000,28.572000,64672.71,102099.36,0.00008856,0.000000,0.000000,0
2026-07-20 13:24:00,64656.30,64656.30,64620.00,64620.00,69.902000,654,39.270000,30.632000,64641.58,102094.42,0.00008852,0.000000,0.005000,0
2026-07-20 13:25:00,64620.00,64629.60,64606.40,64606.40,85.347000,752,32.145000,53.202000,64618.05,102097.96,0.00008810,0.000000,0.000000,0
2026-07-20 13:26:00,64606.50,64606.50,64529.10,64543.60,282.532000,1655,70.572000,211.960000,64555.37,102029.41,0.00008775,0.000000,0.362000,0
2026-07-20 13:27:00,64543.50,64555.60,64535.00,64548.30,112.507000,625,43.599000,68.908000,64543.37,102021.63,0.00008775,0.000000,0.000000,0
2026-07-20 13:28:00,64548.30,64555.20,64520.00,64520.10,157.034000,709,35.079000,121.955000,64530.75,102023.11,0.00008769,0.000000,0.000000,0
2026-07-20 13:29:00,64520.10,64544.10,64501.40,64536.70,133.712000,1074,47.076000,86.636000,64520.99,102015.16,0.00008757,0.000000,0.063000,0
2026-07-20 13:30:00,64536.70,64536.70,64512.20,64528.20,73.022000,599,43.608000,29.414000,64517.73,102002.45,0.00008757,0.000000,0.000000,0
2026-07-20 13:31:00,64528.30,64587.70,64500.00,64583.40,345.105000,3735,163.008000,182.097000,64538.25,101958.98,0.00008762,0.000000,0.024000,0
2026-07-20 13:32:00,64583.40,64596.00,64480.00,64488.00,369.265000,2796,221.549000,147.716000,64534.82,101956.69,0.00008726,0.000000,0.250000,0
2026-07-20 13:33:00,64487.90,64544.30,64471.00,64532.50,257.803000,2357,183.125000,74.678000,64504.18,101945.06,0.00008726,0.000000,0.031000,0
2026-07-20 13:34:00,64532.50,64658.30,64524.90,64651.70,241.067000,2029,195.635000,45.432000,64608.38,101967.05,0.00008688,0.112000,0.000000,0
2026-07-20 13:35:00,64651.70,64686.00,64602.60,64655.40,287.783000,2135,154.363000,133.420000,64647.14,101950.40,0.00008677,0.360000,0.000000,0
2026-07-20 13:36:00,64655.30,64724.80,64636.80,64650.10,228.735000,2431,153.788000,74.947000,64686.29,101950.63,0.00008666,0.213000,0.000000,0
2026-07-20 13:37:00,64650.00,64706.00,64606.60,64608.10,115.668000,2133,54.521000,61.147000,64650.21,101948.93,0.00008666,0.000000,0.000000,0
2026-07-20 13:38:00,64608.10,64683.00,64604.40,64665.60,345.819000,3155,291.118000,54.701000,64647.63,101902.95,0.00008650,0.000000,0.000000,0
2026-07-20 13:39:00,64665.70,64737.50,64623.20,64632.90,141.584000,2033,85.288000,56.296000,64685.45,101906.11,0.00008614,3.922000,0.000000,0
2026-07-20 13:40:00,64633.00,64666.60,64603.20,64641.60,107.012000,2451,62.963000,44.049000,64633.91,101911.52,0.00008614,0.000000,0.000000,0
2026-07-20 13:41:00,64641.60,64680.00,64587.40,64587.40,113.897000,1655,55.288000,58.609000,64636.29,101916.74,0.00008586,0.000000,0.000000,0
2026-07-20 13:42:00,64587.40,64629.80,64537.60,64629.70,203.945000,2455,70.162000,133.783000,64580.42,101909.26,0.00008583,0.000000,0.000000,0
2026-07-20 13:43:00,64629.70,64660.90,64621.20,64648.60,64.014000,1096,36.990000,27.024000,64644.10,101919.75,0.00008583,0.000000,0.000000,0
2026-07-20 13:44:00,64648.50,64655.50,64622.00,64641.30,51.768000,1069,19.318000,32.450000,64636.87,101915.31,0.00008562,0.000000,0.000000,0
2026-07-20 13:45:00,64641.20,64670.00,64623.00,64626.20,62.099000,1078,31.278000,30.821000,64643.89,101906.54,0.00008551,0.000000,0.000000,0
2026-07-20 13:46:00,64626.10,64633.60,64534.40,64534.40,142.013000,1606,59.842000,82.171000,64590.91,101902.85,0.00008551,0.000000,0.000000,0
2026-07-20 13:47:00,64534.40,64565.00,64480.50,64495.50,184.548000,2215,62.442000,122.106000,64518.13,101935.54,0.00008527,0.000000,0.118000,0
2026-07-20 13:48:00,64495.60,64550.30,64338.40,64538.40,648.341000,5718,251.402000,396.939000,64419.35,101873.75,0.00008486,0.000000,4.675000,0
2026-07-20 13:49:00,64538.40,64604.00,64521.90,64580.70,161.083000,2546,99.776000,61.307000,64569.71,101871.57,0.00008429,0.000000,0.000000,0
2026-07-20 13:50:00,64580.70,64700.00,64580.70,64699.60,154.094000,2435,120.748000,33.346000,64659.23,101873.22,0.00008429,0.299000,0.000000,0
2026-07-20 13:51:00,64699.50,64736.50,64606.40,64617.60,223.787000,2766,90.361000,133.426000,64676.44,101875.68,0.00008438,0.019000,0.000000,0
2026-07-20 13:52:00,64617.80,64699.60,64601.20,64628.40,214.353000,3563,104.837000,109.516000,64648.29,101884.72,0.00008422,0.000000,0.000000,0
2026-07-20 13:53:00,64628.40,64628.40,64501.90,64520.10,304.618000,3774,89.405000,215.213000,64559.53,101872.46,0.00008422,0.000000,0.529000,0
2026-07-20 13:54:00,64520.20,64520.30,64372.70,64381.70,344.820000,3922,167.648000,177.172000,64427.12,101856.92,0.00008396,0.000000,0.520000,0
2026-07-20 13:55:00,64381.80,64412.20,64290.00,64313.60,747.720000,5082,384.355000,363.365000,64353.69,101799.04,0.00008340,0.000000,1.841000,0
2026-07-20 13:56:00,64313.60,64393.20,64246.60,64277.70,393.991000,4408,182.559000,211.432000,64311.36,101790.55,0.00008340,0.000000,1.572000,0
2026-07-20 13:57:00,64277.70,64312.90,64254.00,64295.20,281.067000,3674,142.383000,138.684000,64275.86,101742.43,0.00008268,0.000000,1.276000,0
2026-07-20 13:58:00,64295.20,64298.20,64174.50,64215.60,500.542000,3741,161.980000,338.562000,64217.46,101675.92,0.00008246,0.000000,1.662000,0
2026-07-20 13:59:00,64215.70,64296.20,64204.40,64231.80,180.653000,2241,96.223000,84.430000,64256.29,101670.76,0.00008246,0.023000,0.025000,0
2026-07-20 14:00:00,64231.90,64320.00,64231.80,64314.90,171.040000,1512,110.342000,60.698000,64289.72,101688.48,0.00008195,0.000000,0.000000,0
2026-07-20 14:01:00,64315.00,64343.60,64300.00,64304.70,205.700000,1852,106.084000,99.616000,64323.95,101716.49,0.00008193,0.002000,0.000000,0
2026-07-20 14:02:00,64304.70,64336.60,64248.00,64336.60,174.383000,2939,108.288000,66.095000,64289.80,101734.56,0.00008174,0.000000,0.000000,0
2026-07-20 14:03:00,64336.60,64425.60,64329.20,64384.70,285.761000,2988,202.851000,82.910000,64386.60,101722.55,0.00008174,1.927000,0.000000,0
2026-07-20 14:04:00,64384.70,64431.70,64368.10,64429.40,141.853000,2318,86.509000,55.344000,64405.87,101745.68,0.00008145,0.010000,0.000000,0
2026-07-20 14:05:00,64429.60,64442.40,64385.00,64404.30,125.143000,1836,51.100000,74.043000,64413.41,101737.70,0.00008107,0.000000,0.000000,0
2026-07-20 14:06:00,64404.30,64420.00,64354.80,64419.80,174.576000,2276,82.810000,91.766000,64396.72,101737.27,0.00008107,0.000000,0.000000,0
2026-07-20 14:07:00,64419.70,64419.70,64370.80,64405.20,94.826000,2043,49.910000,44.916000,64399.54,101750.93,0.00008062,0.000000,0.000000,0
2026-07-20 14:08:00,64405.20,64418.00,64357.30,64409.10,100.877000,1786,28.911000,71.966000,64391.46,101753.87,0.00008045,0.000000,0.000000,0
2026-07-20 14:09:00,64409.20,64409.20,64350.10,64362.70,61.346000,1349,35.318000,26.028000,64381.36,101773.09,0.00008045,0.000000,0.000000,0
2026-07-20 14:10:00,64362.70,64469.40,64360.00,64440.70,260.203000,2296,212.907000,47.296000,64416.75,101848.41,0.00008021,0.049000,0.000000,0
2026-07-20 14:11:00,64440.80,64440.80,64371.40,64371.40,94.889000,1931,37.753000,57.136000,64397.13,101846.28,0.00007982,0.000000,0.000000,0
2026-07-20 14:12:00,64371.50,64402.80,64352.50,64372.40,81.302000,1651,48.805000,32.497000,64371.29,101859.19,0.00007936,0.000000,0.000000,0
2026-07-20 14:13:00,64372.50,64377.80,64304.80,64313.90,95.922000,1245,44.229000,51.693000,64344.94,101865.99,0.00007936,0.000000,0.000000,0
2026-07-20 14:14:00,64314.00,64355.90,64260.60,64355.80,152.071000,2889,74.145000,77.926000,64294.47,101872.76,0.00007895,0.000000,0.041000,0
2026-07-20 14:15:00,64355.90,64359.10,64266.70,64294.20,71.463000,1550,26.433000,45.030000,64303.60,101860.82,0.00007840,0.000000,0.000000,0
2026-07-20 14:16:00,64294.10,64326.00,64250.00,64315.60,130.526000,2327,63.595000,66.931000,64289.40,101864.40,0.00007840,0.000000,0.000000,0
2026-07-20 14:17:00,64315.70,64325.40,64230.90,64231.20,95.198000,1814,23.703000,71.495000,64266.42,101857.66,0.00007785,0.000000,0.603000,0
2026-07-20 14:18:00,64231.30,64237.60,64163.80,64166.20,339.443000,2929,125.947000,213.496000,64202.36,101827.63,0.00007740,0.000000,0.257000,0
2026-07-20 14:19:00,64166.20,64212.00,64135.00,64200.10,313.296000,2918,123.694000,189.602000,64163.49,101834.77,0.00007663,0.000000,2.472000,0
2026-07-20 14:20:00,64200.00,64246.10,64191.00,64223.70,113.802000,2114,70.227000,43.575000,64219.92,101828.27,0.00007663,0.000000,0.000000,0
2026-07-20 14:21:00,64223.70,64262.40,64170.00,64201.60,149.659000,2647,68.898000,80.761000,64211.88,101822.18,0.00007626,0.000000,0.000000,0
2026-07-20 14:22:00,64201.60,64201.60,64092.50,64109.00,489.856000,3488,90.081000,399.775000,64135.60,101846.30,0.00007556,0.000000,0.663000,0
2026-07-20 14:23:00,64109.20,64155.80,64034.30,64155.80,430.237000,3870,180.553000,249.684000,64086.68,101725.97,0.00007556,0.000000,1.291000,0
2026-07-20 14:24:00,64155.90,64258.90,64141.60,64237.40,217.528000,2418,153.461000,64.067000,64193.54,101755.49,0.00007477,0.019000,0.000000,0
2026-07-20 14:25:00,64237.30,64335.00,64237.30,64311.70,231.218000,2141,174.724000,56.494000,64297.50,101736.16,0.00007460,0.485000,0.000000,0
2026-07-20 14:26:00,64311.60,64343.30,64295.10,64338.60,145.740000,2113,76.269000,69.471000,64327.78,101738.46,0.00007460,0.000000,0.000000,0
2026-07-20 14:27:00,64338.60,64360.00,64321.80,64359.90,137.417000,1186,96.199000,41.218000,64344.28,101782.66,0.00007461,0.004000,0.000000,0
2026-07-20 14:28:00,64360.00,64390.00,64334.80,64377.80,109.063000,1480,66.496000,42.567000,64364.85,101804.24,0.00007443,0.270000,0.000000,0
2026-07-20 14:29:00,64377.90,64392.70,64350.00,64389.70,78.336000,1514,40.164000,38.172000,64375.76,101802.89,0.00007415,0.000000,0.000000,0
2026-07-20 14:30:00,64389.70,64444.00,64379.70,64441.20,117.364000,1192,74.017000,43.347000,64412.33,101801.80,0.00007415,0.078000,0.000000,0
2026-07-20 14:31:00,64441.10,64508.80,64421.30,64488.00,339.311000,2435,243.083000,96.228000,64465.28,101765.49,0.00007379,0.427000,0.000000,0
2026-07-20 14:32:00,64488.10,64515.00,64432.00,64496.40,129.422000,2235,62.867000,66.555000,64477.14,101774.74,0.00007368,0.003000,0.000000,0
2026-07-20 14:33:00,64496.50,64502.40,64426.70,64444.20,108.565000,1579,63.927000,44.638000,64455.78,101791.87,0.00007368,0.000000,0.000000,0
2026-07-20 14:34:00,64444.20,64444.20,64390.70,64405.20,65.525000,1772,31.043000,34.482000,64413.94,101801.36,0.00007349,0.000000,0.000000,0
2026-07-20 14:35:00,64405.20,64448.00,64379.20,64418.60,72.347000,1624,31.140000,41.207000,64412.10,101819.21,0.00007256,0.000000,0.000000,0
2026-07-20 14:36:00,64418.50,64418.50,64384.90,64415.80,50.059000,1313,25.351000,24.708000,64397.67,101816.24,0.00007191,0.000000,0.000000,0
2026-07-20 14:37:00,64415.80,64418.20,64351.70,64355.30,69.580000,1658,22.841000,46.739000,64369.96,101808.70,0.00007191,0.000000,0.000000,0
2026-07-20 14:38:00,64355.30,64358.60,64328.40,64328.50,62.374000,1190,20.021000,42.353000,64343.67,101813.73,0.00007115,0.000000,0.000000,0
2026-07-20 14:39:00,64328.50,64387.40,64313.20,64345.60,69.695000,1679,43.881000,25.814000,64340.67,101824.35,0.00007032,0.000000,0.000000,0
2026-07-20 14:40:00,64345.40,64388.30,64345.30,64385.60,63.524000,1585,33.788000,29.736000,64375.02,101820.45,0.00007032,0.000000,0.000000,0
2026-07-20 14:41:00,64385.70,64438.90,64377.70,64430.10,63.556000,1116,34.601000,28.955000,64407.74,101817.20,0.00006974,0.000000,0.000000,0
2026-07-20 14:42:00,64430.10,64444.00,64392.00,64392.10,71.997000,1424,44.232000,27.765000,64419.08,101830.51,0.00006922,0.000000,0.000000,0
2026-07-20 14:43:00,64392.10,64443.90,64392.10,64419.90,50.386000,1388,23.576000,26.810000,64420.15,101834.68,0.00006892,0.000000,0.000000,0
2026-07-20 14:44:00,64419.90,64437.60,64362.20,64388.70,60.788000,1263,15.116000,45.672000,64394.38,101825.51,0.00006892,0.000000,0.000000,0
2026-07-20 14:45:00,64388.80,64428.70,64377.20,64400.10,37.712000,1109,16.993000,20.719000,64402.74,101832.27,0.00006853,0.000000,0.000000,0
2026-07-20 14:46:00,64400.10,64457.00,64369.40,64456.90,60.108000,1814,44.354000,15.754000,64405.48,101822.42,0.00006831,0.000000,0.000000,0
2026-07-20 14:47:00,64457.00,64550.00,64446.60,64488.50,151.129000,2116,97.381000,53.748000,64508.34,101822.84,0.00006831,0.162000,0.000000,0
2026-07-20 14:48:00,64488.50,64505.00,64421.70,64421.80,49.848000,1340,19.481000,30.367000,64470.63,101828.13,0.00006819,0.000000,0.000000,0
2026-07-20 14:49:00,64421.80,64421.80,64351.80,64368.20,75.903000,1955,27.007000,48.896000,64381.61,101823.81,0.00006773,0.000000,0.000000,0
2026-07-20 14:50:00,64368.10,64380.20,64317.60,64317.60,82.158000,1655,31.606000,50.552000,64348.16,101816.17,0.00006773,0.000000,0.000000,0
2026-07-20 14:51:00,64317.60,64359.80,64293.10,64333.10,78.115000,1894,33.524000,44.591000,64323.22,101816.84,0.00006727,0.000000,0.001000,0
2026-07-20 14:52:00,64333.20,64358.70,64304.80,64343.70,57.035000,1513,37.884000,19.151000,64333.21,101820.70,0.00006687,0.000000,0.000000,0
2026-07-20 14:53:00,64343.80,64378.20,64337.90,64338.10,53.986000,1367,29.393000,24.593000,64357.52,101831.94,0.00006667,0.000000,0.000000,0
2026-07-20 14:54:00,64338.10,64367.70,64270.20,64292.30,109.354000,1629,22.952000,86.402000,64312.08,101814.42,0.00006667,0.000000,0.000000,0
2026-07-20 14:55:00,64292.20,64349.30,64292.20,64317.30,63.716000,1164,38.940000,24.776000,64316.45,101804.72,0.00006641,0.000000,0.000000,0
2026-07-20 14:56:00,64317.20,64364.10,64303.00,64364.10,38.527000,955,23.543000,14.984000,64335.99,101804.79,0.00006606,0.000000,0.000000,0
2026-07-20 14:57:00,64364.10,64391.40,64336.60,64350.00,78.525000,1711,36.813000,41.712000,64361.75,101810.80,0.00006606,0.000000,0.000000,0
2026-07-20 14:58:00,64349.90,64350.00,64314.90,64324.50,41.940000,728,23.054000,18.886000,64327.03,101821.96,0.00006600,0.000000,0.000000,0
2026-07-20 14:59:00,64324.30,64375.90,64324.30,64355.40,70.125000,1370,35.069000,35.056000,64361.42,101819.61,0.00006567,0.000000,0.000000,0
2026-07-20 15:00:00,64355.30,64399.90,64333.10,64392.80,54.648000,1124,33.581000,21.067000,64354.74,101822.35,0.00006567,0.000000,0.000000,0
2026-07-20 15:01:00,64393.00,64463.60,64386.80,64425.90,185.357000,3032,98.541000,86.816000,64421.56,101821.87,0.00006550,0.004000,0.000000,0
2026-07-20 15:02:00,64426.00,64481.40,64425.90,64480.70,90.129000,1722,61.388000,28.741000,64457.72,101833.12,0.00006557,0.000000,0.000000,0
2026-07-20 15:03:00,64480.70,64498.80,64461.30,64498.70,71.785000,1515,29.190000,42.595000,64479.88,101834.82,0.00006550,0.216000,0.000000,0
2026-07-20 15:04:00,64498.80,64588.00,64498.80,64515.00,250.215000,2854,129.275000,120.940000,64551.34,101818.72,0.00006550,0.288000,0.000000,0
2026-07-20 15:05:00,64515.20,64581.10,64515.20,64579.90,114.312000,1487,49.603000,64.709000,64545.45,101859.70,0.00006563,0.000000,0.000000,0
2026-07-20 15:06:00,64580.00,64613.80,64505.70,64513.10,290.134000,2682,104.741000,185.393000,64571.84,101836.34,0.00006549,0.290000,0.000000,0
2026-07-20 15:07:00,64513.20,64599.10,64513.10,64591.90,116.940000,1914,71.929000,45.011000,64573.39,101854.89,0.00006549,0.001000,0.000000,0
2026-07-20 15:08:00,64591.90,64673.70,64587.20,64630.70,351.738000,2935,246.980000,104.758000,64644.39,101882.37,0.00006550,1.086000,0.000000,0
2026-07-20 15:09:00,64630.60,64772.20,64630.60,64729.40,455.658000,3287,281.338000,174.320000,64714.89,101864.63,0.00006576,0.559000,0.000000,0
2026-07-20 15:10:00,64729.30,64789.70,64687.70,64778.30,336.483000,3539,203.836000,132.647000,64748.46,101815.25,0.00006576,0.121000,0.000000,0
2026-07-20 15:11:00,64778.40,64864.10,64776.60,64790.00,622.919000,4180,399.175000,223.744000,64827.58,101838.18,0.00006571,3.921000,0.000000,0
2026-07-20 15:12:00,64790.00,64818.20,64752.30,64815.30,218.339000,2348,86.130000,132.209000,64787.39,101839.59,0.00006621,0.000000,0.000000,0
2026-07-20 15:13:00,64815.40,64930.00,64815.30,64887.60,535.919000,2810,336.043000,199.876000,64898.28,101878.48,0.00006602,2.945000,0.000000,0
2026-07-20 15:14:00,64887.50,64972.20,64882.30,64930.10,713.682000,3899,433.501000,280.181000,64938.48,101878.48,0.00006602,0.599000,0.000000,0
2026-07-20 15:15:00,64930.10,64950.00,64879.70,64949.90,362.702000,2106,185.487000,177.215000,64912.84,102033.75,0.00006629,0.000000,0.000000,0
2026-07-20 15:16:00,64949.90,64950.00,64895.60,64922.60,281.852000,2442,113.200000,168.652000,64922.24,102045.03,0.00006627,0.000000,0.000000,0
2026-07-20 15:17:00,64922.70,64970.00,64905.20,64934.40,420.543000,2992,212.788000,207.755000,64941.20,102083.83,0.00006627,0.577000,0.000000,0
2026-07-20 15:18:00,64934.40,64954.40,64900.00,64900.00,226.482000,1857,93.156000,133.326000,64936.21,102127.66,0.00006671,0.000000,0.000000,0
2026-07-20 15:19:00,64900.10,64947.00,64870.00,64943.10,279.345000,2265,109.549000,169.796000,64906.71,102192.60,0.00006681,0.000000,0.000000,0
2026-07-20 15:20:00,64943.00,64979.30,64921.40,64974.40,236.677000,1768,136.730000,99.947000,64954.24,102189.36,0.00006681,0.091000,0.000000,0
2026-07-20 15:21:00,64974.50,64998.00,64924.40,64924.70,423.248000,2676,243.758000,179.490000,64969.50,102219.75,0.00006688,0.391000,0.000000,0
2026-07-20 15:22:00,64924.60,64953.00,64904.80,64920.00,148.525000,1652,69.923000,78.602000,64930.63,102242.10,0.00006714,0.000000,0.000000,0
2026-07-20 15:23:00,64920.10,64920.10,64877.80,64908.10,171.474000,1182,54.871000,116.603000,64898.38,102278.53,0.00006714,0.000000,0.000000,0
2026-07-20 15:24:00,64908.20,64955.00,64878.20,64878.30,316.217000,1846,192.177000,124.040000,64931.28,102267.24,0.00006723,0.000000,0.000000,0
2026-07-20 15:25:00,64878.20,64927.00,64878.20,64926.30,100.160000,1152,34.369000,65.791000,64907.79,102402.11,0.00006745,0.000000,0.000000,0
2026-07-20 15:26:00,64926.30,64930.00,64876.70,64910.60,116.821000,1426,41.789000,75.032000,64911.57,102408.71,0.00006753,0.000000,0.000000,0
2026-07-20 15:27:00,64910.50,64924.10,64894.20,64924.10,129.021000,1369,41.417000,87.604000,64910.51,102441.75,0.00006753,0.000000,0.000000,0
2026-07-20 15:28:00,64924.10,64943.00,64888.00,64888.00,173.519000,1537,93.208000,80.311000,64919.05,102407.61,0.00006747,0.000000,0.000000,0
2026-07-20 15:29:00,64888.10,64890.70,64860.90,64880.20,88.629000,1095,36.335000,52.294000,64874.48,102476.84,0.00006757,0.000000,0.000000,0
2026-07-20 15:30:00,64880.30,64923.40,64855.30,64923.30,115.861000,1272,54.995000,60.866000,64886.99,102478.40,0.00006757,0.000000,0.000000,0
2026-07-20 15:31:00,64923.40,64953.00,64916.60,64952.90,202.483000,1735,106.207000,96.276000,64937.09,102514.19,0.00006741,0.000000,0.000000,0
2026-07-20 15:32:00,64953.00,64974.80,64907.70,64907.70,115.068000,1478,56.290000,58.778000,64949.82,102517.70,0.00006769,0.000000,0.000000,0
2026-07-20 15:33:00,64907.70,64909.60,64851.80,64863.80,129.020000,1096,47.326000,81.694000,64884.36,102575.05,0.00006747,0.000000,0.000000,0
2026-07-20 15:34:00,64863.90,64867.60,64810.50,64811.20,287.454000,1488,89.571000,197.883000,64829.57,102591.87,0.00006747,0.000000,0.000000,0
2026-07-20 15:35:00,64811.20,64830.00,64783.00,64827.70,252.358000,1522,98.838000,153.520000,64797.65,102550.08,0.00006702,0.137000,0.002000,0
2026-07-20 15:36:00,64827.60,64834.20,64788.00,64789.90,183.380000,1369,59.054000,124.326000,64815.47,102533.29,0.00006674,0.000000,0.000000,0
2026-07-20 15:37:00,64789.80,64807.00,64780.00,64800.00,188.952000,848,75.857000,113.095000,64790.01,102579.22,0.00006674,0.000000,0.000000,0
2026-07-20 15:38:00,64800.00,64825.60,64790.00,64792.30,116.121000,1079,76.761000,39.360000,64802.78,102606.70,0.00006646,0.000000,0.000000,0
2026-07-20 15:39:00,64792.40,64839.40,64792.30,64835.00,70.632000,789,40.007000,30.625000,64816.13,102596.06,0.00006652,0.000000,0.000000,0
2026-07-20 15:40:00,64835.10,64850.00,64810.00,64844.20,82.622000,1000,48.633000,33.989000,64833.59,102616.20,0.00006652,0.000000,0.000000,0
2026-07-20 15:41:00,64844.20,64934.00,64844.10,64933.80,146.421000,1564,92.774000,53.647000,64886.25,102604.22,0.00006654,0.003000,0.000000,0
2026-07-20 15:42:00,64933.80,64972.20,64914.40,64936.10,240.086000,1779,94.836000,145.250000,64946.21,102624.28,0.00006675,3.030000,0.000000,0
2026-07-20 15:43:00,64936.10,64999.90,64936.10,64999.90,212.978000,1216,141.969000,71.009000,64980.45,102580.54,0.00006702,1.178000,0.000000,0
2026-07-20 15:44:00,64999.90,65310.00,64999.80,65174.00,3094.045000,11031,2267.627000,826.418000,65176.40,102820.36,0.00006702,26.849000,0.000000,0
2026-07-20 15:45:00,65173.40,65209.20,65153.90,65209.10,526.229000,2286,316.032000,210.197000,65179.77,102586.56,0.00006692,0.339000,0.000000,0
2026-07-20 15:46:00,65209.00,65273.90,65209.00,65251.00,509.154000,2993,266.926000,242.228000,65240.27,102743.48,0.00006674,1.526000,0.000000,0
2026-07-20 15:47:00,65250.90,65378.00,65250.90,65377.90,896.539000,4994,584.508000,312.031000,65327.47,102783.44,0.00006674,12.326000,0.000000,0
2026-07-20 15:48:00,65377.80,65388.00,65326.30,65338.50,699.226000,3731,384.382000,314.844000,65361.00,102742.15,0.00006660,3.331000,0.000000,0
2026-07-20 15:49:00,65338.50,65362.20,65278.80,65303.50,341.428000,2290,136.137000,205.291000,65317.63,102763.31,0.00006668,0.000000,0.000000,0
2026-07-20 15:50:00,65303.70,65313.30,65275.60,65288.70,233.264000,1833,84.872000,148.392000,65296.17,102776.83,0.00006625,0.000000,0.000000,0
2026-07-20 15:51:00,65288.70,65335.60,65266.00,65277.50,260.296000,2160,106.756000,153.540000,65295.62,102828.07,0.00006625,0.000000,0.000000,0
2026-07-20 15:52:00,65277.60,65350.00,65277.60,65319.70,354.255000,2220,260.377000,93.878000,65327.08,102835.73,0.00006582,0.006000,0.000000,0
2026-07-20 15:53:00,65319.70,65457.00,65307.70,65449.70,1424.745000,4309,1254.320000,170.425000,65403.15,102979.28,0.00006555,9.589000,0.000000,0
2026-07-20 15:54:00,65449.80,65489.00,65390.10,65428.10,1057.729000,4992,752.661000,305.068000,65457.82,102813.24,0.00006555,3.228000,0.000000,0
2026-07-20 15:55:00,65428.20,65688.00,65428.10,65495.00,4376.188000,15920,2782.198000,1593.990000,65550.61,102771.04,0.00006540,14.748000,0.000000,0
2026-07-20 15:56:00,65495.10,65608.70,65495.00,65540.00,962.028000,3877,472.363000,489.665000,65562.25,103010.99,0.00006554,0.107000,0.000000,0
2026-07-20 15:57:00,65540.10,65560.00,65514.20,65560.00,427.511000,1552,268.876000,158.635000,65535.54,103421.81,0.00006554,0.073000,0.000000,0
2026-07-20 15:58:00,65559.90,65582.90,65523.10,65582.80,404.519000,1998,187.239000,217.280000,65546.41,103483.41,0.00006552,0.000000,0.000000,0
2026-07-20 15:59:00,65582.90,65600.00,65499.90,65508.30,613.221000,1863,257.724000,355.497000,65538.23,103559.26,0.00006539,0.000000,0.000000,0
2026-07-20 16:00:00,65508.30,65589.00,65506.00,65570.20,292.101000,1789,160.551000,131.550000,65549.29,103402.21,0.00006518,0.000000,0.000000,0
2026-07-20 16:01:00,65570.10,65615.50,65542.40,65543.30,659.510000,3047,301.939000,357.571000,65581.97,103560.99,0.00006518,0.000000,0.000000,0
2026-07-20 16:02:00,65543.40,65543.40,65485.80,65485.80,455.060000,2108,152.614000,302.446000,65511.91,103674.11,0.00006515,0.000000,0.000000,0
2026-07-20 16:03:00,65485.80,65533.30,65467.60,65488.40,382.847000,2330,171.493000,211.354000,65493.38,103810.23,0.00006493,0.000000,0.000000,0
2026-07-20 16:04:00,65488.40,65610.90,65488.30,65590.00,671.324000,3664,476.185000,195.139000,65561.82,103912.33,0.00006493,0.000000,0.000000,0
2026-07-20 16:05:00,65589.90,65597.00,65520.00,65520.00,140.595000,1335,54.488000,86.107000,65561.67,104116.88,0.00006494,0.000000,0.000000,0
2026-07-20 16:06:00,65520.00,65524.30,65455.10,65460.30,190.902000,1543,71.204000,119.698000,65485.94,104127.11,0.00006534,0.000000,0.000000,0
2026-07-20 16:07:00,65460.30,65460.40,65409.40,65415.00,350.607000,1530,80.296000,270.311000,65426.31,104106.24,0.00006534,0.000000,0.005000,0
2026-07-20 16:08:00,65414.90,65433.50,65409.80,65433.50,237.747000,790,123.785000,113.962000,65422.55,104150.25,0.00006538,0.000000,0.000000,0
2026-07-20 16:09:00,65433.50,65439.90,65396.30,65421.10,380.903000,1783,161.528000,219.375000,65414.43,104178.97,0.00006566,0.000000,0.000000,0
2026-07-20 16:10:00,65421.20,65477.40,65406.00,65477.30,172.925000,1225,121.835000,51.090000,65447.35,104121.31,0.00006601,0.000000,0.000000,0
2026-07-20 16:11:00,65477.30,65535.20,65471.20,65515.80,342.310000,1721,198.063000,144.247000,65510.14,104116.19,0.00006601,2.081000,0.000000,0
2026-07-20 16:12:00,65515.70,65538.70,65515.70,65531.00,142.478000,1174,71.485000,70.993000,65529.46,104107.61,0.00006648,0.000000,0.000000,0
2026-07-20 16:13:00,65531.00,65577.60,65518.80,65532.80,206.292000,1747,80.935000,125.357000,65542.10,104117.60,0.00006671,0.019000,0.000000,0
2026-07-20 16:14:00,65532.80,65577.90,65523.00,65547.50,133.465000,1512,57.755000,75.710000,65542.09,104157.12,0.00006671,0.076000,0.000000,0
2026-07-20 16:15:00,65547.50,65547.60,65509.60,65534.00,118.831000,831,48.740000,70.091000,65523.98,104184.75,0.00006705,0.000000,0.000000,0
2026-07-20 16:16:00,65534.00,65542.20,65467.50,65472.20,207.091000,1102,49.906000,157.185000,65499.53,104217.53,0.00006709,0.000000,0.000000,0
2026-07-20 16:17:00,65472.10,65509.50,65459.90,65508.10,131.985000,834,75.930000,56.055000,65479.89,104252.65,0.00006709,0.000000,0.011000,0
2026-07-20 16:18:00,65508.00,65527.70,65464.20,65467.10,128.647000,1463,43.247000,85.400000,65499.09,104243.54,0.00006708,0.000000,0.000000,0
2026-07-20 16:19:00,65467.00,65474.70,65418.30,65418.30,163.174000,1376,52.680000,110.494000,65442.72,104246.91,0.00006745,0.000000,0.000000,0
2026-07-20 16:20:00,65418.40,65435.70,65412.90,65423.60,158.814000,1093,88.905000,69.909000,65422.64,104225.38,0.00006719,0.000000,0.000000,0
2026-07-20 16:21:00,65423.60,65460.00,65423.50,65460.00,133.139000,959,87.701000,45.438000,65436.37,104233.61,0.00006719,0.000000,0.000000,0
2026-07-20 16:22:00,65460.00,65466.70,65437.00,65437.00,99.047000,623,20.900000,78.147000,65451.12,104242.91,0.00006746,0.000000,0.000000,0
2026-07-20 16:23:00,65437.00,65454.80,65404.40,65420.00,170.001000,952,39.733000,130.268000,65426.79,104260.81,0.00006778,0.000000,0.000000,0
2026-07-20 16:24:00,65419.90,65439.60,65409.00,65436.10,100.916000,720,52.569000,48.347000,65420.49,104256.07,0.00006778,0.000000,0.000000,0
2026-07-20 16:25:00,65436.10,65458.50,65436.00,65458.40,79.605000,436,58.377000,21.228000,65445.57,104259.68,0.00006801,0.000000,0.000000,0
2026-07-20 16:26:00,65458.50,65471.60,65384.60,65391.10,223.378000,1283,46.824000,176.554000,65419.34,104279.09,0.00006837,0.000000,0.012000,0
2026-07-20 16:27:00,65391.10,65394.70,65355.90,65391.00,243.154000,1268,59.687000,183.467000,65372.13,104255.55,0.00006819,0.000000,0.086000,0
2026-07-20 16:28:00,65391.00,65391.00,65374.40,65374.40,90.318000,602,36.719000,53.599000,65380.24,104227.01,0.00006819,0.000000,0.000000,0
2026-07-20 16:29:00,65374.50,65380.40,65347.30,65380.30,175.916000,961,53.153000,122.763000,65360.67,104254.83,0.00006840,0.000000,0.039000,0
2026-07-20 16:30:00,65380.40,65423.00,65380.40,65418.30,107.188000,686,74.462000,32.726000,65411.40,104267.80,0.00006871,0.000000,0.000000,0
2026-07-20 16:31:00,65418.20,65450.00,65418.20,65449.40,130.068000,906,95.293000,34.775000,65435.24,104299.41,0.00006871,0.000000,0.000000,0
2026-07-20 16:32:00,65449.50,65458.50,65422.30,65435.40,140.190000,950,68.214000,71.976000,65441.25,104345.65,0.00006913,0.000000,0.000000,0
2026-07-20 16:33:00,65435.40,65439.10,65409.60,65409.70,49.314000,467,12.640000,36.674000,65422.68,104374.56,0.00006927,0.000000,0.000000,0
2026-07-20 16:34:00,65409.60,65415.00,65364.10,65374.00,158.097000,903,42.528000,115.569000,65385.17,104388.06,0.00006927,0.000000,0.000000,0
2026-07-20 16:35:00,65374.00,65428.80,65374.00,65413.50,57.523000,766,33.313000,24.210000,65404.51,104361.50,0.00006938,0.000000,0.000000,0
2026-07-20 16:36:00,65413.50,65457.90,65413.50,65433.10,202.814000,1404,61.868000,140.946000,65439.67,104370.90,0.00006961,0.000000,0.000000,0
2026-07-20 16:37:00,65433.00,65433.00,65387.40,65400.00,52.839000,788,13.092000,39.747000,65408.70,104366.05,0.00006984,0.000000,0.000000,0
2026-07-20 16:38:00,65400.00,65441.70,65390.00,65430.70,132.234000,1180,83.919000,48.315000,65412.11,104383.51,0.00006984,0.000000,0.000000,0
2026-07-20 16:39:00,65430.80,65457.60,65397.70,65424.40,90.261000,1059,27.841000,62.420000,65425.86,104417.09,0.00006996,0.000000,0.000000,0
2026-07-20 16:40:00,65424.30,65447.30,65418.60,65445.00,44.063000,585,21.972000,22.091000,65437.58,104417.18,0.00007011,0.000000,0.000000,0
2026-07-20 16:41:00,65445.10,65514.40,65443.20,65500.10,143.415000,1454,105.365000,38.050000,65481.02,104424.10,0.00007011,0.016000,0.000000,0
2026-07-20 16:42:00,65500.00,65542.00,65301.80,65376.90,785.583000,6229,308.013000,477.570000,65405.17,104474.65,0.00007044,0.435000,0.061000,0
2026-07-20 16:43:00,65377.00,65398.40,65356.50,65381.60,368.176000,1357,272.237000,95.939000,65371.00,104446.69,0.00007052,0.000000,0.000000,0
2026-07-20 16:44:00,65381.60,65405.80,65373.70,65405.80,81.549000,597,61.112000,20.437000,65390.41,104334.57,0.00007052,0.000000,0.000000,0
2026-07-20 16:45:00,65405.80,65405.80,65333.90,65348.90,99.431000,981,14.008000,85.423000,65374.26,104314.19,0.00007066,0.000000,0.000000,0
2026-07-20 16:46:00,65348.90,65409.50,65348.90,65409.40,110.161000,1156,69.955000,40.206000,65379.72,104328.86,0.00007034,0.000000,0.000000,0
2026-07-20 16:47:00,65409.50,65483.00,65409.40,65482.90,69.857000,1020,51.795000,18.062000,65447.84,104319.06,0.00007021,0.000000,0.000000,0
2026-07-20 16:48:00,65483.00,65489.80,65421.80,65421.90,113.503000,1223,28.882000,84.621000,65459.73,104329.85,0.00007021,0.026000,0.000000,0
2026-07-20 16:49:00,65421.80,65428.60,65400.40,65417.70,67.917000,758,40.251000,27.666000,65416.18,104319.94,0.00007044,0.000000,0.000000,0
2026-07-20 16:50:00,65417.70,65435.00,65408.70,65434.90,29.723000,376,16.463000,13.260000,65422.57,104327.06,0.00007003,0.000000,0.000000,0
2026-07-20 16:51:00,65434.90,65435.00,65397.80,65416.70,94.725000,842,45.253000,49.472000,65418.32,104323.48,0.00007003,0.000000,0.000000,0
2026-07-20 16:52:00,65416.70,65443.50,65396.00,65403.10,68.596000,1123,24.184000,44.412000,65418.83,104333.81,0.00006996,0.000000,0.000000,0
2026-07-20 16:53:00,65403.10,65439.50,65398.70,65439.20,151.350000,1257,87.570000,63.780000,65423.74,104334.79,0.00006979,0.000000,0.000000,0
2026-07-20 16:54:00,65439.20,65450.00,65431.80,65450.00,40.847000,484,19.098000,21.749000,65441.20,104356.96,0.00006979,0.000000,0.000000,0
2026-07-20 16:55:00,65449.90,65450.00,65388.00,65388.00,94.345000,697,14.332000,80.013000,65432.26,104359.64,0.00006980,0.000000,0.000000,0
2026-07-20 16:56:00,65388.10,65388.10,65357.10,65369.60,91.456000,699,53.662000,37.794000,65364.09,104356.82,0.00006951,0.000000,0.000000,0
2026-07-20 16:57:00,65369.50,65369.60,65344.80,65344.90,63.191000,535,25.102000,38.089000,65354.91,104342.76,0.00006951,0.000000,0.000000,0
2026-07-20 16:58:00,65344.80,65425.20,65339.20,65422.60,86.817000,1070,59.310000,27.507000,65372.99,104337.11,0.00006913,0.000000,0.000000,0
2026-07-20 16:59:00,65422.60,65453.70,65408.00,65449.90,85.003000,944,57.885000,27.118000,65428.28,104337.03,0.00006890,0.000000,0.000000,0
2026-07-20 17:00:00,65450.00,65480.60,65448.20,65478.70,146.658000,1015,45.720000,100.938000,65459.23,104337.53,0.00006862,0.000000,0.000000,0
2026-07-20 17:01:00,65478.60,65506.40,65466.60,65489.40,79.677000,959,53.320000,26.357000,65489.39,104350.96,0.00006862,0.000000,0.000000,0
2026-07-20 17:02:00,65489.50,65510.00,65462.90,65482.50,101.202000,1238,45.635000,55.567000,65489.05,104361.44,0.00006829,0.000000,0.000000,0
2026-07-20 17:03:00,65482.50,65482.60,65421.90,65447.00,106.550000,1057,35.863000,70.687000,65446.25,104387.38,0.00006781,0.000000,0.000000,0
2026-07-20 17:04:00,65447.10,65468.00,65425.80,65433.30,80.418000,848,30.865000,49.553000,65440.93,104394.33,0.00006781,0.000000,0.000000,0
2026-07-20 17:05:00,65433.30,65443.30,65418.40,65418.50,81.630000,884,36.423000,45.207000,65432.74,104387.34,0.00006721,0.000000,0.000000,0
2026-07-20 17:06:00,65418.40,65454.30,65411.30,65444.50,49.441000,821,20.127000,29.314000,65426.50,104390.10,0.00006679,0.000000,0.000000,0
2026-07-20 17:07:00,65444.50,65498.30,65435.80,65484.90,276.395000,1315,224.408000,51.987000,65472.24,104392.18,0.00006679,0.000000,0.000000,0
2026-07-20 17:08:00,65485.00,65500.00,65442.40,65495.60,161.667000,1274,85.177000,76.490000,65478.32,104521.83,0.00006626,0.000000,0.000000,0
2026-07-20 17:09:00,65495.60,65495.70,65437.50,65440.20,125.338000,956,13.026000,112.312000,65462.23,104456.80,0.00006572,0.000000,0.000000,0
2026-07-20 17:10:00,65440.20,65527.80,65440.20,65502.90,199.721000,1287,145.625000,54.096000,65496.41,104459.39,0.00006538,0.000000,0.000000,0
2026-07-20 17:11:00,65502.90,65509.90,65439.50,65442.00,158.713000,988,22.027000,136.686000,65465.95,104528.80,0.00006538,0.000000,0.000000,0
2026-07-20 17:12:00,65442.00,65478.30,65442.00,65478.30,42.299000,670,21.828000,20.471000,65454.48,104504.04,0.00006508,0.000000,0.000000,0
2026-07-20 17:13:00,65478.30,65479.00,65458.20,65465.70,37.251000,495,10.702000,26.549000,65467.04,104509.23,0.00006472,0.000000,0.000000,0
2026-07-20 17:14:00,65465.70,65545.50,65465.70,65512.90,421.112000,1729,333.054000,88.058000,65511.77,104447.80,0.00006472,0.024000,0.000000,0
2026-07-20 17:15:00,65512.90,65516.60,65470.70,65470.70,58.012000,684,10.823000,47.189000,65491.28,104470.41,0.00006475,0.000000,0.000000,0
2026-07-20 17:16:00,65470.70,65470.80,65400.00,65417.80,94.111000,1045,31.823000,62.288000,65421.30,104471.34,0.00006428,0.000000,0.020000,0
2026-07-20 17:17:00,65417.90,65430.10,65404.60,65430.10,46.663000,826,20.590000,26.073000,65416.09,104480.60,0.00006428,0.000000,0.000000,0
2026-07-20 17:18:00,65430.10,65470.80,65430.00,65470.80,28.659000,572,19.363000,9.296000,65450.10,104478.46,0.00006341,0.000000,0.000000,0
2026-07-20 17:19:00,65470.70,65470.80,65441.40,65459.00,31.391000,549,6.858000,24.533000,65457.53,104481.95,0.00006314,0.000000,0.000000,0
2026-07-20 17:20:00,65459.10,65468.80,65433.70,65459.80,37.104000,825,13.201000,23.903000,65459.68,104489.94,0.00006301,0.000000,0.000000,0
2026-07-20 17:21:00,65459.70,65466.40,65443.00,65454.50,24.791000,526,7.817000,16.974000,65454.70,104495.23,0.00006301,0.000000,0.000000,0
2026-07-20 17:22:00,65454.50,65487.30,65454.50,65474.70,21.905000,733,11.079000,10.826000,65474.67,104499.23,0.00006299,0.040000,0.000000,0
2026-07-20 17:23:00,65474.60,65490.00,65470.10,65470.10,17.399000,394,8.464000,8.935000,65481.09,104505.47,0.00006281,0.000000,0.000000,0
2026-07-20 17:24:00,65470.10,65470.10,65428.10,65457.90,35.859000,646,17.819000,18.040000,65442.65,104511.77,0.00006281,0.000000,0.000000,0
2026-07-20 17:25:00,65458.00,65458.00,65429.80,65444.20,69.126000,559,40.224000,28.902000,65445.94,104498.61,0.00006242,0.000000,0.000000,0
2026-07-20 17:26:00,65444.10,65467.70,65440.20,65449.90,54.930000,617,25.819000,29.111000,65455.07,104480.20,0.00006208,0.000000,0.000000,0
2026-07-20 17:27:00,65449.90,65487.90,65449.20,65487.90,27.981000,395,16.318000,11.663000,65461.33,104483.48,0.00006208,0.000000,0.000000,0
2026-07-20 17:28:00,65487.80,65487.90,65444.40,65444.40,65.904000,692,30.090000,35.814000,65460.68,104471.44,0.00006181,0.000000,0.000000,0
2026-07-20 17:29:00,65444.40,65475.10,65444.40,65463.00,67.342000,848,48.042000,19.300000,65457.45,104470.09,0.00006164,0.000000,0.000000,0
2026-07-20 17:30:00,65463.00,65479.30,65454.70,65476.30,57.960000,657,20.214000,37.746000,65468.25,104459.38,0.00006162,0.000000,0.000000,0
2026-07-20 17:31:00,65476.40,65484.20,65440.10,65440.30,40.759000,593,8.216000,32.543000,65458.06,104468.29,0.00006162,0.000000,0.000000,0
2026-07-20 17:32:00,65440.30,65440.40,65428.30,65435.20,24.113000,474,7.664000,16.449000,65435.21,104469.60,0.00006168,0.000000,0.000000,0
2026-07-20 17:33:00,65435.30,65464.20,65415.00,65428.90,64.626000,1054,34.604000,30.022000,65437.37,104467.70,0.00006138,0.000000,0.000000,0
2026-07-20 17:34:00,65429.00,65440.00,65415.30,65422.10,28.131000,797,10.196000,17.935000,65426.92,104464.12,0.00006138,0.000000,0.000000,0
2026-07-20 17:35:00,65422.00,65433.60,65395.10,65395.30,40.600000,577,15.325000,25.275000,65407.15,104468.34,0.00006119,0.000000,0.000000,0
2026-07-20 17:36:00,65395.40,65396.10,65376.60,65394.70,70.555000,692,42.625000,27.930000,65384.78,104455.38,0.00006107,0.000000,0.000000,0
2026-07-20 17:37:00,65394.60,65400.00,65375.10,65390.50,41.126000,682,20.138000,20.988000,65383.75,104456.44,0.00006097,0.000000,0.000000,0
2026-07-20 17:38:00,65390.50,65426.20,65390.40,65411.60,68.177000,916,39.707000,28.470000,65404.20,104456.49,0.00006097,0.000000,0.000000,0
2026-07-20 17:39:00,65411.80,65421.40,65396.20,65398.80,116.014000,794,48.415000,67.599000,65409.63,104454.02,0.00006095,0.000000,0.000000,0
2026-07-20 17:40:00,65398.90,65398.90,65375.80,65375.90,20.814000,429,5.771000,15.043000,65390.41,104444.21,0.00006071,0.000000,0.000000,0
2026-07-20 17:41:00,65375.80,65375.90,65353.40,65356.90,61.879000,443,34.426000,27.453000,65362.02,104442.34,0.00006071,0.000000,0.000000,0
2026-07-20 17:42:00,65356.90,65366.40,65356.40,65366.30,32.533000,349,20.032000,12.501000,65358.92,104430.28,0.00006026,0.000000,0.000000,0
2026-07-20 17:43:00,65366.30,65375.80,65358.30,65362.00,66.146000,450,19.409000,46.737000,65364.47,104405.92,0.00006003,0.000000,0.000000,0
2026-07-20 17:44:00,65362.00,65379.90,65345.70,65345.70,90.666000,650,19.947000,70.719000,65360.15,104420.20,0.00006003,0.000000,0.000000,0
2026-07-20 17:45:00,65345.80,65355.10,65313.90,65332.30,156.563000,1110,43.525000,113.038000,65327.71,104405.09,0.00006001,0.000000,1.400000,0
2026-07-20 17:46:00,65332.40,65397.30,65332.30,65397.30,41.987000,716,36.249000,5.738000,65364.27,104384.90,0.00005975,0.000000,0.000000,0
2026-07-20 17:47:00,65397.20,65397.30,65373.70,65377.70,41.983000,406,10.224000,31.759000,65388.95,104396.84,0.00006011,0.000000,0.000000,0
2026-07-20 17:48:00,65377.80,65400.00,65377.70,65400.00,42.429000,489,13.771000,28.658000,65391.68,104407.35,0.00006011,0.000000,0.000000,0
2026-07-20 17:49:00,65399.90,65422.00,65381.30,65421.90,82.554000,848,27.609000,54.945000,65404.18,104413.66,0.00006024,0.001000,0.000000,0
2026-07-20 17:50:00,65422.00,65452.80,65410.50,65452.80,68.532000,625,34.673000,33.859000,65426.67,104410.01,0.00006038,0.002000,0.000000,0
2026-07-20 17:51:00,65452.80,65455.00,65438.10,65444.00,47.769000,529,20.380000,27.389000,65448.98,104426.82,0.00006038,0.000000,0.000000,0
2026-07-20 17:52:00,65443.90,65494.60,65443.90,65482.00,68.388000,788,36.254000,32.134000,65472.88,104438.72,0.00006081,0.054000,0.000000,0
2026-07-20 17:53:00,65481.90,65528.50,65480.10,65480.20,232.503000,1381,143.418000,89.085000,65504.49,104460.72,0.00006078,0.005000,0.000000,0
2026-07-20 17:54:00,65480.10,65502.90,65480.00,65490.40,85.298000,928,57.195000,28.103000,65491.96,104510.49,0.00006078,0.000000,0.000000,0
2026-07-20 17:55:00,65490.30,65642.00,65482.60,65552.90,1744.847000,4006,1344.743000,400.104000,65570.27,104483.46,0.00006087,1.529000,0.000000,0
2026-07-20 17:56:00,65553.00,65553.00,65524.80,65535.50,73.699000,594,25.896000,47.803000,65535.10,104585.90,0.00006141,0.000000,0.000000,0
2026-07-20 17:57:00,65535.50,65560.60,65531.30,65531.30,70.938000,819,44.016000,26.922000,65548.41,104582.40,0.00006126,0.000000,0.000000,0
2026-07-20 17:58:00,65531.30,65603.50,65527.00,65580.40,163.950000,1529,106.507000,57.443000,65572.31,104594.35,0.00006126,0.000000,0.000000,0
2026-07-20 17:59:00,65580.40,65590.00,65555.30,65568.50,140.171000,940,66.787000,73.384000,65580.75,104557.89,0.00006142,0.000000,0.000000,0
2026-07-20 18:00:00,65568.50,65568.50,65549.00,65560.00,54.691000,483,24.462000,30.229000,65554.99,104568.18,0.00006139,0.000000,0.000000,0
2026-07-20 18:01:00,65560.00,65607.40,65559.90,65600.00,212.854000,1832,149.300000,63.554000,65584.02,104570.67,0.00006139,0.000000,0.000000,0
2026-07-20 18:02:00,65599.90,65676.40,65563.60,65660.50,487.055000,2896,277.091000,209.964000,65622.57,104524.75,0.00006144,4.798000,0.000000,0
2026-07-20 18:03:00,65660.60,65684.40,65623.10,65660.50,298.538000,2238,190.301000,108.237000,65655.53,104525.91,0.00006155,0.719000,0.000000,0
2026-07-20 18:04:00,65660.40,65660.60,65583.90,65602.00,163.983000,1453,69.168000,94.815000,65621.58,104592.01,0.00006155,0.000000,0.000000,0
2026-07-20 18:05:00,65602.10,65606.70,65581.20,65598.80,92.732000,1014,62.975000,29.757000,65593.55,104590.67,0.00006135,0.000000,0.000000,0
2026-07-20 18:06:00,65598.70,65601.20,65575.20,65575.20,99.490000,679,43.856000,55.634000,65592.81,104615.81,0.00006109,0.000000,0.000000,0
2026-07-20 18:07:00,65575.20,65585.00,65557.40,65576.50,48.885000,740,16.921000,31.964000,65569.73,104617.06,0.00006098,0.000000,0.000000,0
2026-07-20 18:08:00,65576.50,65587.60,65555.00,65581.50,77.364000,876,30.692000,46.672000,65571.33,104620.90,0.00006098,0.000000,0.000000,0
2026-07-20 18:09:00,65581.40,65581.40,65559.90,65560.00,37.489000,461,5.884000,31.605000,65570.54,104614.30,0.00006102,0.000000,0.000000,0
2026-07-20 18:10:00,65559.90,65567.60,65549.00,65563.80,37.371000,464,17.628000,19.743000,65557.91,104614.16,0.00006099,0.000000,0.000000,0
2026-07-20 18:11:00,65563.70,65568.20,65535.70,65568.20,64.116000,816,23.326000,40.790000,65552.00,104602.72,0.00006099,0.000000,0.000000,0
2026-07-20 18:12:00,65568.10,65575.10,65542.20,65575.10,65.867000,801,36.186000,29.681000,65555.80,104593.19,0.00006077,0.000000,0.000000,0
2026-07-20 18:13:00,65575.00,65784.30,65568.00,65730.60,1919.521000,6732,1556.605000,362.916000,65705.15,104793.77,0.00006085,237.663000,0.000000,0
2026-07-20 18:14:00,65730.70,65788.00,65721.00,65776.90,542.554000,2312,435.034000,107.520000,65764.96,104783.67,0.00006142,0.133000,0.000000,0
2026-07-20 18:15:00,65776.80,65781.70,65716.80,65725.10,178.037000,1308,86.504000,91.533000,65750.34,105047.46,0.00006142,0.639000,0.000000,0
2026-07-20 18:16:00,65725.10,65725.20,65679.30,65711.90,179.881000,1531,70.958000,108.923000,65701.73,105036.41,0.00006165,0.000000,0.000000,0
2026-07-20 18:17:00,65711.90,65730.00,65683.30,65724.30,107.471000,1207,54.168000,53.303000,65710.93,105044.06,0.00006146,0.121000,0.000000,0
2026-07-20 18:18:00,65724.40,65747.90,65717.60,65717.60,85.577000,825,55.219000,30.358000,65734.67,105045.31,0.00006146,0.274000,0.000000,0
2026-07-20 18:19:00,65717.60,65717.70,65629.80,65656.10,279.900000,2127,34.215000,245.685000,65668.19,105059.45,0.00006125,0.003000,0.000000,0
2026-07-20 18:20:00,65656.10,65656.20,65629.70,65643.10,111.090000,854,37.813000,73.277000,65639.22,104973.91,0.00006112,0.000000,0.000000,0
2026-07-20 18:21:00,65643.20,65644.80,65625.10,65625.10,58.416000,620,21.667000,36.749000,65637.52,104972.71,0.00006112,0.000000,0.000000,0
2026-07-20 18:22:00,65625.10,65642.50,65591.90,65631.00,109.977000,1384,52.886000,57.091000,65616.03,104950.95,0.00006073,0.000000,0.000000,0
2026-07-20 18:23:00,65631.00,65631.00,65570.10,65595.30,123.042000,1386,51.164000,71.878000,65590.57,104946.93,0.00006055,0.000000,0.142000,0
2026-07-20 18:24:00,65595.40,65595.40,65554.00,65561.60,107.017000,987,45.697000,61.320000,65569.12,104938.66,0.00006026,0.000000,0.042000,0
2026-07-20 18:25:00,65561.50,65567.00,65549.20,65566.40,88.787000,591,51.540000,37.247000,65557.70,104937.41,0.00006026,0.000000,0.000000,0
2026-07-20 18:26:00,65566.40,65585.00,65554.60,65585.00,58.064000,543,21.811000,36.253000,65570.14,104934.92,0.00005963,0.000000,0.000000,0
2026-07-20 18:27:00,65585.00,65604.40,65581.00,65581.10,43.608000,564,24.314000,19.294000,65595.22,104939.76,0.00005947,0.000000,0.000000,0
2026-07-20 18:28:00,65581.10,65581.10,65555.80,65555.80,12.102000,356,2.798000,9.304000,65566.09,104941.41,0.00005947,0.000000,0.000000,0
2026-07-20 18:29:00,65555.80,65566.80,65551.00,65555.90,32.254000,381,13.519000,18.735000,65561.70,104929.43,0.00005958,0.000000,0.000000,0
2026-07-20 18:30:00,65555.90,65586.50,65555.90,65561.00,54.255000,603,33.856000,20.399000,65570.79,104939.51,0.00005936,0.000000,0.000000,0
2026-07-20 18:31:00,65561.00,65561.10,65460.90,65470.00,226.342000,1359,48.629000,177.713000,65499.46,104843.28,0.00005936,0.000000,0.040000,0
2026-07-20 18:32:00,65469.90,65507.70,65469.90,65488.70,99.655000,1073,55.018000,44.637000,65488.63,104840.84,0.00005914,0.000000,0.000000,0
2026-07-20 18:33:00,65488.80,65498.00,65480.70,65490.80,49.085000,665,29.972000,19.113000,65492.17,104849.21,0.00005878,0.000000,0.003000,0
2026-07-20 18:34:00,65490.70,65490.80,65454.00,65456.40,87.224000,744,37.018000,50.206000,65464.79,104849.21,0.00005878,0.000000,0.000000,0
2026-07-20 18:35:00,65456.30,65485.80,65451.20,65471.10,82.066000,792,44.274000,37.792000,65466.62,104832.34,0.00005865,0.000000,0.000000,0
2026-07-20 18:36:00,65471.00,65496.70,65469.10,65469.10,51.145000,653,27.963000,23.182000,65481.88,104846.31,0.00005828,0.000000,0.000000,0
2026-07-20 18:37:00,65469.10,65518.00,65465.40,65495.60,66.629000,897,45.077000,21.552000,65488.71,104860.35,0.00005826,0.000000,0.000000,0
2026-07-20 18:38:00,65495.70,65511.90,65485.10,65490.60,25.561000,555,16.320000,9.241000,65493.84,104867.46,0.00005826,0.000000,0.000000,0
2026-07-20 18:39:00,65490.60,65506.90,65453.80,65453.80,37.231000,768,11.659000,25.572000,65478.32,104865.91,0.00005826,0.000000,0.000000,0
2026-07-20 18:40:00,65453.80,65461.10,65425.40,65456.50,53.148000,737,22.638000,30.510000,65439.80,104869.90,0.00005800,0.000000,0.066000,0
2026-07-20 18:41:00,65456.50,65457.90,65415.30,65420.50,53.212000,667,15.016000,38.196000,65428.68,104855.22,0.00005800,0.000000,0.001000,0
2026-07-20 18:42:00,65420.60,65424.70,65382.60,65403.70,339.804000,2087,112.897000,226.907000,65400.18,104857.61,0.00005782,0.000000,0.000000,0
2026-07-20 18:43:00,65403.70,65422.90,65376.00,65404.60,120.270000,1231,50.449000,69.821000,65398.49,104745.43,0.00005765,0.000000,0.000000,0
2026-07-20 18:44:00,65404.50,65409.30,65341.50,65349.30,247.324000,1477,94.208000,153.116000,65363.04,104712.89,0.00005765,0.000000,0.070000,0
2026-07-20 18:45:00,65349.30,65357.20,65317.10,65325.50,202.846000,980,96.544000,106.302000,65335.05,104674.58,0.00005763,0.000000,0.011000,0
2026-07-20 18:46:00,65325.40,65330.30,65251.00,65259.70,484.696000,2664,223.742000,260.954000,65278.88,104677.06,0.00005737,0.000000,0.390000,0
2026-07-20 18:47:00,65259.70,65292.30,65211.30,65292.30,454.305000,2476,194.697000,259.608000,65246.47,104569.96,0.00005708,0.000000,2.029000,0
2026-07-20 18:48:00,65292.30,65312.50,65270.50,65270.50,124.583000,863,58.334000,66.249000,65301.35,104573.46,0.00005708,0.000000,0.000000,0
2026-07-20 18:49:00,65270.60,65294.20,65262.70,65279.80,81.280000,732,47.950000,33.330000,65280.17,104551.48,0.00005789,0.000000,0.000000,0
2026-07-20 18:50:00,65279.90,65295.70,65260.10,65261.10,64.857000,589,19.365000,45.492000,65275.07,104564.38,0.00005808,0.000000,0.000000,0
2026-07-20 18:51:00,65261.20,65289.50,65250.00,65261.30,217.261000,1363,154.254000,63.007000,65265.73,104562.82,0.00005808,0.000000,0.000000,0
2026-07-20 18:52:00,65261.30,65292.90,65241.40,65245.60,300.710000,2195,215.425000,85.285000,65268.44,104522.74,0.00005848,0.000000,0.000000,0
2026-07-20 18:53:00,65245.70,65290.70,65245.60,65278.40,166.077000,1217,138.394000,27.683000,65273.03,104502.13,0.00005862,0.000000,0.000000,0
2026-07-20 18:54:00,65278.40,65287.80,65201.90,65220.00,336.080000,1770,51.412000,284.668000,65234.02,104487.54,0.00005862,0.000000,0.420000,0
2026-07-20 18:55:00,65219.90,65252.60,65185.00,65195.50,494.303000,2257,172.953000,321.350000,65220.10,104324.11,0.00005879,0.000000,0.278000,0
2026-07-20 18:56:00,65195.40,65209.50,65195.40,65202.30,130.489000,769,90.245000,40.244000,65200.71,104139.91,0.00005893,0.000000,0.000000,0
2026-07-20 18:57:00,65202.30,65214.80,65168.00,65211.80,274.794000,1538,127.095000,147.699000,65196.24,104118.62,0.00005888,0.000000,0.000000,0
2026-07-20 18:58:00,65211.80,65211.80,65183.60,65186.30,55.803000,761,23.023000,32.780000,65193.81,104003.30,0.00005888,0.000000,0.000000,0
2026-07-20 18:59:00,65186.30,65187.00,65170.10,65187.00,96.433000,644,54.498000,41.935000,65178.87,104005.69,0.00005905,0.000000,0.105000,0
2026-07-20 19:00:00,65186.90,65237.90,65170.80,65215.80,281.812000,1698,207.150000,74.662000,65206.42,103984.99,0.00005886,0.000000,0.000000,0
2026-07-20 19:01:00,65215.80,65241.50,65200.60,65227.80,111.997000,873,73.375000,38.622000,65227.18,103919.26,0.00005886,0.000000,0.000000,0
2026-07-20 19:02:00,65227.80,65256.10,65217.80,65234.50,187.479000,1540,143.134000,44.345000,65237.53,103879.57,0.00005894,0.000000,0.000000,0
2026-07-20 19:03:00,65234.50,65234.50,65172.20,65172.20,126.647000,1163,26.180000,100.467000,65187.31,103878.79,0.00005907,0.026000,0.000000,0
2026-07-20 19:04:00,65172.20,65178.10,65142.30,65142.40,154.431000,1056,59.657000,94.774000,65156.70,103832.72,0.00005907,0.000000,4.878000,0
2026-07-20 19:05:00,65142.30,65176.80,65132.00,65160.40,120.397000,1300,51.335000,69.062000,65159.45,103789.50,0.00005883,0.000000,0.009000,0
2026-07-20 19:06:00,65160.30,65180.00,65129.60,65169.90,247.510000,1467,95.381000,152.129000,65155.69,103742.15,0.00005866,0.000000,0.000000,0
2026-07-20 19:07:00,65169.90,65219.10,65159.30,65214.20,161.230000,1245,128.603000,32.627000,65181.75,103685.27,0.00005896,0.000000,0.000000,0
2026-07-20 19:08:00,65214.20,65214.20,65194.10,65195.60,32.769000,597,21.843000,10.926000,65206.73,103660.17,0.00005896,0.000000,0.000000,0
2026-07-20 19:09:00,65195.60,65214.00,65195.50,65198.90,46.100000,514,33.855000,12.245000,65205.28,103655.52,0.00005941,0.000000,0.000000,0
2026-07-20 19:10:00,65198.80,65213.10,65173.00,65197.60,340.900000,1920,133.275000,207.625000,65190.90,103641.86,0.00005961,0.000000,0.000000,0
2026-07-20 19:11:00,65197.60,65227.40,65194.60,65205.20,36.599000,600,18.788000,17.811000,65211.58,103476.56,0.00005961,0.000000,0.000000,0
2026-07-20 19:12:00,65205.20,65205.30,65164.20,65180.80,37.661000,577,19.953000,17.708000,65180.35,103462.86,0.00005958,0.000000,0.045000,0
2026-07-20 19:13:00,65180.90,65180.90,65130.00,65130.10,65.765000,632,21.600000,44.165000,65147.09,103463.57,0.00005971,0.000000,0.005000,0
2026-07-20 19:14:00,65130.20,65133.60,65101.20,65123.50,439.250000,1626,105.299000,333.951000,65113.00,103449.99,0.00005971,0.000000,0.079000,0
2026-07-20 19:15:00,65123.60,65143.40,65068.10,65076.70,502.551000,1469,281.081000,221.470000,65096.91,103304.64,0.00005976,0.000000,0.000000,0
2026-07-20 19:16:00,65076.60,65146.60,65050.50,65146.60,377.681000,1912,269.823000,107.858000,65087.54,103231.90,0.00005990,0.000000,0.353000,0
2026-07-20 19:17:00,65146.70,65162.70,65136.20,65148.30,82.970000,661,53.961000,29.009000,65149.03,103206.38,0.00006016,0.000000,0.000000,0
2026-07-20 19:18:00,65148.20,65162.40,65121.60,65162.30,72.301000,1038,41.321000,30.980000,65149.09,103200.73,0.00006016,0.000000,0.000000,0
2026-07-20 19:19:00,65162.40,65170.00,65150.80,65162.40,64.570000,671,46.842000,17.728000,65159.58,103180.96,0.00006063,0.000000,0.000000,0
2026-07-20 19:20:00,65162.40,65177.30,65133.60,65133.60,68.420000,556,24.782000,43.638000,65164.79,103180.40,0.00006103,0.000000,0.000000,0
2026-07-20 19:21:00,65133.60,65142.20,65115.00,65115.10,65.631000,696,28.629000,37.002000,65129.22,103179.68,0.00006103,0.000000,0.000000,0
2026-07-20 19:22:00,65115.10,65115.10,65095.40,65100.20,95.785000,522,69.659000,26.126000,65100.61,103175.81,0.00006134,0.000000,0.000000,0
2026-07-20 19:23:00,65100.10,65123.20,65100.10,65113.60,48.600000,377,37.355000,11.245000,65111.73,103191.34,0.00006163,0.000000,0.000000,0
2026-07-20 19:24:00,65113.50,65127.10,65095.40,65127.10,58.145000,708,34.380000,23.765000,65108.34,103185.27,0.00006163,0.000000,0.000000,0
2026-07-20 19:25:00,65127.90,65146.50,65109.90,65109.90,72.768000,651,46.182000,26.586000,65136.16,103179.21,0.00006209,0.000000,0.000000,0
2026-07-20 19:26:00,65109.90,65114.00,65062.20,65075.30,149.103000,826,30.795000,118.308000,65078.02,103160.03,0.00006254,0.000000,0.000000,0
2026-07-20 19:27:00,65075.40,65083.10,65060.00,65077.50,159.521000,1080,91.355000,68.166000,65069.83,103076.33,0.00006255,0.000000,0.034000,0
2026-07-20 19:28:00,65077.40,65077.40,65044.10,65044.60,123.454000,706,57.534000,65.920000,65055.04,103069.40,0.00006255,0.000000,0.105000,0
2026-07-20 19:29:00,65044.60,65078.90,65044.60,65072.60,86.389000,485,60.191000,26.198000,65067.61,103014.20,0.00006263,0.000000,0.000000,0
2026-07-20 19:30:00,65072.50,65154.00,65066.90,65131.20,307.925000,2259,231.511000,76.414000,65124.16,103013.11,0.00006283,0.000000,0.000000,0
2026-07-20 19:31:00,65131.30,65133.30,65060.50,65060.60,121.317000,1022,51.058000,70.259000,65096.95,102971.29,0.00006283,0.000000,0.000000,0
2026-07-20 19:32:00,65060.50,65078.30,65059.00,65072.70,58.567000,497,44.178000,14.389000,65064.08,102977.44,0.00006295,0.000000,0.000000,0
2026-07-20 19:33:00,65072.70,65094.60,65069.00,65088.50,50.361000,428,27.720000,22.641000,65079.60,102972.76,0.00006257,0.000000,0.000000,0
2026-07-20 19:34:00,65088.50,65088.50,65030.00,65032.00,177.608000,836,34.209000,143.399000,65055.31,102980.39,0.00006257,0.000000,0.079000,0
2026-07-20 19:35:00,65032.10,65071.20,65032.10,65051.70,121.297000,897,73.740000,47.557000,65048.68,102962.23,0.00006253,0.000000,0.000000,0
2026-07-20 19:36:00,65051.60,65051.70,65034.10,65034.20,22.673000,274,11.266000,11.407000,65043.06,102948.12,0.00006223,0.000000,0.000000,0
2026-07-20 19:37:00,65034.20,65051.10,65011.40,65026.90,240.622000,1212,181.485000,59.137000,65028.58,102920.88,0.00006191,0.000000,0.022000,0
2026-07-20 19:38:00,65026.90,65069.20,65020.40,65027.20,182.963000,911,137.094000,45.869000,65045.34,102902.28,0.00006191,0.000000,0.000000,0
2026-07-20 19:39:00,65027.20,65114.00,65012.80,65083.70,312.786000,1629,260.314000,52.472000,65070.78,102890.75,0.00006185,0.000000,0.000000,0
2026-07-20 19:40:00,65083.60,65105.20,65078.30,65087.60,54.917000,533,42.013000,12.904000,65090.94,102836.90,0.00006169,0.000000,0.000000,0
2026-07-20 19:41:00,65087.50,65130.00,65077.60,65130.00,85.121000,832,51.506000,33.615000,65112.92,102814.74,0.00006169,0.000000,0.000000,0
2026-07-20 19:42:00,65129.90,65161.90,65106.10,65124.50,223.920000,1154,163.615000,60.305000,65133.83,102726.40,0.00006165,0.000000,0.000000,0
2026-07-20 19:43:00,65124.50,65138.20,65075.40,65078.10,94.003000,813,22.736000,71.267000,65098.24,102703.97,0.00006179,0.000000,0.000000,0
2026-07-20 19:44:00,65078.10,65091.90,65075.00,65089.20,72.811000,606,37.524000,35.287000,65082.72,102700.20,0.00006179,0.000000,0.000000,0
2026-07-20 19:45:00,65089.20,65089.20,65086.30,65086.50,12.809000,137,7.459000,5.350000,65087.00,102698.46,0.00006175,0.000000,0.000000,0
2026-07-20 19:46:00,65086.50,65161.90,65086.50,65086.60,399.071000,1597,258.318000,140.753000,65123.66,102696.91,0.00006197,0.000000,0.000000,0
2026-07-20 19:47:00,65086.60,65086.60,65043.50,65078.30,108.958000,1062,70.609000,38.349000,65059.25,102647.77,0.00006247,0.000000,0.000000,0
2026-07-20 19:48:00,65078.30,65081.30,65064.80,65072.10,38.491000,270,22.870000,15.621000,65075.18,102612.57,0.00006247,0.000000,0.000000,0
2026-07-20 19:49:00,65072.10,65115.90,65072.00,65108.60,38.477000,505,31.819000,6.658000,65101.61,102608.41,0.00006279,0.000000,0.000000,0
2026-07-20 19:50:00,65108.60,65124.90,65101.50,65117.10,56.481000,584,41.812000,14.669000,65114.72,102594.44,0.00006335,0.000000,0.000000,0
2026-07-20 19:51:00,65117.20,65117.20,65055.30,65087.90,119.324000,1136,34.459000,84.865000,65082.92,102568.23,0.00006335,0.000000,0.000000,0
2026-07-20 19:52:00,65087.90,65099.90,65060.20,65087.10,49.634000,723,30.116000,19.518000,65078.98,102569.82,0.00006357,0.000000,0.000000,0
2026-07-20 19:53:00,65087.10,65115.00,65073.90,65115.00,120.565000,795,48.265000,72.300000,65092.92,102583.82,0.00006400,0.000000,0.000000,0
2026-07-20 19:54:00,65115.00,65135.50,65114.90,65133.30,26.230000,296,16.804000,9.426000,65126.42,102575.92,0.00006400,0.000000,0.000000,0
2026-07-20 19:55:00,65133.20,65161.00,65131.30,65157.10,51.827000,474,42.897000,8.930000,65146.71,102570.75,0.00006454,0.000000,0.000000,0
2026-07-20 19:56:00,65157.10,65157.10,65131.30,65132.80,57.556000,689,28.370000,29.186000,65139.26,102555.55,0.00006508,0.000000,0.000000,0
2026-07-20 19:57:00,65132.70,65147.00,65130.30,65134.70,66.343000,299,24.078000,42.265000,65138.26,102547.29,0.00006532,0.000000,0.000000,0
2026-07-20 19:58:00,65134.70,65140.20,65124.20,65126.20,47.118000,346,29.355000,17.763000,65129.97,102547.12,0.00006532,0.000000,0.000000,0
2026-07-20 19:59:00,65126.20,65129.30,65115.60,65115.90,36.963000,351,11.540000,25.423000,65119.68,102537.90,0.00006561,0.000000,0.000000,0
2026-07-20 20:00:00,65115.80,65128.00,65088.00,65119.20,196.348000,1302,125.239000,71.109000,65107.40,102527.87,0.00006558,0.000000,0.006000,0
2026-07-20 20:01:00,65119.30,65153.80,65104.20,65120.10,137.790000,1116,85.366000,52.424000,65136.97,102510.76,0.00006558,0.000000,0.000000,0
2026-07-20 20:02:00,65120.10,65120.10,65080.00,65083.10,47.744000,553,15.658000,32.086000,65092.97,102503.88,0.00006565,0.000000,0.000000,0
2026-07-20 20:03:00,65083.10,65083.10,65052.90,65052.90,40.276000,547,29.532000,10.744000,65063.93,102501.80,0.00006556,0.000000,0.000000,0
2026-07-20 20:04:00,65053.00,65056.00,65030.20,65030.30,74.308000,612,24.815000,49.493000,65041.48,102491.11,0.00006556,0.000000,0.000000,0
2026-07-20 20:05:00,65030.20,65060.50,65030.20,65048.50,35.075000,436,19.362000,15.713000,65044.40,102488.39,0.00006548,0.000000,0.000000,0
2026-07-20 20:06:00,65048.50,65089.80,65046.00,65089.80,43.537000,561,36.265000,7.272000,65058.47,102484.57,0.00006562,0.000000,0.000000,0
2026-07-20 20:07:00,65089.80,65120.00,65089.10,65107.50,41.730000,473,33.111000,8.619000,65109.05,102492.52,0.00006574,0.000000,0.000000,0
2026-07-20 20:08:00,65107.60,65131.00,65065.20,65121.00,144.128000,1334,112.797000,31.331000,65102.07,102488.64,0.00006574,0.000000,0.000000,0
2026-07-20 20:09:00,65121.10,65121.10,65089.80,65113.00,16.985000,475,9.367000,7.618000,65103.59,102474.28,0.00006595,0.000000,0.000000,0
2026-07-20 20:10:00,65113.10,65138.40,65113.00,65116.40,57.409000,565,36.052000,21.357000,65125.42,102467.40,0.00006595,0.000000,0.000000,0
2026-07-20 20:11:00,65116.40,65135.20,65103.40,65103.40,42.284000,497,13.780000,28.504000,65117.97,102456.26,0.00006595,0.000000,0.000000,0
2026-07-20 20:12:00,65103.40,65134.00,65103.40,65133.90,24.605000,349,20.215000,4.390000,65114.78,102447.55,0.00006604,0.000000,0.000000,0
2026-07-20 20:13:00,65133.90,65201.50,65133.90,65193.90,145.876000,859,124.300000,21.576000,65178.78,102441.55,0.00006619,0.348000,0.000000,0
2026-07-20 20:14:00,65193.90,65202.60,65193.20,65200.10,65.489000,292,48.240000,17.249000,65196.48,102379.19,0.00006619,0.000000,0.000000,0
2026-07-20 20:15:00,65200.10,65204.10,65189.50,65199.90,109.300000,388,46.686000,62.614000,65200.10,102358.10,0.00006654,0.002000,0.000000,0
2026-07-20 20:16:00,65199.90,65200.00,65180.00,65180.00,24.968000,333,11.908000,13.060000,65190.31,102364.02,0.00006669,0.000000,0.000000,0
2026-07-20 20:17:00,65180.00,65236.60,65166.30,65214.20,105.105000,1073,62.951000,42.154000,65212.62,102376.93,0.00006673,0.018000,0.000000,0
2026-07-20 20:18:00,65214.30,65214.30,65186.70,65200.00,37.246000,419,20.615000,16.631000,65195.86,102368.54,0.00006673,0.000000,0.000000,0
2026-07-20 20:19:00,65199.90,65214.20,65187.70,65214.20,32.435000,491,19.517000,12.918000,65198.56,102374.43,0.00006682,0.000000,0.000000,0
2026-07-20 20:20:00,65214.10,65245.20,65212.90,65245.20,129.334000,685,87.673000,41.661000,65229.72,102361.93,0.00006674,0.008000,0.000000,0
2026-07-20 20:21:00,65245.20,65293.10,65238.30,65290.70,229.192000,1620,155.866000,73.326000,65263.45,102292.84,0.00006674,0.041000,0.000000,0
2026-07-20 20:22:00,65290.80,65290.80,65256.00,65261.10,65.887000,476,29.856000,36.031000,65270.71,102278.57,0.00006690,0.000000,0.000000,0
2026-07-20 20:23:00,65261.10,65298.30,65261.10,65289.70,78.434000,747,53.225000,25.209000,65282.62,102288.08,0.00006683,0.000000,0.000000,0
2026-07-20 20:24:00,65289.80,65289.80,65270.20,65270.20,26.912000,270,13.569000,13.343000,65280.36,102280.98,0.00006683,0.000000,0.000000,0
2026-07-20 20:25:00,65270.20,65270.30,65266.50,65266.50,26.879000,166,5.479000,21.400000,65267.18,102286.58,0.00006682,0.000000,0.000000,0
2026-07-20 20:26:00,65266.50,65303.00,65266.40,65287.00,151.106000,842,81.678000,69.428000,65283.98,102281.07,0.00006657,0.020000,0.000000,0
2026-07-20 20:27:00,65286.90,65287.00,65224.90,65224.90,43.467000,668,9.967000,33.500000,65246.79,102255.12,0.00006657,0.000000,0.000000,0
2026-07-20 20:28:00,65225.00,65255.80,65224.90,65241.00,32.508000,653,12.094000,20.414000,65242.70,102242.78,0.00006643,0.000000,0.000000,0
2026-07-20 20:29:00,65241.10,65273.30,65241.00,65263.70,35.645000,474,26.853000,8.792000,65256.29,102239.21,0.00006620,0.000000,0.000000,0
2026-07-20 20:30:00,65263.60,65269.00,65249.30,65262.00,47.274000,381,10.646000,36.628000,65257.70,102232.61,0.00006635,0.038000,0.000000,0
2026-07-20 20:31:00,65262.00,65267.20,65250.00,65250.00,27.134000,373,9.323000,17.811000,65257.02,102222.44,0.00006635,0.000000,0.000000,0
2026-07-20 20:32:00,65250.00,65297.30,65250.00,65297.20,20.162000,585,15.912000,4.250000,65278.87,102220.49,0.00006638,0.000000,0.000000,0
2026-07-20 20:33:00,65297.30,65354.30,65293.80,65354.20,274.772000,1001,220.478000,54.294000,65319.02,102148.43,0.00006628,1.208000,0.000000,0
2026-07-20 20:34:00,65354.10,65399.90,65349.50,65381.50,237.842000,1238,172.197000,65.645000,65380.20,102137.66,0.00006628,0.305000,0.000000,0
2026-07-20 20:35:00,65381.40,65435.30,65372.50,65382.80,250.279000,1144,203.331000,46.948000,65404.33,102121.61,0.00006647,0.011000,0.000000,0
2026-07-20 20:36:00,65382.80,65382.80,65350.10,65362.70,42.808000,532,16.457000,26.351000,65362.30,102116.56,0.00006638,0.000000,0.000000,0
2026-07-20 20:37:00,65362.70,65375.00,65362.60,65366.10,30.456000,365,20.491000,9.965000,65366.34,102114.05,0.00006638,0.000000,0.000000,0
2026-07-20 20:38:00,65366.10,65366.10,65366.00,65366.00,7.552000,170,3.132000,4.420000,65366.04,102116.85,0.00006629,0.000000,0.000000,0
2026-07-20 20:39:00,65366.00,65366.10,65334.10,65362.30,41.643000,588,21.170000,20.473000,65346.43,102119.80,0.00006625,0.000000,0.000000,0
2026-07-20 20:40:00,65362.30,65362.30,65306.30,65317.90,155.945000,694,13.252000,142.693000,65322.58,102111.52,0.00006614,0.000000,0.000000,0
2026-07-20 20:41:00,65318.00,65331.70,65302.80,65318.70,152.090000,702,37.314000,114.776000,65314.91,102015.93,0.00006614,0.000000,0.000000,0
2026-07-20 20:42:00,65318.70,65318.80,65280.20,65284.90,84.114000,504,10.874000,73.240000,65299.79,101892.10,0.00006623,0.000000,0.000000,0
2026-07-20 20:43:00,65284.90,65294.90,65277.50,65277.50,28.535000,358,3.957000,24.578000,65285.56,101894.30,0.00006627,0.002000,0.000000,0
2026-07-20 20:44:00,65277.50,65277.60,65248.20,65266.00,149.257000,686,55.926000,93.331000,65258.25,101919.82,0.00006627,0.050000,0.216000,0
2026-07-20 20:45:00,65266.00,65284.00,65265.90,65283.90,9.806000,231,4.931000,4.875000,65268.85,101928.25,0.00006619,0.000000,0.000000,0
2026-07-20 20:46:00,65284.00,65294.40,65283.90,65294.40,15.196000,241,9.859000,5.337000,65285.14,101925.26,0.00006602,0.018000,0.000000,0
2026-07-20 20:47:00,65294.40,65297.00,65291.30,65296.00,31.231000,238,11.269000,19.962000,65295.81,101905.87,0.00006602,0.000000,0.000000,0
2026-07-20 20:48:00,65296.00,65300.00,65296.00,65299.90,27.886000,206,23.172000,4.714000,65299.86,101893.53,0.00006602,0.000000,0.000000,0
2026-07-20 20:49:00,65300.00,65337.00,65299.90,65322.30,439.436000,960,410.446000,28.990000,65305.85,101832.56,0.00006596,0.000000,0.000000,0
2026-07-20 20:50:00,65322.30,65332.80,65320.00,65320.00,17.404000,267,8.337000,9.067000,65327.23,101806.58,0.00006606,0.000000,0.000000,0
2026-07-20 20:51:00,65320.00,65328.00,65305.80,65327.90,24.792000,385,10.577000,14.215000,65314.38,101807.66,0.00006606,0.000000,0.000000,0
2026-07-20 20:52:00,65327.90,65328.00,65297.10,65297.10,24.998000,321,9.291000,15.707000,65304.80,101797.81,0.00006598,0.000000,0.000000,0
2026-07-20 20:53:00,65297.10,65302.90,65297.10,65302.80,13.435000,202,6.400000,7.035000,65301.53,101786.33,0.00006564,0.000000,0.000000,0
2026-07-20 20:54:00,65302.90,65310.00,65297.10,65310.00,15.857000,314,7.018000,8.839000,65302.55,101782.94,0.00006564,0.000000,0.000000,0
2026-07-20 20:55:00,65310.00,65346.70,65309.90,65346.60,12.663000,414,9.105000,3.558000,65328.93,101782.17,0.00006553,0.000000,0.000000,0
2026-07-20 20:56:00,65346.60,65359.10,65337.80,65337.90,26.759000,381,17.050000,9.709000,65351.17,101779.37,0.00006538,0.004000,0.000000,0
2026-07-20 20:57:00,65337.80,65337.90,65332.10,65337.20,17.811000,177,10.720000,7.091000,65333.57,101776.76,0.00006538,0.000000,0.000000,0
2026-07-20 20:58:00,65337.30,65350.80,65328.50,65328.50,43.701000,336,8.165000,35.536000,65339.44,101769.50,0.00006528,0.000000,0.000000,0
2026-07-20 20:59:00,65328.50,65336.90,65315.00,65336.90,28.469000,380,16.147000,12.322000,65326.05,101774.85,0.00006519,0.000000,0.000000,0
2026-07-20 21:00:00,65336.80,65349.20,65336.80,65344.70,45.118000,217,42.034000,3.084000,65342.41,101769.81,0.00006468,0.000000,0.000000,0
2026-07-20 21:01:00,65344.80,65344.80,65297.10,65300.50,56.767000,499,26.222000,30.545000,65308.31,101766.54,0.00006468,0.000000,0.000000,0
2026-07-20 21:02:00,65300.60,65306.80,65300.50,65306.70,16.654000,162,7.447000,9.207000,65302.94,101757.63,0.00006465,0.000000,0.000000,0
2026-07-20 21:03:00,65306.70,65310.10,65300.70,65300.80,21.696000,191,11.303000,10.393000,65305.34,101759.58,0.00006445,0.000000,0.000000,0
2026-07-20 21:04:00,65300.70,65308.10,65292.90,65292.90,24.649000,268,6.514000,18.135000,65302.39,101759.76,0.00006445,0.000000,0.000000,0
2026-07-20 21:05:00,65292.90,65318.10,65284.40,65314.50,34.137000,648,16.214000,17.923000,65300.05,101760.01,0.00006430,0.000000,0.000000,0
2026-07-20 21:06:00,65314.40,65323.00,65314.40,65323.00,12.519000,170,5.948000,6.571000,65318.69,101753.37,0.00006394,0.000000,0.000000,0
2026-07-20 21:07:00,65323.00,65323.00,65302.00,65302.00,15.054000,238,3.182000,11.872000,65318.07,101749.21,0.00006379,0.000000,0.000000,0
2026-07-20 21:08:00,65302.00,65302.10,65283.70,65293.10,24.668000,331,3.481000,21.187000,65289.32,101748.16,0.00006379,0.000000,0.000000,0
2026-07-20 21:09:00,65293.20,65298.40,65255.70,65280.40,136.397000,818,14.942000,121.455000,65276.12,101749.86,0.00006377,0.000000,0.000000,0
2026-07-20 21:10:00,65280.50,65302.50,65280.40,65302.40,13.034000,301,10.258000,2.776000,65294.90,101689.81,0.00006368,0.000000,0.000000,0
2026-07-20 21:11:00,65302.40,65327.00,65302.40,65325.20,51.816000,340,34.223000,17.593000,65315.37,101672.77,0.00006368,0.000000,0.000000,0
2026-07-20 21:12:00,65325.10,65325.10,65317.10,65317.10,14.662000,223,3.327000,11.335000,65320.67,101673.01,0.00006395,0.000000,0.000000,0
2026-07-20 21:13:00,65317.10,65317.20,65300.20,65300.30,39.964000,270,6.338000,33.626000,65308.88,101668.48,0.00006382,0.000000,0.000000,0
2026-07-20 21:14:00,65300.30,65308.80,65288.00,65308.70,49.270000,558,34.469000,14.801000,65298.38,101660.49,0.00006382,0.000000,0.000000,0
2026-07-20 21:15:00,65308.70,65312.60,65290.60,65290.60,10.656000,315,2.724000,7.932000,65303.71,101652.67,0.00006357,0.012000,0.000000,0
2026-07-20 21:16:00,65290.70,65308.10,65289.80,65308.10,5.746000,258,2.795000,2.951000,65297.83,101649.03,0.00006358,0.000000,0.000000,0
2026-07-20 21:17:00,65308.10,65320.00,65308.00,65320.00,11.269000,176,10.150000,1.119000,65314.72,101648.38,0.00006351,0.000000,0.000000,0
2026-07-20 21:18:00,65319.90,65320.00,65316.80,65316.90,10.604000,111,6.614000,3.990000,65319.23,101653.54,0.00006351,0.000000,0.000000,0
2026-07-20 21:19:00,65316.90,65316.90,65282.00,65285.80,26.019000,354,8.071000,17.948000,65291.71,101652.45,0.00006379,0.000000,0.000000,0
2026-07-20 21:20:00,65285.80,65300.00,65285.80,65300.00,6.977000,181,5.355000,1.622000,65294.30,101649.20,0.00006372,0.000000,0.000000,0
2026-07-20 21:21:00,65300.00,65317.70,65295.60,65317.70,17.060000,310,12.286000,4.774000,65305.78,101644.63,0.00006372,0.000000,0.000000,0
2026-07-20 21:22:00,65317.70,65326.00,65317.60,65325.90,29.223000,171,26.315000,2.908000,65320.50,101662.55,0.00006393,0.000000,0.000000,0
2026-07-20 21:23:00,65325.90,65325.90,65310.00,65310.00,12.123000,216,1.076000,11.047000,65316.96,101658.96,0.00006401,0.000000,0.000000,0
2026-07-20 21:24:00,65310.00,65310.10,65300.00,65300.10,12.683000,139,0.925000,11.758000,65307.62,101665.55,0.00006385,0.000000,0.000000,0
2026-07-20 21:25:00,65300.10,65300.10,65300.00,65300.10,6.461000,151,3.644000,2.817000,65300.06,101665.64,0.00006385,0.000000,0.000000,0
2026-07-20 21:26:00,65300.10,65300.10,65277.90,65292.70,27.112000,365,13.030000,14.082000,65286.23,101658.81,0.00006356,0.000000,0.000000,0
2026-07-20 21:27:00,65292.70,65295.50,65288.10,65295.50,12.067000,180,5.514000,6.553000,65289.24,101656.62,0.00006303,0.000000,0.000000,0
2026-07-20 21:28:00,65295.50,65295.50,65295.40,65295.50,4.119000,140,1.482000,2.637000,65295.44,101657.44,0.00006303,0.000000,0.000000,0
2026-07-20 21:29:00,65295.50,65295.50,65272.30,65272.40,12.714000,221,1.603000,11.111000,65281.72,101655.88,0.00006286,0.000000,0.000000,0
2026-07-20 21:30:00,65272.30,65278.10,65272.30,65278.00,22.793000,214,14.768000,8.025000,65275.13,101662.38,0.00006263,0.000000,0.000000,0
2026-07-20 21:31:00,65278.10,65326.80,65278.00,65302.70,136.777000,845,42.841000,93.936000,65314.30,101619.70,0.00006216,0.000000,0.000000,0
2026-07-20 21:32:00,65302.80,65317.10,65302.70,65317.00,17.358000,207,15.252000,2.106000,65305.75,101616.38,0.00006216,0.000000,0.000000,0
2026-07-20 21:33:00,65317.10,65380.00,65317.00,65376.90,55.714000,657,49.237000,6.477000,65352.74,101615.25,0.00006183,0.000000,0.000000,0
2026-07-20 21:34:00,65376.90,65376.90,65370.40,65374.50,17.987000,240,10.623000,7.364000,65375.71,101615.74,0.00006167,0.000000,0.000000,0
2026-07-20 21:35:00,65374.50,65413.00,65374.40,65413.00,66.488000,511,62.498000,3.990000,65397.27,101616.51,0.00006167,0.023000,0.000000,0
2026-07-20 21:36:00,65413.00,65416.40,65400.20,65408.50,104.380000,460,25.130000,79.250000,65409.50,101585.95,0.00006128,0.000000,0.000000,0
2026-07-20 21:37:00,65408.50,65410.30,65399.50,65399.60,48.547000,264,8.973000,39.574000,65407.29,101573.31,0.00006125,0.000000,0.000000,0
2026-07-20 21:38:00,65399.50,65409.20,65399.30,65409.20,11.837000,187,6.955000,4.882000,65402.11,101571.66,0.00006125,0.000000,0.000000,0
2026-07-20 21:39:00,65409.20,65409.20,65373.50,65373.60,30.601000,396,11.384000,19.217000,65387.83,101574.82,0.00006093,0.000000,0.000000,0
2026-07-20 21:40:00,65373.50,65373.60,65350.00,65350.00,13.190000,303,4.105000,9.085000,65363.05,101576.80,0.00006065,0.000000,0.000000,0
2026-07-20 21:41:00,65350.10,65359.80,65344.60,65344.60,17.233000,283,4.293000,12.940000,65353.35,101572.08,0.00006010,0.000000,0.000000,0
2026-07-20 21:42:00,65344.70,65344.70,65337.10,65337.10,15.943000,236,2.752000,13.191000,65341.91,101576.05,0.00006010,0.000000,0.000000,0
2026-07-20 21:43:00,65337.10,65364.80,65336.20,65343.30,37.926000,469,22.040000,15.886000,65350.90,101572.10,0.00005985,0.000000,0.000000,0
2026-07-20 21:44:00,65343.30,65343.30,65317.80,65330.70,56.889000,672,21.532000,35.357000,65327.64,101563.65,0.00005942,0.000000,0.000000,0
2026-07-20 21:45:00,65330.70,65344.30,65324.40,65328.30,34.567000,510,15.146000,19.421000,65333.99,101557.66,0.00005942,0.000000,0.000000,0
2026-07-20 21:46:00,65328.40,65354.10,65313.60,65320.20,106.281000,1250,45.115000,61.166000,65328.64,101578.24,0.00005896,0.000000,0.000000,0
2026-07-20 21:47:00,65320.20,65345.90,65320.20,65328.40,20.358000,373,5.657000,14.701000,65338.74,101575.49,0.00005881,0.000000,0.000000,0
2026-07-20 21:48:00,65328.40,65328.50,65315.10,65315.20,5.684000,178,1.721000,3.963000,65326.70,101573.51,0.00005869,0.000000,0.000000,0
2026-07-20 21:49:00,65315.20,65315.20,65287.70,65304.10,22.408000,395,11.080000,11.328000,65298.22,101573.15,0.00005869,0.000000,0.000000,0
2026-07-20 21:50:00,65304.20,65304.20,65284.80,65288.90,14.320000,315,6.467000,7.853000,65290.17,101570.59,0.00005841,0.000000,0.009000,0
2026-07-20 21:51:00,65288.90,65304.10,65271.60,65271.70,49.875000,451,8.567000,41.308000,65287.84,101567.31,0.00005787,0.000000,0.000000,0
2026-07-20 21:52:00,65271.70,65283.60,65266.40,65283.60,27.402000,325,20.150000,7.252000,65272.17,101554.94,0.00005787,0.000000,0.000000,0
2026-07-20 21:53:00,65283.50,65283.60,65263.70,65279.90,20.378000,397,6.774000,13.604000,65271.93,101554.04,0.00005752,0.000000,0.000000,0
2026-07-20 21:54:00,65280.00,65280.00,65262.10,65276.30,20.084000,343,12.990000,7.094000,65268.92,101557.37,0.00005755,0.000000,0.000000,0
2026-07-20 21:55:00,65276.20,65285.60,65276.20,65285.60,9.015000,154,6.375000,2.640000,65279.67,101557.37,0.00005755,0.000000,0.000000,0
2026-07-20 21:56:00,65285.60,65285.70,65276.40,65276.40,14.879000,137,0.439000,14.440000,65283.35,101557.93,0.00005724,0.000000,0.000000,0
2026-07-20 21:57:00,65276.40,65276.40,65241.60,65267.80,76.327000,803,35.676000,40.651000,65251.99,101547.96,0.00005721,0.000000,0.033000,0
2026-07-20 21:58:00,65267.80,65267.90,65243.00,65254.30,27.778000,394,11.838000,15.940000,65255.83,101525.25,0.00005694,0.000000,0.000000,0
2026-07-20 21:59:00,65254.30,65271.10,65254.30,65271.00,6.987000,243,5.374000,1.613000,65262.68,101521.82,0.00005694,0.000000,0.000000,0
2026-07-20 22:00:00,65271.10,65284.60,65253.10,65258.50,46.720000,484,23.712000,23.008000,65271.27,101520.41,0.00005681,0.000000,0.000000,0
2026-07-20 22:01:00,65258.40,65258.50,65187.30,65198.60,139.787000,1064,33.544000,106.243000,65209.42,101515.77,0.00005673,0.000000,0.094000,0
2026-07-20 22:02:00,65198.60,65203.60,65161.40,65182.10,81.424000,1141,34.434000,46.990000,65178.03,101514.75,0.00005673,0.000000,0.000000,0
2026-07-20 22:03:00,65182.00,65201.70,65143.30,65161.00,172.588000,1131,46.233000,126.355000,65175.11,101509.67,0.00005606,0.000000,0.102000,0
2026-07-20 22:04:00,65161.10,65180.90,65153.10,65154.20,44.558000,705,25.721000,18.837000,65169.95,101481.90,0.00005508,0.000000,0.000000,0
2026-07-20 22:05:00,65154.30,65180.80,65140.00,65145.00,63.282000,732,33.603000,29.679000,65159.56,101484.16,0.00005525,0.000000,0.001000,0
2026-07-20 22:06:00,65144.90,65145.00,65110.00,65133.70,91.358000,828,47.768000,43.590000,65126.29,101485.19,0.00005525,0.000000,1.375000,0
2026-07-20 22:07:00,65133.80,65162.30,65133.80,65152.30,78.735000,599,60.262000,18.473000,65152.68,101503.22,0.00005516,0.000000,0.002000,0
2026-07-20 22:08:00,65152.40,65181.50,65152.30,65173.00,25.956000,494,15.629000,10.327000,65171.62,101500.16,0.00005533,0.000000,0.000000,0
2026-07-20 22:09:00,65173.00,65181.50,65165.30,65165.40,21.020000,396,5.914000,15.106000,65170.81,101500.86,0.00005533,0.000000,0.000000,0
2026-07-20 22:10:00,65165.30,65190.10,65161.40,65190.10,23.621000,428,18.434000,5.187000,65177.79,101497.35,0.00005556,0.000000,0.000000,0
2026-07-20 22:11:00,65190.00,65206.40,65181.40,65187.80,20.781000,444,10.198000,10.583000,65195.05,101499.67,0.00005564,0.000000,0.000000,0
2026-07-20 22:12:00,65187.80,65214.50,65169.50,65174.30,27.431000,658,8.007000,19.424000,65202.59,101495.05,0.00005564,0.000000,0.000000,0
2026-07-20 22:13:00,65174.30,65190.00,65174.30,65174.30,16.567000,310,2.741000,13.826000,65185.13,101499.13,0.00005591,0.000000,0.000000,0
2026-07-20 22:14:00,65174.30,65175.70,65169.40,65175.60,10.230000,168,5.775000,4.455000,65173.36,101498.25,0.00005608,0.000000,0.000000,0
2026-07-20 22:15:00,65175.60,65183.10,65165.60,65177.90,29.320000,371,9.987000,19.333000,65171.50,101500.84,0.00005616,0.000000,0.000000,0
2026-07-20 22:16:00,65177.80,65177.90,65150.00,65169.80,17.050000,482,5.241000,11.809000,65161.96,101497.91,0.00005616,0.000000,0.000000,0
2026-07-20 22:17:00,65169.80,65169.90,65160.60,65169.10,12.268000,205,7.342000,4.926000,65163.30,101498.93,0.00005632,0.000000,0.000000,0
2026-07-20 22:18:00,65169.10,65169.20,65125.70,65142.10,66.267000,597,23.708000,42.559000,65142.41,101499.09,0.00005653,0.000000,0.000000,0
2026-07-20 22:19:00,65142.00,65168.00,65138.00,65150.90,39.039000,784,13.438000,25.601000,65152.15,101519.69,0.00005653,0.000000,0.000000,0
2026-07-20 22:20:00,65150.90,65177.90,65150.90,65177.80,56.618000,513,38.232000,18.386000,65166.16,101519.98,0.00005664,0.000000,0.000000,0
2026-07-20 22:21:00,65177.80,65193.60,65177.80,65188.00,41.954000,361,14.619000,27.335000,65189.55,101525.92,0.00005669,0.000000,0.000000,0
2026-07-20 22:22:00,65188.00,65200.00,65187.90,65188.10,17.435000,273,5.664000,11.771000,65196.12,101508.62,0.00005669,0.000000,0.000000,0
2026-07-20 22:23:00,65188.00,65190.30,65180.50,65182.90,38.944000,323,26.775000,12.169000,65183.37,101501.55,0.00005694,0.000000,0.000000,0
2026-07-20 22:24:00,65182.90,65189.90,65180.50,65189.90,12.640000,193,4.266000,8.374000,65182.14,101515.31,0.00005694,0.000000,0.000000,0
2026-07-20 22:25:00,65189.80,65200.00,65189.80,65199.90,9.771000,145,9.104000,0.667000,65194.00,101514.99,0.00005672,0.000000,0.000000,0
2026-07-20 22:26:00,65200.00,65205.00,65197.20,65205.00,19.966000,188,6.275000,13.691000,65201.99,101517.10,0.00005672,0.000000,0.000000,0
2026-07-20 22:27:00,65205.00,65228.00,65204.90,65228.00,68.760000,296,64.538000,4.222000,65209.92,101508.33,0.00005696,0.000000,0.000000,0
2026-07-20 22:28:00,65228.00,65228.00,65200.60,65200.60,22.798000,286,5.553000,17.245000,65218.51,101518.14,0.00005725,0.000000,0.000000,0
2026-07-20 22:29:00,65200.70,65200.70,65192.20,65192.30,56.523000,173,23.688000,32.835000,65196.85,101518.80,0.00005725,0.000000,0.000000,0
2026-07-20 22:30:00,65192.30,65192.30,65183.80,65187.90,38.250000,167,7.944000,30.306000,65187.99,101503.94,0.00005748,0.000000,0.000000,0
2026-07-20 22:31:00,65187.90,65204.90,65182.30,65204.90,72.087000,348,19.806000,52.281000,65196.18,101484.59,0.00005723,0.000000,0.000000,0
2026-07-20 22:32:00,65204.90,65205.00,65181.40,65200.60,43.556000,454,8.024000,35.532000,65198.71,101456.84,0.00005723,0.000000,0.000000,0
2026-07-20 22:33:00,65200.70,65200.70,65180.00,65180.10,15.978000,251,2.639000,13.339000,65189.78,101433.92,0.00005729,0.000000,0.000000,0
2026-07-20 22:34:00,65180.00,65180.10,65160.60,65160.70,19.311000,287,2.386000,16.925000,65174.09,101436.15,0.00005728,0.000000,0.000000,0
2026-07-20 22:35:00,65160.70,65160.70,65080.70,65083.10,96.429000,897,20.185000,76.244000,65100.01,101435.37,0.00005680,0.000000,0.081000,0
2026-07-20 22:36:00,65083.10,65092.20,65061.70,65092.20,110.499000,816,45.648000,64.851000,65074.45,101416.71,0.00005680,0.000000,0.041000,0
2026-07-20 22:37:00,65092.30,65129.50,65092.30,65125.50,126.456000,579,103.605000,22.851000,65110.79,101386.09,0.00005601,0.000000,0.000000,0
2026-07-20 22:38:00,65125.50,65125.50,65100.00,65101.10,46.283000,494,23.575000,22.708000,65110.30,101387.38,0.00005609,0.000000,0.000000,0
2026-07-20 22:39:00,65101.10,65108.00,65100.00,65108.00,41.199000,221,28.050000,13.149000,65103.12,101388.34,0.00005609,0.000000,0.000000,0
2026-07-20 22:40:00,65108.00,65133.30,65107.90,65108.00,33.619000,476,13.161000,20.458000,65122.71,101395.83,0.00005595,0.000000,0.000000,0
2026-07-20 22:41:00,65107.90,65108.00,65075.20,65079.60,62.738000,411,13.834000,48.904000,65093.00,101393.10,0.00005614,0.000000,0.050000,0
2026-07-20 22:42:00,65079.60,65083.60,65061.20,65074.50,56.298000,562,23.022000,33.276000,65076.28,101367.95,0.00005614,0.000000,0.000000,0
2026-07-20 22:43:00,65074.50,65099.10,65074.50,65094.40,102.673000,416,72.816000,29.857000,65083.03,101378.52,0.00005601,0.000000,0.000000,0
2026-07-20 22:44:00,65094.40,65094.50,65094.40,65094.50,10.681000,100,7.972000,2.709000,65094.47,101363.19,0.00005631,0.000000,0.000000,0
2026-07-20 22:45:00,65094.50,65109.00,65094.40,65109.00,32.617000,200,30.768000,1.849000,65099.07,101363.32,0.00005646,0.000000,0.000000,0
2026-07-20 22:46:00,65108.90,65121.30,65108.90,65112.10,40.831000,279,12.756000,28.075000,65115.45,101361.41,0.00005646,0.000000,0.000000,0
2026-07-20 22:47:00,65112.10,65115.90,65109.50,65109.60,7.164000,180,4.687000,2.477000,65114.72,101347.08,0.00005686,0.000000,0.000000,0
2026-07-20 22:48:00,65109.60,65121.30,65109.50,65114.00,27.032000,205,8.654000,18.378000,65117.94,101348.68,0.00005714,0.000000,0.000000,0
2026-07-20 22:49:00,65114.10,65120.00,65114.00,65119.90,7.542000,113,6.286000,1.256000,65118.54,101339.40,0.00005714,0.000000,0.000000,0
2026-07-20 22:50:00,65120.00,65120.00,65119.90,65120.00,4.122000,70,2.153000,1.969000,65119.95,101338.29,0.00005731,0.000000,0.000000,0
2026-07-20 22:51:00,65119.90,65120.00,65110.00,65110.70,15.824000,196,6.082000,9.742000,65113.30,101340.38,0.00005766,0.000000,0.000000,0
2026-07-20 22:52:00,65110.70,65123.80,65100.80,65100.80,68.191000,397,22.395000,45.796000,65114.84,101332.31,0.00005766,0.000000,0.000000,0
2026-07-20 22:53:00,65100.80,65110.80,65100.80,65110.70,15.660000,225,5.981000,9.679000,65107.96,101324.18,0.00005782,0.000000,0.000000,0
2026-07-20 22:54:00,65110.70,65110.80,65089.90,65102.20,23.222000,360,5.036000,18.186000,65096.93,101321.57,0.00005793,0.000000,0.000000,0
2026-07-20 22:55:00,65102.20,65102.30,65101.40,65101.40,18.513000,133,8.415000,10.098000,65101.73,101330.40,0.00005818,0.000000,0.000000,0
2026-07-20 22:56:00,65101.40,65120.00,65089.00,65092.40,44.266000,573,30.257000,14.009000,65106.26,101335.16,0.00005818,0.000000,0.000000,0
2026-07-20 22:57:00,65092.50,65123.70,65092.40,65123.60,23.721000,342,16.086000,7.635000,65108.94,101334.87,0.00005835,0.000000,0.000000,0
2026-07-20 22:58:00,65123.70,65123.70,65100.00,65119.00,44.118000,427,23.358000,20.760000,65112.18,101325.46,0.00005844,0.000000,0.000000,0
2026-07-20 22:59:00,65119.00,65121.00,65114.20,65114.20,13.210000,236,6.978000,6.232000,65116.50,101331.45,0.00005844,0.000000,0.000000,0
2026-07-20 23:00:00,65114.30,65121.00,65114.20,65118.80,36.306000,224,10.020000,26.286000,65119.36,101320.02,0.00005869,0.000000,0.000000,0
2026-07-20 23:01:00,65118.70,65118.80,65103.90,65104.00,29.659000,364,14.331000,15.328000,65114.65,101322.44,0.00005893,0.000000,0.000000,0
2026-07-20 23:02:00,65103.90,65113.00,65098.80,65112.90,19.886000,371,11.316000,8.570000,65105.52,101330.16,0.00005893,0.000000,0.000000,0
2026-07-20 23:03:00,65112.90,65128.80,65103.10,65128.80,34.486000,408,14.909000,19.577000,65118.93,101332.70,0.00005905,0.000000,0.000000,0
2026-07-20 23:04:00,65128.70,65141.50,65128.70,65141.40,31.559000,277,21.368000,10.191000,65133.63,101327.49,0.00005911,0.000000,0.000000,0
2026-07-20 23:05:00,65141.50,65156.00,65137.90,65137.90,88.639000,535,40.340000,48.299000,65147.14,101329.00,0.00005975,0.000000,0.000000,0
2026-07-20 23:06:00,65137.90,65160.00,65137.90,65160.00,46.866000,559,30.370000,16.496000,65150.90,101337.16,0.00005975,0.000000,0.000000,0
2026-07-20 23:07:00,65159.90,65172.80,65150.00,65160.00,37.143000,555,25.700000,11.443000,65163.36,101350.49,0.00005975,0.000000,0.000000,0
2026-07-20 23:08:00,65160.10,65193.20,65160.00,65172.90,44.859000,554,23.121000,21.738000,65178.62,101344.99,0.00005984,0.000000,0.000000,0
2026-07-20 23:09:00,65172.90,65203.10,65172.80,65182.20,24.052000,580,16.786000,7.266000,65188.35,101352.82,0.00005984,0.000000,0.000000,0
2026-07-20 23:10:00,65182.20,65182.30,65181.90,65181.90,19.431000,149,7.046000,12.385000,65182.13,101353.85,0.00006014,0.000000,0.000000,0
2026-07-20 23:11:00,65182.00,65182.10,65160.00,65160.00,22.601000,358,12.317000,10.284000,65174.14,101342.46,0.00006032,0.000000,0.000000,0
2026-07-20 23:12:00,65160.10,65160.10,65150.00,65150.00,12.035000,214,1.015000,11.020000,65155.91,101344.38,0.00006032,0.000000,0.000000,0
2026-07-20 23:13:00,65150.00,65150.10,65118.30,65118.60,39.174000,369,3.586000,35.588000,65134.63,101339.18,0.00006024,0.000000,0.000000,0
2026-07-20 23:14:00,65118.50,65125.00,65114.10,65124.40,31.842000,287,12.300000,19.542000,65122.16,101332.03,0.00005976,0.000000,0.000000,0
2026-07-20 23:15:00,65124.30,65134.70,65120.10,65129.00,16.842000,315,5.096000,11.746000,65124.59,101324.29,0.00005895,0.000000,0.000000,0
2026-07-20 23:16:00,65128.90,65173.00,65128.90,65172.20,24.979000,485,11.971000,13.008000,65156.18,101313.81,0.00005895,0.000000,0.000000,0
2026-07-20 23:17:00,65172.10,65200.10,65162.50,65200.10,46.917000,586,35.411000,11.506000,65182.66,101305.02,0.00005848,0.000000,0.000000,0
2026-07-20 23:18:00,65200.00,65226.10,65200.00,65214.90,136.262000,647,82.317000,53.945000,65210.71,101288.03,0.00005861,0.007000,0.000000,0
2026-07-20 23:19:00,65214.80,65237.90,65214.00,65224.70,59.108000,470,45.067000,14.041000,65221.31,101274.99,0.00005861,0.222000,0.000000,0
2026-07-20 23:20:00,65224.60,65235.00,65221.50,65221.50,49.580000,288,10.825000,38.755000,65231.08,101267.29,0.00005880,0.000000,0.000000,0
2026-07-20 23:21:00,65221.50,65221.60,65194.90,65195.00,44.753000,337,6.473000,38.280000,65204.61,101257.95,0.00005881,0.000000,0.000000,0
2026-07-20 23:22:00,65195.00,65203.90,65172.10,65177.90,55.349000,402,27.493000,27.856000,65190.69,101265.35,0.00005856,0.000000,0.000000,0
2026-07-20 23:23:00,65178.00,65218.50,65178.00,65201.30,38.594000,513,17.469000,21.125000,65202.49,101273.99,0.00005856,0.000000,0.000000,0
2026-07-20 23:24:00,65201.30,65208.10,65201.20,65201.20,18.315000,155,11.603000,6.712000,65204.20,101268.29,0.00005822,0.000000,0.000000,0
2026-07-20 23:25:00,65201.30,65201.30,65193.00,65193.00,6.240000,122,1.703000,4.537000,65199.65,101269.45,0.00005801,0.000000,0.000000,0
2026-07-20 23:26:00,65193.00,65193.10,65179.30,65179.30,13.593000,195,4.823000,8.770000,65189.75,101270.99,0.00005801,0.000000,0.000000,0
2026-07-20 23:27:00,65179.30,65179.30,65174.80,65177.70,17.343000,146,7.303000,10.040000,65178.26,101275.86,0.00005786,0.000000,0.000000,0
2026-07-20 23:28:00,65177.70,65191.00,65177.70,65190.90,36.114000,226,25.605000,10.509000,65188.58,101274.79,0.00005782,0.000000,0.000000,0
2026-07-20 23:29:00,65191.00,65199.90,65190.90,65199.90,16.796000,175,14.599000,2.197000,65194.82,101257.66,0.00005782,0.000000,0.000000,0
2026-07-20 23:30:00,65199.90,65216.80,65199.90,65213.70,26.010000,212,11.229000,14.781000,65213.81,101250.18,0.00005786,0.000000,0.000000,0
2026-07-20 23:31:00,65213.80,65231.00,65209.30,65209.50,60.021000,474,33.940000,26.081000,65221.58,101242.32,0.00005802,0.000000,0.000000,0
2026-07-20 23:32:00,65209.50,65225.00,65209.40,65225.00,16.539000,262,11.499000,5.040000,65221.06,101243.36,0.00005788,0.000000,0.000000,0
2026-07-20 23:33:00,65225.00,65225.00,65224.90,65225.00,27.796000,163,14.234000,13.562000,65224.95,101242.85,0.00005788,0.000000,0.000000,0
2026-07-20 23:34:00,65225.00,65227.00,65218.40,65227.00,20.783000,268,15.736000,5.047000,65222.03,101243.90,0.00005765,0.000000,0.000000,0
2026-07-20 23:35:00,65227.00,65227.00,65208.70,65208.80,12.049000,279,7.019000,5.030000,65223.99,101246.30,0.00005751,0.000000,0.000000,0
2026-07-20 23:36:00,65208.80,65227.20,65208.70,65227.10,26.960000,399,20.518000,6.442000,65218.75,101240.63,0.00005751,0.000000,0.000000,0
2026-07-20 23:37:00,65227.20,65227.20,65206.00,65206.00,10.134000,257,2.334000,7.800000,65214.44,101239.64,0.00005734,0.000000,0.000000,0
2026-07-20 23:38:00,65206.00,65206.10,65203.50,65203.50,16.959000,124,5.202000,11.757000,65205.95,101244.77,0.00005718,0.000000,0.000000,0
2026-07-20 23:39:00,65203.60,65203.60,65200.00,65200.10,16.336000,130,8.116000,8.220000,65202.80,101242.57,0.00005718,0.000000,0.000000,0
2026-07-20 23:40:00,65200.10,65200.10,65181.60,65181.60,15.488000,275,1.489000,13.999000,65192.80,101244.30,0.00005675,0.000000,0.000000,0
2026-07-20 23:41:00,65181.50,65183.90,65164.90,65177.70,47.795000,605,14.484000,33.311000,65175.28,101253.86,0.00005647,0.000000,0.000000,0
2026-07-20 23:42:00,65177.70,65182.40,65169.50,65179.40,8.284000,259,3.527000,4.757000,65176.24,101257.26,0.00005612,0.000000,0.000000,0
2026-07-20 23:43:00,65179.30,65203.00,65179.30,65191.90,37.069000,351,30.678000,6.391000,65195.69,101241.23,0.00005612,0.000000,0.000000,0
2026-07-20 23:44:00,65192.00,65194.00,65182.70,65194.00,25.444000,247,8.953000,16.491000,65189.26,101250.81,0.00005597,0.000000,0.000000,0
2026-07-20 23:45:00,65194.00,65194.00,65193.90,65194.00,13.334000,161,3.435000,9.899000,65193.93,101254.37,0.00005587,0.000000,0.000000,0
2026-07-20 23:46:00,65194.00,65204.00,65181.10,65197.00,84.793000,512,24.567000,60.226000,65191.15,101257.49,0.00005587,0.000000,0.000000,0
2026-07-20 23:47:00,65197.10,65225.70,65197.10,65205.60,34.468000,407,19.424000,15.044000,65214.59,101287.94,0.00005579,0.000000,0.000000,0
2026-07-20 23:48:00,65205.70,65231.00,65205.70,65231.00,17.642000,287,12.728000,4.914000,65220.68,101281.78,0.00005568,0.000000,0.000000,0
2026-07-20 23:49:00,65230.90,65231.00,65225.90,65226.00,12.811000,136,7.502000,5.309000,65229.48,101282.20,0.00005568,0.000000,0.000000,0
2026-07-20 23:50:00,65225.90,65225.90,65198.60,65199.60,19.948000,466,10.284000,9.664000,65206.32,101286.35,0.00005580,0.000000,0.000000,0
2026-07-20 23:51:00,65199.60,65199.60,65171.60,65171.70,14.020000,276,3.839000,10.181000,65178.88,101284.47,0.00005569,0.000000,0.000000,0
2026-07-20 23:52:00,65171.70,65171.70,65152.50,65152.60,18.295000,270,1.120000,17.175000,65162.85,101284.21,0.00005527,0.000000,0.000000,0
2026-07-20 23:53:00,65152.50,65152.60,65133.90,65152.60,33.899000,369,17.766000,16.133000,65140.42,101292.37,0.00005527,0.000000,0.000000,0
2026-07-20 23:54:00,65152.60,65157.20,65139.00,65139.00,42.372000,270,4.351000,38.021000,65151.69,101279.07,0.00005483,0.000000,0.000000,0
2026-07-20 23:55:00,65139.10,65165.10,65133.70,65165.00,79.281000,414,72.509000,6.772000,65147.71,101278.45,0.00005448,0.000000,0.000000,0
2026-07-20 23:56:00,65165.10,65231.60,65147.60,65231.20,98.542000,1027,63.601000,34.941000,65202.09,101264.90,0.00005448,0.000000,0.000000,0
2026-07-20 23:57:00,65231.60,65244.90,65206.80,65206.90,58.071000,571,17.730000,40.341000,65230.44,101285.54,0.00005432,0.003000,0.000000,0
2026-07-20 23:58:00,65206.80,65209.60,65188.60,65209.60,30.998000,365,17.494000,13.504000,65196.82,101285.47,0.00005446,0.003000,0.000000,0
2026-07-20 23:59:00,65209.50,65244.00,65204.60,65234.10,23.543000,492,15.104000,8.439000,65225.62,101282.55,0.00005446,0.000000,0.000000,0
