Timestamp,Open,High,Low,Close,Volume,AggTrades,BuyQty,SellQty,VWAP,OpenInterest,FundingRate,LiqBuyQty,LiqSellQty,IsSynthetic
2026-08-11 00:00:00,63939.30,63939.30,63939.20,63939.20,4.473000,84,2.663000,1.810000,63939.26,106299.53,0.00002338,0.000000,0.000000,0
2026-08-11 00:01:00,63939.30,63939.30,63917.00,63919.90,113.427000,657,40.044000,73.383000,63929.34,106286.42,0.00002301,0.000000,0.034000,0
2026-08-11 00:02:00,63920.00,63920.00,63900.00,63904.00,67.475000,398,32.982000,34.493000,63910.00,106241.67,0.00002249,0.000000,0.000000,0
2026-08-11 00:03:00,63904.00,63904.10,63888.00,63903.70,70.720000,446,38.997000,31.723000,63895.79,106221.65,0.00002249,0.000000,0.000000,0
2026-08-11 00:04:00,63903.70,63917.40,63903.70,63915.00,50.048000,345,34.164000,15.884000,63911.56,106204.40,0.00002206,0.000000,0.000000,0
2026-08-11 00:05:00,63915.10,63925.90,63907.20,63913.00,51.963000,466,36.193000,15.770000,63917.59,106204.47,0.00002174,0.000000,0.000000,0
2026-08-11 00:06:00,63912.90,63922.90,63903.70,63910.30,26.655000,412,16.566000,10.089000,63912.60,106217.32,0.00002203,0.000000,0.000000,0
2026-08-11 00:07:00,63910.30,63910.40,63890.00,63890.00,21.593000,328,5.173000,16.420000,63904.82,106223.32,0.00002203,0.000000,0.163000,0
2026-08-11 00:08:00,63890.00,63890.00,63863.90,63881.80,154.804000,696,60.884000,93.920000,63876.63,106180.48,0.00002202,0.000000,0.150000,0
2026-08-11 00:09:00,63881.80,63908.80,63875.00,63908.80,46.530000,459,30.547000,15.983000,63887.79,106178.33,0.00002167,0.000000,0.000000,0
2026-08-11 00:10:00,63908.70,63923.10,63908.70,63918.00,24.627000,333,11.633000,12.994000,63916.58,106182.19,0.00002167,0.000000,0.000000,0
2026-08-11 00:11:00,63918.00,63920.00,63913.60,63920.00,17.145000,210,11.700000,5.445000,63918.21,106180.29,0.00002208,0.000000,0.000000,0
2026-08-11 00:12:00,63919.90,63920.00,63901.70,63912.40,16.610000,309,9.292000,7.318000,63910.99,106182.25,0.00002289,0.000000,0.000000,0
2026-08-11 00:13:00,63912.40,63936.10,63912.40,63936.10,26.614000,283,23.069000,3.545000,63925.83,106191.56,0.00002289,0.000000,0.000000,0
2026-08-11 00:14:00,63936.10,63952.20,63912.10,63943.90,84.747000,858,40.560000,44.187000,63939.86,106193.15,0.00002315,0.000000,0.000000,0
2026-08-11 00:15:00,63943.90,63955.80,63929.20,63955.70,93.015000,618,41.087000,51.928000,63943.43,106176.73,0.00002427,0.000000,0.000000,0
2026-08-11 00:16:00,63955.80,63955.80,63930.90,63932.10,51.989000,422,21.526000,30.463000,63946.41,106174.99,0.00002416,0.000000,0.000000,0
2026-08-11 00:17:00,63932.10,63932.10,63884.80,63915.60,177.914000,877,38.000000,139.914000,63910.31,106229.33,0.00002416,0.000000,0.000000,0
2026-08-11 00:18:00,63915.60,63922.90,63913.60,63913.70,42.807000,247,13.036000,29.771000,63918.87,106231.26,0.00002368,0.000000,0.000000,0
2026-08-11 00:19:00,63913.70,63913.70,63909.10,63913.30,9.357000,192,5.457000,3.900000,63909.45,106215.47,0.00002400,0.000000,0.000000,0
2026-08-11 00:20:00,63913.40,63914.20,63900.00,63904.10,63.147000,238,26.461000,36.686000,63908.15,106220.10,0.00002400,0.000000,0.000000,0
2026-08-11 00:21:00,63904.10,63905.20,63890.40,63898.50,21.648000,278,7.557000,14.091000,63901.08,106220.47,0.00002403,0.000000,0.003000,0
2026-08-11 00:22:00,63898.50,63963.50,63898.40,63963.30,53.035000,586,30.264000,22.771000,63943.69,106219.23,0.00002395,0.000000,0.000000,0
2026-08-11 00:23:00,63963.30,63963.40,63926.40,63926.40,72.622000,573,13.567000,59.055000,63952.15,106265.83,0.00002395,0.000000,0.000000,0
2026-08-11 00:24:00,63926.40,63940.90,63926.40,63930.80,20.599000,296,8.629000,11.970000,63937.81,106271.82,0.00002420,0.000000,0.000000,0
2026-08-11 00:25:00,63930.80,63936.00,63930.70,63936.00,15.885000,153,9.730000,6.155000,63932.27,106273.58,0.00002434,0.000000,0.000000,0
2026-08-11 00:26:00,63936.00,63959.90,63936.00,63959.90,15.786000,282,12.336000,3.450000,63944.45,106280.15,0.00002387,0.000000,0.000000,0
2026-08-11 00:27:00,63959.80,63974.50,63959.80,63960.70,48.255000,439,26.911000,21.344000,63965.16,106284.69,0.00002387,0.000000,0.000000,0
2026-08-11 00:28:00,63960.60,63968.90,63942.70,63942.70,59.053000,517,14.953000,44.100000,63960.13,106280.13,0.00002413,0.000000,0.000000,0
2026-08-11 00:29:00,63942.70,63949.10,63942.70,63949.00,9.512000,209,8.165000,1.347000,63946.08,106278.74,0.00002425,0.000000,0.000000,0
2026-08-11 00:30:00,63949.10,63961.00,63946.30,63960.90,34.532000,323,9.656000,24.876000,63950.01,106291.48,0.00002425,0.005000,0.000000,0
2026-08-11 00:31:00,63960.90,63968.70,63960.90,63968.60,36.656000,363,19.608000,17.048000,63968.32,106291.26,0.00002410,0.000000,0.000000,0
2026-08-11 00:32:00,63968.70,63983.30,63960.10,63983.30,52.982000,489,22.305000,30.677000,63972.65,106301.30,0.00002452,0.000000,0.000000,0
2026-08-11 00:33:00,63983.20,63983.30,63958.80,63958.80,37.334000,370,10.854000,26.480000,63969.46,106297.93,0.00002452,0.000000,0.000000,0
2026-08-11 00:34:00,63958.80,63965.10,63958.80,63965.00,18.529000,225,11.126000,7.403000,63963.16,106297.04,0.00002513,0.000000,0.000000,0
2026-08-11 00:35:00,63965.10,63973.90,63965.00,63973.00,40.945000,347,18.731000,22.214000,63971.71,106304.15,0.00002496,0.000000,0.000000,0
2026-08-11 00:36:00,63973.00,63973.10,63962.00,63966.10,26.677000,294,10.026000,16.651000,63968.42,106305.03,0.00002500,0.000000,0.000000,0
2026-08-11 00:37:00,63966.10,63968.00,63947.50,63947.50,32.823000,313,9.872000,22.951000,63964.87,106303.65,0.00002500,0.000000,0.000000,0
2026-08-11 00:38:00,63947.50,63947.50,63918.60,63918.70,23.295000,267,4.689000,18.606000,63932.54,106308.19,0.00002503,0.000000,0.000000,0
2026-08-11 00:39:00,63918.70,63955.10,63918.70,63955.10,66.001000,398,63.695000,2.306000,63939.68,106286.63,0.00002433,0.000000,0.000000,0
2026-08-11 00:40:00,63955.00,63965.00,63950.70,63958.30,22.790000,366,12.302000,10.488000,63958.90,106285.12,0.00002433,0.000000,0.000000,0
2026-08-11 00:41:00,63958.40,63963.40,63954.00,63955.30,13.629000,284,5.978000,7.651000,63958.76,106285.30,0.00002460,0.000000,0.000000,0
2026-08-11 00:42:00,63955.20,63955.40,63941.30,63944.90,16.510000,208,7.860000,8.650000,63950.83,106288.66,0.00002524,0.000000,0.000000,0
2026-08-11 00:43:00,63945.00,63960.00,63944.90,63960.00,16.472000,207,14.349000,2.123000,63953.38,106291.71,0.00002524,0.000000,0.000000,0
2026-08-11 00:44:00,63959.90,63964.00,63944.50,63944.50,57.236000,386,12.726000,44.510000,63956.49,106289.15,0.00002516,0.000000,0.000000,0
2026-08-11 00:45:00,63944.60,63951.50,63936.00,63951.50,38.552000,367,29.769000,8.783000,63942.15,106283.85,0.00002549,0.000000,0.000000,0
2026-08-11 00:46:00,63951.50,63970.00,63951.50,63970.00,22.741000,324,17.526000,5.215000,63960.69,106293.33,0.00002577,0.000000,0.000000,0
2026-08-11 00:47:00,63969.90,63980.40,63969.90,63974.70,73.633000,444,41.655000,31.978000,63975.12,106289.93,0.00002577,0.000000,0.000000,0
2026-08-11 00:48:00,63974.70,63978.70,63974.60,63978.60,16.667000,272,10.618000,6.049000,63975.27,106292.66,0.00002654,0.000000,0.000000,0
2026-08-11 00:49:00,63978.70,63983.70,63970.80,63971.60,93.498000,499,58.818000,34.680000,63974.16,106280.85,0.00002652,0.000000,0.000000,0
2026-08-11 00:50:00,63971.60,63971.70,63971.60,63971.70,7.554000,188,4.601000,2.953000,63971.66,106281.00,0.00002652,0.000000,0.000000,0
2026-08-11 00:51:00,63971.60,63988.00,63971.60,63987.90,24.548000,343,18.850000,5.698000,63975.81,106278.99,0.00002612,0.000000,0.000000,0
2026-08-11 00:52:00,63988.00,63997.90,63972.20,63972.20,90.548000,531,38.792000,51.756000,63991.25,106292.86,0.00002563,0.000000,0.000000,0
2026-08-11 00:53:00,63972.20,63976.30,63972.20,63976.30,19.938000,235,11.835000,8.103000,63972.74,106293.97,0.00002563,0.000000,0.000000,0
2026-08-11 00:54:00,63976.20,63979.80,63976.20,63979.70,25.334000,215,13.868000,11.466000,63979.71,106297.82,0.00002555,0.000000,0.000000,0
2026-08-11 00:55:00,63979.80,64024.90,63979.70,63998.10,324.639000,1293,218.101000,106.538000,64006.06,106311.22,0.00002523,0.000000,0.000000,0
2026-08-11 00:56:00,63998.00,64024.30,63990.00,64006.80,177.320000,869,126.099000,51.221000,64007.35,106211.73,0.00002523,0.010000,0.000000,0
2026-08-11 00:57:00,64006.70,64018.70,64003.80,64013.80,59.045000,525,40.677000,18.368000,64010.00,106211.22,0.00002499,0.000000,0.000000,0
2026-08-11 00:58:00,64013.90,64013.90,64009.20,64013.30,21.166000,298,15.090000,6.076000,64012.26,106210.35,0.00002471,0.000000,0.000000,0
2026-08-11 00:59:00,64013.30,64032.60,64013.30,64020.10,79.244000,486,34.713000,44.531000,64025.45,106211.15,0.00002475,0.000000,0.000000,0
2026-08-11 01:00:00,64020.00,64020.10,64006.10,64006.10,44.261000,386,11.161000,33.100000,64010.86,106216.55,0.00002475,0.000000,0.003000,0
2026-08-11 01:01:00,64006.10,64012.00,63998.40,64011.90,71.415000,397,48.254000,23.161000,64002.16,106197.30,0.00002479,0.000000,0.000000,0
2026-08-11 01:02:00,64012.00,64012.00,63975.30,63975.30,59.283000,488,10.041000,49.242000,63999.73,106200.95,0.00002428,0.000000,0.000000,0
2026-08-11 01:03:00,63975.40,63975.40,63954.90,63954.90,19.596000,354,4.425000,15.171000,63969.95,106199.07,0.00002428,0.000000,0.000000,0
2026-08-11 01:04:00,63954.90,63975.50,63954.90,63975.40,71.309000,272,57.048000,14.261000,63956.80,106223.61,0.00002344,0.000000,0.000000,0
2026-08-11 01:05:00,63975.40,63987.40,63969.30,63978.60,58.774000,459,32.535000,26.239000,63978.89,106228.87,0.00002215,0.000000,0.000000,0
2026-08-11 01:06:00,63978.60,63978.70,63978.60,63978.70,14.468000,203,7.344000,7.124000,63978.65,106228.48,0.00002215,0.000000,0.000000,0
2026-08-11 01:07:00,63978.70,63978.70,63966.00,63976.50,30.394000,345,14.431000,15.963000,63972.38,106232.94,0.00002169,0.000000,0.000000,0
2026-08-11 01:08:00,63976.40,63976.50,63956.10,63974.00,29.869000,438,9.808000,20.061000,63965.97,106236.90,0.00002131,0.000000,0.000000,0
2026-08-11 01:09:00,63973.90,63975.00,63955.10,63955.10,12.769000,295,3.334000,9.435000,63967.38,106236.08,0.00002131,0.000000,0.000000,0
2026-08-11 01:10:00,63955.10,63978.50,63950.00,63978.40,54.222000,365,38.064000,16.158000,63956.53,106260.05,0.00002090,0.000000,0.000000,0
2026-08-11 01:11:00,63978.40,64023.00,63978.40,64022.90,76.569000,632,51.455000,25.114000,64006.93,106257.92,0.00002034,0.000000,0.000000,0
2026-08-11 01:12:00,64022.90,64034.30,64012.80,64034.30,57.138000,504,33.268000,23.870000,64024.24,106264.40,0.00002050,0.000000,0.000000,0
2026-08-11 01:13:00,64034.20,64044.70,64030.90,64044.60,81.500000,543,47.736000,33.764000,64039.09,106277.73,0.00002050,0.033000,0.000000,0
2026-08-11 01:14:00,64044.70,64048.20,64043.00,64043.10,86.024000,301,18.675000,67.349000,64047.02,106293.50,0.00002102,0.000000,0.000000,0
2026-08-11 01:15:00,64043.10,64043.10,64027.70,64027.70,40.829000,358,8.320000,32.509000,64034.45,106303.41,0.00002165,0.000000,0.000000,0
2026-08-11 01:16:00,64027.80,64027.80,63980.20,64002.20,153.362000,871,66.920000,86.442000,64010.75,106332.50,0.00002165,0.000000,0.000000,0
2026-08-11 01:17:00,64002.20,64006.40,64002.10,64002.30,21.828000,264,6.018000,15.810000,64004.54,106336.65,0.00002154,0.000000,0.000000,0
2026-08-11 01:18:00,64002.20,64020.00,63989.40,63989.50,69.613000,564,33.334000,36.279000,64007.23,106337.88,0.00002100,0.000000,0.031000,0
2026-08-11 01:19:00,63989.40,63989.40,63967.00,63967.10,37.998000,326,9.580000,28.418000,63977.35,106336.35,0.00002100,0.000000,0.000000,0
2026-08-11 01:20:00,63967.00,63967.10,63950.00,63950.00,22.761000,294,4.279000,18.482000,63955.26,106338.14,0.00002069,0.000000,0.000000,0
2026-08-11 01:21:00,63950.10,64000.00,63950.00,63997.80,67.896000,579,47.841000,20.055000,63975.25,106343.50,0.00001962,0.000000,0.000000,0
2026-08-11 01:22:00,63997.70,63999.80,63988.40,63988.40,32.284000,309,11.915000,20.369000,63995.04,106348.18,0.00001918,0.000000,0.000000,0
2026-08-11 01:23:00,63988.40,64010.60,63988.40,64010.50,38.483000,321,31.583000,6.900000,64001.83,106367.30,0.00001918,0.000000,0.000000,0
2026-08-11 01:24:00,64010.50,64024.20,64000.00,64024.20,62.691000,648,14.530000,48.161000,64013.19,106378.92,0.00001912,0.000000,0.020000,0
2026-08-11 01:25:00,64024.20,64036.30,64023.50,64023.50,49.974000,531,18.945000,31.029000,64033.18,106383.75,0.00001911,0.000000,0.000000,0
2026-08-11 01:26:00,64023.60,64023.60,64007.30,64008.50,30.963000,415,16.013000,14.950000,64011.53,106389.55,0.00001911,0.000000,0.000000,0
2026-08-11 01:27:00,64008.40,64017.40,64008.40,64014.10,30.077000,377,10.978000,19.099000,64013.10,106389.49,0.00001929,0.000000,0.000000,0
2026-08-11 01:28:00,64014.20,64014.20,64008.70,64013.20,12.425000,270,7.944000,4.481000,64012.28,106389.49,0.00001887,0.000000,0.000000,0
2026-08-11 01:29:00,64013.10,64032.30,64013.10,64030.20,96.890000,466,67.092000,29.798000,64026.87,106390.09,0.00001887,0.000000,0.000000,0
2026-08-11 01:30:00,64030.20,64044.20,64030.20,64039.40,63.402000,422,30.334000,33.068000,64039.05,106394.54,0.00001858,0.000000,0.000000,0
2026-08-11 01:31:00,64039.50,64039.50,64024.50,64024.60,49.880000,376,8.228000,41.652000,64030.65,106410.21,0.00001805,0.000000,0.000000,0
2026-08-11 01:32:00,64024.50,64024.60,64009.70,64015.00,35.905000,370,13.941000,21.964000,64013.95,106406.24,0.00001754,0.000000,0.000000,0
2026-08-11 01:33:00,64014.90,64015.10,64014.90,64015.00,14.575000,225,5.977000,8.598000,64015.01,106410.71,0.00001754,0.000000,0.000000,0
2026-08-11 01:34:00,64015.10,64025.10,64015.00,64025.00,16.119000,302,10.951000,5.168000,64021.42,106413.29,0.00001663,0.000000,0.000000,0
2026-08-11 01:35:00,64025.00,64025.10,64011.00,64011.10,31.486000,323,8.759000,22.727000,64018.38,106412.69,0.00001613,0.000000,0.000000,0
2026-08-11 01:36:00,64011.00,64012.10,64011.00,64012.10,10.459000,175,4.015000,6.444000,64011.04,106419.96,0.00001613,0.000000,0.000000,0
2026-08-11 01:37:00,64012.00,64016.10,64012.00,64012.00,21.427000,211,10.701000,10.726000,64013.03,106418.89,0.00001544,0.000000,0.000000,0
2026-08-11 01:38:00,64012.00,64012.10,64008.40,64008.40,11.821000,206,1.707000,10.114000,64010.36,106421.78,0.00001469,0.000000,0.000000,0
2026-08-11 01:39:00,64008.40,64008.50,64008.40,64008.40,4.102000,208,0.742000,3.360000,64008.42,106426.75,0.00001469,0.000000,0.000000,0
2026-08-11 01:40:00,64008.40,64008.50,63994.80,63994.80,32.161000,314,3.685000,28.476000,64003.13,106426.07,0.00001393,0.000000,0.000000,0
2026-08-11 01:41:00,63994.90,63995.70,63988.00,63995.60,40.337000,338,17.730000,22.607000,63990.75,106427.20,0.00001295,0.000000,0.000000,0
2026-08-11 01:42:00,63995.60,63995.70,63963.50,63963.50,28.329000,401,3.390000,24.939000,63975.06,106431.31,0.00001236,0.000000,0.000000,0
2026-08-11 01:43:00,63963.50,63963.60,63923.90,63940.90,232.951000,874,30.309000,202.642000,63943.12,106426.92,0.00001236,0.000000,0.000000,0
2026-08-11 01:44:00,63940.80,63968.90,63940.80,63968.80,28.543000,445,22.152000,6.391000,63955.89,106536.64,0.00001178,0.000000,0.000000,0
2026-08-11 01:45:00,63968.80,63968.90,63957.00,63957.00,24.936000,299,6.620000,18.316000,63967.35,106534.30,0.00001191,0.000000,0.000000,0
2026-08-11 01:46:00,63957.00,63963.10,63955.00,63963.00,17.816000,223,11.435000,6.381000,63957.93,106527.37,0.00001191,0.000000,0.000000,0
2026-08-11 01:47:00,63963.00,63979.40,63963.00,63974.70,33.729000,492,12.606000,21.123000,63972.35,106529.92,0.00001230,0.000000,0.000000,0
2026-08-11 01:48:00,63974.70,63976.60,63969.80,63976.60,28.020000,269,7.174000,20.846000,63972.67,106533.64,0.00001276,0.000000,0.000000,0
2026-08-11 01:49:00,63976.50,63989.30,63976.50,63989.30,16.676000,272,12.189000,4.487000,63983.60,106532.02,0.00001293,0.000000,0.000000,0
2026-08-11 01:50:00,63989.20,64008.50,63989.20,64008.50,33.437000,397,23.744000,9.693000,63999.18,106533.61,0.00001293,0.000000,0.000000,0
2026-08-11 01:51:00,64008.40,64034.50,64008.40,64034.50,24.404000,446,17.100000,7.304000,64023.83,106539.20,0.00001329,0.000000,0.005000,0
2026-08-11 01:52:00,64034.50,64034.50,64017.30,64017.30,43.436000,386,5.288000,38.148000,64027.66,106538.73,0.00001382,0.000000,0.000000,0
2026-08-11 01:53:00,64017.30,64025.30,64017.30,64025.30,19.775000,253,14.748000,5.027000,64021.58,106535.54,0.00001382,0.000000,0.000000,0
2026-08-11 01:54:00,64025.20,64046.50,64025.20,64043.90,68.430000,395,45.707000,22.723000,64039.58,106542.32,0.00001401,0.000000,0.000000,0
2026-08-11 01:55:00,64044.00,64044.00,64025.50,64033.10,29.611000,339,9.364000,20.247000,64032.21,106561.32,0.00001446,0.000000,0.000000,0
2026-08-11 01:56:00,64033.10,64033.20,64026.60,64026.60,14.632000,217,2.544000,12.088000,64031.27,106558.71,0.00001446,0.000000,0.000000,0
2026-08-11 01:57:00,64026.60,64026.70,64026.60,64026.60,13.739000,163,10.271000,3.468000,64026.67,106556.86,0.00001478,0.000000,0.000000,0
2026-08-11 01:58:00,64026.60,64032.90,64026.60,64032.90,12.920000,238,10.441000,2.479000,64029.64,106555.99,0.00001501,0.000000,0.000000,0
2026-08-11 01:59:00,64033.10,64043.70,64033.10,64041.80,38.331000,292,14.319000,24.012000,64040.52,106554.50,0.00001520,0.000000,0.000000,0
2026-08-11 02:00:00,64041.90,64043.90,64026.60,64026.60,76.773000,467,16.055000,60.718000,64037.69,106551.98,0.00001520,0.000000,0.000000,0
2026-08-11 02:01:00,64026.60,64033.40,64024.80,64024.80,39.100000,350,24.746000,14.354000,64027.78,106549.53,0.00001536,0.000000,0.000000,0
2026-08-11 02:02:00,64024.80,64034.70,64024.80,64034.60,16.516000,291,7.412000,9.104000,64031.57,106539.05,0.00001503,0.000000,0.000000,0
2026-08-11 02:03:00,64034.60,64046.90,64034.60,64041.60,63.408000,380,37.592000,25.816000,64041.31,106543.32,0.00001503,0.000000,0.000000,0
2026-08-11 02:04:00,64041.60,64046.40,64041.60,64046.30,21.067000,228,16.177000,4.890000,64043.12,106540.94,0.00001499,0.000000,0.000000,0
2026-08-11 02:05:00,64046.40,64052.40,64046.30,64052.30,27.409000,289,18.521000,8.888000,64047.59,106540.43,0.00001485,0.000000,0.000000,0
2026-08-11 02:06:00,64052.40,64052.40,64052.30,64052.40,21.765000,235,14.985000,6.780000,64052.37,106540.85,0.00001485,0.000000,0.000000,0
2026-08-11 02:07:00,64052.40,64054.00,64041.60,64041.70,58.810000,359,15.958000,42.852000,64051.87,106538.66,0.00001466,0.028000,0.000000,0
2026-08-11 02:08:00,64041.60,64041.70,64024.90,64028.40,42.856000,350,14.785000,28.071000,64032.95,106523.03,0.00001458,0.000000,0.000000,0
2026-08-11 02:09:00,64028.50,64041.10,64028.40,64041.00,22.088000,321,15.895000,6.193000,64036.48,106517.02,0.00001458,0.000000,0.000000,0
2026-08-11 02:10:00,64041.10,64046.90,64041.00,64046.90,27.933000,259,21.066000,6.867000,64044.49,106522.48,0.00001396,0.000000,0.000000,0
2026-08-11 02:11:00,64046.80,64046.90,64046.80,64046.90,8.812000,207,5.801000,3.011000,64046.87,106531.11,0.00001410,0.000000,0.000000,0
2026-08-11 02:12:00,64046.80,64046.90,64046.80,64046.80,5.840000,202,3.283000,2.557000,64046.86,106532.03,0.00001426,0.281000,0.000000,0
2026-08-11 02:13:00,64046.90,64046.90,64046.80,64046.80,8.913000,236,5.954000,2.959000,64046.87,106531.54,0.00001426,0.000000,0.000000,0
2026-08-11 02:14:00,64046.80,64052.90,64016.10,64019.40,127.374000,668,28.364000,99.010000,64036.75,106531.61,0.00001439,0.000000,0.000000,0
2026-08-11 02:15:00,64019.40,64019.40,64009.70,64009.70,31.571000,314,7.783000,23.788000,64014.65,106527.78,0.00001421,0.000000,0.000000,0
2026-08-11 02:16:00,64009.70,64030.50,64009.70,64030.40,61.927000,439,46.256000,15.671000,64019.37,106510.96,0.00001421,0.000000,0.000000,0
2026-08-11 02:17:00,64030.50,64030.50,64030.40,64030.50,9.820000,202,3.649000,6.171000,64030.44,106516.99,0.00001396,0.321000,0.000000,0
2026-08-11 02:18:00,64030.40,64030.50,64030.40,64030.40,5.296000,162,1.446000,3.850000,64030.43,106519.42,0.00001437,0.000000,0.000000,0
2026-08-11 02:19:00,64030.40,64042.00,64030.40,64031.50,37.482000,352,27.235000,10.247000,64036.47,106512.16,0.00001437,0.000000,0.000000,0
2026-08-11 02:20:00,64031.40,64033.70,64031.40,64033.60,13.657000,189,7.016000,6.641000,64032.60,106519.28,0.00001471,0.000000,0.000000,0
2026-08-11 02:21:00,64033.60,64033.70,64033.60,64033.70,8.090000,176,4.242000,3.848000,64033.65,106516.74,0.00001496,0.000000,0.000000,0
2026-08-11 02:22:00,64033.60,64033.70,64024.00,64024.00,43.965000,231,6.349000,37.616000,64032.30,106518.29,0.00001514,0.000000,0.000000,0
2026-08-11 02:23:00,64024.00,64031.90,64023.40,64030.80,45.017000,246,21.927000,23.090000,64026.38,106511.35,0.00001514,0.000000,0.000000,0
2026-08-11 02:24:00,64030.80,64033.60,64030.70,64033.50,20.076000,182,9.115000,10.961000,64030.91,106505.03,0.00001521,0.000000,0.000000,0
2026-08-11 02:25:00,64033.50,64034.80,64033.50,64034.70,13.204000,192,8.663000,4.541000,64034.31,106515.79,0.00001545,0.000000,0.000000,0
2026-08-11 02:26:00,64034.70,64035.80,64027.30,64027.30,36.438000,218,5.337000,31.101000,64032.37,106517.08,0.00001545,0.000000,0.000000,0
2026-08-11 02:27:00,64027.30,64027.40,64027.30,64027.30,7.887000,139,2.713000,5.174000,64027.33,106517.86,0.00001596,0.000000,0.000000,0
2026-08-11 02:28:00,64027.30,64041.10,64025.00,64025.00,39.024000,403,19.596000,19.428000,64034.58,106517.12,0.00001594,0.000000,0.000000,0
2026-08-11 02:29:00,64025.00,64025.10,64021.00,64021.00,8.282000,209,2.270000,6.012000,64023.93,106520.50,0.00001594,0.000000,0.000000,0
2026-08-11 02:30:00,64021.00,64021.10,64016.60,64019.90,27.963000,250,9.882000,18.081000,64019.56,106519.12,0.00001604,0.000000,0.000000,0
2026-08-11 02:31:00,64019.90,64020.00,64019.90,64019.90,12.640000,195,2.192000,10.448000,64019.92,106522.05,0.00001582,0.000000,0.000000,0
2026-08-11 02:32:00,64020.00,64020.00,64019.90,64019.90,4.812000,158,2.170000,2.642000,64019.95,106522.40,0.00001547,0.019000,0.000000,0
2026-08-11 02:33:00,64020.00,64026.00,64019.90,64022.40,21.964000,260,12.659000,9.305000,64023.04,106521.99,0.00001547,0.000000,0.000000,0
2026-08-11 02:34:00,64022.40,64022.50,64013.40,64013.40,19.713000,246,2.847000,16.866000,64020.41,106524.39,0.00001517,0.000000,0.000000,0
2026-08-11 02:35:00,64013.40,64013.40,64002.60,64008.40,66.131000,339,24.247000,41.884000,64007.08,106513.31,0.00001508,0.000000,0.000000,0
2026-08-11 02:36:00,64008.40,64008.40,64004.30,64004.30,19.619000,227,3.261000,16.358000,64005.77,106513.99,0.00001508,0.000000,0.000000,0
2026-08-11 02:37:00,64004.30,64004.40,64004.30,64004.30,7.497000,206,2.216000,5.281000,64004.33,106514.65,0.00001487,0.000000,0.000000,0
2026-08-11 02:38:00,64004.30,64004.40,64004.20,64004.30,10.937000,198,0.799000,10.138000,64004.24,106515.89,0.00001488,0.000000,0.000000,0
2026-08-11 02:39:00,64004.20,64004.30,63999.90,63999.90,31.780000,284,4.328000,27.452000,64001.84,106517.19,0.00001488,0.000000,0.000000,0
2026-08-11 02:40:00,64000.00,64000.00,63999.90,64000.00,10.041000,240,3.170000,6.871000,63999.93,106518.33,0.00001482,0.000000,0.000000,0
2026-08-11 02:41:00,63999.90,64012.00,63999.90,64005.90,39.911000,289,23.465000,16.446000,64004.57,106519.12,0.00001466,0.000000,0.000000,0
2026-08-11 02:42:00,64005.80,64011.70,64005.80,64011.60,13.681000,200,8.942000,4.739000,64009.03,106520.97,0.00001441,0.000000,0.000000,0
2026-08-11 02:43:00,64011.70,64017.00,64011.60,64016.90,13.412000,195,7.629000,5.783000,64014.32,106520.95,0.00001441,0.000000,0.098000,0
2026-08-11 02:44:00,64016.90,64017.00,64008.50,64008.50,29.868000,237,5.382000,24.486000,64012.38,106524.90,0.00001456,0.000000,0.000000,0
2026-08-11 02:45:00,64008.50,64014.00,64008.50,64013.90,22.235000,185,16.557000,5.678000,64011.09,106523.70,0.00001446,0.000000,0.000000,0
2026-08-11 02:46:00,64014.00,64025.00,64013.90,64025.00,26.627000,263,15.370000,11.257000,64021.04,106525.00,0.00001446,0.000000,0.000000,0
2026-08-11 02:47:00,64024.90,64025.00,64024.90,64025.00,15.764000,178,11.605000,4.159000,64024.97,106518.48,0.00001397,0.000000,0.000000,0
2026-08-11 02:48:00,64024.90,64029.00,64016.30,64019.30,70.021000,278,12.490000,57.531000,64024.11,106516.87,0.00001431,0.000000,0.000000,0
2026-08-11 02:49:00,64019.30,64019.40,64019.30,64019.30,10.589000,144,7.859000,2.730000,64019.37,106519.10,0.00001431,0.000000,0.000000,0
2026-08-11 02:50:00,64019.40,64019.40,64010.20,64010.20,32.566000,241,2.279000,30.287000,64016.33,106523.51,0.00001434,0.000000,0.193000,0
2026-08-11 02:51:00,64010.20,64010.30,64010.20,64010.30,11.484000,202,1.991000,9.493000,64010.22,106518.13,0.00001417,0.000000,0.000000,0
2026-08-11 02:52:00,64010.20,64010.30,64002.40,64002.40,30.409000,267,3.034000,27.375000,64007.10,106519.55,0.00001399,0.000000,0.000000,0
2026-08-11 02:53:00,64002.40,64002.50,64002.40,64002.50,9.328000,266,0.997000,8.331000,64002.41,106516.40,0.00001399,0.000000,0.000000,0
2026-08-11 02:54:00,64002.40,64002.50,64002.40,64002.40,16.394000,227,3.787000,12.607000,64002.42,106520.04,0.00001386,0.000000,0.000000,0
2026-08-11 02:55:00,64002.40,64018.60,64002.40,64018.60,37.700000,429,29.171000,8.529000,64008.75,106521.70,0.00001360,0.000000,0.000000,0
2026-08-11 02:56:00,64018.50,64018.60,64018.50,64018.50,5.071000,240,2.431000,2.640000,64018.55,106528.32,0.00001360,0.000000,0.000000,0
2026-08-11 02:57:00,64018.50,64020.60,64018.50,64020.50,8.447000,215,4.145000,4.302000,64019.08,106528.77,0.00001397,0.000000,0.000000,0
2026-08-11 02:58:00,64020.60,64020.60,64020.40,64020.40,22.750000,213,9.844000,12.906000,64020.54,106532.25,0.00001453,0.000000,0.000000,0
2026-08-11 02:59:00,64020.40,64020.50,64020.00,64020.00,8.315000,195,2.369000,5.946000,64020.10,106537.39,0.00001453,0.000000,0.000000,0
2026-08-11 03:00:00,64020.10,64020.50,64010.80,64012.90,72.923000,298,51.659000,21.264000,64018.05,106552.88,0.00001501,0.000000,0.000000,0
2026-08-11 03:01:00,64012.90,64022.30,64012.80,64022.20,33.055000,314,21.039000,12.016000,64018.62,106555.04,0.00001529,0.000000,0.000000,0
2026-08-11 03:02:00,64022.20,64039.00,64022.20,64038.90,38.059000,368,30.190000,7.869000,64028.10,106565.96,0.00001547,0.000000,0.000000,0
2026-08-11 03:03:00,64038.90,64039.00,64038.90,64038.90,15.666000,208,12.678000,2.988000,64038.98,106565.70,0.00001547,0.000000,0.000000,0
2026-08-11 03:04:00,64039.00,64046.00,64038.90,64045.90,18.395000,250,13.075000,5.320000,64040.59,106565.23,0.00001593,0.000000,0.000000,0
2026-08-11 03:05:00,64046.00,64047.50,64045.90,64047.40,16.936000,256,10.661000,6.275000,64047.06,106567.96,0.00001642,0.000000,0.000000,0
2026-08-11 03:06:00,64047.50,64047.50,64032.30,64032.40,46.849000,375,8.345000,38.504000,64041.86,106563.70,0.00001642,0.000000,0.000000,0
2026-08-11 03:07:00,64032.30,64032.30,64029.50,64029.50,8.518000,295,3.812000,4.706000,64029.90,106561.71,0.00001712,0.000000,0.000000,0
2026-08-11 03:08:00,64029.60,64029.60,64025.50,64025.50,18.133000,260,6.164000,11.969000,64028.05,106560.60,0.00001686,0.000000,0.000000,0
2026-08-11 03:09:00,64025.50,64049.80,64025.50,64048.90,50.652000,440,33.577000,17.075000,64036.99,106556.51,0.00001686,0.000000,0.000000,0
2026-08-11 03:10:00,64048.80,64048.90,64048.80,64048.80,7.271000,227,4.092000,3.179000,64048.86,106561.49,0.00001660,0.000000,0.000000,0
2026-08-11 03:11:00,64048.90,64048.90,64048.80,64048.80,4.727000,257,3.412000,1.315000,64048.87,106561.80,0.00001664,0.000000,0.000000,0
2026-08-11 03:12:00,64048.80,64054.40,64048.80,64054.30,28.693000,302,23.333000,5.360000,64051.19,106562.21,0.00001657,0.000000,0.000000,0
2026-08-11 03:13:00,64054.30,64075.00,64054.30,64074.90,67.011000,523,52.072000,14.939000,64063.61,106565.52,0.00001657,0.040000,0.000000,0
2026-08-11 03:14:00,64075.00,64075.00,64070.20,64070.20,35.302000,292,11.164000,24.138000,64072.57,106575.39,0.00001659,0.000000,0.000000,0
2026-08-11 03:15:00,64070.30,64070.30,64070.20,64070.20,13.176000,275,7.256000,5.920000,64070.26,106579.40,0.00001697,0.000000,0.000000,0
2026-08-11 03:16:00,64070.20,64078.00,64070.20,64074.70,42.466000,368,27.667000,14.799000,64075.13,106583.74,0.00001697,0.000000,0.013000,0
2026-08-11 03:17:00,64074.70,64081.90,64071.10,64081.80,37.619000,345,23.147000,14.472000,64077.65,106590.32,0.00001706,0.008000,0.000000,0
2026-08-11 03:18:00,64081.80,64113.10,64081.80,64113.10,129.218000,642,103.324000,25.894000,64100.24,106614.00,0.00001734,0.048000,0.000000,0
2026-08-11 03:19:00,64113.00,64120.70,64113.00,64120.60,57.076000,383,38.583000,18.493000,64116.64,106612.88,0.00001734,0.004000,0.000000,0
2026-08-11 03:20:00,64120.60,64120.70,64100.80,64100.90,52.222000,413,19.866000,32.356000,64115.13,106617.45,0.00001815,0.002000,0.000000,0
2026-08-11 03:21:00,64100.80,64109.70,64100.80,64106.30,41.569000,353,23.542000,18.027000,64108.26,106628.05,0.00001944,0.000000,0.000000,0
2026-08-11 03:22:00,64106.30,64108.50,64100.00,64108.50,34.068000,326,12.620000,21.448000,64103.21,106627.69,0.00001925,0.000000,0.000000,0
2026-08-11 03:23:00,64108.40,64117.60,64108.40,64117.60,56.731000,288,42.061000,14.670000,64111.59,106621.43,0.00001925,0.000000,0.000000,0
2026-08-11 03:24:00,64117.50,64126.20,64117.50,64126.10,32.562000,339,24.014000,8.548000,64120.37,106620.82,0.00001893,0.000000,0.000000,0
2026-08-11 03:25:00,64126.10,64126.20,64119.60,64119.60,23.162000,280,6.651000,16.511000,64122.85,106623.14,0.00001906,0.000000,0.000000,0
2026-08-11 03:26:00,64119.60,64123.40,64113.00,64123.30,69.380000,400,34.037000,35.343000,64116.73,106614.92,0.00001906,0.000000,0.000000,0
2026-08-11 03:27:00,64123.30,64148.00,64123.30,64142.50,198.924000,565,81.568000,117.356000,64141.27,106631.46,0.00001894,0.166000,0.000000,0
2026-08-11 03:28:00,64142.50,64142.60,64141.90,64142.50,58.328000,290,24.142000,34.186000,64142.21,106666.12,0.00001887,0.000000,0.000000,0
2026-08-11 03:29:00,64142.50,64142.60,64117.70,64117.70,41.210000,411,1.714000,39.496000,64131.93,106674.52,0.00001887,0.000000,0.000000,0
2026-08-11 03:30:00,64117.70,64117.80,64106.60,64106.60,40.065000,333,6.947000,33.118000,64113.86,106682.98,0.00001895,0.000000,0.000000,0
2026-08-11 03:31:00,64106.60,64106.70,64100.00,64102.80,26.825000,315,14.137000,12.688000,64102.15,106679.62,0.00001834,0.000000,0.000000,0
2026-08-11 03:32:00,64102.80,64103.00,64102.80,64102.90,22.809000,219,9.335000,13.474000,64102.87,106684.37,0.00001753,0.000000,0.000000,0
2026-08-11 03:33:00,64102.90,64103.10,64102.90,64103.00,27.143000,247,18.485000,8.658000,64103.03,106682.38,0.00001753,0.000000,0.000000,0
2026-08-11 03:34:00,64103.10,64103.10,64103.00,64103.00,7.821000,191,3.437000,4.384000,64103.04,106687.57,0.00001741,0.000000,0.000000,0
2026-08-11 03:35:00,64103.00,64103.10,64103.00,64103.00,8.473000,183,2.368000,6.105000,64103.03,106683.64,0.00001733,0.000000,0.000000,0
2026-08-11 03:36:00,64103.10,64103.10,64103.00,64103.00,9.916000,208,2.995000,6.921000,64103.03,106686.77,0.00001733,0.000000,0.000000,0
2026-08-11 03:37:00,64103.10,64103.10,64103.00,64103.00,23.267000,189,4.135000,19.132000,64103.02,106677.09,0.00001725,0.000000,0.000000,0
2026-08-11 03:38:00,64103.10,64105.00,64103.10,64104.90,22.270000,191,14.077000,8.193000,64104.41,106678.73,0.00001717,0.000000,0.000000,0
2026-08-11 03:39:00,64104.90,64111.00,64104.90,64111.00,19.120000,254,13.830000,5.290000,64108.84,106680.09,0.00001717,0.000000,0.000000,0
2026-08-11 03:40:00,64110.90,64117.00,64110.90,64117.00,13.387000,231,7.812000,5.575000,64115.09,106683.61,0.00001721,0.000000,0.000000,0
2026-08-11 03:41:00,64116.90,64134.30,64116.90,64120.70,49.178000,419,13.212000,35.966000,64127.92,106692.63,0.00001757,0.004000,0.007000,0
2026-08-11 03:42:00,64120.60,64120.70,64120.60,64120.70,4.880000,175,1.889000,2.991000,64120.64,106693.55,0.00001803,0.000000,0.000000,0
2026-08-11 03:43:00,64120.60,64120.70,64114.40,64114.40,22.003000,227,2.101000,19.902000,64119.41,106693.51,0.00001803,0.023000,0.000000,0
2026-08-11 03:44:00,64114.40,64114.50,64102.80,64103.80,45.672000,262,14.618000,31.054000,64107.53,106687.85,0.00001783,0.000000,0.000000,0
2026-08-11 03:45:00,64103.80,64103.90,64103.80,64103.90,4.881000,163,1.659000,3.222000,64103.83,106680.12,0.00001772,0.000000,0.000000,0
2026-08-11 03:46:00,64103.80,64103.90,64103.80,64103.90,13.149000,190,3.109000,10.040000,64103.82,106676.95,0.00001772,0.000000,0.000000,0
2026-08-11 03:47:00,64103.80,64103.90,64103.80,64103.80,22.566000,228,13.750000,8.816000,64103.86,106673.10,0.00001778,0.000000,0.000000,0
2026-08-11 03:48:00,64103.90,64103.90,64102.50,64102.50,12.154000,198,2.015000,10.139000,64103.77,106670.40,0.00001793,0.000000,0.000000,0
2026-08-11 03:49:00,64102.60,64102.60,64098.90,64098.90,23.156000,202,0.970000,22.186000,64100.87,106671.12,0.00001793,0.000000,0.000000,0
2026-08-11 03:50:00,64099.00,64104.20,64095.10,64104.20,63.764000,343,38.309000,25.455000,64098.80,106676.81,0.00001808,0.000000,0.000000,0
2026-08-11 03:51:00,64104.20,64104.30,64104.20,64104.20,12.424000,156,2.724000,9.700000,64104.22,106681.69,0.00001804,0.000000,0.000000,0
2026-08-11 03:52:00,64104.20,64104.30,64095.20,64095.20,13.445000,237,1.989000,11.456000,64100.49,106677.36,0.00001784,0.000000,0.000000,0
2026-08-11 03:53:00,64095.20,64095.30,64092.80,64092.90,14.737000,194,1.021000,13.716000,64094.01,106676.24,0.00001784,0.000000,0.000000,0
2026-08-11 03:54:00,64092.80,64092.90,64087.00,64087.00,31.227000,221,1.990000,29.237000,64090.13,106672.01,0.00001746,0.000000,0.000000,0
2026-08-11 03:55:00,64087.10,64098.20,64087.00,64098.10,24.766000,259,15.677000,9.089000,64090.05,106670.89,0.00001705,0.000000,0.000000,0
2026-08-11 03:56:00,64098.20,64100.00,64098.10,64098.80,8.371000,208,2.990000,5.381000,64099.30,106671.77,0.00001705,0.000000,0.000000,0
2026-08-11 03:57:00,64098.70,64098.80,64094.60,64094.60,21.668000,209,5.939000,15.729000,64097.59,106662.83,0.00001711,0.000000,0.000000,0
2026-08-11 03:58:00,64094.60,64094.70,64089.50,64089.60,10.752000,203,2.826000,7.926000,64092.40,106660.08,0.00001758,0.000000,0.000000,0
2026-08-11 03:59:00,64089.50,64108.10,64089.50,64107.90,48.892000,402,36.832000,12.060000,64097.52,106673.08,0.00001758,0.000000,0.000000,0
2026-08-11 04:00:00,64108.00,64110.70,64101.50,64110.60,125.291000,390,78.545000,46.746000,64106.78,106668.21,0.00001772,0.000000,0.000000,0
2026-08-11 04:01:00,64110.70,64110.70,64110.60,64110.70,26.287000,249,17.181000,9.106000,64110.67,106683.74,0.00001754,0.000000,0.000000,0
2026-08-11 04:02:00,64110.60,64124.20,64110.60,64124.10,34.002000,372,25.511000,8.491000,64116.49,106684.21,0.00001709,0.000000,0.000000,0
2026-08-11 04:03:00,64124.20,64124.20,64124.10,64124.10,13.139000,266,9.609000,3.530000,64124.17,106686.03,0.00001709,0.000000,0.000000,0
2026-08-11 04:04:00,64124.10,64124.20,64110.60,64110.60,48.734000,307,6.842000,41.892000,64120.71,106680.47,0.00001729,0.000000,0.000000,0
2026-08-11 04:05:00,64110.60,64110.70,64100.60,64100.60,35.706000,317,22.160000,13.546000,64107.33,106668.89,0.00001704,0.000000,0.000000,0
2026-08-11 04:06:00,64100.60,64100.70,64100.60,64100.60,7.934000,232,1.510000,6.424000,64100.62,106670.08,0.00001704,0.000000,0.000000,0
2026-08-11 04:07:00,64100.60,64100.70,64100.60,64100.70,3.184000,208,1.059000,2.125000,64100.63,106671.99,0.00001648,0.000000,0.000000,0
2026-08-11 04:08:00,64100.70,64100.70,64100.60,64100.60,11.966000,199,6.644000,5.322000,64100.66,106669.59,0.00001578,0.000000,0.000000,0
2026-08-11 04:09:00,64100.60,64100.90,64100.60,64100.80,18.362000,201,8.485000,9.877000,64100.68,106669.40,0.00001578,0.000000,0.000000,0
2026-08-11 04:10:00,64100.80,64106.70,64090.40,64090.40,54.550000,385,12.374000,42.176000,64101.66,106659.81,0.00001510,0.000000,0.000000,0
2026-08-11 04:11:00,64090.40,64093.10,64090.40,64093.00,19.197000,220,11.054000,8.143000,64091.04,106660.72,0.00001465,0.000000,0.000000,0
2026-08-11 04:12:00,64093.00,64093.10,64093.00,64093.00,11.140000,186,4.833000,6.307000,64093.04,106660.02,0.00001465,0.000000,0.000000,0
2026-08-11 04:13:00,64093.00,64094.20,64093.00,64094.10,13.815000,188,4.981000,8.834000,64093.20,106661.12,0.00001408,0.000000,0.000000,0
2026-08-11 04:14:00,64094.20,64101.80,64094.10,64101.70,18.837000,250,14.178000,4.659000,64097.30,106661.63,0.00001376,0.000000,0.000000,0
2026-08-11 04:15:00,64101.80,64101.80,64089.70,64089.70,44.344000,323,3.001000,41.343000,64095.61,106661.63,0.00001339,0.000000,0.000000,0
2026-08-11 04:16:00,64089.70,64093.50,64089.70,64093.40,15.596000,235,5.612000,9.984000,64091.82,106659.10,0.00001339,0.000000,0.000000,0
2026-08-11 04:17:00,64093.40,64093.50,64093.40,64093.40,4.774000,174,1.167000,3.607000,64093.42,106659.02,0.00001330,0.000000,0.000000,0
2026-08-11 04:18:00,64093.40,64093.50,64091.20,64091.20,13.711000,181,1.492000,12.219000,64092.52,106660.67,0.00001354,0.000000,0.000000,0
2026-08-11 04:19:00,64091.20,64091.30,64091.20,64091.30,7.883000,175,2.157000,5.726000,64091.23,106660.70,0.00001354,0.000000,0.000000,0
2026-08-11 04:20:00,64091.20,64091.30,64088.90,64088.90,20.277000,205,3.308000,16.969000,64090.04,106667.04,0.00001376,0.000000,0.000000,0
2026-08-11 04:21:00,64088.90,64089.00,64088.90,64088.90,16.060000,180,6.299000,9.761000,64088.94,106667.39,0.00001394,0.000000,0.000000,0
2026-08-11 04:22:00,64088.90,64092.80,64088.90,64092.80,44.481000,191,30.015000,14.466000,64090.08,106660.74,0.00001394,0.000000,0.000000,0
2026-08-11 04:23:00,64092.90,64107.50,64092.90,64106.70,37.484000,306,26.613000,10.871000,64101.23,106667.87,0.00001390,0.000000,0.000000,0
2026-08-11 04:24:00,64106.70,64106.80,64089.00,64089.00,36.983000,296,5.466000,31.517000,64100.77,106657.28,0.00001395,0.000000,0.000000,0
2026-08-11 04:25:00,64088.90,64089.00,64083.40,64083.40,12.547000,211,0.540000,12.007000,64085.81,106658.46,0.00001422,0.000000,0.000000,0
2026-08-11 04:26:00,64083.50,64083.50,64081.80,64081.80,10.624000,205,2.738000,7.886000,64083.19,106656.11,0.00001422,0.000000,0.000000,0
2026-08-11 04:27:00,64081.80,64081.90,64081.80,64081.80,12.097000,159,0.493000,11.604000,64081.80,106656.72,0.00001397,0.000000,0.006000,0
2026-08-11 04:28:00,64081.80,64081.90,64073.10,64073.10,20.527000,270,0.918000,19.609000,64078.42,106657.24,0.00001394,0.000000,0.000000,0
2026-08-11 04:29:00,64073.10,64078.20,64073.10,64078.10,38.604000,242,28.534000,10.070000,64074.84,106651.02,0.00001394,0.000000,0.000000,0
2026-08-11 04:30:00,64078.10,64081.00,64078.10,64081.00,14.334000,182,6.932000,7.402000,64079.63,106651.79,0.00001386,0.000000,0.000000,0
2026-08-11 04:31:00,64081.00,64081.00,64080.90,64081.00,24.562000,187,13.835000,10.727000,64080.96,106645.75,0.00001388,0.037000,0.000000,0
2026-08-11 04:32:00,64080.90,64081.00,64080.90,64080.90,3.760000,159,1.125000,2.635000,64080.93,106645.92,0.00001420,0.000000,0.000000,0
2026-08-11 04:33:00,64081.00,64082.00,64080.90,64081.90,14.378000,180,9.217000,5.161000,64081.18,106648.21,0.00001420,0.000000,0.000000,0
2026-08-11 04:34:00,64081.90,64082.00,64081.90,64082.00,15.042000,158,4.388000,10.654000,64081.93,106646.60,0.00001452,0.000000,0.000000,0
2026-08-11 04:35:00,64081.90,64082.00,64069.50,64069.60,31.278000,313,3.601000,27.677000,64072.95,106651.37,0.00001483,0.000000,0.000000,0
2026-08-11 04:36:00,64069.60,64069.70,64069.50,64069.60,19.103000,238,9.121000,9.982000,64069.56,106651.61,0.00001483,0.000000,0.000000,0
2026-08-11 04:37:00,64069.70,64071.30,64069.60,64069.70,30.379000,242,17.151000,13.228000,64069.95,106657.56,0.00001476,0.000000,0.000000,0
2026-08-11 04:38:00,64069.70,64069.70,64069.50,64069.50,17.628000,213,9.721000,7.907000,64069.57,106661.26,0.00001476,0.000000,0.000000,0
2026-08-11 04:39:00,64069.50,64069.60,64068.60,64068.60,23.417000,186,1.381000,22.036000,64069.00,106658.87,0.00001476,0.000000,0.000000,0
2026-08-11 04:40:00,64068.70,64068.70,64065.10,64068.40,26.933000,196,13.034000,13.899000,64066.81,106656.22,0.00001479,0.000000,0.000000,0
2026-08-11 04:41:00,64068.50,64068.50,64068.40,64068.40,12.333000,165,1.486000,10.847000,64068.41,106651.83,0.00001477,0.000000,0.000000,0
2026-08-11 04:42:00,64068.40,64068.50,64068.40,64068.40,5.772000,153,0.874000,4.898000,64068.42,106652.44,0.00001472,0.000000,0.000000,0
2026-08-11 04:43:00,64068.50,64068.50,64068.40,64068.40,8.459000,157,3.985000,4.474000,64068.45,106651.75,0.00001472,0.000000,0.000000,0
2026-08-11 04:44:00,64068.40,64068.50,64068.40,64068.40,5.434000,149,2.447000,2.987000,64068.45,106650.79,0.00001466,0.000000,0.000000,0
2026-08-11 04:45:00,64068.50,64068.50,64068.40,64068.40,3.347000,146,1.389000,1.958000,64068.44,106650.28,0.00001461,0.000000,0.000000,0
2026-08-11 04:46:00,64068.40,64073.50,64068.40,64073.50,37.394000,237,27.892000,9.502000,64069.90,106645.29,0.00001461,0.000000,0.000000,0
2026-08-11 04:47:00,64073.40,64073.50,64073.40,64073.40,8.164000,189,5.449000,2.715000,64073.47,106645.29,0.00001458,0.000000,0.000000,0
2026-08-11 04:48:00,64073.50,64073.50,64064.00,64064.10,47.754000,244,1.819000,45.935000,64067.12,106644.95,0.00001479,0.000000,0.000000,0
2026-08-11 04:49:00,64064.00,64064.10,64048.00,64048.00,81.360000,319,13.214000,68.146000,64055.85,106642.67,0.00001479,0.000000,0.000000,0
2026-08-11 04:50:00,64048.10,64052.10,64048.00,64052.10,34.068000,230,13.993000,20.075000,64050.73,106633.56,0.00001466,0.000000,0.000000,0
2026-08-11 04:51:00,64052.00,64052.10,64009.30,64009.30,319.795000,819,73.137000,246.658000,64027.22,106633.40,0.00001436,0.000000,0.000000,0
2026-08-11 04:52:00,64009.30,64021.10,64009.30,64021.10,53.727000,355,39.188000,14.539000,64014.80,106762.51,0.00001413,0.000000,0.000000,0
2026-08-11 04:53:00,64021.00,64021.10,64015.00,64015.10,32.434000,224,5.157000,27.277000,64017.37,106747.90,0.00001413,0.000000,0.000000,0
2026-08-11 04:54:00,64015.00,64015.10,64009.30,64009.40,27.322000,239,5.008000,22.314000,64011.77,106744.56,0.00001410,0.000000,0.000000,0
2026-08-11 04:55:00,64009.30,64010.00,64003.80,64009.90,43.263000,307,17.222000,26.041000,64006.25,106748.17,0.00001398,0.000000,0.000000,0
2026-08-11 04:56:00,64009.90,64010.00,64006.30,64006.30,22.120000,219,2.855000,19.265000,64007.41,106738.58,0.00001398,0.000000,0.000000,0
2026-08-11 04:57:00,64006.40,64006.40,64003.30,64006.30,30.220000,223,9.491000,20.729000,64005.30,106739.62,0.00001371,0.000000,0.000000,0
2026-08-11 04:58:00,64006.30,64006.40,64006.30,64006.40,12.288000,174,4.689000,7.599000,64006.34,106737.79,0.00001338,0.000000,0.000000,0
2026-08-11 04:59:00,64006.30,64006.40,64003.00,64006.30,35.832000,211,14.082000,21.750000,64004.17,106738.87,0.00001338,0.000000,0.000000,0
2026-08-11 05:00:00,64006.40,64006.40,63997.00,63997.00,55.714000,280,3.490000,52.224000,64000.33,106737.28,0.00001313,0.000000,0.024000,0
2026-08-11 05:01:00,63997.00,63997.10,63965.00,63965.10,317.817000,817,97.231000,220.586000,63975.24,106750.55,0.00001284,0.000000,0.036000,0
2026-08-11 05:02:00,63965.00,63983.40,63961.00,63983.30,81.302000,472,37.173000,44.129000,63966.32,106732.93,0.00001271,0.000000,0.000000,0
2026-08-11 05:03:00,63983.40,63994.70,63983.30,63994.70,27.355000,286,21.824000,5.531000,63985.37,106711.92,0.00001271,0.000000,0.000000,0
2026-08-11 05:04:00,63994.60,64008.30,63994.60,64008.30,26.194000,330,20.190000,6.004000,64001.18,106715.20,0.00001249,0.000000,0.000000,0
2026-08-11 05:05:00,64008.50,64008.50,64008.40,64008.50,8.639000,167,5.365000,3.274000,64008.46,106715.25,0.00001298,0.000000,0.000000,0
2026-08-11 05:06:00,64008.50,64008.50,64008.40,64008.40,5.779000,181,3.691000,2.088000,64008.46,106716.79,0.00001298,0.000000,0.000000,0
2026-08-11 05:07:00,64008.50,64008.50,64008.40,64008.40,4.311000,172,2.365000,1.946000,64008.45,106715.84,0.00001366,0.000000,0.000000,0
2026-08-11 05:08:00,64008.50,64015.80,64008.40,64015.70,25.211000,262,16.276000,8.935000,64012.13,106714.73,0.00001429,0.000000,0.000000,0
2026-08-11 05:09:00,64015.70,64015.80,64015.70,64015.80,7.805000,182,6.424000,1.381000,64015.78,106721.39,0.00001429,0.000000,0.000000,0
2026-08-11 05:10:00,64015.80,64021.80,64015.70,64021.80,16.829000,252,12.461000,4.368000,64017.67,106721.76,0.00001494,0.000000,0.000000,0
2026-08-11 05:11:00,64021.80,64023.40,64021.70,64023.30,10.618000,197,4.926000,5.692000,64023.17,106729.98,0.00001560,0.000000,0.000000,0
2026-08-11 05:12:00,64023.40,64023.40,64023.30,64023.30,5.922000,182,1.913000,4.009000,64023.33,106731.40,0.00001653,0.000000,0.000000,0
2026-08-11 05:13:00,64023.30,64023.40,64011.50,64011.50,55.216000,263,13.011000,42.205000,64016.94,106731.39,0.00001653,0.000000,0.000000,0
2026-08-11 05:14:00,64011.50,64011.60,64011.50,64011.60,8.827000,159,1.594000,7.233000,64011.52,106724.54,0.00001720,0.000000,0.000000,0
2026-08-11 05:15:00,64011.50,64014.70,64011.50,64014.60,11.919000,202,8.824000,3.095000,64012.67,106725.76,0.00001724,0.000000,0.000000,0
2026-08-11 05:16:00,64014.60,64021.90,64014.60,64021.90,27.601000,273,23.452000,4.149000,64018.59,106729.04,0.00001724,0.000000,0.000000,0
2026-08-11 05:17:00,64021.80,64021.90,64016.60,64016.70,27.608000,180,3.130000,24.478000,64019.22,106728.28,0.00001744,0.000000,0.000000,0
2026-08-11 05:18:00,64016.60,64016.70,64016.60,64016.60,4.946000,146,2.638000,2.308000,64016.65,106727.97,0.00001796,0.000000,0.000000,0
2026-08-11 05:19:00,64016.60,64016.70,64001.90,64001.90,33.063000,225,3.727000,29.336000,64009.81,106728.77,0.00001796,0.000000,0.035000,0
2026-08-11 05:20:00,64001.90,64002.00,63983.30,63989.20,51.441000,366,21.391000,30.050000,63989.28,106739.30,0.00001830,0.000000,0.000000,0
2026-08-11 05:21:00,63989.10,63989.10,63941.20,63941.20,114.445000,626,3.582000,110.863000,63961.48,106742.25,0.00001800,0.000000,2.135000,0
2026-08-11 05:22:00,63941.20,63941.30,63935.00,63937.80,53.599000,351,22.316000,31.283000,63937.51,106711.14,0.00001776,0.000000,0.000000,0
2026-08-11 05:23:00,63937.80,63937.90,63929.20,63929.20,74.947000,295,25.944000,49.003000,63935.28,106698.90,0.00001776,0.000000,0.000000,0
2026-08-11 05:24:00,63929.20,63944.00,63929.20,63943.30,64.643000,344,30.967000,33.676000,63937.14,106673.46,0.00001733,0.000000,0.000000,0
2026-08-11 05:25:00,63943.40,63943.40,63943.30,63943.30,9.515000,172,2.993000,6.522000,63943.33,106673.84,0.00001721,0.000000,0.000000,0
2026-08-11 05:26:00,63943.30,63943.40,63937.70,63937.80,42.839000,241,11.831000,31.008000,63939.77,106671.77,0.00001721,0.000000,0.000000,0
2026-08-11 05:27:00,63937.70,63937.80,63937.70,63937.70,25.273000,185,4.432000,20.841000,63937.72,106662.64,0.00001763,0.000000,0.000000,0
2026-08-11 05:28:00,63937.70,63937.80,63937.70,63937.80,15.662000,170,3.911000,11.751000,63937.72,106655.15,0.00001760,0.000000,0.040000,0
2026-08-11 05:29:00,63937.80,63944.00,63937.70,63944.00,30.191000,151,26.797000,3.394000,63939.73,106655.98,0.00001760,0.000000,0.000000,0
2026-08-11 05:30:00,63943.90,63944.00,63943.90,63943.90,18.618000,117,6.588000,12.030000,63943.94,106650.41,0.00001762,0.000000,0.000000,0
2026-08-11 05:31:00,63944.00,63944.00,63938.70,63943.80,42.099000,227,23.470000,18.629000,63940.75,106651.16,0.00001786,0.000000,0.002000,0
2026-08-11 05:32:00,63943.90,63943.90,63938.70,63941.70,24.394000,174,7.914000,16.480000,63941.73,106650.33,0.00001790,0.000000,0.000000,0
2026-08-11 05:33:00,63941.70,63944.00,63941.60,63944.00,25.172000,127,18.613000,6.559000,63943.21,106654.01,0.00001790,0.000000,0.000000,0
2026-08-11 05:34:00,63943.90,63970.80,63943.90,63970.70,71.603000,408,41.887000,29.716000,63958.57,106655.62,0.00001795,0.000000,2.000000,0
2026-08-11 05:35:00,63970.70,63980.90,63970.70,63980.90,27.160000,260,19.178000,7.982000,63974.04,106651.11,0.00001832,0.000000,0.000000,0
2026-08-11 05:36:00,63980.80,64008.60,63980.80,64008.60,60.827000,395,53.140000,7.687000,63996.13,106641.42,0.00001832,0.000000,0.000000,0
2026-08-11 05:37:00,64008.60,64012.80,64000.40,64005.40,59.024000,331,20.189000,38.835000,64008.90,106647.12,0.00001922,0.000000,0.000000,0
2026-08-11 05:38:00,64005.40,64008.90,64005.40,64008.80,24.126000,182,16.085000,8.041000,64007.10,106641.82,0.00002017,0.000000,0.000000,0
2026-08-11 05:39:00,64008.90,64012.90,64008.80,64009.80,26.245000,176,18.642000,7.603000,64010.46,106638.41,0.00002017,0.000000,0.000000,0
2026-08-11 05:40:00,64009.70,64009.80,64009.70,64009.70,7.722000,117,3.828000,3.894000,64009.75,106630.69,0.00002022,0.000000,0.000000,0
2026-08-11 05:41:00,64009.70,64009.80,64006.30,64006.30,10.811000,147,2.536000,8.275000,64008.70,106630.03,0.00002048,0.000000,0.000000,0
2026-08-11 05:42:00,64006.30,64006.40,64006.30,64006.30,14.684000,115,7.228000,7.456000,64006.35,106631.29,0.00002069,0.000000,0.046000,0
2026-08-11 05:43:00,64006.40,64006.40,64006.30,64006.40,13.129000,103,10.918000,2.211000,64006.38,106629.56,0.00002069,0.000000,0.000000,0
2026-08-11 05:44:00,64006.40,64006.40,64006.30,64006.40,6.895000,118,4.591000,2.304000,64006.37,106636.30,0.00002074,0.000000,0.000000,0
2026-08-11 05:45:00,64006.30,64006.40,64006.30,64006.30,12.666000,114,3.606000,9.060000,64006.33,106636.61,0.00002078,0.000000,0.000000,0
2026-08-11 05:46:00,64006.30,64016.60,64006.30,64010.50,90.368000,282,63.422000,26.946000,64010.40,106632.06,0.00002078,0.000000,0.000000,0
2026-08-11 05:47:00,64010.40,64010.50,64003.20,64003.30,18.597000,161,7.226000,11.371000,64007.20,106608.61,0.00002081,0.000000,0.000000,0
2026-08-11 05:48:00,64003.20,64003.30,64003.20,64003.20,6.898000,131,1.571000,5.327000,64003.22,106608.89,0.00002090,0.000000,0.000000,0
2026-08-11 05:49:00,64003.20,64003.30,64003.20,64003.20,10.668000,125,7.869000,2.799000,64003.27,106610.63,0.00002090,0.000000,0.000000,0
2026-08-11 05:50:00,64003.20,64003.30,64003.20,64003.20,12.381000,125,1.468000,10.913000,64003.21,106606.49,0.00002068,0.000000,0.000000,0
2026-08-11 05:51:00,64003.30,64003.30,64003.20,64003.20,5.697000,130,3.559000,2.138000,64003.26,106605.27,0.00002047,0.000000,0.000000,0
2026-08-11 05:52:00,64003.20,64003.30,64003.20,64003.20,6.759000,127,2.181000,4.578000,64003.23,106603.01,0.00002026,0.000000,0.000000,0
2026-08-11 05:53:00,64003.20,64003.30,63993.10,63993.20,40.540000,201,1.222000,39.318000,64000.92,106598.33,0.00002026,0.000000,0.000000,0
2026-08-11 05:54:00,63993.10,63993.20,63986.00,63986.00,24.203000,220,1.863000,22.340000,63991.65,106603.56,0.00002005,0.000000,0.000000,0
2026-08-11 05:55:00,63986.00,63986.10,63970.00,63982.40,68.263000,371,27.013000,41.250000,63977.09,106583.57,0.00001973,0.035000,0.000000,0
2026-08-11 05:56:00,63982.50,63982.50,63970.50,63982.40,39.429000,311,17.620000,21.809000,63977.09,106581.91,0.00001973,0.000000,0.000000,0
2026-08-11 05:57:00,63982.50,63984.60,63982.40,63984.50,31.093000,127,16.877000,14.216000,63983.30,106582.41,0.00001913,0.000000,0.005000,0
2026-08-11 05:58:00,63984.50,63984.60,63984.50,63984.50,6.781000,118,4.999000,1.782000,63984.57,106594.10,0.00001929,0.000000,0.000000,0
2026-08-11 05:59:00,63984.50,63984.50,63973.70,63973.80,26.516000,202,4.076000,22.440000,63977.57,106590.17,0.00001929,0.000000,0.015000,0
2026-08-11 06:00:00,63973.80,63973.80,63965.00,63965.00,13.400000,196,1.537000,11.863000,63969.12,106590.21,0.00001959,0.000000,0.000000,0
2026-08-11 06:01:00,63965.00,63965.10,63965.00,63965.00,6.840000,169,2.831000,4.009000,63965.04,106589.14,0.00001920,0.000000,0.000000,0
2026-08-11 06:02:00,63965.10,63971.40,63963.20,63971.30,36.638000,244,21.450000,15.188000,63965.27,106591.35,0.00001873,0.000000,0.025000,0
2026-08-11 06:03:00,63971.30,63971.40,63942.40,63942.80,80.899000,424,14.968000,65.931000,63952.07,106592.47,0.00001873,0.000000,0.147000,0
2026-08-11 06:04:00,63942.80,63960.70,63942.80,63960.60,23.928000,302,16.986000,6.942000,63953.75,106581.92,0.00001860,0.000000,1.248000,0
2026-08-11 06:05:00,63960.60,63969.40,63960.60,63969.30,20.412000,259,17.261000,3.151000,63967.20,106581.41,0.00001836,0.000000,0.144000,0
2026-08-11 06:06:00,63969.30,63969.40,63963.10,63963.10,23.030000,191,1.777000,21.253000,63966.23,106587.50,0.00001836,0.000000,0.000000,0
2026-08-11 06:07:00,63963.20,63983.70,63963.10,63983.70,31.533000,329,26.936000,4.597000,63971.40,106586.80,0.00001861,0.000000,0.000000,0
2026-08-11 06:08:00,63983.60,63983.70,63983.60,63983.70,5.086000,168,2.475000,2.611000,63983.65,106590.36,0.00001853,0.000000,0.000000,0
2026-08-11 06:09:00,63983.70,64005.50,63983.60,64005.50,50.949000,340,44.329000,6.620000,63990.09,106600.05,0.00001853,0.000000,0.000000,0
2026-08-11 06:10:00,64005.50,64008.60,64005.40,64008.60,7.298000,189,4.499000,2.799000,64007.38,106609.75,0.00001901,0.000000,0.000000,0
2026-08-11 06:11:00,64008.60,64010.00,64008.50,64010.00,20.853000,194,18.179000,2.674000,64009.62,106611.90,0.00001980,0.000000,0.000000,0
2026-08-11 06:12:00,64009.90,64021.80,64009.90,64021.80,19.490000,288,16.175000,3.315000,64015.91,106619.74,0.00002072,0.000000,0.000000,0
2026-08-11 06:13:00,64021.70,64021.80,64018.10,64018.10,18.941000,206,5.197000,13.744000,64020.48,106614.93,0.00002072,0.000000,0.000000,0
2026-08-11 06:14:00,64018.10,64018.20,64009.90,64009.90,16.543000,229,8.838000,7.705000,64016.62,106620.17,0.00002154,0.000000,0.000000,0
2026-08-11 06:15:00,64009.90,64010.00,64001.10,64001.10,10.842000,226,0.974000,9.868000,64006.51,106618.01,0.00002207,0.000000,0.000000,0
2026-08-11 06:16:00,64001.10,64001.20,63994.00,63994.00,10.418000,213,0.758000,9.660000,63999.83,106618.33,0.00002207,0.000000,0.000000,0
2026-08-11 06:17:00,63994.00,63994.10,63981.20,63984.90,25.918000,228,9.916000,16.002000,63984.90,106615.86,0.00002201,0.000000,0.000000,0
2026-08-11 06:18:00,63984.90,63997.40,63984.90,63997.40,24.449000,206,22.502000,1.947000,63990.27,106614.45,0.00002164,0.000000,0.000000,0
2026-08-11 06:19:00,63997.40,63998.90,63994.00,63994.10,14.470000,159,5.034000,9.436000,63996.28,106616.08,0.00002164,0.000000,0.107000,0
2026-08-11 06:20:00,63994.10,63996.70,63979.00,63979.10,24.769000,283,6.096000,18.673000,63989.38,106618.34,0.00002159,0.000000,0.000000,0
2026-08-11 06:21:00,63979.10,63979.10,63974.40,63974.40,17.827000,154,6.143000,11.684000,63976.62,106617.81,0.00002181,0.000000,0.000000,0
2026-08-11 06:22:00,63974.50,63974.50,63974.40,63974.40,4.449000,139,0.901000,3.548000,63974.42,106613.91,0.00002149,0.000000,0.000000,0
2026-08-11 06:23:00,63974.40,63974.60,63964.80,63964.90,37.527000,181,10.550000,26.977000,63972.47,106612.83,0.00002149,0.000000,0.000000,0
2026-08-11 06:24:00,63964.90,63965.00,63964.80,63964.80,24.004000,94,3.823000,20.181000,63964.89,106614.62,0.00002111,0.000000,0.000000,0
2026-08-11 06:25:00,63964.80,63964.90,63954.50,63954.60,17.653000,164,7.758000,9.895000,63955.84,106617.26,0.00002071,0.000000,0.000000,0
2026-08-11 06:26:00,63954.50,63954.60,63944.50,63944.50,19.011000,201,3.217000,15.794000,63948.34,106613.82,0.00002071,0.000000,0.000000,0
2026-08-11 06:27:00,63944.50,63944.60,63935.40,63935.50,22.567000,228,8.172000,14.395000,63940.16,106610.89,0.00002033,0.000000,0.000000,0
2026-08-11 06:28:00,63935.40,63935.50,63908.30,63908.30,114.151000,561,16.521000,97.630000,63919.47,106593.86,0.00001999,0.000000,0.067000,0
2026-08-11 06:29:00,63908.30,63914.60,63906.40,63914.60,81.322000,369,47.963000,33.359000,63908.30,106587.98,0.00001999,0.000000,0.010000,0
2026-08-11 06:30:00,63914.50,63914.60,63900.00,63900.00,77.999000,369,16.908000,61.091000,63903.28,106599.03,0.00001927,0.000000,0.119000,0
2026-08-11 06:31:00,63900.00,63907.00,63883.00,63883.00,116.820000,558,33.047000,83.773000,63894.81,106565.51,0.00001840,0.000000,0.040000,0
2026-08-11 06:32:00,63883.10,63899.40,63882.60,63890.50,69.182000,426,38.499000,30.683000,63891.07,106570.84,0.00001802,0.000000,0.000000,0
2026-08-11 06:33:00,63890.50,63890.50,63884.60,63884.60,31.023000,214,10.934000,20.089000,63885.51,106567.65,0.00001802,0.000000,0.238000,0
2026-08-11 06:34:00,63884.60,63884.70,63884.60,63884.60,18.595000,167,3.523000,15.072000,63884.62,106569.97,0.00001809,0.000000,0.000000,0
2026-08-11 06:35:00,63884.60,63884.70,63875.80,63880.70,79.521000,351,23.711000,55.810000,63877.56,106559.10,0.00001807,0.000000,0.426000,0
2026-08-11 06:36:00,63880.60,63885.00,63880.60,63884.90,43.658000,273,32.498000,11.160000,63882.54,106566.32,0.00001807,0.000000,0.000000,0
2026-08-11 06:37:00,63885.00,63885.00,63880.00,63881.60,40.910000,213,19.898000,21.012000,63882.55,106568.29,0.00001774,0.000000,0.005000,0
2026-08-11 06:38:00,63881.60,63882.00,63874.80,63874.90,74.188000,260,33.319000,40.869000,63881.23,106578.16,0.00001793,0.000000,0.002000,0
2026-08-11 06:39:00,63874.80,63900.00,63874.80,63899.90,107.649000,381,102.610000,5.039000,63885.31,106598.51,0.00001793,0.000000,0.000000,0
2026-08-11 06:40:00,63900.00,63939.00,63899.90,63937.30,88.949000,507,72.421000,16.528000,63920.23,106616.93,0.00001785,0.000000,0.000000,0
2026-08-11 06:41:00,63937.30,63937.30,63920.40,63920.50,36.172000,314,13.863000,22.309000,63932.05,106609.08,0.00001827,0.000000,0.000000,0
2026-08-11 06:42:00,63920.50,63933.90,63920.40,63933.90,44.631000,219,31.449000,13.182000,63930.78,106613.05,0.00001866,0.000000,0.000000,0
2026-08-11 06:43:00,63933.90,63933.90,63925.30,63925.30,20.337000,166,7.594000,12.743000,63929.50,106616.49,0.00001866,0.000000,0.000000,0
2026-08-11 06:44:00,63925.40,63925.40,63904.60,63909.50,136.018000,476,47.124000,88.894000,63911.98,106626.13,0.00001878,0.000000,0.000000,0
2026-08-11 06:45:00,63909.60,63916.70,63903.20,63903.20,71.195000,315,23.209000,47.986000,63911.50,106625.86,0.00001884,0.000000,0.000000,0
2026-08-11 06:46:00,63903.20,63914.20,63901.00,63914.20,36.943000,281,20.850000,16.093000,63906.62,106625.51,0.00001884,0.000000,0.000000,0
2026-08-11 06:47:00,63914.20,63914.20,63905.50,63905.50,17.728000,166,5.460000,12.268000,63909.93,106628.54,0.00001928,0.000000,0.000000,0
2026-08-11 06:48:00,63905.60,63905.60,63901.80,63905.10,30.690000,151,19.258000,11.432000,63903.51,106628.35,0.00001977,0.000000,0.000000,0
2026-08-11 06:49:00,63905.10,63913.70,63905.10,63908.20,27.040000,205,18.574000,8.466000,63907.70,106635.34,0.00001977,0.000000,0.000000,0
2026-08-11 06:50:00,63908.20,63911.90,63908.10,63911.80,11.223000,121,6.397000,4.826000,63909.31,106634.46,0.00001987,0.000000,0.000000,0
2026-08-11 06:51:00,63911.90,63911.90,63900.90,63900.90,16.724000,195,6.602000,10.122000,63905.35,106634.95,0.00002019,0.000000,0.000000,0
2026-08-11 06:52:00,63901.00,63901.20,63900.00,63900.10,22.737000,129,7.745000,14.992000,63900.91,106634.22,0.00002036,0.000000,0.000000,0
2026-08-11 06:53:00,63900.10,63900.10,63865.80,63865.90,121.076000,566,14.039000,107.037000,63883.88,106638.61,0.00002036,0.000000,0.274000,0
2026-08-11 06:54:00,63865.80,63865.80,63842.90,63850.00,148.522000,580,27.192000,121.330000,63855.16,106640.07,0.00002018,0.000000,0.425000,0
2026-08-11 06:55:00,63850.00,63850.00,63820.00,63839.90,286.892000,779,157.261000,129.631000,63831.68,106649.85,0.00001936,0.000000,0.551000,0
2026-08-11 06:56:00,63840.00,63878.60,63839.90,63875.80,89.212000,534,60.932000,28.280000,63863.81,106670.35,0.00001936,0.000000,0.000000,0
2026-08-11 06:57:00,63875.90,63903.80,63875.80,63903.80,64.877000,390,58.319000,6.558000,63886.91,106659.33,0.00001945,0.000000,0.000000,0
2026-08-11 06:58:00,63903.80,63912.90,63896.20,63912.90,94.955000,486,78.514000,16.441000,63905.24,106615.65,0.00002037,0.000000,0.000000,0
2026-08-11 06:59:00,63912.90,63935.20,63912.80,63935.20,41.880000,355,37.379000,4.501000,63922.14,106604.22,0.00002037,0.000000,0.000000,0
2026-08-11 07:00:00,63935.30,63942.40,63935.20,63940.00,42.131000,272,17.224000,24.907000,63939.73,106598.31,0.00002026,0.000000,0.000000,0
2026-08-11 07:01:00,63940.00,63953.20,63940.00,63953.20,40.558000,329,27.845000,12.713000,63945.74,106592.85,0.00002057,0.000000,1.001000,0
2026-08-11 07:02:00,63953.20,63964.20,63953.10,63964.10,67.182000,323,49.664000,17.518000,63956.14,106576.87,0.00002083,0.000000,0.000000,0
2026-08-11 07:03:00,63964.20,63965.30,63964.10,63965.20,19.073000,184,16.249000,2.824000,63964.34,106580.15,0.00002083,0.000000,0.000000,0
2026-08-11 07:04:00,63965.20,63965.30,63943.00,63943.00,51.971000,310,7.094000,44.877000,63956.86,106566.71,0.00002117,0.000000,0.000000,0
2026-08-11 07:05:00,63943.10,63964.40,63943.00,63964.40,22.672000,323,18.606000,4.066000,63951.58,106561.42,0.00002111,0.000000,0.000000,0
2026-08-11 07:06:00,63964.40,63987.60,63964.30,63976.30,87.522000,448,44.133000,43.389000,63982.20,106547.53,0.00002111,0.000000,0.000000,0
2026-08-11 07:07:00,63976.20,63976.30,63946.50,63946.50,27.633000,338,1.617000,26.016000,63960.70,106529.38,0.00002098,0.000000,0.000000,0
2026-08-11 07:08:00,63946.50,63946.60,63946.50,63946.50,4.601000,123,2.202000,2.399000,63946.55,106528.56,0.00002116,0.000000,0.000000,0
2026-08-11 07:09:00,63946.60,63954.90,63946.50,63954.90,9.147000,166,7.797000,1.350000,63949.10,106528.39,0.00002116,0.000000,0.000000,0
2026-08-11 07:10:00,63954.90,63958.60,63954.80,63954.90,14.354000,159,8.754000,5.600000,63957.12,106530.33,0.00002061,0.000000,0.000000,0
2026-08-11 07:11:00,63954.90,63954.90,63954.80,63954.90,15.068000,89,11.902000,3.166000,63954.88,106532.40,0.00002058,0.000000,0.000000,0
2026-08-11 07:12:00,63954.80,63954.90,63945.00,63945.10,9.789000,189,3.144000,6.645000,63949.54,106536.00,0.00002068,0.000000,0.000000,0
2026-08-11 07:13:00,63945.00,63945.10,63945.00,63945.10,4.621000,110,1.361000,3.260000,63945.03,106535.83,0.00002068,0.000000,0.000000,0
2026-08-11 07:14:00,63945.10,63945.10,63942.40,63942.40,59.982000,257,22.056000,37.926000,63943.53,106551.50,0.00002047,0.000000,0.000000,0
2026-08-11 07:15:00,63942.40,63942.50,63935.90,63935.90,17.314000,247,4.156000,13.158000,63941.41,106569.31,0.00002047,0.000000,0.000000,0
2026-08-11 07:16:00,63936.00,63936.00,63909.40,63929.90,49.049000,513,15.000000,34.049000,63920.89,106572.16,0.00002047,0.000000,0.069000,0
2026-08-11 07:17:00,63929.90,63941.30,63929.80,63941.20,11.436000,210,8.582000,2.854000,63935.18,106568.78,0.00002024,0.000000,0.000000,0
2026-08-11 07:18:00,63941.30,63944.60,63914.60,63914.60,26.357000,360,3.547000,22.810000,63935.53,106569.12,0.00002036,0.000000,0.000000,0
2026-08-11 07:19:00,63914.60,63914.70,63902.00,63902.00,29.835000,231,2.332000,27.503000,63909.28,106579.08,0.00002036,0.000000,0.000000,0
2026-08-11 07:20:00,63902.10,63902.10,63897.00,63897.10,32.355000,171,6.269000,26.086000,63899.77,106587.45,0.00002064,0.000000,0.000000,0
2026-08-11 07:21:00,63897.00,63897.10,63876.40,63881.40,61.838000,335,12.468000,49.370000,63881.09,106586.46,0.00002032,0.000000,0.017000,0
2026-08-11 07:22:00,63881.40,63895.10,63879.00,63895.10,70.714000,282,36.226000,34.488000,63882.33,106585.06,0.00002009,0.000000,0.000000,0
2026-08-11 07:23:00,63895.10,63895.10,63888.60,63892.70,26.434000,201,12.050000,14.384000,63891.62,106596.71,0.00002009,0.000000,0.069000,0
2026-08-11 07:24:00,63892.70,63896.90,63892.70,63896.90,19.903000,152,16.521000,3.382000,63893.95,106599.34,0.00002023,0.000000,0.000000,0
2026-08-11 07:25:00,63896.80,63896.90,63896.80,63896.90,20.302000,119,6.051000,14.251000,63896.83,106590.90,0.00002041,0.000000,0.015000,0
2026-08-11 07:26:00,63896.90,63900.00,63896.80,63898.30,25.781000,143,14.850000,10.931000,63898.38,106590.91,0.00002041,0.193000,0.000000,0
2026-08-11 07:27:00,63898.30,63898.30,63885.50,63891.00,54.481000,328,16.408000,38.073000,63893.16,106596.41,0.00002074,0.000000,0.079000,0
2026-08-11 07:28:00,63890.90,63905.00,63890.90,63905.00,51.139000,225,35.528000,15.611000,63899.21,106610.36,0.00002086,0.000000,0.000000,0
2026-08-11 07:29:00,63905.00,63905.00,63891.80,63891.90,54.974000,179,4.500000,50.474000,63901.75,106598.83,0.00002086,0.000000,0.005000,0
2026-08-11 07:30:00,63891.80,63891.90,63879.90,63879.90,50.004000,235,3.440000,46.564000,63885.11,106583.21,0.00002107,0.000000,0.000000,0
2026-08-11 07:31:00,63879.90,63935.80,63879.90,63935.70,156.529000,613,141.266000,15.263000,63896.35,106571.56,0.00002081,0.000000,0.000000,0
2026-08-11 07:32:00,63935.70,63950.00,63935.70,63947.90,56.528000,325,34.295000,22.233000,63945.67,106569.93,0.00002094,0.000000,0.000000,0
2026-08-11 07:33:00,63947.90,63947.90,63942.00,63942.10,20.424000,194,10.909000,9.515000,63946.68,106565.93,0.00002094,0.000000,0.000000,0
2026-08-11 07:34:00,63942.00,63959.70,63942.00,63959.70,36.349000,264,33.191000,3.158000,63948.21,106560.07,0.00002124,0.000000,0.000000,0
2026-08-11 07:35:00,63959.70,63962.30,63959.60,63962.30,27.638000,190,20.873000,6.765000,63960.56,106551.24,0.00002107,0.000000,0.000000,0
2026-08-11 07:36:00,63962.20,64009.20,63962.20,64009.00,128.574000,692,103.558000,25.016000,63991.57,106551.93,0.00002107,0.000000,0.049000,0
2026-08-11 07:37:00,64009.00,64011.70,64005.90,64006.00,44.055000,279,21.833000,22.222000,64008.15,106536.54,0.00002116,0.030000,0.000000,0
2026-08-11 07:38:00,64006.00,64020.00,64005.90,64020.00,110.954000,476,66.473000,44.481000,64014.91,106519.17,0.00002174,0.200000,0.000000,0
2026-08-11 07:39:00,64019.90,64060.00,64019.90,64052.00,137.047000,695,108.937000,28.110000,64045.55,106503.60,0.00002174,0.200000,0.000000,0
2026-08-11 07:40:00,64052.00,64057.20,64052.00,64057.20,40.682000,246,26.741000,13.941000,64053.48,106489.00,0.00002219,0.000000,0.000000,0
2026-08-11 07:41:00,64057.20,64057.20,64035.20,64041.30,60.575000,405,21.156000,39.419000,64048.56,106487.45,0.00002255,0.000000,0.000000,0
2026-08-11 07:42:00,64041.40,64041.40,64035.80,64035.90,21.077000,266,10.218000,10.859000,64036.55,106483.99,0.00002240,0.000000,0.000000,0
2026-08-11 07:43:00,64035.80,64050.30,64035.80,64042.30,45.743000,313,28.969000,16.774000,64043.19,106475.49,0.00002240,0.000000,0.000000,0
2026-08-11 07:44:00,64042.40,64042.40,64036.50,64036.50,20.738000,231,7.507000,13.231000,64037.34,106475.54,0.00002198,0.000000,0.000000,0
2026-08-11 07:45:00,64036.60,64047.30,64036.50,64047.30,36.762000,254,29.743000,7.019000,64039.81,106470.52,0.00002178,0.000000,0.000000,0
2026-08-11 07:46:00,64047.20,64061.70,64040.10,64045.60,102.531000,536,60.592000,41.939000,64048.44,106453.02,0.00002178,0.000000,0.000000,0
2026-08-11 07:47:00,64045.60,64054.30,64045.50,64049.90,47.769000,310,37.445000,10.324000,64049.04,106447.54,0.00002154,0.000000,0.000000,0
2026-08-11 07:48:00,64050.00,64069.90,64049.90,64067.00,78.641000,433,71.332000,7.309000,64058.01,106437.38,0.00002149,0.000000,0.000000,0
2026-08-11 07:49:00,64066.90,64067.00,64066.80,64066.80,43.796000,258,22.371000,21.425000,64066.88,106425.00,0.00002149,0.000000,0.000000,0
2026-08-11 07:50:00,64066.90,64067.00,64040.90,64040.90,87.490000,414,23.680000,63.810000,64059.50,106412.76,0.00002166,0.000000,0.000000,0
2026-08-11 07:51:00,64040.90,64048.00,64040.90,64048.00,39.868000,300,27.494000,12.374000,64045.71,106396.79,0.00002199,0.000000,0.000000,0
2026-08-11 07:52:00,64048.00,64062.70,64047.90,64062.60,30.131000,279,21.205000,8.926000,64053.69,106384.18,0.00002199,0.000000,0.000000,0
2026-08-11 07:53:00,64062.70,64077.00,64054.60,64062.40,95.642000,561,52.470000,43.172000,64068.79,106371.43,0.00002162,0.007000,0.000000,0
2026-08-11 07:54:00,64062.30,64062.40,64043.60,64043.70,42.161000,349,9.523000,32.638000,64053.92,106361.35,0.00002164,0.000000,0.000000,0
2026-08-11 07:55:00,64043.70,64043.70,64020.00,64020.10,74.606000,387,12.760000,61.846000,64035.61,106340.64,0.00002147,0.000000,0.000000,0
2026-08-11 07:56:00,64020.00,64022.80,64019.10,64019.20,66.630000,285,27.130000,39.500000,64021.90,106334.17,0.00002147,0.000000,0.000000,0
2026-08-11 07:57:00,64019.20,64019.20,64010.00,64010.00,35.354000,219,12.766000,22.588000,64014.86,106323.08,0.00002062,0.000000,0.000000,0
2026-08-11 07:58:00,64010.00,64019.20,64010.00,64019.20,51.411000,240,34.807000,16.604000,64013.46,106319.18,0.00002007,0.000000,0.000000,0
2026-08-11 07:59:00,64019.10,64019.20,64019.10,64019.20,20.821000,178,10.629000,10.192000,64019.15,106314.31,0.00002007,0.000000,0.000000,0
2026-08-11 08:00:00,64019.20,64031.70,64019.10,64031.70,32.626000,225,22.566000,10.060000,64026.76,106307.64,0.00001966,0.000000,0.000000,0
2026-08-11 08:01:00,64031.70,64046.40,64031.70,64040.80,103.606000,416,60.393000,43.213000,64041.87,106304.63,0.00001962,0.000000,0.000000,0
2026-08-11 08:02:00,64040.70,64057.80,64040.70,64055.70,48.573000,348,40.899000,7.674000,64049.38,106318.50,0.00001962,0.000000,0.000000,0
2026-08-11 08:03:00,64055.70,64076.10,64055.60,64066.90,84.930000,392,49.389000,35.541000,64070.71,106330.60,0.00001957,0.000000,0.000000,0
2026-08-11 08:04:00,64067.00,64071.00,64066.90,64071.00,26.536000,166,22.238000,4.298000,64068.80,106324.36,0.00001987,0.000000,0.000000,0
2026-08-11 08:05:00,64070.90,64071.00,64052.60,64054.90,24.692000,318,7.731000,16.961000,64062.83,106322.94,0.00002014,0.000000,0.000000,0
2026-08-11 08:06:00,64054.80,64061.60,64054.80,64061.60,23.315000,241,17.183000,6.132000,64057.45,106322.40,0.00002014,0.000000,0.000000,0
2026-08-11 08:07:00,64061.70,64093.70,64061.60,64064.20,338.707000,738,222.007000,116.700000,64078.27,106322.40,0.00001995,0.002000,0.000000,0
2026-08-11 08:08:00,64064.30,64068.20,64064.00,64064.00,21.577000,229,12.005000,9.572000,64065.96,106204.59,0.00002009,0.000000,0.000000,0
2026-08-11 08:09:00,64064.10,64064.10,64046.50,64046.50,40.176000,332,12.036000,28.140000,64053.77,106199.52,0.00002009,0.000000,0.000000,0
2026-08-11 08:10:00,64046.60,64050.60,64041.90,64041.90,22.739000,245,8.369000,14.370000,64047.27,106205.19,0.00001993,0.000000,0.000000,0
2026-08-11 08:11:00,64042.00,64042.00,64041.90,64041.90,7.730000,164,2.584000,5.146000,64041.93,106208.04,0.00001951,0.000000,0.000000,0
2026-08-11 08:12:00,64041.90,64050.70,64041.90,64050.70,9.361000,210,6.793000,2.568000,64048.41,106204.13,0.00001951,0.000000,0.000000,0
2026-08-11 08:13:00,64050.70,64050.70,64020.20,64020.20,51.006000,428,2.527000,48.479000,64035.77,106206.81,0.00001921,0.000000,0.000000,0
2026-08-11 08:14:00,64020.20,64020.20,64016.70,64016.70,15.531000,229,5.215000,10.316000,64017.19,106208.86,0.00001913,0.000000,0.000000,0
2026-08-11 08:15:00,64016.70,64016.80,64016.70,64016.80,15.999000,199,2.365000,13.634000,64016.71,106211.63,0.00001853,0.000000,0.000000,0
2026-08-11 08:16:00,64016.70,64034.80,64010.40,64034.70,61.081000,498,35.996000,25.085000,64019.36,106208.14,0.00001853,0.000000,0.000000,0
2026-08-11 08:17:00,64034.70,64041.20,64034.70,64041.20,19.874000,181,12.606000,7.268000,64035.78,106222.95,0.00001802,0.000000,0.000000,0
2026-08-11 08:18:00,64041.20,64041.20,64024.60,64024.70,46.494000,227,8.525000,37.969000,64035.64,106228.11,0.00001869,0.000000,0.000000,0
2026-08-11 08:19:00,64024.60,64024.70,64019.20,64019.30,12.547000,141,1.353000,11.194000,64021.22,106223.85,0.00001869,0.000000,0.000000,0
2026-08-11 08:20:00,64019.20,64019.30,64019.20,64019.30,8.324000,119,3.446000,4.878000,64019.24,106230.04,0.00001886,0.000000,0.000000,0
2026-08-11 08:21:00,64019.20,64029.20,64019.20,64029.20,32.473000,185,19.114000,13.359000,64025.09,106233.32,0.00001860,0.000000,0.000000,0
2026-08-11 08:22:00,64029.20,64035.10,64029.10,64034.40,27.679000,172,5.007000,22.672000,64033.84,106234.00,0.00001860,0.000000,0.000000,0
2026-08-11 08:23:00,64034.40,64034.40,64034.30,64034.30,8.974000,94,7.895000,1.079000,64034.39,106242.77,0.00001876,0.000000,0.000000,0
2026-08-11 08:24:00,64034.30,64034.40,64034.30,64034.30,3.634000,87,2.267000,1.367000,64034.36,106244.55,0.00001916,0.000000,0.000000,0
2026-08-11 08:25:00,64034.40,64049.50,64034.30,64049.40,23.767000,205,20.290000,3.477000,64044.10,106246.25,0.00001952,0.000000,0.000000,0
2026-08-11 08:26:00,64049.40,64064.00,64049.40,64060.10,35.649000,254,24.961000,10.688000,64058.49,106243.18,0.00001952,0.000000,0.000000,0
2026-08-11 08:27:00,64060.10,64060.10,64045.30,64045.30,43.634000,209,18.151000,25.483000,64056.61,106248.82,0.00002029,0.000000,0.000000,0
2026-08-11 08:28:00,64045.30,64045.30,64042.70,64042.80,20.619000,113,3.396000,17.223000,64043.46,106251.63,0.00002117,0.000000,0.000000,0
2026-08-11 08:29:00,64042.80,64042.80,64034.00,64034.10,18.700000,134,2.619000,16.081000,64039.34,106250.00,0.00002117,0.000000,0.000000,0
2026-08-11 08:30:00,64034.00,64034.10,64026.20,64026.20,17.945000,183,1.158000,16.787000,64031.47,106253.48,0.00002121,0.000000,0.000000,0
2026-08-11 08:31:00,64026.20,64032.70,64026.20,64032.60,36.963000,206,22.302000,14.661000,64030.32,106258.20,0.00002113,0.000000,0.000000,0
2026-08-11 08:32:00,64032.60,64036.30,64030.00,64031.10,32.335000,277,18.383000,13.952000,64033.22,106246.10,0.00002106,0.000000,0.000000,0
2026-08-11 08:33:00,64031.10,64031.20,64031.10,64031.20,7.021000,75,1.967000,5.054000,64031.13,106249.96,0.00002106,0.000000,0.000000,0
2026-08-11 08:34:00,64031.10,64031.20,64031.10,64031.20,8.746000,93,3.912000,4.834000,64031.14,106244.72,0.00002126,0.000000,0.000000,0
2026-08-11 08:35:00,64031.20,64032.40,64029.80,64032.30,16.659000,89,6.530000,10.129000,64030.85,106243.19,0.00002130,0.000000,0.000000,0
2026-08-11 08:36:00,64032.40,64036.30,64032.30,64036.30,9.838000,103,8.073000,1.765000,64033.08,106247.11,0.00002130,0.000000,0.000000,0
2026-08-11 08:37:00,64036.30,64048.90,64032.00,64032.10,31.287000,305,17.265000,14.022000,64039.75,106244.29,0.00002140,0.000000,0.000000,0
2026-08-11 08:38:00,64032.10,64051.40,64032.00,64051.40,20.720000,275,16.638000,4.082000,64037.84,106253.94,0.00002175,0.000000,0.000000,0
2026-08-11 08:39:00,64051.30,64051.40,64051.30,64051.40,6.594000,112,4.514000,2.080000,64051.37,106251.10,0.00002175,0.000000,0.000000,0
2026-08-11 08:40:00,64051.40,64053.20,64051.30,64053.20,55.246000,122,6.893000,48.353000,64052.88,106252.88,0.00002195,0.000000,0.000000,0
2026-08-11 08:41:00,64053.10,64070.00,64048.90,64070.00,43.027000,337,27.774000,15.253000,64058.87,106233.35,0.00002232,0.000000,0.000000,0
2026-08-11 08:42:00,64070.00,64088.90,64069.90,64088.80,48.412000,294,41.921000,6.491000,64077.15,106227.47,0.00002278,0.000000,0.000000,0
2026-08-11 08:43:00,64088.90,64095.60,64088.80,64095.10,67.778000,275,32.378000,35.400000,64092.25,106228.82,0.00002278,0.086000,0.000000,0
2026-08-11 08:44:00,64095.10,64095.10,64089.70,64089.80,24.984000,169,9.115000,15.869000,64091.53,106227.10,0.00002347,0.000000,0.000000,0
2026-08-11 08:45:00,64089.80,64089.80,64084.80,64084.80,25.299000,169,5.013000,20.286000,64089.04,106222.56,0.00002451,0.000000,0.000000,0
2026-08-11 08:46:00,64084.80,64088.80,64084.80,64088.70,22.004000,171,16.515000,5.489000,64086.31,106231.82,0.00002451,0.000000,0.000000,0
2026-08-11 08:47:00,64088.80,64088.80,64085.30,64085.30,17.229000,130,6.926000,10.303000,64088.46,106226.23,0.00002510,0.000000,0.000000,0
2026-08-11 08:48:00,64085.30,64085.40,64063.90,64063.90,30.094000,258,2.903000,27.191000,64071.27,106225.61,0.00002522,0.000000,0.000000,0
2026-08-11 08:49:00,64063.90,64064.00,64063.30,64063.40,10.402000,123,3.152000,7.250000,64063.78,106220.67,0.00002522,0.000000,0.000000,0
2026-08-11 08:50:00,64063.30,64063.40,64063.10,64063.20,6.213000,135,1.263000,4.950000,64063.20,106218.01,0.00002495,0.000000,0.000000,0
2026-08-11 08:51:00,64063.20,64079.50,64063.10,64079.50,27.915000,266,21.778000,6.137000,64068.13,106217.70,0.00002453,0.000000,0.000000,0
2026-08-11 08:52:00,64079.40,64079.50,64077.40,64077.50,68.112000,161,50.514000,17.598000,64078.81,106216.18,0.00002428,0.000000,0.000000,0
2026-08-11 08:53:00,64077.40,64077.50,64073.60,64076.40,23.647000,140,4.486000,19.161000,64076.64,106181.73,0.00002428,0.000000,0.000000,0
2026-08-11 08:54:00,64076.40,64089.70,64076.40,64089.70,23.397000,201,21.170000,2.227000,64081.60,106168.92,0.00002445,0.000000,0.000000,0
2026-08-11 08:55:00,64089.70,64124.80,64089.60,64121.90,134.456000,610,113.774000,20.682000,64108.15,106154.92,0.00002437,0.153000,0.000000,0
2026-08-11 08:56:00,64121.80,64121.90,64111.50,64121.40,58.250000,336,35.112000,23.138000,64118.32,106128.06,0.00002437,0.000000,0.000000,0
2026-08-11 08:57:00,64121.30,64121.40,64106.40,64108.80,37.611000,273,7.217000,30.394000,64110.61,106103.23,0.00002534,0.000000,0.000000,0
2026-08-11 08:58:00,64108.90,64118.00,64108.80,64109.90,23.210000,267,11.766000,11.444000,64113.83,106106.70,0.00002606,0.000000,0.000000,0
2026-08-11 08:59:00,64109.90,64109.90,64106.40,64106.40,21.313000,151,7.168000,14.145000,64108.62,106102.66,0.00002606,0.000000,0.000000,0
2026-08-11 09:00:00,64106.40,64109.80,64106.00,64109.80,31.703000,135,11.812000,19.891000,64106.50,106098.46,0.00002675,0.000000,0.000000,0
2026-08-11 09:01:00,64109.80,64110.00,64106.90,64106.90,50.800000,203,13.626000,37.174000,64109.28,106102.33,0.00002720,0.000000,0.000000,0
2026-08-11 09:02:00,64107.00,64107.00,64106.10,64106.10,24.722000,174,6.918000,17.804000,64106.63,106089.75,0.00002762,0.000000,0.000000,0
2026-08-11 09:03:00,64106.10,64109.90,64106.10,64109.90,17.492000,162,14.640000,2.852000,64107.38,106089.15,0.00002762,0.000000,0.000000,0
2026-08-11 09:04:00,64109.90,64111.60,64109.80,64111.60,13.430000,137,7.544000,5.886000,64110.57,106088.84,0.00002778,0.000000,0.000000,0
2026-08-11 09:05:00,64111.50,64115.00,64111.50,64114.90,15.193000,157,13.694000,1.499000,64111.98,106088.99,0.00002823,0.000000,0.000000,0
2026-08-11 09:06:00,64114.90,64125.00,64114.90,64125.00,29.020000,254,21.444000,7.576000,64123.07,106082.09,0.00002823,0.000000,0.000000,0
2026-08-11 09:07:00,64124.90,64137.70,64123.90,64137.70,78.887000,332,42.893000,35.994000,64127.81,106077.69,0.00002885,0.003000,0.000000,0
2026-08-11 09:08:00,64137.60,64137.70,64125.70,64128.20,55.533000,323,20.978000,34.555000,64132.88,106072.18,0.00002969,0.000000,0.000000,0
2026-08-11 09:09:00,64128.20,64128.30,64115.40,64115.40,53.135000,292,25.495000,27.640000,64124.62,106067.35,0.00002969,0.000000,0.000000,0
2026-08-11 09:10:00,64115.40,64115.50,64106.00,64106.10,137.604000,215,13.892000,123.712000,64107.12,106074.48,0.00003050,0.000000,0.000000,0
2026-08-11 09:11:00,64106.00,64106.10,64106.00,64106.10,29.038000,179,1.745000,27.293000,64106.01,106112.22,0.00003090,0.000000,0.000000,0
2026-08-11 09:12:00,64106.00,64106.10,64106.00,64106.10,20.516000,170,6.524000,13.992000,64106.03,106115.11,0.00003144,0.000000,0.000000,0
2026-08-11 09:13:00,64106.10,64106.10,64106.00,64106.10,29.030000,170,3.124000,25.906000,64106.01,106129.66,0.00003144,0.000000,0.000000,0
2026-08-11 09:14:00,64106.00,64115.10,64106.00,64107.00,139.686000,304,75.702000,63.984000,64109.86,106149.95,0.00003219,0.000000,0.000000,0
2026-08-11 09:15:00,64106.90,64107.00,64106.90,64106.90,12.274000,128,2.074000,10.200000,64106.92,106169.84,0.00003310,0.000000,0.000000,0
2026-08-11 09:16:00,64107.00,64107.00,64106.70,64106.80,15.321000,144,2.058000,13.263000,64106.79,106162.27,0.00003310,0.000000,0.000000,0
2026-08-11 09:17:00,64106.70,64106.80,64106.70,64106.80,14.659000,122,7.090000,7.569000,64106.75,106157.41,0.00003377,0.000000,0.000000,0
2026-08-11 09:18:00,64106.70,64119.40,64106.70,64119.40,48.434000,227,33.668000,14.766000,64111.63,106164.39,0.00003427,0.000000,0.000000,0
2026-08-11 09:19:00,64119.70,64135.00,64119.60,64135.00,35.219000,273,30.963000,4.256000,64127.47,106156.84,0.00003427,0.000000,0.000000,0
2026-08-11 09:20:00,64135.00,64148.50,64134.90,64148.40,69.484000,374,54.929000,14.555000,64143.92,106143.73,0.00003502,0.087000,0.000000,0
2026-08-11 09:21:00,64148.50,64176.40,64148.40,64150.00,203.280000,817,143.326000,59.954000,64162.36,106114.38,0.00003622,0.140000,0.000000,0
2026-08-11 09:22:00,64150.00,64169.10,64150.00,64156.60,45.225000,407,21.410000,23.815000,64160.64,106104.51,0.00003748,0.000000,0.000000,0
2026-08-11 09:23:00,64156.60,64158.10,64138.20,64158.10,67.238000,497,36.919000,30.319000,64145.69,106109.57,0.00003748,0.000000,0.000000,0
2026-08-11 09:24:00,64158.00,64167.60,64158.00,64167.50,21.535000,233,17.302000,4.233000,64163.82,106112.12,0.00003830,0.000000,0.000000,0
2026-08-11 09:25:00,64167.60,64167.60,64165.40,64165.50,41.121000,192,19.754000,21.367000,64166.84,106104.65,0.00003934,0.000000,0.000000,0
2026-08-11 09:26:00,64165.40,64167.60,64165.40,64167.60,33.189000,163,14.227000,18.962000,64166.15,106094.87,0.00003934,0.010000,0.000000,0
2026-08-11 09:27:00,64167.60,64171.10,64167.00,64168.40,39.806000,241,13.283000,26.523000,64169.76,106083.90,0.00004052,0.000000,0.000000,0
2026-08-11 09:28:00,64168.50,64168.50,64168.40,64168.40,10.042000,154,3.814000,6.228000,64168.44,106068.39,0.00004159,0.000000,0.000000,0
2026-08-11 09:29:00,64168.50,64168.50,64160.20,64160.20,51.592000,194,10.790000,40.802000,64166.81,106063.90,0.00004159,0.009000,0.000000,0
2026-08-11 09:30:00,64160.30,64161.80,64159.90,64160.20,57.251000,165,13.740000,43.511000,64160.81,106047.55,0.00004265,0.000000,0.000000,0
2026-08-11 09:31:00,64160.30,64217.20,64160.20,64197.80,569.030000,1416,438.946000,130.084000,64194.23,106009.19,0.00004353,1.247000,0.000000,0
2026-08-11 09:32:00,64197.70,64207.80,64181.20,64181.20,99.855000,549,43.504000,56.351000,64193.14,105904.14,0.00004446,0.000000,0.000000,0
2026-08-11 09:33:00,64181.30,64181.30,64166.10,64169.00,55.423000,328,9.974000,45.449000,64175.51,105895.96,0.00004446,0.000000,0.000000,0
2026-08-11 09:34:00,64169.10,64169.10,64161.00,64161.00,49.113000,262,8.572000,40.541000,64166.07,105893.31,0.00004491,0.000000,0.000000,0
2026-08-11 09:35:00,64161.00,64162.60,64161.00,64162.60,31.002000,171,11.586000,19.416000,64162.13,105877.96,0.00004496,0.000000,0.000000,0
2026-08-11 09:36:00,64162.50,64162.60,64162.50,64162.50,17.504000,166,4.790000,12.714000,64162.53,105874.92,0.00004496,0.000000,0.000000,0
2026-08-11 09:37:00,64162.50,64162.60,64162.50,64162.60,7.824000,132,3.052000,4.772000,64162.54,105878.41,0.00004499,0.000000,0.000000,0
2026-08-11 09:38:00,64162.50,64162.60,64158.00,64158.00,39.480000,160,0.808000,38.672000,64159.23,105881.52,0.00004522,0.000000,0.000000,0
2026-08-11 09:39:00,64158.00,64158.10,64158.00,64158.00,14.527000,145,4.302000,10.225000,64158.03,105901.20,0.00004528,0.000000,0.000000,0
2026-08-11 09:40:00,64158.00,64158.10,64158.00,64158.00,12.447000,125,3.132000,9.315000,64158.03,105905.98,0.00004528,0.000000,0.000000,0
2026-08-11 09:41:00,64158.00,64162.10,64158.00,64162.10,28.528000,148,15.310000,13.218000,64160.59,105911.70,0.00004513,0.000000,0.000000,0
2026-08-11 09:42:00,64162.10,64210.00,64162.00,64210.00,82.777000,582,66.277000,16.500000,64188.99,105902.33,0.00004513,0.000000,0.000000,0
2026-08-11 09:43:00,64209.90,64210.00,64209.90,64210.00,127.318000,240,30.389000,96.929000,64209.92,105901.18,0.00004513,0.000000,0.000000,0
2026-08-11 09:44:00,64210.00,64227.70,64209.90,64227.60,142.103000,450,127.202000,14.901000,64221.13,105883.01,0.00004599,0.304000,0.000000,0
2026-08-11 09:45:00,64227.70,64227.70,64217.80,64217.90,65.716000,331,20.800000,44.916000,64223.90,105892.85,0.00004699,0.000000,0.000000,0
2026-08-11 09:46:00,64217.80,64227.10,64217.80,64227.10,45.386000,327,34.531000,10.855000,64224.47,105894.77,0.00004699,0.000000,0.000000,0
2026-08-11 09:47:00,64227.00,64240.10,64227.00,64234.50,96.307000,483,69.612000,26.695000,64237.16,105889.55,0.00004808,0.012000,0.000000,0
2026-08-11 09:48:00,64234.50,64247.20,64231.40,64247.10,51.256000,404,37.701000,13.555000,64235.93,105888.65,0.00004933,0.042000,0.000000,0
2026-08-11 09:49:00,64247.20,64249.90,64237.00,64242.70,98.109000,436,51.259000,46.850000,64242.87,105888.04,0.00005042,0.040000,0.000000,0
2026-08-11 09:50:00,64242.70,64242.70,64240.00,64240.00,27.740000,233,9.651000,18.089000,64242.23,105887.34,0.00005042,0.000000,0.000000,0
2026-08-11 09:51:00,64240.10,64240.10,64233.80,64233.80,30.582000,250,5.570000,25.012000,64234.68,105874.60,0.00005146,0.000000,0.000000,0
2026-08-11 09:52:00,64233.80,64251.50,64233.80,64251.50,100.873000,363,87.645000,13.228000,64246.94,105867.77,0.00005234,0.000000,0.000000,0
2026-08-11 09:53:00,64251.50,64263.30,64251.40,64254.90,136.872000,436,90.669000,46.203000,64259.59,105813.83,0.00005234,1.643000,0.000000,0
2026-08-11 09:54:00,64254.80,64254.80,64217.80,64234.50,80.881000,578,20.089000,60.792000,64226.11,105808.17,0.00005362,0.000000,0.000000,0
2026-08-11 09:55:00,64234.50,64236.00,64217.30,64221.00,57.393000,392,19.304000,38.089000,64227.59,105814.52,0.00005424,0.000000,0.000000,0
2026-08-11 09:56:00,64221.10,64235.80,64221.00,64235.80,26.487000,241,16.183000,10.304000,64229.06,105812.75,0.00005424,0.000000,0.000000,0
2026-08-11 09:57:00,64235.70,64236.30,64235.70,64236.20,18.829000,151,6.905000,11.924000,64235.78,105804.90,0.00005432,0.000000,0.000000,0
2026-08-11 09:58:00,64236.30,64250.00,64236.20,64250.00,33.000000,270,24.717000,8.283000,64245.44,105798.08,0.00005474,0.000000,0.000000,0
2026-08-11 09:59:00,64250.00,64269.00,64249.90,64268.90,52.808000,332,36.137000,16.671000,64258.51,105800.12,0.00005523,0.000000,0.000000,0
2026-08-11 10:00:00,64269.00,64281.00,64268.90,64280.90,121.837000,404,101.993000,19.844000,64273.49,105791.31,0.00005523,0.007000,0.000000,0
2026-08-11 10:01:00,64281.00,64281.00,64244.20,64251.90,181.077000,852,63.106000,117.971000,64264.86,105732.16,0.00005596,0.000000,0.000000,0
2026-08-11 10:02:00,64251.90,64254.40,64245.80,64253.80,43.265000,312,13.616000,29.649000,64251.50,105742.04,0.00005659,0.000000,0.000000,0
2026-08-11 10:03:00,64253.80,64282.00,64253.80,64282.00,57.035000,390,46.088000,10.947000,64270.97,105743.72,0.00005659,0.500000,0.000000,0
2026-08-11 10:04:00,64281.90,64289.90,64278.00,64278.00,82.140000,485,42.814000,39.326000,64283.78,105754.27,0.00005677,0.016000,0.000000,0
2026-08-11 10:05:00,64278.00,64278.50,64272.00,64272.10,58.424000,250,8.433000,49.991000,64277.93,105745.10,0.00005758,0.000000,0.000000,0
2026-08-11 10:06:00,64272.00,64290.10,64265.70,64285.60,90.464000,539,43.756000,46.708000,64275.23,105767.12,0.00005758,0.156000,0.000000,0
2026-08-11 10:07:00,64285.50,64285.60,64258.70,64269.40,98.231000,567,22.817000,75.414000,64269.62,105772.40,0.00005805,0.000000,0.000000,0
2026-08-11 10:08:00,64269.40,64272.50,64251.20,64255.40,78.449000,387,13.191000,65.258000,64265.56,105712.78,0.00005856,0.000000,0.000000,0
2026-08-11 10:09:00,64255.30,64259.60,64252.40,64252.90,56.367000,282,21.321000,35.046000,64256.79,105709.56,0.00005860,0.000000,0.000000,0
2026-08-11 10:10:00,64252.90,64260.90,64252.90,64260.80,37.108000,234,17.478000,19.630000,64257.57,105713.70,0.00005860,0.000000,0.000000,0
2026-08-11 10:11:00,64260.90,64260.90,64250.10,64250.10,47.147000,248,5.655000,41.492000,64254.68,105696.18,0.00005868,0.000000,0.000000,0
2026-08-11 10:12:00,64250.10,64250.20,64230.60,64240.90,121.201000,519,49.998000,71.203000,64239.71,105658.12,0.00005910,0.000000,0.000000,0
2026-08-11 10:13:00,64240.90,64241.00,64221.50,64225.30,147.209000,497,52.606000,94.603000,64229.03,105631.03,0.00005910,0.000000,0.000000,0
2026-08-11 10:14:00,64225.30,64225.30,64207.60,64207.60,104.559000,421,40.662000,63.897000,64215.84,105599.03,0.00005919,0.000000,0.000000,0
2026-08-11 10:15:00,64207.70,64222.20,64207.70,64218.80,96.402000,356,40.658000,55.744000,64217.78,105614.77,0.00005913,0.000000,0.000000,0
2026-08-11 10:16:00,64218.90,64218.90,64202.70,64202.70,59.552000,305,9.808000,49.744000,64214.81,105618.22,0.00005913,0.000000,0.000000,0
2026-08-11 10:17:00,64202.70,64210.00,64194.30,64209.90,115.520000,445,45.295000,70.225000,64199.09,105604.23,0.00005933,0.000000,0.000000,0
2026-08-11 10:18:00,64209.90,64210.00,64209.90,64210.00,20.859000,155,11.451000,9.408000,64209.95,105599.99,0.00005931,0.000000,0.000000,0
2026-08-11 10:19:00,64209.90,64210.00,64201.00,64201.00,19.862000,205,2.979000,16.883000,64204.81,105606.53,0.00005946,0.000000,0.000000,0
2026-08-11 10:20:00,64201.00,64201.10,64200.60,64201.10,31.500000,164,7.589000,23.911000,64200.91,105616.21,0.00005946,0.000000,0.000000,0
2026-08-11 10:21:00,64201.00,64201.10,64201.00,64201.10,11.472000,141,5.754000,5.718000,64201.05,105615.00,0.00005939,0.000000,0.000000,0
2026-08-11 10:22:00,64201.00,64203.40,64201.00,64203.30,52.549000,176,37.502000,15.047000,64201.21,105616.19,0.00005913,0.000000,0.000000,0
2026-08-11 10:23:00,64203.30,64203.40,64172.00,64200.00,136.296000,666,48.849000,87.447000,64186.97,105631.63,0.00005913,0.046000,0.000000,0
2026-08-11 10:24:00,64199.90,64219.70,64199.90,64200.00,75.545000,488,50.878000,24.667000,64207.89,105626.76,0.00005894,0.000000,0.000000,0
2026-08-11 10:25:00,64200.00,64204.70,64199.90,64204.70,13.507000,182,9.781000,3.726000,64203.18,105625.69,0.00005897,0.000000,0.000000,0
2026-08-11 10:26:00,64204.60,64230.00,64204.60,64229.50,47.063000,347,37.684000,9.379000,64220.43,105631.82,0.00005897,0.000000,0.000000,0
2026-08-11 10:27:00,64229.50,64229.60,64219.40,64225.70,36.346000,273,16.746000,19.600000,64225.31,105629.63,0.00005905,0.000000,0.050000,0
2026-08-11 10:28:00,64225.70,64239.00,64225.70,64239.00,27.227000,239,22.565000,4.662000,64232.92,105632.99,0.00005955,0.000000,0.000000,0
2026-08-11 10:29:00,64238.90,64255.30,64238.90,64255.20,28.134000,267,16.187000,11.947000,64248.06,105632.79,0.00005985,0.000000,0.000000,0
2026-08-11 10:30:00,64255.20,64282.10,64255.20,64277.00,76.921000,442,57.343000,19.578000,64270.81,105636.73,0.00005985,0.000000,0.000000,0
2026-08-11 10:31:00,64276.90,64284.70,64271.80,64271.90,52.827000,344,25.836000,26.991000,64278.45,105639.21,0.00006074,0.000000,0.000000,0
2026-08-11 10:32:00,64271.80,64271.90,64236.70,64236.70,61.480000,441,4.973000,56.507000,64248.30,105637.18,0.00006130,0.000000,0.000000,0
2026-08-11 10:33:00,64236.80,64236.80,64230.30,64230.30,25.173000,232,4.595000,20.578000,64232.96,105634.45,0.00006130,0.000000,0.000000,0
2026-08-11 10:34:00,64230.30,64237.00,64230.10,64236.90,38.349000,214,29.327000,9.022000,64231.26,105637.62,0.00006075,0.000000,0.000000,0
2026-08-11 10:35:00,64236.90,64237.00,64236.90,64237.00,12.102000,126,6.304000,5.798000,64236.95,105632.23,0.00006044,0.000000,0.000000,0
2026-08-11 10:36:00,64236.90,64237.00,64221.10,64222.00,41.983000,232,13.234000,28.749000,64228.23,105632.89,0.00006049,0.000000,0.000000,0
2026-08-11 10:37:00,64222.00,64253.90,64221.90,64253.90,50.567000,352,40.837000,9.730000,64233.45,105630.82,0.00006049,0.000000,0.000000,0
2026-08-11 10:38:00,64253.80,64253.90,64253.80,64253.90,22.734000,124,11.034000,11.700000,64253.85,105632.40,0.00006005,0.000000,0.000000,0
2026-08-11 10:39:00,64253.80,64253.90,64253.80,64253.80,46.361000,130,5.559000,40.802000,64253.81,105662.71,0.00006021,0.000000,0.000000,0
2026-08-11 10:40:00,64253.90,64253.90,64253.80,64253.80,112.974000,263,10.560000,102.414000,64253.81,105683.11,0.00006021,0.000000,0.000000,0
2026-08-11 10:41:00,64253.80,64255.30,64253.80,64254.00,91.377000,169,39.372000,52.005000,64254.43,105736.64,0.00006043,0.000000,0.000000,0
2026-08-11 10:42:00,64254.00,64254.00,64253.90,64254.00,10.158000,144,6.993000,3.165000,64253.97,105737.41,0.00006117,0.000000,0.000000,0
2026-08-11 10:43:00,64253.90,64254.00,64253.90,64254.00,21.202000,122,7.864000,13.338000,64253.94,105738.59,0.00006117,0.000000,0.000000,0
2026-08-11 10:44:00,64254.00,64254.00,64253.80,64253.90,88.266000,127,7.345000,80.921000,64253.82,105782.19,0.00006176,0.000000,0.000000,0
2026-08-11 10:45:00,64253.90,64253.90,64253.80,64253.90,25.248000,128,8.645000,16.603000,64253.83,105787.95,0.00006230,0.000000,0.000000,0
2026-08-11 10:46:00,64253.80,64253.90,64253.80,64253.90,27.067000,145,4.727000,22.340000,64253.82,105805.21,0.00006292,0.000000,0.000000,0
2026-08-11 10:47:00,64253.80,64253.90,64202.90,64206.30,593.775000,865,57.973000,535.802000,64244.83,106204.71,0.00006292,0.000000,0.000000,0
2026-08-11 10:48:00,64206.20,64222.90,64206.20,64222.90,45.449000,328,29.017000,16.432000,64212.61,106203.62,0.00006335,0.000000,0.000000,0
2026-08-11 10:49:00,64222.90,64222.90,64222.80,64222.90,12.165000,116,3.033000,9.132000,64222.82,106205.29,0.00006303,0.000000,0.000000,0
2026-08-11 10:50:00,64222.90,64222.90,64215.20,64220.30,25.439000,220,10.760000,14.679000,64218.59,106201.28,0.00006303,0.000000,0.000000,0
2026-08-11 10:51:00,64220.20,64236.60,64220.20,64236.60,51.423000,306,47.850000,3.573000,64227.79,106204.48,0.00006341,0.000000,0.000000,0
2026-08-11 10:52:00,64236.60,64244.00,64236.60,64243.90,16.886000,185,12.764000,4.122000,64242.79,106209.95,0.00006361,0.000000,0.000000,0
2026-08-11 10:53:00,64244.00,64244.10,64216.30,64216.30,43.254000,375,12.735000,30.519000,64230.98,106211.09,0.00006361,0.000000,0.071000,0
2026-08-11 10:54:00,64216.30,64216.40,64216.30,64216.30,15.430000,128,4.181000,11.249000,64216.33,106211.28,0.00006453,0.000000,0.000000,0
2026-08-11 10:55:00,64216.40,64216.40,64212.30,64212.30,33.536000,136,10.768000,22.768000,64214.07,106208.40,0.00006450,0.000000,0.000000,0
2026-08-11 10:56:00,64212.30,64212.40,64190.10,64190.10,34.023000,317,2.835000,31.188000,64199.36,106211.21,0.00006429,0.000000,0.000000,0
2026-08-11 10:57:00,64190.10,64208.90,64190.10,64208.80,40.972000,262,32.864000,8.108000,64200.79,106211.96,0.00006429,0.000000,0.000000,0
2026-08-11 10:58:00,64208.90,64208.90,64208.80,64208.90,8.236000,96,3.236000,5.000000,64208.84,106208.66,0.00006383,0.000000,0.000000,0
2026-08-11 10:59:00,64208.80,64208.90,64205.90,64206.00,11.929000,128,5.327000,6.602000,64207.97,106211.13,0.00006419,0.000000,0.000000,0
2026-08-11 11:00:00,64206.00,64206.00,64205.30,64205.30,9.875000,120,0.412000,9.463000,64205.56,106211.18,0.00006419,0.000000,0.000000,0
2026-08-11 11:01:00,64205.30,64254.80,64205.30,64254.80,228.663000,870,212.203000,16.460000,64232.38,106151.34,0.00006441,0.000000,0.000000,0
2026-08-11 11:02:00,64254.70,64326.00,64254.70,64325.90,370.687000,1629,297.465000,73.222000,64299.46,106112.60,0.00006484,2.209000,0.000000,0
2026-08-11 11:03:00,64325.90,64353.50,64300.00,64350.10,253.081000,1129,195.661000,57.420000,64334.99,106115.57,0.00006484,5.849000,0.000000,0
2026-08-11 11:04:00,64350.10,64362.60,64332.30,64362.50,179.940000,805,103.709000,76.231000,64348.69,106071.69,0.00006610,0.495000,0.000000,0
2026-08-11 11:05:00,64362.50,64366.00,64344.60,64344.90,130.770000,558,66.777000,63.993000,64356.52,106080.41,0.00006698,0.250000,0.000000,0
2026-08-11 11:06:00,64344.80,64348.20,64333.50,64337.50,58.279000,414,27.940000,30.339000,64341.51,106074.69,0.00006784,0.000000,0.000000,0
2026-08-11 11:07:00,64337.60,64337.60,64323.60,64323.60,40.043000,389,13.817000,26.226000,64329.89,106068.01,0.00006784,0.120000,0.000000,0
2026-08-11 11:08:00,64323.60,64323.70,64318.40,64322.40,31.933000,287,8.313000,23.620000,64321.78,106066.90,0.00006791,0.000000,0.000000,0
2026-08-11 11:09:00,64322.40,64322.50,64322.40,64322.40,23.368000,203,7.264000,16.104000,64322.43,106072.55,0.00006775,0.000000,0.000000,0
2026-08-11 11:10:00,64322.40,64322.50,64287.50,64287.50,79.922000,487,7.321000,72.601000,64302.02,106075.49,0.00006775,0.000000,0.000000,0
2026-08-11 11:11:00,64287.60,64357.40,64287.60,64357.40,104.427000,738,80.981000,23.446000,64321.02,106075.04,0.00006766,0.000000,0.000000,0
2026-08-11 11:12:00,64357.40,64364.20,64354.10,64355.60,151.418000,421,83.355000,68.063000,64360.83,106044.23,0.00006745,0.000000,0.000000,0
2026-08-11 11:13:00,64355.70,64355.70,64355.60,64355.60,30.572000,221,17.804000,12.768000,64355.66,106048.02,0.00006745,0.000000,0.000000,0
2026-08-11 11:14:00,64355.70,64356.00,64335.70,64335.80,61.394000,369,32.907000,28.487000,64349.61,106046.97,0.00006836,0.051000,0.000000,0
2026-08-11 11:15:00,64335.70,64335.80,64333.00,64333.00,60.158000,229,41.855000,18.303000,64333.57,106032.28,0.00006874,0.000000,0.000000,0
2026-08-11 11:16:00,64333.00,64333.10,64323.60,64326.60,34.435000,281,17.950000,16.485000,64329.74,106025.07,0.00006877,0.000000,0.000000,0
2026-08-11 11:17:00,64326.60,64330.00,64318.90,64318.90,48.492000,330,15.494000,32.998000,64323.25,106014.28,0.00006877,0.000000,0.000000,0
2026-08-11 11:18:00,64318.90,64319.00,64308.90,64308.90,56.385000,274,4.272000,52.113000,64313.46,105991.47,0.00006909,0.000000,0.000000,0
2026-08-11 11:19:00,64308.90,64309.00,64308.90,64309.00,20.466000,187,7.896000,12.570000,64308.94,105989.57,0.00006900,0.000000,0.000000,0
2026-08-11 11:20:00,64308.90,64309.00,64308.90,64308.90,26.673000,190,18.101000,8.572000,64308.97,105982.92,0.00006900,0.000000,0.000000,0
2026-08-11 11:21:00,64308.90,64312.70,64308.90,64312.70,34.799000,201,12.886000,21.913000,64311.93,105990.74,0.00006878,0.000000,0.000000,0
2026-08-11 11:22:00,64312.60,64321.10,64311.10,64321.10,40.995000,250,28.519000,12.476000,64315.09,105996.19,0.00006878,0.000000,0.000000,0
2026-08-11 11:23:00,64321.00,64335.00,64312.50,64312.60,50.480000,398,23.634000,26.846000,64325.59,105987.14,0.00006904,0.000000,0.000000,0
2026-08-11 11:24:00,64312.60,64312.60,64310.90,64311.00,18.128000,143,3.348000,14.780000,64311.31,105991.00,0.00006904,0.000000,0.000000,0
2026-08-11 11:25:00,64311.00,64311.00,64310.90,64310.90,12.734000,113,6.863000,5.871000,64310.95,105991.43,0.00006908,0.000000,0.000000,0
2026-08-11 11:26:00,64310.90,64311.00,64310.80,64310.90,27.351000,132,12.327000,15.024000,64310.90,105996.55,0.00006883,0.000000,0.000000,0
2026-08-11 11:27:00,64310.90,64312.00,64310.80,64312.00,15.688000,108,9.056000,6.632000,64311.10,105996.55,0.00006883,0.000000,0.110000,0
2026-08-11 11:28:00,64312.00,64322.20,64311.90,64322.20,31.585000,208,22.209000,9.376000,64315.68,105994.13,0.00006864,0.000000,0.000000,0
2026-08-11 11:29:00,64322.10,64322.20,64316.50,64316.50,27.893000,210,4.355000,23.538000,64319.73,105993.00,0.00006852,0.000000,0.000000,0
2026-08-11 11:30:00,64316.60,64316.60,64311.00,64311.10,30.279000,217,8.574000,21.705000,64313.15,105996.63,0.00006852,0.000000,0.000000,0
2026-08-11 11:31:00,64311.00,64311.20,64311.00,64311.20,33.833000,185,28.385000,5.448000,64311.10,106005.04,0.00006867,0.000000,0.000000,0
2026-08-11 11:32:00,64311.10,64316.60,64310.50,64316.50,70.346000,287,36.828000,33.518000,64312.97,105991.47,0.00006850,0.000000,0.000000,0
2026-08-11 11:33:00,64316.50,64321.80,64308.90,64308.90,74.714000,319,33.171000,41.543000,64315.75,105975.51,0.00006838,0.000000,0.000000,0
2026-08-11 11:34:00,64309.00,64311.30,64308.90,64311.30,25.331000,140,9.832000,15.499000,64310.80,105962.63,0.00006838,0.000000,0.000000,0
2026-08-11 11:35:00,64311.20,64311.30,64307.40,64307.50,34.659000,168,5.461000,29.198000,64309.28,105955.30,0.00006833,0.000000,0.000000,0
2026-08-11 11:36:00,64307.40,64318.20,64307.40,64318.10,30.111000,194,21.758000,8.353000,64312.41,105954.84,0.00006825,0.000000,0.000000,0
2026-08-11 11:37:00,64318.20,64318.20,64318.10,64318.20,9.333000,134,5.850000,3.483000,64318.16,105956.49,0.00006825,0.000000,0.000000,0
2026-08-11 11:38:00,64318.20,64318.20,64314.10,64314.10,17.843000,147,4.146000,13.697000,64317.76,105953.44,0.00006836,0.000000,0.000000,0
2026-08-11 11:39:00,64314.20,64314.20,64306.50,64306.50,25.835000,174,7.078000,18.757000,64311.23,105946.60,0.00006843,0.000000,0.000000,0
2026-08-11 11:40:00,64306.50,64312.40,64306.50,64312.30,35.782000,159,28.672000,7.110000,64307.20,105949.84,0.00006843,0.000000,0.000000,0
2026-08-11 11:41:00,64312.30,64320.50,64312.30,64318.00,35.989000,183,27.031000,8.958000,64317.55,105949.90,0.00006820,0.000000,0.000000,0
2026-08-11 11:42:00,64318.10,64318.10,64318.00,64318.00,18.530000,98,5.863000,12.667000,64318.03,105944.13,0.00006809,0.000000,0.000000,0
2026-08-11 11:43:00,64318.10,64319.50,64318.00,64319.50,20.546000,97,9.737000,10.809000,64318.12,105945.74,0.00006802,0.000000,0.000000,0
2026-08-11 11:44:00,64319.50,64319.50,64310.20,64310.20,24.085000,169,7.594000,16.491000,64318.00,105952.83,0.00006802,0.000000,0.000000,0
2026-08-11 11:45:00,64310.20,64316.40,64310.20,64313.40,58.289000,178,25.862000,32.427000,64313.34,105951.01,0.00006792,0.000000,0.000000,0
2026-08-11 11:46:00,64313.30,64316.60,64313.30,64316.00,26.233000,144,20.791000,5.442000,64315.18,105957.08,0.00006767,0.000000,0.000000,0
2026-08-11 11:47:00,64315.90,64318.40,64315.90,64318.40,10.961000,124,9.998000,0.963000,64317.61,105945.25,0.00006767,0.000000,0.000000,0
2026-08-11 11:48:00,64318.30,64319.30,64318.30,64319.30,29.546000,117,15.001000,14.545000,64318.87,105938.20,0.00006774,0.000000,0.000000,0
2026-08-11 11:49:00,64319.20,64322.00,64319.20,64322.00,19.803000,126,18.184000,1.619000,64320.18,105935.56,0.00006804,0.000000,0.000000,0
2026-08-11 11:50:00,64322.00,64333.00,64321.70,64322.40,156.671000,372,56.846000,99.825000,64325.52,105936.94,0.00006804,0.000000,0.000000,0
2026-08-11 11:51:00,64322.30,64333.60,64320.10,64333.60,53.177000,252,26.261000,26.916000,64324.61,105971.94,0.00006848,0.000000,0.000000,0
2026-08-11 11:52:00,64333.70,64343.10,64331.80,64341.90,55.745000,263,28.137000,27.608000,64338.15,105987.05,0.00006882,0.000000,0.000000,0
2026-08-11 11:53:00,64342.00,64347.80,64336.80,64337.70,49.884000,269,30.134000,19.750000,64342.66,105987.31,0.00006917,0.000000,0.000000,0
2026-08-11 11:54:00,64337.80,64339.80,64337.70,64339.80,5.646000,121,3.406000,2.240000,64339.21,105985.29,0.00006917,0.000000,0.000000,0
2026-08-11 11:55:00,64339.70,64350.70,64339.70,64350.70,49.664000,197,39.871000,9.793000,64346.73,105986.43,0.00006947,0.000000,0.000000,0
2026-08-11 11:56:00,64350.80,64369.10,64347.10,64369.00,131.661000,456,93.083000,38.578000,64356.26,105991.55,0.00006965,0.000000,0.000000,0
2026-08-11 11:57:00,64369.00,64374.40,64363.20,64373.10,131.221000,414,71.838000,59.383000,64369.43,105997.65,0.00006965,0.044000,0.000000,0
2026-08-11 11:58:00,64373.10,64380.00,64373.00,64380.00,64.925000,275,55.466000,9.459000,64378.54,106010.84,0.00007002,0.479000,0.000000,0
2026-08-11 11:59:00,64380.00,64380.00,64368.30,64368.30,50.686000,299,16.694000,33.992000,64372.89,106005.26,0.00007030,0.000000,0.000000,0
2026-08-11 12:00:00,64368.30,64368.40,64358.30,64358.40,47.795000,273,8.566000,39.229000,64362.89,105990.89,0.00007065,0.000000,0.000000,0
2026-08-11 12:01:00,64358.30,64381.60,64358.30,64368.00,144.421000,568,111.865000,32.556000,64371.14,105955.37,0.00007065,0.000000,0.000000,0
2026-08-11 12:02:00,64367.90,64397.40,64352.00,64397.40,159.305000,802,116.245000,43.060000,64369.92,105953.98,0.00007046,0.035000,0.000000,0
2026-08-11 12:03:00,64397.30,64414.00,64397.30,64403.00,200.567000,873,143.211000,57.356000,64405.85,105952.30,0.00007061,0.244000,0.000000,0
2026-08-11 12:04:00,64402.90,64405.00,64393.70,64393.80,83.205000,372,24.548000,58.657000,64399.89,105910.10,0.00007061,0.000000,0.000000,0
2026-08-11 12:05:00,64393.70,64393.80,64376.30,64383.60,120.884000,528,43.973000,76.911000,64384.20,105914.78,0.00007107,0.000000,0.000000,0
2026-08-11 12:06:00,64383.50,64422.40,64376.60,64397.40,267.472000,800,182.257000,85.215000,64397.91,105900.33,0.00007073,0.000000,0.000000,0
2026-08-11 12:07:00,64397.40,64411.80,64397.40,64406.00,53.890000,380,24.128000,29.762000,64405.13,105917.52,0.00007073,0.015000,0.000000,0
2026-08-11 12:08:00,64406.10,64417.60,64406.00,64417.60,33.741000,300,26.402000,7.339000,64410.82,105924.17,0.00007057,0.001000,0.000000,0
2026-08-11 12:09:00,64417.50,64424.60,64417.50,64419.20,112.935000,419,47.358000,65.577000,64421.33,105921.03,0.00007049,0.520000,0.000000,0
2026-08-11 12:10:00,64419.20,64443.00,64414.20,64442.90,228.719000,690,168.847000,59.872000,64433.80,105912.20,0.00007049,0.409000,0.000000,0
2026-08-11 12:11:00,64442.90,64470.00,64424.90,64424.90,428.422000,1483,298.481000,129.941000,64455.45,105937.77,0.00007055,7.190000,0.000000,0
2026-08-11 12:12:00,64424.90,64430.90,64416.20,64430.80,104.910000,545,50.626000,54.284000,64424.26,105879.85,0.00007083,0.000000,0.000000,0
2026-08-11 12:13:00,64430.80,64439.40,64423.30,64423.30,68.431000,445,24.711000,43.720000,64431.59,105872.53,0.00006993,0.000000,0.000000,0
2026-08-11 12:14:00,64423.30,64445.70,64423.30,64445.60,146.314000,428,104.736000,41.578000,64434.18,105860.40,0.00006993,0.000000,0.000000,0
2026-08-11 12:15:00,64445.70,64445.70,64440.50,64445.00,100.585000,326,48.664000,51.921000,64442.34,105912.08,0.00006933,0.000000,0.000000,0
2026-08-11 12:16:00,64444.90,64445.00,64405.80,64421.70,323.123000,973,67.663000,255.460000,64418.62,105919.38,0.00006907,0.000000,0.000000,0
2026-08-11 12:17:00,64421.70,64437.60,64421.60,64433.60,52.581000,400,14.299000,38.282000,64430.45,105900.49,0.00006907,0.000000,0.000000,0
2026-08-11 12:18:00,64433.60,64433.60,64407.60,64407.60,84.531000,469,16.061000,68.470000,64418.01,105896.57,0.00006876,0.000000,0.000000,0
2026-08-11 12:19:00,64407.50,64407.60,64376.40,64376.40,141.917000,738,46.686000,95.231000,64388.37,105864.86,0.00006882,0.000000,0.000000,0
2026-08-11 12:20:00,64376.40,64376.50,64360.00,64360.60,124.521000,444,32.647000,91.874000,64367.90,105849.42,0.00006882,0.000000,0.000000,0
2026-08-11 12:21:00,64360.60,64360.70,64346.90,64347.00,94.345000,375,16.797000,77.548000,64356.20,105844.62,0.00006803,0.000000,0.000000,0
2026-08-11 12:22:00,64346.90,64357.40,64346.90,64357.40,46.624000,323,33.037000,13.587000,64350.26,105845.53,0.00006720,0.000000,0.000000,0
2026-08-11 12:23:00,64357.40,64360.30,64320.30,64320.30,170.624000,1058,57.588000,113.036000,64344.56,105841.76,0.00006672,0.000000,0.000000,0
2026-08-11 12:24:00,64320.30,64329.60,64291.50,64291.50,212.443000,808,109.525000,102.918000,64308.72,105792.98,0.00006672,0.000000,0.004000,0
2026-08-11 12:25:00,64291.60,64293.70,64282.00,64282.40,166.239000,587,45.124000,121.115000,64288.62,105770.93,0.00006616,0.000000,0.000000,0
2026-08-11 12:26:00,64282.30,64290.00,64273.00,64277.70,165.660000,752,43.105000,122.555000,64280.91,105756.45,0.00006545,0.000000,0.000000,0
2026-08-11 12:27:00,64277.60,64283.60,64259.10,64283.60,84.026000,716,36.526000,47.500000,64271.18,105756.89,0.00006545,0.000000,0.000000,0
2026-08-11 12:28:00,64283.60,64283.60,64274.60,64280.20,62.890000,393,28.517000,34.373000,64278.52,105758.39,0.00006508,0.000000,0.000000,0
2026-08-11 12:29:00,64280.30,64286.70,64270.80,64286.60,75.042000,462,43.201000,31.841000,64276.26,105770.68,0.00006503,0.000000,0.000000,0
2026-08-11 12:30:00,64286.70,64299.40,64286.70,64290.00,84.231000,463,39.090000,45.141000,64293.74,105767.26,0.00006503,0.000000,0.000000,0
2026-08-11 12:31:00,64290.00,64325.30,64286.80,64286.80,258.485000,1356,180.054000,78.431000,64307.79,105718.90,0.00006491,0.000000,0.012000,0
2026-08-11 12:32:00,64286.90,64311.30,64286.90,64300.00,43.178000,508,19.471000,23.707000,64301.98,105694.99,0.00006472,0.000000,0.000000,0
2026-08-11 12:33:00,64300.10,64304.70,64287.20,64302.10,67.068000,485,39.570000,27.498000,64295.67,105692.80,0.00006483,0.000000,0.000000,0
2026-08-11 12:34:00,64302.10,64315.60,64302.00,64315.60,31.979000,293,26.697000,5.282000,64309.94,105691.88,0.00006483,0.000000,0.000000,0
2026-08-11 12:35:00,64315.60,64335.40,64315.50,64335.40,33.740000,392,20.342000,13.398000,64322.35,105688.99,0.00006491,0.000000,0.000000,0
2026-08-11 12:36:00,64335.40,64360.10,64335.30,64338.60,232.025000,668,105.482000,126.543000,64351.54,105727.25,0.00006559,0.000000,0.009000,0
2026-08-11 12:37:00,64338.50,64338.50,64315.50,64335.50,93.852000,527,44.818000,49.034000,64320.70,105790.43,0.00006559,0.000000,0.000000,0
2026-08-11 12:38:00,64335.60,64338.60,64320.00,64335.50,72.119000,446,24.578000,47.541000,64330.58,105818.12,0.00006623,0.000000,0.000000,0
2026-08-11 12:39:00,64335.50,64338.00,64335.50,64338.00,38.371000,180,18.773000,19.598000,64336.99,105812.65,0.00006619,0.000000,0.000000,0
2026-08-11 12:40:00,64338.00,64341.20,64337.90,64338.00,28.256000,183,7.648000,20.608000,64340.32,105817.18,0.00006650,0.000000,0.000000,0
2026-08-11 12:41:00,64338.00,64341.70,64321.80,64321.80,46.838000,323,24.449000,22.389000,64337.00,105822.96,0.00006650,0.000000,0.000000,0
2026-08-11 12:42:00,64321.80,64323.80,64321.80,64321.90,27.920000,170,17.619000,10.301000,64322.25,105818.07,0.00006681,0.000000,0.000000,0
2026-08-11 12:43:00,64321.80,64323.80,64306.50,64306.50,53.986000,324,7.044000,46.942000,64315.54,105822.22,0.00006681,0.000000,0.000000,0
2026-08-11 12:44:00,64306.60,64306.60,64302.10,64302.10,33.622000,211,5.369000,28.253000,64304.98,105835.81,0.00006681,0.000000,0.000000,0
2026-08-11 12:45:00,64302.20,64302.20,64302.10,64302.10,26.114000,161,5.077000,21.037000,64302.12,105838.95,0.00006661,0.000000,0.000000,0
2026-08-11 12:46:00,64302.20,64304.30,64302.10,64304.30,30.680000,160,25.551000,5.129000,64303.04,105839.17,0.00006641,0.000000,0.000000,0
2026-08-11 12:47:00,64304.20,64313.90,64302.10,64302.20,383.716000,350,49.876000,333.840000,64303.31,105830.96,0.00006641,0.000000,0.000000,0
2026-08-11 12:48:00,64302.20,64311.50,64302.10,64310.60,91.307000,261,54.960000,36.347000,64304.98,106048.45,0.00006661,0.000000,0.000000,0
2026-08-11 12:49:00,64310.60,64318.80,64302.10,64310.60,114.170000,480,57.931000,56.239000,64307.65,106041.66,0.00006725,0.000000,0.000000,0
2026-08-11 12:50:00,64310.60,64310.60,64306.50,64306.60,15.697000,161,3.867000,11.830000,64307.19,106035.11,0.00006789,0.000000,0.000000,0
2026-08-11 12:51:00,64306.50,64312.20,64306.50,64312.20,24.523000,162,18.784000,5.739000,64309.07,106037.62,0.00006789,0.000000,0.000000,0
2026-08-11 12:52:00,64312.20,64312.20,64310.90,64310.90,20.448000,129,4.785000,15.663000,64311.62,106041.85,0.00006818,0.000000,0.000000,0
2026-08-11 12:53:00,64310.90,64311.70,64310.90,64311.60,18.129000,132,13.542000,4.587000,64311.27,106041.46,0.00006858,0.000000,0.000000,0
2026-08-11 12:54:00,64311.70,64311.70,64303.60,64307.10,46.416000,222,9.993000,36.423000,64306.31,106042.11,0.00006858,0.000000,0.000000,0
2026-08-11 12:55:00,64307.10,64307.10,64304.00,64304.10,28.268000,135,2.981000,25.287000,64305.15,106030.79,0.00006892,0.000000,0.000000,0
2026-08-11 12:56:00,64304.00,64307.90,64302.10,64307.70,49.295000,183,25.298000,23.997000,64304.48,106032.43,0.00006909,0.000000,0.000000,0
2026-08-11 12:57:00,64307.70,64308.50,64307.70,64308.50,26.534000,152,16.534000,10.000000,64308.06,106037.38,0.00006909,0.000000,0.000000,0
2026-08-11 12:58:00,64308.50,64308.50,64304.00,64304.10,32.021000,198,8.219000,23.802000,64307.57,106043.09,0.00006931,0.000000,0.000000,0
2026-08-11 12:59:00,64304.10,64306.60,64304.00,64306.60,32.409000,153,19.543000,12.866000,64305.87,106058.44,0.00006986,0.000000,0.000000,0
2026-08-11 13:00:00,64306.60,64306.60,64303.10,64303.10,27.936000,145,10.048000,17.888000,64306.24,106068.28,0.00007027,0.000000,0.000000,0
2026-08-11 13:01:00,64303.20,64305.00,64302.10,64304.90,125.818000,247,42.505000,83.313000,64302.54,106123.41,0.00007027,0.000000,0.000000,0
2026-08-11 13:02:00,64304.90,64306.10,64304.00,64304.00,40.952000,212,11.973000,28.979000,64305.56,106135.95,0.00007059,0.000000,0.000000,0
2026-08-11 13:03:00,64304.00,64304.10,64302.10,64302.20,98.152000,185,11.260000,86.892000,64302.25,106128.16,0.00007116,0.000000,0.000000,0
2026-08-11 13:04:00,64302.10,64302.20,64254.00,64254.00,538.147000,1006,58.462000,479.685000,64283.84,106290.76,0.00007116,0.000000,0.084000,0
2026-08-11 13:05:00,64254.00,64274.50,64252.70,64274.50,107.614000,445,80.436000,27.178000,64260.86,106260.26,0.00007161,0.000000,0.018000,0
2026-08-11 13:06:00,64274.40,64274.50,64260.60,64268.70,103.592000,412,34.766000,68.826000,64267.08,106246.34,0.00007159,0.000000,0.000000,0
2026-08-11 13:07:00,64268.70,64291.40,64268.70,64291.30,62.771000,417,32.231000,30.540000,64282.81,106244.45,0.00007205,0.000000,0.000000,0
2026-08-11 13:08:00,64291.40,64314.00,64291.30,64313.90,44.908000,382,37.584000,7.324000,64304.23,106238.60,0.00007205,0.000000,0.000000,0
2026-08-11 13:09:00,64314.00,64342.00,64313.90,64342.00,46.847000,414,32.253000,14.594000,64327.16,106242.37,0.00007283,0.000000,0.000000,0
2026-08-11 13:10:00,64342.00,64345.90,64338.90,64338.90,27.720000,291,12.141000,15.579000,64342.57,106247.99,0.00007386,0.000000,0.000000,0
2026-08-11 13:11:00,64338.90,64345.80,64338.90,64345.70,34.319000,236,22.199000,12.120000,64340.30,106244.03,0.00007386,0.000000,0.000000,0
2026-08-11 13:12:00,64345.80,64345.80,64304.60,64305.20,60.262000,451,17.689000,42.573000,64323.66,106254.01,0.00007451,0.000000,0.000000,0
2026-08-11 13:13:00,64305.10,64305.20,64291.30,64291.30,53.301000,226,1.175000,52.126000,64302.46,106263.39,0.00007444,0.000000,0.000000,0
2026-08-11 13:14:00,64291.30,64291.30,64278.40,64278.40,28.743000,305,3.390000,25.353000,64283.40,106289.97,0.00007444,0.000000,0.000000,0
2026-08-11 13:15:00,64278.50,64296.40,64278.40,64296.30,33.027000,350,27.937000,5.090000,64286.07,106288.90,0.00007401,0.000000,0.000000,0
2026-08-11 13:16:00,64296.30,64296.40,64275.20,64275.30,35.273000,340,11.209000,24.064000,64282.71,106294.42,0.00007360,0.000000,0.000000,0
2026-08-11 13:17:00,64275.20,64305.70,64275.20,64298.90,47.805000,398,23.038000,24.767000,64294.84,106299.42,0.00007329,0.000000,0.000000,0
2026-08-11 13:18:00,64298.90,64298.90,64273.60,64273.60,57.940000,545,9.860000,48.080000,64285.19,106307.83,0.00007329,0.000000,0.000000,0
2026-08-11 13:19:00,64273.60,64273.70,64238.70,64238.80,130.530000,581,48.095000,82.435000,64248.56,106305.05,0.00007321,0.000000,0.643000,0
2026-08-11 13:20:00,64238.70,64247.50,64224.90,64242.00,112.788000,697,45.437000,67.351000,64233.81,106276.64,0.00007285,0.000000,0.000000,0
2026-08-11 13:21:00,64242.10,64242.10,64229.50,64232.40,31.226000,353,8.096000,23.130000,64234.23,106279.96,0.00007285,0.000000,0.000000,0
2026-08-11 13:22:00,64232.40,64246.20,64232.40,64244.10,76.820000,335,61.879000,14.941000,64239.26,106285.16,0.00007254,0.000000,0.000000,0
2026-08-11 13:23:00,64244.00,64244.10,64235.00,64235.00,24.717000,241,5.460000,19.257000,64237.46,106273.33,0.00007265,0.000000,0.000000,0
2026-08-11 13:24:00,64235.00,64235.00,64200.00,64202.60,165.952000,696,57.939000,108.013000,64210.52,106288.66,0.00007265,0.000000,0.185000,0
2026-08-11 13:25:00,64202.60,64208.40,64200.00,64206.10,141.784000,393,57.419000,84.365000,64202.32,106292.70,0.00007286,0.000000,0.000000,0
2026-08-11 13:26:00,64206.00,64206.10,64175.70,64180.20,236.169000,694,70.273000,165.896000,64188.00,106309.43,0.00007282,0.000000,0.316000,0
2026-08-11 13:27:00,64180.10,64180.10,64144.00,64154.90,288.164000,950,106.128000,182.036000,64153.95,106304.82,0.00007308,0.000000,0.236000,0
2026-08-11 13:28:00,64155.00,64156.70,64152.00,64152.00,67.983000,388,23.569000,44.414000,64155.10,106303.91,0.00007308,0.000000,0.000000,0
2026-08-11 13:29:00,64152.10,64153.00,64148.40,64152.90,56.225000,345,33.677000,22.548000,64151.10,106299.06,0.00007295,0.000000,0.000000,0
2026-08-11 13:30:00,64152.90,64179.20,64152.90,64179.20,61.011000,445,51.176000,9.835000,64165.40,106305.68,0.00007290,0.000000,0.001000,0
2026-08-11 13:31:00,64179.30,64217.20,64176.30,64189.00,197.458000,1164,136.553000,60.905000,64194.59,106305.55,0.00007290,0.000000,0.000000,0
2026-08-11 13:32:00,64188.90,64189.00,64104.10,64125.50,303.080000,1462,89.044000,214.036000,64130.12,106287.33,0.00007356,0.000000,4.133000,0
2026-08-11 13:33:00,64125.50,64186.00,64125.50,64174.20,119.602000,1040,79.024000,40.578000,64159.97,106231.13,0.00007348,0.000000,0.000000,0
2026-08-11 13:34:00,64174.20,64195.80,64147.50,64158.30,115.889000,961,59.234000,56.655000,64174.84,106212.01,0.00007348,0.000000,0.000000,0
2026-08-11 13:35:00,64158.30,64158.30,64085.50,64121.20,252.077000,1564,86.522000,165.555000,64107.37,106227.49,0.00007389,0.000000,4.909000,0
2026-08-11 13:36:00,64121.20,64121.20,64068.80,64078.90,207.854000,1280,111.866000,95.988000,64083.05,106216.38,0.00007362,0.015000,0.061000,0
2026-08-11 13:37:00,64079.00,64079.00,64032.10,64032.10,323.657000,1464,122.499000,201.158000,64054.38,106218.00,0.00007362,0.000000,0.483000,0
2026-08-11 13:38:00,64032.00,64134.10,64023.70,64119.00,290.550000,1971,192.797000,97.753000,64075.26,106203.54,0.00007370,0.000000,0.266000,0
2026-08-11 13:39:00,64118.90,64122.80,64074.60,64087.70,132.263000,1163,72.664000,59.599000,64094.93,106223.83,0.00007435,0.000000,0.000000,0
2026-08-11 13:40:00,64087.70,64092.90,64045.40,64092.90,155.809000,1124,88.856000,66.953000,64063.69,106256.79,0.00007506,0.000000,0.000000,0
2026-08-11 13:41:00,64092.80,64169.60,64092.80,64162.70,222.561000,1555,161.015000,61.546000,64132.37,106260.11,0.00007506,0.000000,0.000000,0
2026-08-11 13:42:00,64162.60,64164.20,64114.20,64151.10,165.068000,1349,103.400000,61.668000,64137.02,106244.65,0.00007530,0.000000,0.000000,0
2026-08-11 13:43:00,64151.10,64212.20,64151.10,64173.40,199.009000,1720,147.893000,51.116000,64181.69,106247.91,0.00007660,0.014000,0.000000,0
2026-08-11 13:44:00,64173.40,64194.40,64150.50,64152.10,139.219000,1102,59.079000,80.140000,64169.22,106234.84,0.00007660,0.379000,0.000000,0
2026-08-11 13:45:00,64152.00,64180.00,64145.00,64151.90,139.290000,897,54.435000,84.855000,64159.31,106212.89,0.00007740,0.000000,0.000000,0
2026-08-11 13:46:00,64151.80,64187.70,64117.60,64117.60,169.873000,1520,87.896000,81.977000,64161.65,106205.73,0.00007735,0.000000,0.000000,0
2026-08-11 13:47:00,64117.50,64158.10,64094.60,64151.40,189.192000,1971,76.431000,112.761000,64119.69,106281.90,0.00007735,0.000000,0.000000,0
2026-08-11 13:48:00,64151.50,64195.90,64137.00,64145.10,138.877000,1342,46.485000,92.392000,64173.15,106248.70,0.00007753,0.000000,0.000000,0
2026-08-11 13:49:00,64145.10,64145.20,64097.00,64129.50,118.589000,1427,50.361000,68.228000,64119.45,106256.97,0.00007867,0.000000,0.000000,0
2026-08-11 13:50:00,64129.60,64182.00,64115.70,64158.40,124.532000,1363,84.434000,40.098000,64146.20,106282.00,0.00007857,0.000000,0.000000,0
2026-08-11 13:51:00,64158.30,64162.80,64081.20,64081.30,91.194000,1452,35.938000,55.256000,64131.42,106263.38,0.00007857,0.000000,0.000000,0
2026-08-11 13:52:00,64081.30,64091.90,64033.90,64069.80,140.607000,1452,35.158000,105.449000,64060.40,106287.88,0.00007934,0.003000,0.000000,0
2026-08-11 13:53:00,64069.80,64076.00,64020.20,64069.80,206.662000,1836,61.367000,145.295000,64045.83,106306.76,0.00007907,0.000000,0.022000,0
2026-08-11 13:54:00,64069.90,64116.20,64051.50,64116.20,134.611000,1435,103.212000,31.399000,64083.56,106282.93,0.00007907,0.000000,0.000000,0
2026-08-11 13:55:00,64116.20,64116.20,64068.10,64079.90,84.073000,866,57.302000,26.771000,64084.41,106297.11,0.00007921,0.000000,0.000000,0
2026-08-11 13:56:00,64079.90,64105.00,64076.80,64100.20,34.987000,769,22.920000,12.067000,64093.72,106301.78,0.00007979,0.000000,0.000000,0
2026-08-11 13:57:00,64100.20,64151.60,64094.80,64149.40,73.462000,1053,53.685000,19.777000,64119.74,106311.73,0.00007997,0.000000,0.000000,0
2026-08-11 13:58:00,64149.40,64176.90,64149.10,64153.10,44.683000,697,25.575000,19.108000,64164.06,106308.43,0.00007997,0.000000,0.000000,0
2026-08-11 13:59:00,64153.00,64175.10,64138.60,64144.90,114.351000,820,58.405000,55.946000,64160.35,106284.15,0.00008103,0.000000,0.000000,0
2026-08-11 14:00:00,64144.90,64193.40,64144.80,64174.40,79.681000,815,37.387000,42.294000,64176.49,106293.47,0.00008196,0.000000,0.000000,0
2026-08-11 14:01:00,64174.30,64174.40,64129.20,64167.70,78.700000,1108,50.698000,28.002000,64142.27,106282.17,0.00008196,0.000000,0.000000,0
2026-08-11 14:02:00,64167.70,64198.00,64157.50,64169.70,103.345000,1052,67.885000,35.460000,64180.52,106279.22,0.00008314,0.000000,0.000000,0
2026-08-11 14:03:00,64169.70,64169.70,64121.60,64129.40,53.414000,860,16.317000,37.097000,64139.61,106274.37,0.00008382,0.000000,0.000000,0
2026-08-11 14:04:00,64129.30,64167.40,64129.30,64163.60,38.986000,695,23.343000,15.643000,64143.00,106278.38,0.00008382,0.000000,0.000000,0
2026-08-11 14:05:00,64163.60,64177.50,64148.10,64173.50,35.536000,720,22.675000,12.861000,64168.27,106276.59,0.00008319,0.000000,0.000000,0
2026-08-11 14:06:00,64173.50,64186.00,64167.20,64177.70,35.808000,726,12.564000,23.244000,64175.90,106276.13,0.00008279,0.000000,0.000000,0
2026-08-11 14:07:00,64177.60,64206.40,64177.60,64183.50,77.577000,689,59.680000,17.897000,64195.91,106279.00,0.00008293,0.000000,0.000000,0
2026-08-11 14:08:00,64183.50,64189.00,64093.80,64117.30,91.144000,1147,29.493000,61.651000,64127.90,106295.82,0.00008293,0.000000,0.002000,0
2026-08-11 14:09:00,64117.30,64189.60,64088.00,64186.50,80.856000,1055,48.847000,32.009000,64137.71,106307.79,0.00008289,0.000000,0.000000,0
2026-08-11 14:10:00,64186.60,64187.50,64145.30,64155.60,53.028000,977,20.570000,32.458000,64170.93,106303.32,0.00008182,0.000000,0.000000,0
2026-08-11 14:11:00,64155.50,64186.20,64150.40,64168.80,41.088000,727,26.186000,14.902000,64171.28,106307.35,0.00008182,0.000000,0.000000,0
2026-08-11 14:12:00,64168.80,64185.30,64162.10,64166.30,30.131000,489,17.640000,12.491000,64170.74,106318.11,0.00008199,0.000000,0.000000,0
2026-08-11 14:13:00,64166.30,64203.80,64152.90,64199.10,38.814000,685,21.320000,17.494000,64179.88,106324.74,0.00008248,0.000000,0.012000,0
2026-08-11 14:14:00,64199.10,64206.00,64181.20,64206.00,107.389000,509,87.715000,19.674000,64198.23,106344.51,0.00008248,0.000000,0.000000,0
2026-08-11 14:15:00,64206.00,64206.40,64190.60,64195.80,37.608000,423,14.714000,22.894000,64200.63,106366.66,0.00008298,0.000000,0.000000,0
2026-08-11 14:16:00,64195.70,64228.50,64194.70,64226.60,77.276000,807,55.701000,21.575000,64211.36,106371.63,0.00008376,0.000000,0.000000,0
2026-08-11 14:17:00,64226.60,64240.00,64198.00,64210.20,105.240000,1149,50.047000,55.193000,64223.10,106351.46,0.00008432,0.001000,0.000000,0
2026-08-11 14:18:00,64210.30,64216.60,64155.00,64155.00,34.240000,763,11.080000,23.160000,64190.23,106337.62,0.00008432,0.000000,0.000000,0
2026-08-11 14:19:00,64154.60,64171.50,64123.50,64171.50,77.265000,894,42.322000,34.943000,64142.47,106331.10,0.00008469,0.000000,0.000000,0
2026-08-11 14:20:00,64171.40,64171.50,64126.50,64126.60,69.194000,751,17.258000,51.936000,64149.85,106344.77,0.00008405,0.000000,0.000000,0
2026-08-11 14:21:00,64126.50,64140.80,64110.00,64133.20,50.563000,773,26.671000,23.892000,64121.13,106339.73,0.00008405,0.000000,0.000000,0
2026-08-11 14:22:00,64133.00,64133.00,64100.00,64100.10,47.101000,540,25.026000,22.075000,64110.52,106340.81,0.00008400,0.019000,0.000000,0
2026-08-11 14:23:00,64100.10,64100.20,64039.00,64039.00,224.089000,1358,95.382000,128.707000,64058.93,106296.76,0.00008391,0.000000,0.015000,0
2026-08-11 14:24:00,64038.90,64065.50,64027.30,64040.50,123.399000,1234,58.257000,65.142000,64044.62,106299.26,0.00008340,0.000000,0.001000,0
2026-08-11 14:25:00,64040.40,64060.00,63921.20,63924.50,606.584000,3110,143.713000,462.871000,63977.72,106209.18,0.00008340,0.000000,4.085000,0
2026-08-11 14:26:00,63924.60,63997.00,63888.80,63997.00,560.622000,2843,253.053000,307.569000,63923.77,106157.44,0.00008332,0.000000,0.216000,0
2026-08-11 14:27:00,63997.10,64019.90,63974.00,64004.90,202.491000,1528,111.742000,90.749000,64001.89,106183.87,0.00008252,0.000000,0.000000,0
2026-08-11 14:28:00,64004.80,64034.60,63960.60,63960.60,200.459000,1409,91.953000,108.506000,63992.47,106217.29,0.00008252,0.000000,0.000000,0
2026-08-11 14:29:00,63960.70,64028.60,63951.20,64028.50,128.947000,1198,91.575000,37.372000,63977.33,106227.20,0.00008367,0.000000,0.000000,0
2026-08-11 14:30:00,64028.50,64028.60,63993.10,63999.80,53.342000,584,20.873000,32.469000,64005.13,106228.96,0.00008340,0.000000,0.000000,0
2026-08-11 14:31:00,63999.80,63999.90,63932.00,63932.10,134.268000,1264,48.584000,85.684000,63958.78,106244.79,0.00008340,0.000000,0.000000,0
2026-08-11 14:32:00,63932.00,63955.20,63921.10,63936.90,231.318000,1379,143.334000,87.984000,63935.26,106235.71,0.00008345,0.024000,2.309000,0
2026-08-11 14:33:00,63936.90,63969.90,63936.90,63964.00,73.940000,745,49.856000,24.084000,63955.37,106232.80,0.00008262,0.000000,0.000000,0
2026-08-11 14:34:00,63964.00,63993.90,63950.00,63993.90,69.363000,684,49.536000,19.827000,63967.31,106227.03,0.00008267,0.000000,0.000000,0
2026-08-11 14:35:00,63993.90,64002.30,63974.40,64002.30,104.708000,667,70.972000,33.736000,63990.64,106231.75,0.00008267,0.000000,0.000000,0
2026-08-11 14:36:00,64002.40,64041.20,64002.40,64031.20,97.927000,881,70.498000,27.429000,64023.93,106243.97,0.00008325,0.000000,0.000000,0
2026-08-11 14:37:00,64031.10,64035.40,63984.10,63988.10,46.490000,676,18.399000,28.091000,64011.05,106244.86,0.00008417,0.000000,0.000000,0
2026-08-11 14:38:00,63988.20,63988.20,63946.10,63946.10,39.214000,560,8.812000,30.402000,63965.15,106251.57,0.00008417,0.000000,0.000000,0
2026-08-11 14:39:00,63946.20,63946.20,63880.40,63910.90,335.147000,1785,106.670000,228.477000,63897.77,106311.07,0.00008395,0.000000,0.305000,0
2026-08-11 14:40:00,63911.00,63927.50,63907.70,63917.60,80.747000,688,43.332000,37.415000,63916.75,106306.34,0.00008318,0.000000,0.000000,0
2026-08-11 14:41:00,63917.70,63924.00,63866.60,63912.00,166.455000,1295,78.705000,87.750000,63898.42,106323.38,0.00008318,0.000000,0.005000,0
2026-08-11 14:42:00,63912.10,63930.10,63910.10,63926.30,113.229000,539,69.608000,43.621000,63921.60,106327.87,0.00008328,0.000000,0.080000,0
2026-08-11 14:43:00,63926.30,63950.00,63915.50,63950.00,82.384000,776,55.094000,27.290000,63933.85,106331.97,0.00008355,0.000000,0.000000,0
2026-08-11 14:44:00,63950.00,63954.80,63932.40,63932.50,48.479000,600,25.942000,22.537000,63947.42,106336.87,0.00008405,0.000000,0.000000,0
2026-08-11 14:45:00,63932.40,63933.10,63918.20,63928.90,42.558000,419,15.575000,26.983000,63925.01,106335.88,0.00008405,0.000000,0.000000,0
2026-08-11 14:46:00,63929.00,63962.20,63929.00,63962.20,57.971000,575,47.449000,10.522000,63953.16,106332.56,0.00008436,0.000000,0.000000,0
2026-08-11 14:47:00,63962.20,63984.60,63962.20,63965.00,158.720000,582,118.220000,40.500000,63976.01,106362.93,0.00008479,0.000000,0.000000,0
2026-08-11 14:48:00,63965.00,63965.00,63930.00,63956.50,82.188000,659,40.075000,42.113000,63946.76,106362.93,0.00008479,0.000000,0.000000,0
2026-08-11 14:49:00,63956.60,63960.10,63927.50,63928.80,69.328000,553,25.997000,43.331000,63943.39,106365.37,0.00008526,0.000000,0.070000,0
2026-08-11 14:50:00,63928.70,63928.70,63912.10,63916.00,71.220000,530,32.481000,38.739000,63918.54,106356.04,0.00008519,0.000000,0.115000,0
2026-08-11 14:51:00,63916.00,63916.00,63827.30,63841.00,479.983000,2056,145.410000,334.573000,63850.52,106361.27,0.00008519,0.000000,5.571000,0
2026-08-11 14:52:00,63841.00,63858.30,63812.30,63831.50,324.872000,1621,132.780000,192.092000,63830.00,106378.50,0.00008454,0.000000,0.574000,0
2026-08-11 14:53:00,63831.40,63831.40,63746.00,63746.00,478.491000,1377,43.553000,434.938000,63783.89,106412.12,0.00008363,0.000000,0.003000,0
2026-08-11 14:54:00,63776.00,63776.00,63752.40,63769.90,132.537000,877,62.489000,70.048000,63765.57,106180.79,0.00008331,0.000000,0.000000,0
2026-08-11 14:55:00,63770.00,63770.00,63727.00,63739.20,234.184000,1562,105.468000,128.716000,63740.01,106239.54,0.00008331,0.000000,0.000000,0
2026-08-11 14:56:00,63739.00,63744.40,63710.60,63714.60,230.555000,1426,111.242000,119.313000,63725.00,106266.71,0.00008280,0.000000,0.366000,0
2026-08-11 14:57:00,63714.60,63770.00,63709.40,63747.00,283.768000,1569,153.057000,130.711000,63744.65,106284.01,0.00008221,0.000000,0.021000,0
2026-08-11 14:58:00,63747.10,63747.10,63685.70,63697.70,375.732000,1619,93.117000,282.615000,63706.24,106364.85,0.00008221,0.000000,5.827000,0
2026-08-11 14:59:00,63697.60,63713.80,63683.60,63713.80,287.836000,1211,168.047000,119.789000,63698.81,106387.40,0.00008255,0.000000,1.267000,0
2026-08-11 15:00:00,63713.70,63760.40,63713.70,63747.00,142.367000,1043,95.084000,47.283000,63744.24,106442.25,0.00008223,0.000000,0.000000,0
2026-08-11 15:01:00,63747.00,63772.60,63728.20,63757.00,219.286000,1528,129.309000,89.977000,63753.86,106470.04,0.00008223,0.000000,0.000000,0
2026-08-11 15:02:00,63756.90,63772.60,63741.80,63772.60,155.139000,1112,89.738000,65.401000,63757.94,106482.44,0.00008309,0.000000,0.000000,0
2026-08-11 15:03:00,63772.60,63819.50,63760.40,63819.50,321.749000,1538,239.247000,82.502000,63788.54,106500.42,0.00008341,0.000000,0.000000,0
2026-08-11 15:04:00,63819.50,63826.40,63798.90,63826.30,343.552000,1165,69.112000,274.440000,63812.50,106460.05,0.00008341,0.000000,0.000000,0
2026-08-11 15:05:00,63826.40,63838.60,63800.00,63800.00,249.892000,1217,200.778000,49.114000,63821.73,106414.62,0.00008417,0.003000,0.000000,0
2026-08-11 15:06:00,63800.00,63823.00,63800.00,63812.70,120.440000,773,83.391000,37.049000,63814.35,106441.16,0.00008463,0.000000,0.000000,0
2026-08-11 15:07:00,63812.60,63822.20,63777.00,63788.90,168.062000,972,67.807000,100.255000,63802.77,106464.36,0.00008450,0.000000,0.000000,0
2026-08-11 15:08:00,63789.00,63841.50,63789.00,63820.30,128.936000,965,98.135000,30.801000,63822.10,106493.96,0.00008450,0.000000,0.000000,0
2026-08-11 15:09:00,63820.20,63820.30,63788.90,63804.40,82.341000,739,48.805000,33.536000,63804.53,106520.33,0.00008430,0.000000,0.000000,0
2026-08-11 15:10:00,63804.40,63804.40,63771.70,63787.30,75.589000,665,31.220000,44.369000,63785.54,106539.82,0.00008404,0.000000,0.000000,0
2026-08-11 15:11:00,63787.20,63793.80,63751.10,63751.10,165.708000,974,53.484000,112.224000,63776.87,106545.58,0.00008404,0.000000,0.000000,0
2026-08-11 15:12:00,63751.20,63755.10,63700.20,63704.30,220.903000,976,48.247000,172.656000,63729.27,106615.23,0.00008332,0.000000,0.000000,0
2026-08-11 15:13:00,63704.20,63759.60,63693.90,63753.60,273.797000,1067,167.178000,106.619000,63730.01,106512.87,0.00008281,0.000000,0.000000,0
2026-08-11 15:14:00,63753.60,63780.80,63746.30,63756.00,73.953000,719,53.354000,20.599000,63762.85,106519.77,0.00008281,0.000000,0.000000,0
2026-08-11 15:15:00,63756.10,63779.70,63744.30,63752.60,74.670000,842,57.967000,16.703000,63759.98,106532.14,0.00008268,0.000000,0.000000,0
2026-08-11 15:16:00,63752.60,63752.60,63723.10,63745.00,101.919000,973,48.634000,53.285000,63737.90,106545.99,0.00008257,0.000000,0.000000,0
2026-08-11 15:17:00,63744.90,63756.00,63715.80,63715.80,85.231000,736,44.582000,40.649000,63744.50,106556.30,0.00008229,0.000000,0.000000,0
2026-08-11 15:18:00,63715.80,63747.20,63701.00,63703.10,136.071000,1031,29.081000,106.990000,63715.47,106588.98,0.00008229,0.000000,0.000000,0
2026-08-11 15:19:00,63703.20,63728.60,63680.00,63680.10,244.440000,1242,115.458000,128.982000,63700.10,106554.51,0.00008216,0.000000,3.551000,0
2026-08-11 15:20:00,63680.00,63761.50,63678.40,63750.20,131.453000,1263,76.235000,55.218000,63722.15,106599.34,0.00008151,0.033000,0.006000,0
2026-08-11 15:21:00,63750.20,63754.20,63700.60,63751.10,153.199000,1144,109.832000,43.367000,63724.35,106613.62,0.00008151,0.000000,0.000000,0
2026-08-11 15:22:00,63751.10,63800.00,63734.60,63800.00,105.460000,950,82.197000,23.263000,63763.23,106604.35,0.00008164,0.000000,0.000000,0
2026-08-11 15:23:00,63799.90,63817.10,63786.10,63800.10,93.098000,961,55.047000,38.051000,63802.02,106596.29,0.00008168,0.000000,0.000000,0
2026-08-11 15:24:00,63800.10,63812.30,63767.30,63767.40,93.859000,918,51.011000,42.848000,63788.02,106599.99,0.00008288,0.000000,0.000000,0
2026-08-11 15:25:00,63767.40,63775.70,63760.00,63775.70,87.499000,522,71.917000,15.582000,63761.87,106598.25,0.00008288,0.000000,0.000000,0
2026-08-11 15:26:00,63775.90,63808.70,63775.90,63803.60,89.519000,836,67.789000,21.730000,63791.03,106570.57,0.00008298,0.000000,0.000000,0
2026-08-11 15:27:00,63803.60,63820.00,63790.00,63819.50,101.586000,878,42.007000,59.579000,63805.28,106564.48,0.00008347,0.021000,0.000000,0
2026-08-11 15:28:00,63819.60,63840.00,63787.50,63830.60,158.570000,1133,94.172000,64.398000,63821.29,106535.77,0.00008347,0.056000,0.000000,0
2026-08-11 15:29:00,63830.50,63842.60,63812.60,63841.10,82.341000,759,49.552000,32.789000,63833.28,106542.91,0.00008437,0.000000,0.000000,0
2026-08-11 15:30:00,63841.10,63845.70,63833.60,63836.40,70.310000,500,40.544000,29.766000,63840.68,106547.88,0.00008480,0.000000,0.000000,0
2026-08-11 15:31:00,63836.30,63836.40,63800.00,63803.90,83.625000,777,28.887000,54.738000,63818.37,106546.93,0.00008480,0.000000,0.097000,0
2026-08-11 15:32:00,63803.90,63804.00,63788.80,63797.90,65.010000,520,37.526000,27.484000,63797.14,106549.00,0.00008529,0.000000,0.155000,0
2026-08-11 15:33:00,63797.80,63797.90,63787.50,63790.60,46.038000,400,23.062000,22.976000,63792.51,106559.89,0.00008475,0.000000,0.000000,0
2026-08-11 15:34:00,63790.60,63790.70,63765.40,63773.90,75.501000,881,26.977000,48.524000,63773.85,106556.97,0.00008402,0.000000,0.000000,0
2026-08-11 15:35:00,63773.80,63773.90,63688.40,63688.40,214.861000,1495,40.800000,174.061000,63728.98,106600.63,0.00008402,0.000000,0.003000,0
2026-08-11 15:36:00,63688.50,63700.00,63659.10,63671.30,388.035000,1268,103.020000,285.015000,63677.43,106611.10,0.00008292,0.000000,9.385000,0
2026-08-11 15:37:00,63671.20,63671.30,63602.60,63631.20,695.937000,3092,246.767000,449.170000,63634.33,106545.16,0.00008198,0.000000,23.788000,0
2026-08-11 15:38:00,63630.10,63630.10,63512.00,63543.10,1538.692000,6049,555.223000,983.469000,63567.60,106556.40,0.00008198,0.000000,12.015000,0
2026-08-11 15:39:00,63543.00,63549.90,63472.20,63501.00,1345.857000,5407,445.980000,899.877000,63500.22,106620.09,0.00008135,0.000000,14.859000,0
2026-08-11 15:40:00,63501.10,63514.80,63477.90,63502.50,280.262000,1264,131.856000,148.406000,63493.51,106669.29,0.00008025,0.000000,1.914000,0
2026-08-11 15:41:00,63502.40,63523.10,63495.00,63495.10,254.291000,1057,140.252000,114.039000,63508.55,106663.08,0.00007994,0.000000,0.000000,0
2026-08-11 15:42:00,63495.10,63495.10,63431.10,63441.90,692.658000,2288,213.682000,478.976000,63454.29,106683.71,0.00007994,0.153000,25.067000,0
2026-08-11 15:43:00,63442.00,63472.90,63420.00,63472.70,542.185000,2033,349.004000,193.181000,63447.39,106598.72,0.00008006,0.000000,5.917000,0
2026-08-11 15:44:00,63472.80,63513.20,63459.90,63511.10,425.634000,1229,331.944000,93.690000,63498.44,106647.44,0.00007940,0.000000,0.000000,0
2026-08-11 15:45:00,63511.10,63539.20,63500.20,63536.10,315.686000,1150,184.232000,131.454000,63517.67,106656.11,0.00007940,0.000000,0.000000,0
2026-08-11 15:46:00,63536.20,63543.00,63513.80,63537.30,230.619000,1068,109.568000,121.051000,63528.44,106693.45,0.00007982,0.000000,0.000000,0
2026-08-11 15:47:00,63537.30,63581.70,63537.20,63569.60,175.504000,948,119.663000,55.841000,63565.06,106708.54,0.00008045,0.003000,0.000000,0
2026-08-11 15:48:00,63569.50,63608.80,63550.00,63550.40,227.374000,1232,149.983000,77.391000,63587.03,106698.30,0.00008045,0.004000,0.000000,0
2026-08-11 15:49:00,63550.40,63556.10,63525.50,63528.30,132.709000,1019,61.290000,71.419000,63543.35,106699.11,0.00008117,0.000000,0.000000,0
2026-08-11 15:50:00,63528.40,63534.40,63500.00,63518.50,141.398000,1184,60.578000,80.820000,63516.32,106696.89,0.00008116,0.000000,0.000000,0
2026-08-11 15:51:00,63518.50,63554.60,63507.10,63554.60,94.719000,868,72.795000,21.924000,63529.56,106728.38,0.00008057,0.000000,0.000000,0
2026-08-11 15:52:00,63554.60,63554.60,63477.00,63479.50,108.901000,981,48.202000,60.699000,63498.23,106719.28,0.00008057,0.000000,0.000000,0
2026-08-11 15:53:00,63479.60,63506.80,63479.50,63491.20,125.123000,787,87.394000,37.729000,63497.23,106749.63,0.00008088,0.000000,0.000000,0
2026-08-11 15:54:00,63491.30,63491.30,63473.00,63473.10,50.948000,483,21.419000,29.529000,63480.43,106756.38,0.00008074,0.000000,0.000000,0
2026-08-11 15:55:00,63473.20,63487.70,63456.80,63456.90,159.726000,778,118.421000,41.305000,63472.61,106745.21,0.00008074,0.000000,0.000000,0
2026-08-11 15:56:00,63456.80,63499.20,63446.80,63494.00,126.547000,1139,71.199000,55.348000,63474.06,106751.31,0.00008040,0.000000,0.077000,0
2026-08-11 15:57:00,63494.00,63527.10,63493.90,63527.00,106.365000,624,79.679000,26.686000,63516.71,106753.28,0.00008027,0.000000,0.000000,0
2026-08-11 15:58:00,63527.10,63530.10,63522.30,63525.40,51.722000,379,28.033000,23.689000,63527.68,106777.70,0.00008089,0.000000,0.000000,0
2026-08-11 15:59:00,63525.50,63598.70,63514.20,63593.80,189.904000,1139,113.440000,76.464000,63558.73,106805.63,0.00008089,0.000000,0.000000,0
2026-08-11 16:00:00,63593.90,63597.80,63581.10,63585.40,169.161000,897,89.284000,79.877000,63590.79,106791.33,0.00008140,0.000000,0.000000,0
2026-08-11 16:01:00,63585.40,63585.40,63508.30,63543.80,535.945000,2299,170.759000,365.186000,63537.80,106904.42,0.00008282,0.000000,0.000000,0
2026-08-11 16:02:00,63543.90,63569.80,63543.80,63548.80,145.162000,924,70.984000,74.178000,63557.82,106868.82,0.00008282,0.000000,0.000000,0
2026-08-11 16:03:00,63548.90,63592.20,63539.70,63592.20,104.684000,840,73.138000,31.546000,63558.56,106852.77,0.00008292,0.000000,0.000000,0
2026-08-11 16:04:00,63592.10,63597.50,63576.40,63582.20,93.383000,879,54.389000,38.994000,63589.51,106836.06,0.00008344,0.000000,0.000000,0
2026-08-11 16:05:00,63582.30,63619.20,63577.90,63578.00,176.794000,1012,115.121000,61.673000,63601.74,106827.27,0.00008344,0.000000,0.000000,0
2026-08-11 16:06:00,63577.90,63619.20,63577.90,63614.30,160.585000,1123,129.286000,31.299000,63604.09,106820.58,0.00008395,0.000000,0.000000,0
2026-08-11 16:07:00,63614.30,63625.50,63580.00,63580.00,144.177000,1016,78.372000,65.805000,63613.16,106851.34,0.00008471,0.000000,0.000000,0
2026-08-11 16:08:00,63580.10,63580.10,63540.10,63540.10,58.451000,601,15.955000,42.496000,63555.82,106882.77,0.00008513,0.000000,0.000000,0
2026-08-11 16:09:00,63540.10,63571.80,63540.00,63571.80,75.761000,496,44.360000,31.401000,63556.32,106899.76,0.00008513,0.000000,0.000000,0
2026-08-11 16:10:00,63571.80,63607.60,63571.70,63607.60,77.075000,621,40.862000,36.213000,63582.80,106911.74,0.00008431,0.000000,0.000000,0
2026-08-11 16:11:00,63607.60,63633.90,63598.10,63633.90,136.477000,871,89.217000,47.260000,63613.39,106914.97,0.00008445,0.000000,0.000000,0
2026-08-11 16:12:00,63634.00,63637.50,63589.80,63589.80,110.039000,771,41.223000,68.816000,63606.49,106923.04,0.00008445,0.000000,0.000000,0
2026-08-11 16:13:00,63589.80,63597.10,63578.40,63578.40,59.357000,455,39.402000,19.955000,63590.25,106949.97,0.00008492,0.000000,0.000000,0
2026-08-11 16:14:00,63578.50,63578.50,63555.30,63555.30,66.175000,517,21.039000,45.136000,63567.58,106952.09,0.00008444,0.000000,0.000000,0
2026-08-11 16:15:00,63555.30,63582.20,63555.30,63582.20,56.514000,544,44.034000,12.480000,63563.27,106940.70,0.00008444,0.000000,0.000000,0
2026-08-11 16:16:00,63582.20,63592.90,63550.00,63569.00,92.103000,1003,56.913000,35.190000,63565.05,106936.65,0.00008355,0.000000,0.000000,0
2026-08-11 16:17:00,63569.10,63594.60,63550.00,63583.70,89.293000,872,64.453000,24.840000,63579.57,106930.03,0.00008325,0.000000,0.000000,0
2026-08-11 16:18:00,63583.70,63595.00,63565.20,63594.90,55.559000,719,34.474000,21.085000,63574.47,106917.76,0.00008336,0.000000,0.000000,0
2026-08-11 16:19:00,63595.00,63627.20,63594.90,63626.30,73.603000,623,47.513000,26.090000,63617.29,106920.58,0.00008336,0.031000,0.000000,0
2026-08-11 16:20:00,63626.30,63629.40,63606.70,63606.80,86.564000,522,49.346000,37.218000,63618.42,106945.42,0.00008405,0.000000,0.000000,0
2026-08-11 16:21:00,63606.80,63628.90,63606.80,63610.10,45.479000,652,25.028000,20.451000,63618.58,106956.56,0.00008528,0.000000,0.000000,0
2026-08-11 16:22:00,63610.00,63622.60,63606.70,63622.00,67.308000,392,33.965000,33.343000,63615.79,106954.30,0.00008528,0.000000,0.000000,0
2026-08-11 16:23:00,63622.00,63623.10,63600.00,63614.70,41.617000,462,18.681000,22.936000,63609.55,106968.59,0.00008596,0.000000,0.000000,0
2026-08-11 16:24:00,63614.60,63618.60,63587.10,63587.20,61.497000,447,15.943000,45.554000,63600.74,106965.10,0.00008659,0.000000,0.000000,0
2026-08-11 16:25:00,63587.20,63612.50,63587.10,63612.40,21.710000,431,13.971000,7.739000,63600.81,106954.76,0.00008659,0.000000,0.000000,0
2026-08-11 16:26:00,63612.50,63623.70,63600.00,63607.80,96.081000,635,57.030000,39.051000,63612.14,106956.36,0.00008681,0.000000,0.000000,0
2026-08-11 16:27:00,63607.70,63607.80,63582.90,63590.00,48.638000,382,19.812000,28.826000,63592.01,106975.66,0.00008724,0.000000,0.000000,0
2026-08-11 16:28:00,63589.90,63590.10,63568.10,63580.50,76.732000,431,19.211000,57.521000,63577.77,106991.44,0.00008699,0.000000,0.000000,0
2026-08-11 16:29:00,63580.50,63584.60,63560.40,63560.40,90.831000,604,27.244000,63.587000,63575.41,107013.74,0.00008699,0.000000,0.000000,0
2026-08-11 16:30:00,63560.50,63571.90,63560.50,63568.90,60.774000,380,23.749000,37.025000,63567.61,107020.55,0.00008687,0.000000,0.000000,0
2026-08-11 16:31:00,63569.00,63578.30,63547.40,63578.30,71.866000,664,29.943000,41.923000,63556.96,107018.43,0.00008668,0.000000,0.000000,0
2026-08-11 16:32:00,63578.30,63596.00,63567.30,63567.40,40.754000,515,21.683000,19.071000,63586.51,107008.65,0.00008668,0.000000,0.000000,0
2026-08-11 16:33:00,63567.40,63571.40,63534.60,63534.70,55.656000,617,18.076000,37.580000,63554.94,107001.30,0.00008646,0.000000,0.000000,0
2026-08-11 16:34:00,63534.70,63540.40,63530.00,63530.00,30.139000,357,9.775000,20.364000,63534.42,107010.36,0.00008639,0.000000,0.000000,0
2026-08-11 16:35:00,63530.00,63530.10,63510.00,63522.40,71.724000,583,26.214000,45.510000,63519.89,107012.26,0.00008639,0.000000,0.000000,0
2026-08-11 16:36:00,63522.40,63524.40,63498.20,63498.30,147.036000,768,29.394000,117.642000,63507.20,107018.37,0.00008595,0.000000,0.000000,0
2026-08-11 16:37:00,63498.20,63523.50,63476.00,63500.30,200.522000,1057,113.457000,87.065000,63497.77,107066.64,0.00008603,0.000000,0.000000,0
2026-08-11 16:38:00,63500.40,63541.90,63500.30,63539.00,58.283000,543,50.249000,8.034000,63529.52,107083.33,0.00008586,0.000000,0.000000,0
2026-08-11 16:39:00,63539.00,63562.40,63538.90,63544.20,43.893000,484,35.509000,8.384000,63548.92,107098.17,0.00008586,0.000000,0.000000,0
2026-08-11 16:40:00,63544.30,63544.80,63515.00,63515.00,38.586000,490,18.790000,19.796000,63533.82,107096.99,0.00008658,0.000000,0.000000,0
2026-08-11 16:41:00,63515.10,63515.10,63502.80,63508.30,53.279000,384,32.785000,20.494000,63507.03,107114.38,0.00008697,0.000000,0.000000,0
2026-08-11 16:42:00,63508.30,63526.20,63508.30,63521.20,32.241000,425,22.513000,9.728000,63517.10,107110.71,0.00008697,0.000000,0.000000,0
2026-08-11 16:43:00,63521.20,63521.20,63495.80,63495.90,48.877000,377,11.583000,37.294000,63508.45,107114.20,0.00008709,0.000000,0.000000,0
2026-08-11 16:44:00,63495.90,63495.90,63490.60,63490.70,43.199000,234,16.687000,26.512000,63493.30,107113.34,0.00008732,0.000000,0.015000,0
2026-08-11 16:45:00,63490.70,63490.80,63457.70,63470.20,153.741000,603,27.142000,126.599000,63473.21,107127.43,0.00008732,0.380000,0.001000,0
2026-08-11 16:46:00,63470.30,63494.30,63456.60,63457.10,103.107000,692,50.588000,52.519000,63484.02,107176.90,0.00008715,0.000000,0.000000,0
2026-08-11 16:47:00,63457.00,63467.20,63437.20,63437.20,142.913000,781,48.938000,93.975000,63453.83,107170.72,0.00008715,0.000000,0.024000,0
2026-08-11 16:48:00,63437.30,63478.30,63436.50,63475.30,111.012000,761,70.975000,40.037000,63458.37,107195.51,0.00008735,0.000000,0.921000,0
2026-08-11 16:49:00,63475.20,63504.10,63475.20,63504.00,71.917000,537,56.721000,15.196000,63496.36,107208.95,0.00008735,0.000000,0.000000,0
2026-08-11 16:50:00,63504.00,63506.90,63504.00,63506.80,31.952000,242,24.469000,7.483000,63505.69,107215.01,0.00008803,0.000000,0.000000,0
2026-08-11 16:51:00,63506.90,63524.90,63506.80,63521.00,109.071000,528,83.051000,26.020000,63515.38,107236.50,0.00008899,0.000000,0.000000,0
2026-08-11 16:52:00,63521.00,63524.90,63512.80,63524.80,75.883000,360,56.592000,19.291000,63520.22,107255.50,0.00008899,0.000000,0.000000,0
2026-08-11 16:53:00,63524.90,63524.90,63477.00,63477.00,89.071000,626,11.708000,77.363000,63497.82,107264.18,0.00008976,0.000000,0.000000,0
2026-08-11 16:54:00,63477.00,63487.20,63476.90,63484.80,33.591000,267,23.091000,10.500000,63482.48,107270.71,0.00009049,0.000000,0.000000,0
2026-08-11 16:55:00,63484.90,63497.00,63484.80,63491.50,41.509000,327,26.740000,14.769000,63490.33,107271.46,0.00009043,0.000000,0.000000,0
2026-08-11 16:56:00,63491.60,63493.30,63491.50,63493.30,12.185000,139,10.169000,2.016000,63492.11,107282.90,0.00009043,0.000000,0.000000,0
2026-08-11 16:57:00,63493.20,63493.30,63493.20,63493.30,7.449000,145,4.884000,2.565000,63493.27,107282.34,0.00009083,0.000000,0.000000,0
2026-08-11 16:58:00,63493.30,63497.70,63493.20,63495.40,24.539000,202,17.280000,7.259000,63495.01,107286.50,0.00009130,0.000000,0.000000,0
2026-08-11 16:59:00,63495.50,63504.60,63490.00,63490.10,51.728000,346,32.155000,19.573000,63498.16,107282.72,0.00009130,0.000000,0.000000,0
2026-08-11 17:00:00,63490.10,63490.10,63488.40,63488.60,30.263000,173,20.527000,9.736000,63488.68,107280.60,0.00009199,0.000000,0.000000,0
2026-08-11 17:01:00,63488.50,63517.10,63485.00,63517.10,78.029000,527,51.218000,26.811000,63503.02,107279.56,0.00009233,0.000000,0.000000,0
2026-08-11 17:02:00,63517.00,63517.10,63495.20,63500.10,76.199000,480,49.266000,26.933000,63503.44,107279.42,0.00009233,0.000000,0.000000,0
2026-08-11 17:03:00,63500.10,63500.10,63488.00,63491.50,55.029000,386,19.211000,35.818000,63494.52,107318.27,0.00009316,0.000000,0.000000,0
2026-08-11 17:04:00,63491.60,63501.30,63491.50,63496.80,40.963000,314,25.574000,15.389000,63496.36,107330.18,0.00009367,0.000000,0.000000,0
2026-08-11 17:05:00,63496.90,63498.00,63472.20,63476.50,75.053000,456,23.423000,51.630000,63486.10,107333.51,0.00009416,0.000000,0.000000,0
2026-08-11 17:06:00,63476.50,63484.50,63462.50,63464.50,101.054000,680,48.348000,52.706000,63473.27,107352.13,0.00009416,0.000000,0.000000,0
2026-08-11 17:07:00,63464.50,63476.50,63460.00,63476.50,49.424000,407,26.400000,23.024000,63466.74,107361.96,0.00009421,0.000000,0.000000,0
2026-08-11 17:08:00,63476.40,63476.50,63460.80,63469.70,31.313000,332,12.969000,18.344000,63471.07,107363.96,0.00009451,0.000000,0.000000,0
2026-08-11 17:09:00,63469.70,63475.00,63456.00,63456.00,52.535000,341,22.510000,30.025000,63468.49,107375.84,0.00009451,0.000000,0.000000,0
2026-08-11 17:10:00,63456.00,63456.10,63450.00,63451.60,71.776000,301,23.513000,48.263000,63451.07,107392.73,0.00009507,0.000000,0.000000,0
2026-08-11 17:11:00,63451.50,63457.60,63432.30,63454.90,166.052000,601,40.741000,125.311000,63445.18,107449.14,0.00009520,0.000000,0.032000,0
2026-08-11 17:12:00,63454.80,63486.40,63454.80,63486.40,42.155000,433,35.120000,7.035000,63473.49,107454.69,0.00009520,0.000000,0.000000,0
2026-08-11 17:13:00,63486.40,63519.60,63486.30,63519.60,73.960000,542,53.639000,20.321000,63496.46,107463.36,0.00009558,0.000000,0.000000,0
2026-08-11 17:14:00,63519.60,63519.60,63487.90,63493.60,45.101000,486,18.054000,27.047000,63502.66,107475.90,0.00009684,0.000000,0.000000,0
2026-08-11 17:15:00,63493.60,63511.50,63484.00,63484.00,52.171000,513,24.252000,27.919000,63498.97,107478.12,0.00009684,0.033000,0.000000,0
2026-08-11 17:16:00,63484.10,63487.20,63482.00,63482.00,25.608000,205,12.644000,12.964000,63484.69,107481.34,0.00009732,0.000000,0.000000,0
2026-08-11 17:17:00,63482.10,63485.60,63466.20,63478.40,54.353000,481,37.620000,16.733000,63476.00,107478.22,0.00009744,0.000000,0.000000,0
2026-08-11 17:18:00,63478.30,63522.10,63478.30,63518.50,62.114000,592,43.802000,18.312000,63503.94,107479.79,0.00009715,0.000000,0.000000,0
2026-08-11 17:19:00,63518.50,63521.80,63500.00,63500.10,27.868000,372,14.839000,13.029000,63507.93,107478.63,0.00009715,0.000000,0.000000,0
2026-08-11 17:20:00,63500.10,63513.10,63500.00,63500.10,44.490000,430,26.438000,18.052000,63507.46,107485.44,0.00009772,0.000000,0.000000,0
2026-08-11 17:21:00,63500.00,63500.00,63489.10,63493.20,35.918000,246,7.646000,28.272000,63495.89,107506.31,0.00009781,0.000000,0.000000,0
2026-08-11 17:22:00,63493.20,63505.10,63482.10,63505.10,33.386000,367,21.686000,11.700000,63491.87,107513.52,0.00009781,0.000000,0.000000,0
2026-08-11 17:23:00,63505.10,63505.10,63501.40,63501.50,9.134000,144,4.783000,4.351000,63502.54,107508.03,0.00009778,0.000000,0.000000,0
2026-08-11 17:24:00,63501.50,63530.30,63501.40,63530.30,43.558000,349,40.624000,2.934000,63514.25,107511.17,0.00009804,0.000000,0.000000,0
2026-08-11 17:25:00,63530.30,63542.30,63520.30,63542.30,73.758000,466,45.071000,28.687000,63530.13,107507.03,0.00009804,0.000000,0.000000,0
2026-08-11 17:26:00,63542.30,63576.30,63542.20,63566.00,96.697000,579,56.861000,39.836000,63564.32,107489.82,0.00009865,0.000000,0.000000,0
2026-08-11 17:27:00,63565.90,63565.90,63541.00,63561.00,52.876000,558,37.849000,15.027000,63549.63,107477.89,0.00009947,0.000000,0.000000,0
2026-08-11 17:28:00,63561.10,63561.10,63516.00,63520.10,43.485000,574,18.824000,24.661000,63540.29,107478.15,0.00009996,0.000000,0.000000,0
2026-08-11 17:29:00,63520.10,63528.20,63511.30,63528.20,51.592000,361,28.474000,23.118000,63516.02,107495.52,0.00009996,0.000000,0.000000,0
2026-08-11 17:30:00,63528.10,63557.20,63528.10,63548.90,51.000000,512,32.502000,18.498000,63548.09,107488.50,0.00009982,0.000000,0.000000,0
2026-08-11 17:31:00,63548.80,63572.00,63540.00,63540.10,69.647000,692,32.928000,36.719000,63560.06,107486.87,0.00010000,0.000000,0.000000,0
2026-08-11 17:32:00,63540.10,63544.80,63531.10,63531.20,39.715000,276,31.241000,8.474000,63535.90,107503.30,0.00010000,0.000000,0.000000,0
2026-08-11 17:33:00,63531.20,63535.40,63531.10,63531.70,41.416000,168,11.415000,30.001000,63534.35,107503.59,0.00010000,0.000000,0.000000,0
2026-08-11 17:34:00,63531.70,63563.40,63531.60,63553.40,69.147000,445,43.795000,25.352000,63549.62,107497.23,0.00010000,0.000000,0.001000,0
2026-08-11 17:35:00,63553.40,63553.90,63516.00,63523.60,25.603000,456,8.897000,16.706000,63532.88,107494.88,0.00010000,0.000000,0.000000,0
2026-08-11 17:36:00,63523.60,63544.90,63523.60,63537.10,27.889000,315,20.191000,7.698000,63538.25,107495.60,0.00010000,0.000000,0.000000,0
2026-08-11 17:37:00,63537.10,63537.20,63527.80,63527.90,17.632000,238,10.935000,6.697000,63534.71,107491.83,0.00010000,0.000000,0.000000,0
2026-08-11 17:38:00,63527.90,63528.80,63518.90,63519.00,26.745000,250,17.584000,9.161000,63526.25,107492.83,0.00010000,0.000000,0.000000,0
2026-08-11 17:39:00,63519.00,63519.00,63500.80,63500.80,29.054000,358,7.936000,21.118000,63512.29,107493.77,0.00010000,0.000000,0.000000,0
2026-08-11 17:40:00,63500.90,63515.40,63500.80,63510.20,38.922000,271,28.947000,9.975000,63510.08,107493.41,0.00010000,0.000000,0.000000,0
2026-08-11 17:41:00,63510.20,63514.10,63496.10,63496.20,43.627000,277,24.407000,19.220000,63503.91,107493.09,0.00010000,0.000000,0.000000,0
2026-08-11 17:42:00,63496.20,63543.40,63496.10,63543.40,104.486000,526,92.660000,11.826000,63522.00,107545.56,0.00010000,0.000000,0.000000,0
2026-08-11 17:43:00,63543.40,63562.40,63543.30,63550.30,69.403000,427,52.246000,17.157000,63554.40,107574.09,0.00010000,0.000000,0.000000,0
2026-08-11 17:44:00,63550.30,63556.50,63550.30,63556.00,54.176000,204,40.616000,13.560000,63555.65,107607.77,0.00010000,0.000000,0.000000,0
2026-08-11 17:45:00,63555.90,63556.00,63531.70,63531.70,21.512000,315,6.014000,15.498000,63547.28,107612.30,0.00010000,0.000000,0.000000,0
2026-08-11 17:46:00,63531.70,63554.80,63512.40,63550.50,131.379000,979,102.070000,29.309000,63530.65,107613.01,0.00010000,0.000000,0.000000,0
2026-08-11 17:47:00,63550.50,63572.30,63538.90,63571.20,115.221000,831,79.188000,36.033000,63558.87,107629.63,0.00010000,0.000000,0.000000,0
2026-08-11 17:48:00,63571.20,63571.30,63554.90,63555.00,23.154000,319,12.356000,10.798000,63561.39,107628.60,0.00010000,0.000000,0.000000,0
2026-08-11 17:49:00,63554.90,63555.00,63554.90,63555.00,20.618000,122,13.399000,7.219000,63554.96,107629.67,0.00010000,0.000000,0.000000,0
2026-08-11 17:50:00,63555.00,63555.00,63513.70,63513.70,31.352000,404,6.211000,25.141000,63534.32,107633.29,0.00010000,0.000000,0.020000,0
2026-08-11 17:51:00,63513.70,63540.40,63513.70,63534.60,59.477000,352,35.954000,23.523000,63526.42,107635.36,0.00010000,0.000000,0.000000,0
2026-08-11 17:52:00,63534.60,63539.00,63531.70,63539.00,13.082000,159,10.959000,2.123000,63535.99,107639.63,0.00010000,0.000000,0.000000,0
2026-08-11 17:53:00,63539.00,63553.60,63538.90,63548.00,21.783000,259,14.665000,7.118000,63547.98,107641.40,0.00010000,0.000000,0.000000,0
2026-08-11 17:54:00,63548.10,63558.50,63548.00,63558.50,9.576000,203,8.251000,1.325000,63550.54,107642.46,0.00010000,0.000000,0.000000,0
2026-08-11 17:55:00,63558.50,63577.60,63558.40,63577.60,51.205000,317,29.040000,22.165000,63570.92,107642.47,0.00010000,0.000000,0.000000,0
2026-08-11 17:56:00,63577.50,63615.50,63577.50,63611.30,124.670000,603,103.615000,21.055000,63598.46,107629.30,0.00010000,0.661000,0.000000,0
2026-08-11 17:57:00,63611.30,63611.30,63592.40,63592.50,30.865000,341,13.453000,17.412000,63595.30,107625.82,0.00010000,0.000000,0.000000,0
2026-08-11 17:58:00,63592.40,63592.50,63574.50,63574.50,25.186000,304,12.734000,12.452000,63580.75,107625.26,0.00010000,0.000000,0.000000,0
2026-08-11 17:59:00,63574.60,63594.80,63574.50,63588.00,64.018000,484,45.509000,18.509000,63586.16,107625.43,0.00010000,0.000000,0.000000,0
2026-08-11 18:00:00,63588.10,63588.10,63580.00,63580.10,64.398000,262,21.139000,43.259000,63581.86,107623.06,0.00010000,0.000000,0.000000,0
2026-08-11 18:01:00,63580.10,63591.70,63562.10,63586.10,145.042000,642,83.838000,61.204000,63576.43,107656.15,0.00010000,0.000000,0.000000,0
2026-08-11 18:02:00,63586.00,63592.50,63563.60,63591.60,157.674000,679,113.204000,44.470000,63578.70,107716.34,0.00010000,0.000000,0.000000,0
2026-08-11 18:03:00,63591.70,63609.10,63591.70,63595.90,71.649000,530,58.132000,13.517000,63601.10,107737.75,0.00010000,0.000000,0.000000,0
2026-08-11 18:04:00,63595.90,63598.70,63582.40,63589.30,39.740000,312,12.606000,27.134000,63592.73,107723.68,0.00010000,0.000000,0.000000,0
2026-08-11 18:05:00,63589.40,63589.70,63563.10,63563.20,32.084000,344,11.163000,20.921000,63574.92,107726.13,0.00010000,0.000000,0.000000,0
2026-08-11 18:06:00,63563.10,63581.60,63560.10,63581.50,24.851000,425,15.734000,9.117000,63568.47,107728.50,0.00010000,0.000000,0.000000,0
2026-08-11 18:07:00,63581.60,63581.60,63550.00,63550.10,27.520000,357,13.995000,13.525000,63565.53,107728.50,0.00010000,0.000000,0.000000,0
2026-08-11 18:08:00,63550.10,63563.00,63536.60,63536.60,48.438000,555,23.220000,25.218000,63551.43,107732.53,0.00010000,0.000000,0.000000,0
2026-08-11 18:09:00,63536.70,63536.70,63525.20,63525.20,48.360000,351,29.130000,19.230000,63530.61,107740.42,0.00010000,0.000000,0.000000,0
2026-08-11 18:10:00,63525.20,63542.20,63525.20,63542.20,28.664000,353,18.864000,9.800000,63535.12,107748.80,0.00010000,0.000000,0.000000,0
2026-08-11 18:11:00,63542.20,63545.40,63525.60,63535.40,97.708000,524,34.632000,63.076000,63535.53,107751.04,0.00010000,0.000000,0.087000,0
2026-08-11 18:12:00,63535.40,63543.30,63535.30,63543.30,64.171000,347,54.695000,9.476000,63541.02,107768.95,0.00010000,0.000000,0.000000,0
2026-08-11 18:13:00,63543.20,63560.90,63540.70,63557.00,62.674000,551,49.479000,13.195000,63549.95,107795.28,0.00010000,0.000000,0.000000,0
2026-08-11 18:14:00,63557.00,63575.30,63557.00,63561.20,46.935000,406,31.545000,15.390000,63566.99,107827.18,0.00010000,0.000000,0.000000,0
2026-08-11 18:15:00,63561.10,63571.90,63561.10,63571.80,15.879000,264,10.048000,5.831000,63566.86,107852.97,0.00010000,0.000000,0.000000,0
2026-08-11 18:16:00,63571.80,63571.80,63554.60,63567.30,24.679000,391,13.352000,11.327000,63564.95,107856.65,0.00010000,0.000000,0.000000,0
2026-08-11 18:17:00,63567.30,63580.60,63567.20,63580.50,26.073000,246,24.196000,1.877000,63571.87,107853.85,0.00010000,0.000000,0.000000,0
2026-08-11 18:18:00,63580.60,63583.00,63570.70,63576.50,19.309000,368,14.012000,5.297000,63576.01,107851.96,0.00010000,0.000000,0.000000,0
2026-08-11 18:19:00,63576.50,63578.90,63565.90,63565.90,23.857000,224,7.511000,16.346000,63570.59,107855.65,0.00010000,0.000000,0.000000,0
2026-08-11 18:20:00,63565.90,63577.40,63565.90,63576.90,21.741000,194,14.666000,7.075000,63572.74,107859.77,0.00010000,0.000000,0.000000,0
2026-08-11 18:21:00,63576.90,63580.60,63576.80,63576.80,16.557000,167,9.603000,6.954000,63578.06,107862.52,0.00010000,0.000000,0.000000,0
2026-08-11 18:22:00,63576.80,63576.80,63551.40,63560.90,32.039000,341,10.732000,21.307000,63559.23,107861.64,0.00010000,0.000000,0.000000,0
2026-08-11 18:23:00,63560.90,63570.00,63560.80,63570.00,16.448000,148,13.370000,3.078000,63565.62,107859.13,0.00010000,0.000000,0.000000,0
2026-08-11 18:24:00,63569.90,63570.00,63565.60,63565.70,20.828000,116,5.731000,15.097000,63569.28,107861.54,0.00010000,0.000000,0.000000,0
2026-08-11 18:25:00,63565.70,63565.70,63565.60,63565.70,12.099000,97,5.554000,6.545000,63565.65,107864.84,0.00010000,0.000000,0.000000,0
2026-08-11 18:26:00,63565.60,63565.70,63552.40,63552.40,18.748000,177,9.228000,9.520000,63556.40,107862.96,0.00010000,0.000000,0.000000,0
2026-08-11 18:27:00,63552.40,63573.60,63520.50,63520.60,149.719000,671,34.956000,114.763000,63550.63,107866.17,0.00010000,0.000000,0.000000,0
2026-08-11 18:28:00,63520.50,63520.90,63500.00,63500.00,77.160000,496,19.816000,57.344000,63511.12,107916.85,0.00010000,0.000000,0.000000,0
2026-08-11 18:29:00,63500.00,63500.10,63487.10,63494.70,46.867000,365,24.437000,22.430000,63491.88,107933.29,0.00010000,0.000000,0.000000,0
2026-08-11 18:30:00,63494.70,63494.80,63453.00,63454.10,150.728000,679,19.522000,131.206000,63466.11,107929.41,0.00010000,0.000000,0.000000,0
2026-08-11 18:31:00,63454.10,63470.00,63454.00,63466.00,73.795000,501,37.011000,36.784000,63462.11,107899.87,0.00010000,0.000000,0.000000,0
2026-08-11 18:32:00,63466.00,63482.00,63465.90,63482.00,30.623000,266,19.567000,11.056000,63472.04,107916.71,0.00010000,0.000000,0.000000,0
2026-08-11 18:33:00,63481.90,63487.90,63449.40,63467.10,723.471000,1727,233.564000,489.907000,63461.97,107919.52,0.00010000,0.000000,0.000000,0
2026-08-11 18:34:00,63467.10,63472.50,63329.60,63368.50,1543.674000,2369,90.563000,1453.111000,63396.41,108162.74,0.00010000,0.000000,1.203000,0
2026-08-11 18:35:00,63412.10,63416.30,63412.10,63416.30,14.935000,57,10.419000,4.516000,63415.78,109148.86,0.00010000,0.000000,0.000000,0
2026-08-11 18:36:00,63416.30,63466.10,63396.10,63396.20,383.981000,1883,196.444000,187.537000,63434.07,109161.98,0.00010000,0.000000,0.000000,0
2026-08-11 18:37:00,63396.10,63430.30,63378.50,63430.30,346.631000,1190,232.850000,113.781000,63406.52,109100.34,0.00010000,0.000000,0.000000,0
2026-08-11 18:38:00,63430.30,63430.30,63403.00,63406.60,45.339000,532,18.053000,27.286000,63417.94,109093.64,0.00010000,0.000000,0.000000,0
2026-08-11 18:39:00,63406.70,63406.70,63370.70,63374.40,91.336000,797,39.526000,51.810000,63383.56,109101.62,0.00010000,0.000000,0.000000,0
2026-08-11 18:40:00,63374.50,63377.60,63317.20,63331.80,370.628000,1177,89.132000,281.496000,63350.17,109116.22,0.00010000,0.000000,0.002000,0
2026-08-11 18:41:00,63331.80,63331.80,63230.40,63248.10,1064.076000,2720,260.780000,803.296000,63274.13,109192.20,0.00010000,0.000000,44.768000,0
2026-08-11 18:42:00,63248.00,63289.70,63248.00,63257.20,359.372000,1125,247.178000,112.194000,63271.41,109447.30,0.00010000,0.000000,0.000000,0
2026-08-11 18:43:00,63257.00,63280.20,63222.00,63280.20,384.013000,1285,167.607000,216.406000,63243.98,109428.80,0.00010000,0.000000,0.293000,0
2026-08-11 18:44:00,63280.20,63300.00,63280.20,63300.00,163.939000,684,129.436000,34.503000,63288.58,109529.39,0.00010000,0.000000,0.000000,0
2026-08-11 18:45:00,63300.00,63300.00,63273.70,63281.90,120.302000,557,48.259000,72.043000,63291.08,109558.18,0.00010000,0.000000,0.001000,0
2026-08-11 18:46:00,63281.80,63295.30,63277.10,63295.30,98.102000,405,43.457000,54.645000,63288.05,109600.09,0.00010000,0.000000,0.000000,0
2026-08-11 18:47:00,63295.30,63307.30,63286.40,63305.10,139.478000,475,89.832000,49.646000,63298.84,109621.45,0.00010000,0.000000,0.000000,0
2026-08-11 18:48:00,63305.10,63325.20,63302.80,63325.20,101.809000,505,79.471000,22.338000,63311.31,109619.10,0.00010000,0.000000,0.000000,0
2026-08-11 18:49:00,63325.20,63346.10,63325.10,63343.20,74.669000,401,45.538000,29.131000,63339.62,109596.80,0.00010000,0.000000,0.000000,0
2026-08-11 18:50:00,63343.20,63343.20,63326.90,63339.90,34.805000,417,17.708000,17.097000,63333.86,109577.74,0.00010000,0.000000,0.000000,0
2026-08-11 18:51:00,63340.00,63340.00,63314.20,63337.30,79.238000,559,47.549000,31.689000,63326.84,109582.92,0.00010000,0.000000,0.000000,0
2026-08-11 18:52:00,63337.30,63358.70,63333.80,63336.60,115.442000,560,73.024000,42.418000,63349.31,109574.01,0.00010000,0.000000,0.000000,0
2026-08-11 18:53:00,63336.50,63361.80,63336.50,63353.00,87.611000,467,75.223000,12.388000,63353.58,109609.64,0.00010000,0.000000,0.000000,0
2026-08-11 18:54:00,63353.00,63353.00,63339.20,63345.50,56.744000,309,34.073000,22.671000,63344.04,109598.38,0.00010000,0.000000,0.000000,0
2026-08-11 18:55:00,63345.60,63345.60,63345.50,63345.60,12.916000,144,9.890000,3.026000,63345.58,109590.23,0.00010000,0.000000,0.000000,0
2026-08-11 18:56:00,63345.60,63351.70,63312.60,63320.30,105.957000,559,26.607000,79.350000,63334.30,109589.68,0.00010000,0.000000,0.000000,0
2026-08-11 18:57:00,63320.40,63325.50,63320.30,63325.50,20.737000,179,14.964000,5.773000,63323.91,109604.85,0.00010000,0.000000,0.000000,0
2026-08-11 18:58:00,63325.40,63343.10,63325.40,63340.20,31.111000,294,17.384000,13.727000,63339.43,109610.99,0.00010000,0.000000,0.000000,0
2026-08-11 18:59:00,63340.20,63363.60,63340.10,63350.10,43.068000,380,29.060000,14.008000,63354.56,109610.45,0.00010000,0.000000,0.000000,0
2026-08-11 19:00:00,63350.10,63352.50,63350.00,63352.50,17.988000,170,12.510000,5.478000,63350.39,109619.53,0.00010000,0.000000,0.000000,0
2026-08-11 19:01:00,63352.50,63352.50,63337.80,63337.80,53.637000,409,18.258000,35.379000,63346.77,109626.86,0.00010000,0.000000,0.011000,0
2026-08-11 19:02:00,63337.80,63357.60,63325.40,63338.10,99.712000,621,35.697000,64.015000,63341.30,109626.25,0.00010000,0.000000,0.000000,0
2026-08-11 19:03:00,63338.20,63338.20,63325.80,63338.10,39.451000,324,25.518000,13.933000,63329.41,109614.49,0.00010000,0.000000,0.000000,0
2026-08-11 19:04:00,63338.10,63350.00,63335.10,63335.10,36.317000,382,22.436000,13.881000,63345.97,109622.33,0.00010000,0.000000,0.000000,0
2026-08-11 19:05:00,63335.00,63335.10,63321.00,63324.00,34.176000,306,12.674000,21.502000,63326.40,109617.47,0.00010000,0.000000,0.000000,0
2026-08-11 19:06:00,63324.10,63324.10,63306.30,63306.40,55.754000,468,21.244000,34.510000,63316.94,109621.27,0.00010000,0.000000,0.000000,0
2026-08-11 19:07:00,63306.30,63308.90,63306.30,63308.80,52.792000,215,34.270000,18.522000,63307.56,109634.38,0.00010000,0.000000,0.000000,0
2026-08-11 19:08:00,63308.80,63308.90,63278.40,63280.70,197.220000,813,58.316000,138.904000,63292.00,109622.84,0.00010000,0.000000,0.000000,0
2026-08-11 19:09:00,63280.80,63293.00,63263.70,63263.70,83.358000,514,32.984000,50.374000,63274.38,109672.90,0.00010000,0.000000,0.000000,0
2026-08-11 19:10:00,63263.70,63263.80,63240.10,63241.80,107.247000,614,28.719000,78.528000,63248.44,109651.85,0.00010000,0.000000,1.336000,0
2026-08-11 19:11:00,63241.90,63251.90,63238.00,63250.40,187.055000,590,61.188000,125.867000,63242.67,109688.96,0.00010000,0.000000,0.004000,0
2026-08-11 19:12:00,63250.30,63250.40,63211.60,63235.10,241.954000,908,99.456000,142.498000,63227.14,109724.28,0.00010000,0.000000,1.395000,0
2026-08-11 19:13:00,63235.10,63257.60,63235.10,63257.60,100.605000,418,75.262000,25.343000,63251.70,109729.22,0.00010000,0.000000,0.000000,0
2026-08-11 19:14:00,63257.50,63257.60,63254.50,63254.50,38.025000,254,12.341000,25.684000,63257.19,109731.39,0.00010000,0.000000,0.000000,0
2026-08-11 19:15:00,63254.60,63270.40,63213.40,63224.60,172.488000,895,51.723000,120.765000,63238.27,109739.85,0.00010000,0.000000,0.010000,0
2026-08-11 19:16:00,63224.60,63254.50,63224.60,63254.50,139.637000,567,111.393000,28.244000,63248.07,109705.49,0.00010000,0.000000,0.000000,0
2026-08-11 19:17:00,63254.50,63274.80,63254.40,63274.80,71.559000,333,54.599000,16.960000,63263.25,109771.67,0.00010000,0.000000,0.000000,0
2026-08-11 19:18:00,63274.80,63288.40,63274.70,63285.10,70.787000,363,43.508000,27.279000,63282.80,109788.08,0.00010000,0.000000,0.000000,0
2026-08-11 19:19:00,63285.00,63313.90,63285.00,63313.80,50.141000,409,45.806000,4.335000,63302.37,109791.15,0.00010000,0.000000,0.000000,0
2026-08-11 19:20:00,63313.80,63328.30,63305.60,63307.20,70.427000,484,32.457000,37.970000,63315.61,109794.72,0.00010000,0.000000,0.020000,0
2026-08-11 19:21:00,63307.20,63320.50,63307.20,63320.40,19.721000,260,16.932000,2.789000,63315.85,109800.60,0.00010000,0.000000,0.000000,0
2026-08-11 19:22:00,63320.40,63372.90,63320.40,63342.90,204.549000,938,159.880000,44.669000,63354.11,109801.29,0.00010000,0.076000,0.000000,0
2026-08-11 19:23:00,63342.90,63342.90,63307.60,63307.60,53.891000,398,15.440000,38.451000,63321.91,109806.39,0.00010000,0.000000,0.000000,0
2026-08-11 19:24:00,63307.70,63330.50,63307.60,63313.90,50.704000,496,26.321000,24.383000,63319.29,109824.17,0.00010000,0.000000,0.000000,0
2026-08-11 19:25:00,63314.00,63321.40,63313.90,63319.40,20.092000,175,9.443000,10.649000,63318.80,109828.22,0.00010000,0.000000,0.000000,0
2026-08-11 19:26:00,63319.40,63345.90,63301.00,63345.90,51.562000,592,39.348000,12.214000,63325.95,109829.39,0.00010000,0.000000,0.000000,0
2026-08-11 19:27:00,63346.00,63349.80,63340.00,63340.10,45.521000,306,22.723000,22.798000,63346.30,109823.67,0.00010000,0.000000,0.000000,0
2026-08-11 19:28:00,63340.00,63344.50,63340.00,63344.40,16.412000,157,13.259000,3.153000,63341.65,109832.90,0.00010000,0.000000,0.000000,0
2026-08-11 19:29:00,63344.50,63344.50,63328.80,63328.90,24.692000,260,8.798000,15.894000,63337.07,109838.20,0.00010000,0.000000,0.000000,0
2026-08-11 19:30:00,63328.90,63334.70,63328.80,63334.70,28.599000,153,18.423000,10.176000,63330.47,109845.05,0.00010000,0.000000,0.000000,0
2026-08-11 19:31:00,63334.70,63371.60,63334.60,63368.60,57.390000,479,47.239000,10.151000,63354.47,109839.88,0.00010000,0.000000,0.000000,0
2026-08-11 19:32:00,63368.60,63398.10,63368.50,63383.30,209.575000,699,180.828000,28.747000,63386.90,109795.29,0.00010000,0.000000,0.000000,0
2026-08-11 19:33:00,63383.30,63383.30,63361.40,63361.50,31.701000,362,17.692000,14.009000,63372.75,109789.97,0.00010000,0.000000,0.000000,0
2026-08-11 19:34:00,63361.40,63374.70,63347.20,63353.10,77.225000,724,49.941000,27.284000,63356.08,109794.32,0.00010000,0.000000,0.000000,0
2026-08-11 19:35:00,63353.20,63357.10,63348.00,63350.20,30.477000,265,10.913000,19.564000,63351.60,109785.15,0.00010000,0.000000,0.000000,0
2026-08-11 19:36:00,63350.10,63350.20,63335.80,63342.10,64.852000,377,14.614000,50.238000,63341.81,109789.38,0.00010000,0.000000,0.000000,0
2026-08-11 19:37:00,63342.10,63344.50,63337.40,63344.40,20.298000,185,14.169000,6.129000,63341.96,109782.02,0.00010000,0.000000,0.000000,0
2026-08-11 19:38:00,63344.50,63373.90,63344.50,63373.90,48.745000,412,39.182000,9.563000,63362.62,109770.32,0.00010000,0.000000,0.000000,0
2026-08-11 19:39:00,63373.80,63384.40,63373.80,63382.30,63.269000,335,49.819000,13.450000,63378.67,109771.49,0.00010000,0.000000,0.000000,0
2026-08-11 19:40:00,63382.30,63417.50,63379.70,63409.30,157.217000,711,114.672000,42.545000,63400.31,109778.34,0.00010000,0.026000,0.000000,0
2026-08-11 19:41:00,63409.30,63418.20,63381.40,63381.40,83.270000,601,48.927000,34.343000,63398.39,109773.83,0.00010000,0.000000,0.000000,0
2026-08-11 19:42:00,63381.50,63386.00,63361.20,63381.70,122.715000,751,88.978000,33.737000,63374.96,109795.91,0.00010000,0.000000,0.000000,0
2026-08-11 19:43:00,63381.70,63436.00,63381.60,63431.90,142.065000,799,91.838000,50.227000,63418.03,109794.01,0.00010000,0.009000,0.000000,0
2026-08-11 19:44:00,63431.90,63431.90,63412.50,63412.50,52.674000,384,27.310000,25.364000,63422.78,109754.53,0.00010000,0.000000,0.000000,0
2026-08-11 19:45:00,63412.50,63430.60,63412.50,63430.60,43.541000,373,33.103000,10.438000,63417.08,109750.56,0.00010000,0.000000,0.000000,0
2026-08-11 19:46:00,63430.70,63435.70,63413.00,63435.40,67.651000,577,41.112000,26.539000,63425.17,109741.38,0.00010000,0.000000,0.000000,0
2026-08-11 19:47:00,63435.50,63453.40,63425.30,63425.90,119.868000,717,47.601000,72.267000,63443.21,109712.45,0.00010000,0.019000,0.000000,0
2026-08-11 19:48:00,63425.90,63426.20,63416.10,63424.20,68.409000,363,41.734000,26.675000,63422.29,109703.22,0.00010000,0.000000,0.000000,0
2026-08-11 19:49:00,63424.20,63424.30,63396.10,63411.80,73.032000,583,29.589000,43.443000,63406.91,109696.85,0.00010000,0.000000,0.000000,0
2026-08-11 19:50:00,63411.90,63411.90,63389.20,63389.20,22.323000,327,6.145000,16.178000,63400.13,109686.28,0.00010000,0.000000,0.000000,0
2026-08-11 19:51:00,63389.30,63389.30,63357.20,63376.50,80.452000,532,31.438000,49.014000,63369.42,109691.05,0.00010000,0.000000,0.000000,0
2026-08-11 19:52:00,63376.50,63393.70,63376.50,63393.70,33.779000,324,31.834000,1.945000,63386.21,109667.81,0.00010000,0.000000,0.000000,0
2026-08-11 19:53:00,63393.60,63410.80,63393.60,63410.70,39.791000,300,30.211000,9.580000,63404.85,109667.99,0.00010000,0.000000,0.000000,0
2026-08-11 19:54:00,63410.80,63440.00,63410.70,63420.10,64.300000,573,43.045000,21.255000,63429.92,109670.71,0.00010000,0.021000,0.024000,0
2026-08-11 19:55:00,63420.10,63462.80,63420.10,63462.50,125.679000,538,89.800000,35.879000,63451.37,109683.50,0.00010000,0.008000,0.000000,0
2026-08-11 19:56:00,63462.40,63462.40,63450.00,63457.10,90.098000,424,60.542000,29.556000,63453.72,109638.25,0.00010000,0.000000,0.000000,0
2026-08-11 19:57:00,63457.10,63477.10,63457.00,63469.90,68.893000,468,53.188000,15.705000,63466.18,109630.88,0.00010000,0.000000,0.000000,0
2026-08-11 19:58:00,63470.00,63502.80,63470.00,63502.80,289.545000,898,193.064000,96.481000,63492.38,109588.64,0.00010000,0.052000,0.000000,0
2026-08-11 19:59:00,63502.80,63506.60,63502.00,63505.40,60.374000,346,36.600000,23.774000,63503.11,109543.99,0.00010000,0.001000,0.000000,0
2026-08-11 20:00:00,63505.40,63513.90,63492.60,63508.50,124.569000,643,64.624000,59.945000,63508.87,109521.02,0.00010000,0.000000,0.000000,0
2026-08-11 20:01:00,63508.50,63617.50,63508.50,63587.60,1307.555000,2985,758.387000,549.168000,63574.77,109502.81,0.00010000,3.663000,0.000000,0
2026-08-11 20:02:00,63587.50,63612.70,63562.80,63610.90,432.418000,1257,301.513000,130.905000,63584.39,109220.01,0.00010000,0.000000,0.000000,0
2026-08-11 20:03:00,63610.90,63610.90,63600.00,63600.10,193.594000,445,45.288000,148.306000,63601.45,109171.19,0.00010000,0.000000,0.000000,0
2026-08-11 20:04:00,63600.10,63600.10,63600.00,63600.00,142.894000,274,25.524000,117.370000,63600.02,109119.72,0.00010000,0.212000,0.000000,0
2026-08-11 20:05:00,63600.00,63646.20,63594.50,63608.70,492.916000,1351,156.708000,336.208000,63630.52,109053.56,0.00010000,0.109000,0.000000,0
2026-08-11 20:06:00,63608.70,63657.70,63608.60,63645.90,234.775000,848,80.207000,154.568000,63647.64,108947.66,0.00010000,1.037000,0.000000,0
2026-08-11 20:07:00,63646.00,63665.90,63634.70,63651.00,136.412000,827,69.753000,66.659000,63651.93,108868.91,0.00010000,0.101000,0.000000,0
2026-08-11 20:08:00,63651.10,63692.40,63651.00,63677.80,196.876000,834,134.959000,61.917000,63679.46,108827.60,0.00010000,2.322000,0.000000,0
2026-08-11 20:09:00,63677.80,63687.60,63645.00,63645.10,94.904000,713,29.385000,65.519000,63671.95,108798.06,0.00010000,0.089000,0.000000,0
2026-08-11 20:10:00,63645.00,63668.60,63645.00,63668.60,77.610000,526,56.507000,21.103000,63657.44,108767.27,0.00010000,0.000000,0.000000,0
2026-08-11 20:11:00,63668.50,63674.00,63650.70,63661.30,75.331000,511,38.435000,36.896000,63660.71,108755.71,0.00010000,0.000000,0.005000,0
2026-08-11 20:12:00,63661.40,63677.70,63647.90,63647.90,109.206000,726,49.472000,59.734000,63665.83,108749.89,0.00010000,0.000000,0.000000,0
2026-08-11 20:13:00,63647.90,63650.30,63638.80,63638.90,110.023000,415,78.583000,31.440000,63643.87,108750.70,0.00010000,0.000000,0.000000,0
2026-08-11 20:14:00,63638.90,63643.90,63638.90,63643.90,39.907000,204,30.893000,9.014000,63642.14,108741.23,0.00010000,0.000000,0.000000,0
2026-08-11 20:15:00,63643.90,63653.20,63643.80,63649.90,46.614000,270,25.891000,20.723000,63648.58,108740.62,0.00010000,0.000000,0.000000,0
2026-08-11 20:16:00,63649.90,63650.00,63630.20,63637.80,55.490000,404,14.406000,41.084000,63636.46,108738.36,0.00010000,0.000000,0.000000,0
2026-08-11 20:17:00,63637.90,63637.90,63601.40,63603.70,79.389000,459,22.684000,56.705000,63615.16,108737.58,0.00010000,0.000000,0.000000,0
2026-08-11 20:18:00,63603.60,63611.00,63576.00,63597.60,170.939000,801,58.501000,112.438000,63594.07,108673.60,0.00010000,0.000000,0.000000,0
2026-08-11 20:19:00,63597.60,63618.10,63593.40,63618.10,61.636000,447,22.951000,38.685000,63604.75,108676.08,0.00010000,0.000000,0.000000,0
2026-08-11 20:20:00,63618.00,63618.10,63589.90,63597.10,85.328000,430,20.437000,64.891000,63599.83,108674.59,0.00010000,0.000000,0.000000,0
2026-08-11 20:21:00,63597.10,63621.60,63597.10,63621.60,33.603000,319,25.772000,7.831000,63605.07,108633.24,0.00010000,0.000000,0.000000,0
2026-08-11 20:22:00,63621.50,63621.60,63603.60,63605.90,62.199000,306,26.426000,35.773000,63608.81,108641.23,0.00010000,0.000000,0.000000,0
2026-08-11 20:23:00,63606.00,63610.00,63605.90,63610.00,19.959000,130,9.904000,10.055000,63607.82,108642.86,0.00010000,0.000000,0.000000,0
2026-08-11 20:24:00,63610.00,63612.20,63609.90,63612.20,11.998000,117,8.670000,3.328000,63611.19,108646.21,0.00010000,0.000000,0.000000,0
2026-08-11 20:25:00,63612.20,63612.20,63601.50,63601.50,14.303000,160,2.172000,12.131000,63610.36,108644.62,0.00010000,0.000000,0.000000,0
2026-08-11 20:26:00,63601.40,63601.50,63590.10,63590.20,23.690000,189,9.439000,14.251000,63599.04,108645.81,0.00010000,0.000000,0.000000,0
2026-08-11 20:27:00,63590.10,63612.70,63590.10,63591.80,59.961000,426,39.459000,20.502000,63601.86,108640.39,0.00010000,0.000000,0.000000,0
2026-08-11 20:28:00,63591.80,63621.90,63591.80,63621.90,41.265000,308,37.672000,3.593000,63609.36,108641.37,0.00010000,0.000000,0.000000,0
2026-08-11 20:29:00,63621.80,63635.00,63621.80,63635.00,37.847000,275,21.413000,16.434000,63629.66,108648.02,0.00010000,0.000000,0.000000,0
2026-08-11 20:30:00,63635.10,63651.60,63635.00,63651.60,15.223000,255,13.781000,1.442000,63642.68,108652.18,0.00010000,0.000000,0.000000,0
2026-08-11 20:31:00,63651.60,63678.10,63651.60,63676.80,116.774000,716,75.083000,41.691000,63668.59,108661.11,0.00010000,0.000000,0.000000,0
2026-08-11 20:32:00,63676.70,63719.90,63675.30,63719.50,172.975000,913,135.122000,37.853000,63700.92,108672.29,0.00010000,0.142000,0.000000,0
2026-08-11 20:33:00,63719.60,63732.70,63689.00,63702.10,136.451000,844,99.174000,37.277000,63711.72,108641.96,0.00010000,0.039000,0.000000,0
2026-08-11 20:34:00,63702.20,63702.20,63666.40,63666.50,36.217000,422,5.749000,30.468000,63684.15,108620.00,0.00010000,0.000000,0.000000,0
2026-08-11 20:35:00,63666.40,63666.50,63643.80,63655.20,52.736000,414,15.847000,36.889000,63652.88,108620.99,0.00010000,0.000000,0.000000,0
2026-08-11 20:36:00,63655.10,63655.20,63655.00,63655.00,23.395000,123,4.077000,19.318000,63655.08,108621.40,0.00010000,0.000000,0.000000,0
2026-08-11 20:37:00,63655.00,63655.00,63641.50,63645.60,24.478000,241,11.076000,13.402000,63645.59,108625.39,0.00010000,0.000000,0.000000,0
2026-08-11 20:38:00,63645.50,63661.00,63645.50,63661.00,30.588000,247,22.880000,7.708000,63653.83,108628.29,0.00010000,0.000000,0.000000,0
2026-08-11 20:39:00,63660.90,63661.00,63660.90,63660.90,16.575000,113,13.151000,3.424000,63660.98,108632.12,0.00010000,0.000000,0.000000,0
2026-08-11 20:40:00,63661.00,63669.50,63661.00,63667.60,21.231000,238,12.012000,9.219000,63665.31,108633.28,0.00010000,0.000000,0.000000,0
2026-08-11 20:41:00,63667.70,63681.00,63667.60,63681.00,21.208000,195,18.438000,2.770000,63673.45,108633.47,0.00010000,0.000000,0.000000,0
2026-08-11 20:42:00,63681.00,63690.10,63680.90,63690.00,37.812000,313,17.836000,19.976000,63687.93,108628.30,0.00010000,0.000000,0.000000,0
2026-08-11 20:43:00,63690.00,63690.10,63639.40,63639.40,88.457000,575,12.686000,75.771000,63662.26,108640.62,0.00010000,0.000000,0.000000,0
2026-08-11 20:44:00,63639.40,63644.80,63625.80,63644.80,67.564000,437,42.084000,25.480000,63633.79,108657.47,0.00010000,0.000000,0.000000,0
2026-08-11 20:45:00,63644.70,63661.90,63639.50,63652.40,63.320000,368,25.640000,37.680000,63646.55,108646.57,0.00010000,0.000000,0.000000,0
2026-08-11 20:46:00,63652.40,63664.90,63652.30,63660.90,32.020000,223,19.408000,12.612000,63661.24,108656.65,0.00010000,0.000000,0.000000,0
2026-08-11 20:47:00,63660.90,63683.90,63660.80,63671.90,47.035000,352,26.159000,20.876000,63674.88,108655.49,0.00010000,0.000000,0.000000,0
2026-08-11 20:48:00,63671.80,63708.70,63664.80,63708.70,251.233000,735,221.767000,29.466000,63690.05,108659.46,0.00010000,0.000000,0.000000,0
2026-08-11 20:49:00,63708.70,63708.70,63700.00,63700.00,73.274000,282,15.182000,58.092000,63702.46,108797.50,0.00010000,0.000000,0.000000,0
2026-08-11 20:50:00,63700.00,63700.10,63669.90,63670.00,48.196000,370,10.086000,38.110000,63685.47,108805.82,0.00010000,0.000000,0.000000,0
2026-08-11 20:51:00,63670.00,63679.90,63670.00,63679.90,22.400000,194,21.018000,1.382000,63671.78,108807.86,0.00010000,0.000000,0.000000,0
2026-08-11 20:52:00,63679.80,63679.90,63669.80,63671.40,23.502000,174,3.852000,19.650000,63673.23,108812.91,0.00010000,0.000000,0.000000,0
2026-08-11 20:53:00,63671.40,63671.40,63671.00,63671.10,5.029000,95,1.222000,3.807000,63671.26,108811.73,0.00010000,0.000000,0.001000,0
2026-08-11 20:54:00,63671.10,63685.90,63671.00,63685.90,18.360000,195,15.697000,2.663000,63674.21,108815.01,0.00010000,0.000000,0.000000,0
2026-08-11 20:55:00,63685.80,63698.30,63685.80,63698.20,20.177000,198,18.117000,2.060000,63688.87,108817.77,0.00010000,0.000000,0.000000,0
2026-08-11 20:56:00,63698.20,63720.00,63698.20,63714.00,59.471000,398,38.550000,20.921000,63710.08,108815.29,0.00010000,0.000000,0.000000,0
2026-08-11 20:57:00,63713.90,63725.30,63712.50,63712.60,50.241000,331,33.995000,16.246000,63719.05,108803.61,0.00010000,0.000000,0.000000,0
2026-08-11 20:58:00,63712.50,63712.60,63700.40,63700.50,14.431000,195,0.856000,13.575000,63706.81,108805.32,0.00010000,0.000000,0.000000,0
2026-08-11 20:59:00,63700.50,63710.60,63700.40,63710.60,42.374000,207,32.438000,9.936000,63703.10,108805.62,0.00010000,0.000000,0.000000,0
2026-08-11 21:00:00,63710.50,63725.00,63705.20,63720.80,53.129000,325,33.973000,19.156000,63713.96,108800.53,0.00010000,0.000000,0.000000,0
2026-08-11 21:01:00,63720.80,63720.90,63715.00,63720.60,28.813000,245,9.573000,19.240000,63716.76,108809.93,0.00010000,0.000000,0.000000,0
2026-08-11 21:02:00,63720.50,63720.60,63709.50,63709.50,27.141000,192,10.143000,16.998000,63713.32,108810.84,0.00010000,0.000000,0.000000,0
2026-08-11 21:03:00,63709.60,63711.50,63708.00,63711.40,52.450000,160,10.828000,41.622000,63708.21,108832.73,0.00010000,0.000000,0.000000,0
2026-08-11 21:04:00,63711.40,63718.40,63711.40,63715.60,40.529000,217,33.027000,7.502000,63714.47,108822.78,0.00010000,0.000000,0.000000,0
2026-08-11 21:05:00,63715.50,63718.00,63715.50,63717.90,21.963000,203,11.141000,10.822000,63717.14,108824.95,0.00010000,0.000000,0.000000,0
2026-08-11 21:06:00,63717.90,63726.50,63714.70,63718.50,110.434000,451,65.049000,45.385000,63719.18,108814.10,0.00010000,0.000000,0.000000,0
2026-08-11 21:07:00,63718.40,63718.50,63715.60,63715.70,10.883000,140,2.923000,7.960000,63716.78,108806.99,0.00010000,0.000000,0.000000,0
2026-08-11 21:08:00,63715.60,63715.70,63715.60,63715.70,12.732000,124,3.948000,8.784000,63715.63,108801.53,0.00010000,0.000000,0.000000,0
2026-08-11 21:09:00,63715.70,63715.70,63715.60,63715.70,7.909000,152,3.714000,4.195000,63715.65,108801.61,0.00010000,0.000000,0.000000,0
2026-08-11 21:10:00,63715.60,63715.70,63715.60,63715.60,7.999000,157,5.138000,2.861000,63715.66,108798.94,0.00010000,0.000000,0.000000,0
2026-08-11 21:11:00,63715.70,63715.70,63708.40,63708.40,28.267000,232,5.516000,22.751000,63713.11,108791.60,0.00010000,0.000000,0.000000,0
2026-08-11 21:12:00,63708.50,63731.40,63708.40,63731.40,64.041000,388,54.277000,9.764000,63717.95,108786.83,0.00010000,0.015000,0.000000,0
2026-08-11 21:13:00,63731.40,63731.40,63725.00,63725.10,31.417000,218,3.760000,27.657000,63729.70,108776.21,0.00010000,0.000000,0.000000,0
2026-08-11 21:14:00,63725.10,63725.10,63708.00,63712.10,68.394000,333,26.610000,41.784000,63710.03,108806.52,0.00010000,0.000000,0.000000,0
2026-08-11 21:15:00,63712.10,63712.10,63712.00,63712.00,9.556000,133,5.361000,4.195000,63712.06,108804.57,0.00010000,0.000000,0.000000,0
2026-08-11 21:16:00,63712.00,63757.50,63708.00,63708.00,384.753000,1028,277.879000,106.874000,63736.41,108971.89,0.00010000,0.191000,0.000000,0
2026-08-11 21:17:00,63708.00,63708.10,63661.20,63661.20,360.103000,549,4.011000,356.092000,63699.92,109101.77,0.00010000,0.000000,0.000000,0
2026-08-11 21:18:00,63661.20,63665.20,63657.90,63663.60,131.932000,275,53.429000,78.503000,63660.19,109119.94,0.00010000,0.000000,0.000000,0
2026-08-11 21:19:00,63663.60,63672.00,63657.90,63657.90,46.543000,250,27.857000,18.686000,63668.33,109120.38,0.00010000,0.000000,0.000000,0
2026-08-11 21:20:00,63658.00,63658.00,63657.90,63658.00,16.859000,210,8.893000,7.966000,63657.95,109109.07,0.00010000,0.000000,0.000000,0
2026-08-11 21:21:00,63658.00,63663.70,63657.90,63658.00,25.715000,181,9.716000,15.999000,63661.23,109106.49,0.00010000,0.000000,0.000000,0
2026-08-11 21:22:00,63658.00,63658.00,63657.90,63658.00,8.249000,118,0.451000,7.798000,63657.91,109104.51,0.00010000,0.000000,0.000000,0
2026-08-11 21:23:00,63658.00,63658.00,63628.90,63634.10,104.841000,427,21.562000,83.279000,63641.50,109118.70,0.00010000,0.000000,0.000000,0
2026-08-11 21:24:00,63634.10,63636.60,63634.00,63636.60,12.563000,122,7.190000,5.373000,63634.13,109116.42,0.00010000,0.000000,0.000000,0
2026-08-11 21:25:00,63636.70,63650.00,63636.60,63650.00,42.209000,199,26.975000,15.234000,63644.65,109110.81,0.00010000,0.000000,0.000000,0
2026-08-11 21:26:00,63649.90,63677.40,63649.90,63661.40,61.797000,412,37.623000,24.174000,63667.65,109107.62,0.00010000,0.000000,0.003000,0
2026-08-11 21:27:00,63661.50,63666.30,63661.40,63666.20,8.299000,130,4.221000,4.078000,63663.92,109107.62,0.00010000,0.000000,0.000000,0
2026-08-11 21:28:00,63666.30,63671.30,63666.20,63667.20,16.600000,149,8.243000,8.357000,63668.80,109104.51,0.00010000,0.000000,0.000000,0
2026-08-11 21:29:00,63667.20,63667.30,63650.60,63650.70,54.373000,222,3.946000,50.427000,63654.36,109097.24,0.00010000,0.000000,0.000000,0
2026-08-11 21:30:00,63650.70,63650.70,63648.00,63648.00,17.294000,106,1.189000,16.105000,63650.00,109080.35,0.00010000,0.000000,0.000000,0
2026-08-11 21:31:00,63648.10,63648.10,63648.00,63648.00,16.079000,108,2.693000,13.386000,63648.02,109081.27,0.00010000,0.000000,0.000000,0
2026-08-11 21:32:00,63648.00,63648.10,63626.60,63626.70,43.447000,387,11.021000,32.426000,63634.02,109092.66,0.00010000,0.000000,0.000000,0
2026-08-11 21:33:00,63626.70,63626.80,63626.70,63626.70,8.950000,93,2.101000,6.849000,63626.72,109087.33,0.00010000,0.000000,0.000000,0
2026-08-11 21:34:00,63626.70,63626.80,63608.10,63608.20,26.827000,253,2.343000,24.484000,63617.65,109090.75,0.00010000,0.000000,0.000000,0
2026-08-11 21:35:00,63608.10,63609.80,63606.50,63609.70,28.453000,137,18.094000,10.359000,63607.49,109092.46,0.00010000,0.000000,0.000000,0
2026-08-11 21:36:00,63609.70,63609.80,63590.70,63590.80,48.901000,276,4.037000,44.864000,63594.68,109102.95,0.00010000,0.000000,0.000000,0
2026-08-11 21:37:00,63590.70,63590.80,63590.70,63590.80,11.345000,127,4.878000,6.467000,63590.74,109079.07,0.00010000,0.000000,0.000000,0
2026-08-11 21:38:00,63590.80,63631.40,63590.70,63631.30,34.739000,349,28.255000,6.484000,63615.75,109075.89,0.00010000,0.000000,0.000000,0
2026-08-11 21:39:00,63631.30,63634.90,63620.30,63624.40,20.599000,225,6.739000,13.860000,63627.87,109075.43,0.00010000,0.000000,0.000000,0
2026-08-11 21:40:00,63624.50,63628.60,63615.70,63615.70,17.849000,222,6.959000,10.890000,63626.89,109078.10,0.00010000,0.000000,0.000000,0
2026-08-11 21:41:00,63615.80,63638.10,63615.70,63638.10,20.681000,207,18.829000,1.852000,63630.70,109080.08,0.00010000,0.000000,0.000000,0
2026-08-11 21:42:00,63638.10,63645.30,63638.00,63645.20,15.668000,133,14.719000,0.949000,63639.53,109078.10,0.00010000,0.000000,0.000000,0
2026-08-11 21:43:00,63645.30,63663.90,63645.30,63663.90,31.312000,235,25.296000,6.016000,63653.02,109087.39,0.00010000,0.000000,0.000000,0
2026-08-11 21:44:00,63663.90,63669.30,63643.30,63643.40,32.440000,302,11.193000,21.247000,63662.86,109090.01,0.00010000,0.000000,0.000000,0
2026-08-11 21:45:00,63643.30,63647.00,63634.00,63646.90,36.603000,495,20.139000,16.464000,63639.30,109092.69,0.00010000,0.000000,0.000000,0
2026-08-11 21:46:00,63647.00,63647.00,63636.60,63643.90,27.459000,185,16.413000,11.046000,63643.75,109094.27,0.00010000,0.000000,0.000000,0
2026-08-11 21:47:00,63643.90,63644.00,63620.20,63629.30,16.059000,224,5.762000,10.297000,63632.05,109106.67,0.00010000,0.000000,0.000000,0
2026-08-11 21:48:00,63644.00,63663.70,63643.90,63663.70,20.237000,167,19.994000,0.243000,63651.24,109106.34,0.00010000,0.000000,0.000000,0
2026-08-11 21:49:00,63663.60,63667.00,63624.00,63624.10,42.159000,440,20.979000,21.180000,63642.69,109112.27,0.00010000,0.000000,0.000000,0
2026-08-11 21:50:00,63624.00,63632.50,63620.00,63624.40,41.333000,245,27.795000,13.538000,63622.39,109107.75,0.00010000,0.000000,0.000000,0
2026-08-11 21:51:00,63624.40,63628.00,63620.10,63622.20,23.123000,262,14.137000,8.986000,63621.90,109108.66,0.00010000,0.000000,0.000000,0
2026-08-11 21:52:00,63622.30,63622.30,63622.20,63622.30,5.564000,89,1.552000,4.012000,63622.23,109117.18,0.00010000,0.000000,0.000000,0
2026-08-11 21:53:00,63622.20,63622.30,63622.20,63622.20,5.365000,76,3.238000,2.127000,63622.26,109118.04,0.00010000,0.000000,0.000000,0
2026-08-11 21:54:00,63622.30,63630.50,63622.20,63630.50,24.812000,167,17.564000,7.248000,63625.19,109121.17,0.00010000,0.000000,0.000000,0
2026-08-11 21:55:00,63630.40,63647.40,63630.40,63647.30,17.744000,193,15.413000,2.331000,63636.96,109114.76,0.00010000,0.000000,0.000000,0
2026-08-11 21:56:00,63647.40,63647.50,63637.00,63637.00,23.728000,145,6.752000,16.976000,63646.47,109122.32,0.00010000,0.000000,0.000000,0
2026-08-11 21:57:00,63637.00,63642.70,63636.90,63642.70,13.535000,120,11.329000,2.206000,63638.18,109119.96,0.00010000,0.000000,0.000000,0
2026-08-11 21:58:00,63642.70,63652.30,63642.60,63652.30,8.733000,145,6.846000,1.887000,63649.58,109121.01,0.00010000,0.000000,0.000000,0
2026-08-11 21:59:00,63652.30,63652.30,63652.20,63652.30,7.478000,82,6.834000,0.644000,63652.29,109120.26,0.00010000,0.000000,0.000000,0
2026-08-11 22:00:00,63652.30,63654.60,63641.50,63641.60,40.212000,192,8.678000,31.534000,63652.16,109119.17,0.00010000,0.000000,0.000000,0
2026-08-11 22:01:00,63641.50,63734.80,63641.50,63734.80,137.499000,936,125.493000,12.006000,63687.60,109101.01,0.00010000,0.000000,0.000000,0
2026-08-11 22:02:00,63734.90,63746.40,63722.20,63741.00,97.291000,553,47.459000,49.832000,63733.02,109110.77,0.00010000,0.007000,0.000000,0
2026-08-11 22:03:00,63740.90,63741.00,63734.50,63740.30,31.698000,236,22.382000,9.316000,63737.74,109121.46,0.00010000,0.000000,0.000000,0
2026-08-11 22:04:00,63740.30,63740.30,63712.30,63712.40,38.353000,393,15.648000,22.705000,63725.52,109126.59,0.00010000,0.000000,0.000000,0
2026-08-11 22:05:00,63712.40,63712.40,63687.60,63712.40,20.781000,531,10.354000,10.427000,63698.77,109126.11,0.00010000,0.000000,0.000000,0
2026-08-11 22:06:00,63712.40,63713.10,63696.40,63698.60,55.706000,390,31.695000,24.011000,63709.26,109132.66,0.00010000,0.000000,0.000000,0
2026-08-11 22:07:00,63698.50,63699.00,63693.40,63699.00,10.091000,202,6.579000,3.512000,63696.58,109151.13,0.00010000,0.000000,0.000000,0
2026-08-11 22:08:00,63698.90,63699.00,63694.60,63697.50,20.449000,187,4.231000,16.218000,63697.47,109150.09,0.00010000,0.000000,0.000000,0
2026-08-11 22:09:00,63697.50,63701.80,63684.40,63684.40,33.484000,276,11.574000,21.910000,63693.30,109150.18,0.00010000,0.000000,0.000000,0
2026-08-11 22:10:00,63684.40,63688.50,63678.60,63678.60,36.246000,185,26.235000,10.011000,63683.99,109154.33,0.00010000,0.000000,0.000000,0
2026-08-11 22:11:00,63678.70,63694.90,63678.60,63694.90,20.766000,217,16.672000,4.094000,63683.09,109165.71,0.00010000,0.000000,0.000000,0
2026-08-11 22:12:00,63694.80,63699.50,63690.00,63699.40,22.377000,194,8.327000,14.050000,63694.01,109175.65,0.00010000,0.000000,0.000000,0
2026-08-11 22:13:00,63699.50,63716.40,63699.40,63711.90,24.173000,243,15.038000,9.135000,63707.81,109173.17,0.00010000,0.000000,0.000000,0
2026-08-11 22:14:00,63711.90,63711.90,63706.50,63706.60,24.821000,149,3.729000,21.092000,63708.69,109176.51,0.00010000,0.000000,0.000000,0
2026-08-11 22:15:00,63706.60,63706.60,63706.50,63706.50,20.894000,104,9.915000,10.979000,63706.55,109183.41,0.00010000,0.000000,0.000000,0
2026-08-11 22:16:00,63706.50,63706.60,63706.50,63706.50,7.272000,125,4.571000,2.701000,63706.56,109197.72,0.00010000,0.000000,0.000000,0
2026-08-11 22:17:00,63706.50,63723.00,63706.50,63723.00,18.307000,217,13.022000,5.285000,63716.25,109197.35,0.00010000,0.000000,0.000000,0
2026-08-11 22:18:00,63722.90,63740.30,63722.90,63722.90,73.693000,331,41.224000,32.469000,63735.89,109195.58,0.00010000,0.000000,0.000000,0
2026-08-11 22:19:00,63722.90,63723.00,63700.90,63700.90,21.595000,230,2.412000,19.183000,63713.87,109203.43,0.00010000,0.000000,0.000000,0
2026-08-11 22:20:00,63701.00,63721.80,63689.00,63689.00,74.460000,474,17.298000,57.162000,63712.54,109207.30,0.00010000,0.000000,0.000000,0
2026-08-11 22:21:00,63689.00,63706.80,63677.10,63703.60,36.289000,389,15.642000,20.647000,63687.91,109207.71,0.00010000,0.000000,0.000000,0
2026-08-11 22:22:00,63703.60,63703.70,63688.50,63688.50,7.615000,174,2.324000,5.291000,63699.49,109206.12,0.00010000,0.000000,0.000000,0
2026-08-11 22:23:00,63688.50,63695.40,63682.50,63682.50,33.807000,301,15.808000,17.999000,63691.05,109203.30,0.00010000,0.000000,0.000000,0
2026-08-11 22:24:00,63682.60,63692.80,63682.60,63692.70,25.717000,191,16.603000,9.114000,63687.43,109208.24,0.00010000,0.000000,0.000000,0
2026-08-11 22:25:00,63692.70,63692.80,63692.70,63692.70,4.027000,44,3.601000,0.426000,63692.79,109210.78,0.00010000,0.000000,0.000000,0
2026-08-11 22:26:00,63692.80,63692.80,63680.00,63680.00,20.000000,133,3.303000,16.697000,63688.16,109210.66,0.00010000,0.000000,0.000000,0
2026-08-11 22:27:00,63680.00,63680.10,63680.00,63680.00,7.642000,64,2.457000,5.185000,63680.03,109216.75,0.00010000,0.000000,0.000000,0
2026-08-11 22:28:00,63680.00,63683.20,63680.00,63680.00,18.165000,109,5.582000,12.583000,63681.12,109215.76,0.00010000,0.000000,0.000000,0
2026-08-11 22:29:00,63680.00,63684.10,63680.00,63684.00,5.459000,90,2.937000,2.522000,63680.33,109214.47,0.00010000,0.000000,0.000000,0
2026-08-11 22:30:00,63684.10,63696.10,63684.00,63696.10,29.486000,171,21.951000,7.535000,63691.85,109213.46,0.00010000,0.000000,0.000000,0
2026-08-11 22:31:00,63696.00,63707.20,63692.80,63692.80,34.409000,251,24.704000,9.705000,63699.36,109206.05,0.00010000,0.000000,0.000000,0
2026-08-11 22:32:00,63692.80,63692.80,63674.10,63674.10,25.471000,269,10.286000,15.185000,63682.34,109205.96,0.00010000,0.000000,0.000000,0
2026-08-11 22:33:00,63674.20,63700.00,63674.10,63676.90,46.324000,445,25.949000,20.375000,63686.31,109202.80,0.00010000,0.000000,0.000000,0
2026-08-11 22:34:00,63676.90,63704.00,63673.10,63703.90,26.964000,335,22.592000,4.372000,63687.75,109194.25,0.00010000,0.000000,0.000000,0
2026-08-11 22:35:00,63704.00,63704.00,63700.50,63700.50,18.905000,102,15.247000,3.658000,63703.54,109186.07,0.00010000,0.000000,0.000000,0
2026-08-11 22:36:00,63700.50,63700.60,63696.70,63696.80,11.131000,73,7.914000,3.217000,63698.50,109186.18,0.00010000,0.000000,0.000000,0
2026-08-11 22:37:00,63696.70,63696.70,63685.30,63685.30,9.585000,153,3.456000,6.129000,63689.21,109184.37,0.00010000,0.000000,0.000000,0
2026-08-11 22:38:00,63685.40,63685.40,63668.00,63668.00,20.030000,195,0.683000,19.347000,63674.28,109186.73,0.00010000,0.000000,0.000000,0
2026-08-11 22:39:00,63668.00,63668.00,63652.10,63652.10,14.689000,204,0.460000,14.229000,63664.66,109188.65,0.00010000,0.000000,0.000000,0
2026-08-11 22:40:00,63652.10,63658.20,63652.10,63658.20,20.273000,174,14.183000,6.090000,63652.92,109187.50,0.00010000,0.000000,0.000000,0
2026-08-11 22:41:00,63658.10,63661.90,63658.10,63659.50,6.669000,154,2.059000,4.610000,63660.99,109191.15,0.00010000,0.000000,0.000000,0
2026-08-11 22:42:00,63659.50,63661.90,63659.50,63661.30,9.085000,118,3.103000,5.982000,63661.32,109185.60,0.00010000,0.000000,0.000000,0
2026-08-11 22:43:00,63661.40,63661.40,63646.20,63646.30,38.675000,226,2.317000,36.358000,63652.37,109168.74,0.00010000,0.000000,0.000000,0
2026-08-11 22:44:00,63646.20,63646.30,63636.00,63636.00,13.895000,198,3.742000,10.153000,63641.00,109169.50,0.00010000,0.000000,0.000000,0
2026-08-11 22:45:00,63636.00,63636.20,63627.80,63630.00,45.528000,170,18.166000,27.362000,63633.74,109179.94,0.00010000,0.000000,0.000000,0
2026-08-11 22:46:00,63630.00,63634.90,63612.60,63614.40,56.660000,437,7.883000,48.777000,63623.55,109174.44,0.00010000,0.000000,0.000000,0
2026-08-11 22:47:00,63614.50,63615.20,63614.40,63615.20,10.337000,112,4.022000,6.315000,63614.77,109187.24,0.00010000,0.000000,0.000000,0
2026-08-11 22:48:00,63615.10,63615.10,63607.40,63607.40,32.239000,176,2.939000,29.300000,63614.02,109186.74,0.00010000,0.000000,0.000000,0
2026-08-11 22:49:00,63607.40,63616.20,63601.20,63616.20,30.228000,317,17.361000,12.867000,63605.53,109195.63,0.00010000,0.000000,0.000000,0
2026-08-11 22:50:00,63616.20,63616.20,63616.10,63616.10,10.140000,126,2.362000,7.778000,63616.12,109196.81,0.00010000,0.000000,0.000000,0
2026-08-11 22:51:00,63616.10,63616.20,63616.10,63616.10,9.798000,158,5.535000,4.263000,63616.16,109195.05,0.00010000,0.000000,0.000000,0
2026-08-11 22:52:00,63616.20,63617.50,63616.10,63617.50,10.269000,95,5.838000,4.431000,63616.23,109198.10,0.00010000,0.000000,0.000000,0
2026-08-11 22:53:00,63617.40,63625.60,63617.40,63625.60,15.510000,152,7.629000,7.881000,63624.20,109194.47,0.00010000,0.000000,0.000000,0
2026-08-11 22:54:00,63625.60,63648.00,63625.50,63634.50,46.563000,331,33.122000,13.441000,63640.41,109195.76,0.00010000,0.000000,0.000000,0
2026-08-11 22:55:00,63634.40,63634.50,63634.40,63634.40,5.061000,62,4.228000,0.833000,63634.48,109188.11,0.00010000,0.000000,0.000000,0
2026-08-11 22:56:00,63634.40,63634.50,63634.40,63634.50,2.675000,70,1.904000,0.771000,63634.47,109187.73,0.00010000,0.000000,0.000000,0
2026-08-11 22:57:00,63634.40,63655.10,63634.40,63654.60,62.770000,270,54.982000,7.788000,63647.55,109188.13,0.00010000,0.000000,0.000000,0
2026-08-11 22:58:00,63654.60,63654.60,63649.00,63649.00,11.417000,104,2.654000,8.763000,63652.21,109185.24,0.00010000,0.000000,0.000000,0
2026-08-11 22:59:00,63649.10,63649.10,63641.60,63641.70,14.667000,114,3.984000,10.683000,63643.50,109188.64,0.00010000,0.000000,0.000000,0
2026-08-11 23:00:00,63641.70,63641.70,63641.60,63641.70,2.293000,73,0.701000,1.592000,63641.63,109187.67,0.00010000,0.000000,0.000000,0
2026-08-11 23:01:00,63641.60,63641.70,63625.70,63628.90,42.175000,251,23.773000,18.402000,63629.97,109192.24,0.00010000,0.000000,0.000000,0
2026-08-11 23:02:00,63628.90,63629.00,63595.60,63595.60,161.289000,442,17.867000,143.422000,63607.62,109184.65,0.00010000,0.000000,0.018000,0
2026-08-11 23:03:00,63595.60,63595.70,63582.80,63582.80,45.703000,240,6.103000,39.600000,63588.80,109255.78,0.00010000,0.000000,0.000000,0
2026-08-11 23:04:00,63582.80,63582.90,63567.00,63569.90,75.312000,310,16.976000,58.336000,63571.20,109257.36,0.00010000,0.000000,0.000000,0
2026-08-11 23:05:00,63569.80,63569.90,63562.60,63562.60,62.407000,197,5.120000,57.287000,63564.52,109262.89,0.00010000,0.000000,0.000000,0
2026-08-11 23:06:00,63562.50,63562.60,63538.50,63556.80,126.013000,535,38.188000,87.825000,63548.69,109217.05,0.00010000,0.000000,0.029000,0
2026-08-11 23:07:00,63556.80,63556.90,63556.80,63556.80,12.698000,146,3.132000,9.566000,63556.82,109215.08,0.00010000,0.000000,0.000000,0
2026-08-11 23:08:00,63556.80,63556.90,63556.80,63556.80,22.918000,116,16.734000,6.184000,63556.87,109216.20,0.00010000,0.000000,0.000000,0
2026-08-11 23:09:00,63556.90,63556.90,63536.10,63539.90,73.023000,356,15.442000,57.581000,63544.14,109221.88,0.00010000,0.000000,0.000000,0
2026-08-11 23:10:00,63539.80,63552.70,63536.80,63552.60,61.103000,265,37.113000,23.990000,63544.85,109234.11,0.00010000,0.000000,0.014000,0
2026-08-11 23:11:00,63552.70,63569.90,63552.60,63569.90,20.540000,262,16.846000,3.694000,63556.57,109235.38,0.00010000,0.000000,0.000000,0
2026-08-11 23:12:00,63569.90,63569.90,63560.70,63561.30,20.346000,170,5.539000,14.807000,63566.10,109231.01,0.00010000,0.000000,0.000000,0
2026-08-11 23:13:00,63561.30,63566.00,63561.30,63565.90,8.663000,119,6.007000,2.656000,63564.40,109234.46,0.00010000,0.000000,0.000000,0
2026-08-11 23:14:00,63566.00,63567.50,63565.90,63567.40,15.257000,158,13.197000,2.060000,63566.90,109238.15,0.00010000,0.000000,0.000000,0
2026-08-11 23:15:00,63567.50,63567.50,63553.30,63553.30,25.798000,193,1.418000,24.380000,63559.83,109236.09,0.00010000,0.000000,0.000000,0
2026-08-11 23:16:00,63553.30,63553.40,63542.70,63548.90,40.527000,272,17.496000,23.031000,63546.95,109238.99,0.00010000,0.000000,0.000000,0
2026-08-11 23:17:00,63548.90,63550.20,63543.70,63543.70,9.525000,166,2.157000,7.368000,63548.70,109235.68,0.00010000,0.000000,0.000000,0
2026-08-11 23:18:00,63543.70,63547.00,63543.70,63546.90,10.085000,97,6.083000,4.002000,63545.22,109240.87,0.00010000,0.000000,0.000000,0
2026-08-11 23:19:00,63546.90,63547.00,63527.30,63527.30,36.896000,266,2.795000,34.101000,63534.31,109243.52,0.00010000,0.000000,0.001000,0
2026-08-11 23:20:00,63527.30,63534.10,63527.30,63534.10,33.761000,193,19.437000,14.324000,63529.05,109236.83,0.00010000,0.000000,0.000000,0
2026-08-11 23:21:00,63534.00,63549.60,63534.00,63549.60,28.473000,232,19.946000,8.527000,63540.68,109242.56,0.00010000,0.019000,0.000000,0
2026-08-11 23:22:00,63549.50,63550.10,63549.50,63550.10,10.373000,109,4.867000,5.506000,63549.60,109245.33,0.00010000,0.000000,0.000000,0
2026-08-11 23:23:00,63550.00,63550.10,63550.00,63550.10,4.226000,82,3.536000,0.690000,63550.08,109246.65,0.00010000,0.000000,0.000000,0
2026-08-11 23:24:00,63550.10,63550.10,63550.00,63550.10,6.160000,91,4.073000,2.087000,63550.07,109247.30,0.00010000,0.000000,0.000000,0
2026-08-11 23:25:00,63550.00,63563.90,63550.00,63563.90,14.097000,206,11.093000,3.004000,63556.84,109251.87,0.00010000,0.000000,0.000000,0
2026-08-11 23:26:00,63563.90,63563.90,63563.80,63563.90,15.375000,127,12.045000,3.330000,63563.88,109256.88,0.00010000,0.000000,0.000000,0
2026-08-11 23:27:00,63563.90,63593.30,63563.80,63586.70,58.803000,352,33.000000,25.803000,63585.98,109259.14,0.00010000,0.000000,0.000000,0
2026-08-11 23:28:00,63586.70,63586.70,63565.00,63565.00,14.378000,259,2.909000,11.469000,63575.05,109244.35,0.00010000,0.000000,0.000000,0
2026-08-11 23:29:00,63565.00,63569.00,63552.40,63569.00,25.620000,284,16.347000,9.273000,63558.84,109246.48,0.00010000,0.000000,0.007000,0
2026-08-11 23:30:00,63569.00,63572.80,63568.90,63572.70,8.430000,84,8.179000,0.251000,63569.86,109251.55,0.00010000,0.000000,0.000000,0
2026-08-11 23:31:00,63572.80,63572.90,63572.70,63572.80,22.831000,85,17.255000,5.576000,63572.81,109267.32,0.00010000,0.000000,0.000000,0
2026-08-11 23:32:00,63572.90,63574.10,63567.70,63567.80,18.784000,178,9.425000,9.359000,63571.79,109269.84,0.00010000,0.000000,0.000000,0
2026-08-11 23:33:00,63567.80,63572.40,63560.00,63560.00,17.994000,200,9.147000,8.847000,63567.90,109273.57,0.00010000,0.000000,0.000000,0
2026-08-11 23:34:00,63560.10,63566.50,63560.00,63566.50,10.811000,98,9.519000,1.292000,63561.02,109272.85,0.00010000,0.000000,0.048000,0
2026-08-11 23:35:00,63566.50,63597.80,63566.40,63597.80,26.641000,318,24.538000,2.103000,63577.65,109270.64,0.00010000,0.000000,0.001000,0
2026-08-11 23:36:00,63597.70,63597.80,63575.40,63575.50,29.566000,263,5.977000,23.589000,63592.76,109271.63,0.00010000,0.000000,0.000000,0
2026-08-11 23:37:00,63575.50,63579.20,63575.30,63579.20,21.402000,136,13.988000,7.414000,63576.75,109267.02,0.00010000,0.000000,0.007000,0
2026-08-11 23:38:00,63579.20,63600.00,63579.10,63600.00,14.242000,249,13.819000,0.423000,63588.93,109263.96,0.00010000,0.000000,0.000000,0
2026-08-11 23:39:00,63600.00,63600.00,63588.00,63588.10,16.199000,209,5.851000,10.348000,63598.16,109261.62,0.00010000,0.000000,0.000000,0
2026-08-11 23:40:00,63588.10,63589.10,63579.10,63579.20,45.748000,157,21.685000,24.063000,63588.09,109253.99,0.00010000,0.000000,0.000000,0
2026-08-11 23:41:00,63579.20,63588.40,63579.20,63588.40,12.776000,134,10.748000,2.028000,63583.20,109249.41,0.00010000,0.000000,0.000000,0
2026-08-11 23:42:00,63588.30,63619.10,63588.30,63618.40,84.242000,380,61.625000,22.617000,63608.00,109243.72,0.00010000,0.000000,0.000000,0
2026-08-11 23:43:00,63618.40,63618.40,63604.00,63609.50,29.503000,233,19.016000,10.487000,63608.69,109239.38,0.00010000,0.000000,0.000000,0
2026-08-11 23:44:00,63609.50,63609.50,63609.40,63609.40,15.443000,114,6.733000,8.710000,63609.44,109234.84,0.00010000,0.000000,0.000000,0
2026-08-11 23:45:00,63609.50,63615.80,63609.40,63615.70,17.548000,153,10.655000,6.893000,63612.84,109235.28,0.00010000,0.000000,0.000000,0
2026-08-11 23:46:00,63615.80,63619.80,63612.80,63615.60,22.971000,188,8.889000,14.082000,63615.76,109233.24,0.00010000,0.000000,0.000000,0
2026-08-11 23:47:00,63615.70,63615.70,63611.10,63611.20,11.614000,131,8.089000,3.525000,63612.15,109230.73,0.00010000,0.000000,0.000000,0
2026-08-11 23:48:00,63611.10,63617.80,63611.10,63611.80,35.176000,169,22.925000,12.251000,63613.94,109247.46,0.00010000,0.000000,0.000000,0
2026-08-11 23:49:00,63611.80,63611.80,63610.00,63610.00,8.148000,78,4.088000,4.060000,63610.41,109250.91,0.00010000,0.000000,0.000000,0
2026-08-11 23:50:00,63610.00,63610.10,63600.10,63600.10,26.334000,145,1.180000,25.154000,63608.03,109251.31,0.00010000,0.000000,0.000000,0
2026-08-11 23:51:00,63600.00,63604.10,63600.00,63604.00,13.193000,138,8.015000,5.178000,63600.26,109262.09,0.00010000,0.000000,0.000000,0
2026-08-11 23:52:00,63604.10,63622.70,63604.10,63621.00,68.707000,354,54.577000,14.130000,63615.43,109254.18,0.00010000,0.000000,0.000000,0
2026-08-11 23:53:00,63621.00,63629.00,63600.00,63600.00,32.610000,398,10.410000,22.200000,63618.94,109252.49,0.00010000,0.000000,0.000000,0
2026-08-11 23:54:00,63600.00,63600.10,63584.90,63584.90,14.190000,202,1.246000,12.944000,63593.22,109254.04,0.00010000,0.000000,0.000000,0
2026-08-11 23:55:00,63584.90,63599.20,63584.90,63599.10,43.458000,195,30.908000,12.550000,63587.55,109267.61,0.00010000,0.000000,0.000000,0
2026-08-11 23:56:00,63599.10,63599.20,63587.20,63587.30,11.871000,137,7.535000,4.336000,63589.18,109265.65,0.00010000,0.000000,0.000000,0
2026-08-11 23:57:00,63587.20,63587.30,63584.90,63585.00,16.978000,100,6.402000,10.576000,63585.87,109268.68,0.00010000,0.000000,0.000000,0
2026-08-11 23:58:00,63584.90,63585.00,63580.00,63580.00,31.464000,161,11.904000,19.560000,63582.39,109271.48,0.00010000,0.000000,0.000000,0
2026-08-11 23:59:00,63580.00,63580.10,63574.80,63574.80,20.612000,133,0.840000,19.772000,63578.39,109272.95,0.00010000,0.000000,0.000000,0
