Timestamp,Open,High,Low,Close,Volume,AggTrades,BuyQty,SellQty,VWAP,OpenInterest,FundingRate,LiqBuyQty,LiqSellQty,IsSynthetic
2026-05-29 00:00:00,73618.70,73618.80,73591.40,73591.40,36.382000,294,8.311000,28.071000,73608.57,106585.53,0.00010000,0.000000,0.000000,0
2026-05-29 00:01:00,73591.40,73677.60,73591.40,73677.60,117.737000,1248,90.317000,27.420000,73636.52,106582.67,0.00010000,0.005000,0.000000,0
2026-05-29 00:02:00,73677.50,73725.70,73672.20,73673.40,121.884000,1666,76.922000,44.962000,73703.61,106575.26,0.00010000,0.032000,0.000000,0
2026-05-29 00:03:00,73673.30,73673.40,73626.70,73626.70,39.010000,674,12.592000,26.418000,73647.52,106577.79,0.00010000,0.000000,0.000000,0
2026-05-29 00:04:00,73626.70,73650.80,73607.70,73607.80,50.582000,731,19.446000,31.136000,73626.19,106583.51,0.00010000,0.000000,0.000000,0
2026-05-29 00:05:00,73607.80,73645.20,73607.70,73640.70,36.477000,669,19.350000,17.127000,73629.60,106589.59,0.00010000,0.006000,0.000000,0
2026-05-29 00:06:00,73640.60,73660.00,73622.60,73653.10,36.663000,592,20.693000,15.970000,73643.63,106595.61,0.00010000,0.000000,0.000000,0
2026-05-29 00:07:00,73653.10,73667.30,73630.40,73650.00,39.026000,671,23.996000,15.030000,73653.14,106596.89,0.00010000,0.000000,0.000000,0
2026-05-29 00:08:00,73650.10,73650.10,73603.90,73630.00,63.048000,830,22.116000,40.932000,73621.91,106578.60,0.00010000,0.000000,0.000000,0
2026-05-29 00:09:00,73630.00,73650.50,73630.00,73645.90,11.348000,465,6.730000,4.618000,73639.24,106579.71,0.00010000,0.000000,0.000000,0
2026-05-29 00:10:00,73645.80,73670.00,73642.20,73670.00,17.283000,412,9.204000,8.079000,73652.04,106587.00,0.00010000,0.000000,0.000000,0
2026-05-29 00:11:00,73669.90,73768.20,73669.90,73760.10,321.967000,1848,230.726000,91.241000,73735.23,106510.13,0.00010000,2.577000,0.000000,0
2026-05-29 00:12:00,73760.10,73760.20,73709.90,73711.90,94.577000,723,45.860000,48.717000,73721.74,106539.28,0.00010000,0.000000,0.000000,0
2026-05-29 00:13:00,73712.00,73722.60,73710.20,73710.30,25.988000,362,14.548000,11.440000,73715.64,106541.78,0.00010000,0.010000,0.000000,0
2026-05-29 00:14:00,73710.30,73710.30,73701.30,73701.30,29.516000,244,6.208000,23.308000,73708.49,106541.78,0.00010000,0.000000,0.000000,0
2026-05-29 00:15:00,73701.40,73725.30,73701.30,73724.40,31.051000,398,16.081000,14.970000,73716.43,106559.59,0.00010000,0.000000,0.000000,0
2026-05-29 00:16:00,73724.40,73724.40,73656.20,73674.40,47.994000,754,19.142000,28.852000,73684.70,106555.16,0.00010000,0.000000,0.000000,0
2026-05-29 00:17:00,73674.40,73760.20,73674.40,73756.30,73.087000,1181,51.274000,21.813000,73720.49,106555.38,0.00010000,0.000000,0.000000,0
2026-05-29 00:18:00,73755.90,73806.80,73746.90,73796.30,160.936000,1296,80.372000,80.564000,73783.03,106559.71,0.00010000,0.128000,0.000000,0
2026-05-29 00:19:00,73796.30,73800.20,73764.20,73796.20,51.688000,1006,24.859000,26.829000,73783.53,106522.72,0.00010000,0.000000,0.000000,0
2026-05-29 00:20:00,73796.20,73820.30,73741.80,73757.00,81.165000,1060,32.783000,48.382000,73795.91,106522.16,0.00010000,0.009000,0.000000,0
2026-05-29 00:21:00,73757.10,73799.70,73757.10,73788.60,31.235000,592,15.053000,16.182000,73784.96,106510.32,0.00010000,0.000000,0.000000,0
2026-05-29 00:22:00,73788.50,73788.60,73731.00,73776.20,40.463000,1020,18.336000,22.127000,73766.30,106515.97,0.00010000,0.000000,0.000000,0
2026-05-29 00:23:00,73776.30,73834.60,73776.20,73834.60,45.766000,675,29.982000,15.784000,73809.67,106507.35,0.00010000,0.017000,0.000000,0
2026-05-29 00:24:00,73834.60,73834.60,73811.70,73816.60,43.105000,569,13.634000,29.471000,73822.54,106510.10,0.00010000,0.000000,0.000000,0
2026-05-29 00:25:00,73816.60,73818.60,73797.60,73816.00,86.476000,573,28.247000,58.229000,73808.88,106501.85,0.00010000,0.000000,0.000000,0
2026-05-29 00:26:00,73816.00,73830.00,73816.00,73828.80,28.933000,352,14.185000,14.748000,73822.11,106476.89,0.00010000,0.000000,0.000000,0
2026-05-29 00:27:00,73828.80,73830.00,73793.20,73793.20,30.177000,464,9.426000,20.751000,73820.51,106476.40,0.00010000,0.000000,0.000000,0
2026-05-29 00:28:00,73793.30,73793.30,73741.90,73749.10,49.828000,610,19.788000,30.040000,73761.91,106465.03,0.00010000,0.000000,0.000000,0
2026-05-29 00:29:00,73749.20,73756.90,73733.10,73750.90,25.051000,449,11.973000,13.078000,73744.16,106454.28,0.00010000,0.000000,0.000000,0
2026-05-29 00:30:00,73751.00,73756.80,73742.00,73751.70,21.687000,347,6.585000,15.102000,73749.93,106446.85,0.00010000,0.000000,0.000000,0
2026-05-29 00:31:00,73751.60,73774.80,73751.60,73766.80,27.553000,336,10.625000,16.928000,73764.49,106447.09,0.00010000,0.000000,0.000000,0
2026-05-29 00:32:00,73766.80,73766.80,73731.70,73741.70,29.611000,474,6.049000,23.562000,73745.64,106446.78,0.00010000,0.000000,0.000000,0
2026-05-29 00:33:00,73741.80,73747.00,73728.10,73737.60,23.952000,384,9.293000,14.659000,73737.36,106438.67,0.00010000,0.000000,0.000000,0
2026-05-29 00:34:00,73737.70,73748.00,73737.40,73747.00,16.828000,314,6.132000,10.696000,73744.12,106440.90,0.00010000,0.000000,0.000000,0
2026-05-29 00:35:00,73747.00,73747.00,73718.40,73733.00,44.750000,438,15.805000,28.945000,73727.22,106440.74,0.00010000,0.000000,0.000000,0
2026-05-29 00:36:00,73732.90,73767.10,73732.90,73756.70,30.588000,408,14.596000,15.992000,73750.64,106433.82,0.00010000,0.002000,0.000000,0
2026-05-29 00:37:00,73756.80,73767.10,73753.30,73753.30,10.068000,225,4.592000,5.476000,73762.94,106436.94,0.00010000,0.000000,0.000000,0
2026-05-29 00:38:00,73753.40,73787.50,73753.30,73763.00,26.845000,486,14.938000,11.907000,73768.12,106437.26,0.00010000,0.000000,0.000000,0
2026-05-29 00:39:00,73763.00,73827.60,73763.00,73813.10,43.152000,585,32.833000,10.319000,73801.36,106440.67,0.00010000,0.000000,0.000000,0
2026-05-29 00:40:00,73813.20,73821.10,73796.40,73814.30,25.869000,434,15.381000,10.488000,73810.87,106437.15,0.00010000,0.000000,0.000000,0
2026-05-29 00:41:00,73814.30,73814.30,73783.20,73794.10,28.223000,424,13.208000,15.015000,73797.36,106438.93,0.00010000,0.000000,0.000000,0
2026-05-29 00:42:00,73794.10,73794.20,73775.60,73775.70,12.376000,242,2.785000,9.591000,73790.56,106436.68,0.00010000,0.000000,0.000000,0
2026-05-29 00:43:00,73775.60,73782.60,73775.60,73782.60,8.233000,163,4.759000,3.474000,73781.21,106437.12,0.00010000,0.000000,0.000000,0
2026-05-29 00:44:00,73782.50,73782.60,73760.30,73777.70,27.602000,527,12.021000,15.581000,73770.98,106442.62,0.00010000,0.000000,0.000000,0
2026-05-29 00:45:00,73777.80,73828.90,73772.90,73825.70,129.603000,662,116.246000,13.357000,73806.80,106447.40,0.00010000,0.005000,0.000000,0
2026-05-29 00:46:00,73825.70,73825.80,73756.10,73756.10,218.035000,935,6.433000,211.602000,73789.12,106528.46,0.00010000,0.000000,0.000000,0
2026-05-29 00:47:00,73756.20,73762.80,73734.90,73758.20,41.172000,495,24.483000,16.689000,73749.54,106467.70,0.00010000,0.000000,0.000000,0
2026-05-29 00:48:00,73758.20,73758.60,73758.20,73758.20,18.870000,100,9.161000,9.709000,73758.37,106462.02,0.00010000,0.000000,0.000000,0
2026-05-29 00:49:00,73758.30,73758.30,73748.00,73748.10,14.430000,144,1.922000,12.508000,73754.01,106462.79,0.00010000,0.000000,0.000000,0
2026-05-29 00:50:00,73748.10,73758.90,73724.70,73725.30,22.494000,432,5.275000,17.219000,73739.22,106461.42,0.00010000,0.000000,0.000000,0
2026-05-29 00:51:00,73725.30,73772.80,73725.30,73770.90,30.503000,453,21.233000,9.270000,73751.62,106457.87,0.00010000,0.000000,0.000000,0
2026-05-29 00:52:00,73770.80,73770.90,73749.10,73749.20,13.812000,239,5.251000,8.561000,73757.23,106464.76,0.00010000,0.000000,0.000000,0
2026-05-29 00:53:00,73749.20,73749.20,73725.50,73725.50,23.468000,393,6.908000,16.560000,73743.65,106464.41,0.00010000,0.000000,0.015000,0
2026-05-29 00:54:00,73725.40,73725.40,73700.30,73707.00,30.039000,542,6.421000,23.618000,73710.19,106460.15,0.00010000,0.000000,0.199000,0
2026-05-29 00:55:00,73706.90,73707.00,73678.70,73679.10,34.024000,464,7.101000,26.923000,73696.12,106462.37,0.00010000,0.000000,0.000000,0
2026-05-29 00:56:00,73679.10,73679.20,73651.70,73651.70,26.044000,323,4.640000,21.404000,73663.60,106458.57,0.00010000,0.000000,0.000000,0
2026-05-29 00:57:00,73651.70,73680.00,73651.70,73676.20,26.264000,446,13.157000,13.107000,73668.76,106450.40,0.00010000,0.000000,0.000000,0
2026-05-29 00:58:00,73676.10,73690.00,73676.10,73690.00,17.841000,219,7.922000,9.919000,73680.39,106446.53,0.00010000,0.000000,0.000000,0
2026-05-29 00:59:00,73689.90,73697.90,73689.90,73697.50,20.553000,278,12.884000,7.669000,73693.93,106445.89,0.00010000,0.000000,0.000000,0
2026-05-29 01:00:00,73697.60,73697.60,73672.30,73693.90,63.998000,561,16.285000,47.713000,73682.88,106439.43,0.00010000,0.000000,0.003000,0
2026-05-29 01:01:00,73693.90,73751.50,73693.80,73742.80,67.095000,1013,55.481000,11.614000,73728.16,106435.51,0.00010000,0.000000,0.000000,0
2026-05-29 01:02:00,73742.70,73783.80,73742.70,73773.00,34.341000,580,19.749000,14.592000,73766.15,106442.29,0.00010000,0.000000,0.000000,0
2026-05-29 01:03:00,73773.00,73773.00,73743.90,73743.90,13.159000,467,7.975000,5.184000,73754.08,106433.54,0.00010000,0.004000,0.020000,0
2026-05-29 01:04:00,73743.90,73744.00,73711.10,73711.20,7.038000,291,0.578000,6.460000,73726.04,106432.19,0.00010000,0.000000,0.000000,0
2026-05-29 01:05:00,73711.20,73757.90,73711.10,73756.90,34.011000,499,27.562000,6.449000,73736.94,106431.59,0.00010000,0.000000,0.000000,0
2026-05-29 01:06:00,73756.80,73816.30,73756.80,73797.70,124.740000,930,102.872000,21.868000,73798.12,106449.88,0.00010000,0.000000,0.000000,0
2026-05-29 01:07:00,73797.70,73827.00,73790.00,73795.10,69.548000,1077,46.612000,22.936000,73803.27,106400.59,0.00010000,0.001000,0.000000,0
2026-05-29 01:08:00,73795.00,73800.00,73785.00,73799.90,22.482000,366,12.063000,10.419000,73794.06,106401.50,0.00010000,0.000000,0.000000,0
2026-05-29 01:09:00,73800.00,73826.60,73791.40,73818.10,58.543000,816,42.662000,15.881000,73808.38,106398.21,0.00010000,0.000000,0.000000,0
2026-05-29 01:10:00,73818.20,73844.00,73818.10,73830.10,43.180000,488,21.448000,21.732000,73830.07,106392.23,0.00010000,0.047000,0.000000,0
2026-05-29 01:11:00,73830.00,73840.90,73807.40,73820.10,47.241000,741,33.623000,13.618000,73825.73,106390.30,0.00010000,0.000000,0.000000,0
2026-05-29 01:12:00,73820.10,73825.00,73774.30,73777.90,39.839000,654,26.523000,13.316000,73801.73,106381.93,0.00010000,0.000000,0.000000,0
2026-05-29 01:13:00,73778.00,73790.80,73774.40,73787.10,23.989000,314,12.337000,11.652000,73782.89,106386.88,0.00010000,0.000000,0.000000,0
2026-05-29 01:14:00,73786.70,73787.10,73724.80,73732.10,56.254000,705,20.674000,35.580000,73761.99,106385.62,0.00010000,0.000000,0.000000,0
2026-05-29 01:15:00,73732.20,73758.50,73732.10,73758.50,21.202000,358,13.207000,7.995000,73738.97,106367.69,0.00010000,0.000000,0.000000,0
2026-05-29 01:16:00,73758.60,73758.60,73711.90,73722.30,34.346000,528,12.018000,22.328000,73732.53,106371.67,0.00010000,0.000000,0.000000,0
2026-05-29 01:17:00,73722.20,73755.00,73722.20,73755.00,12.713000,344,6.963000,5.750000,73739.19,106366.69,0.00010000,0.000000,0.000000,0
2026-05-29 01:18:00,73755.00,73758.10,73740.10,73752.30,16.847000,306,4.626000,12.221000,73751.97,106365.65,0.00010000,0.000000,0.000000,0
2026-05-29 01:19:00,73752.30,73779.10,73711.80,73711.80,213.377000,1280,70.383000,142.994000,73735.37,106364.23,0.00010000,0.000000,0.000000,0
2026-05-29 01:20:00,73711.90,73711.90,73676.60,73679.30,32.603000,451,3.281000,29.322000,73694.28,106438.51,0.00010000,0.000000,0.000000,0
2026-05-29 01:21:00,73679.40,73679.40,73574.00,73579.90,163.291000,1469,40.366000,122.925000,73621.87,106419.95,0.00010000,0.000000,0.751000,0
2026-05-29 01:22:00,73579.90,73616.50,73579.90,73589.40,41.358000,782,22.658000,18.700000,73594.76,106395.10,0.00010000,0.000000,0.000000,0
2026-05-29 01:23:00,73589.40,73609.10,73579.30,73596.80,41.623000,763,20.989000,20.634000,73595.59,106392.41,0.00010000,0.000000,0.000000,0
2026-05-29 01:24:00,73596.80,73600.00,73588.00,73589.80,19.002000,343,7.045000,11.957000,73594.65,106398.85,0.00010000,0.000000,0.000000,0
2026-05-29 01:25:00,73589.90,73610.70,73576.40,73582.40,30.941000,593,9.501000,21.440000,73593.65,106398.47,0.00010000,0.000000,0.000000,0
2026-05-29 01:26:00,73582.60,73613.50,73576.00,73588.10,38.774000,647,25.717000,13.057000,73598.16,106407.84,0.00010000,0.000000,0.000000,0
2026-05-29 01:27:00,73588.10,73611.50,73576.00,73576.00,38.367000,582,17.553000,20.814000,73593.60,106412.16,0.00010000,0.000000,1.100000,0
2026-05-29 01:28:00,73576.10,73576.10,73571.00,73571.00,22.591000,229,5.972000,16.619000,73575.28,106408.19,0.00010000,0.000000,0.001000,0
2026-05-29 01:29:00,73571.10,73600.00,73538.60,73599.90,107.661000,941,61.037000,46.624000,73562.35,106416.99,0.00010000,0.000000,0.035000,0
2026-05-29 01:30:00,73599.90,73599.90,73569.00,73569.00,17.008000,392,5.632000,11.376000,73582.93,106407.03,0.00010000,0.000000,0.001000,0
2026-05-29 01:31:00,73569.10,73569.10,73520.40,73552.20,68.074000,885,32.469000,35.605000,73538.32,106398.63,0.00010000,0.000000,0.017000,0
2026-05-29 01:32:00,73552.20,73552.30,73510.00,73527.80,73.099000,925,23.330000,49.769000,73529.17,106380.29,0.00010000,0.000000,0.008000,0
2026-05-29 01:33:00,73527.70,73527.70,73503.20,73512.30,39.071000,605,16.213000,22.858000,73513.77,106379.23,0.00010000,0.000000,0.009000,0
2026-05-29 01:34:00,73512.40,73522.50,73498.90,73516.00,72.876000,575,29.744000,43.132000,73506.10,106376.70,0.00010000,0.000000,0.000000,0
2026-05-29 01:35:00,73516.10,73557.10,73516.00,73557.10,112.165000,438,106.165000,6.000000,73523.70,106410.73,0.00010000,0.000000,0.000000,0
2026-05-29 01:36:00,73557.10,73557.10,73508.60,73523.20,54.576000,759,14.468000,40.108000,73532.88,106416.84,0.00010000,0.000000,0.000000,0
2026-05-29 01:37:00,73523.20,73539.90,73477.60,73477.70,40.697000,713,12.047000,28.650000,73506.57,106411.81,0.00010000,0.000000,0.100000,0
2026-05-29 01:38:00,73477.60,73498.90,73477.60,73485.20,43.117000,493,23.782000,19.335000,73487.88,106392.80,0.00010000,0.000000,0.000000,0
2026-05-29 01:39:00,73485.30,73485.30,73450.00,73451.50,101.847000,1071,35.214000,66.633000,73465.43,106386.12,0.00010000,0.000000,0.822000,0
2026-05-29 01:40:00,73451.50,73482.00,73451.50,73482.00,47.760000,546,20.887000,26.873000,73468.81,106377.62,0.00010000,0.000000,0.000000,0
2026-05-29 01:41:00,73482.00,73490.10,73467.80,73489.10,30.678000,530,17.425000,13.253000,73480.77,106379.77,0.00010000,0.000000,0.000000,0
2026-05-29 01:42:00,73489.00,73489.10,73467.80,73483.00,46.443000,502,13.648000,32.795000,73478.25,106380.09,0.00010000,0.000000,0.000000,0
2026-05-29 01:43:00,73483.10,73500.00,73471.50,73500.00,37.984000,636,16.357000,21.627000,73480.88,106371.50,0.00010000,0.000000,0.000000,0
2026-05-29 01:44:00,73499.90,73500.00,73476.30,73495.00,23.991000,563,10.543000,13.448000,73486.89,106374.22,0.00010000,0.000000,0.000000,0
2026-05-29 01:45:00,73495.10,73500.00,73495.00,73499.90,17.394000,262,12.519000,4.875000,73497.73,106381.97,0.00010000,0.000000,0.000000,0
2026-05-29 01:46:00,73500.00,73532.70,73499.90,73532.60,28.025000,423,24.398000,3.627000,73514.29,106376.02,0.00010000,0.000000,0.000000,0
2026-05-29 01:47:00,73532.70,73569.10,73529.90,73566.00,37.574000,515,29.962000,7.612000,73546.97,106381.59,0.00010000,0.000000,0.000000,0
2026-05-29 01:48:00,73565.90,73566.00,73520.00,73520.00,33.142000,537,8.018000,25.124000,73542.25,106386.25,0.00010000,0.000000,0.000000,0
2026-05-29 01:49:00,73520.00,73534.90,73502.40,73514.20,56.755000,640,7.932000,48.823000,73522.07,106385.57,0.00010000,0.000000,0.000000,0
2026-05-29 01:50:00,73514.00,73514.10,73430.50,73438.80,83.556000,940,11.210000,72.346000,73466.33,106345.77,0.00010000,0.000000,0.001000,0
2026-05-29 01:51:00,73438.80,73488.90,73434.20,73488.90,43.133000,611,26.537000,16.596000,73458.35,106327.88,0.00010000,0.000000,0.000000,0
2026-05-29 01:52:00,73488.80,73499.00,73476.50,73498.90,13.079000,418,4.960000,8.119000,73487.80,106329.59,0.00010000,0.000000,0.000000,0
2026-05-29 01:53:00,73499.00,73499.00,73476.50,73487.90,27.595000,425,6.222000,21.373000,73485.22,106328.60,0.00010000,0.000000,0.000000,0
2026-05-29 01:54:00,73487.90,73488.00,73476.50,73476.50,12.092000,234,4.016000,8.076000,73482.41,106334.39,0.00010000,0.000000,0.000000,0
2026-05-29 01:55:00,73476.50,73585.70,73476.50,73576.90,142.159000,1231,130.237000,11.922000,73541.01,106353.71,0.00010000,0.000000,0.000000,0
2026-05-29 01:56:00,73576.80,73600.10,73576.80,73582.50,98.652000,676,57.609000,41.043000,73592.17,106306.23,0.00010000,0.000000,0.025000,0
2026-05-29 01:57:00,73582.50,73583.20,73565.90,73565.90,38.012000,290,20.391000,17.621000,73579.11,106294.13,0.00010000,0.000000,0.000000,0
2026-05-29 01:58:00,73565.90,73583.90,73555.80,73556.90,17.898000,575,7.060000,10.838000,73568.93,106291.82,0.00010000,0.000000,0.000000,0
2026-05-29 01:59:00,73556.80,73575.30,73542.50,73551.20,92.796000,787,50.797000,41.999000,73556.58,106319.88,0.00010000,0.000000,0.000000,0
2026-05-29 02:00:00,73551.30,73583.90,73551.20,73558.50,47.012000,576,17.812000,29.200000,73570.75,106332.49,0.00010000,0.000000,0.000000,0
2026-05-29 02:01:00,73558.50,73576.50,73520.70,73540.00,43.176000,1011,14.454000,28.722000,73548.63,106338.67,0.00010000,0.000000,0.000000,0
2026-05-29 02:02:00,73539.90,73568.60,73527.70,73568.50,27.818000,536,16.657000,11.161000,73547.00,106338.15,0.00010000,0.000000,0.000000,0
2026-05-29 02:03:00,73568.50,73585.50,73553.10,73577.90,23.198000,644,9.634000,13.564000,73570.68,106336.82,0.00010000,0.000000,0.000000,0
2026-05-29 02:04:00,73577.80,73600.00,73574.40,73599.90,15.048000,384,10.098000,4.950000,73592.11,106338.07,0.00010000,0.000000,0.000000,0
2026-05-29 02:05:00,73600.00,73614.90,73569.90,73577.10,90.036000,802,34.519000,55.517000,73586.50,106345.31,0.00010000,0.000000,0.000000,0
2026-05-29 02:06:00,73577.10,73577.20,73563.40,73573.00,12.423000,379,7.456000,4.967000,73569.41,106345.91,0.00010000,0.000000,0.000000,0
2026-05-29 02:07:00,73573.00,73580.10,73555.20,73574.10,33.616000,567,18.824000,14.792000,73568.46,106347.73,0.00010000,0.000000,0.000000,0
2026-05-29 02:08:00,73574.10,73574.10,73550.00,73550.00,13.568000,333,1.332000,12.236000,73563.11,106345.58,0.00010000,0.000000,0.000000,0
2026-05-29 02:09:00,73550.00,73550.10,73522.70,73533.80,44.314000,582,16.572000,27.742000,73533.23,106338.38,0.00010000,0.000000,0.000000,0
2026-05-29 02:10:00,73533.80,73596.80,73531.40,73596.70,78.565000,921,67.146000,11.419000,73561.54,106337.35,0.00010000,0.000000,0.000000,0
2026-05-29 02:11:00,73596.70,73596.80,73573.30,73573.30,15.699000,372,6.324000,9.375000,73587.32,106338.17,0.00010000,0.000000,0.000000,0
2026-05-29 02:12:00,73573.30,73576.00,73564.20,73566.00,32.696000,355,9.289000,23.407000,73567.00,106336.00,0.00010000,0.000000,0.000000,0
2026-05-29 02:13:00,73565.90,73594.10,73565.90,73594.10,14.353000,359,5.157000,9.196000,73586.70,106345.81,0.00010000,0.000000,0.000000,0
2026-05-29 02:14:00,73594.00,73608.10,73581.80,73581.80,26.751000,465,8.674000,18.077000,73592.44,106346.12,0.00010000,0.000000,0.000000,0
2026-05-29 02:15:00,73581.80,73600.00,73581.80,73600.00,11.809000,499,4.700000,7.109000,73592.47,106353.72,0.00010000,0.000000,0.000000,0
2026-05-29 02:16:00,73599.90,73616.90,73599.90,73610.10,28.090000,437,17.110000,10.980000,73611.59,106355.66,0.00010000,0.000000,0.000000,0
2026-05-29 02:17:00,73610.20,73610.20,73548.60,73568.60,44.696000,761,10.880000,33.816000,73571.01,106351.24,0.00010000,0.000000,0.000000,0
2026-05-29 02:18:00,73568.50,73586.70,73568.50,73584.50,14.101000,353,6.677000,7.424000,73579.05,106357.41,0.00010000,0.000000,0.000000,0
2026-05-29 02:19:00,73584.40,73610.00,73584.40,73609.90,13.440000,334,6.425000,7.015000,73601.97,106357.45,0.00010000,0.000000,0.000000,0
2026-05-29 02:20:00,73609.90,73612.90,73595.80,73595.80,22.261000,374,11.331000,10.930000,73605.58,106352.75,0.00010000,0.000000,0.000000,0
2026-05-29 02:21:00,73595.80,73595.90,73531.50,73531.50,42.404000,531,6.928000,35.476000,73571.50,106345.09,0.00010000,0.000000,0.000000,0
2026-05-29 02:22:00,73531.50,73551.70,73530.00,73534.40,37.454000,405,18.964000,18.490000,73539.38,106336.90,0.00010000,0.000000,0.000000,0
2026-05-29 02:23:00,73534.30,73534.40,73463.20,73473.60,52.211000,864,11.529000,40.682000,73489.86,106341.91,0.00010000,0.000000,0.000000,0
2026-05-29 02:24:00,73473.70,73509.70,73473.60,73474.10,48.179000,589,26.295000,21.884000,73484.62,106359.34,0.00010000,0.000000,0.000000,0
2026-05-29 02:25:00,73474.00,73474.00,73444.90,73444.90,29.163000,364,2.471000,26.692000,73457.60,106367.92,0.00010000,0.000000,0.009000,0
2026-05-29 02:26:00,73445.00,73450.60,73411.90,73437.20,100.228000,1027,38.391000,61.837000,73431.76,106359.93,0.00010000,0.000000,0.002000,0
2026-05-29 02:27:00,73437.30,73461.80,73420.00,73420.00,62.641000,736,35.870000,26.771000,73449.89,106352.12,0.00010000,0.000000,0.000000,0
2026-05-29 02:28:00,73420.10,73428.10,73382.90,73414.60,98.337000,1160,27.988000,70.349000,73401.39,106349.88,0.00010000,0.000000,0.483000,0
2026-05-29 02:29:00,73414.20,73422.30,73405.00,73412.40,45.153000,459,14.643000,30.510000,73412.70,106351.32,0.00010000,0.000000,0.000000,0
2026-05-29 02:30:00,73412.40,73412.40,73331.10,73359.10,264.405000,1677,67.815000,196.590000,73364.40,106362.56,0.00010000,0.000000,0.510000,0
2026-05-29 02:31:00,73359.10,73396.40,73330.20,73382.50,150.020000,1686,72.941000,77.079000,73366.62,106344.36,0.00010000,0.000000,0.000000,0
2026-05-29 02:32:00,73382.60,73395.00,73371.50,73371.50,35.692000,432,14.250000,21.442000,73384.63,106354.90,0.00010000,0.000000,0.000000,0
2026-05-29 02:33:00,73371.50,73389.30,73328.70,73389.30,89.304000,1105,23.922000,65.382000,73353.92,106370.60,0.00010000,0.000000,0.138000,0
2026-05-29 02:34:00,73389.30,73433.90,73389.20,73433.90,48.860000,614,32.183000,16.677000,73405.90,106382.46,0.00010000,0.000000,0.000000,0
2026-05-29 02:35:00,73433.90,73446.90,73433.90,73434.70,33.331000,404,22.677000,10.654000,73439.86,106386.08,0.00010000,0.000000,0.000000,0
2026-05-29 02:36:00,73434.80,73458.60,73434.70,73451.30,34.779000,455,16.461000,18.318000,73452.13,106373.55,0.00010000,1.000000,0.014000,0
2026-05-29 02:37:00,73451.30,73451.40,73424.80,73424.90,19.061000,305,3.438000,15.623000,73435.93,106369.75,0.00010000,0.000000,0.000000,0
2026-05-29 02:38:00,73424.80,73434.90,73407.70,73416.70,19.154000,418,9.060000,10.094000,73418.04,106376.84,0.00010000,0.000000,0.000000,0
2026-05-29 02:39:00,73416.70,73434.40,73416.70,73429.00,14.054000,353,5.543000,8.511000,73426.31,106375.61,0.00010000,0.000000,0.000000,0
2026-05-29 02:40:00,73428.90,73436.70,73420.90,73425.50,26.333000,307,6.741000,19.592000,73432.48,106384.13,0.00010000,0.000000,0.100000,0
2026-05-29 02:41:00,73425.50,73425.60,73425.50,73425.60,4.536000,127,2.742000,1.794000,73425.56,106383.51,0.00010000,0.000000,0.000000,0
2026-05-29 02:42:00,73425.50,73425.60,73395.00,73406.50,39.296000,536,21.802000,17.494000,73405.18,106378.07,0.00010000,0.000000,0.000000,0
2026-05-29 02:43:00,73406.40,73406.50,73300.00,73318.00,186.775000,1350,26.795000,159.980000,73349.74,106404.85,0.00010000,0.000000,0.112000,0
2026-05-29 02:44:00,73318.00,73318.10,73301.20,73310.30,54.616000,651,14.959000,39.657000,73312.29,106369.67,0.00010000,0.000000,0.007000,0
2026-05-29 02:45:00,73310.40,73316.00,73300.00,73315.90,171.168000,418,12.000000,159.168000,73301.07,106295.36,0.00010000,0.000000,0.020000,0
2026-05-29 02:46:00,73315.90,73351.60,73315.90,73347.60,38.465000,466,25.689000,12.776000,73342.08,106294.71,0.00010000,0.000000,0.000000,0
2026-05-29 02:47:00,73347.60,73353.60,73346.20,73350.80,35.820000,245,13.984000,21.836000,73350.49,106298.46,0.00010000,0.000000,0.000000,0
2026-05-29 02:48:00,73350.70,73378.50,73338.30,73356.20,48.744000,819,27.019000,21.725000,73354.42,106297.86,0.00010000,0.000000,0.000000,0
2026-05-29 02:49:00,73356.20,73356.30,73350.50,73350.50,10.402000,169,4.346000,6.056000,73351.98,106298.75,0.00010000,0.000000,0.000000,0
2026-05-29 02:50:00,73350.60,73354.60,73336.40,73336.40,13.818000,228,5.265000,8.553000,73350.84,106298.30,0.00010000,0.000000,0.000000,0
2026-05-29 02:51:00,73336.40,73338.80,73325.70,73327.40,28.196000,416,10.979000,17.217000,73332.22,106299.15,0.00010000,0.000000,0.001000,0
2026-05-29 02:52:00,73327.50,73338.70,73327.50,73332.00,10.368000,243,3.847000,6.521000,73337.07,106300.47,0.00010000,0.000000,0.000000,0
2026-05-29 02:53:00,73331.90,73332.00,73284.50,73294.60,126.910000,631,21.470000,105.440000,73301.69,106306.27,0.00010000,0.000000,0.466000,0
2026-05-29 02:54:00,73294.60,73297.40,73259.50,73271.60,95.342000,775,31.051000,64.291000,73278.94,106240.84,0.00010000,0.000000,0.833000,0
2026-05-29 02:55:00,73271.60,73279.00,73214.80,73218.30,128.238000,1144,28.666000,99.572000,73238.92,106216.06,0.00010000,0.000000,3.516000,0
2026-05-29 02:56:00,73218.40,73238.30,73165.20,73230.00,290.561000,2044,97.450000,193.111000,73203.65,106121.14,0.00010000,0.000000,0.139000,0
2026-05-29 02:57:00,73229.90,73250.00,73229.90,73235.00,52.135000,507,25.424000,26.711000,73240.93,106129.42,0.00010000,0.000000,0.013000,0
2026-05-29 02:58:00,73235.00,73249.40,73234.90,73242.40,21.360000,345,13.043000,8.317000,73244.15,106129.02,0.00010000,0.000000,0.000000,0
2026-05-29 02:59:00,73242.30,73242.40,73158.80,73171.20,185.307000,1239,52.464000,132.843000,73185.71,106135.49,0.00010000,0.000000,0.627000,0
2026-05-29 03:00:00,73171.30,73204.50,73171.20,73201.90,133.299000,771,85.135000,48.164000,73186.17,106075.38,0.00010000,0.026000,0.000000,0
2026-05-29 03:01:00,73201.90,73258.30,73201.90,73230.50,163.461000,1442,91.149000,72.312000,73231.62,106081.45,0.00010000,0.000000,0.000000,0
2026-05-29 03:02:00,73230.60,73247.30,73230.60,73247.20,37.699000,329,30.999000,6.700000,73242.06,106091.10,0.00010000,0.000000,0.000000,0
2026-05-29 03:03:00,73247.20,73267.70,73228.30,73228.30,83.672000,792,39.072000,44.600000,73249.21,106103.50,0.00010000,0.000000,0.000000,0
2026-05-29 03:04:00,73228.40,73278.80,73224.00,73272.80,118.918000,775,104.977000,13.941000,73250.64,106107.42,0.00010000,0.000000,0.000000,0
2026-05-29 03:05:00,73272.80,73278.70,73261.10,73261.10,33.178000,470,9.367000,23.811000,73271.10,106133.80,0.00010000,0.000000,0.000000,0
2026-05-29 03:06:00,73261.10,73290.50,73261.10,73290.50,45.041000,542,24.518000,20.523000,73273.86,106140.40,0.00010000,0.000000,0.000000,0
2026-05-29 03:07:00,73290.60,73304.00,73290.60,73297.00,32.493000,366,22.020000,10.473000,73299.39,106140.73,0.00010000,0.000000,0.000000,0
2026-05-29 03:08:00,73297.10,73347.70,73297.00,73343.60,48.631000,672,41.234000,7.397000,73328.05,106147.70,0.00010000,0.000000,0.000000,0
2026-05-29 03:09:00,73343.70,73379.80,73337.30,73379.80,61.592000,658,51.593000,9.999000,73356.85,106141.25,0.00010000,0.045000,0.000000,0
2026-05-29 03:10:00,73379.80,73433.00,73379.70,73425.40,118.122000,1063,89.331000,28.791000,73411.40,106127.48,0.00010000,0.020000,0.000000,0
2026-05-29 03:11:00,73425.50,73425.50,73403.00,73419.80,45.313000,674,23.524000,21.789000,73413.79,106122.29,0.00010000,0.012000,0.001000,0
2026-05-29 03:12:00,73419.90,73426.80,73409.20,73416.70,50.515000,519,31.207000,19.308000,73416.56,106115.91,0.00010000,0.000000,0.000000,0
2026-05-29 03:13:00,73416.70,73416.70,73407.60,73414.90,15.520000,240,8.507000,7.013000,73412.18,106119.08,0.00010000,0.000000,0.000000,0
2026-05-29 03:14:00,73414.90,73434.20,73414.90,73434.10,18.507000,295,12.502000,6.005000,73423.59,106116.75,0.00010000,0.006000,0.000000,0
2026-05-29 03:15:00,73434.10,73434.10,73422.30,73422.40,8.890000,210,2.452000,6.438000,73426.05,106118.51,0.00010000,0.000000,0.000000,0
2026-05-29 03:16:00,73422.40,73422.40,73355.40,73383.70,72.559000,818,22.347000,50.212000,73389.76,106095.94,0.00010000,0.000000,0.000000,0
2026-05-29 03:17:00,73383.70,73402.30,73378.20,73378.30,16.088000,427,6.061000,10.027000,73391.21,106102.85,0.00010000,0.000000,0.000000,0
2026-05-29 03:18:00,73378.30,73397.20,73378.20,73391.50,36.686000,356,18.647000,18.039000,73387.48,106110.59,0.00010000,0.000000,0.000000,0
2026-05-29 03:19:00,73391.50,73408.10,73378.00,73391.30,33.806000,580,23.056000,10.750000,73397.67,106108.61,0.00010000,0.000000,0.000000,0
2026-05-29 03:20:00,73391.30,73407.60,73378.40,73407.60,49.295000,401,23.768000,25.527000,73389.12,106097.81,0.00010000,0.000000,0.000000,0
2026-05-29 03:21:00,73407.50,73407.60,73399.30,73406.90,11.204000,225,5.491000,5.713000,73404.74,106102.36,0.00010000,0.000000,0.000000,0
2026-05-29 03:22:00,73406.90,73407.00,73399.90,73399.90,8.469000,141,2.844000,5.625000,73400.50,106104.16,0.00010000,0.000000,0.000000,0
2026-05-29 03:23:00,73400.00,73400.00,73367.50,73375.30,30.150000,362,6.006000,24.144000,73377.13,106095.26,0.00010000,0.000000,0.000000,0
2026-05-29 03:24:00,73375.30,73389.20,73373.60,73380.90,14.323000,408,6.453000,7.870000,73381.95,106098.70,0.00010000,0.000000,0.000000,0
2026-05-29 03:25:00,73380.80,73388.80,73379.20,73379.30,7.599000,209,3.554000,4.045000,73381.51,106101.67,0.00010000,0.000000,0.000000,0
2026-05-29 03:26:00,73379.20,73389.30,73364.90,73384.00,14.885000,440,6.342000,8.543000,73377.75,106102.71,0.00010000,0.000000,0.000000,0
2026-05-29 03:27:00,73383.90,73383.90,73371.20,73383.70,11.151000,322,4.340000,6.811000,73377.62,106107.07,0.00010000,0.000000,0.000000,0
2026-05-29 03:28:00,73383.70,73383.70,73363.10,73363.20,8.358000,202,2.400000,5.958000,73368.76,106108.20,0.00010000,0.000000,0.000000,0
2026-05-29 03:29:00,73363.10,73363.20,73363.10,73363.10,6.219000,106,1.315000,4.904000,73363.12,106105.05,0.00010000,0.000000,0.000000,0
2026-05-29 03:30:00,73363.20,73363.20,73363.10,73363.20,4.271000,89,1.524000,2.747000,73363.14,106105.71,0.00010000,0.000000,0.000000,0
2026-05-29 03:31:00,73363.20,73377.90,73363.10,73363.30,23.571000,285,14.694000,8.877000,73369.93,106106.38,0.00010000,0.000000,0.000000,0
2026-05-29 03:32:00,73363.30,73374.10,73333.00,73374.10,100.649000,823,38.601000,62.048000,73348.65,106075.49,0.00010000,0.000000,0.000000,0
2026-05-29 03:33:00,73374.00,73392.90,73374.00,73392.80,13.657000,224,12.493000,1.164000,73382.21,106069.81,0.00010000,0.000000,0.000000,0
2026-05-29 03:34:00,73392.80,73418.00,73392.80,73418.00,54.531000,285,42.354000,12.177000,73403.19,106057.24,0.00010000,0.000000,0.000000,0
2026-05-29 03:35:00,73417.90,73418.00,73398.00,73406.40,26.495000,317,6.323000,20.172000,73411.79,106057.24,0.00010000,0.000000,0.000000,0
2026-05-29 03:36:00,73406.40,73406.40,73350.80,73350.90,38.352000,482,2.795000,35.557000,73383.49,106062.02,0.00010000,0.000000,0.000000,0
2026-05-29 03:37:00,73350.90,73350.90,73297.00,73317.80,174.598000,725,55.947000,118.651000,73306.16,106051.14,0.00010000,0.000000,0.000000,0
2026-05-29 03:38:00,73317.80,73321.90,73310.00,73316.50,25.533000,285,13.145000,12.388000,73317.11,106126.30,0.00010000,0.000000,0.000000,0
2026-05-29 03:39:00,73316.50,73320.50,73296.70,73296.70,13.595000,290,2.866000,10.729000,73308.91,106125.75,0.00010000,0.000000,0.000000,0
2026-05-29 03:40:00,73296.70,73296.70,73281.60,73293.10,30.665000,335,15.290000,15.375000,73285.19,106127.70,0.00010000,0.000000,0.000000,0
2026-05-29 03:41:00,73293.10,73315.20,73293.10,73315.10,24.341000,305,9.270000,15.071000,73305.79,106123.24,0.00010000,0.000000,0.000000,0
2026-05-29 03:42:00,73315.10,73343.20,73315.10,73338.90,61.819000,426,51.980000,9.839000,73331.73,106115.32,0.00010000,0.000000,0.000000,0
2026-05-29 03:43:00,73338.90,73338.90,73324.40,73330.60,13.093000,234,5.791000,7.302000,73330.28,106090.87,0.00010000,0.000000,0.000000,0
2026-05-29 03:44:00,73330.60,73335.00,73330.50,73331.40,8.875000,137,6.249000,2.626000,73333.73,106087.58,0.00010000,0.000000,0.000000,0
2026-05-29 03:45:00,73331.30,73332.10,73331.30,73332.10,5.604000,121,3.476000,2.128000,73331.48,106087.07,0.00010000,0.000000,0.000000,0
2026-05-29 03:46:00,73332.00,73335.60,73317.30,73335.60,28.752000,357,10.398000,18.354000,73326.02,106087.34,0.00010000,0.000000,0.000000,0
2026-05-29 03:47:00,73335.50,73335.60,73314.70,73314.70,19.598000,264,1.576000,18.022000,73317.50,106080.63,0.00010000,0.000000,0.083000,0
2026-05-29 03:48:00,73314.80,73316.40,73312.90,73316.10,10.588000,126,2.439000,8.149000,73314.87,106082.59,0.00010000,0.000000,0.005000,0
2026-05-29 03:49:00,73316.10,73318.80,73316.10,73318.70,17.153000,108,4.712000,12.441000,73317.66,106082.59,0.00010000,0.000000,0.000000,0
2026-05-29 03:50:00,73318.70,73326.00,73310.50,73310.50,12.730000,254,3.577000,9.153000,73322.09,106081.50,0.00010000,0.000000,0.000000,0
2026-05-29 03:51:00,73310.50,73334.70,73310.50,73334.70,11.057000,265,7.995000,3.062000,73325.54,106081.68,0.00010000,0.000000,0.000000,0
2026-05-29 03:52:00,73334.60,73334.70,73295.00,73295.10,28.709000,353,7.498000,21.211000,73307.97,106077.81,0.00010000,0.000000,0.000000,0
2026-05-29 03:53:00,73295.00,73295.10,73230.90,73245.80,82.574000,780,13.231000,69.343000,73254.58,106070.22,0.00010000,0.000000,0.009000,0
2026-05-29 03:54:00,73245.70,73280.50,73245.70,73265.70,25.494000,483,11.322000,14.172000,73266.89,106046.24,0.00010000,0.000000,0.000000,0
2026-05-29 03:55:00,73265.70,73285.00,73265.70,73285.00,14.234000,259,11.927000,2.307000,73269.63,106052.58,0.00010000,0.000000,0.000000,0
2026-05-29 03:56:00,73284.90,73303.30,73284.90,73303.30,13.435000,255,10.209000,3.226000,73296.94,106053.29,0.00010000,0.000000,0.000000,0
2026-05-29 03:57:00,73303.20,73303.50,73254.90,73274.60,138.523000,807,44.695000,93.828000,73272.35,106051.40,0.00010000,0.000000,0.000000,0
2026-05-29 03:58:00,73274.50,73274.60,73256.30,73262.10,17.278000,279,2.604000,14.674000,73264.54,106007.73,0.00010000,0.000000,0.000000,0
2026-05-29 03:59:00,73262.10,73269.70,73261.30,73269.60,16.983000,167,4.033000,12.950000,73262.34,106004.51,0.00010000,0.000000,0.000000,0
2026-05-29 04:00:00,73269.60,73269.70,73262.00,73269.20,14.247000,216,3.495000,10.752000,73265.90,106005.47,0.00010000,0.010000,0.000000,0
2026-05-29 04:01:00,73269.10,73322.20,73269.10,73322.20,83.584000,669,31.807000,51.777000,73293.25,106004.15,0.00010000,0.000000,0.000000,0
2026-05-29 04:02:00,73322.20,73325.90,73309.20,73309.30,42.480000,443,27.333000,15.147000,73316.63,105995.40,0.00010000,0.000000,0.000000,0
2026-05-29 04:03:00,73309.20,73309.30,73300.00,73300.10,17.419000,207,8.838000,8.581000,73301.37,105990.12,0.00010000,0.000000,0.000000,0
2026-05-29 04:04:00,73300.10,73340.00,73300.10,73339.90,30.526000,410,26.657000,3.869000,73319.93,105986.93,0.00010000,0.000000,0.000000,0
2026-05-29 04:05:00,73339.90,73343.70,73328.70,73328.80,25.491000,310,11.114000,14.377000,73339.44,105986.37,0.00010000,0.000000,0.000000,0
2026-05-29 04:06:00,73328.80,73335.10,73300.10,73300.10,17.003000,375,6.642000,10.361000,73312.87,105987.04,0.00010000,0.000000,0.000000,0
2026-05-29 04:07:00,73300.20,73300.20,73255.00,73255.00,33.804000,416,5.567000,28.237000,73286.80,105986.14,0.00010000,0.000000,0.000000,0
2026-05-29 04:08:00,73255.00,73273.90,73238.00,73238.10,57.334000,833,44.441000,12.893000,73259.73,105987.12,0.00010000,0.000000,0.000000,0
2026-05-29 04:09:00,73238.10,73269.10,73224.50,73246.10,161.745000,1030,77.478000,84.267000,73249.84,106004.38,0.00010000,0.000000,0.010000,0
2026-05-29 04:10:00,73246.20,73246.20,73191.60,73204.90,100.456000,779,18.132000,82.324000,73210.84,106002.12,0.00010000,0.000000,0.010000,0
2026-05-29 04:11:00,73204.90,73212.60,73182.60,73182.60,63.083000,642,17.581000,45.502000,73202.71,106000.80,0.00010000,0.000000,0.003000,0
2026-05-29 04:12:00,73182.70,73203.70,73171.80,73200.00,81.001000,891,28.135000,52.866000,73188.91,106008.51,0.00010000,0.000000,0.000000,0
2026-05-29 04:13:00,73200.00,73229.20,73199.90,73203.10,155.929000,819,75.871000,80.058000,73212.51,106021.42,0.00010000,0.000000,0.000000,0
2026-05-29 04:14:00,73203.00,73228.10,73203.00,73204.00,142.284000,879,94.301000,47.983000,73216.62,105980.21,0.00010000,0.000000,0.000000,0
2026-05-29 04:15:00,73203.90,73204.00,73181.50,73197.60,64.810000,377,9.120000,55.690000,73194.32,105960.45,0.00010000,0.000000,0.000000,0
2026-05-29 04:16:00,73197.60,73234.30,73197.60,73229.90,88.726000,734,75.813000,12.913000,73222.42,105964.77,0.00010000,0.000000,0.000000,0
2026-05-29 04:17:00,73229.90,73239.40,73213.80,73239.30,35.701000,506,9.972000,25.729000,73225.25,105933.26,0.00010000,0.000000,0.000000,0
2026-05-29 04:18:00,73239.40,73239.40,73219.70,73224.10,17.723000,354,7.168000,10.555000,73230.02,105923.43,0.00010000,0.000000,0.000000,0
2026-05-29 04:19:00,73224.20,73236.90,73224.10,73235.30,12.065000,259,7.416000,4.649000,73233.60,105921.62,0.00010000,0.000000,0.000000,0
2026-05-29 04:20:00,73235.30,73235.30,73217.70,73224.30,33.324000,243,21.689000,11.635000,73222.73,105922.58,0.00010000,0.000000,0.000000,0
2026-05-29 04:21:00,73224.30,73224.40,73216.90,73216.90,5.008000,161,2.239000,2.769000,73219.56,105924.97,0.00010000,0.000000,0.000000,0
2026-05-29 04:22:00,73217.00,73248.10,73216.90,73240.70,56.271000,460,29.917000,26.354000,73229.65,105923.89,0.00010000,0.000000,0.000000,0
2026-05-29 04:23:00,73240.70,73248.50,73226.80,73226.90,36.598000,430,9.278000,27.320000,73243.41,105945.28,0.00010000,0.000000,0.000000,0
2026-05-29 04:24:00,73226.90,73277.00,73226.80,73277.00,22.569000,420,21.769000,0.800000,73255.35,105951.41,0.00010000,0.000000,0.000000,0
2026-05-29 04:25:00,73277.00,73288.50,73274.40,73274.40,24.200000,307,17.084000,7.116000,73282.13,105950.64,0.00010000,0.000000,0.000000,0
2026-05-29 04:26:00,73274.50,73309.40,73274.40,73309.40,20.355000,375,16.928000,3.427000,73296.78,105949.95,0.00010000,0.000000,0.000000,0
2026-05-29 04:27:00,73309.40,73320.00,73306.80,73306.80,20.685000,276,7.793000,12.892000,73315.01,105950.59,0.00010000,0.000000,0.000000,0
2026-05-29 04:28:00,73306.80,73314.70,73304.10,73306.30,13.936000,227,11.316000,2.620000,73307.95,105951.55,0.00010000,0.000000,0.000000,0
2026-05-29 04:29:00,73306.30,73333.20,73303.10,73333.20,13.325000,296,10.631000,2.694000,73314.04,105947.05,0.00010000,0.000000,0.000000,0
2026-05-29 04:30:00,73333.20,73348.70,73331.60,73331.60,36.595000,463,13.789000,22.806000,73343.95,105946.82,0.00010000,0.000000,0.000000,0
2026-05-29 04:31:00,73331.70,73386.10,73326.50,73368.80,111.870000,697,100.278000,11.592000,73356.40,105943.54,0.00010000,0.000000,0.000000,0
2026-05-29 04:32:00,73368.70,73391.00,73319.20,73323.80,100.310000,803,18.869000,81.441000,73353.41,105925.93,0.00010000,0.010000,0.000000,0
2026-05-29 04:33:00,73323.80,73328.40,73318.30,73328.40,17.795000,255,11.311000,6.484000,73320.81,105940.65,0.00010000,0.000000,0.000000,0
2026-05-29 04:34:00,73328.30,73358.00,73328.30,73356.10,92.959000,807,42.390000,50.569000,73346.03,105946.51,0.00010000,0.000000,0.000000,0
2026-05-29 04:35:00,73356.10,73365.00,73354.30,73360.50,18.184000,435,11.647000,6.537000,73359.38,105981.42,0.00010000,0.000000,0.000000,0
2026-05-29 04:36:00,73360.50,73367.40,73355.40,73367.40,17.158000,272,13.576000,3.582000,73363.88,105978.24,0.00010000,0.000000,0.000000,0
2026-05-29 04:37:00,73367.30,73394.10,73367.30,73394.00,12.983000,285,10.137000,2.846000,73380.88,105972.49,0.00010000,0.000000,0.000000,0
2026-05-29 04:38:00,73394.10,73412.90,73388.80,73404.10,46.908000,494,34.636000,12.272000,73404.14,105966.32,0.00010000,0.000000,0.000000,0
2026-05-29 04:39:00,73404.10,73404.10,73379.80,73379.90,27.688000,349,10.061000,17.627000,73396.99,105965.62,0.00010000,0.000000,0.000000,0
2026-05-29 04:40:00,73379.90,73379.90,73372.00,73377.60,18.233000,166,14.644000,3.589000,73374.40,105968.49,0.00010000,0.000000,0.000000,0
2026-05-29 04:41:00,73377.60,73377.60,73370.00,73370.00,5.934000,126,0.637000,5.297000,73373.71,105970.20,0.00010000,0.000000,0.000000,0
2026-05-29 04:42:00,73370.00,73370.00,73355.50,73355.50,15.284000,202,11.025000,4.259000,73358.10,105971.09,0.00010000,0.000000,0.000000,0
2026-05-29 04:43:00,73355.60,73391.40,73355.60,73391.40,25.850000,348,21.165000,4.685000,73370.69,105958.96,0.00010000,0.000000,0.000000,0
2026-05-29 04:44:00,73391.40,73391.40,73380.80,73380.80,19.051000,196,4.807000,14.244000,73387.46,105957.58,0.00010000,0.000000,0.000000,0
2026-05-29 04:45:00,73380.80,73380.90,73373.50,73380.40,15.685000,176,7.091000,8.594000,73378.00,105951.50,0.00010000,0.000000,0.000000,0
2026-05-29 04:46:00,73380.50,73417.70,73380.50,73417.70,39.543000,495,25.802000,13.741000,73407.70,105954.54,0.00010000,0.070000,0.000000,0
2026-05-29 04:47:00,73417.60,73417.70,73391.60,73397.70,26.035000,325,17.340000,8.695000,73398.08,105949.55,0.00010000,0.000000,0.000000,0
2026-05-29 04:48:00,73397.80,73397.80,73388.00,73397.40,36.796000,244,29.003000,7.793000,73390.30,105948.10,0.00010000,0.000000,0.000000,0
2026-05-29 04:49:00,73397.50,73397.50,73379.50,73392.60,13.939000,293,7.669000,6.270000,73385.30,105938.57,0.00010000,0.000000,0.000000,0
2026-05-29 04:50:00,73392.50,73411.90,73392.50,73407.90,16.084000,296,7.586000,8.498000,73402.52,105939.90,0.00010000,0.000000,0.000000,0
2026-05-29 04:51:00,73407.80,73407.90,73396.70,73396.80,9.193000,167,5.370000,3.823000,73400.84,105942.15,0.00010000,0.000000,0.000000,0
2026-05-29 04:52:00,73396.70,73396.80,73378.50,73378.50,10.743000,207,2.944000,7.799000,73390.71,105943.68,0.00010000,0.013000,0.000000,0
2026-05-29 04:53:00,73378.50,73378.60,73373.60,73376.60,31.188000,158,25.345000,5.843000,73374.58,105941.20,0.00010000,0.000000,0.000000,0
2026-05-29 04:54:00,73376.60,73386.80,73370.40,73378.90,19.319000,279,9.007000,10.312000,73375.70,105927.20,0.00010000,0.002000,0.000000,0
2026-05-29 04:55:00,73378.80,73412.60,73375.20,73412.60,54.569000,478,42.870000,11.699000,73401.55,105932.71,0.00010000,0.000000,0.038000,0
2026-05-29 04:56:00,73412.70,73421.10,73400.00,73421.00,23.376000,375,17.089000,6.287000,73408.56,105922.14,0.00010000,0.000000,0.000000,0
2026-05-29 04:57:00,73421.10,73478.60,73421.00,73438.80,135.744000,964,110.276000,25.468000,73456.87,105925.73,0.00010000,0.005000,0.000000,0
2026-05-29 04:58:00,73438.90,73473.40,73434.60,73449.60,62.006000,668,37.072000,24.934000,73452.69,105874.42,0.00010000,0.000000,0.000000,0
2026-05-29 04:59:00,73449.60,73485.70,73449.60,73476.90,70.309000,525,46.715000,23.594000,73470.38,105869.50,0.00010000,0.028000,0.000000,0
2026-05-29 05:00:00,73476.90,73479.70,73466.30,73466.40,78.500000,384,54.016000,24.484000,73472.17,105871.77,0.00010000,0.000000,0.000000,0
2026-05-29 05:01:00,73466.30,73477.70,73459.10,73472.70,44.611000,669,17.796000,26.815000,73468.40,105845.07,0.00010000,0.000000,0.000000,0
2026-05-29 05:02:00,73472.60,73512.30,73472.60,73512.30,79.866000,676,59.862000,20.004000,73493.78,105846.15,0.00009995,0.161000,0.000000,0
2026-05-29 05:03:00,73512.20,73515.70,73493.20,73515.70,43.877000,501,32.502000,11.375000,73502.64,105859.53,0.00009995,0.000000,0.000000,0
2026-05-29 05:04:00,73515.60,73550.00,73495.20,73533.10,67.287000,961,35.316000,31.971000,73526.37,105859.75,0.00009989,0.324000,0.000000,0
2026-05-29 05:05:00,73533.20,73552.70,73524.60,73543.10,86.091000,831,53.456000,32.635000,73545.52,105869.96,0.00009994,0.000000,0.000000,0
2026-05-29 05:06:00,73543.10,73570.00,73543.10,73563.20,59.310000,696,41.852000,17.458000,73561.32,105878.06,0.00009994,0.789000,0.001000,0
2026-05-29 05:07:00,73563.20,73563.20,73515.70,73517.30,62.198000,528,28.932000,33.266000,73530.51,105883.29,0.00009990,0.000000,0.000000,0
2026-05-29 05:08:00,73517.40,73550.00,73516.00,73549.90,32.400000,450,24.415000,7.985000,73534.33,105889.75,0.00010000,0.000000,0.000000,0
2026-05-29 05:09:00,73550.00,73581.90,73549.90,73570.70,60.035000,637,46.743000,13.292000,73567.01,105907.39,0.00009966,0.123000,0.000000,0
2026-05-29 05:10:00,73570.80,73574.50,73570.70,73574.50,26.998000,243,16.790000,10.208000,73572.60,105913.71,0.00009966,0.001000,0.000000,0
2026-05-29 05:11:00,73574.50,73610.00,73574.50,73605.00,86.119000,930,55.358000,30.761000,73597.72,105929.14,0.00009977,0.001000,0.000000,0
2026-05-29 05:12:00,73604.90,73605.00,73573.70,73584.90,68.103000,567,41.805000,26.298000,73585.33,105927.87,0.00009996,0.000000,0.000000,0
2026-05-29 05:13:00,73584.80,73589.90,73556.70,73581.60,68.443000,622,26.616000,41.827000,73571.12,105942.14,0.00009996,0.000000,0.020000,0
2026-05-29 05:14:00,73581.60,73607.40,73576.30,73576.40,42.391000,522,23.718000,18.673000,73591.48,105945.19,0.00009961,0.000000,0.009000,0
2026-05-29 05:15:00,73576.30,73576.40,73553.80,73570.90,49.873000,394,23.186000,26.687000,73560.42,105938.16,0.00009952,0.000000,0.000000,0
2026-05-29 05:16:00,73570.90,73584.30,73561.80,73579.90,40.169000,396,24.191000,15.978000,73574.66,105936.01,0.00009866,0.000000,0.000000,0
2026-05-29 05:17:00,73579.80,73579.90,73550.20,73550.20,28.268000,388,11.484000,16.784000,73560.28,105929.30,0.00009866,0.000000,0.007000,0
2026-05-29 05:18:00,73550.20,73554.50,73546.70,73546.70,13.746000,244,6.001000,7.745000,73550.94,105934.81,0.00009826,0.000000,0.000000,0
2026-05-29 05:19:00,73546.80,73548.80,73533.70,73537.10,22.088000,383,6.161000,15.927000,73540.43,105939.14,0.00009750,0.000000,0.000000,0
2026-05-29 05:20:00,73537.10,73574.50,73528.50,73574.50,56.915000,523,37.651000,19.264000,73541.65,105942.44,0.00009750,0.000000,0.000000,0
2026-05-29 05:21:00,73574.50,73574.50,73510.80,73518.50,66.265000,665,12.894000,53.371000,73530.82,105943.21,0.00009700,0.000000,0.000000,0
2026-05-29 05:22:00,73518.50,73538.80,73501.10,73534.20,36.099000,670,17.015000,19.084000,73517.50,105962.23,0.00009619,0.000000,0.000000,0
2026-05-29 05:23:00,73534.30,73534.30,73519.10,73519.10,10.433000,203,2.363000,8.070000,73524.30,105963.45,0.00009619,0.000000,0.000000,0
2026-05-29 05:24:00,73519.20,73522.90,73511.90,73512.00,24.174000,293,18.913000,5.261000,73516.24,105967.11,0.00009556,0.000000,0.000000,0
2026-05-29 05:25:00,73511.90,73523.40,73511.90,73523.40,15.177000,203,9.115000,6.062000,73517.15,105977.11,0.00009528,0.000000,0.000000,0
2026-05-29 05:26:00,73523.30,73523.40,73519.70,73520.90,21.980000,143,7.145000,14.835000,73520.41,105979.36,0.00009504,0.000000,0.002000,0
2026-05-29 05:27:00,73520.90,73538.60,73520.90,73534.50,16.332000,252,5.988000,10.344000,73528.62,105981.90,0.00009504,0.000000,0.000000,0
2026-05-29 05:28:00,73534.60,73553.20,73534.50,73546.30,24.059000,289,18.143000,5.916000,73539.45,105981.26,0.00009496,0.003000,0.009000,0
2026-05-29 05:29:00,73546.30,73554.20,73541.90,73554.20,11.638000,211,2.228000,9.410000,73548.45,105987.61,0.00009503,0.000000,0.000000,0
2026-05-29 05:30:00,73554.10,73554.20,73542.30,73546.40,14.128000,267,2.814000,11.314000,73546.65,105985.55,0.00009503,0.000000,0.000000,0
2026-05-29 05:31:00,73546.40,73546.40,73521.50,73527.20,31.262000,445,6.481000,24.781000,73531.63,105978.06,0.00009493,0.000000,0.136000,0
2026-05-29 05:32:00,73527.20,73527.20,73492.30,73493.20,40.120000,552,9.690000,30.430000,73503.35,105970.23,0.00009452,0.000000,0.000000,0
2026-05-29 05:33:00,73493.20,73493.30,73480.20,73482.70,21.726000,387,7.591000,14.135000,73488.16,105966.44,0.00009452,0.000000,0.000000,0
2026-05-29 05:34:00,73482.80,73490.00,73470.00,73474.30,42.157000,455,14.569000,27.588000,73476.00,105977.44,0.00009394,0.000000,0.000000,0
2026-05-29 05:35:00,73474.20,73487.30,73474.20,73476.00,19.489000,337,9.666000,9.823000,73482.80,105977.89,0.00009329,0.000000,0.000000,0
2026-05-29 05:36:00,73476.00,73491.70,73476.00,73481.90,41.109000,481,10.053000,31.056000,73483.28,105976.93,0.00009313,0.001000,0.000000,0
2026-05-29 05:37:00,73481.90,73482.00,73460.80,73473.60,46.202000,521,33.214000,12.988000,73464.76,105993.26,0.00009313,0.000000,0.010000,0
2026-05-29 05:38:00,73473.50,73483.00,73473.50,73481.30,11.404000,196,4.228000,7.176000,73480.22,105990.67,0.00009288,0.000000,0.000000,0
2026-05-29 05:39:00,73481.30,73485.00,73467.20,73481.90,40.258000,453,5.693000,34.565000,73479.17,105986.98,0.00009260,0.000000,0.080000,0
2026-05-29 05:40:00,73481.90,73485.00,73479.30,73484.90,35.869000,160,9.955000,25.914000,73482.04,105977.45,0.00009260,0.000000,0.000000,0
2026-05-29 05:41:00,73485.00,73485.00,73464.30,73464.30,20.399000,223,6.576000,13.823000,73476.87,105966.94,0.00009231,0.000000,0.000000,0
2026-05-29 05:42:00,73464.30,73474.50,73461.70,73467.90,20.707000,292,9.334000,11.373000,73466.35,105964.57,0.00009183,0.000000,0.000000,0
2026-05-29 05:43:00,73467.90,73493.30,73467.90,73493.20,13.210000,280,11.143000,2.067000,73485.18,105964.15,0.00009106,0.000000,0.000000,0
2026-05-29 05:44:00,73493.30,73493.30,73493.20,73493.30,5.881000,102,2.798000,3.083000,73493.25,105962.85,0.00009106,0.000000,0.000000,0
2026-05-29 05:45:00,73493.30,73493.30,73481.30,73481.50,18.958000,201,4.025000,14.933000,73488.07,105961.35,0.00009108,0.000000,0.000000,0
2026-05-29 05:46:00,73481.50,73515.00,73473.40,73509.20,32.381000,444,22.474000,9.907000,73490.08,105958.04,0.00009101,0.000000,0.000000,0
2026-05-29 05:47:00,73509.10,73583.20,73498.80,73583.20,141.287000,1054,125.426000,15.861000,73528.58,105940.71,0.00009101,0.002000,0.000000,0
2026-05-29 05:48:00,73583.10,73652.20,73583.10,73623.50,181.205000,1149,154.743000,26.462000,73621.04,105864.67,0.00009078,0.860000,0.000000,0
2026-05-29 05:49:00,73623.60,73663.30,73623.50,73646.60,81.143000,958,57.831000,23.312000,73641.45,105869.90,0.00009066,0.124000,0.001000,0
2026-05-29 05:50:00,73646.50,73663.30,73640.10,73640.10,21.946000,466,10.758000,11.188000,73652.43,105887.54,0.00009066,0.000000,0.000000,0
2026-05-29 05:51:00,73640.20,73640.20,73600.10,73622.20,50.958000,715,35.529000,15.429000,73612.45,105891.26,0.00009019,0.000000,0.000000,0
2026-05-29 05:52:00,73622.30,73650.00,73622.20,73649.10,34.764000,742,21.495000,13.269000,73641.05,105892.13,0.00008953,0.000000,0.000000,0
2026-05-29 05:53:00,73649.20,73653.70,73634.30,73634.30,27.143000,369,11.375000,15.768000,73643.49,105898.90,0.00008942,0.106000,0.291000,0
2026-05-29 05:54:00,73634.40,73660.10,73634.30,73651.50,26.645000,582,14.151000,12.494000,73647.54,105900.59,0.00008942,0.000000,0.000000,0
2026-05-29 05:55:00,73651.50,73660.80,73631.90,73631.90,46.644000,557,28.738000,17.906000,73650.63,105893.93,0.00008896,0.000000,0.000000,0
2026-05-29 05:56:00,73632.00,73632.00,73619.60,73619.60,12.763000,252,2.594000,10.169000,73626.13,105888.64,0.00008860,0.000000,0.000000,0
2026-05-29 05:57:00,73619.60,73619.70,73616.20,73616.20,12.954000,152,5.769000,7.185000,73617.11,105887.30,0.00008860,0.000000,0.000000,0
2026-05-29 05:58:00,73616.30,73631.50,73616.20,73625.00,16.852000,272,11.070000,5.782000,73621.08,105892.24,0.00008813,0.000000,0.000000,0
2026-05-29 05:59:00,73625.00,73641.60,73624.50,73632.60,40.232000,382,24.163000,16.069000,73631.68,105902.07,0.00008753,0.000000,0.000000,0
2026-05-29 06:00:00,73632.50,73682.30,73632.50,73663.00,171.528000,1027,118.764000,52.764000,73665.70,105927.19,0.00008753,0.222000,0.000000,0
2026-05-29 06:01:00,73663.00,73670.30,73643.70,73655.70,63.883000,685,36.405000,27.478000,73656.17,105929.36,0.00008697,0.000000,0.000000,0
2026-05-29 06:02:00,73655.80,73655.80,73643.90,73644.00,32.724000,273,14.729000,17.995000,73649.17,105935.57,0.00008654,0.000000,0.000000,0
2026-05-29 06:03:00,73643.90,73683.00,73634.30,73677.30,66.168000,627,37.189000,28.979000,73659.36,105942.93,0.00008581,0.000000,0.000000,0
2026-05-29 06:04:00,73677.40,73677.40,73658.00,73670.40,25.463000,359,9.511000,15.952000,73665.06,105942.24,0.00008581,0.000000,0.001000,0
2026-05-29 06:05:00,73670.40,73670.50,73654.90,73654.90,34.315000,299,8.678000,25.637000,73659.82,105949.87,0.00008545,0.000000,0.000000,0
2026-05-29 06:06:00,73654.90,73655.00,73623.80,73635.40,156.703000,539,20.878000,135.825000,73645.78,106015.62,0.00008487,0.000000,0.000000,0
2026-05-29 06:07:00,73635.40,73648.10,73635.30,73640.10,23.794000,273,4.214000,19.580000,73644.37,106018.05,0.00008487,0.000000,0.000000,0
2026-05-29 06:08:00,73640.10,73640.10,73618.30,73618.40,22.159000,266,1.948000,20.211000,73627.04,106013.06,0.00008431,0.000000,0.000000,0
2026-05-29 06:09:00,73618.30,73618.40,73599.60,73599.60,36.247000,354,10.439000,25.808000,73605.24,106002.91,0.00008409,0.000000,0.000000,0
2026-05-29 06:10:00,73599.60,73629.60,73599.60,73629.40,103.012000,332,97.597000,5.415000,73604.94,105991.87,0.00008331,0.000000,0.000000,0
2026-05-29 06:11:00,73629.30,73634.10,73612.40,73624.90,40.091000,433,19.041000,21.050000,73626.61,105988.03,0.00008331,0.000000,0.000000,0
2026-05-29 06:12:00,73624.90,73655.40,73624.80,73653.00,24.593000,338,17.210000,7.383000,73643.50,105988.82,0.00008292,0.000000,0.000000,0
2026-05-29 06:13:00,73652.90,73655.70,73642.70,73653.70,68.357000,291,13.745000,54.612000,73650.63,105953.79,0.00008283,0.000000,0.000000,0
2026-05-29 06:14:00,73653.70,73667.50,73653.60,73667.50,16.831000,268,11.309000,5.522000,73659.14,105951.81,0.00008283,0.000000,0.000000,0
2026-05-29 06:15:00,73667.40,73667.50,73660.10,73663.50,33.801000,254,16.225000,17.576000,73661.50,105957.35,0.00008265,0.000000,0.000000,0
2026-05-29 06:16:00,73663.50,73721.00,73663.40,73695.00,426.202000,1033,393.218000,32.984000,73698.88,106105.25,0.00008251,0.034000,0.000000,0
2026-05-29 06:17:00,73695.00,73708.00,73679.60,73708.00,49.125000,527,28.405000,20.720000,73690.51,106109.39,0.00008237,0.000000,0.000000,0
2026-05-29 06:18:00,73708.00,73728.50,73707.90,73713.30,65.563000,548,41.171000,24.392000,73717.16,106114.14,0.00008237,0.386000,0.000000,0
2026-05-29 06:19:00,73713.30,73734.90,73713.00,73734.90,42.171000,352,33.371000,8.800000,73726.29,106116.35,0.00008229,0.112000,0.000000,0
2026-05-29 06:20:00,73734.80,73746.00,73730.00,73744.00,40.956000,422,25.322000,15.634000,73738.41,106119.85,0.00008200,0.087000,0.000000,0
2026-05-29 06:21:00,73743.90,73748.40,73734.40,73743.00,62.134000,538,29.298000,32.836000,73741.59,106100.98,0.00008200,0.000000,0.000000,0
2026-05-29 06:22:00,73743.10,73743.90,73743.00,73743.20,17.614000,199,9.107000,8.507000,73743.41,106102.15,0.00008199,0.000000,0.000000,0
2026-05-29 06:23:00,73743.20,73900.00,73735.70,73900.00,537.109000,3238,428.570000,108.539000,73825.04,106130.11,0.00008182,1.755000,0.000000,0
2026-05-29 06:24:00,73899.90,73908.60,73818.40,73829.80,239.794000,2255,77.793000,162.001000,73866.38,106103.44,0.00008182,0.250000,0.000000,0
2026-05-29 06:25:00,73829.80,73829.80,73796.80,73796.80,47.772000,567,10.965000,36.807000,73821.49,106112.96,0.00008182,0.000000,0.000000,0
2026-05-29 06:26:00,73796.80,73810.00,73742.30,73784.40,236.214000,1486,95.105000,141.109000,73775.42,106074.89,0.00008147,0.125000,0.002000,0
2026-05-29 06:27:00,73784.50,73784.50,73720.00,73741.70,131.136000,989,23.782000,107.354000,73741.34,106052.74,0.00008071,0.000000,0.000000,0
2026-05-29 06:28:00,73741.70,73749.70,73741.70,73749.60,15.660000,222,10.796000,4.864000,73748.79,106051.94,0.00008071,0.000000,0.000000,0
2026-05-29 06:29:00,73749.60,73773.00,73740.00,73740.00,146.757000,575,82.010000,64.747000,73753.88,106027.33,0.00008034,0.000000,0.000000,0
2026-05-29 06:30:00,73740.00,73740.10,73733.10,73733.10,29.819000,209,1.698000,28.121000,73739.38,106012.69,0.00008047,0.000000,0.000000,0
2026-05-29 06:31:00,73733.10,73738.70,73714.20,73714.20,93.943000,604,23.508000,70.435000,73722.92,106019.87,0.00008047,0.000000,0.000000,0
2026-05-29 06:32:00,73714.20,73714.30,73704.10,73704.10,17.954000,277,2.503000,15.451000,73710.08,105998.18,0.00007997,0.000000,0.000000,0
2026-05-29 06:33:00,73704.10,73737.00,73704.00,73734.40,73.573000,542,51.638000,21.935000,73714.05,106013.21,0.00007948,0.000000,0.000000,0
2026-05-29 06:34:00,73734.40,73734.40,73674.20,73680.20,69.618000,689,18.466000,51.152000,73696.69,106001.13,0.00007921,0.000000,0.000000,0
2026-05-29 06:35:00,73680.20,73683.80,73670.60,73670.70,30.626000,313,7.430000,23.196000,73677.56,106001.49,0.00007921,0.000000,0.002000,0
2026-05-29 06:36:00,73670.70,73674.80,73670.70,73671.30,28.881000,203,20.247000,8.634000,73671.56,105993.61,0.00007870,0.000000,0.000000,0
2026-05-29 06:37:00,73671.30,73680.00,73667.20,73668.00,27.777000,320,14.031000,13.746000,73670.61,105993.45,0.00007816,0.000000,0.000000,0
2026-05-29 06:38:00,73668.00,73668.10,73645.10,73645.10,34.341000,351,5.005000,29.336000,73656.79,105998.04,0.00007816,0.000000,0.024000,0
2026-05-29 06:39:00,73645.20,73645.20,73630.80,73630.90,37.817000,304,6.161000,31.656000,73637.10,106000.85,0.00007745,0.000000,0.000000,0
2026-05-29 06:40:00,73630.80,73649.40,73630.80,73649.30,25.530000,272,12.948000,12.582000,73643.69,106000.85,0.00007675,0.000000,0.072000,0
2026-05-29 06:41:00,73649.30,73659.20,73645.50,73659.10,17.573000,259,7.356000,10.217000,73648.38,106013.17,0.00007652,0.000000,0.000000,0
2026-05-29 06:42:00,73659.20,73662.10,73658.90,73658.90,24.759000,216,12.803000,11.956000,73659.29,106015.70,0.00007652,0.000000,0.000000,0
2026-05-29 06:43:00,73658.90,73659.00,73658.80,73658.80,19.269000,140,5.461000,13.808000,73658.90,106018.80,0.00007615,0.000000,0.000000,0
2026-05-29 06:44:00,73658.80,73663.20,73658.80,73663.10,13.948000,199,7.941000,6.007000,73660.69,106029.95,0.00007580,0.000000,0.000000,0
2026-05-29 06:45:00,73663.10,73670.00,73663.10,73670.00,19.562000,249,9.448000,10.114000,73667.73,106034.76,0.00007580,0.000000,0.000000,0
2026-05-29 06:46:00,73670.00,73683.10,73669.90,73674.50,21.926000,334,7.391000,14.535000,73678.24,106037.03,0.00007560,0.000000,0.000000,0
2026-05-29 06:47:00,73674.50,73684.00,73674.50,73684.00,7.435000,185,2.537000,4.898000,73681.22,106040.40,0.00007550,0.060000,0.000000,0
2026-05-29 06:48:00,73683.90,73715.30,73683.90,73715.30,28.226000,369,20.764000,7.462000,73702.90,106042.08,0.00007550,0.000000,0.000000,0
2026-05-29 06:49:00,73715.30,73722.90,73715.20,73722.80,13.046000,224,11.293000,1.753000,73719.80,106043.47,0.00007527,0.000000,0.000000,0
2026-05-29 06:50:00,73722.80,73722.90,73710.70,73710.80,28.472000,210,8.993000,19.479000,73720.15,106043.99,0.00007516,0.000000,0.000000,0
2026-05-29 06:51:00,73710.70,73713.10,73694.40,73713.00,32.678000,411,23.420000,9.258000,73707.53,106038.71,0.00007485,0.009000,0.000000,0
2026-05-29 06:52:00,73713.10,73736.40,73713.00,73736.40,15.602000,294,11.947000,3.655000,73723.61,106033.50,0.00007485,0.000000,0.000000,0
2026-05-29 06:53:00,73736.30,73787.20,73736.30,73744.90,100.145000,822,60.214000,39.931000,73768.46,106032.39,0.00007458,0.000000,0.000000,0
2026-05-29 06:54:00,73745.00,73755.80,73739.50,73748.90,29.175000,364,16.352000,12.823000,73741.84,106011.05,0.00007466,0.000000,0.000000,0
2026-05-29 06:55:00,73748.80,73750.00,73737.80,73749.90,30.788000,308,12.323000,18.465000,73744.41,106010.74,0.00007466,0.000000,0.000000,0
2026-05-29 06:56:00,73750.00,73750.00,73738.40,73745.70,14.445000,271,6.984000,7.461000,73745.83,106017.52,0.00007427,0.000000,0.000000,0
2026-05-29 06:57:00,73745.60,73760.60,73745.60,73760.50,24.822000,235,22.075000,2.747000,73752.01,106016.16,0.00007394,0.000000,0.000000,0
2026-05-29 06:58:00,73760.50,73768.80,73753.00,73757.20,19.801000,329,6.211000,13.590000,73761.76,106014.67,0.00007394,0.125000,0.000000,0
2026-05-29 06:59:00,73757.20,73757.30,73752.30,73752.40,10.908000,180,2.231000,8.677000,73755.14,106014.90,0.00007397,0.000000,0.000000,0
2026-05-29 07:00:00,73752.30,73754.70,73740.20,73752.40,39.908000,347,14.462000,25.446000,73745.38,106020.53,0.00007390,0.000000,0.000000,0
2026-05-29 07:01:00,73752.50,73769.50,73736.00,73736.00,61.474000,804,40.287000,21.187000,73747.95,106011.37,0.00007365,0.000000,0.000000,0
2026-05-29 07:02:00,73736.00,73739.10,73733.90,73739.00,26.977000,245,17.645000,9.332000,73735.80,105999.57,0.00007365,0.000000,0.000000,0
2026-05-29 07:03:00,73739.10,73745.20,73724.50,73724.60,34.392000,325,11.224000,23.168000,73733.52,105998.81,0.00007350,0.000000,0.000000,0
2026-05-29 07:04:00,73724.50,73732.00,73724.50,73725.00,29.350000,247,7.248000,22.102000,73728.50,105997.74,0.00007329,0.000000,0.000000,0
2026-05-29 07:05:00,73725.00,73756.40,73725.00,73737.00,41.599000,553,26.736000,14.863000,73739.38,106007.26,0.00007329,0.000000,0.000000,0
2026-05-29 07:06:00,73737.00,73740.60,73736.90,73740.60,14.011000,137,9.635000,4.376000,73740.11,106003.40,0.00007293,0.000000,0.000000,0
2026-05-29 07:07:00,73740.50,73740.60,73736.90,73739.90,20.892000,154,9.795000,11.097000,73738.17,105999.91,0.00007284,0.000000,0.000000,0
2026-05-29 07:08:00,73739.90,73749.20,73739.90,73749.10,15.494000,192,11.371000,4.123000,73744.84,106000.34,0.00007284,0.000000,0.000000,0
2026-05-29 07:09:00,73749.20,73760.20,73749.10,73760.20,38.281000,222,22.994000,15.287000,73752.28,105998.65,0.00007267,0.000000,0.000000,0
2026-05-29 07:10:00,73760.10,73764.10,73736.30,73739.80,91.332000,456,12.811000,78.521000,73755.60,105993.04,0.00007269,0.000000,0.000000,0
2026-05-29 07:11:00,73739.80,73773.40,73739.80,73773.30,22.923000,359,20.799000,2.124000,73758.15,105998.74,0.00007299,0.077000,0.000000,0
2026-05-29 07:12:00,73773.30,73788.00,73769.70,73778.70,63.927000,496,39.398000,24.529000,73777.04,105999.37,0.00007299,0.000000,0.000000,0
2026-05-29 07:13:00,73778.70,73782.00,73778.00,73778.00,53.639000,261,28.239000,25.400000,73778.92,105997.75,0.00007316,0.000000,0.003000,0
2026-05-29 07:14:00,73778.10,73792.90,73778.00,73792.70,63.553000,357,57.347000,6.206000,73785.50,106002.48,0.00007318,0.000000,0.000000,0
2026-05-29 07:15:00,73792.70,73792.70,73786.40,73786.50,18.865000,167,5.807000,13.058000,73788.52,105983.10,0.00007318,0.000000,0.000000,0
2026-05-29 07:16:00,73786.40,73795.40,73786.40,73795.30,24.401000,231,21.564000,2.837000,73791.09,105976.34,0.00007357,0.000000,0.152000,0
2026-05-29 07:17:00,73795.40,73795.40,73762.80,73781.30,93.537000,538,12.690000,80.847000,73776.90,105974.99,0.00007390,0.000000,0.001000,0
2026-05-29 07:18:00,73781.30,73786.90,73781.20,73786.90,12.333000,175,5.157000,7.176000,73784.77,105968.50,0.00007415,0.000000,0.054000,0
2026-05-29 07:19:00,73786.80,73787.20,73764.00,73764.10,47.718000,504,23.626000,24.092000,73779.31,105961.16,0.00007415,0.000000,0.000000,0
2026-05-29 07:20:00,73764.10,73796.30,73762.60,73784.40,67.430000,579,52.645000,14.785000,73778.95,105956.15,0.00007414,0.000000,0.003000,0
2026-05-29 07:21:00,73784.30,73784.40,73771.60,73775.70,25.035000,247,5.252000,19.783000,73778.22,105927.78,0.00007385,0.014000,0.000000,0
2026-05-29 07:22:00,73775.70,73783.10,73775.60,73783.10,10.782000,154,6.191000,4.591000,73778.46,105927.66,0.00007385,0.000000,0.000000,0
2026-05-29 07:23:00,73783.00,73790.00,73781.60,73790.00,19.738000,273,12.862000,6.876000,73786.70,105929.88,0.00007308,0.000000,0.000000,0
2026-05-29 07:24:00,73790.00,73797.30,73790.00,73790.20,25.760000,236,10.170000,15.590000,73792.55,105934.63,0.00007289,0.000000,0.000000,0
2026-05-29 07:25:00,73790.20,73790.20,73766.10,73773.10,51.004000,364,12.864000,38.140000,73777.64,105927.36,0.00007289,0.000000,0.000000,0
2026-05-29 07:26:00,73773.10,73773.20,73744.90,73744.90,56.396000,319,11.703000,44.693000,73761.38,105923.47,0.00007276,0.000000,0.000000,0
2026-05-29 07:27:00,73744.90,73744.90,73714.00,73719.70,100.760000,506,36.718000,64.042000,73722.29,105920.32,0.00007237,0.000000,0.000000,0
2026-05-29 07:28:00,73719.70,73731.70,73719.70,73731.10,37.470000,241,19.433000,18.037000,73728.16,105897.56,0.00007196,0.000000,0.000000,0
2026-05-29 07:29:00,73731.20,73734.70,73727.20,73734.70,65.694000,199,39.707000,25.987000,73729.72,105899.02,0.00007196,0.000000,0.000000,0
2026-05-29 07:30:00,73734.60,73734.70,73734.60,73734.60,19.193000,112,7.321000,11.872000,73734.64,105879.57,0.00007168,0.000000,0.000000,0
2026-05-29 07:31:00,73734.60,73734.70,73542.60,73567.70,600.476000,3501,164.029000,436.447000,73641.21,105840.40,0.00007145,0.000000,0.211000,0
2026-05-29 07:32:00,73567.80,73579.50,73536.00,73562.50,190.625000,1283,97.814000,92.811000,73558.60,105688.50,0.00007145,0.000000,0.000000,0
2026-05-29 07:33:00,73562.50,73563.50,73526.00,73526.00,129.339000,661,38.931000,90.408000,73551.93,105673.94,0.00007043,0.000000,0.019000,0
2026-05-29 07:34:00,73526.00,73542.60,73524.20,73525.80,94.881000,653,47.885000,46.996000,73529.32,105676.30,0.00006995,0.000000,0.061000,0
2026-05-29 07:35:00,73525.70,73535.50,73482.50,73495.40,295.606000,1024,118.824000,176.782000,73502.67,105656.69,0.00006921,0.000000,0.017000,0
2026-05-29 07:36:00,73495.50,73512.40,73454.30,73455.00,242.374000,1192,66.081000,176.293000,73476.55,105775.84,0.00006921,0.000000,0.146000,0
2026-05-29 07:37:00,73455.10,73462.70,73410.00,73431.10,219.482000,1090,112.566000,106.916000,73446.74,105735.54,0.00006832,0.000000,0.160000,0
2026-05-29 07:38:00,73431.10,73440.30,73423.70,73440.30,116.057000,540,82.176000,33.881000,73434.81,105722.36,0.00006729,0.000000,0.000000,0
2026-05-29 07:39:00,73440.30,73446.30,73415.20,73446.30,88.179000,631,38.044000,50.135000,73434.38,105707.27,0.00006729,0.000000,0.036000,0
2026-05-29 07:40:00,73446.20,73464.20,73446.20,73450.80,96.491000,505,44.530000,51.961000,73454.95,105695.91,0.00006655,0.000000,0.189000,0
2026-05-29 07:41:00,73450.90,73455.50,73404.30,73404.60,176.320000,967,92.667000,83.653000,73434.30,105662.00,0.00006602,0.000000,0.000000,0
2026-05-29 07:42:00,73404.70,73418.70,73382.50,73382.50,155.230000,713,66.005000,89.225000,73407.78,105693.54,0.00006602,0.002000,0.013000,0
2026-05-29 07:43:00,73382.60,73402.20,73380.50,73402.20,195.852000,671,128.846000,67.006000,73388.50,105687.84,0.00006497,0.008000,0.129000,0
2026-05-29 07:44:00,73402.20,73402.20,73380.80,73380.90,100.351000,543,29.713000,70.638000,73395.52,105694.41,0.00006369,2.035000,2.756000,0
2026-05-29 07:45:00,73380.90,73380.90,73351.80,73368.90,193.375000,951,98.398000,94.977000,73362.87,105671.71,0.00006272,0.000000,0.270000,0
2026-05-29 07:46:00,73368.80,73368.90,73335.90,73363.10,184.392000,892,88.372000,96.020000,73357.24,105664.78,0.00006272,0.000000,0.120000,0
2026-05-29 07:47:00,73363.10,73372.70,73335.80,73372.70,130.492000,741,69.278000,61.214000,73355.40,105633.55,0.00006171,0.000000,0.000000,0
2026-05-29 07:48:00,73372.70,73380.40,73333.00,73355.30,192.035000,1259,92.976000,99.059000,73357.21,105591.24,0.00006088,0.000000,0.000000,0
2026-05-29 07:49:00,73355.20,73376.60,73355.20,73371.00,163.357000,788,73.584000,89.773000,73365.38,105571.11,0.00006088,0.000000,0.170000,0
2026-05-29 07:50:00,73370.90,73377.30,73355.90,73360.10,119.290000,557,51.420000,67.870000,73365.21,105554.56,0.00006017,0.000000,0.000000,0
2026-05-29 07:51:00,73360.10,73378.30,73360.00,73378.30,110.961000,433,71.899000,39.062000,73364.10,105532.66,0.00005954,0.000000,0.000000,0
2026-05-29 07:52:00,73378.30,73402.30,73378.20,73387.10,175.763000,635,100.162000,75.601000,73394.99,105498.72,0.00005877,0.000000,0.000000,0
2026-05-29 07:53:00,73387.10,73387.10,73376.10,73376.10,86.181000,371,29.816000,56.365000,73381.85,105463.76,0.00005877,0.000000,0.000000,0
2026-05-29 07:54:00,73376.20,73383.80,73376.10,73376.20,138.503000,355,65.322000,73.181000,73380.04,105468.26,0.00005811,0.000000,0.000000,0
2026-05-29 07:55:00,73376.10,73385.40,73355.00,73355.10,115.712000,685,41.841000,73.871000,73376.31,105459.52,0.00005719,0.000000,0.000000,0
2026-05-29 07:56:00,73355.00,73387.70,73355.00,73365.00,176.309000,668,69.799000,106.510000,73375.44,105438.90,0.00005719,0.000000,0.000000,0
2026-05-29 07:57:00,73365.10,73396.20,73365.00,73396.20,151.827000,581,107.122000,44.705000,73375.91,105461.53,0.00005627,0.000000,0.000000,0
2026-05-29 07:58:00,73395.90,73417.40,73395.90,73416.90,159.566000,576,88.356000,71.210000,73411.55,105436.73,0.00005535,0.000000,0.000000,0
2026-05-29 07:59:00,73416.80,73455.50,73411.60,73441.70,147.872000,704,84.763000,63.109000,73440.67,105393.46,0.00005535,0.000000,0.000000,0
2026-05-29 08:00:00,73441.70,73504.80,73441.60,73488.00,388.139000,1067,240.096000,148.043000,73485.49,105367.04,0.00005464,0.000000,0.000000,0
2026-05-29 08:01:00,73488.10,73577.20,73480.10,73577.20,169.118000,1290,127.034000,42.084000,73537.89,105221.61,0.00005391,0.227000,0.000000,0
2026-05-29 08:02:00,73577.10,73675.10,73567.20,73672.80,234.225000,1886,168.425000,65.800000,73625.05,105202.02,0.00005344,0.307000,0.000000,0
2026-05-29 08:03:00,73672.70,73690.00,73634.70,73649.80,143.523000,1372,61.404000,82.119000,73664.65,105151.91,0.00005344,0.035000,0.000000,0
2026-05-29 08:04:00,73649.80,73650.00,73626.30,73633.70,66.020000,584,29.123000,36.897000,73638.76,105122.83,0.00005331,0.000000,0.000000,0
2026-05-29 08:05:00,73633.70,73666.50,73626.30,73626.30,65.797000,721,29.477000,36.320000,73653.20,105136.99,0.00005274,0.000000,0.000000,0
2026-05-29 08:06:00,73626.40,73637.10,73624.60,73624.70,54.143000,514,20.989000,33.154000,73630.12,105133.71,0.00005274,0.000000,0.000000,0
2026-05-29 08:07:00,73624.60,73624.70,73583.70,73607.50,58.339000,736,17.953000,40.386000,73602.10,105125.92,0.00005228,0.000000,0.000000,0
2026-05-29 08:08:00,73607.40,73632.00,73607.40,73624.80,26.123000,433,10.383000,15.740000,73618.82,105124.26,0.00005180,0.000000,0.000000,0
2026-05-29 08:09:00,73624.90,73675.00,73624.80,73674.80,42.291000,634,19.758000,22.533000,73658.82,105120.99,0.00005183,0.000000,0.000000,0
2026-05-29 08:10:00,73674.90,73694.20,73672.60,73672.70,79.259000,608,43.796000,35.463000,73680.78,105107.64,0.00005183,0.000000,0.000000,0
2026-05-29 08:11:00,73672.70,73680.10,73662.10,73680.10,35.506000,410,21.929000,13.577000,73673.26,105118.64,0.00005166,0.000000,0.000000,0
2026-05-29 08:12:00,73680.10,73680.10,73670.70,73670.70,33.230000,333,14.867000,18.363000,73674.10,105118.73,0.00005134,0.000000,0.000000,0
2026-05-29 08:13:00,73670.80,73679.90,73659.20,73669.00,62.446000,535,16.865000,45.581000,73666.77,105116.97,0.00005134,0.000000,0.000000,0
2026-05-29 08:14:00,73669.10,73669.10,73637.90,73637.90,50.433000,389,5.463000,44.970000,73651.56,105106.47,0.00005097,0.000000,0.000000,0
2026-05-29 08:15:00,73637.90,73683.60,73629.10,73681.60,128.542000,758,77.236000,51.306000,73653.28,105128.37,0.00005054,0.000000,0.000000,0
2026-05-29 08:16:00,73681.50,73681.60,73661.90,73661.90,33.521000,311,11.813000,21.708000,73671.00,105105.21,0.00005054,0.000000,0.000000,0
2026-05-29 08:17:00,73661.90,73697.00,73661.90,73697.00,35.078000,401,28.503000,6.575000,73674.08,105101.45,0.00005010,0.000000,0.000000,0
2026-05-29 08:18:00,73697.00,73701.90,73680.60,73680.60,42.520000,337,19.489000,23.031000,73696.63,105104.05,0.00004960,0.000000,0.000000,0
2026-05-29 08:19:00,73680.70,73700.00,73680.60,73700.00,41.351000,259,28.772000,12.579000,73687.21,105115.25,0.00004931,0.000000,0.005000,0
2026-05-29 08:20:00,73700.00,73700.00,73672.60,73672.60,42.049000,468,13.823000,28.226000,73687.89,105116.85,0.00004931,0.000000,0.000000,0
2026-05-29 08:21:00,73672.70,73699.10,73664.30,73699.10,24.802000,424,14.286000,10.516000,73684.46,105120.56,0.00004919,0.000000,0.000000,0
2026-05-29 08:22:00,73699.10,73754.00,73699.00,73736.40,106.229000,935,71.507000,34.722000,73730.22,105139.93,0.00004893,0.003000,0.024000,0
2026-05-29 08:23:00,73736.50,73789.40,73736.50,73778.20,82.461000,782,62.035000,20.426000,73769.33,105144.40,0.00004893,0.156000,0.003000,0
2026-05-29 08:24:00,73778.30,73786.20,73773.30,73780.80,121.083000,613,58.573000,62.510000,73781.08,105161.50,0.00004872,0.000000,0.000000,0
2026-05-29 08:25:00,73780.80,73780.90,73740.20,73740.30,56.506000,598,19.883000,36.623000,73759.40,105173.47,0.00004849,0.000000,0.000000,0
2026-05-29 08:26:00,73740.20,73782.10,73740.20,73782.10,55.676000,574,31.328000,24.348000,73765.25,105184.55,0.00004788,0.000000,0.000000,0
2026-05-29 08:27:00,73782.10,73794.80,73760.00,73760.00,78.569000,638,40.258000,38.311000,73784.82,105182.33,0.00004788,0.000000,0.000000,0
2026-05-29 08:28:00,73760.10,73774.90,73756.00,73768.10,37.581000,404,16.283000,21.298000,73766.04,105178.85,0.00004756,0.000000,0.000000,0
2026-05-29 08:29:00,73768.10,73799.80,73763.60,73763.70,95.984000,601,64.080000,31.904000,73785.44,105175.54,0.00004703,0.000000,0.000000,0
2026-05-29 08:30:00,73763.60,73763.70,73737.10,73747.40,104.803000,623,29.152000,75.651000,73747.39,105145.73,0.00004703,0.000000,0.000000,0
2026-05-29 08:31:00,73747.40,73747.40,73730.70,73736.90,41.461000,417,14.971000,26.490000,73736.27,105137.17,0.00004651,0.000000,0.000000,0
2026-05-29 08:32:00,73736.80,73737.00,73714.80,73714.80,85.436000,571,29.188000,56.248000,73731.16,105134.04,0.00004596,0.000000,0.000000,0
2026-05-29 08:33:00,73714.80,73716.90,73678.70,73682.70,53.388000,534,13.664000,39.724000,73697.80,105151.41,0.00004596,0.000000,1.914000,0
2026-05-29 08:34:00,73682.80,73717.20,73682.70,73708.70,88.931000,589,30.358000,58.573000,73697.13,105139.06,0.00004540,0.000000,0.000000,0
2026-05-29 08:35:00,73708.80,73765.00,73703.80,73764.90,103.855000,670,94.056000,9.799000,73741.79,105141.57,0.00004485,0.000000,0.000000,0
2026-05-29 08:36:00,73764.90,73781.60,73753.40,73781.60,74.528000,586,40.678000,33.850000,73766.32,105183.69,0.00004447,0.000000,0.000000,0
2026-05-29 08:37:00,73781.50,73799.40,73773.40,73773.40,121.569000,604,51.266000,70.303000,73789.80,105169.78,0.00004447,0.000000,0.000000,0
2026-05-29 08:38:00,73773.50,73779.10,73761.60,73769.30,48.819000,352,29.963000,18.856000,73770.66,105160.36,0.00004431,0.000000,0.000000,0
2026-05-29 08:39:00,73769.20,73773.90,73765.90,73765.90,32.655000,235,10.511000,22.144000,73768.92,105156.81,0.00004423,0.000000,0.000000,0
2026-05-29 08:40:00,73765.90,73775.00,73765.90,73774.90,24.491000,188,19.496000,4.995000,73768.69,105153.88,0.00004423,0.000000,0.000000,0
2026-05-29 08:41:00,73774.90,73780.00,73774.90,73779.90,18.852000,187,11.939000,6.913000,73777.28,105156.18,0.00004420,0.000000,0.000000,0
2026-05-29 08:42:00,73779.90,73793.70,73778.90,73779.00,36.913000,345,19.075000,17.838000,73788.29,105159.90,0.00004414,0.000000,0.000000,0
2026-05-29 08:43:00,73778.90,73779.00,73751.20,73754.90,34.891000,387,9.346000,25.545000,73759.24,105163.71,0.00004405,0.000000,0.000000,0
2026-05-29 08:44:00,73755.00,73755.00,73743.30,73747.30,41.338000,334,17.806000,23.532000,73748.73,105165.60,0.00004405,0.000000,0.000000,0
2026-05-29 08:45:00,73747.20,73774.90,73726.10,73774.90,76.062000,664,37.397000,38.665000,73742.12,105173.33,0.00004379,0.000000,0.000000,0
2026-05-29 08:46:00,73774.90,73783.90,73759.90,73760.00,36.689000,374,11.233000,25.456000,73773.95,105193.39,0.00004347,0.000000,0.006000,0
2026-05-29 08:47:00,73759.90,73759.90,73742.10,73754.80,26.734000,347,16.326000,10.408000,73747.88,105195.82,0.00004347,0.000000,0.000000,0
2026-05-29 08:48:00,73754.70,73754.80,73723.20,73723.30,25.446000,306,6.307000,19.139000,73744.89,105198.37,0.00004308,0.000000,0.000000,0
2026-05-29 08:49:00,73723.20,73727.30,73712.70,73712.70,31.434000,316,13.886000,17.548000,73718.61,105205.24,0.00004287,0.000000,0.000000,0
2026-05-29 08:50:00,73712.70,73725.90,73679.70,73683.80,68.765000,858,22.868000,45.897000,73700.32,105204.46,0.00004287,0.000000,0.000000,0
2026-05-29 08:51:00,73683.80,73704.00,73683.80,73700.60,34.234000,304,19.802000,14.432000,73700.58,105207.96,0.00004235,0.000000,0.000000,0
2026-05-29 08:52:00,73700.30,73700.30,73647.10,73659.20,108.988000,864,50.577000,58.411000,73660.30,105216.72,0.00004226,0.000000,0.000000,0
2026-05-29 08:53:00,73659.10,73677.10,73659.10,73677.00,17.848000,246,7.927000,9.921000,73672.47,105215.57,0.00004202,0.000000,0.000000,0
2026-05-29 08:54:00,73677.00,73677.10,73659.10,73676.10,69.829000,441,14.175000,55.654000,73669.80,105197.13,0.00004202,0.000000,0.000000,0
2026-05-29 08:55:00,73676.00,73676.00,73644.10,73670.00,56.398000,551,18.700000,37.698000,73657.18,105193.32,0.00004209,0.000000,0.000000,0
2026-05-29 08:56:00,73670.00,73670.00,73622.00,73629.50,57.813000,642,8.876000,48.937000,73639.85,105205.45,0.00004178,0.000000,0.067000,0
2026-05-29 08:57:00,73629.50,73629.60,73606.90,73625.70,33.093000,432,16.885000,16.208000,73617.47,105203.00,0.00004178,0.000000,0.002000,0
2026-05-29 08:58:00,73625.60,73640.40,73625.60,73640.40,10.521000,178,7.110000,3.411000,73630.51,105204.83,0.00004122,0.000000,0.000000,0
2026-05-29 08:59:00,73640.30,73640.40,73600.10,73619.60,37.773000,527,10.833000,26.940000,73616.06,105203.87,0.00004127,0.000000,0.000000,0
2026-05-29 09:00:00,73619.70,73625.20,73614.50,73625.10,14.697000,199,5.425000,9.272000,73618.62,105199.46,0.00004121,0.000000,0.000000,0
2026-05-29 09:01:00,73625.20,73637.80,73625.10,73631.10,24.776000,301,9.557000,15.219000,73632.90,105199.49,0.00004121,0.000000,0.001000,0
2026-05-29 09:02:00,73631.00,73631.10,73615.00,73617.80,34.904000,274,15.642000,19.262000,73620.25,105196.43,0.00004150,0.000000,0.015000,0
2026-05-29 09:03:00,73617.80,73645.80,73617.80,73645.80,14.147000,294,11.552000,2.595000,73626.03,105198.16,0.00004127,0.000000,0.000000,0
2026-05-29 09:04:00,73645.80,73670.00,73645.70,73670.00,24.024000,383,15.440000,8.584000,73655.10,105200.16,0.00004127,0.000000,0.000000,0
2026-05-29 09:05:00,73670.00,73670.00,73631.60,73631.60,74.415000,742,33.440000,40.975000,73650.21,105198.86,0.00004132,0.000000,0.000000,0
2026-05-29 09:06:00,73631.70,73674.00,73631.60,73674.00,31.346000,434,22.113000,9.233000,73665.74,105195.25,0.00004133,0.000000,0.000000,0
2026-05-29 09:07:00,73673.90,73686.90,73673.90,73686.80,31.175000,246,20.372000,10.803000,73677.86,105189.02,0.00004148,0.000000,0.000000,0
2026-05-29 09:08:00,73686.90,73686.90,73663.10,73680.50,36.433000,468,5.099000,31.334000,73677.77,105183.30,0.00004148,0.000000,0.000000,0
2026-05-29 09:09:00,73680.40,73691.90,73678.70,73687.10,24.981000,316,14.915000,10.066000,73684.99,105180.59,0.00004135,0.000000,0.000000,0
2026-05-29 09:10:00,73687.20,73725.00,73687.10,73724.90,24.742000,398,18.301000,6.441000,73704.97,105178.97,0.00004146,0.000000,0.000000,0
2026-05-29 09:11:00,73724.90,73789.90,73724.90,73789.80,63.335000,667,57.993000,5.342000,73768.55,105168.89,0.00004146,0.012000,0.000000,0
2026-05-29 09:12:00,73789.80,73812.40,73789.80,73801.90,79.311000,558,64.853000,14.458000,73801.75,105162.50,0.00004160,0.038000,0.000000,0
2026-05-29 09:13:00,73801.90,73833.30,73789.80,73813.00,340.149000,922,294.935000,45.214000,73819.56,105272.05,0.00004174,0.020000,0.000000,0
2026-05-29 09:14:00,73813.00,73817.00,73788.00,73795.40,133.787000,798,56.472000,77.315000,73803.46,105259.04,0.00004174,0.000000,0.000000,0
2026-05-29 09:15:00,73795.40,73795.50,73779.10,73784.70,28.469000,318,14.577000,13.892000,73785.39,105260.72,0.00004168,0.000000,0.000000,0
2026-05-29 09:16:00,73784.70,73793.10,73770.60,73793.10,20.725000,396,12.163000,8.562000,73781.54,105265.70,0.00004138,0.000000,0.000000,0
2026-05-29 09:17:00,73793.00,73827.10,73793.00,73827.00,48.162000,526,35.522000,12.640000,73818.83,105267.93,0.00004128,0.000000,0.000000,0
2026-05-29 09:18:00,73827.00,73827.10,73803.60,73820.00,72.393000,471,20.938000,51.455000,73820.14,105289.21,0.00004128,0.000000,0.001000,0
2026-05-29 09:19:00,73819.90,73825.30,73806.50,73806.80,35.724000,317,9.198000,26.526000,73814.26,105292.57,0.00004126,0.000000,0.000000,0
2026-05-29 09:20:00,73806.80,73836.00,73806.80,73825.10,105.912000,495,76.321000,29.591000,73817.74,105284.58,0.00004117,0.046000,0.000000,0
2026-05-29 09:21:00,73825.00,73844.80,73811.30,73844.70,95.626000,681,51.837000,43.789000,73831.73,105271.01,0.00004117,0.008000,0.000000,0
2026-05-29 09:22:00,73844.80,73846.10,73827.60,73827.60,56.155000,350,16.164000,39.991000,73838.73,105267.47,0.00004107,0.002000,0.000000,0
2026-05-29 09:23:00,73827.30,73827.30,73809.50,73813.00,43.056000,425,21.394000,21.662000,73821.36,105270.52,0.00004095,0.000000,0.000000,0
2026-05-29 09:24:00,73813.00,73817.30,73808.80,73808.80,26.330000,248,4.503000,21.827000,73811.50,105271.60,0.00004055,0.000000,0.000000,0
2026-05-29 09:25:00,73808.80,73837.70,73803.50,73837.70,74.489000,446,26.001000,48.488000,73818.82,105266.99,0.00004055,0.000000,0.000000,0
2026-05-29 09:26:00,73837.70,73866.80,73836.40,73851.00,205.876000,1073,101.404000,104.472000,73853.18,105292.24,0.00004015,0.018000,0.000000,0
2026-05-29 09:27:00,73851.00,73851.00,73821.60,73821.60,36.439000,365,9.513000,26.926000,73840.32,105303.63,0.00003984,0.000000,0.000000,0
2026-05-29 09:28:00,73821.70,73825.10,73810.20,73821.50,47.472000,384,27.292000,20.180000,73816.75,105310.21,0.00003984,0.000000,0.000000,0
2026-05-29 09:29:00,73821.60,73831.00,73821.50,73831.00,24.245000,207,5.562000,18.683000,73829.01,105317.30,0.00003919,0.000000,0.000000,0
2026-05-29 09:30:00,73830.90,73862.30,73830.60,73849.40,60.528000,467,41.781000,18.747000,73841.28,105339.01,0.00003897,0.000000,0.000000,0
2026-05-29 09:31:00,73849.40,73856.50,73837.50,73837.50,100.964000,713,75.927000,25.037000,73845.95,105358.80,0.00003897,0.000000,0.000000,0
2026-05-29 09:32:00,73837.50,73837.60,73820.00,73820.00,68.622000,370,27.450000,41.172000,73833.34,105352.52,0.00003876,0.000000,0.000000,0
2026-05-29 09:33:00,73820.10,73820.10,73789.30,73799.00,87.126000,530,12.944000,74.182000,73805.32,105381.43,0.00003843,0.000000,0.000000,0
2026-05-29 09:34:00,73799.10,73820.00,73799.00,73805.60,37.171000,381,21.106000,16.065000,73812.48,105398.51,0.00003817,0.000000,0.012000,0
2026-05-29 09:35:00,73805.60,73818.90,73794.00,73817.10,25.270000,437,11.004000,14.266000,73805.34,105397.78,0.00003817,0.020000,0.000000,0
2026-05-29 09:36:00,73817.10,73817.10,73786.60,73786.60,32.943000,354,4.663000,28.280000,73801.26,105405.64,0.00003795,0.000000,0.000000,0
2026-05-29 09:37:00,73786.70,73815.00,73786.70,73814.90,34.963000,304,21.032000,13.931000,73805.24,105412.10,0.00003770,0.000000,0.000000,0
2026-05-29 09:38:00,73815.00,73817.00,73802.40,73811.80,36.084000,290,23.905000,12.179000,73814.31,105427.33,0.00003770,0.000000,0.000000,0
2026-05-29 09:39:00,73811.90,73811.90,73801.30,73805.20,19.619000,201,5.535000,14.084000,73806.38,105426.00,0.00003793,0.000000,0.000000,0
2026-05-29 09:40:00,73805.20,73820.00,73805.10,73815.10,40.677000,260,20.325000,20.352000,73811.96,105433.83,0.00003821,0.000000,0.000000,0
2026-05-29 09:41:00,73815.10,73820.80,73815.00,73819.70,55.517000,267,26.920000,28.597000,73818.64,105428.47,0.00003817,0.000000,0.000000,0
2026-05-29 09:42:00,73819.70,73823.10,73805.50,73821.10,77.481000,605,37.164000,40.317000,73812.89,105445.42,0.00003817,0.000000,0.000000,0
2026-05-29 09:43:00,73821.00,73821.10,73790.40,73790.50,81.617000,890,38.653000,42.964000,73802.76,105453.80,0.00003810,0.000000,0.000000,0
2026-05-29 09:44:00,73790.50,73804.00,73790.50,73802.50,19.182000,236,12.053000,7.129000,73800.74,105456.12,0.00003785,0.000000,0.000000,0
2026-05-29 09:45:00,73802.60,73802.60,73796.10,73796.10,13.853000,153,7.212000,6.641000,73796.72,105454.98,0.00003785,0.000000,0.000000,0
2026-05-29 09:46:00,73796.10,73796.10,73773.50,73790.70,92.174000,566,56.499000,35.675000,73783.85,105454.98,0.00003786,0.000000,0.000000,0
2026-05-29 09:47:00,73790.70,73799.90,73785.70,73792.70,62.464000,390,50.811000,11.653000,73794.36,105443.33,0.00003755,0.000000,0.000000,0
2026-05-29 09:48:00,73792.80,73796.40,73781.10,73796.40,46.328000,306,12.335000,33.993000,73788.55,105471.11,0.00003755,0.000000,0.000000,0
2026-05-29 09:49:00,73796.40,73796.40,73753.70,73753.70,36.744000,472,7.011000,29.733000,73768.53,105466.96,0.00003762,0.000000,0.000000,0
2026-05-29 09:50:00,73753.80,73753.80,73714.20,73717.10,135.551000,849,63.190000,72.361000,73726.00,105469.33,0.00003750,0.000000,0.000000,0
2026-05-29 09:51:00,73717.10,73721.60,73711.20,73721.40,28.625000,299,13.545000,15.080000,73715.23,105492.34,0.00003726,0.000000,0.000000,0
2026-05-29 09:52:00,73721.40,73721.50,73710.00,73718.60,52.337000,276,15.318000,37.019000,73715.28,105502.49,0.00003726,0.000000,0.000000,0
2026-05-29 09:53:00,73718.50,73723.80,73714.20,73718.20,31.596000,254,22.413000,9.183000,73717.01,105490.88,0.00003725,0.000000,0.002000,0
2026-05-29 09:54:00,73718.20,73718.20,73696.60,73696.70,60.195000,335,10.669000,49.526000,73704.06,105487.24,0.00003723,0.000000,0.000000,0
2026-05-29 09:55:00,73696.60,73712.70,73696.60,73712.60,39.827000,233,34.221000,5.606000,73702.69,105483.37,0.00003723,0.000000,0.000000,0
2026-05-29 09:56:00,73712.70,73712.70,73696.60,73696.70,20.257000,208,2.261000,17.996000,73708.24,105471.24,0.00003697,0.000000,0.000000,0
2026-05-29 09:57:00,73696.70,73696.70,73696.60,73696.60,11.088000,127,6.237000,4.851000,73696.66,105472.07,0.00003685,0.000000,0.000000,0
2026-05-29 09:58:00,73696.60,73696.70,73680.60,73680.70,34.653000,254,10.154000,24.499000,73689.86,105475.24,0.00003671,0.000000,0.000000,0
2026-05-29 09:59:00,73680.70,73718.20,73680.60,73707.80,68.041000,458,38.217000,29.824000,73703.65,105475.68,0.00003671,0.000000,0.000000,0
2026-05-29 10:00:00,73707.80,73707.90,73707.80,73707.80,7.612000,127,5.838000,1.774000,73707.88,105510.27,0.00003668,0.009000,0.000000,0
2026-05-29 10:01:00,73707.80,73707.90,73698.80,73704.80,57.856000,290,15.338000,42.518000,73706.09,105513.04,0.00003664,0.000000,0.000000,0
2026-05-29 10:02:00,73704.90,73704.90,73685.10,73685.20,12.616000,302,4.696000,7.920000,73698.76,105527.08,0.00003664,0.000000,0.000000,0
2026-05-29 10:03:00,73685.20,73685.20,73674.70,73674.70,23.977000,275,10.805000,13.172000,73680.96,105529.21,0.00003673,0.000000,0.000000,0
2026-05-29 10:04:00,73674.70,73674.70,73661.20,73661.20,24.578000,261,6.419000,18.159000,73664.47,105530.20,0.00003645,0.000000,0.001000,0
2026-05-29 10:05:00,73661.20,73663.40,73644.60,73644.60,135.523000,451,26.230000,109.293000,73660.32,105529.50,0.00003645,0.000000,0.000000,0
2026-05-29 10:06:00,73644.70,73684.40,73636.50,73684.30,36.816000,558,24.411000,12.405000,73654.63,105562.59,0.00003616,0.000000,0.000000,0
2026-05-29 10:07:00,73684.40,73684.40,73673.30,73677.40,33.539000,257,9.553000,23.986000,73680.92,105554.29,0.00003588,0.000000,0.000000,0
2026-05-29 10:08:00,73677.40,73677.40,73648.60,73648.60,15.166000,312,3.323000,11.843000,73671.94,105557.56,0.00003597,0.000000,0.000000,0
2026-05-29 10:09:00,73648.60,73684.40,73645.50,73682.60,30.248000,431,24.075000,6.173000,73666.27,105558.90,0.00003597,0.000000,0.000000,0
2026-05-29 10:10:00,73682.70,73682.70,73639.00,73639.10,21.091000,556,9.520000,11.571000,73667.14,105557.28,0.00003583,0.000000,0.000000,0
2026-05-29 10:11:00,73639.10,73666.80,73638.00,73659.80,23.294000,345,14.215000,9.079000,73654.92,105555.74,0.00003576,0.000000,0.000000,0
2026-05-29 10:12:00,73659.90,73659.90,73659.80,73659.90,5.166000,106,3.724000,1.442000,73659.87,105552.59,0.00003576,0.000000,0.000000,0
2026-05-29 10:13:00,73659.90,73684.40,73659.80,73672.50,38.484000,359,15.499000,22.985000,73676.86,105551.55,0.00003577,0.000000,0.000000,0
2026-05-29 10:14:00,73672.40,73672.50,73665.50,73668.30,23.086000,157,17.325000,5.761000,73666.51,105551.31,0.00003591,0.000000,0.000000,0
2026-05-29 10:15:00,73668.30,73672.50,73666.00,73672.50,14.644000,163,8.796000,5.848000,73669.52,105557.37,0.00003591,0.000000,0.000000,0
2026-05-29 10:16:00,73672.50,73672.50,73668.30,73668.30,14.811000,142,6.959000,7.852000,73668.45,105557.71,0.00003591,0.000000,0.000000,0
2026-05-29 10:17:00,73668.40,73668.40,73640.00,73645.70,33.905000,402,4.777000,29.128000,73651.97,105560.46,0.00003583,0.000000,0.000000,0
2026-05-29 10:18:00,73645.70,73645.80,73610.70,73610.80,39.796000,456,7.647000,32.149000,73626.45,105545.90,0.00003573,0.000000,0.046000,0
2026-05-29 10:19:00,73610.70,73627.90,73610.20,73623.90,28.473000,307,20.648000,7.825000,73614.59,105540.47,0.00003573,0.000000,0.000000,0
2026-05-29 10:20:00,73623.80,73630.00,73620.40,73629.90,25.197000,211,19.649000,5.548000,73623.22,105537.49,0.00003542,0.000000,0.000000,0
2026-05-29 10:21:00,73630.00,73655.90,73629.90,73651.80,28.722000,296,23.537000,5.185000,73644.58,105538.64,0.00003543,0.000000,0.000000,0
2026-05-29 10:22:00,73651.90,73651.90,73627.00,73627.10,13.427000,268,3.771000,9.656000,73635.38,105529.35,0.00003543,0.000000,0.000000,0
2026-05-29 10:23:00,73627.10,73631.80,73622.30,73627.10,52.554000,341,13.742000,38.812000,73626.81,105529.18,0.00003550,0.000000,0.000000,0
2026-05-29 10:24:00,73627.10,73627.10,73615.10,73615.10,38.741000,205,10.015000,28.726000,73623.55,105514.54,0.00003540,0.000000,0.000000,0
2026-05-29 10:25:00,73615.10,73615.20,73585.00,73614.20,79.248000,730,38.656000,40.592000,73598.41,105514.16,0.00003527,0.000000,0.019000,0
2026-05-29 10:26:00,73614.30,73614.30,73610.10,73610.20,34.834000,162,17.113000,17.721000,73610.82,105532.55,0.00003527,0.000000,0.000000,0
2026-05-29 10:27:00,73610.10,73625.20,73604.60,73604.60,32.542000,340,15.057000,17.485000,73616.91,105536.53,0.00003518,0.000000,0.000000,0
2026-05-29 10:28:00,73604.60,73608.50,73582.80,73594.90,101.752000,458,9.626000,92.126000,73597.08,105533.48,0.00003509,0.000000,0.000000,0
2026-05-29 10:29:00,73594.80,73594.90,73594.80,73594.80,12.271000,118,7.247000,5.024000,73594.86,105572.07,0.00003509,0.000000,0.000000,0
2026-05-29 10:30:00,73594.80,73599.20,73581.50,73599.10,30.679000,372,8.860000,21.819000,73588.41,105579.96,0.00003465,0.000000,0.000000,0
2026-05-29 10:31:00,73599.10,73599.20,73566.60,73569.90,28.729000,425,9.184000,19.545000,73576.34,105580.68,0.00003447,0.000000,0.011000,0
2026-05-29 10:32:00,73570.00,73571.70,73566.60,73571.60,20.642000,228,11.023000,9.619000,73567.80,105577.37,0.00003448,0.000000,0.000000,0
2026-05-29 10:33:00,73571.70,73571.70,73566.60,73566.60,46.931000,246,27.680000,19.251000,73569.07,105580.77,0.00003448,0.000000,0.000000,0
2026-05-29 10:34:00,73566.60,73570.00,73556.10,73565.80,68.094000,437,40.622000,27.472000,73562.38,105566.61,0.00003444,0.017000,0.011000,0
2026-05-29 10:35:00,73565.90,73590.00,73565.80,73590.00,28.113000,325,16.847000,11.266000,73585.82,105559.45,0.00003453,0.000000,0.000000,0
2026-05-29 10:36:00,73589.90,73648.30,73589.90,73648.30,66.348000,670,56.318000,10.030000,73617.50,105560.92,0.00003453,0.000000,0.000000,0
2026-05-29 10:37:00,73648.30,73695.40,73648.20,73686.40,62.541000,817,48.649000,13.892000,73667.69,105552.25,0.00003487,0.000000,0.000000,0
2026-05-29 10:38:00,73686.30,73709.30,73686.30,73690.50,43.264000,531,30.520000,12.744000,73697.00,105536.96,0.00003510,0.000000,0.000000,0
2026-05-29 10:39:00,73690.50,73690.60,73674.90,73675.00,17.583000,276,11.329000,6.254000,73677.28,105530.54,0.00003502,0.000000,0.000000,0
2026-05-29 10:40:00,73675.10,73675.10,73658.10,73662.20,45.291000,330,28.326000,16.965000,73666.15,105525.79,0.00003502,0.000000,0.000000,0
2026-05-29 10:41:00,73662.20,73662.20,73629.90,73630.00,21.858000,344,10.384000,11.474000,73648.22,105521.65,0.00003467,0.000000,0.000000,0
2026-05-29 10:42:00,73629.90,73630.00,73607.10,73607.20,34.733000,395,16.874000,17.859000,73611.39,105521.31,0.00003424,0.000000,0.000000,0
2026-05-29 10:43:00,73607.20,73617.80,73593.40,73597.80,47.024000,447,26.290000,20.734000,73607.26,105500.74,0.00003424,0.000000,0.000000,0
2026-05-29 10:44:00,73597.80,73620.00,73597.70,73607.90,26.160000,549,15.517000,10.643000,73615.23,105499.83,0.00003378,0.000000,0.000000,0
2026-05-29 10:45:00,73607.50,73611.10,73576.50,73576.60,17.436000,381,7.999000,9.437000,73597.83,105498.10,0.00003350,0.000000,0.000000,0
2026-05-29 10:46:00,73576.50,73577.30,73561.40,73577.30,28.174000,379,21.376000,6.798000,73567.72,105497.77,0.00003350,0.000000,0.000000,0
2026-05-29 10:47:00,73577.30,73587.50,73575.80,73580.00,16.859000,310,8.835000,8.024000,73583.53,105499.58,0.00003316,0.000000,0.000000,0
2026-05-29 10:48:00,73580.00,73592.20,73580.00,73584.30,12.665000,266,8.635000,4.030000,73586.40,105498.12,0.00003313,0.000000,0.000000,0
2026-05-29 10:49:00,73584.20,73587.90,73575.50,73575.60,19.475000,186,11.300000,8.175000,73583.24,105497.97,0.00003309,0.000000,0.000000,0
2026-05-29 10:50:00,73575.50,73609.40,73573.20,73609.30,30.690000,407,13.869000,16.821000,73591.29,105493.95,0.00003309,0.000000,0.000000,0
2026-05-29 10:51:00,73609.40,73620.90,73605.50,73620.00,15.863000,263,8.221000,7.642000,73615.75,105488.23,0.00003285,0.000000,0.000000,0
2026-05-29 10:52:00,73620.10,73620.10,73608.40,73608.50,18.643000,201,3.865000,14.778000,73618.00,105483.68,0.00003303,0.000000,0.000000,0
2026-05-29 10:53:00,73608.40,73617.10,73608.40,73608.50,22.467000,237,15.257000,7.210000,73611.63,105479.90,0.00003303,0.000000,0.000000,0
2026-05-29 10:54:00,73608.50,73620.00,73608.40,73619.90,10.028000,150,9.000000,1.028000,73613.49,105480.48,0.00003289,0.000000,0.000000,0
2026-05-29 10:55:00,73619.90,73620.00,73609.80,73609.90,18.031000,216,4.859000,13.172000,73618.88,105480.30,0.00003275,0.000000,0.000000,0
2026-05-29 10:56:00,73609.90,73648.50,73609.80,73647.20,54.143000,452,45.773000,8.370000,73632.29,105475.44,0.00003251,0.000000,0.000000,0
2026-05-29 10:57:00,73647.20,73655.40,73640.50,73644.40,39.580000,369,22.849000,16.731000,73648.88,105464.96,0.00003251,0.000000,0.000000,0
2026-05-29 10:58:00,73644.30,73658.80,73639.80,73644.00,33.077000,390,17.322000,15.755000,73650.65,105458.85,0.00003239,0.000000,0.000000,0
2026-05-29 10:59:00,73644.00,73654.00,73631.80,73631.90,23.311000,318,12.045000,11.266000,73648.50,105453.16,0.00003223,0.000000,0.000000,0
2026-05-29 11:00:00,73631.90,73631.90,73601.90,73601.90,31.625000,283,18.193000,13.432000,73624.27,105451.29,0.00003223,0.000000,0.000000,0
2026-05-29 11:01:00,73601.90,73601.90,73560.60,73581.50,51.730000,664,15.677000,36.053000,73579.88,105455.20,0.00003193,0.000000,0.000000,0
2026-05-29 11:02:00,73581.40,73584.70,73576.20,73584.60,16.064000,218,8.405000,7.659000,73577.44,105452.29,0.00003152,0.000000,0.000000,0
2026-05-29 11:03:00,73584.70,73597.50,73584.60,73594.10,19.162000,275,10.802000,8.360000,73589.45,105454.11,0.00003152,0.000000,0.000000,0
2026-05-29 11:04:00,73594.10,73605.50,73594.00,73605.40,11.634000,179,8.789000,2.845000,73597.86,105450.16,0.00003134,0.000000,0.000000,0
2026-05-29 11:05:00,73605.50,73620.00,73600.00,73600.10,21.338000,315,13.681000,7.657000,73607.87,105448.33,0.00003131,0.000000,0.000000,0
2026-05-29 11:06:00,73600.10,73634.30,73598.70,73634.20,37.202000,442,17.056000,20.146000,73621.84,105442.63,0.00003131,0.000000,0.000000,0
2026-05-29 11:07:00,73634.20,73634.30,73630.50,73630.50,14.566000,155,5.275000,9.291000,73630.85,105447.62,0.00003131,0.062000,0.000000,0
2026-05-29 11:08:00,73630.60,73630.60,73610.50,73626.90,30.803000,351,9.895000,20.908000,73621.32,105445.44,0.00003150,0.000000,0.102000,0
2026-05-29 11:09:00,73627.00,73627.00,73618.00,73618.00,16.476000,190,4.396000,12.080000,73623.23,105446.63,0.00003135,0.000000,0.000000,0
2026-05-29 11:10:00,73618.10,73618.10,73592.30,73594.40,41.506000,289,16.499000,25.007000,73603.09,105445.03,0.00003135,0.020000,0.000000,0
2026-05-29 11:11:00,73594.30,73604.30,73592.90,73604.30,20.167000,171,10.376000,9.791000,73596.87,105452.00,0.00003120,0.000000,0.000000,0
2026-05-29 11:12:00,73604.20,73604.30,73596.00,73604.20,23.371000,194,12.108000,11.263000,73599.36,105449.03,0.00003089,0.000000,0.000000,0
2026-05-29 11:13:00,73604.20,73604.30,73600.00,73603.60,7.272000,124,5.438000,1.834000,73603.59,105450.19,0.00003089,0.000000,0.000000,0
2026-05-29 11:14:00,73603.60,73608.20,73603.60,73608.20,7.948000,125,6.352000,1.596000,73606.13,105446.14,0.00003073,0.000000,0.000000,0
2026-05-29 11:15:00,73608.20,73649.70,73608.20,73612.40,66.517000,715,29.063000,37.454000,73628.31,105443.50,0.00003071,0.000000,0.000000,0
2026-05-29 11:16:00,73612.30,73628.30,73612.30,73628.30,16.401000,211,14.148000,2.253000,73615.50,105439.71,0.00003058,0.000000,0.000000,0
2026-05-29 11:17:00,73628.20,73628.30,73626.70,73626.80,8.650000,124,2.534000,6.116000,73627.69,105438.74,0.00003058,0.000000,0.000000,0
2026-05-29 11:18:00,73626.70,73635.50,73626.70,73626.90,13.090000,204,8.631000,4.459000,73630.04,105439.23,0.00003024,0.000000,0.000000,0
2026-05-29 11:19:00,73626.80,73634.10,73620.70,73620.80,16.004000,216,8.260000,7.744000,73630.20,105439.33,0.00002993,0.000000,0.000000,0
2026-05-29 11:20:00,73620.80,73629.00,73620.70,73629.00,8.700000,122,7.470000,1.230000,73624.69,105437.52,0.00002993,0.000000,0.000000,0
2026-05-29 11:21:00,73629.00,73645.00,73628.90,73645.00,11.400000,210,8.294000,3.106000,73640.89,105435.39,0.00002970,0.000000,0.000000,0
2026-05-29 11:22:00,73645.00,73662.30,73644.90,73654.80,23.162000,309,16.180000,6.982000,73656.31,105429.22,0.00002943,0.000000,0.000000,0
2026-05-29 11:23:00,73654.90,73654.90,73650.00,73650.00,8.660000,143,4.938000,3.722000,73651.47,105425.54,0.00002925,0.000000,0.000000,0
2026-05-29 11:24:00,73650.10,73650.10,73610.20,73619.00,46.280000,472,21.476000,24.804000,73623.99,105427.46,0.00002925,0.000000,0.000000,0
2026-05-29 11:25:00,73618.90,73648.40,73611.20,73648.40,20.171000,455,10.693000,9.478000,73621.77,105415.17,0.00002899,0.000000,0.000000,0
2026-05-29 11:26:00,73648.40,73648.40,73625.30,73625.30,10.979000,225,1.398000,9.581000,73639.08,105411.54,0.00002842,0.000000,0.010000,0
2026-05-29 11:27:00,73625.30,73625.40,73557.80,73557.80,66.253000,683,23.816000,42.437000,73580.42,105402.90,0.00002842,0.000000,0.001000,0
2026-05-29 11:28:00,73557.90,73579.30,73557.80,73579.20,14.119000,292,10.761000,3.358000,73572.76,105399.33,0.00002793,0.000000,0.002000,0
2026-05-29 11:29:00,73579.30,73579.30,73516.80,73527.70,69.322000,678,6.399000,62.923000,73538.06,105397.87,0.00002687,0.000000,0.028000,0
2026-05-29 11:30:00,73527.70,73540.70,73527.50,73540.70,27.795000,274,18.050000,9.745000,73532.34,105376.56,0.00002687,0.000000,0.000000,0
2026-05-29 11:31:00,73540.70,73545.70,73505.90,73505.90,40.278000,562,10.384000,29.894000,73529.23,105378.19,0.00002620,0.000000,0.122000,0
2026-05-29 11:32:00,73505.90,73505.90,73485.10,73493.50,92.087000,537,25.704000,66.383000,73493.71,105359.32,0.00002626,0.000000,0.114000,0
2026-05-29 11:33:00,73493.50,73507.30,73493.50,73507.20,35.919000,255,15.852000,20.067000,73499.33,105363.90,0.00002592,0.000000,0.000000,0
2026-05-29 11:34:00,73507.20,73507.30,73506.80,73506.90,24.903000,141,18.376000,6.527000,73507.20,105368.09,0.00002592,0.000000,0.000000,0
2026-05-29 11:35:00,73506.80,73553.90,73506.80,73553.90,54.627000,539,39.607000,15.020000,73525.67,105374.66,0.00002589,0.000000,0.000000,0
2026-05-29 11:36:00,73553.90,73553.90,73542.20,73542.20,21.263000,284,4.178000,17.085000,73549.16,105377.87,0.00002600,0.000000,0.000000,0
2026-05-29 11:37:00,73542.20,73542.30,73510.40,73510.50,18.687000,323,4.155000,14.532000,73527.82,105379.65,0.00002600,0.000000,0.000000,0
2026-05-29 11:38:00,73510.40,73510.50,73459.10,73479.80,124.447000,971,26.173000,98.274000,73480.70,105372.82,0.00002579,0.000000,0.696000,0
2026-05-29 11:39:00,73479.80,73490.90,73478.80,73487.60,31.919000,394,18.623000,13.296000,73484.03,105377.68,0.00002528,0.000000,0.000000,0
2026-05-29 11:40:00,73487.70,73487.70,73459.40,73466.50,45.997000,497,14.360000,31.637000,73474.18,105378.10,0.00002528,0.000000,0.000000,0
2026-05-29 11:41:00,73466.50,73479.20,73447.00,73476.00,69.243000,880,24.719000,44.524000,73460.08,105378.52,0.00002528,0.000000,0.034000,0
2026-05-29 11:42:00,73476.00,73476.10,73458.00,73458.00,41.000000,473,14.002000,26.998000,73466.85,105382.63,0.00002510,0.000000,0.012000,0
2026-05-29 11:43:00,73458.10,73468.40,73448.60,73455.00,42.576000,423,24.666000,17.910000,73458.48,105395.98,0.00002491,0.000000,0.000000,0
2026-05-29 11:44:00,73454.90,73500.00,73454.90,73491.40,28.479000,494,22.434000,6.045000,73485.96,105393.57,0.00002491,0.000000,0.000000,0
2026-05-29 11:45:00,73491.40,73491.40,73455.00,73455.00,34.080000,444,12.106000,21.974000,73480.19,105393.87,0.00002468,0.000000,0.000000,0
2026-05-29 11:46:00,73455.10,73483.80,73455.00,73483.70,23.855000,453,12.659000,11.196000,73466.80,105391.09,0.00002483,0.000000,0.000000,0
2026-05-29 11:47:00,73483.80,73483.80,73479.70,73481.70,12.432000,182,4.471000,7.961000,73482.10,105395.90,0.00002495,0.000000,0.000000,0
2026-05-29 11:48:00,73481.70,73488.70,73475.80,73475.90,23.682000,247,15.539000,8.143000,73483.32,105395.71,0.00002495,0.000000,0.000000,0
2026-05-29 11:49:00,73475.80,73483.10,73475.00,73475.10,22.571000,197,12.719000,9.852000,73480.65,105398.44,0.00002503,0.000000,0.000000,0
2026-05-29 11:50:00,73475.00,73475.10,73420.00,73427.50,92.739000,737,13.596000,79.143000,73438.80,105385.52,0.00002482,0.000000,0.957000,0
2026-05-29 11:51:00,73427.40,73440.00,73410.00,73434.20,57.613000,686,20.491000,37.122000,73426.32,105390.90,0.00002482,0.000000,0.019000,0
2026-05-29 11:52:00,73434.20,73435.60,73390.00,73400.10,99.395000,769,23.146000,76.249000,73412.24,105382.15,0.00002459,0.000000,0.260000,0
2026-05-29 11:53:00,73400.10,73413.10,73310.00,73315.50,317.043000,1745,59.590000,257.453000,73351.46,105384.26,0.00002448,0.000000,4.780000,0
2026-05-29 11:54:00,73315.60,73399.30,73305.10,73399.30,268.192000,2230,164.337000,103.855000,73360.87,105375.66,0.00002448,0.000000,0.165000,0
2026-05-29 11:55:00,73399.30,73400.00,73385.60,73393.00,48.732000,502,27.507000,21.225000,73391.16,105386.12,0.00002411,0.000000,0.000000,0
2026-05-29 11:56:00,73393.10,73433.20,73381.60,73421.30,81.477000,793,50.037000,31.440000,73420.38,105384.96,0.00002402,0.000000,0.000000,0
2026-05-29 11:57:00,73421.30,73434.10,73417.20,73429.00,34.910000,362,18.452000,16.458000,73425.00,105383.91,0.00002417,0.000000,0.000000,0
2026-05-29 11:58:00,73429.00,73438.80,73424.80,73424.80,40.697000,406,21.722000,18.975000,73429.59,105382.50,0.00002417,0.000000,0.000000,0
2026-05-29 11:59:00,73424.80,73433.20,73424.80,73428.50,29.178000,279,8.795000,20.383000,73428.46,105373.80,0.00002394,0.000000,0.000000,0
2026-05-29 12:00:00,73428.50,73448.40,73428.40,73447.60,56.136000,376,48.678000,7.458000,73443.15,105374.18,0.00002364,0.000000,0.000000,0
2026-05-29 12:01:00,73447.60,73447.60,73440.10,73440.20,45.719000,257,13.899000,31.820000,73443.04,105370.35,0.00002364,0.000000,0.000000,0
2026-05-29 12:02:00,73440.20,73440.20,73400.00,73400.10,77.470000,555,19.735000,57.735000,73430.05,105364.57,0.00002348,0.000000,0.000000,0
2026-05-29 12:03:00,73400.00,73403.80,73365.20,73388.00,56.685000,769,20.395000,36.290000,73386.41,105349.25,0.00002330,0.000000,0.000000,0
2026-05-29 12:04:00,73388.10,73424.10,73388.10,73404.20,48.326000,736,18.716000,29.610000,73404.42,105345.66,0.00002312,0.000000,0.000000,0
2026-05-29 12:05:00,73404.30,73409.10,73388.60,73388.60,21.695000,455,8.235000,13.460000,73400.10,105351.50,0.00002312,0.000000,0.000000,0
2026-05-29 12:06:00,73388.70,73388.70,73332.80,73353.90,110.315000,906,38.863000,71.452000,73354.14,105358.65,0.00002319,0.000000,0.027000,0
2026-05-29 12:07:00,73353.80,73353.80,73332.00,73332.00,65.643000,850,31.235000,34.408000,73342.40,105361.96,0.00002301,0.000000,0.266000,0
2026-05-29 12:08:00,73332.10,73349.00,73332.00,73348.90,35.624000,345,26.236000,9.388000,73345.65,105354.85,0.00002301,0.000000,0.000000,0
2026-05-29 12:09:00,73349.00,73366.30,73348.90,73365.40,38.174000,320,28.838000,9.336000,73360.34,105350.39,0.00002285,0.000000,0.006000,0
2026-05-29 12:10:00,73365.40,73365.40,73344.80,73344.90,42.976000,395,16.867000,26.109000,73352.92,105350.19,0.00002299,0.000000,0.000000,0
2026-05-29 12:11:00,73344.80,73354.60,73335.50,73354.60,49.171000,381,21.736000,27.435000,73345.18,105362.41,0.00002299,0.000000,0.000000,0
2026-05-29 12:12:00,73354.60,73354.60,73335.00,73352.00,25.114000,485,15.536000,9.578000,73344.91,105363.63,0.00002298,0.000000,0.000000,0
2026-05-29 12:13:00,73352.10,73354.60,73332.60,73332.60,25.269000,342,8.601000,16.668000,73342.41,105362.51,0.00002282,0.000000,0.000000,0
2026-05-29 12:14:00,73332.60,73332.70,73314.80,73325.60,68.277000,429,38.208000,30.069000,73321.22,105381.91,0.00002276,0.000000,0.036000,0
2026-05-29 12:15:00,73325.50,73339.40,73299.70,73335.00,238.667000,1359,57.206000,181.461000,73319.23,105416.45,0.00002276,0.000000,0.000000,0
2026-05-29 12:16:00,73335.10,73357.60,73285.80,73347.30,114.094000,1238,44.919000,69.175000,73319.58,105474.09,0.00002276,0.000000,4.098000,0
2026-05-29 12:17:00,73347.30,73383.30,73347.20,73373.40,99.056000,1006,73.786000,25.270000,73366.65,105472.55,0.00002286,0.000000,0.000000,0
2026-05-29 12:18:00,73373.40,73384.00,73360.60,73371.10,102.592000,618,79.823000,22.769000,73373.15,105452.12,0.00002286,0.000000,0.000000,0
2026-05-29 12:19:00,73371.10,73371.10,73362.20,73367.60,36.459000,303,17.672000,18.787000,73367.73,105436.98,0.00002303,0.000000,0.000000,0
2026-05-29 12:20:00,73367.50,73369.90,73352.00,73352.10,34.140000,282,8.280000,25.860000,73363.31,105437.24,0.00002291,0.000000,0.000000,0
2026-05-29 12:21:00,73352.00,73353.50,73320.00,73353.40,58.840000,655,32.502000,26.338000,73339.07,105422.38,0.00002291,0.000000,0.000000,0
2026-05-29 12:22:00,73353.40,73353.50,73315.00,73317.90,44.051000,531,12.604000,31.447000,73331.46,105414.64,0.00002274,0.000000,0.000000,0
2026-05-29 12:23:00,73317.80,73337.50,73317.80,73337.40,111.701000,778,74.818000,36.883000,73324.29,105424.98,0.00002249,0.000000,0.000000,0
2026-05-29 12:24:00,73337.50,73343.40,73282.50,73282.60,95.424000,737,12.370000,83.054000,73306.87,105457.33,0.00002201,0.000000,0.000000,0
2026-05-29 12:25:00,73282.50,73309.50,73281.70,73288.00,39.350000,593,18.618000,20.732000,73293.20,105464.39,0.00002201,0.000000,0.000000,0
2026-05-29 12:26:00,73288.00,73293.20,73280.00,73285.90,56.871000,387,17.439000,39.432000,73283.25,105471.57,0.00002184,0.000000,0.000000,0
2026-05-29 12:27:00,73285.90,73286.00,73280.00,73280.00,33.303000,215,7.700000,25.603000,73282.84,105472.08,0.00002157,0.000000,0.034000,0
2026-05-29 12:28:00,73280.10,73280.10,73276.00,73276.00,40.317000,247,7.334000,32.983000,73276.89,105484.03,0.00002157,0.000000,0.000000,0
2026-05-29 12:29:00,73276.00,73294.00,73272.80,73272.80,46.615000,565,33.582000,13.033000,73281.94,105493.81,0.00002145,0.000000,0.081000,0
2026-05-29 12:30:00,73272.90,73294.00,73272.80,73294.00,46.254000,348,29.518000,16.736000,73282.30,105500.09,0.00002126,0.000000,0.000000,0
2026-05-29 12:31:00,73293.90,73305.70,73273.60,73299.60,54.912000,628,26.919000,27.993000,73290.04,105501.07,0.00002118,0.000000,0.000000,0
2026-05-29 12:32:00,73299.60,73306.40,73288.70,73290.10,31.832000,561,20.131000,11.701000,73297.79,105505.92,0.00002118,0.000000,0.000000,0
2026-05-29 12:33:00,73290.10,73299.60,73288.70,73295.60,20.172000,264,12.895000,7.277000,73291.39,105503.46,0.00002117,0.000000,0.000000,0
2026-05-29 12:34:00,73295.60,73297.40,73206.00,73268.40,328.592000,2332,98.676000,229.916000,73254.02,105508.80,0.00002130,0.000000,0.663000,0
2026-05-29 12:35:00,73268.40,73268.40,73210.00,73254.80,79.877000,1261,33.175000,46.702000,73237.44,105520.64,0.00002130,0.000000,0.623000,0
2026-05-29 12:36:00,73254.90,73254.90,73190.00,73209.70,189.285000,1428,47.997000,141.288000,73206.59,105505.98,0.00002104,0.000000,1.020000,0
2026-05-29 12:37:00,73209.70,73240.00,73195.00,73239.90,53.500000,703,29.258000,24.242000,73208.92,105512.26,0.00002108,0.000000,0.000000,0
2026-05-29 12:38:00,73239.90,73280.90,73239.90,73257.30,72.272000,686,38.012000,34.260000,73268.12,105511.83,0.00002108,0.000000,0.000000,0
2026-05-29 12:39:00,73257.30,73277.30,73241.20,73241.20,30.681000,532,17.292000,13.389000,73262.00,105519.27,0.00002111,0.000000,0.000000,0
2026-05-29 12:40:00,73241.20,73241.30,73215.00,73215.00,43.204000,685,26.692000,16.512000,73226.04,105515.88,0.00002124,0.000000,0.000000,0
2026-05-29 12:41:00,73215.00,73233.50,73189.50,73233.40,96.067000,894,48.989000,47.078000,73201.77,105514.18,0.00002071,0.001000,0.208000,0
2026-05-29 12:42:00,73233.50,73246.00,73233.40,73234.40,108.510000,665,44.883000,63.627000,73240.71,105505.90,0.00002071,0.000000,0.000000,0
2026-05-29 12:43:00,73234.50,73234.50,73210.10,73210.10,39.486000,385,15.920000,23.566000,73216.39,105520.06,0.00002016,0.000000,0.000000,0
2026-05-29 12:44:00,73210.20,73238.40,73210.00,73231.20,49.343000,539,23.176000,26.167000,73217.81,105526.80,0.00001974,0.000000,0.000000,0
2026-05-29 12:45:00,73231.30,73246.10,73231.20,73246.10,68.567000,378,50.197000,18.370000,73239.58,105544.20,0.00001974,0.000000,0.000000,0
2026-05-29 12:46:00,73246.00,73258.30,73240.10,73240.20,118.423000,578,34.138000,84.285000,73248.29,105547.25,0.00001972,0.000000,0.000000,0
2026-05-29 12:47:00,73240.10,73240.20,73166.00,73205.20,346.061000,1139,37.291000,308.770000,73188.90,105448.72,0.00001989,0.000000,0.369000,0
2026-05-29 12:48:00,73205.30,73222.60,73194.10,73217.70,55.274000,597,37.472000,17.802000,73208.97,105445.88,0.00001967,0.000000,0.000000,0
2026-05-29 12:49:00,73217.80,73251.50,73217.70,73245.20,88.698000,740,45.586000,43.112000,73240.13,105464.00,0.00001967,0.000000,0.000000,0
2026-05-29 12:50:00,73245.20,73245.20,73201.50,73216.40,53.254000,625,20.516000,32.738000,73219.85,105462.71,0.00002002,0.000000,0.000000,0
2026-05-29 12:51:00,73216.40,73271.30,73216.40,73271.30,69.037000,630,49.431000,19.606000,73244.38,105481.95,0.00002013,0.000000,0.000000,0
2026-05-29 12:52:00,73271.30,73338.30,73271.10,73316.20,203.399000,1296,158.293000,45.106000,73304.06,105481.95,0.00002013,0.000000,0.000000,0
2026-05-29 12:53:00,73316.20,73345.40,73302.80,73336.20,120.353000,958,85.491000,34.862000,73325.26,105494.74,0.00002059,0.000000,0.000000,0
2026-05-29 12:54:00,73336.20,73345.70,73321.00,73333.70,102.463000,653,57.969000,44.494000,73333.11,105476.88,0.00002103,0.000000,0.000000,0
2026-05-29 12:55:00,73333.70,73333.70,73290.10,73296.10,51.570000,522,10.643000,40.927000,73306.91,105478.65,0.00002111,0.000000,0.000000,0
2026-05-29 12:56:00,73296.00,73312.10,73280.00,73280.00,57.382000,501,22.566000,34.816000,73297.65,105464.84,0.00002111,0.000000,0.000000,0
2026-05-29 12:57:00,73280.10,73280.10,73251.40,73251.40,22.533000,380,3.103000,19.430000,73264.05,105481.17,0.00002099,0.000000,0.000000,0
2026-05-29 12:58:00,73251.40,73276.30,73251.40,73265.10,80.752000,744,62.500000,18.252000,73264.84,105478.34,0.00002070,0.003000,0.000000,0
2026-05-29 12:59:00,73265.10,73288.70,73260.00,73260.00,92.300000,699,67.082000,25.218000,73273.44,105459.25,0.00002070,0.000000,0.000000,0
2026-05-29 13:00:00,73260.10,73264.90,73260.00,73260.10,35.049000,203,17.635000,17.414000,73262.75,105436.29,0.00002080,0.000000,0.000000,0
2026-05-29 13:01:00,73260.00,73267.60,73222.10,73245.70,132.897000,828,31.364000,101.533000,73254.17,105430.76,0.00002070,0.000000,0.000000,0
2026-05-29 13:02:00,73245.80,73245.80,73170.10,73170.10,78.639000,775,17.304000,61.335000,73201.75,105487.86,0.00002070,0.000000,0.000000,0
2026-05-29 13:03:00,73170.20,73213.20,73160.00,73193.50,98.522000,1031,36.655000,61.867000,73186.64,105492.91,0.00002084,0.000000,0.118000,0
2026-05-29 13:04:00,73193.60,73223.30,73193.50,73222.80,56.491000,736,41.741000,14.750000,73206.39,105484.67,0.00002070,0.000000,0.000000,0
2026-05-29 13:05:00,73222.90,73222.90,73196.20,73212.70,71.167000,950,37.456000,33.711000,73210.55,105491.67,0.00002063,0.000000,0.000000,0
2026-05-29 13:06:00,73212.80,73213.00,73195.50,73212.60,22.691000,480,9.815000,12.876000,73205.98,105492.98,0.00002063,0.000000,0.000000,0
2026-05-29 13:07:00,73212.60,73222.90,73202.30,73202.30,38.203000,575,21.684000,16.519000,73217.09,105494.88,0.00002084,0.000000,0.000000,0
2026-05-29 13:08:00,73202.30,73219.00,73191.20,73204.10,50.229000,538,18.303000,31.926000,73204.25,105500.04,0.00002100,0.000000,0.000000,0
2026-05-29 13:09:00,73204.20,73204.20,73130.00,73167.50,506.014000,2883,292.320000,213.694000,73160.66,105520.22,0.00002100,0.000000,2.531000,0
2026-05-29 13:10:00,73167.50,73203.50,73157.90,73180.50,167.632000,1274,124.295000,43.337000,73180.59,105446.23,0.00002098,0.000000,0.000000,0
2026-05-29 13:11:00,73180.40,73180.40,73144.00,73144.00,105.577000,781,51.131000,54.446000,73169.77,105414.58,0.00002127,0.000000,0.000000,0
2026-05-29 13:12:00,73144.00,73149.50,73124.80,73131.40,114.285000,726,31.370000,82.915000,73133.67,105411.97,0.00002127,0.000000,0.484000,0
2026-05-29 13:13:00,73131.50,73142.90,73068.00,73068.20,452.676000,2168,88.275000,364.401000,73102.37,105418.04,0.00002153,0.000000,2.689000,0
2026-05-29 13:14:00,73068.10,73129.40,73049.20,73100.20,459.831000,2551,305.194000,154.637000,73098.71,105315.03,0.00002183,0.000000,0.878000,0
2026-05-29 13:15:00,73100.20,73104.30,73053.50,73099.30,225.739000,1207,54.078000,171.661000,73078.38,105276.88,0.00002218,0.000000,1.200000,0
2026-05-29 13:16:00,73099.30,73110.70,73075.00,73106.60,118.950000,1249,39.923000,79.027000,73092.23,105263.57,0.00002218,0.000000,0.000000,0
2026-05-29 13:17:00,73106.50,73106.60,73075.00,73092.30,62.315000,692,24.128000,38.187000,73086.15,105277.39,0.00002250,0.000000,0.000000,0
2026-05-29 13:18:00,73092.30,73110.60,73085.00,73103.40,115.706000,894,32.006000,83.700000,73100.40,105297.05,0.00002299,0.000000,0.000000,0
2026-05-29 13:19:00,73103.50,73111.40,73089.00,73089.10,111.400000,620,83.915000,27.485000,73100.24,105302.60,0.00002299,0.000000,0.000000,0
2026-05-29 13:20:00,73089.00,73101.00,73080.20,73086.80,104.379000,696,53.355000,51.024000,73090.25,105302.73,0.00002338,0.000000,0.000000,0
2026-05-29 13:21:00,73086.90,73096.10,73086.00,73088.70,69.976000,439,50.756000,19.220000,73088.01,105345.63,0.00002357,0.000000,0.000000,0
2026-05-29 13:22:00,73088.60,73099.80,73069.30,73072.90,73.900000,616,34.410000,39.490000,73085.12,105380.02,0.00002357,0.000000,0.000000,0
2026-05-29 13:23:00,73072.90,73073.00,73030.00,73047.40,290.990000,1481,168.884000,122.106000,73047.47,105404.76,0.00002402,0.000000,0.965000,0
2026-05-29 13:24:00,73047.30,73047.40,73010.30,73014.90,175.813000,885,40.473000,135.340000,73024.94,105381.20,0.00002436,0.000000,0.161000,0
2026-05-29 13:25:00,73014.90,73020.00,72957.80,72999.70,490.261000,2449,134.219000,356.042000,72994.66,105357.40,0.00002447,0.000000,2.404000,0
2026-05-29 13:26:00,72999.80,73006.20,72930.90,72965.30,290.984000,2450,99.864000,191.120000,72951.41,105292.42,0.00002447,0.000000,1.708000,0
2026-05-29 13:27:00,72965.30,72976.10,72952.90,72976.00,105.911000,909,63.305000,42.606000,72960.48,105276.04,0.00002464,0.000000,0.000000,0
2026-05-29 13:28:00,72976.10,73060.70,72976.00,73049.60,194.231000,1438,145.830000,48.401000,73018.60,105293.97,0.00002459,0.000000,0.000000,0
2026-05-29 13:29:00,73049.60,73055.40,73000.00,73000.10,126.904000,1288,77.847000,49.057000,73039.63,105320.44,0.00002459,0.000000,0.000000,0
2026-05-29 13:30:00,73000.00,73038.70,72993.20,73038.70,129.640000,991,75.928000,53.712000,73012.93,105319.81,0.00002523,0.000000,0.000000,0
2026-05-29 13:31:00,73038.70,73041.20,72953.80,72973.10,220.260000,2771,118.907000,101.353000,72978.85,105372.46,0.00002515,0.000000,0.005000,0
2026-05-29 13:32:00,72973.10,72994.90,72958.60,72960.10,92.192000,1819,54.698000,37.494000,72970.15,105413.73,0.00002514,0.000000,0.000000,0
2026-05-29 13:33:00,72960.10,72960.10,72870.30,72933.80,540.791000,4610,190.253000,350.538000,72905.59,105401.90,0.00002514,0.000000,4.399000,0
2026-05-29 13:34:00,72934.10,72950.00,72866.00,72945.70,196.383000,2984,105.888000,90.495000,72905.73,105406.56,0.00002512,0.000000,3.904000,0
2026-05-29 13:35:00,72945.80,72949.90,72882.50,72894.30,242.776000,2084,130.299000,112.477000,72905.03,105431.83,0.00002554,0.000000,0.174000,0
2026-05-29 13:36:00,72894.40,73034.20,72883.80,73026.20,302.316000,2769,218.878000,83.438000,72970.24,105478.77,0.00002554,0.000000,0.000000,0
2026-05-29 13:37:00,73026.20,73127.40,73012.80,73095.20,423.700000,3707,282.487000,141.213000,73087.34,105488.81,0.00002570,0.859000,0.000000,0
2026-05-29 13:38:00,73095.30,73234.40,73076.90,73234.30,387.982000,3137,289.702000,98.280000,73152.46,105493.07,0.00002659,0.878000,0.000000,0
2026-05-29 13:39:00,73234.30,73280.70,73170.10,73195.20,303.999000,3131,142.508000,161.491000,73215.32,105437.67,0.00002659,0.244000,0.000000,0
2026-05-29 13:40:00,73195.10,73195.20,73152.70,73187.00,140.231000,1385,97.616000,42.615000,73165.07,105434.24,0.00002741,0.000000,0.000000,0
2026-05-29 13:41:00,73187.00,73187.00,73080.70,73100.90,233.427000,2398,85.524000,147.903000,73127.58,105454.85,0.00002753,0.000000,0.000000,0
2026-05-29 13:42:00,73101.00,73107.20,73079.50,73083.00,132.618000,1366,73.831000,58.787000,73095.11,105450.37,0.00002807,0.000000,0.000000,0
2026-05-29 13:43:00,73083.00,73148.70,73077.60,73122.00,232.238000,1708,147.118000,85.120000,73112.17,105509.27,0.00002807,0.040000,0.000000,0
2026-05-29 13:44:00,73122.10,73224.90,73122.00,73180.80,154.024000,2040,78.366000,75.658000,73199.63,105532.68,0.00002834,0.000000,0.000000,0
2026-05-29 13:45:00,73180.80,73235.10,73177.40,73235.10,116.544000,1255,91.784000,24.760000,73204.41,105544.62,0.00002918,0.000000,0.000000,0
2026-05-29 13:46:00,73235.10,73245.00,73200.60,73207.80,128.700000,1924,58.727000,69.973000,73219.95,105558.25,0.00002918,0.000000,0.000000,0
2026-05-29 13:47:00,73207.90,73271.80,73201.70,73210.70,152.051000,1708,65.212000,86.839000,73226.57,105568.04,0.00002959,0.000000,0.000000,0
2026-05-29 13:48:00,73210.70,73320.00,73210.60,73275.00,194.066000,2464,132.910000,61.156000,73280.22,105556.73,0.00003013,0.117000,0.000000,0
2026-05-29 13:49:00,73274.90,73275.00,73230.40,73237.70,108.670000,1518,40.330000,68.340000,73243.83,105540.54,0.00003084,0.000000,0.000000,0
2026-05-29 13:50:00,73237.70,73237.80,73174.20,73185.30,125.826000,1263,18.094000,107.732000,73193.10,105557.14,0.00003084,0.000000,0.000000,0
2026-05-29 13:51:00,73185.30,73197.50,73161.40,73176.30,79.898000,1495,44.874000,35.024000,73182.66,105528.76,0.00003115,0.000000,0.016000,0
2026-05-29 13:52:00,73176.20,73189.20,73066.60,73066.60,217.272000,2146,58.427000,158.845000,73126.82,105537.63,0.00003169,0.000000,0.060000,0
2026-05-29 13:53:00,73066.70,73124.90,73055.10,73112.40,130.775000,1647,82.960000,47.815000,73103.58,105507.97,0.00003169,0.000000,0.073000,0
2026-05-29 13:54:00,73112.40,73112.50,73032.50,73073.00,100.811000,1606,39.928000,60.883000,73056.13,105540.05,0.00003190,0.000000,0.034000,0
2026-05-29 13:55:00,73073.10,73093.00,73058.60,73091.90,76.426000,1170,42.216000,34.210000,73075.49,105550.68,0.00003239,0.000000,0.000000,0
2026-05-29 13:56:00,73091.80,73139.70,73091.80,73125.10,76.613000,1380,41.518000,35.095000,73122.51,105574.89,0.00003323,0.000000,0.000000,0
2026-05-29 13:57:00,73125.10,73178.10,73125.10,73157.60,67.829000,1274,25.914000,41.915000,73152.88,105581.08,0.00003323,0.000000,0.000000,0
2026-05-29 13:58:00,73157.70,73207.10,73149.40,73201.50,69.992000,1436,50.097000,19.895000,73177.30,105584.05,0.00003413,0.000000,0.000000,0
2026-05-29 13:59:00,73201.60,73201.60,73161.80,73169.90,63.309000,638,19.510000,43.799000,73178.92,105586.10,0.00003494,0.000000,0.000000,0
2026-05-29 14:00:00,73169.90,73169.90,73100.00,73114.70,75.693000,810,25.554000,50.139000,73130.01,105590.15,0.00003494,0.000000,0.000000,0
2026-05-29 14:01:00,73114.70,73176.40,73108.10,73141.00,87.736000,1885,56.109000,31.627000,73140.94,105590.70,0.00003537,0.000000,0.000000,0
2026-05-29 14:02:00,73141.00,73141.00,73074.60,73092.60,179.121000,1422,65.120000,114.001000,73095.52,105582.43,0.00003587,0.000000,0.000000,0
2026-05-29 14:03:00,73092.60,73147.40,73068.90,73147.40,88.454000,1005,36.526000,51.928000,73093.63,105594.46,0.00003587,0.000000,0.000000,0
2026-05-29 14:04:00,73147.30,73168.20,73092.80,73099.90,59.548000,1033,23.820000,35.728000,73128.98,105576.96,0.00003605,0.000000,0.000000,0
2026-05-29 14:05:00,73100.00,73144.60,73099.90,73142.50,46.465000,775,32.184000,14.281000,73124.08,105575.82,0.00003693,0.000000,0.000000,0
2026-05-29 14:06:00,73142.50,73144.60,73052.00,73052.10,136.869000,1146,17.054000,119.815000,73088.00,105577.06,0.00003705,0.000000,0.000000,0
2026-05-29 14:07:00,73052.00,73074.50,72981.60,73010.10,155.748000,1643,40.478000,115.270000,73013.51,105593.82,0.00003705,0.000000,0.112000,0
2026-05-29 14:08:00,73010.00,73010.10,72955.30,72961.70,138.196000,1667,33.890000,104.306000,72980.70,105590.01,0.00003727,0.000000,0.365000,0
2026-05-29 14:09:00,72961.70,72984.80,72861.30,72863.90,310.919000,2930,89.933000,220.986000,72911.74,105592.15,0.00003735,0.000000,1.889000,0
2026-05-29 14:10:00,72863.80,72956.40,72863.80,72926.00,243.629000,2189,171.604000,72.025000,72931.32,105557.22,0.00003735,0.000000,0.000000,0
2026-05-29 14:11:00,72925.90,72953.20,72882.40,72926.50,138.487000,1720,65.002000,73.485000,72926.55,105572.15,0.00003712,0.000000,0.000000,0
2026-05-29 14:12:00,72926.50,72958.90,72911.90,72953.10,158.910000,2151,74.998000,83.912000,72936.76,105588.69,0.00003801,0.000000,0.000000,0
2026-05-29 14:13:00,72953.00,72992.90,72916.70,72988.60,81.558000,1147,54.405000,27.153000,72954.49,105599.33,0.00003871,0.000000,0.000000,0
2026-05-29 14:14:00,72988.60,73005.80,72973.70,72979.60,64.128000,1071,38.494000,25.634000,72983.50,105600.59,0.00003871,0.000000,0.000000,0
2026-05-29 14:15:00,72979.60,72998.60,72970.30,72982.50,103.852000,1065,63.523000,40.329000,72984.09,105610.73,0.00003961,0.000000,0.000000,0
2026-05-29 14:16:00,72982.40,73047.30,72970.30,73014.10,133.671000,2017,76.276000,57.395000,73000.70,105617.40,0.00004000,0.000000,0.000000,0
2026-05-29 14:17:00,73014.20,73022.00,72966.70,72970.60,63.605000,904,26.510000,37.095000,72993.10,105641.11,0.00004000,0.000000,0.000000,0
2026-05-29 14:18:00,72970.70,72970.70,72850.00,72865.70,227.604000,3244,68.576000,159.028000,72892.29,105629.84,0.00004059,0.000000,0.000000,0
2026-05-29 14:19:00,72865.80,72879.10,72834.10,72847.70,301.769000,3102,82.291000,219.478000,72852.88,105601.44,0.00004070,0.000000,0.652000,0
2026-05-29 14:20:00,72847.70,72847.70,72720.00,72763.40,1063.000000,6908,335.462000,727.538000,72766.32,105495.90,0.00004095,0.000000,13.245000,0
2026-05-29 14:21:00,72763.50,72830.00,72758.60,72779.20,272.224000,2289,126.351000,145.873000,72795.68,105522.88,0.00004095,0.000000,0.000000,0
2026-05-29 14:22:00,72779.20,72818.70,72750.00,72799.80,256.915000,2170,117.901000,139.014000,72783.65,105475.06,0.00004113,0.000000,0.000000,0
2026-05-29 14:23:00,72799.80,72817.40,72751.60,72762.10,213.798000,2089,89.546000,124.252000,72773.61,105484.91,0.00004125,0.000000,0.024000,0
2026-05-29 14:24:00,72762.10,72783.70,72696.00,72718.40,349.416000,2659,122.926000,226.490000,72728.27,105523.74,0.00004125,0.052000,0.606000,0
2026-05-29 14:25:00,72718.30,72721.40,72652.00,72656.90,362.405000,2456,131.231000,231.174000,72686.93,105595.83,0.00004128,0.000000,0.155000,0
2026-05-29 14:26:00,72656.80,72686.10,72622.00,72654.70,491.165000,4076,226.878000,264.287000,72648.19,105615.82,0.00004136,0.000000,3.945000,0
2026-05-29 14:27:00,72654.80,72666.00,72436.00,72533.70,2291.402000,12873,699.970000,1591.432000,72528.95,105531.09,0.00004136,0.000000,20.737000,0
2026-05-29 14:28:00,72533.60,72596.70,72494.90,72584.00,466.688000,3466,272.944000,193.744000,72552.70,105608.65,0.00004195,0.000000,0.009000,0
2026-05-29 14:29:00,72584.00,72684.40,72583.90,72684.40,318.673000,2357,207.413000,111.260000,72644.88,105644.69,0.00004220,0.000000,0.000000,0
2026-05-29 14:30:00,72684.30,72733.00,72650.10,72690.40,321.765000,2185,172.773000,148.992000,72695.39,105673.64,0.00004284,0.000000,0.000000,0
2026-05-29 14:31:00,72690.30,72745.40,72690.30,72719.40,308.021000,2454,146.310000,161.711000,72722.04,105721.15,0.00004284,0.000000,0.000000,0
2026-05-29 14:32:00,72718.80,72718.80,72620.00,72668.90,272.504000,2480,99.619000,172.885000,72660.42,105799.24,0.00004302,0.000000,0.000000,0
2026-05-29 14:33:00,72669.00,72743.50,72659.80,72705.10,215.292000,2129,162.338000,52.954000,72709.26,105833.35,0.00004299,0.000000,0.000000,0
2026-05-29 14:34:00,72705.10,72772.00,72695.50,72747.70,241.034000,1815,172.934000,68.100000,72732.67,105884.95,0.00004299,0.000000,0.000000,0
2026-05-29 14:35:00,72747.70,72856.00,72747.60,72813.80,315.625000,3187,202.694000,112.931000,72816.22,105898.74,0.00004340,0.951000,0.000000,0
2026-05-29 14:36:00,72813.90,72860.00,72810.50,72820.20,209.181000,2009,117.567000,91.614000,72831.72,105893.74,0.00004421,0.000000,0.000000,0
2026-05-29 14:37:00,72820.10,72820.20,72765.50,72777.80,130.255000,1854,63.038000,67.217000,72780.61,105890.67,0.00004421,0.000000,0.000000,0
2026-05-29 14:38:00,72777.70,72789.00,72685.80,72690.50,158.056000,1910,51.081000,106.975000,72754.54,105883.34,0.00004483,0.000000,0.000000,0
2026-05-29 14:39:00,72690.40,72759.80,72676.70,72721.20,200.682000,2513,92.680000,108.002000,72711.58,105988.27,0.00004501,0.000000,0.000000,0
2026-05-29 14:40:00,72721.20,72721.30,72666.00,72666.00,92.039000,1357,31.268000,60.771000,72689.24,105992.33,0.00004529,0.000000,0.000000,0
2026-05-29 14:41:00,72666.10,72732.60,72660.80,72699.10,189.181000,2067,129.209000,59.972000,72697.30,106036.39,0.00004529,0.000000,0.000000,0
2026-05-29 14:42:00,72699.20,72737.50,72658.90,72707.00,142.902000,1825,87.818000,55.084000,72690.40,106100.36,0.00004536,0.000000,0.015000,0
2026-05-29 14:43:00,72707.10,72707.10,72645.30,72645.30,134.526000,1374,63.373000,71.153000,72667.65,106100.76,0.00004570,0.000000,0.000000,0
2026-05-29 14:44:00,72645.40,72645.40,72555.00,72562.10,316.446000,2361,101.724000,214.722000,72587.30,106116.20,0.00004570,0.000000,4.448000,0
2026-05-29 14:45:00,72562.20,72651.70,72536.10,72615.60,259.547000,3435,157.316000,102.231000,72595.33,106188.93,0.00004549,0.000000,0.013000,0
2026-05-29 14:46:00,72615.50,72653.90,72575.60,72652.80,221.903000,3334,70.282000,151.621000,72607.62,106235.60,0.00004551,0.000000,0.000000,0
2026-05-29 14:47:00,72652.80,72673.60,72631.40,72658.20,165.753000,2347,94.897000,70.856000,72652.29,106252.26,0.00004551,0.000000,0.000000,0
2026-05-29 14:48:00,72658.30,72739.30,72658.20,72734.40,178.957000,1998,117.468000,61.489000,72712.57,106235.24,0.00004593,0.004000,0.000000,0
2026-05-29 14:49:00,72734.40,72771.80,72710.00,72766.80,101.101000,1667,52.551000,48.550000,72738.13,106250.17,0.00004648,0.780000,0.000000,0
2026-05-29 14:50:00,72766.80,72766.80,72717.60,72717.60,104.119000,1291,61.997000,42.122000,72752.33,106253.40,0.00004702,0.000000,0.000000,0
2026-05-29 14:51:00,72717.70,72829.30,72715.20,72828.90,131.744000,1936,81.517000,50.227000,72793.43,106253.16,0.00004702,0.027000,0.000000,0
2026-05-29 14:52:00,72828.90,73079.80,72783.90,73004.30,1172.754000,9695,794.569000,378.185000,72956.01,106355.60,0.00004736,3.562000,0.000000,0
2026-05-29 14:53:00,73004.40,73082.30,72936.60,73030.50,711.680000,7949,348.317000,363.363000,73009.00,106353.72,0.00004774,0.252000,0.000000,0
2026-05-29 14:54:00,73030.60,73099.80,73000.10,73000.80,646.914000,5771,369.022000,277.892000,73064.98,106321.29,0.00004774,0.393000,0.000000,0
2026-05-29 14:55:00,73000.80,73014.70,72880.80,72901.90,282.010000,3010,66.660000,215.350000,72940.16,106261.23,0.00004836,0.000000,0.000000,0
2026-05-29 14:56:00,72901.80,72950.00,72880.00,72943.20,150.410000,1777,73.877000,76.533000,72914.56,106235.77,0.00004782,0.000000,0.000000,0
2026-05-29 14:57:00,72943.30,73034.90,72929.00,73019.90,207.977000,2300,152.050000,55.927000,72983.68,106249.00,0.00004782,0.000000,0.000000,0
2026-05-29 14:58:00,73020.00,73206.80,73019.90,73111.30,1276.735000,5885,979.292000,297.443000,73114.20,106740.03,0.00004792,0.353000,0.000000,0
2026-05-29 14:59:00,73111.40,73134.10,73064.70,73093.10,181.965000,2156,83.073000,98.892000,73104.25,106722.77,0.00004859,0.000000,0.000000,0
2026-05-29 15:00:00,73093.20,73097.80,73061.40,73065.70,110.855000,889,34.015000,76.840000,73077.97,106741.45,0.00004888,0.000000,0.000000,0
2026-05-29 15:01:00,73065.80,73097.50,72991.50,72991.50,238.087000,2691,77.910000,160.177000,73046.74,106749.57,0.00004888,0.000000,0.000000,0
2026-05-29 15:02:00,72991.40,73109.80,72970.10,73097.80,176.400000,2566,121.519000,54.881000,73041.30,106756.24,0.00004901,0.000000,2.230000,0
2026-05-29 15:03:00,73097.80,73128.90,73070.50,73099.90,177.807000,2645,107.614000,70.193000,73108.07,106786.16,0.00004914,0.000000,0.000000,0
2026-05-29 15:04:00,73100.00,73166.70,73083.50,73147.10,129.403000,1825,91.832000,37.571000,73122.85,106795.84,0.00004914,0.000000,0.000000,0
2026-05-29 15:05:00,73147.20,73286.30,73142.20,73286.20,354.026000,4359,253.112000,100.914000,73231.59,106800.88,0.00004954,0.949000,0.000000,0
2026-05-29 15:06:00,73286.30,73366.40,73261.90,73289.90,602.342000,5561,352.405000,249.937000,73322.87,106694.87,0.00005024,3.019000,0.000000,0
2026-05-29 15:07:00,73290.00,73348.00,73276.40,73333.20,299.568000,2773,186.427000,113.141000,73310.74,106698.60,0.00005024,0.010000,0.000000,0
2026-05-29 15:08:00,73333.10,73534.00,73318.00,73475.90,1347.466000,8115,901.892000,445.574000,73451.70,106525.57,0.00005106,167.179000,0.000000,0
2026-05-29 15:09:00,73475.80,73573.90,73454.60,73518.00,593.824000,4697,301.256000,292.568000,73522.49,106566.90,0.00005183,5.567000,0.000000,0
2026-05-29 15:10:00,73518.00,73722.50,73518.00,73640.70,1405.405000,8948,1028.624000,376.781000,73615.51,106554.01,0.00005225,8.481000,0.000000,0
2026-05-29 15:11:00,73640.80,73706.40,73605.00,73658.40,466.653000,5008,222.351000,244.302000,73652.58,106482.43,0.00005225,3.245000,0.000000,0
2026-05-29 15:12:00,73658.40,73717.90,73658.40,73675.10,453.619000,3190,242.108000,211.511000,73695.86,106524.12,0.00005318,0.738000,0.001000,0
2026-05-29 15:13:00,73675.20,73732.60,73639.60,73732.50,396.104000,2781,150.150000,245.954000,73677.33,106464.93,0.00005413,0.000000,0.000000,0
2026-05-29 15:14:00,73732.60,73732.60,73674.70,73674.80,249.208000,1786,99.275000,149.933000,73708.85,106446.48,0.00005413,0.037000,0.000000,0
2026-05-29 15:15:00,73674.70,73679.80,73623.30,73664.70,314.347000,2626,137.925000,176.422000,73648.81,106406.60,0.00005498,0.002000,0.000000,0
2026-05-29 15:16:00,73664.80,73725.00,73648.90,73690.00,275.112000,2902,169.136000,105.976000,73694.08,106375.25,0.00005535,0.009000,0.000000,0
2026-05-29 15:17:00,73690.10,73700.00,73526.90,73560.30,608.999000,3421,173.872000,435.127000,73600.49,106293.70,0.00005535,0.000000,0.000000,0
2026-05-29 15:18:00,73560.40,73596.00,73555.50,73562.90,477.871000,1611,102.154000,375.717000,73567.93,106177.61,0.00005569,0.000000,0.000000,0
2026-05-29 15:19:00,73562.90,73563.00,73496.50,73529.80,789.719000,2352,99.572000,690.147000,73544.57,106104.75,0.00005589,0.000000,0.744000,0
2026-05-29 15:20:00,73529.80,73612.00,73525.00,73612.00,499.861000,2235,306.952000,192.909000,73559.08,105996.78,0.00005643,0.000000,0.000000,0
2026-05-29 15:21:00,73611.90,73612.00,73507.70,73507.70,709.069000,1786,57.242000,651.827000,73589.02,105761.85,0.00005643,0.000000,0.000000,0
2026-05-29 15:22:00,73507.70,73574.40,73500.00,73549.90,118.227000,1488,65.685000,52.542000,73537.96,105750.33,0.00005706,0.000000,0.000000,0
2026-05-29 15:23:00,73549.90,73567.90,73500.00,73549.90,106.184000,1339,41.001000,65.183000,73538.63,105766.92,0.00005758,0.000000,0.000000,0
2026-05-29 15:24:00,73549.90,73566.00,73508.20,73566.00,233.586000,1595,93.549000,140.037000,73532.90,105787.15,0.00005758,0.000000,0.000000,0
2026-05-29 15:25:00,73565.90,73577.30,73547.60,73567.60,119.845000,796,28.738000,91.107000,73557.65,105826.94,0.00005801,0.000000,0.000000,0
2026-05-29 15:26:00,73567.50,73567.60,73436.40,73436.40,167.268000,1764,56.026000,111.242000,73477.53,105813.94,0.00005839,0.000000,0.002000,0
2026-05-29 15:27:00,73436.40,73535.30,73436.40,73535.30,261.513000,2206,92.856000,168.657000,73473.88,105824.19,0.00005849,0.000000,0.096000,0
2026-05-29 15:28:00,73535.30,73571.30,73510.70,73546.20,390.274000,3043,142.121000,248.153000,73545.71,105879.46,0.00005849,0.000000,0.000000,0
2026-05-29 15:29:00,73546.20,73717.90,73546.20,73692.00,528.696000,4939,388.982000,139.714000,73667.75,105844.43,0.00005915,2.482000,0.000000,0
2026-05-29 15:30:00,73692.00,73736.60,73636.00,73636.00,417.683000,3095,180.664000,237.019000,73685.82,105773.08,0.00005987,0.263000,0.000000,0
2026-05-29 15:31:00,73635.90,73790.50,73631.90,73787.00,337.686000,3683,255.061000,82.625000,73724.01,105802.55,0.00005987,2.043000,0.000000,0
2026-05-29 15:32:00,73787.00,73853.40,73745.10,73816.50,598.358000,5342,340.220000,258.138000,73807.46,105764.78,0.00006019,10.048000,0.195000,0
2026-05-29 15:33:00,73816.50,73875.80,73816.40,73869.50,318.548000,2606,166.726000,151.822000,73853.57,105799.88,0.00006097,0.046000,0.000000,0
2026-05-29 15:34:00,73869.60,74063.80,73866.40,74017.40,1909.233000,9721,1318.878000,590.355000,73972.82,105631.31,0.00006097,18.877000,0.000000,0
2026-05-29 15:35:00,74017.50,74070.00,74010.70,74021.00,504.708000,4028,305.150000,199.558000,74041.52,105576.33,0.00006178,0.799000,0.000000,0
2026-05-29 15:36:00,74020.90,74128.00,73974.40,74123.10,990.913000,5637,690.010000,300.903000,74062.65,105612.74,0.00006268,1.981000,0.000000,0
2026-05-29 15:37:00,74123.00,74169.50,74096.40,74139.40,828.735000,5360,473.948000,354.787000,74142.32,105715.76,0.00006302,7.758000,0.000000,0
2026-05-29 15:38:00,74139.50,74150.00,73940.50,73979.80,602.739000,5310,168.332000,434.407000,74036.52,105643.90,0.00006302,0.006000,0.142000,0
2026-05-29 15:39:00,73979.90,74094.30,73963.00,74089.70,369.871000,3972,203.227000,166.644000,74037.75,105580.84,0.00006331,0.000000,0.000000,0
2026-05-29 15:40:00,74089.80,74100.00,74061.80,74081.20,201.197000,1504,82.049000,119.148000,74079.97,105543.91,0.00006323,0.000000,0.000000,0
2026-05-29 15:41:00,74081.30,74144.50,74037.30,74132.50,340.619000,2435,190.311000,150.308000,74088.81,105532.62,0.00006323,0.000000,0.000000,0
2026-05-29 15:42:00,74132.40,74177.00,73959.30,73965.00,1074.153000,4824,236.070000,838.083000,74099.70,105882.83,0.00006354,2.911000,0.005000,0
2026-05-29 15:43:00,73964.90,73991.40,73822.50,73822.50,1124.050000,7380,421.460000,702.590000,73898.79,105907.74,0.00006409,0.000000,0.612000,0
2026-05-29 15:44:00,73822.60,73829.70,73739.00,73739.10,1006.924000,5463,345.868000,661.056000,73777.20,105687.59,0.00006349,0.000000,5.499000,0
2026-05-29 15:45:00,73739.00,73800.00,73702.00,73793.20,580.649000,3659,328.140000,252.509000,73740.54,105679.27,0.00006349,0.000000,0.505000,0
2026-05-29 15:46:00,73793.10,73835.40,73726.00,73800.40,432.730000,3307,184.309000,248.421000,73779.31,105652.48,0.00006347,0.000000,0.000000,0
2026-05-29 15:47:00,73800.50,73826.90,73745.10,73767.30,254.405000,2469,133.922000,120.483000,73788.72,105623.96,0.00006388,0.000000,0.000000,0
2026-05-29 15:48:00,73767.20,73774.30,73705.00,73737.00,253.635000,2254,102.337000,151.298000,73733.42,105645.93,0.00006388,0.000000,0.000000,0
2026-05-29 15:49:00,73737.10,73809.80,73737.00,73802.40,148.075000,1894,92.297000,55.778000,73778.54,105659.19,0.00006432,0.000000,0.000000,0
2026-05-29 15:50:00,73802.50,73844.50,73802.40,73844.50,245.227000,1376,83.534000,161.693000,73821.29,105616.46,0.00006485,0.000000,0.000000,0
2026-05-29 15:51:00,73844.50,73855.50,73772.10,73788.20,186.613000,1683,72.840000,113.773000,73811.77,105590.51,0.00006485,0.000000,0.001000,0
2026-05-29 15:52:00,73788.20,73799.90,73734.60,73738.20,109.920000,1664,65.839000,44.081000,73773.18,105599.85,0.00006537,0.000000,0.000000,0
2026-05-29 15:53:00,73738.20,73771.30,73719.00,73723.00,226.687000,1687,156.617000,70.070000,73737.45,105562.42,0.00006573,0.000000,0.000000,0
2026-05-29 15:54:00,73723.10,73723.10,73671.40,73694.10,205.966000,2084,72.159000,133.807000,73699.27,105568.70,0.00006581,0.000000,2.543000,0
2026-05-29 15:55:00,73694.10,73770.00,73694.10,73733.30,92.907000,1194,69.398000,23.509000,73740.18,105584.47,0.00006581,0.000000,0.000000,0
2026-05-29 15:56:00,73733.10,73745.70,73708.20,73745.60,88.536000,1339,35.929000,52.607000,73724.15,105586.40,0.00006599,0.000000,0.000000,0
2026-05-29 15:57:00,73745.60,73820.20,73745.50,73818.00,185.283000,1331,161.247000,24.036000,73799.54,105627.51,0.00006624,0.000000,0.000000,0
2026-05-29 15:58:00,73817.90,73839.40,73759.40,73785.10,88.113000,1599,41.748000,46.365000,73796.57,105624.31,0.00006624,0.000000,0.000000,0
2026-05-29 15:59:00,73785.10,73811.40,73776.50,73776.50,67.723000,739,31.540000,36.183000,73791.83,105628.69,0.00006684,0.000000,0.000000,0
2026-05-29 16:00:00,73776.50,73792.00,73753.40,73775.30,45.395000,753,18.691000,26.704000,73772.72,105627.60,0.00006702,0.000000,0.000000,0
2026-05-29 16:01:00,73775.40,73812.50,73750.30,73772.10,399.543000,2432,198.010000,201.533000,73784.80,105691.18,0.00006702,0.000000,0.000000,0
2026-05-29 16:02:00,73772.00,73838.60,73762.10,73800.30,132.030000,1613,89.346000,42.684000,73810.30,105691.18,0.00006718,0.000000,0.000000,0
2026-05-29 16:03:00,73800.40,73840.00,73792.30,73792.30,68.643000,1042,32.841000,35.802000,73821.34,105711.17,0.00006733,0.000000,0.000000,0
2026-05-29 16:04:00,73792.30,73814.20,73761.30,73814.00,70.186000,1080,44.813000,25.373000,73790.16,105714.79,0.00006768,0.000000,0.000000,0
2026-05-29 16:05:00,73814.00,73856.50,73802.30,73839.60,89.045000,949,59.686000,29.359000,73834.61,105714.15,0.00006768,0.000000,0.000000,0
2026-05-29 16:06:00,73839.70,73847.60,73803.90,73807.10,114.178000,1461,38.251000,75.927000,73824.28,105687.90,0.00006782,0.000000,0.000000,0
2026-05-29 16:07:00,73807.10,73825.90,73796.20,73818.30,87.361000,996,32.033000,55.328000,73812.74,105647.96,0.00006808,0.000000,0.000000,0
2026-05-29 16:08:00,73818.30,73849.60,73780.50,73780.50,88.815000,1150,28.845000,59.970000,73812.55,105636.05,0.00006808,0.000000,0.000000,0
2026-05-29 16:09:00,73780.50,73867.90,73780.50,73862.90,180.528000,1806,106.118000,74.410000,73839.86,105627.27,0.00006840,0.000000,0.000000,0
2026-05-29 16:10:00,73862.90,73896.20,73842.50,73863.40,183.589000,1736,112.180000,71.409000,73870.73,105614.90,0.00006849,0.044000,0.000000,0
2026-05-29 16:11:00,73863.40,73954.00,73859.40,73953.90,268.315000,1908,210.289000,58.026000,73924.45,105587.03,0.00006849,3.282000,0.000000,0
2026-05-29 16:12:00,73954.00,73975.80,73918.70,73951.90,207.184000,1850,110.550000,96.634000,73947.91,105585.41,0.00006859,0.300000,0.000000,0
2026-05-29 16:13:00,73951.90,73988.30,73929.60,73929.90,125.279000,1616,65.174000,60.105000,73957.44,105536.18,0.00006863,0.091000,0.000000,0
2026-05-29 16:14:00,73929.90,73931.00,73882.30,73919.90,125.786000,1729,39.090000,86.696000,73910.46,105527.31,0.00006859,0.000000,0.000000,0
2026-05-29 16:15:00,73919.90,73937.50,73911.10,73921.90,95.594000,944,32.119000,63.475000,73926.54,105537.92,0.00006859,0.000000,0.000000,0
2026-05-29 16:16:00,73921.90,73939.00,73892.20,73899.00,232.900000,1743,124.774000,108.126000,73917.44,105519.44,0.00006845,0.000000,0.000000,0
2026-05-29 16:17:00,73899.00,73926.20,73862.40,73862.40,131.878000,1357,43.406000,88.472000,73900.52,105459.22,0.00006862,0.000000,0.000000,0
2026-05-29 16:18:00,73862.40,73866.10,73799.90,73805.40,167.267000,1455,67.797000,99.470000,73824.56,105432.02,0.00006862,0.016000,0.000000,0
2026-05-29 16:19:00,73805.40,73816.00,73730.80,73732.50,359.539000,2520,227.863000,131.676000,73765.13,105429.78,0.00006832,0.000000,2.141000,0
2026-05-29 16:20:00,73732.50,73767.10,73701.80,73707.90,243.808000,1782,136.565000,107.243000,73730.99,105370.51,0.00006769,0.000000,0.049000,0
2026-05-29 16:21:00,73707.80,73740.00,73687.00,73694.50,185.765000,1784,106.934000,78.831000,73709.49,105315.54,0.00006769,0.000000,0.040000,0
2026-05-29 16:22:00,73694.50,73744.70,73694.50,73714.90,184.543000,1529,145.817000,38.726000,73725.71,105321.59,0.00006756,0.000000,0.000000,0
2026-05-29 16:23:00,73714.90,73753.70,73701.20,73701.30,65.334000,964,30.652000,34.682000,73730.47,105301.25,0.00006760,0.000000,0.000000,0
2026-05-29 16:24:00,73701.20,73716.10,73671.90,73675.50,102.041000,1180,26.181000,75.860000,73690.55,105318.26,0.00006768,0.000000,0.008000,0
2026-05-29 16:25:00,73675.40,73684.20,73594.40,73610.00,287.492000,1972,78.033000,209.459000,73627.14,105330.26,0.00006768,0.000000,1.625000,0
2026-05-29 16:26:00,73610.00,73615.80,73553.00,73553.10,221.956000,1956,84.294000,137.662000,73582.15,105269.84,0.00006763,0.000000,0.166000,0
2026-05-29 16:27:00,73553.00,73591.50,73528.50,73588.60,305.348000,2009,103.196000,202.152000,73548.57,105270.55,0.00006763,0.000000,0.045000,0
2026-05-29 16:28:00,73588.60,73618.50,73580.60,73595.80,135.670000,1652,78.573000,57.097000,73601.50,105237.44,0.00006763,0.000000,0.000000,0
2026-05-29 16:29:00,73595.90,73634.80,73580.00,73625.20,93.949000,1181,64.734000,29.215000,73603.60,105245.69,0.00006824,0.000000,0.000000,0
2026-05-29 16:30:00,73625.20,73643.80,73611.30,73617.00,78.786000,931,41.007000,37.779000,73629.22,105231.70,0.00006931,0.000000,0.000000,0
2026-05-29 16:31:00,73616.90,73708.10,73610.70,73690.00,202.176000,1762,136.098000,66.078000,73678.68,105260.92,0.00007021,0.000000,0.000000,0
2026-05-29 16:32:00,73690.00,73811.00,73666.30,73798.60,318.309000,3944,210.670000,107.639000,73745.89,105273.05,0.00007021,0.434000,0.000000,0
2026-05-29 16:33:00,73798.70,73895.70,73798.70,73879.30,199.282000,3601,131.416000,67.866000,73864.11,105238.16,0.00007118,0.208000,0.000000,0
2026-05-29 16:34:00,73879.40,73963.10,73864.00,73962.60,243.244000,2671,148.610000,94.634000,73913.76,105215.72,0.00007157,0.393000,0.000000,0
2026-05-29 16:35:00,73962.60,74053.50,73962.50,74044.60,594.245000,4199,356.874000,237.371000,74019.15,105239.26,0.00007157,4.516000,0.000000,0
2026-05-29 16:36:00,74044.50,74052.30,74000.00,74035.20,195.102000,2838,84.560000,110.542000,74031.06,105292.99,0.00007235,0.000000,0.000000,0
2026-05-29 16:37:00,74035.30,74063.90,73989.40,74003.40,141.855000,1466,49.958000,91.897000,74025.64,105286.00,0.00007262,0.069000,0.000000,0
2026-05-29 16:38:00,74003.30,74056.90,73962.70,73973.90,252.085000,3085,133.314000,118.771000,74008.87,105277.25,0.00007262,0.000000,0.000000,0
2026-05-29 16:39:00,73974.00,73974.00,73886.10,73932.90,166.973000,2006,65.433000,101.540000,73920.90,105272.85,0.00007269,0.000000,0.000000,0
2026-05-29 16:40:00,73932.90,73962.50,73895.30,73953.40,109.712000,1448,41.839000,67.873000,73916.72,105265.79,0.00007274,0.000000,0.000000,0
2026-05-29 16:41:00,73953.40,74050.00,73953.30,74049.90,143.136000,1657,99.909000,43.227000,73998.18,105267.26,0.00007332,0.000000,0.000000,0
2026-05-29 16:42:00,74050.00,74079.00,74030.80,74035.00,166.927000,1523,68.599000,98.328000,74062.12,105280.30,0.00007332,0.025000,0.000000,0
2026-05-29 16:43:00,74035.10,74039.60,73992.70,74007.20,72.491000,1559,27.328000,45.163000,74011.52,105261.79,0.00007428,0.000000,0.103000,0
2026-05-29 16:44:00,74007.10,74020.00,73989.70,73989.70,66.341000,650,14.876000,51.465000,74010.58,105251.79,0.00007444,0.000000,0.000000,0
2026-05-29 16:45:00,73989.70,74047.70,73989.70,74047.70,62.747000,574,49.487000,13.260000,74011.96,105252.24,0.00007444,0.000000,0.000000,0
2026-05-29 16:46:00,74047.60,74047.70,73953.10,73965.70,99.264000,1757,29.525000,69.739000,73991.18,105270.40,0.00007453,0.000000,0.000000,0
2026-05-29 16:47:00,73965.70,74020.00,73965.70,74006.30,65.712000,1050,18.307000,47.405000,74009.28,105268.48,0.00007497,0.000000,0.000000,0
2026-05-29 16:48:00,74006.30,74048.70,73991.30,74033.00,153.568000,1121,46.709000,106.859000,74016.30,105309.33,0.00007497,0.000000,0.000000,0
2026-05-29 16:49:00,74032.90,74036.70,74003.60,74021.50,120.756000,993,27.205000,93.551000,74023.48,105344.23,0.00007514,0.000000,0.000000,0
2026-05-29 16:50:00,74021.40,74030.50,73990.10,74013.20,70.556000,1181,34.032000,36.524000,74017.03,105361.44,0.00007568,0.000000,0.000000,0
2026-05-29 16:51:00,74013.20,74013.30,73940.80,73957.60,56.948000,1009,16.284000,40.664000,73962.74,105366.37,0.00007615,0.000000,0.000000,0
2026-05-29 16:52:00,73957.50,73988.90,73939.90,73944.70,351.690000,1516,136.958000,214.732000,73957.40,105354.20,0.00007615,0.000000,0.000000,0
2026-05-29 16:53:00,73944.70,73973.70,73888.00,73937.40,303.229000,1866,166.726000,136.503000,73937.66,105471.65,0.00007617,0.000000,0.000000,0
2026-05-29 16:54:00,73937.50,73988.70,73929.90,73954.30,393.870000,1785,153.055000,240.815000,73948.82,105455.21,0.00007646,0.001000,0.000000,0
2026-05-29 16:55:00,73954.30,74036.40,73954.20,74014.90,53.110000,907,39.143000,13.967000,74003.11,105608.67,0.00007646,0.010000,0.000000,0
2026-05-29 16:56:00,74014.80,74014.90,73937.10,73937.10,96.315000,853,25.348000,70.967000,73975.88,105615.37,0.00007661,0.000000,0.000000,0
2026-05-29 16:57:00,73937.10,73980.30,73926.00,73979.50,116.814000,964,96.334000,20.480000,73953.84,105631.73,0.00007682,0.000000,0.000000,0
2026-05-29 16:58:00,73979.50,73979.50,73942.80,73961.20,35.304000,519,5.812000,29.492000,73966.01,105653.27,0.00007687,0.000000,0.000000,0
2026-05-29 16:59:00,73961.10,74124.00,73961.10,74066.20,681.343000,2367,606.846000,74.497000,74063.64,105661.64,0.00007687,0.014000,0.000000,0
2026-05-29 17:00:00,74066.20,74073.50,74022.00,74022.10,105.882000,952,38.778000,67.104000,74042.76,105969.82,0.00007730,0.000000,0.000000,0
2026-05-29 17:01:00,74022.10,74081.20,74022.00,74078.30,252.768000,1434,133.447000,119.321000,74059.87,105944.37,0.00007745,0.000000,0.000000,0
2026-05-29 17:02:00,74078.30,74119.30,74078.30,74102.30,112.269000,1034,68.846000,43.423000,74101.73,106030.01,0.00007745,0.010000,0.000000,0
2026-05-29 17:03:00,74102.40,74102.40,73979.90,74001.70,200.100000,1610,35.206000,164.894000,74046.88,106058.57,0.00007813,0.000000,0.000000,0
2026-05-29 17:04:00,74001.70,74009.80,73923.40,73927.10,116.882000,1646,33.379000,83.503000,73961.32,106049.61,0.00007836,0.000000,0.000000,0
2026-05-29 17:05:00,73927.20,73943.80,73920.00,73920.00,104.244000,1098,27.584000,76.660000,73937.21,106057.71,0.00007836,0.000000,0.000000,0
2026-05-29 17:06:00,73920.10,73936.20,73900.90,73928.80,120.697000,1337,64.662000,56.035000,73912.69,106088.69,0.00007829,0.000000,0.558000,0
2026-05-29 17:07:00,73928.90,73948.00,73914.20,73932.20,58.967000,1061,30.938000,28.029000,73928.78,106089.67,0.00007837,0.000000,0.000000,0
2026-05-29 17:08:00,73932.10,73940.00,73900.00,73939.90,41.624000,873,15.970000,25.654000,73922.21,106084.46,0.00007887,0.020000,0.012000,0
2026-05-29 17:09:00,73940.00,74043.40,73939.90,74038.80,48.236000,1301,31.115000,17.121000,73991.52,106074.98,0.00007887,0.010000,0.000000,0
2026-05-29 17:10:00,74038.70,74116.10,74030.60,74097.10,180.614000,1602,69.167000,111.447000,74094.04,106078.71,0.00007920,0.031000,0.000000,0
2026-05-29 17:11:00,74097.00,74145.40,74097.00,74121.10,155.646000,1142,93.926000,61.720000,74123.52,106052.21,0.00007990,0.757000,0.000000,0
2026-05-29 17:12:00,74121.20,74134.70,74097.00,74124.40,188.300000,1465,112.698000,75.602000,74119.59,106091.55,0.00007990,0.000000,0.000000,0
2026-05-29 17:13:00,74124.40,74272.50,74124.40,74199.10,1170.848000,5511,792.845000,378.003000,74217.90,106188.56,0.00007987,4.640000,0.000000,0
2026-05-29 17:14:00,74199.10,74249.70,74199.10,74210.30,175.256000,1584,77.021000,98.235000,74219.91,106181.54,0.00007971,0.000000,0.000000,0
2026-05-29 17:15:00,74210.20,74249.30,74201.40,74211.70,164.173000,1626,84.379000,79.794000,74226.62,106235.31,0.00007971,0.000000,0.000000,0
2026-05-29 17:16:00,74211.80,74255.50,74113.30,74145.50,600.445000,3710,202.969000,397.476000,74183.50,106229.26,0.00007930,0.000000,0.000000,0
2026-05-29 17:17:00,74145.50,74182.80,74124.80,74124.90,231.417000,2331,125.966000,105.451000,74159.26,106158.20,0.00007880,0.000000,0.000000,0
2026-05-29 17:18:00,74124.80,74284.90,74124.80,74264.60,451.228000,3094,291.755000,159.473000,74216.17,106192.34,0.00007803,3.719000,0.000000,0
2026-05-29 17:19:00,74264.60,74264.60,74175.10,74205.70,287.070000,1653,99.238000,187.832000,74232.12,106221.72,0.00007803,0.000000,0.000000,0
2026-05-29 17:20:00,74205.60,74205.70,74174.30,74184.80,75.557000,778,35.483000,40.074000,74189.21,106226.30,0.00007717,0.000000,0.000000,0
2026-05-29 17:21:00,74184.70,74258.70,74184.70,74229.80,267.931000,2026,134.072000,133.859000,74225.11,106224.42,0.00007637,0.000000,0.000000,0
2026-05-29 17:22:00,74229.80,74229.80,74175.00,74193.70,213.996000,2200,108.984000,105.012000,74202.03,106213.27,0.00007637,0.000000,0.000000,0
2026-05-29 17:23:00,74193.70,74214.00,74173.00,74201.30,97.469000,1088,40.724000,56.745000,74190.42,106205.87,0.00007550,0.013000,0.000000,0
2026-05-29 17:24:00,74201.30,74214.20,74167.20,74199.50,129.197000,1176,56.509000,72.688000,74188.83,106201.41,0.00007480,0.000000,0.000000,0
2026-05-29 17:25:00,74199.60,74293.10,74187.00,74253.80,240.318000,2020,155.013000,85.305000,74259.68,106197.62,0.00007480,0.000000,0.000000,0
2026-05-29 17:26:00,74253.90,74253.90,74161.10,74161.10,77.516000,1013,11.855000,65.661000,74206.07,106228.90,0.00007423,0.000000,0.000000,0
2026-05-29 17:27:00,74161.10,74161.10,74141.20,74148.00,137.716000,742,78.479000,59.237000,74150.21,106238.86,0.00007388,0.000000,0.000000,0
2026-05-29 17:28:00,74148.00,74182.50,74148.00,74182.50,52.969000,431,39.028000,13.941000,74160.30,106236.61,0.00007313,0.000000,0.000000,0
2026-05-29 17:29:00,74182.50,74215.00,74182.40,74208.70,81.090000,768,54.324000,26.766000,74205.49,106233.91,0.00007313,0.006000,0.000000,0
2026-05-29 17:30:00,74208.60,74208.70,74184.50,74189.80,46.711000,396,16.734000,29.977000,74193.95,106238.24,0.00007267,0.000000,0.000000,0
2026-05-29 17:31:00,74189.80,74233.60,74184.50,74217.30,60.481000,884,36.310000,24.171000,74207.44,106240.76,0.00007213,0.000000,0.000000,0
2026-05-29 17:32:00,74217.40,74243.80,74217.40,74237.60,72.172000,860,21.711000,50.461000,74234.54,106240.62,0.00007213,0.000000,0.000000,0
2026-05-29 17:33:00,74237.70,74266.40,74229.40,74261.60,80.940000,1075,50.430000,30.510000,74249.13,106215.45,0.00007163,0.000000,0.000000,0
2026-05-29 17:34:00,74261.60,74289.10,74221.40,74227.50,139.288000,1185,48.886000,90.402000,74246.56,106229.29,0.00007119,0.000000,0.000000,0
2026-05-29 17:35:00,74227.40,74259.50,74224.80,74237.40,56.992000,800,21.368000,35.624000,74236.43,106188.76,0.00007119,0.000000,0.000000,0
2026-05-29 17:36:00,74237.40,74239.80,74179.70,74179.70,266.041000,1686,110.745000,155.296000,74211.07,106172.84,0.00007080,0.000000,0.000000,0
2026-05-29 17:37:00,74179.70,74208.00,74175.30,74208.00,62.265000,646,28.170000,34.095000,74184.96,106229.91,0.00007027,0.000000,0.000000,0
2026-05-29 17:38:00,74208.00,74289.10,74201.20,74285.90,61.562000,994,25.701000,35.861000,74242.22,106223.62,0.00006975,0.000000,0.000000,0
2026-05-29 17:39:00,74285.80,74289.10,74278.90,74289.00,51.701000,465,20.856000,30.845000,74286.74,106223.36,0.00006975,0.000000,0.000000,0
2026-05-29 17:40:00,74289.10,74292.30,74266.80,74266.80,118.280000,631,55.645000,62.635000,74284.15,106219.30,0.00006977,0.000000,0.000000,0
2026-05-29 17:41:00,74266.80,74278.90,74230.10,74235.50,101.087000,719,22.144000,78.943000,74257.99,106207.36,0.00006952,0.000000,0.000000,0
2026-05-29 17:42:00,74235.60,74254.50,74216.10,74233.90,67.980000,784,35.971000,32.009000,74238.19,106181.05,0.00006952,0.000000,0.000000,0
2026-05-29 17:43:00,74233.90,74263.50,74233.80,74246.30,45.218000,567,30.412000,14.806000,74249.97,106182.78,0.00006925,0.000000,0.000000,0
2026-05-29 17:44:00,74246.20,74246.30,74215.90,74225.20,29.394000,551,10.150000,19.244000,74230.05,106183.43,0.00006910,0.000000,0.000000,0
2026-05-29 17:45:00,74225.20,74225.30,74164.20,74177.40,129.603000,970,41.730000,87.873000,74187.40,106187.79,0.00006881,0.000000,0.000000,0
2026-05-29 17:46:00,74177.40,74177.50,74080.00,74094.90,216.306000,1998,76.202000,140.104000,74112.12,106180.85,0.00006881,0.000000,0.005000,0
2026-05-29 17:47:00,74094.80,74129.40,74087.90,74100.20,76.194000,1267,39.245000,36.949000,74107.92,106150.83,0.00006837,0.000000,0.000000,0
2026-05-29 17:48:00,74100.20,74100.20,74068.70,74093.00,115.460000,933,37.497000,77.963000,74084.23,106120.77,0.00006812,0.000000,0.093000,0
2026-05-29 17:49:00,74093.10,74093.10,74039.10,74057.10,137.133000,1005,57.899000,79.234000,74059.10,106105.79,0.00006812,0.000000,0.027000,0
2026-05-29 17:50:00,74057.10,74057.20,74006.40,74014.80,114.540000,831,38.360000,76.180000,74023.38,106060.26,0.00006786,0.000000,0.018000,0
2026-05-29 17:51:00,74014.60,74017.90,73939.00,73963.80,239.729000,2365,69.887000,169.842000,73969.89,106034.25,0.00006719,0.000000,0.028000,0
2026-05-29 17:52:00,73963.70,74038.20,73963.70,74024.40,192.247000,1615,86.150000,106.097000,74018.52,106017.79,0.00006719,0.000000,0.000000,0
2026-05-29 17:53:00,74024.30,74055.10,74008.80,74035.40,74.784000,996,38.040000,36.744000,74029.18,105991.89,0.00006606,0.000000,0.000000,0
2026-05-29 17:54:00,74035.30,74035.30,73981.10,73981.10,66.381000,833,20.724000,45.657000,73999.88,105968.51,0.00006602,0.000000,0.000000,0
2026-05-29 17:55:00,73981.20,73997.00,73942.80,73942.80,94.703000,1240,41.016000,53.687000,73971.57,105960.68,0.00006583,0.000000,0.000000,0
2026-05-29 17:56:00,73942.90,73954.30,73876.10,73887.60,199.532000,1542,72.842000,126.690000,73909.48,105952.15,0.00006583,0.000000,0.731000,0
2026-05-29 17:57:00,73887.60,73911.20,73887.60,73907.50,81.126000,929,40.588000,40.538000,73901.84,105947.01,0.00006569,0.280000,0.008000,0
2026-05-29 17:58:00,73907.60,73960.90,73905.40,73947.40,62.296000,823,47.110000,15.186000,73924.25,105941.88,0.00006545,0.000000,0.000000,0
2026-05-29 17:59:00,73947.30,73983.50,73940.10,73977.20,92.105000,922,63.918000,28.187000,73961.84,105937.20,0.00006545,0.000000,0.000000,0
2026-05-29 18:00:00,73977.20,73977.20,73944.20,73948.10,49.008000,523,21.949000,27.059000,73962.75,105918.69,0.00006567,0.000000,0.000000,0
2026-05-29 18:01:00,73948.20,73980.00,73922.00,73932.70,98.167000,1721,42.648000,55.519000,73950.45,105911.26,0.00006573,0.000000,0.000000,0
2026-05-29 18:02:00,73932.60,73960.00,73927.00,73927.00,45.487000,863,27.179000,18.308000,73947.53,105894.80,0.00006534,0.000000,0.000000,0
2026-05-29 18:03:00,73927.10,73973.20,73910.70,73973.10,86.746000,843,40.360000,46.386000,73953.39,105889.19,0.00006534,0.000000,0.000000,0
2026-05-29 18:04:00,73973.10,73973.10,73928.70,73954.10,63.678000,725,19.084000,44.594000,73953.24,105878.54,0.00006514,0.000000,0.000000,0
2026-05-29 18:05:00,73954.00,74000.00,73940.80,73958.10,131.773000,1334,80.496000,51.277000,73976.15,105871.39,0.00006504,0.000000,0.000000,0
2026-05-29 18:06:00,73958.20,73976.90,73911.80,73922.70,67.341000,1146,36.985000,30.356000,73942.89,105851.99,0.00006504,0.000000,0.000000,0
2026-05-29 18:07:00,73922.80,73961.50,73919.10,73961.50,46.954000,816,19.571000,27.383000,73934.37,105855.88,0.00006514,0.000000,0.000000,0
2026-05-29 18:08:00,73961.40,74033.90,73961.40,74018.70,65.050000,972,49.926000,15.124000,74000.82,105848.45,0.00006513,0.000000,0.000000,0
2026-05-29 18:09:00,74018.60,74018.70,73954.00,73979.30,76.801000,1195,49.184000,27.617000,73968.85,105858.41,0.00006513,0.000000,0.000000,0
2026-05-29 18:10:00,73979.40,74014.70,73976.40,74012.40,21.334000,658,14.767000,6.567000,73997.20,105856.92,0.00006548,0.000000,0.000000,0
2026-05-29 18:11:00,74012.40,74020.60,73996.30,74000.80,29.740000,567,14.347000,15.393000,74007.47,105856.23,0.00006548,0.000000,0.000000,0
2026-05-29 18:12:00,74000.80,74022.20,73989.50,74015.80,44.190000,456,31.132000,13.058000,74002.73,105859.73,0.00006568,0.000000,0.000000,0
2026-05-29 18:13:00,74015.80,74033.80,74000.30,74033.70,39.359000,621,26.415000,12.944000,74016.26,105868.03,0.00006568,0.000000,0.000000,0
2026-05-29 18:14:00,74033.80,74040.30,74024.00,74031.50,29.905000,440,16.045000,13.860000,74030.23,105868.35,0.00006556,0.000000,0.000000,0
2026-05-29 18:15:00,74031.40,74031.40,73975.20,74012.30,40.454000,721,29.041000,11.413000,73988.13,105865.96,0.00006555,0.000000,0.000000,0
2026-05-29 18:16:00,74012.40,74019.90,73960.00,73965.30,54.783000,1013,14.917000,39.866000,73984.58,105878.38,0.00006555,0.000000,0.000000,0
2026-05-29 18:17:00,73965.40,73977.70,73934.20,73954.30,60.851000,723,19.229000,41.622000,73960.07,105876.50,0.00006532,0.000000,0.000000,0
2026-05-29 18:18:00,73954.30,73981.50,73857.00,73872.60,428.380000,2004,127.894000,300.486000,73929.78,105785.39,0.00006497,0.000000,0.026000,0
2026-05-29 18:19:00,73872.70,73920.70,73832.20,73896.20,383.832000,2217,105.341000,278.491000,73870.07,105640.71,0.00006497,0.000000,0.000000,0
2026-05-29 18:20:00,73896.20,73917.00,73852.20,73869.50,167.458000,1397,60.095000,107.363000,73886.48,105650.33,0.00006460,0.000000,0.000000,0
2026-05-29 18:21:00,73869.60,73903.10,73833.20,73833.30,106.208000,1261,38.014000,68.194000,73867.01,105635.74,0.00006445,0.000000,0.153000,0
2026-05-29 18:22:00,73833.20,73890.70,73812.20,73829.70,234.667000,2591,56.095000,178.572000,73839.90,105604.73,0.00006441,0.000000,0.005000,0
2026-05-29 18:23:00,73829.80,73830.30,73763.50,73809.50,291.361000,2293,81.668000,209.693000,73802.49,105539.27,0.00006441,0.000000,0.594000,0
2026-05-29 18:24:00,73809.50,73829.90,73786.90,73807.70,57.611000,1123,30.697000,26.914000,73814.93,105539.48,0.00006422,0.000000,0.000000,0
2026-05-29 18:25:00,73807.60,73821.80,73807.60,73819.00,37.850000,370,26.324000,11.526000,73814.51,105531.01,0.00006405,0.000000,0.000000,0
2026-05-29 18:26:00,73819.10,73840.00,73810.00,73810.10,57.276000,705,25.807000,31.469000,73825.24,105522.96,0.00006405,0.000000,0.000000,0
2026-05-29 18:27:00,73810.10,73852.30,73810.00,73852.30,39.042000,862,30.752000,8.290000,73836.54,105511.51,0.00006380,0.000000,0.000000,0
2026-05-29 18:28:00,73852.30,73863.00,73783.10,73783.10,221.895000,1277,35.374000,186.521000,73829.30,105511.38,0.00006375,0.000000,0.000000,0
2026-05-29 18:29:00,73782.80,73782.80,73699.90,73745.20,869.491000,3162,224.699000,644.792000,73739.71,105181.46,0.00006375,0.000000,0.063000,0
2026-05-29 18:30:00,73745.10,73776.30,73688.90,73758.10,338.635000,2134,163.858000,174.777000,73725.07,105098.80,0.00006363,0.000000,0.318000,0
2026-05-29 18:31:00,73758.00,73776.30,73720.40,73749.30,182.636000,1606,43.184000,139.452000,73755.20,105043.17,0.00006327,0.000000,0.000000,0
2026-05-29 18:32:00,73749.20,73807.30,73749.20,73792.00,78.947000,789,62.833000,16.114000,73787.14,105027.62,0.00006327,0.000000,0.000000,0
2026-05-29 18:33:00,73792.00,73800.00,73782.50,73782.60,90.713000,531,68.529000,22.184000,73790.62,105004.06,0.00006327,0.000000,0.000000,0
2026-05-29 18:34:00,73782.60,73791.40,73759.90,73791.40,75.527000,549,31.682000,43.845000,73772.98,105005.59,0.00006315,0.000000,0.000000,0
2026-05-29 18:35:00,73791.40,73800.00,73791.40,73794.80,28.079000,240,13.699000,14.380000,73798.21,104999.87,0.00006272,0.000000,0.000000,0
2026-05-29 18:36:00,73794.80,73794.80,73758.30,73768.50,29.385000,680,15.393000,13.992000,73779.44,104998.81,0.00006272,0.000000,0.000000,0
2026-05-29 18:37:00,73768.50,73777.00,73713.70,73739.60,65.678000,840,16.956000,48.722000,73734.03,104991.77,0.00006242,0.000000,0.010000,0
2026-05-29 18:38:00,73739.70,73783.70,73739.60,73760.40,40.457000,566,24.293000,16.164000,73764.89,104978.55,0.00006161,0.000000,0.000000,0
2026-05-29 18:39:00,73760.30,73769.70,73754.00,73754.10,28.193000,455,8.334000,19.859000,73766.32,104974.96,0.00006161,0.000000,0.000000,0
2026-05-29 18:40:00,73754.10,73818.20,73754.00,73799.20,127.750000,692,108.451000,19.299000,73800.14,104984.94,0.00006117,0.000000,0.000000,0
2026-05-29 18:41:00,73799.20,73812.90,73799.10,73810.10,28.299000,235,24.525000,3.774000,73802.12,104977.58,0.00006077,0.000000,0.000000,0
2026-05-29 18:42:00,73810.10,73810.10,73777.00,73777.10,46.106000,687,11.820000,34.286000,73792.06,104981.93,0.00006055,0.000000,0.000000,0
2026-05-29 18:43:00,73777.00,73784.40,73765.00,73769.00,27.777000,353,8.733000,19.044000,73779.76,104980.96,0.00006055,0.000000,0.000000,0
2026-05-29 18:44:00,73769.00,73769.10,73756.60,73761.80,20.171000,223,10.965000,9.206000,73761.05,104982.41,0.00006020,0.000000,0.000000,0
2026-05-29 18:45:00,73761.80,73761.80,73741.60,73758.50,45.887000,427,15.642000,30.245000,73754.04,104973.25,0.00005963,0.000000,0.000000,0
2026-05-29 18:46:00,73758.60,73758.60,73581.00,73591.90,407.071000,2716,100.645000,306.426000,73645.83,104999.97,0.00005963,0.000000,40.362000,0
2026-05-29 18:47:00,73591.80,73602.90,73562.40,73596.60,370.075000,3474,223.706000,146.369000,73585.74,104892.95,0.00005930,0.000000,0.457000,0
2026-05-29 18:48:00,73596.60,73596.60,73532.90,73589.60,281.417000,2130,141.126000,140.291000,73561.52,104889.55,0.00005824,0.000000,0.256000,0
2026-05-29 18:49:00,73589.70,73619.70,73541.20,73574.40,128.088000,1518,56.428000,71.660000,73583.25,104873.83,0.00005794,0.000000,0.000000,0
2026-05-29 18:50:00,73574.50,73579.30,73526.60,73526.60,76.134000,949,36.952000,39.182000,73546.05,104871.06,0.00005794,0.000000,0.000000,0
2026-05-29 18:51:00,73526.60,73560.00,73518.10,73518.20,244.118000,1738,120.058000,124.060000,73530.07,104890.21,0.00005735,0.000000,0.068000,0
2026-05-29 18:52:00,73518.10,73518.20,73447.30,73447.30,416.550000,2239,81.266000,335.284000,73474.71,104826.51,0.00005650,0.000000,2.983000,0
2026-05-29 18:53:00,73447.30,73447.40,73057.80,73205.70,3135.955000,12755,873.357000,2262.598000,73242.45,104668.16,0.00005650,0.000000,19.712000,0
2026-05-29 18:54:00,73205.80,73316.70,73205.70,73300.00,315.888000,2462,230.740000,85.148000,73276.40,104646.89,0.00005566,0.000000,0.000000,0
2026-05-29 18:55:00,73300.10,73317.90,73265.40,73300.10,184.949000,1790,131.171000,53.778000,73291.41,104618.88,0.00005480,0.000000,0.000000,0
2026-05-29 18:56:00,73300.00,73363.70,73257.20,73363.70,183.934000,2397,118.075000,65.859000,73309.70,104580.54,0.00005519,0.000000,0.000000,0
2026-05-29 18:57:00,73363.60,73363.70,73323.90,73349.90,131.732000,906,44.723000,87.009000,73351.77,104572.38,0.00005519,0.000000,0.000000,0
2026-05-29 18:58:00,73349.90,73356.30,73323.90,73335.60,88.077000,1046,51.796000,36.281000,73339.34,104550.91,0.00005501,0.000000,0.000000,0
2026-05-29 18:59:00,73335.00,73335.10,73300.00,73317.60,147.849000,1014,47.606000,100.243000,73318.40,104519.74,0.00005446,0.014000,0.000000,0
2026-05-29 19:00:00,73317.50,73343.00,73310.50,73342.90,93.571000,1050,37.533000,56.038000,73328.17,104517.32,0.00005446,0.000000,0.000000,0
2026-05-29 19:01:00,73343.00,73380.00,73283.00,73283.00,279.907000,2242,187.583000,92.324000,73342.74,104436.73,0.00005431,0.012000,0.000000,0
2026-05-29 19:02:00,73283.00,73349.80,73260.00,73345.90,89.264000,1334,52.779000,36.485000,73311.04,104438.52,0.00005431,0.000000,0.000000,0
2026-05-29 19:03:00,73345.80,73435.20,73342.40,73408.70,233.694000,1750,184.076000,49.618000,73399.57,104321.33,0.00005431,0.010000,0.000000,0
2026-05-29 19:04:00,73408.60,73421.40,73403.60,73410.90,107.786000,816,75.030000,32.756000,73409.90,104314.11,0.00005435,0.000000,0.000000,0
2026-05-29 19:05:00,73411.00,73433.20,73410.90,73421.00,90.608000,831,43.601000,47.007000,73423.26,104300.10,0.00005475,0.008000,0.000000,0
2026-05-29 19:06:00,73421.00,73436.90,73421.00,73436.90,45.276000,686,28.235000,17.041000,73428.00,104291.11,0.00005473,0.000000,0.000000,0
2026-05-29 19:07:00,73436.90,73438.70,73420.50,73429.80,39.189000,562,15.586000,23.603000,73430.25,104282.70,0.00005473,0.000000,0.000000,0
2026-05-29 19:08:00,73429.80,73459.10,73410.00,73459.10,110.956000,1096,79.281000,31.675000,73441.95,104258.86,0.00005504,0.000000,0.001000,0
2026-05-29 19:09:00,73459.10,73461.40,73450.00,73450.10,47.731000,324,18.734000,28.997000,73456.43,104237.42,0.00005529,0.000000,0.000000,0
2026-05-29 19:10:00,73450.10,73485.10,73427.10,73435.60,135.391000,927,80.144000,55.247000,73454.06,104192.04,0.00005529,0.000000,0.007000,0
2026-05-29 19:11:00,73435.70,73448.60,73414.80,73444.10,52.235000,544,19.759000,32.476000,73430.62,104204.58,0.00005515,0.000000,0.000000,0
2026-05-29 19:12:00,73444.10,73444.10,73419.80,73427.20,55.789000,759,35.518000,20.271000,73429.94,104195.70,0.00005507,0.000000,0.000000,0
2026-05-29 19:13:00,73427.20,73427.20,73392.30,73408.30,111.925000,612,25.456000,86.469000,73407.28,104146.59,0.00005507,0.000000,0.000000,0
2026-05-29 19:14:00,73408.30,73408.40,73390.00,73408.00,52.322000,531,19.701000,32.621000,73398.73,104126.06,0.00005490,0.000000,0.000000,0
2026-05-29 19:15:00,73408.00,73408.00,73390.00,73395.10,21.662000,338,6.631000,15.031000,73398.17,104122.27,0.00005462,0.000000,0.000000,0
2026-05-29 19:16:00,73395.10,73416.20,73374.40,73380.90,73.521000,985,28.444000,45.077000,73391.26,104106.74,0.00005441,0.000000,0.000000,0
2026-05-29 19:17:00,73380.80,73380.80,73350.10,73367.20,84.394000,589,32.575000,51.819000,73361.90,104103.02,0.00005441,0.000000,0.000000,0
2026-05-29 19:18:00,73367.20,73379.10,73293.00,73313.60,185.331000,1168,81.243000,104.088000,73319.85,104056.12,0.00005394,0.000000,0.371000,0
2026-05-29 19:19:00,73313.60,73340.00,73226.00,73226.00,191.712000,1873,74.115000,117.597000,73288.77,104013.21,0.00005302,0.000000,0.788000,0
2026-05-29 19:20:00,73226.00,73265.90,73207.30,73265.90,112.486000,1470,60.273000,52.213000,73240.76,104013.21,0.00005302,0.000000,1.073000,0
2026-05-29 19:21:00,73265.90,73292.10,73243.40,73246.50,98.273000,1220,43.486000,54.787000,73265.06,104000.03,0.00005233,0.000000,0.000000,0
2026-05-29 19:22:00,73246.60,73280.90,73242.40,73274.30,58.166000,622,34.871000,23.295000,73265.32,104001.68,0.00005177,0.000000,0.051000,0
2026-05-29 19:23:00,73274.30,73279.30,73244.30,73267.60,70.855000,730,42.441000,28.414000,73266.78,103992.67,0.00005177,0.000000,0.000000,0
2026-05-29 19:24:00,73267.70,73293.50,73246.40,73288.10,168.659000,1065,71.412000,97.247000,73267.51,103986.33,0.00005115,0.000000,0.000000,0
2026-05-29 19:25:00,73288.10,73313.80,73278.20,73286.90,66.128000,790,51.351000,14.777000,73299.40,103982.54,0.00005078,0.000000,0.013000,0
2026-05-29 19:26:00,73287.00,73322.50,73287.00,73301.60,25.497000,793,11.796000,13.701000,73309.27,103960.58,0.00005099,0.000000,0.000000,0
2026-05-29 19:27:00,73301.70,73310.90,73296.80,73296.90,22.938000,365,7.791000,15.147000,73305.63,103956.20,0.00005099,0.000000,0.000000,0
2026-05-29 19:28:00,73296.80,73311.40,73285.80,73304.00,23.500000,389,18.373000,5.127000,73300.18,103949.69,0.00005110,0.000000,0.000000,0
2026-05-29 19:29:00,73304.00,73309.50,73296.00,73301.30,32.964000,275,18.649000,14.315000,73304.32,103956.14,0.00005115,0.000000,0.000000,0
2026-05-29 19:30:00,73301.30,73303.50,73268.30,73303.50,41.819000,601,21.913000,19.906000,73291.32,103954.97,0.00005115,0.000000,0.000000,0
2026-05-29 19:31:00,73303.50,73321.30,73303.40,73321.30,35.165000,409,22.050000,13.115000,73317.54,103945.85,0.00005111,0.000000,0.040000,0
2026-05-29 19:32:00,73321.20,73434.60,73321.20,73405.50,138.569000,1826,101.300000,37.269000,73397.72,103937.97,0.00005119,0.003000,0.000000,0
2026-05-29 19:33:00,73405.30,73448.30,73400.10,73448.30,29.914000,873,22.594000,7.320000,73418.90,103894.62,0.00005163,0.006000,0.000000,0
2026-05-29 19:34:00,73448.30,73539.30,73448.30,73504.30,152.711000,1915,97.632000,55.079000,73507.82,103899.70,0.00005163,0.361000,0.000000,0
2026-05-29 19:35:00,73504.20,73539.70,73504.20,73533.10,79.012000,1002,35.406000,43.606000,73520.36,103896.33,0.00005206,0.000000,0.000000,0
2026-05-29 19:36:00,73533.10,73610.90,73533.00,73574.90,242.782000,2041,164.629000,78.153000,73581.85,103904.20,0.00005218,0.002000,0.000000,0
2026-05-29 19:37:00,73575.00,73610.30,73572.80,73607.50,78.926000,1293,39.183000,39.743000,73594.66,103831.75,0.00005218,0.000000,0.000000,0
2026-05-29 19:38:00,73607.60,73655.70,73589.90,73645.70,149.030000,1404,113.410000,35.620000,73614.31,103830.05,0.00005261,0.685000,0.000000,0
2026-05-29 19:39:00,73645.80,73687.80,73645.70,73681.80,145.128000,1465,87.091000,58.037000,73671.96,103855.66,0.00005262,0.001000,0.001000,0
2026-05-29 19:40:00,73681.90,73681.90,73654.40,73658.50,67.703000,714,28.132000,39.571000,73665.04,103843.31,0.00005262,0.000000,0.037000,0
2026-05-29 19:41:00,73658.60,73693.60,73650.10,73688.80,113.109000,1166,77.303000,35.806000,73669.35,103854.74,0.00005292,1.000000,0.434000,0
2026-05-29 19:42:00,73688.70,73690.70,73648.70,73658.40,53.622000,762,22.059000,31.563000,73674.76,103859.37,0.00005245,0.586000,0.000000,0
2026-05-29 19:43:00,73658.30,73671.20,73640.20,73652.10,56.444000,688,26.149000,30.295000,73658.62,103853.92,0.00005205,0.000000,0.000000,0
2026-05-29 19:44:00,73652.20,73655.10,73632.50,73640.40,56.170000,541,19.146000,37.024000,73641.48,103850.02,0.00005205,0.000000,0.000000,0
2026-05-29 19:45:00,73640.50,73650.00,73615.80,73650.00,48.536000,683,27.352000,21.184000,73634.80,103862.07,0.00005162,0.000000,0.000000,0
2026-05-29 19:46:00,73650.00,73686.50,73648.40,73686.50,44.641000,481,37.361000,7.280000,73663.75,103858.73,0.00005115,0.000000,0.000000,0
2026-05-29 19:47:00,73686.50,73686.50,73619.80,73631.50,86.818000,984,46.799000,40.019000,73650.06,103871.05,0.00005115,0.000000,0.000000,0
2026-05-29 19:48:00,73631.60,73653.80,73621.00,73621.10,56.343000,649,22.543000,33.800000,73634.37,103883.27,0.00005129,0.000000,0.000000,0
2026-05-29 19:49:00,73621.10,73624.20,73600.00,73623.30,83.377000,646,61.594000,21.783000,73613.04,103879.96,0.00005119,0.000000,0.000000,0
2026-05-29 19:50:00,73623.30,73641.00,73618.00,73640.80,26.611000,311,6.140000,20.471000,73626.88,103887.55,0.00005108,0.000000,0.000000,0
2026-05-29 19:51:00,73640.90,73650.00,73592.80,73603.70,103.794000,1261,74.013000,29.781000,73625.99,103906.92,0.00005108,0.000000,0.001000,0
2026-05-29 19:52:00,73603.80,73615.10,73590.50,73590.50,35.389000,615,17.456000,17.933000,73608.57,103904.38,0.00005132,0.000000,0.000000,0
2026-05-29 19:53:00,73590.60,73597.70,73566.50,73587.70,64.017000,1333,24.250000,39.767000,73583.21,103899.83,0.00005158,0.000000,0.000000,0
2026-05-29 19:54:00,73587.70,73626.80,73581.90,73600.10,29.787000,737,13.109000,16.678000,73606.26,103893.55,0.00005158,0.000000,0.000000,0
2026-05-29 19:55:00,73600.00,73600.00,73558.20,73558.20,34.552000,880,16.407000,18.145000,73576.25,103887.88,0.00005153,0.000000,0.000000,0
2026-05-29 19:56:00,73558.20,73595.30,73547.60,73567.80,62.351000,1002,39.295000,23.056000,73573.27,103885.51,0.00005139,0.000000,0.000000,0
2026-05-29 19:57:00,73567.80,73567.80,73500.40,73500.40,70.008000,1072,33.692000,36.316000,73524.12,103877.96,0.00005139,5.083000,0.410000,0
2026-05-29 19:58:00,73500.40,73516.40,73482.50,73500.10,62.085000,738,20.045000,42.040000,73501.45,103868.93,0.00005115,0.020000,0.000000,0
2026-05-29 19:59:00,73500.00,73512.50,73482.90,73496.20,50.808000,710,18.952000,31.856000,73500.37,103872.15,0.00005069,0.000000,0.000000,0
2026-05-29 20:00:00,73496.30,73513.60,73483.90,73488.90,76.466000,845,24.780000,51.686000,73502.17,103870.84,0.00005091,0.000000,0.000000,0
2026-05-29 20:01:00,73489.00,73535.20,73482.70,73535.20,71.179000,1138,46.085000,25.094000,73514.19,103879.65,0.00005091,0.000000,0.000000,0
2026-05-29 20:02:00,73535.30,73554.60,73530.10,73535.90,27.590000,559,12.004000,15.586000,73541.00,103885.60,0.00005114,0.000000,0.000000,0
2026-05-29 20:03:00,73535.90,73544.90,73512.70,73515.70,23.187000,541,10.781000,12.406000,73525.04,103885.80,0.00005127,0.000000,0.000000,0
2026-05-29 20:04:00,73515.70,73522.20,73492.50,73500.80,117.459000,1011,67.607000,49.852000,73506.85,103882.95,0.00005127,0.000000,0.000000,0
2026-05-29 20:05:00,73500.80,73537.90,73474.20,73537.90,56.532000,899,26.469000,30.063000,73495.86,103891.86,0.00005088,0.000000,0.000000,0
2026-05-29 20:06:00,73537.80,73581.40,73529.70,73581.40,33.093000,753,15.096000,17.997000,73541.70,103887.70,0.00005017,0.000000,0.000000,0
2026-05-29 20:07:00,73581.40,73581.40,73552.20,73575.80,21.734000,472,14.787000,6.947000,73569.14,103887.44,0.00005017,0.000000,0.000000,0
2026-05-29 20:08:00,73575.80,73578.90,73556.90,73556.90,15.653000,303,8.983000,6.670000,73570.57,103887.57,0.00005030,0.000000,0.000000,0
2026-05-29 20:09:00,73557.00,73637.30,73556.90,73631.40,73.089000,864,50.125000,22.964000,73611.01,103883.81,0.00005027,0.000000,0.000000,0
2026-05-29 20:10:00,73631.20,73631.20,73590.80,73611.90,79.497000,775,41.491000,38.006000,73607.59,103893.63,0.00005057,0.000000,0.000000,0
2026-05-29 20:11:00,73612.00,73649.70,73586.20,73649.70,61.542000,787,51.236000,10.306000,73613.12,103913.63,0.00005057,0.000000,0.000000,0
2026-05-29 20:12:00,73649.60,73649.70,73626.50,73626.50,26.664000,562,13.934000,12.730000,73639.83,103934.14,0.00005097,0.000000,0.000000,0
2026-05-29 20:13:00,73626.50,73626.60,73600.60,73604.80,34.628000,442,14.314000,20.314000,73610.04,103918.63,0.00005125,0.000000,0.000000,0
2026-05-29 20:14:00,73604.80,73616.80,73590.10,73616.80,34.793000,652,22.949000,11.844000,73597.32,103922.57,0.00005125,0.000000,0.000000,0
2026-05-29 20:15:00,73616.80,73630.50,73616.80,73622.80,41.537000,315,35.345000,6.192000,73622.10,103928.89,0.00005103,0.000000,0.000000,0
2026-05-29 20:16:00,73622.70,73629.80,73596.70,73622.20,41.728000,725,23.461000,18.267000,73612.89,103955.52,0.00005099,0.000000,0.000000,0
2026-05-29 20:17:00,73622.20,73622.30,73581.90,73586.40,84.198000,588,44.243000,39.955000,73591.19,103961.08,0.00005119,0.000000,0.000000,0
2026-05-29 20:18:00,73586.30,73586.30,73560.90,73572.90,40.850000,548,13.388000,27.462000,73570.80,103960.23,0.00005119,0.000000,0.022000,0
2026-05-29 20:19:00,73572.90,73621.60,73564.00,73618.60,50.032000,597,38.015000,12.017000,73589.76,103957.76,0.00005090,0.000000,0.000000,0
2026-05-29 20:20:00,73618.80,73634.00,73600.00,73620.80,50.229000,554,35.345000,14.884000,73621.05,103963.06,0.00005053,0.000000,0.000000,0
2026-05-29 20:21:00,73620.70,73649.70,73620.70,73649.60,21.346000,339,18.294000,3.052000,73640.00,103972.89,0.00005053,0.000000,0.000000,0
2026-05-29 20:22:00,73649.70,73659.90,73645.00,73653.00,75.693000,307,15.666000,60.027000,73651.97,103976.33,0.00005111,0.000000,0.000000,0
2026-05-29 20:23:00,73653.00,73688.20,73645.90,73682.60,82.252000,638,58.499000,23.753000,73666.61,103940.82,0.00005208,0.000000,0.000000,0
2026-05-29 20:24:00,73682.70,73693.60,73657.00,73679.40,68.728000,716,44.118000,24.610000,73670.02,103925.38,0.00005208,0.005000,0.000000,0
2026-05-29 20:25:00,73679.40,73720.00,73679.30,73713.60,73.156000,665,55.812000,17.344000,73701.04,103929.32,0.00005306,0.423000,0.000000,0
2026-05-29 20:26:00,73713.70,73713.70,73688.30,73688.30,49.404000,490,22.564000,26.840000,73699.16,103920.70,0.00005337,0.000000,0.000000,0
2026-05-29 20:27:00,73688.30,73696.50,73662.70,73696.40,73.298000,638,23.828000,49.470000,73677.05,103931.67,0.00005376,0.000000,0.000000,0
2026-05-29 20:28:00,73696.50,73727.00,73696.40,73721.70,99.238000,501,83.369000,15.869000,73712.36,103935.39,0.00005376,0.000000,0.000000,0
2026-05-29 20:29:00,73721.60,73721.70,73664.90,73688.10,62.657000,644,19.390000,43.267000,73699.92,103979.20,0.00005415,0.008000,0.000000,0
2026-05-29 20:30:00,73688.10,73698.40,73676.30,73680.30,332.399000,520,58.562000,273.837000,73694.96,104014.88,0.00005476,0.000000,0.000000,0
2026-05-29 20:31:00,73680.20,73735.20,73680.20,73725.00,83.047000,1030,64.903000,18.144000,73710.28,104157.92,0.00005476,0.148000,0.000000,0
2026-05-29 20:32:00,73725.00,73725.00,73713.00,73713.70,43.679000,255,22.379000,21.300000,73720.27,104193.10,0.00005495,0.000000,0.000000,0
2026-05-29 20:33:00,73713.70,73731.90,73694.60,73694.60,22.199000,473,8.117000,14.082000,73712.37,104189.72,0.00005524,0.000000,0.000000,0
2026-05-29 20:34:00,73694.60,73722.50,73680.00,73710.10,38.738000,664,22.746000,15.992000,73699.84,104185.90,0.00005519,0.000000,0.000000,0
2026-05-29 20:35:00,73710.20,73716.60,73693.80,73693.80,15.579000,274,7.329000,8.250000,73707.48,104186.85,0.00005519,0.000000,0.000000,0
2026-05-29 20:36:00,73693.80,73711.00,73693.80,73698.20,10.994000,264,6.899000,4.095000,73699.47,104188.40,0.00005522,0.000000,0.000000,0
2026-05-29 20:37:00,73698.20,73698.30,73656.40,73656.40,16.094000,393,0.535000,15.559000,73672.52,104189.29,0.00005505,0.000000,0.000000,0
2026-05-29 20:38:00,73656.40,73680.00,73655.20,73664.30,30.397000,518,16.851000,13.546000,73667.67,104194.15,0.00005505,0.000000,0.000000,0
2026-05-29 20:39:00,73664.40,73684.00,73661.70,73683.90,20.976000,556,10.460000,10.516000,73674.60,104201.99,0.00005452,0.000000,0.000000,0
2026-05-29 20:40:00,73683.90,73684.00,73668.80,73672.80,11.534000,192,6.027000,5.507000,73674.37,104202.94,0.00005432,0.000000,0.007000,0
2026-05-29 20:41:00,73672.80,73673.40,73661.30,73669.10,17.722000,231,10.518000,7.204000,73669.43,104204.64,0.00005433,0.000000,0.000000,0
2026-05-29 20:42:00,73669.10,73669.70,73654.90,73669.60,14.835000,253,9.330000,5.505000,73658.99,104204.05,0.00005433,0.000000,0.000000,0
2026-05-29 20:43:00,73669.60,73669.70,73669.60,73669.60,8.710000,80,0.983000,7.727000,73669.61,104205.52,0.00005422,0.000000,0.000000,0
2026-05-29 20:44:00,73669.60,73669.70,73669.60,73669.60,10.665000,93,7.175000,3.490000,73669.67,104197.92,0.00005420,0.000000,0.000000,0
2026-05-29 20:45:00,73669.60,73669.70,73669.60,73669.60,3.808000,91,2.883000,0.925000,73669.68,104197.44,0.00005420,0.000000,0.000000,0
2026-05-29 20:46:00,73669.60,73704.50,73669.60,73704.50,45.428000,555,41.613000,3.815000,73678.20,104190.29,0.00005403,0.000000,0.000000,0
2026-05-29 20:47:00,73704.50,73715.60,73692.80,73715.60,24.003000,322,13.115000,10.888000,73703.80,104189.09,0.00005421,0.000000,0.000000,0
2026-05-29 20:48:00,73715.90,73720.90,73695.80,73697.50,13.563000,313,3.406000,10.157000,73713.28,104187.21,0.00005421,0.000000,0.000000,0
2026-05-29 20:49:00,73697.40,73713.40,73681.50,73681.50,17.456000,439,11.768000,5.688000,73699.83,104189.32,0.00005457,0.000000,0.000000,0
2026-05-29 20:50:00,73681.50,73692.70,73665.60,73692.70,51.365000,439,42.921000,8.444000,73671.14,104202.58,0.00005480,0.008000,0.000000,0
2026-05-29 20:51:00,73692.70,73700.00,73670.90,73670.90,19.686000,383,4.221000,15.465000,73691.77,104201.57,0.00005469,0.000000,0.000000,0
2026-05-29 20:52:00,73670.90,73682.20,73661.60,73661.60,29.687000,427,4.628000,25.059000,73672.25,104199.39,0.00005469,0.000000,0.000000,0
2026-05-29 20:53:00,73661.60,73661.70,73634.80,73637.50,21.314000,460,4.256000,17.058000,73642.44,104197.01,0.00005424,0.000000,0.000000,0
2026-05-29 20:54:00,73637.50,73637.60,73615.50,73624.80,26.646000,311,9.730000,16.916000,73626.16,104196.51,0.00005390,0.000000,0.000000,0
2026-05-29 20:55:00,73624.70,73636.50,73619.80,73626.80,26.557000,450,8.568000,17.989000,73627.47,104194.28,0.00005390,0.000000,0.000000,0
2026-05-29 20:56:00,73626.80,73632.40,73600.00,73600.00,29.785000,354,5.956000,23.829000,73610.15,104192.87,0.00005346,0.000000,0.000000,0
2026-05-29 20:57:00,73600.00,73608.00,73586.00,73607.90,50.799000,344,25.037000,25.762000,73597.49,104208.02,0.00005310,0.000000,0.000000,0
2026-05-29 20:58:00,73607.90,73618.10,73598.00,73618.10,18.074000,294,8.013000,10.061000,73607.51,104198.25,0.00005280,0.000000,0.000000,0
2026-05-29 20:59:00,73618.10,73635.00,73617.30,73621.90,45.579000,451,24.617000,20.962000,73629.04,104197.14,0.00005280,0.000000,0.000000,0
2026-05-29 21:00:00,73621.80,73654.90,73621.80,73644.90,41.210000,537,37.585000,3.625000,73636.67,104208.19,0.00005282,0.000000,0.000000,0
2026-05-29 21:01:00,73644.90,73659.40,73644.80,73648.90,8.697000,248,4.601000,4.096000,73652.98,104201.64,0.00005270,0.000000,0.000000,0
2026-05-29 21:02:00,73648.90,73659.90,73636.40,73636.40,19.722000,316,4.993000,14.729000,73654.98,104203.95,0.00005270,0.000000,0.000000,0
2026-05-29 21:03:00,73636.50,73648.70,73607.40,73648.70,18.854000,562,11.481000,7.373000,73628.12,104207.13,0.00005273,0.000000,0.000000,0
2026-05-29 21:04:00,73648.60,73666.00,73633.60,73633.70,13.096000,369,5.948000,7.148000,73656.24,104205.68,0.00005239,0.000000,0.000000,0
2026-05-29 21:05:00,73633.60,73656.80,73633.60,73656.70,6.021000,209,2.736000,3.285000,73648.12,104207.94,0.00005239,0.000000,0.000000,0
2026-05-29 21:06:00,73656.70,73677.00,73656.70,73676.90,7.075000,252,5.763000,1.312000,73668.70,104207.21,0.00005202,0.000000,0.000000,0
2026-05-29 21:07:00,73677.00,73690.30,73658.70,73690.20,35.113000,595,27.883000,7.230000,73668.36,104207.62,0.00005215,0.000000,0.000000,0
2026-05-29 21:08:00,73690.20,73742.70,73690.20,73719.00,82.615000,869,58.669000,23.946000,73721.86,104192.32,0.00005231,0.001000,0.000000,0
2026-05-29 21:09:00,73718.90,73718.90,73687.10,73687.10,12.178000,309,1.784000,10.394000,73698.52,104188.35,0.00005231,0.000000,0.000000,0
2026-05-29 21:10:00,73687.10,73698.00,73678.20,73685.60,14.845000,529,10.562000,4.283000,73688.38,104186.95,0.00005264,0.000000,0.000000,0
2026-05-29 21:11:00,73685.70,73691.80,73681.50,73691.70,14.789000,165,6.107000,8.682000,73684.73,104186.25,0.00005242,0.000000,0.000000,0
2026-05-29 21:12:00,73691.70,73730.00,73691.70,73729.90,34.072000,332,32.923000,1.149000,73718.15,104179.87,0.00005242,0.000000,0.000000,0
2026-05-29 21:13:00,73729.90,73730.00,73720.60,73728.80,14.284000,217,7.949000,6.335000,73727.33,104167.58,0.00005243,0.000000,0.000000,0
2026-05-29 21:14:00,73728.80,73829.20,73728.80,73801.90,185.358000,1600,155.869000,29.489000,73793.01,104116.92,0.00005308,1.756000,0.000000,0
2026-05-29 21:15:00,73801.90,73802.00,73770.00,73770.00,23.628000,453,8.051000,15.577000,73780.21,104130.05,0.00005308,0.000000,0.000000,0
2026-05-29 21:16:00,73770.00,73778.00,73751.60,73759.60,56.612000,444,8.577000,48.035000,73764.28,104118.38,0.00005364,0.000000,0.000000,0
2026-05-29 21:17:00,73759.60,73759.70,73752.70,73752.70,23.508000,146,2.474000,21.034000,73756.57,104130.71,0.00005312,0.000000,0.000000,0
2026-05-29 21:18:00,73752.70,73752.80,73739.20,73739.20,17.526000,178,2.258000,15.268000,73747.84,104129.50,0.00005241,0.000000,0.000000,0
2026-05-29 21:19:00,73739.30,73739.30,73688.80,73688.80,24.381000,402,3.665000,20.716000,73712.88,104125.32,0.00005241,0.000000,0.000000,0
2026-05-29 21:20:00,73688.90,73688.90,73688.70,73688.70,8.218000,93,2.817000,5.401000,73688.79,104124.36,0.00005171,0.000000,0.000000,0
2026-05-29 21:21:00,73688.80,73688.80,73667.60,73667.70,15.262000,202,0.640000,14.622000,73683.07,104123.26,0.00005109,0.000000,0.000000,0
2026-05-29 21:22:00,73667.70,73667.70,73638.70,73650.30,71.685000,493,18.319000,53.366000,73648.19,104096.35,0.00005109,0.000000,0.000000,0
2026-05-29 21:23:00,73650.30,73662.90,73473.80,73547.70,793.359000,3329,105.392000,687.967000,73566.56,103975.19,0.00005084,0.000000,0.008000,0
2026-05-29 21:24:00,73547.60,73566.10,73547.60,73561.60,19.794000,277,10.594000,9.200000,73560.28,103963.71,0.00005056,0.000000,0.000000,0
2026-05-29 21:25:00,73561.70,73598.50,73561.60,73593.00,47.449000,535,33.381000,14.068000,73583.05,103957.77,0.00005056,0.000000,0.000000,0
2026-05-29 21:26:00,73593.10,73593.10,73531.00,73561.20,51.339000,726,11.310000,40.029000,73554.39,103955.76,0.00005091,0.000000,0.000000,0
2026-05-29 21:27:00,73561.20,73570.00,73514.90,73531.00,60.481000,554,14.506000,45.975000,73542.75,103940.19,0.00005110,0.000000,0.000000,0
2026-05-29 21:28:00,73531.10,73545.80,73519.90,73520.00,45.818000,470,22.366000,23.452000,73539.40,103936.35,0.00005061,0.000000,0.000000,0
2026-05-29 21:29:00,73519.90,73533.80,73509.80,73533.80,26.376000,420,10.254000,16.122000,73520.12,103935.65,0.00005061,0.000000,0.000000,0
2026-05-29 21:30:00,73533.70,73533.80,73499.90,73499.90,17.746000,321,1.524000,16.222000,73511.39,103932.10,0.00005039,0.000000,0.002000,0
2026-05-29 21:31:00,73499.90,73499.90,73424.40,73486.90,218.397000,1524,102.155000,116.242000,73460.15,103905.76,0.00004983,0.000000,0.163000,0
2026-05-29 21:32:00,73486.90,73520.50,73486.90,73520.50,17.171000,320,16.389000,0.782000,73505.53,103933.24,0.00004983,0.000000,0.000000,0
2026-05-29 21:33:00,73520.40,73527.20,73489.10,73527.20,56.763000,521,13.847000,42.916000,73509.39,103926.88,0.00004924,0.000000,0.000000,0
2026-05-29 21:34:00,73527.20,73556.50,73527.10,73556.50,22.994000,327,22.274000,0.720000,73545.99,103938.61,0.00004965,0.000000,0.000000,0
2026-05-29 21:35:00,73556.60,73556.60,73509.00,73512.40,33.865000,396,13.180000,20.685000,73531.84,103929.93,0.00004965,0.000000,0.000000,0
2026-05-29 21:36:00,73512.30,73536.00,73512.30,73520.70,27.594000,315,14.581000,13.013000,73526.59,103927.99,0.00005056,0.000000,0.000000,0
2026-05-29 21:37:00,73520.70,73528.20,73520.70,73528.20,9.584000,190,8.457000,1.127000,73522.30,103930.07,0.00005098,0.000000,0.001000,0
2026-05-29 21:38:00,73528.20,73528.20,73512.00,73512.00,13.621000,147,6.747000,6.874000,73526.89,103928.47,0.00005117,0.000000,0.000000,0
2026-05-29 21:39:00,73512.10,73543.30,73489.00,73543.30,46.653000,650,15.212000,31.441000,73531.03,103933.10,0.00005117,0.000000,0.000000,0
2026-05-29 21:40:00,73543.30,73569.10,73543.20,73569.10,17.239000,263,16.640000,0.599000,73557.58,103920.60,0.00005108,0.000000,0.000000,0
2026-05-29 21:41:00,73569.10,73574.90,73552.30,73559.10,27.908000,385,8.394000,19.514000,73563.34,103920.04,0.00005173,0.000000,0.001000,0
2026-05-29 21:42:00,73559.10,73569.70,73555.50,73569.60,6.372000,172,4.655000,1.717000,73560.43,103930.62,0.00005173,0.000000,0.000000,0
2026-05-29 21:43:00,73569.70,73573.40,73569.60,73573.40,8.141000,147,7.326000,0.815000,73571.45,103929.82,0.00005246,0.000000,0.000000,0
2026-05-29 21:44:00,73573.40,73573.40,73553.10,73572.70,18.292000,283,4.323000,13.969000,73567.46,103929.27,0.00005276,0.000000,0.000000,0
2026-05-29 21:45:00,73572.60,73576.10,73572.60,73576.10,7.937000,85,6.273000,1.664000,73575.99,103929.72,0.00005322,0.000000,0.000000,0
2026-05-29 21:46:00,73576.00,73589.50,73576.00,73576.10,23.711000,287,17.976000,5.735000,73581.20,103921.35,0.00005322,0.000000,0.055000,0
2026-05-29 21:47:00,73576.00,73576.10,73528.90,73551.60,29.508000,586,11.631000,17.877000,73552.79,103920.60,0.00005358,0.000000,0.000000,0
2026-05-29 21:48:00,73551.70,73551.70,73532.90,73551.60,15.376000,294,9.060000,6.316000,73542.44,103919.08,0.00005336,0.000000,0.000000,0
2026-05-29 21:49:00,73551.60,73551.60,73495.10,73495.20,26.103000,526,6.459000,19.644000,73525.69,103918.26,0.00005336,0.000000,0.000000,0
2026-05-29 21:50:00,73495.20,73495.20,73463.10,73463.10,49.828000,856,10.583000,39.245000,73483.41,103921.67,0.00005348,0.000000,0.009000,0
2026-05-29 21:51:00,73463.10,73463.20,73410.00,73431.20,60.969000,958,17.694000,43.275000,73430.21,103925.53,0.00005339,0.000000,0.021000,0
2026-05-29 21:52:00,73431.30,73462.70,73425.30,73441.40,41.556000,696,22.973000,18.583000,73444.80,103924.25,0.00005277,0.000000,0.000000,0
2026-05-29 21:53:00,73441.40,73441.40,73410.00,73431.40,25.674000,449,13.841000,11.833000,73420.26,103915.99,0.00005277,0.000000,0.008000,0
2026-05-29 21:54:00,73431.50,73457.10,73410.00,73410.00,24.306000,548,8.778000,15.528000,73435.08,103918.04,0.00005271,0.000000,0.018000,0
2026-05-29 21:55:00,73410.10,73420.00,73387.00,73387.10,56.110000,753,17.497000,38.613000,73400.90,103905.30,0.00005253,0.000000,0.335000,0
2026-05-29 21:56:00,73387.00,73404.40,73378.40,73393.80,134.641000,740,73.333000,61.308000,73391.78,103866.15,0.00005253,0.000000,0.070000,0
2026-05-29 21:57:00,73393.80,73408.10,73393.70,73408.10,19.483000,217,15.521000,3.962000,73398.06,103852.89,0.00005210,0.000000,0.000000,0
2026-05-29 21:58:00,73408.10,73408.50,73402.10,73408.40,20.092000,180,9.386000,10.706000,73405.83,103850.41,0.00005227,0.000000,0.000000,0
2026-05-29 21:59:00,73408.40,73413.10,73408.40,73413.10,14.638000,122,13.457000,1.181000,73410.03,103851.77,0.00005227,0.000000,0.000000,0
2026-05-29 22:00:00,73413.10,73420.00,73369.90,73385.20,116.350000,704,24.919000,91.431000,73398.99,103883.64,0.00005276,0.015000,0.009000,0
2026-05-29 22:01:00,73385.30,73400.00,73385.20,73393.40,90.966000,315,23.356000,67.610000,73397.75,103920.42,0.00005316,0.000000,0.000000,0
2026-05-29 22:02:00,73393.50,73418.90,73388.00,73418.80,56.492000,385,35.861000,20.631000,73398.18,103931.03,0.00005319,0.000000,0.000000,0
2026-05-29 22:03:00,73418.80,73466.90,73418.80,73440.80,126.870000,749,69.018000,57.852000,73444.08,103885.24,0.00005319,0.000000,0.000000,0
2026-05-29 22:04:00,73440.90,73444.90,73430.20,73441.20,43.676000,455,10.242000,33.434000,73440.79,103901.64,0.00005369,0.000000,0.000000,0
2026-05-29 22:05:00,73441.20,73441.20,73385.50,73385.50,76.231000,809,14.156000,62.075000,73408.24,103916.43,0.00005391,0.000000,0.000000,0
2026-05-29 22:06:00,73385.60,73391.80,73365.30,73382.00,86.208000,754,50.115000,36.093000,73374.43,103918.32,0.00005391,0.000000,0.015000,0
2026-05-29 22:07:00,73381.90,73382.00,73344.60,73366.20,55.582000,552,34.973000,20.609000,73359.77,103945.20,0.00005378,0.000000,0.009000,0
2026-05-29 22:08:00,73366.10,73380.00,73366.10,73366.30,13.157000,285,4.960000,8.197000,73372.49,103944.90,0.00005360,0.000000,0.014000,0
2026-05-29 22:09:00,73366.20,73370.00,73347.60,73357.00,37.629000,448,20.117000,17.512000,73356.98,103942.13,0.00005337,0.000000,0.000000,0
2026-05-29 22:10:00,73357.00,73370.00,73356.30,73370.00,190.137000,397,162.957000,27.180000,73364.65,104031.83,0.00005337,0.000000,0.001000,0
2026-05-29 22:11:00,73369.90,73378.00,73350.00,73372.20,59.203000,558,18.721000,40.482000,73368.94,104049.10,0.00005299,0.000000,0.000000,0
2026-05-29 22:12:00,73372.20,73381.20,73366.70,73381.20,29.086000,292,15.042000,14.044000,73373.06,104054.30,0.00005236,0.000000,0.000000,0
2026-05-29 22:13:00,73381.10,73381.20,73381.10,73381.20,10.307000,112,6.393000,3.914000,73381.16,104050.98,0.00005236,0.000000,0.000000,0
2026-05-29 22:14:00,73381.20,73397.40,73374.90,73397.40,21.821000,347,15.459000,6.362000,73383.88,104049.26,0.00005207,0.000000,0.000000,0
2026-05-29 22:15:00,73397.40,73403.10,73367.20,73371.00,55.936000,504,25.964000,29.972000,73393.08,104046.53,0.00005212,0.000000,0.000000,0
2026-05-29 22:16:00,73371.00,73390.80,73370.90,73378.50,20.337000,353,11.119000,9.218000,73380.42,104041.99,0.00005212,0.000000,0.000000,0
2026-05-29 22:17:00,73378.50,73424.50,73378.40,73424.50,60.752000,521,57.508000,3.244000,73406.22,104014.68,0.00005207,0.000000,0.000000,0
2026-05-29 22:18:00,73424.50,73424.50,73408.90,73419.20,23.770000,263,9.729000,14.041000,73417.73,104012.09,0.00005199,0.000000,0.000000,0
2026-05-29 22:19:00,73419.20,73445.20,73413.50,73440.90,52.917000,452,40.285000,12.632000,73429.32,104009.35,0.00005228,0.000000,0.000000,0
2026-05-29 22:20:00,73441.00,73461.20,73440.10,73461.20,25.132000,355,13.244000,11.888000,73448.89,104006.34,0.00005228,0.000000,0.000000,0
2026-05-29 22:21:00,73461.20,73513.90,73461.10,73513.90,28.944000,497,22.552000,6.392000,73488.24,104008.12,0.00005290,0.378000,0.000000,0
2026-05-29 22:22:00,73513.90,73535.10,73492.70,73518.40,99.993000,799,33.815000,66.178000,73521.43,104019.01,0.00005324,0.005000,0.000000,0
2026-05-29 22:23:00,73518.40,73535.90,73518.30,73528.50,20.119000,344,9.549000,10.570000,73529.67,104020.38,0.00005324,0.000000,0.000000,0
2026-05-29 22:24:00,73528.40,73535.70,73519.00,73535.70,138.284000,298,14.226000,124.058000,73527.97,103942.75,0.00005310,0.000000,0.000000,0
2026-05-29 22:25:00,73535.70,73537.60,73495.80,73495.80,29.705000,452,5.364000,24.341000,73518.01,103942.45,0.00005294,0.000000,0.000000,0
2026-05-29 22:26:00,73495.80,73495.90,73477.20,73493.60,26.815000,418,8.953000,17.862000,73484.69,103938.32,0.00005266,0.000000,0.000000,0
2026-05-29 22:27:00,73493.60,73493.70,73493.60,73493.70,9.296000,86,5.013000,4.283000,73493.65,103941.15,0.00005266,0.000000,0.000000,0
2026-05-29 22:28:00,73493.60,73493.70,73483.40,73493.00,11.949000,221,5.513000,6.436000,73488.37,103942.16,0.00005213,0.000000,0.000000,0
2026-05-29 22:29:00,73493.00,73493.00,73492.90,73493.00,2.520000,87,1.691000,0.829000,73492.97,103942.66,0.00005176,0.000000,0.000000,0
2026-05-29 22:30:00,73493.00,73496.50,73484.10,73484.20,24.848000,182,7.924000,16.924000,73490.67,103948.55,0.00005176,0.000000,0.330000,0
2026-05-29 22:31:00,73484.20,73504.10,73484.20,73489.70,31.371000,303,12.540000,18.831000,73497.58,103962.52,0.00005167,0.000000,0.000000,0
2026-05-29 22:32:00,73489.70,73510.00,73489.70,73509.90,21.158000,201,18.262000,2.896000,73502.46,103967.12,0.00005152,0.000000,0.000000,0
2026-05-29 22:33:00,73509.90,73520.00,73509.90,73512.60,11.825000,219,7.388000,4.437000,73515.75,103968.89,0.00005152,0.000000,0.000000,0
2026-05-29 22:34:00,73512.70,73520.00,73503.30,73503.40,12.366000,208,2.677000,9.689000,73511.93,103968.89,0.00005174,0.000000,0.000000,0
2026-05-29 22:35:00,73503.30,73503.40,73481.50,73481.60,43.241000,327,23.503000,19.738000,73499.57,103965.05,0.00005162,0.000000,0.000000,0
2026-05-29 22:36:00,73481.50,73481.50,73450.00,73457.80,27.518000,345,3.437000,24.081000,73464.79,103983.10,0.00005117,0.000000,0.000000,0
2026-05-29 22:37:00,73457.70,73474.60,73447.50,73447.60,40.593000,533,13.853000,26.740000,73459.56,103983.19,0.00005117,0.000000,0.000000,0
2026-05-29 22:38:00,73447.50,73447.60,73431.20,73434.80,91.269000,262,47.349000,43.920000,73436.35,103988.56,0.00005069,0.000000,0.000000,0
2026-05-29 22:39:00,73434.90,73443.00,73394.60,73414.20,175.690000,743,128.869000,46.821000,73427.85,104028.09,0.00005007,0.000000,0.000000,0
2026-05-29 22:40:00,73414.20,73442.10,73414.20,73419.30,61.768000,512,8.713000,53.055000,73434.06,104075.18,0.00005007,0.000000,0.000000,0
2026-05-29 22:41:00,73419.20,73453.80,73419.20,73436.10,164.679000,430,156.063000,8.616000,73440.19,104104.30,0.00004977,0.000000,0.000000,0
2026-05-29 22:42:00,73436.00,73440.00,73431.30,73431.40,7.396000,161,1.706000,5.690000,73436.10,104197.85,0.00004992,0.000000,0.000000,0
2026-05-29 22:43:00,73431.40,73431.40,73428.00,73431.30,18.950000,109,9.519000,9.431000,73430.97,104196.04,0.00004992,0.000000,0.000000,0
2026-05-29 22:44:00,73431.20,73431.30,73420.00,73420.00,7.597000,146,1.203000,6.394000,73429.55,104204.65,0.00004983,0.000000,0.000000,0
2026-05-29 22:45:00,73420.10,73438.20,73414.50,73428.70,18.528000,318,9.243000,9.285000,73424.93,104205.99,0.00004978,0.000000,0.000000,0
2026-05-29 22:46:00,73428.70,73472.10,73428.60,73472.10,14.407000,355,14.002000,0.405000,73443.71,104204.31,0.00004978,0.000000,0.000000,0
2026-05-29 22:47:00,73472.10,73491.00,73472.00,73488.30,24.190000,254,20.261000,3.929000,73481.64,104203.98,0.00004925,0.000000,0.000000,0
2026-05-29 22:48:00,73488.30,73488.30,73478.30,73478.30,19.888000,150,14.259000,5.629000,73485.45,104188.58,0.00004964,0.000000,0.000000,0
2026-05-29 22:49:00,73478.30,73478.40,73410.90,73450.50,110.401000,931,47.519000,62.882000,73442.72,104192.72,0.00005010,0.000000,0.000000,0
2026-05-29 22:50:00,73450.60,73482.10,73433.80,73439.40,61.363000,690,17.516000,43.847000,73462.92,104215.48,0.00005010,0.000000,0.000000,0
2026-05-29 22:51:00,73439.40,73455.00,73411.60,73411.60,43.532000,570,15.209000,28.323000,73434.05,104236.19,0.00005015,0.000000,0.000000,0
2026-05-29 22:52:00,73411.70,73411.70,73372.00,73391.60,61.663000,525,16.223000,45.440000,73390.19,104233.02,0.00004964,0.000000,0.000000,0
2026-05-29 22:53:00,73391.60,73395.10,73374.60,73374.70,30.433000,320,4.160000,26.273000,73390.70,104237.90,0.00004964,0.000000,0.000000,0
2026-05-29 22:54:00,73374.60,73400.00,73367.40,73381.10,55.376000,578,12.784000,42.592000,73385.24,104250.20,0.00004910,0.000000,0.000000,0
2026-05-29 22:55:00,73381.20,73399.10,73381.20,73399.10,13.737000,213,12.666000,1.071000,73388.57,104244.94,0.00004865,0.000000,0.001000,0
2026-05-29 22:56:00,73399.00,73434.00,73399.00,73433.90,33.019000,345,20.132000,12.887000,73418.78,104240.47,0.00004872,0.000000,0.042000,0
2026-05-29 22:57:00,73434.00,73464.80,73434.00,73464.80,11.463000,280,7.025000,4.438000,73449.90,104234.79,0.00004872,0.000000,0.000000,0
2026-05-29 22:58:00,73464.80,73464.80,73452.40,73452.50,13.570000,172,3.865000,9.705000,73459.53,104233.87,0.00004885,0.000000,0.000000,0
2026-05-29 22:59:00,73452.50,73459.20,73437.60,73446.60,38.227000,322,21.462000,16.765000,73447.89,104230.14,0.00004893,0.000000,0.000000,0
2026-05-29 23:00:00,73446.60,73452.00,73446.50,73446.50,25.414000,131,19.201000,6.213000,73447.34,104237.51,0.00004893,0.000000,0.000000,0
2026-05-29 23:01:00,73446.50,73446.60,73389.30,73389.30,43.510000,504,8.668000,34.842000,73415.92,104250.80,0.00004864,0.010000,0.000000,0
2026-05-29 23:02:00,73389.40,73389.40,73380.20,73380.30,26.017000,176,3.197000,22.820000,73383.26,104247.20,0.00004822,0.000000,0.000000,0
2026-05-29 23:03:00,73380.20,73388.00,73380.20,73388.00,24.599000,182,12.704000,11.895000,73385.51,104262.87,0.00004822,0.000000,0.000000,0
2026-05-29 23:04:00,73388.00,73428.50,73387.90,73416.50,33.403000,454,19.109000,14.294000,73412.05,104256.45,0.00004698,0.001000,0.000000,0
2026-05-29 23:05:00,73416.50,73430.00,73416.40,73430.00,17.212000,248,10.918000,6.294000,73425.21,104252.82,0.00004664,0.000000,0.000000,0
2026-05-29 23:06:00,73430.00,73443.40,73419.10,73428.10,39.504000,552,9.090000,30.414000,73435.51,104254.82,0.00004646,0.000000,0.000000,0
2026-05-29 23:07:00,73428.00,73428.10,73428.00,73428.10,5.609000,108,3.239000,2.370000,73428.06,104272.30,0.00004646,0.000000,0.000000,0
2026-05-29 23:08:00,73428.00,73436.90,73428.00,73436.90,10.446000,188,6.582000,3.864000,73430.92,104272.71,0.00004635,0.000000,0.000000,0
2026-05-29 23:09:00,73436.90,73478.30,73434.90,73435.00,52.547000,736,34.748000,17.799000,73457.75,104271.27,0.00004602,0.000000,0.000000,0
2026-05-29 23:10:00,73434.90,73435.40,73408.00,73419.30,25.123000,350,14.581000,10.542000,73423.32,104267.63,0.00004602,0.000000,1.084000,0
2026-05-29 23:11:00,73419.30,73423.50,73398.50,73403.80,16.813000,340,6.630000,10.183000,73411.57,104264.32,0.00004583,0.000000,0.000000,0
2026-05-29 23:12:00,73403.70,73425.90,73401.30,73406.10,15.791000,421,6.171000,9.620000,73417.65,104262.17,0.00004535,0.000000,0.000000,0
2026-05-29 23:13:00,73406.00,73410.10,73391.30,73392.10,19.212000,217,10.981000,8.231000,73403.53,104258.65,0.00004504,0.000000,0.000000,0
2026-05-29 23:14:00,73392.20,73392.20,73347.00,73371.90,105.141000,757,23.709000,81.432000,73365.73,104271.08,0.00004504,0.000000,0.000000,0
2026-05-29 23:15:00,73371.90,73391.20,73371.80,73372.20,17.441000,388,7.063000,10.378000,73382.36,104259.18,0.00004451,0.004000,0.000000,0
2026-05-29 23:16:00,73372.30,73427.30,73372.30,73427.30,313.618000,1330,170.384000,143.234000,73411.59,104255.97,0.00004423,0.000000,0.000000,0
2026-05-29 23:17:00,73427.30,73433.40,73414.60,73414.70,24.778000,444,9.330000,15.448000,73425.59,104230.16,0.00004423,0.000000,0.000000,0
2026-05-29 23:18:00,73414.60,73414.70,73354.90,73364.00,43.448000,580,7.552000,35.896000,73394.21,104221.16,0.00004412,0.000000,0.000000,0
2026-05-29 23:19:00,73364.00,73410.00,73364.00,73393.70,14.052000,492,7.438000,6.614000,73391.93,104245.28,0.00004419,0.000000,0.000000,0
2026-05-29 23:20:00,73393.60,73398.20,73385.50,73386.10,41.706000,338,13.019000,28.687000,73391.70,104245.67,0.00004419,0.000000,0.000000,0
2026-05-29 23:21:00,73386.20,73409.60,73386.20,73404.40,11.823000,264,4.908000,6.915000,73405.14,104267.58,0.00004409,0.000000,0.000000,0
2026-05-29 23:22:00,73404.40,73404.40,73353.00,73353.00,34.379000,499,4.885000,29.494000,73368.80,104268.63,0.00004407,0.000000,0.002000,0
2026-05-29 23:23:00,73353.00,73359.60,73282.80,73305.70,196.244000,1233,52.423000,143.821000,73320.94,104283.14,0.00004395,0.000000,2.021000,0
2026-05-29 23:24:00,73305.70,73305.80,73279.30,73299.90,60.908000,641,22.976000,37.932000,73293.12,104302.98,0.00004395,0.002000,0.000000,0
2026-05-29 23:25:00,73300.00,73331.10,73299.90,73308.50,78.643000,465,54.792000,23.851000,73306.38,104318.87,0.00004318,0.000000,0.000000,0
2026-05-29 23:26:00,73308.40,73371.50,73300.90,73348.70,84.411000,791,69.069000,15.342000,73347.79,104343.73,0.00004268,0.000000,0.000000,0
2026-05-29 23:27:00,73348.70,73353.70,73341.40,73353.60,39.675000,286,9.446000,30.229000,73349.49,104327.78,0.00004268,0.001000,0.000000,0
2026-05-29 23:28:00,73353.50,73353.60,73339.90,73351.70,37.667000,276,7.581000,30.086000,73345.71,104327.87,0.00004258,0.000000,0.000000,0
2026-05-29 23:29:00,73351.60,73365.60,73351.60,73354.40,16.532000,242,10.493000,6.039000,73361.38,104342.63,0.00004225,0.000000,0.000000,0
2026-05-29 23:30:00,73354.30,73354.30,73341.30,73348.60,44.460000,317,31.847000,12.613000,73345.21,104338.96,0.00004204,0.000000,0.000000,0
2026-05-29 23:31:00,73348.70,73374.10,73348.60,73362.80,16.337000,352,9.472000,6.865000,73364.77,104324.51,0.00004204,0.000000,0.000000,0
2026-05-29 23:32:00,73362.80,73362.90,73342.90,73343.20,20.819000,274,3.312000,17.507000,73352.04,104324.19,0.00004161,0.000000,0.000000,0
2026-05-29 23:33:00,73343.20,73343.30,73330.00,73339.70,14.374000,242,6.604000,7.770000,73337.04,104329.57,0.00004107,0.000000,0.000000,0
2026-05-29 23:34:00,73339.70,73345.80,73305.60,73331.60,190.774000,673,133.460000,57.314000,73324.14,104330.04,0.00004107,0.000000,0.000000,0
2026-05-29 23:35:00,73331.50,73331.60,73321.70,73327.10,25.700000,220,17.170000,8.530000,73326.74,104453.57,0.00004036,0.000000,0.000000,0
2026-05-29 23:36:00,73327.00,73327.00,73279.90,73298.90,97.529000,742,22.295000,75.234000,73298.95,104432.41,0.00003987,0.000000,0.001000,0
2026-05-29 23:37:00,73298.90,73298.90,73285.50,73291.80,16.776000,253,5.727000,11.049000,73290.67,104453.61,0.00003937,0.000000,0.000000,0
2026-05-29 23:38:00,73291.80,73310.20,73291.80,73306.70,19.600000,232,10.279000,9.321000,73304.70,104456.46,0.00003937,0.000000,0.000000,0
2026-05-29 23:39:00,73306.60,73327.10,73306.10,73323.10,15.230000,252,8.655000,6.575000,73316.63,104454.85,0.00003898,0.000000,0.000000,0
2026-05-29 23:40:00,73323.10,73323.20,73323.10,73323.20,3.345000,73,1.492000,1.853000,73323.14,104455.01,0.00003892,0.000000,0.000000,0
2026-05-29 23:41:00,73323.10,73339.80,73323.10,73339.80,80.699000,219,70.680000,10.019000,73327.89,104451.05,0.00003892,0.000000,0.000000,0
2026-05-29 23:42:00,73339.80,73351.60,73339.70,73342.40,28.510000,264,14.646000,13.864000,73346.08,104434.03,0.00003870,0.000000,0.000000,0
2026-05-29 23:43:00,73342.30,73363.30,73342.30,73351.20,68.326000,411,36.232000,32.094000,73355.62,104427.48,0.00003860,0.000000,0.000000,0
2026-05-29 23:44:00,73351.20,73359.50,73351.20,73359.50,5.741000,146,5.137000,0.604000,73355.93,104422.41,0.00003860,0.000000,0.000000,0
2026-05-29 23:45:00,73359.50,73394.40,73359.40,73394.30,58.986000,473,48.658000,10.328000,73380.42,104416.95,0.00003834,0.000000,0.000000,0
2026-05-29 23:46:00,73394.40,73394.40,73370.20,73381.60,51.540000,353,14.143000,37.397000,73384.92,104404.94,0.00003826,0.000000,0.000000,0
2026-05-29 23:47:00,73381.60,73394.60,73381.60,73385.30,21.208000,294,11.401000,9.807000,73390.65,104405.91,0.00003782,0.000000,0.000000,0
2026-05-29 23:48:00,73385.30,73393.20,73385.30,73389.60,22.826000,154,6.249000,16.577000,73391.55,104406.57,0.00003782,0.000000,0.000000,0
2026-05-29 23:49:00,73389.70,73394.60,73375.90,73394.60,38.136000,325,13.922000,24.214000,73382.43,104403.87,0.00003768,0.000000,0.000000,0
2026-05-29 23:50:00,73394.60,73400.00,73394.50,73400.00,9.048000,133,8.657000,0.391000,73396.95,104406.49,0.00003742,0.000000,0.000000,0
2026-05-29 23:51:00,73400.00,73411.50,73396.30,73411.10,53.460000,239,33.299000,20.161000,73405.95,104402.01,0.00003742,0.000000,0.000000,0
2026-05-29 23:52:00,73411.00,73437.60,73411.00,73436.10,48.118000,393,42.474000,5.644000,73423.63,104382.85,0.00003739,0.000000,0.000000,0
2026-05-29 23:53:00,73436.10,73443.90,73436.10,73439.20,15.771000,191,11.718000,4.053000,73440.47,104389.17,0.00003744,0.000000,0.040000,0
2026-05-29 23:54:00,73439.10,73462.30,73434.40,73442.60,58.763000,500,41.472000,17.291000,73447.36,104387.38,0.00003734,0.081000,0.000000,0
2026-05-29 23:55:00,73442.50,73442.50,73434.30,73436.70,70.444000,184,54.537000,15.907000,73435.37,104364.44,0.00003734,0.000000,0.000000,0
2026-05-29 23:56:00,73436.70,73436.80,73436.70,73436.70,7.536000,67,3.976000,3.560000,73436.75,104360.98,0.00003685,0.000000,0.000000,0
2026-05-29 23:57:00,73436.80,73442.00,73436.70,73442.00,5.925000,103,5.168000,0.757000,73439.73,104362.84,0.00003640,0.000000,0.000000,0
2026-05-29 23:58:00,73442.00,73442.00,73427.00,73428.20,16.039000,188,2.200000,13.839000,73433.89,104360.33,0.00003640,0.000000,0.000000,0
2026-05-29 23:59:00,73428.20,73428.30,73425.10,73428.20,9.376000,108,3.734000,5.642000,73427.19,104357.39,0.00003598,0.000000,0.000000,0
