ts,day,open,high,low,close,buy_qty,sell_qty,vol_1m,delta_1m,imbalance_1m,vwap,open_interest,funding_rate,liq_buy_qty,liq_sell_qty,is_synthetic,source_file,abs_delta_1m,delta_sign,delta_to_vol_ratio,delta_pct_60m,delta_pct_180m,vol_pct_60m,vol_pct_180m,close_minus_open,high_minus_low,body_to_range_ratio,close_location_in_range,price_move_sign,delta_price_alignment_1m,delta_price_efficiency_1m,dist_from_vwap,abs_dist_from_vwap,price_vs_vwap_side,high_above_vwap_flag,low_below_vwap_flag,oi_change_1m,abs_oi_change_1m,oi_change_pct_60m,oi_change_pct_180m,delta_oi_alignment_flag,price_oi_alignment_flag,liq_total_1m,liq_imbalance_1m,liq_dominant_side,liq_burst_flag,delta_vs_liq_relation_flag
2026-03-21 00:00:00,2026-03-21,70487.5,70487.6,70472.6,70472.7,2.662,14.596,17.258,-11.934000000000001,-0.6915053888051919,70483.48,86773.15,-1.484e-05,0.0,0.0,False,2026-03-21.csv,11.934000000000001,negative,0.6915053888051919,0.5737704918032787,0.5359116022099447,0.09836065573770492,0.055248618784530384,-14.80000000000291,15.0,0.9866666666668606,0.00666666666608459,down,aligned,1.2401541813308956,-10.779999999998836,10.779999999998836,below,True,True,0.7099999999918509,0.7099999999918509,0.13114754098360656,0.09392265193370165,opposed,opposed,0.0,0.0,balanced_or_unknown,False,flat_or_unknown
2026-03-21 00:01:00,2026-03-21,70472.6,70500.0,70469.1,70500.0,30.041,17.046,47.087,12.995000000000001,0.27597850786841377,70489.0,86759.56,-1.493e-05,0.0,0.0,False,2026-03-21.csv,12.995000000000001,positive,0.27597850786841377,0.5901639344262295,0.5414364640883977,0.6229508196721312,0.4696132596685083,27.39999999999418,30.89999999999418,0.8867313915857392,1.0,up,aligned,2.1085032704882014,11.0,11.0,above,True,True,-13.589999999996508,13.589999999996508,0.819672131147541,0.7679558011049724,opposed,opposed,0.0,0.0,balanced_or_unknown,False,flat_or_unknown
2026-03-21 00:02:00,2026-03-21,70500.0,70524.6,70496.0,70496.0,11.281,23.593,34.874,-12.312,-0.3530423811435453,70512.22,86765.21,-1.493e-05,0.0,0.0,False,2026-03-21.csv,12.312,negative,0.3530423811435453,0.5573770491803278,0.5359116022099447,0.45901639344262296,0.2983425414364641,-4.0,28.60000000000582,0.1398601398601114,0.0,down,aligned,0.32488628979857054,-16.220000000001164,16.220000000001164,below,True,True,5.650000000008731,5.650000000008731,0.5573770491803278,0.4861878453038674,opposed,opposed,0.0,0.0,balanced_or_unknown,False,flat_or_unknown
2026-03-21 00:03:00,2026-03-21,70496.0,70530.0,70496.0,70514.4,10.687,5.96,16.647,4.726999999999999,0.2839550669790353,70514.78,86764.23,-1.509e-05,0.0,0.0,False,2026-03-21.csv,4.726999999999999,positive,0.2839550669790353,0.32786885245901637,0.26519337016574585,0.08196721311475409,0.049723756906077346,18.39999999999418,34.0,0.5411764705880641,0.5411764705880641,up,aligned,3.8925322614753926,-0.3800000000046566,0.3800000000046566,below,True,True,-0.9800000000104774,0.9800000000104774,0.14754098360655737,0.11602209944751381,opposed,opposed,0.0,0.0,balanced_or_unknown,False,flat_or_unknown
2026-03-21 00:04:00,2026-03-21,70514.4,70525.1,70500.0,70514.5,12.642,7.014,19.656,5.627999999999999,0.2863247863247863,70511.15,86765.29,-1.511e-05,0.0,0.0,False,2026-03-21.csv,5.627999999999999,positive,0.2863247863247863,0.3770491803278688,0.30386740331491713,0.18032786885245902,0.08287292817679558,0.10000000000582077,25.10000000000582,0.0039840637452508995,0.5776892430277545,up,aligned,0.017768301351425157,3.3500000000058208,3.3500000000058208,above,True,True,1.0599999999976717,1.0599999999976717,0.16393442622950818,0.12154696132596685,aligned,aligned,0.0,0.0,balanced_or_unknown,False,flat_or_unknown
2026-03-21 00:05:00,2026-03-21,70514.5,70537.6,70514.4,70523.6,17.388,43.997,61.385,-26.608999999999998,-0.4334772338519182,70528.54,86766.84,-1.511e-05,0.0,0.0,False,2026-03-21.csv,26.608999999999998,negative,0.4334772338519182,0.8688524590163934,0.7513812154696132,0.7704918032786885,0.6464088397790055,9.10000000000582,23.20000000001164,0.3922413793103989,0.39655172413823386,up,opposed,0.3419895524072991,-4.939999999987776,4.939999999987776,below,True,True,1.5500000000029104,1.5500000000029104,0.19672131147540983,0.16022099447513813,opposed,aligned,0.0,0.0,balanced_or_unknown,False,flat_or_unknown
2026-03-21 00:06:00,2026-03-21,70523.7,70537.5,70509.9,70509.9,20.683,31.269,51.952,-10.585999999999999,-0.2037650138589467,70525.73,86788.86,-1.511e-05,0.0,0.0,False,2026-03-21.csv,10.585999999999999,negative,0.2037650138589467,0.5409836065573771,0.5193370165745856,0.7377049180327869,0.5469613259668509,-13.80000000000291,27.60000000000582,0.5,0.0,down,aligned,1.3036085395808532,-15.830000000001746,15.830000000001746,below,True,True,22.020000000004075,22.020000000004075,0.9508196721311475,0.8729281767955801,opposed,opposed,0.0,0.0,balanced_or_unknown,False,flat_or_unknown
2026-03-21 00:07:00,2026-03-21,70510.0,70549.3,70509.9,70540.3,16.685,46.207,62.892,-29.522000000000002,-0.46940787381542964,70535.99,86796.44,-1.517e-05,0.0,0.0,False,2026-03-21.csv,29.522000000000002,negative,0.46940787381542964,0.9180327868852459,0.7955801104972375,0.8032786885245902,0.6519337016574586,30.30000000000291,39.40000000000873,0.7690355329948273,0.7715736040609643,up,opposed,1.0263532281011756,4.309999999997672,4.309999999997672,above,True,True,7.580000000001746,7.580000000001746,0.6885245901639344,0.6022099447513812,opposed,aligned,0.0,0.0,balanced_or_unknown,False,flat_or_unknown
2026-03-21 00:08:00,2026-03-21,70540.1,70540.1,70502.8,70523.3,11.415,22.851,34.266,-11.436,-0.3337419015934162,70515.87,86812.8,-1.547e-05,0.0,0.0,False,2026-03-21.csv,11.436,negative,0.3337419015934162,0.5737704918032787,0.5303867403314917,0.45901639344262296,0.281767955801105,-16.80000000000291,37.30000000000291,0.45040214477216084,0.5495978552278391,down,aligned,1.469045120671818,7.430000000007567,7.430000000007567,above,True,True,16.360000000000582,16.360000000000582,0.9016393442622951,0.8176795580110497,opposed,opposed,0.0,0.0,balanced_or_unknown,False,flat_or_unknown
2026-03-21 00:09:00,2026-03-21,70523.2,70545.7,70503.2,70503.2,5.366,33.843,39.209,-28.477000000000004,-0.7262873319901043,70529.11,86828.05,-1.547e-05,0.0,0.0,False,2026-03-21.csv,28.477000000000004,negative,0.7262873319901043,0.9180327868852459,0.7845303867403315,0.5737704918032787,0.36464088397790057,-20.0,42.5,0.47058823529411764,0.0,down,aligned,0.7023211714717139,-25.910000000003492,25.910000000003492,below,True,True,15.25,15.25,0.8524590163934426,0.7900552486187845,opposed,opposed,0.0,0.0,balanced_or_unknown,False,flat_or_unknown
2026-03-21 00:10:00,2026-03-21,70503.3,70509.4,70486.4,70489.8,21.59,45.086,66.676,-23.496,-0.35239066530685703,70498.38,86822.64,-1.59e-05,0.0,0.0,False,2026-03-21.csv,23.496,negative,0.35239066530685703,0.819672131147541,0.7016574585635359,0.8524590163934426,0.6795580110497238,-13.5,23.0,0.5869565217391305,0.14782608695690136,down,aligned,0.5745658835546477,-8.580000000001746,8.580000000001746,below,True,True,-5.4100000000034925,5.4100000000034925,0.5573770491803278,0.4696132596685083,aligned,aligned,0.0,0.0,balanced_or_unknown,False,flat_or_unknown
2026-03-21 00:11:00,2026-03-21,70489.8,70490.7,70430.2,70457.5,19.651,49.962,69.613,-30.311000000000003,-0.43542154482639744,70454.53,86830.17,-1.648e-05,0.0,0.0,False,2026-03-21.csv,30.311000000000003,negative,0.43542154482639744,0.9344262295081968,0.7955801104972375,0.8852459016393442,0.6961325966850829,-32.30000000000291,60.5,0.5338842975207093,0.4512396694215357,down,aligned,1.0656197420079478,2.970000000001164,2.970000000001164,above,True,True,7.529999999998836,7.529999999998836,0.6721311475409836,0.585635359116022,opposed,opposed,0.0,0.0,balanced_or_unknown,False,flat_or_unknown
2026-03-21 00:12:00,2026-03-21,70457.5,70487.4,70457.4,70468.1,33.942,32.433,66.375,1.5090000000000003,0.022734463276836165,70463.27,86827.5,-1.754e-05,0.0,0.0,False,2026-03-21.csv,1.5090000000000003,positive,0.022734463276836165,0.14754098360655737,0.11602209944751381,0.819672131147541,0.6629834254143646,10.60000000000582,30.0,0.35333333333352734,0.3566666666670547,up,aligned,7.0245195493743,4.830000000001746,4.830000000001746,above,True,True,-2.6699999999982538,2.6699999999982538,0.36065573770491804,0.26519337016574585,opposed,opposed,0.0,0.0,balanced_or_unknown,False,flat_or_unknown
2026-03-21 00:13:00,2026-03-21,70468.1,70490.7,70451.2,70466.6,37.551,37.477,75.028,0.07400000000000517,0.000986298448579266,70468.33,86830.95,-1.754e-05,0.0,0.0,False,2026-03-21.csv,0.07400000000000517,positive,0.000986298448579266,0.01639344262295082,0.011049723756906077,0.9180327868852459,0.7182320441988951,-1.5,39.5,0.0379746835443038,0.38987341772174006,down,opposed,20.270270270268853,-1.7299999999959255,1.7299999999959255,below,True,True,3.4499999999970896,3.4499999999970896,0.4426229508196721,0.3370165745856354,aligned,opposed,0.0,0.0,balanced_or_unknown,False,flat_or_unknown
2026-03-21 00:14:00,2026-03-21,70466.7,70503.2,70466.6,70503.2,16.606,9.904,26.51,6.702000000000002,0.25281026027914,70491.8,86815.09,-1.769e-05,0.0,0.0,False,2026-03-21.csv,6.702000000000002,positive,0.25281026027914,0.4098360655737705,0.3425414364640884,0.3114754098360656,0.16574585635359115,36.5,36.59999999999127,0.9972677595630794,1.0,up,aligned,5.446135481945687,11.39999999999418,11.39999999999418,above,True,True,-15.860000000000582,15.860000000000582,0.8852459016393442,0.8011049723756906,opposed,opposed,0.0,0.0,balanced_or_unknown,True,flat_or_unknown
2026-03-21 00:15:00,2026-03-21,70503.2,70559.3,70503.2,70553.9,50.272,11.22,61.492,39.052,0.6350744812333312,70537.68,86814.41,-1.776e-05,0.0,0.0,False,2026-03-21.csv,39.052,positive,0.6350744812333312,0.9672131147540983,0.8453038674033149,0.819672131147541,0.6243093922651933,50.69999999999709,56.10000000000582,0.9037433155078758,0.9037433155078758,up,aligned,1.2982689747003249,16.220000000001164,16.220000000001164,above,True,True,-0.6799999999930151,0.6799999999930151,0.09836065573770492,0.06629834254143646,opposed,opposed,0.0,0.0,balanced_or_unknown,True,flat_or_unknown
2026-03-21 00:16:00,2026-03-21,70553.8,70574.4,70538.0,70573.0,31.599,10.636,42.235,20.963,0.49634189653131294,70558.84,86829.89,-1.776e-05,0.0,0.0,False,2026-03-21.csv,20.963,positive,0.49634189653131294,0.819672131147541,0.6850828729281768,0.5901639344262295,0.39779005524861877,19.19999999999709,36.39999999999418,0.5274725274725318,0.9615384615386153,up,aligned,0.9158994418736387,14.160000000003492,14.160000000003492,above,True,True,15.479999999995925,15.479999999995925,0.8688524590163934,0.7955801104972375,aligned,aligned,0.0,0.0,balanced_or_unknown,True,flat_or_unknown
2026-03-21 00:17:00,2026-03-21,70573.0,70660.0,70569.9,70645.0,91.329,39.796,131.125,51.532999999999994,0.3930066730219256,70618.83,86829.24,-1.738e-05,0.222,0.0,False,2026-03-21.csv,51.532999999999994,positive,0.3930066730219256,0.9672131147540983,0.861878453038674,0.9836065573770492,0.861878453038674,72.0,90.10000000000582,0.7991120976692048,0.8335183129855823,up,aligned,1.3971629829429688,26.169999999998254,26.169999999998254,above,True,True,-0.6499999999941792,0.6499999999941792,0.09836065573770492,0.06077348066298342,opposed,opposed,0.222,0.222,buy,True,aligned
2026-03-21 00:18:00,2026-03-21,70645.1,70682.9,70635.9,70649.5,57.671,61.188,118.859,-3.517000000000003,-0.029589681891989694,70664.66,86840.6,-1.711e-05,1.036,0.0,False,2026-03-21.csv,3.517000000000003,negative,0.029589681891989694,0.26229508196721313,0.20994475138121546,0.9836065573770492,0.850828729281768,4.399999999994179,47.0,0.0936170212764719,0.2893617021277834,up,opposed,1.2510662496429275,-15.160000000003492,15.160000000003492,below,True,True,11.360000000000582,11.360000000000582,0.7868852459016393,0.6906077348066298,opposed,aligned,1.036,1.036,buy,True,opposed
2026-03-21 00:19:00,2026-03-21,70649.5,70649.6,70616.2,70621.5,18.872,36.974,55.846,-18.101999999999997,-0.3241413888192529,70629.38,86856.72,-1.648e-05,0.0,0.0,False,2026-03-21.csv,18.101999999999997,negative,0.3241413888192529,0.7868852459016393,0.6519337016574586,0.7868852459016393,0.569060773480663,-28.0,33.40000000000873,0.8383233532931941,0.15868263473058458,down,aligned,1.546790409899459,-7.880000000004657,7.880000000004657,below,True,True,16.119999999995343,16.119999999995343,0.9016393442622951,0.8121546961325967,opposed,opposed,0.0,0.0,balanced_or_unknown,True,flat_or_unknown
2026-03-21 00:20:00,2026-03-21,70621.4,70686.3,70612.4,70686.3,55.583,20.388,75.971,35.19499999999999,0.46326887891432245,70646.59,86867.71,-1.648e-05,0.0,0.0,False,2026-03-21.csv,35.19499999999999,positive,0.46326887891432245,0.9344262295081968,0.8176795580110497,0.9180327868852459,0.7292817679558011,64.90000000000873,73.90000000000873,0.8782138024357383,1.0,up,aligned,1.8440119335135317,39.7100000000064,39.7100000000064,above,True,True,10.990000000005239,10.990000000005239,0.7868852459016393,0.6740331491712708,aligned,aligned,0.0,0.0,balanced_or_unknown,True,flat_or_unknown
2026-03-21 00:21:00,2026-03-21,70686.4,70803.1,70670.1,70722.7,398.455,125.688,524.143,272.767,0.5204056908133848,70744.01,86881.01,-1.744e-05,0.135,0.0,False,2026-03-21.csv,272.767,positive,0.5204056908133848,1.0,1.0,1.0,0.994475138121547,36.30000000000291,133.0,0.27293233082708956,0.3954887218044456,up,aligned,0.1330806145904853,-21.30999999999767,21.30999999999767,below,True,True,13.299999999988358,13.299999999988358,0.8360655737704918,0.7458563535911602,aligned,aligned,0.135,0.135,buy,True,aligned
2026-03-21 00:22:00,2026-03-21,70722.5,70727.3,70679.7,70687.5,31.69,40.762,72.452,-9.072,-0.12521393474300224,70703.08,87044.42,-1.759e-05,0.0,0.0,False,2026-03-21.csv,9.072,negative,0.12521393474300224,0.45901639344262296,0.4419889502762431,0.8852459016393442,0.712707182320442,-35.0,47.60000000000582,0.735294117646969,0.1638655462185285,down,aligned,3.858024691358025,-15.580000000001746,15.580000000001746,below,True,True,163.4100000000035,163.4100000000035,1.0,1.0,opposed,opposed,0.0,0.0,balanced_or_unknown,True,flat_or_unknown
2026-03-21 00:23:00,2026-03-21,70687.5,70698.3,70633.6,70658.5,21.002,66.751,87.753,-45.74900000000001,-0.5213383018244392,70667.06,87047.43,-1.759e-05,0.0,0.0,False,2026-03-21.csv,45.74900000000001,negative,0.5213383018244392,0.9508196721311475,0.861878453038674,0.9344262295081968,0.7845303867403315,-29.0,64.69999999999709,0.44822256568780994,0.38485316846978823,down,aligned,0.6338936370193883,-8.559999999997672,8.559999999997672,below,True,True,3.0099999999947613,3.0099999999947613,0.4262295081967213,0.3149171270718232,opposed,opposed,0.0,0.0,balanced_or_unknown,True,flat_or_unknown
2026-03-21 00:24:00,2026-03-21,70658.5,70675.8,70654.3,70662.1,11.685,36.478,48.163,-24.793,-0.514772750866848,70665.64,87070.8,-1.834e-05,0.0,0.0,False,2026-03-21.csv,24.793,negative,0.514772750866848,0.8032786885245902,0.7071823204419889,0.6557377049180327,0.4585635359116022,3.6000000000058208,21.5,0.167441860465387,0.36279069767455396,up,opposed,0.14520227483587386,-3.539999999993597,3.539999999993597,below,True,True,23.370000000009895,23.370000000009895,0.9672131147540983,0.9005524861878453,opposed,aligned,0.0,0.0,balanced_or_unknown,True,flat_or_unknown
2026-03-21 00:25:00,2026-03-21,70662.1,70662.1,70635.4,70644.3,8.411,22.248,30.659,-13.837000000000002,-0.45131935157702474,70648.56,87089.23,-1.909e-05,0.0,0.0,False,2026-03-21.csv,13.837000000000002,negative,0.45131935157702474,0.6065573770491803,0.569060773480663,0.39344262295081966,0.2265193370165746,-17.80000000000291,26.70000000001164,0.666666666666485,0.333333333333515,down,aligned,1.2864060128642703,-4.259999999994761,4.259999999994761,below,True,True,18.429999999993015,18.429999999993015,0.9344262295081968,0.861878453038674,opposed,opposed,0.0,0.0,balanced_or_unknown,True,flat_or_unknown
2026-03-21 00:26:00,2026-03-21,70644.3,70676.2,70644.3,70665.9,27.021,20.39,47.411,6.631,0.13986205732846807,70659.15,87099.5,-1.956e-05,0.0,0.0,False,2026-03-21.csv,6.631,positive,0.13986205732846807,0.36065573770491804,0.3259668508287293,0.6229508196721312,0.4585635359116022,21.59999999999127,31.89999999999418,0.6771159874606649,0.6771159874606649,up,aligned,3.2574272357097374,6.75,6.75,above,True,True,10.270000000004075,10.270000000004075,0.6885245901639344,0.6464088397790055,aligned,aligned,0.0,0.0,balanced_or_unknown,True,flat_or_unknown
2026-03-21 00:27:00,2026-03-21,70665.9,70676.1,70665.9,70669.8,8.183,4.643,12.826,3.54,0.2760018711991268,70672.29,87107.96,-1.956e-05,0.0,0.0,False,2026-03-21.csv,3.54,positive,0.2760018711991268,0.2459016393442623,0.20441988950276244,0.06557377049180328,0.027624309392265192,3.900000000008731,10.200000000011642,0.38235294117689017,0.38235294117689017,up,aligned,1.1016949152567037,-2.4899999999906868,2.4899999999906868,below,True,True,8.460000000006403,8.460000000006403,0.6721311475409836,0.6187845303867403,aligned,aligned,0.0,0.0,balanced_or_unknown,True,flat_or_unknown
2026-03-21 00:28:00,2026-03-21,70669.9,70670.4,70650.0,70654.5,7.02,25.35,32.37,-18.330000000000002,-0.5662650602409639,70663.38,87109.89,-1.974e-05,0.0,0.0,False,2026-03-21.csv,18.330000000000002,negative,0.5662650602409639,0.7213114754098361,0.6574585635359116,0.4098360655737705,0.24861878453038674,-15.39999999999418,20.39999999999418,0.7549019607842438,0.2205882352941806,down,aligned,0.8401527550460545,-8.880000000004657,8.880000000004657,below,True,True,1.929999999993015,1.929999999993015,0.22950819672131148,0.1878453038674033,opposed,opposed,0.0,0.0,balanced_or_unknown,True,flat_or_unknown
2026-03-21 00:29:00,2026-03-21,70654.5,70654.6,70633.5,70633.6,2.683,20.728,23.411,-18.045,-0.7707915082653454,70645.66,87105.04,-2.009e-05,0.0,0.0,False,2026-03-21.csv,18.045,negative,0.7707915082653454,0.7049180327868853,0.6464088397790055,0.29508196721311475,0.14917127071823205,-20.89999999999418,21.10000000000582,0.9905213270136689,0.004739336493165554,down,aligned,1.1582155721803369,-12.059999999997672,12.059999999997672,below,True,True,-4.850000000005821,4.850000000005821,0.5081967213114754,0.4530386740331492,aligned,aligned,0.0,0.0,balanced_or_unknown,True,flat_or_unknown
2026-03-21 00:30:00,2026-03-21,70633.6,70633.6,70602.9,70615.3,11.653,17.883,29.536,-6.229999999999999,-0.21092903575297936,70619.34,87105.61,-2.009e-05,0.0,0.0,False,2026-03-21.csv,6.229999999999999,negative,0.21092903575297936,0.32786885245901637,0.32044198895027626,0.3770491803278688,0.22099447513812154,-18.30000000000291,30.70000000001164,0.5960912052115952,0.40390879478840486,down,aligned,2.9373996789731804,-4.039999999993597,4.039999999993597,below,True,True,0.5700000000069849,0.5700000000069849,0.08196721311475409,0.055248618784530384,opposed,opposed,0.0,0.0,balanced_or_unknown,True,flat_or_unknown
2026-03-21 00:31:00,2026-03-21,70615.3,70615.4,70573.9,70582.0,9.522,67.591,77.113,-58.068999999999996,-0.7530377497957542,70582.2,87075.53,-2.094e-05,0.0,0.0,False,2026-03-21.csv,58.068999999999996,negative,0.7530377497957542,0.9672131147540983,0.8839779005524862,0.9016393442622951,0.7679558011049724,-33.30000000000291,41.5,0.802409638554287,0.19518072289170652,down,aligned,0.5734557164752779,-0.19999999999708962,0.19999999999708962,below,True,True,-30.080000000001746,30.080000000001746,0.9836065573770492,0.9392265193370166,aligned,aligned,0.0,0.0,balanced_or_unknown,True,flat_or_unknown
2026-03-21 00:32:00,2026-03-21,70582.0,70588.7,70563.6,70588.6,8.437,14.566,23.003,-6.129000000000001,-0.26644350736860417,70575.56,87076.4,-2.196e-05,0.0,0.0,False,2026-03-21.csv,6.129000000000001,negative,0.26644350736860417,0.29508196721311475,0.30386740331491713,0.2786885245901639,0.14917127071823205,6.600000000005821,25.09999999999127,0.26294820717163814,0.9960159362553266,up,opposed,1.0768477728839647,13.040000000008149,13.040000000008149,above,True,True,0.8699999999953434,0.8699999999953434,0.16393442622950818,0.10497237569060773,opposed,aligned,0.0,0.0,balanced_or_unknown,True,flat_or_unknown
2026-03-21 00:33:00,2026-03-21,70588.6,70626.6,70588.6,70611.3,14.53,16.256,30.786,-1.7260000000000009,-0.056064444877541766,70610.48,87076.29,-2.259e-05,0.0,0.0,False,2026-03-21.csv,1.7260000000000009,negative,0.056064444877541766,0.16393442622950818,0.1270718232044199,0.4098360655737705,0.2541436464088398,22.69999999999709,38.0,0.5973684210525549,0.5973684210525549,up,opposed,13.151796060253233,0.8200000000069849,0.8200000000069849,above,True,True,-0.11000000000058208,0.11000000000058208,0.04918032786885246,0.016574585635359115,aligned,opposed,0.0,0.0,balanced_or_unknown,True,flat_or_unknown
2026-03-21 00:34:00,2026-03-21,70611.3,70622.7,70591.6,70622.7,8.953,14.69,23.643,-5.737,-0.2426511018060314,70601.69,87082.71,-2.259e-05,0.0,0.0,False,2026-03-21.csv,5.737,negative,0.2426511018060314,0.3114754098360656,0.2983425414364641,0.29508196721311475,0.16022099447513813,11.39999999999418,31.09999999999127,0.36655948553046236,1.0,up,opposed,1.9871012724410282,21.00999999999476,21.00999999999476,above,True,True,6.420000000012806,6.420000000012806,0.5573770491803278,0.5248618784530387,opposed,aligned,0.0,0.0,balanced_or_unknown,True,flat_or_unknown
2026-03-21 00:35:00,2026-03-21,70622.8,70623.8,70605.6,70605.6,5.271,17.766,23.037,-12.494999999999997,-0.5423883318140382,70617.94,87084.5,-2.282e-05,0.0,0.0,False,2026-03-21.csv,12.494999999999997,negative,0.5423883318140382,0.5409836065573771,0.5414364640883977,0.2786885245901639,0.15469613259668508,-17.19999999999709,18.19999999999709,0.9450549450549363,0.0,down,aligned,1.3765506202478666,-12.339999999996508,12.339999999996508,below,True,True,1.7899999999935972,1.7899999999935972,0.26229508196721313,0.17679558011049723,opposed,opposed,0.0,0.0,balanced_or_unknown,True,flat_or_unknown
2026-03-21 00:36:00,2026-03-21,70605.6,70605.7,70591.6,70601.3,6.217,11.148,17.365,-4.931,-0.283961992513677,70599.99,87083.82,-2.312e-05,0.0,0.0,False,2026-03-21.csv,4.931,negative,0.283961992513677,0.26229508196721313,0.2596685082872928,0.13114754098360656,0.06629834254143646,-4.30000000000291,14.099999999991269,0.30496453900748743,0.6879432624115671,down,aligned,0.8720340701689131,1.3099999999976717,1.3099999999976717,above,True,True,-0.6799999999930151,0.6799999999930151,0.14754098360655737,0.08839779005524862,aligned,aligned,0.0,0.0,balanced_or_unknown,True,flat_or_unknown
2026-03-21 00:37:00,2026-03-21,70601.3,70621.7,70595.2,70621.3,23.161,8.197,31.358,14.964000000000002,0.4771988009439378,70608.03,87086.36,-2.364e-05,0.0,0.0,False,2026-03-21.csv,14.964000000000002,positive,0.4771988009439378,0.6229508196721312,0.6187845303867403,0.4426229508196721,0.27624309392265195,20.0,26.5,0.7547169811320755,0.9849056603775781,up,aligned,1.3365410318096764,13.270000000004075,13.270000000004075,above,True,True,2.539999999993597,2.539999999993597,0.32786885245901637,0.281767955801105,aligned,aligned,0.0,0.0,balanced_or_unknown,True,flat_or_unknown
2026-03-21 00:38:00,2026-03-21,70621.4,70630.0,70618.1,70618.1,6.133,5.751,11.884,0.3819999999999997,0.032144059239313336,70624.74,87086.81,-2.364e-05,0.0,0.0,False,2026-03-21.csv,0.3819999999999997,positive,0.032144059239313336,0.03278688524590164,0.027624309392265192,0.06557377049180328,0.022099447513812154,-3.2999999999883585,11.89999999999418,0.27731092436890525,0.0,down,opposed,8.638743455466914,-6.639999999999418,6.639999999999418,below,True,True,0.4499999999970896,0.4499999999970896,0.08196721311475409,0.049723756906077346,aligned,opposed,0.0,0.0,balanced_or_unknown,True,flat_or_unknown
2026-03-21 00:39:00,2026-03-21,70618.2,70635.6,70611.0,70635.6,12.017,7.767,19.784,4.249999999999999,0.21482005661140313,70625.7,87087.34,-2.374e-05,0.0,0.0,False,2026-03-21.csv,4.249999999999999,positive,0.21482005661140313,0.22950819672131148,0.23756906077348067,0.19672131147540983,0.09944751381215469,17.40000000000873,24.60000000000582,0.7073170731709193,1.0,up,aligned,4.094117647060878,9.900000000008731,9.900000000008731,above,True,True,0.5299999999988358,0.5299999999988358,0.08196721311475409,0.06077348066298342,aligned,aligned,0.0,0.0,balanced_or_unknown,True,flat_or_unknown
2026-03-21 00:40:00,2026-03-21,70635.6,70643.8,70613.1,70623.3,10.219,11.855,22.074,-1.636000000000001,-0.07411434266557945,70628.95,87093.43,-2.405e-05,0.0,0.0,False,2026-03-21.csv,1.636000000000001,negative,0.07411434266557945,0.13114754098360656,0.1270718232044199,0.2459016393442623,0.15469613259668508,-12.30000000000291,30.69999999999709,0.4006514657981784,0.332247557003194,down,aligned,7.518337408314733,-5.649999999994179,5.649999999994179,below,True,True,6.0899999999965075,6.0899999999965075,0.5409836065573771,0.5248618784530387,opposed,opposed,0.0,0.0,balanced_or_unknown,True,flat_or_unknown
2026-03-21 00:41:00,2026-03-21,70623.3,70623.3,70577.5,70577.5,4.358,39.28,43.638,-34.922000000000004,-0.8002658233649573,70595.72,87093.19,-2.405e-05,0.0,0.0,False,2026-03-21.csv,34.922000000000004,negative,0.8002658233649573,0.8852459016393442,0.850828729281768,0.6229508196721312,0.48066298342541436,-45.80000000000291,45.80000000000291,1.0,0.0,down,aligned,1.3114941870454986,-18.220000000001164,18.220000000001164,below,True,True,-0.23999999999068677,0.23999999999068677,0.03278688524590164,0.022099447513812154,aligned,aligned,0.0,0.0,balanced_or_unknown,True,flat_or_unknown
2026-03-21 00:42:00,2026-03-21,70577.5,70580.3,70536.5,70555.0,13.681,25.396,39.077,-11.715000000000002,-0.29979271694347065,70561.08,87087.5,-2.421e-05,0.0,0.0,False,2026-03-21.csv,11.715000000000002,negative,0.29979271694347065,0.47540983606557374,0.5359116022099447,0.5901639344262295,0.430939226519337,-22.5,43.80000000000291,0.5136986301369522,0.4223744292237162,down,aligned,1.9206145966709345,-6.080000000001746,6.080000000001746,below,True,True,-5.690000000002328,5.690000000002328,0.5245901639344263,0.5138121546961326,aligned,aligned,0.0,0.0,balanced_or_unknown,True,flat_or_unknown
2026-03-21 00:43:00,2026-03-21,70555.0,70590.7,70555.0,70586.5,29.243,6.799,36.042,22.444,0.6227179401809,70562.66,87090.49,-2.523e-05,0.0,0.0,False,2026-03-21.csv,22.444,positive,0.6227179401809,0.7704918032786885,0.7348066298342542,0.5409836065573771,0.3812154696132597,31.5,35.69999999999709,0.8823529411765425,0.8823529411765425,up,aligned,1.4034931384779896,23.839999999996508,23.839999999996508,above,True,True,2.9900000000052387,2.9900000000052387,0.39344262295081966,0.35359116022099446,aligned,aligned,0.0,0.0,balanced_or_unknown,True,flat_or_unknown
2026-03-21 00:44:00,2026-03-21,70586.6,70603.1,70570.4,70570.4,13.36,15.121,28.481,-1.761000000000001,-0.06183069414697521,70587.91,87096.2,-2.572e-05,0.0,0.0,False,2026-03-21.csv,1.761000000000001,negative,0.06183069414697521,0.16393442622950818,0.13812154696132597,0.36065573770491804,0.2541436464088398,-16.20000000001164,32.70000000001164,0.4954128440368769,0.0,down,aligned,9.199318569001495,-17.510000000009313,17.510000000009313,below,True,True,5.709999999991851,5.709999999991851,0.5409836065573771,0.5248618784530387,opposed,opposed,0.0,0.0,balanced_or_unknown,True,flat_or_unknown
2026-03-21 00:45:00,2026-03-21,70570.5,70570.5,70560.1,70560.2,1.112,5.72,6.832,-4.608,-0.6744730679156908,70567.58,87099.18,-2.572e-05,0.0,0.0,False,2026-03-21.csv,4.608,negative,0.6744730679156908,0.26229508196721313,0.2596685082872928,0.01639344262295082,0.0055248618784530384,-10.30000000000291,10.39999999999418,0.9903846153854495,0.009615384614550464,down,aligned,2.2352430555561873,-7.380000000004657,7.380000000004657,below,True,True,2.9799999999959255,2.9799999999959255,0.3770491803278688,0.35359116022099446,opposed,opposed,0.0,0.0,balanced_or_unknown,True,flat_or_unknown
2026-03-21 00:46:00,2026-03-21,70560.1,70569.8,70545.9,70569.7,6.812,10.651,17.463,-3.8389999999999995,-0.21983622516177057,70559.47,87097.83,-2.604e-05,0.0,0.0,False,2026-03-21.csv,3.8389999999999995,negative,0.21983622516177057,0.21311475409836064,0.22099447513812154,0.14754098360655737,0.08287292817679558,9.599999999991269,23.90000000000873,0.401673640166852,0.995815899581348,up,opposed,2.5006512112506565,10.229999999995925,10.229999999995925,above,True,True,-1.3499999999912689,1.3499999999912689,0.2459016393442623,0.18232044198895028,aligned,opposed,0.0,0.0,balanced_or_unknown,True,flat_or_unknown
2026-03-21 00:47:00,2026-03-21,70569.8,70575.8,70568.7,70570.1,5.961,6.769,12.73,-0.8079999999999998,-0.06347211311861742,70572.38,87097.8,-2.656e-05,0.0,0.0,False,2026-03-21.csv,0.8079999999999998,negative,0.06347211311861742,0.06557377049180328,0.06077348066298342,0.08196721311475409,0.03867403314917127,0.3000000000029104,7.100000000005821,0.04225352112713584,0.19718309859261737,up,opposed,0.37128712871647335,-2.279999999998836,2.279999999998836,below,True,True,-0.029999999998835847,0.029999999998835847,0.01639344262295082,0.011049723756906077,aligned,opposed,0.0,0.0,balanced_or_unknown,True,flat_or_unknown
2026-03-21 00:48:00,2026-03-21,70570.0,70570.0,70536.1,70541.2,5.465,18.811,24.276,-13.346,-0.5497610809029494,70551.91,87098.53,-2.656e-05,0.0,0.0,False,2026-03-21.csv,13.346,negative,0.5497610809029494,0.5901639344262295,0.580110497237569,0.3442622950819672,0.2154696132596685,-28.80000000000291,33.89999999999418,0.8495575221241255,0.15044247787587448,down,aligned,2.157949947550046,-10.710000000006403,10.710000000006403,below,True,True,0.7299999999959255,0.7299999999959255,0.19672131147540983,0.1270718232044199,opposed,opposed,0.0,0.0,balanced_or_unknown,True,flat_or_unknown
2026-03-21 00:49:00,2026-03-21,70541.2,70544.5,70528.5,70528.6,10.026,28.171,38.197,-18.145,-0.4750373065947587,70542.05,87106.46,-2.679e-05,0.0,0.0,False,2026-03-21.csv,18.145,negative,0.4750373065947587,0.7377049180327869,0.6906077348066298,0.5737704918032787,0.425414364640884,-12.599999999991269,16.0,0.7874999999994543,0.006250000000363798,down,aligned,0.69440617249883,-13.44999999999709,13.44999999999709,below,True,True,7.930000000007567,7.930000000007567,0.6721311475409836,0.6408839779005525,opposed,opposed,0.0,0.0,balanced_or_unknown,True,flat_or_unknown
2026-03-21 00:50:00,2026-03-21,70528.5,70559.8,70528.5,70559.8,9.364,8.319,17.683,1.045,0.059096307187694395,70544.39,87114.37,-2.738e-05,0.0,0.0,False,2026-03-21.csv,1.045,positive,0.059096307187694395,0.06557377049180328,0.0718232044198895,0.18032786885245902,0.09392265193370165,31.30000000000291,31.30000000000291,1.0,1.0,up,aligned,29.952153110050634,15.410000000003492,15.410000000003492,above,True,True,7.9099999999889405,7.9099999999889405,0.6721311475409836,0.6408839779005525,aligned,aligned,0.0,0.0,balanced_or_unknown,True,flat_or_unknown
2026-03-21 00:51:00,2026-03-21,70560.0,70599.4,70559.2,70599.4,12.522,13.311,25.833,-0.7889999999999997,-0.030542329578446163,70576.8,87115.36,-2.778e-05,0.0,0.0,False,2026-03-21.csv,0.7889999999999997,negative,0.030542329578446163,0.04918032786885246,0.055248618784530384,0.3770491803278688,0.23204419889502761,39.39999999999418,40.19999999999709,0.9800995024874883,1.0,up,opposed,49.93662864384562,22.59999999999127,22.59999999999127,above,True,True,0.9900000000052387,0.9900000000052387,0.2459016393442623,0.16574585635359115,opposed,aligned,0.0,0.0,balanced_or_unknown,True,flat_or_unknown
2026-03-21 00:52:00,2026-03-21,70599.4,70610.9,70586.8,70604.0,6.52,16.828,23.348,-10.308,-0.44149391810861743,70600.93,87120.61,-2.778e-05,0.0,0.0,False,2026-03-21.csv,10.308,negative,0.44149391810861743,0.4918032786885246,0.49171270718232046,0.32786885245901637,0.20441988950276244,4.600000000005821,24.09999999999127,0.1908713692949165,0.7136929460582291,up,opposed,0.4462553356621867,3.070000000006985,3.070000000006985,above,True,True,5.25,5.25,0.5245901639344263,0.4972375690607735,opposed,aligned,0.0,0.0,balanced_or_unknown,True,flat_or_unknown
2026-03-21 00:53:00,2026-03-21,70604.1,70608.7,70577.0,70608.7,6.091,13.185,19.276,-7.094,-0.3680224112886491,70593.79,87124.09,-2.728e-05,0.0,0.0,False,2026-03-21.csv,7.094,negative,0.3680224112886491,0.4426229508196721,0.3756906077348066,0.19672131147540983,0.11049723756906077,4.599999999991269,31.69999999999709,0.14511041009437511,1.0,up,opposed,0.6484352974332208,14.910000000003492,14.910000000003492,above,True,True,3.4799999999959255,3.4799999999959255,0.4918032786885246,0.4088397790055249,opposed,aligned,0.0,0.0,balanced_or_unknown,True,flat_or_unknown
2026-03-21 00:54:00,2026-03-21,70608.6,70628.0,70607.8,70607.8,12.454,6.749,19.203,5.705000000000001,0.2970889965109619,70615.86,87130.53,-2.698e-05,0.0,0.0,False,2026-03-21.csv,5.705000000000001,positive,0.2970889965109619,0.36065573770491804,0.30939226519337015,0.19672131147540983,0.11049723756906077,-0.8000000000029104,20.19999999999709,0.03960396039618939,0.0,down,opposed,0.1402278702897301,-8.059999999997672,8.059999999997672,below,True,True,6.440000000002328,6.440000000002328,0.639344262295082,0.574585635359116,aligned,opposed,0.0,0.0,balanced_or_unknown,True,flat_or_unknown
2026-03-21 00:55:00,2026-03-21,70607.9,70639.8,70607.8,70639.8,10.054,2.755,12.809,7.299,0.5698337106721837,70624.46,87131.71,-2.698e-05,0.0,0.0,False,2026-03-21.csv,7.299,positive,0.5698337106721837,0.47540983606557374,0.39779005524861877,0.09836065573770492,0.04419889502762431,31.90000000000873,32.0,0.9968750000002728,1.0,up,aligned,4.370461707084358,15.339999999996508,15.339999999996508,above,True,True,1.180000000007567,1.180000000007567,0.2786885245901639,0.17679558011049723,aligned,aligned,0.0,0.0,balanced_or_unknown,True,flat_or_unknown
2026-03-21 00:56:00,2026-03-21,70639.7,70675.1,70633.5,70675.0,16.016,8.635,24.651,7.3809999999999985,0.2994199018295403,70653.56,87131.88,-2.676e-05,0.0,0.0,False,2026-03-21.csv,7.3809999999999985,positive,0.2994199018295403,0.47540983606557374,0.40331491712707185,0.4262295081967213,0.24861878453038674,35.30000000000291,41.60000000000582,0.8485576923076436,0.9975961538460143,up,aligned,4.78254979000175,21.44000000000233,21.44000000000233,above,True,True,0.16999999999825377,0.16999999999825377,0.04918032786885246,0.027624309392265192,aligned,aligned,0.0,0.0,balanced_or_unknown,True,flat_or_unknown
2026-03-21 00:57:00,2026-03-21,70675.0,70699.5,70667.9,70667.9,35.717,23.056,58.773,12.660999999999998,0.21542204753883581,70685.15,87132.35,-2.668e-05,0.0,0.0,False,2026-03-21.csv,12.660999999999998,positive,0.21542204753883581,0.6229508196721312,0.5580110497237569,0.7704918032786885,0.7182320441988951,-7.100000000005821,31.60000000000582,0.22468354430394027,0.0,down,opposed,0.5607771897958946,-17.25,17.25,below,True,True,0.47000000000116415,0.47000000000116415,0.11475409836065574,0.07734806629834254,aligned,opposed,0.0,0.0,balanced_or_unknown,True,flat_or_unknown
2026-03-21 00:58:00,2026-03-21,70668.0,70668.0,70654.6,70664.2,13.79,13.648,27.438,0.14199999999999946,0.005175304322472464,70660.44,87118.94,-2.616e-05,0.0,0.0,False,2026-03-21.csv,0.14199999999999946,positive,0.005175304322472464,0.03278688524590164,0.016574585635359115,0.4426229508196721,0.292817679558011,-3.8000000000029104,13.39999999999418,0.2835820895525792,0.7164179104474209,down,opposed,26.760563380302287,3.7599999999947613,3.7599999999947613,above,True,True,-13.410000000003492,13.410000000003492,0.819672131147541,0.7845303867403315,opposed,aligned,0.0,0.0,balanced_or_unknown,True,flat_or_unknown
2026-03-21 00:59:00,2026-03-21,70664.2,70666.4,70640.7,70657.0,15.985,22.937,38.922,-6.952000000000002,-0.17861363753147327,70652.53,87115.33,-2.616e-05,0.0,0.0,False,2026-03-21.csv,6.952000000000002,negative,0.17861363753147327,0.4262295081967213,0.3756906077348066,0.6065573770491803,0.4861878453038674,-7.19999999999709,25.69999999999709,0.28015564202326476,0.6342412451363718,down,aligned,1.0356731875715028,4.470000000001164,4.470000000001164,above,True,True,-3.610000000000582,3.610000000000582,0.5081967213114754,0.430939226519337,aligned,aligned,0.0,0.0,balanced_or_unknown,True,flat_or_unknown
2026-03-21 01:00:00,2026-03-21,70657.0,70657.0,70639.4,70643.9,23.479,18.67,42.149,4.8089999999999975,0.11409523357612274,70645.3,87136.16,-2.665e-05,0.0,0.0,False,2026-03-21.csv,4.8089999999999975,positive,0.11409523357612274,0.2786885245901639,0.281767955801105,0.639344262295082,0.5414364640883977,-13.10000000000582,17.60000000000582,0.7443181818182664,0.25568181818173363,down,opposed,2.724059055937997,-1.4000000000087311,1.4000000000087311,below,True,True,20.830000000001746,20.830000000001746,0.9344262295081968,0.8950276243093923,aligned,opposed,0.0,0.0,balanced_or_unknown,True,flat_or_unknown
2026-03-21 01:01:00,2026-03-21,70643.9,70675.0,70643.9,70668.5,17.787,22.328,40.115,-4.541,-0.11319955129004114,70666.38,87130.79,-2.714e-05,0.0,0.0,False,2026-03-21.csv,4.541,negative,0.11319955129004114,0.2459016393442623,0.2596685082872928,0.6229508196721312,0.5027624309392266,24.60000000000582,31.10000000000582,0.7909967845659556,0.7909967845659556,up,opposed,5.4173089627848094,2.1199999999953434,2.1199999999953434,above,True,True,-5.370000000009895,5.370000000009895,0.5245901639344263,0.5138121546961326,aligned,opposed,0.0,0.0,balanced_or_unknown,True,flat_or_unknown
2026-03-21 01:02:00,2026-03-21,70668.5,70672.0,70664.5,70668.2,9.247,14.748,23.995,-5.5009999999999994,-0.22925609501979577,70670.66,87134.13,-2.714e-05,0.0,0.0,False,2026-03-21.csv,5.5009999999999994,negative,0.22925609501979577,0.32786885245901637,0.30939226519337015,0.32786885245901637,0.23204419889502761,-0.3000000000029104,7.5,0.04000000000038805,0.49333333333294527,down,aligned,0.05453553899343945,-2.460000000006403,2.460000000006403,below,True,True,3.3400000000110595,3.3400000000110595,0.4426229508196721,0.4088397790055249,opposed,opposed,0.0,0.0,balanced_or_unknown,True,flat_or_unknown
2026-03-21 01:03:00,2026-03-21,70668.3,70680.0,70643.3,70643.3,13.608,16.204,29.812,-2.596,-0.08707902857909566,70669.86,87152.53,-2.704e-05,0.0,0.0,False,2026-03-21.csv,2.596,negative,0.08707902857909566,0.18032786885245902,0.1712707182320442,0.45901639344262296,0.3370165745856354,-25.0,36.69999999999709,0.6811989100817979,0.0,down,aligned,9.63020030816641,-26.55999999999767,26.55999999999767,below,True,True,18.39999999999418,18.39999999999418,0.9016393442622951,0.8729281767955801,opposed,opposed,0.0,0.0,balanced_or_unknown,True,flat_or_unknown
2026-03-21 01:04:00,2026-03-21,70643.4,70654.8,70643.3,70643.3,9.832,6.389,16.221,3.4430000000000005,0.21225571789655387,70648.56,87156.6,-2.695e-05,0.0,0.0,False,2026-03-21.csv,3.4430000000000005,positive,0.21225571789655387,0.19672131147540983,0.2154696132596685,0.09836065573770492,0.06077348066298342,-0.09999999999126885,11.5,0.008695652173153812,0.0,down,opposed,0.029044437987588975,-5.259999999994761,5.259999999994761,below,True,True,4.070000000006985,4.070000000006985,0.4918032786885246,0.44751381215469616,aligned,opposed,0.0,0.0,balanced_or_unknown,True,flat_or_unknown
2026-03-21 01:05:00,2026-03-21,70643.4,70650.3,70612.6,70612.6,26.555,20.043,46.598,6.5120000000000005,0.13974848705953047,70639.19,87169.91,-2.734e-05,0.0,0.0,False,2026-03-21.csv,6.5120000000000005,positive,0.13974848705953047,0.4262295081967213,0.3812154696132597,0.6885245901639344,0.6022099447513812,-30.79999999998836,37.69999999999709,0.8169761273207092,0.0,down,opposed,4.729729729727942,-26.589999999996508,26.589999999996508,below,True,True,13.309999999997672,13.309999999997672,0.7868852459016393,0.7845303867403315,aligned,opposed,0.0,0.0,balanced_or_unknown,True,flat_or_unknown
2026-03-21 01:06:00,2026-03-21,70612.6,70632.1,70612.6,70629.8,18.346,19.419,37.765,-1.0730000000000004,-0.02841255130411758,70625.05,87179.3,-2.734e-05,0.0,0.0,False,2026-03-21.csv,1.0730000000000004,negative,0.02841255130411758,0.11475409836065574,0.08839779005524862,0.5573770491803278,0.4696132596685083,17.19999999999709,19.5,0.8820512820511328,0.8820512820511328,up,opposed,16.02982292637193,4.75,4.75,above,True,True,9.389999999999418,9.389999999999418,0.7049180327868853,0.7016574585635359,opposed,aligned,0.0,0.0,balanced_or_unknown,True,flat_or_unknown
2026-03-21 01:07:00,2026-03-21,70629.8,70662.5,70629.8,70656.9,26.499,27.403,53.902,-0.9039999999999999,-0.01677117732180624,70653.63,87185.51,-2.77e-05,0.0,0.0,False,2026-03-21.csv,0.9039999999999999,negative,0.01677117732180624,0.09836065573770492,0.07734806629834254,0.7540983606557377,0.7071823204419889,27.09999999999127,32.69999999999709,0.8287461773698374,0.8287461773698374,up,opposed,29.977876106185036,3.2699999999895226,3.2699999999895226,above,True,True,6.209999999991851,6.209999999991851,0.5901639344262295,0.585635359116022,opposed,aligned,0.0,0.0,balanced_or_unknown,True,flat_or_unknown
2026-03-21 01:08:00,2026-03-21,70657.2,70692.7,70657.1,70683.8,12.095,8.45,20.545,3.6450000000000014,0.1774154295449015,70683.89,87194.03,-2.765e-05,0.0,0.0,False,2026-03-21.csv,3.6450000000000014,positive,0.1774154295449015,0.2786885245901639,0.2430939226519337,0.21311475409836064,0.15469613259668508,26.60000000000582,35.59999999999127,0.7471910112363018,0.7500000000001021,up,aligned,7.297668038410373,-0.08999999999650754,0.08999999999650754,below,True,True,8.520000000004075,8.520000000004075,0.7049180327868853,0.7016574585635359,aligned,aligned,0.0,0.0,balanced_or_unknown,True,flat_or_unknown
2026-03-21 01:09:00,2026-03-21,70683.8,70690.9,70674.1,70684.5,5.878,8.744,14.622,-2.8659999999999997,-0.196006018328546,70683.97,87194.65,-2.765e-05,0.0,0.0,False,2026-03-21.csv,2.8659999999999997,negative,0.196006018328546,0.22950819672131148,0.19337016574585636,0.09836065573770492,0.055248618784530384,0.6999999999970896,16.79999999998836,0.0416666666665223,0.6190476190477016,up,opposed,0.24424284717274589,0.5299999999988358,0.5299999999988358,above,True,True,0.6199999999953434,0.6199999999953434,0.14754098360655737,0.10497237569060773,opposed,aligned,0.0,0.0,balanced_or_unknown,True,flat_or_unknown
2026-03-21 01:10:00,2026-03-21,70684.5,70684.6,70658.4,70670.1,11.674,17.332,29.006,-5.658000000000001,-0.1950630903950907,70671.13,87194.63,-2.711e-05,0.0,0.0,False,2026-03-21.csv,5.658000000000001,negative,0.1950630903950907,0.4262295081967213,0.35911602209944754,0.45901639344262296,0.3370165745856354,-14.39999999999418,26.20000000001164,0.5496183206102206,0.44656488549642914,down,aligned,2.5450689289491297,-1.0299999999988358,1.0299999999988358,below,True,True,-0.01999999998952262,0.01999999998952262,0.01639344262295082,0.011049723756906077,aligned,aligned,0.0,0.0,balanced_or_unknown,True,flat_or_unknown
2026-03-21 01:11:00,2026-03-21,70670.1,70722.4,70670.0,70722.3,31.871,21.736,53.607,10.134999999999998,0.18906113007629596,70703.12,87188.83,-2.697e-05,0.0,0.0,False,2026-03-21.csv,10.134999999999998,positive,0.18906113007629596,0.639344262295082,0.5469613259668509,0.7704918032786885,0.7237569060773481,52.19999999999709,52.39999999999418,0.9961832061069253,0.9980916030536016,up,aligned,5.150468672915353,19.180000000007567,19.180000000007567,above,True,True,-5.80000000000291,5.80000000000291,0.5901639344262295,0.56353591160221,opposed,opposed,0.0,0.0,balanced_or_unknown,True,flat_or_unknown
2026-03-21 01:12:00,2026-03-21,70722.4,70726.8,70691.1,70691.2,23.286,18.323,41.609,4.963000000000001,0.11927707947799757,70708.37,87204.81,-2.672e-05,0.0,0.0,False,2026-03-21.csv,4.963000000000001,positive,0.11927707947799757,0.4098360655737705,0.3370165745856354,0.6721311475409836,0.569060773480663,-31.19999999999709,35.69999999999709,0.8739495798319225,0.00280112044793493,down,opposed,6.286520249848294,-17.169999999998254,17.169999999998254,below,True,True,15.979999999995925,15.979999999995925,0.8852459016393442,0.8674033149171271,aligned,opposed,0.0,0.0,balanced_or_unknown,True,flat_or_unknown
2026-03-21 01:13:00,2026-03-21,70691.2,70691.2,70645.9,70656.6,5.464,17.061,22.525,-11.597,-0.514850166481687,70663.89,87207.32,-2.672e-05,0.0,0.0,False,2026-03-21.csv,11.597,negative,0.514850166481687,0.6721311475409836,0.585635359116022,0.26229508196721313,0.2154696132596685,-34.59999999999127,45.30000000000291,0.7637969094920319,0.2362030905079681,down,aligned,2.983530223332868,-7.289999999993597,7.289999999993597,below,True,True,2.5100000000093132,2.5100000000093132,0.3442622950819672,0.3314917127071823,opposed,opposed,0.0,0.0,balanced_or_unknown,True,flat_or_unknown
2026-03-21 01:14:00,2026-03-21,70656.6,70656.7,70622.2,70643.9,3.99,11.483,15.473,-7.493,-0.4842629095844374,70638.14,87206.02,-2.667e-05,0.0,0.0,False,2026-03-21.csv,7.493,negative,0.4842629095844374,0.6065573770491803,0.47513812154696133,0.11475409836065574,0.06077348066298342,-12.700000000011642,34.5,0.36811594202932296,0.6289855072462924,down,aligned,1.6949152542388417,5.759999999994761,5.759999999994761,above,True,True,-1.3000000000029104,1.3000000000029104,0.29508196721311475,0.2154696132596685,aligned,aligned,0.0,0.0,balanced_or_unknown,True,flat_or_unknown
2026-03-21 01:15:00,2026-03-21,70644.0,70648.9,70633.0,70636.2,12.709,12.983,25.692,-0.2740000000000009,-0.010664798380818968,70641.07,87206.38,-2.703e-05,0.0,0.0,False,2026-03-21.csv,0.2740000000000009,negative,0.010664798380818968,0.03278688524590164,0.027624309392265192,0.4262295081967213,0.281767955801105,-7.80000000000291,15.89999999999418,0.4905660377362117,0.20125786163511075,down,aligned,28.46715328468206,-4.870000000009895,4.870000000009895,below,True,True,0.3600000000005821,0.3600000000005821,0.09836065573770492,0.055248618784530384,opposed,opposed,0.0,0.0,balanced_or_unknown,True,flat_or_unknown
2026-03-21 01:16:00,2026-03-21,70636.3,70642.3,70624.0,70624.3,10.883,23.357,34.24,-12.474,-0.36431074766355137,70634.17,87210.57,-2.703e-05,0.0,0.0,False,2026-03-21.csv,12.474,negative,0.36431074766355137,0.7049180327868853,0.6243093922651933,0.6065573770491803,0.44751381215469616,-12.0,18.30000000000291,0.6557377049179285,0.01639344262310725,down,aligned,0.962000962000962,-9.869999999995343,9.869999999995343,below,True,True,4.190000000002328,4.190000000002328,0.5081967213114754,0.4696132596685083,opposed,opposed,0.0,0.0,balanced_or_unknown,True,flat_or_unknown
2026-03-21 01:17:00,2026-03-21,70624.4,70624.4,70597.9,70597.9,4.939,45.199,50.138,-40.26,-0.8029837648091268,70612.62,87224.05,-2.711e-05,0.0,0.0,False,2026-03-21.csv,40.26,negative,0.8029837648091268,0.9344262295081968,0.9392265193370166,0.819672131147541,0.7182320441988951,-26.5,26.5,1.0,0.0,down,aligned,0.6582215598609041,-14.720000000001164,14.720000000001164,below,True,True,13.479999999995925,13.479999999995925,0.8688524590163934,0.8232044198895028,opposed,opposed,0.0,0.0,balanced_or_unknown,True,flat_or_unknown
2026-03-21 01:18:00,2026-03-21,70598.0,70598.0,70561.0,70568.0,10.654,20.073,30.727,-9.419,-0.3065382237120448,70570.98,87234.63,-2.744e-05,0.0,0.0,False,2026-03-21.csv,9.419,negative,0.3065382237120448,0.639344262295082,0.5248618784530387,0.5573770491803278,0.39226519337016574,-30.0,37.0,0.8108108108108109,0.1891891891891892,down,aligned,3.185051491665782,-2.9799999999959255,2.9799999999959255,below,True,True,10.580000000001746,10.580000000001746,0.7704918032786885,0.7569060773480663,opposed,opposed,0.0,0.0,balanced_or_unknown,True,flat_or_unknown
2026-03-21 01:19:00,2026-03-21,70568.0,70570.0,70537.1,70566.0,24.686,26.541,51.227,-1.8550000000000004,-0.036211372908817624,70552.64,87235.32,-2.834e-05,0.0,0.0,False,2026-03-21.csv,1.8550000000000004,negative,0.036211372908817624,0.19672131147540983,0.18232044198895028,0.8524590163934426,0.7292817679558011,-2.0,32.89999999999418,0.06079027355624176,0.8784194528875164,down,aligned,1.0781671159029647,13.360000000000582,13.360000000000582,above,True,True,0.6900000000023283,0.6900000000023283,0.21311475409836064,0.143646408839779,opposed,opposed,0.0,0.0,balanced_or_unknown,True,flat_or_unknown
2026-03-21 01:20:00,2026-03-21,70566.0,70570.0,70561.1,70569.5,12.831,11.28,24.111,1.5510000000000002,0.06432748538011697,70566.5,87227.57,-2.834e-05,0.0,0.0,False,2026-03-21.csv,1.5510000000000002,positive,0.06432748538011697,0.14754098360655737,0.14917127071823205,0.39344262295081966,0.26519337016574585,3.5,8.89999999999418,0.39325842696654933,0.9438202247190643,up,aligned,2.2566086395873626,3.0,3.0,above,True,True,-7.75,7.75,0.6885245901639344,0.6850828729281768,opposed,opposed,0.0,0.0,balanced_or_unknown,True,flat_or_unknown
2026-03-21 01:21:00,2026-03-21,70569.8,70597.6,70569.8,70587.4,15.639,5.268,20.907,10.370999999999999,0.49605395322140905,70577.98,87223.96,-2.864e-05,0.0,0.0,False,2026-03-21.csv,10.370999999999999,positive,0.49605395322140905,0.7049180327868853,0.580110497237569,0.26229508196721313,0.18232044198895028,17.59999999999127,27.80000000000291,0.6330935251794758,0.6330935251794758,up,aligned,1.6970398225813588,9.419999999998254,9.419999999998254,above,True,True,-3.610000000000582,3.610000000000582,0.4918032786885246,0.4530386740331492,opposed,opposed,0.0,0.0,balanced_or_unknown,True,flat_or_unknown
2026-03-21 01:22:00,2026-03-21,70587.4,70611.0,70587.3,70593.5,5.879,10.05,15.929,-4.171000000000001,-0.2618494569652835,70602.55,87227.77,-2.841e-05,0.0,0.021,False,2026-03-21.csv,4.171000000000001,negative,0.2618494569652835,0.32786885245901637,0.292817679558011,0.13114754098360656,0.0718232044198895,6.100000000005821,23.69999999999709,0.2573839662450029,0.2616033755273355,up,opposed,1.4624790218187051,-9.05000000000291,9.05000000000291,below,True,True,3.8099999999976717,3.8099999999976717,0.5081967213114754,0.4585635359116022,opposed,aligned,0.021,-0.021,sell,True,aligned
2026-03-21 01:23:00,2026-03-21,70593.5,70598.7,70582.3,70597.6,9.534,8.347,17.881,1.1870000000000012,0.06638331189530794,70590.21,87230.26,-2.841e-05,0.0,0.0,False,2026-03-21.csv,1.1870000000000012,positive,0.06638331189530794,0.14754098360655737,0.11049723756906077,0.21311475409836064,0.13259668508287292,4.100000000005821,16.39999999999418,0.25000000000044365,0.9329268292688012,up,aligned,3.4540859309231817,7.389999999999418,7.389999999999418,above,True,True,2.4899999999906868,2.4899999999906868,0.36065573770491804,0.3314917127071823,aligned,aligned,0.0,0.0,balanced_or_unknown,True,flat_or_unknown
2026-03-21 01:24:00,2026-03-21,70597.5,70617.0,70588.0,70588.1,7.077,6.178,13.255,0.899,0.06782346284420973,70606.8,87230.91,-2.839e-05,0.0,0.0,False,2026-03-21.csv,0.899,positive,0.06782346284420973,0.09836065573770492,0.08287292817679558,0.09836065573770492,0.055248618784530384,-9.39999999999418,29.0,0.32413793103428207,0.0034482758622696816,down,opposed,10.456062291428452,-18.69999999999709,18.69999999999709,below,True,True,0.6500000000087311,0.6500000000087311,0.19672131147540983,0.1270718232044199,aligned,opposed,0.0,0.0,balanced_or_unknown,True,flat_or_unknown
2026-03-21 01:25:00,2026-03-21,70588.0,70588.1,70564.4,70564.4,2.174,18.946,21.12,-16.772000000000002,-0.7941287878787879,70583.28,87231.64,-2.818e-05,0.0,0.0,False,2026-03-21.csv,16.772000000000002,negative,0.7941287878787879,0.8852459016393442,0.7569060773480663,0.32786885245901637,0.20441988950276244,-23.60000000000582,23.70000000001164,0.995780590717056,0.0,down,aligned,1.4071070832343082,-18.880000000004657,18.880000000004657,below,True,True,0.7299999999959255,0.7299999999959255,0.26229508196721313,0.1712707182320442,opposed,opposed,0.0,0.0,balanced_or_unknown,True,flat_or_unknown
2026-03-21 01:26:00,2026-03-21,70564.5,70616.7,70564.4,70609.4,15.385,7.57,22.955,7.8149999999999995,0.3404487039860597,70585.85,87232.32,-2.853e-05,0.0,0.0,False,2026-03-21.csv,7.8149999999999995,positive,0.3404487039860597,0.6885245901639344,0.5138121546961326,0.3770491803278688,0.2596685082872928,44.89999999999418,52.30000000000291,0.8585086042063419,0.8604206500955545,up,aligned,5.745361484324271,23.54999999998836,23.54999999998836,above,True,True,0.680000000007567,0.680000000007567,0.22950819672131148,0.14917127071823205,aligned,aligned,0.0,0.0,balanced_or_unknown,True,flat_or_unknown
2026-03-21 01:27:00,2026-03-21,70609.5,70615.0,70595.6,70597.2,2.297,11.511,13.808,-9.213999999999999,-0.6672943221320973,70607.2,87234.04,-2.853e-05,0.0,0.0,False,2026-03-21.csv,9.213999999999999,negative,0.6672943221320973,0.6885245901639344,0.5248618784530387,0.11475409836065574,0.06077348066298342,-12.30000000000291,19.39999999999418,0.6340206185570413,0.0824742268036984,down,aligned,1.334925113957338,-10.0,10.0,below,True,True,1.7199999999866122,1.7199999999866122,0.3770491803278688,0.26519337016574585,opposed,opposed,0.0,0.0,balanced_or_unknown,True,flat_or_unknown
2026-03-21 01:28:00,2026-03-21,70597.1,70603.4,70597.1,70598.0,6.84,7.329,14.169,-0.4889999999999999,-0.03451196273554943,70600.53,87235.82,-2.866e-05,0.0,0.0,False,2026-03-21.csv,0.4889999999999999,negative,0.03451196273554943,0.06557377049180328,0.049723756906077346,0.11475409836065574,0.06629834254143646,0.8999999999941792,6.2999999999883585,0.1428571428564829,0.1428571428564829,up,opposed,1.8404907975341094,-2.529999999998836,2.529999999998836,below,True,True,1.7800000000133878,1.7800000000133878,0.39344262295081966,0.27071823204419887,opposed,aligned,0.0,0.0,balanced_or_unknown,True,flat_or_unknown
2026-03-21 01:29:00,2026-03-21,70598.0,70598.0,70583.9,70583.9,1.185,9.052,10.237,-7.866999999999999,-0.7684868613851713,70595.13,87242.89,-2.896e-05,0.0,0.0,False,2026-03-21.csv,7.866999999999999,negative,0.7684868613851713,0.6885245901639344,0.5193370165745856,0.03278688524590164,0.011049723756906077,-14.10000000000582,14.10000000000582,1.0,0.0,down,aligned,1.7922969365712245,-11.230000000010477,11.230000000010477,below,True,True,7.069999999992433,7.069999999992433,0.7868852459016393,0.6685082872928176,opposed,opposed,0.0,0.0,balanced_or_unknown,True,flat_or_unknown
2026-03-21 01:30:00,2026-03-21,70584.0,70584.0,70562.3,70569.1,1.334,16.717,18.051,-15.383,-0.8521965542075232,70570.95,87241.02,-2.896e-05,0.0,0.0,False,2026-03-21.csv,15.383,negative,0.8521965542075232,0.9016393442622951,0.7403314917127072,0.2786885245901639,0.16022099447513813,-14.89999999999418,21.69999999999709,0.6866359447002847,0.31336405529971534,down,aligned,0.9686017031784554,-1.8499999999912689,1.8499999999912689,below,True,True,-1.8699999999953434,1.8699999999953434,0.4262295081967213,0.2983425414364641,aligned,aligned,0.0,0.0,balanced_or_unknown,True,flat_or_unknown
2026-03-21 01:31:00,2026-03-21,70569.1,70569.1,70500.4,70537.9,13.315,42.76,56.075,-29.445,-0.525100312082033,70529.3,87243.65,-2.937e-05,0.0,0.0,False,2026-03-21.csv,29.445,negative,0.525100312082033,0.9508196721311475,0.8895027624309392,0.9672131147540983,0.8121546961325967,-31.20000000001164,68.70000000001164,0.454148471615813,0.5458515283841869,down,aligned,1.0596026490070178,8.599999999991269,8.599999999991269,above,True,True,2.6299999999901047,2.6299999999901047,0.47540983606557374,0.3867403314917127,opposed,opposed,0.0,0.0,balanced_or_unknown,True,flat_or_unknown
2026-03-21 01:32:00,2026-03-21,70538.0,70538.0,70517.3,70524.5,4.128,9.582,13.71,-5.454000000000001,-0.3978118161925602,70529.7,87252.06,-3.029e-05,0.0,0.0,False,2026-03-21.csv,5.454000000000001,negative,0.3978118161925602,0.47540983606557374,0.36464088397790057,0.11475409836065574,0.06629834254143646,-13.5,20.69999999999709,0.65217391304357,0.34782608695643,down,aligned,2.475247524752475,-5.19999999999709,5.19999999999709,below,True,True,8.410000000003492,8.410000000003492,0.8524590163934426,0.7237569060773481,opposed,opposed,0.0,0.0,balanced_or_unknown,True,flat_or_unknown
2026-03-21 01:33:00,2026-03-21,70524.5,70524.7,70504.1,70524.6,15.105,22.88,37.985,-7.774999999999999,-0.20468606028695535,70515.34,87250.52,-3.079e-05,0.0,0.0,False,2026-03-21.csv,7.774999999999999,negative,0.20468606028695535,0.6557377049180327,0.5138121546961326,0.7704918032786885,0.56353591160221,0.10000000000582077,20.59999999999127,0.004854368932323454,0.9951456310683829,up,opposed,0.0128617363351538,9.260000000009313,9.260000000009313,above,True,True,-1.5399999999935972,1.5399999999935972,0.3442622950819672,0.2430939226519337,aligned,opposed,0.0,0.0,balanced_or_unknown,True,flat_or_unknown
2026-03-21 01:34:00,2026-03-21,70524.7,70531.6,70506.1,70516.2,16.308,16.283,32.591,0.02499999999999858,0.0007670829370071056,70517.82,87251.62,-3.079e-05,0.0,0.0,False,2026-03-21.csv,0.02499999999999858,positive,0.0007670829370071056,0.01639344262295082,0.0055248618784530384,0.7049180327868853,0.4861878453038674,-8.5,25.5,0.3333333333333333,0.3960784313722066,down,opposed,340.0000000000193,-1.6200000000098953,1.6200000000098953,below,True,True,1.0999999999912689,1.0999999999912689,0.2786885245901639,0.2154696132596685,aligned,opposed,0.0,0.0,balanced_or_unknown,True,flat_or_unknown
2026-03-21 01:35:00,2026-03-21,70516.2,70568.1,70515.1,70564.5,23.193,6.447,29.64,16.746000000000002,0.5649797570850204,70535.62,87255.78,-3.092e-05,0.0,0.0,False,2026-03-21.csv,16.746000000000002,positive,0.5649797570850204,0.9016393442622951,0.7624309392265194,0.639344262295082,0.43646408839779005,48.30000000000291,53.0,0.911320754717036,0.9320754716980034,up,aligned,2.884270870655852,28.880000000004657,28.880000000004657,above,True,True,4.1600000000034925,4.1600000000034925,0.6229508196721312,0.4972375690607735,aligned,aligned,0.0,0.0,balanced_or_unknown,True,flat_or_unknown
2026-03-21 01:36:00,2026-03-21,70564.5,70609.8,70564.4,70598.2,36.433,19.722,56.155,16.711,0.2975870358828243,70591.27,87261.72,-3.099e-05,0.0,0.0,False,2026-03-21.csv,16.711,positive,0.2975870358828243,0.8852459016393442,0.7624309392265194,0.9836065573770492,0.8232044198895028,33.69999999999709,45.40000000000873,0.7422907488984716,0.7444933920704055,up,aligned,2.016635748907731,6.929999999993015,6.929999999993015,above,True,True,5.940000000002328,5.940000000002328,0.7213114754098361,0.6187845303867403,aligned,aligned,0.0,0.0,balanced_or_unknown,True,flat_or_unknown
2026-03-21 01:37:00,2026-03-21,70598.2,70609.9,70598.1,70598.3,9.656,7.07,16.726,2.5860000000000003,0.15460958986009807,70602.02,87249.37,-3.099e-05,0.0,0.0,False,2026-03-21.csv,2.5860000000000003,positive,0.15460958986009807,0.2786885245901639,0.20994475138121546,0.22950819672131148,0.12154696132596685,0.10000000000582077,11.799999999988358,0.008474576271688086,0.01694915254214296,up,aligned,0.03866976024973734,-3.720000000001164,3.720000000001164,below,True,True,-12.35000000000582,12.35000000000582,0.9016393442622951,0.8176795580110497,opposed,opposed,0.0,0.0,balanced_or_unknown,True,flat_or_unknown
2026-03-21 01:38:00,2026-03-21,70598.2,70620.8,70598.1,70598.2,8.754,10.211,18.965,-1.4570000000000007,-0.07682573161086216,70610.66,87247.94,-3.046e-05,0.0,0.0,False,2026-03-21.csv,1.4570000000000007,negative,0.07682573161086216,0.21311475409836064,0.15469613259668508,0.3114754098360656,0.1712707182320442,0.0,22.69999999999709,0.0,0.004405286343228267,flat_or_unknown,flat_or_unknown,0.0,-12.460000000006403,12.460000000006403,below,True,True,-1.429999999993015,1.429999999993015,0.32786885245901637,0.23756906077348067,aligned,flat_or_unknown,0.0,0.0,balanced_or_unknown,True,flat_or_unknown
2026-03-21 01:39:00,2026-03-21,70598.2,70603.1,70576.8,70576.9,6.958,6.953,13.911,0.004999999999999893,0.0003594277909567891,70596.58,87251.2,-3.051e-05,0.0,0.0,False,2026-03-21.csv,0.004999999999999893,positive,0.0003594277909567891,0.01639344262295082,0.0055248618784530384,0.13114754098360656,0.07734806629834254,-21.30000000000291,26.30000000000291,0.8098859315589564,0.003802281368488889,down,opposed,4260.000000000673,-19.680000000007567,19.680000000007567,below,True,True,3.2599999999947613,3.2599999999947613,0.47540983606557374,0.4419889502762431,aligned,opposed,0.0,0.0,balanced_or_unknown,True,flat_or_unknown
2026-03-21 01:40:00,2026-03-21,70576.8,70597.5,70569.8,70576.3,4.063,8.225,12.288,-4.162,-0.3387044270833333,70578.18,87251.21,-3.071e-05,0.0,0.0,False,2026-03-21.csv,4.162,negative,0.3387044270833333,0.39344262295081966,0.30939226519337015,0.04918032786885246,0.04419889502762431,-0.5,27.69999999999709,0.018050541516247385,0.234657039711216,down,aligned,0.12013455069678039,-1.8799999999901047,1.8799999999901047,below,True,True,0.010000000009313226,0.010000000009313226,0.01639344262295082,0.011049723756906077,opposed,opposed,0.0,0.0,balanced_or_unknown,True,flat_or_unknown
2026-03-21 01:41:00,2026-03-21,70576.3,70576.3,70547.3,70547.3,1.376,10.517,11.893,-9.141,-0.7686033801395779,70566.54,87249.98,-3.071e-05,0.0,0.0,False,2026-03-21.csv,9.141,negative,0.7686033801395779,0.6885245901639344,0.5524861878453039,0.04918032786885246,0.03867403314917127,-29.0,29.0,1.0,0.0,down,aligned,3.172519418006783,-19.239999999990687,19.239999999990687,below,True,True,-1.2300000000104774,1.2300000000104774,0.2786885245901639,0.2265193370165746,aligned,aligned,0.0,0.0,balanced_or_unknown,True,flat_or_unknown
2026-03-21 01:42:00,2026-03-21,70547.3,70547.3,70524.7,70536.0,15.571,12.149,27.72,3.4220000000000006,0.12344877344877347,70529.08,87248.22,-3.152e-05,0.0,0.0,False,2026-03-21.csv,3.4220000000000006,positive,0.12344877344877347,0.32786885245901637,0.27071823204419887,0.6065573770491803,0.4198895027624309,-11.30000000000291,22.60000000000582,0.5,0.5,down,opposed,3.3021624780838423,6.919999999998254,6.919999999998254,above,True,True,-1.7599999999947613,1.7599999999947613,0.36065573770491804,0.27624309392265195,opposed,aligned,0.0,0.0,balanced_or_unknown,True,flat_or_unknown
2026-03-21 01:43:00,2026-03-21,70536.0,70536.0,70525.7,70533.1,15.491,5.924,21.415,9.567,0.44674293719355596,70529.73,87247.09,-3.242e-05,0.0,0.0,False,2026-03-21.csv,9.567,positive,0.44674293719355596,0.7540983606557377,0.580110497237569,0.4426229508196721,0.27071823204419887,-2.8999999999941792,10.30000000000291,0.28155339805760776,0.7184466019423923,down,opposed,0.3031253266430625,3.3700000000098953,3.3700000000098953,above,True,True,-1.1300000000046566,1.1300000000046566,0.2459016393442623,0.2154696132596685,opposed,aligned,0.0,0.0,balanced_or_unknown,True,flat_or_unknown
2026-03-21 01:44:00,2026-03-21,70533.1,70533.1,70519.5,70519.5,3.975,6.171,10.146,-2.196,-0.21643997634535778,70530.29,87250.32,-3.242e-05,0.0,0.0,False,2026-03-21.csv,2.196,negative,0.21643997634535778,0.2786885245901639,0.22099447513812154,0.03278688524590164,0.011049723756906077,-13.60000000000582,13.60000000000582,1.0,0.0,down,aligned,6.193078324228515,-10.789999999993597,10.789999999993597,below,True,True,3.2300000000104774,3.2300000000104774,0.4918032786885246,0.4530386740331492,opposed,opposed,0.0,0.0,balanced_or_unknown,True,flat_or_unknown
2026-03-21 01:45:00,2026-03-21,70519.6,70519.6,70467.9,70482.7,6.684,38.576,45.26,-31.892,-0.7046398585947857,70494.25,87247.5,-3.272e-05,0.0,0.0,False,2026-03-21.csv,31.892,negative,0.7046398585947857,0.9836065573770492,0.9281767955801105,0.8688524590163934,0.7016574585635359,-36.90000000000873,51.70000000001164,0.7137330754352113,0.28626692456478875,down,aligned,1.1570299761698462,-11.55000000000291,11.55000000000291,below,True,True,-2.820000000006985,2.820000000006985,0.47540983606557374,0.4143646408839779,aligned,aligned,0.0,0.0,balanced_or_unknown,True,flat_or_unknown
2026-03-21 01:46:00,2026-03-21,70482.7,70482.8,70456.6,70480.9,15.071,18.592,33.663,-3.520999999999999,-0.10459555001039715,70468.93,87243.68,-3.3e-05,0.0,0.098,False,2026-03-21.csv,3.520999999999999,negative,0.10459555001039715,0.36065573770491804,0.281767955801105,0.7213114754098361,0.5248618784530387,-1.8000000000029104,26.19999999999709,0.06870229007645459,0.927480916030193,down,aligned,0.5112184038633658,11.970000000001164,11.970000000001164,above,True,True,-3.820000000006985,3.820000000006985,0.6065573770491803,0.5138121546961326,aligned,aligned,0.098,-0.098,sell,True,aligned
2026-03-21 01:47:00,2026-03-21,70480.9,70520.9,70471.1,70505.2,36.352,20.732,57.084,15.619999999999997,0.2736318407960198,70502.58,87237.1,-3.348e-05,0.0,0.0,False,2026-03-21.csv,15.619999999999997,positive,0.2736318407960198,0.8852459016393442,0.7513812154696132,0.9836065573770492,0.8342541436464088,24.30000000000291,49.79999999998836,0.48795180722908815,0.6847389558232779,up,aligned,1.5556978233036436,2.6199999999953434,2.6199999999953434,above,True,True,-6.579999999987194,6.579999999987194,0.7540983606557377,0.6740331491712708,opposed,opposed,0.0,0.0,balanced_or_unknown,True,flat_or_unknown
2026-03-21 01:48:00,2026-03-21,70505.2,70540.0,70503.3,70539.9,9.514,5.906,15.42,3.6079999999999997,0.2339818417639429,70521.71,87240.49,-3.348e-05,0.0,0.0,False,2026-03-21.csv,3.6079999999999997,positive,0.2339818417639429,0.36065573770491804,0.287292817679558,0.19672131147540983,0.11049723756906077,34.69999999999709,36.69999999999709,0.9455040871934561,0.9972752043595142,up,aligned,9.617516629710947,18.189999999987776,18.189999999987776,above,True,True,3.389999999999418,3.389999999999418,0.5081967213114754,0.4696132596685083,aligned,aligned,0.0,0.0,balanced_or_unknown,True,flat_or_unknown
2026-03-21 01:49:00,2026-03-21,70540.0,70540.0,70471.8,70495.5,6.11,37.388,43.498,-31.278,-0.7190675433353257,70504.52,87251.95,-3.313e-05,0.0,0.0,False,2026-03-21.csv,31.278,negative,0.7190675433353257,0.9672131147540983,0.9226519337016574,0.8360655737704918,0.6629834254143646,-44.5,68.19999999999709,0.6524926686217287,0.3475073313782713,down,aligned,1.422725238186585,-9.020000000004075,9.020000000004075,below,True,True,11.459999999991851,11.459999999991851,0.8852459016393442,0.8121546961325967,opposed,opposed,0.0,0.0,balanced_or_unknown,True,flat_or_unknown
2026-03-21 01:50:00,2026-03-21,70495.5,70495.5,70473.8,70474.4,9.185,19.41,28.595,-10.225,-0.35757999650288513,70480.1,87248.04,-3.255e-05,0.0,0.0,False,2026-03-21.csv,10.225,negative,0.35757999650288513,0.7704918032786885,0.5911602209944752,0.6065573770491803,0.43646408839779005,-21.10000000000582,21.69999999999709,0.9723502304151452,0.027649769584854808,down,aligned,2.0635696821521585,-5.7000000000116415,5.7000000000116415,below,True,True,-3.9100000000034925,3.9100000000034925,0.5901639344262295,0.5138121546961326,aligned,aligned,0.0,0.0,balanced_or_unknown,True,flat_or_unknown
2026-03-21 01:51:00,2026-03-21,70474.4,70498.1,70474.3,70487.3,8.544,13.186,21.73,-4.6419999999999995,-0.2136217211228716,70486.42,87250.65,-3.255e-05,0.0,0.0,False,2026-03-21.csv,4.6419999999999995,negative,0.2136217211228716,0.4262295081967213,0.3314917127071823,0.4262295081967213,0.281767955801105,12.900000000008731,23.80000000000291,0.5420168067229897,0.5462184873948912,up,opposed,2.7789745799243284,0.8800000000046566,0.8800000000046566,above,True,True,2.610000000000582,2.610000000000582,0.4098360655737705,0.3756906077348066,opposed,aligned,0.0,0.0,balanced_or_unknown,True,flat_or_unknown
2026-03-21 01:52:00,2026-03-21,70487.4,70487.4,70450.5,70462.7,5.182,31.192,36.374,-26.009999999999998,-0.7150712047066585,70463.34,87252.94,-3.316e-05,0.0,0.0,False,2026-03-21.csv,26.009999999999998,negative,0.7150712047066585,0.9344262295081968,0.861878453038674,0.7213114754098361,0.574585635359116,-24.69999999999709,36.89999999999418,0.6693766937669644,0.3306233062330356,down,aligned,0.9496347558630177,-0.6399999999994179,0.6399999999994179,below,True,True,2.290000000008149,2.290000000008149,0.36065573770491804,0.3370165745856354,opposed,opposed,0.0,0.0,balanced_or_unknown,True,flat_or_unknown
2026-03-21 01:53:00,2026-03-21,70462.7,70489.9,70450.2,70457.2,12.339,17.442,29.781,-5.103,-0.17135086128739802,70472.23,87244.09,-3.333e-05,0.0,0.0,False,2026-03-21.csv,5.103,negative,0.17135086128739802,0.45901639344262296,0.36464088397790057,0.6229508196721312,0.4696132596685083,-5.5,39.69999999999709,0.13853904282116886,0.17632241813603308,down,aligned,1.0777973740936704,-15.029999999998836,15.029999999998836,below,True,True,-8.85000000000582,8.85000000000582,0.8360655737704918,0.7569060773480663,aligned,aligned,0.0,0.0,balanced_or_unknown,True,flat_or_unknown
2026-03-21 01:54:00,2026-03-21,70457.2,70462.1,70452.9,70458.4,8.727,9.276,18.003,-0.5489999999999995,-0.03049491751374768,70456.11,87240.62,-3.357e-05,0.0,0.0,False,2026-03-21.csv,0.5489999999999995,negative,0.03049491751374768,0.09836065573770492,0.06077348066298342,0.29508196721311475,0.1878453038674033,1.1999999999970896,9.200000000011642,0.13043478260821426,0.5978260869557652,up,opposed,2.185792349721477,2.289999999993597,2.289999999993597,above,True,True,-3.470000000001164,3.470000000001164,0.5245901639344263,0.48066298342541436,aligned,opposed,0.0,0.0,balanced_or_unknown,True,flat_or_unknown
2026-03-21 01:55:00,2026-03-21,70458.4,70458.4,70440.0,70440.0,3.139,17.319,20.458,-14.18,-0.6931273829308828,70449.62,87237.63,-3.357e-05,0.0,0.056,False,2026-03-21.csv,14.18,negative,0.6931273829308828,0.8360655737704918,0.7071823204419889,0.3442622950819672,0.2430939226519337,-18.39999999999418,18.39999999999418,1.0,0.0,down,aligned,1.2976022566991665,-9.619999999995343,9.619999999995343,below,True,True,-2.9899999999906868,2.9899999999906868,0.45901639344262296,0.430939226519337,aligned,aligned,0.056,-0.056,sell,True,aligned
2026-03-21 01:56:00,2026-03-21,70440.0,70460.8,70440.0,70456.7,8.633,10.436,19.069,-1.8030000000000008,-0.09455136609156227,70457.09,87238.71,-3.398e-05,0.0,0.017,False,2026-03-21.csv,1.8030000000000008,negative,0.09455136609156227,0.21311475409836064,0.19889502762430938,0.32786885245901637,0.20441988950276244,16.69999999999709,20.80000000000291,0.8028846153843632,0.8028846153843632,up,opposed,9.26234054353693,-0.3899999999994179,0.3899999999994179,below,True,True,1.0800000000017462,1.0800000000017462,0.18032786885245902,0.1878453038674033,opposed,aligned,0.017,-0.017,sell,True,aligned
2026-03-21 01:57:00,2026-03-21,70456.8,70465.8,70419.4,70465.8,29.753,44.326,74.079,-14.573,-0.19672241795920573,70432.0,87253.13,-3.407e-05,0.0,0.003,False,2026-03-21.csv,14.573,negative,0.19672241795920573,0.8360655737704918,0.712707182320442,1.0,0.9005524861878453,9.0,46.40000000000873,0.1939655172413428,1.0,up,opposed,0.6175804570095381,33.80000000000291,33.80000000000291,above,True,True,14.419999999998254,14.419999999998254,0.9508196721311475,0.8729281767955801,opposed,aligned,0.003,-0.003,sell,False,aligned
2026-03-21 01:58:00,2026-03-21,70466.0,70480.0,70453.9,70470.5,10.477,21.062,31.539,-10.585,-0.33561622118646756,70469.38,87254.23,-3.407e-05,0.0,0.0,False,2026-03-21.csv,10.585,negative,0.33561622118646756,0.7704918032786885,0.6077348066298343,0.6557377049180327,0.5138121546961326,4.5,26.10000000000582,0.17241379310340982,0.6360153256705793,up,opposed,0.4251299008030231,1.1199999999953434,1.1199999999953434,above,True,True,1.0999999999912689,1.0999999999912689,0.18032786885245902,0.19337016574585636,opposed,aligned,0.0,0.0,balanced_or_unknown,False,flat_or_unknown
2026-03-21 01:59:00,2026-03-21,70470.5,70470.5,70439.7,70444.6,16.387,16.036,32.423,0.3509999999999991,0.010825648459426922,70457.79,87260.11,-3.404e-05,0.0,0.0,False,2026-03-21.csv,0.3509999999999991,positive,0.010825648459426922,0.06557377049180328,0.03867403314917127,0.6557377049180327,0.5303867403314917,-25.89999999999418,30.80000000000291,0.8409090909088225,0.15909090909117754,down,opposed,73.7891737891574,-13.189999999987776,13.189999999987776,below,True,True,5.880000000004657,5.880000000004657,0.7049180327868853,0.6187845303867403,aligned,opposed,0.0,0.0,balanced_or_unknown,False,flat_or_unknown
2026-03-21 02:00:00,2026-03-21,70444.6,70458.5,70426.8,70430.3,6.532,25.023,31.555,-18.491,-0.5859927111392806,70446.45,87256.15,-3.393e-05,0.0,0.02,False,2026-03-21.csv,18.491,negative,0.5859927111392806,0.9180327868852459,0.8121546961325967,0.6557377049180327,0.5082872928176796,-14.30000000000291,31.69999999999709,0.4511041009465055,0.11041009463723411,down,aligned,0.7733491969067606,-16.14999999999418,16.14999999999418,below,True,True,-3.960000000006403,3.960000000006403,0.6065573770491803,0.5193370165745856,aligned,aligned,0.02,-0.02,sell,True,aligned
2026-03-21 02:01:00,2026-03-21,70430.4,70456.9,70405.9,70453.6,20.541,56.242,76.783,-35.70099999999999,-0.4649596915984006,70428.17,87251.5,-3.414e-05,0.0,0.0,False,2026-03-21.csv,35.70099999999999,negative,0.4649596915984006,0.9836065573770492,0.9392265193370166,1.0,0.9116022099447514,23.20000000001164,51.0,0.454901960784542,0.9352941176472871,up,opposed,0.6498417411280257,25.430000000007567,25.430000000007567,above,True,True,-4.649999999994179,4.649999999994179,0.6721311475409836,0.5359116022099447,aligned,opposed,0.0,0.0,balanced_or_unknown,False,flat_or_unknown
2026-03-21 02:02:00,2026-03-21,70453.7,70469.3,70453.6,70469.2,11.161,2.935,14.096,8.225999999999999,0.5835698070374574,70465.38,87250.63,-3.414e-05,0.0,0.0,False,2026-03-21.csv,8.225999999999999,positive,0.5835698070374574,0.6065573770491803,0.5138121546961326,0.14754098360655737,0.09392265193370165,15.5,15.69999999999709,0.9872611464969983,0.9936305732480357,up,aligned,1.8842693897398495,3.819999999992433,3.819999999992433,above,True,True,-0.8699999999953434,0.8699999999953434,0.14754098360655737,0.16574585635359115,opposed,opposed,0.0,0.0,balanced_or_unknown,False,flat_or_unknown
2026-03-21 02:03:00,2026-03-21,70469.3,70470.1,70413.0,70413.0,10.397,38.732,49.129,-28.335,-0.5767469315475585,70439.55,87254.82,-3.411e-05,0.0,0.0,False,2026-03-21.csv,28.335,negative,0.5767469315475585,0.9180327868852459,0.8895027624309392,0.8524590163934426,0.7513812154696132,-56.30000000000291,57.10000000000582,0.9859894921190397,0.0,down,aligned,1.9869419445915972,-26.55000000000291,26.55000000000291,below,True,True,4.190000000002328,4.190000000002328,0.6721311475409836,0.5414364640883977,opposed,opposed,0.0,0.0,balanced_or_unknown,False,flat_or_unknown
2026-03-21 02:04:00,2026-03-21,70413.1,70413.1,70403.2,70403.6,13.121,49.718,62.839,-36.597,-0.5823930998265409,70405.86,87256.72,-3.391e-05,0.0,0.101,False,2026-03-21.csv,36.597,negative,0.5823930998265409,0.9836065573770492,0.9447513812154696,0.9672131147540983,0.8453038674033149,-9.5,9.900000000008731,0.9595959595951133,0.0404040404048867,down,aligned,0.2595841189168511,-2.2599999999947613,2.2599999999947613,below,True,True,1.8999999999941792,1.8999999999941792,0.36065573770491804,0.2983425414364641,opposed,opposed,0.101,-0.101,sell,True,aligned
2026-03-21 02:05:00,2026-03-21,70403.6,70468.3,70403.6,70428.7,115.033,29.735,144.768,85.298,0.5892047966401415,70433.54,87202.67,-3.391e-05,0.0,0.0,False,2026-03-21.csv,85.298,positive,0.5892047966401415,1.0,0.9834254143646409,1.0,0.9834254143646409,25.09999999999127,64.69999999999709,0.3879443585779351,0.3879443585779351,up,aligned,0.2942624680530759,-4.8399999999965075,4.8399999999965075,below,True,True,-54.05000000000291,54.05000000000291,1.0,0.994475138121547,opposed,opposed,0.0,0.0,balanced_or_unknown,False,flat_or_unknown
2026-03-21 02:06:00,2026-03-21,70428.7,70434.8,70410.0,70412.9,14.672,22.73,37.402,-8.058,-0.21544302443719587,70418.24,87196.66,-3.461e-05,0.0,0.0,False,2026-03-21.csv,8.058,negative,0.21544302443719587,0.5409836065573771,0.5082872928176796,0.7213114754098361,0.5966850828729282,-15.80000000000291,24.80000000000291,0.637096774193591,0.11693548387071931,down,aligned,1.9607843137258514,-5.3400000000110595,5.3400000000110595,below,True,True,-6.009999999994761,6.009999999994761,0.7540983606557377,0.6464088397790055,aligned,aligned,0.0,0.0,balanced_or_unknown,False,flat_or_unknown
2026-03-21 02:07:00,2026-03-21,70412.9,70441.0,70412.9,70441.0,20.193,8.089,28.282,12.104000000000001,0.4279753907078708,70429.65,87199.18,-3.435e-05,0.0,0.0,False,2026-03-21.csv,12.104000000000001,positive,0.4279753907078708,0.7049180327868853,0.6353591160220995,0.5245901639344263,0.425414364640884,28.10000000000582,28.10000000000582,1.0,1.0,up,aligned,2.321546596167037,11.35000000000582,11.35000000000582,above,True,True,2.5199999999895226,2.5199999999895226,0.4262295081967213,0.36464088397790057,aligned,aligned,0.0,0.0,balanced_or_unknown,False,flat_or_unknown
2026-03-21 02:08:00,2026-03-21,70441.0,70476.5,70441.0,70471.8,36.856,25.813,62.669,11.043000000000003,0.1762115240389986,70467.94,87213.27,-3.389e-05,0.0,0.0,False,2026-03-21.csv,11.043000000000003,positive,0.1762115240389986,0.6721311475409836,0.6132596685082873,0.9344262295081968,0.850828729281768,30.80000000000291,35.5,0.8676056338028989,0.8676056338028989,up,aligned,2.7890971656255457,3.860000000000582,3.860000000000582,above,True,True,14.09000000001106,14.09000000001106,0.9508196721311475,0.8729281767955801,aligned,aligned,0.0,0.0,balanced_or_unknown,False,flat_or_unknown
2026-03-21 02:09:00,2026-03-21,70471.8,70477.0,70421.7,70465.8,27.78,23.156,50.936,4.624000000000002,0.09078058740380089,70456.38,87223.24,-3.389e-05,0.0,0.0,False,2026-03-21.csv,4.624000000000002,positive,0.09078058740380089,0.3442622950819672,0.3314917127071823,0.8360655737704918,0.7679558011049724,-6.0,55.30000000000291,0.10849909584086229,0.7974683544304431,down,opposed,1.2975778546712797,9.419999999998254,9.419999999998254,above,True,True,9.970000000001164,9.970000000001164,0.8688524590163934,0.7734806629834254,aligned,opposed,0.0,0.0,balanced_or_unknown,False,flat_or_unknown
2026-03-21 02:10:00,2026-03-21,70465.8,70465.8,70452.0,70463.0,13.362,11.64,25.002,1.7219999999999995,0.06887449004079672,70459.12,87214.03,-3.303e-05,0.0,0.0,False,2026-03-21.csv,1.7219999999999995,positive,0.06887449004079672,0.18032786885245902,0.1712707182320442,0.45901639344262296,0.3756906077348066,-2.8000000000029104,13.80000000000291,0.20289855072480578,0.7971014492751942,down,opposed,1.6260162601642922,3.8800000000046566,3.8800000000046566,above,True,True,-9.210000000006403,9.210000000006403,0.8524590163934426,0.7679558011049724,opposed,aligned,0.0,0.0,balanced_or_unknown,False,flat_or_unknown
2026-03-21 02:11:00,2026-03-21,70463.0,70469.8,70460.0,70460.0,18.073,9.682,27.755,8.391,0.30232390560259415,70463.94,87214.64,-3.228e-05,0.0,0.0,False,2026-03-21.csv,8.391,positive,0.30232390560259415,0.5245901639344263,0.5248618784530387,0.5081967213114754,0.430939226519337,-3.0,9.80000000000291,0.3061224489795009,0.0,down,opposed,0.3575259206292456,-3.9400000000023283,3.9400000000023283,below,True,True,0.6100000000005821,0.6100000000005821,0.04918032786885246,0.09392265193370165,aligned,opposed,0.0,0.0,balanced_or_unknown,False,flat_or_unknown
2026-03-21 02:12:00,2026-03-21,70460.0,70460.1,70437.5,70456.6,11.692,7.779,19.471,3.9130000000000003,0.20096553849314366,70447.83,87218.73,-3.128e-05,0.0,0.0,False,2026-03-21.csv,3.9130000000000003,positive,0.20096553849314366,0.3114754098360656,0.292817679558011,0.32786885245901637,0.23204419889502761,-3.3999999999941792,22.60000000000582,0.1504424778758099,0.8451327433628717,down,opposed,0.8688985433156604,8.770000000004075,8.770000000004075,above,True,True,4.0899999999965075,4.0899999999965075,0.639344262295082,0.5193370165745856,aligned,opposed,0.0,0.0,balanced_or_unknown,False,flat_or_unknown
2026-03-21 02:13:00,2026-03-21,70456.6,70460.0,70454.2,70460.0,7.155,16.35,23.505,-9.195,-0.39119336311423103,70456.37,87222.27,-3.128e-05,0.0,0.0,False,2026-03-21.csv,9.195,negative,0.39119336311423103,0.5573770491803278,0.5469613259668509,0.45901639344262296,0.35359116022099446,3.3999999999941792,5.80000000000291,0.5862068965504265,1.0,up,opposed,0.3697661772696225,3.6300000000046566,3.6300000000046566,above,True,True,3.540000000008149,3.540000000008149,0.5573770491803278,0.48066298342541436,opposed,aligned,0.0,0.0,balanced_or_unknown,False,flat_or_unknown
2026-03-21 02:14:00,2026-03-21,70460.0,70460.0,70441.9,70452.1,9.767,19.369,29.136,-9.602,-0.32955793520043936,70450.23,87215.97,-3.09e-05,0.0,0.0,False,2026-03-21.csv,9.602,negative,0.32955793520043936,0.6229508196721312,0.585635359116022,0.5737704918032787,0.48066298342541436,-7.899999999994179,18.10000000000582,0.4364640883973281,0.5635359116026719,down,aligned,0.822745261403268,1.8700000000098953,1.8700000000098953,above,True,True,-6.30000000000291,6.30000000000291,0.7704918032786885,0.6629834254143646,aligned,aligned,0.0,0.0,balanced_or_unknown,False,flat_or_unknown
2026-03-21 02:15:00,2026-03-21,70452.2,70459.9,70447.3,70456.8,4.004,6.448,10.452,-2.444000000000001,-0.23383084577114435,70453.04,87217.22,-3.031e-05,0.0,0.0,False,2026-03-21.csv,2.444000000000001,negative,0.23383084577114435,0.2459016393442623,0.20441988950276244,0.04918032786885246,0.027624309392265192,4.600000000005821,12.599999999991269,0.36507936508008004,0.7539682539687764,up,opposed,1.8821603928010717,3.7600000000093132,3.7600000000093132,above,True,True,1.25,1.25,0.22950819672131148,0.22099447513812154,opposed,aligned,0.0,0.0,balanced_or_unknown,False,flat_or_unknown
2026-03-21 02:16:00,2026-03-21,70456.9,70494.0,70456.8,70493.9,23.894,8.598,32.492,15.295999999999998,0.47076203373138,70481.31,87214.49,-3.031e-05,0.0,0.0,False,2026-03-21.csv,15.295999999999998,positive,0.47076203373138,0.7540983606557377,0.7513812154696132,0.6721311475409836,0.569060773480663,37.0,37.19999999999709,0.9946236559140563,0.9973118279568326,up,aligned,2.418933054393306,12.589999999996508,12.589999999996508,above,True,True,-2.7299999999959255,2.7299999999959255,0.4262295081967213,0.39226519337016574,opposed,opposed,0.0,0.0,balanced_or_unknown,False,flat_or_unknown
2026-03-21 02:17:00,2026-03-21,70493.9,70509.4,70472.7,70483.7,43.376,8.438,51.814,34.937999999999995,0.6742965221754738,70488.23,87229.72,-2.982e-05,0.0,0.0,False,2026-03-21.csv,34.937999999999995,positive,0.6742965221754738,0.9344262295081968,0.9281767955801105,0.8688524590163934,0.8121546961325967,-10.19999999999709,36.69999999999709,0.27792915531329426,0.29972752043599105,down,opposed,0.2919457324402396,-4.529999999998836,4.529999999998836,below,True,True,15.229999999995925,15.229999999995925,0.9836065573770492,0.9005524861878453,aligned,opposed,0.0,0.0,balanced_or_unknown,False,flat_or_unknown
2026-03-21 02:18:00,2026-03-21,70483.6,70514.4,70483.6,70514.3,14.401,7.392,21.793,7.0089999999999995,0.3216170329922452,70491.74,87230.95,-2.921e-05,0.0,0.0,False,2026-03-21.csv,7.0089999999999995,positive,0.3216170329922452,0.4262295081967213,0.4585635359116022,0.4262295081967213,0.30939226519337015,30.69999999999709,30.79999999998836,0.996753246753529,0.996753246753529,up,aligned,4.380082750748622,22.55999999999767,22.55999999999767,above,True,True,1.2299999999959255,1.2299999999959255,0.19672131147540983,0.2154696132596685,aligned,aligned,0.0,0.0,balanced_or_unknown,False,flat_or_unknown
2026-03-21 02:19:00,2026-03-21,70514.3,70524.3,70514.3,70517.3,12.457,24.5,36.957,-12.043,-0.3258651946857158,70520.82,87233.98,-2.922e-05,0.0,0.0,False,2026-03-21.csv,12.043,negative,0.3258651946857158,0.6885245901639344,0.6574585635359116,0.7377049180327869,0.6353591160220995,3.0,10.0,0.3,0.3,up,opposed,0.2491073652744333,-3.5200000000040745,3.5200000000040745,below,True,True,3.029999999998836,3.029999999998836,0.4918032786885246,0.44751381215469616,opposed,aligned,0.0,0.0,balanced_or_unknown,False,flat_or_unknown
2026-03-21 02:20:00,2026-03-21,70517.3,70528.0,70515.8,70522.0,15.669,6.614,22.283,9.055,0.4063635955661266,70523.16,87246.66,-2.922e-05,0.0,0.0,False,2026-03-21.csv,9.055,positive,0.4063635955661266,0.5245901639344263,0.5303867403314917,0.4426229508196721,0.32044198895027626,4.69999999999709,12.19999999999709,0.3852459016391976,0.5081967213113581,up,aligned,0.5190502484811805,-1.1600000000034925,1.1600000000034925,below,True,True,12.680000000007567,12.680000000007567,0.9344262295081968,0.861878453038674,aligned,aligned,0.0,0.0,balanced_or_unknown,False,flat_or_unknown
2026-03-21 02:21:00,2026-03-21,70522.1,70522.1,70515.8,70521.7,10.197,7.314,17.511,2.882999999999999,0.1646393695391468,70519.86,87253.06,-2.839e-05,0.0,0.0,False,2026-03-21.csv,2.882999999999999,positive,0.1646393695391468,0.22950819672131148,0.23204419889502761,0.2459016393442623,0.17679558011049723,-0.40000000000873115,6.30000000000291,0.06349206349342006,0.9365079365065799,down,opposed,0.13874436351326094,1.8399999999965075,1.8399999999965075,above,True,True,6.399999999994179,6.399999999994179,0.7868852459016393,0.6850828729281768,aligned,opposed,0.0,0.0,balanced_or_unknown,False,flat_or_unknown
2026-03-21 02:22:00,2026-03-21,70521.8,70555.2,70511.4,70555.2,21.925,8.482,30.407,13.443000000000001,0.44210214753181837,70533.15,87244.53,-2.808e-05,0.0,0.0,False,2026-03-21.csv,13.443000000000001,positive,0.44210214753181837,0.7049180327868853,0.712707182320442,0.6229508196721312,0.5303867403314917,33.39999999999418,43.80000000000291,0.7625570776253872,1.0,up,aligned,2.4845644573379584,22.05000000000291,22.05000000000291,above,True,True,-8.529999999998836,8.529999999998836,0.8360655737704918,0.7790055248618785,opposed,opposed,0.0,0.0,balanced_or_unknown,False,flat_or_unknown
2026-03-21 02:23:00,2026-03-21,70555.2,70560.2,70539.8,70553.4,10.864,13.337,24.201,-2.472999999999999,-0.10218586008842605,70548.33,87248.47,-2.808e-05,0.0,0.0,False,2026-03-21.csv,2.472999999999999,negative,0.10218586008842605,0.21311475409836064,0.20994475138121546,0.47540983606557374,0.39779005524861877,-1.8000000000029104,20.39999999999418,0.0882352941178149,0.6666666666664289,down,aligned,0.7278608976962844,5.069999999992433,5.069999999992433,above,True,True,3.9400000000023283,3.9400000000023283,0.6065573770491803,0.5248618784530387,opposed,opposed,0.0,0.0,balanced_or_unknown,False,flat_or_unknown
2026-03-21 02:24:00,2026-03-21,70553.3,70556.9,70542.1,70546.0,8.494,10.582,19.076,-2.088000000000001,-0.10945690920528417,70551.34,87251.0,-2.74e-05,0.0,0.0,False,2026-03-21.csv,2.088000000000001,negative,0.10945690920528417,0.16393442622950818,0.19337016574585636,0.3114754098360656,0.22099447513812154,-7.30000000000291,14.799999999988358,0.49324324324382784,0.26351351351332747,down,aligned,3.496168582376871,-5.3399999999965075,5.3399999999965075,below,True,True,2.529999999998836,2.529999999998836,0.3770491803278688,0.36464088397790057,opposed,opposed,0.0,0.0,balanced_or_unknown,False,flat_or_unknown
2026-03-21 02:25:00,2026-03-21,70545.9,70560.7,70545.9,70560.6,6.691,1.081,7.772,5.609999999999999,0.7218219248584662,70553.52,87253.54,-2.642e-05,0.0,0.0,False,2026-03-21.csv,5.609999999999999,positive,0.7218219248584662,0.39344262295081966,0.39779005524861877,0.01639344262295082,0.011049723756906077,14.700000000011642,14.80000000000291,0.9932432432438345,0.9932432432438345,up,aligned,2.6203208556170487,7.080000000001746,7.080000000001746,above,True,True,2.539999999993597,2.539999999993597,0.3770491803278688,0.3756906077348066,aligned,aligned,0.0,0.0,balanced_or_unknown,False,flat_or_unknown
2026-03-21 02:26:00,2026-03-21,70560.7,70592.6,70560.6,70584.2,34.466,6.718,41.184,27.748,0.6737567987567988,70582.16,87237.97,-2.57e-05,0.0,0.0,False,2026-03-21.csv,27.748,positive,0.6737567987567988,0.8688524590163934,0.8839779005524862,0.7868852459016393,0.712707182320442,23.5,32.0,0.734375,0.7374999999997272,up,aligned,0.8469078852529912,2.039999999993597,2.039999999993597,above,True,True,-15.569999999992433,15.569999999992433,0.9836065573770492,0.9226519337016574,opposed,opposed,0.0,0.0,balanced_or_unknown,False,flat_or_unknown
2026-03-21 02:27:00,2026-03-21,70584.3,70610.0,70571.1,70610.0,60.635,27.391,88.026,33.244,0.37766114557062685,70588.29,87237.97,-2.57e-05,0.0,0.0,False,2026-03-21.csv,33.244,positive,0.37766114557062685,0.9344262295081968,0.9226519337016574,0.9836065573770492,0.9723756906077348,25.69999999999709,38.89999999999418,0.660668380462749,1.0,up,aligned,0.7730718325110423,21.710000000006403,21.710000000006403,above,True,True,0.0,0.0,0.01639344262295082,0.011049723756906077,flat_or_unknown,flat_or_unknown,0.0,0.0,balanced_or_unknown,False,flat_or_unknown
2026-03-21 02:28:00,2026-03-21,70610.0,70632.5,70608.7,70627.1,28.506,21.629,50.135,6.876999999999999,0.13716964196668993,70619.94,87213.65,-2.509e-05,0.003,0.0,False,2026-03-21.csv,6.876999999999999,positive,0.13716964196668993,0.4098360655737705,0.44751381215469616,0.819672131147541,0.7955801104972375,17.10000000000582,23.80000000000291,0.71848739495814,0.7731092436977514,up,aligned,2.4865493674575867,7.1600000000034925,7.1600000000034925,above,True,True,-24.320000000006985,24.320000000006985,0.9836065573770492,0.9779005524861878,opposed,opposed,0.003,0.003,buy,False,aligned
2026-03-21 02:29:00,2026-03-21,70627.0,70665.0,70627.0,70663.3,85.55,17.587,103.137,67.963,0.6589584727110541,70643.07,87209.92,-2.41e-05,0.497,0.0,False,2026-03-21.csv,67.963,positive,0.6589584727110541,0.9836065573770492,0.9834254143646409,0.9836065573770492,0.9723756906077348,36.30000000000291,38.0,0.9552631578948134,0.9552631578948134,up,aligned,0.534114150346555,20.229999999995925,20.229999999995925,above,True,True,-3.7299999999959255,3.7299999999959255,0.5245901639344263,0.5082872928176796,opposed,opposed,0.497,0.497,buy,True,aligned
2026-03-21 02:30:00,2026-03-21,70663.3,70669.4,70606.0,70610.3,35.035,90.055,125.09,-55.02000000000001,-0.43984331281477346,70633.78,87179.85,-2.41e-05,0.08,0.0,False,2026-03-21.csv,55.02000000000001,negative,0.43984331281477346,0.9672131147540983,0.9723756906077348,0.9836065573770492,0.9834254143646409,-53.0,63.39999999999418,0.8359621451104868,0.06782334384863258,down,aligned,0.9632860777898944,-23.479999999995925,23.479999999995925,below,True,True,-30.069999999992433,30.069999999992433,0.9836065573770492,0.9834254143646409,aligned,aligned,0.08,0.08,buy,True,opposed
2026-03-21 02:31:00,2026-03-21,70610.4,70612.8,70583.4,70600.6,27.368,71.042,98.41,-43.67400000000001,-0.4437963621583173,70599.48,87200.97,-2.282e-05,0.0,0.0,False,2026-03-21.csv,43.67400000000001,negative,0.4437963621583173,0.9508196721311475,0.9558011049723757,0.9508196721311475,0.9613259668508287,-9.799999999988358,29.40000000000873,0.3333333333328384,0.5850340136056644,down,aligned,0.22438979713303928,1.1200000000098953,1.1200000000098953,above,True,True,21.119999999995343,21.119999999995343,0.9508196721311475,0.9558011049723757,opposed,opposed,0.0,0.0,balanced_or_unknown,False,flat_or_unknown
2026-03-21 02:32:00,2026-03-21,70600.6,70600.7,70575.5,70593.8,19.098,17.709,36.807,1.3889999999999993,0.037737386910098605,70588.28,87228.05,-2.266e-05,0.0,0.0,False,2026-03-21.csv,1.3889999999999993,positive,0.037737386910098605,0.08196721311475409,0.11602209944751381,0.6557377049180327,0.6298342541436464,-6.80000000000291,25.19999999999709,0.2698412698414165,0.7261904761906756,down,opposed,4.895608351333991,5.5200000000040745,5.5200000000040745,above,True,True,27.080000000001746,27.080000000001746,0.9672131147540983,0.9723756906077348,aligned,opposed,0.0,0.0,balanced_or_unknown,False,flat_or_unknown
2026-03-21 02:33:00,2026-03-21,70593.8,70593.9,70533.7,70557.4,10.923,49.911,60.834,-38.988,-0.6408916066673241,70556.24,87228.41,-2.271e-05,0.0,0.0,False,2026-03-21.csv,38.988,negative,0.6408916066673241,0.9344262295081968,0.9392265193370166,0.8524590163934426,0.8674033149171271,-36.40000000000873,60.19999999999709,0.6046511627908719,0.39368770764116673,down,aligned,0.9336206012108529,1.1599999999889405,1.1599999999889405,above,True,True,0.3600000000005821,0.3600000000005821,0.04918032786885246,0.06077348066298342,opposed,opposed,0.0,0.0,balanced_or_unknown,False,flat_or_unknown
2026-03-21 02:34:00,2026-03-21,70557.4,70566.4,70545.2,70562.1,4.821,13.253,18.074,-8.432,-0.46652650215779573,70556.42,87245.78,-2.271e-05,0.0,0.0,False,2026-03-21.csv,8.432,negative,0.46652650215779573,0.47540983606557374,0.5193370165745856,0.19672131147540983,0.20994475138121546,4.7000000000116415,21.19999999999709,0.22169811320812674,0.797169811321276,up,opposed,0.557400379508022,5.680000000007567,5.680000000007567,above,True,True,17.369999999995343,17.369999999995343,0.9180327868852459,0.9281767955801105,opposed,aligned,0.0,0.0,balanced_or_unknown,False,flat_or_unknown
2026-03-21 02:35:00,2026-03-21,70562.1,70599.4,70562.1,70599.4,16.696,3.242,19.938,13.454,0.6747918547497243,70579.91,87246.01,-2.24e-05,0.0,0.0,False,2026-03-21.csv,13.454,positive,0.6747918547497243,0.6557377049180327,0.6961325966850829,0.2786885245901639,0.26519337016574585,37.29999999998836,37.29999999998836,1.0,1.0,up,aligned,2.772409692283957,19.489999999990687,19.489999999990687,above,True,True,0.22999999999592546,0.22999999999592546,0.04918032786885246,0.049723756906077346,aligned,aligned,0.0,0.0,balanced_or_unknown,False,flat_or_unknown
2026-03-21 02:36:00,2026-03-21,70599.4,70599.4,70580.3,70594.3,4.773,7.505,12.278,-2.732,-0.22251180974100018,70593.77,87248.65,-2.185e-05,0.0,0.0,False,2026-03-21.csv,2.732,negative,0.22251180974100018,0.21311475409836064,0.2154696132596685,0.08196721311475409,0.06077348066298342,-5.099999999991269,19.09999999999127,0.26701570680594766,0.7329842931940523,down,aligned,1.8667642752530265,0.5299999999988358,0.5299999999988358,above,True,True,2.639999999999418,2.639999999999418,0.3442622950819672,0.3756906077348066,opposed,opposed,0.0,0.0,balanced_or_unknown,False,flat_or_unknown
2026-03-21 02:37:00,2026-03-21,70594.3,70598.7,70580.3,70597.0,26.927,10.471,37.398,16.456,0.44002353067008926,70591.01,87251.68,-2.185e-05,0.0,0.0,False,2026-03-21.csv,16.456,positive,0.44002353067008926,0.7540983606557377,0.7569060773480663,0.6885245901639344,0.6464088397790055,2.6999999999970896,18.39999999999418,0.14673913043467085,0.9076086956523028,up,aligned,0.16407389402024122,5.990000000005239,5.990000000005239,above,True,True,3.029999999998836,3.029999999998836,0.4262295081967213,0.43646408839779005,aligned,aligned,0.0,0.0,balanced_or_unknown,False,flat_or_unknown
2026-03-21 02:38:00,2026-03-21,70597.1,70604.8,70575.8,70587.3,11.113,6.916,18.029,4.196999999999999,0.23279161351156466,70592.22,87250.8,-2.093e-05,0.0,0.0,False,2026-03-21.csv,4.196999999999999,positive,0.23279161351156466,0.3114754098360656,0.2983425414364641,0.19672131147540983,0.20441988950276244,-9.80000000000291,29.0,0.337931034482859,0.39655172413793105,down,opposed,2.3350011913278323,-4.919999999998254,4.919999999998254,below,True,True,-0.8799999999901047,0.8799999999901047,0.11475409836065574,0.17679558011049723,opposed,aligned,0.0,0.0,balanced_or_unknown,False,flat_or_unknown
2026-03-21 02:39:00,2026-03-21,70587.3,70614.1,70587.3,70610.2,30.84,7.428,38.268,23.412,0.6117905299466917,70605.8,87252.89,-2.001e-05,0.0,0.0,False,2026-03-21.csv,23.412,positive,0.6117905299466917,0.7704918032786885,0.8287292817679558,0.7049180327868853,0.6795580110497238,22.89999999999418,26.80000000000291,0.8544776119399885,0.8544776119399885,up,aligned,0.9781308730563036,4.399999999994179,4.399999999994179,above,True,True,2.0899999999965075,2.0899999999965075,0.26229508196721313,0.30939226519337015,aligned,aligned,0.0,0.0,balanced_or_unknown,False,flat_or_unknown
2026-03-21 02:40:00,2026-03-21,70610.3,70632.6,70610.2,70632.6,18.139,7.484,25.623,10.655,0.41583733364555275,70621.29,87271.52,-1.967e-05,0.0,0.0,False,2026-03-21.csv,10.655,positive,0.41583733364555275,0.5737704918032787,0.5966850828729282,0.4098360655737705,0.425414364640884,22.30000000000291,22.40000000000873,0.9955357142854562,1.0,up,aligned,2.0929141248242997,11.310000000012224,11.310000000012224,above,True,True,18.630000000004657,18.630000000004657,0.9180327868852459,0.9392265193370166,aligned,aligned,0.0,0.0,balanced_or_unknown,False,flat_or_unknown
2026-03-21 02:41:00,2026-03-21,70632.6,70714.0,70632.6,70686.3,111.643,33.287,144.93,78.356,0.540647208997447,70691.87,87281.03,-1.967e-05,1.059,0.0,False,2026-03-21.csv,78.356,positive,0.540647208997447,0.9836065573770492,0.9834254143646409,1.0,0.994475138121547,53.69999999999709,81.39999999999418,0.6597051597051711,0.6597051597051711,up,aligned,0.6853336055949397,-5.569999999992433,5.569999999992433,below,True,True,9.509999999994761,9.509999999994761,0.7704918032786885,0.7679558011049724,aligned,aligned,1.059,1.059,buy,True,aligned
2026-03-21 02:42:00,2026-03-21,70686.4,70694.5,70673.9,70679.4,19.438,20.549,39.987,-1.1110000000000007,-0.027784029809688162,70682.97,87254.46,-1.879e-05,0.0,0.0,False,2026-03-21.csv,1.1110000000000007,negative,0.027784029809688162,0.04918032786885246,0.09944751381215469,0.6885245901639344,0.7016574585635359,-7.0,20.60000000000582,0.33980582524262243,0.2669902912620605,down,aligned,6.300630063006297,-3.570000000006985,3.570000000006985,below,True,True,-26.569999999992433,26.569999999992433,0.9508196721311475,0.9668508287292817,aligned,aligned,0.0,0.0,balanced_or_unknown,False,flat_or_unknown
2026-03-21 02:43:00,2026-03-21,70679.4,70693.0,70665.4,70693.0,20.753,12.784,33.537,7.968999999999999,0.23761815308465276,70679.99,87256.6,-1.729e-05,0.0,0.0,False,2026-03-21.csv,7.968999999999999,positive,0.23761815308465276,0.3770491803278688,0.49171270718232046,0.5573770491803278,0.580110497237569,13.60000000000582,27.60000000000582,0.4927536231885128,1.0,up,aligned,1.7066131258634485,13.009999999994761,13.009999999994761,above,True,True,2.139999999999418,2.139999999999418,0.22950819672131148,0.3149171270718232,aligned,aligned,0.0,0.0,balanced_or_unknown,False,flat_or_unknown
2026-03-21 02:44:00,2026-03-21,70692.9,70693.0,70669.6,70676.5,20.367,22.272,42.639,-1.9049999999999976,-0.04467740800675432,70681.05,87260.01,-1.681e-05,0.0,0.0,False,2026-03-21.csv,1.9049999999999976,negative,0.04467740800675432,0.11475409836065574,0.17679558011049723,0.7049180327868853,0.7292817679558011,-16.39999999999418,23.39999999999418,0.7008547008546264,0.29487179487161946,down,aligned,8.608923884511391,-4.55000000000291,4.55000000000291,below,True,True,3.4099999999889405,3.4099999999889405,0.4426229508196721,0.4530386740331492,opposed,opposed,0.0,0.0,balanced_or_unknown,False,flat_or_unknown
2026-03-21 02:45:00,2026-03-21,70676.6,70678.2,70676.5,70676.7,2.825,3.39,6.215,-0.565,-0.0909090909090909,70676.9,87275.74,-1.681e-05,0.0,0.0,False,2026-03-21.csv,0.565,negative,0.0909090909090909,0.04918032786885246,0.06077348066298342,0.01639344262295082,0.0055248618784530384,0.09999999999126885,1.6999999999970896,0.05882352940672944,0.11764705882201883,up,opposed,0.17699115042702454,-0.19999999999708962,0.19999999999708962,below,True,True,15.730000000010477,15.730000000010477,0.8688524590163934,0.8895027624309392,opposed,aligned,0.0,0.0,balanced_or_unknown,False,flat_or_unknown
2026-03-21 02:46:00,2026-03-21,70676.8,70678.2,70653.2,70660.7,9.275,18.207,27.482,-8.932,-0.3250127356087621,70661.16,87277.38,-1.642e-05,0.0,0.0,False,2026-03-21.csv,8.932,negative,0.3250127356087621,0.47540983606557374,0.5248618784530387,0.3770491803278688,0.4419889502762431,-16.10000000000582,25.0,0.6440000000002328,0.3,down,aligned,1.8025078369912473,-0.46000000000640284,0.46000000000640284,below,True,True,1.639999999999418,1.639999999999418,0.18032786885245902,0.2596685082872928,opposed,opposed,0.0,0.0,balanced_or_unknown,False,flat_or_unknown
2026-03-21 02:47:00,2026-03-21,70660.7,70678.5,70659.2,70678.5,15.457,11.816,27.273,3.641,0.1335019983133502,70667.85,87281.48,-1.627e-05,0.0,0.0,False,2026-03-21.csv,3.641,positive,0.1335019983133502,0.2459016393442623,0.27071823204419887,0.3770491803278688,0.43646408839779005,17.80000000000291,19.30000000000291,0.9222797927461257,1.0,up,aligned,4.888766822302365,10.64999999999418,10.64999999999418,above,True,True,4.099999999991269,4.099999999991269,0.5573770491803278,0.5359116022099447,aligned,aligned,0.0,0.0,balanced_or_unknown,False,flat_or_unknown
2026-03-21 02:48:00,2026-03-21,70678.5,70700.0,70678.4,70699.0,39.672,16.957,56.629,22.714999999999996,0.401119567712656,70691.31,87297.07,-1.627e-05,0.0,0.0,False,2026-03-21.csv,22.714999999999996,positive,0.401119567712656,0.7540983606557377,0.8287292817679558,0.819672131147541,0.850828729281768,20.5,21.60000000000582,0.9490740740738183,0.9537037037037162,up,aligned,0.9024873431653094,7.690000000002328,7.690000000002328,above,True,True,15.59000000001106,15.59000000001106,0.8524590163934426,0.8839779005524862,aligned,aligned,0.0,0.0,balanced_or_unknown,False,flat_or_unknown
2026-03-21 02:49:00,2026-03-21,70699.0,70705.0,70695.1,70699.8,16.571,18.758,35.329,-2.1869999999999976,-0.06190381839282169,70701.69,87290.26,-1.597e-05,0.0,0.0,False,2026-03-21.csv,2.1869999999999976,negative,0.06190381839282169,0.16393442622950818,0.18232044198895028,0.5737704918032787,0.6077348066298343,0.8000000000029104,9.89999999999418,0.08080808080842229,0.4747474747474599,up,opposed,0.3657978966634254,-1.889999999999418,1.889999999999418,below,True,True,-6.810000000012224,6.810000000012224,0.6557377049180327,0.6740331491712708,aligned,opposed,0.0,0.0,balanced_or_unknown,False,flat_or_unknown
2026-03-21 02:50:00,2026-03-21,70699.8,70701.1,70671.4,70701.1,15.96,11.925,27.885,4.035,0.1447014523937601,70685.07,87296.73,-1.533e-05,0.0,0.0,False,2026-03-21.csv,4.035,positive,0.1447014523937601,0.2786885245901639,0.292817679558011,0.4098360655737705,0.46408839779005523,1.3000000000029104,29.70000000001164,0.043771043771124604,1.0,up,aligned,0.32218091697717727,16.029999999998836,16.029999999998836,above,True,True,6.470000000001164,6.470000000001164,0.6557377049180327,0.6685082872928176,aligned,aligned,0.0,0.0,balanced_or_unknown,False,flat_or_unknown
2026-03-21 02:51:00,2026-03-21,70701.2,70714.0,70701.1,70714.0,17.944,7.27,25.214,10.674,0.423336241770445,70709.8,87297.56,-1.501e-05,0.0,0.0,False,2026-03-21.csv,10.674,positive,0.423336241770445,0.5901639344262295,0.6243093922651933,0.3442622950819672,0.4088397790055249,12.80000000000291,12.89999999999418,0.9922480620161772,1.0,up,aligned,1.1991755667980992,4.19999999999709,4.19999999999709,above,True,True,0.8300000000017462,0.8300000000017462,0.08196721311475409,0.14917127071823205,aligned,aligned,0.0,0.0,balanced_or_unknown,False,flat_or_unknown
2026-03-21 02:52:00,2026-03-21,70713.9,70722.2,70699.8,70710.1,18.569,27.199,45.768,-8.630000000000003,-0.18855969236147532,70711.42,87304.6,-1.501e-05,0.002,0.0,False,2026-03-21.csv,8.630000000000003,negative,0.18855969236147532,0.47540983606557374,0.5359116022099447,0.7377049180327869,0.7458563535911602,-3.7999999999883585,22.39999999999418,0.1696428571423815,0.45982142857167796,down,aligned,0.4403244495930889,-1.319999999992433,1.319999999992433,below,True,True,7.040000000008149,7.040000000008149,0.6721311475409836,0.6906077348066298,opposed,opposed,0.002,0.002,buy,False,opposed
2026-03-21 02:53:00,2026-03-21,70710.0,70748.0,70703.5,70735.7,46.053,14.536,60.589,31.516999999999996,0.5201769298057403,70725.32,87303.11,-1.419e-05,0.015,0.0,False,2026-03-21.csv,31.516999999999996,positive,0.5201769298057403,0.8360655737704918,0.8950276243093923,0.819672131147541,0.861878453038674,25.69999999999709,44.5,0.5775280898875751,0.7235955056179121,up,aligned,0.8154329409524096,10.379999999990105,10.379999999990105,above,True,True,-1.4900000000052387,1.4900000000052387,0.19672131147540983,0.24861878453038674,opposed,opposed,0.015,0.015,buy,False,aligned
2026-03-21 02:54:00,2026-03-21,70735.8,70750.3,70734.5,70750.3,35.535,12.084,47.619,23.450999999999997,0.4924714924714924,70742.73,87301.16,-1.364e-05,0.104,0.0,False,2026-03-21.csv,23.450999999999997,positive,0.4924714924714924,0.7868852459016393,0.8287292817679558,0.7213114754098361,0.7624309392265194,14.5,15.80000000000291,0.9177215189871727,1.0,up,aligned,0.6183105198072578,7.570000000006985,7.570000000006985,above,True,True,-1.9499999999970896,1.9499999999970896,0.2459016393442623,0.30939226519337015,opposed,opposed,0.104,0.104,buy,True,aligned
2026-03-21 02:55:00,2026-03-21,70750.2,70758.2,70736.1,70736.1,14.632,36.832,51.464,-22.200000000000003,-0.4313695010104151,70748.38,87295.6,-1.364e-05,0.0,0.0,False,2026-03-21.csv,22.200000000000003,negative,0.4313695010104151,0.7377049180327869,0.8066298342541437,0.7704918032786885,0.7955801104972375,-14.099999999991269,22.09999999999127,0.6380090497736126,0.0,down,aligned,0.6351351351347417,-12.279999999998836,12.279999999998836,below,True,True,-5.559999999997672,5.559999999997672,0.5737704918032787,0.6022099447513812,aligned,aligned,0.0,0.0,balanced_or_unknown,False,flat_or_unknown
2026-03-21 02:56:00,2026-03-21,70736.1,70736.1,70683.2,70701.9,4.715,34.047,38.762,-29.331999999999997,-0.7567204994582322,70708.03,87291.3,-1.277e-05,0.0,0.0,False,2026-03-21.csv,29.331999999999997,negative,0.7567204994582322,0.819672131147541,0.8674033149171271,0.6229508196721312,0.6629834254143646,-34.20000000001164,52.90000000000873,0.6465028355388657,0.3534971644611343,down,aligned,1.165962089186269,-6.130000000004657,6.130000000004657,below,True,True,-4.30000000000291,4.30000000000291,0.5409836065573771,0.569060773480663,aligned,aligned,0.0,0.0,balanced_or_unknown,False,flat_or_unknown
2026-03-21 02:57:00,2026-03-21,70701.9,70709.5,70693.0,70709.4,9.591,31.752,41.343,-22.161,-0.5360278644510558,70698.59,87277.55,-1.259e-05,0.0,0.111,False,2026-03-21.csv,22.161,negative,0.5360278644510558,0.7049180327868853,0.7955801104972375,0.6557377049180327,0.6961325966850829,7.5,16.5,0.45454545454545453,0.9939393939390412,up,opposed,0.33843238121023417,10.809999999997672,10.809999999997672,above,True,True,-13.75,13.75,0.7704918032786885,0.850828729281768,aligned,opposed,0.111,-0.111,sell,True,aligned
2026-03-21 02:58:00,2026-03-21,70709.4,70709.5,70656.7,70687.3,12.824,30.94,43.764,-18.116,-0.4139475367882277,70676.22,87273.85,-1.314e-05,0.0,0.0,False,2026-03-21.csv,18.116,negative,0.4139475367882277,0.6721311475409836,0.7679558011049724,0.6885245901639344,0.7292817679558011,-22.09999999999127,52.80000000000291,0.4185606060604176,0.5795454545455329,down,aligned,1.21991609626801,11.080000000001746,11.080000000001746,above,True,True,-3.6999999999970896,3.6999999999970896,0.4262295081967213,0.4972375690607735,aligned,aligned,0.0,0.0,balanced_or_unknown,False,flat_or_unknown
2026-03-21 02:59:00,2026-03-21,70686.9,70691.0,70672.5,70689.8,16.265,13.814,30.079,2.4510000000000005,0.08148542172279664,70679.23,87268.06,-1.314e-05,0.0,0.0,False,2026-03-21.csv,2.4510000000000005,positive,0.08148542172279664,0.16393442622950818,0.1878453038674033,0.4098360655737705,0.4972375690607735,2.900000000008731,18.5,0.15675675675722872,0.9351351351352925,up,aligned,1.1831905344792861,10.570000000006985,10.570000000006985,above,True,True,-5.790000000008149,5.790000000008149,0.5737704918032787,0.6187845303867403,opposed,opposed,0.0,0.0,balanced_or_unknown,False,flat_or_unknown
2026-03-21 03:00:00,2026-03-21,70689.8,70703.8,70689.8,70703.8,30.527,5.191,35.718,25.336000000000002,0.709334229240159,70697.84,87264.35,-1.355e-05,0.0,0.0,False,2026-03-21.csv,25.336000000000002,positive,0.709334229240159,0.7704918032786885,0.8342541436464088,0.5081967213114754,0.5911602209944752,14.0,14.0,1.0,1.0,up,aligned,0.5525734133249132,5.960000000006403,5.960000000006403,above,True,True,-3.709999999991851,3.709999999991851,0.4262295081967213,0.49171270718232046,opposed,opposed,0.0,0.0,balanced_or_unknown,False,flat_or_unknown
2026-03-21 03:01:00,2026-03-21,70703.7,70717.5,70690.8,70693.9,18.898,26.648,45.546,-7.75,-0.17015764282264084,70708.99,87267.32,-1.366e-05,0.0,0.0,False,2026-03-21.csv,7.75,negative,0.17015764282264084,0.3442622950819672,0.46408839779005523,0.6885245901639344,0.7348066298342542,-9.80000000000291,26.69999999999709,0.36704119850202166,0.11610486891354332,down,aligned,1.2645161290326337,-15.09000000001106,15.09000000001106,below,True,True,2.970000000001164,2.970000000001164,0.3442622950819672,0.3867403314917127,opposed,opposed,0.0,0.0,balanced_or_unknown,False,flat_or_unknown
2026-03-21 03:02:00,2026-03-21,70693.8,70693.8,70667.6,70678.4,18.559,27.974,46.533,-9.415,-0.20232952958115744,70676.89,87271.07,-1.366e-05,0.0,0.0,False,2026-03-21.csv,9.415,negative,0.20232952958115744,0.5081967213114754,0.5524861878453039,0.7213114754098361,0.7458563535911602,-15.400000000008731,26.19999999999709,0.5877862595423833,0.4122137404576167,down,aligned,1.6356877323429349,1.5099999999947613,1.5099999999947613,above,True,True,3.75,3.75,0.47540983606557374,0.5027624309392266,opposed,opposed,0.0,0.0,balanced_or_unknown,False,flat_or_unknown
2026-03-21 03:03:00,2026-03-21,70678.4,70678.4,70649.9,70666.0,9.795,18.296,28.091,-8.501,-0.3026236161048022,70663.1,87274.01,-1.338e-05,0.0,0.0,False,2026-03-21.csv,8.501,negative,0.3026236161048022,0.4262295081967213,0.5138121546961326,0.36065573770491804,0.43646408839779005,-12.39999999999418,28.5,0.43508771929804135,0.5649122807019586,down,aligned,1.4586519233024562,2.8999999999941792,2.8999999999941792,above,True,True,2.9399999999877764,2.9399999999877764,0.32786885245901637,0.3867403314917127,opposed,opposed,0.0,0.0,balanced_or_unknown,False,flat_or_unknown
2026-03-21 03:04:00,2026-03-21,70665.9,70666.8,70651.2,70662.8,6.895,21.947,28.842,-15.052,-0.5218778170723251,70665.0,87271.17,-1.365e-05,0.0,0.0,False,2026-03-21.csv,15.052,negative,0.5218778170723251,0.6557377049180327,0.7071823204419889,0.39344262295081966,0.4530386740331492,-3.099999999991269,15.60000000000582,0.19871794871731488,0.7435897435898393,down,aligned,0.20595269731539123,-2.1999999999970896,2.1999999999970896,below,True,True,-2.8399999999965075,2.8399999999965075,0.32786885245901637,0.3812154696132597,aligned,aligned,0.0,0.0,balanced_or_unknown,False,flat_or_unknown
2026-03-21 03:05:00,2026-03-21,70662.8,70662.9,70629.9,70629.9,8.386,40.754,49.14,-32.367999999999995,-0.6586894586894586,70650.74,87276.34,-1.371e-05,0.0,0.0,False,2026-03-21.csv,32.367999999999995,negative,0.6586894586894586,0.8688524590163934,0.9005524861878453,0.7704918032786885,0.7734806629834254,-32.90000000000873,33.0,0.9969696969699615,0.0,down,aligned,1.0164359861594394,-20.84000000001106,20.84000000001106,below,True,True,5.169999999998254,5.169999999998254,0.5573770491803278,0.585635359116022,opposed,opposed,0.0,0.0,balanced_or_unknown,False,flat_or_unknown
2026-03-21 03:06:00,2026-03-21,70629.9,70666.0,70629.9,70666.0,43.53,9.33,52.86,34.2,0.6469920544835415,70643.69,87275.46,-1.371e-05,0.0,0.0,False,2026-03-21.csv,34.2,positive,0.6469920544835415,0.9016393442622951,0.9060773480662984,0.8524590163934426,0.8176795580110497,36.10000000000582,36.10000000000582,1.0,1.0,up,aligned,1.0555555555557257,22.30999999999767,22.30999999999767,above,True,True,-0.8799999999901047,0.8799999999901047,0.11475409836065574,0.16022099447513813,opposed,opposed,0.0,0.0,balanced_or_unknown,False,flat_or_unknown
2026-03-21 03:07:00,2026-03-21,70665.9,70674.3,70665.9,70672.9,8.703,4.362,13.065,4.340999999999999,0.33226176808266356,70672.08,87273.59,-1.413e-05,0.0,0.0,False,2026-03-21.csv,4.340999999999999,positive,0.33226176808266356,0.2786885245901639,0.30939226519337015,0.08196721311475409,0.07734806629834254,7.0,8.400000000008731,0.8333333333324672,0.8333333333324672,up,aligned,1.6125316747293252,0.819999999992433,0.819999999992433,above,True,True,-1.8700000000098953,1.8700000000098953,0.19672131147540983,0.27624309392265195,opposed,opposed,0.0,0.0,balanced_or_unknown,False,flat_or_unknown
2026-03-21 03:08:00,2026-03-21,70673.0,70700.6,70672.9,70700.6,19.397,4.78,24.177,14.616999999999997,0.6045828680150556,70692.2,87272.65,-1.38e-05,0.0,0.0,False,2026-03-21.csv,14.616999999999997,positive,0.6045828680150556,0.639344262295082,0.6961325966850829,0.2459016393442623,0.34806629834254144,27.60000000000582,27.70000000001164,0.9963898916965422,1.0,up,aligned,1.8882123554768986,8.400000000008731,8.400000000008731,above,True,True,-0.9400000000023283,0.9400000000023283,0.13114754098360656,0.16574585635359115,opposed,opposed,0.0,0.0,balanced_or_unknown,False,flat_or_unknown
2026-03-21 03:09:00,2026-03-21,70700.5,70720.0,70700.5,70704.6,15.896,10.833,26.729,5.063000000000001,0.1894197313779042,70712.33,87274.85,-1.38e-05,0.0,0.0,False,2026-03-21.csv,5.063000000000001,positive,0.1894197313779042,0.3114754098360656,0.35359116022099446,0.32786885245901637,0.40331491712707185,4.100000000005821,19.5,0.21025641025670877,0.21025641025670877,up,aligned,0.8097965633035394,-7.7299999999959255,7.7299999999959255,below,True,True,2.2000000000116415,2.2000000000116415,0.2786885245901639,0.3149171270718232,aligned,aligned,0.0,0.0,balanced_or_unknown,False,flat_or_unknown
2026-03-21 03:10:00,2026-03-21,70704.7,70713.1,70701.0,70712.9,8.921,13.195,22.116,-4.274000000000001,-0.1932537529390487,70707.91,87272.5,-1.336e-05,0.0,0.0,False,2026-03-21.csv,4.274000000000001,negative,0.1932537529390487,0.2786885245901639,0.30939226519337015,0.21311475409836064,0.287292817679558,8.19999999999709,12.10000000000582,0.6776859504126566,0.9834710743792111,up,opposed,1.9185774450156967,4.989999999990687,4.989999999990687,above,True,True,-2.3500000000058208,2.3500000000058208,0.29508196721311475,0.3259668508287293,aligned,opposed,0.0,0.0,balanced_or_unknown,False,flat_or_unknown
2026-03-21 03:11:00,2026-03-21,70712.9,70734.1,70700.0,70730.4,26.392,14.653,41.045,11.738999999999999,0.2860031672554513,70718.86,87266.43,-1.31e-05,0.0,0.0,False,2026-03-21.csv,11.738999999999999,positive,0.2860031672554513,0.5737704918032787,0.6408839779005525,0.6557377049180327,0.6850828729281768,17.5,34.10000000000582,0.5131964809383288,0.8914956011726977,up,aligned,1.4907573047107932,11.539999999993597,11.539999999993597,above,True,True,-6.070000000006985,6.070000000006985,0.6721311475409836,0.6685082872928176,opposed,opposed,0.0,0.0,balanced_or_unknown,False,flat_or_unknown
2026-03-21 03:12:00,2026-03-21,70730.4,70752.6,70730.4,70735.2,30.48,18.991,49.471,11.489,0.2322370681813588,70745.84,87272.4,-1.302e-05,0.0,0.0,False,2026-03-21.csv,11.489,positive,0.2322370681813588,0.5573770491803278,0.6298342541436464,0.8032786885245902,0.7955801104972375,4.80000000000291,22.20000000001164,0.21621621621623394,0.21621621621623394,up,aligned,0.41779093045547133,-10.639999999999418,10.639999999999418,below,True,True,5.970000000001164,5.970000000001164,0.6557377049180327,0.6629834254143646,aligned,aligned,0.0,0.0,balanced_or_unknown,False,flat_or_unknown
2026-03-21 03:13:00,2026-03-21,70735.3,70735.3,70666.9,70666.9,13.809,40.709,54.518,-26.900000000000006,-0.49341501889284284,70705.58,87274.88,-1.302e-05,0.0,0.0,False,2026-03-21.csv,26.900000000000006,negative,0.49341501889284284,0.8032786885245902,0.850828729281768,0.8688524590163934,0.850828729281768,-68.40000000000873,68.40000000000873,1.0,0.0,down,aligned,2.5427509293683537,-38.68000000000757,38.68000000000757,below,True,True,2.4800000000104774,2.4800000000104774,0.29508196721311475,0.3314917127071823,opposed,opposed,0.0,0.0,balanced_or_unknown,False,flat_or_unknown
2026-03-21 03:14:00,2026-03-21,70666.9,70667.0,70622.6,70663.3,33.64,51.852,85.492,-18.211999999999996,-0.21302578018995924,70640.09,87287.7,-1.264e-05,0.0,0.0,False,2026-03-21.csv,18.211999999999996,negative,0.21302578018995924,0.6885245901639344,0.7790055248618785,0.9180327868852459,0.9447513812154696,-3.599999999991269,44.39999999999418,0.08108108108089507,0.9166666666667213,down,aligned,0.197671864704111,23.210000000006403,23.210000000006403,above,True,True,12.819999999992433,12.819999999992433,0.8032786885245902,0.8397790055248618,opposed,opposed,0.0,0.0,balanced_or_unknown,False,flat_or_unknown
2026-03-21 03:15:00,2026-03-21,70663.3,70666.1,70663.3,70666.1,2.595,3.529,6.124,-0.9339999999999997,-0.15251469627694314,70664.0,87308.62,-1.324e-05,0.0,0.0,False,2026-03-21.csv,0.9339999999999997,negative,0.15251469627694314,0.03278688524590164,0.07734806629834254,0.01639344262295082,0.0055248618784530384,2.8000000000029104,2.8000000000029104,1.0,1.0,up,opposed,2.9978586723799907,2.1000000000058208,2.1000000000058208,above,True,True,20.919999999998254,20.919999999998254,0.9180327868852459,0.9502762430939227,opposed,aligned,0.0,0.0,balanced_or_unknown,False,flat_or_unknown
2026-03-21 03:16:00,2026-03-21,70666.1,70674.2,70630.4,70630.7,10.471,18.975,29.446,-8.504000000000001,-0.288799836989744,70658.28,87308.83,-1.324e-05,0.0,0.0,False,2026-03-21.csv,8.504000000000001,negative,0.288799836989744,0.4098360655737705,0.5138121546961326,0.39344262295081966,0.4861878453038674,-35.40000000000873,43.80000000000291,0.8082191780823375,0.006849315068559143,down,aligned,4.162746942616266,-27.580000000001746,27.580000000001746,below,True,True,0.21000000000640284,0.21000000000640284,0.03278688524590164,0.03867403314917127,opposed,opposed,0.0,0.0,balanced_or_unknown,False,flat_or_unknown
2026-03-21 03:17:00,2026-03-21,70630.8,70657.2,70630.7,70649.1,9.339,13.884,23.223,-4.545,-0.19571114843043536,70645.24,87312.79,-1.265e-05,0.0,0.0,False,2026-03-21.csv,4.545,negative,0.19571114843043536,0.2786885245901639,0.32044198895027626,0.22950819672131148,0.3259668508287293,18.30000000000291,26.5,0.6905660377359589,0.6943396226418389,up,opposed,4.026402640264667,3.860000000000582,3.860000000000582,above,True,True,3.959999999991851,3.959999999991851,0.5409836065573771,0.5469613259668509,opposed,aligned,0.0,0.0,balanced_or_unknown,False,flat_or_unknown
2026-03-21 03:18:00,2026-03-21,70649.1,70657.2,70636.7,70653.7,12.211,8.669,20.88,3.542,0.1696360153256705,70644.21,87318.33,-1.238e-05,0.0,0.0,False,2026-03-21.csv,3.542,positive,0.1696360153256705,0.19672131147540983,0.24861878453038674,0.18032786885245902,0.2596685082872928,4.599999999991269,20.5,0.22439024390201312,0.8292682926829268,up,aligned,1.2987012986988338,9.489999999990687,9.489999999990687,above,True,True,5.540000000008149,5.540000000008149,0.6065573770491803,0.6187845303867403,aligned,aligned,0.0,0.0,balanced_or_unknown,False,flat_or_unknown
2026-03-21 03:19:00,2026-03-21,70653.7,70657.0,70646.0,70656.9,9.912,7.442,17.354,2.4700000000000006,0.14233029849026166,70653.47,87319.23,-1.224e-05,0.0,0.0,False,2026-03-21.csv,2.4700000000000006,positive,0.14233029849026166,0.14754098360655737,0.1878453038674033,0.09836065573770492,0.15469613259668508,3.1999999999970896,11.0,0.29090909090882633,0.9909090909085617,up,aligned,1.2955465587032748,3.429999999993015,3.429999999993015,above,True,True,0.8999999999941792,0.8999999999941792,0.13114754098360656,0.16022099447513813,aligned,aligned,0.0,0.0,balanced_or_unknown,False,flat_or_unknown
2026-03-21 03:20:00,2026-03-21,70656.9,70666.7,70645.9,70645.9,8.412,9.334,17.746,-0.9219999999999988,-0.05195537022427583,70659.33,87315.79,-1.224e-05,0.0,0.0,False,2026-03-21.csv,0.9219999999999988,negative,0.05195537022427583,0.03278688524590164,0.07734806629834254,0.13114754098360656,0.18232044198895028,-11.0,20.80000000000291,0.5288461538460798,0.0,down,aligned,11.930585683297195,-13.430000000007567,13.430000000007567,below,True,True,-3.4400000000023283,3.4400000000023283,0.4426229508196721,0.47513812154696133,aligned,aligned,0.0,0.0,balanced_or_unknown,False,flat_or_unknown
2026-03-21 03:21:00,2026-03-21,70645.8,70645.8,70633.1,70633.6,3.324,14.86,18.184,-11.536,-0.6344038715354157,70634.94,87316.67,-1.197e-05,0.0,0.0,False,2026-03-21.csv,11.536,negative,0.6344038715354157,0.5737704918032787,0.6464088397790055,0.18032786885245902,0.2154696132596685,-12.19999999999709,12.69999999999709,0.9606299212598335,0.0393700787401665,down,aligned,1.0575589459082082,-1.3399999999965075,1.3399999999965075,below,True,True,0.8800000000046566,0.8800000000046566,0.13114754098360656,0.16022099447513813,opposed,opposed,0.0,0.0,balanced_or_unknown,False,flat_or_unknown
2026-03-21 03:22:00,2026-03-21,70633.7,70656.0,70633.5,70656.0,18.703,14.824,33.527,3.8789999999999996,0.11569779580636501,70641.29,87317.74,-1.209e-05,0.0,0.0,False,2026-03-21.csv,3.8789999999999996,positive,0.11569779580636501,0.2459016393442623,0.281767955801105,0.47540983606557374,0.6077348066298343,22.30000000000291,22.5,0.9911111111112405,1.0,up,aligned,5.748904356793739,14.710000000006403,14.710000000006403,above,True,True,1.070000000006985,1.070000000006985,0.18032786885245902,0.18232044198895028,aligned,aligned,0.0,0.0,balanced_or_unknown,False,flat_or_unknown
2026-03-21 03:23:00,2026-03-21,70656.0,70656.0,70650.0,70653.2,6.305,8.495,14.8,-2.1899999999999995,-0.14797297297297293,70653.17,87327.75,-1.214e-05,0.0,0.0,False,2026-03-21.csv,2.1899999999999995,negative,0.14797297297297293,0.14754098360655737,0.17679558011049723,0.09836065573770492,0.1270718232044199,-2.8000000000029104,6.0,0.46666666666715173,0.5333333333328483,down,aligned,1.2785388127867174,0.029999999998835847,0.029999999998835847,above,True,True,10.009999999994761,10.009999999994761,0.7868852459016393,0.8287292817679558,opposed,opposed,0.0,0.0,balanced_or_unknown,False,flat_or_unknown
2026-03-21 03:24:00,2026-03-21,70653.2,70658.0,70653.1,70658.0,6.171,3.946,10.117,2.225,0.2199268557872887,70656.51,87326.81,-1.214e-05,0.0,0.0,False,2026-03-21.csv,2.225,positive,0.2199268557872887,0.16393442622950818,0.1878453038674033,0.06557377049180328,0.027624309392265192,4.80000000000291,4.899999999994179,0.9795918367364514,1.0,up,aligned,2.1573033707878246,1.4900000000052387,1.4900000000052387,above,True,True,-0.9400000000023283,0.9400000000023283,0.18032786885245902,0.17679558011049723,opposed,opposed,0.0,0.0,balanced_or_unknown,False,flat_or_unknown
2026-03-21 03:25:00,2026-03-21,70658.0,70658.0,70646.0,70646.0,2.546,6.724,9.27,-4.178000000000001,-0.4507011866235168,70653.35,87327.62,-1.212e-05,0.0,0.0,False,2026-03-21.csv,4.178000000000001,negative,0.4507011866235168,0.2786885245901639,0.32044198895027626,0.06557377049180328,0.027624309392265192,-12.0,12.0,1.0,0.0,down,aligned,2.8721876495931062,-7.350000000005821,7.350000000005821,below,True,True,0.8099999999976717,0.8099999999976717,0.08196721311475409,0.13259668508287292,opposed,opposed,0.0,0.0,balanced_or_unknown,False,flat_or_unknown
2026-03-21 03:26:00,2026-03-21,70646.0,70648.1,70614.2,70648.1,14.823,49.922,64.745,-35.099,-0.5421113599505752,70627.17,87328.4,-1.208e-05,0.0,0.0,False,2026-03-21.csv,35.099,negative,0.5421113599505752,0.9180327868852459,0.9447513812154696,0.9016393442622951,0.9447513812154696,2.1000000000058208,33.90000000000873,0.061946902655023006,1.0,up,opposed,0.05983076440940827,20.930000000007567,20.930000000007567,above,True,True,0.7799999999988358,0.7799999999988358,0.08196721311475409,0.13259668508287292,opposed,aligned,0.0,0.0,balanced_or_unknown,False,flat_or_unknown
2026-03-21 03:27:00,2026-03-21,70648.1,70661.9,70644.0,70661.4,12.266,26.712,38.978,-14.446,-0.3706193237210734,70655.72,87356.59,-1.208e-05,0.0,0.0,False,2026-03-21.csv,14.446,negative,0.3706193237210734,0.6229508196721312,0.7292817679558011,0.5901639344262295,0.7182320441988951,13.299999999988358,17.89999999999418,0.7430167597761276,0.9720670391061361,up,opposed,0.9206700816827051,5.679999999993015,5.679999999993015,above,True,True,28.19000000000233,28.19000000000233,0.9836065573770492,0.9834254143646409,opposed,aligned,0.0,0.0,balanced_or_unknown,False,flat_or_unknown
2026-03-21 03:28:00,2026-03-21,70661.5,70688.0,70661.4,70687.9,16.666,4.114,20.78,12.552,0.6040423484119345,70680.47,87356.58,-1.206e-05,0.0,0.0,False,2026-03-21.csv,12.552,positive,0.6040423484119345,0.6065573770491803,0.6961325966850829,0.22950819672131148,0.287292817679558,26.39999999999418,26.60000000000582,0.9924812030070828,0.9962406015035414,up,aligned,2.1032504780110086,7.429999999993015,7.429999999993015,above,True,True,-0.00999999999476131,0.00999999999476131,0.01639344262295082,0.011049723756906077,opposed,opposed,0.0,0.0,balanced_or_unknown,False,flat_or_unknown
2026-03-21 03:29:00,2026-03-21,70688.0,70688.0,70677.4,70677.4,4.527,16.645,21.172,-12.117999999999999,-0.5723597203854146,70685.97,87350.14,-1.13e-05,0.0,0.0,False,2026-03-21.csv,12.117999999999999,negative,0.5723597203854146,0.5901639344262295,0.6850828729281768,0.26229508196721313,0.30939226519337015,-10.60000000000582,10.60000000000582,1.0,0.0,down,aligned,0.8747318039285213,-8.570000000006985,8.570000000006985,below,True,True,-6.440000000002328,6.440000000002328,0.7213114754098361,0.7458563535911602,aligned,aligned,0.0,0.0,balanced_or_unknown,False,flat_or_unknown
2026-03-21 03:30:00,2026-03-21,70677.4,70682.9,70672.9,70673.0,3.413,8.469,11.882,-5.055999999999999,-0.42551758963137515,70681.31,87349.52,-1.058e-05,0.0,0.0,False,2026-03-21.csv,5.055999999999999,negative,0.42551758963137515,0.36065573770491804,0.3867403314917127,0.08196721311475409,0.055248618784530384,-4.399999999994179,10.0,0.4399999999994179,0.010000000000582076,down,aligned,0.8702531645558109,-8.309999999997672,8.309999999997672,below,True,True,-0.6199999999953434,0.6199999999953434,0.08196721311475409,0.10497237569060773,aligned,aligned,0.0,0.0,balanced_or_unknown,False,flat_or_unknown
2026-03-21 03:31:00,2026-03-21,70672.9,70672.9,70638.7,70642.4,5.32,16.104,21.424,-10.783999999999999,-0.5033607169529499,70649.3,87347.24,-1.058e-05,0.0,0.0,False,2026-03-21.csv,10.783999999999999,negative,0.5033607169529499,0.5573770491803278,0.6408839779005525,0.29508196721311475,0.3259668508287293,-30.5,34.19999999999709,0.8918128654971519,0.10818713450284809,down,aligned,2.82826409495549,-6.900000000008731,6.900000000008731,below,True,True,-2.279999999998836,2.279999999998836,0.3770491803278688,0.34806629834254144,aligned,aligned,0.0,0.0,balanced_or_unknown,False,flat_or_unknown
2026-03-21 03:32:00,2026-03-21,70642.3,70642.4,70624.0,70641.0,11.842,14.584,26.426,-2.741999999999999,-0.1037614470597139,70631.22,87342.21,-1.043e-05,0.0,0.0,False,2026-03-21.csv,2.741999999999999,negative,0.1037614470597139,0.21311475409836064,0.23204419889502761,0.39344262295081966,0.46408839779005523,-1.3000000000029104,18.39999999999418,0.070652173913224,0.9239130434785532,down,aligned,0.47410649161302365,9.779999999998836,9.779999999998836,above,True,True,-5.029999999998836,5.029999999998836,0.639344262295082,0.6353591160220995,aligned,aligned,0.0,0.0,balanced_or_unknown,False,flat_or_unknown
2026-03-21 03:33:00,2026-03-21,70641.2,70642.6,70615.7,70615.8,4.394,23.943,28.337,-19.549,-0.689875427885803,70634.22,87352.18,-1.097e-05,0.0,0.0,False,2026-03-21.csv,19.549,negative,0.689875427885803,0.7704918032786885,0.8287292817679558,0.4918032786885246,0.5138121546961326,-25.39999999999418,26.90000000000873,0.9442379182150905,0.0037174721191742866,down,aligned,1.2992991968895689,-18.419999999998254,18.419999999998254,below,True,True,9.969999999986612,9.969999999986612,0.8360655737704918,0.8342541436464088,opposed,opposed,0.0,0.0,balanced_or_unknown,False,flat_or_unknown
2026-03-21 03:34:00,2026-03-21,70615.7,70634.0,70614.6,70630.7,13.785,11.091,24.876,2.694000000000001,0.108297153883261,70623.53,87353.21,-1.097e-05,0.0,0.0,False,2026-03-21.csv,2.694000000000001,positive,0.108297153883261,0.18032786885245902,0.22099447513812154,0.36065573770491804,0.430939226519337,15.0,19.39999999999418,0.7731958762888917,0.8298969072162938,up,aligned,5.567928730512247,7.169999999998254,7.169999999998254,above,True,True,1.0300000000133878,1.0300000000133878,0.22950819672131148,0.19337016574585636,aligned,aligned,0.0,0.0,balanced_or_unknown,False,flat_or_unknown
2026-03-21 03:35:00,2026-03-21,70630.5,70630.6,70615.7,70615.8,1.154,6.55,7.704,-5.396,-0.7004153686396677,70621.28,87357.51,-1.147e-05,0.0,0.0,False,2026-03-21.csv,5.396,negative,0.7004153686396677,0.4098360655737705,0.4088397790055249,0.04918032786885246,0.022099447513812154,-14.69999999999709,14.900000000008731,0.9865771812072802,0.006711409396359877,down,aligned,2.7242401779090235,-5.4799999999959255,5.4799999999959255,below,True,True,4.2999999999883585,4.2999999999883585,0.6229508196721312,0.6187845303867403,opposed,opposed,0.0,0.0,balanced_or_unknown,False,flat_or_unknown
2026-03-21 03:36:00,2026-03-21,70615.8,70615.8,70595.6,70604.1,18.305,11.002,29.307,7.302999999999999,0.24918961340294127,70599.85,87356.58,-1.162e-05,0.0,0.0,False,2026-03-21.csv,7.302999999999999,positive,0.24918961340294127,0.4262295081967213,0.47513812154696133,0.5245901639344263,0.5469613259668509,-11.69999999999709,20.19999999999709,0.5792079207920185,0.4207920792079814,down,opposed,1.6020813364366824,4.25,4.25,above,True,True,-0.9299999999930151,0.9299999999930151,0.18032786885245902,0.17679558011049723,opposed,aligned,0.0,0.0,balanced_or_unknown,False,flat_or_unknown
2026-03-21 03:37:00,2026-03-21,70604.2,70604.2,70595.6,70599.3,8.221,15.386,23.607,-7.164999999999999,-0.3035116702672936,70600.45,87353.13,-1.17e-05,0.0,0.0,False,2026-03-21.csv,7.164999999999999,negative,0.3035116702672936,0.4098360655737705,0.46408839779005523,0.3114754098360656,0.3867403314917127,-4.899999999994179,8.599999999991269,0.5697674418603668,0.43023255813963324,down,aligned,0.6838799720857195,-1.1499999999941792,1.1499999999941792,below,True,True,-3.4499999999970896,3.4499999999970896,0.5245901639344263,0.4972375690607735,aligned,aligned,0.0,0.0,balanced_or_unknown,False,flat_or_unknown
2026-03-21 03:38:00,2026-03-21,70599.3,70616.7,70599.2,70609.0,21.409,9.813,31.222,11.595999999999998,0.37140477868169874,70606.91,87351.34,-1.17e-05,0.0,0.0,False,2026-03-21.csv,11.595999999999998,positive,0.37140477868169874,0.639344262295082,0.6685082872928176,0.5737704918032787,0.5911602209944752,9.69999999999709,17.5,0.554285714285548,0.5600000000001663,up,aligned,0.8364953432215497,2.0899999999965075,2.0899999999965075,above,True,True,-1.790000000008149,1.790000000008149,0.29508196721311475,0.2983425414364641,opposed,opposed,0.0,0.0,balanced_or_unknown,False,flat_or_unknown
2026-03-21 03:39:00,2026-03-21,70608.9,70618.1,70593.8,70593.9,10.319,28.061,38.38,-17.741999999999997,-0.46227201667535167,70605.63,87346.61,-1.167e-05,0.0,0.0,False,2026-03-21.csv,17.741999999999997,negative,0.46227201667535167,0.7377049180327869,0.8011049723756906,0.6557377049180327,0.7071823204419889,-15.0,24.30000000000291,0.61728395061721,0.00411522633708876,down,aligned,0.8454514710855598,-11.730000000010477,11.730000000010477,below,True,True,-4.7299999999959255,4.7299999999959255,0.639344262295082,0.6298342541436464,aligned,aligned,0.0,0.0,balanced_or_unknown,False,flat_or_unknown
2026-03-21 03:40:00,2026-03-21,70593.8,70600.0,70591.0,70593.9,4.054,6.114,10.168,-2.0599999999999996,-0.20259638080251768,70594.73,87353.18,-1.174e-05,0.004,0.023,False,2026-03-21.csv,2.0599999999999996,negative,0.20259638080251768,0.09836065573770492,0.15469613259668508,0.09836065573770492,0.049723756906077346,0.09999999999126885,9.0,0.011111111110140983,0.3222222222215755,up,opposed,0.048543689316149934,-0.8300000000017462,0.8300000000017462,below,True,True,6.569999999992433,6.569999999992433,0.7868852459016393,0.7513812154696132,opposed,aligned,0.027,-0.019,sell,True,aligned
2026-03-21 03:41:00,2026-03-21,70594.0,70618.1,70593.9,70618.0,15.054,4.5,19.554,10.554,0.5397361153728139,70606.87,87353.28,-1.174e-05,0.0,0.0,False,2026-03-21.csv,10.554,positive,0.5397361153728139,0.5573770491803278,0.6187845303867403,0.21311475409836064,0.27071823204419887,24.0,24.20000000001164,0.9917355371896056,0.9958677685948027,up,aligned,2.274019329164298,11.130000000004657,11.130000000004657,above,True,True,0.10000000000582077,0.10000000000582077,0.03278688524590164,0.03314917127071823,aligned,aligned,0.0,0.0,balanced_or_unknown,False,flat_or_unknown
2026-03-21 03:42:00,2026-03-21,70618.1,70618.1,70618.0,70618.1,3.253,1.074,4.327,2.1790000000000003,0.5035821585394038,70618.08,87352.38,-1.196e-05,0.0,0.0,False,2026-03-21.csv,2.1790000000000003,positive,0.5035821585394038,0.11475409836065574,0.16022099447513813,0.01639344262295082,0.0055248618784530384,0.0,0.10000000000582077,0.0,1.0,flat_or_unknown,flat_or_unknown,0.0,0.020000000004074536,0.020000000004074536,above,True,True,-0.8999999999941792,0.8999999999941792,0.18032786885245902,0.16022099447513813,opposed,flat_or_unknown,0.0,0.0,balanced_or_unknown,False,flat_or_unknown
2026-03-21 03:43:00,2026-03-21,70618.0,70618.1,70610.2,70610.2,4.734,8.643,13.377,-3.9090000000000007,-0.2922179860955372,70615.12,87352.42,-1.156e-05,0.0,0.0,False,2026-03-21.csv,3.9090000000000007,negative,0.2922179860955372,0.2786885245901639,0.2983425414364641,0.16393442622950818,0.11602209944751381,-7.80000000000291,7.900000000008731,0.9873417721511759,0.0,down,aligned,1.9953952417505523,-4.919999999998254,4.919999999998254,below,True,True,0.03999999999359716,0.03999999999359716,0.03278688524590164,0.03314917127071823,opposed,opposed,0.0,0.0,balanced_or_unknown,False,flat_or_unknown
2026-03-21 03:44:00,2026-03-21,70610.3,70611.0,70610.2,70610.9,5.674,2.185,7.859,3.4890000000000003,0.4439496119099122,70610.34,87348.28,-1.113e-05,0.0,0.0,False,2026-03-21.csv,3.4890000000000003,positive,0.4439496119099122,0.22950819672131148,0.2596685082872928,0.08196721311475409,0.03867403314917127,0.5999999999912689,0.8000000000029104,0.7499999999863576,0.8749999999931788,up,aligned,0.17196904556929457,0.5599999999976717,0.5599999999976717,above,True,True,-4.139999999999418,4.139999999999418,0.6229508196721312,0.5966850828729282,opposed,opposed,0.0,0.0,balanced_or_unknown,False,flat_or_unknown
2026-03-21 03:45:00,2026-03-21,70611.0,70616.0,70609.4,70609.4,3.43,4.693,8.123,-1.2629999999999995,-0.1554844269358611,70613.38,87347.1,-1.113e-05,0.0,0.0,False,2026-03-21.csv,1.2629999999999995,negative,0.1554844269358611,0.06557377049180328,0.10497237569060773,0.09836065573770492,0.04419889502762431,-1.6000000000058208,6.600000000005821,0.24242424242491056,0.0,down,aligned,1.26682501979875,-3.9800000000104774,3.9800000000104774,below,True,True,-1.179999999993015,1.179999999993015,0.29508196721311475,0.2265193370165746,aligned,aligned,0.0,0.0,balanced_or_unknown,False,flat_or_unknown
2026-03-21 03:46:00,2026-03-21,70609.5,70609.5,70590.0,70594.0,6.711,66.489,73.2,-59.778000000000006,-0.8166393442622951,70595.16,87325.75,-1.117e-05,0.0,0.0,False,2026-03-21.csv,59.778000000000006,negative,0.8166393442622951,1.0,0.9834254143646409,0.9836065573770492,0.9502762430939227,-15.5,19.5,0.7948717948717948,0.20512820512820512,down,aligned,0.25929271638395396,-1.1600000000034925,1.1600000000034925,below,True,True,-21.35000000000582,21.35000000000582,0.9836065573770492,0.9668508287292817,aligned,aligned,0.0,0.0,balanced_or_unknown,False,flat_or_unknown
2026-03-21 03:47:00,2026-03-21,70594.1,70614.0,70594.1,70613.9,3.959,2.783,6.742,1.1760000000000002,0.17442895283298726,70604.81,87346.1,-1.112e-05,0.0,0.0,False,2026-03-21.csv,1.1760000000000002,positive,0.17442895283298726,0.04918032786885246,0.09944751381215469,0.04918032786885246,0.022099447513812154,19.79999999998836,19.89999999999418,0.9949748743715653,0.9949748743715653,up,aligned,16.83673469386765,9.089999999996508,9.089999999996508,above,True,True,20.35000000000582,20.35000000000582,0.9508196721311475,0.9447513812154696,aligned,aligned,0.0,0.0,balanced_or_unknown,False,flat_or_unknown
2026-03-21 03:48:00,2026-03-21,70613.9,70614.0,70593.1,70610.5,7.608,30.83,38.438,-23.221999999999998,-0.6041417347416618,70605.19,87347.09,-1.112e-05,0.0,0.0,False,2026-03-21.csv,23.221999999999998,negative,0.6041417347416618,0.8524590163934426,0.850828729281768,0.6885245901639344,0.712707182320442,-3.3999999999941792,20.89999999999418,0.1626794258370874,0.8325358851674175,down,aligned,0.14641288433357072,5.309999999997672,5.309999999997672,above,True,True,0.9899999999906868,0.9899999999906868,0.26229508196721313,0.18232044198895028,opposed,opposed,0.0,0.0,balanced_or_unknown,False,flat_or_unknown
2026-03-21 03:49:00,2026-03-21,70610.6,70617.0,70608.7,70608.9,2.261,7.686,9.947,-5.425,-0.5453905700211119,70612.23,87366.18,-1.088e-05,0.0,0.0,False,2026-03-21.csv,5.425,negative,0.5453905700211119,0.4262295081967213,0.40331491712707185,0.13114754098360656,0.055248618784530384,-1.7000000000116415,8.30000000000291,0.2048192771097645,0.024096385541809578,down,aligned,0.3133640553016851,-3.3300000000017462,3.3300000000017462,below,True,True,19.089999999996508,19.089999999996508,0.9344262295081968,0.9392265193370166,opposed,opposed,0.0,0.0,balanced_or_unknown,False,flat_or_unknown
2026-03-21 03:50:00,2026-03-21,70608.8,70612.0,70597.4,70597.4,3.452,5.853,9.305,-2.401,-0.25803331542181623,70610.05,87366.04,-1.062e-05,0.0,0.0,False,2026-03-21.csv,2.401,negative,0.25803331542181623,0.14754098360655737,0.1878453038674033,0.13114754098360656,0.055248618784530384,-11.400000000008731,14.60000000000582,0.7808219178085058,0.0,down,aligned,4.7480216576462855,-12.650000000008731,12.650000000008731,below,True,True,-0.13999999999941792,0.13999999999941792,0.06557377049180328,0.03867403314917127,aligned,aligned,0.0,0.0,balanced_or_unknown,False,flat_or_unknown
2026-03-21 03:51:00,2026-03-21,70597.4,70616.0,70590.0,70615.9,7.477,18.07,25.547,-10.593,-0.41464751242807374,70594.35,87376.12,-1.039e-05,0.0,0.0,False,2026-03-21.csv,10.593,negative,0.41464751242807374,0.5573770491803278,0.6408839779005525,0.4918032786885246,0.44751381215469616,18.5,26.0,0.7115384615384616,0.9961538461536222,up,opposed,1.7464363258755782,21.54999999998836,21.54999999998836,above,True,True,10.080000000001746,10.080000000001746,0.8852459016393442,0.8287292817679558,opposed,aligned,0.0,0.0,balanced_or_unknown,False,flat_or_unknown
2026-03-21 03:52:00,2026-03-21,70615.9,70654.2,70615.9,70639.9,26.236,14.163,40.399,12.073,0.2988440307928414,70638.49,87373.08,-1.039e-05,0.0,0.0,False,2026-03-21.csv,12.073,positive,0.2988440307928414,0.6557377049180327,0.6961325966850829,0.7377049180327869,0.7403314917127072,24.0,38.30000000000291,0.6266318537858532,0.6266318537858532,up,aligned,1.987906899693531,1.4099999999889405,1.4099999999889405,above,True,True,-3.039999999993597,3.039999999993597,0.5081967213114754,0.44751381215469616,opposed,opposed,0.0,0.0,balanced_or_unknown,False,flat_or_unknown
2026-03-21 03:53:00,2026-03-21,70639.9,70639.9,70612.7,70617.5,25.474,9.729,35.203,15.745000000000001,0.4472630173564753,70623.67,87375.59,-1.042e-05,0.0,0.0,False,2026-03-21.csv,15.745000000000001,positive,0.4472630173564753,0.7377049180327869,0.7790055248618785,0.6557377049180327,0.6408839779005525,-22.39999999999418,27.19999999999709,0.82352941176458,0.17647058823542,down,opposed,1.4226738647185886,-6.169999999998254,6.169999999998254,below,True,True,2.5099999999947613,2.5099999999947613,0.45901639344262296,0.36464088397790057,aligned,opposed,0.0,0.0,balanced_or_unknown,False,flat_or_unknown
2026-03-21 03:54:00,2026-03-21,70617.5,70626.8,70617.5,70625.8,9.333,3.451,12.784,5.882,0.46010638297872336,70619.94,87385.04,-1.023e-05,0.0,0.0,False,2026-03-21.csv,5.882,positive,0.46010638297872336,0.4262295081967213,0.430939226519337,0.21311475409836064,0.11602209944751381,8.30000000000291,9.30000000000291,0.8924731182796035,0.8924731182796035,up,aligned,1.4110846650803996,5.860000000000582,5.860000000000582,above,True,True,9.44999999999709,9.44999999999709,0.8360655737704918,0.8011049723756906,aligned,aligned,0.0,0.0,balanced_or_unknown,True,flat_or_unknown
2026-03-21 03:55:00,2026-03-21,70625.7,70631.4,70625.7,70631.3,9.621,3.136,12.757,6.485,0.5083483577643647,70627.63,87380.12,-1.023e-05,0.0,0.0,False,2026-03-21.csv,6.485,positive,0.5083483577643647,0.4426229508196721,0.430939226519337,0.21311475409836064,0.11602209944751381,5.600000000005821,5.69999999999709,0.9824561403524,0.9824561403524,up,aligned,0.8635312259068343,3.6699999999982538,3.6699999999982538,above,True,True,-4.919999999998254,4.919999999998254,0.6721311475409836,0.6353591160220995,opposed,opposed,0.0,0.0,balanced_or_unknown,True,flat_or_unknown
2026-03-21 03:56:00,2026-03-21,70631.4,70637.8,70620.2,70637.8,7.118,4.129,11.247,2.9890000000000008,0.265759758157731,70631.3,87381.42,-1.033e-05,0.0,0.004,False,2026-03-21.csv,2.9890000000000008,positive,0.265759758157731,0.22950819672131148,0.2430939226519337,0.19672131147540983,0.09392265193370165,6.400000000008731,17.60000000000582,0.36363636363673946,1.0,up,aligned,2.1411843425924153,6.5,6.5,above,True,True,1.3000000000029104,1.3000000000029104,0.32786885245901637,0.24861878453038674,aligned,aligned,0.004,-0.004,sell,True,opposed
2026-03-21 03:57:00,2026-03-21,70637.8,70658.4,70637.7,70658.4,10.284,1.091,11.375,9.193000000000001,0.8081758241758243,70645.48,87381.96,-1.001e-05,0.0,0.0,False,2026-03-21.csv,9.193000000000001,positive,0.8081758241758243,0.5573770491803278,0.56353591160221,0.21311475409836064,0.09944751381215469,20.59999999999127,20.69999999999709,0.995169082125322,1.0,up,aligned,2.2408354182520687,12.919999999998254,12.919999999998254,above,True,True,0.5400000000081491,0.5400000000081491,0.09836065573770492,0.0718232044198895,aligned,aligned,0.0,0.0,balanced_or_unknown,True,flat_or_unknown
2026-03-21 03:58:00,2026-03-21,70658.3,70661.4,70655.1,70661.3,7.4,5.599,12.999,1.8010000000000002,0.13854911916301255,70658.73,87385.0,-9.83e-06,0.0,0.0,False,2026-03-21.csv,1.8010000000000002,positive,0.13854911916301255,0.08196721311475409,0.12154696132596685,0.2786885245901639,0.13812154696132597,3.0,6.2999999999883585,0.4761904761913561,0.9841269841283407,up,aligned,1.6657412548584118,2.570000000006985,2.570000000006985,above,True,True,3.039999999993597,3.039999999993597,0.5409836065573771,0.4530386740331492,aligned,aligned,0.0,0.0,balanced_or_unknown,True,flat_or_unknown
2026-03-21 03:59:00,2026-03-21,70661.4,70662.6,70647.3,70662.5,9.796,7.03,16.826,2.765999999999999,0.16438844645191958,70656.65,87385.06,-9.83e-06,0.0,0.0,False,2026-03-21.csv,2.765999999999999,positive,0.16438844645191958,0.2459016393442623,0.23204419889502761,0.3442622950819672,0.2265193370165746,1.1000000000058208,15.30000000000291,0.07189542483696808,0.9934640522872025,up,aligned,0.39768618944534384,5.850000000005821,5.850000000005821,above,True,True,0.059999999997671694,0.059999999997671694,0.04918032786885246,0.03314917127071823,aligned,aligned,0.0,0.0,balanced_or_unknown,True,flat_or_unknown
2026-03-21 04:00:00,2026-03-21,70662.4,70662.5,70631.3,70638.0,8.244,28.035,36.279,-19.791,-0.5455222029273132,70648.49,87381.78,-9.29e-06,0.0,0.0,False,2026-03-21.csv,19.791,negative,0.5455222029273132,0.8852459016393442,0.8287292817679558,0.7704918032786885,0.6629834254143646,-24.39999999999418,31.19999999999709,0.7820512820511685,0.21474358974351648,down,aligned,1.232883633974745,-10.490000000005239,10.490000000005239,below,True,True,-3.279999999998836,3.279999999998836,0.5737704918032787,0.47513812154696133,aligned,aligned,0.0,0.0,balanced_or_unknown,True,flat_or_unknown
2026-03-21 04:01:00,2026-03-21,70638.0,70683.6,70631.3,70674.9,35.336,19.383,54.719,15.953,0.29154407061532556,70666.05,87382.9,-9.24e-06,0.0,0.0,False,2026-03-21.csv,15.953,positive,0.29154407061532556,0.8360655737704918,0.7734806629834254,0.9508196721311475,0.8950276243093923,36.89999999999418,52.30000000000291,0.7055449330782433,0.8336520076479702,up,aligned,2.313044568419368,8.849999999991269,8.849999999991269,above,True,True,1.1199999999953434,1.1199999999953434,0.3442622950819672,0.2154696132596685,aligned,aligned,0.0,0.0,balanced_or_unknown,True,flat_or_unknown
2026-03-21 04:02:00,2026-03-21,70675.0,70692.5,70664.8,70678.1,26.94,16.898,43.838,10.042000000000002,0.2290706692823578,70678.53,87376.41,-9.24e-06,0.0,0.0,False,2026-03-21.csv,10.042000000000002,positive,0.2290706692823578,0.5901639344262295,0.5911602209944752,0.8524590163934426,0.7845303867403315,3.1000000000058208,27.69999999999709,0.11191335740094392,0.4801444043322855,up,aligned,0.30870344552935874,-0.4299999999930151,0.4299999999930151,below,True,True,-6.489999999990687,6.489999999990687,0.819672131147541,0.7403314917127072,opposed,opposed,0.0,0.0,balanced_or_unknown,True,flat_or_unknown
2026-03-21 04:03:00,2026-03-21,70678.0,70700.0,70678.0,70682.7,33.646,14.198,47.844,19.448,0.40648775186021235,70690.65,87372.19,-8.89e-06,0.0,0.0,False,2026-03-21.csv,19.448,positive,0.40648775186021235,0.8688524590163934,0.8176795580110497,0.8688524590163934,0.8176795580110497,4.69999999999709,22.0,0.21363636363623134,0.21363636363623134,up,aligned,0.24167009461112143,-7.94999999999709,7.94999999999709,below,True,True,-4.220000000001164,4.220000000001164,0.6557377049180327,0.6187845303867403,opposed,opposed,0.0,0.0,balanced_or_unknown,True,flat_or_unknown
2026-03-21 04:04:00,2026-03-21,70682.7,70700.0,70671.4,70700.0,10.268,7.429,17.697,2.8390000000000004,0.16042267050912587,70679.6,87359.64,-8.57e-06,0.0,0.0,False,2026-03-21.csv,2.8390000000000004,positive,0.16042267050912587,0.2459016393442623,0.23204419889502761,0.3770491803278688,0.2430939226519337,17.30000000000291,28.60000000000582,0.6048951048950836,1.0,up,aligned,6.09369496301617,20.39999999999418,20.39999999999418,above,True,True,-12.55000000000291,12.55000000000291,0.9016393442622951,0.861878453038674,opposed,opposed,0.0,0.0,balanced_or_unknown,True,flat_or_unknown
2026-03-21 04:05:00,2026-03-21,70700.0,70719.8,70692.6,70714.5,19.115,5.228,24.343,13.886999999999999,0.5704720042722753,70703.82,87362.26,-8.49e-06,0.0,0.0,False,2026-03-21.csv,13.886999999999999,positive,0.5704720042722753,0.7540983606557377,0.712707182320442,0.5737704918032787,0.430939226519337,14.5,27.19999999999709,0.5330882352941747,0.8051470588234015,up,aligned,1.0441420033124507,10.679999999993015,10.679999999993015,above,True,True,2.6199999999953434,2.6199999999953434,0.5081967213114754,0.40331491712707185,aligned,aligned,0.0,0.0,balanced_or_unknown,True,flat_or_unknown
2026-03-21 04:06:00,2026-03-21,70714.6,70748.0,70714.5,70739.7,50.481,22.054,72.535,28.427000000000003,0.39190735506996627,70728.47,87350.86,-8.49e-06,0.021,0.0,False,2026-03-21.csv,28.427000000000003,positive,0.39190735506996627,0.9508196721311475,0.8895027624309392,0.9672131147540983,0.9447513812154696,25.09999999999127,33.5,0.749253731343023,0.7522388059700624,up,aligned,0.882963379885013,11.229999999995925,11.229999999995925,above,True,True,-11.39999999999418,11.39999999999418,0.8852459016393442,0.850828729281768,opposed,opposed,0.021,0.021,buy,True,aligned
2026-03-21 04:07:00,2026-03-21,70739.7,70739.7,70711.5,70717.5,7.966,20.215,28.181,-12.248999999999999,-0.4346545544870657,70722.97,87357.58,-7.95e-06,0.0,0.0,False,2026-03-21.csv,12.248999999999999,negative,0.4346545544870657,0.7377049180327869,0.6795580110497238,0.6557377049180327,0.5138121546961326,-22.19999999999709,28.19999999999709,0.7872340425531695,0.21276595744683047,down,aligned,1.81239284839555,-5.470000000001164,5.470000000001164,below,True,True,6.720000000001164,6.720000000001164,0.8032786885245902,0.7569060773480663,opposed,opposed,0.0,0.0,balanced_or_unknown,True,flat_or_unknown
2026-03-21 04:08:00,2026-03-21,70717.6,70758.0,70711.5,70724.7,36.449,39.897,76.346,-3.4480000000000004,-0.04516281141120688,70745.22,87363.65,-7.93e-06,0.0,0.0,False,2026-03-21.csv,3.4480000000000004,negative,0.04516281141120688,0.2786885245901639,0.24861878453038674,0.9836065573770492,0.9558011049723757,7.099999999991269,46.5,0.15268817204282298,0.28387096774187287,up,opposed,2.059164733176122,-20.520000000004075,20.520000000004075,below,True,True,6.069999999992433,6.069999999992433,0.7213114754098361,0.7071823204419889,opposed,aligned,0.0,0.0,balanced_or_unknown,True,flat_or_unknown
2026-03-21 04:09:00,2026-03-21,70724.6,70742.2,70685.9,70693.1,17.241,40.293,57.534,-23.052,-0.400667431431849,70713.93,87351.88,-7.93e-06,0.0,0.0,False,2026-03-21.csv,23.052,negative,0.400667431431849,0.9180327868852459,0.8397790055248618,0.9180327868852459,0.9060773480662984,-31.5,56.30000000000291,0.5595026642983725,0.1278863232684062,down,aligned,1.366475793857366,-20.829999999987194,20.829999999987194,below,True,True,-11.769999999989523,11.769999999989523,0.8852459016393442,0.856353591160221,aligned,aligned,0.0,0.0,balanced_or_unknown,True,flat_or_unknown
2026-03-21 04:10:00,2026-03-21,70693.1,70710.6,70684.8,70704.9,21.739,9.878,31.617,11.861,0.3751462820634469,70694.03,87350.1,-7.81e-06,0.0,0.0,False,2026-03-21.csv,11.861,positive,0.3751462820634469,0.6885245901639344,0.6464088397790055,0.6885245901639344,0.5966850828729282,11.799999999988358,25.80000000000291,0.4573643410847685,0.7790697674414342,up,aligned,0.9948570946790622,10.869999999995343,10.869999999995343,above,True,True,-1.7799999999988358,1.7799999999988358,0.36065573770491804,0.287292817679558,opposed,opposed,0.0,0.0,balanced_or_unknown,True,flat_or_unknown
2026-03-21 04:11:00,2026-03-21,70704.9,70716.2,70699.3,70700.1,8.833,7.962,16.795,0.8710000000000004,0.05186067281929148,70707.22,87346.57,-8.39e-06,0.0,0.0,False,2026-03-21.csv,0.8710000000000004,positive,0.05186067281929148,0.01639344262295082,0.04419889502762431,0.32786885245901637,0.2154696132596685,-4.7999999999883585,16.89999999999418,0.28402366863846223,0.04733727810669739,down,opposed,5.510907003430948,-7.119999999995343,7.119999999995343,below,True,True,-3.529999999998836,3.529999999998836,0.5409836065573771,0.5138121546961326,opposed,aligned,0.0,0.0,balanced_or_unknown,True,flat_or_unknown
2026-03-21 04:12:00,2026-03-21,70700.0,70722.3,70700.0,70722.3,19.242,2.936,22.178,16.306,0.7352331138966544,70713.87,87349.76,-8.57e-06,0.0,0.0,False,2026-03-21.csv,16.306,positive,0.7352331138966544,0.819672131147541,0.7569060773480663,0.5081967213114754,0.3756906077348066,22.30000000000291,22.30000000000291,1.0,1.0,up,aligned,1.3675947503988046,8.430000000007567,8.430000000007567,above,True,True,3.1899999999877764,3.1899999999877764,0.4918032786885246,0.4696132596685083,aligned,aligned,0.0,0.0,balanced_or_unknown,True,flat_or_unknown
2026-03-21 04:13:00,2026-03-21,70722.2,70731.8,70720.9,70721.0,4.403,7.813,12.216,-3.41,-0.2791421087098887,70726.65,87359.7,-8.57e-06,0.0,0.0,False,2026-03-21.csv,3.41,negative,0.2791421087098887,0.29508196721311475,0.2430939226519337,0.2459016393442623,0.11602209944751381,-1.1999999999970896,10.900000000008731,0.11009174311891086,0.00917431192713217,down,aligned,0.35190615835691774,-5.649999999994179,5.649999999994179,below,True,True,9.940000000002328,9.940000000002328,0.8032786885245902,0.8176795580110497,opposed,opposed,0.0,0.0,balanced_or_unknown,True,flat_or_unknown
2026-03-21 04:14:00,2026-03-21,70720.9,70723.6,70700.0,70723.5,22.416,18.942,41.358,3.474,0.08399825910343828,70710.34,87361.0,-8.5e-06,0.0,0.0,False,2026-03-21.csv,3.474,positive,0.08399825910343828,0.32786885245901637,0.2596685082872928,0.8524590163934426,0.7569060773480663,2.6000000000058208,23.60000000000582,0.1101694915256432,0.9957627118641612,up,aligned,0.7484168105946519,13.160000000003492,13.160000000003492,above,True,True,1.3000000000029104,1.3000000000029104,0.36065573770491804,0.24861878453038674,aligned,aligned,0.0,0.0,balanced_or_unknown,True,flat_or_unknown
2026-03-21 04:15:00,2026-03-21,70723.5,70723.5,70685.4,70717.8,20.558,17.08,37.638,3.4780000000000015,0.09240661034061326,70704.92,87365.7,-8.55e-06,0.0,0.0,False,2026-03-21.csv,3.4780000000000015,positive,0.09240661034061326,0.3442622950819672,0.26519337016574585,0.7868852459016393,0.6906077348066298,-5.69999999999709,38.10000000000582,0.14960629921249918,0.8503937007875009,down,opposed,1.6388729154678225,12.880000000004657,12.880000000004657,above,True,True,4.69999999999709,4.69999999999709,0.639344262295082,0.6408839779005525,aligned,opposed,0.0,0.0,balanced_or_unknown,True,flat_or_unknown
2026-03-21 04:16:00,2026-03-21,70717.7,70717.8,70696.2,70714.0,9.74,9.159,18.899,0.5809999999999995,0.03074236732102225,70704.57,87361.58,-8.55e-06,0.0,0.0,False,2026-03-21.csv,0.5809999999999995,positive,0.03074236732102225,0.01639344262295082,0.03867403314917127,0.4262295081967213,0.281767955801105,-3.6999999999970896,21.60000000000582,0.1712962962961154,0.8240740740739867,down,opposed,6.368330464711003,9.429999999993015,9.429999999993015,above,True,True,-4.119999999995343,4.119999999995343,0.5901639344262295,0.5911602209944752,opposed,aligned,0.0,0.0,balanced_or_unknown,True,flat_or_unknown
2026-03-21 04:17:00,2026-03-21,70714.0,70714.0,70709.0,70709.1,3.511,5.17,8.681,-1.6589999999999998,-0.19110701532081556,70710.65,87362.59,-8.63e-06,0.0,0.0,False,2026-03-21.csv,1.6589999999999998,negative,0.19110701532081556,0.09836065573770492,0.10497237569060773,0.09836065573770492,0.049723756906077346,-4.899999999994179,5.0,0.9799999999988358,0.020000000001164153,down,aligned,2.953586497886787,-1.5499999999883585,1.5499999999883585,below,True,True,1.0099999999947613,1.0099999999947613,0.26229508196721313,0.1712707182320442,opposed,opposed,0.0,0.0,balanced_or_unknown,True,flat_or_unknown
2026-03-21 04:18:00,2026-03-21,70709.1,70731.9,70709.1,70731.9,10.947,4.493,15.44,6.453999999999999,0.4180051813471502,70721.71,87361.96,-8.9e-06,0.0,0.0,False,2026-03-21.csv,6.453999999999999,positive,0.4180051813471502,0.5245901639344263,0.4198895027624309,0.3442622950819672,0.20994475138121546,22.79999999998836,22.79999999998836,1.0,1.0,up,aligned,3.5326929036238552,10.189999999987776,10.189999999987776,above,True,True,-0.6299999999901047,0.6299999999901047,0.13114754098360656,0.07734806629834254,opposed,opposed,0.0,0.0,balanced_or_unknown,True,flat_or_unknown
2026-03-21 04:19:00,2026-03-21,70731.8,70739.7,70714.6,70728.8,8.99,17.743,26.733,-8.752999999999998,-0.3274230351999401,70729.18,87365.6,-9.02e-06,0.0,0.0,False,2026-03-21.csv,8.752999999999998,negative,0.3274230351999401,0.5737704918032787,0.5193370165745856,0.639344262295082,0.4861878453038674,-3.0,25.09999999999127,0.11952191235063919,0.5657370517929096,down,aligned,0.34273963212612824,-0.3799999999901047,0.3799999999901047,below,True,True,3.639999999999418,3.639999999999418,0.5901639344262295,0.5359116022099447,opposed,opposed,0.0,0.0,balanced_or_unknown,True,flat_or_unknown
2026-03-21 04:20:00,2026-03-21,70728.8,70746.0,70700.0,70700.0,26.381,39.049,65.43,-12.668,-0.1936114931988384,70729.99,87364.96,-9.02e-06,0.0,0.0,False,2026-03-21.csv,12.668,negative,0.1936114931988384,0.7704918032786885,0.6850828729281768,0.9508196721311475,0.9337016574585635,-28.80000000000291,46.0,0.6260869565218024,0.0,down,aligned,2.2734449005370156,-29.99000000000524,29.99000000000524,below,True,True,-0.6399999999994179,0.6399999999994179,0.14754098360655737,0.08287292817679558,aligned,aligned,0.0,0.0,balanced_or_unknown,True,flat_or_unknown
2026-03-21 04:21:00,2026-03-21,70700.1,70713.8,70681.1,70684.2,34.969,12.374,47.343,22.595,0.47726168599370544,70695.23,87390.09,-9.1e-06,0.0,0.0,False,2026-03-21.csv,22.595,positive,0.47726168599370544,0.9180327868852459,0.8342541436464088,0.8688524590163934,0.8066298342541437,-15.900000000008731,32.69999999999709,0.486238532110402,0.09480122324133164,down,opposed,0.7036955078561068,-11.029999999998836,11.029999999998836,below,True,True,25.129999999990105,25.129999999990105,0.9836065573770492,0.9723756906077348,aligned,opposed,0.0,0.0,balanced_or_unknown,True,flat_or_unknown
2026-03-21 04:22:00,2026-03-21,70684.2,70700.0,70684.2,70699.8,7.43,4.047,11.477,3.383,0.2947634399233249,70694.9,87391.35,-9.53e-06,0.0,0.0,False,2026-03-21.csv,3.383,positive,0.2947634399233249,0.2786885245901639,0.23756906077348067,0.22950819672131148,0.11049723756906077,15.60000000000582,15.80000000000291,0.9873417721520853,0.9873417721520853,up,aligned,4.611291752883778,4.900000000008731,4.900000000008731,above,True,True,1.2600000000093132,1.2600000000093132,0.3442622950819672,0.2430939226519337,aligned,aligned,0.0,0.0,balanced_or_unknown,True,flat_or_unknown
2026-03-21 04:23:00,2026-03-21,70699.9,70726.9,70695.9,70726.4,41.269,5.638,46.907,35.631,0.759609439955657,70706.08,87405.22,-9.53e-06,0.0,0.0,False,2026-03-21.csv,35.631,positive,0.759609439955657,0.9836065573770492,0.9502762430939227,0.8524590163934426,0.8011049723756906,26.5,31.0,0.8548387096774194,0.9838709677419355,up,aligned,0.7437343885942017,20.319999999992433,20.319999999992433,above,True,True,13.869999999995343,13.869999999995343,0.9180327868852459,0.8895027624309392,aligned,aligned,0.0,0.0,balanced_or_unknown,True,flat_or_unknown
2026-03-21 04:24:00,2026-03-21,70726.5,70751.8,70726.4,70745.7,42.582,18.279,60.861,24.303,0.3993197614235718,70742.62,87402.25,-1.005e-05,0.0,0.0,False,2026-03-21.csv,24.303,positive,0.3993197614235718,0.9344262295081968,0.856353591160221,0.9180327868852459,0.9116022099447514,19.19999999999709,25.40000000000873,0.7559055118106492,0.7598425196848928,up,aligned,0.7900259227254697,3.0800000000017462,3.0800000000017462,above,True,True,-2.970000000001164,2.970000000001164,0.45901639344262296,0.4419889502762431,opposed,opposed,0.0,0.0,balanced_or_unknown,True,flat_or_unknown
2026-03-21 04:25:00,2026-03-21,70745.7,70746.0,70740.9,70741.0,39.165,12.481,51.646,26.683999999999997,0.5166711846028733,70744.85,87397.22,-9.83e-06,0.0,0.0,False,2026-03-21.csv,26.683999999999997,positive,0.5166711846028733,0.9344262295081968,0.8674033149171271,0.8688524590163934,0.8453038674033149,-4.69999999999709,5.100000000005821,0.921568627449358,0.01960784313837385,down,opposed,0.17613551191714474,-3.8500000000058208,3.8500000000058208,below,True,True,-5.029999999998836,5.029999999998836,0.7049180327868853,0.6629834254143646,opposed,aligned,0.0,0.0,balanced_or_unknown,True,flat_or_unknown
2026-03-21 04:26:00,2026-03-21,70741.0,70763.2,70740.9,70759.7,36.095,22.341,58.436,13.753999999999998,0.23536860839208704,70754.98,87379.23,-9.5e-06,0.0,0.0,False,2026-03-21.csv,13.753999999999998,positive,0.23536860839208704,0.7049180327868853,0.6795580110497238,0.9016393442622951,0.8950276243093923,18.69999999999709,22.30000000000291,0.8385650224212847,0.8430493273542806,up,aligned,1.3596044786968948,4.720000000001164,4.720000000001164,above,True,True,-17.99000000000524,17.99000000000524,0.9180327868852459,0.9281767955801105,opposed,opposed,0.0,0.0,balanced_or_unknown,True,flat_or_unknown
2026-03-21 04:27:00,2026-03-21,70759.7,70798.5,70722.5,70738.1,101.498,51.389,152.887,50.109,0.3277518690274517,70765.87,87344.94,-9.5e-06,0.179,0.0,False,2026-03-21.csv,50.109,positive,0.3277518690274517,0.9836065573770492,0.9723756906077348,1.0,1.0,-21.59999999999127,76.0,0.2842105263156746,0.20526315789481342,down,opposed,0.43106028857074113,-27.769999999989523,27.769999999989523,below,True,True,-34.2899999999936,34.2899999999936,1.0,0.994475138121547,opposed,aligned,0.179,0.179,buy,True,aligned
2026-03-21 04:28:00,2026-03-21,70738.1,70782.9,70733.1,70770.1,51.042,21.491,72.533,29.551000000000002,0.4074145561330705,70760.49,87312.36,-9.24e-06,0.0,0.0,False,2026-03-21.csv,29.551000000000002,positive,0.4074145561330705,0.9508196721311475,0.8950276243093923,0.9344262295081968,0.9281767955801105,32.0,49.79999999998836,0.6425702811246482,0.7429718875503745,up,aligned,1.082873676017732,9.610000000000582,9.610000000000582,above,True,True,-32.580000000001746,32.580000000001746,0.9836065573770492,0.988950276243094,opposed,opposed,0.0,0.0,balanced_or_unknown,False,flat_or_unknown
2026-03-21 04:29:00,2026-03-21,70770.0,70781.1,70759.5,70766.7,26.651,15.35,42.001,11.301,0.26906502226137474,70767.52,87304.51,-9.39e-06,0.0,0.0,False,2026-03-21.csv,11.301,positive,0.26906502226137474,0.5901639344262295,0.585635359116022,0.7540983606557377,0.7237569060773481,-3.3000000000029104,21.60000000000582,0.15277777777787135,0.33333333333310877,down,opposed,0.29200955667665784,-0.8200000000069849,0.8200000000069849,below,True,True,-7.850000000005821,7.850000000005821,0.7540983606557377,0.7624309392265194,opposed,aligned,0.0,0.0,balanced_or_unknown,False,flat_or_unknown
2026-03-21 04:30:00,2026-03-21,70766.6,70766.7,70715.1,70715.1,3.265,34.342,37.607,-31.076999999999998,-0.8263621134363283,70740.1,87317.39,-9.39e-06,0.0,0.0,False,2026-03-21.csv,31.076999999999998,negative,0.8263621134363283,0.9508196721311475,0.8950276243093923,0.6557377049180327,0.6464088397790055,-51.5,51.59999999999127,0.9980620155040448,0.0,down,aligned,1.6571741159056539,-25.0,25.0,below,True,True,12.880000000004657,12.880000000004657,0.8688524590163934,0.861878453038674,opposed,opposed,0.0,0.0,balanced_or_unknown,False,flat_or_unknown
2026-03-21 04:31:00,2026-03-21,70715.0,70715.0,70660.0,70660.0,18.548,43.279,61.827,-24.731000000000005,-0.40000323483267836,70685.14,87320.71,-9.4e-06,0.0,0.0,False,2026-03-21.csv,24.731000000000005,negative,0.40000323483267836,0.8852459016393442,0.8342541436464088,0.9016393442622951,0.9005524861878453,-55.0,55.0,1.0,0.0,down,aligned,2.2239294812179042,-25.139999999999418,25.139999999999418,below,True,True,3.320000000006985,3.320000000006985,0.45901639344262296,0.46408839779005523,opposed,opposed,0.0,0.0,balanced_or_unknown,False,flat_or_unknown
2026-03-21 04:32:00,2026-03-21,70660.0,70661.3,70603.8,70619.7,13.195,42.996,56.191,-29.801000000000002,-0.5303518357032265,70637.46,87316.82,-1e-05,0.0,0.001,False,2026-03-21.csv,29.801000000000002,negative,0.5303518357032265,0.9344262295081968,0.8895027624309392,0.8360655737704918,0.856353591160221,-40.30000000000291,57.5,0.7008695652174419,0.27652173913033357,down,aligned,1.352303613972783,-17.760000000009313,17.760000000009313,below,True,True,-3.889999999999418,3.889999999999418,0.5081967213114754,0.5359116022099447,aligned,aligned,0.001,-0.001,sell,False,aligned
2026-03-21 04:33:00,2026-03-21,70619.8,70639.1,70618.8,70623.0,21.522,28.172,49.694,-6.650000000000002,-0.13381897210930901,70625.83,87320.72,-1.124e-05,0.0,0.0,False,2026-03-21.csv,6.650000000000002,negative,0.13381897210930901,0.4262295081967213,0.39779005524861877,0.7868852459016393,0.8011049723756906,3.1999999999970896,20.30000000000291,0.1576354679801296,0.2068965517239649,up,opposed,0.4812030075183592,-2.8300000000017462,2.8300000000017462,below,True,True,3.8999999999941792,3.8999999999941792,0.5245901639344263,0.5414364640883977,opposed,aligned,0.0,0.0,balanced_or_unknown,False,flat_or_unknown
2026-03-21 04:34:00,2026-03-21,70622.9,70633.1,70618.6,70621.5,13.668,22.324,35.992,-8.656000000000002,-0.2404978884196489,70626.27,87335.66,-1.124e-05,0.0,0.0,False,2026-03-21.csv,8.656000000000002,negative,0.2404978884196489,0.47540983606557374,0.47513812154696133,0.5737704918032787,0.6022099447513812,-1.3999999999941792,14.5,0.0965517241375296,0.19999999999959855,down,aligned,0.16173752310468795,-4.7700000000040745,4.7700000000040745,below,True,True,14.940000000002328,14.940000000002328,0.8852459016393442,0.8839779005524862,opposed,opposed,0.0,0.0,balanced_or_unknown,False,flat_or_unknown
2026-03-21 04:35:00,2026-03-21,70621.6,70621.6,70617.5,70617.5,13.766,15.426,29.192,-1.6600000000000001,-0.05686489449164155,70618.92,87330.65,-1.158e-05,0.0,0.0,False,2026-03-21.csv,1.6600000000000001,negative,0.05686489449164155,0.09836065573770492,0.08287292817679558,0.4918032786885246,0.4972375690607735,-4.100000000005821,4.100000000005821,1.0,0.0,down,aligned,2.4698795180757953,-1.4199999999982538,1.4199999999982538,below,True,True,-5.010000000009313,5.010000000009313,0.639344262295082,0.6298342541436464,aligned,aligned,0.0,0.0,balanced_or_unknown,False,flat_or_unknown
2026-03-21 04:36:00,2026-03-21,70617.5,70617.6,70608.5,70608.6,3.56,23.194,26.754,-19.634,-0.7338715706062645,70613.06,87332.24,-1.207e-05,0.0,0.0,False,2026-03-21.csv,19.634,negative,0.7338715706062645,0.7704918032786885,0.7734806629834254,0.45901639344262296,0.430939226519337,-8.89999999999418,9.10000000000582,0.9780219780207128,0.010989010989643605,down,aligned,0.45329530406408164,-4.459999999991851,4.459999999991851,below,True,True,1.5900000000110595,1.5900000000110595,0.2786885245901639,0.24861878453038674,opposed,opposed,0.0,0.0,balanced_or_unknown,False,flat_or_unknown
2026-03-21 04:37:00,2026-03-21,70608.6,70608.6,70591.0,70602.3,26.314,44.252,70.566,-17.938000000000002,-0.2542017402148344,70598.31,87337.09,-1.207e-05,0.0,0.032,False,2026-03-21.csv,17.938000000000002,negative,0.2542017402148344,0.7377049180327869,0.7403314917127072,0.9180327868852459,0.9226519337016574,-6.30000000000291,17.60000000000582,0.35795454545459243,0.6420454545454075,down,aligned,0.3512097223772388,3.9900000000052387,3.9900000000052387,above,True,True,4.849999999991269,4.849999999991269,0.6065573770491803,0.6243093922651933,opposed,opposed,0.032,-0.032,sell,True,aligned
2026-03-21 04:38:00,2026-03-21,70602.3,70608.4,70595.1,70605.1,21.426,15.158,36.584,6.267999999999999,0.17133172971790941,70601.14,87348.36,-1.264e-05,0.0,0.0,False,2026-03-21.csv,6.267999999999999,positive,0.17133172971790941,0.3770491803278688,0.3812154696132597,0.5737704918032787,0.6132596685082873,2.8000000000029104,13.299999999988358,0.2105263157898768,0.7518796992487784,up,aligned,0.4467134652206303,3.960000000006403,3.960000000006403,above,True,True,11.270000000004075,11.270000000004075,0.7868852459016393,0.8176795580110497,aligned,aligned,0.0,0.0,balanced_or_unknown,False,flat_or_unknown
2026-03-21 04:39:00,2026-03-21,70605.2,70626.6,70604.6,70626.5,25.019,8.027,33.046,16.991999999999997,0.5141923379531561,70613.54,87357.99,-1.293e-05,0.0,0.0,False,2026-03-21.csv,16.991999999999997,positive,0.5141923379531561,0.7049180327868853,0.7292817679558011,0.5081967213114754,0.5580110497237569,21.30000000000291,22.0,0.9681818181819505,0.9954545454542809,up,aligned,1.253531073446499,12.960000000006403,12.960000000006403,above,True,True,9.630000000004657,9.630000000004657,0.7377049180327869,0.7845303867403315,aligned,aligned,0.0,0.0,balanced_or_unknown,False,flat_or_unknown
2026-03-21 04:40:00,2026-03-21,70626.5,70630.4,70600.0,70616.9,28.559,29.775,58.334,-1.2159999999999975,-0.020845476051702224,70609.74,87366.29,-1.286e-05,0.0,0.0,False,2026-03-21.csv,1.2159999999999975,negative,0.020845476051702224,0.06557377049180328,0.055248618784530384,0.8360655737704918,0.8674033149171271,-9.60000000000582,30.39999999999418,0.3157894736844625,0.5559210526314939,down,aligned,7.894736842110066,7.1599999999889405,7.1599999999889405,above,True,True,8.299999999988358,8.299999999988358,0.7049180327868853,0.7513812154696132,opposed,opposed,0.0,0.0,balanced_or_unknown,False,flat_or_unknown
2026-03-21 04:41:00,2026-03-21,70616.9,70617.0,70593.7,70598.6,4.856,11.088,15.944,-6.231999999999999,-0.39086803813346704,70599.6,87376.06,-1.286e-05,0.0,0.0,False,2026-03-21.csv,6.231999999999999,negative,0.39086803813346704,0.3770491803278688,0.3701657458563536,0.2786885245901639,0.18232044198895028,-18.29999999998836,23.30000000000291,0.7854077253212907,0.2103004291848978,down,aligned,2.936456996147041,-1.0,1.0,below,True,True,9.770000000004075,9.770000000004075,0.7377049180327869,0.7845303867403315,opposed,opposed,0.0,0.0,balanced_or_unknown,False,flat_or_unknown
2026-03-21 04:42:00,2026-03-21,70598.6,70619.8,70586.3,70610.1,40.801,78.728,119.529,-37.92699999999999,-0.31730375055425875,70595.18,87343.06,-1.291e-05,0.0,0.0,False,2026-03-21.csv,37.92699999999999,negative,0.31730375055425875,0.9672131147540983,0.9558011049723757,0.9836065573770492,0.9779005524861878,11.5,33.5,0.34328358208955223,0.7104477611941167,up,opposed,0.3032140691328078,14.920000000012806,14.920000000012806,above,True,True,-33.0,33.0,0.9836065573770492,0.988950276243094,aligned,opposed,0.0,0.0,balanced_or_unknown,False,flat_or_unknown
2026-03-21 04:43:00,2026-03-21,70610.0,70610.1,70596.3,70596.3,5.26,16.152,21.412,-10.892000000000001,-0.5086867177283767,70603.31,87342.54,-1.337e-05,0.0,0.0,False,2026-03-21.csv,10.892000000000001,negative,0.5086867177283767,0.5245901639344263,0.5580110497237569,0.3442622950819672,0.292817679558011,-13.69999999999709,13.80000000000291,0.9927536231879855,0.0,down,aligned,1.257803892765065,-7.009999999994761,7.009999999994761,below,True,True,-0.5200000000040745,0.5200000000040745,0.06557377049180328,0.055248618784530384,aligned,aligned,0.0,0.0,balanced_or_unknown,False,flat_or_unknown
2026-03-21 04:44:00,2026-03-21,70596.3,70596.4,70582.9,70586.6,7.422,20.028,27.45,-12.605999999999998,-0.45923497267759555,70586.4,87336.8,-1.322e-05,0.0,0.0,False,2026-03-21.csv,12.605999999999998,negative,0.45923497267759555,0.5901639344262295,0.6298342541436464,0.4262295081967213,0.4198895027624309,-9.69999999999709,13.5,0.718518518518303,0.2740740740749364,down,aligned,0.769474853244256,0.20000000001164153,0.20000000001164153,above,True,True,-5.739999999990687,5.739999999990687,0.5901639344262295,0.6408839779005525,aligned,aligned,0.0,0.0,balanced_or_unknown,False,flat_or_unknown
2026-03-21 04:45:00,2026-03-21,70586.6,70613.8,70586.6,70602.5,9.966,17.816,27.782,-7.85,-0.2825570513281981,70603.5,87335.28,-1.322e-05,0.0,0.0,False,2026-03-21.csv,7.85,negative,0.2825570513281981,0.4098360655737705,0.4143646408839779,0.4262295081967213,0.430939226519337,15.89999999999418,27.19999999999709,0.5845588235292604,0.5845588235292604,up,opposed,2.0254777070056282,-1.0,1.0,below,True,True,-1.5200000000040745,1.5200000000040745,0.22950819672131148,0.23204419889502761,aligned,opposed,0.0,0.0,balanced_or_unknown,False,flat_or_unknown
2026-03-21 04:46:00,2026-03-21,70602.5,70615.0,70602.4,70614.1,9.356,18.856,28.212,-9.500000000000002,-0.33673614064936913,70609.99,87343.75,-1.349e-05,0.0,0.0,False,2026-03-21.csv,9.500000000000002,negative,0.33673614064936913,0.45901639344262296,0.5027624309392266,0.4426229508196721,0.4530386740331492,11.60000000000582,12.60000000000582,0.9206349206349573,0.9285714285719235,up,opposed,1.2210526315795598,4.110000000000582,4.110000000000582,above,True,True,8.470000000001164,8.470000000001164,0.6721311475409836,0.7403314917127072,opposed,aligned,0.0,0.0,balanced_or_unknown,False,flat_or_unknown
2026-03-21 04:47:00,2026-03-21,70614.0,70614.1,70607.8,70607.9,2.434,7.788,10.222,-5.354,-0.523772255918607,70610.22,87345.8,-1.332e-05,0.0,0.0,False,2026-03-21.csv,5.354,negative,0.523772255918607,0.2786885245901639,0.3314917127071823,0.08196721311475409,0.08287292817679558,-6.100000000005821,6.30000000000291,0.9682539682544449,0.015873015871622643,down,aligned,1.1393350765793464,-2.320000000006985,2.320000000006985,below,True,True,2.0500000000029104,2.0500000000029104,0.26229508196721313,0.27624309392265195,opposed,opposed,0.0,0.0,balanced_or_unknown,False,flat_or_unknown
2026-03-21 04:48:00,2026-03-21,70607.8,70624.0,70607.8,70618.1,8.852,3.734,12.586,5.118,0.406642300969331,70616.42,87347.31,-1.332e-05,0.0,0.0,False,2026-03-21.csv,5.118,positive,0.406642300969331,0.26229508196721313,0.3314917127071823,0.14754098360655737,0.1270718232044199,10.30000000000291,16.19999999999709,0.6358024691360964,0.6358024691360964,up,aligned,2.0125048847211624,1.680000000007567,1.680000000007567,above,True,True,1.5099999999947613,1.5099999999947613,0.21311475409836064,0.23204419889502761,aligned,aligned,0.0,0.0,balanced_or_unknown,False,flat_or_unknown
2026-03-21 04:49:00,2026-03-21,70618.2,70618.3,70608.3,70608.3,2.123,12.515,14.638,-10.392,-0.7099330509632463,70617.23,87348.02,-1.335e-05,0.0,0.0,False,2026-03-21.csv,10.392,negative,0.7099330509632463,0.5081967213114754,0.5248618784530387,0.21311475409836064,0.16574585635359115,-9.89999999999418,10.0,0.9899999999994179,0.0,down,aligned,0.9526558891449365,-8.929999999993015,8.929999999993015,below,True,True,0.7100000000064028,0.7100000000064028,0.11475409836065574,0.08839779005524862,opposed,opposed,0.0,0.0,balanced_or_unknown,False,flat_or_unknown
2026-03-21 04:50:00,2026-03-21,70608.2,70618.2,70598.8,70598.9,8.789,13.616,22.405,-4.827,-0.2154429814773488,70605.82,87347.32,-1.31e-05,0.0,0.0,False,2026-03-21.csv,4.827,negative,0.2154429814773488,0.26229508196721313,0.30939226519337015,0.3442622950819672,0.3370165745856354,-9.30000000000291,19.39999999999418,0.4793814432992629,0.005154639174809219,down,aligned,1.9266625233070045,-6.920000000012806,6.920000000012806,below,True,True,-0.6999999999970896,0.6999999999970896,0.11475409836065574,0.08839779005524862,aligned,aligned,0.0,0.0,balanced_or_unknown,False,flat_or_unknown
2026-03-21 04:51:00,2026-03-21,70598.8,70623.1,70598.8,70598.8,7.97,6.735,14.705,1.2349999999999994,0.0839850391023461,70612.75,87354.0,-1.317e-05,0.0,0.0,False,2026-03-21.csv,1.2349999999999994,positive,0.0839850391023461,0.06557377049180328,0.06077348066298342,0.19672131147540983,0.1712707182320442,0.0,24.30000000000291,0.0,0.0,flat_or_unknown,flat_or_unknown,0.0,-13.94999999999709,13.94999999999709,below,True,True,6.679999999993015,6.679999999993015,0.6557377049180327,0.712707182320442,aligned,flat_or_unknown,0.0,0.0,balanced_or_unknown,False,flat_or_unknown
2026-03-21 04:52:00,2026-03-21,70598.9,70598.9,70598.1,70598.2,2.548,8.891,11.439,-6.343,-0.5545065128070635,70598.22,87350.44,-1.317e-05,0.0,0.002,False,2026-03-21.csv,6.343,negative,0.5545065128070635,0.36065573770491804,0.3756906077348066,0.08196721311475409,0.10497237569060773,-0.6999999999970896,0.7999999999883585,0.875000000009095,0.12499999999090505,down,aligned,0.11035787482218029,-0.020000000004074536,0.020000000004074536,below,True,True,-3.5599999999976717,3.5599999999976717,0.4426229508196721,0.47513812154696133,aligned,aligned,0.002,-0.002,sell,False,aligned
2026-03-21 04:53:00,2026-03-21,70598.2,70605.8,70591.6,70605.7,5.153,11.41,16.563,-6.257000000000001,-0.37776972770633344,70597.02,87347.31,-1.308e-05,0.0,0.0,False,2026-03-21.csv,6.257000000000001,negative,0.37776972770633344,0.3442622950819672,0.3701657458563536,0.26229508196721313,0.19889502762430938,7.5,14.19999999999709,0.5281690140846153,0.9929577464784619,up,opposed,1.1986575035959723,8.679999999993015,8.679999999993015,above,True,True,-3.1300000000046566,3.1300000000046566,0.36065573770491804,0.4198895027624309,aligned,opposed,0.0,0.0,balanced_or_unknown,False,flat_or_unknown
2026-03-21 04:54:00,2026-03-21,70605.7,70605.7,70587.3,70594.4,6.459,19.417,25.876,-12.958000000000002,-0.5007729169887155,70593.39,87351.54,-1.316e-05,0.0,0.0,False,2026-03-21.csv,12.958000000000002,negative,0.5007729169887155,0.6557377049180327,0.6574585635359116,0.4098360655737705,0.4143646408839779,-11.30000000000291,18.39999999999418,0.6141304347829611,0.38586956521703886,down,aligned,0.8720481555797892,1.0099999999947613,1.0099999999947613,above,True,True,4.2299999999959255,4.2299999999959255,0.5245901639344263,0.569060773480663,opposed,opposed,0.0,0.0,balanced_or_unknown,False,flat_or_unknown
2026-03-21 04:55:00,2026-03-21,70594.4,70608.6,70582.7,70607.5,35.722,31.139,66.861,4.583000000000002,0.06854519076890865,70594.62,87357.04,-1.316e-05,0.0,0.001,False,2026-03-21.csv,4.583000000000002,positive,0.06854519076890865,0.26229508196721313,0.2983425414364641,0.9016393442622951,0.9116022099447514,13.10000000000582,25.90000000000873,0.5057915057915601,0.9575289575287471,up,aligned,2.8583897010704375,12.880000000004657,12.880000000004657,above,True,True,5.5,5.5,0.6229508196721312,0.6298342541436464,aligned,aligned,0.001,-0.001,sell,False,opposed
2026-03-21 04:56:00,2026-03-21,70607.6,70617.1,70592.4,70609.1,32.011,33.607,65.618,-1.5959999999999965,-0.024322594410070356,70605.78,87364.6,-1.329e-05,0.0,0.0,False,2026-03-21.csv,1.5959999999999965,negative,0.024322594410070356,0.08196721311475409,0.0718232044198895,0.8852459016393442,0.9060773480662984,1.5,24.70000000001164,0.06072874493924263,0.6761133603240393,up,opposed,0.9398496240601524,3.320000000006985,3.320000000006985,above,True,True,7.560000000012224,7.560000000012224,0.7049180327868853,0.7348066298342542,opposed,aligned,0.0,0.0,balanced_or_unknown,False,flat_or_unknown
2026-03-21 04:57:00,2026-03-21,70609.0,70609.0,70594.7,70601.9,13.885,25.332,39.217,-11.447000000000001,-0.29188872172782215,70600.64,87369.91,-1.304e-05,0.0,0.0,False,2026-03-21.csv,11.447000000000001,negative,0.29188872172782215,0.5737704918032787,0.585635359116022,0.6065573770491803,0.6685082872928176,-7.100000000005821,14.30000000000291,0.4965034965038025,0.5034965034961975,down,aligned,0.620249847122025,1.2599999999947613,1.2599999999947613,above,True,True,5.309999999997672,5.309999999997672,0.5901639344262295,0.6187845303867403,opposed,opposed,0.0,0.0,balanced_or_unknown,False,flat_or_unknown
2026-03-21 04:58:00,2026-03-21,70601.9,70628.3,70601.9,70621.5,17.279,8.031,25.31,9.248,0.36538917423943107,70618.74,87366.89,-1.319e-05,0.0,0.0,False,2026-03-21.csv,9.248,positive,0.36538917423943107,0.47540983606557374,0.5082872928176796,0.3442622950819672,0.3867403314917127,19.60000000000582,26.40000000000873,0.7424242424242173,0.7424242424242173,up,aligned,2.1193771626303874,2.7599999999947613,2.7599999999947613,above,True,True,-3.0200000000040745,3.0200000000040745,0.29508196721311475,0.3867403314917127,opposed,opposed,0.0,0.0,balanced_or_unknown,False,flat_or_unknown
2026-03-21 04:59:00,2026-03-21,70621.5,70621.6,70604.9,70604.9,9.949,8.54,18.489,1.4090000000000007,0.07620747471469526,70610.04,87361.91,-1.319e-05,0.0,0.0,False,2026-03-21.csv,1.4090000000000007,positive,0.07620747471469526,0.08196721311475409,0.0718232044198895,0.2459016393442623,0.2541436464088398,-16.60000000000582,16.70000000001164,0.9940119760475599,0.0,down,opposed,11.781405251955864,-5.139999999999418,5.139999999999418,below,True,True,-4.9799999999959255,4.9799999999959255,0.5409836065573771,0.5966850828729282,opposed,aligned,0.0,0.0,balanced_or_unknown,False,flat_or_unknown
2026-03-21 05:00:00,2026-03-21,70604.9,70604.9,70602.7,70602.7,2.466,4.216,6.682,-1.75,-0.2618976354384914,70602.82,87368.33,-1.292e-05,0.0,0.0,False,2026-03-21.csv,1.75,negative,0.2618976354384914,0.14754098360655737,0.09392265193370165,0.01639344262295082,0.022099447513812154,-2.1999999999970896,2.1999999999970896,1.0,0.0,down,aligned,1.257142857141194,-0.1200000000098953,0.1200000000098953,below,True,True,6.419999999998254,6.419999999998254,0.639344262295082,0.6906077348066298,opposed,opposed,0.0,0.0,balanced_or_unknown,False,flat_or_unknown
2026-03-21 05:01:00,2026-03-21,70602.8,70622.4,70600.0,70622.3,11.909,14.472,26.381,-2.562999999999999,-0.09715325423600314,70610.51,87369.55,-1.315e-05,0.0,0.0,False,2026-03-21.csv,2.562999999999999,negative,0.09715325423600314,0.16393442622950818,0.1712707182320442,0.3770491803278688,0.4198895027624309,19.5,22.39999999999418,0.8705357142859405,0.9955357142861029,up,opposed,7.608271556769414,11.790000000008149,11.790000000008149,above,True,True,1.2200000000011642,1.2200000000011642,0.13114754098360656,0.19889502762430938,opposed,aligned,0.0,0.0,balanced_or_unknown,False,flat_or_unknown
2026-03-21 05:02:00,2026-03-21,70622.4,70637.3,70617.8,70637.2,10.354,7.0,17.354,3.353999999999999,0.19326956321309205,70628.12,87370.76,-1.315e-05,0.0,0.0,False,2026-03-21.csv,3.353999999999999,positive,0.19326956321309205,0.19672131147540983,0.2154696132596685,0.22950819672131148,0.2265193370165746,14.80000000000291,19.5,0.7589743589745083,0.9948717948714964,up,aligned,4.412641621944816,9.080000000001746,9.080000000001746,above,True,True,1.209999999991851,1.209999999991851,0.11475409836065574,0.19889502762430938,aligned,aligned,0.0,0.0,balanced_or_unknown,False,flat_or_unknown
2026-03-21 05:03:00,2026-03-21,70637.3,70670.0,70637.2,70657.4,42.927,19.877,62.804,23.05,0.3670148398191198,70659.16,87356.24,-1.272e-05,0.0,0.0,False,2026-03-21.csv,23.05,positive,0.3670148398191198,0.819672131147541,0.8176795580110497,0.8524590163934426,0.8950276243093923,20.09999999999127,32.80000000000291,0.61280487804846,0.615853658536442,up,aligned,0.8720173535787968,-1.7600000000093132,1.7600000000093132,below,True,True,-14.519999999989523,14.519999999989523,0.9016393442622951,0.8729281767955801,opposed,opposed,0.0,0.0,balanced_or_unknown,False,flat_or_unknown
2026-03-21 05:04:00,2026-03-21,70657.5,70657.5,70640.3,70640.3,7.178,15.199,22.377,-8.021,-0.35844840684631546,70648.7,87367.25,-1.205e-05,0.0,0.0,False,2026-03-21.csv,8.021,negative,0.35844840684631546,0.47540983606557374,0.4530386740331492,0.32786885245901637,0.3425414364640884,-17.19999999999709,17.19999999999709,1.0,0.0,down,aligned,2.1443710260562385,-8.39999999999418,8.39999999999418,below,True,True,11.009999999994761,11.009999999994761,0.7868852459016393,0.8121546961325967,opposed,opposed,0.0,0.0,balanced_or_unknown,False,flat_or_unknown
2026-03-21 05:05:00,2026-03-21,70640.3,70640.4,70610.0,70610.0,1.696,17.719,19.415,-16.023,-0.8252897244398661,70621.43,87364.23,-1.213e-05,0.0,0.017,False,2026-03-21.csv,16.023,negative,0.8252897244398661,0.7213114754098361,0.7403314917127072,0.2786885245901639,0.27624309392265195,-30.30000000000291,30.39999999999418,0.996710526316076,0.0,down,aligned,1.8910316420147857,-11.429999999993015,11.429999999993015,below,True,True,-3.0200000000040745,3.0200000000040745,0.3114754098360656,0.3867403314917127,aligned,aligned,0.017,-0.017,sell,True,aligned
2026-03-21 05:06:00,2026-03-21,70610.0,70610.0,70600.0,70600.0,2.987,8.321,11.308,-5.334,-0.47170145030067206,70604.52,87364.34,-1.213e-05,0.079,0.216,False,2026-03-21.csv,5.334,negative,0.47170145030067206,0.32786885245901637,0.34806629834254144,0.06557377049180328,0.10497237569060773,-10.0,10.0,1.0,0.0,down,aligned,1.8747656542932134,-4.5200000000040745,4.5200000000040745,below,True,True,0.11000000000058208,0.11000000000058208,0.01639344262295082,0.03314917127071823,opposed,opposed,0.295,-0.137,sell,True,aligned
2026-03-21 05:07:00,2026-03-21,70600.0,70629.8,70600.0,70600.0,14.46,10.579,25.039,3.8810000000000002,0.15499820280362633,70612.82,87362.33,-1.293e-05,0.0,0.0,False,2026-03-21.csv,3.8810000000000002,positive,0.15499820280362633,0.2786885245901639,0.27071823204419887,0.3770491803278688,0.4088397790055249,0.0,29.80000000000291,0.0,0.0,flat_or_unknown,flat_or_unknown,0.0,-12.820000000006985,12.820000000006985,below,True,True,-2.0099999999947613,2.0099999999947613,0.26229508196721313,0.287292817679558,opposed,flat_or_unknown,0.0,0.0,balanced_or_unknown,False,flat_or_unknown
2026-03-21 05:08:00,2026-03-21,70600.0,70612.9,70600.0,70605.4,8.501,8.057,16.558,0.44399999999999906,0.02681483270926435,70609.48,87364.89,-1.336e-05,0.0,0.0,False,2026-03-21.csv,0.44399999999999906,positive,0.02681483270926435,0.01639344262295082,0.0055248618784530384,0.21311475409836064,0.20441988950276244,5.399999999994179,12.89999999999418,0.4186046511625284,0.4186046511625284,up,aligned,12.162162162149079,-4.080000000001746,4.080000000001746,below,True,True,2.5599999999976717,2.5599999999976717,0.29508196721311475,0.34806629834254144,aligned,aligned,0.0,0.0,balanced_or_unknown,False,flat_or_unknown
2026-03-21 05:09:00,2026-03-21,70605.4,70605.5,70598.7,70604.5,8.6,18.614,27.214,-10.014000000000001,-0.3679723671639598,70601.23,87369.03,-1.336e-05,0.0,0.0,False,2026-03-21.csv,10.014000000000001,negative,0.3679723671639598,0.5737704918032787,0.5580110497237569,0.4918032786885246,0.47513812154696133,-0.8999999999941792,6.80000000000291,0.13235294117555796,0.8529411764706512,down,aligned,0.08987417615280399,3.2700000000040745,3.2700000000040745,above,True,True,4.139999999999418,4.139999999999418,0.5081967213114754,0.5524861878453039,opposed,opposed,0.0,0.0,balanced_or_unknown,False,flat_or_unknown
2026-03-21 05:10:00,2026-03-21,70604.5,70611.8,70598.7,70611.7,4.133,8.478,12.611,-4.345,-0.3445404805328681,70605.78,87362.79,-1.359e-05,0.0,0.0,False,2026-03-21.csv,4.345,negative,0.3445404805328681,0.29508196721311475,0.32044198895027626,0.14754098360655737,0.14917127071823205,7.19999999999709,13.10000000000582,0.5496183206102206,0.9923664122132995,up,opposed,1.6570771001144051,5.919999999998254,5.919999999998254,above,True,True,-6.240000000005239,6.240000000005239,0.6721311475409836,0.6795580110497238,aligned,opposed,0.0,0.0,balanced_or_unknown,False,flat_or_unknown
2026-03-21 05:11:00,2026-03-21,70611.7,70611.8,70598.7,70598.7,8.489,8.477,16.966,0.012000000000000455,0.0007072969468348729,70608.52,87364.78,-1.374e-05,0.0,0.0,False,2026-03-21.csv,0.012000000000000455,positive,0.0007072969468348729,0.01639344262295082,0.0055248618784530384,0.2786885245901639,0.23204419889502761,-13.0,13.10000000000582,0.9923664122132995,0.0,down,opposed,1083.3333333332923,-9.820000000006985,9.820000000006985,below,True,True,1.9900000000052387,1.9900000000052387,0.2459016393442623,0.287292817679558,aligned,opposed,0.0,0.0,balanced_or_unknown,False,flat_or_unknown
2026-03-21 05:12:00,2026-03-21,70598.8,70598.8,70598.7,70598.8,3.086,12.447,15.533,-9.360999999999999,-0.6026524174338505,70598.72,87373.93,-1.375e-05,0.0,0.0,False,2026-03-21.csv,9.360999999999999,negative,0.6026524174338505,0.5737704918032787,0.5359116022099447,0.21311475409836064,0.20441988950276244,0.0,0.10000000000582077,0.0,1.0,flat_or_unknown,flat_or_unknown,0.0,0.08000000000174623,0.08000000000174623,above,True,True,9.14999999999418,9.14999999999418,0.7704918032786885,0.7734806629834254,opposed,flat_or_unknown,0.0,0.0,balanced_or_unknown,False,flat_or_unknown
2026-03-21 05:13:00,2026-03-21,70598.8,70611.0,70598.7,70610.9,6.397,8.049,14.446,-1.6519999999999992,-0.11435691540910974,70609.08,87371.1,-1.375e-05,0.0,0.0,False,2026-03-21.csv,1.6519999999999992,negative,0.11435691540910974,0.13114754098360656,0.08839779005524862,0.16393442622950818,0.18232044198895028,12.099999999991269,12.30000000000291,0.9837398373974313,0.9918699186987157,up,opposed,7.324455205805856,1.819999999992433,1.819999999992433,above,True,True,-2.8299999999871943,2.8299999999871943,0.3114754098360656,0.3701657458563536,aligned,opposed,0.0,0.0,balanced_or_unknown,False,flat_or_unknown
2026-03-21 05:14:00,2026-03-21,70611.0,70611.0,70598.7,70598.8,4.989,13.917,18.906,-8.928,-0.47223103776578873,70601.04,87371.64,-1.392e-05,0.0,0.0,False,2026-03-21.csv,8.928,negative,0.47223103776578873,0.5573770491803278,0.5082872928176796,0.3442622950819672,0.30386740331491713,-12.19999999999709,12.30000000000291,0.9918699186987157,0.008130081301284318,down,aligned,1.3664874551968065,-2.2399999999906868,2.2399999999906868,below,True,True,0.5399999999935972,0.5399999999935972,0.04918032786885246,0.06629834254143646,opposed,opposed,0.0,0.0,balanced_or_unknown,False,flat_or_unknown
2026-03-21 05:15:00,2026-03-21,70598.7,70612.1,70598.7,70612.0,32.106,13.3,45.406,18.806,0.4141743381931904,70603.42,87371.64,-1.385e-05,0.0,0.0,False,2026-03-21.csv,18.806,positive,0.4141743381931904,0.8032786885245902,0.7845303867403315,0.7213114754098361,0.7569060773480663,13.30000000000291,13.400000000008731,0.9925373134324063,0.9925373134324063,up,aligned,0.7072210996492029,8.580000000001746,8.580000000001746,above,True,True,0.0,0.0,0.01639344262295082,0.011049723756906077,flat_or_unknown,flat_or_unknown,0.0,0.0,balanced_or_unknown,False,flat_or_unknown
2026-03-21 05:16:00,2026-03-21,70612.1,70652.9,70603.4,70644.6,30.224,8.621,38.845,21.603,0.5561333504955593,70635.41,87369.25,-1.385e-05,0.0,0.0,False,2026-03-21.csv,21.603,positive,0.5561333504955593,0.819672131147541,0.8066298342541437,0.6721311475409836,0.6850828729281768,32.5,49.5,0.6565656565656566,0.8323232323234675,up,aligned,1.5044206823126416,9.190000000002328,9.190000000002328,above,True,True,-2.389999999999418,2.389999999999418,0.3114754098360656,0.3314917127071823,opposed,opposed,0.0,0.0,balanced_or_unknown,False,flat_or_unknown
2026-03-21 05:17:00,2026-03-21,70644.6,70666.8,70644.6,70666.8,13.33,5.839,19.169,7.491,0.3907872085137461,70656.45,87375.87,-1.371e-05,0.076,0.0,False,2026-03-21.csv,7.491,positive,0.3907872085137461,0.4426229508196721,0.44751381215469616,0.3442622950819672,0.30939226519337015,22.19999999999709,22.19999999999709,1.0,1.0,up,aligned,2.963556267520637,10.35000000000582,10.35000000000582,above,True,True,6.619999999995343,6.619999999995343,0.6885245901639344,0.7182320441988951,aligned,aligned,0.076,0.076,buy,True,aligned
2026-03-21 05:18:00,2026-03-21,70666.7,70700.5,70666.7,70700.5,45.623,25.534,71.157,20.089,0.2823193782762061,70684.49,87374.19,-1.278e-05,0.0,0.0,False,2026-03-21.csv,20.089,positive,0.2823193782762061,0.8032786885245902,0.8066298342541437,0.9508196721311475,0.9337016574585635,33.80000000000291,33.80000000000291,1.0,1.0,up,aligned,1.6825128179602227,16.00999999999476,16.00999999999476,above,True,True,-1.679999999993015,1.679999999993015,0.2459016393442623,0.26519337016574585,opposed,opposed,0.0,0.0,balanced_or_unknown,False,flat_or_unknown
2026-03-21 05:19:00,2026-03-21,70700.5,70714.0,70698.6,70709.3,17.901,15.321,33.222,2.58,0.0776593823370056,70706.7,87367.74,-1.231e-05,0.2,0.086,False,2026-03-21.csv,2.58,positive,0.0776593823370056,0.18032786885245902,0.18232044198895028,0.5901639344262295,0.585635359116022,8.80000000000291,15.39999999999418,0.5714285714289764,0.6948051948052685,up,aligned,3.4108527131794224,2.6000000000058208,2.6000000000058208,above,True,True,-6.44999999999709,6.44999999999709,0.6721311475409836,0.7016574585635359,opposed,opposed,0.28600000000000003,0.11400000000000002,buy,True,aligned
2026-03-21 05:20:00,2026-03-21,70709.3,70713.4,70680.4,70683.8,4.995,21.509,26.504,-16.514,-0.6230757621491095,70696.91,87365.86,-1.231e-05,0.0,0.0,False,2026-03-21.csv,16.514,negative,0.6230757621491095,0.7213114754098361,0.7458563535911602,0.45901639344262296,0.46408839779005523,-25.5,33.0,0.7727272727272727,0.10303030303056761,down,aligned,1.5441443623592104,-13.110000000000582,13.110000000000582,below,True,True,-1.8800000000046566,1.8800000000046566,0.2459016393442623,0.281767955801105,aligned,aligned,0.0,0.0,balanced_or_unknown,False,flat_or_unknown
2026-03-21 05:21:00,2026-03-21,70683.9,70683.9,70663.2,70663.2,5.191,10.28,15.471,-5.0889999999999995,-0.3289380130566867,70674.06,87368.94,-1.197e-05,0.0,0.0,False,2026-03-21.csv,5.0889999999999995,negative,0.3289380130566867,0.29508196721311475,0.35359116022099446,0.18032786885245902,0.20441988950276244,-20.69999999999709,20.69999999999709,1.0,0.0,down,aligned,4.067596777362368,-10.860000000000582,10.860000000000582,below,True,True,3.0800000000017462,3.0800000000017462,0.39344262295081966,0.43646408839779005,opposed,opposed,0.0,0.0,balanced_or_unknown,False,flat_or_unknown
2026-03-21 05:22:00,2026-03-21,70663.3,70714.0,70663.2,70707.6,32.115,10.421,42.536,21.694000000000003,0.5100150460786158,70692.14,87368.33,-1.245e-05,0.0,0.0,False,2026-03-21.csv,21.694000000000003,positive,0.5100150460786158,0.8360655737704918,0.8121546961325967,0.7213114754098361,0.7348066298342542,44.30000000000291,50.80000000000291,0.8720472440944955,0.8740157480316179,up,aligned,2.042039273531986,15.460000000006403,15.460000000006403,above,True,True,-0.6100000000005821,0.6100000000005821,0.08196721311475409,0.08287292817679558,opposed,opposed,0.0,0.0,balanced_or_unknown,False,flat_or_unknown
2026-03-21 05:23:00,2026-03-21,70707.6,70741.0,70693.6,70737.0,58.759,11.211,69.97,47.548,0.6795483778762327,70721.37,87361.63,-1.245e-05,0.0,0.0,False,2026-03-21.csv,47.548,positive,0.6795483778762327,0.9836065573770492,0.9723756906077348,0.9180327868852459,0.9226519337016574,29.39999999999418,47.39999999999418,0.6202531645569154,0.9156118143459812,up,aligned,0.6183225372254181,15.630000000004657,15.630000000004657,above,True,True,-6.69999999999709,6.69999999999709,0.7213114754098361,0.7403314917127072,opposed,opposed,0.0,0.0,balanced_or_unknown,False,flat_or_unknown
2026-03-21 05:24:00,2026-03-21,70737.0,70742.1,70711.9,70712.8,11.227,32.32,43.547,-21.093,-0.4843732059613751,70728.33,87345.56,-1.218e-05,0.0,0.0,False,2026-03-21.csv,21.093,negative,0.4843732059613751,0.8032786885245902,0.7955801104972375,0.7213114754098361,0.7348066298342542,-24.19999999999709,30.20000000001164,0.801324503310853,0.029801324503588883,down,aligned,1.1473000521498644,-15.529999999998836,15.529999999998836,below,True,True,-16.070000000006985,16.070000000006985,0.9344262295081968,0.9060773480662984,aligned,aligned,0.0,0.0,balanced_or_unknown,False,flat_or_unknown
2026-03-21 05:25:00,2026-03-21,70712.8,70712.8,70674.6,70683.1,11.527,10.155,21.682,1.3719999999999999,0.06327829536020663,70684.34,87341.68,-1.215e-05,0.0,0.0,False,2026-03-21.csv,1.3719999999999999,positive,0.06327829536020663,0.08196721311475409,0.0718232044198895,0.36065573770491804,0.35359116022099446,-29.69999999999709,38.19999999999709,0.7774869109947474,0.22251308900525255,down,opposed,21.647230320697588,-1.2399999999906868,1.2399999999906868,below,True,True,-3.8800000000046566,3.8800000000046566,0.4426229508196721,0.5193370165745856,opposed,aligned,0.0,0.0,balanced_or_unknown,False,flat_or_unknown
2026-03-21 05:26:00,2026-03-21,70683.0,70724.0,70683.0,70714.1,12.73,14.195,26.925,-1.4649999999999999,-0.05441039925719591,70708.79,87347.95,-1.255e-05,0.0,0.0,False,2026-03-21.csv,1.4649999999999999,negative,0.05441039925719591,0.11475409836065574,0.08839779005524862,0.5081967213114754,0.4696132596685083,31.10000000000582,41.0,0.7585365853659957,0.7585365853659957,up,opposed,21.228668941983496,5.310000000012224,5.310000000012224,above,True,True,6.2700000000040745,6.2700000000040745,0.639344262295082,0.6850828729281768,opposed,aligned,0.0,0.0,balanced_or_unknown,False,flat_or_unknown
2026-03-21 05:27:00,2026-03-21,70714.0,70725.8,70705.4,70714.0,26.811,13.839,40.65,12.972,0.31911439114391144,70717.32,87346.42,-1.255e-05,0.0,0.0,False,2026-03-21.csv,12.972,positive,0.31911439114391144,0.7049180327868853,0.6685082872928176,0.7213114754098361,0.6961325966850829,0.0,20.40000000000873,0.0,0.4215686274510853,flat_or_unknown,flat_or_unknown,0.0,-3.320000000006985,3.320000000006985,below,True,True,-1.5299999999988358,1.5299999999988358,0.19672131147540983,0.2541436464088398,opposed,flat_or_unknown,0.0,0.0,balanced_or_unknown,False,flat_or_unknown
2026-03-21 05:28:00,2026-03-21,70714.6,70732.1,70705.0,70732.0,11.45,15.393,26.843,-3.9430000000000014,-0.14689118205863733,70718.37,87341.68,-1.232e-05,0.0,0.0,False,2026-03-21.csv,3.9430000000000014,negative,0.14689118205863733,0.26229508196721313,0.287292817679558,0.5081967213114754,0.4696132596685083,17.39999999999418,27.10000000000582,0.642066420663854,0.996309963099417,up,opposed,4.412883591172755,13.630000000004657,13.630000000004657,above,True,True,-4.740000000005239,4.740000000005239,0.5409836065573771,0.5911602209944752,aligned,opposed,0.0,0.0,balanced_or_unknown,False,flat_or_unknown
2026-03-21 05:29:00,2026-03-21,70732.0,70767.8,70730.7,70760.7,38.042,24.597,62.639,13.445,0.21464263478024873,70753.74,87343.83,-1.233e-05,0.022,0.0,False,2026-03-21.csv,13.445,positive,0.21464263478024873,0.7377049180327869,0.6740331491712708,0.8852459016393442,0.8950276243093923,28.69999999999709,37.10000000000582,0.7735849056601776,0.8086253369270968,up,aligned,2.134622536258616,6.959999999991851,6.959999999991851,above,True,True,2.150000000008731,2.150000000008731,0.3114754098360656,0.3259668508287293,aligned,aligned,0.022,0.022,buy,False,aligned
2026-03-21 05:30:00,2026-03-21,70760.7,70760.8,70743.8,70748.5,32.076,40.835,72.911,-8.759,-0.12013276460342061,70751.42,87324.72,-1.233e-05,0.0,0.0,False,2026-03-21.csv,8.759,negative,0.12013276460342061,0.5409836065573771,0.5027624309392266,0.9836065573770492,0.9558011049723757,-12.19999999999709,17.0,0.7176470588233582,0.27647058823512294,down,aligned,1.3928530654180944,-2.9199999999982538,2.9199999999982538,below,True,True,-19.110000000000582,19.110000000000582,0.9836065573770492,0.9337016574585635,aligned,aligned,0.0,0.0,balanced_or_unknown,False,flat_or_unknown
2026-03-21 05:31:00,2026-03-21,70748.5,70748.6,70715.0,70715.1,7.752,15.315,23.067,-7.563,-0.327870984523345,70735.23,87318.13,-1.223e-05,0.0,0.0,False,2026-03-21.csv,7.563,negative,0.327870984523345,0.4918032786885246,0.44751381215469616,0.4098360655737705,0.3756906077348066,-33.39999999999418,33.60000000000582,0.9940476190472736,0.0029761904763631977,down,aligned,4.4162369430112625,-20.129999999990105,20.129999999990105,below,True,True,-6.5899999999965075,6.5899999999965075,0.7377049180327869,0.7292817679558011,aligned,aligned,0.0,0.0,balanced_or_unknown,False,flat_or_unknown
2026-03-21 05:32:00,2026-03-21,70715.0,70788.0,70710.0,70787.9,92.712,12.707,105.419,80.005,0.7589239131465865,70753.09,87321.09,-1.237e-05,0.0,0.0,False,2026-03-21.csv,80.005,positive,0.7589239131465865,1.0,1.0,0.9836065573770492,0.9834254143646409,72.89999999999418,78.0,0.93461538461531,0.9987179487178741,up,aligned,0.9111930504342751,34.80999999999767,34.80999999999767,above,True,True,2.959999999991851,2.959999999991851,0.3770491803278688,0.39779005524861877,aligned,aligned,0.0,0.0,balanced_or_unknown,False,flat_or_unknown
2026-03-21 05:33:00,2026-03-21,70788.0,70800.0,70721.2,70721.2,56.253,60.81,117.063,-4.557000000000002,-0.03892775684887626,70779.44,87331.45,-1.296e-05,0.847,0.0,False,2026-03-21.csv,4.557000000000002,negative,0.03892775684887626,0.29508196721311475,0.3259668508287293,0.9836065573770492,0.9834254143646409,-66.80000000000291,78.80000000000291,0.8477157360406148,0.0,down,aligned,14.658766732500084,-58.24000000000524,58.24000000000524,below,True,True,10.360000000000582,10.360000000000582,0.8852459016393442,0.8453038674033149,opposed,opposed,0.847,0.847,buy,True,opposed
2026-03-21 05:34:00,2026-03-21,70721.1,70721.1,70679.6,70680.0,15.127,30.944,46.071,-15.816999999999998,-0.34331792233726205,70692.78,87321.06,-1.296e-05,0.0,0.0,False,2026-03-21.csv,15.816999999999998,negative,0.34331792233726205,0.7704918032786885,0.7292817679558011,0.8032786885245902,0.7734806629834254,-41.10000000000582,41.5,0.9903614457832728,0.00963855421672721,down,aligned,2.5984700006325996,-12.779999999998836,12.779999999998836,below,True,True,-10.389999999999418,10.389999999999418,0.8852459016393442,0.8453038674033149,aligned,aligned,0.0,0.0,balanced_or_unknown,False,flat_or_unknown
2026-03-21 05:35:00,2026-03-21,70680.0,70716.2,70680.0,70703.2,51.791,21.838,73.629,29.952999999999996,0.40680981678414746,70703.87,87327.09,-1.307e-05,0.0,0.0,False,2026-03-21.csv,29.952999999999996,positive,0.40680981678414746,0.9508196721311475,0.9337016574585635,0.9508196721311475,0.9613259668508287,23.19999999999709,36.19999999999709,0.6408839779005236,0.6408839779005236,up,aligned,0.7745467899708575,-0.6699999999982538,0.6699999999982538,below,True,True,6.029999999998836,6.029999999998836,0.639344262295082,0.6740331491712708,aligned,aligned,0.0,0.0,balanced_or_unknown,False,flat_or_unknown
2026-03-21 05:36:00,2026-03-21,70703.2,70744.5,70703.2,70728.5,21.764,17.662,39.426,4.102,0.1040430172982296,70730.72,87320.08,-1.395e-05,0.0,0.0,False,2026-03-21.csv,4.102,positive,0.1040430172982296,0.26229508196721313,0.292817679558011,0.7049180327868853,0.6795580110497238,25.30000000000291,41.30000000000291,0.6125907990315043,0.6125907990315043,up,aligned,6.167723061921723,-2.220000000001164,2.220000000001164,below,True,True,-7.009999999994761,7.009999999994761,0.7704918032786885,0.7624309392265194,opposed,opposed,0.0,0.0,balanced_or_unknown,False,flat_or_unknown
2026-03-21 05:37:00,2026-03-21,70728.3,70748.0,70724.9,70746.4,21.333,16.386,37.719,4.946999999999999,0.13115406028791854,70737.47,87323.85,-1.395e-05,0.0,0.0,False,2026-03-21.csv,4.946999999999999,positive,0.13115406028791854,0.3442622950819672,0.3425414364640884,0.6557377049180327,0.6353591160220995,18.09999999999127,23.10000000000582,0.7835497835492081,0.9307359307356962,up,aligned,3.658783100867449,8.929999999993015,8.929999999993015,above,True,True,3.7700000000040745,3.7700000000040745,0.45901639344262296,0.5027624309392266,aligned,aligned,0.0,0.0,balanced_or_unknown,False,flat_or_unknown
2026-03-21 05:38:00,2026-03-21,70746.4,70752.2,70733.0,70749.0,24.833,10.77,35.603,14.062999999999999,0.39499480380866775,70744.32,87322.1,-1.303e-05,0.0,0.0,False,2026-03-21.csv,14.062999999999999,positive,0.39499480380866775,0.7704918032786885,0.7016574585635359,0.639344262295082,0.5966850828729282,2.6000000000058208,19.19999999999709,0.13541666666699037,0.8333333333334596,up,aligned,0.18488231529587007,4.679999999993015,4.679999999993015,above,True,True,-1.75,1.75,0.22950819672131148,0.2596685082872928,opposed,opposed,0.0,0.0,balanced_or_unknown,False,flat_or_unknown
2026-03-21 05:39:00,2026-03-21,70749.0,70760.1,70748.9,70760.1,8.187,2.856,11.043,5.3309999999999995,0.48274925292040205,70757.4,87333.91,-1.261e-05,0.0,0.0,False,2026-03-21.csv,5.3309999999999995,positive,0.48274925292040205,0.39344262295081966,0.36464088397790057,0.04918032786885246,0.08839779005524862,11.10000000000582,11.200000000011642,0.9910714285709181,1.0,up,aligned,2.0821609454147105,2.7000000000116415,2.7000000000116415,above,True,True,11.809999999997672,11.809999999997672,0.9344262295081968,0.8729281767955801,aligned,aligned,0.0,0.0,balanced_or_unknown,False,flat_or_unknown
2026-03-21 05:40:00,2026-03-21,70760.0,70760.1,70682.4,70696.6,10.251,40.019,50.27,-29.768,-0.5921623234533518,70714.31,87334.08,-1.196e-05,0.0,0.0,False,2026-03-21.csv,29.768,negative,0.5921623234533518,0.9344262295081968,0.9226519337016574,0.8032786885245902,0.8121546961325967,-63.39999999999418,77.70000000001164,0.8159588159586187,0.1827541827543052,down,aligned,2.129803816178251,-17.70999999999185,17.70999999999185,below,True,True,0.16999999999825377,0.16999999999825377,0.04918032786885246,0.04419889502762431,opposed,opposed,0.0,0.0,balanced_or_unknown,False,flat_or_unknown
2026-03-21 05:41:00,2026-03-21,70696.5,70715.2,70696.5,70715.1,8.145,5.197,13.342,2.9479999999999995,0.2209563783540698,70706.57,87331.86,-1.196e-05,0.0,0.0,False,2026-03-21.csv,2.9479999999999995,positive,0.2209563783540698,0.19672131147540983,0.20441988950276244,0.13114754098360656,0.16574585635359115,18.60000000000582,18.69999999999709,0.9946524064175783,0.9946524064175783,up,aligned,6.3093622795135085,8.529999999998836,8.529999999998836,above,True,True,-2.220000000001164,2.220000000001164,0.3442622950819672,0.3259668508287293,opposed,opposed,0.0,0.0,balanced_or_unknown,False,flat_or_unknown
2026-03-21 05:42:00,2026-03-21,70715.1,70721.7,70711.1,70718.1,6.678,10.785,17.463,-4.107,-0.23518295825459543,70715.4,87332.06,-1.231e-05,0.0,0.0,False,2026-03-21.csv,4.107,negative,0.23518295825459543,0.2786885245901639,0.2983425414364641,0.29508196721311475,0.2596685082872928,3.0,10.599999999991269,0.28301886792476144,0.66037735849111,up,opposed,0.7304601899196493,2.7000000000116415,2.7000000000116415,above,True,True,0.19999999999708962,0.19999999999708962,0.06557377049180328,0.049723756906077346,opposed,aligned,0.0,0.0,balanced_or_unknown,False,flat_or_unknown
2026-03-21 05:43:00,2026-03-21,70718.0,70718.0,70706.8,70710.1,8.296,6.449,14.745,1.8469999999999995,0.12526280094947437,70708.95,87329.27,-1.159e-05,0.0,0.0,False,2026-03-21.csv,1.8469999999999995,positive,0.12526280094947437,0.16393442622950818,0.11602209944751381,0.19672131147540983,0.19337016574585636,-7.899999999994179,11.19999999999709,0.7053571428568064,0.29464285714319355,down,opposed,4.277206280451641,1.1500000000087311,1.1500000000087311,above,True,True,-2.789999999993597,2.789999999993597,0.4098360655737705,0.3756906077348066,opposed,aligned,0.0,0.0,balanced_or_unknown,False,flat_or_unknown
2026-03-21 05:44:00,2026-03-21,70710.1,70722.8,70695.6,70700.0,6.542,18.194,24.736,-11.652,-0.47105433376455363,70708.34,87327.73,-1.159e-05,0.0,0.0,False,2026-03-21.csv,11.652,negative,0.47105433376455363,0.7049180327868853,0.6298342541436464,0.45901639344262296,0.40331491712707185,-10.10000000000582,27.19999999999709,0.37132352941201846,0.16176470588215625,down,aligned,0.866803982149487,-8.339999999996508,8.339999999996508,below,True,True,-1.540000000008149,1.540000000008149,0.22950819672131148,0.24861878453038674,aligned,aligned,0.0,0.0,balanced_or_unknown,False,flat_or_unknown
2026-03-21 05:45:00,2026-03-21,70700.0,70736.1,70699.9,70735.2,23.864,9.421,33.285,14.443000000000001,0.43391918281508196,70725.45,87331.93,-1.11e-05,0.034,0.0,False,2026-03-21.csv,14.443000000000001,positive,0.43391918281508196,0.7868852459016393,0.7071823204419889,0.6557377049180327,0.5911602209944752,35.19999999999709,36.20000000001164,0.9723756906073417,0.9751381215467281,up,aligned,2.4371667936022354,9.75,9.75,above,True,True,4.19999999999709,4.19999999999709,0.5901639344262295,0.5580110497237569,aligned,aligned,0.034,0.034,buy,False,aligned
2026-03-21 05:46:00,2026-03-21,70735.1,70738.9,70723.9,70723.9,9.84,28.541,38.381,-18.701,-0.4872462937390897,70729.46,87327.16,-1.112e-05,0.0,0.0,False,2026-03-21.csv,18.701,negative,0.4872462937390897,0.8360655737704918,0.7845303867403315,0.6885245901639344,0.6574585635359116,-11.200000000011642,15.0,0.7466666666674427,0.0,down,aligned,0.5988984546287173,-5.560000000012224,5.560000000012224,below,True,True,-4.769999999989523,4.769999999989523,0.6229508196721312,0.6022099447513812,aligned,aligned,0.0,0.0,balanced_or_unknown,False,flat_or_unknown
2026-03-21 05:47:00,2026-03-21,70724.0,70728.0,70712.4,70726.9,2.88,9.449,12.329,-6.569,-0.5328088247221997,70718.51,87317.99,-1.084e-05,0.0,0.0,False,2026-03-21.csv,6.569,negative,0.5328088247221997,0.5081967213114754,0.430939226519337,0.09836065573770492,0.1270718232044199,2.8999999999941792,15.60000000000582,0.1858974358969934,0.9294871794868327,up,opposed,0.4414674988573876,8.389999999999418,8.389999999999418,above,True,True,-9.169999999998254,9.169999999998254,0.8852459016393442,0.8121546961325967,aligned,opposed,0.0,0.0,balanced_or_unknown,False,flat_or_unknown
2026-03-21 05:48:00,2026-03-21,70727.0,70727.0,70710.0,70710.0,6.648,8.682,15.33,-2.0340000000000007,-0.13268101761252452,70718.7,87317.65,-1.084e-05,0.0,0.0,False,2026-03-21.csv,2.0340000000000007,negative,0.13268101761252452,0.18032786885245902,0.11602209944751381,0.21311475409836064,0.20441988950276244,-17.0,17.0,1.0,0.0,down,aligned,8.357915437561452,-8.69999999999709,8.69999999999709,below,True,True,-0.34000000001105946,0.34000000001105946,0.08196721311475409,0.06077348066298342,aligned,aligned,0.0,0.0,balanced_or_unknown,False,flat_or_unknown
2026-03-21 05:49:00,2026-03-21,70710.0,70713.6,70700.0,70709.5,8.298,10.997,19.295,-2.699,-0.13988079813423165,70704.29,87316.53,-1.089e-05,0.0,0.0,False,2026-03-21.csv,2.699,negative,0.13988079813423165,0.22950819672131148,0.18232044198895028,0.3770491803278688,0.3149171270718232,-0.5,13.60000000000582,0.036764705882337205,0.6985294117644069,down,aligned,0.1852537977028529,5.210000000006403,5.210000000006403,above,True,True,-1.1199999999953434,1.1199999999953434,0.16393442622950818,0.19889502762430938,aligned,aligned,0.0,0.0,balanced_or_unknown,False,flat_or_unknown
2026-03-21 05:50:00,2026-03-21,70709.6,70709.6,70702.1,70702.1,2.586,6.469,9.055,-3.8830000000000005,-0.4288238542241856,70703.1,87319.08,-1.093e-05,0.0,0.0,False,2026-03-21.csv,3.8830000000000005,negative,0.4288238542241856,0.29508196721311475,0.26519337016574585,0.03278688524590164,0.049723756906077346,-7.5,7.5,1.0,0.0,down,aligned,1.931496265773886,-1.0,1.0,below,True,True,2.5500000000029104,2.5500000000029104,0.36065573770491804,0.3701657458563536,opposed,opposed,0.0,0.0,balanced_or_unknown,False,flat_or_unknown
2026-03-21 05:51:00,2026-03-21,70702.2,70702.2,70680.0,70687.3,5.777,14.263,20.04,-8.486,-0.4234530938123753,70687.98,87318.84,-1.093e-05,0.0,0.0,False,2026-03-21.csv,8.486,negative,0.4234530938123753,0.5737704918032787,0.48066298342541436,0.4098360655737705,0.3370165745856354,-14.89999999999418,22.19999999999709,0.671171171170997,0.32882882882900305,down,aligned,1.7558331369307303,-0.6799999999930151,0.6799999999930151,below,True,True,-0.2400000000052387,0.2400000000052387,0.08196721311475409,0.06077348066298342,aligned,aligned,0.0,0.0,balanced_or_unknown,False,flat_or_unknown
2026-03-21 05:52:00,2026-03-21,70687.3,70687.3,70660.0,70660.0,7.466,40.688,48.154,-33.222,-0.6899115338289654,70667.93,87318.05,-1.096e-05,0.0,0.0,False,2026-03-21.csv,33.222,negative,0.6899115338289654,0.9672131147540983,0.9558011049723757,0.819672131147541,0.8011049723756906,-27.30000000000291,27.30000000000291,1.0,0.0,down,aligned,0.8217446270544492,-7.929999999993015,7.929999999993015,below,True,True,-0.7899999999935972,0.7899999999935972,0.14754098360655737,0.1270718232044199,aligned,aligned,0.0,0.0,balanced_or_unknown,False,flat_or_unknown
2026-03-21 05:53:00,2026-03-21,70660.0,70660.0,70641.2,70649.3,20.636,61.322,81.958,-40.68600000000001,-0.4964249981697944,70647.88,87296.51,-1.121e-05,0.0,0.0,False,2026-03-21.csv,40.68600000000001,negative,0.4964249981697944,0.9672131147540983,0.9779005524861878,0.9672131147540983,0.9723756906077348,-10.69999999999709,18.80000000000291,0.5691489361699699,0.43085106383003013,down,aligned,0.2629897261956714,1.4199999999982538,1.4199999999982538,above,True,True,-21.54000000000815,21.54000000000815,1.0,0.9723756906077348,aligned,aligned,0.0,0.0,balanced_or_unknown,False,flat_or_unknown
2026-03-21 05:54:00,2026-03-21,70649.3,70675.0,70649.3,70675.0,9.486,3.341,12.827,6.1450000000000005,0.47906759179854996,70662.24,87300.24,-1.211e-05,0.0,0.0,False,2026-03-21.csv,6.1450000000000005,positive,0.47906759179854996,0.45901639344262296,0.39779005524861877,0.11475409836065574,0.16022099447513813,25.69999999999709,25.69999999999709,1.0,1.0,up,aligned,4.1822620016268655,12.759999999994761,12.759999999994761,above,True,True,3.7300000000104774,3.7300000000104774,0.5081967213114754,0.5138121546961326,aligned,aligned,0.0,0.0,balanced_or_unknown,False,flat_or_unknown
2026-03-21 05:55:00,2026-03-21,70674.9,70675.0,70667.1,70670.8,12.071,10.324,22.395,1.7469999999999999,0.07800848403661531,70671.62,87301.96,-1.211e-05,0.0,0.0,False,2026-03-21.csv,1.7469999999999999,positive,0.07800848403661531,0.13114754098360656,0.09944751381215469,0.4262295081967213,0.39779005524861877,-4.099999999991269,7.899999999994179,0.5189873417714291,0.4683544303797235,down,opposed,2.3468803663373032,-0.819999999992433,0.819999999992433,below,True,True,1.7200000000011642,1.7200000000011642,0.26229508196721313,0.27624309392265195,aligned,opposed,0.0,0.0,balanced_or_unknown,False,flat_or_unknown
2026-03-21 05:56:00,2026-03-21,70670.8,70671.0,70667.1,70667.2,2.914,9.001,11.915,-6.087,-0.5108686529584557,70670.13,87297.61,-1.195e-05,0.0,0.0,False,2026-03-21.csv,6.087,negative,0.5108686529584557,0.45901639344262296,0.40331491712707185,0.08196721311475409,0.1270718232044199,-3.6000000000058208,3.8999999999941792,0.9230769230797933,0.025641025638825154,down,aligned,0.5914243469699065,-2.930000000007567,2.930000000007567,below,True,True,-4.350000000005821,4.350000000005821,0.6065573770491803,0.5966850828729282,aligned,aligned,0.0,0.0,balanced_or_unknown,False,flat_or_unknown
2026-03-21 05:57:00,2026-03-21,70667.1,70675.3,70664.6,70675.3,11.051,3.345,14.396,7.7059999999999995,0.5352875798833009,70667.69,87293.73,-1.193e-05,0.0,0.0,False,2026-03-21.csv,7.7059999999999995,positive,0.5352875798833009,0.5245901639344263,0.48066298342541436,0.16393442622950818,0.19337016574585636,8.19999999999709,10.69999999999709,0.7663551401868524,1.0,up,aligned,1.064105891512729,7.610000000000582,7.610000000000582,above,True,True,-3.8800000000046566,3.8800000000046566,0.5737704918032787,0.5359116022099447,opposed,opposed,0.0,0.0,balanced_or_unknown,False,flat_or_unknown
2026-03-21 05:58:00,2026-03-21,70675.3,70689.5,70675.2,70683.9,7.908,6.317,14.225,1.5910000000000002,0.11184534270650265,70684.22,87291.71,-1.193e-05,0.0,0.0,False,2026-03-21.csv,1.5910000000000002,positive,0.11184534270650265,0.09836065573770492,0.07734806629834254,0.16393442622950818,0.19337016574585636,8.599999999991269,14.30000000000291,0.6013986013978684,0.608391608391281,up,aligned,5.405405405399917,-0.3200000000069849,0.3200000000069849,below,True,True,-2.0199999999895226,2.0199999999895226,0.3442622950819672,0.32044198895027626,opposed,opposed,0.0,0.0,balanced_or_unknown,False,flat_or_unknown
2026-03-21 05:59:00,2026-03-21,70684.0,70684.0,70675.7,70675.7,0.872,3.501,4.373,-2.629,-0.601189115024011,70677.47,87294.08,-1.205e-05,0.0,0.0,False,2026-03-21.csv,2.629,negative,0.601189115024011,0.22950819672131148,0.18232044198895028,0.01639344262295082,0.011049723756906077,-8.30000000000291,8.30000000000291,1.0,0.0,down,aligned,3.157093952074139,-1.7700000000040745,1.7700000000040745,below,True,True,2.3699999999953434,2.3699999999953434,0.39344262295081966,0.35911602209944754,opposed,opposed,0.0,0.0,balanced_or_unknown,False,flat_or_unknown
2026-03-21 06:00:00,2026-03-21,70675.8,70683.9,70673.8,70673.9,6.785,26.394,33.179,-19.608999999999998,-0.5910063594442266,70678.48,87295.85,-1.191e-05,0.006,0.0,False,2026-03-21.csv,19.608999999999998,negative,0.5910063594442266,0.819672131147541,0.8232044198895028,0.6229508196721312,0.6132596685082873,-1.9000000000087311,10.099999999991269,0.18811881188221521,0.00990099009815399,down,aligned,0.09689428323773427,-4.580000000001746,4.580000000001746,below,True,True,1.7700000000040745,1.7700000000040745,0.29508196721311475,0.287292817679558,opposed,opposed,0.006,0.006,buy,False,opposed
2026-03-21 06:01:00,2026-03-21,70673.9,70688.0,70657.9,70673.6,17.762,26.122,43.884,-8.36,-0.19050223316014947,70677.45,87296.7,-1.195e-05,0.0,0.0,False,2026-03-21.csv,8.36,negative,0.19050223316014947,0.5573770491803278,0.5082872928176796,0.7868852459016393,0.7624309392265194,-0.29999999998835847,30.10000000000582,0.009966777408249184,0.5215946843856679,down,aligned,0.03588516746272231,-3.849999999991269,3.849999999991269,below,True,True,0.8499999999912689,0.8499999999912689,0.16393442622950818,0.13812154696132597,opposed,opposed,0.0,0.0,balanced_or_unknown,False,flat_or_unknown
2026-03-21 06:02:00,2026-03-21,70673.5,70688.0,70655.1,70687.9,9.6,39.921,49.521,-30.320999999999998,-0.6122856969770399,70663.75,87295.49,-1.195e-05,0.0,0.0,False,2026-03-21.csv,30.320999999999998,negative,0.6122856969770399,0.9344262295081968,0.9337016574585635,0.8360655737704918,0.8176795580110497,14.39999999999418,32.89999999999418,0.43768996960476375,0.996960486322011,up,opposed,0.47491837340437915,24.14999999999418,24.14999999999418,above,True,True,-1.209999999991851,1.209999999991851,0.21311475409836064,0.2265193370165746,aligned,opposed,0.0,0.0,balanced_or_unknown,False,flat_or_unknown
2026-03-21 06:03:00,2026-03-21,70688.0,70704.1,70687.9,70691.8,25.99,5.288,31.278,20.701999999999998,0.6618709636165995,70698.21,87298.7,-1.163e-05,0.0,0.0,False,2026-03-21.csv,20.701999999999998,positive,0.6618709636165995,0.819672131147541,0.8397790055248618,0.5737704918032787,0.6022099447513812,3.8000000000029104,16.20000000001164,0.234567901234579,0.2407407407411067,up,aligned,0.18355714423741237,-6.4100000000034925,6.4100000000034925,below,True,True,3.209999999991851,3.209999999991851,0.5573770491803278,0.4861878453038674,aligned,aligned,0.0,0.0,balanced_or_unknown,False,flat_or_unknown
2026-03-21 06:04:00,2026-03-21,70691.7,70708.9,70691.7,70698.0,7.61,3.833,11.443,3.777,0.3300707856331382,70698.41,87300.91,-1.151e-05,0.0,0.0,False,2026-03-21.csv,3.777,positive,0.3300707856331382,0.22950819672131148,0.26519337016574585,0.08196721311475409,0.12154696132596685,6.30000000000291,17.19999999999709,0.36627906976767305,0.36627906976767305,up,aligned,1.667990468626664,-0.41000000000349246,0.41000000000349246,below,True,True,2.210000000006403,2.210000000006403,0.39344262295081966,0.35911602209944754,aligned,aligned,0.0,0.0,balanced_or_unknown,False,flat_or_unknown
2026-03-21 06:05:00,2026-03-21,70698.0,70698.1,70678.4,70678.4,4.175,10.29,14.465,-6.114999999999999,-0.4227445558244037,70687.74,87302.08,-1.151e-05,0.0,0.0,False,2026-03-21.csv,6.114999999999999,negative,0.4227445558244037,0.4426229508196721,0.4198895027624309,0.22950819672131148,0.22099447513812154,-19.60000000000582,19.70000000001164,0.9949238578677279,0.0,down,aligned,3.205233033525073,-9.34000000001106,9.34000000001106,below,True,True,1.1699999999982538,1.1699999999982538,0.19672131147540983,0.2154696132596685,opposed,opposed,0.0,0.0,balanced_or_unknown,False,flat_or_unknown
2026-03-21 06:06:00,2026-03-21,70678.4,70715.2,70678.4,70679.4,23.206,11.678,34.884,11.527999999999999,0.3304666895998165,70694.87,87298.54,-1.147e-05,0.0,0.0,False,2026-03-21.csv,11.527999999999999,positive,0.3304666895998165,0.639344262295082,0.6298342541436464,0.639344262295082,0.6408839779005525,1.0,36.80000000000291,0.027173913043476113,0.027173913043476113,up,aligned,0.08674531575294935,-15.470000000001164,15.470000000001164,below,True,True,-3.540000000008149,3.540000000008149,0.5901639344262295,0.5193370165745856,opposed,opposed,0.0,0.0,balanced_or_unknown,False,flat_or_unknown
2026-03-21 06:07:00,2026-03-21,70679.4,70679.5,70672.7,70672.7,2.396,5.87,8.266,-3.474,-0.4202758286958626,70675.74,87297.46,-1.149e-05,0.0,0.0,False,2026-03-21.csv,3.474,negative,0.4202758286958626,0.22950819672131148,0.24861878453038674,0.03278688524590164,0.049723756906077346,-6.69999999999709,6.80000000000291,0.9852941176462091,0.0,down,aligned,1.9286125503733704,-3.040000000008149,3.040000000008149,below,True,True,-1.0799999999871943,1.0799999999871943,0.16393442622950818,0.19889502762430938,aligned,aligned,0.0,0.0,balanced_or_unknown,False,flat_or_unknown
2026-03-21 06:08:00,2026-03-21,70672.7,70693.1,70670.0,70693.0,18.253,9.658,27.911,8.595,0.3079431048690481,70685.13,87298.74,-1.193e-05,0.0,0.0,False,2026-03-21.csv,8.595,positive,0.3079431048690481,0.5573770491803278,0.5303867403314917,0.5573770491803278,0.56353591160221,20.30000000000291,23.10000000000582,0.8787878787877833,0.9956709956707448,up,aligned,2.361838278068983,7.869999999995343,7.869999999995343,above,True,True,1.2799999999988358,1.2799999999988358,0.22950819672131148,0.24861878453038674,aligned,aligned,0.0,0.0,balanced_or_unknown,False,flat_or_unknown
2026-03-21 06:09:00,2026-03-21,70693.0,70693.0,70686.5,70686.5,1.225,5.532,6.757,-4.307,-0.6374130531300874,70690.06,87295.43,-1.193e-05,0.0,0.0,False,2026-03-21.csv,4.307,negative,0.6374130531300874,0.3114754098360656,0.3259668508287293,0.03278688524590164,0.03314917127071823,-6.5,6.5,1.0,0.0,down,aligned,1.5091711167866262,-3.5599999999976717,3.5599999999976717,below,True,True,-3.3100000000122236,3.3100000000122236,0.5737704918032787,0.49171270718232046,aligned,aligned,0.0,0.0,balanced_or_unknown,False,flat_or_unknown
2026-03-21 06:10:00,2026-03-21,70686.5,70693.3,70664.3,70682.2,21.274,18.634,39.908,2.6400000000000006,0.06615214994487321,70679.08,87293.74,-1.192e-05,0.0,0.0,False,2026-03-21.csv,2.6400000000000006,positive,0.06615214994487321,0.18032786885245902,0.18232044198895028,0.7213114754098361,0.7292817679558011,-4.30000000000291,29.0,0.14827586206906587,0.6172413793101441,down,opposed,1.628787878788981,3.1199999999953434,3.1199999999953434,above,True,True,-1.6899999999877764,1.6899999999877764,0.29508196721311475,0.292817679558011,opposed,aligned,0.0,0.0,balanced_or_unknown,False,flat_or_unknown
2026-03-21 06:11:00,2026-03-21,70682.2,70685.4,70682.2,70685.3,4.844,2.916,7.76,1.9280000000000004,0.24845360824742274,70683.03,87298.55,-1.214e-05,0.0,0.0,False,2026-03-21.csv,1.9280000000000004,positive,0.24845360824742274,0.13114754098360656,0.1270718232044199,0.04918032786885246,0.04419889502762431,3.1000000000058208,3.1999999999970896,0.9687500000027001,0.9687500000027001,up,aligned,1.6078838174304046,2.2700000000040745,2.2700000000040745,above,True,True,4.809999999997672,4.809999999997672,0.7540983606557377,0.6353591160220995,aligned,aligned,0.0,0.0,balanced_or_unknown,False,flat_or_unknown
2026-03-21 06:12:00,2026-03-21,70685.3,70700.0,70685.3,70699.9,6.521,3.611,10.132,2.9099999999999997,0.28720884326885116,70695.35,87297.04,-1.253e-05,0.0,0.0,False,2026-03-21.csv,2.9099999999999997,positive,0.28720884326885116,0.21311475409836064,0.22099447513812154,0.09836065573770492,0.09944751381215469,14.599999999991269,14.69999999999709,0.9931972789111673,0.9931972789111673,up,aligned,5.017182130581193,4.5499999999883585,4.5499999999883585,above,True,True,-1.5100000000093132,1.5100000000093132,0.2459016393442623,0.26519337016574585,opposed,opposed,0.0,0.0,balanced_or_unknown,False,flat_or_unknown
2026-03-21 06:13:00,2026-03-21,70699.9,70700.0,70697.3,70697.3,2.106,3.169,5.275,-1.0630000000000002,-0.20151658767772512,70698.98,87295.64,-1.253e-05,0.0,0.0,False,2026-03-21.csv,1.0630000000000002,negative,0.20151658767772512,0.01639344262295082,0.03867403314917127,0.03278688524590164,0.016574585635359115,-2.599999999991269,2.6999999999970896,0.9629629629607672,0.0,down,aligned,2.4459078080820964,-1.679999999993015,1.679999999993015,below,True,True,-1.3999999999941792,1.3999999999941792,0.2459016393442623,0.2596685082872928,aligned,aligned,0.0,0.0,balanced_or_unknown,False,flat_or_unknown
2026-03-21 06:14:00,2026-03-21,70697.3,70697.4,70687.7,70687.7,1.937,15.991,17.928,-14.054,-0.7839134315037929,70691.29,87288.63,-1.243e-05,0.011,0.0,False,2026-03-21.csv,14.054,negative,0.7839134315037929,0.6885245901639344,0.7348066298342542,0.3442622950819672,0.35359116022099446,-9.60000000000582,9.69999999999709,0.9896907216503815,0.0,down,aligned,0.6830795503063769,-3.5899999999965075,3.5899999999965075,below,True,True,-7.009999999994761,7.009999999994761,0.8852459016393442,0.7845303867403315,aligned,aligned,0.011,0.011,buy,False,opposed
2026-03-21 06:15:00,2026-03-21,70687.7,70700.0,70687.7,70687.9,9.308,5.815,15.123,3.4929999999999994,0.23097269060371617,70694.43,87285.71,-1.256e-05,0.0,0.0,False,2026-03-21.csv,3.4929999999999994,positive,0.23097269060371617,0.26229508196721313,0.287292817679558,0.29508196721311475,0.27071823204419887,0.19999999999708962,12.30000000000291,0.01626016260138555,0.01626016260138555,up,aligned,0.05725737188579721,-6.529999999998836,6.529999999998836,below,True,True,-2.9199999999982538,2.9199999999982538,0.5245901639344263,0.430939226519337,opposed,opposed,0.0,0.0,balanced_or_unknown,False,flat_or_unknown
2026-03-21 06:16:00,2026-03-21,70687.9,70698.6,70676.2,70676.3,8.947,19.018,27.965,-10.071000000000002,-0.3601287323440015,70693.26,87286.04,-1.256e-05,0.008,0.0,False,2026-03-21.csv,10.071000000000002,negative,0.3601287323440015,0.6229508196721312,0.6077348066298343,0.5573770491803278,0.580110497237569,-11.599999999991269,22.40000000000873,0.5178571428565513,0.00446428571454383,down,aligned,1.1518220633493463,-16.95999999999185,16.95999999999185,below,True,True,0.3299999999871943,0.3299999999871943,0.06557377049180328,0.06629834254143646,opposed,opposed,0.008,0.008,buy,False,opposed
2026-03-21 06:17:00,2026-03-21,70676.2,70704.0,70676.1,70704.0,23.77,8.948,32.718,14.822,0.4530228009047007,70689.37,87281.1,-1.246e-05,0.0,0.0,False,2026-03-21.csv,14.822,positive,0.4530228009047007,0.7540983606557377,0.7569060773480663,0.5901639344262295,0.6298342541436464,27.80000000000291,27.89999999999418,0.9964157706096312,1.0,up,aligned,1.8755903386859338,14.630000000004657,14.630000000004657,above,True,True,-4.939999999987776,4.939999999987776,0.7540983606557377,0.6629834254143646,opposed,opposed,0.0,0.0,balanced_or_unknown,False,flat_or_unknown
2026-03-21 06:18:00,2026-03-21,70703.9,70726.8,70688.8,70726.8,14.913,10.124,25.037,4.789,0.19127691017294404,70701.42,87281.42,-1.236e-05,0.0,0.0,False,2026-03-21.csv,4.789,positive,0.19127691017294404,0.39344262295081966,0.36464088397790057,0.47540983606557374,0.49171270718232046,22.90000000000873,38.0,0.6026315789475982,1.0,up,aligned,4.781791605765031,25.380000000004657,25.380000000004657,above,True,True,0.319999999992433,0.319999999992433,0.06557377049180328,0.06077348066298342,aligned,aligned,0.0,0.0,balanced_or_unknown,False,flat_or_unknown
2026-03-21 06:19:00,2026-03-21,70727.0,70761.9,70726.9,70761.9,24.008,10.061,34.069,13.947,0.4093750917256156,70749.11,87285.21,-1.204e-05,0.0,0.0,False,2026-03-21.csv,13.947,positive,0.4093750917256156,0.7049180327868853,0.7292817679558011,0.6557377049180327,0.6574585635359116,34.89999999999418,35.0,0.9971428571426908,1.0,up,aligned,2.5023302502326077,12.789999999993597,12.789999999993597,above,True,True,3.790000000008149,3.790000000008149,0.639344262295082,0.5580110497237569,aligned,aligned,0.0,0.0,balanced_or_unknown,False,flat_or_unknown
2026-03-21 06:20:00,2026-03-21,70761.9,70766.7,70735.1,70745.1,40.928,67.149,108.077,-26.221000000000004,-0.24261406219639706,70756.8,87293.18,-1.204e-05,0.0,0.0,False,2026-03-21.csv,26.221000000000004,negative,0.24261406219639706,0.8852459016393442,0.9060773480662984,0.9836065573770492,0.9834254143646409,-16.79999999998836,31.59999999999127,0.5316455696200316,0.3164556962026191,down,aligned,0.6407078296017832,-11.69999999999709,11.69999999999709,below,True,True,7.969999999986612,7.969999999986612,0.8852459016393442,0.8066298342541437,opposed,opposed,0.0,0.0,balanced_or_unknown,False,flat_or_unknown
2026-03-21 06:21:00,2026-03-21,70745.1,70745.1,70707.7,70707.9,10.58,18.256,28.836,-7.676,-0.2661950339852962,70722.0,87298.69,-1.172e-05,0.0,0.0,False,2026-03-21.csv,7.676,negative,0.2661950339852962,0.5245901639344263,0.4972375690607735,0.5573770491803278,0.585635359116022,-37.20000000001164,37.40000000000873,0.9946524064171913,0.005347593582808634,down,aligned,4.846274101095837,-14.10000000000582,14.10000000000582,below,True,True,5.510000000009313,5.510000000009313,0.7704918032786885,0.6961325966850829,opposed,opposed,0.0,0.0,balanced_or_unknown,False,flat_or_unknown
2026-03-21 06:22:00,2026-03-21,70707.8,70716.1,70699.2,70702.7,20.28,7.591,27.871,12.689,0.45527609343044745,70704.11,87297.07,-1.255e-05,0.0,0.0,False,2026-03-21.csv,12.689,positive,0.45527609343044745,0.6557377049180327,0.6906077348066298,0.5081967213114754,0.5524861878453039,-5.100000000005821,16.90000000000873,0.3017751479291826,0.20710059171586934,down,opposed,0.4019229253688881,-1.4100000000034925,1.4100000000034925,below,True,True,-1.6199999999953434,1.6199999999953434,0.3114754098360656,0.292817679558011,opposed,aligned,0.0,0.0,balanced_or_unknown,False,flat_or_unknown
2026-03-21 06:23:00,2026-03-21,70702.7,70716.1,70702.7,70707.6,13.588,5.1,18.688,8.488,0.4541952054794521,70714.13,87288.25,-1.255e-05,0.0,0.0,False,2026-03-21.csv,8.488,positive,0.4541952054794521,0.5737704918032787,0.5248618784530387,0.36065573770491804,0.35359116022099446,4.900000000008731,13.400000000008731,0.3656716417914581,0.3656716417914581,up,aligned,0.577285579642876,-6.529999999998836,6.529999999998836,below,True,True,-8.820000000006985,8.820000000006985,0.8852459016393442,0.8176795580110497,opposed,opposed,0.0,0.0,balanced_or_unknown,False,flat_or_unknown
2026-03-21 06:24:00,2026-03-21,70707.5,70713.8,70705.0,70713.7,5.166,3.859,9.025,1.3070000000000004,0.144819944598338,70705.73,87294.4,-1.374e-05,0.0,0.0,False,2026-03-21.csv,1.3070000000000004,positive,0.144819944598338,0.03278688524590164,0.055248618784530384,0.09836065573770492,0.0718232044198895,6.19999999999709,8.80000000000291,0.7045454545448908,0.988636363635706,up,aligned,4.743687834733809,7.970000000001164,7.970000000001164,above,True,True,6.149999999994179,6.149999999994179,0.7868852459016393,0.712707182320442,aligned,aligned,0.0,0.0,balanced_or_unknown,False,flat_or_unknown
2026-03-21 06:25:00,2026-03-21,70713.7,70763.1,70713.7,70763.0,15.56,4.321,19.881,11.239,0.5653136160152911,70746.22,87297.32,-1.461e-05,0.0,0.0,False,2026-03-21.csv,11.239,positive,0.5653136160152911,0.6557377049180327,0.6187845303867403,0.4098360655737705,0.3867403314917127,49.30000000000291,49.40000000000873,0.9979757085019069,0.9979757085019069,up,aligned,4.386511255450031,16.779999999998836,16.779999999998836,above,True,True,2.9200000000128057,2.9200000000128057,0.5081967213114754,0.425414364640884,aligned,aligned,0.0,0.0,balanced_or_unknown,False,flat_or_unknown
2026-03-21 06:26:00,2026-03-21,70763.1,70786.1,70763.0,70774.3,50.53,61.494,112.024,-10.963999999999999,-0.09787188459615795,70775.99,87307.93,-1.476e-05,0.0,0.0,False,2026-03-21.csv,10.963999999999999,negative,0.09787188459615795,0.639344262295082,0.6132596685082873,0.9836065573770492,0.9834254143646409,11.19999999999709,23.10000000000582,0.48484848484823667,0.48917748917749193,up,opposed,1.0215249908789759,-1.6900000000023283,1.6900000000023283,below,True,True,10.60999999998603,10.60999999998603,0.9508196721311475,0.8784530386740331,opposed,aligned,0.0,0.0,balanced_or_unknown,False,flat_or_unknown
2026-03-21 06:27:00,2026-03-21,70774.4,70776.9,70715.3,70722.8,21.752,102.211,123.963,-80.459,-0.6490565733323653,70757.85,87268.01,-1.476e-05,0.0,0.0,False,2026-03-21.csv,80.459,negative,0.6490565733323653,1.0,1.0,1.0,0.994475138121547,-51.59999999999127,61.59999999999127,0.8376623376623147,0.12175324675326402,down,aligned,0.6413204240668076,-35.05000000000291,35.05000000000291,below,True,True,-39.919999999998254,39.919999999998254,1.0,1.0,aligned,aligned,0.0,0.0,balanced_or_unknown,False,flat_or_unknown
2026-03-21 06:28:00,2026-03-21,70722.7,70735.2,70722.7,70735.2,10.359,5.79,16.149,4.569,0.2829277354634962,70730.49,87271.11,-1.455e-05,0.0,0.0,False,2026-03-21.csv,4.569,positive,0.2829277354634962,0.36065573770491804,0.3259668508287293,0.3442622950819672,0.287292817679558,12.5,12.5,1.0,1.0,up,aligned,2.7358284088421976,4.709999999991851,4.709999999991851,above,True,True,3.1000000000058208,3.1000000000058208,0.5245901639344263,0.4585635359116022,aligned,aligned,0.0,0.0,balanced_or_unknown,False,flat_or_unknown
2026-03-21 06:29:00,2026-03-21,70735.2,70754.5,70735.1,70754.5,12.552,1.089,13.641,11.463,0.8403342863426434,70749.31,87273.71,-1.573e-05,0.0,0.0,False,2026-03-21.csv,11.463,positive,0.8403342863426434,0.6557377049180327,0.6408839779005525,0.2459016393442623,0.2154696132596685,19.30000000000291,19.39999999999418,0.9948453608251908,1.0,up,aligned,1.683677920265455,5.190000000002328,5.190000000002328,above,True,True,2.6000000000058208,2.6000000000058208,0.45901639344262296,0.3867403314917127,aligned,aligned,0.0,0.0,balanced_or_unknown,False,flat_or_unknown
2026-03-21 06:30:00,2026-03-21,70754.5,70773.0,70729.7,70773.0,34.728,8.316,43.044,26.412,0.613604683579593,70747.28,87279.16,-1.573e-05,0.0,0.0,False,2026-03-21.csv,26.412,positive,0.613604683579593,0.8852459016393442,0.9060773480662984,0.7868852459016393,0.7679558011049724,18.5,43.30000000000291,0.4272517321015879,1.0,up,aligned,0.7004391943056186,25.720000000001164,25.720000000001164,above,True,True,5.44999999999709,5.44999999999709,0.7377049180327869,0.6795580110497238,aligned,aligned,0.0,0.0,balanced_or_unknown,False,flat_or_unknown
2026-03-21 06:31:00,2026-03-21,70773.0,70784.6,70746.7,70746.8,23.482,15.766,39.248,7.715999999999999,0.19659600489196902,70765.91,87289.7,-1.619e-05,0.0,0.0,False,2026-03-21.csv,7.715999999999999,positive,0.19659600489196902,0.5245901639344263,0.49171270718232046,0.7540983606557377,0.7237569060773481,-26.19999999999709,37.90000000000873,0.6912928759892099,0.0026385224275936076,down,opposed,3.3955417314667047,-19.110000000000582,19.110000000000582,below,True,True,10.539999999993597,10.539999999993597,0.9344262295081968,0.8729281767955801,aligned,opposed,0.0,0.0,balanced_or_unknown,False,flat_or_unknown
2026-03-21 06:32:00,2026-03-21,70746.8,70746.8,70734.9,70737.1,5.813,3.575,9.388,2.2379999999999995,0.23838943331913076,70737.33,87290.21,-1.641e-05,0.0,0.0,False,2026-03-21.csv,2.2379999999999995,positive,0.23838943331913076,0.13114754098360656,0.14917127071823205,0.13114754098360656,0.08839779005524862,-9.69999999999709,11.900000000008731,0.8151260504193254,0.18487394958067457,down,opposed,4.334226988381185,-0.22999999999592546,0.22999999999592546,below,True,True,0.5100000000093132,0.5100000000093132,0.11475409836065574,0.0718232044198895,aligned,opposed,0.0,0.0,balanced_or_unknown,False,flat_or_unknown
2026-03-21 06:33:00,2026-03-21,70737.1,70737.1,70726.6,70730.0,12.111,8.894,21.005,3.2170000000000005,0.1531540109497739,70731.93,87292.6,-1.724e-05,0.0,0.0,False,2026-03-21.csv,3.2170000000000005,positive,0.1531540109497739,0.22950819672131148,0.22099447513812154,0.4918032786885246,0.40331491712707185,-7.100000000005821,10.5,0.6761904761910306,0.32380952380896943,down,opposed,2.2070251787397637,-1.929999999993015,1.929999999993015,below,True,True,2.389999999999418,2.389999999999418,0.4426229508196721,0.36464088397790057,aligned,opposed,0.0,0.0,balanced_or_unknown,False,flat_or_unknown
2026-03-21 06:34:00,2026-03-21,70730.0,70745.3,70713.3,70730.1,16.693,8.406,25.099,8.287,0.33017251683334,70729.14,87292.09,-1.724e-05,0.0,0.0,False,2026-03-21.csv,8.287,positive,0.33017251683334,0.5409836065573771,0.5138121546961326,0.5573770491803278,0.48066298342541436,0.10000000000582077,32.0,0.003125000000181899,0.525000000000091,up,aligned,0.012067093037989713,0.9600000000064028,0.9600000000064028,above,True,True,-0.5100000000093132,0.5100000000093132,0.13114754098360656,0.07734806629834254,opposed,opposed,0.0,0.0,balanced_or_unknown,False,flat_or_unknown
2026-03-21 06:35:00,2026-03-21,70730.1,70730.2,70707.6,70707.6,15.689,21.276,36.965,-5.587,-0.15114297308264574,70724.15,87298.79,-1.73e-05,0.0,0.0,False,2026-03-21.csv,5.587,negative,0.15114297308264574,0.4262295081967213,0.39226519337016574,0.7540983606557377,0.6740331491712708,-22.5,22.59999999999127,0.9955752212393226,0.0,down,aligned,4.027206013960981,-16.54999999998836,16.54999999998836,below,True,True,6.69999999999709,6.69999999999709,0.8360655737704918,0.7679558011049724,opposed,opposed,0.0,0.0,balanced_or_unknown,False,flat_or_unknown
2026-03-21 06:36:00,2026-03-21,70707.7,70736.2,70704.0,70728.1,43.39,25.679,69.069,17.711000000000002,0.2564247346856043,70718.09,87291.36,-1.697e-05,0.0,0.0,False,2026-03-21.csv,17.711000000000002,positive,0.2564247346856043,0.8360655737704918,0.7900552486187845,0.9344262295081968,0.9060773480662984,20.40000000000873,32.19999999999709,0.6335403726711358,0.7484472049691925,up,aligned,1.1518265484731933,10.010000000009313,10.010000000009313,above,True,True,-7.429999999993015,7.429999999993015,0.8688524590163934,0.7845303867403315,opposed,opposed,0.0,0.0,balanced_or_unknown,False,flat_or_unknown
2026-03-21 06:37:00,2026-03-21,70728.0,70752.3,70728.0,70750.1,21.647,6.006,27.653,15.640999999999998,0.5656167504429899,70738.48,87308.23,-1.651e-05,0.0,0.0,False,2026-03-21.csv,15.640999999999998,positive,0.5656167504429899,0.819672131147541,0.7458563535911602,0.5737704918032787,0.5359116022099447,22.10000000000582,24.30000000000291,0.9094650205762623,0.9094650205762623,up,aligned,1.4129531359891199,11.620000000009895,11.620000000009895,above,True,True,16.869999999995343,16.869999999995343,0.9672131147540983,0.9392265193370166,aligned,aligned,0.0,0.0,balanced_or_unknown,False,flat_or_unknown
2026-03-21 06:38:00,2026-03-21,70750.0,70753.6,70750.0,70753.6,8.992,1.622,10.614,7.370000000000001,0.6943659317882043,70751.35,87308.43,-1.651e-05,0.0,0.0,False,2026-03-21.csv,7.370000000000001,positive,0.6943659317882043,0.47540983606557374,0.4585635359116022,0.16393442622950818,0.11049723756906077,3.6000000000058208,3.6000000000058208,1.0,1.0,up,aligned,0.48846675712426324,2.25,2.25,above,True,True,0.19999999999708962,0.19999999999708962,0.04918032786885246,0.049723756906077346,aligned,aligned,0.0,0.0,balanced_or_unknown,False,flat_or_unknown
2026-03-21 06:39:00,2026-03-21,70753.5,70753.6,70741.3,70749.9,13.6,11.307,24.907,2.2929999999999993,0.09206247239731799,70746.18,87308.85,-1.571e-05,0.0,0.0,False,2026-03-21.csv,2.2929999999999993,positive,0.09206247239731799,0.14754098360655737,0.15469613259668508,0.5573770491803278,0.4585635359116022,-3.6000000000058208,12.30000000000291,0.2926829268296723,0.6991869918690434,down,opposed,1.569995638903542,3.720000000001164,3.720000000001164,above,True,True,0.4200000000128057,0.4200000000128057,0.13114754098360656,0.07734806629834254,aligned,opposed,0.0,0.0,balanced_or_unknown,False,flat_or_unknown
2026-03-21 06:40:00,2026-03-21,70749.9,70749.9,70728.1,70732.8,10.044,19.976,30.02,-9.931999999999999,-0.3308461025982678,70735.03,87319.01,-1.516e-05,0.0,0.0,False,2026-03-21.csv,9.931999999999999,negative,0.3308461025982678,0.6229508196721312,0.580110497237569,0.6721311475409836,0.5911602209944752,-17.09999999999127,21.79999999998836,0.784403669724789,0.215596330275211,down,aligned,1.721707611759089,-2.2299999999959255,2.2299999999959255,below,True,True,10.15999999998894,10.15999999998894,0.9180327868852459,0.850828729281768,opposed,opposed,0.0,0.0,balanced_or_unknown,False,flat_or_unknown
2026-03-21 06:41:00,2026-03-21,70732.8,70753.5,70732.8,70740.3,8.079,11.984,20.063,-3.9049999999999994,-0.19463689378457855,70744.6,87322.88,-1.516e-05,0.0,0.0,False,2026-03-21.csv,3.9049999999999994,negative,0.19463689378457855,0.32786885245901637,0.287292817679558,0.4918032786885246,0.39779005524861877,7.5,20.69999999999709,0.3623188405797611,0.3623188405797611,up,opposed,1.920614596670935,-4.30000000000291,4.30000000000291,below,True,True,3.8700000000098953,3.8700000000098953,0.6557377049180327,0.5359116022099447,opposed,aligned,0.0,0.0,balanced_or_unknown,False,flat_or_unknown
2026-03-21 06:42:00,2026-03-21,70740.3,70755.4,70730.0,70755.3,31.882,18.174,50.056,13.708000000000002,0.2738532843215599,70739.59,87334.55,-1.466e-05,0.0,0.0,False,2026-03-21.csv,13.708000000000002,positive,0.2738532843215599,0.7540983606557377,0.7071823204419889,0.9180327868852459,0.8232044198895028,15.0,25.39999999999418,0.5905511811024975,0.9960629921263271,up,aligned,1.0942515319521446,15.710000000006403,15.710000000006403,above,True,True,11.669999999998254,11.669999999998254,0.9508196721311475,0.8895027624309392,aligned,aligned,0.0,0.0,balanced_or_unknown,False,flat_or_unknown
2026-03-21 06:43:00,2026-03-21,70755.3,70771.5,70751.7,70751.9,19.641,52.748,72.389,-33.107,-0.4573484921742254,70763.95,87324.61,-1.394e-05,0.0,0.0,False,2026-03-21.csv,33.107,negative,0.4573484921742254,0.9508196721311475,0.9502762430939227,0.9344262295081968,0.9226519337016574,-3.400000000008731,19.80000000000291,0.17171717171758744,0.010101010100861627,down,aligned,0.10269731476753349,-12.05000000000291,12.05000000000291,below,True,True,-9.940000000002328,9.940000000002328,0.8852459016393442,0.8342541436464088,aligned,aligned,0.0,0.0,balanced_or_unknown,False,flat_or_unknown
2026-03-21 06:44:00,2026-03-21,70752.0,70754.6,70751.9,70754.6,6.215,3.403,9.618,2.812,0.2923684757745893,70753.92,87319.05,-1.316e-05,0.0,0.0,False,2026-03-21.csv,2.812,positive,0.2923684757745893,0.19672131147540983,0.1878453038674033,0.14754098360655737,0.08287292817679558,2.6000000000058208,2.7000000000116415,0.9629629629609668,1.0,up,aligned,0.9246088193477314,0.680000000007567,0.680000000007567,above,True,True,-5.559999999997672,5.559999999997672,0.7540983606557377,0.6629834254143646,opposed,opposed,0.0,0.0,balanced_or_unknown,False,flat_or_unknown
2026-03-21 06:45:00,2026-03-21,70754.5,70754.5,70746.1,70750.1,8.35,12.49,20.84,-4.140000000000001,-0.19865642994241844,70749.31,87321.73,-1.316e-05,0.0,0.024,False,2026-03-21.csv,4.140000000000001,negative,0.19865642994241844,0.32786885245901637,0.30386740331491713,0.47540983606557374,0.3867403314917127,-4.399999999994179,8.39999999999418,0.5238095238091939,0.4761904761908062,down,aligned,1.0628019323657436,0.7900000000081491,0.7900000000081491,above,True,True,2.679999999993015,2.679999999993015,0.45901639344262296,0.3812154696132597,opposed,opposed,0.024,-0.024,sell,True,aligned
2026-03-21 06:46:00,2026-03-21,70750.0,70750.0,70721.0,70721.1,14.336,21.4,35.736,-7.063999999999998,-0.19767181553615398,70730.93,87322.85,-1.26e-05,0.016,0.0,False,2026-03-21.csv,7.063999999999998,negative,0.19767181553615398,0.47540983606557374,0.4530386740331492,0.7540983606557377,0.6408839779005525,-28.89999999999418,29.0,0.9965517241377303,0.0034482758622696816,down,aligned,4.091166477915372,-9.829999999987194,9.829999999987194,below,True,True,1.1200000000098953,1.1200000000098953,0.21311475409836064,0.16574585635359115,opposed,opposed,0.016,0.016,buy,True,opposed
2026-03-21 06:47:00,2026-03-21,70721.0,70737.4,70716.9,70737.4,8.882,11.22,20.102,-2.338000000000001,-0.11630683514078206,70723.36,87341.63,-1.242e-05,0.0,0.0,False,2026-03-21.csv,2.338000000000001,negative,0.11630683514078206,0.14754098360655737,0.143646408839779,0.47540983606557374,0.3812154696132597,16.39999999999418,20.5,0.799999999999716,1.0,up,opposed,7.0145423438811685,14.039999999993597,14.039999999993597,above,True,True,18.779999999998836,18.779999999998836,0.9672131147540983,0.9502762430939227,opposed,aligned,0.0,0.0,balanced_or_unknown,False,flat_or_unknown
2026-03-21 06:48:00,2026-03-21,70737.4,70769.9,70737.3,70743.9,28.713,11.328,40.041,17.385,0.43417996553532634,70757.73,87342.09,-1.242e-05,0.0,0.0,False,2026-03-21.csv,17.385,positive,0.43417996553532634,0.8360655737704918,0.7900552486187845,0.819672131147541,0.7237569060773481,6.5,32.59999999999127,0.19938650306753805,0.20245398772984774,up,aligned,0.3738855335058959,-13.830000000001746,13.830000000001746,below,True,True,0.4599999999918509,0.4599999999918509,0.11475409836065574,0.0718232044198895,aligned,aligned,0.0,0.0,balanced_or_unknown,False,flat_or_unknown
2026-03-21 06:49:00,2026-03-21,70743.9,70743.9,70742.1,70742.2,3.263,3.928,7.191,-0.665,-0.09247670699485469,70742.7,87335.55,-1.239e-05,0.0,0.0,False,2026-03-21.csv,0.665,negative,0.09247670699485469,0.01639344262295082,0.022099447513812154,0.06557377049180328,0.027624309392265192,-1.6999999999970896,1.7999999999883585,0.9444444444489358,0.05555555555106422,down,aligned,2.556390977439232,-0.5,0.5,below,True,True,-6.539999999993597,6.539999999993597,0.7704918032786885,0.7182320441988951,aligned,aligned,0.0,0.0,balanced_or_unknown,False,flat_or_unknown
2026-03-21 06:50:00,2026-03-21,70742.2,70753.4,70742.1,70747.0,10.509,11.152,21.661,-0.6429999999999989,-0.029684686764230594,70748.66,87336.97,-1.195e-05,0.0,0.0,False,2026-03-21.csv,0.6429999999999989,negative,0.029684686764230594,0.01639344262295082,0.022099447513812154,0.4918032786885246,0.39779005524861877,4.80000000000291,11.299999999988358,0.42477876106264206,0.4336283185840024,up,opposed,7.465007776054306,-1.6600000000034925,1.6600000000034925,below,True,True,1.4199999999982538,1.4199999999982538,0.2786885245901639,0.22099447513812154,opposed,aligned,0.0,0.0,balanced_or_unknown,False,flat_or_unknown
2026-03-21 06:51:00,2026-03-21,70747.1,70752.9,70738.9,70747.1,13.744,34.195,47.939,-20.451,-0.42660464340098875,70747.93,87322.12,-1.177e-05,0.0,0.0,False,2026-03-21.csv,20.451,negative,0.42660464340098875,0.8688524590163934,0.8453038674033149,0.8524590163934426,0.8011049723756906,0.0,14.0,0.0,0.5857142857151173,flat_or_unknown,flat_or_unknown,0.0,-0.8299999999871943,0.8299999999871943,below,True,True,-14.85000000000582,14.85000000000582,0.9344262295081968,0.9337016574585635,aligned,flat_or_unknown,0.0,0.0,balanced_or_unknown,False,flat_or_unknown
2026-03-21 06:52:00,2026-03-21,70747.0,70747.0,70734.1,70734.2,3.978,4.153,8.131,-0.17499999999999938,-0.021522567949821592,70739.32,87320.5,-1.177e-05,0.0,0.0,False,2026-03-21.csv,0.17499999999999938,negative,0.021522567949821592,0.01639344262295082,0.011049723756906077,0.09836065573770492,0.03867403314917127,-12.80000000000291,12.89999999999418,0.9922480620161772,0.007751937983822788,down,aligned,73.14285714287404,-5.120000000009895,5.120000000009895,below,True,True,-1.6199999999953434,1.6199999999953434,0.3114754098360656,0.2596685082872928,aligned,aligned,0.0,0.0,balanced_or_unknown,False,flat_or_unknown
2026-03-21 06:53:00,2026-03-21,70734.1,70734.2,70726.3,70726.8,5.609,13.405,19.014,-7.795999999999999,-0.41001367413484796,70728.14,87319.91,-1.147e-05,0.0,0.0,False,2026-03-21.csv,7.795999999999999,negative,0.41001367413484796,0.5573770491803278,0.4972375690607735,0.39344262295081966,0.3425414364640884,-7.30000000000291,7.899999999994179,0.9240506329124416,0.06329113924055296,down,aligned,0.9363776295539906,-1.3399999999965075,1.3399999999965075,below,True,True,-0.5899999999965075,0.5899999999965075,0.13114754098360656,0.09944751381215469,aligned,aligned,0.0,0.0,balanced_or_unknown,False,flat_or_unknown
2026-03-21 06:54:00,2026-03-21,70726.9,70734.1,70726.8,70727.0,6.402,5.813,12.215,0.5890000000000004,0.0482194023741302,70730.11,87314.89,-1.157e-05,0.0,0.0,False,2026-03-21.csv,0.5890000000000004,positive,0.0482194023741302,0.03278688524590164,0.027624309392265192,0.2459016393442623,0.13812154696132597,0.10000000000582077,7.30000000000291,0.013698630137778205,0.027397260273563,up,aligned,0.16977928693687724,-3.110000000000582,3.110000000000582,below,True,True,-5.0200000000040745,5.0200000000040745,0.6885245901639344,0.6353591160220995,opposed,opposed,0.0,0.0,balanced_or_unknown,False,flat_or_unknown
2026-03-21 06:55:00,2026-03-21,70727.0,70734.1,70726.8,70734.0,6.432,2.617,9.049,3.8150000000000004,0.4215935462482043,70728.7,87309.03,-1.157e-05,0.0,0.0,False,2026-03-21.csv,3.8150000000000004,positive,0.4215935462482043,0.3442622950819672,0.281767955801105,0.14754098360655737,0.06077348066298342,7.0,7.30000000000291,0.9589041095886588,0.9863013698622218,up,aligned,1.8348623853211008,5.30000000000291,5.30000000000291,above,True,True,-5.860000000000582,5.860000000000582,0.7377049180327869,0.6795580110497238,opposed,opposed,0.0,0.0,balanced_or_unknown,False,flat_or_unknown
2026-03-21 06:56:00,2026-03-21,70734.1,70734.1,70725.8,70725.8,10.292,10.615,20.907,-0.3230000000000004,-0.015449371024058947,70732.01,87305.66,-1.142e-05,0.0,0.0,False,2026-03-21.csv,0.3230000000000004,negative,0.015449371024058947,0.03278688524590164,0.016574585635359115,0.4918032786885246,0.39226519337016574,-8.30000000000291,8.30000000000291,1.0,0.0,down,aligned,25.69659442725356,-6.209999999991851,6.209999999991851,below,True,True,-3.3699999999953434,3.3699999999953434,0.5409836065573771,0.4861878453038674,aligned,aligned,0.0,0.0,balanced_or_unknown,False,flat_or_unknown
2026-03-21 06:57:00,2026-03-21,70725.8,70725.9,70725.8,70725.9,2.735,5.308,8.043,-2.573,-0.31990550789506406,70725.83,87305.2,-1.11e-05,0.0,0.0,False,2026-03-21.csv,2.573,negative,0.31990550789506406,0.21311475409836064,0.17679558011049723,0.09836065573770492,0.03867403314917127,0.09999999999126885,0.09999999999126885,1.0,1.0,up,opposed,0.03886513796784642,0.069999999992433,0.069999999992433,above,True,True,-0.46000000000640284,0.46000000000640284,0.09836065573770492,0.0718232044198895,aligned,opposed,0.0,0.0,balanced_or_unknown,False,flat_or_unknown
2026-03-21 06:58:00,2026-03-21,70725.9,70725.9,70725.8,70725.9,3.983,3.214,7.197,0.7690000000000001,0.10685007642073088,70725.86,87307.63,-1.125e-05,0.0,0.0,False,2026-03-21.csv,0.7690000000000001,positive,0.10685007642073088,0.09836065573770492,0.049723756906077346,0.08196721311475409,0.03314917127071823,0.0,0.09999999999126885,0.0,1.0,flat_or_unknown,flat_or_unknown,0.0,0.03999999999359716,0.03999999999359716,above,True,True,2.430000000007567,2.430000000007567,0.4426229508196721,0.35911602209944754,aligned,flat_or_unknown,0.0,0.0,balanced_or_unknown,False,flat_or_unknown
2026-03-21 06:59:00,2026-03-21,70725.8,70737.9,70725.8,70737.8,4.629,2.201,6.83,2.4279999999999995,0.35549048316251824,70729.58,87307.01,-1.125e-05,0.0,0.0,False,2026-03-21.csv,2.4279999999999995,positive,0.35549048316251824,0.21311475409836064,0.1712707182320442,0.06557377049180328,0.027624309392265192,12.0,12.099999999991269,0.9917355371907982,0.9917355371907982,up,aligned,4.942339373970347,8.220000000001164,8.220000000001164,above,True,True,-0.6200000000098953,0.6200000000098953,0.16393442622950818,0.11049723756906077,opposed,opposed,0.0,0.0,balanced_or_unknown,False,flat_or_unknown
2026-03-21 07:00:00,2026-03-21,70737.9,70743.6,70737.8,70739.2,7.875,5.967,13.842,1.9080000000000004,0.13784135240572173,70740.6,87307.05,-1.14e-05,0.0,0.0,False,2026-03-21.csv,1.9080000000000004,positive,0.13784135240572173,0.14754098360655737,0.143646408839779,0.3114754098360656,0.19337016574585636,1.3000000000029104,5.80000000000291,0.2241379310348721,0.24137931034370289,up,aligned,0.6813417190790934,-1.4000000000087311,1.4000000000087311,below,True,True,0.04000000000814907,0.04000000000814907,0.01639344262295082,0.011049723756906077,aligned,aligned,0.0,0.0,balanced_or_unknown,False,flat_or_unknown
2026-03-21 07:01:00,2026-03-21,70739.2,70739.2,70730.5,70730.5,8.177,17.242,25.419,-9.065000000000001,-0.35662299854439594,70735.08,87309.89,-1.126e-05,0.0,0.0,False,2026-03-21.csv,9.065000000000001,negative,0.35662299854439594,0.6557377049180327,0.574585635359116,0.5901639344262295,0.4861878453038674,-8.69999999999709,8.69999999999709,1.0,0.0,down,aligned,0.95973524544921,-4.580000000001746,4.580000000001746,below,True,True,2.8399999999965075,2.8399999999965075,0.47540983606557374,0.4088397790055249,opposed,opposed,0.0,0.0,balanced_or_unknown,False,flat_or_unknown
2026-03-21 07:02:00,2026-03-21,70730.6,70748.0,70730.5,70747.9,18.844,2.869,21.713,15.975000000000001,0.7357343526919358,70742.31,87306.63,-1.104e-05,0.0,0.0,False,2026-03-21.csv,15.975000000000001,positive,0.7357343526919358,0.8524590163934426,0.7679558011049724,0.5409836065573771,0.4198895027624309,17.29999999998836,17.5,0.9885714285707633,0.9942857142853817,up,aligned,1.0829420970258752,5.5899999999965075,5.5899999999965075,above,True,True,-3.2599999999947613,3.2599999999947613,0.5409836065573771,0.4696132596685083,opposed,opposed,0.0,0.0,balanced_or_unknown,False,flat_or_unknown
2026-03-21 07:03:00,2026-03-21,70748.0,70749.3,70730.0,70730.1,7.457,17.972,25.429,-10.515,-0.41350426678202057,70744.48,87301.13,-1.104e-05,0.0,0.0,False,2026-03-21.csv,10.515,negative,0.41350426678202057,0.6885245901639344,0.6187845303867403,0.6229508196721312,0.4972375690607735,-17.89999999999418,19.30000000000291,0.9274611398959316,0.00518134715055988,down,aligned,1.702330004754558,-14.379999999990105,14.379999999990105,below,True,True,-5.5,5.5,0.6885245901639344,0.6629834254143646,aligned,aligned,0.0,0.0,balanced_or_unknown,False,flat_or_unknown
2026-03-21 07:04:00,2026-03-21,70730.1,70730.1,70720.0,70720.0,0.985,9.295,10.28,-8.31,-0.8083657587548639,70722.67,87296.29,-1.067e-05,0.0,0.0,False,2026-03-21.csv,8.31,negative,0.8083657587548639,0.6065573770491803,0.5303867403314917,0.2459016393442623,0.11049723756906077,-10.10000000000582,10.10000000000582,1.0,0.0,down,aligned,1.21540312876123,-2.6699999999982538,2.6699999999982538,below,True,True,-4.8400000000110595,4.8400000000110595,0.6229508196721312,0.6077348066298343,aligned,aligned,0.0,0.0,balanced_or_unknown,False,flat_or_unknown
2026-03-21 07:05:00,2026-03-21,70720.0,70747.3,70710.3,70743.2,34.073,23.472,57.545,10.600999999999999,0.18422104440003473,70726.12,87290.71,-1.075e-05,0.0,0.0,False,2026-03-21.csv,10.600999999999999,positive,0.18422104440003473,0.7049180327868853,0.6243093922651933,0.9180327868852459,0.850828729281768,23.19999999999709,37.0,0.6270270270269483,0.8891891891890319,up,aligned,2.188472785585991,17.080000000001746,17.080000000001746,above,True,True,-5.579999999987194,5.579999999987194,0.7213114754098361,0.6795580110497238,opposed,opposed,0.0,0.0,balanced_or_unknown,False,flat_or_unknown
2026-03-21 07:06:00,2026-03-21,70743.2,70749.9,70716.6,70716.6,21.332,30.199,51.531,-8.867,-0.17207118045448372,70729.38,87292.67,-1.075e-05,0.0,0.0,False,2026-03-21.csv,8.867,negative,0.17207118045448372,0.6229508196721312,0.569060773480663,0.9016393442622951,0.8287292817679558,-26.59999999999127,33.29999999998836,0.7987987987988159,0.0,down,aligned,2.9998872222838915,-12.779999999998836,12.779999999998836,below,True,True,1.959999999991851,1.959999999991851,0.3442622950819672,0.30386740331491713,opposed,opposed,0.0,0.0,balanced_or_unknown,False,flat_or_unknown
2026-03-21 07:07:00,2026-03-21,70716.6,70720.1,70700.0,70700.0,6.24,61.277,67.517,-55.037,-0.8151576639957344,70711.64,87322.21,-1.097e-05,0.0,0.0,False,2026-03-21.csv,55.037,negative,0.8151576639957344,0.9836065573770492,0.988950276243094,0.9180327868852459,0.9060773480662984,-16.60000000000582,20.10000000000582,0.8258706467662196,0.0,down,aligned,0.30161527699558155,-11.639999999999418,11.639999999999418,below,True,True,29.54000000000815,29.54000000000815,0.9836065573770492,0.9779005524861878,opposed,opposed,0.0,0.0,balanced_or_unknown,False,flat_or_unknown
2026-03-21 07:08:00,2026-03-21,70700.1,70700.1,70697.5,70697.6,2.283,10.459,12.742,-8.176,-0.6416575105948831,70698.69,87319.12,-1.122e-05,0.0,0.0,False,2026-03-21.csv,8.176,negative,0.6416575105948831,0.5409836065573771,0.5193370165745856,0.2786885245901639,0.18232044198895028,-2.5,2.6000000000058208,0.9615384615363088,0.03846153846369111,down,aligned,0.3057729941291585,-1.0899999999965075,1.0899999999965075,below,True,True,-3.0900000000110595,3.0900000000110595,0.45901639344262296,0.44751381215469616,aligned,aligned,0.0,0.0,balanced_or_unknown,False,flat_or_unknown
2026-03-21 07:09:00,2026-03-21,70697.5,70710.0,70697.5,70710.0,10.88,3.118,13.998,7.7620000000000005,0.5545077868266896,70701.24,87316.97,-1.151e-05,0.0,0.0,False,2026-03-21.csv,7.7620000000000005,positive,0.5545077868266896,0.5245901639344263,0.4972375690607735,0.32786885245901637,0.20994475138121546,12.5,12.5,1.0,1.0,up,aligned,1.6104096882246843,8.759999999994761,8.759999999994761,above,True,True,-2.1499999999941792,2.1499999999941792,0.32786885245901637,0.3314917127071823,opposed,opposed,0.0,0.0,balanced_or_unknown,False,flat_or_unknown
2026-03-21 07:10:00,2026-03-21,70709.9,70710.4,70709.9,70710.3,5.7,5.039,10.739,0.6610000000000005,0.061551354874755604,70709.96,87316.63,-1.151e-05,0.0,0.0,False,2026-03-21.csv,0.6610000000000005,positive,0.061551354874755604,0.08196721311475409,0.04419889502762431,0.2459016393442623,0.12154696132596685,0.40000000000873115,0.5,0.8000000000174623,0.8000000000174623,up,aligned,0.6051437216470966,0.33999999999650754,0.33999999999650754,above,True,True,-0.33999999999650754,0.33999999999650754,0.08196721311475409,0.055248618784530384,opposed,opposed,0.0,0.0,balanced_or_unknown,False,flat_or_unknown
2026-03-21 07:11:00,2026-03-21,70710.4,70710.6,70710.3,70710.6,3.888,1.873,5.761,2.0149999999999997,0.34976566568304107,70710.42,87313.5,-1.118e-05,0.0,0.0,False,2026-03-21.csv,2.0149999999999997,positive,0.34976566568304107,0.19672131147540983,0.16022099447513813,0.03278688524590164,0.016574585635359115,0.20000000001164153,0.3000000000029104,0.6666666666990042,1.0,up,aligned,0.09925558313232832,0.180000000007567,0.180000000007567,above,True,True,-3.1300000000046566,3.1300000000046566,0.4918032786885246,0.4696132596685083,opposed,opposed,0.0,0.0,balanced_or_unknown,False,flat_or_unknown
2026-03-21 07:12:00,2026-03-21,70710.6,70720.0,70701.0,70704.3,5.036,8.246,13.282,-3.210000000000001,-0.24168046980876381,70711.55,87315.98,-1.072e-05,0.0,0.0,False,2026-03-21.csv,3.210000000000001,negative,0.24168046980876381,0.3114754098360656,0.23756906077348067,0.29508196721311475,0.20441988950276244,-6.30000000000291,19.0,0.33157894736857424,0.17368421052646896,down,aligned,1.9626168224308127,-7.25,7.25,below,True,True,2.4799999999959255,2.4799999999959255,0.3770491803278688,0.3756906077348066,opposed,opposed,0.0,0.0,balanced_or_unknown,False,flat_or_unknown
2026-03-21 07:13:00,2026-03-21,70704.3,70709.8,70704.3,70709.7,6.098,1.743,7.841,4.3549999999999995,0.5554138502741996,70706.06,87316.9,-1.072e-05,0.0,0.0,False,2026-03-21.csv,4.3549999999999995,positive,0.5554138502741996,0.39344262295081966,0.34806629834254144,0.09836065573770492,0.055248618784530384,5.399999999994179,5.5,0.9818181818171235,0.9818181818171235,up,aligned,1.239954075773635,3.639999999999418,3.639999999999418,above,True,True,0.9199999999982538,0.9199999999982538,0.21311475409836064,0.15469613259668508,aligned,aligned,0.0,0.0,balanced_or_unknown,False,flat_or_unknown
2026-03-21 07:14:00,2026-03-21,70709.8,70709.8,70701.3,70708.0,3.809,17.384,21.193,-13.575,-0.6405416882933043,70705.69,87322.54,-1.037e-05,0.0,0.0,False,2026-03-21.csv,13.575,negative,0.6405416882933043,0.7704918032786885,0.7292817679558011,0.5245901639344263,0.425414364640884,-1.8000000000029104,8.5,0.21176470588269533,0.7882352941173046,down,aligned,0.13259668508308733,2.3099999999976717,2.3099999999976717,above,True,True,5.639999999999418,5.639999999999418,0.7049180327868853,0.7016574585635359,opposed,opposed,0.0,0.0,balanced_or_unknown,False,flat_or_unknown
2026-03-21 07:15:00,2026-03-21,70708.0,70716.5,70705.8,70705.9,6.617,15.801,22.418,-9.184000000000001,-0.40967080024979935,70712.27,87323.59,-1.019e-05,0.0,0.0,False,2026-03-21.csv,9.184000000000001,negative,0.40967080024979935,0.639344262295082,0.5966850828729282,0.5573770491803278,0.4696132596685083,-2.1000000000058208,10.69999999999709,0.19626168224358803,0.009345794391709912,down,aligned,0.22865853658599963,-6.370000000009895,6.370000000009895,below,True,True,1.0500000000029104,1.0500000000029104,0.22950819672131148,0.16574585635359115,opposed,opposed,0.0,0.0,balanced_or_unknown,True,flat_or_unknown
2026-03-21 07:16:00,2026-03-21,70705.9,70716.5,70705.8,70716.4,11.493,1.368,12.861,10.125,0.7872638208537438,70713.71,87325.03,-1.006e-05,0.0,0.0,False,2026-03-21.csv,10.125,positive,0.7872638208537438,0.6721311475409836,0.6298342541436464,0.2786885245901639,0.20441988950276244,10.5,10.69999999999709,0.9813084112152202,0.9906542056069301,up,aligned,1.037037037037037,2.6899999999877764,2.6899999999877764,above,True,True,1.4400000000023283,1.4400000000023283,0.2786885245901639,0.23204419889502761,aligned,aligned,0.0,0.0,balanced_or_unknown,True,flat_or_unknown
2026-03-21 07:17:00,2026-03-21,70716.5,70728.5,70716.4,70722.3,33.367,6.653,40.02,26.714,0.6675162418790603,70720.42,87323.74,-1.006e-05,0.0,0.0,False,2026-03-21.csv,26.714,positive,0.6675162418790603,0.9508196721311475,0.9116022099447514,0.8032786885245902,0.7403314917127072,5.80000000000291,12.10000000000582,0.47933884297521656,0.487603305785611,up,aligned,0.21711462154686348,1.8800000000046566,1.8800000000046566,above,True,True,-1.2899999999935972,1.2899999999935972,0.2459016393442623,0.22099447513812154,opposed,opposed,0.0,0.0,balanced_or_unknown,True,flat_or_unknown
2026-03-21 07:18:00,2026-03-21,70722.3,70740.1,70722.3,70740.1,13.826,1.736,15.562,12.09,0.7768924302788844,70731.27,87323.09,-9.7e-06,0.0,0.0,False,2026-03-21.csv,12.09,positive,0.7768924302788844,0.7540983606557377,0.6850828729281768,0.36065573770491804,0.2983425414364641,17.80000000000291,17.80000000000291,1.0,1.0,up,aligned,1.4722911497107454,8.830000000001746,8.830000000001746,above,True,True,-0.6500000000087311,0.6500000000087311,0.19672131147540983,0.13259668508287292,opposed,opposed,0.0,0.0,balanced_or_unknown,True,flat_or_unknown
2026-03-21 07:19:00,2026-03-21,70740.1,70765.4,70740.0,70765.3,22.833,7.349,30.182,15.483999999999998,0.5130210058975548,70749.85,87320.35,-8.91e-06,0.0,0.0,False,2026-03-21.csv,15.483999999999998,positive,0.5130210058975548,0.819672131147541,0.7624309392265194,0.7213114754098361,0.6187845303867403,25.19999999999709,25.39999999999418,0.9921259842520813,0.9960629921263271,up,aligned,1.6274864376128322,15.44999999999709,15.44999999999709,above,True,True,-2.7399999999906868,2.7399999999906868,0.4426229508196721,0.4143646408839779,opposed,opposed,0.0,0.0,balanced_or_unknown,True,flat_or_unknown
2026-03-21 07:20:00,2026-03-21,70765.3,70790.0,70749.7,70777.6,43.565,119.398,162.963,-75.833,-0.465338757877555,70768.66,87324.65,-7.92e-06,0.0,0.0,False,2026-03-21.csv,75.833,negative,0.465338757877555,0.9836065573770492,0.988950276243094,1.0,1.0,12.30000000000291,40.30000000000291,0.3052109181141941,0.6923076923078589,up,opposed,0.16219851515834677,8.940000000002328,8.940000000002328,above,True,True,4.2999999999883585,4.2999999999883585,0.5901639344262295,0.5966850828729282,opposed,aligned,0.0,0.0,balanced_or_unknown,True,flat_or_unknown
2026-03-21 07:21:00,2026-03-21,70777.7,70794.1,70753.7,70759.3,18.222,61.707,79.929,-43.485,-0.5440453402394625,70777.63,87282.6,-7.92e-06,0.0,0.0,False,2026-03-21.csv,43.485,negative,0.5440453402394625,0.9508196721311475,0.9668508287292817,0.9508196721311475,0.9502762430939227,-18.39999999999418,40.40000000000873,0.45544554455421293,0.13861386138625273,down,aligned,0.42313441416567044,-18.330000000001746,18.330000000001746,below,True,True,-42.04999999998836,42.04999999998836,1.0,1.0,aligned,aligned,0.0,0.0,balanced_or_unknown,True,flat_or_unknown
2026-03-21 07:22:00,2026-03-21,70759.3,70769.6,70750.6,70751.2,12.241,45.406,57.647,-33.165,-0.5753118115426649,70759.81,87252.8,-7.13e-06,0.0,0.0,False,2026-03-21.csv,33.165,negative,0.5753118115426649,0.9344262295081968,0.9392265193370166,0.8852459016393442,0.850828729281768,-8.10000000000582,19.0,0.42631578947399057,0.03157894736796152,down,aligned,0.2442333785619123,-8.610000000000582,8.610000000000582,below,True,True,-29.80000000000291,29.80000000000291,0.9672131147540983,0.9723756906077348,aligned,aligned,0.0,0.0,balanced_or_unknown,True,flat_or_unknown
2026-03-21 07:23:00,2026-03-21,70751.3,70762.9,70735.4,70755.1,13.646,22.862,36.508,-9.215999999999998,-0.25243782184726626,70749.57,87248.98,-6.86e-06,0.0,0.0,False,2026-03-21.csv,9.215999999999998,negative,0.25243782184726626,0.6065573770491803,0.569060773480663,0.7213114754098361,0.6740331491712708,3.8000000000029104,27.5,0.13818181818192402,0.7163636363640596,up,opposed,0.4123263888892048,5.529999999998836,5.529999999998836,above,True,True,-3.820000000006985,3.820000000006985,0.5573770491803278,0.5414364640883977,aligned,opposed,0.0,0.0,balanced_or_unknown,True,flat_or_unknown
2026-03-21 07:24:00,2026-03-21,70755.2,70760.1,70752.8,70752.8,4.726,6.839,11.565,-2.1130000000000004,-0.18270644185041077,70756.37,87246.46,-6.86e-06,0.0,0.0,False,2026-03-21.csv,2.1130000000000004,negative,0.18270644185041077,0.18032786885245902,0.15469613259668508,0.2459016393442623,0.15469613259668508,-2.3999999999941792,7.30000000000291,0.3287671232867428,0.0,down,aligned,1.1358258400351058,-3.569999999992433,3.569999999992433,below,True,True,-2.5199999999895226,2.5199999999895226,0.39344262295081966,0.3812154696132597,aligned,aligned,0.0,0.0,balanced_or_unknown,True,flat_or_unknown
2026-03-21 07:25:00,2026-03-21,70752.9,70776.1,70752.8,70776.1,21.787,3.414,25.201,18.372999999999998,0.7290583706995754,70765.31,87247.66,-6.94e-06,0.0,0.0,False,2026-03-21.csv,18.372999999999998,positive,0.7290583706995754,0.8524590163934426,0.8121546961325967,0.6065573770491803,0.5027624309392266,23.20000000001164,23.30000000000291,0.995708154506813,1.0,up,aligned,1.262722473194995,10.790000000008149,10.790000000008149,above,True,True,1.1999999999970896,1.1999999999970896,0.2459016393442623,0.18232044198895028,aligned,aligned,0.0,0.0,balanced_or_unknown,True,flat_or_unknown
2026-03-21 07:26:00,2026-03-21,70776.1,70845.7,70770.0,70824.2,192.709,39.626,232.335,153.083,0.6588891040953795,70810.36,87192.4,-7.05e-06,0.106,0.0,False,2026-03-21.csv,153.083,positive,0.6588891040953795,1.0,1.0,1.0,1.0,48.09999999999127,75.69999999999709,0.6354029062086277,0.7159841479524329,up,aligned,0.31420863191857534,13.839999999996508,13.839999999996508,above,True,True,-55.26000000000931,55.26000000000931,1.0,1.0,opposed,opposed,0.106,0.106,buy,True,aligned
2026-03-21 07:27:00,2026-03-21,70824.0,70848.0,70823.9,70834.5,34.706,21.974,56.68,12.732000000000003,0.2246294989414256,70836.84,87186.54,-6.54e-06,0.002,0.0,False,2026-03-21.csv,12.732000000000003,positive,0.2246294989414256,0.7049180327868853,0.6961325966850829,0.8524590163934426,0.8453038674033149,10.5,24.10000000000582,0.4356846473027993,0.43983402489640083,up,aligned,0.8246936852026389,-2.3399999999965075,2.3399999999965075,below,True,True,-5.860000000000582,5.860000000000582,0.7540983606557377,0.712707182320442,opposed,opposed,0.002,0.002,buy,True,aligned
2026-03-21 07:28:00,2026-03-21,70834.4,70845.6,70819.5,70842.5,16.35,22.509,38.859,-6.158999999999999,-0.15849610128927658,70840.51,87188.9,-6.54e-06,0.0,0.0,False,2026-03-21.csv,6.158999999999999,negative,0.15849610128927658,0.4098360655737705,0.4088397790055249,0.7377049180327869,0.7237569060773481,8.10000000000582,26.10000000000582,0.3103448275863607,0.8812260536396502,up,opposed,1.3151485630793671,1.9900000000052387,1.9900000000052387,above,True,True,2.360000000000582,2.360000000000582,0.36065573770491804,0.35911602209944754,opposed,aligned,0.0,0.0,balanced_or_unknown,False,flat_or_unknown
2026-03-21 07:29:00,2026-03-21,70842.6,70849.2,70836.2,70840.7,38.019,14.359,52.378,23.659999999999997,0.45171636946809723,70842.43,87180.87,-5.65e-06,0.056,0.0,False,2026-03-21.csv,23.659999999999997,positive,0.45171636946809723,0.8688524590163934,0.8839779005524862,0.8524590163934426,0.8453038674033149,-1.9000000000087311,13.0,0.1461538461545178,0.34615384615384615,down,opposed,0.08030431107391088,-1.7299999999959255,1.7299999999959255,below,True,True,-8.029999999998836,8.029999999998836,0.819672131147541,0.8232044198895028,opposed,aligned,0.056,0.056,buy,True,aligned
2026-03-21 07:30:00,2026-03-21,70840.6,70845.0,70839.8,70839.9,15.507,17.791,33.298,-2.2840000000000007,-0.06859270827076704,70843.09,87185.48,-5.43e-06,0.017,0.0,False,2026-03-21.csv,2.2840000000000007,negative,0.06859270827076704,0.19672131147540983,0.16574585635359115,0.6557377049180327,0.6574585635359116,-0.7000000000116415,5.19999999999709,0.1346153846176987,0.019230769229100927,down,aligned,0.3064798599000181,-3.1900000000023283,3.1900000000023283,below,True,True,4.610000000000582,4.610000000000582,0.6065573770491803,0.6132596685082873,opposed,opposed,0.017,0.017,buy,True,opposed
2026-03-21 07:31:00,2026-03-21,70839.8,70840.9,70817.2,70817.3,10.211,30.608,40.819,-20.397,-0.49969377005806115,70829.25,87191.7,-5.43e-06,0.0,0.0,False,2026-03-21.csv,20.397,negative,0.49969377005806115,0.8524590163934426,0.850828729281768,0.7868852459016393,0.7679558011049724,-22.5,23.69999999999709,0.9493670886077116,0.004219409282946542,down,aligned,1.1031033975584645,-11.94999999999709,11.94999999999709,below,True,True,6.220000000001164,6.220000000001164,0.7540983606557377,0.7403314917127072,opposed,opposed,0.0,0.0,balanced_or_unknown,False,flat_or_unknown
2026-03-21 07:32:00,2026-03-21,70817.2,70817.3,70800.0,70800.0,18.037,26.401,44.438,-8.364,-0.18821729150726857,70807.79,87186.39,-5.35e-06,0.0,0.0,False,2026-03-21.csv,8.364,negative,0.18821729150726857,0.5409836065573771,0.5359116022099447,0.7868852459016393,0.7955801104972375,-17.19999999999709,17.30000000000291,0.9942196531788553,0.0,down,aligned,2.0564323290288247,-7.789999999993597,7.789999999993597,below,True,True,-5.309999999997672,5.309999999997672,0.6557377049180327,0.6685082872928176,aligned,aligned,0.0,0.0,balanced_or_unknown,False,flat_or_unknown
2026-03-21 07:33:00,2026-03-21,70800.0,70800.0,70751.5,70751.6,15.699,23.321,39.02,-7.622000000000002,-0.1953357252690928,70771.35,87188.15,-6e-06,0.0,0.0,False,2026-03-21.csv,7.622000000000002,negative,0.1953357252690928,0.4426229508196721,0.47513812154696133,0.7213114754098361,0.7292817679558011,-48.39999999999418,48.5,0.9979381443297769,0.0020618556702231084,down,aligned,6.350039359747332,-19.75,19.75,below,True,True,1.7599999999947613,1.7599999999947613,0.3114754098360656,0.2983425414364641,opposed,opposed,0.0,0.0,balanced_or_unknown,False,flat_or_unknown
2026-03-21 07:34:00,2026-03-21,70751.5,70754.0,70728.4,70754.0,13.769,26.787,40.556,-13.017999999999999,-0.3209882631423217,70740.79,87181.88,-6.88e-06,0.0,0.0,False,2026-03-21.csv,13.017999999999999,negative,0.3209882631423217,0.7049180327868853,0.7237569060773481,0.7540983606557377,0.7679558011049724,2.5,25.60000000000582,0.0976562499999778,1.0,up,opposed,0.1920417882931326,13.210000000006403,13.210000000006403,above,True,True,-6.269999999989523,6.269999999989523,0.7704918032786885,0.7458563535911602,aligned,opposed,0.0,0.0,balanced_or_unknown,False,flat_or_unknown
2026-03-21 07:35:00,2026-03-21,70754.2,70773.9,70741.7,70764.4,58.257,23.18,81.437,35.077,0.4307255915615752,70758.2,87165.26,-6.88e-06,0.0,0.009,False,2026-03-21.csv,35.077,positive,0.4307255915615752,0.9344262295081968,0.9502762430939227,0.9672131147540983,0.9502762430939227,10.19999999999709,32.19999999999709,0.316770186335342,0.7049689440993522,up,aligned,0.2907888359893118,6.19999999999709,6.19999999999709,above,True,True,-16.620000000009895,16.620000000009895,0.9016393442622951,0.9447513812154696,opposed,opposed,0.009,-0.009,sell,False,opposed
2026-03-21 07:36:00,2026-03-21,70764.3,70764.4,70753.0,70753.0,4.542,12.366,16.908,-7.824,-0.4627395315826827,70760.77,87159.45,-7.29e-06,0.0,0.0,False,2026-03-21.csv,7.824,negative,0.4627395315826827,0.45901639344262296,0.4972375690607735,0.3442622950819672,0.32044198895027626,-11.30000000000291,11.39999999999418,0.9912280701762,0.0,down,aligned,1.444274028630229,-7.7700000000040745,7.7700000000040745,below,True,True,-5.809999999997672,5.809999999997672,0.7049180327868853,0.7071823204419889,aligned,aligned,0.0,0.0,balanced_or_unknown,False,flat_or_unknown
2026-03-21 07:37:00,2026-03-21,70753.0,70753.1,70741.9,70743.2,8.096,18.319,26.415,-10.222999999999999,-0.38701495362483435,70748.14,87159.37,-7.06e-06,0.0,0.0,False,2026-03-21.csv,10.222999999999999,negative,0.38701495362483435,0.6229508196721312,0.6298342541436464,0.5737704918032787,0.5414364640883977,-9.80000000000291,11.200000000011642,0.8749999999993504,0.11607142857156778,down,aligned,0.9586227134894758,-4.940000000002328,4.940000000002328,below,True,True,-0.08000000000174623,0.08000000000174623,0.03278688524590164,0.016574585635359115,aligned,aligned,0.0,0.0,balanced_or_unknown,False,flat_or_unknown
2026-03-21 07:38:00,2026-03-21,70743.1,70764.4,70743.1,70764.4,8.739,3.474,12.213,5.265000000000001,0.43109801031687556,70751.24,87160.87,-7.06e-06,0.0,0.0,False,2026-03-21.csv,5.265000000000001,positive,0.43109801031687556,0.36065573770491804,0.3701657458563536,0.22950819672131148,0.16574585635359115,21.29999999998836,21.29999999998836,1.0,1.0,up,aligned,4.045584045581834,13.15999999998894,13.15999999998894,above,True,True,1.5,1.5,0.29508196721311475,0.23756906077348067,aligned,aligned,0.0,0.0,balanced_or_unknown,False,flat_or_unknown
2026-03-21 07:39:00,2026-03-21,70764.3,70764.4,70735.3,70743.4,8.17,17.314,25.484,-9.144,-0.3588133730968451,70745.64,87160.95,-7.34e-06,0.0,0.0,False,2026-03-21.csv,9.144,negative,0.3588133730968451,0.5573770491803278,0.580110497237569,0.5737704918032787,0.5359116022099447,-20.90000000000873,29.09999999999127,0.7182130584197595,0.278350515463701,down,aligned,2.285651793526764,-2.2400000000052387,2.2400000000052387,below,True,True,0.08000000000174623,0.08000000000174623,0.04918032786885246,0.022099447513812154,opposed,opposed,0.0,0.0,balanced_or_unknown,False,flat_or_unknown
2026-03-21 07:40:00,2026-03-21,70743.3,70743.4,70730.0,70733.7,9.99,9.149,19.139,0.8410000000000011,0.04394168974345583,70733.02,87162.87,-7.25e-06,0.0,0.0,False,2026-03-21.csv,0.8410000000000011,positive,0.04394168974345583,0.13114754098360656,0.055248618784530384,0.3770491803278688,0.3756906077348066,-9.60000000000582,13.39999999999418,0.7164179104485068,0.2761194029849774,down,opposed,11.414982164097275,0.6799999999930151,0.6799999999930151,above,True,True,1.9199999999982538,1.9199999999982538,0.32786885245901637,0.3259668508287293,aligned,opposed,0.0,0.0,balanced_or_unknown,False,flat_or_unknown
2026-03-21 07:41:00,2026-03-21,70733.6,70744.9,70733.6,70744.9,14.045,1.787,15.832,12.258,0.774254674077817,70737.78,87156.56,-7.42e-06,0.0,0.001,False,2026-03-21.csv,12.258,positive,0.774254674077817,0.6885245901639344,0.7016574585635359,0.3442622950819672,0.30386740331491713,11.299999999988358,11.299999999988358,1.0,1.0,up,aligned,0.9218469570882982,7.119999999995343,7.119999999995343,above,True,True,-6.309999999997672,6.309999999997672,0.819672131147541,0.7679558011049724,opposed,opposed,0.001,-0.001,sell,False,opposed
2026-03-21 07:42:00,2026-03-21,70744.8,70752.4,70744.8,70744.8,6.31,10.632,16.942,-4.322,-0.2551056545862354,70748.9,87155.12,-7.42e-06,0.0,0.0,False,2026-03-21.csv,4.322,negative,0.2551056545862354,0.32786885245901637,0.3149171270718232,0.3770491803278688,0.3314917127071823,0.0,7.599999999991269,0.0,0.0,flat_or_unknown,flat_or_unknown,0.0,-4.099999999991269,4.099999999991269,below,True,True,-1.4400000000023283,1.4400000000023283,0.2786885245901639,0.2430939226519337,aligned,flat_or_unknown,0.0,0.0,balanced_or_unknown,False,flat_or_unknown
2026-03-21 07:43:00,2026-03-21,70744.8,70751.5,70744.8,70750.8,11.228,4.324,15.552,6.904,0.44393004115226337,70748.35,87151.88,-7.22e-06,0.0,0.0,False,2026-03-21.csv,6.904,positive,0.44393004115226337,0.39344262295081966,0.4419889502762431,0.32786885245901637,0.2983425414364641,6.0,6.69999999999709,0.8955223880600905,0.8955223880600905,up,aligned,0.869061413673233,2.4499999999970896,2.4499999999970896,above,True,True,-3.2399999999906868,3.2399999999906868,0.5409836065573771,0.5303867403314917,opposed,opposed,0.0,0.0,balanced_or_unknown,False,flat_or_unknown
2026-03-21 07:44:00,2026-03-21,70750.9,70750.9,70746.3,70746.3,4.957,5.516,10.473,-0.5590000000000002,-0.05337534612813904,70747.09,87153.43,-7.15e-06,0.0,0.0,False,2026-03-21.csv,0.5590000000000002,negative,0.05337534612813904,0.04918032786885246,0.027624309392265192,0.18032786885245902,0.12154696132596685,-4.599999999991269,4.599999999991269,1.0,0.0,down,aligned,8.228980321987956,-0.7899999999935972,0.7899999999935972,below,True,True,1.5499999999883585,1.5499999999883585,0.3114754098360656,0.27624309392265195,opposed,opposed,0.0,0.0,balanced_or_unknown,False,flat_or_unknown
2026-03-21 07:45:00,2026-03-21,70746.3,70749.7,70717.1,70717.1,14.035,61.057,75.092,-47.022000000000006,-0.6261918713045332,70736.08,87156.38,-7.19e-06,0.0,0.0,False,2026-03-21.csv,47.022000000000006,negative,0.6261918713045332,0.9508196721311475,0.9668508287292817,0.9344262295081968,0.9447513812154696,-29.19999999999709,32.59999999999127,0.8957055214725432,0.0,down,aligned,0.620985921483499,-18.979999999995925,18.979999999995925,below,True,True,2.9500000000116415,2.9500000000116415,0.5245901639344263,0.48066298342541436,opposed,opposed,0.0,0.0,balanced_or_unknown,False,flat_or_unknown
2026-03-21 07:46:00,2026-03-21,70717.2,70717.2,70710.0,70710.0,3.589,16.779,20.368,-13.19,-0.6475844461901021,70712.32,87171.89,-7.19e-06,0.0,0.0,False,2026-03-21.csv,13.19,negative,0.6475844461901021,0.7377049180327869,0.7348066298342542,0.45901639344262296,0.43646408839779005,-7.19999999999709,7.19999999999709,1.0,0.0,down,aligned,0.5458680818799917,-2.320000000006985,2.320000000006985,below,True,True,15.509999999994761,15.509999999994761,0.9016393442622951,0.9392265193370166,opposed,opposed,0.0,0.0,balanced_or_unknown,False,flat_or_unknown
2026-03-21 07:47:00,2026-03-21,70710.0,70710.1,70639.0,70666.3,42.088,76.97,119.058,-34.882,-0.2929832518604377,70667.41,87159.01,-7.34e-06,0.0,1.506,False,2026-03-21.csv,34.882,negative,0.2929832518604377,0.9016393442622951,0.9447513812154696,0.9672131147540983,0.9834254143646409,-43.69999999999709,71.10000000000582,0.6146272855132702,0.3839662447257479,down,aligned,1.2527951378933861,-1.110000000000582,1.110000000000582,below,True,True,-12.880000000004657,12.880000000004657,0.8688524590163934,0.9226519337016574,aligned,aligned,1.506,-1.506,sell,True,aligned
2026-03-21 07:48:00,2026-03-21,70666.4,70681.8,70666.3,70681.7,27.945,22.779,50.724,5.166,0.10184528034066716,70673.53,87144.38,-7.81e-06,0.0,0.0,False,2026-03-21.csv,5.166,positive,0.10184528034066716,0.32786885245901637,0.3812154696132597,0.8032786885245902,0.8453038674033149,15.30000000000291,15.5,0.9870967741937362,0.9935483870963987,up,aligned,2.961672473868159,8.169999999998254,8.169999999998254,above,True,True,-14.629999999990105,14.629999999990105,0.8852459016393442,0.9281767955801105,opposed,opposed,0.0,0.0,balanced_or_unknown,False,flat_or_unknown
2026-03-21 07:49:00,2026-03-21,70681.8,70718.2,70681.8,70710.6,26.275,5.453,31.728,20.822,0.6562657589510842,70706.2,87144.07,-7.81e-06,0.0,0.0,False,2026-03-21.csv,20.822,positive,0.6562657589510842,0.8360655737704918,0.861878453038674,0.639344262295082,0.6353591160220995,28.80000000000291,36.39999999999418,0.7912087912089977,0.7912087912089977,up,aligned,1.3831524349247388,4.400000000008731,4.400000000008731,above,True,True,-0.3099999999976717,0.3099999999976717,0.06557377049180328,0.055248618784530384,opposed,opposed,0.0,0.0,balanced_or_unknown,False,flat_or_unknown
2026-03-21 07:50:00,2026-03-21,70710.5,70727.8,70710.5,70717.1,20.77,9.743,30.513,11.027,0.36138694982466485,70718.13,87142.33,-8.14e-06,0.0,0.0,False,2026-03-21.csv,11.027,positive,0.36138694982466485,0.639344262295082,0.6519337016574586,0.6229508196721312,0.6243093922651933,6.600000000005821,17.30000000000291,0.38150289017368266,0.38150289017368266,up,aligned,0.5985308787526817,-1.0299999999988358,1.0299999999988358,below,True,True,-1.7400000000052387,1.7400000000052387,0.32786885245901637,0.2983425414364641,opposed,opposed,0.0,0.0,balanced_or_unknown,False,flat_or_unknown
2026-03-21 07:51:00,2026-03-21,70717.2,70717.2,70695.8,70695.8,7.347,20.933,28.28,-13.585999999999999,-0.48041018387553036,70705.72,87144.41,-7.78e-06,0.0,0.0,False,2026-03-21.csv,13.585999999999999,negative,0.48041018387553036,0.7377049180327869,0.7348066298342542,0.5901639344262295,0.6022099447513812,-21.39999999999418,21.39999999999418,1.0,0.0,down,aligned,1.5751508906222715,-9.919999999998254,9.919999999998254,below,True,True,2.0800000000017462,2.0800000000017462,0.3770491803278688,0.34806629834254144,opposed,opposed,0.0,0.0,balanced_or_unknown,False,flat_or_unknown
2026-03-21 07:52:00,2026-03-21,70695.8,70695.9,70654.5,70675.5,12.455,47.909,60.364,-35.454,-0.587336823272149,70674.01,87159.09,-7.94e-06,0.0,0.0,False,2026-03-21.csv,35.454,negative,0.587336823272149,0.9180327868852459,0.9502762430939227,0.8852459016393442,0.8729281767955801,-20.30000000000291,41.39999999999418,0.49033816425134696,0.5072463768116655,down,aligned,0.5725729113782059,1.4900000000052387,1.4900000000052387,above,True,True,14.679999999993015,14.679999999993015,0.9016393442622951,0.9281767955801105,opposed,opposed,0.0,0.0,balanced_or_unknown,False,flat_or_unknown
2026-03-21 07:53:00,2026-03-21,70675.5,70682.8,70675.5,70675.6,6.076,5.711,11.787,0.3649999999999993,0.030966318825825002,70681.35,87160.41,-7.94e-06,0.0,0.0,False,2026-03-21.csv,0.3649999999999993,positive,0.030966318825825002,0.03278688524590164,0.022099447513812154,0.18032786885245902,0.15469613259668508,0.10000000000582077,7.30000000000291,0.013698630137778205,0.013698630137778205,up,aligned,0.2739726027556738,-5.75,5.75,below,True,True,1.320000000006985,1.320000000006985,0.22950819672131148,0.2154696132596685,aligned,aligned,0.0,0.0,balanced_or_unknown,False,flat_or_unknown
2026-03-21 07:54:00,2026-03-21,70675.5,70676.2,70662.3,70676.1,14.225,13.089,27.314,1.1359999999999992,0.04159039320494982,70669.69,87156.78,-8.02e-06,0.0,0.002,False,2026-03-21.csv,1.1359999999999992,positive,0.04159039320494982,0.13114754098360656,0.07734806629834254,0.5737704918032787,0.569060773480663,0.6000000000058208,13.89999999999418,0.043165467626336114,0.9928057553963086,up,aligned,0.5281690140896314,6.4100000000034925,6.4100000000034925,above,True,True,-3.6300000000046566,3.6300000000046566,0.5901639344262295,0.5524861878453039,opposed,opposed,0.002,-0.002,sell,False,opposed
2026-03-21 07:55:00,2026-03-21,70676.2,70676.2,70670.0,70675.1,6.555,4.725,11.28,1.83,0.16223404255319152,70671.2,87156.01,-7.74e-06,0.0,0.066,False,2026-03-21.csv,1.83,positive,0.16223404255319152,0.13114754098360656,0.13259668508287292,0.16393442622950818,0.13812154696132597,-1.0999999999912689,6.19999999999709,0.17741935483738472,0.8225806451626153,down,opposed,0.6010928961700922,3.900000000008731,3.900000000008731,above,True,True,-0.7700000000040745,0.7700000000040745,0.14754098360655737,0.13812154696132597,opposed,aligned,0.066,-0.066,sell,True,opposed
2026-03-21 07:56:00,2026-03-21,70675.1,70675.1,70643.3,70643.4,10.895,21.384,32.279,-10.489,-0.3249481086774683,70657.91,87150.78,-7.74e-06,0.0,0.0,False,2026-03-21.csv,10.489,negative,0.3249481086774683,0.5737704918032787,0.6243093922651933,0.639344262295082,0.6353591160220995,-31.70000000001164,31.80000000000291,0.9968553459122246,0.003144654087775462,down,aligned,3.0222137477368327,-14.510000000009313,14.510000000009313,below,True,True,-5.2299999999959255,5.2299999999959255,0.6885245901639344,0.6685082872928176,aligned,aligned,0.0,0.0,balanced_or_unknown,False,flat_or_unknown
2026-03-21 07:57:00,2026-03-21,70643.5,70662.9,70643.4,70662.9,16.777,5.708,22.485,11.069,0.4922837447187014,70654.96,87148.68,-7.58e-06,0.0,0.004,False,2026-03-21.csv,11.069,positive,0.4922837447187014,0.6229508196721312,0.6464088397790055,0.45901639344262296,0.47513812154696133,19.39999999999418,19.5,0.9948717948714964,1.0,up,aligned,1.7526425151318257,7.939999999987776,7.939999999987776,above,True,True,-2.1000000000058208,2.1000000000058208,0.39344262295081966,0.36464088397790057,opposed,opposed,0.004,-0.004,sell,False,opposed
2026-03-21 07:58:00,2026-03-21,70662.9,70666.0,70662.8,70666.0,3.542,4.482,8.024,-0.9400000000000004,-0.11714855433698909,70664.69,87147.55,-7.73e-06,0.0,0.0,False,2026-03-21.csv,0.9400000000000004,negative,0.11714855433698909,0.09836065573770492,0.0718232044198895,0.08196721311475409,0.06077348066298342,3.1000000000058208,3.1999999999970896,0.9687500000027001,1.0,up,opposed,3.2978723404317227,1.3099999999976717,1.3099999999976717,above,True,True,-1.1299999999901047,1.1299999999901047,0.18032786885245902,0.18232044198895028,aligned,opposed,0.0,0.0,balanced_or_unknown,False,flat_or_unknown
2026-03-21 07:59:00,2026-03-21,70666.0,70682.8,70665.9,70671.7,9.941,16.863,26.804,-6.921999999999999,-0.25824503805402177,70670.29,87140.31,-7.54e-06,0.0,0.0,False,2026-03-21.csv,6.921999999999999,negative,0.25824503805402177,0.32786885245901637,0.43646408839779005,0.5409836065573771,0.5580110497237569,5.69999999999709,16.90000000000873,0.3372781065085293,0.3431952662721843,up,opposed,0.8234614273327204,1.4100000000034925,1.4100000000034925,above,True,True,-7.240000000005239,7.240000000005239,0.8360655737704918,0.8232044198895028,aligned,opposed,0.0,0.0,balanced_or_unknown,False,flat_or_unknown
2026-03-21 08:00:00,2026-03-21,70671.8,70687.4,70660.0,70687.3,55.946,19.42,75.366,36.525999999999996,0.48464824987394844,70668.2,87141.46,-7.54e-06,0.0,0.0,False,2026-03-21.csv,36.525999999999996,positive,0.48464824987394844,0.9180327868852459,0.9502762430939227,0.9180327868852459,0.9392265193370166,15.5,27.39999999999418,0.5656934306570545,0.9963503649638216,up,aligned,0.42435525379181954,19.10000000000582,19.10000000000582,above,True,True,1.1500000000087311,1.1500000000087311,0.18032786885245902,0.1878453038674033,aligned,aligned,0.0,0.0,balanced_or_unknown,False,flat_or_unknown
2026-03-21 08:01:00,2026-03-21,70687.4,70687.4,70661.0,70661.1,7.068,35.876,42.944,-28.808,-0.6708271236959761,70672.88,87170.42,-7.38e-06,0.0,0.0,False,2026-03-21.csv,28.808,negative,0.6708271236959761,0.8360655737704918,0.8950276243093923,0.7377049180327869,0.7790055248618785,-26.29999999998836,26.39999999999418,0.9962121212119,0.0037878787881001066,down,aligned,0.9129408497635504,-11.779999999998836,11.779999999998836,below,True,True,28.95999999999185,28.95999999999185,0.9344262295081968,0.9723756906077348,opposed,opposed,0.0,0.0,balanced_or_unknown,False,flat_or_unknown
2026-03-21 08:02:00,2026-03-21,70661.0,70661.1,70654.5,70659.9,14.061,25.936,39.997,-11.875,-0.2968972672950471,70656.47,87165.79,-7.68e-06,0.0,0.0,False,2026-03-21.csv,11.875,negative,0.2968972672950471,0.5901639344262295,0.6629834254143646,0.6721311475409836,0.7403314917127072,-1.1000000000058208,6.600000000005821,0.16666666666740163,0.8181818181802146,down,aligned,0.09263157894785859,3.429999999993015,3.429999999993015,above,True,True,-4.630000000004657,4.630000000004657,0.6229508196721312,0.6353591160220995,aligned,aligned,0.0,0.0,balanced_or_unknown,False,flat_or_unknown
2026-03-21 08:03:00,2026-03-21,70659.9,70679.0,70659.9,70672.4,19.919,13.945,33.864,5.974,0.17641152846680844,70667.62,87165.07,-7.68e-06,0.0,0.0,False,2026-03-21.csv,5.974,positive,0.17641152846680844,0.26229508196721313,0.3812154696132597,0.6065573770491803,0.6574585635359116,12.5,19.10000000000582,0.6544502617799053,0.6544502617799053,up,aligned,2.092400401740877,4.779999999998836,4.779999999998836,above,True,True,-0.7199999999866122,0.7199999999866122,0.09836065573770492,0.13812154696132597,opposed,opposed,0.0,0.0,balanced_or_unknown,False,flat_or_unknown
2026-03-21 08:04:00,2026-03-21,70672.4,70677.9,70667.6,70667.6,4.551,10.714,15.265,-6.163,-0.4037340320995742,70674.69,87168.56,-8.22e-06,0.0,0.0,False,2026-03-21.csv,6.163,negative,0.4037340320995742,0.29508196721311475,0.4088397790055249,0.2459016393442623,0.27071823204419887,-4.7999999999883585,10.299999999988358,0.46601941747512465,0.0,down,aligned,0.7788414733065647,-7.0899999999965075,7.0899999999965075,below,True,True,3.4899999999906868,3.4899999999906868,0.5573770491803278,0.5580110497237569,opposed,opposed,0.0,0.0,balanced_or_unknown,False,flat_or_unknown
2026-03-21 08:05:00,2026-03-21,70667.6,70670.3,70653.2,70670.3,21.185,15.316,36.501,5.868999999999998,0.16079011533930573,70658.37,87173.52,-8.09e-06,0.0,0.0,False,2026-03-21.csv,5.868999999999998,positive,0.16079011533930573,0.26229508196721313,0.3812154696132597,0.6065573770491803,0.6850828729281768,2.6999999999970896,17.10000000000582,0.15789473684188132,1.0,up,aligned,0.46004430056178064,11.930000000007567,11.930000000007567,above,True,True,4.960000000006403,4.960000000006403,0.6557377049180327,0.6740331491712708,aligned,aligned,0.0,0.0,balanced_or_unknown,False,flat_or_unknown
2026-03-21 08:06:00,2026-03-21,70670.2,70685.4,70663.1,70685.4,41.6,2.804,44.404,38.796,0.8737050716151697,70667.93,87174.02,-8.35e-06,0.0,0.0,False,2026-03-21.csv,38.796,positive,0.8737050716151697,0.9180327868852459,0.9502762430939227,0.7540983606557377,0.8011049723756906,15.19999999999709,22.29999999998836,0.6816143497760101,1.0,up,aligned,0.3917929683471773,17.470000000001164,17.470000000001164,above,True,True,0.5,0.5,0.08196721311475409,0.09944751381215469,aligned,aligned,0.0,0.0,balanced_or_unknown,False,flat_or_unknown
2026-03-21 08:07:00,2026-03-21,70685.4,70721.7,70685.3,70702.7,36.151,18.734,54.885,17.417,0.317336248519632,70704.35,87169.33,-8.35e-06,0.0,0.0,False,2026-03-21.csv,17.417,positive,0.317336248519632,0.7213114754098361,0.7900552486187845,0.819672131147541,0.861878453038674,17.30000000000291,36.39999999999418,0.47527472527488124,0.47802197802189456,up,aligned,0.9932824252169092,-1.6500000000087311,1.6500000000087311,below,True,True,-4.690000000002328,4.690000000002328,0.6557377049180327,0.6408839779005525,opposed,opposed,0.0,0.0,balanced_or_unknown,False,flat_or_unknown
2026-03-21 08:08:00,2026-03-21,70702.7,70702.8,70680.0,70680.1,6.471,17.965,24.436,-11.494,-0.47037158291046,70689.21,87182.37,-8.31e-06,0.0,0.0,False,2026-03-21.csv,11.494,negative,0.47037158291046,0.5737704918032787,0.6464088397790055,0.4098360655737705,0.46408839779005523,-22.59999999999127,22.80000000000291,0.9912280701749291,0.004385964912535439,down,aligned,1.966243257350902,-9.110000000000582,9.110000000000582,below,True,True,13.039999999993597,13.039999999993597,0.8688524590163934,0.9116022099447514,opposed,opposed,0.0,0.0,balanced_or_unknown,False,flat_or_unknown
2026-03-21 08:09:00,2026-03-21,70680.0,70680.1,70668.1,70678.1,8.187,12.309,20.496,-4.122,-0.20111241217798595,70672.68,87182.53,-8.33e-06,0.0,0.0,False,2026-03-21.csv,4.122,negative,0.20111241217798595,0.19672131147540983,0.287292817679558,0.3442622950819672,0.39779005524861877,-1.8999999999941792,12.0,0.15833333333284827,0.8333333333333334,down,aligned,0.4609412906342017,5.420000000012806,5.420000000012806,above,True,True,0.16000000000349246,0.16000000000349246,0.04918032786885246,0.027624309392265192,opposed,opposed,0.0,0.0,balanced_or_unknown,False,flat_or_unknown
2026-03-21 08:10:00,2026-03-21,70678.1,70685.8,70663.7,70663.7,11.462,64.839,76.301,-53.376999999999995,-0.6995583282001546,70677.77,87187.39,-8.33e-06,0.0,0.0,False,2026-03-21.csv,53.376999999999995,negative,0.6995583282001546,0.9672131147540983,0.9723756906077348,0.9180327868852459,0.9392265193370166,-14.400000000008731,22.10000000000582,0.6515837104074633,0.0,down,aligned,0.2697791183470171,-14.070000000006985,14.070000000006985,below,True,True,4.860000000000582,4.860000000000582,0.6557377049180327,0.6574585635359116,opposed,opposed,0.0,0.0,balanced_or_unknown,False,flat_or_unknown
2026-03-21 08:11:00,2026-03-21,70663.7,70700.0,70663.1,70696.9,18.037,77.352,95.389,-59.315000000000005,-0.6218222226881507,70695.66,87214.73,-8.96e-06,0.0,0.0,False,2026-03-21.csv,59.315000000000005,negative,0.6218222226881507,0.9672131147540983,0.9779005524861878,0.9508196721311475,0.9558011049723757,33.19999999999709,36.89999999999418,0.899728997290036,0.9159891598914279,up,opposed,0.5597235100732881,1.2399999999906868,1.2399999999906868,above,True,True,27.339999999996508,27.339999999996508,0.9344262295081968,0.9668508287292817,opposed,aligned,0.0,0.0,balanced_or_unknown,False,flat_or_unknown
2026-03-21 08:12:00,2026-03-21,70696.9,70708.6,70690.7,70690.7,7.539,10.937,18.476,-3.3979999999999997,-0.18391426715739337,70700.92,87215.34,-8.85e-06,0.0,0.0,False,2026-03-21.csv,3.3979999999999997,negative,0.18391426715739337,0.16393442622950818,0.23204419889502761,0.26229508196721313,0.3259668508287293,-6.19999999999709,17.90000000000873,0.34636871508346734,0.0,down,aligned,1.824602707474129,-10.220000000001164,10.220000000001164,below,True,True,0.6100000000005821,0.6100000000005821,0.09836065573770492,0.13259668508287292,opposed,opposed,0.0,0.0,balanced_or_unknown,False,flat_or_unknown
2026-03-21 08:13:00,2026-03-21,70690.7,70690.8,70670.0,70681.1,22.06,8.01,30.07,14.049999999999999,0.4672430994346524,70674.79,87203.19,-8.26e-06,0.0,0.0,False,2026-03-21.csv,14.049999999999999,positive,0.4672430994346524,0.6721311475409836,0.7182320441988951,0.47540983606557374,0.574585635359116,-9.599999999991269,20.80000000000291,0.4615384615379772,0.5336538461540513,down,opposed,0.6832740213516918,6.310000000012224,6.310000000012224,above,True,True,-12.14999999999418,12.14999999999418,0.819672131147541,0.8950276243093923,opposed,aligned,0.0,0.0,balanced_or_unknown,False,flat_or_unknown
2026-03-21 08:14:00,2026-03-21,70681.1,70697.2,70681.1,70697.2,22.873,5.504,28.377,17.369,0.6120802058004722,70684.0,87200.09,-8.26e-06,0.0,0.0,False,2026-03-21.csv,17.369,positive,0.6120802058004722,0.6885245901639344,0.7679558011049724,0.45901639344262296,0.5580110497237569,16.09999999999127,16.09999999999127,1.0,1.0,up,aligned,0.9269387990092273,13.19999999999709,13.19999999999709,above,True,True,-3.1000000000058208,3.1000000000058208,0.47540983606557374,0.5082872928176796,opposed,opposed,0.0,0.0,balanced_or_unknown,False,flat_or_unknown
2026-03-21 08:15:00,2026-03-21,70697.2,70697.2,70660.2,70660.9,16.505,38.527,55.032,-22.022000000000002,-0.40016717546154973,70676.15,87204.69,-8.25e-06,0.0,0.0,False,2026-03-21.csv,22.022000000000002,negative,0.40016717546154973,0.7540983606557377,0.850828729281768,0.8032786885245902,0.850828729281768,-36.30000000000291,37.0,0.9810810810811598,0.01891891891884026,down,aligned,1.6483516483517804,-15.25,15.25,below,True,True,4.600000000005821,4.600000000005821,0.5737704918032787,0.6132596685082873,opposed,opposed,0.0,0.0,balanced_or_unknown,False,flat_or_unknown
2026-03-21 08:16:00,2026-03-21,70660.9,70684.9,70651.0,70651.0,15.221,131.649,146.87,-116.428,-0.7927282630898073,70681.52,87234.26,-7.98e-06,0.0,0.0,False,2026-03-21.csv,116.428,negative,0.7927282630898073,0.9836065573770492,0.994475138121547,0.9672131147540983,0.988950276243094,-9.89999999999418,33.89999999999418,0.29203539822996694,0.0,down,aligned,0.08503109217708953,-30.520000000004075,30.520000000004075,below,True,True,29.569999999992433,29.569999999992433,0.9508196721311475,0.9779005524861878,opposed,opposed,0.0,0.0,balanced_or_unknown,False,flat_or_unknown
2026-03-21 08:17:00,2026-03-21,70651.0,70651.1,70640.1,70641.9,12.264,24.69,36.954,-12.426000000000002,-0.3362558856957299,70645.35,87227.86,-7.98e-06,0.0,0.0,False,2026-03-21.csv,12.426000000000002,negative,0.3362558856957299,0.5409836065573771,0.6519337016574586,0.5737704918032787,0.6685082872928176,-9.10000000000582,11.0,0.8272727272732564,0.16363636363530532,down,aligned,0.7323354257207323,-3.4500000000116415,3.4500000000116415,below,True,True,-6.399999999994179,6.399999999994179,0.7540983606557377,0.7624309392265194,aligned,aligned,0.0,0.0,balanced_or_unknown,False,flat_or_unknown
2026-03-21 08:18:00,2026-03-21,70641.9,70642.0,70614.2,70626.7,23.208,40.754,63.962,-17.546,-0.27431912698164534,70622.37,87227.86,-7.91e-06,0.0,0.0,False,2026-03-21.csv,17.546,negative,0.27431912698164534,0.6885245901639344,0.7790055248618785,0.8360655737704918,0.8729281767955801,-15.19999999999709,27.80000000000291,0.5467625899278956,0.4496402877697371,down,aligned,0.8662943120937587,4.330000000001746,4.330000000001746,above,True,True,0.0,0.0,0.01639344262295082,0.0055248618784530384,flat_or_unknown,flat_or_unknown,0.0,0.0,balanced_or_unknown,False,flat_or_unknown
2026-03-21 08:19:00,2026-03-21,70626.7,70626.9,70588.7,70591.3,23.03,52.263,75.293,-29.232999999999997,-0.38825654443308133,70607.59,87224.4,-8.36e-06,0.0,0.0,False,2026-03-21.csv,29.232999999999997,negative,0.38825654443308133,0.7868852459016393,0.8729281767955801,0.8524590163934426,0.9171270718232044,-35.39999999999418,38.19999999999709,0.9267015706805465,0.06806282722528845,down,aligned,1.2109602161938282,-16.289999999993597,16.289999999993597,below,True,True,-3.460000000006403,3.460000000006403,0.45901639344262296,0.5303867403314917,aligned,aligned,0.0,0.0,balanced_or_unknown,False,flat_or_unknown
2026-03-21 08:20:00,2026-03-21,70591.3,70599.9,70538.5,70585.9,67.103,139.833,206.936,-72.73,-0.3514613213747246,70569.38,87229.37,-8.16e-06,0.0,0.021,False,2026-03-21.csv,72.73,negative,0.3514613213747246,0.9508196721311475,0.9723756906077348,0.9836065573770492,0.994475138121547,-5.400000000008731,61.39999999999418,0.0879478827363069,0.7719869706840174,down,aligned,0.07424721572953019,16.519999999989523,16.519999999989523,above,True,True,4.970000000001164,4.970000000001164,0.6229508196721312,0.6685082872928176,opposed,opposed,0.021,-0.021,sell,False,aligned
2026-03-21 08:21:00,2026-03-21,70586.0,70590.0,70564.2,70564.2,21.662,34.911,56.573,-13.249000000000002,-0.23419298958867307,70580.68,87161.49,-8.16e-06,0.0,0.0,False,2026-03-21.csv,13.249000000000002,negative,0.23419298958867307,0.5901639344262295,0.6740331491712708,0.7540983606557377,0.8342541436464088,-21.80000000000291,25.80000000000291,0.844961240310095,0.0,down,aligned,1.6454072005436566,-16.479999999995925,16.479999999995925,below,True,True,-67.8799999999901,67.8799999999901,1.0,1.0,aligned,aligned,0.0,0.0,balanced_or_unknown,False,flat_or_unknown
2026-03-21 08:22:00,2026-03-21,70564.2,70568.4,70550.0,70562.8,39.025,75.99,115.015,-36.964999999999996,-0.32139286180063464,70558.48,87170.37,-8.19e-06,0.0,0.045,False,2026-03-21.csv,36.964999999999996,negative,0.32139286180063464,0.8852459016393442,0.9226519337016574,0.9344262295081968,0.9613259668508287,-1.3999999999941792,18.39999999999418,0.07608695652144686,0.6956521739134217,down,aligned,0.03787366427686134,4.320000000006985,4.320000000006985,above,True,True,8.879999999990105,8.879999999990105,0.7868852459016393,0.8287292817679558,opposed,opposed,0.045,-0.045,sell,False,aligned
2026-03-21 08:23:00,2026-03-21,70562.8,70574.1,70550.0,70550.0,39.234,54.607,93.841,-15.372999999999998,-0.16381965239074603,70560.31,87188.81,-8.17e-06,0.0,0.111,False,2026-03-21.csv,15.372999999999998,negative,0.16381965239074603,0.639344262295082,0.7292817679558011,0.9016393442622951,0.9337016574585635,-12.80000000000291,24.10000000000582,0.5311203319501999,0.0,down,aligned,0.8326286346193269,-10.309999999997672,10.309999999997672,below,True,True,18.44000000000233,18.44000000000233,0.9180327868852459,0.9337016574585635,opposed,opposed,0.111,-0.111,sell,True,aligned
2026-03-21 08:24:00,2026-03-21,70550.0,70550.1,70471.5,70525.3,151.319,262.652,413.971,-111.333,-0.2689391285863019,70509.48,87205.91,-7.72e-06,0.0,0.388,False,2026-03-21.csv,111.333,negative,0.2689391285863019,0.9672131147540983,0.988950276243094,1.0,1.0,-24.69999999999709,78.60000000000582,0.3142493638676242,0.6844783715012586,down,aligned,0.22185695166749383,15.820000000006985,15.820000000006985,above,True,True,17.10000000000582,17.10000000000582,0.9016393442622951,0.9281767955801105,opposed,opposed,0.388,-0.388,sell,True,aligned
2026-03-21 08:25:00,2026-03-21,70525.4,70568.6,70514.2,70555.2,67.483,36.082,103.565,31.401000000000003,0.3032008883309999,70533.89,87242.51,-7.72e-06,0.0,0.0,False,2026-03-21.csv,31.401000000000003,positive,0.3032008883309999,0.7868852459016393,0.8784530386740331,0.9016393442622951,0.9337016574585635,29.80000000000291,54.40000000000873,0.5477941176470243,0.7536764705881144,up,aligned,0.9490143626000098,21.30999999999767,21.30999999999767,above,True,True,36.59999999999127,36.59999999999127,0.9672131147540983,0.9779005524861878,aligned,aligned,0.0,0.0,balanced_or_unknown,False,flat_or_unknown
2026-03-21 08:26:00,2026-03-21,70555.1,70555.2,70471.0,70491.0,47.149,245.418,292.567,-198.269,-0.6776875040588993,70510.88,87232.37,-7.49e-06,0.0,0.045,False,2026-03-21.csv,198.269,negative,0.6776875040588993,1.0,1.0,0.9836065573770492,0.994475138121547,-64.10000000000582,84.19999999999709,0.761282660332637,0.23752969121140963,down,aligned,0.32329814544888924,-19.880000000004657,19.880000000004657,below,True,True,-10.139999999999418,10.139999999999418,0.7540983606557377,0.8287292817679558,aligned,aligned,0.045,-0.045,sell,False,aligned
2026-03-21 08:27:00,2026-03-21,70491.0,70527.7,70485.6,70517.0,43.211,59.622,102.833,-16.411,-0.15958884793791878,70500.08,87307.22,-7.45e-06,0.0,0.0,False,2026-03-21.csv,16.411,negative,0.15958884793791878,0.6229508196721312,0.7458563535911602,0.8852459016393442,0.9226519337016574,26.0,42.09999999999127,0.6175771971497718,0.745843230403817,up,opposed,1.5843032112607396,16.919999999998254,16.919999999998254,above,True,True,74.85000000000582,74.85000000000582,1.0,1.0,opposed,aligned,0.0,0.0,balanced_or_unknown,False,flat_or_unknown
2026-03-21 08:28:00,2026-03-21,70517.0,70529.0,70516.9,70517.3,12.886,9.529,22.415,3.3569999999999993,0.14976578184251615,70521.81,87306.99,-7.45e-06,0.0,0.0,False,2026-03-21.csv,3.3569999999999993,positive,0.14976578184251615,0.13114754098360656,0.20994475138121546,0.2459016393442623,0.4088397790055249,0.3000000000029104,12.10000000000582,0.024793388429980665,0.0330578512403751,up,aligned,0.08936550491596974,-4.509999999994761,4.509999999994761,below,True,True,-0.22999999999592546,0.22999999999592546,0.08196721311475409,0.049723756906077346,opposed,opposed,0.0,0.0,balanced_or_unknown,False,flat_or_unknown
2026-03-21 08:29:00,2026-03-21,70517.4,70517.4,70492.6,70494.2,10.85,35.844,46.694,-24.994,-0.5352721977127682,70503.98,87308.85,-7.67e-06,0.0,0.0,False,2026-03-21.csv,24.994,negative,0.5352721977127682,0.7377049180327869,0.8232044198895028,0.639344262295082,0.7458563535911602,-23.19999999999709,24.79999999998836,0.9354838709680637,0.06451612903193629,down,aligned,0.9282227734655153,-9.779999999998836,9.779999999998836,below,True,True,1.860000000000582,1.860000000000582,0.3114754098360656,0.3259668508287293,opposed,opposed,0.0,0.0,balanced_or_unknown,False,flat_or_unknown
2026-03-21 08:30:00,2026-03-21,70494.1,70494.2,70485.9,70487.4,15.752,28.327,44.079,-12.575000000000001,-0.28528324145284606,70489.59,87320.34,-7.9e-06,0.0,0.0,False,2026-03-21.csv,12.575000000000001,negative,0.28528324145284606,0.5081967213114754,0.6298342541436464,0.6065573770491803,0.7292817679558011,-6.7000000000116415,8.30000000000291,0.8072289156637702,0.1807228915662017,down,aligned,0.5328031809154387,-2.1900000000023283,2.1900000000023283,below,True,True,11.489999999990687,11.489999999990687,0.7540983606557377,0.850828729281768,opposed,opposed,0.0,0.0,balanced_or_unknown,False,flat_or_unknown
2026-03-21 08:31:00,2026-03-21,70487.5,70487.5,70455.6,70462.0,50.478,88.537,139.015,-38.059000000000005,-0.27377621120023027,70467.32,87321.63,-8.48e-06,0.0,2.12,False,2026-03-21.csv,38.059000000000005,negative,0.27377621120023027,0.8688524590163934,0.9171270718232044,0.9344262295081968,0.9668508287292817,-25.5,31.89999999999418,0.7993730407524969,0.20062695924750304,down,aligned,0.6700123492472213,-5.320000000006985,5.320000000006985,below,True,True,1.290000000008149,1.290000000008149,0.21311475409836064,0.23204419889502761,opposed,opposed,2.12,-2.12,sell,True,aligned
2026-03-21 08:32:00,2026-03-21,70461.9,70536.2,70461.9,70519.2,77.967,31.096,109.063,46.870999999999995,0.4297607804663359,70504.28,87319.57,-8.48e-06,0.0,0.0,False,2026-03-21.csv,46.870999999999995,positive,0.4297607804663359,0.8852459016393442,0.9337016574585635,0.8852459016393442,0.9337016574585635,57.30000000000291,74.30000000000291,0.7711978465679766,0.7711978465679766,up,aligned,1.2225043203687336,14.919999999998254,14.919999999998254,above,True,True,-2.0599999999976717,2.0599999999976717,0.36065573770491804,0.35359116022099446,opposed,opposed,0.0,0.0,balanced_or_unknown,False,flat_or_unknown
2026-03-21 08:33:00,2026-03-21,70519.1,70552.3,70510.1,70552.3,39.548,13.844,53.392,25.704,0.48142043751872937,70533.45,87319.73,-8.58e-06,0.0,0.0,False,2026-03-21.csv,25.704,positive,0.48142043751872937,0.7049180327868853,0.8176795580110497,0.639344262295082,0.7955801104972375,33.19999999999709,42.19999999999709,0.7867298578198905,1.0,up,aligned,1.2916277622158843,18.85000000000582,18.85000000000582,above,True,True,0.15999999998894054,0.15999999998894054,0.06557377049180328,0.027624309392265192,aligned,aligned,0.0,0.0,balanced_or_unknown,False,flat_or_unknown
2026-03-21 08:34:00,2026-03-21,70552.3,70552.3,70546.3,70546.3,8.917,16.105,25.022,-7.188000000000001,-0.2872672048597235,70549.4,87308.16,-7.72e-06,0.0,0.0,False,2026-03-21.csv,7.188000000000001,negative,0.2872672048597235,0.29508196721311475,0.39226519337016574,0.29508196721311475,0.4419889502762431,-6.0,6.0,1.0,0.0,down,aligned,0.8347245409015024,-3.099999999991269,3.099999999991269,below,True,True,-11.569999999992433,11.569999999992433,0.7540983606557377,0.856353591160221,aligned,aligned,0.0,0.0,balanced_or_unknown,False,flat_or_unknown
2026-03-21 08:35:00,2026-03-21,70546.3,70595.7,70546.3,70570.9,116.003,44.866,160.869,71.137,0.4422045266645532,70578.33,87304.65,-7.72e-06,0.0,0.0,False,2026-03-21.csv,71.137,positive,0.4422045266645532,0.9344262295081968,0.9613259668508287,0.9508196721311475,0.9723756906077348,24.59999999999127,49.39999999999418,0.4979757085019062,0.4979757085019062,up,aligned,0.3458116029631734,-7.430000000007567,7.430000000007567,below,True,True,-3.5100000000093132,3.5100000000093132,0.4918032786885246,0.5359116022099447,opposed,opposed,0.0,0.0,balanced_or_unknown,False,flat_or_unknown
2026-03-21 08:36:00,2026-03-21,70570.9,70595.7,70570.9,70571.9,39.529,30.839,70.368,8.690000000000005,0.12349363346975906,70586.32,87272.46,-7.44e-06,0.0,0.0,False,2026-03-21.csv,8.690000000000005,positive,0.12349363346975906,0.32786885245901637,0.4861878453038674,0.7213114754098361,0.856353591160221,1.0,24.80000000000291,0.04032258064515656,0.04032258064515656,up,aligned,0.11507479861910236,-14.420000000012806,14.420000000012806,below,True,True,-32.189999999987776,32.189999999987776,0.9508196721311475,0.9668508287292817,opposed,opposed,0.0,0.0,balanced_or_unknown,False,flat_or_unknown
2026-03-21 08:37:00,2026-03-21,70571.9,70595.0,70571.9,70595.0,18.794,4.302,23.096,14.492,0.6274679598198822,70585.09,87289.42,-7.44e-06,0.0,0.0,False,2026-03-21.csv,14.492,positive,0.6274679598198822,0.5573770491803278,0.6961325966850829,0.26229508196721313,0.425414364640884,23.10000000000582,23.10000000000582,1.0,1.0,up,aligned,1.5939828871105313,9.910000000003492,9.910000000003492,above,True,True,16.95999999999185,16.95999999999185,0.8524590163934426,0.9116022099447514,aligned,aligned,0.0,0.0,balanced_or_unknown,False,flat_or_unknown
2026-03-21 08:38:00,2026-03-21,70595.0,70596.8,70567.0,70590.8,21.328,14.226,35.554,7.1019999999999985,0.1997524891714012,70585.49,87289.1,-7.22e-06,0.0,0.0,False,2026-03-21.csv,7.1019999999999985,positive,0.1997524891714012,0.29508196721311475,0.3812154696132597,0.47540983606557374,0.6187845303867403,-4.19999999999709,29.80000000000291,0.14093959731532482,0.798657718120825,down,opposed,0.5913827090956196,5.309999999997672,5.309999999997672,above,True,True,-0.319999999992433,0.319999999992433,0.11475409836065574,0.07734806629834254,opposed,aligned,0.0,0.0,balanced_or_unknown,False,flat_or_unknown
2026-03-21 08:39:00,2026-03-21,70590.9,70590.9,70568.3,70574.5,5.506,29.28,34.786,-23.774,-0.6834358650031622,70577.15,87291.25,-7.22e-06,0.0,0.0,False,2026-03-21.csv,23.774,negative,0.6834358650031622,0.6721311475409836,0.8066298342541437,0.45901639344262296,0.6132596685082873,-16.39999999999418,22.59999999999127,0.7256637168141821,0.27433628318581793,down,aligned,0.6898292252037596,-2.6499999999941792,2.6499999999941792,below,True,True,2.1499999999941792,2.1499999999941792,0.39344262295081966,0.3812154696132597,opposed,opposed,0.0,0.0,balanced_or_unknown,False,flat_or_unknown
2026-03-21 08:40:00,2026-03-21,70574.5,70596.3,70567.4,70575.9,29.833,48.352,78.185,-18.519,-0.2368612905288738,70579.56,87297.87,-7.09e-06,0.0,0.0,False,2026-03-21.csv,18.519,negative,0.2368612905288738,0.6229508196721312,0.7569060773480663,0.7868852459016393,0.8839779005524862,1.3999999999941792,28.90000000000873,0.04844290657417842,0.29411764705873467,up,opposed,0.07559803445078997,-3.6600000000034925,3.6600000000034925,below,True,True,6.619999999995343,6.619999999995343,0.6557377049180327,0.7624309392265194,opposed,aligned,0.0,0.0,balanced_or_unknown,False,flat_or_unknown
2026-03-21 08:41:00,2026-03-21,70575.9,70599.0,70575.8,70582.1,23.038,183.001,206.039,-159.963,-0.7763724343449542,70595.7,87298.6,-6.94e-06,0.0,0.0,False,2026-03-21.csv,159.963,negative,0.7763724343449542,0.9836065573770492,0.994475138121547,0.9508196721311475,0.9779005524861878,6.2000000000116415,23.19999999999709,0.26724137931088016,0.27155172413809053,up,opposed,0.03875896301026888,-13.599999999991269,13.599999999991269,below,True,True,0.7300000000104774,0.7300000000104774,0.16393442622950818,0.15469613259668508,opposed,aligned,0.0,0.0,balanced_or_unknown,False,flat_or_unknown
2026-03-21 08:42:00,2026-03-21,70582.0,70587.8,70582.0,70587.7,7.159,2.559,9.718,4.6,0.47334842560197565,70584.07,87267.74,-6.94e-06,0.0,0.0,False,2026-03-21.csv,4.6,positive,0.47334842560197565,0.16393442622950818,0.287292817679558,0.03278688524590164,0.10497237569060773,5.69999999999709,5.80000000000291,0.9827586206886603,0.9827586206886603,up,aligned,1.239130434781976,3.6299999999901047,3.6299999999901047,above,True,True,-30.860000000000582,30.860000000000582,0.9344262295081968,0.9613259668508287,opposed,opposed,0.0,0.0,balanced_or_unknown,False,flat_or_unknown
2026-03-21 08:43:00,2026-03-21,70587.8,70593.5,70585.1,70593.4,23.07,7.537,30.607,15.533000000000001,0.507498284706113,70587.01,87266.53,-6.53e-06,0.0,0.0,False,2026-03-21.csv,15.533000000000001,positive,0.507498284706113,0.5245901639344263,0.7016574585635359,0.36065573770491804,0.5524861878453039,5.599999999991269,8.39999999999418,0.6666666666660892,0.9880952380945369,up,aligned,0.36052275799853656,6.389999999999418,6.389999999999418,above,True,True,-1.2100000000064028,1.2100000000064028,0.22950819672131148,0.2265193370165746,opposed,opposed,0.0,0.0,balanced_or_unknown,False,flat_or_unknown
2026-03-21 08:44:00,2026-03-21,70593.5,70600.0,70586.0,70600.0,17.502,12.137,29.639,5.364999999999998,0.18101150511150843,70592.23,87263.77,-6.2e-06,0.0,0.0,False,2026-03-21.csv,5.364999999999998,positive,0.18101150511150843,0.18032786885245902,0.2983425414364641,0.3114754098360656,0.5248618784530387,6.5,14.0,0.4642857142857143,1.0,up,aligned,1.2115563839701775,7.7700000000040745,7.7700000000040745,above,True,True,-2.7599999999947613,2.7599999999947613,0.39344262295081966,0.44751381215469616,opposed,opposed,0.0,0.0,balanced_or_unknown,False,flat_or_unknown
2026-03-21 08:45:00,2026-03-21,70599.9,70600.0,70563.2,70573.2,13.489,35.052,48.541,-21.563,-0.44422240992150963,70582.23,87262.23,-5.91e-06,0.0,0.0,False,2026-03-21.csv,21.563,negative,0.44422240992150963,0.6229508196721312,0.7900552486187845,0.5573770491803278,0.7513812154696132,-26.69999999999709,36.80000000000291,0.7255434782607331,0.2717391304347611,down,aligned,1.2382321569353565,-9.029999999998836,9.029999999998836,below,True,True,-1.540000000008149,1.540000000008149,0.2786885245901639,0.287292817679558,aligned,aligned,0.0,0.0,balanced_or_unknown,False,flat_or_unknown
2026-03-21 08:46:00,2026-03-21,70573.3,70606.9,70568.7,70572.0,33.572,141.698,175.27,-108.126,-0.6169110515205112,70600.88,87270.64,-5.91e-06,0.0,0.0,False,2026-03-21.csv,108.126,negative,0.6169110515205112,0.9344262295081968,0.9723756906077348,0.9344262295081968,0.9723756906077348,-1.3000000000029104,38.19999999999709,0.034031413612644223,0.0863874345550566,down,aligned,0.012023010191840171,-28.880000000004657,28.880000000004657,below,True,True,8.410000000003492,8.410000000003492,0.6557377049180327,0.7900552486187845,opposed,opposed,0.0,0.0,balanced_or_unknown,False,flat_or_unknown
2026-03-21 08:47:00,2026-03-21,70572.0,70577.5,70546.4,70550.5,11.24,25.931,37.171,-14.691,-0.39522746226897315,70560.55,87374.71,-5.51e-06,0.0,0.0,False,2026-03-21.csv,14.691,negative,0.39522746226897315,0.47540983606557374,0.6740331491712708,0.45901639344262296,0.6408839779005525,-21.5,31.10000000000582,0.6913183279741472,0.13183279742781523,down,aligned,1.463481042815329,-10.05000000000291,10.05000000000291,below,True,True,104.07000000000698,104.07000000000698,1.0,1.0,opposed,opposed,0.0,0.0,balanced_or_unknown,False,flat_or_unknown
2026-03-21 08:48:00,2026-03-21,70550.5,70550.6,70533.4,70537.1,13.261,16.227,29.488,-2.966000000000001,-0.10058328811720026,70539.96,87377.17,-5.6e-06,0.048,0.002,False,2026-03-21.csv,2.966000000000001,negative,0.10058328811720026,0.08196721311475409,0.1878453038674033,0.2786885245901639,0.5138121546961326,-13.39999999999418,17.20000000001164,0.7790697674409948,0.21511627907029868,down,aligned,4.517869184084347,-2.860000000000582,2.860000000000582,below,True,True,2.459999999991851,2.459999999991851,0.39344262295081966,0.4143646408839779,opposed,opposed,0.05,0.046,buy,False,opposed
2026-03-21 08:49:00,2026-03-21,70537.1,70544.3,70532.3,70532.3,3.654,9.446,13.1,-5.792,-0.44213740458015266,70538.77,87376.5,-5.6e-06,0.0,0.0,False,2026-03-21.csv,5.792,negative,0.44213740458015266,0.18032786885245902,0.30939226519337015,0.08196721311475409,0.19337016574585636,-4.80000000000291,12.0,0.40000000000024255,0.0,down,aligned,0.8287292817684583,-6.470000000001164,6.470000000001164,below,True,True,-0.6699999999982538,0.6699999999982538,0.14754098360655737,0.13812154696132597,aligned,aligned,0.0,0.0,balanced_or_unknown,False,flat_or_unknown
2026-03-21 08:50:00,2026-03-21,70532.3,70550.0,70532.3,70549.9,18.887,4.364,23.251,14.523,0.6246182959872694,70539.98,87377.05,-5.81e-06,0.0,0.0,False,2026-03-21.csv,14.523,positive,0.6246182959872694,0.4918032786885246,0.6685082872928176,0.19672131147540983,0.40331491712707185,17.59999999999127,17.69999999999709,0.9943502824855459,0.9943502824855459,up,aligned,1.2118708255863988,9.919999999998254,9.919999999998254,above,True,True,0.5500000000029104,0.5500000000029104,0.11475409836065574,0.11602209944751381,aligned,aligned,0.0,0.0,balanced_or_unknown,False,flat_or_unknown
2026-03-21 08:51:00,2026-03-21,70549.9,70560.0,70549.2,70549.3,8.024,8.575,16.599,-0.5510000000000002,-0.033194770769323464,70556.73,87375.5,-6.12e-06,0.0,0.0,False,2026-03-21.csv,0.5510000000000002,negative,0.033194770769323464,0.03278688524590164,0.022099447513812154,0.11475409836065574,0.26519337016574585,-0.5999999999912689,10.80000000000291,0.05555555555473214,0.009259259259795724,down,aligned,1.0889292195848796,-7.429999999993015,7.429999999993015,below,True,True,-1.5500000000029104,1.5500000000029104,0.3114754098360656,0.2983425414364641,aligned,aligned,0.0,0.0,balanced_or_unknown,False,flat_or_unknown
2026-03-21 08:52:00,2026-03-21,70549.2,70557.8,70539.6,70557.8,15.916,13.869,29.785,2.0470000000000006,0.06872586872586875,70547.44,87383.65,-5.72e-06,0.0,0.0,False,2026-03-21.csv,2.0470000000000006,positive,0.06872586872586875,0.09836065573770492,0.12154696132596685,0.3442622950819672,0.5193370165745856,8.60000000000582,18.19999999999709,0.4725274725278679,1.0,up,aligned,4.201270151443976,10.360000000000582,10.360000000000582,above,True,True,8.14999999999418,8.14999999999418,0.6721311475409836,0.7845303867403315,aligned,aligned,0.0,0.0,balanced_or_unknown,False,flat_or_unknown
2026-03-21 08:53:00,2026-03-21,70557.8,70566.7,70557.7,70566.7,17.746,4.14,21.886,13.605999999999998,0.6216759572329342,70560.52,87387.65,-5.72e-06,0.0,0.0,False,2026-03-21.csv,13.605999999999998,positive,0.6216759572329342,0.45901639344262296,0.6408839779005525,0.16393442622950818,0.3701657458563536,8.89999999999418,9.0,0.9888888888882421,1.0,up,aligned,0.6541231809491533,6.179999999993015,6.179999999993015,above,True,True,4.0,4.0,0.5081967213114754,0.574585635359116,aligned,aligned,0.0,0.0,balanced_or_unknown,False,flat_or_unknown
2026-03-21 08:54:00,2026-03-21,70566.7,70566.7,70539.0,70546.0,8.007,17.103,25.11,-9.096000000000002,-0.36224611708482685,70552.4,87394.93,-5.28e-06,0.0,0.0,False,2026-03-21.csv,9.096000000000002,negative,0.36224611708482685,0.32786885245901637,0.48066298342541436,0.26229508196721313,0.43646408839779005,-20.69999999999709,27.69999999999709,0.7472924187725366,0.2527075812274634,down,aligned,2.2757255936672256,-6.399999999994179,6.399999999994179,below,True,True,7.279999999998836,7.279999999998836,0.6721311475409836,0.7679558011049724,opposed,opposed,0.0,0.0,balanced_or_unknown,False,flat_or_unknown
2026-03-21 08:55:00,2026-03-21,70546.1,70554.8,70546.1,70553.0,3.271,9.152,12.423,-5.880999999999999,-0.4733961200998148,70553.06,87403.37,-4.61e-06,0.0,0.0,False,2026-03-21.csv,5.880999999999999,negative,0.4733961200998148,0.21311475409836064,0.32044198895027626,0.06557377049180328,0.1712707182320442,6.899999999994179,8.69999999999709,0.7931034482754583,0.7931034482754583,up,opposed,1.1732698520649856,-0.059999999997671694,0.059999999997671694,below,True,True,8.440000000002328,8.440000000002328,0.7049180327868853,0.7955801104972375,opposed,aligned,0.0,0.0,balanced_or_unknown,False,flat_or_unknown
2026-03-21 08:56:00,2026-03-21,70553.0,70553.1,70553.0,70553.1,1.883,2.944,4.827,-1.061,-0.21980526206753676,70553.04,87404.46,-4.61e-06,0.0,0.0,False,2026-03-21.csv,1.061,negative,0.21980526206753676,0.04918032786885246,0.0718232044198895,0.01639344262295082,0.011049723756906077,0.10000000000582077,0.10000000000582077,1.0,1.0,up,opposed,0.09425070688578772,0.06000000001222361,0.06000000001222361,above,True,True,1.0900000000110595,1.0900000000110595,0.19672131147540983,0.18232044198895028,opposed,aligned,0.0,0.0,balanced_or_unknown,False,flat_or_unknown
2026-03-21 08:57:00,2026-03-21,70553.1,70574.3,70553.0,70563.3,16.473,7.872,24.345,8.600999999999999,0.3532963647566235,70566.39,87401.32,-4.08e-06,0.0,0.0,False,2026-03-21.csv,8.600999999999999,positive,0.3532963647566235,0.3114754098360656,0.4585635359116022,0.2459016393442623,0.40331491712707185,10.19999999999709,21.30000000000291,0.47887323943641763,0.48356807511744143,up,aligned,1.1859086152769551,-3.0899999999965075,3.0899999999965075,below,True,True,-3.139999999999418,3.139999999999418,0.4262295081967213,0.49171270718232046,opposed,opposed,0.0,0.0,balanced_or_unknown,False,flat_or_unknown
2026-03-21 08:58:00,2026-03-21,70563.7,70572.2,70562.4,70562.7,12.117,7.101,19.218,5.016000000000001,0.2610053075241961,70566.94,87408.82,-3.41e-06,0.0,0.0,False,2026-03-21.csv,5.016000000000001,positive,0.2610053075241961,0.16393442622950818,0.287292817679558,0.14754098360655737,0.30386740331491713,-1.0,9.80000000000291,0.1020408163265003,0.03061224489824707,down,opposed,0.1993620414673046,-4.240000000005239,4.240000000005239,below,True,True,7.5,7.5,0.6557377049180327,0.7679558011049724,aligned,opposed,0.0,0.0,balanced_or_unknown,False,flat_or_unknown
2026-03-21 08:59:00,2026-03-21,70562.6,70563.4,70562.6,70563.4,3.206,7.083,10.289,-3.8770000000000002,-0.37681018563514435,70563.08,87414.45,-3.41e-06,0.0,0.0,False,2026-03-21.csv,3.8770000000000002,negative,0.37681018563514435,0.11475409836065574,0.23204419889502761,0.04918032786885246,0.12154696132596685,0.7999999999883585,0.7999999999883585,1.0,1.0,up,opposed,0.20634511219715204,0.319999999992433,0.319999999992433,above,True,True,5.629999999990105,5.629999999990105,0.5737704918032787,0.6740331491712708,opposed,aligned,0.0,0.0,balanced_or_unknown,False,flat_or_unknown
2026-03-21 09:00:00,2026-03-21,70563.3,70563.4,70563.3,70563.4,3.981,9.06,13.041,-5.079000000000001,-0.3894639981596504,70563.33,87415.43,-3.02e-06,0.0,0.0,False,2026-03-21.csv,5.079000000000001,negative,0.3894639981596504,0.18032786885245902,0.287292817679558,0.08196721311475409,0.1878453038674033,0.09999999999126885,0.09999999999126885,1.0,1.0,up,opposed,0.019688915139056674,0.069999999992433,0.069999999992433,above,True,True,0.9799999999959255,0.9799999999959255,0.19672131147540983,0.1712707182320442,opposed,aligned,0.0,0.0,balanced_or_unknown,False,flat_or_unknown
2026-03-21 09:01:00,2026-03-21,70563.3,70588.0,70537.7,70587.9,19.678,14.614,34.292,5.064,0.1476729266301178,70559.95,87425.96,-2.78e-06,0.0,0.0,False,2026-03-21.csv,5.064,positive,0.1476729266301178,0.18032786885245902,0.287292817679558,0.4426229508196721,0.6022099447513812,24.59999999999127,50.30000000000291,0.48906560636162716,0.9980119284293079,up,aligned,4.857819905211546,27.94999999999709,27.94999999999709,above,True,True,10.530000000013388,10.530000000013388,0.7377049180327869,0.8232044198895028,aligned,aligned,0.0,0.0,balanced_or_unknown,False,flat_or_unknown
2026-03-21 09:02:00,2026-03-21,70588.0,70614.5,70587.9,70613.0,26.401,4.025,30.426,22.375999999999998,0.7354236508249523,70599.08,87425.87,-2.29e-06,0.0,0.0,False,2026-03-21.csv,22.375999999999998,positive,0.7354236508249523,0.7049180327868853,0.8011049723756906,0.4098360655737705,0.5524861878453039,25.0,26.60000000000582,0.9398496240599448,0.9436090225564033,up,aligned,1.1172685019663926,13.919999999998254,13.919999999998254,above,True,True,-0.09000000001105946,0.09000000001105946,0.03278688524590164,0.027624309392265192,opposed,opposed,0.0,0.0,balanced_or_unknown,False,flat_or_unknown
2026-03-21 09:03:00,2026-03-21,70612.9,70621.0,70593.5,70614.0,21.041,18.639,39.68,2.402000000000001,0.06053427419354841,70610.45,87426.18,-2.29e-06,0.0,0.0,False,2026-03-21.csv,2.402000000000001,positive,0.06053427419354841,0.06557377049180328,0.14917127071823205,0.5573770491803278,0.6795580110497238,1.1000000000058208,27.5,0.040000000000211665,0.7454545454545455,up,aligned,0.4579517069133307,3.5500000000029104,3.5500000000029104,above,True,True,0.3099999999976717,0.3099999999976717,0.09836065573770492,0.06077348066298342,aligned,aligned,0.0,0.0,balanced_or_unknown,False,flat_or_unknown
2026-03-21 09:04:00,2026-03-21,70613.9,70628.7,70613.9,70622.0,17.566,8.654,26.22,8.911999999999999,0.3398932112890923,70624.15,87428.83,-1.01e-06,0.03,0.0,False,2026-03-21.csv,8.911999999999999,positive,0.3398932112890923,0.3770491803278688,0.48066298342541436,0.32786885245901637,0.46408839779005523,8.10000000000582,14.80000000000291,0.5472972972975829,0.5472972972975829,up,aligned,0.9088868940760572,-2.1499999999941792,2.1499999999941792,below,True,True,2.650000000008731,2.650000000008731,0.3770491803278688,0.4198895027624309,aligned,aligned,0.03,0.03,buy,False,aligned
2026-03-21 09:05:00,2026-03-21,70622.0,70671.6,70622.0,70651.4,57.435,16.77,74.205,40.665000000000006,0.5480088942793613,70648.25,87431.32,2.1e-07,0.006,0.0,False,2026-03-21.csv,40.665000000000006,positive,0.5480088942793613,0.8360655737704918,0.9116022099447514,0.7213114754098361,0.850828729281768,29.39999999999418,49.60000000000582,0.592741935483684,0.592741935483684,up,aligned,0.7229804500183001,3.1499999999941792,3.1499999999941792,above,True,True,2.4900000000052387,2.4900000000052387,0.3770491803278688,0.40331491712707185,aligned,aligned,0.006,0.006,buy,False,aligned
2026-03-21 09:06:00,2026-03-21,70651.5,70671.7,70627.8,70671.7,30.391,25.275,55.666,5.116,0.09190529227894945,70648.99,87426.59,2.1e-07,0.0,0.0,False,2026-03-21.csv,5.116,positive,0.09190529227894945,0.22950819672131148,0.2983425414364641,0.6557377049180327,0.7900552486187845,20.19999999999709,43.89999999999418,0.4601366742596758,1.0,up,aligned,3.948397185300448,22.70999999999185,22.70999999999185,above,True,True,-4.730000000010477,4.730000000010477,0.5409836065573771,0.585635359116022,opposed,opposed,0.0,0.0,balanced_or_unknown,False,flat_or_unknown
2026-03-21 09:07:00,2026-03-21,70671.7,70696.0,70671.7,70676.9,33.928,24.559,58.487,9.368999999999996,0.16018944380802563,70681.34,87430.91,1.28e-06,0.0,0.0,False,2026-03-21.csv,9.368999999999996,positive,0.16018944380802563,0.39344262295081966,0.5082872928176796,0.6721311475409836,0.8121546961325967,5.19999999999709,24.30000000000291,0.21399176954717972,0.21399176954717972,up,aligned,0.5550218806699853,-4.440000000002328,4.440000000002328,below,True,True,4.320000000006985,4.320000000006985,0.4918032786885246,0.5580110497237569,aligned,aligned,0.0,0.0,balanced_or_unknown,False,flat_or_unknown
2026-03-21 09:08:00,2026-03-21,70676.5,70700.0,70671.7,70699.9,102.828,12.328,115.156,90.5,0.7858904442669075,70690.13,87441.62,2.31e-06,0.0,0.0,False,2026-03-21.csv,90.5,positive,0.7858904442669075,0.9180327868852459,0.9668508287292817,0.8688524590163934,0.9337016574585635,23.39999999999418,28.30000000000291,0.826855123674621,0.996466431095201,up,aligned,0.2585635359115379,9.769999999989523,9.769999999989523,above,True,True,10.709999999991851,10.709999999991851,0.7540983606557377,0.8342541436464088,aligned,aligned,0.0,0.0,balanced_or_unknown,False,flat_or_unknown
2026-03-21 09:09:00,2026-03-21,70699.9,70711.5,70664.3,70664.3,24.159,24.155,48.314,0.003999999999997783,8.279173738456313e-05,70696.81,87408.65,3.32e-06,0.009,0.0,False,2026-03-21.csv,0.003999999999997783,positive,8.279173738456313e-05,0.01639344262295082,0.0055248618784530384,0.5573770491803278,0.7292817679558011,-35.59999999999127,47.19999999999709,0.7542372881354548,0.0,down,opposed,8900.00000000275,-32.50999999999476,32.50999999999476,below,True,True,-32.970000000001164,32.970000000001164,0.9344262295081968,0.9613259668508287,opposed,aligned,0.009,0.009,buy,False,aligned
2026-03-21 09:10:00,2026-03-21,70664.3,70697.4,70664.3,70679.2,61.127,22.892,84.019,38.235,0.4550756376533879,70681.94,87404.92,3.32e-06,0.0,0.0,False,2026-03-21.csv,38.235,positive,0.4550756376533879,0.8032786885245902,0.8950276243093923,0.7540983606557377,0.8839779005524862,14.89999999999418,33.09999999999127,0.4501510574017556,0.4501510574017556,up,aligned,0.38969530534835045,-2.7400000000052387,2.7400000000052387,below,True,True,-3.7299999999959255,3.7299999999959255,0.45901639344262296,0.5138121546961326,opposed,opposed,0.0,0.0,balanced_or_unknown,False,flat_or_unknown
2026-03-21 09:11:00,2026-03-21,70679.2,70679.2,70650.1,70650.1,7.817,54.35,62.167,-46.533,-0.7485160937474866,70654.53,87397.38,3.6e-06,0.0,0.0,False,2026-03-21.csv,46.533,negative,0.7485160937474866,0.8360655737704918,0.9116022099447514,0.6557377049180327,0.8066298342541437,-29.09999999999127,29.09999999999127,1.0,0.0,down,aligned,0.6253626458640378,-4.429999999993015,4.429999999993015,below,True,True,-7.539999999993597,7.539999999993597,0.639344262295082,0.7513812154696132,aligned,aligned,0.0,0.0,balanced_or_unknown,False,flat_or_unknown
2026-03-21 09:12:00,2026-03-21,70650.2,70664.4,70644.3,70664.3,11.839,108.548,120.387,-96.709,-0.8033176339638001,70651.32,87482.32,3.51e-06,0.0,0.0,False,2026-03-21.csv,96.709,negative,0.8033176339638001,0.9180327868852459,0.9668508287292817,0.8688524590163934,0.9392265193370166,14.10000000000582,20.09999999999127,0.7014925373140272,0.9950248756223228,up,opposed,0.14579821940052964,12.979999999995925,12.979999999995925,above,True,True,84.94000000000233,84.94000000000233,0.9836065573770492,0.994475138121547,opposed,aligned,0.0,0.0,balanced_or_unknown,False,flat_or_unknown
2026-03-21 09:13:00,2026-03-21,70664.3,70664.4,70647.5,70660.2,12.706,3.612,16.318,9.094,0.557298688564775,70654.74,87482.69,3.51e-06,0.0,0.0,False,2026-03-21.csv,9.094,positive,0.557298688564775,0.36065573770491804,0.4585635359116022,0.11475409836065574,0.2265193370165746,-4.100000000005821,16.89999999999418,0.24260355029628597,0.7514792899409151,down,opposed,0.45084671211852,5.459999999991851,5.459999999991851,above,True,True,0.3699999999953434,0.3699999999953434,0.11475409836065574,0.08839779005524862,aligned,opposed,0.0,0.0,balanced_or_unknown,False,flat_or_unknown
2026-03-21 09:14:00,2026-03-21,70660.2,70673.5,70660.2,70673.5,14.795,2.244,17.039,12.551,0.736604260813428,70664.74,87481.75,3.88e-06,0.0,0.0,False,2026-03-21.csv,12.551,positive,0.736604260813428,0.4262295081967213,0.580110497237569,0.14754098360655737,0.2430939226519337,13.30000000000291,13.30000000000291,1.0,1.0,up,aligned,1.059676519799451,8.759999999994761,8.759999999994761,above,True,True,-0.9400000000023283,0.9400000000023283,0.18032786885245902,0.18232044198895028,opposed,opposed,0.0,0.0,balanced_or_unknown,False,flat_or_unknown
2026-03-21 09:15:00,2026-03-21,70673.6,70696.1,70673.6,70691.8,18.269,8.525,26.794,9.743999999999998,0.3636635067552436,70691.3,87479.15,4.48e-06,0.0,0.0,False,2026-03-21.csv,9.743999999999998,positive,0.3636635067552436,0.4098360655737705,0.4861878453038674,0.3114754098360656,0.4419889502762431,18.19999999999709,22.5,0.8088888888887595,0.8088888888887595,up,aligned,1.8678160919537248,0.5,0.5,above,True,True,-2.6000000000058208,2.6000000000058208,0.3770491803278688,0.39779005524861877,opposed,opposed,0.0,0.0,balanced_or_unknown,False,flat_or_unknown
2026-03-21 09:16:00,2026-03-21,70691.8,70695.3,70684.0,70684.0,11.996,14.801,26.797,-2.8049999999999997,-0.10467589655558457,70691.19,87485.78,5.62e-06,0.0,0.0,False,2026-03-21.csv,2.8049999999999997,negative,0.10467589655558457,0.09836065573770492,0.16022099447513813,0.32786885245901637,0.4419889502762431,-7.80000000000291,11.30000000000291,0.6902654867257435,0.0,down,aligned,2.780748663102642,-7.190000000002328,7.190000000002328,below,True,True,6.630000000004657,6.630000000004657,0.6065573770491803,0.712707182320442,opposed,opposed,0.0,0.0,balanced_or_unknown,False,flat_or_unknown
2026-03-21 09:17:00,2026-03-21,70684.0,70684.1,70666.0,70666.1,11.294,14.322,25.616,-3.0279999999999987,-0.11820737039350401,70670.22,87488.6,5.62e-06,0.0,0.0,False,2026-03-21.csv,3.0279999999999987,negative,0.11820737039350401,0.13114754098360656,0.17679558011049723,0.29508196721311475,0.425414364640884,-17.89999999999418,18.10000000000582,0.9889502762424544,0.005524861878772851,down,aligned,5.911492734476283,-4.119999999995343,4.119999999995343,below,True,True,2.820000000006985,2.820000000006985,0.4262295081967213,0.4198895027624309,opposed,opposed,0.0,0.0,balanced_or_unknown,False,flat_or_unknown
2026-03-21 09:18:00,2026-03-21,70666.1,70666.2,70650.2,70650.2,2.24,21.392,23.632,-19.152,-0.8104265402843602,70661.0,87487.0,6.52e-06,0.0,0.0,False,2026-03-21.csv,19.152,negative,0.8104265402843602,0.6557377049180327,0.7458563535911602,0.2459016393442623,0.36464088397790057,-15.900000000008731,16.0,0.9937500000005457,0.0,down,aligned,0.8302005012535887,-10.80000000000291,10.80000000000291,below,True,True,-1.6000000000058208,1.6000000000058208,0.29508196721311475,0.281767955801105,aligned,aligned,0.0,0.0,balanced_or_unknown,False,flat_or_unknown
2026-03-21 09:19:00,2026-03-21,70650.2,70656.4,70636.7,70649.3,16.792,37.137,53.929,-20.345,-0.3772552800904893,70647.87,87489.32,6.72e-06,0.0,0.0,False,2026-03-21.csv,20.345,negative,0.3772552800904893,0.6557377049180327,0.7458563535911602,0.6229508196721312,0.7458563535911602,-0.8999999999941792,19.69999999999709,0.04568527918752854,0.6395939086298316,down,aligned,0.04423691324621181,1.430000000007567,1.430000000007567,above,True,True,2.320000000006985,2.320000000006985,0.3442622950819672,0.34806629834254144,opposed,opposed,0.0,0.0,balanced_or_unknown,False,flat_or_unknown
2026-03-21 09:20:00,2026-03-21,70649.3,70649.4,70625.1,70625.2,1.913,9.901,11.814,-7.9879999999999995,-0.6761469443033689,70633.25,87493.49,6.72e-06,0.0,0.0,False,2026-03-21.csv,7.9879999999999995,negative,0.6761469443033689,0.3442622950819672,0.39779005524861877,0.06557377049180328,0.1270718232044199,-24.10000000000582,24.29999999998836,0.9917695473258176,0.004115226337091224,down,aligned,3.01702553830819,-8.05000000000291,8.05000000000291,below,True,True,4.169999999998254,4.169999999998254,0.5245901639344263,0.5359116022099447,opposed,opposed,0.0,0.0,balanced_or_unknown,False,flat_or_unknown
2026-03-21 09:21:00,2026-03-21,70625.1,70642.5,70618.9,70619.3,20.358,24.361,44.719,-4.003,-0.08951452402781815,70626.64,87489.27,6.96e-06,0.0,0.0,False,2026-03-21.csv,4.003,negative,0.08951452402781815,0.18032786885245902,0.22099447513812154,0.5737704918032787,0.6961325966850829,-5.80000000000291,23.60000000000582,0.2457627118644695,0.016949152542738665,down,aligned,1.4489133150144666,-7.3399999999965075,7.3399999999965075,below,True,True,-4.220000000001164,4.220000000001164,0.5409836065573771,0.5414364640883977,aligned,aligned,0.0,0.0,balanced_or_unknown,False,flat_or_unknown
2026-03-21 09:22:00,2026-03-21,70619.4,70625.2,70608.2,70625.1,13.289,16.245,29.534,-2.9560000000000013,-0.10008803413015513,70614.52,87488.77,7.04e-06,0.0,0.0,False,2026-03-21.csv,2.9560000000000013,negative,0.10008803413015513,0.11475409836065574,0.1712707182320442,0.4098360655737705,0.4972375690607735,5.7000000000116415,17.0,0.33529411764774364,0.9941176470593371,up,opposed,1.9282814614383081,10.580000000001746,10.580000000001746,above,True,True,-0.5,0.5,0.11475409836065574,0.10497237569060773,aligned,opposed,0.0,0.0,balanced_or_unknown,False,flat_or_unknown
2026-03-21 09:23:00,2026-03-21,70625.2,70625.2,70608.2,70613.7,14.566,22.738,37.304,-8.171999999999999,-0.21906497962684962,70613.78,87480.42,6.8e-06,0.0,0.004,False,2026-03-21.csv,8.171999999999999,negative,0.21906497962684962,0.39344262295081966,0.4088397790055249,0.5573770491803278,0.6132596685082873,-11.5,17.0,0.6764705882352942,0.3235294117647059,down,aligned,1.4072442486539405,-0.08000000000174623,0.08000000000174623,below,True,True,-8.35000000000582,8.35000000000582,0.7213114754098361,0.7624309392265194,aligned,aligned,0.004,-0.004,sell,False,aligned
2026-03-21 09:24:00,2026-03-21,70613.7,70622.9,70608.3,70608.3,14.486,43.065,57.551,-28.578999999999997,-0.4965856370871053,70616.48,87444.39,6.8e-06,0.0,0.0,False,2026-03-21.csv,28.578999999999997,negative,0.4965856370871053,0.7868852459016393,0.8176795580110497,0.7213114754098361,0.7845303867403315,-5.399999999994179,14.599999999991269,0.36986301369845265,0.0,down,aligned,0.18894992826880505,-8.179999999993015,8.179999999993015,below,True,True,-36.029999999998836,36.029999999998836,0.9344262295081968,0.9558011049723757,aligned,aligned,0.0,0.0,balanced_or_unknown,False,flat_or_unknown
2026-03-21 09:25:00,2026-03-21,70609.6,70612.0,70608.2,70608.3,7.608,7.072,14.68,0.5359999999999996,0.03651226158038144,70610.41,87449.21,6.76e-06,0.0,0.0,False,2026-03-21.csv,0.5359999999999996,positive,0.03651226158038144,0.03278688524590164,0.027624309392265192,0.13114754098360656,0.1878453038674033,-1.3000000000029104,3.8000000000029104,0.3421052631583986,0.026315789475195837,down,opposed,2.42537313433379,-2.110000000000582,2.110000000000582,below,True,True,4.820000000006985,4.820000000006985,0.6065573770491803,0.585635359116022,aligned,opposed,0.0,0.0,balanced_or_unknown,False,flat_or_unknown
2026-03-21 09:26:00,2026-03-21,70608.3,70611.5,70599.9,70611.4,15.777,29.963,45.74,-14.186000000000002,-0.310144293834718,70605.12,87450.16,6.69e-06,0.0,0.0,False,2026-03-21.csv,14.186000000000002,negative,0.310144293834718,0.5901639344262295,0.6464088397790055,0.639344262295082,0.6906077348066298,3.099999999991269,11.60000000000582,0.267241379309458,0.9913793103443301,up,opposed,0.21852530663973413,6.279999999998836,6.279999999998836,above,True,True,0.9499999999970896,0.9499999999970896,0.19672131147540983,0.18232044198895028,opposed,aligned,0.0,0.0,balanced_or_unknown,False,flat_or_unknown
2026-03-21 09:27:00,2026-03-21,70611.5,70611.5,70608.1,70608.1,4.074,9.305,13.379,-5.231,-0.390985873383661,70611.4,87442.2,6.69e-06,0.0,0.0,False,2026-03-21.csv,5.231,negative,0.390985873383661,0.3114754098360656,0.292817679558011,0.13114754098360656,0.1712707182320442,-3.3999999999941792,3.3999999999941792,1.0,0.0,down,aligned,0.6499713247933816,-3.2999999999883585,3.2999999999883585,below,True,True,-7.960000000006403,7.960000000006403,0.7377049180327869,0.7513812154696132,aligned,aligned,0.0,0.0,balanced_or_unknown,False,flat_or_unknown
2026-03-21 09:28:00,2026-03-21,70608.2,70608.2,70555.3,70555.3,38.497,51.726,90.223,-13.229,-0.14662558327699143,70579.42,87437.5,6.85e-06,0.0,0.0,False,2026-03-21.csv,13.229,negative,0.14662558327699143,0.5901639344262295,0.6132596685082873,0.8852459016393442,0.8950276243093923,-52.89999999999418,52.89999999999418,1.0,0.0,down,aligned,3.99879053594332,-24.119999999995343,24.119999999995343,below,True,True,-4.69999999999709,4.69999999999709,0.6065573770491803,0.580110497237569,aligned,aligned,0.0,0.0,balanced_or_unknown,False,flat_or_unknown
2026-03-21 09:29:00,2026-03-21,70555.3,70566.2,70549.9,70555.2,37.523,55.475,92.998,-17.951999999999998,-0.19303640938514804,70555.36,87405.21,7.16e-06,0.0,0.0,False,2026-03-21.csv,17.951999999999998,negative,0.19303640938514804,0.6885245901639344,0.7292817679558011,0.8852459016393442,0.8950276243093923,-0.10000000000582077,16.30000000000291,0.006134969325509381,0.3251533742332493,down,aligned,0.0055704099824989296,-0.16000000000349246,0.16000000000349246,below,True,True,-32.2899999999936,32.2899999999936,0.9344262295081968,0.9502762430939227,aligned,aligned,0.0,0.0,balanced_or_unknown,False,flat_or_unknown
2026-03-21 09:30:00,2026-03-21,70555.2,70555.3,70545.8,70550.1,8.899,28.05,36.949,-19.151000000000003,-0.518309020541828,70551.36,87383.75,6.48e-06,0.0,0.0,False,2026-03-21.csv,19.151000000000003,negative,0.518309020541828,0.7213114754098361,0.7403314917127072,0.5573770491803278,0.580110497237569,-5.099999999991269,9.5,0.5368421052622389,0.45263157894767475,down,aligned,0.26630463161147033,-1.2599999999947613,1.2599999999947613,below,True,True,-21.460000000006403,21.460000000006403,0.8852459016393442,0.9060773480662984,aligned,aligned,0.0,0.0,balanced_or_unknown,False,flat_or_unknown
2026-03-21 09:31:00,2026-03-21,70550.1,70554.4,70539.7,70554.3,12.114,18.664,30.778,-6.550000000000001,-0.21281434791084544,70546.54,87381.53,6.48e-06,0.0,0.0,False,2026-03-21.csv,6.550000000000001,negative,0.21281434791084544,0.36065573770491804,0.3425414364640884,0.5081967213114754,0.5248618784530387,4.19999999999709,14.69999999999709,0.2857142857141443,0.9931972789121573,up,opposed,0.6412213740453572,7.760000000009313,7.760000000009313,above,True,True,-2.220000000001164,2.220000000001164,0.3442622950819672,0.35359116022099446,aligned,opposed,0.0,0.0,balanced_or_unknown,False,flat_or_unknown
2026-03-21 09:32:00,2026-03-21,70554.4,70560.6,70554.3,70560.5,8.877,4.536,13.413,4.341000000000001,0.3236412435696713,70556.58,87380.55,6e-06,0.0,0.707,False,2026-03-21.csv,4.341000000000001,positive,0.3236412435696713,0.21311475409836064,0.24861878453038674,0.14754098360655737,0.17679558011049723,6.100000000005821,6.30000000000291,0.9682539682544449,0.9841269841260676,up,aligned,1.405206173694038,3.9199999999982538,3.9199999999982538,above,True,True,-0.9799999999959255,0.9799999999959255,0.21311475409836064,0.19337016574585636,opposed,opposed,0.707,-0.707,sell,True,opposed
2026-03-21 09:33:00,2026-03-21,70560.6,70567.0,70560.5,70563.6,12.603,23.179,35.782,-10.575999999999999,-0.2955676038231513,70564.35,87372.06,5.82e-06,0.0,0.0,False,2026-03-21.csv,10.575999999999999,negative,0.2955676038231513,0.5737704918032787,0.5303867403314917,0.5901639344262295,0.574585635359116,3.0,6.5,0.46153846153846156,0.4769230769239724,up,opposed,0.2836611195158851,-0.75,0.75,below,True,True,-8.490000000005239,8.490000000005239,0.8032786885245902,0.7790055248618785,aligned,opposed,0.0,0.0,balanced_or_unknown,False,flat_or_unknown
2026-03-21 09:34:00,2026-03-21,70563.7,70584.6,70563.6,70580.6,28.465,12.853,41.318,15.612,0.3778498475240815,70577.31,87347.38,5.82e-06,0.003,0.0,False,2026-03-21.csv,15.612,positive,0.3778498475240815,0.7213114754098361,0.6795580110497238,0.6721311475409836,0.6574585635359116,16.90000000000873,21.0,0.8047619047623206,0.8095238095238095,up,aligned,1.0825006405334827,3.290000000008149,3.290000000008149,above,True,True,-24.679999999993015,24.679999999993015,0.8852459016393442,0.9060773480662984,opposed,opposed,0.003,0.003,buy,False,aligned
2026-03-21 09:35:00,2026-03-21,70580.6,70595.3,70577.2,70595.3,9.671,2.348,12.019,7.3229999999999995,0.6092852982777269,70580.86,87347.36,5.94e-06,0.0,0.0,False,2026-03-21.csv,7.3229999999999995,positive,0.6092852982777269,0.4098360655737705,0.3701657458563536,0.08196721311475409,0.12154696132596685,14.69999999999709,18.10000000000582,0.8121546961321747,1.0,up,aligned,2.007374027037702,14.440000000002328,14.440000000002328,above,True,True,-0.020000000004074536,0.020000000004074536,0.01639344262295082,0.011049723756906077,opposed,opposed,0.0,0.0,balanced_or_unknown,False,flat_or_unknown
2026-03-21 09:36:00,2026-03-21,70595.3,70596.2,70580.3,70580.4,10.163,22.942,33.105,-12.779,-0.38601419725117053,70589.73,87347.37,6.12e-06,0.0,0.0,False,2026-03-21.csv,12.779,negative,0.38601419725117053,0.6065573770491803,0.585635359116022,0.5409836065573771,0.5359116022099447,-14.900000000008731,15.89999999999418,0.9371069182398859,0.006289308175553803,down,aligned,1.165975428437963,-9.330000000001746,9.330000000001746,below,True,True,0.00999999999476131,0.00999999999476131,0.01639344262295082,0.011049723756906077,opposed,opposed,0.0,0.0,balanced_or_unknown,False,flat_or_unknown
2026-03-21 09:37:00,2026-03-21,70580.4,70581.6,70562.6,70572.4,8.389,22.514,30.903,-14.125,-0.45707536485130895,70570.79,87330.97,6.59e-06,0.0,0.0,False,2026-03-21.csv,14.125,negative,0.45707536485130895,0.639344262295082,0.6408839779005525,0.5409836065573771,0.5248618784530387,-8.0,19.0,0.42105263157894735,0.5157894736835978,down,aligned,0.5663716814159292,1.610000000000582,1.610000000000582,above,True,True,-16.39999999999418,16.39999999999418,0.8524590163934426,0.861878453038674,aligned,aligned,0.0,0.0,balanced_or_unknown,False,flat_or_unknown
2026-03-21 09:38:00,2026-03-21,70572.5,70591.9,70572.4,70591.9,4.372,2.282,6.654,2.09,0.31409678388938983,70575.89,87336.34,6.59e-06,0.0,0.0,False,2026-03-21.csv,2.09,positive,0.31409678388938983,0.09836065573770492,0.11602209944751381,0.03278688524590164,0.016574585635359115,19.39999999999418,19.5,0.9948717948714964,1.0,up,aligned,9.282296650714919,16.00999999999476,16.00999999999476,above,True,True,5.369999999995343,5.369999999995343,0.6229508196721312,0.6298342541436464,aligned,aligned,0.0,0.0,balanced_or_unknown,False,flat_or_unknown
2026-03-21 09:39:00,2026-03-21,70592.0,70634.8,70591.9,70622.3,75.13,11.366,86.496,63.763999999999996,0.737190159082501,70620.84,87351.51,6.46e-06,0.0,0.0,False,2026-03-21.csv,63.763999999999996,positive,0.737190159082501,0.9344262295081968,0.9392265193370166,0.9016393442622951,0.8839779005524862,30.30000000000291,42.90000000000873,0.7062937062936304,0.7086247086247679,up,aligned,0.47518976224833626,1.4600000000064028,1.4600000000064028,above,True,True,15.169999999998254,15.169999999998254,0.8524590163934426,0.856353591160221,aligned,aligned,0.0,0.0,balanced_or_unknown,False,flat_or_unknown
2026-03-21 09:40:00,2026-03-21,70622.3,70650.0,70614.6,70650.0,21.885,6.999,28.884,14.886000000000003,0.5153718321562112,70631.09,87356.49,6.83e-06,0.0,0.0,False,2026-03-21.csv,14.886000000000003,positive,0.5153718321562112,0.7049180327868853,0.6629834254143646,0.4262295081967213,0.4530386740331492,27.69999999999709,35.39999999999418,0.7824858757062612,1.0,up,aligned,1.8608088136502139,18.910000000003492,18.910000000003492,above,True,True,4.980000000010477,4.980000000010477,0.5901639344262295,0.6022099447513812,aligned,aligned,0.0,0.0,balanced_or_unknown,False,flat_or_unknown
2026-03-21 09:41:00,2026-03-21,70650.0,70666.2,70619.6,70652.5,20.481,30.396,50.877,-9.915,-0.1948817736894864,70645.74,87347.18,6.83e-06,0.0,0.0,False,2026-03-21.csv,9.915,negative,0.1948817736894864,0.5573770491803278,0.4861878453038674,0.7704918032786885,0.7237569060773481,2.5,46.59999999999127,0.053648068669537946,0.7060085836909945,up,opposed,0.2521432173474534,6.759999999994761,6.759999999994761,above,True,True,-9.310000000012224,9.310000000012224,0.8032786885245902,0.7790055248618785,aligned,opposed,0.0,0.0,balanced_or_unknown,False,flat_or_unknown
2026-03-21 09:42:00,2026-03-21,70652.6,70662.8,70652.5,70655.8,15.27,10.486,25.756,4.783999999999999,0.18574312781487803,70657.7,87332.92,7.16e-06,0.0,0.0,False,2026-03-21.csv,4.783999999999999,positive,0.18574312781487803,0.26229508196721313,0.24861878453038674,0.3770491803278688,0.40331491712707185,3.1999999999970896,10.30000000000291,0.3106796116501151,0.32038834951475514,up,aligned,0.6688963210696259,-1.8999999999941792,1.8999999999941792,below,True,True,-14.259999999994761,14.259999999994761,0.8360655737704918,0.8342541436464088,opposed,opposed,0.0,0.0,balanced_or_unknown,False,flat_or_unknown
2026-03-21 09:43:00,2026-03-21,70655.9,70662.6,70623.0,70625.8,13.303,15.501,28.804,-2.1979999999999986,-0.07630884599361196,70644.14,87328.38,7.8e-06,0.0,0.0,False,2026-03-21.csv,2.1979999999999986,negative,0.07630884599361196,0.11475409836065574,0.1270718232044199,0.4262295081967213,0.4530386740331492,-30.09999999999127,39.60000000000582,0.7601010101006779,0.0707070707071338,down,aligned,13.694267515919604,-18.339999999996508,18.339999999996508,below,True,True,-4.539999999993597,4.539999999993597,0.5245901639344263,0.5359116022099447,aligned,aligned,0.0,0.0,balanced_or_unknown,False,flat_or_unknown
2026-03-21 09:44:00,2026-03-21,70625.8,70625.9,70591.7,70602.0,5.679,8.605,14.284,-2.926,-0.20484458134976197,70606.52,87327.77,7.93e-06,0.0,0.0,False,2026-03-21.csv,2.926,negative,0.20484458134976197,0.16393442622950818,0.1712707182320442,0.18032786885245902,0.19337016574585636,-23.80000000000291,34.19999999999709,0.6959064327486824,0.3011695906433856,down,aligned,8.133971291867024,-4.5200000000040745,4.5200000000040745,below,True,True,-0.6100000000005821,0.6100000000005821,0.13114754098360656,0.1270718232044199,aligned,aligned,0.0,0.0,balanced_or_unknown,False,flat_or_unknown
2026-03-21 09:45:00,2026-03-21,70602.0,70610.2,70602.0,70610.1,11.65,2.577,14.227,9.073,0.6377310747170872,70607.75,87326.58,7.93e-06,0.0,0.0,False,2026-03-21.csv,9.073,positive,0.6377310747170872,0.5081967213114754,0.4530386740331492,0.18032786885245902,0.1878453038674033,8.10000000000582,8.19999999999709,0.987804878049841,0.987804878049841,up,aligned,0.892758734708015,2.3500000000058208,2.3500000000058208,above,True,True,-1.1900000000023283,1.1900000000023283,0.2459016393442623,0.22099447513812154,opposed,opposed,0.0,0.0,balanced_or_unknown,False,flat_or_unknown
2026-03-21 09:46:00,2026-03-21,70610.2,70623.2,70602.0,70609.4,12.183,10.755,22.938,1.427999999999999,0.062254773737902135,70608.91,87327.09,7.57e-06,0.0,0.0,False,2026-03-21.csv,1.427999999999999,positive,0.062254773737902135,0.08196721311475409,0.09392265193370165,0.3114754098360656,0.3370165745856354,-0.8000000000029104,21.19999999999709,0.037735849056746235,0.3490566037733583,down,opposed,0.5602240896378928,0.4899999999906868,0.4899999999906868,above,True,True,0.5099999999947613,0.5099999999947613,0.11475409836065574,0.11049723756906077,aligned,opposed,0.0,0.0,balanced_or_unknown,False,flat_or_unknown
2026-03-21 09:47:00,2026-03-21,70609.3,70609.4,70594.9,70602.0,5.762,13.91,19.672,-8.148,-0.4141927612850752,70600.8,87322.64,7.51e-06,0.0,0.0,False,2026-03-21.csv,8.148,negative,0.4141927612850752,0.47540983606557374,0.39779005524861877,0.29508196721311475,0.27624309392265195,-7.30000000000291,14.5,0.5034482758622697,0.48965517241419454,down,aligned,0.8959253804618201,1.1999999999970896,1.1999999999970896,above,True,True,-4.44999999999709,4.44999999999709,0.5245901639344263,0.5414364640883977,aligned,aligned,0.0,0.0,balanced_or_unknown,False,flat_or_unknown
2026-03-21 09:48:00,2026-03-21,70602.1,70619.0,70602.0,70618.9,8.162,2.486,10.648,5.676,0.5330578512396694,70609.15,87327.34,7.51e-06,0.0,0.0,False,2026-03-21.csv,5.676,positive,0.5330578512396694,0.39344262295081966,0.2983425414364641,0.06557377049180328,0.08839779005524862,16.79999999998836,17.0,0.9882352941169623,0.9941176470584812,up,aligned,2.95983086680556,9.75,9.75,above,True,True,4.69999999999709,4.69999999999709,0.5737704918032787,0.580110497237569,aligned,aligned,0.0,0.0,balanced_or_unknown,False,flat_or_unknown
2026-03-21 09:49:00,2026-03-21,70619.0,70625.8,70618.9,70625.8,7.59,0.471,8.061,7.119,0.8831410494975809,70624.71,87325.35,7.28e-06,0.0,0.0,False,2026-03-21.csv,7.119,positive,0.8831410494975809,0.4426229508196721,0.35911602209944754,0.04918032786885246,0.055248618784530384,6.80000000000291,6.900000000008731,0.9855072463759863,1.0,up,aligned,0.9551903357217181,1.0899999999965075,1.0899999999965075,above,True,True,-1.9899999999906868,1.9899999999906868,0.3114754098360656,0.3259668508287293,opposed,opposed,0.0,0.0,balanced_or_unknown,False,flat_or_unknown
2026-03-21 09:50:00,2026-03-21,70625.8,70629.8,70618.9,70621.7,24.097,9.025,33.122,15.072000000000001,0.4550449852062074,70624.2,87335.18,7.34e-06,0.0,0.0,False,2026-03-21.csv,15.072000000000001,positive,0.4550449852062074,0.7868852459016393,0.6740331491712708,0.639344262295082,0.5524861878453039,-4.100000000005821,10.900000000008731,0.3761467889910584,0.25688073394501537,down,opposed,0.27202760084964306,-2.5,2.5,below,True,True,9.829999999987194,9.829999999987194,0.819672131147541,0.7900552486187845,aligned,opposed,0.0,0.0,balanced_or_unknown,False,flat_or_unknown
2026-03-21 09:51:00,2026-03-21,70621.6,70621.7,70603.0,70603.1,2.094,6.27,8.364,-4.176,-0.49928263988522237,70606.17,87334.98,7.67e-06,0.0,0.0,False,2026-03-21.csv,4.176,negative,0.49928263988522237,0.26229508196721313,0.2154696132596685,0.06557377049180328,0.06077348066298342,-18.5,18.69999999999709,0.9893048128343785,0.005347593583199804,down,aligned,4.430076628352491,-3.069999999992433,3.069999999992433,below,True,True,-0.19999999999708962,0.19999999999708962,0.06557377049180328,0.055248618784530384,aligned,aligned,0.0,0.0,balanced_or_unknown,False,flat_or_unknown
2026-03-21 09:52:00,2026-03-21,70603.0,70629.7,70603.0,70629.6,13.052,2.679,15.731,10.373,0.6593986396287584,70615.34,87336.1,7.67e-06,0.0,0.0,False,2026-03-21.csv,10.373,positive,0.6593986396287584,0.639344262295082,0.5138121546961326,0.26229508196721313,0.23204419889502761,26.60000000000582,26.69999999999709,0.9962546816482667,0.9962546816482667,up,aligned,2.5643497541700397,14.260000000009313,14.260000000009313,above,True,True,1.1200000000098953,1.1200000000098953,0.2459016393442623,0.20994475138121546,aligned,aligned,0.0,0.0,balanced_or_unknown,False,flat_or_unknown
2026-03-21 09:53:00,2026-03-21,70629.6,70641.2,70629.6,70641.2,4.724,7.737,12.461,-3.013,-0.24179439852339296,70639.59,87336.94,7.45e-06,0.0,0.0,False,2026-03-21.csv,3.013,negative,0.24179439852339296,0.18032786885245902,0.16574585635359115,0.16393442622950818,0.143646408839779,11.599999999991269,11.599999999991269,1.0,1.0,up,opposed,3.849983405241045,1.610000000000582,1.610000000000582,above,True,True,0.8399999999965075,0.8399999999965075,0.16393442622950818,0.1712707182320442,opposed,aligned,0.0,0.0,balanced_or_unknown,False,flat_or_unknown
2026-03-21 09:54:00,2026-03-21,70641.2,70641.2,70630.1,70641.2,14.25,4.013,18.263,10.237,0.5605322236215298,70633.24,87334.58,7.9e-06,0.0,0.0,False,2026-03-21.csv,10.237,positive,0.5605322236215298,0.639344262295082,0.5082872928176796,0.32786885245901637,0.27071823204419887,0.0,11.099999999991269,0.0,1.0,flat_or_unknown,flat_or_unknown,0.0,7.959999999991851,7.959999999991851,above,True,True,-2.360000000000582,2.360000000000582,0.36065573770491804,0.3756906077348066,opposed,flat_or_unknown,0.0,0.0,balanced_or_unknown,False,flat_or_unknown
2026-03-21 09:55:00,2026-03-21,70641.2,70641.2,70625.1,70625.2,5.333,9.936,15.269,-4.603,-0.30146047547318094,70634.52,87335.43,8.16e-06,0.0,0.0,False,2026-03-21.csv,4.603,negative,0.30146047547318094,0.2786885245901639,0.23756906077348067,0.2786885245901639,0.2154696132596685,-16.0,16.09999999999127,0.9937888198763153,0.006211180123684663,down,aligned,3.4759939170106455,-9.320000000006985,9.320000000006985,below,True,True,0.8499999999912689,0.8499999999912689,0.18032786885245902,0.1712707182320442,opposed,opposed,0.0,0.0,balanced_or_unknown,False,flat_or_unknown
2026-03-21 09:56:00,2026-03-21,70625.2,70625.2,70610.0,70616.7,6.606,4.481,11.087,2.125,0.19166591503562733,70613.38,87334.85,8.16e-06,0.0,0.0,False,2026-03-21.csv,2.125,positive,0.19166591503562733,0.09836065573770492,0.11049723756906077,0.11475409836065574,0.09392265193370165,-8.5,15.19999999999709,0.5592105263158965,0.44078947368410343,down,opposed,4.0,3.319999999992433,3.319999999992433,above,True,True,-0.5799999999871943,0.5799999999871943,0.14754098360655737,0.12154696132596685,opposed,aligned,0.0,0.0,balanced_or_unknown,False,flat_or_unknown
2026-03-21 09:57:00,2026-03-21,70616.7,70618.7,70616.7,70618.6,2.277,2.699,4.976,-0.4219999999999997,-0.08480707395498387,70618.58,87334.82,7.85e-06,0.0,0.0,False,2026-03-21.csv,0.4219999999999997,negative,0.08480707395498387,0.03278688524590164,0.016574585635359115,0.01639344262295082,0.011049723756906077,1.9000000000087311,2.0,0.9500000000043656,0.9500000000043656,up,opposed,4.502369668267138,0.020000000004074536,0.020000000004074536,above,True,True,-0.029999999998835847,0.029999999998835847,0.04918032786885246,0.022099447513812154,aligned,opposed,0.0,0.0,balanced_or_unknown,False,flat_or_unknown
2026-03-21 09:58:00,2026-03-21,70618.6,70618.7,70618.6,70618.7,1.011,1.769,2.78,-0.758,-0.27266187050359714,70618.64,87335.01,7.6e-06,0.0,0.0,False,2026-03-21.csv,0.758,negative,0.27266187050359714,0.06557377049180328,0.04419889502762431,0.01639344262295082,0.0055248618784530384,0.09999999999126885,0.09999999999126885,1.0,1.0,up,opposed,0.131926121360513,0.059999999997671694,0.059999999997671694,above,True,True,0.1899999999877764,0.1899999999877764,0.08196721311475409,0.06077348066298342,opposed,aligned,0.0,0.0,balanced_or_unknown,False,flat_or_unknown
2026-03-21 09:59:00,2026-03-21,70618.6,70633.3,70618.6,70633.3,16.178,0.887,17.065,15.291,0.8960445355991795,70630.6,87334.71,7.6e-06,0.0,0.0,False,2026-03-21.csv,15.291,positive,0.8960445355991795,0.7868852459016393,0.6795580110497238,0.36065573770491804,0.27071823204419887,14.69999999999709,14.69999999999709,1.0,1.0,up,aligned,0.9613498136156621,2.6999999999970896,2.6999999999970896,above,True,True,-0.29999999998835847,0.29999999998835847,0.11475409836065574,0.07734806629834254,opposed,opposed,0.0,0.0,balanced_or_unknown,False,flat_or_unknown
2026-03-21 10:00:00,2026-03-21,70633.2,70633.5,70633.2,70633.5,7.087,4.274,11.361,2.8129999999999997,0.24760144353490005,70633.41,87342.91,7.51e-06,0.0,0.0,False,2026-03-21.csv,2.8129999999999997,positive,0.24760144353490005,0.18032786885245902,0.13812154696132597,0.13114754098360656,0.09944751381215469,0.3000000000029104,0.3000000000029104,1.0,1.0,up,aligned,0.10664770707533253,0.08999999999650754,0.08999999999650754,above,True,True,8.19999999999709,8.19999999999709,0.7540983606557377,0.7569060773480663,aligned,aligned,0.0,0.0,balanced_or_unknown,False,flat_or_unknown
2026-03-21 10:01:00,2026-03-21,70633.5,70666.0,70621.5,70631.5,25.943,24.921,50.864,1.022000000000002,0.020092796476879563,70645.57,87336.35,7.89e-06,0.0,0.0,False,2026-03-21.csv,1.022000000000002,positive,0.020092796476879563,0.08196721311475409,0.06077348066298342,0.7868852459016393,0.7237569060773481,-2.0,44.5,0.0449438202247191,0.2247191011235955,down,opposed,1.9569471624266106,-14.070000000006985,14.070000000006985,below,True,True,-6.559999999997672,6.559999999997672,0.6885245901639344,0.7016574585635359,opposed,aligned,0.0,0.0,balanced_or_unknown,False,flat_or_unknown
2026-03-21 10:02:00,2026-03-21,70631.4,70631.5,70598.5,70598.6,1.885,12.91,14.795,-11.025,-0.7451841838458939,70612.79,87343.87,8.21e-06,0.0,0.0,False,2026-03-21.csv,11.025,negative,0.7451841838458939,0.6557377049180327,0.5303867403314917,0.2786885245901639,0.20441988950276244,-32.79999999998836,33.0,0.9939393939390412,0.003030303030479417,down,aligned,2.9750566893413475,-14.189999999987776,14.189999999987776,below,True,True,7.519999999989523,7.519999999989523,0.7213114754098361,0.7292817679558011,opposed,opposed,0.0,0.0,balanced_or_unknown,False,flat_or_unknown
2026-03-21 10:03:00,2026-03-21,70598.6,70616.8,70598.6,70616.7,8.842,2.958,11.8,5.884,0.4986440677966102,70610.62,87344.36,8.21e-06,0.0,0.0,False,2026-03-21.csv,5.884,positive,0.4986440677966102,0.4098360655737705,0.30939226519337015,0.14754098360655737,0.11602209944751381,18.09999999999127,18.19999999999709,0.9945054945051738,0.9945054945051738,up,aligned,3.0761386811677887,6.080000000001746,6.080000000001746,above,True,True,0.4900000000052387,0.4900000000052387,0.14754098360655737,0.10497237569060773,aligned,aligned,0.0,0.0,balanced_or_unknown,False,flat_or_unknown
2026-03-21 10:04:00,2026-03-21,70616.7,70616.8,70607.9,70607.9,2.924,7.943,10.867,-5.019,-0.4618569982515873,70614.9,87343.71,7.95e-06,0.0,0.0,False,2026-03-21.csv,5.019,negative,0.4618569982515873,0.3442622950819672,0.24861878453038674,0.11475409836065574,0.08839779005524862,-8.80000000000291,8.900000000008731,0.9887640449431773,0.0,down,aligned,1.7533373181914544,-7.0,7.0,below,True,True,-0.6499999999941792,0.6499999999941792,0.21311475409836064,0.14917127071823205,aligned,aligned,0.0,0.0,balanced_or_unknown,False,flat_or_unknown
2026-03-21 10:05:00,2026-03-21,70607.9,70635.5,70607.9,70635.4,24.783,7.58,32.363,17.203000000000003,0.5315638228841579,70622.29,87344.13,8.32e-06,0.0,0.0,False,2026-03-21.csv,17.203000000000003,positive,0.5315638228841579,0.819672131147541,0.712707182320442,0.6229508196721312,0.5414364640883977,27.5,27.60000000000582,0.9963768115939927,0.9963768115939927,up,aligned,1.5985583909783174,13.110000000000582,13.110000000000582,above,True,True,0.41999999999825377,0.41999999999825377,0.13114754098360656,0.10497237569060773,aligned,aligned,0.0,0.0,balanced_or_unknown,False,flat_or_unknown
2026-03-21 10:06:00,2026-03-21,70635.5,70635.5,70569.4,70569.5,9.893,31.783,41.676,-21.89,-0.52524234571456,70594.61,87347.3,8.32e-06,0.0,0.0,False,2026-03-21.csv,21.89,negative,0.52524234571456,0.9016393442622951,0.7790055248618785,0.7377049180327869,0.6685082872928176,-66.0,66.10000000000582,0.9984871406958273,0.001512859304172647,down,aligned,3.015075376884422,-25.110000000000582,25.110000000000582,below,True,True,3.1699999999982538,3.1699999999982538,0.47540983606557374,0.4861878453038674,opposed,opposed,0.0,0.0,balanced_or_unknown,False,flat_or_unknown
2026-03-21 10:07:00,2026-03-21,70569.4,70607.6,70569.4,70596.7,204.778,15.689,220.467,189.089,0.8576748447613475,70574.12,87352.93,8.33e-06,0.0,0.0,False,2026-03-21.csv,189.089,positive,0.8576748447613475,1.0,0.994475138121547,1.0,0.9834254143646409,27.30000000000291,38.20000000001164,0.7146596858637327,0.7146596858637327,up,aligned,0.14437645764694357,22.580000000001746,22.580000000001746,above,True,True,5.629999999990105,5.629999999990105,0.6721311475409836,0.6519337016574586,aligned,aligned,0.0,0.0,balanced_or_unknown,False,flat_or_unknown
2026-03-21 10:08:00,2026-03-21,70596.7,70606.2,70581.7,70606.2,18.639,8.814,27.453,9.825,0.3578843842203038,70587.92,87355.68,7.81e-06,0.0,0.15,False,2026-03-21.csv,9.825,positive,0.3578843842203038,0.5573770491803278,0.48066298342541436,0.5409836065573771,0.44751381215469616,9.5,24.5,0.3877551020408163,1.0,up,aligned,0.9669211195928754,18.279999999998836,18.279999999998836,above,True,True,2.75,2.75,0.45901639344262296,0.4419889502762431,aligned,aligned,0.15,-0.15,sell,True,opposed
2026-03-21 10:09:00,2026-03-21,70606.2,70629.5,70606.1,70629.5,9.787,3.07,12.857,6.7170000000000005,0.5224391382126469,70613.19,87351.84,7.54e-06,0.0,0.005,False,2026-03-21.csv,6.7170000000000005,positive,0.5224391382126469,0.4262295081967213,0.3425414364640884,0.22950819672131148,0.14917127071823205,23.30000000000291,23.39999999999418,0.9957264957268678,1.0,up,aligned,3.4688104808698688,16.30999999999767,16.30999999999767,above,True,True,-3.8399999999965075,3.8399999999965075,0.5245901639344263,0.5248618784530387,opposed,opposed,0.005,-0.005,sell,True,opposed
2026-03-21 10:10:00,2026-03-21,70629.5,70633.1,70629.4,70633.0,2.509,7.18,9.689,-4.670999999999999,-0.4820930952626689,70630.09,87347.34,7.54e-06,0.0,0.0,False,2026-03-21.csv,4.670999999999999,negative,0.4820930952626689,0.3114754098360656,0.23756906077348067,0.09836065573770492,0.055248618784530384,3.5,3.7000000000116415,0.9459459459429697,0.9729729729714849,up,opposed,0.7493042175123101,2.9100000000034925,2.9100000000034925,above,True,True,-4.5,4.5,0.5901639344262295,0.5580110497237569,aligned,opposed,0.0,0.0,balanced_or_unknown,False,flat_or_unknown
2026-03-21 10:11:00,2026-03-21,70633.1,70640.9,70626.1,70626.3,6.528,22.109,28.637,-15.581000000000003,-0.5440863218912596,70634.38,87345.9,7.87e-06,0.0,0.0,False,2026-03-21.csv,15.581000000000003,negative,0.5440863218912596,0.8032786885245902,0.6906077348066298,0.5901639344262295,0.4585635359116022,-6.80000000000291,14.799999999988358,0.45945945946001754,0.013513513513327496,down,aligned,0.4364289840191842,-8.080000000001746,8.080000000001746,below,True,True,-1.4400000000023283,1.4400000000023283,0.36065573770491804,0.292817679558011,aligned,aligned,0.0,0.0,balanced_or_unknown,False,flat_or_unknown
2026-03-21 10:12:00,2026-03-21,70626.2,70634.9,70626.2,70634.8,2.33,4.298,6.628,-1.968,-0.29692214846107423,70630.63,87347.86,7.99e-06,0.0,0.0,False,2026-03-21.csv,1.968,negative,0.29692214846107423,0.09836065573770492,0.08287292817679558,0.04918032786885246,0.022099447513812154,8.60000000000582,8.69999999999709,0.9885057471274366,0.9885057471274366,up,opposed,4.36991869918995,4.169999999998254,4.169999999998254,above,True,True,1.9600000000064028,1.9600000000064028,0.39344262295081966,0.34806629834254144,opposed,aligned,0.0,0.0,balanced_or_unknown,False,flat_or_unknown
2026-03-21 10:13:00,2026-03-21,70634.9,70634.9,70606.6,70606.6,1.662,8.883,10.545,-7.220999999999999,-0.6847795163584637,70619.47,87352.02,7.99e-06,0.0,0.005,False,2026-03-21.csv,7.220999999999999,negative,0.6847795163584637,0.47540983606557374,0.3701657458563536,0.13114754098360656,0.07734806629834254,-28.29999999998836,28.29999999998836,1.0,0.0,down,aligned,3.919124774960305,-12.869999999995343,12.869999999995343,below,True,True,4.1600000000034925,4.1600000000034925,0.5573770491803278,0.5248618784530387,opposed,opposed,0.005,-0.005,sell,True,aligned
2026-03-21 10:14:00,2026-03-21,70606.6,70606.6,70577.9,70578.0,10.142,8.107,18.249,2.035,0.11151295961422546,70585.53,87349.26,7.81e-06,0.0,0.0,False,2026-03-21.csv,2.035,positive,0.11151295961422546,0.11475409836065574,0.08839779005524862,0.45901639344262296,0.27071823204419887,-28.60000000000582,28.70000000001164,0.9965156794423073,0.00348432055769269,down,opposed,14.054054054056913,-7.529999999998836,7.529999999998836,below,True,True,-2.7600000000093132,2.7600000000093132,0.4918032786885246,0.4419889502762431,opposed,aligned,0.0,0.0,balanced_or_unknown,False,flat_or_unknown
2026-03-21 10:15:00,2026-03-21,70578.0,70597.7,70577.9,70594.8,9.543,20.608,30.151,-11.065000000000001,-0.3669861696129482,70591.75,87345.53,7.14e-06,0.0,0.0,False,2026-03-21.csv,11.065000000000001,negative,0.3669861696129482,0.7049180327868853,0.5303867403314917,0.6721311475409836,0.4972375690607735,16.80000000000291,19.80000000000291,0.8484848484848707,0.853535353535669,up,opposed,1.5183009489383559,3.0500000000029104,3.0500000000029104,above,True,True,-3.7299999999959255,3.7299999999959255,0.5245901639344263,0.5082872928176796,aligned,opposed,0.0,0.0,balanced_or_unknown,False,flat_or_unknown
2026-03-21 10:16:00,2026-03-21,70594.9,70604.7,70594.8,70599.1,7.207,2.787,9.994,4.42,0.44226535921552934,70598.47,87346.36,7.17e-06,0.0,0.0,False,2026-03-21.csv,4.42,positive,0.44226535921552934,0.32786885245901637,0.2154696132596685,0.13114754098360656,0.06077348066298342,4.2000000000116415,9.89999999999418,0.4242424242438496,0.4343434343439837,up,aligned,0.9502262443465253,0.6300000000046566,0.6300000000046566,above,True,True,0.8300000000017462,0.8300000000017462,0.22950819672131148,0.18232044198895028,aligned,aligned,0.0,0.0,balanced_or_unknown,False,flat_or_unknown
2026-03-21 10:17:00,2026-03-21,70599.1,70599.2,70587.9,70587.9,1.935,6.612,8.547,-4.677,-0.5472095472095472,70598.12,87346.53,7.17e-06,0.0,0.0,False,2026-03-21.csv,4.677,negative,0.5472095472095472,0.36065573770491804,0.23756906077348067,0.11475409836065574,0.049723756906077346,-11.200000000011642,11.30000000000291,0.991150442478651,0.0,down,aligned,2.3946974556364427,-10.220000000001164,10.220000000001164,below,True,True,0.16999999999825377,0.16999999999825377,0.06557377049180328,0.055248618784530384,opposed,opposed,0.0,0.0,balanced_or_unknown,False,flat_or_unknown
2026-03-21 10:18:00,2026-03-21,70587.9,70588.0,70572.7,70572.8,3.923,13.14,17.063,-9.217,-0.5401746468967943,70580.15,87349.0,7.33e-06,0.0,0.0,False,2026-03-21.csv,9.217,negative,0.5401746468967943,0.5901639344262295,0.4696132596685083,0.45901639344262296,0.27071823204419887,-15.099999999991269,15.30000000000291,0.986928104574405,0.006535947712797499,down,aligned,1.638277096668251,-7.349999999991269,7.349999999991269,below,True,True,2.470000000001164,2.470000000001164,0.47540983606557374,0.39779005524861877,opposed,opposed,0.0,0.0,balanced_or_unknown,False,flat_or_unknown
2026-03-21 10:19:00,2026-03-21,70572.8,70572.8,70546.6,70546.7,4.691,19.781,24.472,-15.09,-0.6166230794377247,70556.83,87351.91,7.33e-06,0.0,0.0,False,2026-03-21.csv,15.09,negative,0.6166230794377247,0.819672131147541,0.6685082872928176,0.5573770491803278,0.3701657458563536,-26.10000000000582,26.19999999999709,0.996183206107203,0.003816793892796945,down,aligned,1.7296222664019762,-10.130000000004657,10.130000000004657,below,True,True,2.9100000000034925,2.9100000000034925,0.5081967213114754,0.44751381215469616,opposed,opposed,0.0,0.0,balanced_or_unknown,False,flat_or_unknown
2026-03-21 10:20:00,2026-03-21,70546.6,70559.0,70521.2,70559.0,22.142,34.435,56.577,-12.293000000000003,-0.21727910635063724,70537.3,87347.0,7.33e-06,0.0,0.0,False,2026-03-21.csv,12.293000000000003,negative,0.21727910635063724,0.7213114754098361,0.56353591160221,0.9180327868852459,0.7790055248618785,12.39999999999418,37.80000000000291,0.3280423280421488,1.0,up,opposed,1.0087041405673292,21.69999999999709,21.69999999999709,above,True,True,-4.9100000000034925,4.9100000000034925,0.7049180327868853,0.6187845303867403,aligned,opposed,0.0,0.0,balanced_or_unknown,False,flat_or_unknown
2026-03-21 10:21:00,2026-03-21,70559.0,70569.9,70553.7,70554.3,11.311,13.714,25.025,-2.4030000000000005,-0.09602397602397605,70560.91,87329.34,6.85e-06,0.0,0.0,False,2026-03-21.csv,2.4030000000000005,negative,0.09602397602397605,0.18032786885245902,0.13259668508287292,0.5573770491803278,0.3812154696132597,-4.69999999999709,16.19999999999709,0.2901234567899959,0.037037037037403,down,aligned,1.9558884727411938,-6.610000000000582,6.610000000000582,below,True,True,-17.660000000003492,17.660000000003492,0.9344262295081968,0.8950276243093923,aligned,aligned,0.0,0.0,balanced_or_unknown,False,flat_or_unknown
2026-03-21 10:22:00,2026-03-21,70554.3,70554.4,70529.4,70539.5,5.12,24.929,30.049,-19.808999999999997,-0.6592232686611866,70541.19,87334.65,6.72e-06,0.0,0.0,False,2026-03-21.csv,19.808999999999997,negative,0.6592232686611866,0.9344262295081968,0.7679558011049724,0.6721311475409836,0.5027624309392266,-14.80000000000291,25.0,0.5920000000001164,0.40400000000023284,down,aligned,0.747135140592807,-1.6900000000023283,1.6900000000023283,below,True,True,5.309999999997672,5.309999999997672,0.7049180327868853,0.6464088397790055,opposed,opposed,0.0,0.0,balanced_or_unknown,False,flat_or_unknown
2026-03-21 10:23:00,2026-03-21,70539.5,70539.7,70532.6,70537.6,4.854,5.975,10.829,-1.1209999999999996,-0.10351833040908666,70538.47,87338.05,6.49e-06,0.0,0.0,False,2026-03-21.csv,1.1209999999999996,negative,0.10351833040908666,0.08196721311475409,0.06629834254143646,0.19672131147540983,0.09392265193370165,-1.8999999999941792,7.099999999991269,0.26760563380232616,0.7042253521135421,down,aligned,1.6949152542320964,-0.8699999999953434,0.8699999999953434,below,True,True,3.400000000008731,3.400000000008731,0.5081967213114754,0.47513812154696133,opposed,opposed,0.0,0.0,balanced_or_unknown,False,flat_or_unknown
2026-03-21 10:24:00,2026-03-21,70537.6,70537.6,70526.7,70526.8,10.331,12.207,22.538,-1.8760000000000012,-0.08323719939657473,70530.93,87337.21,6.49e-06,0.0,0.0,False,2026-03-21.csv,1.8760000000000012,negative,0.08323719939657473,0.11475409836065574,0.08839779005524862,0.5409836065573771,0.3425414364640884,-10.80000000000291,10.900000000008731,0.9908256880728679,0.00917431192713217,down,aligned,5.7569296375282,-4.129999999990105,4.129999999990105,below,True,True,-0.8399999999965075,0.8399999999965075,0.26229508196721313,0.19337016574585636,aligned,aligned,0.0,0.0,balanced_or_unknown,False,flat_or_unknown
2026-03-21 10:25:00,2026-03-21,70526.7,70544.4,70523.9,70537.9,9.232,15.802,25.034,-6.57,-0.262443077414716,70537.51,87344.91,6.37e-06,0.0,0.012,False,2026-03-21.csv,6.57,negative,0.262443077414716,0.47540983606557374,0.35911602209944754,0.6065573770491803,0.39226519337016574,11.19999999999709,20.5,0.5463414634144922,0.6829268292682927,up,opposed,1.704718417046741,0.3899999999994179,0.3899999999994179,above,True,True,7.69999999999709,7.69999999999709,0.8032786885245902,0.7458563535911602,opposed,aligned,0.012,-0.012,sell,True,aligned
2026-03-21 10:26:00,2026-03-21,70537.8,70551.7,70525.7,70551.7,19.083,12.539,31.622,6.543999999999999,0.2069445322876478,70536.93,87351.06,6.19e-06,0.0,0.0,False,2026-03-21.csv,6.543999999999999,positive,0.2069445322876478,0.4426229508196721,0.35359116022099446,0.7540983606557377,0.5524861878453039,13.89999999999418,26.0,0.5346153846151608,1.0,up,aligned,2.1240831295834632,14.770000000004075,14.770000000004075,above,True,True,6.149999999994179,6.149999999994179,0.7540983606557377,0.6740331491712708,aligned,aligned,0.0,0.0,balanced_or_unknown,False,flat_or_unknown
2026-03-21 10:27:00,2026-03-21,70551.7,70558.0,70537.0,70543.2,60.167,8.391,68.558,51.776,0.7552145628518918,70548.27,87368.76,6.19e-06,0.0,0.0,False,2026-03-21.csv,51.776,positive,0.7552145628518918,0.9672131147540983,0.9281767955801105,0.9344262295081968,0.8342541436464088,-8.5,21.0,0.40476190476190477,0.29523809523795663,down,opposed,0.16416872682323855,-5.070000000006985,5.070000000006985,below,True,True,17.69999999999709,17.69999999999709,0.9508196721311475,0.9116022099447514,aligned,opposed,0.0,0.0,balanced_or_unknown,False,flat_or_unknown
2026-03-21 10:28:00,2026-03-21,70543.1,70570.0,70536.4,70561.4,10.583,9.894,20.477,0.6890000000000001,0.033647506959027206,70550.44,87366.6,6.16e-06,0.0,0.0,False,2026-03-21.csv,0.6890000000000001,positive,0.033647506959027206,0.03278688524590164,0.03867403314917127,0.5081967213114754,0.3149171270718232,18.29999999998836,33.60000000000582,0.5446428571424163,0.7440476190474902,up,aligned,26.56023222059268,10.959999999991851,10.959999999991851,above,True,True,-2.1599999999889405,2.1599999999889405,0.39344262295081966,0.36464088397790057,opposed,opposed,0.0,0.0,balanced_or_unknown,False,flat_or_unknown
2026-03-21 10:29:00,2026-03-21,70561.5,70561.6,70553.0,70553.0,1.509,19.022,20.531,-17.512999999999998,-0.8530027762895134,70559.48,87362.8,6.07e-06,0.0,0.0,False,2026-03-21.csv,17.512999999999998,negative,0.8530027762895134,0.8852459016393442,0.7403314917127072,0.5245901639344263,0.3259668508287293,-8.5,8.60000000000582,0.9883720930225869,0.0,down,aligned,0.48535373722377667,-6.4799999999959255,6.4799999999959255,below,True,True,-3.8000000000029104,3.8000000000029104,0.5573770491803278,0.5082872928176796,aligned,aligned,0.0,0.0,balanced_or_unknown,False,flat_or_unknown
2026-03-21 10:30:00,2026-03-21,70553.1,70563.7,70537.9,70538.0,9.341,38.051,47.392,-28.71,-0.6057984469952734,70551.92,87364.22,6.21e-06,0.0,0.0,False,2026-03-21.csv,28.71,negative,0.6057984469952734,0.9508196721311475,0.8397790055248618,0.9016393442622951,0.7348066298342542,-15.10000000000582,25.80000000000291,0.5852713178296169,0.003875968992473236,down,aligned,0.5259491466390045,-13.919999999998254,13.919999999998254,below,True,True,1.4199999999982538,1.4199999999982538,0.3442622950819672,0.27071823204419887,opposed,opposed,0.0,0.0,balanced_or_unknown,False,flat_or_unknown
2026-03-21 10:31:00,2026-03-21,70537.9,70578.2,70537.9,70578.2,17.241,45.689,62.93,-28.448,-0.45205784204671856,70573.7,87366.16,6.21e-06,0.0,0.0,False,2026-03-21.csv,28.448,negative,0.45205784204671856,0.9344262295081968,0.8287292817679558,0.9508196721311475,0.8232044198895028,40.30000000000291,40.30000000000291,1.0,1.0,up,opposed,1.4166197975254116,4.5,4.5,above,True,True,1.9400000000023283,1.9400000000023283,0.3770491803278688,0.3370165745856354,opposed,aligned,0.0,0.0,balanced_or_unknown,False,flat_or_unknown
2026-03-21 10:32:00,2026-03-21,70578.2,70599.9,70558.6,70597.4,193.014,54.278,247.292,138.73600000000002,0.5610209792472058,70581.53,87415.47,6.45e-06,0.0,0.0,False,2026-03-21.csv,138.73600000000002,positive,0.5610209792472058,0.9836065573770492,0.9834254143646409,1.0,0.988950276243094,19.19999999999709,41.29999999998836,0.4648910411622882,0.9394673123486512,up,aligned,0.13839234229037226,15.869999999995343,15.869999999995343,above,True,True,49.30999999999767,49.30999999999767,1.0,0.9779005524861878,aligned,aligned,0.0,0.0,balanced_or_unknown,False,flat_or_unknown
2026-03-21 10:33:00,2026-03-21,70597.5,70597.5,70566.5,70566.6,3.539,16.939,20.478,-13.4,-0.6543607774196698,70580.52,87435.36,7.25e-06,0.0,0.0,False,2026-03-21.csv,13.4,negative,0.6543607774196698,0.7213114754098361,0.6187845303867403,0.5081967213114754,0.32044198895027626,-30.89999999999418,31.0,0.9967741935481993,0.0032258064518006697,down,aligned,2.3059701492532967,-13.919999999998254,13.919999999998254,below,True,True,19.889999999999418,19.889999999999418,0.9672131147540983,0.9116022099447514,opposed,opposed,0.0,0.0,balanced_or_unknown,False,flat_or_unknown
2026-03-21 10:34:00,2026-03-21,70566.5,70581.6,70564.1,70581.0,19.028,17.08,36.108,1.9480000000000004,0.05394926332114768,70573.78,87434.05,7.84e-06,0.002,0.0,False,2026-03-21.csv,1.9480000000000004,positive,0.05394926332114768,0.13114754098360656,0.09944751381215469,0.819672131147541,0.6298342541436464,14.5,17.5,0.8285714285714286,0.9657142857139531,up,aligned,7.4435318275153985,7.220000000001164,7.220000000001164,above,True,True,-1.3099999999976717,1.3099999999976717,0.32786885245901637,0.26519337016574585,opposed,opposed,0.002,0.002,buy,False,aligned
2026-03-21 10:35:00,2026-03-21,70581.1,70581.1,70566.6,70574.8,10.427,6.184,16.611,4.242999999999999,0.2554331467100114,70572.6,87434.9,7.84e-06,0.0,0.0,False,2026-03-21.csv,4.242999999999999,positive,0.2554331467100114,0.3114754098360656,0.22099447513812154,0.4098360655737705,0.24861878453038674,-6.30000000000291,14.5,0.43448275862089036,0.5655172413791096,down,opposed,1.4847984916339645,2.1999999999970896,2.1999999999970896,above,True,True,0.8499999999912689,0.8499999999912689,0.29508196721311475,0.20441988950276244,aligned,opposed,0.0,0.0,balanced_or_unknown,False,flat_or_unknown
2026-03-21 10:36:00,2026-03-21,70574.8,70574.8,70574.7,70574.7,1.44,3.788,5.228,-2.348,-0.44912012241775057,70574.73,87440.34,8.34e-06,0.0,0.0,False,2026-03-21.csv,2.348,negative,0.44912012241775057,0.22950819672131148,0.13812154696132597,0.04918032786885246,0.022099447513812154,-0.10000000000582077,0.10000000000582077,1.0,0.0,down,aligned,0.04258943782189982,-0.029999999998835847,0.029999999998835847,below,True,True,5.440000000002328,5.440000000002328,0.7540983606557377,0.6629834254143646,opposed,opposed,0.0,0.0,balanced_or_unknown,False,flat_or_unknown
2026-03-21 10:37:00,2026-03-21,70574.8,70574.8,70574.7,70574.8,1.634,1.52,3.154,0.11399999999999988,0.036144578313252976,70574.75,87438.94,8.73e-06,0.0,0.0,False,2026-03-21.csv,0.11399999999999988,positive,0.036144578313252976,0.01639344262295082,0.011049723756906077,0.03278688524590164,0.011049723756906077,0.0,0.10000000000582077,0.0,1.0,flat_or_unknown,flat_or_unknown,0.0,0.05000000000291038,0.05000000000291038,above,True,True,-1.3999999999941792,1.3999999999941792,0.32786885245901637,0.281767955801105,opposed,flat_or_unknown,0.0,0.0,balanced_or_unknown,False,flat_or_unknown
2026-03-21 10:38:00,2026-03-21,70574.7,70589.9,70574.7,70589.8,7.724,8.08,15.804,-0.35599999999999987,-0.02252594279929131,70585.17,87441.76,8.73e-06,0.0,0.0,False,2026-03-21.csv,0.35599999999999987,negative,0.02252594279929131,0.03278688524590164,0.016574585635359115,0.4262295081967213,0.2430939226519337,15.10000000000582,15.19999999999709,0.9934210526321521,0.9934210526321521,up,opposed,42.41573033709502,4.630000000004657,4.630000000004657,above,True,True,2.819999999992433,2.819999999992433,0.5081967213114754,0.44751381215469616,opposed,aligned,0.0,0.0,balanced_or_unknown,False,flat_or_unknown
2026-03-21 10:39:00,2026-03-21,70589.9,70589.9,70589.8,70589.9,4.106,1.032,5.138,3.074,0.5982872713117945,70589.88,87440.86,9.08e-06,0.0,0.0,False,2026-03-21.csv,3.074,positive,0.5982872713117945,0.32786885245901637,0.20441988950276244,0.06557377049180328,0.027624309392265192,0.0,0.09999999999126885,0.0,1.0,flat_or_unknown,flat_or_unknown,0.0,0.01999999998952262,0.01999999998952262,above,True,True,-0.8999999999941792,0.8999999999941792,0.2786885245901639,0.20441988950276244,opposed,flat_or_unknown,0.0,0.0,balanced_or_unknown,False,flat_or_unknown
2026-03-21 10:40:00,2026-03-21,70589.9,70589.9,70589.8,70589.9,2.816,0.738,3.554,2.078,0.5846933033202025,70589.88,87441.1,9.84e-06,0.0,0.0,False,2026-03-21.csv,2.078,positive,0.5846933033202025,0.21311475409836064,0.13259668508287292,0.04918032786885246,0.016574585635359115,0.0,0.09999999999126885,0.0,1.0,flat_or_unknown,flat_or_unknown,0.0,0.01999999998952262,0.01999999998952262,above,True,True,0.2400000000052387,0.2400000000052387,0.08196721311475409,0.06629834254143646,aligned,flat_or_unknown,0.0,0.0,balanced_or_unknown,False,flat_or_unknown
2026-03-21 10:41:00,2026-03-21,70589.9,70589.9,70589.8,70589.9,4.351,1.455,5.806,2.896,0.4987943506717189,70589.87,87439.24,1.052e-05,0.0,0.0,False,2026-03-21.csv,2.896,positive,0.4987943506717189,0.3114754098360656,0.17679558011049723,0.11475409836065574,0.04419889502762431,0.0,0.09999999999126885,0.0,1.0,flat_or_unknown,flat_or_unknown,0.0,0.029999999998835847,0.029999999998835847,above,True,True,-1.860000000000582,1.860000000000582,0.4098360655737705,0.3370165745856354,opposed,flat_or_unknown,0.0,0.0,balanced_or_unknown,False,flat_or_unknown
2026-03-21 10:42:00,2026-03-21,70589.8,70589.9,70562.9,70562.9,1.065,13.193,14.258,-12.128,-0.8506101837564877,70578.75,87440.19,1.052e-05,0.0,0.0,False,2026-03-21.csv,12.128,negative,0.8506101837564877,0.7540983606557377,0.574585635359116,0.39344262295081966,0.2154696132596685,-26.90000000000873,27.0,0.9962962962966196,0.0,down,aligned,2.2180079155680024,-15.85000000000582,15.85000000000582,below,True,True,0.9499999999970896,0.9499999999970896,0.3114754098360656,0.22099447513812154,opposed,opposed,0.0,0.0,balanced_or_unknown,False,flat_or_unknown
2026-03-21 10:43:00,2026-03-21,70562.9,70563.0,70560.0,70560.1,1.95,3.123,5.073,-1.1730000000000003,-0.23122412773506804,70562.1,87440.45,1.103e-05,0.0,0.0,False,2026-03-21.csv,1.1730000000000003,negative,0.23122412773506804,0.13114754098360656,0.08839779005524862,0.08196721311475409,0.03314917127071823,-2.7999999999883585,3.0,0.9333333333294528,0.033333333335273586,down,aligned,2.3870417732211062,-2.0,2.0,below,True,True,0.2599999999947613,0.2599999999947613,0.09836065573770492,0.0718232044198895,opposed,opposed,0.0,0.0,balanced_or_unknown,False,flat_or_unknown
2026-03-21 10:44:00,2026-03-21,70560.0,70560.1,70551.5,70555.0,6.975,18.295,25.27,-11.320000000000002,-0.44796201028888016,70554.22,87445.88,1.124e-05,0.0,0.0,False,2026-03-21.csv,11.320000000000002,negative,0.44796201028888016,0.7377049180327869,0.5580110497237569,0.7377049180327869,0.43646408839779005,-5.0,8.60000000000582,0.5813953488368158,0.40697674418577107,down,aligned,0.44169611307420487,0.7799999999988358,0.7799999999988358,above,True,True,5.430000000007567,5.430000000007567,0.8032786885245902,0.6685082872928176,opposed,opposed,0.0,0.0,balanced_or_unknown,False,flat_or_unknown
2026-03-21 10:45:00,2026-03-21,70555.0,70559.6,70555.0,70559.6,5.588,6.007,11.595,-0.4189999999999996,-0.03613626563173778,70558.88,87440.68,1.124e-05,0.0,0.0,False,2026-03-21.csv,0.4189999999999996,negative,0.03613626563173778,0.04918032786885246,0.027624309392265192,0.3442622950819672,0.14917127071823205,4.600000000005821,4.600000000005821,1.0,1.0,up,opposed,10.978520286410085,0.7200000000011642,0.7200000000011642,above,True,True,-5.2000000000116415,5.2000000000116415,0.7704918032786885,0.6464088397790055,aligned,opposed,0.0,0.0,balanced_or_unknown,False,flat_or_unknown
2026-03-21 10:46:00,2026-03-21,70559.6,70559.6,70548.0,70548.0,2.068,9.761,11.829,-7.693,-0.6503508326992983,70552.03,87446.61,1.147e-05,0.0,0.0,False,2026-03-21.csv,7.693,negative,0.6503508326992983,0.6065573770491803,0.43646408839779005,0.3770491803278688,0.1712707182320442,-11.60000000000582,11.60000000000582,1.0,0.0,down,aligned,1.5078642922144574,-4.029999999998836,4.029999999998836,below,True,True,5.930000000007567,5.930000000007567,0.8360655737704918,0.6850828729281768,opposed,opposed,0.0,0.0,balanced_or_unknown,False,flat_or_unknown
2026-03-21 10:47:00,2026-03-21,70548.1,70548.1,70548.0,70548.1,2.219,4.371,6.59,-2.1520000000000006,-0.3265553869499242,70548.03,87448.37,1.181e-05,0.0,0.0,False,2026-03-21.csv,2.1520000000000006,negative,0.3265553869499242,0.26229508196721313,0.14917127071823205,0.14754098360655737,0.055248618784530384,0.0,0.10000000000582077,0.0,1.0,flat_or_unknown,flat_or_unknown,0.0,0.07000000000698492,0.07000000000698492,above,True,True,1.7599999999947613,1.7599999999947613,0.39344262295081966,0.3314917127071823,opposed,flat_or_unknown,0.0,0.0,balanced_or_unknown,False,flat_or_unknown
2026-03-21 10:48:00,2026-03-21,70548.1,70548.1,70548.0,70548.0,4.061,5.303,9.364,-1.242,-0.13263562580093977,70548.04,87448.74,1.184e-05,0.0,0.0,False,2026-03-21.csv,1.242,negative,0.13263562580093977,0.16393442622950818,0.09392265193370165,0.22950819672131148,0.09392265193370165,-0.10000000000582077,0.10000000000582077,1.0,0.0,down,aligned,0.08051529791128886,-0.03999999999359716,0.03999999999359716,below,True,True,0.3700000000098953,0.3700000000098953,0.13114754098360656,0.10497237569060773,opposed,opposed,0.0,0.0,balanced_or_unknown,False,flat_or_unknown
2026-03-21 10:49:00,2026-03-21,70548.1,70548.1,70542.8,70542.9,1.843,5.717,7.56,-3.8739999999999997,-0.5124338624338625,70545.63,87453.03,1.184e-05,0.0,0.095,False,2026-03-21.csv,3.8739999999999997,negative,0.5124338624338625,0.39344262295081966,0.2430939226519337,0.18032786885245902,0.0718232044198895,-5.2000000000116415,5.30000000000291,0.9811320754733559,0.01886792452664414,down,aligned,1.342281879197636,-2.7300000000104774,2.7300000000104774,below,True,True,4.289999999993597,4.289999999993597,0.7049180327868853,0.56353591160221,opposed,opposed,0.095,-0.095,sell,True,aligned
2026-03-21 10:50:00,2026-03-21,70542.8,70545.0,70533.0,70540.0,16.655,17.749,34.404,-1.0939999999999976,-0.031798628066503826,70536.51,87465.74,1.191e-05,0.0,0.0,False,2026-03-21.csv,1.0939999999999976,negative,0.031798628066503826,0.13114754098360656,0.07734806629834254,0.8524590163934426,0.6353591160220995,-2.8000000000029104,12.0,0.23333333333357587,0.5833333333333334,down,aligned,2.559414990861898,3.4900000000052387,3.4900000000052387,above,True,True,12.710000000006403,12.710000000006403,0.9344262295081968,0.850828729281768,opposed,opposed,0.0,0.0,balanced_or_unknown,False,flat_or_unknown
2026-03-21 10:51:00,2026-03-21,70540.1,70558.6,70540.0,70553.9,8.908,2.612,11.52,6.295999999999999,0.5465277777777777,70550.79,87464.13,1.212e-05,0.0,0.0,False,2026-03-21.csv,6.295999999999999,positive,0.5465277777777777,0.5573770491803278,0.39779005524861877,0.36065573770491804,0.16574585635359115,13.799999999988358,18.60000000000582,0.7419354838701097,0.7473118279564425,up,aligned,2.1918678526029796,3.110000000000582,3.110000000000582,above,True,True,-1.610000000000582,1.610000000000582,0.4098360655737705,0.3259668508287293,opposed,opposed,0.0,0.0,balanced_or_unknown,False,flat_or_unknown
2026-03-21 10:52:00,2026-03-21,70554.0,70560.4,70549.5,70559.3,7.837,3.009,10.846,4.827999999999999,0.44514106583072094,70556.0,87459.78,1.212e-05,0.0,0.0,False,2026-03-21.csv,4.827999999999999,positive,0.44514106583072094,0.5081967213114754,0.32044198895027626,0.29508196721311475,0.143646408839779,5.30000000000291,10.89999999999418,0.4862385321106184,0.8990825688080866,up,aligned,1.0977630488821273,3.3000000000029104,3.3000000000029104,above,True,True,-4.350000000005821,4.350000000005821,0.7049180327868853,0.56353591160221,opposed,opposed,0.0,0.0,balanced_or_unknown,False,flat_or_unknown
2026-03-21 10:53:00,2026-03-21,70559.3,70559.4,70559.3,70559.3,1.544,3.69,5.234,-2.146,-0.4100114635078334,70559.33,87458.65,1.237e-05,0.0,0.0,False,2026-03-21.csv,2.146,negative,0.4100114635078334,0.29508196721311475,0.16022099447513813,0.13114754098360656,0.049723756906077346,0.0,0.09999999999126885,0.0,0.0,flat_or_unknown,flat_or_unknown,0.0,-0.029999999998835847,0.029999999998835847,below,True,True,-1.1300000000046566,1.1300000000046566,0.3114754098360656,0.2596685082872928,aligned,flat_or_unknown,0.0,0.0,balanced_or_unknown,False,flat_or_unknown
2026-03-21 10:54:00,2026-03-21,70559.3,70559.3,70555.5,70555.5,3.993,7.058,11.051,-3.065,-0.2773504660211745,70555.63,87461.52,1.283e-05,0.0,0.0,False,2026-03-21.csv,3.065,negative,0.2773504660211745,0.39344262295081966,0.23204419889502761,0.3442622950819672,0.16022099447513813,-3.8000000000029104,3.8000000000029104,1.0,0.0,down,aligned,1.2398042414365125,-0.1300000000046566,0.1300000000046566,below,True,True,2.8700000000098953,2.8700000000098953,0.5573770491803278,0.4585635359116022,opposed,opposed,0.0,0.0,balanced_or_unknown,False,flat_or_unknown
2026-03-21 10:55:00,2026-03-21,70555.5,70555.6,70555.5,70555.5,0.932,1.421,2.353,-0.489,-0.20781980450488735,70555.54,87462.13,1.33e-05,0.0,0.0,False,2026-03-21.csv,0.489,negative,0.20781980450488735,0.08196721311475409,0.03314917127071823,0.01639344262295082,0.0055248618784530384,0.0,0.10000000000582077,0.0,0.0,flat_or_unknown,flat_or_unknown,0.0,-0.03999999999359716,0.03999999999359716,below,True,True,0.6100000000005821,0.6100000000005821,0.18032786885245902,0.15469613259668508,opposed,flat_or_unknown,0.0,0.0,balanced_or_unknown,False,flat_or_unknown
2026-03-21 10:56:00,2026-03-21,70555.5,70566.1,70555.5,70566.1,9.482,1.733,11.215,7.748999999999999,0.6909496210432455,70561.26,87463.96,1.33e-05,0.0,0.0,False,2026-03-21.csv,7.748999999999999,positive,0.6909496210432455,0.6721311475409836,0.4696132596685083,0.39344262295081966,0.17679558011049723,10.60000000000582,10.60000000000582,1.0,1.0,up,aligned,1.367918441089924,4.8400000000110595,4.8400000000110595,above,True,True,1.8300000000017462,1.8300000000017462,0.4098360655737705,0.3370165745856354,aligned,aligned,0.0,0.0,balanced_or_unknown,False,flat_or_unknown
2026-03-21 10:57:00,2026-03-21,70566.1,70573.3,70565.3,70569.6,4.792,5.46,10.252,-0.6680000000000001,-0.06515801794771753,70568.84,87465.43,1.359e-05,0.0,0.0,False,2026-03-21.csv,0.6680000000000001,negative,0.06515801794771753,0.09836065573770492,0.049723756906077346,0.29508196721311475,0.13259668508287292,3.5,8.0,0.4375,0.5375000000003638,up,opposed,5.239520958083832,0.7600000000093132,0.7600000000093132,above,True,True,1.4699999999866122,1.4699999999866122,0.36065573770491804,0.30939226519337015,opposed,aligned,0.0,0.0,balanced_or_unknown,False,flat_or_unknown
2026-03-21 10:58:00,2026-03-21,70569.6,70575.8,70569.5,70575.8,14.744,8.284,23.028,6.459999999999999,0.2805280528052805,70570.58,87473.67,1.428e-05,0.0,0.0,False,2026-03-21.csv,6.459999999999999,positive,0.2805280528052805,0.5737704918032787,0.4143646408839779,0.6721311475409836,0.4198895027624309,6.19999999999709,6.30000000000291,0.9841269841260676,1.0,up,aligned,0.9597523219809737,5.220000000001164,5.220000000001164,above,True,True,8.240000000005239,8.240000000005239,0.9180327868852459,0.7790055248618785,aligned,aligned,0.0,0.0,balanced_or_unknown,False,flat_or_unknown
2026-03-21 10:59:00,2026-03-21,70575.8,70575.8,70568.1,70568.1,2.325,23.606,25.931,-21.281000000000002,-0.8206779530291929,70571.36,87473.28,1.428e-05,0.0,0.0,False,2026-03-21.csv,21.281000000000002,negative,0.8206779530291929,0.9016393442622951,0.8011049723756906,0.7377049180327869,0.49171270718232046,-7.69999999999709,7.69999999999709,1.0,0.0,down,aligned,0.361825102203707,-3.2599999999947613,3.2599999999947613,below,True,True,-0.3899999999994179,0.3899999999994179,0.09836065573770492,0.10497237569060773,aligned,aligned,0.0,0.0,balanced_or_unknown,False,flat_or_unknown
2026-03-21 11:00:00,2026-03-21,70568.1,70576.1,70568.1,70576.0,3.66,2.923,6.583,0.7370000000000001,0.11195503569801003,70571.2,87486.68,1.47e-05,0.0,0.0,False,2026-03-21.csv,0.7370000000000001,positive,0.11195503569801003,0.11475409836065574,0.06077348066298342,0.14754098360655737,0.06629834254143646,7.899999999994179,8.0,0.9874999999992724,0.9874999999992724,up,aligned,10.719131614646104,4.80000000000291,4.80000000000291,above,True,True,13.39999999999418,13.39999999999418,0.9344262295081968,0.861878453038674,aligned,aligned,0.0,0.0,balanced_or_unknown,False,flat_or_unknown
2026-03-21 11:01:00,2026-03-21,70576.0,70576.1,70570.4,70573.5,4.245,15.331,19.576,-11.085999999999999,-0.5663056804250102,70573.77,87489.55,1.502e-05,0.0,0.0,False,2026-03-21.csv,11.085999999999999,negative,0.5663056804250102,0.7377049180327869,0.585635359116022,0.5737704918032787,0.3701657458563536,-2.5,5.7000000000116415,0.4385964912271744,0.5438596491227174,down,aligned,0.22550965181309762,-0.27000000000407454,0.27000000000407454,below,True,True,2.8700000000098953,2.8700000000098953,0.5409836065573771,0.46408839779005523,opposed,opposed,0.0,0.0,balanced_or_unknown,False,flat_or_unknown
2026-03-21 11:02:00,2026-03-21,70573.5,70573.6,70573.5,70573.6,3.549,4.015,7.564,-0.46599999999999975,-0.06160761501850869,70573.55,87485.78,1.538e-05,0.0,0.0,False,2026-03-21.csv,0.46599999999999975,negative,0.06160761501850869,0.06557377049180328,0.03314917127071823,0.21311475409836064,0.09392265193370165,0.10000000000582077,0.10000000000582077,1.0,1.0,up,opposed,0.21459227469060263,0.05000000000291038,0.05000000000291038,above,True,True,-3.7700000000040745,3.7700000000040745,0.6229508196721312,0.5248618784530387,aligned,opposed,0.0,0.0,balanced_or_unknown,False,flat_or_unknown
2026-03-21 11:03:00,2026-03-21,70573.6,70579.5,70573.5,70573.5,5.621,9.146,14.767,-3.5250000000000004,-0.23870792984357014,70575.8,87486.05,1.538e-05,0.0,0.0,False,2026-03-21.csv,3.5250000000000004,negative,0.23870792984357014,0.4098360655737705,0.2596685082872928,0.5081967213114754,0.292817679558011,-0.10000000000582077,6.0,0.016666666667636793,0.0,down,aligned,0.028368794327892414,-2.3000000000029104,2.3000000000029104,below,True,True,0.27000000000407454,0.27000000000407454,0.06557377049180328,0.07734806629834254,opposed,opposed,0.0,0.0,balanced_or_unknown,False,flat_or_unknown
2026-03-21 11:04:00,2026-03-21,70573.5,70573.6,70573.5,70573.6,2.069,1.903,3.972,0.16599999999999993,0.04179254783484389,70573.55,87486.76,1.583e-05,0.0,0.0,False,2026-03-21.csv,0.16599999999999993,positive,0.04179254783484389,0.03278688524590164,0.016574585635359115,0.06557377049180328,0.027624309392265192,0.10000000000582077,0.10000000000582077,1.0,1.0,up,aligned,0.602409638589282,0.05000000000291038,0.05000000000291038,above,True,True,0.7099999999918509,0.7099999999918509,0.16393442622950818,0.18232044198895028,aligned,aligned,0.0,0.0,balanced_or_unknown,False,flat_or_unknown
2026-03-21 11:05:00,2026-03-21,70573.5,70580.4,70573.5,70580.4,7.001,1.152,8.153,5.849,0.7174046363301851,70576.11,87490.07,1.614e-05,0.0,0.0,False,2026-03-21.csv,5.849,positive,0.7174046363301851,0.5409836065573771,0.39779005524861877,0.2459016393442623,0.11049723756906077,6.899999999994179,6.899999999994179,1.0,1.0,up,aligned,1.1796888356974147,4.289999999993597,4.289999999993597,above,True,True,3.3100000000122236,3.3100000000122236,0.5901639344262295,0.4972375690607735,aligned,aligned,0.0,0.0,balanced_or_unknown,False,flat_or_unknown
2026-03-21 11:06:00,2026-03-21,70580.3,70580.4,70571.3,70571.3,5.046,7.094,12.14,-2.048,-0.1686985172981878,70576.69,87491.85,1.614e-05,0.0,0.0,False,2026-03-21.csv,2.048,negative,0.1686985172981878,0.29508196721311475,0.14917127071823205,0.47540983606557374,0.2430939226519337,-9.0,9.099999999991269,0.989010989011938,0.0,down,aligned,4.39453125,-5.389999999999418,5.389999999999418,below,True,True,1.7799999999988358,1.7799999999988358,0.36065573770491804,0.3425414364640884,opposed,opposed,0.0,0.0,balanced_or_unknown,False,flat_or_unknown
2026-03-21 11:07:00,2026-03-21,70571.4,70573.9,70571.3,70573.8,3.25,2.036,5.286,1.214,0.22966326144532728,70572.96,87491.61,1.645e-05,0.0,0.0,False,2026-03-21.csv,1.214,positive,0.22966326144532728,0.21311475409836064,0.11049723756906077,0.14754098360655737,0.06629834254143646,2.400000000008731,2.599999999991269,0.9230769230833811,0.9615384615416905,up,aligned,1.9769357495953306,0.8399999999965075,0.8399999999965075,above,True,True,-0.2400000000052387,0.2400000000052387,0.04918032786885246,0.0718232044198895,opposed,opposed,0.0,0.0,balanced_or_unknown,False,flat_or_unknown
2026-03-21 11:08:00,2026-03-21,70573.8,70578.4,70562.5,70562.5,27.948,5.083,33.031,22.865000000000002,0.692228512609367,70574.04,87467.48,1.675e-05,0.0,0.0,False,2026-03-21.csv,22.865000000000002,positive,0.692228512609367,0.9344262295081968,0.8397790055248618,0.8852459016393442,0.6519337016574586,-11.30000000000291,15.89999999999418,0.7106918238998143,0.0,down,opposed,0.4942051169911616,-11.539999999993597,11.539999999993597,below,True,True,-24.130000000004657,24.130000000004657,0.9836065573770492,0.9226519337016574,opposed,aligned,0.0,0.0,balanced_or_unknown,False,flat_or_unknown
2026-03-21 11:09:00,2026-03-21,70562.5,70562.6,70550.0,70550.0,1.635,15.968,17.603,-14.333,-0.8142362097369766,70556.38,87465.89,1.696e-05,0.0,0.0,False,2026-03-21.csv,14.333,negative,0.8142362097369766,0.8360655737704918,0.6850828729281768,0.6065573770491803,0.3756906077348066,-12.5,12.60000000000582,0.9920634920630338,0.0,down,aligned,0.8721133049605805,-6.380000000004657,6.380000000004657,below,True,True,-1.5899999999965075,1.5899999999965075,0.3442622950819672,0.3259668508287293,aligned,aligned,0.0,0.0,balanced_or_unknown,False,flat_or_unknown
2026-03-21 11:10:00,2026-03-21,70550.1,70578.3,70550.0,70574.5,42.868,17.212,60.08,25.656000000000002,0.42703062583222373,70564.37,87465.89,1.696e-05,0.0,0.0,False,2026-03-21.csv,25.656000000000002,positive,0.42703062583222373,0.9344262295081968,0.850828729281768,0.9508196721311475,0.8287292817679558,24.39999999999418,28.30000000000291,0.8621908127205538,0.8657243816253527,up,aligned,0.9510445899592367,10.130000000004657,10.130000000004657,above,True,True,0.0,0.0,0.01639344262295082,0.011049723756906077,flat_or_unknown,flat_or_unknown,0.0,0.0,balanced_or_unknown,False,flat_or_unknown
2026-03-21 11:11:00,2026-03-21,70574.4,70574.4,70550.0,70550.1,1.935,10.142,12.077,-8.206999999999999,-0.6795561811708205,70555.47,87464.49,1.705e-05,0.0,0.0,False,2026-03-21.csv,8.206999999999999,negative,0.6795561811708205,0.6885245901639344,0.5082872928176796,0.47540983606557374,0.24861878453038674,-24.29999999998836,24.39999999999418,0.9959016393440228,0.004098360655977238,down,aligned,2.9608870476408384,-5.369999999995343,5.369999999995343,below,True,True,-1.3999999999941792,1.3999999999941792,0.3114754098360656,0.2983425414364641,aligned,aligned,0.0,0.0,balanced_or_unknown,False,flat_or_unknown
2026-03-21 11:12:00,2026-03-21,70550.0,70567.0,70527.8,70536.3,41.057,196.766,237.823,-155.709,-0.6547264141819756,70551.32,87457.91,1.723e-05,0.0,0.0,False,2026-03-21.csv,155.709,negative,0.6547264141819756,1.0,0.9834254143646409,0.9836065573770492,0.9834254143646409,-13.69999999999709,39.19999999999709,0.349489795918319,0.21683673469389364,down,aligned,0.08798463801062938,-15.020000000004075,15.020000000004075,below,True,True,-6.580000000001746,6.580000000001746,0.8524590163934426,0.7237569060773481,aligned,aligned,0.0,0.0,balanced_or_unknown,False,flat_or_unknown
2026-03-21 11:13:00,2026-03-21,70536.2,70539.4,70530.0,70539.4,19.495,41.678,61.173,-22.182999999999996,-0.362627302895068,70535.44,87408.53,1.723e-05,0.0,0.0,False,2026-03-21.csv,22.182999999999996,negative,0.362627302895068,0.8852459016393442,0.8287292817679558,0.9344262295081968,0.8342541436464088,3.1999999999970896,9.39999999999418,0.3404255319147948,1.0,up,opposed,0.14425460938543436,3.959999999991851,3.959999999991851,above,True,True,-49.38000000000466,49.38000000000466,1.0,0.9779005524861878,aligned,opposed,0.0,0.0,balanced_or_unknown,False,flat_or_unknown
2026-03-21 11:14:00,2026-03-21,70539.3,70551.6,70533.1,70551.5,6.409,13.874,20.283,-7.465000000000001,-0.36804220282995614,70541.19,87418.36,1.693e-05,0.0,0.0,False,2026-03-21.csv,7.465000000000001,negative,0.36804220282995614,0.6229508196721312,0.47513812154696133,0.6065573770491803,0.4143646408839779,12.19999999999709,18.5,0.6594594594593022,0.99459459459428,up,opposed,1.6342933690552028,10.309999999997672,10.309999999997672,above,True,True,9.830000000001746,9.830000000001746,0.8688524590163934,0.8232044198895028,opposed,aligned,0.0,0.0,balanced_or_unknown,True,flat_or_unknown
2026-03-21 11:15:00,2026-03-21,70551.4,70551.5,70525.1,70525.1,4.619,35.686,40.305,-31.067,-0.7707976677831535,70535.71,87421.18,1.668e-05,0.0,0.0,False,2026-03-21.csv,31.067,negative,0.7707976677831535,0.9508196721311475,0.8839779005524862,0.8688524590163934,0.7182320441988951,-26.29999999998836,26.39999999999418,0.9962121212119,0.0,down,aligned,0.8465574403704368,-10.610000000000582,10.610000000000582,below,True,True,2.819999999992433,2.819999999992433,0.5245901639344263,0.4696132596685083,opposed,opposed,0.0,0.0,balanced_or_unknown,True,flat_or_unknown
2026-03-21 11:16:00,2026-03-21,70525.1,70527.1,70525.1,70525.2,10.138,6.79,16.928,3.348,0.19777882797731566,70525.92,87431.73,1.636e-05,0.0,0.0,False,2026-03-21.csv,3.348,positive,0.19777882797731566,0.4262295081967213,0.26519337016574585,0.5409836065573771,0.36464088397790057,0.09999999999126885,2.0,0.049999999995634425,0.049999999995634425,up,aligned,0.02986857825306716,-0.7200000000011642,0.7200000000011642,below,True,True,10.55000000000291,10.55000000000291,0.8688524590163934,0.8342541436464088,aligned,aligned,0.0,0.0,balanced_or_unknown,True,flat_or_unknown
2026-03-21 11:17:00,2026-03-21,70525.2,70549.7,70525.2,70549.7,23.224,3.557,26.781,19.667,0.7343639147156568,70539.2,87425.04,1.636e-05,0.0,0.0,False,2026-03-21.csv,19.667,positive,0.7343639147156568,0.819672131147541,0.7955801104972375,0.7704918032786885,0.5469613259668509,24.5,24.5,1.0,1.0,up,aligned,1.2457415976000406,10.5,10.5,above,True,True,-6.690000000002328,6.690000000002328,0.8032786885245902,0.7292817679558011,opposed,opposed,0.0,0.0,balanced_or_unknown,True,flat_or_unknown
2026-03-21 11:18:00,2026-03-21,70549.7,70558.3,70549.6,70558.2,4.533,3.131,7.664,1.4020000000000006,0.1829331941544886,70552.82,87418.8,1.57e-05,0.0,0.0,False,2026-03-21.csv,1.4020000000000006,positive,0.1829331941544886,0.2459016393442623,0.12154696132596685,0.2459016393442623,0.11049723756906077,8.5,8.69999999999709,0.9770114942532004,0.9885057471257639,up,aligned,6.062767475035661,5.379999999990105,5.379999999990105,above,True,True,-6.239999999990687,6.239999999990687,0.7704918032786885,0.7016574585635359,opposed,opposed,0.0,0.0,balanced_or_unknown,True,flat_or_unknown
2026-03-21 11:19:00,2026-03-21,70558.3,70565.9,70550.6,70550.6,9.315,10.66,19.975,-1.3450000000000006,-0.06733416770963707,70563.02,87410.18,1.558e-05,0.0,0.0,False,2026-03-21.csv,1.3450000000000006,negative,0.06733416770963707,0.2459016393442623,0.12154696132596685,0.5737704918032787,0.425414364640884,-7.69999999999709,15.299999999988358,0.5032679738564019,0.0,down,aligned,5.724907063194859,-12.419999999998254,12.419999999998254,below,True,True,-8.620000000009895,8.620000000009895,0.8360655737704918,0.8011049723756906,aligned,aligned,0.0,0.0,balanced_or_unknown,True,flat_or_unknown
2026-03-21 11:20:00,2026-03-21,70550.6,70550.7,70550.6,70550.7,2.79,2.44,5.23,0.3500000000000001,0.06692160611854686,70550.65,87406.63,1.558e-05,0.0,0.0,False,2026-03-21.csv,0.3500000000000001,positive,0.06692160611854686,0.04918032786885246,0.022099447513812154,0.13114754098360656,0.06077348066298342,0.09999999999126885,0.09999999999126885,1.0,1.0,up,aligned,0.2857142856893395,0.05000000000291038,0.05000000000291038,above,True,True,-3.5499999999883585,3.5499999999883585,0.5573770491803278,0.5193370165745856,opposed,opposed,0.0,0.0,balanced_or_unknown,True,flat_or_unknown
2026-03-21 11:21:00,2026-03-21,70550.7,70557.9,70550.7,70557.8,6.626,3.819,10.445,2.8070000000000004,0.26874102441359504,70557.26,87406.49,1.599e-05,0.0,0.0,False,2026-03-21.csv,2.8070000000000004,positive,0.26874102441359504,0.4262295081967213,0.23204419889502761,0.32786885245901637,0.17679558011049723,7.100000000005821,7.19999999999709,0.9861111111123182,0.9861111111123182,up,aligned,2.5293908086946275,0.5400000000081491,0.5400000000081491,above,True,True,-0.13999999999941792,0.13999999999941792,0.03278688524590164,0.03314917127071823,opposed,opposed,0.0,0.0,balanced_or_unknown,True,flat_or_unknown
2026-03-21 11:22:00,2026-03-21,70557.9,70557.9,70552.0,70556.1,8.758,3.913,12.671,4.844999999999999,0.38236918948780674,70553.33,87403.76,1.616e-05,0.0,0.0,False,2026-03-21.csv,4.844999999999999,positive,0.38236918948780674,0.5573770491803278,0.3756906077348066,0.4918032786885246,0.287292817679558,-1.7999999999883585,5.899999999994179,0.3050847457610397,0.6949152542389603,down,opposed,0.37151702786137436,2.7700000000040745,2.7700000000040745,above,True,True,-2.7300000000104774,2.7300000000104774,0.47540983606557374,0.44751381215469616,opposed,aligned,0.0,0.0,balanced_or_unknown,True,flat_or_unknown
2026-03-21 11:23:00,2026-03-21,70556.1,70559.9,70555.0,70559.8,9.091,5.793,14.884,3.297999999999999,0.221580220370868,70557.52,87398.9,1.633e-05,0.0,0.0,False,2026-03-21.csv,3.297999999999999,positive,0.221580220370868,0.47540983606557374,0.287292817679558,0.5409836065573771,0.35359116022099446,3.6999999999970896,4.899999999994179,0.7551020408166296,0.9795918367364514,up,aligned,1.1218920557905065,2.279999999998836,2.279999999998836,above,True,True,-4.860000000000582,4.860000000000582,0.6721311475409836,0.6408839779005525,opposed,opposed,0.0,0.0,balanced_or_unknown,True,flat_or_unknown
2026-03-21 11:24:00,2026-03-21,70559.9,70559.9,70555.0,70555.1,6.871,2.47,9.341,4.401,0.47114869928273206,70557.05,87398.5,1.633e-05,0.0,0.0,False,2026-03-21.csv,4.401,positive,0.47114869928273206,0.5409836065573771,0.3425414364640884,0.29508196721311475,0.143646408839779,-4.7999999999883585,4.899999999994179,0.9795918367334817,0.020408163266518276,down,opposed,1.0906612133579547,-1.9499999999970896,1.9499999999970896,below,True,True,-0.39999999999417923,0.39999999999417923,0.14754098360655737,0.12154696132596685,opposed,aligned,0.0,0.0,balanced_or_unknown,True,flat_or_unknown
2026-03-21 11:25:00,2026-03-21,70555.1,70555.1,70555.0,70555.0,4.033,4.626,8.659,-0.593,-0.06848365862108788,70555.05,87396.39,1.67e-05,0.0,0.0,False,2026-03-21.csv,0.593,negative,0.06848365862108788,0.13114754098360656,0.06629834254143646,0.29508196721311475,0.143646408839779,-0.10000000000582077,0.10000000000582077,1.0,0.0,down,aligned,0.16863406409076015,-0.05000000000291038,0.05000000000291038,below,True,True,-2.110000000000582,2.110000000000582,0.45901639344262296,0.39779005524861877,aligned,aligned,0.0,0.0,balanced_or_unknown,True,flat_or_unknown
2026-03-21 11:26:00,2026-03-21,70555.1,70578.2,70555.0,70578.1,15.193,1.893,17.086,13.299999999999999,0.7784150766709587,70567.43,87396.37,1.674e-05,0.0,0.0,False,2026-03-21.csv,13.299999999999999,positive,0.7784150766709587,0.7704918032786885,0.6961325966850829,0.6229508196721312,0.425414364640884,23.0,23.19999999999709,0.991379310344952,0.9956896551727896,up,aligned,1.729323308270677,10.670000000012806,10.670000000012806,above,True,True,-0.020000000004074536,0.020000000004074536,0.03278688524590164,0.022099447513812154,opposed,opposed,0.0,0.0,balanced_or_unknown,True,flat_or_unknown
2026-03-21 11:27:00,2026-03-21,70578.2,70578.2,70570.7,70577.1,5.736,8.433,14.169,-2.697,-0.19034511962735548,70574.16,87391.96,1.674e-05,0.0,0.0,False,2026-03-21.csv,2.697,negative,0.19034511962735548,0.39344262295081966,0.23204419889502761,0.5245901639344263,0.3314917127071823,-1.0999999999912689,7.5,0.14666666666550252,0.8533333333344975,down,aligned,0.4078605858328768,2.9400000000023283,2.9400000000023283,above,True,True,-4.4099999999889405,4.4099999999889405,0.6885245901639344,0.6187845303867403,aligned,aligned,0.0,0.0,balanced_or_unknown,True,flat_or_unknown
2026-03-21 11:28:00,2026-03-21,70577.0,70577.1,70577.0,70577.1,3.809,1.471,5.28,2.338,0.4428030303030303,70577.07,87390.65,1.691e-05,0.0,0.0,False,2026-03-21.csv,2.338,positive,0.4428030303030303,0.3770491803278688,0.2154696132596685,0.16393442622950818,0.0718232044198895,0.10000000000582077,0.10000000000582077,1.0,1.0,up,aligned,0.042771599660316836,0.029999999998835847,0.029999999998835847,above,True,True,-1.3100000000122236,1.3100000000122236,0.29508196721311475,0.2983425414364641,opposed,opposed,0.0,0.0,balanced_or_unknown,True,flat_or_unknown
2026-03-21 11:29:00,2026-03-21,70577.0,70577.1,70577.0,70577.0,1.597,2.215,3.812,-0.6179999999999999,-0.16211962224554038,70577.04,87388.5,1.73e-05,0.0,0.0,False,2026-03-21.csv,0.6179999999999999,negative,0.16211962224554038,0.14754098360655737,0.0718232044198895,0.06557377049180328,0.027624309392265192,0.0,0.10000000000582077,0.0,0.0,flat_or_unknown,flat_or_unknown,0.0,-0.03999999999359716,0.03999999999359716,below,True,True,-2.1499999999941792,2.1499999999941792,0.5081967213114754,0.4143646408839779,aligned,flat_or_unknown,0.0,0.0,balanced_or_unknown,True,flat_or_unknown
2026-03-21 11:30:00,2026-03-21,70577.1,70577.1,70566.7,70570.1,3.799,12.582,16.381,-8.783000000000001,-0.5361699529943228,70571.56,87388.18,1.78e-05,0.002,0.008,False,2026-03-21.csv,8.783000000000001,negative,0.5361699529943228,0.7377049180327869,0.585635359116022,0.639344262295082,0.4088397790055249,-7.0,10.400000000008731,0.673076923076358,0.326923076923642,down,aligned,0.7969941933280199,-1.459999999991851,1.459999999991851,below,True,True,-0.3200000000069849,0.3200000000069849,0.13114754098360656,0.10497237569060773,aligned,aligned,0.01,-0.006,sell,True,aligned
2026-03-21 11:31:00,2026-03-21,70570.0,70570.9,70560.5,70570.9,11.522,3.822,15.344,7.7,0.5018248175182483,70567.1,87389.18,1.78e-05,0.011,0.002,False,2026-03-21.csv,7.7,positive,0.5018248175182483,0.7049180327868853,0.5469613259668509,0.6229508196721312,0.39226519337016574,0.8999999999941792,10.39999999999418,0.08653846153795028,1.0,up,aligned,0.11688311688236094,3.7999999999883585,3.7999999999883585,above,True,True,1.0,1.0,0.2786885245901639,0.2596685082872928,aligned,aligned,0.013,0.009,buy,True,aligned
2026-03-21 11:32:00,2026-03-21,70570.9,70570.9,70553.7,70553.7,2.558,10.582,13.14,-8.024000000000001,-0.6106544901065449,70561.54,87384.29,1.785e-05,0.0,0.0,False,2026-03-21.csv,8.024000000000001,negative,0.6106544901065449,0.7377049180327869,0.56353591160221,0.5573770491803278,0.3314917127071823,-17.19999999999709,17.19999999999709,1.0,0.0,down,aligned,2.1435692921232663,-7.8399999999965075,7.8399999999965075,below,True,True,-4.889999999999418,4.889999999999418,0.7213114754098361,0.6740331491712708,aligned,aligned,0.0,0.0,balanced_or_unknown,False,flat_or_unknown
2026-03-21 11:33:00,2026-03-21,70553.7,70553.7,70536.0,70536.0,1.389,8.804,10.193,-7.415,-0.7274600215834397,70544.26,87385.98,1.767e-05,0.0,0.0,False,2026-03-21.csv,7.415,negative,0.7274600215834397,0.6721311475409836,0.5359116022099447,0.3770491803278688,0.1878453038674033,-17.69999999999709,17.69999999999709,1.0,0.0,down,aligned,2.3870532703974496,-8.259999999994761,8.259999999994761,below,True,True,1.6900000000023283,1.6900000000023283,0.4262295081967213,0.35911602209944754,opposed,opposed,0.0,0.0,balanced_or_unknown,False,flat_or_unknown
2026-03-21 11:34:00,2026-03-21,70536.1,70563.2,70536.0,70563.1,11.663,1.721,13.384,9.942,0.7428272564255828,70551.24,87388.36,1.767e-05,0.0,0.0,False,2026-03-21.csv,9.942,positive,0.7428272564255828,0.8032786885245902,0.6574585635359116,0.5901639344262295,0.34806629834254144,27.0,27.19999999999709,0.9926470588236356,0.9963235294120854,up,aligned,2.715751357875679,11.860000000000582,11.860000000000582,above,True,True,2.3800000000046566,2.3800000000046566,0.5409836065573771,0.43646408839779005,aligned,aligned,0.0,0.0,balanced_or_unknown,False,flat_or_unknown
2026-03-21 11:35:00,2026-03-21,70563.1,70563.2,70563.1,70563.2,1.669,1.477,3.146,0.19199999999999995,0.06102987921169738,70563.15,87387.88,1.703e-05,0.002,0.0,False,2026-03-21.csv,0.19199999999999995,positive,0.06102987921169738,0.04918032786885246,0.022099447513812154,0.03278688524590164,0.016574585635359115,0.09999999999126885,0.09999999999126885,1.0,1.0,up,aligned,0.5208333332878587,0.05000000000291038,0.05000000000291038,above,True,True,-0.47999999999592546,0.47999999999592546,0.19672131147540983,0.13259668508287292,opposed,opposed,0.002,0.002,buy,True,aligned
2026-03-21 11:36:00,2026-03-21,70563.2,70571.3,70556.4,70556.4,6.546,10.592,17.138,-4.046,-0.23608355700781888,70564.36,87385.81,1.713e-05,0.0,0.0,False,2026-03-21.csv,4.046,negative,0.23608355700781888,0.5573770491803278,0.34806629834254144,0.7704918032786885,0.48066298342541436,-6.80000000000291,14.900000000008731,0.4563758389261024,0.0,down,aligned,1.6806722689082823,-7.960000000006403,7.960000000006403,below,True,True,-2.070000000006985,2.070000000006985,0.4918032786885246,0.40331491712707185,aligned,aligned,0.0,0.0,balanced_or_unknown,False,flat_or_unknown
2026-03-21 11:37:00,2026-03-21,70556.4,70562.0,70556.4,70561.9,4.088,0.545,4.633,3.543,0.7647312756313405,70559.23,87382.89,1.715e-05,0.0,0.0,False,2026-03-21.csv,3.543,positive,0.7647312756313405,0.5245901639344263,0.3314917127071823,0.11475409836065574,0.04419889502762431,5.5,5.600000000005821,0.9821428571418362,0.9821428571418362,up,aligned,1.552356759808072,2.6699999999982538,2.6699999999982538,above,True,True,-2.9199999999982538,2.9199999999982538,0.639344262295082,0.5359116022099447,opposed,opposed,0.0,0.0,balanced_or_unknown,False,flat_or_unknown
2026-03-21 11:38:00,2026-03-21,70562.0,70576.4,70561.9,70576.4,7.724,1.031,8.755,6.6930000000000005,0.7644774414620217,70570.22,87382.2,1.715e-05,0.0,0.0,False,2026-03-21.csv,6.6930000000000005,positive,0.7644774414620217,0.6557377049180327,0.5193370165745856,0.3442622950819672,0.1712707182320442,14.39999999999418,14.5,0.9931034482754606,1.0,up,aligned,2.1515015688023573,6.179999999993015,6.179999999993015,above,True,True,-0.6900000000023283,0.6900000000023283,0.22950819672131148,0.1878453038674033,opposed,opposed,0.0,0.0,balanced_or_unknown,False,flat_or_unknown
2026-03-21 11:39:00,2026-03-21,70576.4,70581.4,70576.3,70576.3,6.969,6.598,13.567,0.37100000000000044,0.027345765460308133,70578.01,87379.85,1.733e-05,0.0,0.0,False,2026-03-21.csv,0.37100000000000044,positive,0.027345765460308133,0.06557377049180328,0.03867403314917127,0.6229508196721312,0.3756906077348066,-0.09999999999126885,5.099999999991269,0.01960784313557648,0.0,down,opposed,0.2695417789522068,-1.709999999991851,1.709999999991851,below,True,True,-2.349999999991269,2.349999999991269,0.5409836065573771,0.4419889502762431,opposed,aligned,0.0,0.0,balanced_or_unknown,False,flat_or_unknown
2026-03-21 11:40:00,2026-03-21,70576.4,70580.3,70576.1,70576.2,8.515,6.627,15.142,1.8880000000000008,0.12468630299828298,70577.66,87379.17,1.794e-05,0.0,0.0,False,2026-03-21.csv,1.8880000000000008,positive,0.12468630299828298,0.29508196721311475,0.1712707182320442,0.6885245901639344,0.425414364640884,-0.19999999999708962,4.19999999999709,0.047619047618387665,0.023809523807461465,down,opposed,0.10593220338828895,-1.4600000000064028,1.4600000000064028,below,True,True,-0.680000000007567,0.680000000007567,0.22950819672131148,0.18232044198895028,opposed,aligned,0.0,0.0,balanced_or_unknown,False,flat_or_unknown
2026-03-21 11:41:00,2026-03-21,70576.2,70589.5,70576.1,70589.5,16.116,2.411,18.527,13.705,0.739731203108976,70581.8,87372.43,1.828e-05,0.0,0.0,False,2026-03-21.csv,13.705,positive,0.739731203108976,0.8688524590163934,0.7624309392265194,0.7868852459016393,0.5248618784530387,13.30000000000291,13.39999999999418,0.9925373134334842,1.0,up,aligned,0.9704487413354914,7.69999999999709,7.69999999999709,above,True,True,-6.740000000005239,6.740000000005239,0.8688524590163934,0.7845303867403315,opposed,opposed,0.0,0.0,balanced_or_unknown,False,flat_or_unknown
2026-03-21 11:42:00,2026-03-21,70589.4,70607.0,70575.4,70575.4,22.015,12.305,34.32,9.71,0.28292540792540793,70596.21,87368.62,1.828e-05,0.0,0.0,False,2026-03-21.csv,9.71,positive,0.28292540792540793,0.7704918032786885,0.6574585635359116,0.9180327868852459,0.7900552486187845,-14.0,31.60000000000582,0.4430379746834627,0.0,down,opposed,1.4418125643666322,-20.810000000012224,20.810000000012224,below,True,True,-3.8099999999976717,3.8099999999976717,0.6721311475409836,0.5911602209944752,opposed,aligned,0.0,0.0,balanced_or_unknown,False,flat_or_unknown
2026-03-21 11:43:00,2026-03-21,70575.5,70581.8,70575.4,70578.1,9.454,1.605,11.059,7.849,0.7097386743828556,70577.06,87367.25,1.886e-05,0.0,0.0,False,2026-03-21.csv,7.849,positive,0.7097386743828556,0.7213114754098361,0.580110497237569,0.4262295081967213,0.2541436464088398,2.6000000000058208,6.400000000008731,0.40625000000035527,0.42187500000124345,up,aligned,0.3312523888400842,1.040000000008149,1.040000000008149,above,True,True,-1.3699999999953434,1.3699999999953434,0.3114754098360656,0.30386740331491713,opposed,opposed,0.0,0.0,balanced_or_unknown,False,flat_or_unknown
2026-03-21 11:44:00,2026-03-21,70578.1,70605.7,70578.0,70605.7,13.204,1.892,15.096,11.312000000000001,0.7493375728669847,70585.34,87365.04,1.88e-05,0.0,0.0,False,2026-03-21.csv,11.312000000000001,positive,0.7493375728669847,0.819672131147541,0.7182320441988951,0.639344262295082,0.425414364640884,27.59999999999127,27.69999999999709,0.9963898916965404,1.0,up,aligned,2.439886845826668,20.360000000000582,20.360000000000582,above,True,True,-2.210000000006403,2.210000000006403,0.4918032786885246,0.425414364640884,opposed,opposed,0.0,0.0,balanced_or_unknown,False,flat_or_unknown
2026-03-21 11:45:00,2026-03-21,70605.7,70619.9,70605.6,70609.7,21.742,12.391,34.133,9.351,0.27395775349368645,70614.14,87363.17,1.88e-05,0.0,0.0,False,2026-03-21.csv,9.351,positive,0.27395775349368645,0.7704918032786885,0.6464088397790055,0.9016393442622951,0.7790055248618785,4.0,14.299999999988358,0.27972027972050745,0.2867132867129096,up,aligned,0.427761736712651,-4.440000000002328,4.440000000002328,below,True,True,-1.8699999999953434,1.8699999999953434,0.4426229508196721,0.3867403314917127,opposed,opposed,0.0,0.0,balanced_or_unknown,False,flat_or_unknown
2026-03-21 11:46:00,2026-03-21,70609.6,70609.6,70584.4,70584.4,10.622,8.152,18.774,2.4700000000000006,0.13156493022264837,70596.71,87355.78,1.916e-05,0.0,0.0,False,2026-03-21.csv,2.4700000000000006,positive,0.13156493022264837,0.3442622950819672,0.2596685082872928,0.7704918032786885,0.5359116022099447,-25.20000000001164,25.20000000001164,1.0,0.0,down,opposed,10.202429149802281,-12.310000000012224,12.310000000012224,below,True,True,-7.389999999999418,7.389999999999418,0.8688524590163934,0.7955801104972375,opposed,aligned,0.0,0.0,balanced_or_unknown,False,flat_or_unknown
2026-03-21 11:47:00,2026-03-21,70584.5,70595.2,70584.4,70585.8,8.186,7.909,16.095,0.27700000000000014,0.01721031376203791,70587.28,87355.14,1.965e-05,0.0,0.0,False,2026-03-21.csv,0.27700000000000014,positive,0.01721031376203791,0.04918032786885246,0.027624309392265192,0.6557377049180327,0.4585635359116022,1.3000000000029104,10.80000000000291,0.12037037037060741,0.12962962963040314,up,aligned,4.693140794234331,-1.4799999999959255,1.4799999999959255,below,True,True,-0.6399999999994179,0.6399999999994179,0.19672131147540983,0.1712707182320442,opposed,opposed,0.0,0.0,balanced_or_unknown,False,flat_or_unknown
2026-03-21 11:48:00,2026-03-21,70585.9,70604.6,70585.8,70599.0,11.774,23.286,35.06,-11.512000000000002,-0.3283513976041073,70599.54,87355.13,1.968e-05,0.0,0.0,False,2026-03-21.csv,11.512000000000002,negative,0.3283513976041073,0.8360655737704918,0.7403314917127072,0.9344262295081968,0.8121546961325967,13.10000000000582,18.80000000000291,0.6968085106384996,0.7021276595742045,up,opposed,1.137943015983827,-0.5399999999935972,0.5399999999935972,below,True,True,-0.00999999999476131,0.00999999999476131,0.03278688524590164,0.016574585635359115,aligned,opposed,0.0,0.0,balanced_or_unknown,False,flat_or_unknown
2026-03-21 11:49:00,2026-03-21,70599.0,70604.0,70594.3,70594.4,4.271,4.734,9.005,-0.4630000000000001,-0.05141588006662966,70598.47,87356.84,1.968e-05,0.0,0.0,False,2026-03-21.csv,0.4630000000000001,negative,0.05141588006662966,0.09836065573770492,0.06077348066298342,0.2786885245901639,0.17679558011049723,-4.600000000005821,9.69999999999709,0.4742268041244537,0.010309278349618438,down,aligned,9.935205183597883,-4.070000000006985,4.070000000006985,below,True,True,1.709999999991851,1.709999999991851,0.4098360655737705,0.3701657458563536,opposed,opposed,0.0,0.0,balanced_or_unknown,False,flat_or_unknown
2026-03-21 11:50:00,2026-03-21,70594.3,70594.4,70594.3,70594.4,2.117,0.775,2.892,1.342,0.4640387275242047,70594.37,87356.83,2.005e-05,0.0,0.0,False,2026-03-21.csv,1.342,positive,0.4640387275242047,0.2459016393442623,0.16022099447513813,0.03278688524590164,0.016574585635359115,0.09999999999126885,0.09999999999126885,1.0,1.0,up,aligned,0.07451564827963401,0.029999999998835847,0.029999999998835847,above,True,True,-0.00999999999476131,0.00999999999476131,0.04918032786885246,0.022099447513812154,opposed,opposed,0.0,0.0,balanced_or_unknown,True,flat_or_unknown
2026-03-21 11:51:00,2026-03-21,70594.3,70594.4,70594.3,70594.4,2.742,1.343,4.085,1.399,0.34247246022031824,70594.37,87355.59,1.997e-05,0.0,0.0,False,2026-03-21.csv,1.399,positive,0.34247246022031824,0.26229508196721313,0.1712707182320442,0.09836065573770492,0.049723756906077346,0.09999999999126885,0.09999999999126885,1.0,1.0,up,aligned,0.07147962829969182,0.029999999998835847,0.029999999998835847,above,True,True,-1.2400000000052387,1.2400000000052387,0.3114754098360656,0.292817679558011,opposed,opposed,0.0,0.0,balanced_or_unknown,True,flat_or_unknown
2026-03-21 11:52:00,2026-03-21,70594.4,70600.0,70579.6,70579.6,5.025,10.042,15.067,-5.0169999999999995,-0.3329793588637419,70591.27,87356.19,1.997e-05,0.0,0.0,False,2026-03-21.csv,5.0169999999999995,negative,0.3329793588637419,0.5573770491803278,0.4530386740331492,0.5901639344262295,0.43646408839779005,-14.799999999988358,20.39999999999418,0.7254901960780678,0.0,down,aligned,2.949970101652055,-11.669999999998254,11.669999999998254,below,True,True,0.6000000000058208,0.6000000000058208,0.19672131147540983,0.16574585635359115,opposed,opposed,0.0,0.0,balanced_or_unknown,True,flat_or_unknown
2026-03-21 11:53:00,2026-03-21,70579.6,70588.0,70574.8,70583.5,9.98,6.89,16.87,3.0900000000000007,0.18316538233550686,70581.7,87361.06,1.983e-05,0.0,0.0,False,2026-03-21.csv,3.0900000000000007,positive,0.18316538233550686,0.4262295081967213,0.3370165745856354,0.6721311475409836,0.4972375690607735,3.8999999999941792,13.19999999999709,0.2954545454541696,0.6590909090908339,up,aligned,1.2621359223282131,1.8000000000029104,1.8000000000029104,above,True,True,4.869999999995343,4.869999999995343,0.7868852459016393,0.7016574585635359,aligned,aligned,0.0,0.0,balanced_or_unknown,True,flat_or_unknown
2026-03-21 11:54:00,2026-03-21,70583.5,70592.5,70579.6,70579.6,4.751,5.9,10.651,-1.149,-0.10787719462961225,70588.48,87357.35,1.975e-05,0.0,0.0,False,2026-03-21.csv,1.149,negative,0.10787719462961225,0.21311475409836064,0.13812154696132597,0.36065573770491804,0.24861878453038674,-3.8999999999941792,12.89999999999418,0.302325581395034,0.0,down,aligned,3.394255874668563,-8.879999999990105,8.879999999990105,below,True,True,-3.709999999991851,3.709999999991851,0.7049180327868853,0.580110497237569,aligned,aligned,0.0,0.0,balanced_or_unknown,True,flat_or_unknown
2026-03-21 11:55:00,2026-03-21,70579.6,70579.7,70579.6,70579.7,2.388,2.179,4.567,0.20900000000000007,0.045763082986643326,70579.65,87358.25,1.975e-05,0.0,0.0,False,2026-03-21.csv,0.20900000000000007,positive,0.045763082986643326,0.04918032786885246,0.027624309392265192,0.11475409836065574,0.055248618784530384,0.09999999999126885,0.09999999999126885,1.0,1.0,up,aligned,0.47846889947975507,0.05000000000291038,0.05000000000291038,above,True,True,0.8999999999941792,0.8999999999941792,0.29508196721311475,0.2430939226519337,aligned,aligned,0.0,0.0,balanced_or_unknown,True,flat_or_unknown
2026-03-21 11:56:00,2026-03-21,70579.7,70579.7,70579.6,70579.6,7.26,1.413,8.673,5.8469999999999995,0.6741611898996887,70579.68,87358.5,1.975e-05,0.0,0.0,False,2026-03-21.csv,5.8469999999999995,positive,0.6741611898996887,0.5573770491803278,0.5027624309392266,0.26229508196721313,0.1878453038674033,-0.09999999999126885,0.09999999999126885,1.0,0.0,down,opposed,0.0171027877529107,-0.07999999998719431,0.07999999998719431,below,True,True,0.25,0.25,0.11475409836065574,0.08287292817679558,aligned,opposed,0.0,0.0,balanced_or_unknown,True,flat_or_unknown
2026-03-21 11:57:00,2026-03-21,70579.6,70602.6,70579.6,70596.8,23.456,3.739,27.195,19.717,0.7250229821658393,70592.27,87357.68,1.958e-05,0.0,0.0,False,2026-03-21.csv,19.717,positive,0.7250229821658393,0.9016393442622951,0.8784530386740331,0.8688524590163934,0.7016574585635359,17.19999999999709,23.0,0.7478260869563952,0.7478260869563952,up,aligned,0.8723436628288832,4.529999999998836,4.529999999998836,above,True,True,-0.8200000000069849,0.8200000000069849,0.29508196721311475,0.2154696132596685,opposed,opposed,0.0,0.0,balanced_or_unknown,True,flat_or_unknown
2026-03-21 11:58:00,2026-03-21,70596.8,70615.9,70596.8,70615.9,31.953,3.988,35.941,27.965,0.7780807434406387,70608.26,87363.82,1.971e-05,0.0,0.0,False,2026-03-21.csv,27.965,positive,0.7780807434406387,0.9672131147540983,0.9226519337016574,0.9344262295081968,0.8176795580110497,19.09999999999127,19.09999999999127,1.0,1.0,up,aligned,0.6829966028961655,7.639999999999418,7.639999999999418,above,True,True,6.14000000001397,6.14000000001397,0.8032786885245902,0.7734806629834254,aligned,aligned,0.0,0.0,balanced_or_unknown,True,flat_or_unknown
2026-03-21 11:59:00,2026-03-21,70615.9,70615.9,70615.0,70615.1,5.657,7.402,13.059,-1.745,-0.1336243203920668,70615.78,87360.25,1.971e-05,0.0,0.0,False,2026-03-21.csv,1.745,negative,0.1336243203920668,0.29508196721311475,0.1878453038674033,0.4426229508196721,0.3701657458563536,-0.7999999999883585,0.8999999999941792,0.8888888888817028,0.11111111111829725,down,aligned,0.45845272205636584,-0.6799999999930151,0.6799999999930151,below,True,True,-3.570000000006985,3.570000000006985,0.6885245901639344,0.585635359116022,aligned,aligned,0.0,0.0,balanced_or_unknown,True,flat_or_unknown
2026-03-21 12:00:00,2026-03-21,70615.1,70618.3,70615.0,70618.3,10.954,1.299,12.253,9.655000000000001,0.7879702929894721,70617.09,87357.48,1.984e-05,0.0,0.0,False,2026-03-21.csv,9.655000000000001,positive,0.7879702929894721,0.7377049180327869,0.6629834254143646,0.4262295081967213,0.3425414364640884,3.1999999999970896,3.3000000000029104,0.9696969696952326,1.0,up,aligned,0.3314344899013039,1.2100000000064028,1.2100000000064028,above,True,True,-2.7700000000040745,2.7700000000040745,0.5901639344262295,0.5248618784530387,opposed,opposed,0.0,0.0,balanced_or_unknown,True,flat_or_unknown
2026-03-21 12:01:00,2026-03-21,70618.2,70642.0,70618.2,70642.0,24.356,10.253,34.609,14.103000000000002,0.4074951602184403,70633.84,87349.71,1.995e-05,0.0,0.0,False,2026-03-21.csv,14.103000000000002,positive,0.4074951602184403,0.8524590163934426,0.7845303867403315,0.9016393442622951,0.8011049723756906,23.80000000000291,23.80000000000291,1.0,1.0,up,aligned,1.6875842019430551,8.160000000003492,8.160000000003492,above,True,True,-7.769999999989523,7.769999999989523,0.9180327868852459,0.8397790055248618,opposed,opposed,0.0,0.0,balanced_or_unknown,True,flat_or_unknown
2026-03-21 12:02:00,2026-03-21,70641.9,70658.2,70641.9,70650.1,20.972,27.331,48.303,-6.358999999999998,-0.1316481377968242,70651.67,87349.89,2.023e-05,0.0,0.0,False,2026-03-21.csv,6.358999999999998,negative,0.1316481377968242,0.5737704918032787,0.5027624309392266,0.9508196721311475,0.8729281767955801,8.200000000011642,16.30000000000291,0.5030674846632011,0.5030674846632011,up,opposed,1.2895109293932447,-1.569999999992433,1.569999999992433,below,True,True,0.17999999999301508,0.17999999999301508,0.09836065573770492,0.06077348066298342,opposed,aligned,0.0,0.0,balanced_or_unknown,True,flat_or_unknown
2026-03-21 12:03:00,2026-03-21,70650.1,70650.1,70625.5,70650.1,29.923,14.594,44.517,15.328999999999999,0.3443403643551901,70642.18,87345.52,2.023e-05,0.0,0.0,False,2026-03-21.csv,15.328999999999999,positive,0.3443403643551901,0.8688524590163934,0.8287292817679558,0.9344262295081968,0.850828729281768,0.0,24.60000000000582,0.0,1.0,flat_or_unknown,flat_or_unknown,0.0,7.920000000012806,7.920000000012806,above,True,True,-4.369999999995343,4.369999999995343,0.7377049180327869,0.6629834254143646,opposed,flat_or_unknown,0.0,0.0,balanced_or_unknown,True,flat_or_unknown
2026-03-21 12:04:00,2026-03-21,70650.1,70666.6,70650.0,70658.7,31.681,26.854,58.535,4.827000000000002,0.08246348338600841,70664.31,87340.56,2.056e-05,0.0,0.0,False,2026-03-21.csv,4.827000000000002,positive,0.08246348338600841,0.47540983606557374,0.43646408839779005,0.9508196721311475,0.9171270718232044,8.599999999991269,16.60000000000582,0.5180722891559189,0.5240963855418096,up,aligned,1.7816449140234651,-5.610000000000582,5.610000000000582,below,True,True,-4.960000000006403,4.960000000006403,0.8032786885245902,0.7292817679558011,opposed,opposed,0.0,0.0,balanced_or_unknown,True,flat_or_unknown
2026-03-21 12:05:00,2026-03-21,70658.6,70694.4,70658.6,70694.4,45.56,19.053,64.613,26.507,0.41024252085493634,70676.94,87331.31,2.101e-05,0.002,0.0,False,2026-03-21.csv,26.507,positive,0.41024252085493634,0.9508196721311475,0.9171270718232044,0.9836065573770492,0.9392265193370166,35.79999999998836,35.79999999998836,1.0,1.0,up,aligned,1.350586637491544,17.45999999999185,17.45999999999185,above,True,True,-9.25,9.25,0.9344262295081968,0.8784530386740331,opposed,opposed,0.002,0.002,buy,True,aligned
2026-03-21 12:06:00,2026-03-21,70694.3,70694.4,70640.0,70640.1,9.263,23.4,32.663,-14.136999999999999,-0.43281388727306125,70672.98,87335.73,2.101e-05,0.0,0.0,False,2026-03-21.csv,14.136999999999999,negative,0.43281388727306125,0.819672131147541,0.7900552486187845,0.7704918032786885,0.7513812154696132,-54.19999999999709,54.39999999999418,0.9963235294118178,0.0018382352942248432,down,aligned,3.833911013651913,-32.879999999990105,32.879999999990105,below,True,True,4.419999999998254,4.419999999998254,0.7213114754098361,0.6574585635359116,opposed,opposed,0.0,0.0,balanced_or_unknown,False,flat_or_unknown
2026-03-21 12:07:00,2026-03-21,70640.0,70646.5,70635.9,70640.1,20.835,9.634,30.469,11.201,0.3676195477370442,70638.86,87340.21,2.144e-05,0.0,0.0,False,2026-03-21.csv,11.201,positive,0.3676195477370442,0.7213114754098361,0.712707182320442,0.7540983606557377,0.7292817679558011,0.10000000000582077,10.60000000000582,0.009433962264694892,0.3962264150952203,up,aligned,0.008927774306385212,1.2400000000052387,1.2400000000052387,above,True,True,4.480000000010477,4.480000000010477,0.7213114754098361,0.6685082872928176,aligned,aligned,0.0,0.0,balanced_or_unknown,False,flat_or_unknown
2026-03-21 12:08:00,2026-03-21,70640.1,70644.5,70626.0,70644.5,8.036,7.96,15.996,0.07599999999999962,0.004751187796949214,70631.77,87333.99,2.099e-05,0.0,0.0,False,2026-03-21.csv,0.07599999999999962,positive,0.004751187796949214,0.01639344262295082,0.011049723756906077,0.5245901639344263,0.48066298342541436,4.399999999994179,18.5,0.2378378378375232,1.0,up,aligned,57.89473684202896,12.729999999995925,12.729999999995925,above,True,True,-6.220000000001164,6.220000000001164,0.8032786885245902,0.7790055248618785,opposed,opposed,0.0,0.0,balanced_or_unknown,False,flat_or_unknown
2026-03-21 12:09:00,2026-03-21,70644.6,70650.0,70644.6,70650.0,8.06,1.839,9.899,6.221,0.6284473179109001,70648.28,87336.15,2.046e-05,0.0,0.0,False,2026-03-21.csv,6.221,positive,0.6284473179109001,0.5081967213114754,0.4972375690607735,0.2459016393442623,0.2154696132596685,5.399999999994179,5.399999999994179,1.0,1.0,up,aligned,0.8680276482871209,1.7200000000011642,1.7200000000011642,above,True,True,2.1599999999889405,2.1599999999889405,0.47540983606557374,0.4419889502762431,aligned,aligned,0.0,0.0,balanced_or_unknown,False,flat_or_unknown
2026-03-21 12:10:00,2026-03-21,70650.0,70688.3,70650.0,70684.1,15.299,6.361,21.66,8.937999999999999,0.4126500461680517,70671.51,87335.97,2.046e-05,0.0,0.0,False,2026-03-21.csv,8.937999999999999,positive,0.4126500461680517,0.6721311475409836,0.6243093922651933,0.7213114754098361,0.6187845303867403,34.10000000000582,38.30000000000291,0.8903394255875516,0.8903394255875516,up,aligned,3.8151711792353797,12.59000000001106,12.59000000001106,above,True,True,-0.17999999999301508,0.17999999999301508,0.11475409836065574,0.06077348066298342,opposed,opposed,0.0,0.0,balanced_or_unknown,False,flat_or_unknown
2026-03-21 12:11:00,2026-03-21,70684.1,70687.2,70684.0,70684.1,5.501,20.425,25.926,-14.924,-0.5756383553189848,70685.83,87336.25,2.042e-05,0.0,0.0,False,2026-03-21.csv,14.924,negative,0.5756383553189848,0.8688524590163934,0.8176795580110497,0.7377049180327869,0.6795580110497238,0.0,3.1999999999970896,0.0,0.03125000000184741,flat_or_unknown,flat_or_unknown,0.0,-1.7299999999959255,1.7299999999959255,below,True,True,0.27999999999883585,0.27999999999883585,0.13114754098360656,0.10497237569060773,opposed,flat_or_unknown,0.0,0.0,balanced_or_unknown,False,flat_or_unknown
2026-03-21 12:12:00,2026-03-21,70684.1,70687.0,70684.0,70687.0,15.891,2.886,18.777,13.004999999999999,0.6926026521808595,70685.15,87336.44,2.098e-05,0.0,0.0,False,2026-03-21.csv,13.004999999999999,positive,0.6926026521808595,0.7868852459016393,0.7624309392265194,0.6721311475409836,0.580110497237569,2.8999999999941792,3.0,0.9666666666647264,1.0,up,aligned,0.22299115724676505,1.8500000000058208,1.8500000000058208,above,True,True,0.1900000000023283,0.1900000000023283,0.11475409836065574,0.0718232044198895,aligned,aligned,0.0,0.0,balanced_or_unknown,False,flat_or_unknown
2026-03-21 12:13:00,2026-03-21,70687.0,70700.0,70686.9,70700.0,32.254,3.157,35.411,29.096999999999998,0.8216938239530088,70694.68,87338.42,2.098e-05,0.0,0.0,False,2026-03-21.csv,29.096999999999998,positive,0.8216938239530088,0.9836065573770492,0.9668508287292817,0.8852459016393442,0.8342541436464088,13.0,13.10000000000582,0.9923664122132995,1.0,up,aligned,0.4467814551328316,5.320000000006985,5.320000000006985,above,True,True,1.9799999999959255,1.9799999999959255,0.4262295081967213,0.430939226519337,aligned,aligned,0.0,0.0,balanced_or_unknown,False,flat_or_unknown
2026-03-21 12:14:00,2026-03-21,70700.0,70700.0,70691.6,70691.9,22.397,13.478,35.875,8.918999999999999,0.24861324041811844,70693.47,87322.63,2.125e-05,0.002,0.0,False,2026-03-21.csv,8.918999999999999,positive,0.24861324041811844,0.6557377049180327,0.6243093922651933,0.9016393442622951,0.8397790055248618,-8.10000000000582,8.39999999999418,0.9642857142870754,0.035714285712924565,down,opposed,0.9081735620591795,-1.570000000006985,1.570000000006985,below,True,True,-15.789999999993597,15.789999999993597,1.0,0.9392265193370166,opposed,aligned,0.002,0.002,buy,True,aligned
2026-03-21 12:15:00,2026-03-21,70691.9,70696.8,70691.8,70696.8,4.934,4.387,9.321,0.5470000000000006,0.05868469048385373,70693.65,87321.2,2.145e-05,0.0,0.0,False,2026-03-21.csv,0.5470000000000006,positive,0.05868469048385373,0.13114754098360656,0.08839779005524862,0.22950819672131148,0.19889502762430938,4.900000000008731,5.0,0.9800000000017463,1.0,up,aligned,8.957952468023265,3.150000000008731,3.150000000008731,above,True,True,-1.430000000007567,1.430000000007567,0.3770491803278688,0.3425414364640884,opposed,opposed,0.0,0.0,balanced_or_unknown,False,flat_or_unknown
2026-03-21 12:16:00,2026-03-21,70696.8,70714.0,70673.6,70685.5,44.395,23.496,67.891,20.899000000000004,0.3078316713555553,70693.16,87322.66,2.147e-05,0.004,0.0,False,2026-03-21.csv,20.899000000000004,positive,0.3078316713555553,0.9508196721311475,0.9060773480662984,1.0,0.9613259668508287,-11.30000000000291,40.39999999999418,0.27970297029714203,0.2945544554454429,down,opposed,0.54069572706842,-7.6600000000034925,7.6600000000034925,below,True,True,1.4600000000064028,1.4600000000064028,0.39344262295081966,0.35359116022099446,aligned,opposed,0.004,0.004,buy,True,aligned
2026-03-21 12:17:00,2026-03-21,70685.4,70692.3,70669.8,70692.3,11.467,9.325,20.792,2.1420000000000012,0.10302039245863799,70679.52,87315.75,2.147e-05,0.0,0.0,False,2026-03-21.csv,2.1420000000000012,positive,0.10302039245863799,0.29508196721311475,0.24861878453038674,0.7049180327868853,0.6187845303867403,6.900000000008731,22.5,0.3066666666670547,1.0,up,aligned,3.2212885154102366,12.779999999998836,12.779999999998836,above,True,True,-6.9100000000034925,6.9100000000034925,0.9180327868852459,0.8287292817679558,opposed,opposed,0.0,0.0,balanced_or_unknown,False,flat_or_unknown
2026-03-21 12:18:00,2026-03-21,70692.2,70699.9,70686.5,70686.6,21.99,7.843,29.833,14.146999999999998,0.474206415714142,70696.06,87307.25,2.129e-05,0.0,0.0,False,2026-03-21.csv,14.146999999999998,positive,0.474206415714142,0.8852459016393442,0.7955801104972375,0.7704918032786885,0.7292817679558011,-5.599999999991269,13.39999999999418,0.417910447760724,0.007462686567601806,down,opposed,0.3958436417608871,-9.459999999991851,9.459999999991851,below,True,True,-8.5,8.5,0.9508196721311475,0.8784530386740331,opposed,aligned,0.0,0.0,balanced_or_unknown,False,flat_or_unknown
2026-03-21 12:19:00,2026-03-21,70686.5,70686.6,70661.4,70669.5,15.568,14.412,29.98,1.1559999999999988,0.03855903935957301,70669.95,87310.85,2.135e-05,0.0,0.0,False,2026-03-21.csv,1.1559999999999988,positive,0.03855903935957301,0.19672131147540983,0.14917127071823205,0.7704918032786885,0.7292817679558011,-17.0,25.20000000001164,0.674603174602863,0.32142857142865394,down,opposed,14.705882352941192,-0.4499999999970896,0.4499999999970896,below,True,True,3.6000000000058208,3.6000000000058208,0.6721311475409836,0.585635359116022,aligned,opposed,0.0,0.0,balanced_or_unknown,False,flat_or_unknown
2026-03-21 12:20:00,2026-03-21,70669.5,70669.5,70653.3,70664.9,11.144,9.854,20.998,1.290000000000001,0.06143442232593584,70657.3,87316.36,2.135e-05,0.0,0.0,False,2026-03-21.csv,1.290000000000001,positive,0.06143442232593584,0.21311475409836064,0.1712707182320442,0.6885245901639344,0.6243093922651933,-4.600000000005821,16.19999999999709,0.28395061728436094,0.7160493827156391,down,opposed,3.565891472872727,7.599999999991269,7.599999999991269,above,True,True,5.509999999994761,5.509999999994761,0.8524590163934426,0.7624309392265194,aligned,opposed,0.0,0.0,balanced_or_unknown,False,flat_or_unknown
2026-03-21 12:21:00,2026-03-21,70664.9,70664.9,70656.1,70656.1,3.192,10.547,13.739,-7.355,-0.5353373607977291,70663.76,87308.53,2.089e-05,0.0,0.0,False,2026-03-21.csv,7.355,negative,0.5353373607977291,0.5573770491803278,0.569060773480663,0.4098360655737705,0.40331491712707185,-8.799999999988358,8.799999999988358,1.0,0.0,down,aligned,1.1964649898012722,-7.6599999999889405,7.6599999999889405,below,True,True,-7.830000000001746,7.830000000001746,0.9508196721311475,0.8453038674033149,aligned,aligned,0.0,0.0,balanced_or_unknown,False,flat_or_unknown
2026-03-21 12:22:00,2026-03-21,70656.1,70714.1,70656.1,70714.1,75.241,6.263,81.504,68.978,0.8463142913231251,70685.38,87305.81,2.037e-05,0.0,0.0,False,2026-03-21.csv,68.978,positive,0.8463142913231251,1.0,0.9834254143646409,1.0,0.9668508287292817,58.0,58.0,1.0,1.0,up,aligned,0.8408478065470151,28.720000000001164,28.720000000001164,above,True,True,-2.720000000001164,2.720000000001164,0.5737704918032787,0.4972375690607735,opposed,opposed,0.0,0.0,balanced_or_unknown,False,flat_or_unknown
2026-03-21 12:23:00,2026-03-21,70714.1,70769.6,70714.0,70758.1,123.971,69.991,193.962,53.980000000000004,0.2783019354306514,70743.88,87260.46,2.014e-05,0.201,0.0,False,2026-03-21.csv,53.980000000000004,positive,0.2783019354306514,0.9836065573770492,0.9723756906077348,1.0,0.9834254143646409,44.0,55.60000000000582,0.7913669064747373,0.7931654676259209,up,aligned,0.8151167098925527,14.220000000001164,14.220000000001164,above,True,True,-45.34999999999127,45.34999999999127,1.0,0.988950276243094,opposed,opposed,0.201,0.201,buy,True,aligned
2026-03-21 12:24:00,2026-03-21,70758.1,70758.1,70727.8,70744.2,23.856,15.697,39.553,8.159000000000002,0.20628018102293133,70739.18,87247.71,2.014e-05,0.0,0.0,False,2026-03-21.csv,8.159000000000002,positive,0.20628018102293133,0.5901639344262295,0.6077348066298343,0.8852459016393442,0.856353591160221,-13.900000000008731,30.30000000000291,0.45874587458770283,0.5412541254122971,down,opposed,1.703640151980479,5.0200000000040745,5.0200000000040745,above,True,True,-12.75,12.75,0.9672131147540983,0.9116022099447514,opposed,aligned,0.0,0.0,balanced_or_unknown,False,flat_or_unknown
2026-03-21 12:25:00,2026-03-21,70744.1,70756.4,70733.1,70733.2,28.54,19.45,47.99,9.09,0.18941446134611375,70745.35,87239.17,2.083e-05,0.0,0.0,False,2026-03-21.csv,9.09,positive,0.18941446134611375,0.639344262295082,0.6408839779005525,0.9016393442622951,0.8950276243093923,-10.900000000008731,23.29999999998836,0.46781115879889174,0.004291845493189649,down,opposed,1.1991199119921596,-12.150000000008731,12.150000000008731,below,True,True,-8.540000000008149,8.540000000008149,0.9344262295081968,0.8729281767955801,opposed,aligned,0.0,0.0,balanced_or_unknown,False,flat_or_unknown
2026-03-21 12:26:00,2026-03-21,70733.2,70749.9,70732.4,70732.4,15.304,11.782,27.086,3.5220000000000002,0.130030273942258,70740.09,87241.33,2.054e-05,0.05,0.0,False,2026-03-21.csv,3.5220000000000002,positive,0.130030273942258,0.3442622950819672,0.35911602209944754,0.6557377049180327,0.6906077348066298,-0.8000000000029104,17.5,0.04571428571445202,0.0,down,opposed,0.2271436683710705,-7.690000000002328,7.690000000002328,below,True,True,2.1600000000034925,2.1600000000034925,0.4918032786885246,0.4585635359116022,aligned,opposed,0.05,0.05,buy,True,aligned
2026-03-21 12:27:00,2026-03-21,70732.4,70749.8,70727.8,70743.9,47.147,13.986,61.133,33.161,0.5424402532183927,70738.19,87250.69,2.054e-05,0.0,0.0,False,2026-03-21.csv,33.161,positive,0.5424402532183927,0.9672131147540983,0.9613259668508287,0.9344262295081968,0.9281767955801105,11.5,22.0,0.5227272727272727,0.7318181818177849,up,aligned,0.3467929193932632,5.709999999991851,5.709999999991851,above,True,True,9.360000000000582,9.360000000000582,0.9508196721311475,0.8895027624309392,aligned,aligned,0.0,0.0,balanced_or_unknown,False,flat_or_unknown
2026-03-21 12:28:00,2026-03-21,70743.9,70751.7,70743.8,70748.0,38.758,13.797,52.555,24.961000000000002,0.4749500523261346,70748.78,87282.89,2.029e-05,0.0,0.0,False,2026-03-21.csv,24.961000000000002,positive,0.4749500523261346,0.9016393442622951,0.9171270718232044,0.9016393442622951,0.9060773480662984,4.100000000005821,7.899999999994179,0.5189873417732711,0.5316455696202764,up,aligned,0.16425623973421818,-0.7799999999988358,0.7799999999988358,below,True,True,32.19999999999709,32.19999999999709,0.9836065573770492,0.9779005524861878,aligned,aligned,0.0,0.0,balanced_or_unknown,False,flat_or_unknown
2026-03-21 12:29:00,2026-03-21,70747.9,70755.5,70745.0,70745.1,24.766,12.373,37.139,12.392999999999999,0.33369234497428574,70748.82,87294.26,2.029e-05,0.0,0.0,False,2026-03-21.csv,12.392999999999999,positive,0.33369234497428574,0.7377049180327869,0.7458563535911602,0.819672131147541,0.850828729281768,-2.7999999999883585,10.5,0.26666666666555794,0.009523809524363883,down,opposed,0.22593399499623648,-3.720000000001164,3.720000000001164,below,True,True,11.369999999995343,11.369999999995343,0.9344262295081968,0.9005524861878453,aligned,opposed,0.0,0.0,balanced_or_unknown,False,flat_or_unknown
2026-03-21 12:30:00,2026-03-21,70745.1,70749.0,70727.4,70748.9,21.515,103.615,125.13,-82.1,-0.6561176376568368,70741.59,87267.1,2.081e-05,0.0,0.0,False,2026-03-21.csv,82.1,negative,0.6561176376568368,1.0,0.9834254143646409,0.9836065573770492,0.9779005524861878,3.7999999999883585,21.60000000000582,0.17592592592533957,0.9953703703701021,up,opposed,0.04628501827026015,7.309999999997672,7.309999999997672,above,True,True,-27.15999999998894,27.15999999998894,0.9672131147540983,0.9779005524861878,aligned,opposed,0.0,0.0,balanced_or_unknown,False,flat_or_unknown
2026-03-21 12:31:00,2026-03-21,70749.0,70751.0,70748.9,70751.0,15.002,7.639,22.641,7.363,0.3252064838125525,70749.35,87263.84,2.081e-05,0.0,0.0,False,2026-03-21.csv,7.363,positive,0.3252064838125525,0.45901639344262296,0.5580110497237569,0.5573770491803278,0.6298342541436464,2.0,2.1000000000058208,0.9523809523783126,1.0,up,aligned,0.2716284123319299,1.6499999999941792,1.6499999999941792,above,True,True,-3.2600000000093132,3.2600000000093132,0.5409836065573771,0.5580110497237569,opposed,opposed,0.0,0.0,balanced_or_unknown,False,flat_or_unknown
2026-03-21 12:32:00,2026-03-21,70750.9,70751.0,70705.6,70705.7,2.969,35.205,38.174,-32.236,-0.8444491014826845,70737.23,87281.17,2.109e-05,0.0,0.0,False,2026-03-21.csv,32.236,negative,0.8444491014826845,0.9344262295081968,0.9502762430939227,0.8032786885245902,0.850828729281768,-45.19999999999709,45.39999999999418,0.9955947136564512,0.0022026431716141337,down,aligned,1.4021590768084469,-31.529999999998836,31.529999999998836,below,True,True,17.330000000001746,17.330000000001746,0.9508196721311475,0.9447513812154696,opposed,opposed,0.0,0.0,balanced_or_unknown,False,flat_or_unknown
2026-03-21 12:33:00,2026-03-21,70705.7,70710.9,70687.1,70710.9,26.718,12.403,39.121,14.315,0.36591600419212184,70692.71,87281.8,2.121e-05,0.0,0.0,False,2026-03-21.csv,14.315,positive,0.36591600419212184,0.7868852459016393,0.7955801104972375,0.8032786885245902,0.850828729281768,5.19999999999709,23.79999999998836,0.2184873949579678,1.0,up,aligned,0.3632553265803067,18.189999999987776,18.189999999987776,above,True,True,0.6300000000046566,0.6300000000046566,0.16393442622950818,0.1878453038674033,aligned,aligned,0.0,0.0,balanced_or_unknown,False,flat_or_unknown
2026-03-21 12:34:00,2026-03-21,70710.9,70716.6,70703.2,70703.3,16.171,9.903,26.074,6.267999999999999,0.24039272838843287,70709.86,87287.81,2.121e-05,0.0,0.0,False,2026-03-21.csv,6.267999999999999,positive,0.24039272838843287,0.4098360655737705,0.4861878453038674,0.5409836065573771,0.6795580110497238,-7.599999999991269,13.400000000008731,0.5671641791034565,0.007462686567593702,down,opposed,1.212507977024772,-6.559999999997672,6.559999999997672,below,True,True,6.009999999994761,6.009999999994761,0.7049180327868853,0.7569060773480663,aligned,opposed,0.0,0.0,balanced_or_unknown,False,flat_or_unknown
2026-03-21 12:35:00,2026-03-21,70703.2,70709.3,70687.1,70687.2,4.09,11.381,15.471,-7.291,-0.4712688255445673,70700.12,87287.0,2.05e-05,0.0,0.0,False,2026-03-21.csv,7.291,negative,0.4712688255445673,0.45901639344262296,0.5414364640883977,0.32786885245901637,0.46408839779005523,-16.0,22.19999999999709,0.7207207207208152,0.0045045045041118,down,aligned,2.194486353037992,-12.919999999998254,12.919999999998254,below,True,True,-0.8099999999976717,0.8099999999976717,0.22950819672131148,0.22099447513812154,aligned,aligned,0.0,0.0,balanced_or_unknown,False,flat_or_unknown
2026-03-21 12:36:00,2026-03-21,70687.2,70687.2,70680.1,70680.2,5.356,5.815,11.171,-0.4590000000000005,-0.04108853280816405,70680.61,87285.83,2.017e-05,0.0,0.0,False,2026-03-21.csv,0.4590000000000005,negative,0.04108853280816405,0.08196721311475409,0.06629834254143646,0.19672131147540983,0.2983425414364641,-7.0,7.099999999991269,0.9859154929589589,0.014084507041041102,down,aligned,15.25054466230935,-0.41000000000349246,0.41000000000349246,below,True,True,-1.1699999999982538,1.1699999999982538,0.26229508196721313,0.287292817679558,aligned,aligned,0.0,0.0,balanced_or_unknown,False,flat_or_unknown
2026-03-21 12:37:00,2026-03-21,70680.2,70711.0,70680.1,70710.9,19.867,9.441,29.308,10.426,0.35573904735908285,70699.04,87286.26,1.924e-05,0.0,0.0,False,2026-03-21.csv,10.426,positive,0.35573904735908285,0.6229508196721312,0.6961325966850829,0.5737704918032787,0.7292817679558011,30.69999999999709,30.89999999999418,0.9935275080907079,0.9967637540451184,up,aligned,2.9445616727409445,11.860000000000582,11.860000000000582,above,True,True,0.4299999999930151,0.4299999999930151,0.13114754098360656,0.13812154696132597,aligned,aligned,0.0,0.0,balanced_or_unknown,False,flat_or_unknown
2026-03-21 12:38:00,2026-03-21,70711.0,70711.0,70688.4,70707.7,13.363,6.178,19.541,7.185,0.367688449925797,70699.25,87286.07,1.924e-05,0.0,0.0,False,2026-03-21.csv,7.185,positive,0.367688449925797,0.4262295081967213,0.5414364640883977,0.4262295081967213,0.569060773480663,-3.3000000000029104,22.60000000000582,0.14601769911513543,0.8539823008848646,down,opposed,0.4592901878918456,8.44999999999709,8.44999999999709,above,True,True,-0.1899999999877764,0.1899999999877764,0.08196721311475409,0.06077348066298342,opposed,aligned,0.0,0.0,balanced_or_unknown,False,flat_or_unknown
2026-03-21 12:39:00,2026-03-21,70707.7,70712.4,70707.6,70712.2,8.446,10.175,18.621,-1.729000000000001,-0.09285215616776764,70710.45,87292.75,1.936e-05,0.0,0.0,False,2026-03-21.csv,1.729000000000001,negative,0.09285215616776764,0.21311475409836064,0.20441988950276244,0.3770491803278688,0.5524861878453039,4.5,4.7999999999883585,0.9375000000022737,0.9583333333338386,up,opposed,2.602660497397338,1.75,1.75,above,True,True,6.679999999993015,6.679999999993015,0.7377049180327869,0.8011049723756906,opposed,aligned,0.0,0.0,balanced_or_unknown,False,flat_or_unknown
2026-03-21 12:40:00,2026-03-21,70712.3,70745.7,70712.3,70722.6,48.791,8.002,56.793,40.788999999999994,0.7182047083267303,70728.42,87307.17,1.947e-05,0.0,0.0,False,2026-03-21.csv,40.788999999999994,positive,0.7182047083267303,0.9508196721311475,0.9613259668508287,0.8852459016393442,0.9226519337016574,10.30000000000291,33.39999999999418,0.308383233533075,0.308383233533075,up,aligned,0.25251906151175346,-5.819999999992433,5.819999999992433,below,True,True,14.419999999998254,14.419999999998254,0.9180327868852459,0.9392265193370166,aligned,aligned,0.0,0.0,balanced_or_unknown,False,flat_or_unknown
2026-03-21 12:41:00,2026-03-21,70722.7,70722.7,70720.0,70722.5,13.034,2.323,15.357,10.711,0.6974669531809599,70720.85,87318.74,1.947e-05,0.0,0.0,False,2026-03-21.csv,10.711,positive,0.6974669531809599,0.6065573770491803,0.7071823204419889,0.26229508196721313,0.4585635359116022,-0.19999999999708962,2.6999999999970896,0.07407407407307601,0.925925925926924,down,opposed,0.018672392866874204,1.6499999999941792,1.6499999999941792,above,True,True,11.570000000006985,11.570000000006985,0.8852459016393442,0.9116022099447514,aligned,opposed,0.0,0.0,balanced_or_unknown,False,flat_or_unknown
2026-03-21 12:42:00,2026-03-21,70722.5,70722.5,70712.3,70720.0,6.239,3.549,9.788,2.69,0.2748263179403351,70717.62,87318.41,1.983e-05,0.0,0.0,False,2026-03-21.csv,2.69,positive,0.2748263179403351,0.26229508196721313,0.30386740331491713,0.11475409836065574,0.2154696132596685,-2.5,10.19999999999709,0.2450980392157562,0.7549019607842438,down,opposed,0.929368029739777,2.3800000000046566,2.3800000000046566,above,True,True,-0.33000000000174623,0.33000000000174623,0.14754098360655737,0.12154696132596685,opposed,aligned,0.0,0.0,balanced_or_unknown,False,flat_or_unknown
2026-03-21 12:43:00,2026-03-21,70720.1,70720.1,70720.0,70720.0,2.811,3.143,5.954,-0.33199999999999985,-0.05576083305340945,70720.05,87317.64,1.987e-05,0.0,0.0,False,2026-03-21.csv,0.33199999999999985,negative,0.05576083305340945,0.06557377049180328,0.03867403314917127,0.06557377049180328,0.11602209944751381,-0.10000000000582077,0.10000000000582077,1.0,0.0,down,aligned,0.301204819294641,-0.05000000000291038,0.05000000000291038,below,True,True,-0.7700000000040745,0.7700000000040745,0.22950819672131148,0.2265193370165746,aligned,aligned,0.0,0.0,balanced_or_unknown,False,flat_or_unknown
2026-03-21 12:44:00,2026-03-21,70720.0,70720.1,70720.0,70720.1,4.441,2.521,6.962,1.92,0.2757828210284401,70720.06,87316.42,2.003e-05,0.0,0.0,False,2026-03-21.csv,1.92,positive,0.2757828210284401,0.2459016393442623,0.23204419889502761,0.08196721311475409,0.13812154696132597,0.10000000000582077,0.10000000000582077,1.0,1.0,up,aligned,0.05208333333636499,0.04000000000814907,0.04000000000814907,above,True,True,-1.2200000000011642,1.2200000000011642,0.3114754098360656,0.3149171270718232,opposed,opposed,0.0,0.0,balanced_or_unknown,False,flat_or_unknown
2026-03-21 12:45:00,2026-03-21,70720.1,70723.0,70720.1,70723.0,11.226,2.819,14.045,8.407,0.5985760056959772,70720.99,87316.56,2.003e-05,0.0,0.0,False,2026-03-21.csv,8.407,positive,0.5985760056959772,0.5245901639344263,0.6243093922651933,0.26229508196721313,0.4088397790055249,2.8999999999941792,2.8999999999941792,1.0,1.0,up,aligned,0.3449506363737575,2.0099999999947613,2.0099999999947613,above,True,True,0.13999999999941792,0.13999999999941792,0.04918032786885246,0.03867403314917127,aligned,aligned,0.0,0.0,balanced_or_unknown,False,flat_or_unknown
2026-03-21 12:46:00,2026-03-21,70723.0,70725.0,70722.9,70724.9,4.045,6.841,10.886,-2.7960000000000003,-0.2568436523975749,70723.24,87324.42,2.02e-05,0.0,0.0,False,2026-03-21.csv,2.7960000000000003,negative,0.2568436523975749,0.3114754098360656,0.32044198895027626,0.19672131147540983,0.292817679558011,1.8999999999941792,2.1000000000058208,0.9047619047566251,0.9523809523783126,up,opposed,0.6795422031452715,1.6599999999889405,1.6599999999889405,above,True,True,7.860000000000582,7.860000000000582,0.7868852459016393,0.850828729281768,opposed,aligned,0.0,0.0,balanced_or_unknown,False,flat_or_unknown
2026-03-21 12:47:00,2026-03-21,70724.9,70727.8,70685.3,70699.3,8.462,23.29,31.752,-14.828,-0.46699420508944317,70704.89,87325.14,2.031e-05,0.0,0.0,False,2026-03-21.csv,14.828,negative,0.46699420508944317,0.7704918032786885,0.8121546961325967,0.639344262295082,0.7734806629834254,-25.59999999999127,42.5,0.6023529411762651,0.32941176470588235,down,aligned,1.726463447531108,-5.5899999999965075,5.5899999999965075,below,True,True,0.7200000000011642,0.7200000000011642,0.2459016393442623,0.22099447513812154,opposed,opposed,0.0,0.0,balanced_or_unknown,False,flat_or_unknown
2026-03-21 12:48:00,2026-03-21,70699.2,70699.3,70676.2,70676.2,3.067,12.48,15.547,-9.413,-0.6054544285071075,70685.5,87328.52,2.031e-05,0.0,0.0,False,2026-03-21.csv,9.413,negative,0.6054544285071075,0.5737704918032787,0.6574585635359116,0.3442622950819672,0.4861878453038674,-23.0,23.10000000000582,0.9956709956707448,0.0,down,aligned,2.4434292999043876,-9.30000000000291,9.30000000000291,below,True,True,3.3800000000046566,3.3800000000046566,0.5081967213114754,0.585635359116022,opposed,opposed,0.0,0.0,balanced_or_unknown,False,flat_or_unknown
2026-03-21 12:49:00,2026-03-21,70676.3,70692.4,70670.8,70692.3,29.455,11.558,41.013,17.897,0.4363738326871967,70675.08,87332.95,2.013e-05,0.0,0.0,False,2026-03-21.csv,17.897,positive,0.4363738326871967,0.8032786885245902,0.856353591160221,0.8032786885245902,0.8729281767955801,16.0,21.59999999999127,0.7407407407410401,0.9953703703707727,up,aligned,0.8940045817734816,17.220000000001164,17.220000000001164,above,True,True,4.429999999993015,4.429999999993015,0.5901639344262295,0.6795580110497238,aligned,aligned,0.0,0.0,balanced_or_unknown,False,flat_or_unknown
2026-03-21 12:50:00,2026-03-21,70692.3,70694.1,70692.1,70692.1,6.121,11.203,17.324,-5.081999999999999,-0.2933502655275917,70693.28,87335.47,1.943e-05,0.0,0.0,False,2026-03-21.csv,5.081999999999999,negative,0.2933502655275917,0.3442622950819672,0.46408839779005523,0.3770491803278688,0.5469613259668509,-0.19999999999708962,2.0,0.09999999999854481,0.0,down,aligned,0.03935458480855759,-1.179999999993015,1.179999999993015,below,True,True,2.5200000000040745,2.5200000000040745,0.4262295081967213,0.5027624309392266,opposed,opposed,0.0,0.0,balanced_or_unknown,False,flat_or_unknown
2026-03-21 12:51:00,2026-03-21,70692.2,70692.2,70682.8,70691.9,9.657,8.417,18.074,1.2400000000000002,0.06860683855261702,70686.71,87334.95,1.914e-05,0.0,0.0,False,2026-03-21.csv,1.2400000000000002,positive,0.06860683855261702,0.13114754098360656,0.1712707182320442,0.3770491803278688,0.5580110497237569,-0.3000000000029104,9.39999999999418,0.031914893617350656,0.9680851063826493,down,opposed,0.2419354838733148,5.189999999987776,5.189999999987776,above,True,True,-0.5200000000040745,0.5200000000040745,0.16393442622950818,0.1712707182320442,opposed,aligned,0.0,0.0,balanced_or_unknown,False,flat_or_unknown
2026-03-21 12:52:00,2026-03-21,70691.8,70700.1,70683.1,70683.1,39.542,8.104,47.646,31.438000000000002,0.6598245393107501,70692.51,87357.45,1.914e-05,0.0,0.0,False,2026-03-21.csv,31.438000000000002,positive,0.6598245393107501,0.9016393442622951,0.9447513812154696,0.819672131147541,0.8895027624309392,-8.69999999999709,17.0,0.5117647058821817,0.0,down,opposed,0.27673516126970826,-9.40999999998894,9.40999999998894,below,True,True,22.5,22.5,0.9508196721311475,0.9668508287292817,aligned,opposed,0.0,0.0,balanced_or_unknown,False,flat_or_unknown
2026-03-21 12:53:00,2026-03-21,70683.1,70693.8,70683.0,70693.5,22.257,3.614,25.871,18.643,0.7206138146959917,70685.06,87364.58,1.888e-05,0.0,0.0,False,2026-03-21.csv,18.643,positive,0.7206138146959917,0.7868852459016393,0.850828729281768,0.47540983606557374,0.6795580110497238,10.39999999999418,10.80000000000291,0.9629629629621645,0.9722222222219602,up,aligned,0.5578501314163052,8.440000000002328,8.440000000002328,above,True,True,7.130000000004657,7.130000000004657,0.7213114754098361,0.8176795580110497,aligned,aligned,0.0,0.0,balanced_or_unknown,False,flat_or_unknown
2026-03-21 12:54:00,2026-03-21,70693.6,70693.6,70686.0,70686.0,1.219,3.417,4.636,-2.1979999999999995,-0.4741156169111302,70687.07,87362.11,1.88e-05,0.0,0.0,False,2026-03-21.csv,2.1979999999999995,negative,0.4741156169111302,0.22950819672131148,0.287292817679558,0.03278688524590164,0.06629834254143646,-7.600000000005821,7.600000000005821,1.0,0.0,down,aligned,3.4576888080099284,-1.070000000006985,1.070000000006985,below,True,True,-2.470000000001164,2.470000000001164,0.39344262295081966,0.49171270718232046,aligned,aligned,0.0,0.0,balanced_or_unknown,False,flat_or_unknown
2026-03-21 12:55:00,2026-03-21,70686.0,70686.0,70676.7,70676.7,0.375,4.099,4.474,-3.724,-0.8323647742512293,70678.93,87361.46,1.88e-05,0.0,0.0,False,2026-03-21.csv,3.724,negative,0.8323647742512293,0.2786885245901639,0.39226519337016574,0.01639344262295082,0.055248618784530384,-9.30000000000291,9.30000000000291,1.0,0.0,down,aligned,2.4973147153606097,-2.2299999999959255,2.2299999999959255,below,True,True,-0.6499999999941792,0.6499999999941792,0.19672131147540983,0.20441988950276244,aligned,aligned,0.0,0.0,balanced_or_unknown,False,flat_or_unknown
2026-03-21 12:56:00,2026-03-21,70676.7,70693.8,70676.7,70693.6,13.178,4.362,17.54,8.816,0.5026225769669328,70684.79,87360.65,1.863e-05,0.0,0.0,False,2026-03-21.csv,8.816,positive,0.5026225769669328,0.47540983606557374,0.6243093922651933,0.32786885245901637,0.5414364640883977,16.90000000000873,17.10000000000582,0.9883040935674257,0.9883040935674257,up,aligned,1.916969147006435,8.810000000012224,8.810000000012224,above,True,True,-0.8100000000122236,0.8100000000122236,0.26229508196721313,0.2430939226519337,opposed,opposed,0.0,0.0,balanced_or_unknown,False,flat_or_unknown
2026-03-21 12:57:00,2026-03-21,70693.6,70693.7,70690.0,70690.1,3.269,2.881,6.15,0.38800000000000034,0.06308943089430899,70690.79,87361.75,1.85e-05,0.0,0.0,False,2026-03-21.csv,0.38800000000000034,positive,0.06308943089430899,0.04918032786885246,0.06077348066298342,0.06557377049180328,0.13259668508287292,-3.5,3.6999999999970896,0.94594594594669,0.027027027028621465,down,opposed,9.020618556701024,-0.6899999999877764,0.6899999999877764,below,True,True,1.1000000000058208,1.1000000000058208,0.2786885245901639,0.287292817679558,aligned,opposed,0.0,0.0,balanced_or_unknown,False,flat_or_unknown
2026-03-21 12:58:00,2026-03-21,70690.0,70690.1,70686.7,70686.7,1.934,5.857,7.791,-3.923,-0.5035297137723014,70689.92,87364.55,1.856e-05,0.0,0.0,False,2026-03-21.csv,3.923,negative,0.5035297137723014,0.29508196721311475,0.39779005524861877,0.09836065573770492,0.1712707182320442,-3.3000000000029104,3.400000000008731,0.9705882352924812,0.0,down,aligned,0.8411929645686745,-3.220000000001164,3.220000000001164,below,True,True,2.8000000000029104,2.8000000000029104,0.45901639344262296,0.5248618784530387,opposed,opposed,0.0,0.0,balanced_or_unknown,False,flat_or_unknown
2026-03-21 12:59:00,2026-03-21,70686.7,70686.8,70680.0,70680.1,0.806,3.883,4.689,-3.077,-0.6562166773299211,70683.16,87365.61,1.856e-05,0.0,0.0,False,2026-03-21.csv,3.077,negative,0.6562166773299211,0.26229508196721313,0.34806629834254144,0.04918032786885246,0.0718232044198895,-6.599999999991269,6.80000000000291,0.9705882352924182,0.014705882353790877,down,aligned,2.144946376337754,-3.0599999999976717,3.0599999999976717,below,True,True,1.0599999999976717,1.0599999999976717,0.26229508196721313,0.27624309392265195,opposed,opposed,0.0,0.0,balanced_or_unknown,False,flat_or_unknown
2026-03-21 13:00:00,2026-03-21,70680.0,70680.1,70680.0,70680.0,3.47,4.322,7.792,-0.8519999999999999,-0.10934291581108828,70680.04,87366.12,1.84e-05,0.0,0.0,False,2026-03-21.csv,0.8519999999999999,negative,0.10934291581108828,0.09836065573770492,0.1270718232044199,0.13114754098360656,0.17679558011049723,0.0,0.10000000000582077,0.0,0.0,flat_or_unknown,flat_or_unknown,0.0,-0.03999999999359716,0.03999999999359716,below,True,True,0.5099999999947613,0.5099999999947613,0.14754098360655737,0.14917127071823205,opposed,flat_or_unknown,0.0,0.0,balanced_or_unknown,False,flat_or_unknown
2026-03-21 13:01:00,2026-03-21,70680.0,70704.5,70680.0,70704.5,23.215,6.187,29.402,17.028,0.5791442758995986,70692.62,87361.62,1.802e-05,0.0,0.0,False,2026-03-21.csv,17.028,positive,0.5791442758995986,0.7868852459016393,0.8287292817679558,0.5737704918032787,0.7292817679558011,24.5,24.5,1.0,1.0,up,aligned,1.438806671364811,11.880000000004657,11.880000000004657,above,True,True,-4.5,4.5,0.6065573770491803,0.6906077348066298,opposed,opposed,0.0,0.0,balanced_or_unknown,False,flat_or_unknown
2026-03-21 13:02:00,2026-03-21,70704.5,70704.7,70697.5,70697.5,8.65,14.437,23.087,-5.786999999999999,-0.25066054489539563,70703.67,87358.45,1.802e-05,0.0,0.0,False,2026-03-21.csv,5.786999999999999,negative,0.25066054489539563,0.36065573770491804,0.46408839779005523,0.4918032786885246,0.6519337016574586,-7.0,7.19999999999709,0.9722222222226152,0.0,down,aligned,1.2096077414895456,-6.169999999998254,6.169999999998254,below,True,True,-3.1699999999982538,3.1699999999982538,0.4918032786885246,0.569060773480663,aligned,aligned,0.0,0.0,balanced_or_unknown,False,flat_or_unknown
2026-03-21 13:03:00,2026-03-21,70697.5,70697.6,70677.6,70677.7,1.183,7.355,8.538,-6.172000000000001,-0.7228859217615367,70682.71,87355.87,1.832e-05,0.0,0.0,False,2026-03-21.csv,6.172000000000001,negative,0.7228859217615367,0.3770491803278688,0.4861878453038674,0.14754098360655737,0.1878453038674033,-19.80000000000291,20.0,0.9900000000001455,0.004999999999563442,down,aligned,3.2080362929363107,-5.010000000009313,5.010000000009313,below,True,True,-2.5800000000017462,2.5800000000017462,0.4426229508196721,0.4972375690607735,aligned,aligned,0.0,0.0,balanced_or_unknown,False,flat_or_unknown
2026-03-21 13:04:00,2026-03-21,70677.6,70677.7,70673.9,70673.9,1.681,6.843,8.524,-5.162,-0.6055842327545754,70677.48,87358.01,1.84e-05,0.0,0.0,False,2026-03-21.csv,5.162,negative,0.6055842327545754,0.36065573770491804,0.46408839779005523,0.14754098360655737,0.1878453038674033,-3.7000000000116415,3.8000000000029104,0.9736842105286336,0.0,down,aligned,0.7167764432413098,-3.5800000000017462,3.5800000000017462,below,True,True,2.139999999999418,2.139999999999418,0.3770491803278688,0.43646408839779005,opposed,opposed,0.0,0.0,balanced_or_unknown,False,flat_or_unknown
2026-03-21 13:05:00,2026-03-21,70674.0,70677.1,70668.5,70668.5,2.938,12.155,15.093,-9.216999999999999,-0.6106804478897502,70673.58,87360.56,1.825e-05,0.0,0.0,False,2026-03-21.csv,9.216999999999999,negative,0.6106804478897502,0.5901639344262295,0.6464088397790055,0.29508196721311475,0.43646408839779005,-5.5,8.60000000000582,0.6395348837204974,0.0,down,aligned,0.5967234458066617,-5.080000000001746,5.080000000001746,below,True,True,2.5500000000029104,2.5500000000029104,0.45901639344262296,0.49171270718232046,opposed,opposed,0.0,0.0,balanced_or_unknown,False,flat_or_unknown
2026-03-21 13:06:00,2026-03-21,70668.5,70693.8,70668.5,70693.7,17.292,8.556,25.848,8.736000000000002,0.33797585886722387,70680.01,87368.45,1.825e-05,0.0,0.0,False,2026-03-21.csv,8.736000000000002,positive,0.33797585886722387,0.5245901639344263,0.6187845303867403,0.5573770491803278,0.6795580110497238,25.19999999999709,25.30000000000291,0.99604743082981,0.99604743082981,up,aligned,2.8846153846150506,13.690000000002328,13.690000000002328,above,True,True,7.889999999999418,7.889999999999418,0.7868852459016393,0.856353591160221,aligned,aligned,0.0,0.0,balanced_or_unknown,False,flat_or_unknown
2026-03-21 13:07:00,2026-03-21,70693.8,70713.4,70693.7,70696.5,34.006,8.111,42.117,25.895,0.6148348647814422,70703.85,87366.2,1.805e-05,0.0,0.0,False,2026-03-21.csv,25.895,positive,0.6148348647814422,0.8688524590163934,0.9060773480662984,0.8524590163934426,0.8784530386740331,2.6999999999970896,19.69999999999709,0.1370558375633243,0.1421319796956002,up,aligned,0.10426723305646224,-7.350000000005821,7.350000000005821,below,True,True,-2.25,2.25,0.4262295081967213,0.4585635359116022,opposed,opposed,0.0,0.0,balanced_or_unknown,False,flat_or_unknown
2026-03-21 13:08:00,2026-03-21,70696.6,70708.1,70696.0,70708.1,10.513,4.099,14.612,6.414,0.43895428415001364,70697.23,87358.67,1.818e-05,0.0,0.0,False,2026-03-21.csv,6.414,positive,0.43895428415001364,0.4262295081967213,0.5082872928176796,0.29508196721311475,0.4198895027624309,11.5,12.10000000000582,0.9504132231400386,1.0,up,aligned,1.7929529154973496,10.870000000009895,10.870000000009895,above,True,True,-7.529999999998836,7.529999999998836,0.7377049180327869,0.8287292817679558,opposed,opposed,0.0,0.0,balanced_or_unknown,False,flat_or_unknown
2026-03-21 13:09:00,2026-03-21,70708.0,70708.1,70696.1,70696.1,3.303,10.213,13.516,-6.909999999999999,-0.5112459307487421,70705.44,87356.71,1.818e-05,0.0,0.0,False,2026-03-21.csv,6.909999999999999,negative,0.5112459307487421,0.4262295081967213,0.5414364640883977,0.26229508196721313,0.39226519337016574,-11.89999999999418,12.0,0.9916666666661816,0.0,down,aligned,1.7221418234434414,-9.339999999996508,9.339999999996508,below,True,True,-1.959999999991851,1.959999999991851,0.36065573770491804,0.40331491712707185,aligned,aligned,0.0,0.0,balanced_or_unknown,False,flat_or_unknown
2026-03-21 13:10:00,2026-03-21,70696.2,70713.4,70694.0,70713.3,8.109,5.251,13.36,2.8579999999999997,0.21392215568862274,70701.22,87360.6,1.825e-05,0.0,0.0,False,2026-03-21.csv,2.8579999999999997,positive,0.21392215568862274,0.2459016393442623,0.3259668508287293,0.2459016393442623,0.3812154696132597,17.10000000000582,19.39999999999418,0.8814432989696367,0.9948453608251908,up,aligned,5.983205038490491,12.080000000001746,12.080000000001746,above,True,True,3.889999999999418,3.889999999999418,0.6065573770491803,0.6408839779005525,aligned,aligned,0.0,0.0,balanced_or_unknown,False,flat_or_unknown
2026-03-21 13:11:00,2026-03-21,70713.4,70722.2,70713.3,70722.1,21.3,3.909,25.209,17.391000000000002,0.6898726645245746,70719.74,87363.13,1.819e-05,0.0,0.0,False,2026-03-21.csv,17.391000000000002,positive,0.6898726645245746,0.7868852459016393,0.8397790055248618,0.5573770491803278,0.6795580110497238,8.700000000011642,8.89999999999418,0.9775280898895878,0.9887640449447939,up,aligned,0.5002587545288736,2.360000000000582,2.360000000000582,above,True,True,2.529999999998836,2.529999999998836,0.45901639344262296,0.4972375690607735,aligned,aligned,0.0,0.0,balanced_or_unknown,False,flat_or_unknown
2026-03-21 13:12:00,2026-03-21,70722.2,70722.2,70722.1,70722.1,9.96,2.175,12.135,7.785000000000001,0.6415327564894933,70722.18,87358.22,1.85e-05,0.0,0.0,False,2026-03-21.csv,7.785000000000001,positive,0.6415327564894933,0.5081967213114754,0.5966850828729282,0.2459016393442623,0.34806629834254144,-0.09999999999126885,0.09999999999126885,1.0,0.0,down,opposed,0.012845215156232348,-0.07999999998719431,0.07999999998719431,below,True,True,-4.9100000000034925,4.9100000000034925,0.639344262295082,0.7182320441988951,opposed,aligned,0.0,0.0,balanced_or_unknown,False,flat_or_unknown
2026-03-21 13:13:00,2026-03-21,70722.2,70734.4,70716.2,70716.2,21.873,10.785,32.658,11.088000000000001,0.33951864780451957,70725.01,87361.09,1.85e-05,0.0,0.331,False,2026-03-21.csv,11.088000000000001,positive,0.33951864780451957,0.6885245901639344,0.7182320441988951,0.7213114754098361,0.7845303867403315,-6.0,18.19999999999709,0.3296703296703824,0.0,down,opposed,0.5411255411255411,-8.809999999997672,8.809999999997672,below,True,True,2.8699999999953434,2.8699999999953434,0.5081967213114754,0.5414364640883977,aligned,opposed,0.331,-0.331,sell,True,opposed
2026-03-21 13:14:00,2026-03-21,70716.3,70716.3,70713.1,70713.2,1.73,5.116,6.846,-3.3859999999999997,-0.49459538416593624,70714.96,87361.76,1.878e-05,0.0,0.0,False,2026-03-21.csv,3.3859999999999997,negative,0.49459538416593624,0.2786885245901639,0.36464088397790057,0.09836065573770492,0.143646408839779,-3.1000000000058208,3.1999999999970896,0.9687500000027001,0.031249999997299938,down,aligned,0.9155345540477913,-1.7600000000093132,1.7600000000093132,below,True,True,0.6699999999982538,0.6699999999982538,0.14754098360655737,0.17679558011049723,opposed,opposed,0.0,0.0,balanced_or_unknown,False,flat_or_unknown
2026-03-21 13:15:00,2026-03-21,70713.2,70714.4,70713.1,70714.3,5.352,2.117,7.469,3.2350000000000003,0.4331235774534744,70713.81,87361.81,1.873e-05,0.0,0.0,False,2026-03-21.csv,3.2350000000000003,positive,0.4331235774534744,0.2786885245901639,0.34806629834254144,0.13114754098360656,0.15469613259668508,1.1000000000058208,1.2999999999883585,0.846153846165901,0.9230769230829505,up,aligned,0.3400309119028812,0.4900000000052387,0.4900000000052387,above,True,True,0.05000000000291038,0.05000000000291038,0.01639344262295082,0.027624309392265192,aligned,aligned,0.0,0.0,balanced_or_unknown,False,flat_or_unknown
2026-03-21 13:16:00,2026-03-21,70714.4,70725.0,70714.3,70724.9,10.768,1.172,11.94,9.596,0.8036850921273032,70718.6,87360.97,1.873e-05,0.0,0.0,False,2026-03-21.csv,9.596,positive,0.8036850921273032,0.6557377049180327,0.6795580110497238,0.26229508196721313,0.3425414364640884,10.5,10.69999999999709,0.9813084112152202,0.9906542056069301,up,aligned,1.094205919132972,6.2999999999883585,6.2999999999883585,above,True,True,-0.8399999999965075,0.8399999999965075,0.2459016393442623,0.2430939226519337,opposed,opposed,0.0,0.0,balanced_or_unknown,False,flat_or_unknown
2026-03-21 13:17:00,2026-03-21,70724.9,70748.6,70724.9,70743.8,20.355,2.675,23.03,17.68,0.76769431176726,70733.46,87361.43,1.869e-05,0.0,0.0,False,2026-03-21.csv,17.68,positive,0.76769431176726,0.819672131147541,0.8453038674033149,0.5737704918032787,0.6574585635359116,18.90000000000873,23.70000000001164,0.7974683544303565,0.7974683544303565,up,aligned,1.0690045248873716,10.339999999996508,10.339999999996508,above,True,True,0.4599999999918509,0.4599999999918509,0.09836065573770492,0.13812154696132597,aligned,aligned,0.0,0.0,balanced_or_unknown,True,flat_or_unknown
2026-03-21 13:18:00,2026-03-21,70744.1,70749.6,70742.1,70747.8,12.775,7.902,20.677,4.873,0.23567248633747645,70746.59,87352.82,1.904e-05,0.0,0.0,False,2026-03-21.csv,4.873,positive,0.23567248633747645,0.32786885245901637,0.43646408839779005,0.5245901639344263,0.6187845303867403,3.6999999999970896,7.5,0.49333333333294527,0.759999999999612,up,aligned,0.7592858608653991,1.2100000000064028,1.2100000000064028,above,True,True,-8.60999999998603,8.60999999998603,0.8360655737704918,0.8729281767955801,opposed,opposed,0.0,0.0,balanced_or_unknown,True,flat_or_unknown
2026-03-21 13:19:00,2026-03-21,70747.8,70759.6,70747.7,70759.5,23.103,5.42,28.523,17.683,0.6199558251235845,70751.12,87353.96,1.957e-05,0.0,0.0,False,2026-03-21.csv,17.683,positive,0.6199558251235845,0.819672131147541,0.8453038674033149,0.6885245901639344,0.7348066298342542,11.69999999999709,11.900000000008731,0.9831932773099584,0.9915966386549792,up,aligned,0.6616524345414856,8.380000000004657,8.380000000004657,above,True,True,1.139999999999418,1.139999999999418,0.3114754098360656,0.287292817679558,aligned,aligned,0.0,0.0,balanced_or_unknown,True,flat_or_unknown
2026-03-21 13:20:00,2026-03-21,70759.6,70785.1,70759.5,70776.0,43.045,19.092,62.137,23.953000000000003,0.3854869079614401,70774.11,87343.14,1.957e-05,0.111,0.0,False,2026-03-21.csv,23.953000000000003,positive,0.3854869079614401,0.8524590163934426,0.8950276243093923,0.9508196721311475,0.9502762430939227,16.39999999999418,25.60000000000582,0.640624999999627,0.6445312499998535,up,aligned,0.6846741535504604,1.889999999999418,1.889999999999418,above,True,True,-10.820000000006985,10.820000000006985,0.8524590163934426,0.9005524861878453,opposed,opposed,0.111,0.111,buy,True,aligned
2026-03-21 13:21:00,2026-03-21,70776.0,70776.0,70725.4,70725.4,7.109,31.415,38.524,-24.305999999999997,-0.630931367459246,70752.63,87354.38,2.012e-05,0.0,0.0,False,2026-03-21.csv,24.305999999999997,negative,0.630931367459246,0.8524590163934426,0.8950276243093923,0.7868852459016393,0.856353591160221,-50.60000000000582,50.60000000000582,1.0,0.0,down,aligned,2.081790504402445,-27.230000000010477,27.230000000010477,below,True,True,11.240000000005239,11.240000000005239,0.8524590163934426,0.9005524861878453,opposed,opposed,0.0,0.0,balanced_or_unknown,False,flat_or_unknown
2026-03-21 13:22:00,2026-03-21,70725.2,70726.1,70711.0,70711.1,29.373,12.16,41.533,17.213,0.4144415284231816,70717.98,87368.76,2.024e-05,0.0,0.0,False,2026-03-21.csv,17.213,positive,0.4144415284231816,0.7377049180327869,0.8121546961325967,0.8360655737704918,0.8784530386740331,-14.099999999991269,15.10000000000582,0.933774834436148,0.006622516556674319,down,opposed,0.8191483181311374,-6.879999999990105,6.879999999990105,below,True,True,14.379999999990105,14.379999999990105,0.9016393442622951,0.9337016574585635,aligned,opposed,0.0,0.0,balanced_or_unknown,False,flat_or_unknown
2026-03-21 13:23:00,2026-03-21,70711.1,70711.1,70684.6,70690.0,6.725,19.268,25.993,-12.543000000000001,-0.48255299503712545,70693.42,87372.96,2.024e-05,0.104,0.0,False,2026-03-21.csv,12.543000000000001,negative,0.48255299503712545,0.6885245901639344,0.7403314917127072,0.6229508196721312,0.7016574585635359,-21.10000000000582,26.5,0.7962264150945593,0.20377358490544073,down,aligned,1.6822131866384293,-3.4199999999982538,3.4199999999982538,below,True,True,4.2000000000116415,4.2000000000116415,0.6065573770491803,0.6408839779005525,opposed,opposed,0.104,0.104,buy,True,opposed
2026-03-21 13:24:00,2026-03-21,70690.1,70696.0,70684.6,70690.8,7.81,16.35,24.16,-8.540000000000003,-0.3534768211920531,70691.27,87379.26,1.951e-05,0.0,0.0,False,2026-03-21.csv,8.540000000000003,negative,0.3534768211920531,0.5245901639344263,0.6077348066298343,0.5737704918032787,0.6574585635359116,0.6999999999970896,11.39999999999418,0.06140350877170588,0.5438596491228294,up,opposed,0.08196721311441328,-0.47000000000116415,0.47000000000116415,below,True,True,6.2999999999883585,6.2999999999883585,0.6885245901639344,0.7679558011049724,opposed,aligned,0.0,0.0,balanced_or_unknown,False,flat_or_unknown
2026-03-21 13:25:00,2026-03-21,70690.8,70696.0,70684.6,70696.0,13.225,16.379,29.604,-3.1540000000000017,-0.10653965680313478,70689.48,87381.41,1.908e-05,0.0,0.0,False,2026-03-21.csv,3.1540000000000017,negative,0.10653965680313478,0.21311475409836064,0.3314917127071823,0.7377049180327869,0.7403314917127072,5.19999999999709,11.39999999999418,0.4561403508771706,1.0,up,opposed,1.6487000634106173,6.5200000000040745,6.5200000000040745,above,True,True,2.150000000008731,2.150000000008731,0.39344262295081966,0.4419889502762431,opposed,aligned,0.0,0.0,balanced_or_unknown,False,flat_or_unknown
2026-03-21 13:26:00,2026-03-21,70695.9,70716.5,70695.9,70716.5,11.745,2.718,14.463,9.027,0.6241443683883011,70700.67,87379.26,1.883e-05,0.0,0.0,False,2026-03-21.csv,9.027,positive,0.6241443683883011,0.5737704918032787,0.6353591160220995,0.3442622950819672,0.4143646408839779,20.60000000000582,20.60000000000582,1.0,1.0,up,aligned,2.2820427606077125,15.830000000001746,15.830000000001746,above,True,True,-2.150000000008731,2.150000000008731,0.4098360655737705,0.44751381215469616,opposed,opposed,0.0,0.0,balanced_or_unknown,False,flat_or_unknown
2026-03-21 13:27:00,2026-03-21,70716.5,70722.1,70708.8,70708.8,3.808,7.073,10.881,-3.2650000000000006,-0.3000643323223969,70717.92,87377.0,1.883e-05,0.0,0.0,False,2026-03-21.csv,3.2650000000000006,negative,0.3000643323223969,0.2459016393442623,0.3425414364640884,0.22950819672131148,0.281767955801105,-7.69999999999709,13.30000000000291,0.5789473684207072,0.0,down,aligned,2.3583460949455093,-9.119999999995343,9.119999999995343,below,True,True,-2.2599999999947613,2.2599999999947613,0.4426229508196721,0.48066298342541436,aligned,aligned,0.0,0.0,balanced_or_unknown,True,flat_or_unknown
2026-03-21 13:28:00,2026-03-21,70708.9,70708.9,70703.7,70703.7,1.107,8.753,9.86,-7.646,-0.7754563894523326,70707.64,87376.63,1.928e-05,0.0,0.0,False,2026-03-21.csv,7.646,negative,0.7754563894523326,0.4918032786885246,0.5524861878453039,0.22950819672131148,0.24861878453038674,-5.19999999999709,5.19999999999709,1.0,0.0,down,aligned,0.6800941668842649,-3.9400000000023283,3.9400000000023283,below,True,True,-0.3699999999953434,0.3699999999953434,0.08196721311475409,0.11049723756906077,aligned,aligned,0.0,0.0,balanced_or_unknown,True,flat_or_unknown
2026-03-21 13:29:00,2026-03-21,70703.7,70723.4,70703.7,70723.4,14.483,5.747,20.23,8.736,0.4318339100346021,70708.42,87378.97,1.935e-05,0.0,0.0,False,2026-03-21.csv,8.736,positive,0.4318339100346021,0.5573770491803278,0.6077348066298343,0.5573770491803278,0.6022099447513812,19.69999999999709,19.69999999999709,1.0,1.0,up,aligned,2.2550366300362965,14.979999999995925,14.979999999995925,above,True,True,2.3399999999965075,2.3399999999965075,0.47540983606557374,0.4861878453038674,aligned,aligned,0.0,0.0,balanced_or_unknown,True,flat_or_unknown
2026-03-21 13:30:00,2026-03-21,70723.4,70728.5,70702.2,70702.2,3.474,13.924,17.398,-10.45,-0.6006437521554201,70720.86,87375.51,1.935e-05,0.0,0.0,False,2026-03-21.csv,10.45,negative,0.6006437521554201,0.6885245901639344,0.6961325966850829,0.4918032786885246,0.5469613259668509,-21.19999999999709,26.30000000000291,0.8060836501899142,0.0,down,aligned,2.0287081339710133,-18.660000000003492,18.660000000003492,below,True,True,-3.460000000006403,3.460000000006403,0.6557377049180327,0.6077348066298343,aligned,aligned,0.0,0.0,balanced_or_unknown,True,flat_or_unknown
2026-03-21 13:31:00,2026-03-21,70702.2,70745.5,70699.8,70745.4,14.466,5.041,19.507,9.424999999999999,0.4831598913210641,70719.13,87376.76,1.93e-05,0.0,0.0,False,2026-03-21.csv,9.424999999999999,positive,0.4831598913210641,0.6557377049180327,0.6685082872928176,0.5573770491803278,0.5911602209944752,43.19999999999709,45.69999999999709,0.9452954048140009,0.9978118161924326,up,aligned,4.583554376657517,26.269999999989523,26.269999999989523,above,True,True,1.25,1.25,0.3770491803278688,0.30939226519337015,aligned,aligned,0.0,0.0,balanced_or_unknown,True,flat_or_unknown
2026-03-21 13:32:00,2026-03-21,70745.5,70754.2,70730.2,70732.8,18.206,17.447,35.653,0.7590000000000003,0.021288531119400902,70742.86,87378.21,1.923e-05,0.0,0.0,False,2026-03-21.csv,0.7590000000000003,positive,0.021288531119400902,0.06557377049180328,0.12154696132596685,0.8524590163934426,0.8342541436464088,-12.69999999999709,24.0,0.5291666666665454,0.10833333333357587,down,opposed,16.7325428194955,-10.059999999997672,10.059999999997672,below,True,True,1.4500000000116415,1.4500000000116415,0.39344262295081966,0.34806629834254144,aligned,opposed,0.0,0.0,balanced_or_unknown,True,flat_or_unknown
2026-03-21 13:33:00,2026-03-21,70732.8,70735.2,70718.3,70735.1,6.798,11.89,18.688,-5.0920000000000005,-0.2724743150684932,70725.59,87370.19,1.941e-05,0.0,0.0,False,2026-03-21.csv,5.0920000000000005,negative,0.2724743150684932,0.36065573770491804,0.44751381215469616,0.5573770491803278,0.580110497237569,2.3000000000029104,16.89999999999418,0.1360946745564321,0.994082840237201,up,opposed,0.45168892380261394,9.510000000009313,9.510000000009313,above,True,True,-8.020000000004075,8.020000000004075,0.8852459016393442,0.850828729281768,aligned,opposed,0.0,0.0,balanced_or_unknown,True,flat_or_unknown
2026-03-21 13:34:00,2026-03-21,70735.2,70761.6,70735.1,70735.1,32.144,20.204,52.348,11.939999999999998,0.2280889432261022,70748.9,87366.79,1.941e-05,0.0,0.0,False,2026-03-21.csv,11.939999999999998,positive,0.2280889432261022,0.7704918032786885,0.7569060773480663,0.9672131147540983,0.9281767955801105,-0.09999999999126885,26.5,0.0037735849053309,0.0,down,opposed,0.008375209379503255,-13.799999999988358,13.799999999988358,below,True,True,-3.400000000008731,3.400000000008731,0.6557377049180327,0.6077348066298343,opposed,aligned,0.0,0.0,balanced_or_unknown,True,flat_or_unknown
2026-03-21 13:35:00,2026-03-21,70735.1,70738.0,70735.1,70738.0,6.318,6.905,13.223,-0.5870000000000006,-0.0443923466686834,70735.24,87356.17,1.935e-05,0.0,0.0,False,2026-03-21.csv,0.5870000000000006,negative,0.0443923466686834,0.06557377049180328,0.09944751381215469,0.32786885245901637,0.3812154696132597,2.8999999999941792,2.8999999999941792,1.0,1.0,up,opposed,4.94037478704289,2.7599999999947613,2.7599999999947613,above,True,True,-10.619999999995343,10.619999999995343,0.9016393442622951,0.9060773480662984,aligned,opposed,0.0,0.0,balanced_or_unknown,True,flat_or_unknown
2026-03-21 13:36:00,2026-03-21,70737.9,70737.9,70723.6,70723.7,5.213,12.714,17.927,-7.501,-0.4184191443074692,70728.58,87361.7,1.92e-05,0.0,0.0,False,2026-03-21.csv,7.501,negative,0.4184191443074692,0.4918032786885246,0.5524861878453039,0.5245901639344263,0.56353591160221,-14.19999999999709,14.299999999988358,0.9930069930075979,0.006993006992402116,down,aligned,1.8930809225432728,-4.880000000004657,4.880000000004657,below,True,True,5.529999999998836,5.529999999998836,0.7540983606557377,0.7458563535911602,opposed,opposed,0.0,0.0,balanced_or_unknown,True,flat_or_unknown
2026-03-21 13:37:00,2026-03-21,70723.7,70723.7,70708.9,70709.0,8.993,10.83,19.823,-1.8369999999999997,-0.09267013065630832,70713.49,87361.97,1.92e-05,0.0,0.0,False,2026-03-21.csv,1.8369999999999997,negative,0.09267013065630832,0.13114754098360656,0.2154696132596685,0.6065573770491803,0.6132596685082873,-14.69999999999709,14.80000000000291,0.9932432432428513,0.006756756757148723,down,aligned,8.002177463253725,-4.490000000005239,4.490000000005239,below,True,True,0.27000000000407454,0.27000000000407454,0.06557377049180328,0.09392265193370165,opposed,opposed,0.0,0.0,balanced_or_unknown,True,flat_or_unknown
2026-03-21 13:38:00,2026-03-21,70709.1,70720.0,70700.1,70720.0,10.426,16.95,27.376,-6.523999999999999,-0.2383109292811221,70708.65,87367.78,1.867e-05,0.0,0.0,False,2026-03-21.csv,6.523999999999999,negative,0.2383109292811221,0.45901639344262296,0.5027624309392266,0.7704918032786885,0.7403314917127072,10.89999999999418,19.89999999999418,0.5477386934672044,1.0,up,opposed,1.6707541385644054,11.35000000000582,11.35000000000582,above,True,True,5.809999999997672,5.809999999997672,0.7540983606557377,0.7458563535911602,opposed,aligned,0.0,0.0,balanced_or_unknown,True,flat_or_unknown
2026-03-21 13:39:00,2026-03-21,70719.9,70720.0,70710.0,70710.2,2.8,19.979,22.779,-17.179,-0.7541595329031124,70711.58,87372.53,1.796e-05,0.0,0.0,False,2026-03-21.csv,17.179,negative,0.7541595329031124,0.819672131147541,0.8397790055248618,0.639344262295082,0.6519337016574586,-9.69999999999709,10.0,0.969999999999709,0.019999999999708962,down,aligned,0.5646428779321899,-1.3800000000046566,1.3800000000046566,below,True,True,4.75,4.75,0.7049180327868853,0.6906077348066298,opposed,opposed,0.0,0.0,balanced_or_unknown,True,flat_or_unknown
2026-03-21 13:40:00,2026-03-21,70710.3,70710.3,70695.4,70695.4,4.706,14.386,19.092,-9.68,-0.5070186465535302,70699.51,87372.87,1.814e-05,0.0,0.0,False,2026-03-21.csv,9.68,negative,0.5070186465535302,0.6885245901639344,0.6850828729281768,0.5573770491803278,0.580110497237569,-14.900000000008731,14.900000000008731,1.0,0.0,down,aligned,1.5392561983480095,-4.110000000000582,4.110000000000582,below,True,True,0.33999999999650754,0.33999999999650754,0.08196721311475409,0.11602209944751381,opposed,opposed,0.0,0.0,balanced_or_unknown,True,flat_or_unknown
2026-03-21 13:41:00,2026-03-21,70695.4,70695.5,70686.1,70692.4,11.271,12.871,24.142,-1.5999999999999996,-0.06627454229144229,70690.91,87371.98,1.814e-05,0.0,0.0,False,2026-03-21.csv,1.5999999999999996,negative,0.06627454229144229,0.11475409836065574,0.19337016574585636,0.6885245901639344,0.6685082872928176,-3.0,9.39999999999418,0.3191489361704104,0.6702127659566234,down,aligned,1.8750000000000004,1.4899999999906868,1.4899999999906868,above,True,True,-0.8899999999994179,0.8899999999994179,0.26229508196721313,0.24861878453038674,aligned,aligned,0.0,0.0,balanced_or_unknown,True,flat_or_unknown
2026-03-21 13:42:00,2026-03-21,70692.4,70692.4,70684.6,70684.7,1.08,5.885,6.965,-4.805,-0.6898779612347451,70687.9,87370.55,1.797e-05,0.0,0.0,False,2026-03-21.csv,4.805,negative,0.6898779612347451,0.3442622950819672,0.3867403314917127,0.13114754098360656,0.1270718232044199,-7.69999999999709,7.7999999999883585,0.9871794871805875,0.012820512819412577,down,aligned,1.6024973985425786,-3.1999999999970896,3.1999999999970896,below,True,True,-1.429999999993015,1.429999999993015,0.36065573770491804,0.3314917127071823,aligned,aligned,0.0,0.0,balanced_or_unknown,True,flat_or_unknown
2026-03-21 13:43:00,2026-03-21,70684.7,70699.1,70682.1,70699.0,6.03,13.848,19.878,-7.8180000000000005,-0.39329912466042866,70686.99,87378.43,1.758e-05,0.0,0.0,False,2026-03-21.csv,7.8180000000000005,negative,0.39329912466042866,0.5409836065573771,0.574585635359116,0.5901639344262295,0.5966850828729282,14.30000000000291,17.0,0.8411764705884065,0.9941176470584812,up,opposed,1.8291123049376963,12.009999999994761,12.009999999994761,above,True,True,7.879999999990105,7.879999999990105,0.8688524590163934,0.8397790055248618,opposed,aligned,0.0,0.0,balanced_or_unknown,True,flat_or_unknown
2026-03-21 13:44:00,2026-03-21,70699.0,70699.1,70688.4,70694.5,7.624,10.751,18.375,-3.127,-0.17017687074829932,70692.39,87376.88,1.758e-05,0.0,0.0,False,2026-03-21.csv,3.127,negative,0.17017687074829932,0.21311475409836064,0.30386740331491713,0.5081967213114754,0.5359116022099447,-4.5,10.700000000011642,0.4205607476630938,0.570093457943849,down,aligned,1.4390789894467542,2.110000000000582,2.110000000000582,above,True,True,-1.5499999999883585,1.5499999999883585,0.36065573770491804,0.34806629834254144,aligned,aligned,0.0,0.0,balanced_or_unknown,True,flat_or_unknown
2026-03-21 13:45:00,2026-03-21,70694.5,70694.7,70690.0,70690.1,20.942,14.378,35.32,6.564,0.18584371460928653,70691.8,87373.24,1.748e-05,0.0,0.0,False,2026-03-21.csv,6.564,positive,0.18584371460928653,0.45901639344262296,0.4972375690607735,0.8688524590163934,0.8287292817679558,-4.399999999994179,4.69999999999709,0.9361702127652987,0.021276595745932488,down,opposed,0.6703229737955788,-1.6999999999970896,1.6999999999970896,below,True,True,-3.639999999999418,3.639999999999418,0.6557377049180327,0.6132596685082873,opposed,aligned,0.0,0.0,balanced_or_unknown,True,flat_or_unknown
2026-03-21 13:46:00,2026-03-21,70690.1,70690.1,70682.5,70688.3,5.148,8.808,13.956,-3.66,-0.26225279449699057,70686.62,87371.42,1.754e-05,0.0,0.002,False,2026-03-21.csv,3.66,negative,0.26225279449699057,0.2786885245901639,0.35359116022099446,0.32786885245901637,0.3812154696132597,-1.8000000000029104,7.600000000005821,0.23684210526335944,0.7631578947366405,down,aligned,0.4918032786893198,1.680000000007567,1.680000000007567,above,True,True,-1.820000000006985,1.820000000006985,0.3442622950819672,0.3867403314917127,aligned,aligned,0.002,-0.002,sell,True,aligned
2026-03-21 13:47:00,2026-03-21,70688.3,70699.8,70686.1,70691.0,32.376,5.828,38.204,26.548,0.694901057480892,70691.09,87368.07,1.735e-05,0.0,0.0,False,2026-03-21.csv,26.548,positive,0.694901057480892,0.9836065573770492,0.9392265193370166,0.8852459016393442,0.861878453038674,2.6999999999970896,13.69999999999709,0.19708029197063234,0.35766423357629346,up,aligned,0.10170257646516083,-0.08999999999650754,0.08999999999650754,below,True,True,-3.349999999991269,3.349999999991269,0.6065573770491803,0.585635359116022,opposed,opposed,0.0,0.0,balanced_or_unknown,False,flat_or_unknown
2026-03-21 13:48:00,2026-03-21,70691.0,70691.0,70675.0,70678.0,8.857,15.133,23.99,-6.276,-0.26160900375156315,70681.01,87359.34,1.735e-05,0.0,0.0,False,2026-03-21.csv,6.276,negative,0.26160900375156315,0.4262295081967213,0.46408839779005523,0.6557377049180327,0.6574585635359116,-13.0,16.0,0.8125,0.1875,down,aligned,2.0713830465264502,-3.0099999999947613,3.0099999999947613,below,True,True,-8.730000000010477,8.730000000010477,0.9180327868852459,0.8784530386740331,aligned,aligned,0.0,0.0,balanced_or_unknown,False,flat_or_unknown
2026-03-21 13:49:00,2026-03-21,70678.0,70692.3,70678.0,70692.3,12.541,6.802,19.343,5.739000000000001,0.29669647934653365,70685.79,87354.71,1.747e-05,0.0,0.0,False,2026-03-21.csv,5.739000000000001,positive,0.29669647934653365,0.39344262295081966,0.425414364640884,0.5081967213114754,0.5580110497237569,14.30000000000291,14.30000000000291,1.0,1.0,up,aligned,2.4917232967420992,6.510000000009313,6.510000000009313,above,True,True,-4.629999999990105,4.629999999990105,0.7213114754098361,0.6906077348066298,opposed,opposed,0.0,0.0,balanced_or_unknown,False,flat_or_unknown
2026-03-21 13:50:00,2026-03-21,70692.2,70707.3,70692.2,70699.9,43.451,15.666,59.117,27.785,0.47000016915608034,70699.65,87359.08,1.729e-05,0.0,0.0,False,2026-03-21.csv,27.785,positive,0.47000016915608034,0.9836065573770492,0.9392265193370166,0.9836065573770492,0.9447513812154696,7.69999999999709,15.10000000000582,0.5099337748340478,0.5099337748340478,up,aligned,0.27712794673374447,0.25,0.25,above,True,True,4.369999999995343,4.369999999995343,0.6885245901639344,0.6574585635359116,aligned,aligned,0.0,0.0,balanced_or_unknown,False,flat_or_unknown
2026-03-21 13:51:00,2026-03-21,70700.0,70723.4,70699.9,70723.4,11.702,3.097,14.799,8.605,0.5814582066355836,70706.9,87360.87,1.729e-05,0.0,0.0,False,2026-03-21.csv,8.605,positive,0.5814582066355836,0.5901639344262295,0.6022099447513812,0.36065573770491804,0.39226519337016574,23.39999999999418,23.5,0.9957446808508161,1.0,up,aligned,2.719349215571665,16.5,16.5,above,True,True,1.7899999999935972,1.7899999999935972,0.32786885245901637,0.3756906077348066,aligned,aligned,0.0,0.0,balanced_or_unknown,False,flat_or_unknown
2026-03-21 13:52:00,2026-03-21,70723.5,70730.0,70714.9,70715.0,12.47,6.234,18.704,6.236000000000001,0.33340461933276305,70727.61,87360.08,1.76e-05,0.0,0.0,False,2026-03-21.csv,6.236000000000001,positive,0.33340461933276305,0.4098360655737705,0.44751381215469616,0.47540983606557374,0.5359116022099447,-8.5,15.10000000000582,0.5629139072845513,0.006622516556674319,down,opposed,1.3630532392559331,-12.610000000000582,12.610000000000582,below,True,True,-0.7899999999935972,0.7899999999935972,0.14754098360655737,0.2154696132596685,opposed,aligned,0.0,0.0,balanced_or_unknown,False,flat_or_unknown
2026-03-21 13:53:00,2026-03-21,70715.0,70715.5,70711.4,70715.5,11.613,4.214,15.827,7.398999999999999,0.46749226006191946,70713.73,87358.95,1.791e-05,0.0,0.0,False,2026-03-21.csv,7.398999999999999,positive,0.46749226006191946,0.5081967213114754,0.5193370165745856,0.39344262295081966,0.43646408839779005,0.5,4.100000000005821,0.121951219512022,1.0,up,aligned,0.06757669955399379,1.7700000000040745,1.7700000000040745,above,True,True,-1.1300000000046566,1.1300000000046566,0.2459016393442623,0.27624309392265195,opposed,opposed,0.0,0.0,balanced_or_unknown,False,flat_or_unknown
2026-03-21 13:54:00,2026-03-21,70715.5,70716.8,70703.5,70704.7,8.583,21.103,29.686,-12.520000000000001,-0.42174762514316516,70711.5,87357.9,1.817e-05,0.0,0.0,False,2026-03-21.csv,12.520000000000001,negative,0.42174762514316516,0.8032786885245902,0.7513812154696132,0.8360655737704918,0.7513812154696132,-10.80000000000291,13.30000000000291,0.8120300751880111,0.09022556390953587,down,aligned,0.8626198083069416,-6.80000000000291,6.80000000000291,below,True,True,-1.0500000000029104,1.0500000000029104,0.21311475409836064,0.2596685082872928,aligned,aligned,0.0,0.0,balanced_or_unknown,False,flat_or_unknown
2026-03-21 13:55:00,2026-03-21,70704.8,70710.3,70704.7,70704.8,8.667,3.7,12.367,4.967,0.40163337915420066,70707.52,87363.87,1.817e-05,0.0,0.0,False,2026-03-21.csv,4.967,positive,0.40163337915420066,0.3114754098360656,0.3756906077348066,0.2459016393442623,0.287292817679558,0.0,5.600000000005821,0.0,0.01785714285816372,flat_or_unknown,flat_or_unknown,0.0,-2.720000000001164,2.720000000001164,below,True,True,5.970000000001164,5.970000000001164,0.819672131147541,0.7458563535911602,aligned,flat_or_unknown,0.0,0.0,balanced_or_unknown,False,flat_or_unknown
2026-03-21 13:56:00,2026-03-21,70704.8,70704.8,70695.1,70695.1,1.608,6.319,7.927,-4.711,-0.5942979689668223,70697.3,87364.5,1.801e-05,0.0,0.0,False,2026-03-21.csv,4.711,negative,0.5942979689668223,0.26229508196721313,0.34806629834254144,0.13114754098360656,0.13812154696132597,-9.69999999999709,9.69999999999709,1.0,0.0,down,aligned,2.059010825726404,-2.1999999999970896,2.1999999999970896,below,True,True,0.6300000000046566,0.6300000000046566,0.11475409836065574,0.16574585635359115,opposed,opposed,0.0,0.0,balanced_or_unknown,False,flat_or_unknown
2026-03-21 13:57:00,2026-03-21,70695.1,70695.2,70682.2,70682.3,4.501,5.998,10.499,-1.4969999999999999,-0.14258500809600913,70686.9,87364.29,1.784e-05,0.0,0.0,False,2026-03-21.csv,1.4969999999999999,negative,0.14258500809600913,0.08196721311475409,0.16574585635359115,0.19672131147540983,0.2265193370165746,-12.80000000000291,13.0,0.9846153846156085,0.007692307692755444,down,aligned,8.550434201738751,-4.599999999991269,4.599999999991269,below,True,True,-0.21000000000640284,0.21000000000640284,0.03278688524590164,0.06629834254143646,aligned,aligned,0.0,0.0,balanced_or_unknown,False,flat_or_unknown
2026-03-21 13:58:00,2026-03-21,70682.3,70709.7,70682.2,70701.3,14.369,8.834,23.203,5.535,0.23854673964573547,70697.14,87362.88,1.784e-05,0.0,0.0,False,2026-03-21.csv,5.535,positive,0.23854673964573547,0.36065573770491804,0.40331491712707185,0.6557377049180327,0.6464088397790055,19.0,27.5,0.6909090909090909,0.6945454545456662,up,aligned,3.4327009936766033,4.1600000000034925,4.1600000000034925,above,True,True,-1.4099999999889405,1.4099999999889405,0.29508196721311475,0.3314917127071823,opposed,opposed,0.0,0.0,balanced_or_unknown,False,flat_or_unknown
2026-03-21 13:59:00,2026-03-21,70701.4,70706.4,70701.4,70705.0,13.024,4.462,17.486,8.562,0.48964886194670015,70705.02,87367.08,1.737e-05,0.0,0.0,False,2026-03-21.csv,8.562,positive,0.48964886194670015,0.6065573770491803,0.5911602209944752,0.4098360655737705,0.48066298342541436,3.6000000000058208,5.0,0.7200000000011642,0.7200000000011642,up,aligned,0.4204625087603155,-0.020000000004074536,0.020000000004074536,below,True,True,4.19999999999709,4.19999999999709,0.6721311475409836,0.6464088397790055,aligned,aligned,0.0,0.0,balanced_or_unknown,False,flat_or_unknown
2026-03-21 14:00:00,2026-03-21,70705.0,70705.1,70700.3,70700.3,3.787,4.259,8.046,-0.4720000000000004,-0.05866268953517281,70700.77,87367.08,1.718e-05,0.0,0.0,False,2026-03-21.csv,0.4720000000000004,negative,0.05866268953517281,0.01639344262295082,0.0718232044198895,0.09836065573770492,0.143646408839779,-4.69999999999709,4.80000000000291,0.9791666666654666,0.0,down,aligned,9.957627118637893,-0.47000000000116415,0.47000000000116415,below,True,True,0.0,0.0,0.01639344262295082,0.011049723756906077,flat_or_unknown,flat_or_unknown,0.0,0.0,balanced_or_unknown,False,flat_or_unknown
2026-03-21 14:01:00,2026-03-21,70700.3,70769.9,70700.3,70740.7,87.787,45.616,133.403,42.17100000000001,0.31611732869575654,70748.4,87368.0,1.704e-05,0.0,0.0,False,2026-03-21.csv,42.17100000000001,positive,0.31611732869575654,1.0,0.9779005524861878,1.0,0.988950276243094,40.39999999999418,69.59999999999127,0.5804597701149317,0.5804597701149317,up,aligned,0.9580043157618784,-7.69999999999709,7.69999999999709,below,True,True,0.9199999999982538,0.9199999999982538,0.21311475409836064,0.2596685082872928,aligned,aligned,0.0,0.0,balanced_or_unknown,False,flat_or_unknown
2026-03-21 14:02:00,2026-03-21,70740.7,70746.8,70740.7,70746.7,7.136,6.652,13.788,0.484,0.03510298810559907,70741.92,87377.44,1.704e-05,0.0,0.0,False,2026-03-21.csv,0.484,positive,0.03510298810559907,0.03278688524590164,0.07734806629834254,0.2786885245901639,0.3370165745856354,6.0,6.100000000005821,0.9836065573761106,0.9836065573761106,up,aligned,12.396694214876034,4.779999999998836,4.779999999998836,above,True,True,9.440000000002328,9.440000000002328,0.9344262295081968,0.9005524861878453,aligned,aligned,0.0,0.0,balanced_or_unknown,False,flat_or_unknown
2026-03-21 14:03:00,2026-03-21,70746.8,70746.8,70731.3,70731.3,3.779,10.756,14.535,-6.977,-0.4800137598899209,70743.7,87375.96,1.755e-05,0.0,0.0,False,2026-03-21.csv,6.977,negative,0.4800137598899209,0.4918032786885246,0.49171270718232046,0.32786885245901637,0.35911602209944754,-15.5,15.5,1.0,0.0,down,aligned,2.2215852085423533,-12.39999999999418,12.39999999999418,below,True,True,-1.4799999999959255,1.4799999999959255,0.3442622950819672,0.36464088397790057,aligned,aligned,0.0,0.0,balanced_or_unknown,False,flat_or_unknown
2026-03-21 14:04:00,2026-03-21,70731.3,70738.0,70726.0,70726.0,10.231,7.543,17.774,2.6879999999999997,0.15123213682907616,70732.12,87374.37,1.751e-05,0.0,0.0,False,2026-03-21.csv,2.6879999999999997,positive,0.15123213682907616,0.13114754098360656,0.2265193370165746,0.4262295081967213,0.4972375690607735,-5.30000000000291,12.0,0.4416666666669092,0.0,down,opposed,1.9717261904772734,-6.119999999995343,6.119999999995343,below,True,True,-1.5900000000110595,1.5900000000110595,0.3770491803278688,0.3756906077348066,opposed,aligned,0.0,0.0,balanced_or_unknown,False,flat_or_unknown
2026-03-21 14:05:00,2026-03-21,70726.0,70742.0,70715.0,70733.7,35.123,14.349,49.472,20.773999999999997,0.4199142949547218,70729.17,87375.19,1.751e-05,0.0,0.0,False,2026-03-21.csv,20.773999999999997,positive,0.4199142949547218,0.9016393442622951,0.8729281767955801,0.9344262295081968,0.9116022099447514,7.69999999999709,27.0,0.2851851851850774,0.6925925925924848,up,aligned,0.37065562722620055,4.529999999998836,4.529999999998836,above,True,True,0.8200000000069849,0.8200000000069849,0.18032786885245902,0.23204419889502761,aligned,aligned,0.0,0.0,balanced_or_unknown,False,flat_or_unknown
2026-03-21 14:06:00,2026-03-21,70733.6,70737.8,70731.2,70737.8,5.517,7.209,12.726,-1.6919999999999993,-0.13295615275813288,70735.03,87398.06,1.733e-05,0.0,0.0,False,2026-03-21.csv,1.6919999999999993,negative,0.13295615275813288,0.11475409836065574,0.16574585635359115,0.19672131147540983,0.27624309392265195,4.19999999999709,6.600000000005821,0.6363636363626342,1.0,up,opposed,2.4822695035443805,2.7700000000040745,2.7700000000040745,above,True,True,22.869999999995343,22.869999999995343,1.0,0.9723756906077348,opposed,aligned,0.0,0.0,balanced_or_unknown,False,flat_or_unknown
2026-03-21 14:07:00,2026-03-21,70737.8,70753.8,70737.7,70753.7,12.761,2.855,15.616,9.905999999999999,0.6343493852459016,70746.17,87396.05,1.738e-05,0.0,0.0,False,2026-03-21.csv,9.905999999999999,positive,0.6343493852459016,0.7213114754098361,0.6850828729281768,0.36065573770491804,0.4143646408839779,15.89999999999418,16.10000000000582,0.9875776397508342,0.9937888198754171,up,aligned,1.605087825559679,7.529999999998836,7.529999999998836,above,True,True,-2.0099999999947613,2.0099999999947613,0.45901639344262296,0.4198895027624309,opposed,opposed,0.0,0.0,balanced_or_unknown,False,flat_or_unknown
2026-03-21 14:08:00,2026-03-21,70753.7,70785.0,70753.7,70779.9,56.869,22.792,79.661,34.077,0.4277751973989781,70777.07,87397.36,1.771e-05,0.0,0.0,False,2026-03-21.csv,34.077,positive,0.4277751973989781,0.9836065573770492,0.9668508287292817,0.9836065573770492,0.9723756906077348,26.19999999999709,31.30000000000291,0.8370607028752285,0.8370607028752285,up,aligned,0.7688470229185987,2.8299999999871943,2.8299999999871943,above,True,True,1.3099999999976717,1.3099999999976717,0.3114754098360656,0.30939226519337015,aligned,aligned,0.0,0.0,balanced_or_unknown,False,flat_or_unknown
2026-03-21 14:09:00,2026-03-21,70779.8,70785.0,70771.6,70780.1,24.64,11.707,36.347,12.933,0.3558202877816601,70781.24,87403.77,1.771e-05,0.0,0.0,False,2026-03-21.csv,12.933,positive,0.3558202877816601,0.8032786885245902,0.7513812154696132,0.8524590163934426,0.8232044198895028,0.3000000000029104,13.39999999999418,0.022388059701719455,0.6343283582092307,up,aligned,0.023196474136156373,-1.139999999999418,1.139999999999418,below,True,True,6.4100000000034925,6.4100000000034925,0.8360655737704918,0.7790055248618785,aligned,aligned,0.0,0.0,balanced_or_unknown,False,flat_or_unknown
2026-03-21 14:10:00,2026-03-21,70780.0,70780.4,70778.1,70780.3,5.457,7.476,12.933,-2.019,-0.15611227093481791,70778.95,87409.2,1.813e-05,0.0,0.0,False,2026-03-21.csv,2.019,negative,0.15611227093481791,0.14754098360655737,0.19337016574585636,0.21311475409836064,0.27071823204419887,0.3000000000029104,2.2999999999883585,0.13043478261062125,0.9565217391340108,up,opposed,0.14858841010545337,1.3500000000058208,1.3500000000058208,above,True,True,5.429999999993015,5.429999999993015,0.7540983606557377,0.7237569060773481,opposed,aligned,0.0,0.0,balanced_or_unknown,False,flat_or_unknown
2026-03-21 14:11:00,2026-03-21,70780.4,70838.0,70773.3,70815.4,174.47,38.381,212.851,136.089,0.6393627467101399,70813.13,87409.12,1.826e-05,0.04,0.0,False,2026-03-21.csv,136.089,positive,0.6393627467101399,1.0,0.994475138121547,1.0,0.994475138121547,35.0,64.69999999999709,0.5409582689335638,0.6506955177742374,up,aligned,0.25718463652462725,2.2699999999895226,2.2699999999895226,above,True,True,-0.08000000000174623,0.08000000000174623,0.04918032786885246,0.03314917127071823,opposed,opposed,0.04,0.04,buy,True,aligned
2026-03-21 14:12:00,2026-03-21,70815.4,70887.9,70812.2,70880.0,316.475,97.431,413.906,219.04400000000004,0.5292119466738826,70859.0,87384.49,1.826e-05,4.204,0.0,False,2026-03-21.csv,219.04400000000004,positive,0.5292119466738826,1.0,1.0,1.0,1.0,64.60000000000582,75.69999999999709,0.85336856010579,0.8956406869221336,up,aligned,0.294917916035161,21.0,21.0,above,True,True,-24.629999999990105,24.629999999990105,1.0,0.9779005524861878,opposed,opposed,4.204,4.204,buy,True,aligned
2026-03-21 14:13:00,2026-03-21,70880.0,71077.7,70880.0,71031.3,921.392,375.299,1296.691,546.0930000000001,0.4211435106744784,70981.11,87367.4,1.85e-05,1.777,0.0,False,2026-03-21.csv,546.0930000000001,positive,0.4211435106744784,1.0,1.0,1.0,1.0,151.3000000000029,197.6999999999971,0.7653009610521251,0.7653009610521251,up,aligned,0.2770590357320143,50.19000000000233,50.19000000000233,above,True,True,-17.09000000001106,17.09000000001106,0.9672131147540983,0.9558011049723757,opposed,opposed,1.777,1.777,buy,True,aligned
2026-03-21 14:14:00,2026-03-21,71031.2,71031.3,70934.8,70964.7,144.28,238.386,382.666,-94.106,-0.2459220312230509,70981.31,87176.49,1.956e-05,0.0,0.0,False,2026-03-21.csv,94.106,negative,0.2459220312230509,0.9508196721311475,0.9834254143646409,0.9672131147540983,0.988950276243094,-66.5,96.5,0.689119170984456,0.3098445595854319,down,aligned,0.7066499479310565,-16.610000000000582,16.610000000000582,below,True,True,-190.90999999998894,190.90999999998894,1.0,1.0,aligned,aligned,0.0,0.0,balanced_or_unknown,False,flat_or_unknown
2026-03-21 14:15:00,2026-03-21,70964.7,70992.6,70952.8,70992.6,90.853,115.112,205.965,-24.259,-0.11778214745223703,70972.8,87182.94,1.996e-05,0.0,0.0,False,2026-03-21.csv,24.259,negative,0.11778214745223703,0.8524590163934426,0.8784530386740331,0.9344262295081968,0.9779005524861878,27.90000000000873,39.80000000000291,0.7010050251257962,1.0,up,opposed,1.150088626901716,19.80000000000291,19.80000000000291,above,True,True,6.44999999999709,6.44999999999709,0.7868852459016393,0.7790055248618785,opposed,aligned,0.0,0.0,balanced_or_unknown,False,flat_or_unknown
2026-03-21 14:16:00,2026-03-21,70992.7,71044.0,70982.2,70999.9,130.381,84.49,214.871,45.891000000000005,0.21357465642176005,71006.6,87205.16,1.996e-05,0.0,0.0,False,2026-03-21.csv,45.891000000000005,positive,0.21357465642176005,0.9344262295081968,0.9613259668508287,0.9508196721311475,0.9834254143646409,7.19999999999709,61.80000000000291,0.11650485436887946,0.2864077669902307,up,aligned,0.15689350853102108,-6.7000000000116415,6.7000000000116415,below,True,True,22.220000000001164,22.220000000001164,0.9508196721311475,0.9613259668508287,aligned,aligned,0.0,0.0,balanced_or_unknown,False,flat_or_unknown
2026-03-21 14:17:00,2026-03-21,71000.0,71000.0,70925.6,70925.6,67.192,116.397,183.589,-49.20500000000001,-0.2680171469968245,70969.81,87210.01,2.021e-05,0.0,0.0,False,2026-03-21.csv,49.20500000000001,negative,0.2680171469968245,0.9344262295081968,0.9613259668508287,0.9016393442622951,0.9613259668508287,-74.39999999999418,74.39999999999418,1.0,0.0,down,aligned,1.512041459201182,-44.20999999999185,44.20999999999185,below,True,True,4.849999999991269,4.849999999991269,0.6557377049180327,0.6850828729281768,opposed,opposed,0.0,0.0,balanced_or_unknown,False,flat_or_unknown
2026-03-21 14:18:00,2026-03-21,70925.5,70938.1,70901.0,70917.4,59.45,117.255,176.705,-57.80499999999999,-0.32712713279194133,70919.6,87226.18,1.989e-05,0.0,0.0,False,2026-03-21.csv,57.80499999999999,negative,0.32712713279194133,0.9344262295081968,0.9668508287292817,0.8852459016393442,0.9558011049723757,-8.10000000000582,37.10000000000582,0.21832884097047303,0.44204851751998936,down,aligned,0.1401262866535044,-2.2000000000116415,2.2000000000116415,below,True,True,16.169999999998254,16.169999999998254,0.9180327868852459,0.9447513812154696,opposed,opposed,0.0,0.0,balanced_or_unknown,False,flat_or_unknown
2026-03-21 14:19:00,2026-03-21,70917.5,70917.5,70888.0,70910.0,40.635,58.776,99.411,-18.141000000000005,-0.18248483568216803,70903.31,87248.26,1.989e-05,0.0,0.0,False,2026-03-21.csv,18.141000000000005,negative,0.18248483568216803,0.7540983606557377,0.8342541436464088,0.8524590163934426,0.9392265193370166,-7.5,29.5,0.2542372881355932,0.7457627118644068,down,aligned,0.41342814618819235,6.690000000002328,6.690000000002328,above,True,True,22.080000000001746,22.080000000001746,0.9344262295081968,0.9558011049723757,opposed,opposed,0.0,0.0,balanced_or_unknown,False,flat_or_unknown
2026-03-21 14:20:00,2026-03-21,70909.9,70986.5,70903.1,70976.4,75.644,34.734,110.378,40.910000000000004,0.37063545271702697,70943.17,87233.08,1.881e-05,0.0,0.0,False,2026-03-21.csv,40.910000000000004,positive,0.37063545271702697,0.8688524590163934,0.9392265193370166,0.8524590163934426,0.9392265193370166,66.5,83.39999999999418,0.7973621103118063,0.8788968824939265,up,aligned,1.625519432901491,33.229999999995925,33.229999999995925,above,True,True,-15.179999999993015,15.179999999993015,0.8852459016393442,0.9281767955801105,opposed,opposed,0.0,0.0,balanced_or_unknown,False,flat_or_unknown
2026-03-21 14:21:00,2026-03-21,70976.3,70976.4,70933.4,70937.1,24.332,39.753,64.085,-15.421,-0.2406335335882032,70950.89,87267.29,1.829e-05,0.0,0.0,False,2026-03-21.csv,15.421,negative,0.2406335335882032,0.7049180327868853,0.7845303867403315,0.8032786885245902,0.9060773480662984,-39.19999999999709,43.0,0.9116279069766765,0.08604651162817771,down,aligned,2.5419881979117496,-13.789999999993597,13.789999999993597,below,True,True,34.20999999999185,34.20999999999185,0.9836065573770492,0.988950276243094,opposed,opposed,0.0,0.0,balanced_or_unknown,False,flat_or_unknown
2026-03-21 14:22:00,2026-03-21,70937.0,70948.0,70915.1,70920.4,17.385,40.648,58.033,-23.263,-0.4008581324418865,70933.22,87264.87,1.803e-05,0.0,0.0,False,2026-03-21.csv,23.263,negative,0.4008581324418865,0.7868852459016393,0.850828729281768,0.7704918032786885,0.8784530386740331,-16.60000000000582,32.89999999999418,0.5045592705169836,0.1610942249236868,down,aligned,0.7135795039335348,-12.820000000006985,12.820000000006985,below,True,True,-2.4199999999982538,2.4199999999982538,0.47540983606557374,0.4861878453038674,aligned,aligned,0.0,0.0,balanced_or_unknown,False,flat_or_unknown
2026-03-21 14:23:00,2026-03-21,70920.4,70930.0,70902.7,70929.9,19.91,24.815,44.725,-4.905000000000001,-0.10967020681945223,70914.9,87276.7,1.803e-05,0.0,0.0,False,2026-03-21.csv,4.905000000000001,negative,0.10967020681945223,0.2786885245901639,0.3370165745856354,0.7213114754098361,0.8342541436464088,9.5,27.30000000000291,0.3479853479853109,0.9963369963367835,up,opposed,1.936799184505606,15.0,15.0,above,True,True,11.830000000001746,11.830000000001746,0.8524590163934426,0.9005524861878453,opposed,aligned,0.0,0.0,balanced_or_unknown,False,flat_or_unknown
2026-03-21 14:24:00,2026-03-21,70930.0,70930.0,70913.5,70913.5,8.554,15.973,24.527,-7.4190000000000005,-0.3024829779426754,70921.8,87276.16,1.737e-05,0.0,0.0,False,2026-03-21.csv,7.4190000000000005,negative,0.3024829779426754,0.45901639344262296,0.4861878453038674,0.5901639344262295,0.6077348066298343,-16.5,16.5,1.0,0.0,down,aligned,2.2240194096239385,-8.30000000000291,8.30000000000291,below,True,True,-0.5399999999935972,0.5399999999935972,0.11475409836065574,0.143646408839779,aligned,aligned,0.0,0.0,balanced_or_unknown,False,flat_or_unknown
2026-03-21 14:25:00,2026-03-21,70913.6,70920.4,70913.5,70914.8,13.484,19.97,33.454,-6.485999999999999,-0.19387816105697372,70916.07,87283.81,1.686e-05,0.0,0.0,False,2026-03-21.csv,6.485999999999999,negative,0.19387816105697372,0.39344262295081966,0.4198895027624309,0.639344262295082,0.7182320441988951,1.1999999999970896,6.899999999994179,0.17391304347798578,0.18840579710203,up,opposed,0.18501387604025438,-1.2700000000040745,1.2700000000040745,below,True,True,7.649999999994179,7.649999999994179,0.7540983606557377,0.7955801104972375,opposed,aligned,0.0,0.0,balanced_or_unknown,False,flat_or_unknown
2026-03-21 14:26:00,2026-03-21,70914.9,70914.9,70885.2,70889.5,16.082,71.389,87.471,-55.306999999999995,-0.6322895588252105,70899.97,87284.64,1.686e-05,0.0,0.0,False,2026-03-21.csv,55.306999999999995,negative,0.6322895588252105,0.9180327868852459,0.9613259668508287,0.819672131147541,0.9281767955801105,-25.39999999999418,29.69999999999709,0.8552188552187431,0.14478114478125695,down,aligned,0.45925470555253733,-10.470000000001164,10.470000000001164,below,True,True,0.8300000000017462,0.8300000000017462,0.18032786885245902,0.2265193370165746,opposed,opposed,0.0,0.0,balanced_or_unknown,False,flat_or_unknown
2026-03-21 14:27:00,2026-03-21,70889.5,70914.0,70889.5,70900.1,32.662,13.24,45.902,19.421999999999997,0.42311881835214143,70900.96,87305.0,1.625e-05,0.016,0.0,False,2026-03-21.csv,19.421999999999997,positive,0.42311881835214143,0.7377049180327869,0.8232044198895028,0.7049180327868853,0.8287292817679558,10.60000000000582,24.5,0.43265306122472735,0.43265306122472735,up,aligned,0.5457728349297613,-0.8600000000005821,0.8600000000005821,below,True,True,20.360000000000582,20.360000000000582,0.9016393442622951,0.9447513812154696,aligned,aligned,0.016,0.016,buy,True,aligned
2026-03-21 14:28:00,2026-03-21,70900.1,70910.1,70890.2,70910.1,32.462,29.354,61.816,3.108000000000004,0.05027824511453352,70900.73,87319.46,1.553e-05,0.0,0.0,False,2026-03-21.csv,3.108000000000004,positive,0.05027824511453352,0.18032786885245902,0.23204419889502761,0.7704918032786885,0.8895027624309392,10.0,19.90000000000873,0.5025125628138499,1.0,up,aligned,3.2175032175032134,9.370000000009895,9.370000000009895,above,True,True,14.460000000006403,14.460000000006403,0.8360655737704918,0.9116022099447514,aligned,aligned,0.0,0.0,balanced_or_unknown,False,flat_or_unknown
2026-03-21 14:29:00,2026-03-21,70910.1,70921.8,70899.1,70899.1,46.006,16.848,62.854,29.158,0.4639004677506603,70911.15,87302.24,1.507e-05,0.0,0.0,False,2026-03-21.csv,29.158,positive,0.4639004677506603,0.819672131147541,0.9005524861878453,0.7704918032786885,0.8950276243093923,-11.0,22.69999999999709,0.48458149779741894,0.0,down,opposed,0.37725495575828244,-12.049999999988358,12.049999999988358,below,True,True,-17.220000000001164,17.220000000001164,0.8852459016393442,0.9337016574585635,opposed,aligned,0.0,0.0,balanced_or_unknown,False,flat_or_unknown
2026-03-21 14:30:00,2026-03-21,70899.1,70899.2,70888.1,70890.7,19.232,11.652,30.884,7.58,0.2454345292060614,70890.62,87316.79,1.507e-05,0.0,0.0,False,2026-03-21.csv,7.58,positive,0.2454345292060614,0.4918032786885246,0.48066298342541436,0.5573770491803278,0.6740331491712708,-8.400000000008731,11.099999999991269,0.7567567567581386,0.23423423423363188,down,opposed,1.1081794195262178,0.08000000000174623,0.08000000000174623,above,True,True,14.549999999988358,14.549999999988358,0.819672131147541,0.9060773480662984,aligned,opposed,0.0,0.0,balanced_or_unknown,False,flat_or_unknown
2026-03-21 14:31:00,2026-03-21,70890.7,70937.5,70889.0,70913.8,111.445,46.987,158.432,64.458,0.40684962633811356,70919.69,87326.29,1.44e-05,0.0,0.0,False,2026-03-21.csv,64.458,positive,0.40684962633811356,0.9344262295081968,0.9668508287292817,0.8688524590163934,0.9502762430939227,23.10000000000582,48.5,0.4762886597939344,0.511340206185627,up,aligned,0.358372893977564,-5.889999999999418,5.889999999999418,below,True,True,9.5,9.5,0.7540983606557377,0.8453038674033149,aligned,aligned,0.0,0.0,balanced_or_unknown,False,flat_or_unknown
2026-03-21 14:32:00,2026-03-21,70913.7,70914.2,70891.3,70891.4,8.81,20.613,29.423,-11.802999999999999,-0.40114876117323184,70902.45,87387.65,1.392e-05,0.008,0.0,False,2026-03-21.csv,11.802999999999999,negative,0.40114876117323184,0.5901639344262295,0.6740331491712708,0.5081967213114754,0.6353591160220995,-22.30000000000291,22.89999999999418,0.9737991266379292,0.004366812226694073,down,aligned,1.889350165212481,-11.05000000000291,11.05000000000291,below,True,True,61.36000000000058,61.36000000000058,0.9836065573770492,0.994475138121547,opposed,opposed,0.008,0.008,buy,False,opposed
2026-03-21 14:33:00,2026-03-21,70891.3,70903.8,70891.3,70903.7,12.761,16.259,29.02,-3.498000000000001,-0.12053756030323919,70897.99,87392.72,1.392e-05,0.0,0.127,False,2026-03-21.csv,3.498000000000001,negative,0.12053756030323919,0.19672131147540983,0.2541436464088398,0.5081967213114754,0.6187845303867403,12.39999999999418,12.5,0.9919999999995344,0.9919999999995344,up,opposed,3.5448827901641438,5.709999999991851,5.709999999991851,above,True,True,5.070000000006985,5.070000000006985,0.5409836065573771,0.6629834254143646,opposed,aligned,0.127,-0.127,sell,True,aligned
2026-03-21 14:34:00,2026-03-21,70903.8,70928.3,70899.6,70923.5,22.508,26.402,48.91,-3.894000000000002,-0.07961562052749953,70910.76,87392.51,1.337e-05,0.0,0.0,False,2026-03-21.csv,3.894000000000002,negative,0.07961562052749953,0.22950819672131148,0.281767955801105,0.6557377049180327,0.8287292817679558,19.69999999999709,28.69999999999709,0.6864111498257521,0.8327526132402997,up,opposed,5.059065228556004,12.740000000005239,12.740000000005239,above,True,True,-0.21000000000640284,0.21000000000640284,0.06557377049180328,0.06629834254143646,aligned,opposed,0.0,0.0,balanced_or_unknown,False,flat_or_unknown
2026-03-21 14:35:00,2026-03-21,70923.6,70959.9,70923.5,70959.3,71.78,13.722,85.502,58.058,0.6790250520455662,70951.09,87402.18,1.282e-05,0.0,0.0,False,2026-03-21.csv,58.058,positive,0.6790250520455662,0.9180327868852459,0.9613259668508287,0.7868852459016393,0.9171270718232044,35.69999999999709,36.39999999999418,0.9807692307693077,0.9835164835167207,up,aligned,0.61490233904022,8.210000000006403,8.210000000006403,above,True,True,9.669999999998254,9.669999999998254,0.7377049180327869,0.8397790055248618,aligned,aligned,0.0,0.0,balanced_or_unknown,False,flat_or_unknown
2026-03-21 14:36:00,2026-03-21,70959.7,70989.0,70955.2,70955.2,42.086,40.247,82.333,1.8389999999999986,0.02233612281831099,70973.92,87425.41,1.312e-05,0.0,0.0,False,2026-03-21.csv,1.8389999999999986,positive,0.02233612281831099,0.11475409836065574,0.14917127071823205,0.7704918032786885,0.9116022099447514,-4.5,33.80000000000291,0.13313609467454474,0.0,down,opposed,2.4469820554649284,-18.720000000001164,18.720000000001164,below,True,True,23.230000000010477,23.230000000010477,0.9344262295081968,0.9613259668508287,aligned,opposed,0.0,0.0,balanced_or_unknown,False,flat_or_unknown
2026-03-21 14:37:00,2026-03-21,70955.2,70955.3,70927.7,70927.8,17.047,20.151,37.198,-3.103999999999999,-0.08344534652400665,70938.08,87444.75,1.312e-05,0.0,0.0,False,2026-03-21.csv,3.103999999999999,negative,0.08344534652400665,0.16393442622950818,0.22099447513812154,0.5737704918032787,0.7348066298342542,-27.39999999999418,27.60000000000582,0.9927536231879855,0.0036231884060072346,down,aligned,8.827319587626993,-10.279999999998836,10.279999999998836,below,True,True,19.339999999996508,19.339999999996508,0.8524590163934426,0.9281767955801105,opposed,opposed,0.0,0.0,balanced_or_unknown,False,flat_or_unknown
2026-03-21 14:38:00,2026-03-21,70927.8,70927.8,70917.2,70920.4,11.793,32.915,44.708,-21.122,-0.47244341057528855,70920.88,87442.35,1.361e-05,0.0,0.0,False,2026-03-21.csv,21.122,negative,0.47244341057528855,0.7049180327868853,0.8232044198895028,0.5901639344262295,0.7845303867403315,-7.400000000008731,10.60000000000582,0.6981132075476102,0.30188679245238986,down,aligned,0.35034561121147295,-0.4800000000104774,0.4800000000104774,below,True,True,-2.3999999999941792,2.3999999999941792,0.39344262295081966,0.4419889502762431,aligned,aligned,0.0,0.0,balanced_or_unknown,False,flat_or_unknown
2026-03-21 14:39:00,2026-03-21,70920.5,70941.8,70920.4,70929.0,10.526,7.3,17.826,3.226,0.18097161449568047,70932.04,87446.4,1.305e-05,0.0,0.0,False,2026-03-21.csv,3.226,positive,0.18097161449568047,0.19672131147540983,0.2430939226519337,0.26229508196721313,0.3701657458563536,8.5,21.40000000000873,0.39719626168208094,0.4018691588786127,up,aligned,2.6348419094854307,-3.039999999993597,3.039999999993597,below,True,True,4.0499999999883585,4.0499999999883585,0.45901639344262296,0.56353591160221,aligned,aligned,0.0,0.0,balanced_or_unknown,False,flat_or_unknown
2026-03-21 14:40:00,2026-03-21,70929.1,70929.2,70894.6,70898.1,14.82,37.231,52.051,-22.411,-0.4305584907110334,70907.02,87447.26,1.272e-05,0.0,0.0,False,2026-03-21.csv,22.411,negative,0.4305584907110334,0.7049180327868853,0.8232044198895028,0.6557377049180327,0.8232044198895028,-31.0,34.59999999999127,0.8959537572256596,0.10115606936418738,down,aligned,1.3832492972201151,-8.919999999998254,8.919999999998254,below,True,True,0.8600000000005821,0.8600000000005821,0.18032786885245902,0.22099447513812154,opposed,opposed,0.0,0.0,balanced_or_unknown,False,flat_or_unknown
2026-03-21 14:41:00,2026-03-21,70898.1,70900.0,70895.7,70895.7,19.814,27.493,47.307,-7.6789999999999985,-0.16232270065740795,70897.65,87454.39,1.272e-05,0.0,0.0,False,2026-03-21.csv,7.6789999999999985,negative,0.16232270065740795,0.4918032786885246,0.48066298342541436,0.6065573770491803,0.7900552486187845,-2.400000000008731,4.30000000000291,0.5581395348853737,0.0,down,aligned,0.31254069540418433,-1.9499999999970896,1.9499999999970896,below,True,True,7.130000000004657,7.130000000004657,0.6229508196721312,0.7292817679558011,opposed,opposed,0.0,0.0,balanced_or_unknown,False,flat_or_unknown
2026-03-21 14:42:00,2026-03-21,70895.7,70930.5,70895.7,70907.9,19.962,9.07,29.032,10.892,0.3751722237531,70908.19,87464.85,1.205e-05,0.03,0.142,False,2026-03-21.csv,10.892,positive,0.3751722237531,0.5573770491803278,0.6353591160220995,0.4098360655737705,0.580110497237569,12.19999999999709,34.80000000000291,0.3505747126435652,0.3505747126435652,up,aligned,1.1200881380827294,-0.2900000000081491,0.2900000000081491,below,True,True,10.460000000006403,10.460000000006403,0.7213114754098361,0.8287292817679558,aligned,aligned,0.172,-0.11199999999999999,sell,True,opposed
2026-03-21 14:43:00,2026-03-21,70907.9,70930.0,70907.8,70923.1,10.571,8.923,19.494,1.6479999999999997,0.08453883246127011,70921.72,87473.39,1.189e-05,0.0,0.013,False,2026-03-21.csv,1.6479999999999997,positive,0.08453883246127011,0.06557377049180328,0.12154696132596685,0.3114754098360656,0.4198895027624309,15.200000000011642,22.19999999999709,0.6846846846852989,0.6891891891894106,up,aligned,9.223300970880851,1.3800000000046566,1.3800000000046566,above,True,True,8.539999999993597,8.539999999993597,0.639344262295082,0.7790055248618785,aligned,aligned,0.013,-0.013,sell,False,opposed
2026-03-21 14:44:00,2026-03-21,70923.1,70928.7,70902.7,70902.8,6.604,22.181,28.785,-15.577000000000002,-0.5411499044641307,70919.2,87470.19,1.189e-05,0.105,0.0,False,2026-03-21.csv,15.577000000000002,negative,0.5411499044641307,0.6229508196721312,0.7403314917127072,0.3770491803278688,0.574585635359116,-20.30000000000291,26.0,0.7807692307693427,0.003846153846377722,down,aligned,1.3032034409708486,-16.39999999999418,16.39999999999418,below,True,True,-3.1999999999970896,3.1999999999970896,0.39344262295081966,0.49171270718232046,aligned,aligned,0.105,0.105,buy,False,opposed
2026-03-21 14:45:00,2026-03-21,70902.8,70906.4,70894.3,70902.6,17.609,15.359,32.968,2.2500000000000018,0.06824799805872366,70900.39,87470.48,1.175e-05,0.003,0.0,False,2026-03-21.csv,2.2500000000000018,positive,0.06824799805872366,0.13114754098360656,0.17679558011049723,0.45901639344262296,0.6519337016574586,-0.19999999999708962,12.099999999991269,0.01652892561960611,0.685950413223876,down,opposed,0.08888888888759532,2.210000000006403,2.210000000006403,above,True,True,0.28999999999359716,0.28999999999359716,0.08196721311475409,0.08839779005524862,aligned,opposed,0.003,0.003,buy,False,aligned
2026-03-21 14:46:00,2026-03-21,70902.6,70902.7,70898.0,70898.0,4.137,4.343,8.48,-0.2060000000000004,-0.024292452830188726,70900.66,87474.74,1.121e-05,0.0,0.0,False,2026-03-21.csv,0.2060000000000004,negative,0.024292452830188726,0.01639344262295082,0.011049723756906077,0.04918032786885246,0.09392265193370165,-4.600000000005821,4.69999999999709,0.9787234042571636,0.0,down,aligned,22.330097087406852,-2.6600000000034925,2.6600000000034925,below,True,True,4.260000000009313,4.260000000009313,0.45901639344262296,0.56353591160221,opposed,opposed,0.0,0.0,balanced_or_unknown,False,flat_or_unknown
2026-03-21 14:47:00,2026-03-21,70898.0,70898.1,70884.2,70884.2,7.118,17.297,24.415,-10.179,-0.41691583043211144,70892.13,87477.9,1.064e-05,0.0,0.0,False,2026-03-21.csv,10.179,negative,0.41691583043211144,0.5245901639344263,0.6132596685082873,0.3442622950819672,0.5082872928176796,-13.80000000000291,13.900000000008731,0.9928057553952692,0.0,down,aligned,1.3557323902154348,-7.930000000007567,7.930000000007567,below,True,True,3.1599999999889405,3.1599999999889405,0.3770491803278688,0.48066298342541436,opposed,opposed,0.0,0.0,balanced_or_unknown,False,flat_or_unknown
2026-03-21 14:48:00,2026-03-21,70884.3,70884.3,70813.1,70823.1,42.078,150.656,192.734,-108.578,-0.5633567507549264,70852.04,87460.89,1.064e-05,0.0,0.018,False,2026-03-21.csv,108.578,negative,0.5633567507549264,0.9508196721311475,0.9834254143646409,0.9016393442622951,0.9613259668508287,-61.19999999999709,71.19999999999709,0.859550561797747,0.14044943820225292,down,aligned,0.5636500948626525,-28.939999999987776,28.939999999987776,below,True,True,-17.00999999999476,17.00999999999476,0.8032786885245902,0.9060773480662984,aligned,aligned,0.018,-0.018,sell,False,aligned
2026-03-21 14:49:00,2026-03-21,70823.2,70842.4,70751.8,70751.8,50.725,108.034,158.759,-57.309000000000005,-0.3609811097323617,70790.07,87450.43,1.001e-05,0.0,0.349,False,2026-03-21.csv,57.309000000000005,negative,0.3609811097323617,0.8688524590163934,0.9447513812154696,0.8524590163934426,0.9447513812154696,-71.39999999999418,90.59999999999127,0.7880794701986872,0.0,down,aligned,1.2458776108463623,-38.270000000004075,38.270000000004075,below,True,True,-10.460000000006403,10.460000000006403,0.7049180327868853,0.8232044198895028,aligned,aligned,0.349,-0.349,sell,True,aligned
2026-03-21 14:50:00,2026-03-21,70751.9,70763.6,70713.6,70763.6,74.919,109.803,184.722,-34.884,-0.18884594146880176,70736.53,87444.27,8.86e-06,0.0,0.669,False,2026-03-21.csv,34.884,negative,0.18884594146880176,0.7704918032786885,0.9005524861878453,0.8852459016393442,0.9558011049723757,11.700000000011642,50.0,0.23400000000023283,1.0,up,opposed,0.33539731682179913,27.070000000006985,27.070000000006985,above,True,True,-6.1599999999889405,6.1599999999889405,0.5409836065573771,0.6685082872928176,aligned,opposed,0.669,-0.669,sell,True,aligned
2026-03-21 14:51:00,2026-03-21,70763.5,70763.6,70753.7,70753.7,35.812,30.35,66.162,5.461999999999996,0.08255494090263286,70756.95,87442.99,8.86e-06,0.002,0.0,False,2026-03-21.csv,5.461999999999996,positive,0.08255494090263286,0.3114754098360656,0.3370165745856354,0.6885245901639344,0.8729281767955801,-9.80000000000291,9.900000000008731,0.9898989898984109,0.0,down,opposed,1.794214573416865,-3.25,3.25,below,True,True,-1.2799999999988358,1.2799999999988358,0.2459016393442623,0.27624309392265195,opposed,aligned,0.002,0.002,buy,False,aligned
2026-03-21 14:52:00,2026-03-21,70753.7,70759.5,70705.6,70743.6,34.311,86.214,120.525,-51.903,-0.43064094586185436,70730.68,87431.38,8.34e-06,0.0,0.0,False,2026-03-21.csv,51.903,negative,0.43064094586185436,0.8360655737704918,0.9281767955801105,0.7868852459016393,0.9171270718232044,-10.099999999991269,53.89999999999418,0.1873840445267599,0.705009276437924,down,aligned,0.1945937614394403,12.920000000012806,12.920000000012806,above,True,True,-11.610000000000582,11.610000000000582,0.7049180327868853,0.850828729281768,aligned,aligned,0.0,0.0,balanced_or_unknown,False,flat_or_unknown
2026-03-21 14:53:00,2026-03-21,70743.7,70743.7,70599.0,70635.2,118.065,507.389,625.454,-389.324,-0.6224662405228842,70639.27,87447.63,8.32e-06,0.0,0.49,False,2026-03-21.csv,389.324,negative,0.6224662405228842,0.9836065573770492,0.994475138121547,0.9836065573770492,0.994475138121547,-108.5,144.6999999999971,0.7498272287491512,0.2501727712508488,down,aligned,0.2786881877305278,-4.070000000006985,4.070000000006985,below,True,True,16.25,16.25,0.7868852459016393,0.9005524861878453,opposed,opposed,0.49,-0.49,sell,True,aligned
2026-03-21 14:54:00,2026-03-21,70635.1,70646.4,70599.0,70624.1,83.146,104.114,187.26,-20.968000000000004,-0.11197265833600344,70620.44,87233.15,8.05e-06,0.0,0.179,False,2026-03-21.csv,20.968000000000004,negative,0.11197265833600344,0.6229508196721312,0.7845303867403315,0.8688524590163934,0.9502762430939227,-11.0,47.39999999999418,0.2320675105485517,0.5295358649790908,down,aligned,0.5246089278901181,3.6600000000034925,3.6600000000034925,above,True,True,-214.48000000001048,214.48000000001048,1.0,1.0,aligned,aligned,0.179,-0.179,sell,False,aligned
2026-03-21 14:55:00,2026-03-21,70624.5,70669.5,70613.0,70657.2,224.849,70.011,294.86,154.838,0.5251237875601981,70642.43,87234.62,8.05e-06,0.0,0.0,False,2026-03-21.csv,154.838,positive,0.5251237875601981,0.9508196721311475,0.9834254143646409,0.9344262295081968,0.9779005524861878,32.69999999999709,56.5,0.5787610619468512,0.7823008849557007,up,aligned,0.21118846794712598,14.770000000004075,14.770000000004075,above,True,True,1.4700000000011642,1.4700000000011642,0.2459016393442623,0.30386740331491713,aligned,aligned,0.0,0.0,balanced_or_unknown,False,flat_or_unknown
2026-03-21 14:56:00,2026-03-21,70657.3,70657.3,70580.5,70580.5,54.596,108.684,163.28,-54.088,-0.3312591866731994,70605.9,87297.89,7.76e-06,0.002,0.027,False,2026-03-21.csv,54.088,negative,0.3312591866731994,0.8032786885245902,0.9226519337016574,0.7868852459016393,0.9226519337016574,-76.80000000000291,76.80000000000291,1.0,0.0,down,aligned,1.419908297589168,-25.39999999999418,25.39999999999418,below,True,True,63.270000000004075,63.270000000004075,0.9672131147540983,0.988950276243094,opposed,opposed,0.028999999999999998,-0.025,sell,False,aligned
2026-03-21 14:57:00,2026-03-21,70580.3,70601.7,70550.0,70588.2,87.056,166.398,253.454,-79.342,-0.31304299794045465,70575.58,87328.98,7.7e-06,0.0,0.896,False,2026-03-21.csv,79.342,negative,0.31304299794045465,0.8852459016393442,0.9558011049723757,0.9180327868852459,0.9723756906077348,7.899999999994179,51.69999999999709,0.15280464216624032,0.7388781431334476,up,opposed,0.09956895465193945,12.619999999995343,12.619999999995343,above,True,True,31.089999999996508,31.089999999996508,0.9180327868852459,0.9613259668508287,opposed,aligned,0.896,-0.896,sell,True,aligned
2026-03-21 14:58:00,2026-03-21,70588.1,70588.2,70554.0,70562.0,50.488,74.919,125.407,-24.430999999999997,-0.19481368663631216,70569.56,87329.91,7.7e-06,0.0,0.0,False,2026-03-21.csv,24.430999999999997,negative,0.19481368663631216,0.639344262295082,0.8011049723756906,0.7049180327868853,0.8950276243093923,-26.10000000000582,34.19999999999709,0.7631578947370773,0.23391812865499068,down,aligned,1.068314845892752,-7.559999999997672,7.559999999997672,below,True,True,0.930000000007567,0.930000000007567,0.16393442622950818,0.20441988950276244,opposed,opposed,0.0,0.0,balanced_or_unknown,False,flat_or_unknown
2026-03-21 14:59:00,2026-03-21,70562.1,70583.8,70550.1,70566.1,71.028,63.547,134.575,7.481000000000009,0.055589819803083855,70565.66,87337.14,7.44e-06,0.0,0.0,False,2026-03-21.csv,7.481000000000009,positive,0.055589819803083855,0.32786885245901637,0.430939226519337,0.7213114754098361,0.9005524861878453,4.0,33.69999999999709,0.1186943620178144,0.4747774480712576,up,aligned,0.5346878759524122,0.4400000000023283,0.4400000000023283,above,True,True,7.2299999999959255,7.2299999999959255,0.5081967213114754,0.6850828729281768,aligned,aligned,0.0,0.0,balanced_or_unknown,False,flat_or_unknown
2026-03-21 15:00:00,2026-03-21,70566.0,70606.2,70566.0,70594.9,64.53,31.62,96.15,32.91,0.3422776911076443,70591.01,87334.18,7.16e-06,0.0,0.0,False,2026-03-21.csv,32.91,positive,0.3422776911076443,0.6557377049180327,0.856353591160221,0.6229508196721312,0.861878453038674,28.89999999999418,40.19999999999709,0.7189054726367232,0.7189054726367232,up,aligned,0.8781525372225518,3.889999999999418,3.889999999999418,above,True,True,-2.960000000006403,2.960000000006403,0.3114754098360656,0.44751381215469616,opposed,opposed,0.0,0.0,balanced_or_unknown,False,flat_or_unknown
2026-03-21 15:01:00,2026-03-21,70595.0,70603.7,70560.4,70569.7,34.193,74.159,108.352,-39.96600000000001,-0.36885336680448916,70577.84,87318.55,7.39e-06,0.002,0.0,False,2026-03-21.csv,39.96600000000001,negative,0.36885336680448916,0.6885245901639344,0.8729281767955801,0.639344262295082,0.8674033149171271,-25.30000000000291,43.30000000000291,0.5842956120092658,0.21478060046194655,down,aligned,0.6330380823700872,-8.139999999999418,8.139999999999418,below,True,True,-15.629999999990105,15.629999999990105,0.7049180327868853,0.8674033149171271,aligned,aligned,0.002,0.002,buy,False,opposed
2026-03-21 15:02:00,2026-03-21,70569.6,70611.8,70569.6,70608.3,112.505,41.607,154.112,70.898,0.4600420473421927,70595.59,87298.26,7.39e-06,0.0,0.0,False,2026-03-21.csv,70.898,positive,0.4600420473421927,0.8688524590163934,0.9502762430939227,0.7213114754098361,0.9005524861878453,38.69999999999709,42.19999999999709,0.9170616113744019,0.9170616113744019,up,aligned,0.5458546080283943,12.710000000006403,12.710000000006403,above,True,True,-20.29000000000815,20.29000000000815,0.8032786885245902,0.9116022099447514,opposed,opposed,0.0,0.0,balanced_or_unknown,False,flat_or_unknown
2026-03-21 15:03:00,2026-03-21,70608.4,70610.0,70579.1,70579.1,37.308,37.758,75.066,-0.45000000000000284,-0.005994724642314801,70603.8,87287.76,7.49e-06,0.0,0.0,False,2026-03-21.csv,0.45000000000000284,negative,0.005994724642314801,0.03278688524590164,0.027624309392265192,0.5245901639344263,0.8176795580110497,-29.29999999998836,30.89999999999418,0.948220064724721,0.0,down,aligned,65.11111111108482,-24.69999999999709,24.69999999999709,below,True,True,-10.5,10.5,0.5901639344262295,0.7845303867403315,aligned,aligned,0.0,0.0,balanced_or_unknown,False,flat_or_unknown
2026-03-21 15:04:00,2026-03-21,70579.0,70608.4,70532.0,70601.1,38.454,85.92,124.374,-47.466,-0.3816392493607989,70560.77,87259.81,8.06e-06,0.0,0.787,False,2026-03-21.csv,47.466,negative,0.3816392493607989,0.7213114754098361,0.8895027624309392,0.6721311475409836,0.8729281767955801,22.10000000000582,76.39999999999418,0.2892670157069045,0.9044502617802498,up,opposed,0.465596426916231,40.330000000001746,40.330000000001746,above,True,True,-27.94999999999709,27.94999999999709,0.9016393442622951,0.9558011049723757,aligned,opposed,0.787,-0.787,sell,True,aligned
2026-03-21 15:05:00,2026-03-21,70601.1,70627.1,70601.0,70603.4,36.125,23.343,59.468,12.782,0.21493912692540526,70610.93,87254.91,8.06e-06,0.0,0.0,False,2026-03-21.csv,12.782,positive,0.21493912692540526,0.39344262295081966,0.6243093922651933,0.4262295081967213,0.7624309392265194,2.2999999999883585,26.10000000000582,0.08812260536351899,0.09195402298826222,up,aligned,0.17994054138541374,-7.529999999998836,7.529999999998836,below,True,True,-4.899999999994179,4.899999999994179,0.3442622950819672,0.569060773480663,opposed,opposed,0.0,0.0,balanced_or_unknown,False,flat_or_unknown
2026-03-21 15:06:00,2026-03-21,70603.4,70608.8,70566.0,70566.1,31.077,61.064,92.141,-29.987,-0.32544686947178775,70591.49,87253.34,8.29e-06,0.0,0.0,False,2026-03-21.csv,29.987,negative,0.32544686947178775,0.6065573770491803,0.8232044198895028,0.5737704918032787,0.8397790055248618,-37.29999999998836,42.80000000000291,0.8714953271024725,0.0023364485982666815,down,aligned,1.2438723446823077,-25.389999999999418,25.389999999999418,below,True,True,-1.570000000006985,1.570000000006985,0.18032786885245902,0.30386740331491713,aligned,aligned,0.0,0.0,balanced_or_unknown,False,flat_or_unknown
2026-03-21 15:07:00,2026-03-21,70566.0,70566.1,70531.0,70542.2,35.362,56.762,92.124,-21.4,-0.2322956015804785,70545.72,87261.06,8.87e-06,0.0,0.033,False,2026-03-21.csv,21.4,negative,0.2322956015804785,0.5081967213114754,0.7513812154696132,0.5573770491803278,0.8342541436464088,-23.80000000000291,35.10000000000582,0.6780626780626485,0.31908831908818325,down,aligned,1.1121495327104165,-3.5200000000040745,3.5200000000040745,below,True,True,7.720000000001164,7.720000000001164,0.4918032786885246,0.6850828729281768,opposed,opposed,0.033,-0.033,sell,False,aligned
2026-03-21 15:08:00,2026-03-21,70542.2,70563.5,70542.2,70563.3,32.772,23.325,56.097,9.447,0.16840472752553612,70553.8,87263.99,8.42e-06,0.0,0.005,False,2026-03-21.csv,9.447,positive,0.16840472752553612,0.3114754098360656,0.5414364640883977,0.36065573770491804,0.7348066298342542,21.10000000000582,21.30000000000291,0.9906103286386355,0.9906103286386355,up,aligned,2.233513284641243,9.5,9.5,above,True,True,2.930000000007567,2.930000000007567,0.22950819672131148,0.4419889502762431,aligned,aligned,0.005,-0.005,sell,False,opposed
2026-03-21 15:09:00,2026-03-21,70563.4,70594.5,70555.4,70594.5,33.974,7.29,41.264,26.683999999999997,0.6466653741760371,70576.34,87266.82,8.42e-06,0.0,0.0,False,2026-03-21.csv,26.683999999999997,positive,0.6466653741760371,0.5901639344262295,0.8011049723756906,0.26229508196721313,0.6574585635359116,31.10000000000582,39.10000000000582,0.7953964194373706,1.0,up,aligned,1.1654924299207698,18.160000000003492,18.160000000003492,above,True,True,2.8300000000017462,2.8300000000017462,0.21311475409836064,0.43646408839779005,aligned,aligned,0.0,0.0,balanced_or_unknown,False,flat_or_unknown
2026-03-21 15:10:00,2026-03-21,70594.5,70594.5,70573.3,70574.2,19.801,18.159,37.96,1.6419999999999995,0.04325605900948365,70584.19,87266.27,8.31e-06,0.0,0.0,False,2026-03-21.csv,1.6419999999999995,positive,0.04325605900948365,0.04918032786885246,0.09392265193370165,0.2459016393442623,0.6187845303867403,-20.30000000000291,21.19999999999709,0.9575471698115895,0.042452830188410506,down,opposed,12.362971985385455,-9.990000000005239,9.990000000005239,below,True,True,-0.5500000000029104,0.5500000000029104,0.08196721311475409,0.11602209944751381,opposed,aligned,0.0,0.0,balanced_or_unknown,False,flat_or_unknown
2026-03-21 15:11:00,2026-03-21,70574.3,70574.3,70564.3,70574.2,18.06,10.576,28.636,7.483999999999998,0.2613493504679424,70570.37,87273.3,8.72e-06,0.0,0.0,False,2026-03-21.csv,7.483999999999998,positive,0.2613493504679424,0.2786885245901639,0.4198895027624309,0.09836065573770492,0.49171270718232046,-0.10000000000582077,10.0,0.010000000000582076,0.9899999999994179,down,opposed,0.013361838589767609,3.8300000000017462,3.8300000000017462,above,True,True,7.029999999998836,7.029999999998836,0.4262295081967213,0.6519337016574586,aligned,opposed,0.0,0.0,balanced_or_unknown,False,flat_or_unknown
2026-03-21 15:12:00,2026-03-21,70574.2,70595.5,70574.1,70595.4,30.778,6.988,37.766,23.79,0.6299316845840174,70587.62,87272.55,8.72e-06,0.0,0.0,False,2026-03-21.csv,23.79,positive,0.6299316845840174,0.5573770491803278,0.7569060773480663,0.2459016393442623,0.6132596685082873,21.19999999999709,21.39999999999418,0.9906542056076101,0.995327102803465,up,aligned,0.8911307271961787,7.779999999998836,7.779999999998836,above,True,True,-0.75,0.75,0.08196721311475409,0.13812154696132597,opposed,opposed,0.0,0.0,balanced_or_unknown,False,flat_or_unknown
2026-03-21 15:13:00,2026-03-21,70595.4,70601.0,70590.4,70599.8,38.674,24.384,63.058,14.29,0.2266167655174601,70597.38,87278.7,8.72e-06,0.0,0.0,False,2026-03-21.csv,14.29,positive,0.2266167655174601,0.4098360655737705,0.6353591160220995,0.47540983606557374,0.7790055248618785,4.400000000008731,10.60000000000582,0.4150943396232373,0.8867924528305254,up,aligned,0.3079076277122975,2.4199999999982538,2.4199999999982538,above,True,True,6.149999999994179,6.149999999994179,0.39344262295081966,0.6132596685082873,aligned,aligned,0.0,0.0,balanced_or_unknown,False,flat_or_unknown
2026-03-21 15:14:00,2026-03-21,70599.8,70599.8,70575.0,70582.1,7.917,19.753,27.67,-11.836,-0.4277556920852909,70585.12,87277.79,9.2e-06,0.0,0.0,False,2026-03-21.csv,11.836,negative,0.4277556920852909,0.39344262295081966,0.5966850828729282,0.09836065573770492,0.47513812154696133,-17.69999999999709,24.80000000000291,0.7137096774191537,0.28629032258084625,down,aligned,1.4954376478537588,-3.0199999999895226,3.0199999999895226,below,True,True,-0.9100000000034925,0.9100000000034925,0.13114754098360656,0.1878453038674033,aligned,aligned,0.0,0.0,balanced_or_unknown,False,flat_or_unknown
2026-03-21 15:15:00,2026-03-21,70582.2,70613.8,70582.1,70613.7,39.362,22.488,61.85,16.874000000000002,0.27282134195634605,70595.31,87257.7,9.4e-06,0.0,0.0,False,2026-03-21.csv,16.874000000000002,positive,0.27282134195634605,0.47540983606557374,0.6629834254143646,0.47540983606557374,0.7624309392265194,31.5,31.69999999999709,0.993690851735107,0.9968454258673239,up,aligned,1.8667772905061037,18.389999999999418,18.389999999999418,above,True,True,-20.089999999996508,20.089999999996508,0.819672131147541,0.9005524861878453,opposed,opposed,0.0,0.0,balanced_or_unknown,False,flat_or_unknown
2026-03-21 15:16:00,2026-03-21,70613.8,70645.0,70570.0,70570.1,64.713,89.508,154.221,-24.795,-0.16077576983679268,70605.09,87262.84,9.4e-06,0.0,0.0,False,2026-03-21.csv,24.795,negative,0.16077576983679268,0.639344262295082,0.7845303867403315,0.8032786885245902,0.9005524861878453,-43.69999999999709,75.0,0.5826666666666278,0.0013333333334109435,down,aligned,1.762452107279576,-34.98999999999069,34.98999999999069,below,True,True,5.139999999999418,5.139999999999418,0.4098360655737705,0.574585635359116,opposed,opposed,0.0,0.0,balanced_or_unknown,False,flat_or_unknown
2026-03-21 15:17:00,2026-03-21,70570.0,70570.1,70518.0,70546.0,18.879,71.447,90.326,-52.568,-0.5819808250116246,70540.56,87276.5,9.89e-06,0.0,0.027,False,2026-03-21.csv,52.568,negative,0.5819808250116246,0.819672131147541,0.9005524861878453,0.6229508196721312,0.8232044198895028,-24.0,52.10000000000582,0.4606525911707739,0.5374280230325695,down,aligned,0.4565515142291889,5.440000000002328,5.440000000002328,above,True,True,13.660000000003492,13.660000000003492,0.6721311475409836,0.8232044198895028,opposed,opposed,0.027,-0.027,sell,False,aligned
2026-03-21 15:18:00,2026-03-21,70546.0,70546.1,70518.0,70518.0,20.428,46.522,66.95,-26.093999999999998,-0.3897535474234503,70523.35,87279.98,9.56e-06,0.0,0.041,False,2026-03-21.csv,26.093999999999998,negative,0.3897535474234503,0.6557377049180327,0.7900552486187845,0.5573770491803278,0.7845303867403315,-28.0,28.10000000000582,0.9964412811385837,0.0,down,aligned,1.0730436115582127,-5.350000000005821,5.350000000005821,below,True,True,3.4799999999959255,3.4799999999959255,0.32786885245901637,0.48066298342541436,opposed,opposed,0.041,-0.041,sell,False,aligned
2026-03-21 15:19:00,2026-03-21,70518.0,70518.1,70420.0,70455.9,111.116,347.284,458.4,-236.168,-0.5152006980802792,70462.56,87208.93,9.56e-06,0.0,0.159,False,2026-03-21.csv,236.168,negative,0.5152006980802792,0.9836065573770492,0.988950276243094,0.9836065573770492,0.988950276243094,-62.10000000000582,98.10000000000582,0.6330275229358016,0.36595310907229406,down,aligned,0.26294840960674526,-6.6600000000034925,6.6600000000034925,below,True,True,-71.05000000000291,71.05000000000291,0.9836065573770492,0.988950276243094,aligned,aligned,0.159,-0.159,sell,False,aligned
2026-03-21 15:20:00,2026-03-21,70456.0,70484.6,70442.0,70476.0,110.307,69.169,179.476,41.138000000000005,0.22921170518620876,70463.81,87189.8,8.99e-06,0.0,0.0,False,2026-03-21.csv,41.138000000000005,positive,0.22921170518620876,0.7704918032786885,0.861878453038674,0.8852459016393442,0.9171270718232044,20.0,42.60000000000582,0.4694835680750532,0.7981220657275905,up,aligned,0.486168506004181,12.190000000002328,12.190000000002328,above,True,True,-19.129999999990105,19.129999999990105,0.8032786885245902,0.8839779005524862,opposed,opposed,0.0,0.0,balanced_or_unknown,False,flat_or_unknown
2026-03-21 15:21:00,2026-03-21,70476.1,70539.4,70476.0,70522.5,73.336,34.977,108.313,38.359,0.3541495480690222,70516.21,87195.17,8.24e-06,0.0,0.002,False,2026-03-21.csv,38.359,positive,0.3541495480690222,0.7377049180327869,0.8397790055248618,0.7049180327868853,0.8342541436464088,46.39999999999418,63.39999999999418,0.7318611987381457,0.7334384858044838,up,aligned,1.2096248598762787,6.289999999993597,6.289999999993597,above,True,True,5.369999999995343,5.369999999995343,0.4262295081967213,0.574585635359116,aligned,aligned,0.002,-0.002,sell,False,opposed
2026-03-21 15:22:00,2026-03-21,70522.6,70539.8,70514.3,70539.1,29.573,13.382,42.955,16.191000000000003,0.3769293446630195,70531.02,87193.19,8.81e-06,0.0,0.0,False,2026-03-21.csv,16.191000000000003,positive,0.3769293446630195,0.45901639344262296,0.6298342541436464,0.3114754098360656,0.6298342541436464,16.5,25.5,0.6470588235294118,0.9725490196079573,up,aligned,1.0190846766722252,8.080000000001746,8.080000000001746,above,True,True,-1.9799999999959255,1.9799999999959255,0.21311475409836064,0.32044198895027626,opposed,opposed,0.0,0.0,balanced_or_unknown,False,flat_or_unknown
2026-03-21 15:23:00,2026-03-21,70539.1,70544.3,70520.0,70544.3,17.278,19.507,36.785,-2.2290000000000028,-0.060595351366046026,70530.12,87190.14,8.81e-06,0.0,0.0,False,2026-03-21.csv,2.2290000000000028,negative,0.060595351366046026,0.09836065573770492,0.1270718232044199,0.2459016393442623,0.5580110497237569,5.19999999999709,24.30000000000291,0.21399176954717972,1.0,up,opposed,2.3328847016586285,14.180000000007567,14.180000000007567,above,True,True,-3.0500000000029104,3.0500000000029104,0.29508196721311475,0.43646408839779005,aligned,opposed,0.0,0.0,balanced_or_unknown,False,flat_or_unknown
2026-03-21 15:24:00,2026-03-21,70544.2,70553.1,70533.0,70549.9,23.812,29.697,53.509,-5.884999999999998,-0.10998149843951481,70546.71,87190.21,8.86e-06,0.0,0.0,False,2026-03-21.csv,5.884999999999998,negative,0.10998149843951481,0.22950819672131148,0.30939226519337015,0.4262295081967213,0.7016574585635359,5.69999999999709,20.10000000000582,0.28358208955201186,0.8407960198999644,up,opposed,0.9685641461337454,3.1899999999877764,3.1899999999877764,above,True,True,0.07000000000698492,0.07000000000698492,0.01639344262295082,0.016574585635359115,opposed,aligned,0.0,0.0,balanced_or_unknown,False,flat_or_unknown
2026-03-21 15:25:00,2026-03-21,70550.0,70607.1,70549.9,70595.9,69.769,10.673,80.442,59.096000000000004,0.7346411078789689,70583.22,87197.92,8.97e-06,0.002,0.0,False,2026-03-21.csv,59.096000000000004,positive,0.7346411078789689,0.8852459016393442,0.9337016574585635,0.5737704918032787,0.7900552486187845,45.89999999999418,57.20000000001164,0.8024475524472874,0.8041958041956405,up,aligned,0.7767023148773889,12.679999999993015,12.679999999993015,above,True,True,7.709999999991851,7.709999999991851,0.5573770491803278,0.6850828729281768,aligned,aligned,0.002,0.002,buy,False,aligned
2026-03-21 15:26:00,2026-03-21,70595.8,70595.9,70580.2,70581.9,34.727,19.805,54.532,14.921999999999997,0.27363749724932146,70589.04,87225.86,8.97e-06,0.0,0.0,False,2026-03-21.csv,14.921999999999997,positive,0.27363749724932146,0.4262295081967213,0.6187845303867403,0.4098360655737705,0.6961325966850829,-13.900000000008731,15.69999999999709,0.8853503184720578,0.10828025477690476,down,opposed,0.9315105213784167,-7.139999999999418,7.139999999999418,below,True,True,27.94000000000233,27.94000000000233,0.9016393442622951,0.9502762430939227,aligned,opposed,0.0,0.0,balanced_or_unknown,False,flat_or_unknown
2026-03-21 15:27:00,2026-03-21,70581.9,70616.3,70567.6,70616.2,43.384,32.085,75.469,11.299,0.1497171023864103,70584.82,87242.81,9.71e-06,0.0,0.0,False,2026-03-21.csv,11.299,positive,0.1497171023864103,0.36065573770491804,0.5524861878453039,0.5737704918032787,0.7790055248618785,34.30000000000291,48.69999999999709,0.7043121149898349,0.9979466119095313,up,aligned,3.035666873174875,31.379999999990105,31.379999999990105,above,True,True,16.94999999999709,16.94999999999709,0.7540983606557377,0.856353591160221,aligned,aligned,0.0,0.0,balanced_or_unknown,False,flat_or_unknown
2026-03-21 15:28:00,2026-03-21,70616.3,70637.1,70616.2,70623.0,37.584,23.158,60.742,14.426000000000002,0.23749629580850157,70626.24,87239.39,9.52e-06,0.0,0.0,False,2026-03-21.csv,14.426000000000002,positive,0.23749629580850157,0.4426229508196721,0.6132596685082873,0.4426229508196721,0.7237569060773481,6.69999999999709,20.90000000000873,0.3205741626791527,0.32535885167464446,up,aligned,0.4644392069871821,-3.2400000000052387,3.2400000000052387,below,True,True,-3.4199999999982538,3.4199999999982538,0.32786885245901637,0.48066298342541436,opposed,opposed,0.0,0.0,balanced_or_unknown,False,flat_or_unknown
2026-03-21 15:29:00,2026-03-21,70623.1,70623.1,70616.2,70616.3,11.518,8.436,19.954,3.0820000000000007,0.15445524706825703,70619.64,87239.32,1.032e-05,0.0,0.006,False,2026-03-21.csv,3.0820000000000007,positive,0.15445524706825703,0.13114754098360656,0.16574585635359115,0.06557377049180328,0.34806629834254144,-6.80000000000291,6.900000000008731,0.9855072463759863,0.014492753624013656,down,opposed,2.2063595068147013,-3.3399999999965075,3.3399999999965075,below,True,True,-0.069999999992433,0.069999999992433,0.01639344262295082,0.016574585635359115,opposed,aligned,0.006,-0.006,sell,False,opposed
2026-03-21 15:30:00,2026-03-21,70616.3,70637.9,70616.2,70637.9,13.581,2.295,15.876,11.286,0.7108843537414966,70621.44,87236.77,1.032e-05,0.016,0.0,False,2026-03-21.csv,11.286,positive,0.7108843537414966,0.36065573770491804,0.5580110497237569,0.03278688524590164,0.2430939226519337,21.59999999999127,21.69999999999709,0.9953917050688555,1.0,up,aligned,1.9138755980853508,16.45999999999185,16.45999999999185,above,True,True,-2.5500000000029104,2.5500000000029104,0.2459016393442623,0.4088397790055249,opposed,opposed,0.016,0.016,buy,False,aligned
2026-03-21 15:31:00,2026-03-21,70637.9,70651.2,70624.3,70625.0,45.224,32.822,78.046,12.401999999999994,0.15890628603643997,70638.87,87236.49,1.045e-05,0.0,0.0,False,2026-03-21.csv,12.401999999999994,positive,0.15890628603643997,0.4098360655737705,0.585635359116022,0.5737704918032787,0.7845303867403315,-12.89999999999418,26.89999999999418,0.47955390334561226,0.02602230483261119,down,opposed,1.0401548137392507,-13.869999999995343,13.869999999995343,below,True,True,-0.27999999999883585,0.27999999999883585,0.06557377049180328,0.06077348066298342,opposed,aligned,0.0,0.0,balanced_or_unknown,False,flat_or_unknown
2026-03-21 15:32:00,2026-03-21,70625.1,70650.8,70625.0,70646.1,21.352,8.897,30.249,12.455,0.41174914873218954,70639.84,87239.26,1.074e-05,0.0,0.0,False,2026-03-21.csv,12.455,positive,0.41174914873218954,0.4262295081967213,0.585635359116022,0.21311475409836064,0.5138121546961326,21.0,25.80000000000291,0.8139534883720012,0.8178294573644744,up,aligned,1.686069851465275,6.260000000009313,6.260000000009313,above,True,True,2.7699999999895226,2.7699999999895226,0.2786885245901639,0.425414364640884,aligned,aligned,0.0,0.0,balanced_or_unknown,False,flat_or_unknown
2026-03-21 15:33:00,2026-03-21,70646.1,70679.0,70646.0,70669.1,45.39,18.137,63.527,27.253,0.4289986934689187,70664.6,87238.45,1.074e-05,0.006,0.0,False,2026-03-21.csv,27.253,positive,0.4289986934689187,0.6885245901639344,0.8066298342541437,0.5081967213114754,0.7513812154696132,23.0,33.0,0.696969696969697,0.7000000000001764,up,aligned,0.8439437860052105,4.5,4.5,above,True,True,-0.8099999999976717,0.8099999999976717,0.13114754098360656,0.1712707182320442,opposed,opposed,0.006,0.006,buy,False,aligned
2026-03-21 15:34:00,2026-03-21,70669.1,70739.0,70666.0,70714.6,160.602,76.75,237.352,83.852,0.35328120260204254,70705.24,87227.44,1.082e-05,1.526,0.0,False,2026-03-21.csv,83.852,positive,0.35328120260204254,0.9344262295081968,0.9558011049723757,0.9344262295081968,0.9613259668508287,45.5,73.0,0.6232876712328768,0.665753424657614,up,aligned,0.5426227162142823,9.360000000000582,9.360000000000582,above,True,True,-11.009999999994761,11.009999999994761,0.7213114754098361,0.7955801104972375,opposed,opposed,1.526,1.526,buy,True,aligned
2026-03-21 15:35:00,2026-03-21,70714.7,70735.0,70700.0,70729.7,36.442,32.657,69.099,3.7850000000000037,0.05477648012272252,70715.75,87210.57,1.168e-05,0.0,0.0,False,2026-03-21.csv,3.7850000000000037,positive,0.05477648012272252,0.18032786885245902,0.23204419889502761,0.5245901639344263,0.7624309392265194,15.0,35.0,0.42857142857142855,0.8485714285713454,up,aligned,3.963011889035663,13.94999999999709,13.94999999999709,above,True,True,-16.869999999995343,16.869999999995343,0.7868852459016393,0.8674033149171271,opposed,opposed,0.0,0.0,balanced_or_unknown,False,flat_or_unknown
2026-03-21 15:36:00,2026-03-21,70729.8,70729.8,70657.7,70657.8,21.377,74.65,96.027,-53.27300000000001,-0.5547710539744032,70682.34,87204.57,1.201e-05,0.0,0.0,False,2026-03-21.csv,53.27300000000001,negative,0.5547710539744032,0.8360655737704918,0.9005524861878453,0.6721311475409836,0.8232044198895028,-72.0,72.10000000000582,0.9986130374479083,0.0013869625520917155,down,aligned,1.351528917087455,-24.539999999993597,24.539999999993597,below,True,True,-6.0,6.0,0.5081967213114754,0.6243093922651933,aligned,aligned,0.0,0.0,balanced_or_unknown,False,flat_or_unknown
2026-03-21 15:37:00,2026-03-21,70657.8,70664.2,70650.0,70650.0,14.019,26.795,40.814,-12.776000000000002,-0.313029842701034,70656.96,87206.11,1.201e-05,0.006,0.0,False,2026-03-21.csv,12.776000000000002,negative,0.313029842701034,0.39344262295081966,0.5911602209944752,0.2786885245901639,0.580110497237569,-7.80000000000291,14.19999999999709,0.5492957746482049,0.0,down,aligned,0.6105197244836341,-6.960000000006403,6.960000000006403,below,True,True,1.5399999999935972,1.5399999999935972,0.21311475409836064,0.292817679558011,opposed,opposed,0.006,0.006,buy,False,opposed
2026-03-21 15:38:00,2026-03-21,70650.1,70659.3,70624.9,70626.2,8.879,20.806,29.685,-11.927000000000001,-0.40178541350850605,70640.41,87208.59,1.146e-05,0.135,0.0,False,2026-03-21.csv,11.927000000000001,negative,0.40178541350850605,0.3442622950819672,0.5580110497237569,0.18032786885245902,0.4861878453038674,-23.90000000000873,34.40000000000873,0.6947674418605426,0.03779069767449362,down,aligned,2.0038567955067266,-14.210000000006403,14.210000000006403,below,True,True,2.4799999999959255,2.4799999999959255,0.2786885245901639,0.3867403314917127,opposed,opposed,0.135,0.135,buy,False,opposed
2026-03-21 15:39:00,2026-03-21,70626.1,70649.0,70622.0,70648.9,15.197,10.204,25.401,4.9929999999999986,0.19656706428880746,70633.42,87207.6,1.06e-05,0.0,0.0,False,2026-03-21.csv,4.9929999999999986,positive,0.19656706428880746,0.16393442622950818,0.27071823204419887,0.11475409836065574,0.4088397790055249,22.79999999998836,27.0,0.8444444444440132,0.9962962962960807,up,aligned,4.566392950127852,15.479999999995925,15.479999999995925,above,True,True,-0.9899999999906868,0.9899999999906868,0.18032786885245902,0.20441988950276244,opposed,opposed,0.0,0.0,balanced_or_unknown,False,flat_or_unknown
2026-03-21 15:40:00,2026-03-21,70648.9,70649.0,70587.4,70590.4,11.037,99.82,110.857,-88.78299999999999,-0.8008786093796512,70611.74,87210.8,1.06e-05,0.0,0.0,False,2026-03-21.csv,88.78299999999999,negative,0.8008786093796512,0.9344262295081968,0.9558011049723757,0.7213114754098361,0.850828729281768,-58.5,61.60000000000582,0.949675324675235,0.048701298701294096,down,aligned,0.6589099264498836,-21.34000000001106,21.34000000001106,below,True,True,3.1999999999970896,3.1999999999970896,0.4262295081967213,0.47513812154696133,opposed,opposed,0.0,0.0,balanced_or_unknown,False,flat_or_unknown
2026-03-21 15:41:00,2026-03-21,70590.4,70622.7,70563.0,70618.0,55.672,22.27,77.942,33.402,0.42854943419465763,70599.61,87202.83,1.005e-05,0.014,0.0,False,2026-03-21.csv,33.402,positive,0.42854943419465763,0.6885245901639344,0.8232044198895028,0.5573770491803278,0.7624309392265194,27.60000000000582,59.69999999999709,0.46231155778906474,0.9212730318258405,up,aligned,0.8262978264776307,18.389999999999418,18.389999999999418,above,True,True,-7.970000000001164,7.970000000001164,0.6557377049180327,0.7237569060773481,opposed,opposed,0.014,0.014,buy,False,aligned
2026-03-21 15:42:00,2026-03-21,70618.0,70636.5,70618.0,70636.5,5.907,5.576,11.483,0.3310000000000004,0.02882521989027261,70629.5,87221.79,9.44e-06,0.0,0.0,False,2026-03-21.csv,0.3310000000000004,positive,0.02882521989027261,0.03278688524590164,0.011049723756906077,0.03278688524590164,0.12154696132596685,18.5,18.5,1.0,1.0,up,aligned,55.8912386706948,7.0,7.0,above,True,True,18.95999999999185,18.95999999999185,0.8524590163934426,0.8895027624309392,aligned,aligned,0.0,0.0,balanced_or_unknown,False,flat_or_unknown
2026-03-21 15:43:00,2026-03-21,70636.5,70636.5,70629.3,70629.4,5.224,7.671,12.895,-2.447,-0.18976347421481196,70632.64,87225.58,9.74e-06,0.0,0.0,False,2026-03-21.csv,2.447,negative,0.18976347421481196,0.13114754098360656,0.13259668508287292,0.04918032786885246,0.143646408839779,-7.100000000005821,7.19999999999709,0.9861111111123182,0.013888888887681843,down,aligned,2.9015120555806377,-3.2400000000052387,3.2400000000052387,below,True,True,3.790000000008149,3.790000000008149,0.45901639344262296,0.5138121546961326,opposed,opposed,0.0,0.0,balanced_or_unknown,False,flat_or_unknown
2026-03-21 15:44:00,2026-03-21,70629.3,70650.0,70629.3,70633.3,24.57,6.264,30.834,18.306,0.5936952714535902,70646.03,87222.52,9.74e-06,0.0,0.0,False,2026-03-21.csv,18.306,positive,0.5936952714535902,0.5081967213114754,0.6850828729281768,0.21311475409836064,0.49171270718232046,4.0,20.69999999999709,0.19323671497587258,0.19323671497587258,up,aligned,0.21850759313886156,-12.729999999995925,12.729999999995925,below,True,True,-3.0599999999976717,3.0599999999976717,0.3770491803278688,0.44751381215469616,opposed,opposed,0.0,0.0,balanced_or_unknown,False,flat_or_unknown
2026-03-21 15:45:00,2026-03-21,70633.2,70633.3,70584.5,70590.8,5.403,61.155,66.558,-55.752,-0.8376453619399621,70604.65,87218.53,9.82e-06,0.0,0.0,False,2026-03-21.csv,55.752,negative,0.8376453619399621,0.8360655737704918,0.9060773480662984,0.47540983606557374,0.7348066298342542,-42.39999999999418,48.80000000000291,0.8688524590162223,0.12909836065578964,down,aligned,0.7605108336919604,-13.849999999991269,13.849999999991269,below,True,True,-3.9900000000052387,3.9900000000052387,0.47540983606557374,0.5193370165745856,aligned,aligned,0.0,0.0,balanced_or_unknown,False,flat_or_unknown
2026-03-21 15:46:00,2026-03-21,70590.8,70644.3,70590.8,70606.0,21.386,134.017,155.403,-112.631,-0.724767218136072,70636.4,87208.55,9.77e-06,0.012,0.0,False,2026-03-21.csv,112.631,negative,0.724767218136072,0.9508196721311475,0.9668508287292817,0.819672131147541,0.8895027624309392,15.19999999999709,53.5,0.2841121495326559,0.2841121495326559,up,opposed,0.13495396471661522,-30.39999999999418,30.39999999999418,below,True,True,-9.979999999995925,9.979999999995925,0.6721311475409836,0.7624309392265194,aligned,opposed,0.012,0.012,buy,False,opposed
2026-03-21 15:47:00,2026-03-21,70605.9,70613.9,70605.9,70613.9,4.197,4.751,8.948,-0.5540000000000003,-0.06191327670987933,70608.43,87212.61,9.77e-06,0.0,0.0,False,2026-03-21.csv,0.5540000000000003,negative,0.06191327670987933,0.04918032786885246,0.03867403314917127,0.01639344262295082,0.08287292817679558,8.0,8.0,1.0,1.0,up,opposed,14.440433212996384,5.470000000001164,5.470000000001164,above,True,True,4.059999999997672,4.059999999997672,0.47540983606557374,0.5248618784530387,opposed,aligned,0.0,0.0,balanced_or_unknown,False,flat_or_unknown
2026-03-21 15:48:00,2026-03-21,70613.8,70615.8,70595.3,70595.4,15.539,18.143,33.682,-2.604000000000001,-0.07731132355560837,70606.51,87226.19,9.43e-06,0.0,0.0,False,2026-03-21.csv,2.604000000000001,negative,0.07731132355560837,0.11475409836065574,0.13259668508287292,0.19672131147540983,0.5082872928176796,-18.40000000000873,20.5,0.897560975610182,0.0048780487800618956,down,aligned,7.0660522273459,-11.110000000000582,11.110000000000582,below,True,True,13.580000000001746,13.580000000001746,0.7377049180327869,0.8121546961325967,opposed,opposed,0.0,0.0,balanced_or_unknown,False,flat_or_unknown
2026-03-21 15:49:00,2026-03-21,70595.3,70624.3,70595.3,70624.2,17.665,6.018,23.683,11.646999999999998,0.491787358020521,70608.95,87230.08,9.52e-06,0.0,0.0,False,2026-03-21.csv,11.646999999999998,positive,0.491787358020521,0.29508196721311475,0.5248618784530387,0.09836065573770492,0.34806629834254144,28.89999999999418,29.0,0.9965517241377303,0.9965517241377303,up,aligned,2.481325663260426,15.25,15.25,above,True,True,3.889999999999418,3.889999999999418,0.4426229508196721,0.5027624309392266,aligned,aligned,0.0,0.0,balanced_or_unknown,False,flat_or_unknown
2026-03-21 15:50:00,2026-03-21,70624.3,70637.0,70624.2,70624.6,15.92,6.472,22.392,9.448,0.4219364058592355,70628.86,87232.96,9.65e-06,0.0,0.0,False,2026-03-21.csv,9.448,positive,0.4219364058592355,0.26229508196721313,0.47513812154696133,0.09836065573770492,0.3259668508287293,0.3000000000029104,12.80000000000291,0.023437500000222045,0.031250000000675016,up,aligned,0.03175275190547316,-4.259999999994761,4.259999999994761,below,True,True,2.8800000000046566,2.8800000000046566,0.3114754098360656,0.4143646408839779,aligned,aligned,0.0,0.0,balanced_or_unknown,False,flat_or_unknown
2026-03-21 15:51:00,2026-03-21,70624.5,70624.6,70614.0,70614.0,6.467,5.979,12.446,0.48799999999999955,0.03920938454121803,70623.6,87233.6,9.65e-06,0.0,0.002,False,2026-03-21.csv,0.48799999999999955,positive,0.03920938454121803,0.04918032786885246,0.03867403314917127,0.04918032786885246,0.1270718232044199,-10.5,10.60000000000582,0.9905660377353052,0.0,down,opposed,21.51639344262297,-9.60000000000582,9.60000000000582,below,True,True,0.6399999999994179,0.6399999999994179,0.08196721311475409,0.10497237569060773,aligned,opposed,0.002,-0.002,sell,False,opposed
2026-03-21 15:52:00,2026-03-21,70614.0,70614.1,70600.3,70604.5,4.109,6.624,10.733,-2.5149999999999997,-0.2343240473306624,70603.3,87235.64,9.68e-06,0.0,0.0,False,2026-03-21.csv,2.5149999999999997,negative,0.2343240473306624,0.13114754098360656,0.13259668508287292,0.03278688524590164,0.09944751381215469,-9.5,13.80000000000291,0.6884057971013041,0.30434782608668143,down,aligned,3.7773359840954277,1.1999999999970896,1.1999999999970896,above,True,True,2.039999999993597,2.039999999993597,0.2459016393442623,0.30939226519337015,opposed,opposed,0.0,0.0,balanced_or_unknown,False,flat_or_unknown
2026-03-21 15:53:00,2026-03-21,70604.5,70629.4,70604.4,70629.4,7.217,0.85,8.067,6.367,0.7892649064088261,70617.55,87235.93,9.41e-06,0.0,0.0,False,2026-03-21.csv,6.367,positive,0.7892649064088261,0.22950819672131148,0.3314917127071823,0.01639344262295082,0.06629834254143646,24.89999999999418,25.0,0.9959999999997672,1.0,up,aligned,3.9107900109932747,11.849999999991269,11.849999999991269,above,True,True,0.28999999999359716,0.28999999999359716,0.06557377049180328,0.06077348066298342,aligned,aligned,0.0,0.0,balanced_or_unknown,False,flat_or_unknown
2026-03-21 15:54:00,2026-03-21,70629.4,70650.0,70627.3,70649.9,19.387,7.181,26.568,12.206,0.459424872026498,70639.81,87238.66,9.41e-06,0.0,0.0,False,2026-03-21.csv,12.206,positive,0.459424872026498,0.39344262295081966,0.56353591160221,0.19672131147540983,0.4143646408839779,20.5,22.69999999999709,0.9030837004406445,0.9955947136561307,up,aligned,1.6795018843191873,10.089999999996508,10.089999999996508,above,True,True,2.7300000000104774,2.7300000000104774,0.3114754098360656,0.39779005524861877,aligned,aligned,0.0,0.0,balanced_or_unknown,False,flat_or_unknown
2026-03-21 15:55:00,2026-03-21,70650.0,70650.0,70620.0,70620.0,9.715,58.96,68.675,-49.245000000000005,-0.7170731707317074,70634.57,87245.8,9.35e-06,0.0,0.0,False,2026-03-21.csv,49.245000000000005,negative,0.7170731707317074,0.8032786885245902,0.8674033149171271,0.5737704918032787,0.7348066298342542,-30.0,30.0,1.0,0.0,down,aligned,0.6091989034419737,-14.570000000006985,14.570000000006985,below,True,True,7.139999999999418,7.139999999999418,0.6557377049180327,0.6740331491712708,opposed,opposed,0.0,0.0,balanced_or_unknown,False,flat_or_unknown
2026-03-21 15:56:00,2026-03-21,70620.0,70637.0,70615.0,70626.8,5.884,51.709,57.593,-45.825,-0.7956696126265345,70635.75,87270.63,1.022e-05,0.0,0.0,False,2026-03-21.csv,45.825,negative,0.7956696126265345,0.7868852459016393,0.8453038674033149,0.45901639344262296,0.6519337016574586,6.80000000000291,22.0,0.30909090909104137,0.5363636363637686,up,opposed,0.14839061647578636,-8.94999999999709,8.94999999999709,below,True,True,24.830000000001746,24.830000000001746,0.9180327868852459,0.9502762430939227,opposed,aligned,0.0,0.0,balanced_or_unknown,False,flat_or_unknown
2026-03-21 15:57:00,2026-03-21,70626.7,70626.8,70615.0,70615.0,4.846,4.966,9.812,-0.1200000000000001,-0.012229922543823902,70619.04,87303.65,1.055e-05,0.0,0.0,False,2026-03-21.csv,0.1200000000000001,negative,0.012229922543823902,0.01639344262295082,0.0055248618784530384,0.04918032786885246,0.08287292817679558,-11.69999999999709,11.80000000000291,0.9915254237283224,0.0,down,aligned,97.49999999997566,-4.039999999993597,4.039999999993597,below,True,True,33.01999999998952,33.01999999998952,0.9836065573770492,0.9668508287292817,opposed,opposed,0.0,0.0,balanced_or_unknown,False,flat_or_unknown
2026-03-21 15:58:00,2026-03-21,70615.0,70629.2,70615.0,70629.1,8.888,5.133,14.021,3.755,0.2678125668639897,70624.16,87301.51,1.055e-05,0.0,0.0,False,2026-03-21.csv,3.755,positive,0.2678125668639897,0.19672131147540983,0.2154696132596685,0.13114754098360656,0.17679558011049723,14.10000000000582,14.19999999999709,0.9929577464794866,0.9929577464794866,up,aligned,3.7549933422119364,4.940000000002328,4.940000000002328,above,True,True,-2.139999999999418,2.139999999999418,0.26229508196721313,0.30939226519337015,opposed,opposed,0.0,0.0,balanced_or_unknown,False,flat_or_unknown
2026-03-21 15:59:00,2026-03-21,70629.1,70634.8,70629.1,70634.8,8.27,4.443,12.713,3.827,0.30103044128057893,70632.01,87303.43,1.054e-05,0.0,0.0,False,2026-03-21.csv,3.827,positive,0.30103044128057893,0.22950819672131148,0.2265193370165746,0.11475409836065574,0.1270718232044199,5.69999999999709,5.69999999999709,1.0,1.0,up,aligned,1.4894172981440004,2.790000000008149,2.790000000008149,above,True,True,1.9199999999982538,1.9199999999982538,0.21311475409836064,0.281767955801105,aligned,aligned,0.0,0.0,balanced_or_unknown,False,flat_or_unknown
2026-03-21 16:00:00,2026-03-21,70634.8,70634.8,70599.1,70599.1,2.931,15.162,18.093,-12.231000000000002,-0.6760072956391976,70623.51,87306.98,1.093e-05,0.0,0.0,False,2026-03-21.csv,12.231000000000002,negative,0.6760072956391976,0.4426229508196721,0.5524861878453039,0.18032786885245902,0.24861878453038674,-35.69999999999709,35.69999999999709,1.0,0.0,down,aligned,2.9188128525874486,-24.40999999998894,24.40999999998894,below,True,True,3.5500000000029104,3.5500000000029104,0.4918032786885246,0.48066298342541436,opposed,opposed,0.0,0.0,balanced_or_unknown,False,flat_or_unknown
2026-03-21 16:01:00,2026-03-21,70599.1,70599.2,70562.3,70562.3,24.924,63.505,88.429,-38.581,-0.4362935236178177,70577.74,87309.39,1.093e-05,0.0,0.0,False,2026-03-21.csv,38.581,negative,0.4362935236178177,0.7704918032786885,0.8176795580110497,0.7704918032786885,0.7900552486187845,-36.80000000000291,36.89999999999418,0.9972899728999652,0.0,down,aligned,0.9538373810943964,-15.440000000002328,15.440000000002328,below,True,True,2.4100000000034925,2.4100000000034925,0.2786885245901639,0.3425414364640884,opposed,opposed,0.0,0.0,balanced_or_unknown,False,flat_or_unknown
2026-03-21 16:02:00,2026-03-21,70562.3,70601.6,70562.3,70601.6,13.447,15.956,29.403,-2.5090000000000003,-0.08533142876577221,70577.55,87309.42,1.11e-05,0.0,0.0,False,2026-03-21.csv,2.5090000000000003,negative,0.08533142876577221,0.14754098360655737,0.12154696132596685,0.3114754098360656,0.4419889502762431,39.30000000000291,39.30000000000291,1.0,1.0,up,opposed,15.663611000399722,24.05000000000291,24.05000000000291,above,True,True,0.029999999998835847,0.029999999998835847,0.01639344262295082,0.011049723756906077,opposed,aligned,0.0,0.0,balanced_or_unknown,False,flat_or_unknown
2026-03-21 16:03:00,2026-03-21,70601.9,70620.2,70600.0,70611.4,22.665,11.954,34.619,10.710999999999999,0.30939657413559024,70609.92,87310.01,1.102e-05,0.0,0.0,False,2026-03-21.csv,10.710999999999999,positive,0.30939657413559024,0.36065573770491804,0.49171270718232046,0.39344262295081966,0.5027624309392266,9.5,20.19999999999709,0.47029702970303805,0.5643564356433575,up,aligned,0.8869386611894315,1.4799999999959255,1.4799999999959255,above,True,True,0.5899999999965075,0.5899999999965075,0.11475409836065574,0.09944751381215469,aligned,aligned,0.0,0.0,balanced_or_unknown,False,flat_or_unknown
2026-03-21 16:04:00,2026-03-21,70611.3,70611.4,70594.2,70598.7,4.722,4.504,9.226,0.21800000000000086,0.02362887491870809,70605.17,87310.26,1.139e-05,0.0,0.0,False,2026-03-21.csv,0.21800000000000086,positive,0.02362887491870809,0.03278688524590164,0.016574585635359115,0.04918032786885246,0.055248618784530384,-12.60000000000582,17.19999999999709,0.7325581395353461,0.26162790697678845,down,opposed,57.79816513764115,-6.470000000001164,6.470000000001164,below,True,True,0.25,0.25,0.06557377049180328,0.049723756906077346,aligned,opposed,0.0,0.0,balanced_or_unknown,False,flat_or_unknown
2026-03-21 16:05:00,2026-03-21,70598.7,70598.7,70594.8,70594.8,3.183,6.351,9.534,-3.168,-0.3322844556324732,70595.05,87310.36,1.139e-05,0.007,0.0,False,2026-03-21.csv,3.168,negative,0.3322844556324732,0.21311475409836064,0.18232044198895028,0.06557377049180328,0.055248618784530384,-3.8999999999941792,3.8999999999941792,1.0,0.0,down,aligned,1.2310606060587685,-0.25,0.25,below,True,True,0.10000000000582077,0.10000000000582077,0.06557377049180328,0.03867403314917127,opposed,opposed,0.007,0.007,buy,False,opposed
2026-03-21 16:06:00,2026-03-21,70594.9,70610.8,70594.8,70610.8,15.963,0.792,16.755,15.171,0.9054610564010743,70601.75,87305.07,1.141e-05,0.0,0.0,False,2026-03-21.csv,15.171,positive,0.9054610564010743,0.6065573770491803,0.6077348066298343,0.21311475409836064,0.20994475138121546,15.900000000008731,16.0,0.9937500000005457,1.0,up,aligned,1.0480522048651197,9.05000000000291,9.05000000000291,above,True,True,-5.289999999993597,5.289999999993597,0.6557377049180327,0.585635359116022,opposed,opposed,0.0,0.0,balanced_or_unknown,False,flat_or_unknown
2026-03-21 16:07:00,2026-03-21,70610.7,70615.4,70610.7,70615.4,6.485,2.133,8.618,4.352,0.5049895567417034,70615.09,87303.66,1.143e-05,0.0,0.0,False,2026-03-21.csv,4.352,positive,0.5049895567417034,0.2786885245901639,0.2430939226519337,0.03278688524590164,0.04419889502762431,4.69999999999709,4.69999999999709,1.0,1.0,up,aligned,1.0799632352934487,0.3099999999976717,0.3099999999976717,above,True,True,-1.4100000000034925,1.4100000000034925,0.2459016393442623,0.23756906077348067,opposed,opposed,0.0,0.0,balanced_or_unknown,False,flat_or_unknown
2026-03-21 16:08:00,2026-03-21,70615.3,70615.4,70600.0,70603.3,8.256,5.072,13.328,3.184,0.23889555822328934,70607.83,87303.93,1.143e-05,0.0,0.0,False,2026-03-21.csv,3.184,positive,0.23889555822328934,0.22950819672131148,0.1878453038674033,0.19672131147540983,0.14917127071823205,-12.0,15.39999999999418,0.7792207792210737,0.21428571428598425,down,opposed,3.7688442211055273,-4.529999999998836,4.529999999998836,below,True,True,0.2699999999895226,0.2699999999895226,0.09836065573770492,0.06077348066298342,aligned,opposed,0.0,0.0,balanced_or_unknown,False,flat_or_unknown
2026-03-21 16:09:00,2026-03-21,70603.3,70615.8,70600.0,70600.1,14.567,10.821,25.388,3.7460000000000004,0.14755002363321254,70608.51,87300.32,1.171e-05,0.0,0.0,False,2026-03-21.csv,3.7460000000000004,positive,0.14755002363321254,0.2459016393442623,0.2265193370165746,0.32786885245901637,0.3812154696132597,-3.1999999999970896,15.80000000000291,0.20253164556939873,0.00632911392441787,down,opposed,0.8542445274952187,-8.40999999998894,8.40999999998894,below,True,True,-3.60999999998603,3.60999999998603,0.5737704918032787,0.49171270718232046,opposed,aligned,0.0,0.0,balanced_or_unknown,False,flat_or_unknown
2026-03-21 16:10:00,2026-03-21,70600.1,70600.1,70577.2,70577.3,7.421,30.547,37.968,-23.126,-0.6090918668352296,70584.61,87301.92,1.171e-05,0.0,0.0,False,2026-03-21.csv,23.126,negative,0.6090918668352296,0.7049180327868853,0.7071823204419889,0.5573770491803278,0.5469613259668509,-22.80000000000291,22.90000000000873,0.9956331877726733,0.004366812227326753,down,aligned,0.9859033122893242,-7.309999999997672,7.309999999997672,below,True,True,1.5999999999912689,1.5999999999912689,0.29508196721311475,0.292817679558011,opposed,opposed,0.0,0.0,balanced_or_unknown,False,flat_or_unknown
2026-03-21 16:11:00,2026-03-21,70577.3,70577.3,70562.1,70562.1,7.171,7.569,14.74,-0.3979999999999997,-0.0270013568521031,70576.47,87308.39,1.151e-05,0.0,0.0,False,2026-03-21.csv,0.3979999999999997,negative,0.0270013568521031,0.06557377049180328,0.027624309392265192,0.22950819672131148,0.18232044198895028,-15.19999999999709,15.19999999999709,1.0,0.0,down,aligned,38.19095477386207,-14.369999999995343,14.369999999995343,below,True,True,6.470000000001164,6.470000000001164,0.7213114754098361,0.6574585635359116,opposed,opposed,0.0,0.0,balanced_or_unknown,False,flat_or_unknown
2026-03-21 16:12:00,2026-03-21,70562.1,70564.6,70562.1,70564.5,11.246,16.85,28.096,-5.604000000000001,-0.19945899772209572,70563.48,87314.43,1.151e-05,0.0,0.0,False,2026-03-21.csv,5.604000000000001,negative,0.19945899772209572,0.3442622950819672,0.30939226519337015,0.4098360655737705,0.40331491712707185,2.3999999999941792,2.5,0.9599999999976717,0.9599999999976717,up,opposed,0.4282655246242289,1.0200000000040745,1.0200000000040745,above,True,True,6.039999999993597,6.039999999993597,0.7049180327868853,0.6243093922651933,opposed,aligned,0.0,0.0,balanced_or_unknown,False,flat_or_unknown
2026-03-21 16:13:00,2026-03-21,70564.5,70575.4,70540.0,70550.8,29.934,25.592,55.526,4.342000000000002,0.0781976011237979,70553.15,87311.82,1.09e-05,0.0,0.0,False,2026-03-21.csv,4.342000000000002,positive,0.0781976011237979,0.3114754098360656,0.2541436464088398,0.6229508196721312,0.6353591160220995,-13.69999999999709,35.39999999999418,0.38700564971749557,0.3050847457628442,down,opposed,3.1552280055267348,-2.349999999991269,2.349999999991269,below,True,True,-2.60999999998603,2.60999999998603,0.39344262295081966,0.3867403314917127,opposed,aligned,0.0,0.0,balanced_or_unknown,False,flat_or_unknown
2026-03-21 16:14:00,2026-03-21,70550.8,70561.2,70530.0,70530.0,14.876,38.218,53.094,-23.342000000000006,-0.4396353636945795,70550.44,87303.46,1.046e-05,0.0,0.0,False,2026-03-21.csv,23.342000000000006,negative,0.4396353636945795,0.7213114754098361,0.712707182320442,0.5901639344262295,0.6187845303867403,-20.80000000000291,31.19999999999709,0.6666666666668222,0.0,down,aligned,0.8910975923229759,-20.44000000000233,20.44000000000233,below,True,True,-8.360000000000582,8.360000000000582,0.7868852459016393,0.712707182320442,aligned,aligned,0.0,0.0,balanced_or_unknown,False,flat_or_unknown
2026-03-21 16:15:00,2026-03-21,70530.0,70540.3,70529.4,70530.0,16.606,11.011,27.617,5.595000000000002,0.20259260600354861,70532.61,87301.9,1.046e-05,0.0,0.0,False,2026-03-21.csv,5.595000000000002,positive,0.20259260600354861,0.36065573770491804,0.30939226519337015,0.39344262295081966,0.3867403314917127,0.0,10.900000000008731,0.0,0.05504587156012295,flat_or_unknown,flat_or_unknown,0.0,-2.610000000000582,2.610000000000582,below,True,True,-1.5600000000122236,1.5600000000122236,0.2459016393442623,0.27624309392265195,opposed,flat_or_unknown,0.0,0.0,balanced_or_unknown,False,flat_or_unknown
2026-03-21 16:16:00,2026-03-21,70530.0,70563.0,70515.7,70563.0,61.106,12.816,73.922,48.29,0.6532561348448365,70534.42,87294.91,1.02e-05,0.0,0.0,False,2026-03-21.csv,48.29,positive,0.6532561348448365,0.8524590163934426,0.856353591160221,0.7704918032786885,0.7348066298342542,33.0,47.30000000000291,0.6976744186046082,1.0,up,aligned,0.683371298405467,28.580000000001746,28.580000000001746,above,True,True,-6.989999999990687,6.989999999990687,0.7377049180327869,0.6519337016574586,opposed,opposed,0.0,0.0,balanced_or_unknown,False,flat_or_unknown
2026-03-21 16:17:00,2026-03-21,70563.0,70591.0,70562.9,70590.0,35.305,11.513,46.818,23.792,0.5081806142936478,70582.41,87294.65,1.001e-05,0.0,0.0,False,2026-03-21.csv,23.792,positive,0.5081806142936478,0.7213114754098361,0.712707182320442,0.5901639344262295,0.580110497237569,27.0,28.10000000000582,0.9608540925264913,0.9644128113879077,up,aligned,1.1348352387357095,7.5899999999965075,7.5899999999965075,above,True,True,-0.2600000000093132,0.2600000000093132,0.09836065573770492,0.055248618784530384,opposed,opposed,0.0,0.0,balanced_or_unknown,False,flat_or_unknown
2026-03-21 16:18:00,2026-03-21,70590.0,70607.0,70489.3,70506.1,63.289,163.137,226.426,-99.848,-0.4409740930811833,70541.08,87305.25,1.077e-05,0.0,0.017,False,2026-03-21.csv,99.848,negative,0.4409740930811833,0.9672131147540983,0.9558011049723757,0.9672131147540983,0.9558011049723757,-83.89999999999418,117.69999999999709,0.7128292268478866,0.14273576890402145,down,aligned,0.840277221376434,-34.979999999995925,34.979999999995925,below,True,True,10.60000000000582,10.60000000000582,0.8360655737704918,0.7679558011049724,opposed,opposed,0.017,-0.017,sell,False,aligned
2026-03-21 16:19:00,2026-03-21,70506.0,70538.7,70501.6,70524.3,27.189,48.559,75.748,-21.369999999999997,-0.2821196599250145,70518.83,87322.41,1.077e-05,0.0,0.0,False,2026-03-21.csv,21.369999999999997,negative,0.2821196599250145,0.6885245901639344,0.6685082872928176,0.8032786885245902,0.7403314917127072,18.30000000000291,37.09999999999127,0.493261455525801,0.6118598382749981,up,opposed,0.8563406644830562,5.470000000001164,5.470000000001164,above,True,True,17.160000000003492,17.160000000003492,0.9016393442622951,0.8729281767955801,opposed,aligned,0.0,0.0,balanced_or_unknown,False,flat_or_unknown
2026-03-21 16:20:00,2026-03-21,70524.4,70524.4,70439.8,70479.4,63.841,121.549,185.39,-57.708000000000006,-0.31127892550838776,70468.81,87309.47,1.106e-05,0.0,0.019,False,2026-03-21.csv,57.708000000000006,negative,0.31127892550838776,0.9180327868852459,0.9005524861878453,0.9672131147540983,0.9226519337016574,-45.0,84.59999999999127,0.5319148936170762,0.46808510638292383,down,aligned,0.7797878976918278,10.589999999996508,10.589999999996508,above,True,True,-12.940000000002328,12.940000000002328,0.8524590163934426,0.7955801104972375,aligned,aligned,0.019,-0.019,sell,True,aligned
2026-03-21 16:21:00,2026-03-21,70479.4,70494.8,70476.5,70476.5,12.453,21.075,33.528,-8.622,-0.2571581961345741,70487.96,87319.45,1.147e-05,0.0,0.0,False,2026-03-21.csv,8.622,negative,0.2571581961345741,0.4262295081967213,0.425414364640884,0.4918032786885246,0.4585635359116022,-2.8999999999941792,18.30000000000291,0.15846994535484799,0.0,down,aligned,0.3363488749703293,-11.460000000006403,11.460000000006403,below,True,True,9.979999999995925,9.979999999995925,0.819672131147541,0.7403314917127072,opposed,opposed,0.0,0.0,balanced_or_unknown,False,flat_or_unknown
2026-03-21 16:22:00,2026-03-21,70476.5,70496.4,70458.0,70496.4,29.325,32.412,61.737,-3.0869999999999997,-0.050002429661305206,70475.07,87310.94,1.147e-05,0.0,0.0,False,2026-03-21.csv,3.0869999999999997,negative,0.050002429661305206,0.21311475409836064,0.16022099447513813,0.7213114754098361,0.6519337016574586,19.89999999999418,38.39999999999418,0.5182291666665937,1.0,up,opposed,6.446388079039255,21.329999999987194,21.329999999987194,above,True,True,-8.509999999994761,8.509999999994761,0.7868852459016393,0.7071823204419889,aligned,opposed,0.0,0.0,balanced_or_unknown,False,flat_or_unknown
2026-03-21 16:23:00,2026-03-21,70496.3,70516.9,70489.3,70516.9,21.148,10.226,31.374,10.921999999999999,0.34812264932746856,70504.53,87305.36,1.202e-05,0.0,0.0,False,2026-03-21.csv,10.921999999999999,positive,0.34812264932746856,0.4918032786885246,0.4972375690607735,0.4918032786885246,0.44751381215469616,20.59999999999127,27.59999999999127,0.7463768115941226,1.0,up,aligned,1.8861014466206987,12.369999999995343,12.369999999995343,above,True,True,-5.580000000001746,5.580000000001746,0.639344262295082,0.585635359116022,opposed,opposed,0.0,0.0,balanced_or_unknown,False,flat_or_unknown
2026-03-21 16:24:00,2026-03-21,70516.8,70519.9,70501.0,70501.0,7.458,14.238,21.696,-6.779999999999999,-0.31249999999999994,70516.44,87312.27,1.282e-05,0.0,0.0,False,2026-03-21.csv,6.779999999999999,negative,0.31249999999999994,0.4262295081967213,0.35911602209944754,0.3114754098360656,0.287292817679558,-15.80000000000291,18.89999999999418,0.8359788359792474,0.0,down,aligned,2.3303834808263884,-15.440000000002328,15.440000000002328,below,True,True,6.9100000000034925,6.9100000000034925,0.6885245901639344,0.6408839779005525,opposed,opposed,0.0,0.0,balanced_or_unknown,False,flat_or_unknown
2026-03-21 16:25:00,2026-03-21,70501.0,70501.0,70489.0,70489.1,3.135,22.61,25.745,-19.475,-0.7564575645756458,70494.93,87310.42,1.405e-05,0.0,0.0,False,2026-03-21.csv,19.475,negative,0.7564575645756458,0.7049180327868853,0.6519337016574586,0.39344262295081966,0.34806629834254144,-11.89999999999418,12.0,0.9916666666661816,0.008333333333818397,down,aligned,0.6110397946081735,-5.829999999987194,5.829999999987194,below,True,True,-1.8500000000058208,1.8500000000058208,0.2786885245901639,0.292817679558011,aligned,aligned,0.0,0.0,balanced_or_unknown,False,flat_or_unknown
2026-03-21 16:26:00,2026-03-21,70489.0,70504.7,70489.0,70492.5,21.981,15.016,36.997,6.965000000000002,0.18825850744654976,70498.06,87317.31,1.405e-05,0.0,0.0,False,2026-03-21.csv,6.965000000000002,positive,0.18825850744654976,0.4262295081967213,0.35911602209944754,0.5901639344262295,0.4972375690607735,3.5,15.69999999999709,0.22292993630577382,0.22292993630577382,up,aligned,0.5025125628140702,-5.559999999997672,5.559999999997672,below,True,True,6.889999999999418,6.889999999999418,0.6885245901639344,0.6353591160220995,aligned,aligned,0.0,0.0,balanced_or_unknown,False,flat_or_unknown
2026-03-21 16:27:00,2026-03-21,70492.2,70500.0,70489.2,70499.9,15.654,7.748,23.402,7.906,0.33783437313050163,70493.7,87317.64,1.444e-05,0.0,0.0,False,2026-03-21.csv,7.906,positive,0.33783437313050163,0.4426229508196721,0.4198895027624309,0.3442622950819672,0.30386740331491713,7.69999999999709,10.80000000000291,0.7129629629625014,0.9907407407402042,up,aligned,0.9739438401210587,6.19999999999709,6.19999999999709,above,True,True,0.33000000000174623,0.33000000000174623,0.14754098360655737,0.08839779005524862,aligned,aligned,0.0,0.0,balanced_or_unknown,False,flat_or_unknown
2026-03-21 16:28:00,2026-03-21,70499.9,70504.7,70491.3,70491.3,6.462,9.151,15.613,-2.689,-0.1722282713123679,70499.95,87321.45,1.496e-05,0.0,0.0,False,2026-03-21.csv,2.689,negative,0.1722282713123679,0.18032786885245902,0.15469613259668508,0.2459016393442623,0.16022099447513813,-8.599999999991269,13.39999999999418,0.6417910447757466,0.0,down,aligned,3.198214949792216,-8.64999999999418,8.64999999999418,below,True,True,3.8099999999976717,3.8099999999976717,0.5737704918032787,0.48066298342541436,opposed,opposed,0.0,0.0,balanced_or_unknown,False,flat_or_unknown
2026-03-21 16:29:00,2026-03-21,70491.4,70497.7,70261.8,70363.2,220.818,547.59,768.408,-326.77200000000005,-0.42525845644501364,70355.86,87296.66,1.496e-05,0.0,0.038,False,2026-03-21.csv,326.77200000000005,negative,0.42525845644501364,1.0,0.988950276243094,1.0,0.994475138121547,-128.1999999999971,235.89999999999418,0.543450614667233,0.4298431538787481,down,aligned,0.3923224756098964,7.3399999999965075,7.3399999999965075,above,True,True,-24.789999999993597,24.789999999993597,0.9672131147540983,0.9392265193370166,aligned,aligned,0.038,-0.038,sell,True,aligned
2026-03-21 16:30:00,2026-03-21,70363.1,70397.1,70350.6,70391.8,79.255,84.039,163.294,-4.784000000000006,-0.029296851078423003,70372.39,87252.52,1.537e-05,0.0,0.0,False,2026-03-21.csv,4.784000000000006,negative,0.029296851078423003,0.3442622950819672,0.2596685082872928,0.9344262295081968,0.8895027624309392,28.69999999999709,46.5,0.6172043010752062,0.8860215053762815,up,opposed,5.999163879598046,19.410000000003492,19.410000000003492,above,True,True,-44.13999999999942,44.13999999999942,1.0,0.9723756906077348,aligned,opposed,0.0,0.0,balanced_or_unknown,False,flat_or_unknown
2026-03-21 16:31:00,2026-03-21,70391.8,70421.1,70371.7,70402.3,68.471,38.042,106.513,30.429000000000002,0.2856834377024401,70397.99,87264.46,1.501e-05,0.0,0.0,False,2026-03-21.csv,30.429000000000002,positive,0.2856834377024401,0.7868852459016393,0.7624309392265194,0.8852459016393442,0.8011049723756906,10.5,49.40000000000873,0.21255060728741182,0.6194331983805752,up,aligned,0.34506556245686676,4.309999999997672,4.309999999997672,above,True,True,11.940000000002328,11.940000000002328,0.8524590163934426,0.7845303867403315,aligned,aligned,0.0,0.0,balanced_or_unknown,False,flat_or_unknown
2026-03-21 16:32:00,2026-03-21,70402.2,70446.3,70402.2,70427.0,46.069,38.194,84.263,7.875,0.0934573893642524,70426.5,87271.41,1.552e-05,0.0,0.0,False,2026-03-21.csv,7.875,positive,0.0934573893642524,0.45901639344262296,0.4198895027624309,0.8360655737704918,0.7458563535911602,24.80000000000291,44.10000000000582,0.5623582766439827,0.5623582766439827,up,aligned,3.1492063492067186,0.5,0.5,above,True,True,6.94999999999709,6.94999999999709,0.6885245901639344,0.6243093922651933,aligned,aligned,0.0,0.0,balanced_or_unknown,False,flat_or_unknown
2026-03-21 16:33:00,2026-03-21,70426.9,70426.9,70400.0,70415.3,20.934,33.457,54.391,-12.523,-0.23024029710797742,70409.7,87295.17,1.552e-05,0.0,0.0,False,2026-03-21.csv,12.523,negative,0.23024029710797742,0.6229508196721312,0.5524861878453039,0.6557377049180327,0.580110497237569,-11.599999999991269,26.89999999999418,0.43122676579902525,0.5687732342009748,down,aligned,0.9262956160657406,5.600000000005821,5.600000000005821,above,True,True,23.75999999999476,23.75999999999476,0.9344262295081968,0.9226519337016574,opposed,opposed,0.0,0.0,balanced_or_unknown,False,flat_or_unknown
2026-03-21 16:34:00,2026-03-21,70415.3,70437.5,70415.3,70418.6,16.625,10.831,27.456,5.7940000000000005,0.2110285547785548,70428.87,87299.56,1.633e-05,0.0,0.004,False,2026-03-21.csv,5.7940000000000005,positive,0.2110285547785548,0.4098360655737705,0.30939226519337015,0.4262295081967213,0.3370165745856354,3.3000000000029104,22.19999999999709,0.14864864864879923,0.14864864864879923,up,aligned,0.5695547117712997,-10.269999999989523,10.269999999989523,below,True,True,4.389999999999418,4.389999999999418,0.5409836065573771,0.4972375690607735,aligned,aligned,0.004,-0.004,sell,False,opposed
2026-03-21 16:35:00,2026-03-21,70418.6,70440.9,70415.4,70440.8,12.913,13.601,26.514,-0.6880000000000006,-0.02594855548012373,70423.51,87307.78,1.656e-05,0.0,0.0,False,2026-03-21.csv,0.6880000000000006,negative,0.02594855548012373,0.11475409836065574,0.06629834254143646,0.4098360655737705,0.3259668508287293,22.19999999999709,25.5,0.8705882352940035,0.9960784313728914,up,opposed,32.267441860460856,17.29000000000815,17.29000000000815,above,True,True,8.220000000001164,8.220000000001164,0.7377049180327869,0.6795580110497238,opposed,aligned,0.0,0.0,balanced_or_unknown,False,flat_or_unknown
2026-03-21 16:36:00,2026-03-21,70440.9,70440.9,70418.6,70427.8,27.975,38.854,66.829,-10.878999999999998,-0.16278860973529455,70430.72,87318.19,1.656e-05,0.0,0.0,False,2026-03-21.csv,10.878999999999998,negative,0.16278860973529455,0.5573770491803278,0.47513812154696133,0.7704918032786885,0.6740331491712708,-13.099999999991269,22.29999999998836,0.5874439461882559,0.41255605381174404,down,aligned,1.204154793638319,-2.9199999999982538,2.9199999999982538,below,True,True,10.410000000003492,10.410000000003492,0.819672131147541,0.7348066298342542,opposed,opposed,0.0,0.0,balanced_or_unknown,False,flat_or_unknown
2026-03-21 16:37:00,2026-03-21,70427.9,70433.0,70415.4,70429.9,17.516,15.127,32.643,2.3889999999999976,0.0731856753362129,70425.65,87320.59,1.683e-05,0.0,0.0,False,2026-03-21.csv,2.3889999999999976,positive,0.0731856753362129,0.13114754098360656,0.12154696132596685,0.5573770491803278,0.4198895027624309,2.0,17.60000000000582,0.11363636363632605,0.8238636363633639,up,aligned,0.8371703641691093,4.25,4.25,above,True,True,2.3999999999941792,2.3999999999941792,0.3114754098360656,0.32044198895027626,aligned,aligned,0.0,0.0,balanced_or_unknown,False,flat_or_unknown
2026-03-21 16:38:00,2026-03-21,70429.9,70444.4,70429.9,70443.3,23.663,7.249,30.912,16.414,0.5309912008281574,70439.4,87322.94,1.703e-05,0.0,0.0,False,2026-03-21.csv,16.414,positive,0.5309912008281574,0.7049180327868853,0.6077348066298343,0.5409836065573771,0.4088397790055249,13.400000000008731,14.5,0.9241379310350849,0.9241379310350849,up,aligned,0.8163762641652693,3.900000000008731,3.900000000008731,above,True,True,2.3500000000058208,2.3500000000058208,0.29508196721311475,0.30939226519337015,aligned,aligned,0.0,0.0,balanced_or_unknown,False,flat_or_unknown
2026-03-21 16:39:00,2026-03-21,70443.3,70444.0,70429.5,70429.6,11.595,8.162,19.757,3.433,0.17376119856253477,70438.27,87321.43,1.745e-05,0.0,0.0,False,2026-03-21.csv,3.433,positive,0.17376119856253477,0.2786885245901639,0.19889502762430938,0.29508196721311475,0.2265193370165746,-13.69999999999709,14.5,0.9448275862066958,0.006896551724539363,down,opposed,3.990678706669703,-8.669999999998254,8.669999999998254,below,True,True,-1.5100000000093132,1.5100000000093132,0.19672131147540983,0.23204419889502761,opposed,aligned,0.0,0.0,balanced_or_unknown,False,flat_or_unknown
2026-03-21 16:40:00,2026-03-21,70429.6,70448.5,70384.3,70400.2,62.905,83.096,146.001,-20.191000000000003,-0.1382935733316895,70420.28,87319.17,1.745e-05,0.0,0.0,False,2026-03-21.csv,20.191000000000003,negative,0.1382935733316895,0.7377049180327869,0.6408839779005525,0.9180327868852459,0.850828729281768,-29.40000000000873,64.19999999999709,0.4579439252338016,0.24766355140178972,down,aligned,1.456094299440777,-20.080000000001746,20.080000000001746,below,True,True,-2.2599999999947613,2.2599999999947613,0.29508196721311475,0.3149171270718232,aligned,aligned,0.0,0.0,balanced_or_unknown,False,flat_or_unknown
2026-03-21 16:41:00,2026-03-21,70400.2,70400.2,70335.6,70338.4,30.587,74.163,104.75,-43.57599999999999,-0.4159999999999999,70374.36,87338.97,1.767e-05,0.0,0.0,False,2026-03-21.csv,43.57599999999999,negative,0.4159999999999999,0.8688524590163934,0.8176795580110497,0.8852459016393442,0.7900552486187845,-61.80000000000291,64.59999999999127,0.9566563467494004,0.04334365325059964,down,aligned,1.4182118597393731,-35.9600000000064,35.9600000000064,below,True,True,19.80000000000291,19.80000000000291,0.9180327868852459,0.8784530386740331,opposed,opposed,0.0,0.0,balanced_or_unknown,False,flat_or_unknown
2026-03-21 16:42:00,2026-03-21,70338.4,70351.0,70300.0,70341.0,110.547,99.06,209.607,11.486999999999995,0.05480255907484003,70328.68,87342.15,1.759e-05,0.0,0.602,False,2026-03-21.csv,11.486999999999995,positive,0.05480255907484003,0.6065573770491803,0.4861878453038674,0.9672131147540983,0.9337016574585635,2.6000000000058208,51.0,0.050980392156976875,0.803921568627451,up,aligned,0.2263428223213913,12.320000000006985,12.320000000006985,above,True,True,3.179999999993015,3.179999999993015,0.4262295081967213,0.40331491712707185,aligned,aligned,0.602,-0.602,sell,True,opposed
2026-03-21 16:43:00,2026-03-21,70341.0,70346.2,70331.4,70331.5,17.598,42.466,60.064,-24.868000000000002,-0.4140250399573788,70339.24,87358.81,1.759e-05,0.0,0.0,False,2026-03-21.csv,24.868000000000002,negative,0.4140250399573788,0.819672131147541,0.712707182320442,0.7213114754098361,0.5966850828729282,-9.5,14.80000000000291,0.6418918918917657,0.006756756757148723,down,aligned,0.38201705002412734,-7.740000000005239,7.740000000005239,below,True,True,16.660000000003492,16.660000000003492,0.8852459016393442,0.8232044198895028,opposed,opposed,0.0,0.0,balanced_or_unknown,False,flat_or_unknown
2026-03-21 16:44:00,2026-03-21,70331.6,70331.6,70317.4,70331.1,20.043,28.214,48.257,-8.171,-0.1693225853244089,70328.68,87358.81,1.736e-05,0.0,0.0,False,2026-03-21.csv,8.171,negative,0.1693225853244089,0.4918032786885246,0.40331491712707185,0.639344262295082,0.5193370165745856,-0.5,14.200000000011642,0.03521126760560494,0.9647887323943951,down,aligned,0.061192020560518916,2.4200000000128057,2.4200000000128057,above,True,True,0.0,0.0,0.01639344262295082,0.011049723756906077,flat_or_unknown,flat_or_unknown,0.0,0.0,balanced_or_unknown,False,flat_or_unknown
2026-03-21 16:45:00,2026-03-21,70331.0,70351.1,70331.0,70344.5,54.122,12.951,67.073,41.171,0.6138237442786219,70342.23,87356.16,1.754e-05,0.0,0.0,False,2026-03-21.csv,41.171,positive,0.6138237442786219,0.8524590163934426,0.8066298342541437,0.7704918032786885,0.6629834254143646,13.5,20.10000000000582,0.6716417910445817,0.6716417910445817,up,aligned,0.3279007068081902,2.2700000000040745,2.2700000000040745,above,True,True,-2.6499999999941792,2.6499999999941792,0.39344262295081966,0.34806629834254144,opposed,opposed,0.0,0.0,balanced_or_unknown,False,flat_or_unknown
2026-03-21 16:46:00,2026-03-21,70344.4,70352.0,70333.6,70351.9,15.031,18.122,33.153,-3.0909999999999993,-0.09323439809368683,70344.7,87379.97,1.789e-05,0.0,0.0,False,2026-03-21.csv,3.0909999999999993,negative,0.09323439809368683,0.21311475409836064,0.16022099447513813,0.5245901639344263,0.39779005524861877,7.5,18.39999999999418,0.40760869565230284,0.9945652173909862,up,opposed,2.426399223552249,7.19999999999709,7.19999999999709,above,True,True,23.80999999999767,23.80999999999767,0.9344262295081968,0.9226519337016574,opposed,aligned,0.0,0.0,balanced_or_unknown,False,flat_or_unknown
2026-03-21 16:47:00,2026-03-21,70352.0,70400.0,70351.9,70364.9,63.266,22.716,85.982,40.55,0.47161033704728894,70374.67,87390.15,1.789e-05,0.0,0.0,False,2026-03-21.csv,40.55,positive,0.47161033704728894,0.8688524590163934,0.7900552486187845,0.8524590163934426,0.7348066298342542,12.89999999999418,48.10000000000582,0.2681912681911147,0.2702702702702376,up,aligned,0.31812577065337067,-9.770000000004075,9.770000000004075,below,True,True,10.179999999993015,10.179999999993015,0.7704918032786885,0.712707182320442,aligned,aligned,0.0,0.0,balanced_or_unknown,False,flat_or_unknown
2026-03-21 16:48:00,2026-03-21,70364.8,70403.9,70364.8,70397.7,25.482,9.729,35.211,15.753,0.4473886001533612,70382.33,87379.01,1.862e-05,0.0,0.0,False,2026-03-21.csv,15.753,positive,0.4473886001533612,0.6885245901639344,0.580110497237569,0.5737704918032787,0.4198895027624309,32.89999999999418,39.09999999999127,0.8414322250639776,0.8414322250639776,up,aligned,2.088491081063555,15.369999999995343,15.369999999995343,above,True,True,-11.139999999999418,11.139999999999418,0.8032786885245902,0.7458563535911602,opposed,opposed,0.0,0.0,balanced_or_unknown,False,flat_or_unknown
2026-03-21 16:49:00,2026-03-21,70397.7,70400.6,70387.0,70390.8,11.358,15.626,26.984,-4.267999999999999,-0.15816780314260298,70396.09,87381.55,1.883e-05,0.0,0.0,False,2026-03-21.csv,4.267999999999999,negative,0.15816780314260298,0.29508196721311475,0.23204419889502761,0.39344262295081966,0.281767955801105,-6.899999999994179,13.60000000000582,0.5073529411758254,0.2794117647059768,down,aligned,1.6166822867840163,-5.289999999993597,5.289999999993597,below,True,True,2.540000000008149,2.540000000008149,0.3770491803278688,0.3314917127071823,opposed,opposed,0.0,0.0,balanced_or_unknown,False,flat_or_unknown
2026-03-21 16:50:00,2026-03-21,70390.9,70390.9,70378.0,70378.1,7.463,10.481,17.944,-3.018,-0.16818992420864912,70382.22,87388.72,1.883e-05,0.0,0.0,False,2026-03-21.csv,3.018,negative,0.16818992420864912,0.16393442622950818,0.14917127071823205,0.22950819672131148,0.18232044198895028,-12.799999999988358,12.89999999999418,0.9922480620150491,0.007751937984950844,down,aligned,4.24121935055943,-4.119999999995343,4.119999999995343,below,True,True,7.169999999998254,7.169999999998254,0.6885245901639344,0.6243093922651933,opposed,opposed,0.0,0.0,balanced_or_unknown,False,flat_or_unknown
2026-03-21 16:51:00,2026-03-21,70378.2,70381.3,70369.4,70376.3,22.722,8.492,31.214,14.23,0.45588517972704556,70374.57,87392.67,1.917e-05,0.0,0.0,False,2026-03-21.csv,14.23,positive,0.45588517972704556,0.6557377049180327,0.5469613259668509,0.47540983606557374,0.3756906077348066,-1.8999999999941792,11.900000000008731,0.1596638655456122,0.5798319327734175,down,opposed,0.13352073084990718,1.7299999999959255,1.7299999999959255,above,True,True,3.9499999999970896,3.9499999999970896,0.5081967213114754,0.4585635359116022,aligned,opposed,0.0,0.0,balanced_or_unknown,False,flat_or_unknown
2026-03-21 16:52:00,2026-03-21,70376.3,70376.4,70371.5,70371.5,11.293,7.644,18.937,3.648999999999999,0.19269155621270523,70374.81,87403.76,1.887e-05,0.0,0.0,False,2026-03-21.csv,3.648999999999999,positive,0.19269155621270523,0.2459016393442623,0.20994475138121546,0.2459016393442623,0.19337016574585636,-4.80000000000291,4.899999999994179,0.9795918367364514,0.0,down,opposed,1.3154288846267228,-3.3099999999976717,3.3099999999976717,below,True,True,11.089999999996508,11.089999999996508,0.8032786885245902,0.7403314917127072,aligned,opposed,0.0,0.0,balanced_or_unknown,False,flat_or_unknown
2026-03-21 16:53:00,2026-03-21,70371.5,70374.4,70360.0,70360.0,5.223,16.028,21.251,-10.805,-0.5084466613335843,70368.56,87401.87,1.875e-05,0.0,0.0,False,2026-03-21.csv,10.805,negative,0.5084466613335843,0.5409836065573771,0.43646408839779005,0.26229508196721313,0.20994475138121546,-11.5,14.39999999999418,0.7986111111114339,0.0,down,aligned,1.064322073114299,-8.559999999997672,8.559999999997672,below,True,True,-1.889999999999418,1.889999999999418,0.2459016393442623,0.2541436464088398,aligned,aligned,0.0,0.0,balanced_or_unknown,False,flat_or_unknown
2026-03-21 16:54:00,2026-03-21,70360.0,70363.0,70343.6,70352.3,49.058,29.034,78.092,20.024,0.25641550991138656,70354.19,87399.35,1.875e-05,0.0,0.0,False,2026-03-21.csv,20.024,positive,0.25641550991138656,0.7213114754098361,0.6243093922651933,0.819672131147541,0.7016574585635359,-7.69999999999709,19.39999999999418,0.3969072164948144,0.4484536082474072,down,opposed,0.384538553735372,-1.889999999999418,1.889999999999418,below,True,True,-2.5199999999895226,2.5199999999895226,0.3442622950819672,0.32044198895027626,opposed,aligned,0.0,0.0,balanced_or_unknown,False,flat_or_unknown
2026-03-21 16:55:00,2026-03-21,70352.1,70352.1,70334.0,70338.7,10.288,49.07,59.358,-38.782,-0.6533575929108123,70342.22,87403.25,1.852e-05,0.0,0.0,False,2026-03-21.csv,38.782,negative,0.6533575929108123,0.8524590163934426,0.7790055248618785,0.6885245901639344,0.569060773480663,-13.400000000008731,18.10000000000582,0.7403314917129514,0.2596685082870485,down,aligned,0.3455211180446788,-3.5200000000040745,3.5200000000040745,below,True,True,3.8999999999941792,3.8999999999941792,0.47540983606557374,0.44751381215469616,opposed,opposed,0.0,0.0,balanced_or_unknown,False,flat_or_unknown
2026-03-21 16:56:00,2026-03-21,70338.6,70338.6,70305.2,70305.2,16.965,29.593,46.558,-12.628,-0.2712315821126337,70322.44,87415.69,1.824e-05,0.0,0.0,False,2026-03-21.csv,12.628,negative,0.2712315821126337,0.6229508196721312,0.5138121546961326,0.5901639344262295,0.4861878453038674,-33.40000000000873,33.40000000000873,1.0,0.0,down,aligned,2.6449160595508974,-17.24000000000524,17.24000000000524,below,True,True,12.440000000002328,12.440000000002328,0.8360655737704918,0.7624309392265194,opposed,opposed,0.0,0.0,balanced_or_unknown,False,flat_or_unknown
2026-03-21 16:57:00,2026-03-21,70305.2,70305.3,70214.8,70254.9,155.985,223.896,379.881,-67.91099999999997,-0.1787691408625332,70240.77,87413.32,1.824e-05,0.0,0.069,False,2026-03-21.csv,67.91099999999997,negative,0.1787691408625332,0.9672131147540983,0.9171270718232044,0.9836065573770492,0.9668508287292817,-50.30000000000291,90.5,0.5558011049724079,0.4430939226518372,down,aligned,0.7406752956075294,14.129999999990105,14.129999999990105,above,True,True,-2.3699999999953434,2.3699999999953434,0.3114754098360656,0.281767955801105,aligned,aligned,0.069,-0.069,sell,True,aligned
2026-03-21 16:58:00,2026-03-21,70254.8,70277.7,70244.4,70258.2,50.552,34.236,84.788,16.316000000000003,0.1924328914469029,70256.1,87418.57,1.814e-05,0.0,0.0,False,2026-03-21.csv,16.316000000000003,positive,0.1924328914469029,0.6721311475409836,0.574585635359116,0.819672131147541,0.7182320441988951,3.3999999999941792,33.30000000000291,0.10210210210191838,0.4144144144144656,up,aligned,0.20838440794276653,2.099999999991269,2.099999999991269,above,True,True,5.25,5.25,0.5409836065573771,0.5082872928176796,aligned,aligned,0.0,0.0,balanced_or_unknown,False,flat_or_unknown
2026-03-21 16:59:00,2026-03-21,70258.1,70270.2,70254.1,70269.4,76.029,26.4,102.429,49.629,0.48452098526784404,70261.74,87433.62,1.775e-05,0.0,0.003,False,2026-03-21.csv,49.629,positive,0.48452098526784404,0.9344262295081968,0.8453038674033149,0.8524590163934426,0.7734806629834254,11.299999999988358,16.09999999999127,0.7018633540369247,0.9503105590060035,up,aligned,0.22768945576151764,7.6599999999889405,7.6599999999889405,above,True,True,15.049999999988358,15.049999999988358,0.8852459016393442,0.7900552486187845,aligned,aligned,0.003,-0.003,sell,False,opposed
2026-03-21 17:00:00,2026-03-21,70269.4,70285.7,70269.3,70274.9,28.415,18.477,46.892,9.937999999999999,0.21193380533993,70274.88,87462.38,1.809e-05,0.0,0.0,False,2026-03-21.csv,9.937999999999999,positive,0.21193380533993,0.45901639344262296,0.39226519337016574,0.5737704918032787,0.47513812154696133,5.5,16.39999999999418,0.3353658536586556,0.34146341463373514,up,aligned,0.5534312738981687,0.01999999998952262,0.01999999998952262,above,True,True,28.760000000009313,28.760000000009313,0.9836065573770492,0.9502762430939227,aligned,aligned,0.0,0.0,balanced_or_unknown,False,flat_or_unknown
2026-03-21 17:01:00,2026-03-21,70274.9,70283.5,70273.4,70280.1,24.743,24.365,49.108,0.3780000000000001,0.0076973201922293745,70278.09,87473.32,1.809e-05,0.0,0.0,False,2026-03-21.csv,0.3780000000000001,positive,0.0076973201922293745,0.03278688524590164,0.027624309392265192,0.5901639344262295,0.49171270718232046,5.2000000000116415,10.10000000000582,0.5148514851493707,0.6633663366344337,up,aligned,13.75661375664455,2.0100000000093132,2.0100000000093132,above,True,True,10.940000000002328,10.940000000002328,0.7704918032786885,0.712707182320442,aligned,aligned,0.0,0.0,balanced_or_unknown,False,flat_or_unknown
2026-03-21 17:02:00,2026-03-21,70280.1,70280.1,70275.1,70275.4,13.293,16.451,29.744,-3.1580000000000013,-0.10617267348036583,70276.38,87502.82,1.844e-05,0.0,0.0,False,2026-03-21.csv,3.1580000000000013,negative,0.10617267348036583,0.18032786885245902,0.17679558011049723,0.36065573770491804,0.30939226519337015,-4.7000000000116415,5.0,0.9400000000023283,0.059999999997671694,down,aligned,1.4882837238795565,-0.9800000000104774,0.9800000000104774,below,True,True,29.5,29.5,0.9836065573770492,0.9502762430939227,opposed,opposed,0.0,0.0,balanced_or_unknown,False,flat_or_unknown
2026-03-21 17:03:00,2026-03-21,70275.4,70302.7,70275.3,70302.7,52.274,7.008,59.282,45.266,0.7635707297324652,70290.51,87501.78,1.862e-05,0.0,0.0,False,2026-03-21.csv,45.266,positive,0.7635707297324652,0.9016393442622951,0.8066298342541437,0.6557377049180327,0.5524861878453039,27.30000000000291,27.39999999999418,0.9963503649638216,1.0,up,aligned,0.6031016657094268,12.190000000002328,12.190000000002328,above,True,True,-1.040000000008149,1.040000000008149,0.13114754098360656,0.14917127071823205,opposed,opposed,0.0,0.0,balanced_or_unknown,False,flat_or_unknown
2026-03-21 17:04:00,2026-03-21,70302.7,70303.5,70290.5,70290.5,15.48,59.668,75.148,-44.188,-0.5880129877042637,70299.17,87516.51,1.862e-05,0.0,0.0,False,2026-03-21.csv,44.188,negative,0.5880129877042637,0.8852459016393442,0.8011049723756906,0.7540983606557377,0.6629834254143646,-12.19999999999709,13.0,0.9384615384613146,0.0,down,aligned,0.27609305693846947,-8.669999999998254,8.669999999998254,below,True,True,14.729999999995925,14.729999999995925,0.8360655737704918,0.7734806629834254,opposed,opposed,0.0,0.0,balanced_or_unknown,False,flat_or_unknown
2026-03-21 17:05:00,2026-03-21,70290.6,70332.6,70290.6,70332.6,33.794,5.232,39.026,28.561999999999998,0.7318710603187617,70313.49,87548.22,1.91e-05,0.0,0.0,False,2026-03-21.csv,28.561999999999998,positive,0.7318710603187617,0.7868852459016393,0.7071823204419889,0.4918032786885246,0.4143646408839779,42.0,42.0,1.0,1.0,up,aligned,1.470485260135845,19.110000000000582,19.110000000000582,above,True,True,31.710000000006403,31.710000000006403,0.9836065573770492,0.9558011049723757,aligned,aligned,0.0,0.0,balanced_or_unknown,False,flat_or_unknown
2026-03-21 17:06:00,2026-03-21,70332.5,70340.0,70298.6,70298.7,15.216,38.134,53.35,-22.918,-0.4295782567947516,70320.37,87543.46,1.966e-05,0.0,0.0,False,2026-03-21.csv,22.918,negative,0.4295782567947516,0.7049180327868853,0.6353591160220995,0.5901639344262295,0.5027624309392266,-33.80000000000291,41.39999999999418,0.8164251207731319,0.00241545893698751,down,aligned,1.4748232830091157,-21.669999999998254,21.669999999998254,below,True,True,-4.759999999994761,4.759999999994761,0.4262295081967213,0.4530386740331492,aligned,aligned,0.0,0.0,balanced_or_unknown,False,flat_or_unknown
2026-03-21 17:07:00,2026-03-21,70298.6,70298.7,70283.8,70283.8,7.219,19.726,26.945,-12.506999999999998,-0.4641677491185748,70290.91,87551.26,2.055e-05,0.0,0.0,False,2026-03-21.csv,12.506999999999998,negative,0.4641677491185748,0.5245901639344263,0.47513812154696133,0.22950819672131148,0.22099447513812154,-14.80000000000291,14.89999999999418,0.9932885906046102,0.0,down,aligned,1.1833373310948199,-7.110000000000582,7.110000000000582,below,True,True,7.7999999999883585,7.7999999999883585,0.5901639344262295,0.6132596685082873,opposed,opposed,0.0,0.0,balanced_or_unknown,False,flat_or_unknown
2026-03-21 17:08:00,2026-03-21,70283.8,70290.1,70283.8,70287.8,11.274,8.077,19.351,3.196999999999999,0.16521110020153995,70286.44,87556.51,2.055e-05,0.0,0.0,False,2026-03-21.csv,3.196999999999999,positive,0.16521110020153995,0.18032786885245902,0.17679558011049723,0.09836065573770492,0.13259668508287292,4.0,6.30000000000291,0.6349206349203416,0.6349206349203416,up,aligned,1.2511729746637477,1.360000000000582,1.360000000000582,above,True,True,5.25,5.25,0.4426229508196721,0.48066298342541436,aligned,aligned,0.0,0.0,balanced_or_unknown,False,flat_or_unknown
2026-03-21 17:09:00,2026-03-21,70287.9,70287.9,70235.8,70235.9,14.066,40.935,55.001,-26.869,-0.48851839057471685,70259.69,87561.98,2.044e-05,0.0,0.0,False,2026-03-21.csv,26.869,negative,0.48851839057471685,0.7704918032786885,0.7016574585635359,0.6065573770491803,0.5248618784530387,-52.0,52.09999999999127,0.9980806142036222,0.0019193857963778428,down,aligned,1.9353157914325059,-23.79000000000815,23.79000000000815,below,True,True,5.470000000001164,5.470000000001164,0.4426229508196721,0.4972375690607735,opposed,opposed,0.0,0.0,balanced_or_unknown,False,flat_or_unknown
2026-03-21 17:10:00,2026-03-21,70235.9,70235.9,70163.0,70221.5,129.816,197.783,327.599,-67.96699999999998,-0.20747010827261372,70192.51,87566.88,2.047e-05,0.0,0.892,False,2026-03-21.csv,67.96699999999998,negative,0.20747010827261372,0.9672131147540983,0.9171270718232044,0.9672131147540983,0.9613259668508287,-14.39999999999418,72.89999999999418,0.1975308641974668,0.8024691358025332,down,aligned,0.21186752394535852,28.99000000000524,28.99000000000524,above,True,True,4.900000000008731,4.900000000008731,0.39344262295081966,0.4585635359116022,opposed,opposed,0.892,-0.892,sell,True,aligned
2026-03-21 17:11:00,2026-03-21,70221.5,70221.5,70179.4,70193.2,27.877,42.132,70.009,-14.254999999999999,-0.20361667785570425,70201.34,87537.19,2.047e-05,0.0,0.0,False,2026-03-21.csv,14.254999999999999,negative,0.20361667785570425,0.5573770491803278,0.5027624309392266,0.7049180327868853,0.6464088397790055,-28.30000000000291,42.10000000000582,0.6722090261282422,0.32779097387175776,down,aligned,1.9852683269030453,-8.139999999999418,8.139999999999418,below,True,True,-29.69000000000233,29.69000000000233,0.9672131147540983,0.9447513812154696,aligned,aligned,0.0,0.0,balanced_or_unknown,False,flat_or_unknown
2026-03-21 17:12:00,2026-03-21,70193.3,70213.5,70193.2,70208.0,35.197,24.935,60.132,10.262000000000004,0.17065788598416823,70204.38,87551.69,2.017e-05,0.0,0.0,False,2026-03-21.csv,10.262000000000004,positive,0.17065788598416823,0.4098360655737705,0.3812154696132597,0.639344262295082,0.56353591160221,14.69999999999709,20.30000000000291,0.7241379310342356,0.7290640394089059,up,aligned,1.432469304228911,3.6199999999953434,3.6199999999953434,above,True,True,14.5,14.5,0.7868852459016393,0.7569060773480663,aligned,aligned,0.0,0.0,balanced_or_unknown,False,flat_or_unknown
2026-03-21 17:13:00,2026-03-21,70208.0,70235.1,70201.5,70235.1,28.546,11.681,40.227,16.865000000000002,0.41924578019737996,70215.89,87553.73,2.048e-05,0.0,0.0,False,2026-03-21.csv,16.865000000000002,positive,0.41924578019737996,0.6065573770491803,0.569060773480663,0.4098360655737705,0.4088397790055249,27.10000000000582,33.60000000000582,0.8065476190476526,1.0,up,aligned,1.6068781500151685,19.210000000006403,19.210000000006403,above,True,True,2.039999999993597,2.039999999993597,0.14754098360655737,0.2154696132596685,aligned,aligned,0.0,0.0,balanced_or_unknown,False,flat_or_unknown
2026-03-21 17:14:00,2026-03-21,70235.1,70250.0,70235.0,70250.0,28.052,8.404,36.456,19.648,0.5389510642966864,70240.14,87556.88,2.109e-05,0.0,0.0,False,2026-03-21.csv,19.648,positive,0.5389510642966864,0.6229508196721312,0.6022099447513812,0.3770491803278688,0.3701657458563536,14.89999999999418,15.0,0.9933333333329453,1.0,up,aligned,0.758346905537163,9.860000000000582,9.860000000000582,above,True,True,3.150000000008731,3.150000000008731,0.2786885245901639,0.3425414364640884,aligned,aligned,0.0,0.0,balanced_or_unknown,False,flat_or_unknown
2026-03-21 17:15:00,2026-03-21,70249.9,70250.0,70239.7,70243.4,14.669,12.939,27.608,1.7300000000000004,0.06266299623297596,70242.41,87557.72,2.109e-05,0.0,0.0,False,2026-03-21.csv,1.7300000000000004,positive,0.06266299623297596,0.04918032786885246,0.0718232044198895,0.22950819672131148,0.23204419889502761,-6.5,10.30000000000291,0.6310679611648702,0.3592233009704897,down,opposed,3.7572254335260107,0.9899999999906868,0.9899999999906868,above,True,True,0.8399999999965075,0.8399999999965075,0.06557377049180328,0.11602209944751381,aligned,opposed,0.0,0.0,balanced_or_unknown,False,flat_or_unknown
2026-03-21 17:16:00,2026-03-21,70243.4,70243.4,70216.4,70220.2,15.066,30.813,45.879,-15.746999999999998,-0.3432289282678349,70224.36,87556.85,2.152e-05,0.0,0.0,False,2026-03-21.csv,15.746999999999998,negative,0.3432289282678349,0.5409836065573771,0.5524861878453039,0.4426229508196721,0.4530386740331492,-23.19999999999709,27.0,0.8592592592591515,0.14074074074084852,down,aligned,1.4732965009206256,-4.1600000000034925,4.1600000000034925,below,True,True,-0.8699999999953434,0.8699999999953434,0.08196721311475409,0.1270718232044199,aligned,aligned,0.0,0.0,balanced_or_unknown,False,flat_or_unknown
2026-03-21 17:17:00,2026-03-21,70220.3,70251.8,70216.5,70251.8,22.076,5.361,27.437,16.715,0.6092138353318511,70238.18,87554.3,2.129e-05,0.0,0.0,False,2026-03-21.csv,16.715,positive,0.6092138353318511,0.6065573770491803,0.580110497237569,0.21311475409836064,0.2265193370165746,31.5,35.30000000000291,0.8923512747874618,1.0,up,aligned,1.8845348489380795,13.620000000009895,13.620000000009895,above,True,True,-2.5500000000029104,2.5500000000029104,0.2786885245901639,0.2983425414364641,opposed,opposed,0.0,0.0,balanced_or_unknown,False,flat_or_unknown
2026-03-21 17:18:00,2026-03-21,70251.8,70295.3,70251.8,70266.1,61.586,21.247,82.833,40.339,0.4869918993637801,70275.27,87554.27,2.129e-05,0.0,0.0,False,2026-03-21.csv,40.339,positive,0.4869918993637801,0.819672131147541,0.7955801104972375,0.7704918032786885,0.7403314917127072,14.30000000000291,43.5,0.32873563218397495,0.32873563218397495,up,aligned,0.35449564937164807,-9.169999999998254,9.169999999998254,below,True,True,-0.029999999998835847,0.029999999998835847,0.03278688524590164,0.016574585635359115,opposed,opposed,0.0,0.0,balanced_or_unknown,False,flat_or_unknown
2026-03-21 17:19:00,2026-03-21,70266.1,70266.1,70228.0,70240.9,17.788,41.618,59.406,-23.830000000000002,-0.40113793219540117,70242.9,87551.72,2.156e-05,0.0,0.0,False,2026-03-21.csv,23.830000000000002,negative,0.40113793219540117,0.7377049180327869,0.6961325966850829,0.6229508196721312,0.580110497237569,-25.20000000001164,38.10000000000582,0.6614173228348502,0.33858267716514984,down,aligned,1.0574905581205052,-2.0,2.0,below,True,True,-2.5500000000029104,2.5500000000029104,0.29508196721311475,0.30939226519337015,aligned,aligned,0.0,0.0,balanced_or_unknown,False,flat_or_unknown
2026-03-21 17:20:00,2026-03-21,70240.9,70259.9,70240.8,70259.9,20.519,4.554,25.073,15.964999999999998,0.6367407171060503,70250.59,87564.86,2.189e-05,0.0,0.0,False,2026-03-21.csv,15.964999999999998,positive,0.6367407171060503,0.5737704918032787,0.56353591160221,0.14754098360655737,0.1878453038674033,19.0,19.09999999999127,0.9947643979062138,1.0,up,aligned,1.1901033510804888,9.309999999997672,9.309999999997672,above,True,True,13.139999999999418,13.139999999999418,0.7868852459016393,0.7679558011049724,aligned,aligned,0.0,0.0,balanced_or_unknown,False,flat_or_unknown
2026-03-21 17:21:00,2026-03-21,70259.9,70259.9,70259.0,70259.1,4.894,5.831,10.725,-0.9370000000000003,-0.0873659673659674,70259.18,87567.15,2.2e-05,0.0,0.0,False,2026-03-21.csv,0.9370000000000003,negative,0.0873659673659674,0.04918032786885246,0.06077348066298342,0.01639344262295082,0.04419889502762431,-0.7999999999883585,0.8999999999941792,0.8888888888817028,0.11111111111829725,down,aligned,0.8537886872874688,-0.07999999998719431,0.07999999998719431,below,True,True,2.289999999993597,2.289999999993597,0.19672131147540983,0.24861878453038674,opposed,opposed,0.0,0.0,balanced_or_unknown,False,flat_or_unknown
2026-03-21 17:22:00,2026-03-21,70259.0,70317.6,70259.0,70307.3,68.847,23.309,92.156,45.538,0.4941403706758105,70295.32,87567.49,2.2e-05,0.0,0.0,False,2026-03-21.csv,45.538,positive,0.4941403706758105,0.9344262295081968,0.8397790055248618,0.8524590163934426,0.8066298342541437,48.30000000000291,58.60000000000582,0.8242320819112305,0.8242320819112305,up,aligned,1.0606526417498114,11.979999999995925,11.979999999995925,above,True,True,0.34000000001105946,0.34000000001105946,0.06557377049180328,0.08287292817679558,aligned,aligned,0.0,0.0,balanced_or_unknown,False,flat_or_unknown
2026-03-21 17:23:00,2026-03-21,70307.4,70317.8,70298.6,70302.5,20.497,17.449,37.946,3.0479999999999983,0.08032467190217674,70307.24,87566.07,2.273e-05,0.0,0.0,False,2026-03-21.csv,3.0479999999999983,positive,0.08032467190217674,0.13114754098360656,0.13812154696132597,0.4426229508196721,0.4198895027624309,-4.899999999994179,19.19999999999709,0.25520833333306886,0.20312499999972763,down,opposed,1.6076115485545217,-4.740000000005239,4.740000000005239,below,True,True,-1.4199999999982538,1.4199999999982538,0.13114754098360656,0.17679558011049723,opposed,aligned,0.0,0.0,balanced_or_unknown,False,flat_or_unknown
2026-03-21 17:24:00,2026-03-21,70302.5,70319.4,70294.2,70305.0,25.299,11.112,36.411,14.187,0.38963500041196336,70309.15,87562.57,2.34e-05,0.0,0.0,False,2026-03-21.csv,14.187,positive,0.38963500041196336,0.4918032786885246,0.5138121546961326,0.39344262295081966,0.39226519337016574,2.5,25.19999999999709,0.09920634920636066,0.4285714285715936,up,aligned,0.17621766405864525,-4.149999999994179,4.149999999994179,below,True,True,-3.5,3.5,0.4098360655737705,0.4198895027624309,opposed,opposed,0.0,0.0,balanced_or_unknown,False,flat_or_unknown
2026-03-21 17:25:00,2026-03-21,70304.9,70394.9,70304.9,70338.2,181.39,64.35,245.74,117.03999999999999,0.4762757385854968,70358.95,87561.66,2.34e-05,0.016,0.0,False,2026-03-21.csv,117.03999999999999,positive,0.4762757385854968,0.9836065573770492,0.9779005524861878,0.9508196721311475,0.9613259668508287,33.30000000000291,90.0,0.37000000000003236,0.37000000000003236,up,aligned,0.28451811346550676,-20.75,20.75,below,True,True,-0.9100000000034925,0.9100000000034925,0.11475409836065574,0.143646408839779,opposed,opposed,0.016,0.016,buy,False,aligned
2026-03-21 17:26:00,2026-03-21,70338.1,70374.9,70338.1,70365.8,77.12,10.476,87.596,66.644,0.7608109959358875,70349.94,87458.74,2.356e-05,0.0,0.0,False,2026-03-21.csv,66.644,positive,0.7608109959358875,0.9344262295081968,0.9226519337016574,0.819672131147541,0.7734806629834254,27.69999999999709,36.79999999998836,0.7527173913045069,0.7527173913045069,up,aligned,0.4156413180480927,15.860000000000582,15.860000000000582,above,True,True,-102.91999999999825,102.91999999999825,1.0,0.994475138121547,opposed,opposed,0.0,0.0,balanced_or_unknown,False,flat_or_unknown
2026-03-21 17:27:00,2026-03-21,70365.5,70365.6,70325.0,70339.5,32.482,17.776,50.258,14.706,0.29261013172032313,70336.33,87451.5,2.395e-05,0.0,0.0,False,2026-03-21.csv,14.706,positive,0.29261013172032313,0.5081967213114754,0.5303867403314917,0.5245901639344263,0.5138121546961326,-26.0,40.60000000000582,0.6403940886698589,0.3571428571428059,down,opposed,1.7679858561131512,3.1699999999982538,3.1699999999982538,above,True,True,-7.240000000005239,7.240000000005239,0.6065573770491803,0.6243093922651933,opposed,aligned,0.0,0.0,balanced_or_unknown,False,flat_or_unknown
2026-03-21 17:28:00,2026-03-21,70339.4,70352.0,70339.4,70352.0,15.749,5.896,21.645,9.853000000000002,0.4552090552090553,70341.04,87432.81,2.368e-05,0.0,0.0,False,2026-03-21.csv,9.853000000000002,positive,0.4552090552090553,0.3114754098360656,0.3701657458563536,0.13114754098360656,0.16022099447513813,12.60000000000582,12.60000000000582,1.0,1.0,up,aligned,1.2787983355329158,10.960000000006403,10.960000000006403,above,True,True,-18.69000000000233,18.69000000000233,0.8360655737704918,0.861878453038674,opposed,opposed,0.0,0.0,balanced_or_unknown,False,flat_or_unknown
2026-03-21 17:29:00,2026-03-21,70352.0,70363.9,70344.8,70346.2,33.198,44.967,78.165,-11.768999999999998,-0.15056611015160234,70359.77,87434.73,2.368e-05,0.0,0.0,False,2026-03-21.csv,11.768999999999998,negative,0.15056611015160234,0.39344262295081966,0.43646408839779005,0.7377049180327869,0.7292817679558011,-5.80000000000291,19.09999999999127,0.3036649214662598,0.07329842931910048,down,aligned,0.49282012065620795,-13.570000000006985,13.570000000006985,below,True,True,1.9199999999982538,1.9199999999982538,0.18032786885245902,0.2265193370165746,opposed,opposed,0.0,0.0,balanced_or_unknown,False,flat_or_unknown
2026-03-21 17:30:00,2026-03-21,70346.2,70346.3,70330.6,70330.8,14.592,7.824,22.416,6.768000000000001,0.3019271948608137,70336.0,87452.8,2.352e-05,0.0,0.0,False,2026-03-21.csv,6.768000000000001,positive,0.3019271948608137,0.26229508196721313,0.2983425414364641,0.13114754098360656,0.17679558011049723,-15.39999999999418,15.69999999999709,0.980891719745034,0.0127388535030017,down,opposed,2.275413711583064,-5.19999999999709,5.19999999999709,below,True,True,18.070000000006985,18.070000000006985,0.8360655737704918,0.856353591160221,aligned,opposed,0.0,0.0,balanced_or_unknown,False,flat_or_unknown
2026-03-21 17:31:00,2026-03-21,70330.7,70338.5,70330.7,70336.1,7.844,10.97,18.814,-3.1260000000000003,-0.1661528648878495,70337.35,87451.84,2.369e-05,0.0,0.0,False,2026-03-21.csv,3.1260000000000003,negative,0.1661528648878495,0.14754098360655737,0.16574585635359115,0.04918032786885246,0.1270718232044199,5.400000000008731,7.80000000000291,0.6923076923085534,0.6923076923085534,up,opposed,1.7274472168933879,-1.25,1.25,below,True,True,-0.9600000000064028,0.9600000000064028,0.11475409836065574,0.14917127071823205,aligned,opposed,0.0,0.0,balanced_or_unknown,False,flat_or_unknown
2026-03-21 17:32:00,2026-03-21,70336.1,70376.9,70336.0,70370.4,30.214,7.311,37.525,22.903,0.6103397734843438,70355.84,87451.7,2.369e-05,0.0,0.0,False,2026-03-21.csv,22.903,positive,0.6103397734843438,0.7049180327868853,0.6685082872928176,0.4098360655737705,0.4198895027624309,34.29999999998836,40.89999999999418,0.8386308068458005,0.8410757946210042,up,aligned,1.4976203990738488,14.559999999997672,14.559999999997672,above,True,True,-0.13999999999941792,0.13999999999941792,0.04918032786885246,0.03867403314917127,opposed,opposed,0.0,0.0,balanced_or_unknown,False,flat_or_unknown
2026-03-21 17:33:00,2026-03-21,70370.3,70399.0,70363.0,70363.7,18.734,18.387,37.121,0.3470000000000013,0.009347808518089525,70379.17,87447.04,2.352e-05,0.01,0.0,False,2026-03-21.csv,0.3470000000000013,positive,0.009347808518089525,0.01639344262295082,0.027624309392265192,0.4098360655737705,0.4088397790055249,-6.600000000005821,36.0,0.18333333333349502,0.0194444444443636,down,opposed,19.020172910679527,-15.470000000001164,15.470000000001164,below,True,True,-4.6600000000034925,4.6600000000034925,0.5081967213114754,0.5027624309392266,opposed,aligned,0.01,0.01,buy,False,aligned
2026-03-21 17:34:00,2026-03-21,70363.8,70380.8,70352.9,70368.9,52.983,13.203,66.186,39.78,0.6010334511830296,70368.39,87446.9,2.388e-05,0.0,0.0,False,2026-03-21.csv,39.78,positive,0.6010334511830296,0.8032786885245902,0.7900552486187845,0.7049180327868853,0.6464088397790055,5.099999999991269,27.90000000000873,0.18279569892436104,0.5734767025087811,up,aligned,0.1282051282049087,0.5099999999947613,0.5099999999947613,above,True,True,-0.13999999999941792,0.13999999999941792,0.06557377049180328,0.04419889502762431,opposed,opposed,0.0,0.0,balanced_or_unknown,False,flat_or_unknown
2026-03-21 17:35:00,2026-03-21,70368.8,70369.0,70361.8,70363.5,12.172,7.253,19.425,4.9190000000000005,0.25323037323037323,70365.26,87432.79,2.439e-05,0.0,0.0,False,2026-03-21.csv,4.9190000000000005,positive,0.25323037323037323,0.26229508196721313,0.2596685082872928,0.09836065573770492,0.143646408839779,-5.30000000000291,7.19999999999709,0.7361111111118129,0.23611111111080232,down,opposed,1.0774547672297032,-1.7599999999947613,1.7599999999947613,below,True,True,-14.110000000000582,14.110000000000582,0.7868852459016393,0.8011049723756906,opposed,aligned,0.0,0.0,balanced_or_unknown,False,flat_or_unknown
2026-03-21 17:36:00,2026-03-21,70363.5,70363.5,70363.4,70363.4,3.485,6.228,9.713,-2.743,-0.2824050241943787,70363.44,87432.92,2.439e-05,0.0,0.0,False,2026-03-21.csv,2.743,negative,0.2824050241943787,0.09836065573770492,0.13812154696132597,0.01639344262295082,0.03867403314917127,-0.10000000000582077,0.10000000000582077,1.0,0.0,down,aligned,0.03645643456282201,-0.04000000000814907,0.04000000000814907,below,True,True,0.1300000000046566,0.1300000000046566,0.04918032786885246,0.03867403314917127,opposed,opposed,0.0,0.0,balanced_or_unknown,False,flat_or_unknown
2026-03-21 17:37:00,2026-03-21,70363.5,70390.2,70363.4,70370.6,19.326,16.367,35.693,2.9589999999999996,0.08290140923990698,70380.54,87431.92,2.423e-05,0.0,0.0,False,2026-03-21.csv,2.9589999999999996,positive,0.08290140923990698,0.11475409836065574,0.13812154696132597,0.3770491803278688,0.39226519337016574,7.100000000005821,26.80000000000291,0.2649253731345168,0.2686567164183157,up,aligned,2.3994592767846643,-9.939999999987776,9.939999999987776,below,True,True,-1.0,1.0,0.18032786885245902,0.1712707182320442,opposed,opposed,0.0,0.0,balanced_or_unknown,False,flat_or_unknown
2026-03-21 17:38:00,2026-03-21,70370.5,70381.2,70337.8,70337.9,14.029,20.004,34.033,-5.975000000000001,-0.17556489289806956,70363.97,87433.85,2.425e-05,0.0,0.0,False,2026-03-21.csv,5.975000000000001,negative,0.17556489289806956,0.2786885245901639,0.2983425414364641,0.3442622950819672,0.3812154696132597,-32.60000000000582,43.39999999999418,0.7511520737329538,0.0023041474652369183,down,aligned,5.456066945607668,-26.070000000006985,26.070000000006985,below,True,True,1.930000000007567,1.930000000007567,0.2786885245901639,0.2541436464088398,opposed,opposed,0.0,0.0,balanced_or_unknown,False,flat_or_unknown
2026-03-21 17:39:00,2026-03-21,70337.8,70344.3,70336.8,70336.9,15.839,6.96,22.799,8.879000000000001,0.3894469055660337,70337.74,87436.05,2.425e-05,0.0,0.0,False,2026-03-21.csv,8.879000000000001,positive,0.3894469055660337,0.32786885245901637,0.36464088397790057,0.19672131147540983,0.19889502762430938,-0.9000000000087311,7.5,0.12000000000116415,0.01333333333216918,down,opposed,0.10136276607824428,-0.8400000000110595,0.8400000000110595,below,True,True,2.1999999999970896,2.1999999999970896,0.3114754098360656,0.281767955801105,aligned,opposed,0.0,0.0,balanced_or_unknown,False,flat_or_unknown
2026-03-21 17:40:00,2026-03-21,70336.9,70364.9,70324.8,70364.9,54.791,28.471,83.262,26.319999999999997,0.3161105906656097,70347.22,87439.14,2.396e-05,0.0,0.0,False,2026-03-21.csv,26.319999999999997,positive,0.3161105906656097,0.7377049180327869,0.7237569060773481,0.819672131147541,0.7569060773480663,28.0,40.09999999999127,0.6982543640899276,1.0,up,aligned,1.0638297872340428,17.679999999993015,17.679999999993015,above,True,True,3.0899999999965075,3.0899999999965075,0.4426229508196721,0.4088397790055249,aligned,aligned,0.0,0.0,balanced_or_unknown,False,flat_or_unknown
2026-03-21 17:41:00,2026-03-21,70364.8,70375.1,70336.2,70336.2,11.429,28.397,39.826,-16.967999999999996,-0.42605333199417456,70350.36,87411.24,2.328e-05,0.0,0.0,False,2026-03-21.csv,16.967999999999996,negative,0.42605333199417456,0.6229508196721312,0.6132596685082873,0.47540983606557374,0.46408839779005523,-28.60000000000582,38.90000000000873,0.7352185089974139,0.0,down,aligned,1.685525695427029,-14.160000000003492,14.160000000003492,below,True,True,-27.89999999999418,27.89999999999418,0.9180327868852459,0.9281767955801105,aligned,aligned,0.0,0.0,balanced_or_unknown,False,flat_or_unknown
2026-03-21 17:42:00,2026-03-21,70336.3,70364.8,70336.2,70358.9,47.432,56.249,103.681,-8.817,-0.08503968904620905,70350.69,87396.78,2.29e-05,0.0,0.0,False,2026-03-21.csv,8.817,negative,0.08503968904620905,0.3114754098360656,0.35359116022099446,0.9344262295081968,0.8232044198895028,22.59999999999127,28.60000000000582,0.7902097902093241,0.7937062937060304,up,opposed,2.5632301236238253,8.209999999991851,8.209999999991851,above,True,True,-14.460000000006403,14.460000000006403,0.7868852459016393,0.8066298342541437,aligned,opposed,0.0,0.0,balanced_or_unknown,False,flat_or_unknown
2026-03-21 17:43:00,2026-03-21,70358.9,70376.6,70358.8,70376.6,11.875,0.88,12.755,10.995,0.8620148961191688,70362.79,87397.59,2.29e-05,0.0,0.0,False,2026-03-21.csv,10.995,positive,0.8620148961191688,0.4098360655737705,0.4198895027624309,0.04918032786885246,0.07734806629834254,17.70000000001164,17.80000000000291,0.9943820224724016,1.0,up,aligned,1.6098226466586305,13.810000000012224,13.810000000012224,above,True,True,0.8099999999976717,0.8099999999976717,0.11475409836065574,0.1270718232044199,aligned,aligned,0.0,0.0,balanced_or_unknown,False,flat_or_unknown
2026-03-21 17:44:00,2026-03-21,70376.6,70380.0,70376.5,70379.9,8.104,4.558,12.662,3.5459999999999994,0.2800505449376085,70377.36,87397.88,2.272e-05,0.0,0.0,False,2026-03-21.csv,3.5459999999999994,positive,0.2800505449376085,0.21311475409836064,0.19889502762430938,0.04918032786885246,0.0718232044198895,3.2999999999883585,3.5,0.9428571428538167,0.9714285714269083,up,aligned,0.930626057526328,2.539999999993597,2.539999999993597,above,True,True,0.2900000000081491,0.2900000000081491,0.09836065573770492,0.08839779005524862,aligned,aligned,0.0,0.0,balanced_or_unknown,False,flat_or_unknown
2026-03-21 17:45:00,2026-03-21,70380.0,70380.0,70359.0,70359.3,7.015,19.401,26.416,-12.386,-0.4688824954572986,70371.68,87401.49,2.278e-05,0.0,0.0,False,2026-03-21.csv,12.386,negative,0.4688824954572986,0.4426229508196721,0.47513812154696133,0.2459016393442623,0.2430939226519337,-20.69999999999709,21.0,0.9857142857141471,0.014285714285852876,down,aligned,1.6712417245274578,-12.379999999990105,12.379999999990105,below,True,True,3.610000000000582,3.610000000000582,0.4918032786885246,0.4696132596685083,opposed,opposed,0.0,0.0,balanced_or_unknown,False,flat_or_unknown
2026-03-21 17:46:00,2026-03-21,70359.3,70385.1,70359.2,70366.2,18.279,10.024,28.303,8.255,0.29166519450234957,70377.3,87413.41,2.278e-05,0.0,0.0,False,2026-03-21.csv,8.255,positive,0.29166519450234957,0.3114754098360656,0.3425414364640884,0.32786885245901637,0.30386740331491713,6.899999999994179,25.90000000000873,0.26640926640895185,0.27027027027017914,up,aligned,0.835857056328792,-11.10000000000582,11.10000000000582,below,True,True,11.919999999998254,11.919999999998254,0.7377049180327869,0.7624309392265194,aligned,aligned,0.0,0.0,balanced_or_unknown,False,flat_or_unknown
2026-03-21 17:47:00,2026-03-21,70366.3,70367.6,70366.3,70367.5,3.902,1.368,5.27,2.534,0.4808349146110057,70367.53,87412.53,2.265e-05,0.0,0.0,False,2026-03-21.csv,2.534,positive,0.4808349146110057,0.08196721311475409,0.10497237569060773,0.01639344262295082,0.0055248618784530384,1.1999999999970896,1.3000000000029104,0.9230769230726178,0.9230769230726178,up,aligned,0.4735595895805405,-0.029999999998835847,0.029999999998835847,below,True,True,-0.8800000000046566,0.8800000000046566,0.16393442622950818,0.143646408839779,opposed,opposed,0.0,0.0,balanced_or_unknown,False,flat_or_unknown
2026-03-21 17:48:00,2026-03-21,70367.6,70377.2,70340.1,70342.7,22.485,54.703,77.188,-32.218,-0.4173964865004923,70357.98,87420.93,2.27e-05,0.0,0.0,False,2026-03-21.csv,32.218,negative,0.4173964865004923,0.819672131147541,0.7569060773480663,0.8032786885245902,0.712707182320442,-24.90000000000873,37.09999999999127,0.671159029649989,0.07008086253347387,down,aligned,0.7728598919861174,-15.279999999998836,15.279999999998836,below,True,True,8.39999999999418,8.39999999999418,0.6885245901639344,0.6850828729281768,opposed,opposed,0.0,0.0,balanced_or_unknown,False,flat_or_unknown
2026-03-21 17:49:00,2026-03-21,70342.8,70342.8,70334.4,70334.8,2.624,18.049,20.673,-15.424999999999999,-0.7461423112272045,70340.53,87421.5,2.261e-05,0.0,0.0,False,2026-03-21.csv,15.424999999999999,negative,0.7461423112272045,0.5737704918032787,0.5580110497237569,0.18032786885245902,0.1712707182320442,-8.0,8.400000000008731,0.9523809523799625,0.04761904762003755,down,aligned,0.5186385737439222,-5.7299999999959255,5.7299999999959255,below,True,True,0.5700000000069849,0.5700000000069849,0.11475409836065574,0.10497237569060773,opposed,opposed,0.0,0.0,balanced_or_unknown,False,flat_or_unknown
2026-03-21 17:50:00,2026-03-21,70334.9,70342.7,70334.7,70334.7,11.584,5.407,16.991,6.177,0.3635454063916191,70335.29,87425.78,2.261e-05,0.0,0.0,False,2026-03-21.csv,6.177,positive,0.3635454063916191,0.2786885245901639,0.292817679558011,0.09836065573770492,0.1270718232044199,-0.19999999999708962,8.0,0.024999999999636202,0.0,down,opposed,0.03237817710815762,-0.5899999999965075,0.5899999999965075,below,True,True,4.279999999998836,4.279999999998836,0.5409836065573771,0.5138121546961326,aligned,opposed,0.0,0.0,balanced_or_unknown,False,flat_or_unknown
2026-03-21 17:51:00,2026-03-21,70334.7,70334.8,70306.0,70309.9,4.03,31.595,35.625,-27.564999999999998,-0.7737543859649122,70313.86,87430.43,2.207e-05,0.0,0.0,False,2026-03-21.csv,27.564999999999998,negative,0.7737543859649122,0.7868852459016393,0.7513812154696132,0.4098360655737705,0.40331491712707185,-24.80000000000291,28.80000000000291,0.8611111111111251,0.13541666666645089,down,aligned,0.8996916379467772,-3.960000000006403,3.960000000006403,below,True,True,4.649999999994179,4.649999999994179,0.5573770491803278,0.5248618784530387,opposed,opposed,0.0,0.0,balanced_or_unknown,False,flat_or_unknown
2026-03-21 17:52:00,2026-03-21,70309.9,70310.0,70273.0,70281.4,11.856,43.523,55.379,-31.667,-0.5718232543021724,70289.55,87433.22,2.15e-05,0.0,0.0,False,2026-03-21.csv,31.667,negative,0.5718232543021724,0.8032786885245902,0.7679558011049724,0.6721311475409836,0.574585635359116,-28.5,37.0,0.7702702702702703,0.22702702702686972,down,aligned,0.8999905264155114,-8.150000000008731,8.150000000008731,below,True,True,2.790000000008149,2.790000000008149,0.4426229508196721,0.3812154696132597,opposed,opposed,0.0,0.0,balanced_or_unknown,False,flat_or_unknown
2026-03-21 17:53:00,2026-03-21,70281.3,70281.4,70241.9,70258.3,12.953,35.949,48.902,-22.996,-0.4702466156803402,70254.62,87445.91,2.15e-05,0.0,0.0,False,2026-03-21.csv,22.996,negative,0.4702466156803402,0.7049180327868853,0.6740331491712708,0.5901639344262295,0.5303867403314917,-23.0,39.5,0.5822784810126582,0.41518987341794256,down,aligned,1.000173943294486,3.680000000007567,3.680000000007567,above,True,True,12.690000000002328,12.690000000002328,0.7704918032786885,0.7790055248618785,opposed,opposed,0.0,0.0,balanced_or_unknown,False,flat_or_unknown
2026-03-21 17:54:00,2026-03-21,70258.2,70277.5,70236.1,70277.5,34.002,47.519,81.521,-13.516999999999996,-0.16581003667766583,70252.14,87420.96,2.092e-05,0.0,0.0,False,2026-03-21.csv,13.516999999999996,negative,0.16581003667766583,0.45901639344262296,0.5138121546961326,0.8360655737704918,0.7679558011049724,19.30000000000291,41.39999999999418,0.4661835748793629,1.0,up,opposed,1.4278316194423997,25.360000000000582,25.360000000000582,above,True,True,-24.94999999999709,24.94999999999709,0.9016393442622951,0.9226519337016574,aligned,opposed,0.0,0.0,balanced_or_unknown,False,flat_or_unknown
2026-03-21 17:55:00,2026-03-21,70277.4,70289.1,70277.4,70283.6,21.377,2.927,24.304,18.45,0.7591342988808427,70283.77,87411.94,1.977e-05,0.0,0.0,False,2026-03-21.csv,18.45,positive,0.7591342988808427,0.639344262295082,0.6298342541436464,0.22950819672131148,0.2265193370165746,6.2000000000116415,11.700000000011642,0.5299145299149977,0.5299145299149977,up,aligned,0.3360433604342353,-0.16999999999825377,0.16999999999825377,below,True,True,-9.020000000004075,9.020000000004075,0.6885245901639344,0.7071823204419889,opposed,opposed,0.0,0.0,balanced_or_unknown,False,flat_or_unknown
2026-03-21 17:56:00,2026-03-21,70283.5,70318.3,70283.5,70314.7,16.398,5.881,22.279,10.517,0.47205888953723235,70298.36,87415.38,2.015e-05,0.0,0.0,False,2026-03-21.csv,10.517,positive,0.47205888953723235,0.3770491803278688,0.39226519337016574,0.19672131147540983,0.19889502762430938,31.19999999999709,34.80000000000291,0.8965517241377724,0.8965517241377724,up,aligned,2.9666254635349523,16.339999999996508,16.339999999996508,above,True,True,3.4400000000023283,3.4400000000023283,0.45901639344262296,0.4419889502762431,aligned,aligned,0.0,0.0,balanced_or_unknown,False,flat_or_unknown
2026-03-21 17:57:00,2026-03-21,70314.7,70314.7,70283.5,70295.0,5.573,5.227,10.8,0.3460000000000001,0.032037037037037044,70290.23,87414.07,2.015e-05,0.0,0.0,False,2026-03-21.csv,0.3460000000000001,positive,0.032037037037037044,0.01639344262295082,0.022099447513812154,0.06557377049180328,0.06077348066298342,-19.69999999999709,31.19999999999709,0.6314102564102221,0.368589743589778,down,opposed,56.936416184962674,4.7700000000040745,4.7700000000040745,above,True,True,-1.3099999999976717,1.3099999999976717,0.26229508196721313,0.19337016574585636,opposed,aligned,0.0,0.0,balanced_or_unknown,False,flat_or_unknown
2026-03-21 17:58:00,2026-03-21,70295.0,70304.2,70289.4,70289.5,7.548,16.577,24.125,-9.029000000000002,-0.374259067357513,70301.07,87414.44,2.039e-05,0.0,0.0,False,2026-03-21.csv,9.029000000000002,negative,0.374259067357513,0.3442622950819672,0.3701657458563536,0.26229508196721313,0.23756906077348067,-5.5,14.80000000000291,0.37162162162154855,0.006756756757148723,down,aligned,0.6091482999224719,-11.570000000006985,11.570000000006985,below,True,True,0.3699999999953434,0.3699999999953434,0.11475409836065574,0.09944751381215469,opposed,opposed,0.0,0.0,balanced_or_unknown,False,flat_or_unknown
2026-03-21 17:59:00,2026-03-21,70289.6,70291.2,70289.5,70291.2,1.737,1.437,3.174,0.30000000000000004,0.09451795841209831,70290.41,87425.21,2.04e-05,0.0,0.0,False,2026-03-21.csv,0.30000000000000004,positive,0.09451795841209831,0.01639344262295082,0.016574585635359115,0.01639344262295082,0.0055248618784530384,1.5999999999912689,1.6999999999970896,0.9411764705847107,1.0,up,aligned,5.333333333304228,0.7899999999935972,0.7899999999935972,above,True,True,10.770000000004075,10.770000000004075,0.7049180327868853,0.7513812154696132,aligned,aligned,0.0,0.0,balanced_or_unknown,False,flat_or_unknown
2026-03-21 18:00:00,2026-03-21,70291.2,70291.2,70280.0,70280.1,3.194,17.318,20.512,-14.124000000000002,-0.6885725429017162,70285.88,87426.06,2.04e-05,0.0,0.0,False,2026-03-21.csv,14.124000000000002,negative,0.6885725429017162,0.5245901639344263,0.5359116022099447,0.19672131147540983,0.1878453038674033,-11.099999999991269,11.19999999999709,0.9910714285709066,0.00892857142909346,down,aligned,0.7858963466433919,-5.779999999998836,5.779999999998836,below,True,True,0.8499999999912689,0.8499999999912689,0.18032786885245902,0.14917127071823205,opposed,opposed,0.0,0.0,balanced_or_unknown,True,flat_or_unknown
2026-03-21 18:01:00,2026-03-21,70280.0,70286.6,70275.0,70275.1,11.196,14.422,25.618,-3.226000000000001,-0.1259270825201031,70280.78,87445.28,2.033e-05,0.0,0.0,False,2026-03-21.csv,3.226000000000001,negative,0.1259270825201031,0.22950819672131148,0.19889502762430938,0.3442622950819672,0.27624309392265195,-4.899999999994179,11.60000000000582,0.4224137931027345,0.008620689655669879,down,aligned,1.5189088654662672,-5.679999999993015,5.679999999993015,below,True,True,19.220000000001164,19.220000000001164,0.9016393442622951,0.8950276243093923,opposed,opposed,0.0,0.0,balanced_or_unknown,True,flat_or_unknown
2026-03-21 18:02:00,2026-03-21,70275.1,70311.0,70275.0,70300.5,19.104,19.467,38.571,-0.36299999999999955,-0.009411215680174213,70302.84,87442.62,2.025e-05,0.0,0.0,False,2026-03-21.csv,0.36299999999999955,negative,0.009411215680174213,0.06557377049180328,0.03867403314917127,0.5901639344262295,0.5082872928176796,25.39999999999418,36.0,0.7055555555553938,0.7083333333333334,up,opposed,69.97245179061765,-2.3399999999965075,2.3399999999965075,below,True,True,-2.6600000000034925,2.6600000000034925,0.4426229508196721,0.3756906077348066,aligned,opposed,0.0,0.0,balanced_or_unknown,True,flat_or_unknown
2026-03-21 18:03:00,2026-03-21,70300.4,70311.5,70293.3,70294.1,16.859,9.84,26.699,7.019000000000002,0.262893741338627,70302.04,87446.66,2.041e-05,0.0,0.0,False,2026-03-21.csv,7.019000000000002,positive,0.262893741338627,0.3114754098360656,0.3370165745856354,0.3770491803278688,0.30386740331491713,-6.2999999999883585,18.19999999999709,0.3461538461532619,0.043956043956210895,down,opposed,0.8975637555190706,-7.939999999987776,7.939999999987776,below,True,True,4.040000000008149,4.040000000008149,0.5573770491803278,0.5193370165745856,aligned,opposed,0.0,0.0,balanced_or_unknown,True,flat_or_unknown
2026-03-21 18:04:00,2026-03-21,70294.0,70301.9,70294.0,70294.2,7.517,3.101,10.618,4.416,0.41589753249199474,70297.14,87440.81,2.041e-05,0.0,0.0,False,2026-03-21.csv,4.416,positive,0.41589753249199474,0.2459016393442623,0.2596685082872928,0.06557377049180328,0.055248618784530384,0.19999999999708962,7.899999999994179,0.025316455695852783,0.025316455695852783,up,aligned,0.04528985507180471,-2.9400000000023283,2.9400000000023283,below,True,True,-5.850000000005821,5.850000000005821,0.6721311475409836,0.6077348066298343,opposed,opposed,0.0,0.0,balanced_or_unknown,True,flat_or_unknown
2026-03-21 18:05:00,2026-03-21,70294.2,70294.2,70279.6,70279.6,5.46,5.721,11.181,-0.2610000000000001,-0.02334317145156964,70284.43,87445.07,2.027e-05,0.004,0.0,False,2026-03-21.csv,0.2610000000000001,negative,0.02334317145156964,0.01639344262295082,0.016574585635359115,0.11475409836065574,0.07734806629834254,-14.599999999991269,14.599999999991269,1.0,0.0,down,aligned,55.93869731797418,-4.829999999987194,4.829999999987194,below,True,True,4.260000000009313,4.260000000009313,0.5573770491803278,0.5303867403314917,opposed,opposed,0.004,0.004,buy,True,opposed
2026-03-21 18:06:00,2026-03-21,70279.6,70287.8,70275.0,70275.0,7.672,8.473,16.145,-0.801000000000001,-0.049612883245586936,70279.64,87446.42,2.017e-05,0.0,0.0,False,2026-03-21.csv,0.801000000000001,negative,0.049612883245586936,0.09836065573770492,0.07734806629834254,0.16393442622950818,0.143646408839779,-4.600000000005821,12.80000000000291,0.35937500000037303,0.0,down,aligned,5.742821473165812,-4.639999999999418,4.639999999999418,below,True,True,1.3499999999912689,1.3499999999912689,0.29508196721311475,0.20441988950276244,opposed,opposed,0.0,0.0,balanced_or_unknown,False,flat_or_unknown
2026-03-21 18:07:00,2026-03-21,70275.0,70281.8,70261.4,70281.7,6.362,12.72,19.082,-6.3580000000000005,-0.3331935855780317,70272.02,87447.97,2.017e-05,0.0,0.0,False,2026-03-21.csv,6.3580000000000005,negative,0.3331935855780317,0.3442622950819672,0.3259668508287293,0.21311475409836064,0.18232044198895028,6.69999999999709,20.40000000000873,0.3284313725487364,0.9950980392154031,up,opposed,1.0537905001568244,9.679999999993015,9.679999999993015,above,True,True,1.5500000000029104,1.5500000000029104,0.32786885245901637,0.23204419889502761,opposed,aligned,0.0,0.0,balanced_or_unknown,False,flat_or_unknown
2026-03-21 18:08:00,2026-03-21,70281.8,70291.1,70281.7,70291.1,10.283,4.809,15.092,5.473999999999999,0.36270871985157693,70289.6,87451.03,2.001e-05,0.0,0.0,False,2026-03-21.csv,5.473999999999999,positive,0.36270871985157693,0.3114754098360656,0.292817679558011,0.16393442622950818,0.13259668508287292,9.30000000000291,9.400000000008731,0.9893617021270502,1.0,up,aligned,1.6989404457440467,1.5,1.5,above,True,True,3.0599999999976717,3.0599999999976717,0.4918032786885246,0.430939226519337,aligned,aligned,0.0,0.0,balanced_or_unknown,False,flat_or_unknown
2026-03-21 18:09:00,2026-03-21,70291.1,70312.0,70291.0,70310.2,25.286,4.375,29.661,20.911,0.7049998314284751,70303.08,87448.73,2.034e-05,0.0,0.0,False,2026-03-21.csv,20.911,positive,0.7049998314284751,0.7704918032786885,0.7071823204419889,0.5081967213114754,0.39779005524861877,19.09999999999127,21.0,0.9095238095233937,0.9142857142855757,up,aligned,0.9133948639467873,7.119999999995343,7.119999999995343,above,True,True,-2.3000000000029104,2.3000000000029104,0.4262295081967213,0.3149171270718232,opposed,opposed,0.0,0.0,balanced_or_unknown,False,flat_or_unknown
2026-03-21 18:10:00,2026-03-21,70310.3,70343.2,70310.2,70339.4,24.606,7.674,32.28,16.932000000000002,0.5245353159851301,70328.49,87442.66,2.093e-05,0.0,0.0,False,2026-03-21.csv,16.932000000000002,positive,0.5245353159851301,0.7213114754098361,0.6685082872928176,0.5245901639344263,0.4419889502762431,29.09999999999127,33.0,0.8818181818179173,0.8848484848483966,up,aligned,1.7186392629335734,10.90999999998894,10.90999999998894,above,True,True,-6.069999999992433,6.069999999992433,0.7213114754098361,0.6298342541436464,opposed,opposed,0.0,0.0,balanced_or_unknown,False,flat_or_unknown
2026-03-21 18:11:00,2026-03-21,70339.4,70350.1,70339.3,70350.1,10.275,3.417,13.692,6.8580000000000005,0.5008764241893077,70345.73,87448.66,2.093e-05,0.0,0.0,False,2026-03-21.csv,6.8580000000000005,positive,0.5008764241893077,0.3770491803278688,0.34806629834254144,0.16393442622950818,0.12154696132596685,10.700000000011642,10.80000000000291,0.9907407407415517,1.0,up,aligned,1.5602216389634938,4.370000000009895,4.370000000009895,above,True,True,6.0,6.0,0.7049180327868853,0.6187845303867403,aligned,aligned,0.0,0.0,balanced_or_unknown,True,flat_or_unknown
2026-03-21 18:12:00,2026-03-21,70350.1,70350.1,70316.1,70316.2,6.771,11.805,18.576,-5.034,-0.27099483204134367,70328.86,87449.63,2.157e-05,0.0,0.0,False,2026-03-21.csv,5.034,negative,0.27099483204134367,0.29508196721311475,0.287292817679558,0.22950819672131148,0.18232044198895028,-33.90000000000873,34.0,0.9970588235296686,0.0029411764703314368,down,aligned,6.734207389751437,-12.660000000003492,12.660000000003492,below,True,True,0.9700000000011642,0.9700000000011642,0.26229508196721313,0.17679558011049723,opposed,opposed,0.0,0.0,balanced_or_unknown,True,flat_or_unknown
2026-03-21 18:13:00,2026-03-21,70316.3,70325.9,70316.2,70325.9,9.624,0.369,9.993,9.255,0.9261483038126689,70320.37,87453.79,2.181e-05,0.0,0.0,False,2026-03-21.csv,9.255,positive,0.9261483038126689,0.4918032786885246,0.4143646408839779,0.06557377049180328,0.055248618784530384,9.599999999991269,9.69999999999709,0.9896907216488814,1.0,up,aligned,1.037277147486901,5.529999999998836,5.529999999998836,above,True,True,4.1599999999889405,4.1599999999889405,0.639344262295082,0.5303867403314917,aligned,aligned,0.0,0.0,balanced_or_unknown,True,flat_or_unknown
2026-03-21 18:14:00,2026-03-21,70325.9,70325.9,70312.1,70312.1,1.329,9.148,10.477,-7.819,-0.7463014221628328,70319.73,87454.32,2.181e-05,0.0,0.0,False,2026-03-21.csv,7.819,negative,0.7463014221628328,0.4262295081967213,0.3701657458563536,0.08196721311475409,0.06077348066298342,-13.799999999988358,13.799999999988358,1.0,0.0,down,aligned,1.764931576926507,-7.629999999990105,7.629999999990105,below,True,True,0.5300000000133878,0.5300000000133878,0.13114754098360656,0.10497237569060773,opposed,opposed,0.0,0.0,balanced_or_unknown,True,flat_or_unknown
2026-03-21 18:15:00,2026-03-21,70312.2,70354.7,70312.1,70345.0,75.273,6.689,81.962,68.584,0.8367780190820137,70338.89,87456.12,2.172e-05,0.0,0.0,False,2026-03-21.csv,68.584,positive,0.8367780190820137,0.9836065573770492,0.9613259668508287,0.9016393442622951,0.8342541436464088,32.80000000000291,42.59999999999127,0.7699530516434187,0.7723004694835898,up,aligned,0.4782456549632991,6.110000000000582,6.110000000000582,above,True,True,1.7999999999883585,1.7999999999883585,0.3770491803278688,0.2430939226519337,aligned,aligned,0.0,0.0,balanced_or_unknown,True,flat_or_unknown
2026-03-21 18:16:00,2026-03-21,70344.9,70345.0,70328.9,70329.0,10.467,6.153,16.62,4.314000000000001,0.25956678700361013,70335.17,87442.62,2.18e-05,0.0,0.0,False,2026-03-21.csv,4.314000000000001,positive,0.25956678700361013,0.2459016393442623,0.2541436464088398,0.2459016393442623,0.1712707182320442,-15.89999999999418,16.10000000000582,0.9875776397508342,0.006211180124582895,down,opposed,3.68567454798196,-6.169999999998254,6.169999999998254,below,True,True,-13.5,13.5,0.8688524590163934,0.8232044198895028,opposed,aligned,0.0,0.0,balanced_or_unknown,True,flat_or_unknown
2026-03-21 18:17:00,2026-03-21,70328.9,70363.0,70328.9,70363.0,10.238,2.924,13.162,7.314,0.5556906245251482,70336.85,87444.92,2.18e-05,0.0,0.0,False,2026-03-21.csv,7.314,positive,0.5556906245251482,0.4262295081967213,0.3756906077348066,0.19672131147540983,0.1270718232044199,34.10000000000582,34.10000000000582,1.0,1.0,up,aligned,4.662291495762349,26.14999999999418,26.14999999999418,above,True,True,2.3000000000029104,2.3000000000029104,0.4426229508196721,0.32044198895027626,aligned,aligned,0.0,0.0,balanced_or_unknown,True,flat_or_unknown
2026-03-21 18:18:00,2026-03-21,70363.0,70363.0,70330.2,70330.3,21.426,5.782,27.208,15.643999999999998,0.5749779476624521,70344.0,87443.06,2.188e-05,0.0,0.0,False,2026-03-21.csv,15.643999999999998,positive,0.5749779476624521,0.7049180327868853,0.6298342541436464,0.5573770491803278,0.3812154696132597,-32.69999999999709,32.80000000000291,0.9969512195120179,0.0030487804879820697,down,opposed,2.090258245972711,-13.69999999999709,13.69999999999709,below,True,True,-1.860000000000582,1.860000000000582,0.36065573770491804,0.2541436464088398,opposed,aligned,0.0,0.0,balanced_or_unknown,True,flat_or_unknown
2026-03-21 18:19:00,2026-03-21,70330.2,70330.3,70319.1,70328.0,18.164,11.708,29.872,6.456000000000001,0.21612212104981257,70322.55,87446.16,2.193e-05,0.0,0.0,False,2026-03-21.csv,6.456000000000001,positive,0.21612212104981257,0.3770491803278688,0.34806629834254144,0.6065573770491803,0.4419889502762431,-2.1999999999970896,11.19999999999709,0.19642857142836262,0.7946428571425439,down,opposed,0.3407682775708007,5.44999999999709,5.44999999999709,above,True,True,3.1000000000058208,3.1000000000058208,0.5409836065573771,0.44751381215469616,aligned,opposed,0.0,0.0,balanced_or_unknown,True,flat_or_unknown
2026-03-21 18:20:00,2026-03-21,70328.0,70363.0,70328.0,70363.0,20.843,1.35,22.193,19.493,0.878340017122516,70340.23,87439.41,2.178e-05,0.0,0.0,False,2026-03-21.csv,19.493,positive,0.878340017122516,0.8032786885245902,0.712707182320442,0.4098360655737705,0.27624309392265195,35.0,35.0,1.0,1.0,up,aligned,1.7955163391986868,22.770000000004075,22.770000000004075,above,True,True,-6.75,6.75,0.7377049180327869,0.6574585635359116,opposed,opposed,0.0,0.0,balanced_or_unknown,True,flat_or_unknown
2026-03-21 18:21:00,2026-03-21,70363.0,70371.4,70362.9,70369.5,32.079,3.277,35.356,28.802,0.8146283516234868,70368.62,87443.97,2.178e-05,0.0,0.0,False,2026-03-21.csv,28.802,positive,0.8146283516234868,0.8852459016393442,0.8176795580110497,0.6557377049180327,0.5248618784530387,6.5,8.5,0.7647058823529411,0.7764705882359789,up,aligned,0.22567877230747865,0.8800000000046566,0.8800000000046566,above,True,True,4.559999999997672,4.559999999997672,0.6557377049180327,0.569060773480663,aligned,aligned,0.0,0.0,balanced_or_unknown,True,flat_or_unknown
2026-03-21 18:22:00,2026-03-21,70369.5,70387.9,70369.4,70380.4,30.115,9.913,40.028,20.201999999999998,0.504696712301389,70378.6,87435.57,2.213e-05,0.0,0.0,False,2026-03-21.csv,20.201999999999998,positive,0.504696712301389,0.7868852459016393,0.7348066298342542,0.7868852459016393,0.6022099447513812,10.89999999999418,18.5,0.5891891891888745,0.5945945945945946,up,aligned,0.5395505395502515,1.7999999999883585,1.7999999999883585,above,True,True,-8.39999999999418,8.39999999999418,0.7868852459016393,0.7348066298342542,opposed,opposed,0.0,0.0,balanced_or_unknown,True,flat_or_unknown
2026-03-21 18:23:00,2026-03-21,70380.3,70387.0,70380.0,70386.9,21.031,8.028,29.059,13.002999999999998,0.44746894249630054,70380.72,87441.63,2.299e-05,0.0,0.0,False,2026-03-21.csv,13.002999999999998,positive,0.44746894249630054,0.6229508196721312,0.580110497237569,0.5737704918032787,0.425414364640884,6.599999999991269,7.0,0.9428571428558955,0.9857142857134542,up,aligned,0.5075751749589533,6.179999999993015,6.179999999993015,above,True,True,6.059999999997672,6.059999999997672,0.7049180327868853,0.6408839779005525,aligned,aligned,0.0,0.0,balanced_or_unknown,True,flat_or_unknown
2026-03-21 18:24:00,2026-03-21,70386.8,70394.0,70385.1,70389.2,20.828,15.176,36.004,5.651999999999999,0.1569825574936118,70387.83,87444.04,2.299e-05,0.0,0.0,False,2026-03-21.csv,5.651999999999999,positive,0.1569825574936118,0.29508196721311475,0.30939226519337015,0.7049180327868853,0.5469613259668509,2.3999999999941792,8.89999999999418,0.2696629213478369,0.46067415730269107,up,aligned,0.4246284501051273,1.3699999999953434,1.3699999999953434,above,True,True,2.4099999999889405,2.4099999999889405,0.4098360655737705,0.3425414364640884,aligned,aligned,0.0,0.0,balanced_or_unknown,True,flat_or_unknown
2026-03-21 18:25:00,2026-03-21,70389.2,70420.0,70368.2,70368.3,64.196,52.499,116.695,11.696999999999996,0.10023565705471525,70399.38,87433.91,2.312e-05,0.0,0.0,False,2026-03-21.csv,11.696999999999996,positive,0.10023565705471525,0.5901639344262295,0.5138121546961326,0.9836065573770492,0.9392265193370166,-20.89999999999418,51.80000000000291,0.40347490347476844,0.001930501930614192,down,opposed,1.7867829357950062,-31.080000000001746,31.080000000001746,below,True,True,-10.129999999990105,10.129999999990105,0.8032786885245902,0.7569060773480663,opposed,aligned,0.0,0.0,balanced_or_unknown,True,flat_or_unknown
2026-03-21 18:26:00,2026-03-21,70368.3,70368.3,70335.2,70355.5,62.683,56.46,119.143,6.222999999999999,0.05223135224058483,70348.25,87426.72,2.357e-05,0.0,0.0,False,2026-03-21.csv,6.222999999999999,positive,0.05223135224058483,0.3442622950819672,0.3314917127071823,1.0,0.9392265193370166,-12.80000000000291,33.10000000000582,0.3867069486405033,0.6132930513594967,down,opposed,2.056885746425022,7.25,7.25,above,True,True,-7.190000000002328,7.190000000002328,0.7213114754098361,0.6906077348066298,opposed,aligned,0.0,0.0,balanced_or_unknown,True,flat_or_unknown
2026-03-21 18:27:00,2026-03-21,70355.6,70395.6,70355.5,70395.5,69.549,3.406,72.955,66.143,0.9066273730381742,70374.78,87420.18,2.337e-05,0.0,0.0,False,2026-03-21.csv,66.143,positive,0.9066273730381742,0.9836065573770492,0.9447513812154696,0.8688524590163934,0.7900552486187845,39.89999999999418,40.10000000000582,0.9950124688276406,0.9975062344138202,up,aligned,0.6032384379298517,20.720000000001164,20.720000000001164,above,True,True,-6.540000000008149,6.540000000008149,0.7049180327868853,0.6519337016574586,opposed,opposed,0.0,0.0,balanced_or_unknown,True,flat_or_unknown
2026-03-21 18:28:00,2026-03-21,70395.5,70419.7,70395.5,70400.1,28.839,10.615,39.454,18.223999999999997,0.46190500329497636,70407.03,87394.62,2.337e-05,0.134,0.0,False,2026-03-21.csv,18.223999999999997,positive,0.46190500329497636,0.7704918032786885,0.6906077348066298,0.7704918032786885,0.6022099447513812,4.600000000005821,24.19999999999709,0.19008264462836255,0.19008264462836255,up,aligned,0.25241439859557846,-6.929999999993015,6.929999999993015,below,True,True,-25.55999999999767,25.55999999999767,0.9836065573770492,0.9558011049723757,opposed,opposed,0.134,0.134,buy,True,aligned
2026-03-21 18:29:00,2026-03-21,70400.0,70400.1,70373.1,70373.1,5.711,15.719,21.43,-10.008,-0.46700886607559494,70385.33,87398.03,2.357e-05,0.0,0.0,False,2026-03-21.csv,10.008,negative,0.46700886607559494,0.5573770491803278,0.4585635359116022,0.3770491803278688,0.26519337016574585,-26.89999999999418,27.0,0.9962962962960807,0.0,down,aligned,2.6878497202232396,-12.229999999995925,12.229999999995925,below,True,True,3.4100000000034925,3.4100000000034925,0.4918032786885246,0.4585635359116022,opposed,opposed,0.0,0.0,balanced_or_unknown,True,flat_or_unknown
2026-03-21 18:30:00,2026-03-21,70373.2,70378.1,70373.1,70374.1,11.846,2.531,14.377,9.315,0.6479098560200319,70374.46,87403.86,2.332e-05,0.0,0.0,False,2026-03-21.csv,9.315,positive,0.6479098560200319,0.5573770491803278,0.43646408839779005,0.21311475409836064,0.14917127071823205,0.9000000000087311,5.0,0.18000000000174624,0.2,up,aligned,0.09661835748886004,-0.3600000000005821,0.3600000000005821,below,True,True,5.830000000001746,5.830000000001746,0.639344262295082,0.6077348066298343,aligned,aligned,0.0,0.0,balanced_or_unknown,True,flat_or_unknown
2026-03-21 18:31:00,2026-03-21,70374.2,70374.2,70374.1,70374.2,9.937,4.813,14.75,5.124,0.34738983050847455,70374.17,87409.84,2.332e-05,0.0,0.0,False,2026-03-21.csv,5.124,positive,0.34738983050847455,0.2786885245901639,0.287292817679558,0.22950819672131148,0.16022099447513813,0.0,0.09999999999126885,0.0,1.0,flat_or_unknown,flat_or_unknown,0.0,0.029999999998835847,0.029999999998835847,above,True,True,5.9799999999959255,5.9799999999959255,0.6721311475409836,0.6132596685082873,aligned,flat_or_unknown,0.0,0.0,balanced_or_unknown,True,flat_or_unknown
2026-03-21 18:32:00,2026-03-21,70374.1,70374.2,70374.0,70374.1,2.927,1.416,4.343,1.5110000000000001,0.347916186967534,70374.09,87409.22,2.269e-05,0.0,0.0,False,2026-03-21.csv,1.5110000000000001,positive,0.347916186967534,0.11475409836065574,0.08839779005524862,0.03278688524590164,0.011049723756906077,0.0,0.19999999999708962,0.0,0.5000000000363798,flat_or_unknown,flat_or_unknown,0.0,0.010000000009313226,0.010000000009313226,above,True,True,-0.6199999999953434,0.6199999999953434,0.13114754098360656,0.10497237569060773,opposed,flat_or_unknown,0.0,0.0,balanced_or_unknown,True,flat_or_unknown
2026-03-21 18:33:00,2026-03-21,70374.1,70374.1,70374.0,70374.1,1.982,5.841,7.823,-3.859,-0.4932890195577144,70374.03,87410.12,2.228e-05,0.0,0.0,False,2026-03-21.csv,3.859,negative,0.4932890195577144,0.21311475409836064,0.2430939226519337,0.06557377049180328,0.022099447513812154,0.0,0.10000000000582077,0.0,1.0,flat_or_unknown,flat_or_unknown,0.0,0.07000000000698492,0.07000000000698492,above,True,True,0.8999999999941792,0.8999999999941792,0.18032786885245902,0.14917127071823205,opposed,flat_or_unknown,0.0,0.0,balanced_or_unknown,True,flat_or_unknown
2026-03-21 18:34:00,2026-03-21,70374.1,70427.6,70374.0,70424.1,49.544,11.103,60.647,38.440999999999995,0.6338483354494039,70401.76,87401.93,2.203e-05,0.002,0.0,False,2026-03-21.csv,38.440999999999995,positive,0.6338483354494039,0.9508196721311475,0.8453038674033149,0.8524590163934426,0.7513812154696132,50.0,53.60000000000582,0.932835820895421,0.9347014925373205,up,aligned,1.3006945709008613,22.34000000001106,22.34000000001106,above,True,True,-8.190000000002328,8.190000000002328,0.7704918032786885,0.712707182320442,opposed,opposed,0.002,0.002,buy,True,aligned
2026-03-21 18:35:00,2026-03-21,70424.1,70442.9,70410.4,70410.4,23.126,17.715,40.841,5.411000000000001,0.1324894101515634,70425.16,87386.88,2.203e-05,0.015,0.0,False,2026-03-21.csv,5.411000000000001,positive,0.1324894101515634,0.29508196721311475,0.30386740331491713,0.819672131147541,0.6408839779005525,-13.700000000011642,32.5,0.42153846153881974,0.0,down,opposed,2.531879504714773,-14.760000000009313,14.760000000009313,below,True,True,-15.049999999988358,15.049999999988358,0.9344262295081968,0.8784530386740331,opposed,aligned,0.015,0.015,buy,True,aligned
2026-03-21 18:36:00,2026-03-21,70410.3,70445.4,70406.4,70437.9,22.78,11.106,33.886,11.674000000000001,0.3445080564244821,70426.53,87384.64,2.231e-05,0.0,0.0,False,2026-03-21.csv,11.674000000000001,positive,0.3445080564244821,0.6229508196721312,0.5303867403314917,0.6557377049180327,0.5248618784530387,27.59999999999127,39.0,0.7076923076920838,0.8076923076923077,up,aligned,2.3642281994167607,11.369999999995343,11.369999999995343,above,True,True,-2.2400000000052387,2.2400000000052387,0.32786885245901637,0.292817679558011,opposed,opposed,0.0,0.0,balanced_or_unknown,False,flat_or_unknown
2026-03-21 18:37:00,2026-03-21,70437.9,70446.6,70417.8,70440.0,32.589,31.143,63.732,1.445999999999998,0.022688759179062292,70431.91,87387.06,2.218e-05,0.0,0.0,False,2026-03-21.csv,1.445999999999998,positive,0.022688759179062292,0.09836065573770492,0.08839779005524862,0.8688524590163934,0.7734806629834254,2.1000000000058208,28.80000000000291,0.0729166666668614,0.7708333333331544,up,aligned,1.452282157680376,8.089999999996508,8.089999999996508,above,True,True,2.4199999999982538,2.4199999999982538,0.3770491803278688,0.34806629834254144,aligned,aligned,0.0,0.0,balanced_or_unknown,False,flat_or_unknown
2026-03-21 18:38:00,2026-03-21,70440.1,70440.1,70419.9,70419.9,9.066,21.784,30.85,-12.717999999999998,-0.4122528363047001,70429.84,87369.49,2.217e-05,0.0,0.0,False,2026-03-21.csv,12.717999999999998,negative,0.4122528363047001,0.6557377049180327,0.5911602209944752,0.6229508196721312,0.48066298342541436,-20.20000000001164,20.20000000001164,1.0,0.0,down,aligned,1.5883000471781448,-9.940000000002328,9.940000000002328,below,True,True,-17.569999999992433,17.569999999992433,0.9344262295081968,0.8950276243093923,aligned,aligned,0.0,0.0,balanced_or_unknown,False,flat_or_unknown
2026-03-21 18:39:00,2026-03-21,70419.9,70435.9,70419.9,70435.7,11.326,4.686,16.012,6.640000000000001,0.4146889832625531,70430.4,87371.94,2.217e-05,0.0,0.0,False,2026-03-21.csv,6.640000000000001,positive,0.4146889832625531,0.3770491803278688,0.3701657458563536,0.2786885245901639,0.1878453038674033,15.80000000000291,16.0,0.9875000000001819,0.9875000000001819,up,aligned,2.3795180722895948,5.30000000000291,5.30000000000291,above,True,True,2.4499999999970896,2.4499999999970896,0.36065573770491804,0.34806629834254144,aligned,aligned,0.0,0.0,balanced_or_unknown,False,flat_or_unknown
2026-03-21 18:40:00,2026-03-21,70435.7,70500.0,70435.2,70460.0,148.072,33.48,181.552,114.59200000000001,0.6311800475896714,70473.63,87316.84,2.2e-05,0.024,0.0,False,2026-03-21.csv,114.59200000000001,positive,0.6311800475896714,1.0,0.988950276243094,1.0,0.9613259668508287,24.30000000000291,64.80000000000291,0.3750000000000281,0.3827160493827438,up,aligned,0.2120566880759818,-13.630000000004657,13.630000000004657,below,True,True,-55.10000000000582,55.10000000000582,1.0,0.994475138121547,opposed,opposed,0.024,0.024,buy,True,aligned
2026-03-21 18:41:00,2026-03-21,70460.1,70479.7,70452.4,70460.6,41.352,40.506,81.858,0.8459999999999965,0.010334970314446926,70465.12,87312.38,2.243e-05,0.0,0.0,False,2026-03-21.csv,0.8459999999999965,positive,0.010334970314446926,0.09836065573770492,0.08287292817679558,0.9180327868852459,0.856353591160221,0.5,27.30000000000291,0.018315018315016363,0.30036630036669476,up,aligned,0.5910165484633594,-4.519999999989523,4.519999999989523,below,True,True,-4.459999999991851,4.459999999991851,0.5409836065573771,0.5359116022099447,opposed,opposed,0.0,0.0,balanced_or_unknown,False,flat_or_unknown
2026-03-21 18:42:00,2026-03-21,70460.6,70465.4,70452.4,70452.4,12.897,25.01,37.907,-12.113000000000001,-0.3195452027330045,70461.32,87313.01,2.243e-05,0.0,0.0,False,2026-03-21.csv,12.113000000000001,negative,0.3195452027330045,0.639344262295082,0.5580110497237569,0.7213114754098361,0.5966850828729282,-8.200000000011642,13.0,0.6307692307701263,0.0,down,aligned,0.6769586394792075,-8.920000000012806,8.920000000012806,below,True,True,0.6299999999901047,0.6299999999901047,0.09836065573770492,0.11049723756906077,opposed,opposed,0.0,0.0,balanced_or_unknown,False,flat_or_unknown
2026-03-21 18:43:00,2026-03-21,70452.4,70475.6,70450.0,70475.6,19.43,8.109,27.539,11.321,0.411089727295835,70457.35,87315.97,2.258e-05,0.0,0.0,False,2026-03-21.csv,11.321,positive,0.411089727295835,0.5901639344262295,0.5248618784530387,0.5573770491803278,0.4143646408839779,23.20000000001164,25.60000000000582,0.9062500000002487,1.0,up,aligned,2.049288932074167,18.25,18.25,above,True,True,2.960000000006403,2.960000000006403,0.4098360655737705,0.4088397790055249,aligned,aligned,0.0,0.0,balanced_or_unknown,False,flat_or_unknown
2026-03-21 18:44:00,2026-03-21,70475.7,70504.7,70452.8,70452.8,66.752,22.339,89.091,44.413,0.4985127566196361,70488.16,87306.25,2.246e-05,0.006,0.0,False,2026-03-21.csv,44.413,positive,0.4985127566196361,0.9508196721311475,0.9005524861878453,0.9508196721311475,0.9005524861878453,-22.89999999999418,51.89999999999418,0.4412331406550433,0.0,down,opposed,0.5156147974690785,-35.36000000000058,35.36000000000058,below,True,True,-9.720000000001164,9.720000000001164,0.819672131147541,0.7458563535911602,opposed,aligned,0.006,0.006,buy,True,aligned
2026-03-21 18:45:00,2026-03-21,70452.8,70452.9,70433.6,70446.4,19.57,22.579,42.149,-3.0090000000000003,-0.07138959405917104,70438.26,87294.4,2.226e-05,0.0,0.0,False,2026-03-21.csv,3.0090000000000003,negative,0.07138959405917104,0.16393442622950818,0.14917127071823205,0.7868852459016393,0.6408839779005525,-6.400000000008731,19.29999999998836,0.33160621761723275,0.6632124352329575,down,aligned,2.126952475908518,8.139999999999418,8.139999999999418,above,True,True,-11.85000000000582,11.85000000000582,0.8524590163934426,0.8011049723756906,aligned,aligned,0.0,0.0,balanced_or_unknown,False,flat_or_unknown
2026-03-21 18:46:00,2026-03-21,70446.6,70446.6,70429.7,70429.7,4.431,19.959,24.39,-15.527999999999999,-0.6366543665436654,70439.2,87281.19,2.226e-05,0.0,0.0,False,2026-03-21.csv,15.527999999999999,negative,0.6366543665436654,0.7213114754098361,0.6519337016574586,0.45901639344262296,0.3370165745856354,-16.90000000000873,16.90000000000873,1.0,0.0,down,aligned,1.0883565172597072,-9.5,9.5,below,True,True,-13.209999999991851,13.209999999991851,0.8852459016393442,0.8342541436464088,aligned,aligned,0.0,0.0,balanced_or_unknown,False,flat_or_unknown
2026-03-21 18:47:00,2026-03-21,70429.7,70438.9,70418.0,70418.1,6.298,9.217,15.515,-2.9190000000000005,-0.18814050918466002,70426.37,87288.38,2.129e-05,0.0,0.0,False,2026-03-21.csv,2.9190000000000005,negative,0.18814050918466002,0.16393442622950818,0.143646408839779,0.2459016393442623,0.1712707182320442,-11.599999999991269,20.89999999999418,0.5550239234447129,0.0047846889954951495,down,aligned,3.9739636861909102,-8.269999999989523,8.269999999989523,below,True,True,7.190000000002328,7.190000000002328,0.7213114754098361,0.6850828729281768,opposed,opposed,0.0,0.0,balanced_or_unknown,False,flat_or_unknown
2026-03-21 18:48:00,2026-03-21,70418.0,70422.8,70406.2,70406.2,9.581,13.52,23.101,-3.939,-0.17051209904333148,70412.54,87288.93,2.072e-05,0.0,0.0,False,2026-03-21.csv,3.939,negative,0.17051209904333148,0.21311475409836064,0.24861878453038674,0.4262295081967213,0.3149171270718232,-11.80000000000291,16.60000000000582,0.7108433734939019,0.0,down,aligned,2.9956841838037347,-6.3399999999965075,6.3399999999965075,below,True,True,0.5499999999883585,0.5499999999883585,0.04918032786885246,0.09392265193370165,opposed,opposed,0.0,0.0,balanced_or_unknown,False,flat_or_unknown
2026-03-21 18:49:00,2026-03-21,70406.3,70438.0,70405.9,70422.6,62.627,8.13,70.757,54.497,0.7701994148988792,70421.82,87285.51,2.072e-05,0.0,0.0,False,2026-03-21.csv,54.497,positive,0.7701994148988792,0.9508196721311475,0.9447513812154696,0.8688524590163934,0.8066298342541437,16.30000000000291,32.10000000000582,0.5077881619937681,0.5202492211840689,up,aligned,0.2990990329743456,0.7799999999988358,0.7799999999988358,above,True,True,-3.4199999999982538,3.4199999999982538,0.4426229508196721,0.4530386740331492,opposed,opposed,0.0,0.0,balanced_or_unknown,False,flat_or_unknown
2026-03-21 18:50:00,2026-03-21,70422.7,70422.7,70422.6,70422.6,3.754,1.905,5.659,1.849,0.32673617246863407,70422.67,87284.21,2.005e-05,0.0,0.0,False,2026-03-21.csv,1.849,positive,0.32673617246863407,0.14754098360655737,0.09944751381215469,0.04918032786885246,0.022099447513812154,-0.09999999999126885,0.09999999999126885,1.0,0.0,down,opposed,0.05408328825920435,-0.069999999992433,0.069999999992433,below,True,True,-1.2999999999883585,1.2999999999883585,0.14754098360655737,0.1878453038674033,opposed,aligned,0.0,0.0,balanced_or_unknown,False,flat_or_unknown
2026-03-21 18:51:00,2026-03-21,70422.6,70422.7,70405.9,70405.9,3.612,12.232,15.844,-8.62,-0.5440545316839182,70411.63,87288.04,1.977e-05,0.0,0.0,False,2026-03-21.csv,8.62,negative,0.5440545316839182,0.4918032786885246,0.43646408839779005,0.26229508196721313,0.18232044198895028,-16.70000000001164,16.80000000000291,0.9940476190481398,0.0,down,aligned,1.9373549884004226,-5.730000000010477,5.730000000010477,below,True,True,3.8299999999871943,3.8299999999871943,0.47540983606557374,0.49171270718232046,opposed,opposed,0.0,0.0,balanced_or_unknown,False,flat_or_unknown
2026-03-21 18:52:00,2026-03-21,70405.9,70406.0,70369.2,70369.3,3.486,20.614,24.1,-17.128,-0.7107053941908713,70391.61,87290.3,1.958e-05,0.0,0.0,False,2026-03-21.csv,17.128,negative,0.7107053941908713,0.7704918032786885,0.7071823204419889,0.4426229508196721,0.3259668508287293,-36.59999999999127,36.80000000000291,0.9945652173909885,0.0027173913045057843,down,aligned,2.1368519383460574,-22.30999999999767,22.30999999999767,below,True,True,2.2600000000093132,2.2600000000093132,0.26229508196721313,0.30386740331491713,opposed,opposed,0.0,0.0,balanced_or_unknown,False,flat_or_unknown
2026-03-21 18:53:00,2026-03-21,70369.2,70381.0,70366.0,70366.0,14.414,5.978,20.392,8.436,0.41369164378187523,70373.36,87294.71,1.958e-05,0.0,0.0,False,2026-03-21.csv,8.436,positive,0.41369164378187523,0.4918032786885246,0.425414364640884,0.36065573770491804,0.2541436464088398,-3.1999999999970896,15.0,0.2133333333331393,0.0,down,opposed,0.3793266951158238,-7.360000000000582,7.360000000000582,below,True,True,4.4100000000034925,4.4100000000034925,0.5409836065573771,0.5303867403314917,aligned,opposed,0.0,0.0,balanced_or_unknown,False,flat_or_unknown
2026-03-21 18:54:00,2026-03-21,70366.0,70366.1,70352.7,70362.7,6.522,12.073,18.595,-5.551,-0.2985211078246841,70357.22,87293.17,1.923e-05,0.0,0.0,False,2026-03-21.csv,5.551,negative,0.2985211078246841,0.3442622950819672,0.30386740331491713,0.3442622950819672,0.2154696132596685,-3.3000000000029104,13.400000000008731,0.24626865671647463,0.7462686567159317,down,aligned,0.5944874797339057,5.4799999999959255,5.4799999999959255,above,True,True,-1.540000000008149,1.540000000008149,0.19672131147540983,0.20994475138121546,aligned,aligned,0.0,0.0,balanced_or_unknown,False,flat_or_unknown
2026-03-21 18:55:00,2026-03-21,70362.6,70371.2,70350.0,70371.2,12.403,9.285,21.688,3.1180000000000003,0.14376613795647364,70358.39,87295.26,1.92e-05,0.0,0.0,False,2026-03-21.csv,3.1180000000000003,positive,0.14376613795647364,0.19672131147540983,0.16574585635359115,0.4262295081967213,0.287292817679558,8.599999999991269,21.19999999999709,0.4056603773581344,1.0,up,aligned,2.758178319432735,12.809999999997672,12.809999999997672,above,True,True,2.0899999999965075,2.0899999999965075,0.26229508196721313,0.27624309392265195,aligned,aligned,0.0,0.0,balanced_or_unknown,False,flat_or_unknown
2026-03-21 18:56:00,2026-03-21,70371.2,70385.4,70371.2,70385.4,8.443,0.475,8.918,7.968,0.8934738730657099,70376.59,87292.52,1.92e-05,0.0,0.0,False,2026-03-21.csv,7.968,positive,0.8934738730657099,0.5245901639344263,0.4198895027624309,0.08196721311475409,0.03867403314917127,14.19999999999709,14.19999999999709,1.0,1.0,up,aligned,1.7821285140558596,8.809999999997672,8.809999999997672,above,True,True,-2.7399999999906868,2.7399999999906868,0.4098360655737705,0.40331491712707185,opposed,opposed,0.0,0.0,balanced_or_unknown,False,flat_or_unknown
2026-03-21 18:57:00,2026-03-21,70385.4,70385.4,70385.3,70385.3,3.662,1.544,5.206,2.118,0.4068382635420668,70385.37,87291.24,1.944e-05,0.0,0.0,False,2026-03-21.csv,2.118,positive,0.4068382635420668,0.16393442622950818,0.09944751381215469,0.04918032786885246,0.016574585635359115,-0.09999999999126885,0.09999999999126885,1.0,0.0,down,opposed,0.04721435315923931,-0.069999999992433,0.069999999992433,below,True,True,-1.2799999999988358,1.2799999999988358,0.14754098360655737,0.17679558011049723,opposed,aligned,0.0,0.0,balanced_or_unknown,False,flat_or_unknown
2026-03-21 18:58:00,2026-03-21,70385.3,70389.9,70385.3,70389.9,8.554,5.782,14.336,2.7720000000000002,0.193359375,70386.27,87293.48,1.995e-05,0.0,0.0,False,2026-03-21.csv,2.7720000000000002,positive,0.193359375,0.16393442622950818,0.1270718232044199,0.21311475409836064,0.13812154696132597,4.599999999991269,4.599999999991269,1.0,1.0,up,aligned,1.6594516594485096,3.6299999999901047,3.6299999999901047,above,True,True,2.2399999999906868,2.2399999999906868,0.2786885245901639,0.2983425414364641,aligned,aligned,0.0,0.0,balanced_or_unknown,False,flat_or_unknown
2026-03-21 18:59:00,2026-03-21,70389.8,70389.8,70381.8,70381.9,1.757,5.486,7.243,-3.729,-0.5148419163330111,70386.1,87293.83,2.057e-05,0.0,0.0,False,2026-03-21.csv,3.729,negative,0.5148419163330111,0.2459016393442623,0.2265193370165746,0.08196721311475409,0.03314917127071823,-7.900000000008731,8.0,0.9875000000010914,0.012499999998908606,down,aligned,2.118530437116849,-4.2000000000116415,4.2000000000116415,below,True,True,0.35000000000582077,0.35000000000582077,0.01639344262295082,0.07734806629834254,opposed,opposed,0.0,0.0,balanced_or_unknown,False,flat_or_unknown
2026-03-21 19:00:00,2026-03-21,70381.9,70381.9,70360.6,70360.6,1.167,12.538,13.705,-11.371,-0.8296971908062751,70375.66,87292.7,2.057e-05,0.0,0.0,False,2026-03-21.csv,11.371,negative,0.8296971908062751,0.6557377049180327,0.5414364640883977,0.21311475409836064,0.13259668508287292,-21.29999999998836,21.29999999998836,1.0,0.0,down,aligned,1.873186175357344,-15.059999999997672,15.059999999997672,below,True,True,-1.1300000000046566,1.1300000000046566,0.14754098360655737,0.18232044198895028,aligned,aligned,0.0,0.0,balanced_or_unknown,False,flat_or_unknown
2026-03-21 19:01:00,2026-03-21,70360.6,70391.0,70358.7,70372.4,22.914,13.936,36.85,8.978000000000002,0.24363636363636368,70376.66,87293.3,2.075e-05,0.0,0.0,False,2026-03-21.csv,8.978000000000002,positive,0.24363636363636368,0.5901639344262295,0.46408839779005523,0.7377049180327869,0.580110497237569,11.799999999988358,32.30000000000291,0.36532507739898745,0.4241486068110172,up,aligned,1.3143239028723943,-4.260000000009313,4.260000000009313,below,True,True,0.6000000000058208,0.6000000000058208,0.06557377049180328,0.11049723756906077,aligned,aligned,0.0,0.0,balanced_or_unknown,False,flat_or_unknown
2026-03-21 19:02:00,2026-03-21,70372.5,70393.0,70372.4,70392.9,6.303,6.138,12.441,0.16500000000000004,0.013262599469496024,70381.01,87294.34,2.076e-05,0.0,0.0,False,2026-03-21.csv,0.16500000000000004,positive,0.013262599469496024,0.01639344262295082,0.0055248618784530384,0.18032786885245902,0.10497237569060773,20.39999999999418,20.60000000000582,0.9902912621353599,0.99514563106768,up,aligned,123.63636363632833,11.889999999999418,11.889999999999418,above,True,True,1.0399999999935972,1.0399999999935972,0.14754098360655737,0.18232044198895028,aligned,aligned,0.0,0.0,balanced_or_unknown,False,flat_or_unknown
2026-03-21 19:03:00,2026-03-21,70393.0,70404.3,70392.9,70404.2,8.534,1.344,9.878,7.19,0.7278801376796923,70400.2,87292.91,2.076e-05,0.0,0.0,False,2026-03-21.csv,7.19,positive,0.7278801376796923,0.4918032786885246,0.39779005524861877,0.11475409836065574,0.0718232044198895,11.19999999999709,11.400000000008731,0.9824561403498694,0.9912280701749348,up,aligned,1.557719054241598,4.0,4.0,above,True,True,-1.429999999993015,1.429999999993015,0.22950819672131148,0.2265193370165746,opposed,opposed,0.0,0.0,balanced_or_unknown,False,flat_or_unknown
2026-03-21 19:04:00,2026-03-21,70401.1,70401.2,70392.6,70392.7,2.039,2.75,4.789,-0.7109999999999999,-0.14846523282522445,70395.55,87294.45,2.085e-05,0.0,0.0,False,2026-03-21.csv,0.7109999999999999,negative,0.14846523282522445,0.04918032786885246,0.06077348066298342,0.03278688524590164,0.016574585635359115,-8.400000000008731,8.599999999991269,0.9767441860485185,0.011627906975740742,down,aligned,11.814345991573465,-2.8500000000058208,2.8500000000058208,below,True,True,1.5399999999935972,1.5399999999935972,0.2459016393442623,0.23204419889502761,opposed,opposed,0.0,0.0,balanced_or_unknown,False,flat_or_unknown
2026-03-21 19:05:00,2026-03-21,70392.6,70406.2,70383.1,70406.1,5.758,3.007,8.765,2.751,0.31386195094124353,70390.48,87295.87,2.124e-05,0.0,0.0,False,2026-03-21.csv,2.751,positive,0.31386195094124353,0.16393442622950818,0.1270718232044199,0.11475409836065574,0.055248618784530384,13.5,23.09999999999127,0.5844155844158053,0.995670995671372,up,aligned,4.907306434023991,15.620000000009895,15.620000000009895,above,True,True,1.4199999999982538,1.4199999999982538,0.22950819672131148,0.2154696132596685,aligned,aligned,0.0,0.0,balanced_or_unknown,False,flat_or_unknown
2026-03-21 19:06:00,2026-03-21,70406.1,70406.2,70388.6,70388.6,5.991,3.881,9.872,2.11,0.21373581847649917,70402.22,87296.43,2.125e-05,0.0,0.0,False,2026-03-21.csv,2.11,positive,0.21373581847649917,0.13114754098360656,0.09944751381215469,0.14754098360655737,0.0718232044198895,-17.5,17.59999999999127,0.994318181818675,0.0,down,opposed,8.293838862559243,-13.619999999995343,13.619999999995343,below,True,True,0.5599999999976717,0.5599999999976717,0.06557377049180328,0.08287292817679558,aligned,opposed,0.0,0.0,balanced_or_unknown,False,flat_or_unknown
2026-03-21 19:07:00,2026-03-21,70388.6,70388.6,70388.4,70388.5,1.56,3.35,4.91,-1.79,-0.3645621181262729,70388.53,87296.69,2.125e-05,0.0,0.0,False,2026-03-21.csv,1.79,negative,0.3645621181262729,0.09836065573770492,0.09392265193370165,0.04918032786885246,0.022099447513812154,-0.10000000000582077,0.20000000001164153,0.5,0.5,down,aligned,0.05586592179096132,-0.029999999998835847,0.029999999998835847,below,True,True,0.2600000000093132,0.2600000000093132,0.01639344262295082,0.03867403314917127,opposed,opposed,0.0,0.0,balanced_or_unknown,False,flat_or_unknown
2026-03-21 19:08:00,2026-03-21,70388.5,70400.0,70386.4,70400.0,14.499,3.571,18.07,10.928,0.6047592695074709,70391.32,87297.94,2.143e-05,0.0,0.0,False,2026-03-21.csv,10.928,positive,0.6047592695074709,0.639344262295082,0.5414364640883977,0.4262295081967213,0.2265193370165746,11.5,13.60000000000582,0.8455882352937557,1.0,up,aligned,1.052342606149341,8.679999999993015,8.679999999993015,above,True,True,1.25,1.25,0.21311475409836064,0.1878453038674033,aligned,aligned,0.0,0.0,balanced_or_unknown,False,flat_or_unknown
2026-03-21 19:09:00,2026-03-21,70399.9,70415.0,70399.9,70405.4,44.214,7.037,51.251,37.177,0.7253907240834325,70406.55,87330.91,2.155e-05,0.0,0.0,False,2026-03-21.csv,37.177,positive,0.7253907240834325,0.9016393442622951,0.8674033149171271,0.8360655737704918,0.7071823204419889,5.5,15.10000000000582,0.3642384105958861,0.3642384105958861,up,aligned,0.14794093122091617,-1.1500000000087311,1.1500000000087311,below,True,True,32.970000000001164,32.970000000001164,0.9836065573770492,0.9834254143646409,aligned,aligned,0.0,0.0,balanced_or_unknown,False,flat_or_unknown
2026-03-21 19:10:00,2026-03-21,70405.3,70405.4,70391.7,70391.9,10.722,9.517,20.239,1.205,0.05953851474875241,70398.36,87332.35,2.155e-05,0.0,0.0,False,2026-03-21.csv,1.205,positive,0.05953851474875241,0.06557377049180328,0.07734806629834254,0.45901639344262296,0.27071823204419887,-13.400000000008731,13.69999999999709,0.978102189781867,0.014598540145776067,down,opposed,11.120331950214714,-6.460000000006403,6.460000000006403,below,True,True,1.4400000000023283,1.4400000000023283,0.29508196721311475,0.2265193370165746,aligned,opposed,0.0,0.0,balanced_or_unknown,False,flat_or_unknown
2026-03-21 19:11:00,2026-03-21,70391.9,70391.9,70390.0,70390.0,0.744,2.411,3.155,-1.667,-0.5283676703645008,70390.8,87331.37,2.175e-05,0.0,0.0,False,2026-03-21.csv,1.667,negative,0.5283676703645008,0.11475409836065574,0.09392265193370165,0.01639344262295082,0.0055248618784530384,-1.8999999999941792,1.8999999999941792,1.0,0.0,down,aligned,1.13977204558739,-0.8000000000029104,0.8000000000029104,below,True,True,-0.9800000000104774,0.9800000000104774,0.18032786885245902,0.16022099447513813,aligned,aligned,0.0,0.0,balanced_or_unknown,False,flat_or_unknown
2026-03-21 19:12:00,2026-03-21,70390.1,70390.1,70380.7,70380.7,3.415,6.572,9.987,-3.157,-0.31611094422749575,70388.13,87330.82,2.179e-05,0.0,0.0,False,2026-03-21.csv,3.157,negative,0.31611094422749575,0.2786885245901639,0.20441988950276244,0.21311475409836064,0.08839779005524862,-9.400000000008731,9.400000000008731,1.0,0.0,down,aligned,2.977510294586231,-7.430000000007567,7.430000000007567,below,True,True,-0.5499999999883585,0.5499999999883585,0.08196721311475409,0.08287292817679558,aligned,aligned,0.0,0.0,balanced_or_unknown,False,flat_or_unknown
2026-03-21 19:13:00,2026-03-21,70380.7,70380.8,70375.0,70380.6,5.442,7.024,12.466,-1.5819999999999999,-0.12690518209529922,70378.81,87333.11,2.18e-05,0.0,0.0,False,2026-03-21.csv,1.5819999999999999,negative,0.12690518209529922,0.11475409836065574,0.08839779005524862,0.2786885245901639,0.13259668508287292,-0.09999999999126885,5.80000000000291,0.017241379308830806,0.9655172413798294,down,aligned,0.06321112515250876,1.790000000008149,1.790000000008149,above,True,True,2.289999999993597,2.289999999993597,0.45901639344262296,0.34806629834254144,opposed,opposed,0.0,0.0,balanced_or_unknown,False,flat_or_unknown
2026-03-21 19:14:00,2026-03-21,70380.6,70400.1,70380.6,70399.9,12.746,3.546,16.292,9.200000000000001,0.5646943285047876,70390.9,87330.09,2.18e-05,0.0,0.0,False,2026-03-21.csv,9.200000000000001,positive,0.5646943285047876,0.6065573770491803,0.48066298342541436,0.4098360655737705,0.2154696132596685,19.29999999998836,19.5,0.9897435897429927,0.9897435897429927,up,aligned,2.0978260869552563,9.0,9.0,above,True,True,-3.0200000000040745,3.0200000000040745,0.5737704918032787,0.44751381215469616,opposed,opposed,0.0,0.0,balanced_or_unknown,False,flat_or_unknown
2026-03-21 19:15:00,2026-03-21,70400.0,70400.0,70399.0,70399.0,1.379,1.415,2.794,-0.03600000000000003,-0.012884753042233368,70399.41,87330.99,2.157e-05,0.0,0.002,False,2026-03-21.csv,0.03600000000000003,negative,0.012884753042233368,0.01639344262295082,0.0055248618784530384,0.01639344262295082,0.0055248618784530384,-1.0,1.0,1.0,0.0,down,aligned,27.777777777777754,-0.41000000000349246,0.41000000000349246,below,True,True,0.9000000000087311,0.9000000000087311,0.16393442622950818,0.14917127071823205,opposed,opposed,0.002,-0.002,sell,False,aligned
2026-03-21 19:16:00,2026-03-21,70399.0,70399.1,70375.0,70375.0,4.215,5.337,9.552,-1.1219999999999999,-0.11746231155778894,70386.8,87333.7,2.198e-05,0.0,0.0,False,2026-03-21.csv,1.1219999999999999,negative,0.11746231155778894,0.08196721311475409,0.07734806629834254,0.19672131147540983,0.07734806629834254,-24.0,24.10000000000582,0.9958506224063984,0.0,down,aligned,21.390374331550806,-11.80000000000291,11.80000000000291,below,True,True,2.709999999991851,2.709999999991851,0.5245901639344263,0.430939226519337,opposed,opposed,0.0,0.0,balanced_or_unknown,False,flat_or_unknown
2026-03-21 19:17:00,2026-03-21,70375.0,70375.1,70369.0,70369.0,8.69,3.225,11.915,5.465,0.45866554762903905,70370.68,87332.99,2.198e-05,0.0,0.0,False,2026-03-21.csv,5.465,positive,0.45866554762903905,0.4262295081967213,0.32044198895027626,0.26229508196721313,0.13812154696132597,-6.0,6.100000000005821,0.9836065573761106,0.0,down,opposed,1.0978956999085088,-1.679999999993015,1.679999999993015,below,True,True,-0.7099999999918509,0.7099999999918509,0.14754098360655737,0.11602209944751381,opposed,aligned,0.0,0.0,balanced_or_unknown,False,flat_or_unknown
2026-03-21 19:18:00,2026-03-21,70369.0,70390.9,70367.1,70389.8,17.548,1.738,19.286,15.809999999999999,0.8197656331017317,70376.37,87329.4,2.211e-05,0.0,0.0,False,2026-03-21.csv,15.809999999999999,positive,0.8197656331017317,0.819672131147541,0.6961325966850829,0.47540983606557374,0.287292817679558,20.80000000000291,23.79999999998836,0.8739495798324826,0.9537815126053862,up,aligned,1.3156230234030937,13.430000000007567,13.430000000007567,above,True,True,-3.5900000000110595,3.5900000000110595,0.639344262295082,0.5082872928176796,opposed,opposed,0.0,0.0,balanced_or_unknown,False,flat_or_unknown
2026-03-21 19:19:00,2026-03-21,70389.8,70402.1,70389.7,70398.1,8.158,3.559,11.717,4.598999999999999,0.39250661432107187,70393.64,87327.9,2.23e-05,0.0,0.0,False,2026-03-21.csv,4.598999999999999,positive,0.39250661432107187,0.39344262295081966,0.292817679558011,0.26229508196721313,0.13812154696132597,8.30000000000291,12.400000000008731,0.6693548387094408,0.6774193548389368,up,aligned,1.8047401609051776,4.460000000006403,4.460000000006403,above,True,True,-1.5,1.5,0.3442622950819672,0.24861878453038674,opposed,opposed,0.0,0.0,balanced_or_unknown,False,flat_or_unknown
2026-03-21 19:20:00,2026-03-21,70398.1,70398.2,70396.4,70396.5,1.592,1.307,2.899,0.28500000000000014,0.09830976198689208,70397.52,87327.73,2.313e-05,0.0,0.0,False,2026-03-21.csv,0.28500000000000014,positive,0.09830976198689208,0.04918032786885246,0.022099447513812154,0.03278688524590164,0.011049723756906077,-1.6000000000058208,1.8000000000029104,0.8888888888906854,0.05555555555869949,down,opposed,5.614035087739719,-1.0200000000040745,1.0200000000040745,below,True,True,-0.16999999999825377,0.16999999999825377,0.01639344262295082,0.03314917127071823,opposed,aligned,0.0,0.0,balanced_or_unknown,False,flat_or_unknown
2026-03-21 19:21:00,2026-03-21,70396.5,70409.1,70396.4,70400.4,9.395,5.914,15.309,3.481,0.22738258540727677,70403.44,87326.95,2.313e-05,0.0,0.0,False,2026-03-21.csv,3.481,positive,0.22738258540727677,0.36065573770491804,0.2541436464088398,0.4098360655737705,0.2154696132596685,3.8999999999941792,12.700000000011642,0.3070866141724885,0.3149606299209711,up,aligned,1.1203677104263658,-3.040000000008149,3.040000000008149,below,True,True,-0.7799999999988358,0.7799999999988358,0.18032786885245902,0.12154696132596685,opposed,opposed,0.0,0.0,balanced_or_unknown,False,flat_or_unknown
2026-03-21 19:22:00,2026-03-21,70400.3,70400.3,70389.7,70389.8,4.976,7.565,12.541,-2.5890000000000004,-0.2064428673949446,70393.95,87331.02,2.373e-05,0.0,0.0,False,2026-03-21.csv,2.5890000000000004,negative,0.2064428673949446,0.26229508196721313,0.15469613259668508,0.3442622950819672,0.16574585635359115,-10.5,10.60000000000582,0.9905660377353052,0.009433962264694892,down,aligned,4.055619930475086,-4.149999999994179,4.149999999994179,below,True,True,4.070000000006985,4.070000000006985,0.6885245901639344,0.56353591160221,opposed,opposed,0.0,0.0,balanced_or_unknown,False,flat_or_unknown
2026-03-21 19:23:00,2026-03-21,70389.7,70404.5,70389.7,70404.5,7.694,2.895,10.589,4.7989999999999995,0.45320615733308145,70397.91,87331.02,2.414e-05,0.0,0.0,False,2026-03-21.csv,4.7989999999999995,positive,0.45320615733308145,0.45901639344262296,0.3149171270718232,0.2786885245901639,0.12154696132596685,14.80000000000291,14.80000000000291,1.0,1.0,up,aligned,3.083975828298169,6.5899999999965075,6.5899999999965075,above,True,True,0.0,0.0,0.01639344262295082,0.011049723756906077,flat_or_unknown,flat_or_unknown,0.0,0.0,balanced_or_unknown,False,flat_or_unknown
2026-03-21 19:24:00,2026-03-21,70404.5,70404.5,70404.4,70404.4,3.256,0.31,3.566,2.9459999999999997,0.826135726303982,70404.49,87328.61,2.448e-05,0.0,0.0,False,2026-03-21.csv,2.9459999999999997,positive,0.826135726303982,0.32786885245901637,0.1878453038674033,0.06557377049180328,0.027624309392265192,-0.10000000000582077,0.10000000000582077,1.0,0.0,down,opposed,0.03394433129864928,-0.09000000001105946,0.09000000001105946,below,True,True,-2.4100000000034925,2.4100000000034925,0.5409836065573771,0.4088397790055249,opposed,aligned,0.0,0.0,balanced_or_unknown,False,flat_or_unknown
2026-03-21 19:25:00,2026-03-21,70404.4,70404.5,70395.0,70395.0,1.237,7.118,8.355,-5.881,-0.7038898862956313,70402.72,87329.07,2.448e-05,0.0,0.0,False,2026-03-21.csv,5.881,negative,0.7038898862956313,0.5573770491803278,0.3756906077348066,0.19672131147540983,0.07734806629834254,-9.39999999999418,9.5,0.9894736842099136,0.0,down,aligned,1.5983676245526575,-7.720000000001164,7.720000000001164,below,True,True,0.46000000000640284,0.46000000000640284,0.08196721311475409,0.07734806629834254,opposed,opposed,0.0,0.0,balanced_or_unknown,False,flat_or_unknown
2026-03-21 19:26:00,2026-03-21,70395.1,70414.0,70392.3,70411.3,9.097,4.253,13.35,4.843999999999999,0.3628464419475655,70401.42,87331.96,2.469e-05,0.0,0.0,False,2026-03-21.csv,4.843999999999999,positive,0.3628464419475655,0.4918032786885246,0.3259668508287293,0.4098360655737705,0.20441988950276244,16.19999999999709,21.69999999999709,0.7465437788018093,0.8755760368664769,up,aligned,3.344343517753322,9.880000000004657,9.880000000004657,above,True,True,2.889999999999418,2.889999999999418,0.6229508196721312,0.47513812154696133,aligned,aligned,0.0,0.0,balanced_or_unknown,False,flat_or_unknown
2026-03-21 19:27:00,2026-03-21,70411.2,70417.7,70388.2,70394.7,24.41,59.597,84.007,-35.187,-0.41885795231349765,70400.81,87331.99,2.482e-05,0.0,0.0,False,2026-03-21.csv,35.187,negative,0.41885795231349765,0.9016393442622951,0.8784530386740331,0.9672131147540983,0.8895027624309392,-16.5,29.5,0.559322033898305,0.22033898305084745,down,aligned,0.4689231818569358,-6.110000000000582,6.110000000000582,below,True,True,0.029999999998835847,0.029999999998835847,0.03278688524590164,0.022099447513812154,opposed,opposed,0.0,0.0,balanced_or_unknown,False,flat_or_unknown
2026-03-21 19:28:00,2026-03-21,70394.8,70408.6,70394.7,70408.5,6.984,2.467,9.451,4.5169999999999995,0.47793884245053425,70401.34,87349.94,2.482e-05,0.0,0.0,False,2026-03-21.csv,4.5169999999999995,positive,0.47793884245053425,0.45901639344262296,0.30939226519337015,0.2459016393442623,0.09392265193370165,13.69999999999709,13.900000000008731,0.9856115107905384,0.9928057553952692,up,aligned,3.032986495460946,7.1600000000034925,7.1600000000034925,above,True,True,17.94999999999709,17.94999999999709,0.9508196721311475,0.9005524861878453,aligned,aligned,0.0,0.0,balanced_or_unknown,False,flat_or_unknown
2026-03-21 19:29:00,2026-03-21,70408.6,70416.4,70400.0,70400.1,4.882,10.02,14.902,-5.138,-0.3447859347738559,70407.38,87349.67,2.502e-05,0.0,0.0,False,2026-03-21.csv,5.138,negative,0.3447859347738559,0.5409836065573771,0.34806629834254144,0.5081967213114754,0.2430939226519337,-8.5,16.39999999999418,0.5182926829270132,0.006097560975966845,down,aligned,1.654340210198521,-7.279999999998836,7.279999999998836,below,True,True,-0.27000000000407454,0.27000000000407454,0.08196721311475409,0.055248618784530384,aligned,aligned,0.0,0.0,balanced_or_unknown,False,flat_or_unknown
2026-03-21 19:30:00,2026-03-21,70400.0,70400.1,70387.6,70387.6,3.264,24.321,27.585,-21.057000000000002,-0.7633496465470365,70398.44,87353.51,2.57e-05,0.0,0.0,False,2026-03-21.csv,21.057000000000002,negative,0.7633496465470365,0.9016393442622951,0.8066298342541437,0.7704918032786885,0.5138121546961326,-12.39999999999418,12.5,0.9919999999995344,0.0,down,aligned,0.5888778078545936,-10.839999999996508,10.839999999996508,below,True,True,3.8399999999965075,3.8399999999965075,0.7540983606557377,0.56353591160221,opposed,opposed,0.0,0.0,balanced_or_unknown,False,flat_or_unknown
2026-03-21 19:31:00,2026-03-21,70387.7,70397.5,70387.6,70397.5,11.84,1.218,13.058,10.622,0.8134476948996784,70388.15,87370.49,2.611e-05,0.0,0.0,False,2026-03-21.csv,10.622,positive,0.8134476948996784,0.7377049180327869,0.5524861878453039,0.4262295081967213,0.20441988950276244,9.80000000000291,9.89999999999418,0.9898989898998659,1.0,up,aligned,0.9226134437961693,9.35000000000582,9.35000000000582,above,True,True,16.980000000010477,16.980000000010477,0.9344262295081968,0.9005524861878453,aligned,aligned,0.0,0.0,balanced_or_unknown,False,flat_or_unknown
2026-03-21 19:32:00,2026-03-21,70397.5,70397.5,70375.0,70375.0,4.03,10.972,15.002,-6.941999999999999,-0.46273830155979195,70390.67,87366.41,2.611e-05,0.0,0.0,False,2026-03-21.csv,6.941999999999999,negative,0.46273830155979195,0.6229508196721312,0.430939226519337,0.5081967213114754,0.2541436464088398,-22.5,22.5,1.0,0.0,down,aligned,3.24114088159032,-15.669999999998254,15.669999999998254,below,True,True,-4.080000000001746,4.080000000001746,0.7868852459016393,0.5911602209944752,aligned,aligned,0.0,0.0,balanced_or_unknown,False,flat_or_unknown
2026-03-21 19:33:00,2026-03-21,70375.0,70375.0,70338.0,70338.0,2.328,24.9,27.228,-22.572,-0.8289995592772146,70354.05,87373.33,2.652e-05,0.0,0.026,False,2026-03-21.csv,22.572,negative,0.8289995592772146,0.9016393442622951,0.8121546961325967,0.7377049180327869,0.5082872928176796,-37.0,37.0,1.0,0.0,down,aligned,1.6391990076200602,-16.05000000000291,16.05000000000291,below,True,True,6.919999999998254,6.919999999998254,0.819672131147541,0.7182320441988951,opposed,opposed,0.026,-0.026,sell,True,aligned
2026-03-21 19:34:00,2026-03-21,70338.0,70353.4,70330.0,70337.4,22.719,18.99,41.709,3.7290000000000028,0.08940516435301739,70338.06,87367.53,2.65e-05,0.0,0.0,False,2026-03-21.csv,3.7290000000000028,positive,0.08940516435301739,0.4098360655737705,0.27624309392265195,0.8524590163934426,0.7182320441988951,-0.6000000000058208,23.39999999999418,0.02564102564128077,0.31623931623914614,down,opposed,0.1609010458583589,-0.6600000000034925,0.6600000000034925,below,True,True,-5.80000000000291,5.80000000000291,0.8032786885245902,0.6740331491712708,opposed,aligned,0.0,0.0,balanced_or_unknown,False,flat_or_unknown
2026-03-21 19:35:00,2026-03-21,70337.4,70340.5,70333.3,70340.5,5.254,4.667,9.921,0.5869999999999997,0.05916742263884687,70335.41,87358.2,2.65e-05,0.0,0.0,False,2026-03-21.csv,0.5869999999999997,positive,0.05916742263884687,0.06557377049180328,0.055248618784530384,0.2786885245901639,0.12154696132596685,3.1000000000058208,7.19999999999709,0.430555555556538,1.0,up,aligned,5.281090289618096,5.0899999999965075,5.0899999999965075,above,True,True,-9.330000000001746,9.330000000001746,0.8524590163934426,0.7790055248618785,opposed,opposed,0.0,0.0,balanced_or_unknown,False,flat_or_unknown
2026-03-21 19:36:00,2026-03-21,70340.4,70340.5,70340.4,70340.5,1.451,3.858,5.309,-2.407,-0.4533810510453946,70340.43,87361.44,2.599e-05,0.0,0.0,False,2026-03-21.csv,2.407,negative,0.4533810510453946,0.26229508196721313,0.14917127071823205,0.13114754098360656,0.06077348066298342,0.10000000000582077,0.10000000000582077,1.0,1.0,up,opposed,0.04154549231650219,0.07000000000698492,0.07000000000698492,above,True,True,3.2400000000052387,3.2400000000052387,0.6721311475409836,0.5248618784530387,opposed,aligned,0.0,0.0,balanced_or_unknown,False,flat_or_unknown
2026-03-21 19:37:00,2026-03-21,70340.5,70356.2,70340.4,70356.2,6.871,5.368,12.239,1.5030000000000001,0.12280415066590408,70351.4,87363.74,2.587e-05,0.0,0.0,False,2026-03-21.csv,1.5030000000000001,positive,0.12280415066590408,0.16393442622950818,0.09944751381215469,0.3770491803278688,0.1878453038674033,15.69999999999709,15.80000000000291,0.9936708860755822,1.0,up,aligned,10.445775116431863,4.80000000000291,4.80000000000291,above,True,True,2.3000000000029104,2.3000000000029104,0.5245901639344263,0.39226519337016574,aligned,aligned,0.0,0.0,balanced_or_unknown,False,flat_or_unknown
2026-03-21 19:38:00,2026-03-21,70356.1,70356.2,70332.5,70332.5,3.38,11.062,14.442,-7.6819999999999995,-0.5319207865946545,70349.01,87361.95,2.592e-05,0.0,0.0,False,2026-03-21.csv,7.6819999999999995,negative,0.5319207865946545,0.6557377049180327,0.4585635359116022,0.5081967213114754,0.2596685082872928,-23.60000000000582,23.69999999999709,0.9957805907176674,0.0,down,aligned,3.07211663629339,-16.50999999999476,16.50999999999476,below,True,True,-1.790000000008149,1.790000000008149,0.45901639344262296,0.30386740331491713,aligned,aligned,0.0,0.0,balanced_or_unknown,False,flat_or_unknown
2026-03-21 19:39:00,2026-03-21,70332.5,70332.6,70310.2,70319.0,15.04,14.967,30.007,0.07299999999999862,0.002432765688006086,70317.52,87363.64,2.592e-05,0.0,0.0,False,2026-03-21.csv,0.07299999999999862,positive,0.002432765688006086,0.03278688524590164,0.011049723756906077,0.8360655737704918,0.580110497237569,-13.5,22.40000000000873,0.6026785714283365,0.39285714285711965,down,opposed,184.93150684931857,1.4799999999959255,1.4799999999959255,above,True,True,1.6900000000023283,1.6900000000023283,0.45901639344262296,0.30386740331491713,aligned,opposed,0.0,0.0,balanced_or_unknown,False,flat_or_unknown
2026-03-21 19:40:00,2026-03-21,70319.0,70319.1,70300.0,70300.0,19.18,16.357,35.537,2.8230000000000004,0.0794383318794496,70311.34,87369.48,2.609e-05,0.0,0.0,False,2026-03-21.csv,2.8230000000000004,positive,0.0794383318794496,0.3442622950819672,0.1878453038674033,0.8360655737704918,0.6243093922651933,-19.0,19.10000000000582,0.994764397905456,0.0,down,opposed,6.730428622033297,-11.339999999996508,11.339999999996508,below,True,True,5.8399999999965075,5.8399999999965075,0.8360655737704918,0.6850828729281768,aligned,opposed,0.0,0.0,balanced_or_unknown,False,flat_or_unknown
2026-03-21 19:41:00,2026-03-21,70300.0,70302.4,70290.5,70302.4,10.002,14.128,24.13,-4.1259999999999994,-0.17099046829672604,70298.45,87370.08,2.604e-05,0.0,0.0,False,2026-03-21.csv,4.1259999999999994,negative,0.17099046829672604,0.5081967213114754,0.30386740331491713,0.7540983606557377,0.4696132596685083,2.3999999999941792,11.89999999999418,0.20168067226851707,1.0,up,opposed,0.5816771691696994,3.9499999999970896,3.9499999999970896,above,True,True,0.6000000000058208,0.6000000000058208,0.19672131147540983,0.12154696132596685,opposed,aligned,0.0,0.0,balanced_or_unknown,True,flat_or_unknown
2026-03-21 19:42:00,2026-03-21,70302.4,70315.2,70302.3,70310.3,8.995,3.046,12.041,5.949,0.4940619549871273,70306.52,87366.21,2.604e-05,0.0,0.0,False,2026-03-21.csv,5.949,positive,0.4940619549871273,0.639344262295082,0.40331491712707185,0.3770491803278688,0.1878453038674033,7.900000000008731,12.89999999999418,0.612403100776147,0.6201550387599698,up,aligned,1.3279542780313887,3.779999999998836,3.779999999998836,above,True,True,-3.8699999999953434,3.8699999999953434,0.7704918032786885,0.574585635359116,opposed,opposed,0.0,0.0,balanced_or_unknown,True,flat_or_unknown
2026-03-21 19:43:00,2026-03-21,70310.3,70316.6,70303.8,70306.9,5.836,7.852,13.688,-2.016,-0.1472822910578609,70309.19,87365.5,2.609e-05,0.0,0.002,False,2026-03-21.csv,2.016,negative,0.1472822910578609,0.22950819672131148,0.143646408839779,0.4918032786885246,0.2430939226519337,-3.400000000008731,12.80000000000291,0.2656250000006217,0.2421874999992628,down,aligned,1.6865079365122675,-2.290000000008149,2.290000000008149,below,True,True,-0.7100000000064028,0.7100000000064028,0.22950819672131148,0.143646408839779,aligned,aligned,0.002,-0.002,sell,True,aligned
2026-03-21 19:44:00,2026-03-21,70306.8,70309.0,70306.8,70309.0,10.465,4.35,14.815,6.115,0.41275734053324337,70307.02,87362.9,2.67e-05,0.0,0.0,False,2026-03-21.csv,6.115,positive,0.41275734053324337,0.6721311475409836,0.4198895027624309,0.5573770491803278,0.281767955801105,2.1999999999970896,2.1999999999970896,1.0,1.0,up,aligned,0.35977105478284377,1.9799999999959255,1.9799999999959255,above,True,True,-2.6000000000058208,2.6000000000058208,0.6065573770491803,0.4585635359116022,opposed,opposed,0.0,0.0,balanced_or_unknown,False,flat_or_unknown
2026-03-21 19:45:00,2026-03-21,70309.1,70317.8,70309.1,70317.8,4.456,5.764,10.22,-1.3079999999999998,-0.12798434442270057,70312.84,87369.96,2.717e-05,0.0,0.0,False,2026-03-21.csv,1.3079999999999998,negative,0.12798434442270057,0.14754098360655737,0.09944751381215469,0.32786885245901637,0.143646408839779,8.69999999999709,8.69999999999709,1.0,1.0,up,opposed,6.651376146786767,4.960000000006403,4.960000000006403,above,True,True,7.060000000012224,7.060000000012224,0.8852459016393442,0.7403314917127072,opposed,aligned,0.0,0.0,balanced_or_unknown,True,flat_or_unknown
2026-03-21 19:46:00,2026-03-21,70317.8,70318.3,70317.7,70318.3,5.553,5.87,11.423,-0.31700000000000017,-0.027751028626455412,70317.97,87368.58,2.717e-05,0.0,0.0,False,2026-03-21.csv,0.31700000000000017,negative,0.027751028626455412,0.08196721311475409,0.03867403314917127,0.36065573770491804,0.18232044198895028,0.5,0.6000000000058208,0.833333333325249,1.0,up,opposed,1.5772870662460559,0.33000000000174623,0.33000000000174623,above,True,True,-1.3800000000046566,1.3800000000046566,0.3770491803278688,0.2596685082872928,aligned,opposed,0.0,0.0,balanced_or_unknown,True,flat_or_unknown
2026-03-21 19:47:00,2026-03-21,70318.2,70330.1,70318.2,70330.1,9.308,1.755,11.063,7.553,0.6827262044653348,70320.38,87373.23,2.782e-05,0.0,0.0,False,2026-03-21.csv,7.553,positive,0.6827262044653348,0.7377049180327869,0.49171270718232046,0.36065573770491804,0.17679558011049723,11.900000000008731,11.900000000008731,1.0,1.0,up,aligned,1.5755329008352617,9.720000000001164,9.720000000001164,above,True,True,4.649999999994179,4.649999999994179,0.8524590163934426,0.6464088397790055,aligned,aligned,0.0,0.0,balanced_or_unknown,True,flat_or_unknown
2026-03-21 19:48:00,2026-03-21,70330.0,70330.1,70321.7,70329.7,4.56,8.487,13.047,-3.9270000000000005,-0.3009887330420787,70325.84,87376.71,2.838e-05,0.0,0.0,False,2026-03-21.csv,3.9270000000000005,negative,0.3009887330420787,0.4918032786885246,0.30939226519337015,0.5081967213114754,0.2430939226519337,-0.3000000000029104,8.400000000008731,0.03571428571459507,0.9523809523799625,down,aligned,0.07639419404199398,3.860000000000582,3.860000000000582,above,True,True,3.4800000000104774,3.4800000000104774,0.7377049180327869,0.5469613259668509,opposed,opposed,0.0,0.0,balanced_or_unknown,True,flat_or_unknown
2026-03-21 19:49:00,2026-03-21,70330.0,70356.8,70330.0,70337.2,11.38,8.257,19.637,3.123000000000001,0.15903651270560681,70348.62,87380.93,2.884e-05,0.0,0.0,False,2026-03-21.csv,3.123000000000001,positive,0.15903651270560681,0.4262295081967213,0.24861878453038674,0.7704918032786885,0.425414364640884,7.19999999999709,26.80000000000291,0.26865671641777267,0.26865671641777267,up,aligned,2.305475504321834,-11.419999999998254,11.419999999998254,below,True,True,4.219999999986612,4.219999999986612,0.8360655737704918,0.6187845303867403,aligned,aligned,0.0,0.0,balanced_or_unknown,True,flat_or_unknown
2026-03-21 19:50:00,2026-03-21,70337.1,70337.2,70330.1,70330.1,1.667,16.824,18.491,-15.157000000000002,-0.8196960683575795,70332.75,87383.69,2.884e-05,0.0,0.0,False,2026-03-21.csv,15.157000000000002,negative,0.8196960683575795,0.9016393442622951,0.7182320441988951,0.7377049180327869,0.3812154696132597,-7.0,7.099999999991269,0.9859154929589589,0.0,down,aligned,0.4618328165204196,-2.6499999999941792,2.6499999999941792,below,True,True,2.7600000000093132,2.7600000000093132,0.6557377049180327,0.47513812154696133,opposed,opposed,0.0,0.0,balanced_or_unknown,True,flat_or_unknown
2026-03-21 19:51:00,2026-03-21,70330.1,70330.2,70320.9,70321.0,2.409,1.774,4.183,0.6349999999999998,0.1518049246951948,70324.23,87397.3,2.947e-05,0.0,0.0,False,2026-03-21.csv,0.6349999999999998,positive,0.1518049246951948,0.11475409836065574,0.0718232044198895,0.08196721311475409,0.03314917127071823,-9.10000000000582,9.30000000000291,0.9784946236562336,0.010752688172665534,down,opposed,14.330708661426494,-3.2299999999959255,3.2299999999959255,below,True,True,13.610000000000582,13.610000000000582,0.9508196721311475,0.8784530386740331,aligned,opposed,0.0,0.0,balanced_or_unknown,True,flat_or_unknown
2026-03-21 19:52:00,2026-03-21,70321.0,70321.0,70316.7,70316.7,1.735,7.523,9.258,-5.787999999999999,-0.6251890257074962,70319.03,87395.87,2.972e-05,0.0,0.0,False,2026-03-21.csv,5.787999999999999,negative,0.6251890257074962,0.6557377049180327,0.4143646408839779,0.22950819672131148,0.10497237569060773,-4.30000000000291,4.30000000000291,1.0,0.0,down,aligned,0.7429163787150848,-2.3300000000017462,2.3300000000017462,below,True,True,-1.430000000007567,1.430000000007567,0.39344262295081966,0.281767955801105,aligned,aligned,0.0,0.0,balanced_or_unknown,True,flat_or_unknown
2026-03-21 19:53:00,2026-03-21,70316.7,70325.9,70316.7,70319.8,11.131,3.533,14.664,7.598000000000001,0.5181396617566831,70320.92,87395.43,2.972e-05,0.0,0.0,False,2026-03-21.csv,7.598000000000001,positive,0.5181396617566831,0.7704918032786885,0.5027624309392266,0.639344262295082,0.30939226519337015,3.1000000000058208,9.19999999999709,0.33695652173986973,0.33695652173986973,up,aligned,0.4080021058180864,-1.1199999999953434,1.1199999999953434,below,True,True,-0.4400000000023283,0.4400000000023283,0.11475409836065574,0.07734806629834254,opposed,opposed,0.0,0.0,balanced_or_unknown,True,flat_or_unknown
2026-03-21 19:54:00,2026-03-21,70319.6,70329.6,70313.9,70329.5,6.128,4.001,10.129,2.127,0.20999111462138415,70320.43,87397.99,2.991e-05,0.0,0.0,False,2026-03-21.csv,2.127,positive,0.20999111462138415,0.3114754098360656,0.17679558011049723,0.3442622950819672,0.15469613259668508,9.89999999999418,15.700000000011642,0.630573248406805,0.9936305732480416,up,aligned,4.654442877289225,9.070000000006985,9.070000000006985,above,True,True,2.5600000000122236,2.5600000000122236,0.6065573770491803,0.4585635359116022,aligned,aligned,0.0,0.0,balanced_or_unknown,True,flat_or_unknown
2026-03-21 19:55:00,2026-03-21,70329.6,70335.4,70329.5,70335.4,5.363,0.535,5.898,4.828,0.818582570362835,70330.95,87399.75,3.033e-05,0.0,0.0,False,2026-03-21.csv,4.828,positive,0.818582570362835,0.6065573770491803,0.35911602209944754,0.16393442622950818,0.07734806629834254,5.7999999999883585,5.899999999994179,0.9830508474566239,1.0,up,aligned,1.201325600660389,4.44999999999709,4.44999999999709,above,True,True,1.7599999999947613,1.7599999999947613,0.4918032786885246,0.3259668508287293,aligned,aligned,0.0,0.0,balanced_or_unknown,True,flat_or_unknown
2026-03-21 19:56:00,2026-03-21,70335.4,70335.4,70322.6,70322.7,2.013,7.424,9.437,-5.4110000000000005,-0.5733813711984742,70332.25,87398.21,3.1e-05,0.0,0.0,False,2026-03-21.csv,5.4110000000000005,negative,0.5733813711984742,0.639344262295082,0.39226519337016574,0.26229508196721313,0.11602209944751381,-12.69999999999709,12.799999999988358,0.992187500000675,0.007812499999324984,down,aligned,2.34707078174036,-9.55000000000291,9.55000000000291,below,True,True,-1.5399999999935972,1.5399999999935972,0.47540983606557374,0.30939226519337015,aligned,aligned,0.0,0.0,balanced_or_unknown,True,flat_or_unknown
2026-03-21 19:57:00,2026-03-21,70322.6,70365.6,70322.6,70365.6,26.072,0.791,26.863,25.281,0.9411085880206976,70344.76,87400.27,3.1e-05,0.0,0.0,False,2026-03-21.csv,25.281,positive,0.9411085880206976,0.9672131147540983,0.861878453038674,0.8688524590163934,0.574585635359116,43.0,43.0,1.0,1.0,up,aligned,1.7008820853605475,20.84000000001106,20.84000000001106,above,True,True,2.0599999999976717,2.0599999999976717,0.5409836065573771,0.3701657458563536,aligned,aligned,0.0,0.0,balanced_or_unknown,True,flat_or_unknown
2026-03-21 19:58:00,2026-03-21,70365.9,70365.9,70365.8,70365.8,6.997,2.301,9.298,4.696,0.505054850505485,70365.88,87396.34,3.103e-05,0.0,0.0,False,2026-03-21.csv,4.696,positive,0.505054850505485,0.5573770491803278,0.35359116022099446,0.22950819672131148,0.11602209944751381,-0.09999999999126885,0.09999999999126885,1.0,0.0,down,opposed,0.021294718907851118,-0.08000000000174623,0.08000000000174623,below,True,True,-3.930000000007567,3.930000000007567,0.7868852459016393,0.6022099447513812,opposed,aligned,0.0,0.0,balanced_or_unknown,True,flat_or_unknown
2026-03-21 19:59:00,2026-03-21,70365.9,70365.9,70359.3,70365.8,6.983,4.055,11.038,2.928,0.26526544663888385,70364.86,87400.68,3.189e-05,0.0,0.0,False,2026-03-21.csv,2.928,positive,0.26526544663888385,0.3770491803278688,0.2265193370165746,0.4098360655737705,0.20994475138121546,-0.09999999999126885,6.599999999991269,0.015151515150212295,0.9848484848497877,down,opposed,0.03415300546149892,0.9400000000023283,0.9400000000023283,above,True,True,4.3399999999965075,4.3399999999965075,0.8360655737704918,0.6464088397790055,aligned,opposed,0.0,0.0,balanced_or_unknown,True,flat_or_unknown
2026-03-21 20:00:00,2026-03-21,70365.9,70365.9,70365.8,70365.9,1.427,1.492,2.919,-0.06499999999999995,-0.022267899965741675,70365.85,87399.19,3.189e-05,0.0,0.074,False,2026-03-21.csv,0.06499999999999995,negative,0.022267899965741675,0.03278688524590164,0.011049723756906077,0.04918032786885246,0.016574585635359115,0.0,0.09999999999126885,0.0,1.0,flat_or_unknown,flat_or_unknown,0.0,0.04999999998835847,0.04999999998835847,above,True,True,-1.4899999999906868,1.4899999999906868,0.4098360655737705,0.2983425414364641,aligned,flat_or_unknown,0.074,-0.074,sell,True,aligned
2026-03-21 20:01:00,2026-03-21,70365.8,70378.0,70358.8,70375.9,25.035,6.754,31.789,18.281,0.5750731385070307,70367.58,87399.56,3.252e-05,0.0,0.0,False,2026-03-21.csv,18.281,positive,0.5750731385070307,0.9180327868852459,0.8066298342541437,0.9180327868852459,0.6740331491712708,10.099999999991269,19.19999999999709,0.5260416666662917,0.8906249999996803,up,aligned,0.5524861878448263,8.319999999992433,8.319999999992433,above,True,True,0.3699999999953434,0.3699999999953434,0.09836065573770492,0.07734806629834254,aligned,aligned,0.0,0.0,balanced_or_unknown,False,flat_or_unknown
2026-03-21 20:02:00,2026-03-21,70375.9,70397.1,70366.6,70366.6,27.144,8.708,35.852,18.436,0.5142251478299676,70379.8,87402.98,3.312e-05,0.0,0.0,False,2026-03-21.csv,18.436,positive,0.5142251478299676,0.9180327868852459,0.8066298342541437,0.9508196721311475,0.7182320441988951,-9.299999999988358,30.5,0.30491803278650353,0.0,down,opposed,0.5044478194829876,-13.19999999999709,13.19999999999709,below,True,True,3.4199999999982538,3.4199999999982538,0.6885245901639344,0.569060773480663,aligned,opposed,0.0,0.0,balanced_or_unknown,False,flat_or_unknown
2026-03-21 20:03:00,2026-03-21,70366.6,70377.3,70366.6,70377.3,8.665,1.767,10.432,6.898,0.6612346625766871,70368.61,87395.71,3.372e-05,0.0,0.0,False,2026-03-21.csv,6.898,positive,0.6612346625766871,0.7213114754098361,0.4972375690607735,0.39344262295081966,0.1878453038674033,10.69999999999709,10.69999999999709,1.0,1.0,up,aligned,1.5511742534063628,8.690000000002328,8.690000000002328,above,True,True,-7.269999999989523,7.269999999989523,0.9180327868852459,0.8066298342541437,opposed,opposed,0.0,0.0,balanced_or_unknown,False,flat_or_unknown
2026-03-21 20:04:00,2026-03-21,70377.3,70377.3,70344.4,70352.8,4.316,31.455,35.771,-27.139,-0.7586872047189064,70354.36,87397.29,3.372e-05,0.0,0.0,False,2026-03-21.csv,27.139,negative,0.7586872047189064,0.9672131147540983,0.8895027624309392,0.9344262295081968,0.7182320441988951,-24.5,32.90000000000873,0.7446808510636321,0.2553191489363678,down,aligned,0.9027598658756771,-1.5599999999976717,1.5599999999976717,below,True,True,1.5799999999871943,1.5799999999871943,0.4262295081967213,0.3314917127071823,opposed,opposed,0.0,0.0,balanced_or_unknown,False,flat_or_unknown
2026-03-21 20:05:00,2026-03-21,70353.0,70353.1,70353.0,70353.0,0.525,2.789,3.314,-2.2640000000000002,-0.6831623415811708,70353.02,87378.39,3.387e-05,0.0,0.0,False,2026-03-21.csv,2.2640000000000002,negative,0.6831623415811708,0.29508196721311475,0.18232044198895028,0.08196721311475409,0.03314917127071823,0.0,0.10000000000582077,0.0,0.0,flat_or_unknown,flat_or_unknown,0.0,-0.020000000004074536,0.020000000004074536,below,True,True,-18.89999999999418,18.89999999999418,0.9836065573770492,0.9502762430939227,aligned,flat_or_unknown,0.0,0.0,balanced_or_unknown,False,flat_or_unknown
2026-03-21 20:06:00,2026-03-21,70353.1,70353.1,70332.3,70342.5,7.669,11.868,19.537,-4.199000000000001,-0.21492552592516767,70339.83,87377.69,3.391e-05,0.0,0.0,False,2026-03-21.csv,4.199000000000001,negative,0.21492552592516767,0.4918032786885246,0.3370165745856354,0.7704918032786885,0.48066298342541436,-10.60000000000582,20.80000000000291,0.5096153846155932,0.49038461538440686,down,aligned,2.5244105739475633,2.6699999999982538,2.6699999999982538,above,True,True,-0.6999999999970896,0.6999999999970896,0.19672131147540983,0.143646408839779,aligned,aligned,0.0,0.0,balanced_or_unknown,False,flat_or_unknown
2026-03-21 20:07:00,2026-03-21,70342.4,70342.4,70341.5,70341.5,0.76,3.421,4.181,-2.6609999999999996,-0.6364506099019372,70341.61,87371.99,3.391e-05,0.0,0.0,False,2026-03-21.csv,2.6609999999999996,negative,0.6364506099019372,0.32786885245901637,0.20441988950276244,0.11475409836065574,0.04419889502762431,-0.8999999999941792,0.8999999999941792,1.0,0.0,down,aligned,0.3382187147666965,-0.11000000000058208,0.11000000000058208,below,True,True,-5.69999999999709,5.69999999999709,0.819672131147541,0.7237569060773481,aligned,aligned,0.0,0.0,balanced_or_unknown,False,flat_or_unknown
2026-03-21 20:08:00,2026-03-21,70341.5,70341.6,70332.7,70332.8,0.128,7.263,7.391,-7.135,-0.9653632796644568,70335.19,87370.99,3.404e-05,0.0,0.0,False,2026-03-21.csv,7.135,negative,0.9653632796644568,0.7377049180327869,0.5303867403314917,0.18032786885245902,0.10497237569060773,-8.69999999999709,8.900000000008731,0.9775280898863544,0.011235955056822771,down,aligned,1.2193412754025355,-2.389999999999418,2.389999999999418,below,True,True,-1.0,1.0,0.26229508196721313,0.23204419889502761,aligned,aligned,0.0,0.0,balanced_or_unknown,False,flat_or_unknown
2026-03-21 20:09:00,2026-03-21,70332.8,70339.3,70332.7,70339.3,5.378,1.165,6.543,4.213,0.6438942381170717,70333.11,87372.13,3.436e-05,0.0,0.0,False,2026-03-21.csv,4.213,positive,0.6438942381170717,0.4918032786885246,0.3425414364640884,0.18032786885245902,0.09944751381215469,6.5,6.600000000005821,0.9848484848476162,1.0,up,aligned,1.5428435793971043,6.190000000002328,6.190000000002328,above,True,True,1.139999999999418,1.139999999999418,0.2786885245901639,0.24861878453038674,aligned,aligned,0.0,0.0,balanced_or_unknown,False,flat_or_unknown
2026-03-21 20:10:00,2026-03-21,70339.2,70367.1,70339.2,70366.7,21.754,9.088,30.842,12.666000000000002,0.41067375656572214,70351.79,87373.06,3.454e-05,0.0,0.0,False,2026-03-21.csv,12.666000000000002,positive,0.41067375656572214,0.8524590163934426,0.7071823204419889,0.9016393442622951,0.6850828729281768,27.5,27.90000000000873,0.9856630824369675,0.9856630824369675,up,aligned,2.1711669035212378,14.910000000003492,14.910000000003492,above,True,True,0.9299999999930151,0.9299999999930151,0.2459016393442623,0.20994475138121546,aligned,aligned,0.0,0.0,balanced_or_unknown,False,flat_or_unknown
2026-03-21 20:11:00,2026-03-21,70366.8,70371.1,70366.7,70371.1,6.006,1.301,7.307,4.705,0.6439031066100999,70367.76,87374.0,3.454e-05,0.0,0.0,False,2026-03-21.csv,4.705,positive,0.6439031066100999,0.5409836065573771,0.3756906077348066,0.19672131147540983,0.11049723756906077,4.30000000000291,4.400000000008731,0.9772727272714494,1.0,up,aligned,0.9139213602556664,3.3400000000110595,3.3400000000110595,above,True,True,0.9400000000023283,0.9400000000023283,0.26229508196721313,0.2154696132596685,aligned,aligned,0.0,0.0,balanced_or_unknown,False,flat_or_unknown
2026-03-21 20:12:00,2026-03-21,70371.1,70371.1,70359.3,70359.4,2.238,6.318,8.556,-4.08,-0.4768583450210379,70367.45,87372.65,3.499e-05,0.0,0.0,False,2026-03-21.csv,4.08,negative,0.4768583450210379,0.4262295081967213,0.3314917127071823,0.22950819672131148,0.13259668508287292,-11.700000000011642,11.80000000000291,0.9915254237295555,0.008474576270444423,down,aligned,2.8676470588263827,-8.05000000000291,8.05000000000291,below,True,True,-1.3500000000058208,1.3500000000058208,0.3114754098360656,0.292817679558011,aligned,aligned,0.0,0.0,balanced_or_unknown,False,flat_or_unknown
2026-03-21 20:13:00,2026-03-21,70359.3,70375.2,70359.3,70374.7,17.061,4.023,21.084,13.038,0.6183836084234491,70369.76,87374.84,3.56e-05,0.0,0.0,False,2026-03-21.csv,13.038,positive,0.6183836084234491,0.8524590163934426,0.7292817679558011,0.8032786885245902,0.5359116022099447,15.39999999999418,15.89999999999418,0.9685534591194853,0.9685534591194853,up,aligned,1.1811627550233301,4.940000000002328,4.940000000002328,above,True,True,2.1900000000023283,2.1900000000023283,0.47540983606557374,0.425414364640884,aligned,aligned,0.0,0.0,balanced_or_unknown,False,flat_or_unknown
2026-03-21 20:14:00,2026-03-21,70374.6,70406.6,70374.6,70406.6,24.549,2.117,26.666,22.432,0.841221030525763,70386.78,87395.83,3.606e-05,0.0,0.0,False,2026-03-21.csv,22.432,positive,0.841221030525763,0.9344262295081968,0.8674033149171271,0.819672131147541,0.6298342541436464,32.0,32.0,1.0,1.0,up,aligned,1.4265335235378032,19.820000000006985,19.820000000006985,above,True,True,20.99000000000524,20.99000000000524,1.0,0.9668508287292817,aligned,aligned,0.0,0.0,balanced_or_unknown,False,flat_or_unknown
2026-03-21 20:15:00,2026-03-21,70406.6,70406.6,70367.5,70372.1,16.038,27.411,43.449,-11.373000000000001,-0.26175516122350345,70379.09,87396.58,3.606e-05,0.0,0.0,False,2026-03-21.csv,11.373000000000001,negative,0.26175516122350345,0.8032786885245902,0.6850828729281768,0.9836065573770492,0.850828729281768,-34.5,39.10000000000582,0.8823529411763392,0.11764705882366076,down,aligned,3.0335003956739643,-6.989999999990687,6.989999999990687,below,True,True,0.75,0.75,0.19672131147540983,0.16022099447513813,opposed,opposed,0.0,0.0,balanced_or_unknown,False,flat_or_unknown
2026-03-21 20:16:00,2026-03-21,70372.0,70372.1,70369.6,70369.7,4.731,1.219,5.95,3.5119999999999996,0.5902521008403361,70372.05,87402.69,3.69e-05,0.0,0.0,False,2026-03-21.csv,3.5119999999999996,positive,0.5902521008403361,0.3442622950819672,0.292817679558011,0.14754098360655737,0.09944751381215469,-2.3000000000029104,2.5,0.9200000000011641,0.03999999999650754,down,opposed,0.6548974943060679,-2.3500000000058208,2.3500000000058208,below,True,True,6.110000000000582,6.110000000000582,0.8524590163934426,0.7790055248618785,aligned,opposed,0.0,0.0,balanced_or_unknown,True,flat_or_unknown
2026-03-21 20:17:00,2026-03-21,70369.7,70374.3,70355.9,70355.9,7.66,9.919,17.579,-2.2590000000000003,-0.1285056032766369,70366.28,87400.48,3.717e-05,0.0,0.0,False,2026-03-21.csv,2.2590000000000003,negative,0.1285056032766369,0.18032786885245902,0.17679558011049723,0.6885245901639344,0.46408839779005523,-13.80000000000291,18.40000000000873,0.7499999999998023,0.0,down,aligned,6.108897742365166,-10.380000000004657,10.380000000004657,below,True,True,-2.210000000006403,2.210000000006403,0.4918032786885246,0.425414364640884,aligned,aligned,0.0,0.0,balanced_or_unknown,True,flat_or_unknown
2026-03-21 20:18:00,2026-03-21,70355.9,70356.0,70332.9,70338.7,6.036,25.43,31.466,-19.394,-0.6163478039788978,70340.96,87402.12,3.717e-05,0.0,0.0,False,2026-03-21.csv,19.394,negative,0.6163478039788978,0.9016393442622951,0.8397790055248618,0.8852459016393442,0.7182320441988951,-17.19999999999709,23.10000000000582,0.7445887445884309,0.2510822510823138,down,aligned,0.8868722285241358,-2.2600000000093132,2.2600000000093132,below,True,True,1.639999999999418,1.639999999999418,0.39344262295081966,0.36464088397790057,opposed,opposed,0.0,0.0,balanced_or_unknown,True,flat_or_unknown
2026-03-21 20:19:00,2026-03-21,70338.7,70363.6,70338.7,70363.6,7.452,1.107,8.559,6.345,0.7413249211356467,70349.25,87407.73,3.748e-05,0.0,0.0,False,2026-03-21.csv,6.345,positive,0.7413249211356467,0.6721311475409836,0.5027624309392266,0.2459016393442623,0.143646408839779,24.90000000000873,24.90000000000873,1.0,1.0,up,aligned,3.9243498817980664,14.35000000000582,14.35000000000582,above,True,True,5.610000000000582,5.610000000000582,0.7868852459016393,0.7237569060773481,aligned,aligned,0.0,0.0,balanced_or_unknown,True,flat_or_unknown
2026-03-21 20:20:00,2026-03-21,70363.7,70370.9,70363.6,70370.8,3.104,0.325,3.429,2.779,0.810440361621464,70365.85,87406.42,3.77e-05,0.0,0.0,False,2026-03-21.csv,2.779,positive,0.810440361621464,0.26229508196721313,0.2265193370165746,0.06557377049180328,0.03867403314917127,7.100000000005821,7.2999999999883585,0.9726027397283759,0.9863013698641879,up,aligned,2.55487585462606,4.94999999999709,4.94999999999709,above,True,True,-1.3099999999976717,1.3099999999976717,0.2786885245901639,0.27624309392265195,opposed,opposed,0.0,0.0,balanced_or_unknown,True,flat_or_unknown
2026-03-21 20:21:00,2026-03-21,70370.8,70391.0,70370.8,70391.0,6.861,0.344,7.205,6.5169999999999995,0.9045107564191532,70381.81,87406.74,3.84e-05,0.0,0.0,False,2026-03-21.csv,6.5169999999999995,positive,0.9045107564191532,0.6721311475409836,0.5248618784530387,0.18032786885245902,0.11602209944751381,20.19999999999709,20.19999999999709,1.0,1.0,up,aligned,3.099585698940784,9.190000000002328,9.190000000002328,above,True,True,0.3200000000069849,0.3200000000069849,0.06557377049180328,0.055248618784530384,aligned,aligned,0.0,0.0,balanced_or_unknown,True,flat_or_unknown
2026-03-21 20:22:00,2026-03-21,70391.0,70401.1,70390.9,70401.0,7.388,1.0,8.388,6.388,0.7615641392465426,70394.71,87405.71,3.84e-05,0.0,0.0,False,2026-03-21.csv,6.388,positive,0.7615641392465426,0.6557377049180327,0.5138121546961326,0.2459016393442623,0.14917127071823205,10.0,10.200000000011642,0.9803921568616262,0.990196078430813,up,aligned,1.5654351909830932,6.289999999993597,6.289999999993597,above,True,True,-1.0299999999988358,1.0299999999988358,0.2459016393442623,0.2430939226519337,opposed,opposed,0.0,0.0,balanced_or_unknown,True,flat_or_unknown
2026-03-21 20:23:00,2026-03-21,70401.1,70403.9,70401.0,70403.9,3.51,3.086,6.596,0.42399999999999993,0.06428138265615524,70401.82,87406.49,3.928e-05,0.0,0.0,False,2026-03-21.csv,0.42399999999999993,positive,0.06428138265615524,0.06557377049180328,0.06629834254143646,0.18032786885245902,0.11602209944751381,2.7999999999883585,2.8999999999941792,0.9655172413772339,1.0,up,aligned,6.603773584878205,2.0799999999871943,2.0799999999871943,above,True,True,0.7799999999988358,0.7799999999988358,0.19672131147540983,0.16574585635359115,aligned,aligned,0.0,0.0,balanced_or_unknown,True,flat_or_unknown
2026-03-21 20:24:00,2026-03-21,70403.9,70459.1,70403.8,70445.5,67.856,18.989,86.845,48.86699999999999,0.5626921526858195,70433.33,87405.9,3.993e-05,0.0,0.0,False,2026-03-21.csv,48.86699999999999,positive,0.5626921526858195,1.0,0.9668508287292817,1.0,0.9613259668508287,41.60000000000582,55.30000000000291,0.7522603978300838,0.7540687160939402,up,aligned,0.8512902367652164,12.169999999998254,12.169999999998254,above,True,True,-0.5900000000110595,0.5900000000110595,0.11475409836065574,0.11602209944751381,opposed,opposed,0.0,0.0,balanced_or_unknown,True,flat_or_unknown
2026-03-21 20:25:00,2026-03-21,70445.5,70445.5,70412.6,70412.7,22.638,22.011,44.649,0.6270000000000024,0.014042867701404341,70425.51,87391.85,3.993e-05,0.0,0.0,False,2026-03-21.csv,0.6270000000000024,positive,0.014042867701404341,0.09836065573770492,0.07734806629834254,0.9672131147540983,0.8674033149171271,-32.80000000000291,32.89999999999418,0.9969604863224533,0.0030395136775467034,down,opposed,52.31259968102517,-12.809999999997672,12.809999999997672,below,True,True,-14.049999999988358,14.049999999988358,0.9344262295081968,0.9060773480662984,opposed,aligned,0.0,0.0,balanced_or_unknown,True,flat_or_unknown
2026-03-21 20:26:00,2026-03-21,70412.7,70430.6,70412.6,70430.6,24.512,4.743,29.255,19.769,0.675747735429841,70421.88,87398.45,4.07e-05,0.0,0.0,False,2026-03-21.csv,19.769,positive,0.675747735429841,0.8852459016393442,0.861878453038674,0.8032786885245902,0.7071823204419889,17.90000000000873,18.0,0.9944444444449295,1.0,up,aligned,0.9054580403666717,8.720000000001164,8.720000000001164,above,True,True,6.599999999991269,6.599999999991269,0.8360655737704918,0.7845303867403315,aligned,aligned,0.0,0.0,balanced_or_unknown,True,flat_or_unknown
2026-03-21 20:27:00,2026-03-21,70430.6,70444.0,70421.7,70421.8,6.99,8.205,15.195,-1.2149999999999999,-0.0799605133267522,70435.9,87401.75,4.084e-05,0.0,0.0,False,2026-03-21.csv,1.2149999999999999,negative,0.0799605133267522,0.13114754098360656,0.11602209944751381,0.6229508196721312,0.4419889502762431,-8.80000000000291,22.30000000000291,0.3946188340807965,0.004484304932995862,down,aligned,7.242798353911861,-14.099999999991269,14.099999999991269,below,True,True,3.3000000000029104,3.3000000000029104,0.5901639344262295,0.580110497237569,opposed,opposed,0.0,0.0,balanced_or_unknown,True,flat_or_unknown
2026-03-21 20:28:00,2026-03-21,70421.8,70421.8,70410.4,70410.4,1.244,7.054,8.298,-5.8100000000000005,-0.7001687153530972,70413.65,87401.72,4.125e-05,0.0,0.0,False,2026-03-21.csv,5.8100000000000005,negative,0.7001687153530972,0.5737704918032787,0.48066298342541436,0.22950819672131148,0.14917127071823205,-11.400000000008731,11.400000000008731,1.0,0.0,down,aligned,1.9621342512923805,-3.25,3.25,below,True,True,-0.029999999998835847,0.029999999998835847,0.01639344262295082,0.016574585635359115,aligned,aligned,0.0,0.0,balanced_or_unknown,True,flat_or_unknown
2026-03-21 20:29:00,2026-03-21,70410.4,70415.7,70405.3,70415.7,5.64,6.332,11.972,-0.6920000000000002,-0.0578015369194788,70409.82,87400.3,4.125e-05,0.0,0.0,False,2026-03-21.csv,0.6920000000000002,negative,0.0578015369194788,0.13114754098360656,0.08839779005524862,0.45901639344262296,0.32044198895027626,5.30000000000291,10.39999999999418,0.5096153846159497,1.0,up,opposed,7.658959537576458,5.879999999990105,5.879999999990105,above,True,True,-1.4199999999982538,1.4199999999982538,0.32786885245901637,0.32044198895027626,aligned,opposed,0.0,0.0,balanced_or_unknown,True,flat_or_unknown
2026-03-21 20:30:00,2026-03-21,70415.7,70429.2,70415.6,70425.6,11.309,4.688,15.997,6.6209999999999996,0.41389010439457397,70422.38,87400.8,4.121e-05,0.0,0.0,False,2026-03-21.csv,6.6209999999999996,positive,0.41389010439457397,0.6557377049180327,0.5524861878453039,0.639344262295082,0.47513812154696133,9.900000000008731,13.599999999991269,0.7279411764716975,0.7352941176475308,up,aligned,1.495242410513326,3.220000000001164,3.220000000001164,above,True,True,0.5,0.5,0.08196721311475409,0.09392265193370165,aligned,aligned,0.0,0.0,balanced_or_unknown,True,flat_or_unknown
2026-03-21 20:31:00,2026-03-21,70425.7,70456.0,70425.6,70436.1,40.052,10.784,50.836,29.268,0.5757337320009442,70446.84,87399.25,4.143e-05,0.0,0.0,False,2026-03-21.csv,29.268,positive,0.5757337320009442,0.9836065573770492,0.9337016574585635,0.9836065573770492,0.8950276243093923,10.400000000008731,30.39999999999418,0.34210526315824746,0.3453947368421714,up,aligned,0.3553368867024987,-10.739999999990687,10.739999999990687,below,True,True,-1.5500000000029104,1.5500000000029104,0.39344262295081966,0.3812154696132597,opposed,opposed,0.0,0.0,balanced_or_unknown,True,flat_or_unknown
2026-03-21 20:32:00,2026-03-21,70436.2,70455.0,70432.5,70438.9,31.062,7.729,38.791,23.333000000000002,0.6015055038539868,70438.45,87428.07,4.143e-05,0.006,0.0,False,2026-03-21.csv,23.333000000000002,positive,0.6015055038539868,0.9344262295081968,0.9005524861878453,0.9180327868852459,0.8397790055248618,2.6999999999970896,22.5,0.11999999999987065,0.28444444444418576,up,aligned,0.11571593879900095,0.4499999999970896,0.4499999999970896,above,True,True,28.820000000006985,28.820000000006985,1.0,0.988950276243094,aligned,aligned,0.006,0.006,buy,True,aligned
2026-03-21 20:33:00,2026-03-21,70438.9,70460.1,70438.8,70456.9,21.662,7.565,29.227,14.096999999999998,0.4823279843979881,70454.8,87430.09,4.186e-05,0.0,0.0,False,2026-03-21.csv,14.096999999999998,positive,0.4823279843979881,0.8032786885245902,0.7734806629834254,0.7704918032786885,0.712707182320442,18.0,21.30000000000291,0.8450704225350958,0.8497652582154365,up,aligned,1.2768674185997022,2.099999999991269,2.099999999991269,above,True,True,2.0199999999895226,2.0199999999895226,0.4918032786885246,0.4198895027624309,aligned,aligned,0.0,0.0,balanced_or_unknown,False,flat_or_unknown
2026-03-21 20:34:00,2026-03-21,70456.8,70456.8,70438.8,70438.8,8.3,6.416,14.716,1.8840000000000003,0.1280239195433542,70442.28,87427.57,4.226e-05,0.05,0.0,False,2026-03-21.csv,1.8840000000000003,positive,0.1280239195433542,0.19672131147540983,0.16574585635359115,0.5737704918032787,0.425414364640884,-18.0,18.0,1.0,0.0,down,opposed,9.554140127388534,-3.4799999999959255,3.4799999999959255,below,True,True,-2.5199999999895226,2.5199999999895226,0.5737704918032787,0.5138121546961326,opposed,aligned,0.05,0.05,buy,True,aligned
2026-03-21 20:35:00,2026-03-21,70438.9,70438.9,70425.6,70434.9,7.035,9.534,16.569,-2.4990000000000006,-0.1508238276299113,70433.89,87435.2,4.253e-05,0.0,0.0,False,2026-03-21.csv,2.4990000000000006,negative,0.1508238276299113,0.29508196721311475,0.20994475138121546,0.639344262295082,0.5027624309392266,-4.0,13.299999999988358,0.3007518796995114,0.6992481203004887,down,aligned,1.6006402561024407,1.0099999999947613,1.0099999999947613,above,True,True,7.629999999990105,7.629999999990105,0.9016393442622951,0.8342541436464088,opposed,opposed,0.0,0.0,balanced_or_unknown,False,flat_or_unknown
2026-03-21 20:36:00,2026-03-21,70434.9,70435.0,70417.2,70417.2,2.924,13.996,16.92,-11.072000000000001,-0.6543735224586288,70423.4,87434.04,4.253e-05,0.0,0.0,False,2026-03-21.csv,11.072000000000001,negative,0.6543735224586288,0.7540983606557377,0.7071823204419889,0.639344262295082,0.5138121546961326,-17.69999999999709,17.80000000000291,0.994382022471584,0.0,down,aligned,1.5986271676297947,-6.19999999999709,6.19999999999709,below,True,True,-1.1600000000034925,1.1600000000034925,0.2786885245901639,0.2596685082872928,aligned,aligned,0.0,0.0,balanced_or_unknown,False,flat_or_unknown
2026-03-21 20:37:00,2026-03-21,70417.2,70417.3,70409.5,70414.3,6.917,4.822,11.739,2.0949999999999998,0.17846494590680634,70413.54,87435.96,4.247e-05,0.0,0.0,False,2026-03-21.csv,2.0949999999999998,positive,0.17846494590680634,0.21311475409836064,0.17679558011049723,0.4262295081967213,0.30939226519337015,-2.8999999999941792,7.80000000000291,0.3717948717939868,0.6153846153847589,down,opposed,1.384248210021088,0.7600000000093132,0.7600000000093132,above,True,True,1.9200000000128057,1.9200000000128057,0.5081967213114754,0.4088397790055249,aligned,opposed,0.0,0.0,balanced_or_unknown,False,flat_or_unknown
2026-03-21 20:38:00,2026-03-21,70414.4,70427.1,70414.3,70427.0,7.875,0.555,8.43,7.32,0.8683274021352314,70422.6,87435.36,4.207e-05,0.0,0.0,False,2026-03-21.csv,7.32,positive,0.8683274021352314,0.6885245901639344,0.5911602209944752,0.2459016393442623,0.16574585635359115,12.60000000000582,12.80000000000291,0.9843750000002309,0.992187499999547,up,aligned,1.7213114754106311,4.399999999994179,4.399999999994179,above,True,True,-0.6000000000058208,0.6000000000058208,0.13114754098360656,0.1270718232044199,opposed,opposed,0.0,0.0,balanced_or_unknown,False,flat_or_unknown
2026-03-21 20:39:00,2026-03-21,70427.0,70455.9,70417.4,70449.1,35.103,43.275,78.378,-8.171999999999997,-0.10426395161907674,70426.95,87437.22,4.202e-05,0.0,0.0,False,2026-03-21.csv,8.171999999999997,negative,0.10426395161907674,0.7377049180327869,0.6187845303867403,0.9836065573770492,0.9392265193370166,22.10000000000582,38.5,0.5740259740261252,0.8233766233769257,up,opposed,2.7043563387182856,22.15000000000873,22.15000000000873,above,True,True,1.860000000000582,1.860000000000582,0.5081967213114754,0.4088397790055249,opposed,aligned,0.0,0.0,balanced_or_unknown,False,flat_or_unknown
2026-03-21 20:40:00,2026-03-21,70449.2,70449.2,70437.6,70444.0,6.261,2.837,9.098,3.424,0.37634644976918,70441.21,87440.4,4.202e-05,0.0,0.0,False,2026-03-21.csv,3.424,positive,0.37634644976918,0.3442622950819672,0.30386740331491713,0.29508196721311475,0.19337016574585636,-5.19999999999709,11.599999999991269,0.448275862069052,0.551724137930948,down,opposed,1.5186915887841967,2.789999999993597,2.789999999993597,above,True,True,3.179999999993015,3.179999999993015,0.6557377049180327,0.585635359116022,aligned,opposed,0.0,0.0,balanced_or_unknown,False,flat_or_unknown
2026-03-21 20:41:00,2026-03-21,70444.0,70445.6,70432.1,70432.1,15.393,9.155,24.548,6.238000000000001,0.25411438813752657,70442.92,87437.51,4.238e-05,0.0,0.0,False,2026-03-21.csv,6.238000000000001,positive,0.25411438813752657,0.5737704918032787,0.5138121546961326,0.7540983606557377,0.6685082872928176,-11.89999999999418,13.5,0.8814814814810503,0.0,down,opposed,1.9076627124068894,-10.819999999992433,10.819999999992433,below,True,True,-2.889999999999418,2.889999999999418,0.6557377049180327,0.5580110497237569,opposed,aligned,0.0,0.0,balanced_or_unknown,False,flat_or_unknown
2026-03-21 20:42:00,2026-03-21,70432.1,70432.1,70414.6,70414.7,4.855,3.626,8.481,1.2290000000000005,0.1449121565853084,70418.28,87439.86,4.251e-05,0.0,0.0,False,2026-03-21.csv,1.2290000000000005,positive,0.1449121565853084,0.13114754098360656,0.12154696132596685,0.26229508196721313,0.1712707182320442,-17.40000000000873,17.5,0.9942857142862133,0.005714285713786791,down,opposed,14.157851912130775,-3.5800000000017462,3.5800000000017462,below,True,True,2.3500000000058208,2.3500000000058208,0.5737704918032787,0.4861878453038674,aligned,opposed,0.0,0.0,balanced_or_unknown,False,flat_or_unknown
2026-03-21 20:43:00,2026-03-21,70414.6,70414.7,70414.6,70414.6,0.833,3.226,4.059,-2.393,-0.5895540773589554,70414.62,87439.54,4.251e-05,0.0,0.0,False,2026-03-21.csv,2.393,negative,0.5895540773589554,0.26229508196721313,0.2154696132596685,0.06557377049180328,0.049723756906077346,0.0,0.09999999999126885,0.0,0.0,flat_or_unknown,flat_or_unknown,0.0,-0.01999999998952262,0.01999999998952262,below,True,True,-0.3200000000069849,0.3200000000069849,0.04918032786885246,0.049723756906077346,aligned,flat_or_unknown,0.0,0.0,balanced_or_unknown,False,flat_or_unknown
2026-03-21 20:44:00,2026-03-21,70414.7,70416.6,70405.3,70416.6,27.36,25.092,52.452,2.2680000000000007,0.04323953328757723,70407.6,87420.37,4.218e-05,0.0,0.0,False,2026-03-21.csv,2.2680000000000007,positive,0.04323953328757723,0.2459016393442623,0.2154696132596685,0.9672131147540983,0.9116022099447514,1.9000000000087311,11.30000000000291,0.16814159292108335,1.0,up,aligned,0.8377425044130206,9.0,9.0,above,True,True,-19.169999999998254,19.169999999998254,0.9672131147540983,0.9613259668508287,opposed,opposed,0.0,0.0,balanced_or_unknown,True,flat_or_unknown
2026-03-21 20:45:00,2026-03-21,70416.6,70434.5,70405.9,70434.5,60.419,14.562,74.981,45.857,0.6115816006721703,70422.4,87407.71,4.186e-05,0.0,0.0,False,2026-03-21.csv,45.857,positive,0.6115816006721703,0.9836065573770492,0.9723756906077348,0.9672131147540983,0.9392265193370166,17.89999999999418,28.60000000000582,0.625874125873795,1.0,up,aligned,0.3903438951521944,12.10000000000582,12.10000000000582,above,True,True,-12.65999999998894,12.65999999998894,0.9016393442622951,0.9005524861878453,opposed,opposed,0.0,0.0,balanced_or_unknown,True,flat_or_unknown
2026-03-21 20:46:00,2026-03-21,70434.5,70461.6,70430.2,70454.1,17.603,6.503,24.106,11.100000000000001,0.4604662739566913,70446.84,87377.15,4.158e-05,0.0,0.0,False,2026-03-21.csv,11.100000000000001,positive,0.4604662739566913,0.7377049180327869,0.7182320441988951,0.7049180327868853,0.6464088397790055,19.60000000000582,31.40000000000873,0.6242038216560628,0.7611464968153531,up,aligned,1.76576576576629,7.260000000009313,7.260000000009313,above,True,True,-30.560000000012224,30.560000000012224,1.0,0.988950276243094,opposed,opposed,0.0,0.0,balanced_or_unknown,True,flat_or_unknown
2026-03-21 20:47:00,2026-03-21,70454.0,70454.0,70444.1,70444.7,20.138,11.384,31.522,8.754000000000001,0.2777108051519574,70449.02,87364.88,4.158e-05,0.0,0.0,False,2026-03-21.csv,8.754000000000001,positive,0.2777108051519574,0.7049180327868853,0.6574585635359116,0.819672131147541,0.7734806629834254,-9.30000000000291,9.89999999999418,0.9393939393947857,0.060606060605214306,down,opposed,1.0623714873204146,-4.320000000006985,4.320000000006985,below,True,True,-12.269999999989523,12.269999999989523,0.8688524590163934,0.8895027624309392,opposed,aligned,0.0,0.0,balanced_or_unknown,True,flat_or_unknown
2026-03-21 20:48:00,2026-03-21,70444.6,70452.0,70444.6,70451.8,12.747,6.568,19.315,6.179,0.31990680818017087,70448.25,87354.5,4.158e-05,0.0,0.0,False,2026-03-21.csv,6.179,positive,0.31990680818017087,0.5245901639344263,0.5138121546961326,0.6229508196721312,0.569060773480663,7.19999999999709,7.399999999994179,0.9729729729733451,0.9729729729733451,up,aligned,1.1652370933803349,3.5500000000029104,3.5500000000029104,above,True,True,-10.380000000004657,10.380000000004657,0.8524590163934426,0.8729281767955801,opposed,opposed,0.0,0.0,balanced_or_unknown,True,flat_or_unknown
2026-03-21 20:49:00,2026-03-21,70451.7,70468.3,70450.0,70457.0,28.252,13.073,41.325,15.178999999999998,0.3673079249848759,70454.5,87348.87,4.138e-05,0.0,0.0,False,2026-03-21.csv,15.178999999999998,positive,0.3673079249848759,0.819672131147541,0.8011049723756906,0.8852459016393442,0.8674033149171271,5.30000000000291,18.30000000000291,0.28961748633891077,0.38251366120212493,up,aligned,0.3491666117664478,2.5,2.5,above,True,True,-5.630000000004657,5.630000000004657,0.7540983606557377,0.7292817679558011,opposed,opposed,0.0,0.0,balanced_or_unknown,True,flat_or_unknown
2026-03-21 20:50:00,2026-03-21,70457.0,70472.9,70424.2,70424.2,48.586,63.041,111.627,-14.454999999999998,-0.12949376047013714,70454.19,87301.6,4.138e-05,0.005,0.0,False,2026-03-21.csv,14.454999999999998,negative,0.12949376047013714,0.7868852459016393,0.7955801104972375,1.0,0.9834254143646409,-32.80000000000291,48.69999999999709,0.6735112936345969,0.0,down,aligned,2.269111034244408,-29.99000000000524,29.99000000000524,below,True,True,-47.26999999998952,47.26999999998952,1.0,0.994475138121547,aligned,aligned,0.005,0.005,buy,True,opposed
2026-03-21 20:51:00,2026-03-21,70424.3,70433.5,70417.0,70425.6,26.241,15.653,41.894,10.588,0.2527330882703967,70426.03,87291.5,4.142e-05,0.0,0.0,False,2026-03-21.csv,10.588,positive,0.2527330882703967,0.6885245901639344,0.6961325966850829,0.8688524590163934,0.8674033149171271,1.3000000000029104,16.5,0.07878787878805517,0.521212121212474,up,aligned,0.12278050623374674,-0.4299999999930151,0.4299999999930151,below,True,True,-10.10000000000582,10.10000000000582,0.819672131147541,0.856353591160221,opposed,opposed,0.0,0.0,balanced_or_unknown,False,flat_or_unknown
2026-03-21 20:52:00,2026-03-21,70425.6,70425.7,70416.3,70416.3,2.092,4.797,6.889,-2.7049999999999996,-0.39265495717810994,70420.63,87283.84,4.123e-05,0.0,0.0,False,2026-03-21.csv,2.7049999999999996,negative,0.39265495717810994,0.26229508196721313,0.24861878453038674,0.16393442622950818,0.12154696132596685,-9.30000000000291,9.39999999999418,0.9893617021285819,0.0,down,aligned,3.438077634012167,-4.330000000001746,4.330000000001746,below,True,True,-7.6600000000034925,7.6600000000034925,0.819672131147541,0.8232044198895028,aligned,aligned,0.0,0.0,balanced_or_unknown,False,flat_or_unknown
2026-03-21 20:53:00,2026-03-21,70416.3,70425.6,70405.9,70405.9,3.983,37.077,41.06,-33.094,-0.8059912323429128,70414.57,87286.78,4.095e-05,0.0,0.0,False,2026-03-21.csv,33.094,negative,0.8059912323429128,0.9672131147540983,0.9447513812154696,0.8360655737704918,0.856353591160221,-10.400000000008731,19.70000000001164,0.5279187817260196,0.0,down,aligned,0.3142563606698716,-8.670000000012806,8.670000000012806,below,True,True,2.9400000000023283,2.9400000000023283,0.6065573770491803,0.5469613259668509,opposed,opposed,0.0,0.0,balanced_or_unknown,False,flat_or_unknown
2026-03-21 20:54:00,2026-03-21,70405.9,70410.2,70405.9,70408.7,2.411,2.254,4.665,0.15700000000000003,0.03365487674169347,70407.98,87295.01,4.095e-05,0.0,0.0,False,2026-03-21.csv,0.15700000000000003,positive,0.03365487674169347,0.03278688524590164,0.022099447513812154,0.09836065573770492,0.0718232044198895,2.8000000000029104,4.30000000000291,0.6511627906979105,0.6511627906979105,up,aligned,17.834394904477133,0.7200000000011642,0.7200000000011642,above,True,True,8.229999999995925,8.229999999995925,0.819672131147541,0.8342541436464088,aligned,aligned,0.0,0.0,balanced_or_unknown,False,flat_or_unknown
2026-03-21 20:55:00,2026-03-21,70408.7,70423.2,70408.7,70423.1,5.149,7.039,12.188,-1.8899999999999997,-0.1550705612077453,70417.82,87292.9,4.062e-05,0.0,0.0,False,2026-03-21.csv,1.8899999999999997,negative,0.1550705612077453,0.14754098360655737,0.18232044198895028,0.45901639344262296,0.35911602209944754,14.400000000008731,14.5,0.9931034482764642,0.9931034482764642,up,opposed,7.61904761905224,5.279999999998836,5.279999999998836,above,True,True,-2.110000000000582,2.110000000000582,0.4918032786885246,0.4198895027624309,aligned,opposed,0.0,0.0,balanced_or_unknown,False,flat_or_unknown
2026-03-21 20:56:00,2026-03-21,70423.1,70425.7,70423.1,70425.7,1.477,1.96,3.437,-0.4829999999999999,-0.1405295315682281,70425.11,87289.92,4.068e-05,0.0,0.0,False,2026-03-21.csv,0.4829999999999999,negative,0.1405295315682281,0.06557377049180328,0.0718232044198895,0.06557377049180328,0.04419889502762431,2.599999999991269,2.599999999991269,1.0,1.0,up,opposed,5.383022774309047,0.5899999999965075,0.5899999999965075,above,True,True,-2.9799999999959255,2.9799999999959255,0.5901639344262295,0.56353591160221,aligned,opposed,0.0,0.0,balanced_or_unknown,False,flat_or_unknown
2026-03-21 20:57:00,2026-03-21,70425.6,70430.0,70425.6,70430.0,2.554,2.129,4.683,0.4249999999999998,0.09075379030535978,70427.3,87288.93,4.068e-05,0.0,0.0,False,2026-03-21.csv,0.4249999999999998,positive,0.09075379030535978,0.06557377049180328,0.0718232044198895,0.13114754098360656,0.08287292817679558,4.399999999994179,4.399999999994179,1.0,1.0,up,aligned,10.352941176456897,2.6999999999970896,2.6999999999970896,above,True,True,-0.9900000000052387,0.9900000000052387,0.21311475409836064,0.20994475138121546,opposed,opposed,0.0,0.0,balanced_or_unknown,False,flat_or_unknown
2026-03-21 20:58:00,2026-03-21,70430.0,70430.0,70423.6,70423.7,1.016,10.553,11.569,-9.537,-0.8243581986342813,70427.23,87289.68,4.111e-05,0.0,0.0,False,2026-03-21.csv,9.537,negative,0.8243581986342813,0.6721311475409836,0.7071823204419889,0.4262295081967213,0.3370165745856354,-6.30000000000291,6.399999999994179,0.98437500000135,0.015624999998649969,down,aligned,0.6605850896511387,-3.529999999998836,3.529999999998836,below,True,True,0.75,0.75,0.16393442622950818,0.16022099447513813,opposed,opposed,0.0,0.0,balanced_or_unknown,False,flat_or_unknown
2026-03-21 20:59:00,2026-03-21,70423.7,70432.5,70423.6,70432.4,3.319,0.277,3.596,3.042,0.8459399332591768,70427.57,87289.26,4.136e-05,0.0,0.0,False,2026-03-21.csv,3.042,positive,0.8459399332591768,0.36065573770491804,0.3149171270718232,0.08196721311475409,0.055248618784530384,8.69999999999709,8.89999999999418,0.9775280898879528,0.9887640449431588,up,aligned,2.859960552267288,4.829999999987194,4.829999999987194,above,True,True,-0.41999999999825377,0.41999999999825377,0.08196721311475409,0.06077348066298342,opposed,opposed,0.0,0.0,balanced_or_unknown,False,flat_or_unknown
2026-03-21 21:00:00,2026-03-21,70432.5,70432.5,70432.4,70432.4,7.114,2.52,9.634,4.593999999999999,0.47685281295412074,70432.47,87288.77,4.149e-05,0.0,0.0,False,2026-03-21.csv,4.593999999999999,positive,0.47685281295412074,0.4426229508196721,0.4198895027624309,0.39344262295081966,0.2541436464088398,-0.10000000000582077,0.10000000000582077,1.0,0.0,down,opposed,0.021767522857166037,-0.07000000000698492,0.07000000000698492,below,True,True,-0.4899999999906868,0.4899999999906868,0.09836065573770492,0.07734806629834254,opposed,aligned,0.0,0.0,balanced_or_unknown,False,flat_or_unknown
2026-03-21 21:01:00,2026-03-21,70432.5,70432.5,70409.7,70409.7,14.756,23.147,37.903,-8.390999999999998,-0.22138089333298153,70420.6,87290.1,4.149e-05,0.0,0.0,False,2026-03-21.csv,8.390999999999998,negative,0.22138089333298153,0.639344262295082,0.6685082872928176,0.8032786885245902,0.8287292817679558,-22.80000000000291,22.80000000000291,1.0,0.0,down,aligned,2.717196996782614,-10.900000000008731,10.900000000008731,below,True,True,1.3300000000017462,1.3300000000017462,0.36065573770491804,0.27624309392265195,opposed,opposed,0.0,0.0,balanced_or_unknown,True,flat_or_unknown
2026-03-21 21:02:00,2026-03-21,70409.7,70409.7,70405.7,70405.8,0.914,4.773,5.687,-3.8589999999999995,-0.6785651485844908,70406.08,87274.58,4.189e-05,0.0,0.0,False,2026-03-21.csv,3.8589999999999995,negative,0.6785651485844908,0.3770491803278688,0.35911602209944754,0.14754098360655737,0.11602209944751381,-3.8999999999941792,4.0,0.9749999999985448,0.02500000000145519,down,aligned,1.0106245141213215,-0.27999999999883585,0.27999999999883585,below,True,True,-15.520000000004075,15.520000000004075,0.9016393442622951,0.9337016574585635,aligned,aligned,0.0,0.0,balanced_or_unknown,True,flat_or_unknown
2026-03-21 21:03:00,2026-03-21,70405.8,70405.8,70386.6,70386.6,0.644,16.677,17.321,-16.033,-0.9256393972634375,70398.07,87274.46,4.168e-05,0.0,0.0,False,2026-03-21.csv,16.033,negative,0.9256393972634375,0.8524590163934426,0.8397790055248618,0.5737704918032787,0.56353591160221,-19.19999999999709,19.19999999999709,1.0,0.0,down,aligned,1.1975300941805707,-11.470000000001164,11.470000000001164,below,True,True,-0.11999999999534339,0.11999999999534339,0.03278688524590164,0.022099447513812154,aligned,aligned,0.0,0.0,balanced_or_unknown,True,flat_or_unknown
2026-03-21 21:04:00,2026-03-21,70386.6,70386.6,70377.5,70381.6,10.924,18.66,29.584,-7.736000000000001,-0.2614926987560844,70381.15,87275.16,4.168e-05,0.0,0.0,False,2026-03-21.csv,7.736000000000001,negative,0.2614926987560844,0.6229508196721312,0.6408839779005525,0.7213114754098361,0.7403314917127072,-5.0,9.10000000000582,0.549450549450198,0.450549450549802,down,aligned,0.6463288521199586,0.45000000001164153,0.45000000001164153,above,True,True,0.6999999999970896,0.6999999999970896,0.18032786885245902,0.15469613259668508,opposed,opposed,0.0,0.0,balanced_or_unknown,True,flat_or_unknown
2026-03-21 21:05:00,2026-03-21,70381.5,70437.7,70381.5,70431.1,76.14,17.389,93.529,58.751000000000005,0.6281581113879119,70417.8,87276.92,4.126e-05,0.0,0.0,False,2026-03-21.csv,58.751000000000005,positive,0.6281581113879119,1.0,0.9834254143646409,0.9836065573770492,0.9779005524861878,49.60000000000582,56.19999999999709,0.8825622775802204,0.8825622775802204,up,aligned,0.8442409490903272,13.30000000000291,13.30000000000291,above,True,True,1.7599999999947613,1.7599999999947613,0.45901639344262296,0.39779005524861877,aligned,aligned,0.0,0.0,balanced_or_unknown,True,flat_or_unknown
2026-03-21 21:06:00,2026-03-21,70431.1,70431.1,70414.0,70419.8,4.283,7.85,12.133,-3.5669999999999993,-0.29399159317563667,70418.49,87237.73,4.073e-05,0.0,0.0,False,2026-03-21.csv,3.5669999999999993,negative,0.29399159317563667,0.36065573770491804,0.3370165745856354,0.4426229508196721,0.3701657458563536,-11.30000000000291,17.10000000000582,0.6608187134502377,0.3391812865497623,down,aligned,3.1679282310072647,1.3099999999976717,1.3099999999976717,above,True,True,-39.19000000000233,39.19000000000233,0.9836065573770492,0.988950276243094,aligned,aligned,0.0,0.0,balanced_or_unknown,True,flat_or_unknown
2026-03-21 21:07:00,2026-03-21,70419.9,70442.4,70419.8,70442.4,15.523,1.253,16.776,14.27,0.8506199332379589,70426.49,87230.06,4.074e-05,0.0,0.0,False,2026-03-21.csv,14.27,positive,0.8506199332379589,0.8032786885245902,0.7955801104972375,0.5409836065573771,0.5469613259668509,22.5,22.59999999999127,0.9955752212393226,1.0,up,aligned,1.5767344078486336,15.90999999998894,15.90999999998894,above,True,True,-7.669999999998254,7.669999999998254,0.7868852459016393,0.8342541436464088,opposed,opposed,0.0,0.0,balanced_or_unknown,True,flat_or_unknown
2026-03-21 21:08:00,2026-03-21,70442.4,70442.5,70442.3,70442.5,2.371,0.787,3.158,1.584,0.5015832805573148,70442.45,87227.27,4.074e-05,0.0,0.0,False,2026-03-21.csv,1.584,positive,0.5015832805573148,0.14754098360655737,0.143646408839779,0.01639344262295082,0.027624309392265192,0.10000000000582077,0.19999999999708962,0.5000000000363798,1.0,up,aligned,0.06313131313498785,0.05000000000291038,0.05000000000291038,above,True,True,-2.789999999993597,2.789999999993597,0.5901639344262295,0.5524861878453039,opposed,opposed,0.0,0.0,balanced_or_unknown,True,flat_or_unknown
2026-03-21 21:09:00,2026-03-21,70442.5,70477.7,70442.4,70477.7,28.91,19.723,48.633,9.187000000000001,0.18890465321900768,70466.01,87223.63,4.087e-05,0.0,0.0,False,2026-03-21.csv,9.187000000000001,positive,0.18890465321900768,0.6557377049180327,0.6740331491712708,0.8852459016393442,0.8950276243093923,35.19999999999709,35.30000000000291,0.9971671388100336,1.0,up,aligned,3.831501034069564,11.690000000002328,11.690000000002328,above,True,True,-3.639999999999418,3.639999999999418,0.6721311475409836,0.6408839779005525,opposed,opposed,0.0,0.0,balanced_or_unknown,True,flat_or_unknown
2026-03-21 21:10:00,2026-03-21,70477.7,70482.2,70447.5,70447.5,16.997,18.753,35.75,-1.7560000000000002,-0.04911888111888112,70470.46,87210.43,4.104e-05,0.0,0.0,False,2026-03-21.csv,1.7560000000000002,negative,0.04911888111888112,0.16393442622950818,0.15469613259668508,0.7540983606557377,0.7955801104972375,-30.19999999999709,34.69999999999709,0.8703170028818336,0.0,down,aligned,17.198177676535927,-22.960000000006403,22.960000000006403,below,True,True,-13.200000000011642,13.200000000011642,0.8688524590163934,0.8950276243093923,aligned,aligned,0.0,0.0,balanced_or_unknown,True,flat_or_unknown
2026-03-21 21:11:00,2026-03-21,70447.6,70453.1,70434.2,70434.2,13.769,11.966,25.735,1.8030000000000008,0.070060229259763,70444.8,87199.01,4.131e-05,0.0,0.0,False,2026-03-21.csv,1.8030000000000008,positive,0.070060229259763,0.18032786885245902,0.16574585635359115,0.639344262295082,0.6795580110497238,-13.400000000008731,18.90000000000873,0.7089947089948434,0.0,down,opposed,7.432057681646548,-10.60000000000582,10.60000000000582,below,True,True,-11.419999999998254,11.419999999998254,0.819672131147541,0.8729281767955801,opposed,aligned,0.0,0.0,balanced_or_unknown,True,flat_or_unknown
2026-03-21 21:12:00,2026-03-21,70434.2,70434.3,70434.2,70434.3,0.898,1.135,2.033,-0.237,-0.11657648794884407,70434.24,87196.09,4.131e-05,0.0,0.0,False,2026-03-21.csv,0.237,negative,0.11657648794884407,0.03278688524590164,0.03314917127071823,0.01639344262295082,0.0055248618784530384,0.10000000000582077,0.10000000000582077,1.0,1.0,up,opposed,0.4219409282946024,0.059999999997671694,0.059999999997671694,above,True,True,-2.9199999999982538,2.9199999999982538,0.5573770491803278,0.56353591160221,aligned,opposed,0.0,0.0,balanced_or_unknown,True,flat_or_unknown
2026-03-21 21:13:00,2026-03-21,70434.3,70434.3,70434.2,70434.3,1.66,1.057,2.717,0.603,0.22193595877806402,70434.26,87196.77,4.085e-05,0.0,0.0,False,2026-03-21.csv,0.603,positive,0.22193595877806402,0.09836065573770492,0.0718232044198895,0.03278688524590164,0.011049723756906077,0.0,0.10000000000582077,0.0,1.0,flat_or_unknown,flat_or_unknown,0.0,0.04000000000814907,0.04000000000814907,above,True,True,0.680000000007567,0.680000000007567,0.16393442622950818,0.14917127071823205,aligned,flat_or_unknown,0.0,0.0,balanced_or_unknown,True,flat_or_unknown
2026-03-21 21:14:00,2026-03-21,70434.2,70434.2,70331.2,70341.6,53.877,35.556,89.433,18.321000000000005,0.20485726745161187,70362.24,87208.26,4.04e-05,0.0,0.0,False,2026-03-21.csv,18.321000000000005,positive,0.20485726745161187,0.8524590163934426,0.861878453038674,0.9672131147540983,0.9723756906077348,-92.59999999999127,103.0,0.8990291262135075,0.10097087378649254,down,opposed,5.054309262594359,-20.639999999999418,20.639999999999418,below,True,True,11.489999999990687,11.489999999990687,0.819672131147541,0.8729281767955801,aligned,opposed,0.0,0.0,balanced_or_unknown,True,flat_or_unknown
2026-03-21 21:15:00,2026-03-21,70341.5,70350.7,70333.3,70337.5,21.0,8.252,29.252,12.748,0.43579926158895116,70340.73,87195.82,4.04e-05,0.0,0.0,False,2026-03-21.csv,12.748,positive,0.43579926158895116,0.7704918032786885,0.7790055248618785,0.6557377049180327,0.7182320441988951,-4.0,17.39999999999418,0.22988505747134128,0.24137931034474108,down,opposed,0.3137747097583935,-3.2299999999959255,3.2299999999959255,below,True,True,-12.439999999987776,12.439999999987776,0.8524590163934426,0.8839779005524862,opposed,aligned,0.0,0.0,balanced_or_unknown,True,flat_or_unknown
2026-03-21 21:16:00,2026-03-21,70337.5,70371.2,70337.5,70361.0,21.126,4.33,25.456,16.796,0.6598051539912005,70357.66,87182.57,3.967e-05,0.0,0.0,False,2026-03-21.csv,16.796,positive,0.6598051539912005,0.8524590163934426,0.8453038674033149,0.6229508196721312,0.6685082872928176,23.5,33.69999999999709,0.6973293768546597,0.6973293768546597,up,aligned,1.399142653012622,3.3399999999965075,3.3399999999965075,above,True,True,-13.25,13.25,0.8852459016393442,0.9005524861878453,opposed,opposed,0.0,0.0,balanced_or_unknown,True,flat_or_unknown
2026-03-21 21:17:00,2026-03-21,70361.0,70361.0,70330.3,70335.7,6.426,26.772,33.198,-20.345999999999997,-0.6128682450750044,70343.8,87180.33,3.967e-05,0.0,0.0,False,2026-03-21.csv,20.345999999999997,negative,0.6128682450750044,0.9016393442622951,0.8950276243093923,0.7377049180327869,0.7734806629834254,-25.30000000000291,30.69999999999709,0.8241042345278602,0.17589576547213978,down,aligned,1.243487663422929,-8.10000000000582,8.10000000000582,below,True,True,-2.2400000000052387,2.2400000000052387,0.45901639344262296,0.4530386740331492,aligned,aligned,0.0,0.0,balanced_or_unknown,True,flat_or_unknown
2026-03-21 21:18:00,2026-03-21,70335.6,70360.1,70330.6,70357.9,8.74,7.808,16.548,0.9320000000000004,0.05632100555958427,70349.03,87173.93,3.949e-05,0.0,0.0,False,2026-03-21.csv,0.9320000000000004,positive,0.05632100555958427,0.14754098360655737,0.10497237569060773,0.47540983606557374,0.5248618784530387,22.29999999998836,29.5,0.7559322033894359,0.9254237288131647,up,aligned,23.927038626596943,8.869999999995343,8.869999999995343,above,True,True,-6.400000000008731,6.400000000008731,0.6557377049180327,0.7513812154696132,opposed,opposed,0.0,0.0,balanced_or_unknown,True,flat_or_unknown
2026-03-21 21:19:00,2026-03-21,70357.9,70360.0,70345.5,70345.6,4.011,20.888,24.899,-16.877000000000002,-0.6778183862805736,70356.67,87162.7,3.949e-05,0.0,0.0,False,2026-03-21.csv,16.877000000000002,negative,0.6778183862805736,0.8524590163934426,0.8397790055248618,0.6065573770491803,0.6629834254143646,-12.299999999988358,14.5,0.8482758620681626,0.006896551724539363,down,aligned,0.7288025122941493,-11.069999999992433,11.069999999992433,below,True,True,-11.229999999995925,11.229999999995925,0.7704918032786885,0.856353591160221,aligned,aligned,0.0,0.0,balanced_or_unknown,True,flat_or_unknown
2026-03-21 21:20:00,2026-03-21,70345.6,70345.6,70343.0,70343.1,2.07,1.857,3.927,0.21299999999999986,0.0542398777692895,70343.89,87161.93,3.942e-05,0.0,0.0,False,2026-03-21.csv,0.21299999999999986,positive,0.0542398777692895,0.03278688524590164,0.03314917127071823,0.11475409836065574,0.0718232044198895,-2.5,2.6000000000058208,0.9615384615363088,0.03846153846369111,down,opposed,11.737089201877943,-0.7899999999935972,0.7899999999935972,below,True,True,-0.7700000000040745,0.7700000000040745,0.21311475409836064,0.18232044198895028,opposed,aligned,0.0,0.0,balanced_or_unknown,True,flat_or_unknown
2026-03-21 21:21:00,2026-03-21,70343.0,70362.4,70343.0,70345.6,17.665,5.101,22.766,12.564,0.5518756039708338,70350.25,87161.54,3.92e-05,0.0,0.0,False,2026-03-21.csv,12.564,positive,0.5518756039708338,0.7213114754098361,0.7624309392265194,0.5573770491803278,0.6298342541436464,2.6000000000058208,19.39999999999418,0.13402061855704128,0.13402061855704128,up,aligned,0.20694046482058426,-4.649999999994179,4.649999999994179,below,True,True,-0.3899999999994179,0.3899999999994179,0.08196721311475409,0.06629834254143646,opposed,opposed,0.0,0.0,balanced_or_unknown,True,flat_or_unknown
2026-03-21 21:22:00,2026-03-21,70345.6,70345.6,70345.5,70345.6,4.956,1.883,6.839,3.0730000000000004,0.44933469805527126,70345.57,87159.46,3.92e-05,0.0,0.0,False,2026-03-21.csv,3.0730000000000004,positive,0.44933469805527126,0.39344262295081966,0.3370165745856354,0.19672131147540983,0.16574585635359115,0.0,0.10000000000582077,0.0,1.0,flat_or_unknown,flat_or_unknown,0.0,0.029999999998835847,0.029999999998835847,above,True,True,-2.0799999999871943,2.0799999999871943,0.4098360655737705,0.425414364640884,opposed,flat_or_unknown,0.0,0.0,balanced_or_unknown,True,flat_or_unknown
2026-03-21 21:23:00,2026-03-21,70345.6,70345.6,70340.0,70340.0,1.168,11.754,12.922,-10.586,-0.8192230304906362,70342.8,87163.97,3.913e-05,0.0,0.0,False,2026-03-21.csv,10.586,negative,0.8192230304906362,0.6557377049180327,0.7071823204419889,0.39344262295081966,0.4198895027624309,-5.600000000005821,5.600000000005821,1.0,0.0,down,aligned,0.5290005667868714,-2.8000000000029104,2.8000000000029104,below,True,True,4.509999999994761,4.509999999994761,0.6065573770491803,0.6961325966850829,opposed,opposed,0.0,0.0,balanced_or_unknown,True,flat_or_unknown
2026-03-21 21:24:00,2026-03-21,70340.1,70340.2,70320.3,70340.1,15.098,60.029,75.127,-44.931000000000004,-0.5980672727514743,70331.87,87135.51,3.912e-05,0.0,0.0,False,2026-03-21.csv,44.931000000000004,negative,0.5980672727514743,0.9508196721311475,0.9668508287292817,0.9180327868852459,0.9392265193370166,0.0,19.89999999999418,0.0,0.9949748743722966,flat_or_unknown,flat_or_unknown,0.0,8.230000000010477,8.230000000010477,above,True,True,-28.460000000006403,28.460000000006403,0.9344262295081968,0.9668508287292817,aligned,flat_or_unknown,0.0,0.0,balanced_or_unknown,True,flat_or_unknown
2026-03-21 21:25:00,2026-03-21,70340.2,70340.2,70336.5,70336.6,2.004,3.967,5.971,-1.963,-0.32875565231954446,70339.24,87135.27,3.927e-05,0.0,0.0,False,2026-03-21.csv,1.963,negative,0.32875565231954446,0.2786885245901639,0.20994475138121546,0.18032786885245902,0.15469613259668508,-3.599999999991269,3.6999999999970896,0.9729729729713785,0.027027027028621465,down,aligned,1.8339276617377833,-2.639999999999418,2.639999999999418,below,True,True,-0.23999999999068677,0.23999999999068677,0.04918032786885246,0.03314917127071823,aligned,aligned,0.0,0.0,balanced_or_unknown,True,flat_or_unknown
2026-03-21 21:26:00,2026-03-21,70336.5,70340.2,70329.5,70340.1,8.085,6.419,14.504,1.6660000000000013,0.11486486486486495,70333.72,87129.48,3.927e-05,0.0,0.0,False,2026-03-21.csv,1.6660000000000013,positive,0.11486486486486495,0.19672131147540983,0.1712707182320442,0.4098360655737705,0.47513812154696133,3.6000000000058208,10.69999999999709,0.33644859813147665,0.9906542056082901,up,aligned,2.1608643457417878,6.380000000004657,6.380000000004657,above,True,True,-5.790000000008149,5.790000000008149,0.6229508196721312,0.7237569060773481,opposed,opposed,0.0,0.0,balanced_or_unknown,True,flat_or_unknown
2026-03-21 21:27:00,2026-03-21,70340.1,70340.2,70326.5,70327.2,4.96,7.219,12.179,-2.2590000000000003,-0.1854832088020363,70328.93,87130.44,3.947e-05,0.0,0.0,False,2026-03-21.csv,2.2590000000000003,negative,0.1854832088020363,0.3114754098360656,0.2541436464088398,0.3770491803278688,0.39779005524861877,-12.900000000008731,13.69999999999709,0.9416058394168957,0.05109489051074732,down,aligned,5.71049136786575,-1.7299999999959255,1.7299999999959255,below,True,True,0.9600000000064028,0.9600000000064028,0.22950819672131148,0.23204419889502761,opposed,opposed,0.0,0.0,balanced_or_unknown,True,flat_or_unknown
2026-03-21 21:28:00,2026-03-21,70327.3,70340.8,70327.2,70340.8,4.323,5.256,9.579,-0.9329999999999998,-0.09740056373316627,70329.85,87133.07,3.94e-05,0.0,0.0,False,2026-03-21.csv,0.9329999999999998,negative,0.09740056373316627,0.14754098360655737,0.11602209944751381,0.29508196721311475,0.292817679558011,13.5,13.60000000000582,0.9926470588231046,1.0,up,opposed,14.46945337620579,10.94999999999709,10.94999999999709,above,True,True,2.6300000000046566,2.6300000000046566,0.47540983606557374,0.5359116022099447,opposed,aligned,0.0,0.0,balanced_or_unknown,True,flat_or_unknown
2026-03-21 21:29:00,2026-03-21,70340.8,70340.8,70327.2,70327.9,9.581,10.364,19.945,-0.7830000000000013,-0.039257959388317935,70332.04,87133.95,3.94e-05,0.0,0.0,False,2026-03-21.csv,0.7830000000000013,negative,0.039257959388317935,0.13114754098360656,0.10497237569060773,0.5737704918032787,0.6353591160220995,-12.900000000008731,13.60000000000582,0.9485294117649419,0.05147058823505809,down,aligned,16.47509578545174,-4.139999999999418,4.139999999999418,below,True,True,0.8799999999901047,0.8799999999901047,0.21311475409836064,0.20994475138121546,opposed,opposed,0.0,0.0,balanced_or_unknown,True,flat_or_unknown
2026-03-21 21:30:00,2026-03-21,70328.0,70330.8,70323.1,70323.3,2.923,5.521,8.444,-2.598,-0.3076740881099005,70327.11,87134.03,3.931e-05,0.0,0.0,False,2026-03-21.csv,2.598,negative,0.3076740881099005,0.3770491803278688,0.30386740331491713,0.2459016393442623,0.23204419889502761,-4.69999999999709,7.69999999999709,0.6103896103894632,0.02597402597365782,down,aligned,1.8090839106994188,-3.8099999999976717,3.8099999999976717,below,True,True,0.08000000000174623,0.08000000000174623,0.01639344262295082,0.022099447513812154,opposed,opposed,0.0,0.0,balanced_or_unknown,True,flat_or_unknown
2026-03-21 21:31:00,2026-03-21,70323.3,70323.3,70323.2,70323.3,1.646,1.504,3.15,0.1419999999999999,0.04507936507936505,70323.25,87133.32,3.904e-05,0.0,0.0,False,2026-03-21.csv,0.1419999999999999,positive,0.04507936507936505,0.01639344262295082,0.022099447513812154,0.04918032786885246,0.03314917127071823,0.0,0.10000000000582077,0.0,1.0,flat_or_unknown,flat_or_unknown,0.0,0.05000000000291038,0.05000000000291038,above,True,True,-0.7099999999918509,0.7099999999918509,0.18032786885245902,0.18232044198895028,opposed,flat_or_unknown,0.0,0.0,balanced_or_unknown,True,flat_or_unknown
2026-03-21 21:32:00,2026-03-21,70323.3,70332.2,70323.2,70332.2,5.559,3.38,8.939,2.1790000000000003,0.24376328448372303,70324.75,87132.31,3.881e-05,0.0,0.0,False,2026-03-21.csv,2.1790000000000003,positive,0.24376328448372303,0.32786885245901637,0.26519337016574585,0.29508196721311475,0.27071823204419887,8.89999999999418,9.0,0.9888888888882421,1.0,up,aligned,4.08444240477016,7.44999999999709,7.44999999999709,above,True,True,-1.0100000000093132,1.0100000000093132,0.2786885245901639,0.27071823204419887,opposed,opposed,0.0,0.0,balanced_or_unknown,True,flat_or_unknown
2026-03-21 21:33:00,2026-03-21,70332.2,70341.3,70332.1,70341.0,5.987,1.997,7.984,3.99,0.49974949899799603,70336.62,87130.93,3.881e-05,0.0,0.0,False,2026-03-21.csv,3.99,positive,0.49974949899799603,0.5245901639344263,0.4530386740331492,0.2459016393442623,0.20994475138121546,8.80000000000291,9.19999999999709,0.9565217391310538,0.9673913043474994,up,aligned,2.2055137844618824,4.380000000004657,4.380000000004657,above,True,True,-1.3800000000046566,1.3800000000046566,0.32786885245901637,0.3370165745856354,opposed,opposed,0.0,0.0,balanced_or_unknown,True,flat_or_unknown
2026-03-21 21:34:00,2026-03-21,70341.0,70359.9,70341.0,70359.9,13.557,4.846,18.403,8.711,0.47334673694506335,70353.08,87124.19,3.88e-05,0.0,0.0,False,2026-03-21.csv,8.711,positive,0.47334673694506335,0.6557377049180327,0.6906077348066298,0.5901639344262295,0.6022099447513812,18.89999999999418,18.89999999999418,1.0,1.0,up,aligned,2.1696705315112133,6.819999999992433,6.819999999992433,above,True,True,-6.739999999990687,6.739999999990687,0.6721311475409836,0.7790055248618785,opposed,opposed,0.0,0.0,balanced_or_unknown,True,flat_or_unknown
2026-03-21 21:35:00,2026-03-21,70359.9,70359.9,70323.1,70323.1,12.551,46.868,59.419,-34.317,-0.5775425368989717,70341.3,87125.87,3.888e-05,0.0,0.0,False,2026-03-21.csv,34.317,negative,0.5775425368989717,0.9508196721311475,0.9502762430939227,0.9016393442622951,0.9281767955801105,-36.79999999998836,36.79999999998836,1.0,0.0,down,aligned,1.0723548095692619,-18.19999999999709,18.19999999999709,below,True,True,1.679999999993015,1.679999999993015,0.3442622950819672,0.4088397790055249,opposed,opposed,0.0,0.0,balanced_or_unknown,True,flat_or_unknown
2026-03-21 21:36:00,2026-03-21,70323.1,70323.2,70320.1,70320.1,2.075,7.728,9.803,-5.653,-0.5766602060593695,70321.06,87142.89,3.888e-05,0.0,0.0,False,2026-03-21.csv,5.653,negative,0.5766602060593695,0.5245901639344263,0.5414364640883977,0.3770491803278688,0.3149171270718232,-3.0,3.099999999991269,0.9677419354865966,0.0,down,aligned,0.5306916681408103,-0.9599999999918509,0.9599999999918509,below,True,True,17.020000000004075,17.020000000004075,0.9180327868852459,0.9337016574585635,opposed,opposed,0.0,0.0,balanced_or_unknown,True,flat_or_unknown
2026-03-21 21:37:00,2026-03-21,70320.1,70326.4,70320.0,70326.4,5.976,4.267,10.243,1.7089999999999996,0.16684565068827487,70320.35,87144.47,3.899e-05,0.0,0.0,False,2026-03-21.csv,1.7089999999999996,positive,0.16684565068827487,0.22950819672131148,0.19337016574585636,0.39344262295081966,0.35359116022099446,6.2999999999883585,6.399999999994179,0.9843749999990763,1.0,up,aligned,3.6863662960727677,6.0499999999883585,6.0499999999883585,above,True,True,1.5800000000017462,1.5800000000017462,0.32786885245901637,0.40331491712707185,aligned,aligned,0.0,0.0,balanced_or_unknown,True,flat_or_unknown
2026-03-21 21:38:00,2026-03-21,70326.4,70331.3,70326.3,70331.2,7.978,1.241,9.219,6.737,0.7307734027551795,70329.15,87142.27,3.87e-05,0.0,0.0,False,2026-03-21.csv,6.737,positive,0.7307734027551795,0.5737704918032787,0.6132596685082873,0.3442622950819672,0.27624309392265195,4.80000000000291,5.0,0.960000000000582,0.9799999999988358,up,aligned,0.7124833011730608,2.0500000000029104,2.0500000000029104,above,True,True,-2.1999999999970896,2.1999999999970896,0.4262295081967213,0.4861878453038674,opposed,opposed,0.0,0.0,balanced_or_unknown,True,flat_or_unknown
2026-03-21 21:39:00,2026-03-21,70331.3,70336.7,70319.4,70332.1,11.049,22.137,33.186,-11.088000000000001,-0.33411679623937807,70328.45,87139.83,3.86e-05,0.0,0.0,False,2026-03-21.csv,11.088000000000001,negative,0.33411679623937807,0.7377049180327869,0.7569060773480663,0.7540983606557377,0.8176795580110497,0.8000000000029104,17.30000000000291,0.04624277456663444,0.734104046243324,up,opposed,0.07215007215033463,3.650000000008731,3.650000000008731,above,True,True,-2.4400000000023283,2.4400000000023283,0.45901639344262296,0.5359116022099447,aligned,opposed,0.0,0.0,balanced_or_unknown,True,flat_or_unknown
2026-03-21 21:40:00,2026-03-21,70332.1,70332.2,70330.2,70330.3,3.586,5.924,9.51,-2.3380000000000005,-0.24584647739221877,70331.81,87139.64,3.86e-05,0.0,0.0,False,2026-03-21.csv,2.3380000000000005,negative,0.24584647739221877,0.36065573770491804,0.287292817679558,0.3442622950819672,0.30386740331491713,-1.8000000000029104,2.0,0.9000000000014552,0.05000000000291038,down,aligned,0.7698887938421343,-1.5099999999947613,1.5099999999947613,below,True,True,-0.1900000000023283,0.1900000000023283,0.04918032786885246,0.03867403314917127,aligned,aligned,0.0,0.0,balanced_or_unknown,True,flat_or_unknown
2026-03-21 21:41:00,2026-03-21,70330.2,70330.3,70315.6,70319.7,5.996,10.889,16.885,-4.892999999999999,-0.2897838318033757,70321.63,87136.84,3.857e-05,0.0,0.0,False,2026-03-21.csv,4.892999999999999,negative,0.2897838318033757,0.5245901639344263,0.5248618784530387,0.5409836065573771,0.5966850828729282,-10.5,14.69999999999709,0.7142857142858557,0.2789115646253116,down,aligned,2.145922746781116,-1.930000000007567,1.930000000007567,below,True,True,-2.8000000000029104,2.8000000000029104,0.5081967213114754,0.5911602209944752,aligned,aligned,0.0,0.0,balanced_or_unknown,True,flat_or_unknown
2026-03-21 21:42:00,2026-03-21,70319.7,70335.2,70319.7,70335.2,6.334,1.332,7.666,5.002,0.6524915210018262,70327.59,87137.25,3.843e-05,0.0,0.0,False,2026-03-21.csv,5.002,positive,0.6524915210018262,0.5409836065573771,0.5248618784530387,0.2459016393442623,0.20441988950276244,15.5,15.5,1.0,1.0,up,aligned,3.0987604958016797,7.610000000000582,7.610000000000582,above,True,True,0.41000000000349246,0.41000000000349246,0.11475409836065574,0.08839779005524862,aligned,aligned,0.0,0.0,balanced_or_unknown,True,flat_or_unknown
2026-03-21 21:43:00,2026-03-21,70335.2,70350.0,70335.1,70349.9,13.085,1.528,14.613,11.557,0.7908711421337166,70345.23,87136.34,3.843e-05,0.0,0.0,False,2026-03-21.csv,11.557,positive,0.7908711421337166,0.7540983606557377,0.7900552486187845,0.5081967213114754,0.5248618784530387,14.69999999999709,14.89999999999418,0.9865771812082438,0.9932885906036336,up,aligned,1.2719563900663744,4.669999999998254,4.669999999998254,above,True,True,-0.9100000000034925,0.9100000000034925,0.26229508196721313,0.23204419889502761,opposed,opposed,0.0,0.0,balanced_or_unknown,True,flat_or_unknown
2026-03-21 21:44:00,2026-03-21,70350.0,70357.1,70333.0,70333.5,9.438,15.916,25.354,-6.478,-0.2555020903999369,70346.97,87130.07,3.852e-05,0.0,0.0,False,2026-03-21.csv,6.478,negative,0.2555020903999369,0.5573770491803278,0.6077348066298343,0.6721311475409836,0.7458563535911602,-16.5,24.10000000000582,0.6846473029043989,0.02074688796679997,down,aligned,2.547082432849645,-13.470000000001164,13.470000000001164,below,True,True,-6.269999999989523,6.269999999989523,0.639344262295082,0.7790055248618785,aligned,aligned,0.0,0.0,balanced_or_unknown,True,flat_or_unknown
2026-03-21 21:45:00,2026-03-21,70333.1,70364.6,70303.2,70314.4,18.72,29.762,48.482,-11.042000000000002,-0.22775463058454687,70331.75,87141.48,3.887e-05,0.0,0.0,False,2026-03-21.csv,11.042000000000002,negative,0.22775463058454687,0.7049180327868853,0.7624309392265194,0.8852459016393442,0.9226519337016574,-18.70000000001164,61.40000000000873,0.3045602605864655,0.1824104234526954,down,aligned,1.6935337801133525,-17.35000000000582,17.35000000000582,below,True,True,11.40999999998894,11.40999999998894,0.7868852459016393,0.8674033149171271,opposed,opposed,0.0,0.0,balanced_or_unknown,True,flat_or_unknown
2026-03-21 21:46:00,2026-03-21,70314.5,70322.4,70314.4,70322.4,4.239,2.599,6.838,1.6399999999999997,0.2398362094179584,70316.59,87140.28,3.901e-05,0.0,0.0,False,2026-03-21.csv,1.6399999999999997,positive,0.2398362094179584,0.19672131147540983,0.1712707182320442,0.19672131147540983,0.1712707182320442,7.899999999994179,8.0,0.9874999999992724,1.0,up,aligned,4.817073170728159,5.809999999997672,5.809999999997672,above,True,True,-1.1999999999970896,1.1999999999970896,0.3114754098360656,0.30386740331491713,opposed,opposed,0.0,0.0,balanced_or_unknown,True,flat_or_unknown
2026-03-21 21:47:00,2026-03-21,70322.4,70322.4,70307.4,70319.2,30.5,2.936,33.436,27.564,0.8243809068070344,70315.13,87140.35,3.901e-05,0.0,0.0,False,2026-03-21.csv,27.564,positive,0.8243809068070344,0.9344262295081968,0.9447513812154696,0.8032786885245902,0.8453038674033149,-3.1999999999970896,15.0,0.2133333333331393,0.7866666666668607,down,opposed,0.11609345523135574,4.069999999992433,4.069999999992433,above,True,True,0.07000000000698492,0.07000000000698492,0.01639344262295082,0.022099447513812154,aligned,opposed,0.0,0.0,balanced_or_unknown,True,flat_or_unknown
2026-03-21 21:48:00,2026-03-21,70319.2,70319.2,70307.5,70307.6,1.354,2.698,4.052,-1.3439999999999999,-0.33168805528134254,70315.6,87134.64,3.88e-05,0.0,0.0,False,2026-03-21.csv,1.3439999999999999,negative,0.33168805528134254,0.18032786885245902,0.15469613259668508,0.13114754098360656,0.08287292817679558,-11.599999999991269,11.69999999999709,0.9914529914524918,0.008547008547508174,down,aligned,8.630952380945885,-8.0,8.0,below,True,True,-5.710000000006403,5.710000000006403,0.6557377049180327,0.7679558011049724,aligned,aligned,0.0,0.0,balanced_or_unknown,True,flat_or_unknown
2026-03-21 21:49:00,2026-03-21,70307.5,70334.5,70307.5,70334.5,16.592,4.681,21.273,11.910999999999998,0.5599116250646359,70319.36,87128.68,3.866e-05,0.0,0.0,False,2026-03-21.csv,11.910999999999998,positive,0.5599116250646359,0.7540983606557377,0.7955801104972375,0.639344262295082,0.7016574585635359,27.0,27.0,1.0,1.0,up,aligned,2.2668121904122245,15.139999999999418,15.139999999999418,above,True,True,-5.960000000006403,5.960000000006403,0.6885245901639344,0.7845303867403315,opposed,opposed,0.0,0.0,balanced_or_unknown,True,flat_or_unknown
2026-03-21 21:50:00,2026-03-21,70334.5,70334.5,70301.7,70301.7,4.464,25.131,29.595,-20.667,-0.6983274201723265,70321.36,87128.27,3.866e-05,0.0,0.0,False,2026-03-21.csv,20.667,negative,0.6983274201723265,0.9180327868852459,0.9116022099447514,0.7704918032786885,0.8066298342541437,-32.80000000000291,32.80000000000291,1.0,0.0,down,aligned,1.587071176271491,-19.660000000003492,19.660000000003492,below,True,True,-0.40999999998894054,0.40999999998894054,0.11475409836065574,0.09392265193370165,aligned,aligned,0.0,0.0,balanced_or_unknown,True,flat_or_unknown
2026-03-21 21:51:00,2026-03-21,70301.7,70313.4,70301.7,70313.3,4.956,1.959,6.915,2.9970000000000003,0.43340563991323217,70305.51,87128.83,3.868e-05,0.0,0.0,False,2026-03-21.csv,2.9970000000000003,positive,0.43340563991323217,0.4098360655737705,0.36464088397790057,0.26229508196721313,0.1878453038674033,11.60000000000582,11.69999999999709,0.9914529914537356,0.9914529914537356,up,aligned,3.870537203872479,7.790000000008149,7.790000000008149,above,True,True,0.5599999999976717,0.5599999999976717,0.18032786885245902,0.143646408839779,aligned,aligned,0.0,0.0,balanced_or_unknown,True,flat_or_unknown
2026-03-21 21:52:00,2026-03-21,70313.3,70318.7,70313.3,70318.6,2.536,3.179,5.715,-0.6429999999999998,-0.11251093613298334,70317.21,87128.48,3.848e-05,0.0,0.0,False,2026-03-21.csv,0.6429999999999998,negative,0.11251093613298334,0.13114754098360656,0.09944751381215469,0.19672131147540983,0.143646408839779,5.30000000000291,5.399999999994179,0.9814814814830783,0.9814814814830783,up,opposed,8.242612752726146,1.389999999999418,1.389999999999418,above,True,True,-0.35000000000582077,0.35000000000582077,0.09836065573770492,0.08287292817679558,aligned,opposed,0.0,0.0,balanced_or_unknown,True,flat_or_unknown
2026-03-21 21:53:00,2026-03-21,70318.6,70318.6,70231.7,70231.7,11.899,57.131,69.03,-45.232,-0.6552513399971027,70269.59,87128.3,3.832e-05,0.0,0.051,False,2026-03-21.csv,45.232,negative,0.6552513399971027,0.9836065573770492,0.9834254143646409,0.9508196721311475,0.9558011049723757,-86.90000000000873,86.90000000000873,1.0,0.0,down,aligned,1.9212062256811269,-37.88999999999942,37.88999999999942,below,True,True,-0.17999999999301508,0.17999999999301508,0.06557377049180328,0.04419889502762431,aligned,aligned,0.051,-0.051,sell,True,aligned
2026-03-21 21:54:00,2026-03-21,70231.7,70273.4,70231.7,70273.4,23.85,5.582,29.432,18.268,0.6206849687415059,70249.8,87134.48,3.832e-05,0.0,0.013,False,2026-03-21.csv,18.268,positive,0.6206849687415059,0.8688524590163934,0.8674033149171271,0.7704918032786885,0.7900552486187845,41.69999999999709,41.69999999999709,1.0,1.0,up,aligned,2.282680096343173,23.59999999999127,23.59999999999127,above,True,True,6.179999999993015,6.179999999993015,0.7377049180327869,0.7900552486187845,aligned,aligned,0.013,-0.013,sell,True,opposed
2026-03-21 21:55:00,2026-03-21,70273.4,70315.1,70273.3,70315.1,17.567,19.89,37.457,-2.3230000000000004,-0.062017780388178456,70301.49,87131.99,3.767e-05,0.008,0.0,False,2026-03-21.csv,2.3230000000000004,negative,0.062017780388178456,0.36065573770491804,0.292817679558011,0.8688524590163934,0.8729281767955801,41.70000000001164,41.80000000000291,0.9976076555026014,1.0,up,opposed,17.95092552734035,13.610000000000582,13.610000000000582,above,True,True,-2.4899999999906868,2.4899999999906868,0.5737704918032787,0.56353591160221,aligned,opposed,0.008,0.008,buy,True,opposed
2026-03-21 21:56:00,2026-03-21,70315.1,70315.1,70303.6,70303.6,0.684,15.533,16.217,-14.849,-0.9156440772029353,70312.26,87138.27,3.767e-05,0.0,0.0,False,2026-03-21.csv,14.849,negative,0.9156440772029353,0.8032786885245902,0.8287292817679558,0.5245901639344263,0.5911602209944752,-11.5,11.5,1.0,0.0,down,aligned,0.7744629267964173,-8.65999999998894,8.65999999998894,below,True,True,6.279999999998836,6.279999999998836,0.7704918032786885,0.7955801104972375,opposed,opposed,0.0,0.0,balanced_or_unknown,True,flat_or_unknown
2026-03-21 21:57:00,2026-03-21,70303.6,70305.8,70290.7,70290.7,12.007,5.488,17.495,6.518999999999999,0.37262074878536716,70298.37,87138.58,3.811e-05,0.0,0.0,False,2026-03-21.csv,6.518999999999999,positive,0.37262074878536716,0.5573770491803278,0.6132596685082873,0.5901639344262295,0.6298342541436464,-12.900000000008731,15.10000000000582,0.8543046357618383,0.0,down,opposed,1.978831109067147,-7.669999999998254,7.669999999998254,below,True,True,0.3099999999976717,0.3099999999976717,0.11475409836065574,0.0718232044198895,aligned,opposed,0.0,0.0,balanced_or_unknown,True,flat_or_unknown
2026-03-21 21:58:00,2026-03-21,70290.8,70312.2,70290.7,70312.2,11.087,1.649,12.736,9.437999999999999,0.7410489949748742,70302.44,87139.16,3.811e-05,0.0,0.0,False,2026-03-21.csv,9.437999999999999,positive,0.7410489949748742,0.639344262295082,0.712707182320442,0.4426229508196721,0.48066298342541436,21.39999999999418,21.5,0.9953488372090316,1.0,up,aligned,2.2674295401561966,9.759999999994761,9.759999999994761,above,True,True,0.5800000000017462,0.5800000000017462,0.2459016393442623,0.16574585635359115,aligned,aligned,0.0,0.0,balanced_or_unknown,True,flat_or_unknown
2026-03-21 21:59:00,2026-03-21,70312.2,70327.4,70312.1,70327.4,6.069,1.121,7.19,4.948,0.6881780250347705,70321.22,87140.16,3.816e-05,0.0,0.0,False,2026-03-21.csv,4.948,positive,0.6881780250347705,0.4918032786885246,0.5138121546961326,0.22950819672131148,0.19337016574585636,15.19999999999709,15.299999999988358,0.9934640522881474,1.0,up,aligned,3.071948261923421,6.179999999993015,6.179999999993015,above,True,True,1.0,1.0,0.3770491803278688,0.30386740331491713,aligned,aligned,0.0,0.0,balanced_or_unknown,True,flat_or_unknown
2026-03-21 22:00:00,2026-03-21,70327.4,70327.5,70321.5,70321.5,5.683,6.736,12.419,-1.053,-0.08478943554231419,70326.42,87140.74,3.875e-05,0.0,0.0,False,2026-03-21.csv,1.053,negative,0.08478943554231419,0.14754098360655737,0.13259668508287292,0.4262295081967213,0.46408839779005523,-5.899999999994179,6.0,0.9833333333323632,0.0,down,aligned,5.603038936366742,-4.919999999998254,4.919999999998254,below,True,True,0.5800000000017462,0.5800000000017462,0.2459016393442623,0.16574585635359115,opposed,opposed,0.0,0.0,balanced_or_unknown,True,flat_or_unknown
2026-03-21 22:01:00,2026-03-21,70321.6,70354.9,70276.3,70289.2,27.103,21.249,48.352,5.854000000000003,0.12107048312375916,70316.18,87139.69,3.875e-05,0.0,0.0,False,2026-03-21.csv,5.854000000000003,positive,0.12107048312375916,0.5245901639344263,0.5580110497237569,0.8852459016393442,0.9171270718232044,-32.40000000000873,78.59999999999127,0.41221374045817216,0.16412213740452433,down,opposed,5.534677143834765,-26.979999999995925,26.979999999995925,below,True,True,-1.0500000000029104,1.0500000000029104,0.39344262295081966,0.3259668508287293,opposed,aligned,0.0,0.0,balanced_or_unknown,True,flat_or_unknown
2026-03-21 22:02:00,2026-03-21,70289.2,70313.7,70285.5,70312.4,21.757,19.219,40.976,2.5380000000000003,0.06193869582194456,70294.34,87139.69,3.875e-05,0.0,0.0,False,2026-03-21.csv,2.5380000000000003,positive,0.06193869582194456,0.36065573770491804,0.32044198895027626,0.8688524590163934,0.8784530386740331,23.19999999999709,28.19999999999709,0.8226950354609746,0.9539007092197502,up,aligned,9.141055949565441,18.05999999999767,18.05999999999767,above,True,True,0.0,0.0,0.01639344262295082,0.011049723756906077,flat_or_unknown,flat_or_unknown,0.0,0.0,balanced_or_unknown,True,flat_or_unknown
2026-03-21 22:03:00,2026-03-21,70312.2,70312.2,70261.5,70261.5,9.038,15.914,24.952,-6.8759999999999994,-0.27556909265790314,70285.97,87140.54,3.823e-05,0.0,0.0,False,2026-03-21.csv,6.8759999999999994,negative,0.27556909265790314,0.5901639344262295,0.6298342541436464,0.6557377049180327,0.7182320441988951,-50.69999999999709,50.69999999999709,1.0,0.0,down,aligned,7.373472949388757,-24.470000000001164,24.470000000001164,below,True,True,0.8499999999912689,0.8499999999912689,0.32786885245901637,0.2541436464088398,opposed,opposed,0.0,0.0,balanced_or_unknown,True,flat_or_unknown
2026-03-21 22:04:00,2026-03-21,70261.6,70271.2,70231.8,70251.3,26.114,88.239,114.353,-62.125,-0.5432738974928512,70251.21,87148.12,3.814e-05,0.0,0.017,False,2026-03-21.csv,62.125,negative,0.5432738974928512,1.0,1.0,1.0,1.0,-10.30000000000291,39.39999999999418,0.2614213197970668,0.4949238578680934,down,aligned,0.16579476861171688,0.08999999999650754,0.08999999999650754,above,True,True,7.580000000001746,7.580000000001746,0.819672131147541,0.8287292817679558,opposed,opposed,0.017,-0.017,sell,True,aligned
2026-03-21 22:05:00,2026-03-21,70251.3,70280.0,70251.2,70280.0,11.969,9.313,21.282,2.655999999999999,0.12480030072361614,70256.71,87097.29,3.814e-05,0.0,0.0,False,2026-03-21.csv,2.655999999999999,positive,0.12480030072361614,0.39344262295081966,0.3259668508287293,0.6065573770491803,0.6795580110497238,28.69999999999709,28.80000000000291,0.9965277777775761,1.0,up,aligned,10.805722891565175,23.289999999993597,23.289999999993597,above,True,True,-50.830000000001746,50.830000000001746,1.0,1.0,opposed,opposed,0.0,0.0,balanced_or_unknown,False,flat_or_unknown
2026-03-21 22:06:00,2026-03-21,70279.9,70292.6,70270.8,70292.6,5.867,6.007,11.874,-0.13999999999999968,-0.011790466565605498,70274.33,87098.8,3.791e-05,0.0,0.002,False,2026-03-21.csv,0.13999999999999968,negative,0.011790466565605498,0.01639344262295082,0.022099447513812154,0.36065573770491804,0.4088397790055249,12.700000000011642,21.80000000000291,0.5825688073399058,1.0,up,opposed,90.71428571436907,18.270000000004075,18.270000000004075,above,True,True,1.5100000000093132,1.5100000000093132,0.4426229508196721,0.4088397790055249,opposed,aligned,0.002,-0.002,sell,False,aligned
2026-03-21 22:07:00,2026-03-21,70292.6,70313.6,70288.1,70307.6,6.724,6.421,13.145,0.30299999999999994,0.023050589577786225,70299.83,87099.94,3.821e-05,0.0,0.0,False,2026-03-21.csv,0.30299999999999994,positive,0.023050589577786225,0.08196721311475409,0.055248618784530384,0.4426229508196721,0.4861878453038674,15.0,25.5,0.5882352941176471,0.7647058823529411,up,aligned,49.50495049504951,7.7700000000040745,7.7700000000040745,above,True,True,1.139999999999418,1.139999999999418,0.4098360655737705,0.3314917127071823,aligned,aligned,0.0,0.0,balanced_or_unknown,False,flat_or_unknown
2026-03-21 22:08:00,2026-03-21,70307.6,70307.6,70298.2,70298.2,0.669,6.374,7.043,-5.705,-0.8100241374414312,70303.28,87099.24,3.821e-05,0.0,0.0,False,2026-03-21.csv,5.705,negative,0.8100241374414312,0.5573770491803278,0.5414364640883977,0.19672131147540983,0.18232044198895028,-9.400000000008731,9.400000000008731,1.0,0.0,down,aligned,1.6476774758998651,-5.080000000001746,5.080000000001746,below,True,True,-0.6999999999970896,0.6999999999970896,0.26229508196721313,0.19889502762430938,aligned,aligned,0.0,0.0,balanced_or_unknown,False,flat_or_unknown
2026-03-21 22:09:00,2026-03-21,70298.3,70304.1,70273.0,70273.1,7.582,10.84,18.422,-3.258,-0.17685376180653567,70288.18,87100.22,3.877e-05,0.0,0.0,False,2026-03-21.csv,3.258,negative,0.17685376180653567,0.45901639344262296,0.39226519337016574,0.5737704918032787,0.6243093922651933,-25.19999999999709,31.10000000000582,0.8102893890672789,0.0032154340837878474,down,aligned,7.73480662983336,-15.079999999987194,15.079999999987194,below,True,True,0.9799999999959255,0.9799999999959255,0.3770491803278688,0.287292817679558,opposed,opposed,0.0,0.0,balanced_or_unknown,False,flat_or_unknown
2026-03-21 22:10:00,2026-03-21,70273.0,70273.1,70249.4,70249.5,4.925,9.529,14.454,-4.604,-0.31852774318527743,70261.06,87102.81,3.88e-05,0.0,0.0,False,2026-03-21.csv,4.604,negative,0.31852774318527743,0.4918032786885246,0.48066298342541436,0.45901639344262296,0.5082872928176796,-23.5,23.70000000001164,0.9915611814341121,0.004219409282943952,down,aligned,5.104257167680278,-11.559999999997672,11.559999999997672,below,True,True,2.5899999999965075,2.5899999999965075,0.6229508196721312,0.569060773480663,opposed,opposed,0.0,0.0,balanced_or_unknown,False,flat_or_unknown
2026-03-21 22:11:00,2026-03-21,70249.5,70274.6,70249.4,70274.5,10.141,3.554,13.695,6.587,0.4809784592917123,70261.26,87106.63,3.815e-05,0.0,0.0,False,2026-03-21.csv,6.587,positive,0.4809784592917123,0.6229508196721312,0.6243093922651933,0.45901639344262296,0.5027624309392266,25.0,25.20000000001164,0.9920634920630338,0.9960317460315169,up,aligned,3.795354486109003,13.240000000005239,13.240000000005239,above,True,True,3.820000000006985,3.820000000006985,0.6885245901639344,0.6740331491712708,aligned,aligned,0.0,0.0,balanced_or_unknown,False,flat_or_unknown
2026-03-21 22:12:00,2026-03-21,70274.5,70289.9,70267.6,70267.7,12.554,19.487,32.041,-6.932999999999998,-0.21637901438781557,70280.96,87110.29,3.815e-05,0.0,0.0,False,2026-03-21.csv,6.932999999999998,negative,0.21637901438781557,0.6557377049180327,0.6464088397790055,0.8032786885245902,0.8176795580110497,-6.80000000000291,22.29999999998836,0.3049327354262987,0.0044843049323462355,down,aligned,0.9808163854035644,-13.260000000009313,13.260000000009313,below,True,True,3.6599999999889405,3.6599999999889405,0.6885245901639344,0.6685082872928176,opposed,opposed,0.0,0.0,balanced_or_unknown,False,flat_or_unknown
2026-03-21 22:13:00,2026-03-21,70267.6,70278.9,70267.6,70278.8,3.625,2.058,5.683,1.5670000000000002,0.2757346471933838,70276.0,87126.85,3.811e-05,0.0,0.0,False,2026-03-21.csv,1.5670000000000002,positive,0.2757346471933838,0.19672131147540983,0.1712707182320442,0.08196721311475409,0.11602209944751381,11.19999999999709,11.299999999988358,0.9911504424786397,0.9911504424786397,up,aligned,7.147415443520797,2.8000000000029104,2.8000000000029104,above,True,True,16.560000000012224,16.560000000012224,0.9508196721311475,0.9337016574585635,aligned,aligned,0.0,0.0,balanced_or_unknown,False,flat_or_unknown
2026-03-21 22:14:00,2026-03-21,70278.9,70280.1,70268.8,70280.1,7.722,15.668,23.39,-7.945999999999999,-0.33971782813168017,70277.11,87127.68,3.794e-05,0.0,0.0,False,2026-03-21.csv,7.945999999999999,negative,0.33971782813168017,0.6557377049180327,0.6850828729281768,0.6721311475409836,0.6850828729281768,1.2000000000116415,11.30000000000291,0.1061946902664896,1.0,up,opposed,0.15101938082200375,2.9900000000052387,2.9900000000052387,above,True,True,0.8299999999871943,0.8299999999871943,0.29508196721311475,0.2430939226519337,opposed,aligned,0.0,0.0,balanced_or_unknown,False,flat_or_unknown
2026-03-21 22:15:00,2026-03-21,70280.0,70286.3,70280.0,70282.9,2.761,12.533,15.294,-9.771999999999998,-0.6389433764875113,70282.57,87135.02,3.794e-05,0.0,0.0,False,2026-03-21.csv,9.771999999999998,negative,0.6389433764875113,0.7049180327868853,0.7292817679558011,0.5081967213114754,0.5524861878453039,2.8999999999941792,6.30000000000291,0.46031746031632376,0.46031746031632376,up,opposed,0.29676627097770975,0.3299999999871943,0.3299999999871943,above,True,True,7.3400000000110595,7.3400000000110595,0.8524590163934426,0.8176795580110497,opposed,aligned,0.0,0.0,balanced_or_unknown,False,flat_or_unknown
2026-03-21 22:16:00,2026-03-21,70282.9,70287.0,70282.8,70286.9,2.981,1.75,4.731,1.2309999999999999,0.2601986894948214,70286.2,87137.52,3.776e-05,0.0,0.0,False,2026-03-21.csv,1.2309999999999999,positive,0.2601986894948214,0.16393442622950818,0.14917127071823205,0.06557377049180328,0.10497237569060773,4.0,4.19999999999709,0.9523809523816124,0.9761904761890738,up,aligned,3.2493907392363934,0.6999999999970896,0.6999999999970896,above,True,True,2.5,2.5,0.6229508196721312,0.5359116022099447,aligned,aligned,0.0,0.0,balanced_or_unknown,False,flat_or_unknown
2026-03-21 22:17:00,2026-03-21,70286.9,70305.8,70286.9,70298.0,27.876,10.392,38.268,17.484,0.4568830354343055,70295.05,87137.34,3.797e-05,0.0,0.0,False,2026-03-21.csv,17.484,positive,0.4568830354343055,0.8688524590163934,0.861878453038674,0.8852459016393442,0.8674033149171271,11.10000000000582,18.90000000000873,0.587301587301624,0.587301587301624,up,aligned,0.6348661633496808,2.9499999999970896,2.9499999999970896,above,True,True,-0.180000000007567,0.180000000007567,0.08196721311475409,0.055248618784530384,opposed,opposed,0.0,0.0,balanced_or_unknown,False,flat_or_unknown
2026-03-21 22:18:00,2026-03-21,70298.0,70298.1,70278.4,70289.9,2.123,11.921,14.044,-9.797999999999998,-0.697664483053261,70285.08,87144.53,3.798e-05,0.0,0.0,False,2026-03-21.csv,9.797999999999998,negative,0.697664483053261,0.7377049180327869,0.7237569060773481,0.47540983606557374,0.4861878453038674,-8.10000000000582,19.70000000001164,0.4111675126904078,0.58375634517732,down,aligned,0.8266993263937357,4.819999999992433,4.819999999992433,above,True,True,7.190000000002328,7.190000000002328,0.8688524590163934,0.8066298342541437,opposed,opposed,0.0,0.0,balanced_or_unknown,False,flat_or_unknown
2026-03-21 22:19:00,2026-03-21,70289.9,70294.6,70289.9,70294.6,2.101,0.894,2.995,1.2069999999999999,0.40300500834724534,70291.71,87148.23,3.798e-05,0.0,0.0,False,2026-03-21.csv,1.2069999999999999,positive,0.40300500834724534,0.14754098360655737,0.13259668508287292,0.01639344262295082,0.027624309392265192,4.7000000000116415,4.7000000000116415,1.0,1.0,up,aligned,3.893951946985619,2.889999999999418,2.889999999999418,above,True,True,3.6999999999970896,3.6999999999970896,0.7049180327868853,0.6519337016574586,aligned,aligned,0.0,0.0,balanced_or_unknown,False,flat_or_unknown
2026-03-21 22:20:00,2026-03-21,70294.6,70294.7,70266.6,70279.0,25.474,20.207,45.681,5.2669999999999995,0.11529957750487073,70283.2,87149.08,3.751e-05,0.0,0.0,False,2026-03-21.csv,5.2669999999999995,positive,0.11529957750487073,0.5245901639344263,0.5138121546961326,0.9016393442622951,0.9116022099447514,-15.60000000000582,28.09999999999127,0.5551601423491341,0.44128113878996555,down,opposed,2.9618378583645,-4.19999999999709,4.19999999999709,below,True,True,0.8500000000058208,0.8500000000058208,0.3442622950819672,0.2541436464088398,aligned,opposed,0.0,0.0,balanced_or_unknown,False,flat_or_unknown
2026-03-21 22:21:00,2026-03-21,70278.8,70278.9,70259.9,70267.3,9.049,38.856,47.905,-29.807000000000002,-0.6222106251956998,70270.23,87143.0,3.722e-05,0.0,0.0,False,2026-03-21.csv,29.807000000000002,negative,0.6222106251956998,0.9344262295081968,0.9502762430939227,0.9016393442622951,0.9116022099447514,-11.5,19.0,0.6052631578947368,0.3894736842109858,down,aligned,0.3858154124869997,-2.929999999993015,2.929999999993015,below,True,True,-6.080000000001746,6.080000000001746,0.8032786885245902,0.7513812154696132,aligned,aligned,0.0,0.0,balanced_or_unknown,False,flat_or_unknown
2026-03-21 22:22:00,2026-03-21,70267.2,70267.2,70264.5,70264.5,9.451,8.201,17.652,1.25,0.07081350555177883,70265.0,87166.66,3.722e-05,0.0,0.0,False,2026-03-21.csv,1.25,positive,0.07081350555177883,0.16393442622950818,0.14917127071823205,0.6065573770491803,0.6022099447513812,-2.6999999999970896,2.6999999999970896,1.0,0.0,down,opposed,2.159999999997672,-0.5,0.5,below,True,True,23.660000000003492,23.660000000003492,0.9672131147540983,0.9668508287292817,aligned,opposed,0.0,0.0,balanced_or_unknown,False,flat_or_unknown
2026-03-21 22:23:00,2026-03-21,70264.5,70265.0,70264.5,70264.9,1.307,2.47,3.777,-1.1630000000000003,-0.30791633571617694,70264.59,87162.54,3.698e-05,0.0,0.0,False,2026-03-21.csv,1.1630000000000003,negative,0.30791633571617694,0.13114754098360656,0.1270718232044199,0.04918032786885246,0.06629834254143646,0.39999999999417923,0.5,0.7999999999883585,0.7999999999883585,up,opposed,0.34393809113858914,0.3099999999976717,0.3099999999976717,above,True,True,-4.120000000009895,4.120000000009895,0.7049180327868853,0.6740331491712708,aligned,opposed,0.0,0.0,balanced_or_unknown,False,flat_or_unknown
2026-03-21 22:24:00,2026-03-21,70264.9,70265.0,70249.6,70260.1,11.122,13.496,24.618,-2.3740000000000006,-0.09643350394020637,70253.22,87162.82,3.683e-05,0.0,0.0,False,2026-03-21.csv,2.3740000000000006,negative,0.09643350394020637,0.36065573770491804,0.287292817679558,0.7049180327868853,0.6850828729281768,-4.7999999999883585,15.39999999999418,0.3116883116876736,0.6818181818184396,down,aligned,2.0219039595570165,6.880000000004657,6.880000000004657,above,True,True,0.28000000001338776,0.28000000001338776,0.13114754098360656,0.06629834254143646,opposed,opposed,0.0,0.0,balanced_or_unknown,False,flat_or_unknown
2026-03-21 22:25:00,2026-03-21,70260.0,70260.1,70253.9,70253.9,7.516,5.986,13.502,1.5300000000000002,0.11331654569693381,70254.57,87172.99,3.64e-05,0.0,0.0,False,2026-03-21.csv,1.5300000000000002,positive,0.11331654569693381,0.21311475409836064,0.17679558011049723,0.4426229508196721,0.4585635359116022,-6.100000000005821,6.2000000000116415,0.9838709677410269,0.0,down,opposed,3.986928104578967,-0.6700000000128057,0.6700000000128057,below,True,True,10.169999999998254,10.169999999998254,0.9180327868852459,0.850828729281768,aligned,opposed,0.0,0.0,balanced_or_unknown,False,flat_or_unknown
2026-03-21 22:26:00,2026-03-21,70254.0,70271.6,70253.9,70271.5,8.148,3.281,11.429,4.866999999999999,0.4258465307550966,70260.72,87174.63,3.64e-05,0.0,0.0,False,2026-03-21.csv,4.866999999999999,positive,0.4258465307550966,0.4918032786885246,0.4861878453038674,0.3442622950819672,0.36464088397790057,17.5,17.70000000001164,0.9887005649711011,0.9943502824855506,up,aligned,3.595644133963428,10.779999999998836,10.779999999998836,above,True,True,1.639999999999418,1.639999999999418,0.5245901639344263,0.4088397790055249,aligned,aligned,0.0,0.0,balanced_or_unknown,False,flat_or_unknown
2026-03-21 22:27:00,2026-03-21,70271.6,70271.6,70251.4,70251.5,8.44,5.181,13.621,3.2589999999999995,0.23926290287056745,70262.43,87173.41,3.591e-05,0.0,0.0,False,2026-03-21.csv,3.2589999999999995,positive,0.23926290287056745,0.4426229508196721,0.3867403314917127,0.45901639344262296,0.4585635359116022,-20.10000000000582,20.20000000001164,0.9950495049502097,0.0049504950497902545,down,opposed,6.167536054006083,-10.929999999993015,10.929999999993015,below,True,True,-1.2200000000011642,1.2200000000011642,0.47540983606557374,0.3314917127071823,opposed,aligned,0.0,0.0,balanced_or_unknown,False,flat_or_unknown
2026-03-21 22:28:00,2026-03-21,70251.5,70251.5,70249.6,70249.6,3.028,3.842,6.87,-0.8140000000000001,-0.11848617176128094,70251.11,87175.94,3.56e-05,0.0,0.0,False,2026-03-21.csv,0.8140000000000001,negative,0.11848617176128094,0.09836065573770492,0.11049723756906077,0.14754098360655737,0.1712707182320442,-1.8999999999941792,1.8999999999941792,1.0,0.0,down,aligned,2.334152334145183,-1.5099999999947613,1.5099999999947613,below,True,True,2.529999999998836,2.529999999998836,0.6229508196721312,0.5303867403314917,opposed,opposed,0.0,0.0,balanced_or_unknown,False,flat_or_unknown
2026-03-21 22:29:00,2026-03-21,70249.6,70249.7,70246.2,70246.2,5.664,5.714,11.378,-0.05000000000000071,-0.004394445420987934,70248.5,87177.23,3.56e-05,0.0,0.0,False,2026-03-21.csv,0.05000000000000071,negative,0.004394445420987934,0.01639344262295082,0.0055248618784530384,0.3442622950819672,0.35911602209944754,-3.400000000008731,3.5,0.9714285714310661,0.0,down,aligned,68.00000000017366,-2.3000000000029104,2.3000000000029104,below,True,True,1.2899999999935972,1.2899999999935972,0.47540983606557374,0.3314917127071823,opposed,opposed,0.0,0.0,balanced_or_unknown,False,flat_or_unknown
2026-03-21 22:30:00,2026-03-21,70246.2,70256.8,70246.2,70256.5,9.875,6.756,16.631,3.1189999999999998,0.18754133846431362,70252.02,87181.48,3.516e-05,0.0,0.0,False,2026-03-21.csv,3.1189999999999998,positive,0.18754133846431362,0.4098360655737705,0.3867403314917127,0.5737704918032787,0.56353591160221,10.30000000000291,10.60000000000582,0.9716981132072882,0.9716981132072882,up,aligned,3.3023404937489294,4.4799999999959255,4.4799999999959255,above,True,True,4.25,4.25,0.7377049180327869,0.6795580110497238,aligned,aligned,0.0,0.0,balanced_or_unknown,False,flat_or_unknown
2026-03-21 22:31:00,2026-03-21,70256.5,70256.6,70236.3,70236.3,9.999,21.799,31.798,-11.799999999999999,-0.3710925215422353,70241.64,87181.77,3.474e-05,0.0,0.0,False,2026-03-21.csv,11.799999999999999,negative,0.3710925215422353,0.8360655737704918,0.7845303867403315,0.7868852459016393,0.8011049723756906,-20.19999999999709,20.30000000000291,0.9950738916253298,0.0,down,aligned,1.7118644067794144,-5.3399999999965075,5.3399999999965075,below,True,True,0.2900000000081491,0.2900000000081491,0.11475409836065574,0.06077348066298342,opposed,opposed,0.0,0.0,balanced_or_unknown,False,flat_or_unknown
2026-03-21 22:32:00,2026-03-21,70236.3,70236.4,70231.5,70231.5,5.415,16.116,21.531,-10.701,-0.4970043193534904,70232.03,87183.46,3.432e-05,0.0,0.004,False,2026-03-21.csv,10.701,negative,0.4970043193534904,0.7704918032786885,0.7458563535911602,0.6721311475409836,0.6574585635359116,-4.80000000000291,4.899999999994179,0.9795918367364514,0.0,down,aligned,0.44855620970029997,-0.5299999999988358,0.5299999999988358,below,True,True,1.6900000000023283,1.6900000000023283,0.5409836065573771,0.430939226519337,opposed,opposed,0.004,-0.004,sell,False,aligned
2026-03-21 22:33:00,2026-03-21,70231.5,70259.7,70226.7,70259.6,18.098,12.617,30.715,5.480999999999998,0.17844701286016598,70244.81,87180.11,3.432e-05,0.0,0.002,False,2026-03-21.csv,5.480999999999998,positive,0.17844701286016598,0.5245901639344263,0.5303867403314917,0.7704918032786885,0.7734806629834254,28.10000000000582,33.0,0.8515151515153279,0.9969696969699615,up,aligned,5.12680167852688,14.790000000008149,14.790000000008149,above,True,True,-3.3500000000058208,3.3500000000058208,0.6557377049180327,0.6243093922651933,opposed,opposed,0.002,-0.002,sell,False,opposed
2026-03-21 22:34:00,2026-03-21,70259.7,70297.2,70259.7,70297.2,11.778,3.695,15.473,8.083,0.5223938473469916,70279.79,87176.62,3.353e-05,0.0,0.0,False,2026-03-21.csv,8.083,positive,0.5223938473469916,0.6885245901639344,0.6850828729281768,0.4918032786885246,0.5303867403314917,37.5,37.5,1.0,1.0,up,aligned,4.639366571817394,17.410000000003492,17.410000000003492,above,True,True,-3.4900000000052387,3.4900000000052387,0.6557377049180327,0.6408839779005525,opposed,opposed,0.0,0.0,balanced_or_unknown,False,flat_or_unknown
2026-03-21 22:35:00,2026-03-21,70297.2,70320.5,70297.2,70304.5,16.132,6.236,22.368,9.896,0.4424177396280401,70310.47,87178.22,3.385e-05,0.0,0.0,False,2026-03-21.csv,9.896,positive,0.4424177396280401,0.7540983606557377,0.7348066298342542,0.6557377049180327,0.6629834254143646,7.30000000000291,23.30000000000291,0.3133047210301287,0.3133047210301287,up,aligned,0.7376717865807306,-5.970000000001164,5.970000000001164,below,True,True,1.6000000000058208,1.6000000000058208,0.47540983606557374,0.4088397790055249,aligned,aligned,0.0,0.0,balanced_or_unknown,False,flat_or_unknown
2026-03-21 22:36:00,2026-03-21,70304.6,70328.6,70304.5,70325.3,8.999,2.549,11.548,6.450000000000001,0.5585382750259786,70320.88,87177.06,3.385e-05,0.0,0.0,False,2026-03-21.csv,6.450000000000001,positive,0.5585382750259786,0.5737704918032787,0.585635359116022,0.3114754098360656,0.3701657458563536,20.69999999999709,24.10000000000582,0.8589211618253979,0.8630705394189995,up,aligned,3.2093023255809436,4.419999999998254,4.419999999998254,above,True,True,-1.1600000000034925,1.1600000000034925,0.39344262295081966,0.32044198895027626,opposed,opposed,0.0,0.0,balanced_or_unknown,False,flat_or_unknown
2026-03-21 22:37:00,2026-03-21,70325.3,70344.8,70325.2,70330.1,33.11,12.343,45.453,20.767,0.4568895342441643,70338.38,87168.65,3.402e-05,0.0,0.0,False,2026-03-21.csv,20.767,positive,0.4568895342441643,0.9344262295081968,0.9171270718232044,0.9016393442622951,0.9060773480662984,4.80000000000291,19.60000000000582,0.24489795918374924,0.2500000000003712,up,aligned,0.23113593682298408,-8.279999999998836,8.279999999998836,below,True,True,-8.410000000003492,8.410000000003492,0.9180327868852459,0.850828729281768,opposed,opposed,0.0,0.0,balanced_or_unknown,False,flat_or_unknown
2026-03-21 22:38:00,2026-03-21,70330.1,70336.2,70330.0,70336.2,10.259,1.639,11.898,8.620000000000001,0.7244915111783494,70332.01,87168.03,3.401e-05,0.0,0.0,False,2026-03-21.csv,8.620000000000001,positive,0.7244915111783494,0.6885245901639344,0.6850828729281768,0.3114754098360656,0.3867403314917127,6.099999999991269,6.19999999999709,0.983870967740989,1.0,up,aligned,0.7076566125279894,4.190000000002328,4.190000000002328,above,True,True,-0.6199999999953434,0.6199999999953434,0.2459016393442623,0.16574585635359115,opposed,opposed,0.0,0.0,balanced_or_unknown,False,flat_or_unknown
2026-03-21 22:39:00,2026-03-21,70336.2,70336.2,70324.3,70324.3,3.317,14.146,17.463,-10.829,-0.6201110920231346,70333.15,87171.24,3.366e-05,0.0,0.0,False,2026-03-21.csv,10.829,negative,0.6201110920231346,0.7704918032786885,0.7458563535911602,0.5409836065573771,0.574585635359116,-11.89999999999418,11.89999999999418,1.0,0.0,down,aligned,1.0989010989005614,-8.849999999991269,8.849999999991269,below,True,True,3.210000000006403,3.210000000006403,0.639344262295082,0.6187845303867403,opposed,opposed,0.0,0.0,balanced_or_unknown,False,flat_or_unknown
2026-03-21 22:40:00,2026-03-21,70324.4,70324.4,70296.8,70296.8,8.279,28.832,37.111,-20.553,-0.5538250114521301,70313.99,87170.26,3.366e-05,0.0,0.0,False,2026-03-21.csv,20.553,negative,0.5538250114521301,0.9016393442622951,0.9060773480662984,0.8360655737704918,0.8453038674033149,-27.59999999999127,27.59999999999127,1.0,0.0,down,aligned,1.3428696540646752,-17.19000000000233,17.19000000000233,below,True,True,-0.9800000000104774,0.9800000000104774,0.36065573770491804,0.27624309392265195,aligned,aligned,0.0,0.0,balanced_or_unknown,False,flat_or_unknown
2026-03-21 22:41:00,2026-03-21,70296.8,70319.4,70296.8,70319.4,19.554,5.632,25.186,13.921999999999999,0.552767410466132,70308.92,87183.02,3.343e-05,0.0,0.0,False,2026-03-21.csv,13.921999999999999,positive,0.552767410466132,0.8360655737704918,0.8066298342541437,0.7049180327868853,0.7071823204419889,22.59999999999127,22.59999999999127,1.0,1.0,up,aligned,1.6233299813238953,10.479999999995925,10.479999999995925,above,True,True,12.760000000009313,12.760000000009313,0.9508196721311475,0.9060773480662984,aligned,aligned,0.0,0.0,balanced_or_unknown,False,flat_or_unknown
2026-03-21 22:42:00,2026-03-21,70319.4,70331.4,70319.3,70331.4,6.653,1.915,8.568,4.7379999999999995,0.5529878618113911,70322.44,87188.97,3.303e-05,0.0,0.0,False,2026-03-21.csv,4.7379999999999995,positive,0.5529878618113911,0.39344262295081966,0.4530386740331492,0.21311475409836064,0.2596685082872928,12.0,12.099999999991269,0.9917355371907982,1.0,up,aligned,2.532714225411566,8.959999999991851,8.959999999991851,above,True,True,5.94999999999709,5.94999999999709,0.7540983606557377,0.7403314917127072,aligned,aligned,0.0,0.0,balanced_or_unknown,False,flat_or_unknown
2026-03-21 22:43:00,2026-03-21,70331.3,70331.4,70326.8,70326.8,3.193,5.226,8.419,-2.033,-0.2414776101674783,70331.28,87190.57,3.303e-05,0.0,0.0,False,2026-03-21.csv,2.033,negative,0.2414776101674783,0.2459016393442623,0.23756906077348067,0.19672131147540983,0.23204419889502761,-4.5,4.599999999991269,0.9782608695670743,0.0,down,aligned,2.2134776192818495,-4.4799999999959255,4.4799999999959255,below,True,True,1.6000000000058208,1.6000000000058208,0.4918032786885246,0.425414364640884,opposed,opposed,0.0,0.0,balanced_or_unknown,False,flat_or_unknown
2026-03-21 22:44:00,2026-03-21,70326.7,70326.7,70297.5,70297.6,4.456,8.224,12.68,-3.768,-0.29716088328075707,70310.34,87180.26,3.316e-05,0.0,0.0,False,2026-03-21.csv,3.768,negative,0.29716088328075707,0.39344262295081966,0.39779005524861877,0.32786885245901637,0.430939226519337,-29.09999999999127,29.19999999999709,0.9965753424655538,0.003424657534446258,down,aligned,7.722929936303416,-12.739999999990687,12.739999999990687,below,True,True,-10.310000000012224,10.310000000012224,0.9180327868852459,0.856353591160221,aligned,aligned,0.0,0.0,balanced_or_unknown,False,flat_or_unknown
2026-03-21 22:45:00,2026-03-21,70297.5,70297.5,70273.9,70273.9,0.915,9.316,10.231,-8.401,-0.8211318541687029,70283.12,87177.18,3.28e-05,0.0,0.0,False,2026-03-21.csv,8.401,negative,0.8211318541687029,0.6557377049180327,0.6629834254143646,0.22950819672131148,0.3370165745856354,-23.60000000000582,23.60000000000582,1.0,0.0,down,aligned,2.8091893822170957,-9.220000000001164,9.220000000001164,below,True,True,-3.0800000000017462,3.0800000000017462,0.5901639344262295,0.6022099447513812,aligned,aligned,0.0,0.0,balanced_or_unknown,False,flat_or_unknown
2026-03-21 22:46:00,2026-03-21,70273.9,70274.0,70273.9,70273.9,3.494,2.255,5.749,1.2390000000000003,0.21551574186815106,70273.96,87179.63,3.198e-05,0.0,0.0,False,2026-03-21.csv,1.2390000000000003,positive,0.21551574186815106,0.16393442622950818,0.15469613259668508,0.11475409836065574,0.1270718232044199,0.0,0.10000000000582077,0.0,0.0,flat_or_unknown,flat_or_unknown,0.0,-0.06000000001222361,0.06000000001222361,below,True,True,2.4500000000116415,2.4500000000116415,0.5245901639344263,0.5248618784530387,aligned,flat_or_unknown,0.0,0.0,balanced_or_unknown,False,flat_or_unknown
2026-03-21 22:47:00,2026-03-21,70273.9,70274.0,70243.4,70243.4,1.602,12.39,13.992,-10.788,-0.7710120068610634,70255.06,87178.23,3.198e-05,0.0,0.0,False,2026-03-21.csv,10.788,negative,0.7710120068610634,0.7704918032786885,0.7292817679558011,0.4426229508196721,0.47513812154696133,-30.5,30.60000000000582,0.9967320261436012,0.0,down,aligned,2.8272154245457917,-11.660000000003492,11.660000000003492,below,True,True,-1.4000000000087311,1.4000000000087311,0.4262295081967213,0.36464088397790057,aligned,aligned,0.0,0.0,balanced_or_unknown,False,flat_or_unknown
2026-03-21 22:48:00,2026-03-21,70243.5,70261.2,70237.1,70261.1,15.728,9.028,24.756,6.699999999999999,0.27064146065600253,70242.57,87179.17,3.127e-05,0.0,0.0,False,2026-03-21.csv,6.699999999999999,positive,0.27064146065600253,0.5901639344262295,0.585635359116022,0.7213114754098361,0.6906077348066298,17.60000000000582,24.09999999999127,0.7302904564320414,0.9958506224069998,up,aligned,2.62686567164266,18.529999999998836,18.529999999998836,above,True,True,0.9400000000023283,0.9400000000023283,0.2786885245901639,0.2541436464088398,aligned,aligned,0.0,0.0,balanced_or_unknown,False,flat_or_unknown
2026-03-21 22:49:00,2026-03-21,70261.2,70272.7,70261.1,70272.7,8.901,3.951,12.852,4.949999999999999,0.38515406162464977,70265.84,87184.6,2.996e-05,0.0,0.0,False,2026-03-21.csv,4.949999999999999,positive,0.38515406162464977,0.45901639344262296,0.47513812154696133,0.36065573770491804,0.43646408839779005,11.5,11.599999999991269,0.9913793103455738,1.0,up,aligned,2.3232323232323235,6.860000000000582,6.860000000000582,above,True,True,5.430000000007567,5.430000000007567,0.7540983606557377,0.7071823204419889,aligned,aligned,0.0,0.0,balanced_or_unknown,False,flat_or_unknown
2026-03-21 22:50:00,2026-03-21,70272.7,70277.9,70230.9,70274.0,28.537,85.546,114.083,-57.00900000000001,-0.49971511969355653,70256.93,87183.87,2.941e-05,0.0,0.0,False,2026-03-21.csv,57.00900000000001,negative,0.49971511969355653,0.9836065573770492,0.988950276243094,0.9836065573770492,0.994475138121547,1.3000000000029104,47.0,0.02765957446814703,0.9170212765958685,up,opposed,0.022803417004383698,17.070000000006985,17.070000000006985,above,True,True,-0.7300000000104774,0.7300000000104774,0.22950819672131148,0.19337016574585636,aligned,opposed,0.0,0.0,balanced_or_unknown,False,flat_or_unknown
2026-03-21 22:51:00,2026-03-21,70274.1,70274.3,70252.0,70252.1,4.778,6.841,11.619,-2.0630000000000006,-0.1775540063688786,70263.83,87185.31,2.941e-05,0.0,0.0,False,2026-03-21.csv,2.0630000000000006,negative,0.1775540063688786,0.2459016393442623,0.23204419889502761,0.2786885245901639,0.3812154696132597,-22.0,22.30000000000291,0.986547085201665,0.004484304932995862,down,aligned,10.66408143480368,-11.729999999995925,11.729999999995925,below,True,True,1.4400000000023283,1.4400000000023283,0.4426229508196721,0.39226519337016574,opposed,opposed,0.0,0.0,balanced_or_unknown,False,flat_or_unknown
2026-03-21 22:52:00,2026-03-21,70252.1,70252.1,70241.6,70241.6,2.748,4.134,6.882,-1.3860000000000001,-0.20139494333042723,70248.0,87185.43,2.935e-05,0.0,0.0,False,2026-03-21.csv,1.3860000000000001,negative,0.20139494333042723,0.19672131147540983,0.16022099447513813,0.13114754098360656,0.1712707182320442,-10.5,10.5,1.0,0.0,down,aligned,7.575757575757575,-6.399999999994179,6.399999999994179,below,True,True,0.11999999999534339,0.11999999999534339,0.03278688524590164,0.03314917127071823,opposed,opposed,0.0,0.0,balanced_or_unknown,False,flat_or_unknown
2026-03-21 22:53:00,2026-03-21,70241.6,70250.6,70240.0,70250.5,9.087,3.295,12.382,5.792,0.4677758035858504,70243.63,87183.79,2.864e-05,0.0,0.0,False,2026-03-21.csv,5.792,positive,0.4677758035858504,0.5245901639344263,0.5138121546961326,0.3114754098360656,0.4198895027624309,8.89999999999418,10.60000000000582,0.8396226415084238,0.9905660377353052,up,aligned,1.5366022099437464,6.869999999995343,6.869999999995343,above,True,True,-1.639999999999418,1.639999999999418,0.5081967213114754,0.4530386740331492,opposed,opposed,0.0,0.0,balanced_or_unknown,False,flat_or_unknown
2026-03-21 22:54:00,2026-03-21,70250.6,70250.6,70250.5,70250.5,0.194,2.823,3.017,-2.629,-0.8713954259197879,70250.51,87185.21,2.864e-05,0.0,0.166,False,2026-03-21.csv,2.629,negative,0.8713954259197879,0.3114754098360656,0.3149171270718232,0.03278688524590164,0.027624309392265192,-0.10000000000582077,0.10000000000582077,1.0,0.0,down,aligned,0.03803727653321444,-0.00999999999476131,0.00999999999476131,below,True,True,1.4200000000128057,1.4200000000128057,0.4098360655737705,0.3867403314917127,opposed,opposed,0.166,-0.166,sell,True,aligned
2026-03-21 22:55:00,2026-03-21,70250.5,70270.0,70247.0,70255.5,50.912,24.875,75.787,26.037,0.34355496325227275,70258.24,87186.09,2.817e-05,0.0,0.0,False,2026-03-21.csv,26.037,positive,0.34355496325227275,0.9508196721311475,0.9281767955801105,0.9672131147540983,0.9613259668508287,5.0,23.0,0.21739130434782608,0.3695652173913043,up,aligned,0.19203441256673195,-2.7400000000052387,2.7400000000052387,below,True,True,0.8799999999901047,0.8799999999901047,0.2459016393442623,0.2430939226519337,aligned,aligned,0.0,0.0,balanced_or_unknown,False,flat_or_unknown
2026-03-21 22:56:00,2026-03-21,70255.4,70277.5,70253.3,70266.0,6.286,4.087,10.373,2.199,0.21199267328641666,70269.75,87185.27,2.8e-05,0.0,0.0,False,2026-03-21.csv,2.199,positive,0.21199267328641666,0.26229508196721313,0.24861878453038674,0.22950819672131148,0.3370165745856354,10.60000000000582,24.19999999999709,0.43801652892591303,0.5247933884296949,up,aligned,4.820372896773907,-3.75,3.75,below,True,True,-0.819999999992433,0.819999999992433,0.19672131147540983,0.22099447513812154,opposed,opposed,0.0,0.0,balanced_or_unknown,False,flat_or_unknown
2026-03-21 22:57:00,2026-03-21,70266.0,70266.1,70253.8,70253.9,1.85,17.021,18.871,-15.171000000000001,-0.8039319590906684,70260.22,87186.44,2.778e-05,0.0,0.0,False,2026-03-21.csv,15.171000000000001,negative,0.8039319590906684,0.8852459016393442,0.8232044198895028,0.6557377049180327,0.6022099447513812,-12.10000000000582,12.30000000000291,0.9837398373986145,0.008130081300101235,down,aligned,0.7975743194256028,-6.320000000006985,6.320000000006985,below,True,True,1.1699999999982538,1.1699999999982538,0.39344262295081966,0.34806629834254144,opposed,opposed,0.0,0.0,balanced_or_unknown,False,flat_or_unknown
2026-03-21 22:58:00,2026-03-21,70253.8,70264.9,70253.8,70264.9,14.199,6.406,20.605,7.793,0.3782091725309391,70257.68,87186.81,2.778e-05,0.0,0.0,False,2026-03-21.csv,7.793,positive,0.3782091725309391,0.6557377049180327,0.6243093922651933,0.6557377049180327,0.6243093922651933,11.099999999991269,11.099999999991269,1.0,1.0,up,aligned,1.4243551905545064,7.220000000001164,7.220000000001164,above,True,True,0.3699999999953434,0.3699999999953434,0.09836065573770492,0.09944751381215469,aligned,aligned,0.0,0.0,balanced_or_unknown,False,flat_or_unknown
2026-03-21 22:59:00,2026-03-21,70264.9,70275.6,70264.8,70275.5,4.744,1.2,5.944,3.5439999999999996,0.5962314939434723,70265.93,87193.89,2.724e-05,0.0,0.0,False,2026-03-21.csv,3.5439999999999996,positive,0.5962314939434723,0.39344262295081966,0.39226519337016574,0.11475409836065574,0.13259668508287292,10.60000000000582,10.80000000000291,0.981481481481756,0.9907407407402042,up,aligned,2.9909706546291823,9.570000000006985,9.570000000006985,above,True,True,7.080000000001746,7.080000000001746,0.8360655737704918,0.7955801104972375,aligned,aligned,0.0,0.0,balanced_or_unknown,False,flat_or_unknown
2026-03-21 23:00:00,2026-03-21,70275.6,70279.5,70253.2,70253.2,5.073,24.364,29.437,-19.291,-0.6553317253796243,70268.21,87194.19,2.696e-05,0.002,0.0,False,2026-03-21.csv,19.291,negative,0.6553317253796243,0.9016393442622951,0.8784530386740331,0.7868852459016393,0.7458563535911602,-22.40000000000873,26.30000000000291,0.8517110266162073,0.0,down,aligned,1.161163236742975,-15.010000000009313,15.010000000009313,below,True,True,0.3000000000029104,0.3000000000029104,0.09836065573770492,0.0718232044198895,opposed,opposed,0.002,0.002,buy,True,opposed
2026-03-21 23:01:00,2026-03-21,70253.2,70265.5,70236.6,70243.0,22.024,54.658,76.682,-32.634,-0.42557575441433454,70248.96,87190.93,2.696e-05,0.0,0.0,False,2026-03-21.csv,32.634,negative,0.42557575441433454,0.9672131147540983,0.9502762430939227,0.9672131147540983,0.9613259668508287,-10.19999999999709,28.89999999999418,0.3529411764705586,0.22145328719707502,down,aligned,0.3125574554145091,-5.960000000006403,5.960000000006403,below,True,True,-3.2600000000093132,3.2600000000093132,0.6557377049180327,0.6408839779005525,aligned,aligned,0.0,0.0,balanced_or_unknown,False,flat_or_unknown
2026-03-21 23:02:00,2026-03-21,70243.1,70243.1,70182.0,70231.0,35.0,124.748,159.748,-89.748,-0.5618098505145604,70205.29,87188.49,2.687e-05,0.0,0.02,False,2026-03-21.csv,89.748,negative,0.5618098505145604,1.0,1.0,1.0,1.0,-12.10000000000582,61.10000000000582,0.19803600654672124,0.8019639934532787,down,aligned,0.13482194589300953,25.710000000006403,25.710000000006403,above,True,True,-2.4399999999877764,2.4399999999877764,0.5409836065573771,0.5414364640883977,aligned,aligned,0.02,-0.02,sell,True,aligned
2026-03-21 23:03:00,2026-03-21,70231.0,70246.0,70194.4,70194.4,5.768,41.812,47.58,-36.044,-0.7575451870533837,70226.61,87124.91,2.62e-05,0.0,0.014,False,2026-03-21.csv,36.044,negative,0.7575451870533837,0.9508196721311475,0.9558011049723757,0.9016393442622951,0.8895027624309392,-36.60000000000582,51.60000000000582,0.7093023255814281,0.0,down,aligned,1.0154255909445629,-32.2100000000064,32.2100000000064,below,True,True,-63.580000000001746,63.580000000001746,1.0,1.0,aligned,aligned,0.014,-0.014,sell,True,aligned
2026-03-21 23:04:00,2026-03-21,70194.4,70202.2,70177.0,70201.9,56.042,26.307,82.349,29.735000000000003,0.3610851376458731,70187.51,87145.33,2.566e-05,0.0,0.015,False,2026-03-21.csv,29.735000000000003,positive,0.3610851376458731,0.9016393442622951,0.9281767955801105,0.9508196721311475,0.9613259668508287,7.5,25.19999999999709,0.297619047619082,0.9880952380951212,up,aligned,0.25222801412476875,14.389999999999418,14.389999999999418,above,True,True,20.419999999998254,20.419999999998254,0.9508196721311475,0.9502762430939227,aligned,aligned,0.015,-0.015,sell,True,opposed
2026-03-21 23:05:00,2026-03-21,70201.9,70217.0,70198.5,70216.9,9.497,10.902,20.399,-1.4049999999999994,-0.06887592529045539,70202.36,87146.75,2.566e-05,0.0,0.011,False,2026-03-21.csv,1.4049999999999994,negative,0.06887592529045539,0.18032786885245902,0.16022099447513813,0.6229508196721312,0.6077348066298343,15.0,18.5,0.8108108108108109,0.99459459459428,up,opposed,10.676156583629899,14.539999999993597,14.539999999993597,above,True,True,1.4199999999982538,1.4199999999982538,0.3770491803278688,0.4088397790055249,opposed,aligned,0.011,-0.011,sell,False,aligned
2026-03-21 23:06:00,2026-03-21,70216.9,70237.3,70216.9,70219.3,14.422,11.086,25.508,3.3360000000000003,0.13078249960796615,70229.08,87146.26,2.528e-05,0.0,0.0,False,2026-03-21.csv,3.3360000000000003,positive,0.13078249960796615,0.36065573770491804,0.3701657458563536,0.7540983606557377,0.7016574585635359,2.400000000008731,20.40000000000873,0.11764705882390705,0.11764705882390705,up,aligned,0.7194244604342719,-9.779999999998836,9.779999999998836,below,True,True,-0.4900000000052387,0.4900000000052387,0.11475409836065574,0.13259668508287292,opposed,opposed,0.0,0.0,balanced_or_unknown,False,flat_or_unknown
2026-03-21 23:07:00,2026-03-21,70219.2,70219.2,70202.9,70204.2,10.336,14.531,24.867,-4.195,-0.16869747054329032,70205.72,87147.23,2.537e-05,0.0,0.0,False,2026-03-21.csv,4.195,negative,0.16869747054329032,0.39344262295081966,0.4198895027624309,0.7213114754098361,0.6685082872928176,-15.0,16.30000000000291,0.9202453987728418,0.07975460122715818,down,aligned,3.575685339690107,-1.5200000000040745,1.5200000000040745,below,True,True,0.9700000000011642,0.9700000000011642,0.26229508196721313,0.287292817679558,opposed,opposed,0.0,0.0,balanced_or_unknown,False,flat_or_unknown
2026-03-21 23:08:00,2026-03-21,70204.2,70204.3,70189.5,70189.5,4.871,15.71,20.581,-10.839,-0.5266507944220398,70198.44,87149.37,2.537e-05,0.0,0.0,False,2026-03-21.csv,10.839,negative,0.5266507944220398,0.7704918032786885,0.7182320441988951,0.6065573770491803,0.5966850828729282,-14.69999999999709,14.80000000000291,0.9932432432428513,0.0,down,aligned,1.35621367284778,-8.940000000002328,8.940000000002328,below,True,True,2.139999999999418,2.139999999999418,0.5245901639344263,0.5193370165745856,opposed,opposed,0.0,0.0,balanced_or_unknown,False,flat_or_unknown
2026-03-21 23:09:00,2026-03-21,70189.6,70208.5,70189.5,70208.5,14.607,3.829,18.436,10.777999999999999,0.5846170535908005,70195.96,87154.08,2.46e-05,0.0,0.0,False,2026-03-21.csv,10.777999999999999,positive,0.5846170535908005,0.7213114754098361,0.7016574585635359,0.5573770491803278,0.569060773480663,18.89999999999418,19.0,0.9947368421049568,1.0,up,aligned,1.753572091296547,12.539999999993597,12.539999999993597,above,True,True,4.710000000006403,4.710000000006403,0.7704918032786885,0.7071823204419889,aligned,aligned,0.0,0.0,balanced_or_unknown,False,flat_or_unknown
2026-03-21 23:10:00,2026-03-21,70208.5,70215.3,70190.4,70190.5,11.457,24.191,35.648,-12.733999999999998,-0.35721499102333926,70208.4,87159.23,2.406e-05,0.0,0.0,False,2026-03-21.csv,12.733999999999998,negative,0.35721499102333926,0.7868852459016393,0.7734806629834254,0.819672131147541,0.8011049723756906,-18.0,24.90000000000873,0.7228915662648068,0.00401606425726047,down,aligned,1.4135385581906708,-17.89999999999418,17.89999999999418,below,True,True,5.149999999994179,5.149999999994179,0.7704918032786885,0.7071823204419889,opposed,opposed,0.0,0.0,balanced_or_unknown,False,flat_or_unknown
2026-03-21 23:11:00,2026-03-21,70190.4,70194.1,70189.2,70190.2,3.289,13.567,16.856,-10.278,-0.6097532036070241,70192.47,87154.83,2.419e-05,0.0,0.0,False,2026-03-21.csv,10.278,negative,0.6097532036070241,0.6721311475409836,0.6795580110497238,0.4918032786885246,0.5138121546961326,-0.19999999999708962,4.900000000008731,0.04081632652994556,0.20408163265269758,down,aligned,0.019459038723203894,-2.2700000000040745,2.2700000000040745,below,True,True,-4.399999999994179,4.399999999994179,0.7377049180327869,0.6906077348066298,aligned,aligned,0.0,0.0,balanced_or_unknown,False,flat_or_unknown
2026-03-21 23:12:00,2026-03-21,70190.0,70190.1,70166.3,70166.3,15.392,46.759,62.151,-31.367,-0.5046901900210777,70176.61,87157.34,2.419e-05,0.0,0.074,False,2026-03-21.csv,31.367,negative,0.5046901900210777,0.9344262295081968,0.9337016574585635,0.9180327868852459,0.9226519337016574,-23.69999999999709,23.80000000000291,0.9957983193274871,0.0,down,aligned,0.7555711416455858,-10.309999999997672,10.309999999997672,below,True,True,2.5099999999947613,2.5099999999947613,0.5573770491803278,0.5580110497237569,opposed,opposed,0.074,-0.074,sell,True,aligned
2026-03-21 23:13:00,2026-03-21,70166.4,70166.4,70080.0,70105.1,163.086,344.463,507.549,-181.377,-0.35735859985932394,70115.44,87011.23,2.402e-05,0.0,0.286,False,2026-03-21.csv,181.377,negative,0.35735859985932394,1.0,1.0,1.0,1.0,-61.29999999998836,86.39999999999418,0.7094907407406538,0.2905092592593462,down,aligned,0.33797008440975623,-10.339999999996508,10.339999999996508,below,True,True,-146.11000000000058,146.11000000000058,1.0,1.0,aligned,aligned,0.286,-0.286,sell,True,aligned
2026-03-21 23:14:00,2026-03-21,70105.0,70129.6,70081.1,70116.3,40.865,107.857,148.722,-66.99199999999999,-0.4504511773644786,70105.48,87002.27,2.366e-05,0.0,0.076,False,2026-03-21.csv,66.99199999999999,negative,0.4504511773644786,0.9672131147540983,0.988950276243094,0.9672131147540983,0.988950276243094,11.30000000000291,48.5,0.2329896907217095,0.7257731958762287,up,opposed,0.16867685693818535,10.820000000006985,10.820000000006985,above,True,True,-8.959999999991851,8.959999999991851,0.8852459016393442,0.8342541436464088,aligned,opposed,0.076,-0.076,sell,True,aligned
2026-03-21 23:15:00,2026-03-21,70116.4,70130.8,70111.0,70118.6,23.737,11.896,35.633,11.840999999999998,0.3323043246428871,70119.75,86960.8,2.334e-05,0.0,0.0,False,2026-03-21.csv,11.840999999999998,positive,0.3323043246428871,0.7213114754098361,0.7513812154696132,0.7540983606557377,0.7790055248618785,2.2000000000116415,19.80000000000291,0.11111111111168273,0.3838383838386214,up,aligned,0.18579511865650214,-1.1499999999941792,1.1499999999941792,below,True,True,-41.470000000001164,41.470000000001164,0.9672131147540983,0.9779005524861878,opposed,opposed,0.0,0.0,balanced_or_unknown,False,flat_or_unknown
2026-03-21 23:16:00,2026-03-21,70118.6,70123.9,70105.2,70105.2,19.761,28.838,48.599,-9.077000000000002,-0.18677339039897944,70120.32,86954.97,2.334e-05,0.0,0.0,False,2026-03-21.csv,9.077000000000002,negative,0.18677339039897944,0.5573770491803278,0.6353591160220995,0.8688524590163934,0.8839779005524862,-13.400000000008731,18.69999999999709,0.7165775401075303,0.0,down,aligned,1.4762586757748957,-15.120000000009895,15.120000000009895,below,True,True,-5.830000000001746,5.830000000001746,0.7704918032786885,0.7237569060773481,aligned,aligned,0.0,0.0,balanced_or_unknown,False,flat_or_unknown
2026-03-21 23:17:00,2026-03-21,70105.0,70105.0,70092.1,70099.9,21.661,25.364,47.025,-3.7029999999999994,-0.07874534821903242,70098.1,86965.9,2.33e-05,0.0,0.011,False,2026-03-21.csv,3.7029999999999994,negative,0.07874534821903242,0.3114754098360656,0.3867403314917127,0.819672131147541,0.856353591160221,-5.100000000005821,12.89999999999418,0.3953488372099319,0.604651162790068,down,aligned,1.3772616797207187,1.7999999999883585,1.7999999999883585,above,True,True,10.929999999993015,10.929999999993015,0.9016393442622951,0.856353591160221,opposed,opposed,0.011,-0.011,sell,False,aligned
2026-03-21 23:18:00,2026-03-21,70099.9,70149.1,70099.9,70148.4,43.038,6.094,49.132,36.943999999999996,0.7519335667182284,70128.78,86971.18,2.3e-05,0.0,0.0,False,2026-03-21.csv,36.943999999999996,positive,0.7519335667182284,0.9344262295081968,0.9447513812154696,0.8688524590163934,0.8895027624309392,48.5,49.20000000001164,0.985772357723344,0.985772357723344,up,aligned,1.3127977479428325,19.619999999995343,19.619999999995343,above,True,True,5.279999999998836,5.279999999998836,0.7213114754098361,0.6906077348066298,aligned,aligned,0.0,0.0,balanced_or_unknown,False,flat_or_unknown
2026-03-21 23:19:00,2026-03-21,70148.3,70171.8,70148.3,70171.8,24.988,9.178,34.166,15.809999999999999,0.4627407364046128,70155.49,86985.12,2.3e-05,0.0,0.0,False,2026-03-21.csv,15.809999999999999,positive,0.4627407364046128,0.7704918032786885,0.8121546961325967,0.7049180327868853,0.7624309392265194,23.5,23.5,1.0,1.0,up,aligned,1.4864010120177105,16.30999999999767,16.30999999999767,above,True,True,13.940000000002328,13.940000000002328,0.9180327868852459,0.9116022099447514,aligned,aligned,0.0,0.0,balanced_or_unknown,False,flat_or_unknown
2026-03-21 23:20:00,2026-03-21,70171.8,70191.2,70153.6,70161.7,47.535,47.067,94.602,0.4679999999999964,0.004947041288767641,70179.29,87001.39,2.331e-05,0.0,0.0,False,2026-03-21.csv,0.4679999999999964,positive,0.004947041288767641,0.03278688524590164,0.055248618784530384,0.9344262295081968,0.9668508287292817,-10.10000000000582,37.59999999999127,0.2686170212768129,0.21542553191471142,down,opposed,21.581196581209184,-17.589999999996508,17.589999999996508,below,True,True,16.270000000004075,16.270000000004075,0.9180327868852459,0.9226519337016574,aligned,opposed,0.0,0.0,balanced_or_unknown,False,flat_or_unknown
2026-03-21 23:21:00,2026-03-21,70161.6,70164.7,70131.3,70164.6,28.395,76.856,105.251,-48.461,-0.460432679974537,70149.68,87031.48,2.377e-05,0.0,0.0,False,2026-03-21.csv,48.461,negative,0.460432679974537,0.9344262295081968,0.9613259668508287,0.9344262295081968,0.9668508287292817,3.0,33.39999999999418,0.08982035928145278,0.997005988024213,up,opposed,0.06190544974309239,14.920000000012806,14.920000000012806,above,True,True,30.089999999996508,30.089999999996508,0.9508196721311475,0.9613259668508287,opposed,aligned,0.0,0.0,balanced_or_unknown,False,flat_or_unknown
2026-03-21 23:22:00,2026-03-21,70164.6,70184.1,70164.6,70167.3,6.87,18.963,25.833,-12.093,-0.4681221693183138,70176.51,87040.9,2.367e-05,0.0,0.0,False,2026-03-21.csv,12.093,negative,0.4681221693183138,0.7049180327868853,0.7458563535911602,0.639344262295082,0.6685082872928176,2.6999999999970896,19.5,0.1384615384613892,0.1384615384613892,up,opposed,0.22326966013372113,-9.209999999991851,9.209999999991851,below,True,True,9.419999999998254,9.419999999998254,0.8032786885245902,0.8121546961325967,opposed,aligned,0.0,0.0,balanced_or_unknown,False,flat_or_unknown
2026-03-21 23:23:00,2026-03-21,70167.2,70167.3,70138.7,70138.7,4.179,9.908,14.087,-5.728999999999999,-0.4066870163980975,70151.47,87037.35,2.367e-05,0.0,0.0,False,2026-03-21.csv,5.728999999999999,negative,0.4066870163980975,0.4098360655737705,0.47513812154696133,0.36065573770491804,0.40331491712707185,-28.5,28.60000000000582,0.9965034965032937,0.0,down,aligned,4.974690172805028,-12.770000000004075,12.770000000004075,below,True,True,-3.5499999999883585,3.5499999999883585,0.6065573770491803,0.6132596685082873,aligned,aligned,0.0,0.0,balanced_or_unknown,False,flat_or_unknown
2026-03-21 23:24:00,2026-03-21,70138.7,70149.1,70134.7,70149.1,12.068,7.842,19.91,4.226,0.21225514816675037,70140.32,87038.03,2.357e-05,0.0,0.0,False,2026-03-21.csv,4.226,positive,0.21225514816675037,0.32786885245901637,0.40331491712707185,0.45901639344262296,0.5414364640883977,10.400000000008731,14.400000000008731,0.7222222222223906,1.0,up,aligned,2.4609559867507644,8.779999999998836,8.779999999998836,above,True,True,0.6799999999930151,0.6799999999930151,0.13114754098360656,0.1712707182320442,aligned,aligned,0.0,0.0,balanced_or_unknown,False,flat_or_unknown
2026-03-21 23:25:00,2026-03-21,70149.0,70169.3,70130.7,70130.7,19.384,13.35,32.734,6.034000000000001,0.18433433127634877,70155.61,87031.4,2.334e-05,0.0,0.0,False,2026-03-21.csv,6.034000000000001,positive,0.18433433127634877,0.4262295081967213,0.4972375690607735,0.6885245901639344,0.7348066298342542,-18.30000000000291,38.60000000000582,0.47409326424870857,0.0,down,opposed,3.0328140536962063,-24.910000000003492,24.910000000003492,below,True,True,-6.630000000004657,6.630000000004657,0.7540983606557377,0.7458563535911602,opposed,aligned,0.0,0.0,balanced_or_unknown,False,flat_or_unknown
2026-03-21 23:26:00,2026-03-21,70130.6,70130.6,70100.1,70105.7,15.032,30.138,45.17,-15.106000000000002,-0.334425503652867,70107.28,87032.62,2.334e-05,0.0,0.0,False,2026-03-21.csv,15.106000000000002,negative,0.334425503652867,0.7377049180327869,0.7955801104972375,0.7540983606557377,0.8287292817679558,-24.90000000000873,30.5,0.8163934426232371,0.1836065573767629,down,aligned,1.6483516483522263,-1.5800000000017462,1.5800000000017462,below,True,True,1.2200000000011642,1.2200000000011642,0.2786885245901639,0.3314917127071823,opposed,opposed,0.0,0.0,balanced_or_unknown,False,flat_or_unknown
2026-03-21 23:27:00,2026-03-21,70105.7,70122.5,70105.6,70116.0,20.423,4.172,24.595,16.250999999999998,0.660744053669445,70116.53,87030.37,2.311e-05,0.0,0.0,False,2026-03-21.csv,16.250999999999998,positive,0.660744053669445,0.7704918032786885,0.8232044198895028,0.5245901639344263,0.6132596685082873,10.30000000000291,16.89999999999418,0.6094674556216839,0.615384615384483,up,aligned,0.6338071503293897,-0.5299999999988358,0.5299999999988358,below,True,True,-2.25,2.25,0.45901639344262296,0.48066298342541436,opposed,opposed,0.0,0.0,balanced_or_unknown,False,flat_or_unknown
2026-03-21 23:28:00,2026-03-21,70116.1,70120.0,70101.2,70101.2,12.124,24.89,37.014,-12.766,-0.3448965256389474,70114.31,87026.61,2.291e-05,0.0,0.0,False,2026-03-21.csv,12.766,negative,0.3448965256389474,0.6885245901639344,0.7624309392265194,0.7213114754098361,0.7734806629834254,-14.900000000008731,18.80000000000291,0.7925531914897034,0.0,down,aligned,1.1671627761247636,-13.110000000000582,13.110000000000582,below,True,True,-3.7599999999947613,3.7599999999947613,0.6229508196721312,0.6353591160220995,aligned,aligned,0.0,0.0,balanced_or_unknown,False,flat_or_unknown
2026-03-21 23:29:00,2026-03-21,70101.2,70109.4,70101.2,70109.3,8.942,12.133,21.075,-3.190999999999999,-0.1514116251482799,70107.43,87030.46,2.283e-05,0.0,0.0,False,2026-03-21.csv,3.190999999999999,negative,0.1514116251482799,0.18032786885245902,0.3314917127071823,0.45901639344262296,0.5580110497237569,8.10000000000582,8.19999999999709,0.987804878049841,0.987804878049841,up,opposed,2.538389219682176,1.8700000000098953,1.8700000000098953,above,True,True,3.8500000000058208,3.8500000000058208,0.6229508196721312,0.6408839779005525,opposed,aligned,0.0,0.0,balanced_or_unknown,False,flat_or_unknown
2026-03-21 23:30:00,2026-03-21,70109.3,70109.5,70085.2,70085.9,34.8,31.238,66.038,3.5619999999999976,0.053938641388291554,70095.08,87018.06,2.283e-05,0.0,0.334,False,2026-03-21.csv,3.5619999999999976,positive,0.053938641388291554,0.21311475409836064,0.35911602209944754,0.8524590163934426,0.9060773480662984,-23.40000000000873,24.30000000000291,0.9629629629632069,0.028806584362016698,down,opposed,6.569343065695886,-9.180000000007567,9.180000000007567,below,True,True,-12.400000000008731,12.400000000008731,0.8688524590163934,0.8729281767955801,opposed,aligned,0.334,-0.334,sell,True,opposed
2026-03-21 23:31:00,2026-03-21,70085.9,70085.9,70080.0,70082.2,13.214,28.845,42.059,-15.630999999999998,-0.37164459449820486,70084.46,87004.91,2.286e-05,0.0,0.069,False,2026-03-21.csv,15.630999999999998,negative,0.37164459449820486,0.7377049180327869,0.8066298342541437,0.7213114754098361,0.8176795580110497,-3.6999999999970896,5.899999999994179,0.6271186440679221,0.372881355932078,down,aligned,0.23670910370399142,-2.2600000000093132,2.2600000000093132,below,True,True,-13.14999999999418,13.14999999999418,0.8852459016393442,0.8895027624309392,aligned,aligned,0.069,-0.069,sell,False,aligned
2026-03-21 23:32:00,2026-03-21,70082.2,70091.8,70070.0,70091.7,23.869,25.859,49.728,-1.990000000000002,-0.04001769626769631,70078.55,87004.68,2.254e-05,0.0,0.053,False,2026-03-21.csv,1.990000000000002,negative,0.04001769626769631,0.08196721311475409,0.20994475138121546,0.819672131147541,0.8839779005524862,9.5,21.80000000000291,0.4357798165137033,0.9954128440364308,up,opposed,4.7738693467336635,13.14999999999418,13.14999999999418,above,True,True,-0.23000000001047738,0.23000000001047738,0.03278688524590164,0.049723756906077346,aligned,opposed,0.053,-0.053,sell,False,aligned
2026-03-21 23:33:00,2026-03-21,70091.8,70140.5,70091.7,70139.0,51.065,6.261,57.326,44.803999999999995,0.7815650839060809,70113.62,86990.0,2.254e-05,0.0,0.0,False,2026-03-21.csv,44.803999999999995,positive,0.7815650839060809,0.9180327868852459,0.9447513812154696,0.819672131147541,0.8895027624309392,47.19999999999709,48.80000000000291,0.9672131147539811,0.969262295081969,up,aligned,1.0534773680920697,25.380000000004657,25.380000000004657,above,True,True,-14.679999999993015,14.679999999993015,0.9016393442622951,0.9116022099447514,opposed,opposed,0.0,0.0,balanced_or_unknown,False,flat_or_unknown
2026-03-21 23:34:00,2026-03-21,70139.0,70139.0,70111.0,70117.6,11.176,21.814,32.99,-10.638,-0.32246135192482567,70125.97,86984.42,2.25e-05,0.0,0.0,False,2026-03-21.csv,10.638,negative,0.32246135192482567,0.5245901639344263,0.6685082872928176,0.5901639344262295,0.7182320441988951,-21.39999999999418,28.0,0.7642857142855064,0.2357142857144936,down,aligned,2.0116563263765914,-8.369999999995343,8.369999999995343,below,True,True,-5.580000000001746,5.580000000001746,0.6721311475409836,0.6740331491712708,aligned,aligned,0.0,0.0,balanced_or_unknown,False,flat_or_unknown
2026-03-21 23:35:00,2026-03-21,70117.6,70118.4,70100.0,70106.8,5.032,6.6,11.632,-1.5679999999999996,-0.13480055020632734,70108.85,86984.77,2.292e-05,0.0,0.0,False,2026-03-21.csv,1.5679999999999996,negative,0.13480055020632734,0.08196721311475409,0.16022099447513813,0.18032786885245902,0.287292817679558,-10.80000000000291,18.39999999999418,0.5869565217394743,0.36956521739157944,down,aligned,6.887755102042674,-2.0500000000029104,2.0500000000029104,below,True,True,0.35000000000582077,0.35000000000582077,0.06557377049180328,0.09392265193370165,opposed,opposed,0.0,0.0,balanced_or_unknown,False,flat_or_unknown
2026-03-21 23:36:00,2026-03-21,70106.9,70122.9,70106.9,70115.2,10.53,6.641,17.171,3.8889999999999993,0.22648651796633856,70113.38,86987.96,2.292e-05,0.0,0.0,False,2026-03-21.csv,3.8889999999999993,positive,0.22648651796633856,0.2786885245901639,0.3867403314917127,0.3114754098360656,0.46408839779005523,8.30000000000291,16.0,0.5187500000001819,0.5187500000001819,up,aligned,2.1342247364368507,1.819999999992433,1.819999999992433,above,True,True,3.1900000000023283,3.1900000000023283,0.4918032786885246,0.569060773480663,aligned,aligned,0.0,0.0,balanced_or_unknown,False,flat_or_unknown
2026-03-21 23:37:00,2026-03-21,70115.2,70143.9,70112.7,70127.7,42.6,127.697,170.297,-85.09700000000001,-0.49969758715655593,70133.04,86991.86,2.292e-05,0.0,0.0,False,2026-03-21.csv,85.09700000000001,negative,0.49969758715655593,0.9672131147540983,0.988950276243094,0.9836065573770492,0.994475138121547,12.5,31.19999999999709,0.400641025641063,0.48076923076927564,up,opposed,0.14689119475422163,-5.3399999999965075,5.3399999999965075,below,True,True,3.8999999999941792,3.8999999999941792,0.5737704918032787,0.6298342541436464,opposed,aligned,0.0,0.0,balanced_or_unknown,False,flat_or_unknown
2026-03-21 23:38:00,2026-03-21,70127.8,70143.1,70109.9,70124.8,21.9,14.794,36.694,7.105999999999998,0.1936556385240093,70121.09,87066.14,2.29e-05,0.0,0.0,False,2026-03-21.csv,7.105999999999998,positive,0.1936556385240093,0.4262295081967213,0.5469613259668509,0.639344262295082,0.7513812154696132,-3.0,33.20000000001164,0.09036144578310085,0.4487951807229972,down,opposed,0.4221784407542923,3.710000000006403,3.710000000006403,above,True,True,74.27999999999884,74.27999999999884,0.9836065573770492,0.994475138121547,aligned,opposed,0.0,0.0,balanced_or_unknown,False,flat_or_unknown
2026-03-21 23:39:00,2026-03-21,70124.8,70140.1,70124.7,70140.0,13.006,3.998,17.004,9.008,0.5297577040696306,70131.4,87082.49,2.333e-05,0.0,0.0,False,2026-03-21.csv,9.008,positive,0.5297577040696306,0.47540983606557374,0.6077348066298343,0.2786885245901639,0.44751381215469616,15.19999999999709,15.400000000008731,0.9870129870122384,0.9935064935061192,up,aligned,1.6873889875662846,8.60000000000582,8.60000000000582,above,True,True,16.35000000000582,16.35000000000582,0.9016393442622951,0.9171270718232044,aligned,aligned,0.0,0.0,balanced_or_unknown,False,flat_or_unknown
2026-03-21 23:40:00,2026-03-21,70140.0,70140.1,70125.7,70125.7,6.345,10.998,17.343,-4.653,-0.26829268292682923,70134.88,87086.53,2.362e-05,0.0,0.0,False,2026-03-21.csv,4.653,negative,0.26829268292682923,0.32786885245901637,0.4143646408839779,0.3114754098360656,0.46408839779005523,-14.30000000000291,14.400000000008731,0.9930555555551556,0.0,down,aligned,3.073286052010082,-9.180000000007567,9.180000000007567,below,True,True,4.039999999993597,4.039999999993597,0.5573770491803278,0.6187845303867403,opposed,opposed,0.0,0.0,balanced_or_unknown,False,flat_or_unknown
2026-03-21 23:41:00,2026-03-21,70125.8,70137.0,70120.0,70136.9,15.783,5.839,21.622,9.943999999999999,0.4599019517158449,70126.02,87080.37,2.362e-05,0.0,0.0,False,2026-03-21.csv,9.943999999999999,positive,0.4599019517158449,0.5245901639344263,0.6464088397790055,0.4426229508196721,0.5580110497237569,11.099999999991269,17.0,0.6529411764700747,0.9941176470584812,up,aligned,1.1162510056306587,10.879999999990105,10.879999999990105,above,True,True,-6.1600000000034925,6.1600000000034925,0.6885245901639344,0.7071823204419889,opposed,opposed,0.0,0.0,balanced_or_unknown,False,flat_or_unknown
2026-03-21 23:42:00,2026-03-21,70136.9,70168.0,70136.9,70165.2,17.066,3.905,20.971,13.161,0.6275809451146822,70160.23,87086.24,2.387e-05,0.0,0.0,False,2026-03-21.csv,13.161,positive,0.6275809451146822,0.6885245901639344,0.7624309392265194,0.4262295081967213,0.5359116022099447,28.30000000000291,31.10000000000582,0.9099678456590873,0.9099678456590873,up,aligned,2.150292530962914,4.970000000001164,4.970000000001164,above,True,True,5.870000000009895,5.870000000009895,0.6721311475409836,0.6850828729281768,aligned,aligned,0.0,0.0,balanced_or_unknown,False,flat_or_unknown
2026-03-21 23:43:00,2026-03-21,70165.1,70171.7,70154.0,70168.5,11.416,7.459,18.875,3.9570000000000007,0.2096423841059603,70160.66,87087.3,2.444e-05,0.0,0.0,False,2026-03-21.csv,3.9570000000000007,positive,0.2096423841059603,0.29508196721311475,0.3756906077348066,0.3442622950819672,0.4972375690607735,3.3999999999941792,17.69999999999709,0.1920903954799287,0.8192090395481573,up,aligned,0.8592367955507149,7.8399999999965075,7.8399999999965075,above,True,True,1.0599999999976717,1.0599999999976717,0.21311475409836064,0.292817679558011,aligned,aligned,0.0,0.0,balanced_or_unknown,False,flat_or_unknown
2026-03-21 23:44:00,2026-03-21,70168.4,70168.5,70154.0,70154.4,7.651,15.58,23.231,-7.929,-0.3413111790280229,70157.02,87095.97,2.444e-05,0.0,0.0,False,2026-03-21.csv,7.929,negative,0.3413111790280229,0.45901639344262296,0.5524861878453039,0.45901639344262296,0.574585635359116,-14.0,14.5,0.9655172413793104,0.02758620689615029,down,aligned,1.7656703241266238,-2.6200000000098953,2.6200000000098953,below,True,True,8.669999999998254,8.669999999998254,0.7377049180327869,0.7845303867403315,opposed,opposed,0.0,0.0,balanced_or_unknown,False,flat_or_unknown
2026-03-21 23:45:00,2026-03-21,70154.3,70154.4,70125.0,70125.5,27.643,58.146,85.789,-30.503,-0.35555840492370816,70135.82,87098.83,2.492e-05,0.0,0.0,False,2026-03-21.csv,30.503,negative,0.35555840492370816,0.819672131147541,0.9005524861878453,0.8852459016393442,0.9392265193370166,-28.80000000000291,29.39999999999418,0.9795918367349868,0.017006802721091802,down,aligned,0.9441694259581979,-10.320000000006985,10.320000000006985,below,True,True,2.860000000000582,2.860000000000582,0.4262295081967213,0.5082872928176796,opposed,opposed,0.0,0.0,balanced_or_unknown,False,flat_or_unknown
2026-03-21 23:46:00,2026-03-21,70125.6,70125.6,70055.0,70069.7,53.94,116.559,170.499,-62.619,-0.36726901624056446,70072.89,87082.33,2.521e-05,0.0,6.859,False,2026-03-21.csv,62.619,negative,0.36726901624056446,0.9344262295081968,0.9779005524861878,0.9836065573770492,0.994475138121547,-55.90000000000873,70.60000000000582,0.7917847025496335,0.20821529745036654,down,aligned,0.8927002986315452,-3.1900000000023283,3.1900000000023283,below,True,True,-16.5,16.5,0.9016393442622951,0.9226519337016574,aligned,aligned,6.859,-6.859,sell,True,aligned
2026-03-21 23:47:00,2026-03-21,70069.6,70069.7,69802.9,69892.4,379.806,946.927,1326.733,-567.1210000000001,-0.42745676786512443,69922.36,87087.5,2.468e-05,0.0,1.476,False,2026-03-21.csv,567.1210000000001,negative,0.42745676786512443,1.0,1.0,1.0,1.0,-177.20000000001164,266.8000000000029,0.6641679160420154,0.3354572713643142,down,aligned,0.3124553666678039,-29.960000000006403,29.960000000006403,below,True,True,5.169999999998254,5.169999999998254,0.5901639344262295,0.6464088397790055,opposed,opposed,1.476,-1.476,sell,True,aligned
2026-03-21 23:48:00,2026-03-21,69892.1,69892.2,69678.9,69778.4,374.8,818.9,1193.7,-444.09999999999997,-0.3720365250900561,69763.75,86626.35,2.468e-05,0.0,4.236,False,2026-03-21.csv,444.09999999999997,negative,0.3720365250900561,0.9836065573770492,0.994475138121547,0.9836065573770492,0.994475138121547,-113.70000000001164,213.3000000000029,0.5330520393812006,0.46647913736520696,down,aligned,0.25602341814909174,14.64999999999418,14.64999999999418,above,True,True,-461.1499999999942,461.1499999999942,1.0,1.0,aligned,aligned,4.236,-4.236,sell,True,aligned
2026-03-21 23:49:00,2026-03-21,69778.3,69785.8,69600.0,69633.2,248.079,597.735,845.814,-349.656,-0.41339585298895504,69670.11,86723.9,2.375e-05,0.0,0.129,False,2026-03-21.csv,349.656,negative,0.41339585298895504,0.9672131147540983,0.988950276243094,0.9672131147540983,0.988950276243094,-145.10000000000582,185.8000000000029,0.7809472551130439,0.17868675995692448,down,aligned,0.4149792939346267,-36.91000000000349,36.91000000000349,below,True,True,97.54999999998836,97.54999999998836,0.9672131147540983,0.988950276243094,opposed,opposed,0.129,-0.129,sell,False,aligned
2026-03-21 23:50:00,2026-03-21,69633.1,69647.2,69534.2,69534.2,170.756,333.575,504.331,-162.819,-0.322841546524009,69576.41,86802.4,2.196e-05,0.0,1.867,False,2026-03-21.csv,162.819,negative,0.322841546524009,0.9344262295081968,0.9779005524861878,0.9344262295081968,0.9779005524861878,-98.90000000000873,113.0,0.8752212389381304,0.0,down,aligned,0.607422966607145,-42.2100000000064,42.2100000000064,below,True,True,78.5,78.5,0.9508196721311475,0.9834254143646409,opposed,opposed,1.867,-1.867,sell,True,aligned
2026-03-21 23:51:00,2026-03-21,69534.3,69644.7,69511.3,69619.7,294.648,260.063,554.711,34.585000000000036,0.06234778109682346,69592.62,86821.15,2.196e-05,0.0,0.138,False,2026-03-21.csv,34.585000000000036,positive,0.06234778109682346,0.7868852459016393,0.9005524861878453,0.9508196721311475,0.9834254143646409,85.39999999999418,133.39999999999418,0.6401799100449618,0.8125937031484176,up,aligned,2.4692785889834927,27.080000000001746,27.080000000001746,above,True,True,18.75,18.75,0.8524590163934426,0.9281767955801105,aligned,aligned,0.138,-0.138,sell,False,opposed
2026-03-21 23:52:00,2026-03-21,69619.8,69619.8,69329.9,69329.9,383.967,735.764,1119.731,-351.797,-0.3141799235709291,69450.25,86766.61,2.075e-05,0.0,6.024,False,2026-03-21.csv,351.797,negative,0.3141799235709291,0.9672131147540983,0.988950276243094,0.9672131147540983,0.988950276243094,-289.90000000000873,289.90000000000873,1.0,0.0,down,aligned,0.8240547815928183,-120.35000000000582,120.35000000000582,below,True,True,-54.5399999999936,54.5399999999936,0.9016393442622951,0.9668508287292817,aligned,aligned,6.024,-6.024,sell,True,aligned
2026-03-21 23:53:00,2026-03-21,69330.8,69330.8,68853.3,69185.9,1116.886,2112.869,3229.755,-995.9830000000002,-0.30837726081390077,69073.29,86495.8,2.024e-05,0.018,1.172,False,2026-03-21.csv,995.9830000000002,negative,0.30837726081390077,1.0,1.0,1.0,1.0,-144.90000000000873,477.5,0.3034554973822172,0.6965445026177828,down,aligned,0.14548441087850766,112.61000000000058,112.61000000000058,above,True,True,-270.8099999999977,270.8099999999977,0.9836065573770492,0.994475138121547,aligned,aligned,1.19,-1.154,sell,False,aligned
2026-03-21 23:54:00,2026-03-21,69186.1,69361.0,69186.1,69244.9,416.238,383.517,799.755,32.721000000000004,0.04091377984507756,69289.53,86420.88,1.521e-05,0.602,0.0,False,2026-03-21.csv,32.721000000000004,positive,0.04091377984507756,0.7377049180327869,0.8784530386740331,0.9180327868852459,0.9723756906077348,58.79999999998836,174.89999999999418,0.33619210977696007,0.33619210977696007,up,aligned,1.797011093792621,-44.63000000000466,44.63000000000466,below,True,True,-74.91999999999825,74.91999999999825,0.9180327868852459,0.9723756906077348,opposed,opposed,0.602,0.602,buy,False,aligned
2026-03-21 23:55:00,2026-03-21,69244.8,69259.0,68991.7,69069.1,238.661,363.809,602.47,-125.14800000000002,-0.20772486596842998,69106.0,86451.22,1.521e-05,0.0,0.295,False,2026-03-21.csv,125.14800000000002,negative,0.20772486596842998,0.8852459016393442,0.9613259668508287,0.9016393442622951,0.9668508287292817,-175.6999999999971,267.3000000000029,0.6573138795360837,0.28956228956231905,down,aligned,1.4039377377185178,-36.89999999999418,36.89999999999418,below,True,True,30.339999999996508,30.339999999996508,0.8360655737704918,0.9337016574585635,opposed,opposed,0.295,-0.295,sell,False,aligned
2026-03-21 23:56:00,2026-03-21,69069.0,69142.7,68868.0,69023.5,445.036,389.923,834.959,55.113,0.06600683386848935,69011.86,86538.95,1.507e-05,0.296,0.669,False,2026-03-21.csv,55.113,positive,0.06600683386848935,0.8032786885245902,0.9171270718232044,0.9180327868852459,0.9723756906077348,-45.5,274.6999999999971,0.16563523844193842,0.5660720786312401,down,opposed,0.8255765427394626,11.639999999999418,11.639999999999418,above,True,True,87.72999999999593,87.72999999999593,0.9344262295081968,0.9779005524861878,aligned,opposed,0.9650000000000001,-0.37300000000000005,sell,False,opposed
2026-03-21 23:57:00,2026-03-21,69023.5,69058.3,68777.0,68846.7,409.254,732.522,1141.776,-323.26800000000003,-0.28312733846218524,68885.24,86669.14,1.259e-05,0.4,7.026,False,2026-03-21.csv,323.26800000000003,negative,0.28312733846218524,0.9180327868852459,0.9723756906077348,0.9508196721311475,0.9834254143646409,-176.8000000000029,281.3000000000029,0.6285104870245328,0.24777817276927255,down,aligned,0.5469146342972484,-38.54000000000815,38.54000000000815,below,True,True,130.19000000000233,130.19000000000233,0.9508196721311475,0.9834254143646409,opposed,opposed,7.426,-6.6259999999999994,sell,True,aligned
2026-03-21 23:58:00,2026-03-21,68846.6,68900.0,68511.3,68580.1,739.595,1508.215,2247.81,-768.6199999999999,-0.34194171215538677,68658.57,86644.8,1.259e-05,0.0,7.988,False,2026-03-21.csv,768.6199999999999,negative,0.34194171215538677,0.9836065573770492,0.994475138121547,0.9836065573770492,0.994475138121547,-266.5,388.6999999999971,0.6856187290969951,0.17700025726782462,down,aligned,0.3467252998881112,-78.47000000000116,78.47000000000116,below,True,True,-24.339999999996508,24.339999999996508,0.7704918032786885,0.9060773480662984,aligned,aligned,7.988,-7.988,sell,True,aligned
2026-03-21 23:59:00,2026-03-21,68580.2,68749.1,68537.2,68692.8,444.621,559.82,1004.441,-115.19900000000007,-0.11468966320570353,68631.86,86404.45,1.017e-05,0.0,0.101,False,2026-03-21.csv,115.19900000000007,negative,0.11468966320570353,0.8360655737704918,0.9447513812154696,0.9016393442622951,0.9668508287292817,112.60000000000582,211.90000000000873,0.5313827277017517,0.7343086361491241,up,opposed,0.9774390402694967,60.94000000000233,60.94000000000233,above,True,True,-240.35000000000582,240.35000000000582,0.9672131147540983,0.988950276243094,aligned,opposed,0.101,-0.101,sell,False,aligned
