ts,day,open,high,low,close,buy_qty,sell_qty,vol_1m,delta_1m,imbalance_1m,vwap,open_interest,funding_rate,liq_buy_qty,liq_sell_qty,is_synthetic,source_file
2026-03-18 00:00:00,2026-03-18,73879.7,73879.7,73856.6,73872.3,17.988,24.207,42.195,-6.219000000000001,-0.14738713117667973,73868.07,93206.55,-6.577e-05,0.0,0.0,False,2026-03-18.csv
2026-03-18 00:01:00,2026-03-18,73872.4,73904.5,73850.0,73888.7,65.461,43.108,108.569,22.353,0.20588750011513415,73882.77,93210.92,-6.569e-05,0.0,0.0,False,2026-03-18.csv
2026-03-18 00:02:00,2026-03-18,73888.8,73993.9,73888.8,73975.5,158.806,115.54,274.346,43.266000000000005,0.15770596254364927,73962.21,93198.7,-6.569e-05,0.008,0.0,False,2026-03-18.csv
2026-03-18 00:03:00,2026-03-18,73975.4,73975.5,73888.0,73888.0,92.064,58.62,150.684,33.443999999999996,0.22194791749621723,73936.58,93162.2,-6.536e-05,0.0,0.0,False,2026-03-18.csv
2026-03-18 00:04:00,2026-03-18,73888.1,73888.1,73763.0,73843.4,124.352,198.725,323.077,-74.37299999999999,-0.23020208804712186,73822.22,93178.29,-6.504e-05,0.0,0.0,False,2026-03-18.csv
2026-03-18 00:05:00,2026-03-18,73843.3,73879.8,73773.9,73879.8,46.785,61.331,108.116,-14.546000000000006,-0.13454067853046733,73818.95,93170.98,-6.504e-05,0.0,0.04,False,2026-03-18.csv
2026-03-18 00:06:00,2026-03-18,73879.8,73964.0,73879.7,73935.9,56.782,24.407,81.189,32.375,0.3987609158876203,73929.45,93181.44,-6.541e-05,0.003,0.0,False,2026-03-18.csv
2026-03-18 00:07:00,2026-03-18,73935.9,73935.9,73894.4,73913.3,15.739,47.581,63.32,-31.842000000000002,-0.5028742893240683,73916.91,93182.48,-6.455e-05,0.0,0.007,False,2026-03-18.csv
2026-03-18 00:08:00,2026-03-18,73913.2,73987.9,73913.2,73982.0,64.079,16.211,80.29,47.867999999999995,0.5961888155436541,73955.7,93163.36,-6.444e-05,0.129,0.0,False,2026-03-18.csv
2026-03-18 00:09:00,2026-03-18,73982.0,74027.8,73968.6,74027.1,64.066,35.947,100.013,28.119,0.2811534500514933,73997.58,93155.35,-6.444e-05,0.276,0.0,False,2026-03-18.csv
2026-03-18 00:10:00,2026-03-18,74027.1,74027.2,73958.5,73958.5,11.167,37.581,48.748,-26.414,-0.5418478706818742,73993.85,93150.88,-6.385e-05,0.0,0.0,False,2026-03-18.csv
2026-03-18 00:11:00,2026-03-18,73958.5,73998.3,73955.6,73992.8,34.715,7.311,42.026,27.404000000000003,0.652072526531195,73975.44,93149.13,-6.332e-05,0.0,0.0,False,2026-03-18.csv
2026-03-18 00:12:00,2026-03-18,73992.9,73995.9,73960.6,73966.5,17.038,15.577,32.615,1.4610000000000003,0.044795339567683584,73978.9,93148.3,-6.332e-05,0.0,0.0,False,2026-03-18.csv
2026-03-18 00:13:00,2026-03-18,73966.5,74000.0,73965.6,73991.9,16.987,7.38,24.367,9.607,0.39426273238396187,73983.89,93149.85,-6.291e-05,0.0,0.0,False,2026-03-18.csv
2026-03-18 00:14:00,2026-03-18,73991.8,73997.4,73987.1,73997.4,40.502,11.21,51.712,29.292,0.5664449257425742,73991.99,93148.93,-6.269e-05,0.0,0.0,False,2026-03-18.csv
2026-03-18 00:15:00,2026-03-18,73997.3,73997.4,73950.0,73953.5,17.869,34.472,52.341,-16.603,-0.3172083070632965,73971.06,93119.43,-6.225e-05,0.0,0.0,False,2026-03-18.csv
2026-03-18 00:16:00,2026-03-18,73953.5,73975.8,73936.0,73940.1,15.149,36.663,51.812,-21.513999999999996,-0.41523199258858945,73959.38,93123.97,-6.225e-05,0.0,0.0,False,2026-03-18.csv
2026-03-18 00:17:00,2026-03-18,73940.0,73940.0,73750.0,73895.4,181.385,122.276,303.661,59.108999999999995,0.1946545654529228,73808.27,93115.74,-6.201e-05,0.0,0.071,False,2026-03-18.csv
2026-03-18 00:18:00,2026-03-18,73895.3,73950.8,73859.2,73904.4,51.053,42.793,93.846,8.259999999999998,0.08801653773202904,73902.57,93067.71,-6.201e-05,0.042,0.036,False,2026-03-18.csv
2026-03-18 00:19:00,2026-03-18,73904.3,73904.4,73848.0,73899.1,19.074,30.406,49.48,-11.331999999999997,-0.22902182700080836,73875.18,93082.02,-6.201e-05,0.0,0.042,False,2026-03-18.csv
2026-03-18 00:20:00,2026-03-18,73899.0,73900.0,73843.1,73848.3,12.729,20.303,33.032,-7.574000000000002,-0.22929280697505455,73881.69,93085.62,-6.107e-05,0.0,0.0,False,2026-03-18.csv
2026-03-18 00:21:00,2026-03-18,73848.4,73873.4,73839.0,73867.4,22.103,12.395,34.498,9.708000000000002,0.2814076178329179,73859.02,93083.22,-6.032e-05,0.0,0.0,False,2026-03-18.csv
2026-03-18 00:22:00,2026-03-18,73867.5,73909.2,73867.4,73897.4,18.315,11.851,30.166,6.464,0.21428097858516212,73887.61,93084.76,-5.975e-05,0.0,0.0,False,2026-03-18.csv
2026-03-18 00:23:00,2026-03-18,73897.6,73898.7,73790.2,73795.7,13.248,49.714,62.962,-36.466,-0.5791747403195578,73831.76,93086.24,-5.975e-05,0.006,0.002,False,2026-03-18.csv
2026-03-18 00:24:00,2026-03-18,73795.7,73828.0,73710.0,73710.1,53.678,95.091,148.769,-41.413,-0.27837116603593487,73759.86,93084.64,-5.935e-05,0.0,0.144,False,2026-03-18.csv
2026-03-18 00:25:00,2026-03-18,73710.0,73740.1,73619.4,73651.6,205.803,420.045,625.848,-214.24200000000002,-0.3423227365111018,73672.61,93074.36,-5.915e-05,0.0,0.282,False,2026-03-18.csv
2026-03-18 00:26:00,2026-03-18,73651.6,73679.6,73635.8,73676.6,69.452,59.142,128.594,10.309999999999995,0.08017481375491854,73659.98,93079.2,-5.915e-05,0.0,0.174,False,2026-03-18.csv
2026-03-18 00:27:00,2026-03-18,73676.9,73728.9,73676.8,73691.2,41.836,63.333,105.169,-21.497,-0.2044043396818454,73700.86,93071.74,-5.92e-05,0.0,0.0,False,2026-03-18.csv
2026-03-18 00:28:00,2026-03-18,73691.3,73752.2,73691.3,73699.8,99.779,33.083,132.862,66.696,0.5019945507368548,73728.58,93048.24,-5.845e-05,0.0,0.0,False,2026-03-18.csv
2026-03-18 00:29:00,2026-03-18,73699.9,73719.8,73676.0,73676.1,32.752,25.765,58.517,6.987000000000002,0.11940119965138339,73696.79,93040.18,-5.823e-05,0.0,0.0,False,2026-03-18.csv
2026-03-18 00:30:00,2026-03-18,73676.1,73766.0,73676.0,73736.5,119.753,50.488,170.241,69.265,0.40686438636991085,73728.4,93031.34,-5.823e-05,0.0,0.0,False,2026-03-18.csv
2026-03-18 00:31:00,2026-03-18,73736.5,73736.5,73693.3,73712.7,49.783,29.903,79.686,19.880000000000003,0.24947920588309114,73709.48,93022.7,-5.818e-05,0.0,0.0,False,2026-03-18.csv
2026-03-18 00:32:00,2026-03-18,73712.7,73768.1,73712.7,73748.8,28.357,38.477,66.834,-10.119999999999997,-0.1514199359607385,73740.52,93026.52,-5.818e-05,0.0,0.0,False,2026-03-18.csv
2026-03-18 00:33:00,2026-03-18,73748.8,73751.0,73658.3,73669.1,20.355,32.019,52.374,-11.663999999999998,-0.2227059227861152,73718.16,93025.73,-5.818e-05,0.0,0.0,False,2026-03-18.csv
2026-03-18 00:34:00,2026-03-18,73669.0,73691.8,73626.1,73660.7,29.471,125.182,154.653,-95.711,-0.6188758058362916,73651.03,93034.46,-5.805e-05,0.0,0.043,False,2026-03-18.csv
2026-03-18 00:35:00,2026-03-18,73660.7,73700.0,73660.7,73668.1,24.077,22.707,46.784,1.370000000000001,0.02928351573187417,73682.4,93040.76,-5.79e-05,0.0,0.0,False,2026-03-18.csv
2026-03-18 00:36:00,2026-03-18,73668.2,73682.0,73628.9,73629.8,27.541,38.007,65.548,-10.465999999999998,-0.15966925001525595,73652.6,93044.72,-5.759e-05,0.0,0.009,False,2026-03-18.csv
2026-03-18 00:37:00,2026-03-18,73629.8,73646.0,73619.0,73619.0,19.6,23.482,43.082,-3.881999999999998,-0.09010723736131093,73636.34,93049.45,-5.759e-05,0.0,0.001,False,2026-03-18.csv
2026-03-18 00:38:00,2026-03-18,73619.0,73645.8,73518.9,73586.9,139.812,253.035,392.847,-113.22299999999998,-0.28821144109538827,73569.63,93048.68,-5.73e-05,0.0,0.302,False,2026-03-18.csv
2026-03-18 00:39:00,2026-03-18,73586.8,73617.1,73495.3,73600.9,137.143,212.89,350.033,-75.74699999999999,-0.21639959660946248,73535.9,92943.81,-5.71e-05,0.0,0.251,False,2026-03-18.csv
2026-03-18 00:40:00,2026-03-18,73600.8,73600.8,73550.2,73558.8,55.492,30.883,86.375,24.608999999999998,0.2849088277858176,73565.03,92957.35,-5.71e-05,0.0,0.0,False,2026-03-18.csv
2026-03-18 00:41:00,2026-03-18,73558.8,73619.1,73544.1,73619.1,70.496,42.354,112.85,28.141999999999996,0.2493752769162605,73591.72,92978.38,-5.639e-05,0.0,0.0,False,2026-03-18.csv
2026-03-18 00:42:00,2026-03-18,73619.1,73619.1,73519.2,73519.2,30.835,51.267,82.102,-20.432000000000002,-0.24886117268763247,73563.62,92990.21,-5.585e-05,0.0,0.0,False,2026-03-18.csv
2026-03-18 00:43:00,2026-03-18,73519.2,73588.5,73492.0,73573.6,90.659,59.002,149.661,31.657000000000004,0.211524712516955,73545.33,92970.67,-5.588e-05,0.0,0.15,False,2026-03-18.csv
2026-03-18 00:44:00,2026-03-18,73573.6,73642.9,73569.9,73640.0,58.556,21.327,79.883,37.229,0.4660440894808658,73606.71,92947.54,-5.588e-05,0.296,0.002,False,2026-03-18.csv
2026-03-18 00:45:00,2026-03-18,73640.1,73696.7,73640.0,73691.7,73.818,35.871,109.689,37.946999999999996,0.345950824604108,73661.67,92912.8,-5.536e-05,0.003,0.0,False,2026-03-18.csv
2026-03-18 00:46:00,2026-03-18,73691.8,73754.3,73691.8,73754.3,70.102,36.125,106.227,33.977000000000004,0.3198527681286302,73726.34,92901.07,-5.447e-05,0.339,0.0,False,2026-03-18.csv
2026-03-18 00:47:00,2026-03-18,73754.3,73785.8,73737.2,73773.9,48.071,54.523,102.594,-6.452000000000005,-0.06288866795329168,73760.95,92883.05,-5.447e-05,0.069,0.0,False,2026-03-18.csv
2026-03-18 00:48:00,2026-03-18,73772.5,73785.8,73737.0,73749.2,31.488,22.278,53.766,9.21,0.17129784622251984,73762.24,92885.13,-5.329e-05,0.0,0.0,False,2026-03-18.csv
2026-03-18 00:49:00,2026-03-18,73749.2,73780.0,73733.0,73772.4,26.348,13.337,39.685,13.011,0.32785687287388177,73750.6,92887.37,-5.284e-05,0.0,0.0,False,2026-03-18.csv
2026-03-18 00:50:00,2026-03-18,73772.3,73784.4,73751.9,73755.0,20.024,38.47,58.494,-18.445999999999998,-0.315348582760625,73769.3,92879.88,-5.292e-05,0.0,0.0,False,2026-03-18.csv
2026-03-18 00:51:00,2026-03-18,73755.0,73804.7,73755.0,73803.7,72.358,16.38,88.738,55.97800000000001,0.6308233225900968,73786.12,92895.96,-5.292e-05,0.118,0.0,False,2026-03-18.csv
2026-03-18 00:52:00,2026-03-18,73803.8,73817.3,73776.0,73817.3,32.151,20.05,52.201,12.101000000000003,0.23181548246202185,73792.14,92885.48,-5.263e-05,0.0,0.0,False,2026-03-18.csv
2026-03-18 00:53:00,2026-03-18,73817.3,73832.0,73813.5,73822.2,25.376,21.257,46.633,4.119,0.08832800806295969,73824.48,92878.77,-5.218e-05,0.0,0.0,False,2026-03-18.csv
2026-03-18 00:54:00,2026-03-18,73822.2,73832.0,73819.8,73820.0,18.392,17.63,36.022,0.7620000000000005,0.021153739381489102,73825.91,92875.66,-5.218e-05,0.0,0.0,False,2026-03-18.csv
2026-03-18 00:55:00,2026-03-18,73820.0,73832.0,73744.1,73763.2,34.542,67.793,102.335,-33.251000000000005,-0.32492304685591444,73783.88,92877.25,-5.135e-05,0.0,0.0,False,2026-03-18.csv
2026-03-18 00:56:00,2026-03-18,73763.4,73800.2,73763.4,73794.0,11.282,11.771,23.053,-0.48900000000000077,-0.02121198976272072,73785.63,92888.98,-5.074e-05,0.0,0.0,False,2026-03-18.csv
2026-03-18 00:57:00,2026-03-18,73794.0,73845.2,73787.7,73828.2,26.039,18.391,44.43,7.648000000000003,0.17213594418185918,73814.51,92886.55,-5.037e-05,0.003,0.0,False,2026-03-18.csv
2026-03-18 00:58:00,2026-03-18,73828.2,73837.1,73812.8,73812.8,13.559,11.664,25.223,1.8949999999999996,0.07512984181104546,73824.35,92889.32,-5.037e-05,0.0,0.0,False,2026-03-18.csv
2026-03-18 00:59:00,2026-03-18,73812.9,73813.6,73763.6,73813.6,38.908,28.877,67.785,10.031000000000002,0.14798259201888328,73783.75,92908.57,-4.998e-05,0.0,0.0,False,2026-03-18.csv
2026-03-18 01:00:00,2026-03-18,73813.5,73832.0,73801.4,73821.2,16.835,25.692,42.527,-8.857,-0.20826768876243326,73814.66,92909.61,-4.992e-05,0.0,0.0,False,2026-03-18.csv
2026-03-18 01:01:00,2026-03-18,73821.2,73854.1,73780.0,73840.3,40.197,36.756,76.953,3.4410000000000025,0.04471560562941019,73820.88,92908.09,-4.992e-05,0.0,0.0,False,2026-03-18.csv
2026-03-18 01:02:00,2026-03-18,73840.2,73882.1,73827.9,73853.7,43.47,39.594,83.064,3.8759999999999977,0.046662814215544614,73858.94,92897.4,-4.937e-05,0.393,0.0,False,2026-03-18.csv
2026-03-18 01:03:00,2026-03-18,73853.7,73921.0,73853.7,73920.9,66.875,25.346,92.221,41.528999999999996,0.4503204259333557,73890.82,92889.46,-4.887e-05,0.175,0.0,False,2026-03-18.csv
2026-03-18 01:04:00,2026-03-18,73920.9,73945.4,73888.0,73915.4,45.257,40.23,85.487,5.027000000000001,0.05880426263642427,73912.05,92883.57,-4.786e-05,0.0,0.0,False,2026-03-18.csv
2026-03-18 01:05:00,2026-03-18,73915.4,73917.4,73883.0,73895.7,16.234,16.298,32.532,-0.0639999999999965,-0.0019672937415466775,73894.75,92870.91,-4.786e-05,0.0,0.0,False,2026-03-18.csv
2026-03-18 01:06:00,2026-03-18,73895.6,73959.4,73895.6,73938.5,55.396,34.431,89.827,20.965000000000003,0.2333930778051143,73942.94,92859.46,-4.758e-05,0.006,0.0,False,2026-03-18.csv
2026-03-18 01:07:00,2026-03-18,73938.4,73938.5,73916.4,73933.8,18.078,24.754,42.832,-6.676000000000002,-0.15586477400074714,73929.12,92857.66,-4.682e-05,0.0,0.0,False,2026-03-18.csv
2026-03-18 01:08:00,2026-03-18,73933.8,73933.8,73872.4,73892.0,22.156,62.922,85.078,-40.766,-0.4791602999600366,73900.83,92849.34,-4.682e-05,0.0,0.0,False,2026-03-18.csv
2026-03-18 01:09:00,2026-03-18,73892.1,73892.1,73820.1,73847.0,29.328,67.016,96.344,-37.688,-0.3911815992692851,73851.31,92832.8,-4.595e-05,0.0,0.0,False,2026-03-18.csv
2026-03-18 01:10:00,2026-03-18,73847.1,73924.4,73847.0,73924.4,109.552,5.657,115.209,103.89500000000001,0.9017958666423631,73866.09,92826.6,-4.593e-05,0.0,0.0,False,2026-03-18.csv
2026-03-18 01:11:00,2026-03-18,73924.4,73939.2,73906.6,73906.6,31.798,23.156,54.954,8.642,0.15725879826764202,73920.02,92826.48,-4.57e-05,0.0,0.0,False,2026-03-18.csv
2026-03-18 01:12:00,2026-03-18,73906.6,73906.7,73822.4,73831.3,28.492,28.055,56.547,0.43700000000000117,0.00772808460218935,73864.78,92815.89,-4.57e-05,0.0,0.0,False,2026-03-18.csv
2026-03-18 01:13:00,2026-03-18,73831.4,73831.4,73800.0,73811.2,22.643,38.087,60.73,-15.444000000000003,-0.2543059443438169,73817.32,92806.74,-4.562e-05,0.0,0.0,False,2026-03-18.csv
2026-03-18 01:14:00,2026-03-18,73811.3,73871.0,73811.3,73844.3,34.558,41.655,76.213,-7.097000000000001,-0.09312059622374139,73851.25,92778.26,-4.604e-05,0.0,0.0,False,2026-03-18.csv
2026-03-18 01:15:00,2026-03-18,73844.3,73869.9,73836.3,73869.8,12.292,4.697,16.989,7.595,0.4470539761021837,73855.01,92778.81,-4.604e-05,0.0,0.0,False,2026-03-18.csv
2026-03-18 01:16:00,2026-03-18,73869.9,73881.7,73859.8,73880.8,18.29,19.663,37.953,-1.373000000000001,-0.036176323347298,73871.49,92789.84,-4.629e-05,0.0,0.0,False,2026-03-18.csv
2026-03-18 01:17:00,2026-03-18,73880.8,73900.0,73865.0,73896.7,13.099,19.019,32.118,-5.919999999999998,-0.1843203188243352,73879.05,92790.41,-4.587e-05,0.0,0.0,False,2026-03-18.csv
2026-03-18 01:18:00,2026-03-18,73897.0,73903.1,73850.1,73850.1,9.069,17.561,26.63,-8.491999999999999,-0.3188884716485167,73878.31,92791.07,-4.542e-05,0.0,0.0,False,2026-03-18.csv
2026-03-18 01:19:00,2026-03-18,73850.0,73864.9,73814.0,73854.8,12.106,16.383,28.489,-4.276999999999999,-0.15012811962511843,73839.0,92789.35,-4.542e-05,0.0,0.0,False,2026-03-18.csv
2026-03-18 01:20:00,2026-03-18,73854.9,73916.3,73854.9,73887.4,19.486,12.642,32.128,6.844000000000001,0.2130229083665339,73886.52,92790.25,-4.554e-05,0.0,0.0,False,2026-03-18.csv
2026-03-18 01:21:00,2026-03-18,73887.4,73943.0,73879.0,73939.9,86.296,44.775,131.071,41.52100000000001,0.3167825071907593,73920.24,92798.59,-4.505e-05,0.0,0.0,False,2026-03-18.csv
2026-03-18 01:22:00,2026-03-18,73939.9,73950.5,73920.1,73933.4,18.743,18.457,37.2,0.2859999999999978,0.007688172043010693,73941.7,92817.38,-4.505e-05,0.0,0.0,False,2026-03-18.csv
2026-03-18 01:23:00,2026-03-18,73933.4,73946.4,73909.0,73915.7,14.624,6.885,21.509,7.739000000000001,0.3598028732158632,73920.55,92821.17,-4.426e-05,0.0,0.0,False,2026-03-18.csv
2026-03-18 01:24:00,2026-03-18,73915.8,73942.3,73912.6,73937.6,41.567,14.536,56.103,27.031,0.4818102418765485,73933.43,92821.49,-4.45e-05,0.0,0.0,False,2026-03-18.csv
2026-03-18 01:25:00,2026-03-18,73937.7,73941.5,73902.7,73941.5,21.777,21.572,43.349,0.20500000000000185,0.004729059493875335,73925.95,92817.06,-4.45e-05,0.0,0.0,False,2026-03-18.csv
2026-03-18 01:26:00,2026-03-18,73941.4,73974.8,73920.1,73958.5,82.624,28.665,111.289,53.958999999999996,0.48485474754917374,73956.88,92822.93,-4.448e-05,0.03,0.0,False,2026-03-18.csv
2026-03-18 01:27:00,2026-03-18,73958.5,73958.5,73921.2,73935.7,10.113,19.441,29.554,-9.328,-0.3156256344318874,73938.51,92813.55,-4.423e-05,0.0,0.0,False,2026-03-18.csv
2026-03-18 01:28:00,2026-03-18,73935.8,73977.0,73935.8,73977.0,24.431,13.218,37.649,11.213000000000001,0.2978299556429122,73950.1,92812.8,-4.43e-05,0.0,0.0,False,2026-03-18.csv
2026-03-18 01:29:00,2026-03-18,73976.9,74012.0,73976.9,73997.6,94.043,32.731,126.774,61.312000000000005,0.48363229053275913,73996.9,92822.93,-4.43e-05,0.136,0.0,False,2026-03-18.csv
2026-03-18 01:30:00,2026-03-18,73997.7,74013.4,73972.2,73972.2,35.094,35.507,70.601,-0.4129999999999967,-0.005849775498930563,73995.51,92810.16,-4.405e-05,0.022,0.0,False,2026-03-18.csv
2026-03-18 01:31:00,2026-03-18,73972.2,74049.1,73972.0,74041.5,95.246,58.586,153.832,36.66,0.23831192469707213,74022.25,92783.31,-4.35e-05,0.084,0.0,False,2026-03-18.csv
2026-03-18 01:32:00,2026-03-18,74041.6,74131.4,74041.6,74116.0,133.824,64.224,198.048,69.60000000000001,0.35142995637421237,74096.66,92783.31,-4.35e-05,0.074,0.0,False,2026-03-18.csv
2026-03-18 01:33:00,2026-03-18,74116.0,74150.0,74031.8,74031.8,53.239,71.512,124.751,-18.273000000000003,-0.14647577975326853,74100.16,92762.21,-4.299e-05,0.01,0.0,False,2026-03-18.csv
2026-03-18 01:34:00,2026-03-18,74031.9,74098.7,74016.3,74072.6,50.705,41.041,91.746,9.664000000000001,0.10533429250321542,74048.11,92751.0,-4.282e-05,0.0,0.0,False,2026-03-18.csv
2026-03-18 01:35:00,2026-03-18,74072.6,74125.8,74062.1,74114.7,52.495,37.658,90.153,14.836999999999996,0.16457577673510582,74106.6,92753.48,-4.314e-05,0.0,0.0,False,2026-03-18.csv
2026-03-18 01:36:00,2026-03-18,74114.6,74123.7,74070.6,74070.7,17.384,36.688,54.072,-19.304000000000002,-0.3570054741825714,74104.01,92757.26,-4.314e-05,0.0,0.0,False,2026-03-18.csv
2026-03-18 01:37:00,2026-03-18,74070.7,74070.7,74029.8,74037.9,14.123,34.085,48.208,-19.962000000000003,-0.41408065051443754,74048.32,92757.39,-4.279e-05,0.0,0.0,False,2026-03-18.csv
2026-03-18 01:38:00,2026-03-18,74037.8,74120.0,74029.8,74119.9,38.792,18.294,57.086,20.498,0.359072276915531,74063.28,92764.77,-4.357e-05,0.0,0.0,False,2026-03-18.csv
2026-03-18 01:39:00,2026-03-18,74120.0,74156.2,74104.1,74109.6,92.754,49.137,141.891,43.617000000000004,0.307397932215574,74139.27,92760.29,-4.357e-05,0.0,0.0,False,2026-03-18.csv
2026-03-18 01:40:00,2026-03-18,74109.6,74126.0,74085.9,74111.2,35.639,40.107,75.746,-4.467999999999996,-0.05898661315448996,74104.16,92748.67,-4.419e-05,0.002,0.0,False,2026-03-18.csv
2026-03-18 01:41:00,2026-03-18,74111.2,74165.0,74111.2,74152.3,40.426,25.516,65.942,14.910000000000004,0.2261077916957327,74144.41,92768.21,-4.452e-05,0.0,0.0,False,2026-03-18.csv
2026-03-18 01:42:00,2026-03-18,74152.2,74153.0,74103.9,74116.5,24.441,25.97,50.411,-1.529,-0.030330681795639837,74134.66,92775.01,-4.459e-05,0.0,0.0,False,2026-03-18.csv
2026-03-18 01:43:00,2026-03-18,74116.4,74128.6,74107.3,74124.4,9.204,12.807,22.011,-3.6029999999999998,-0.16369088183181135,74117.03,92786.7,-4.459e-05,0.0,0.0,False,2026-03-18.csv
2026-03-18 01:44:00,2026-03-18,74124.5,74147.0,74124.4,74142.9,7.211,9.543,16.754,-2.331999999999999,-0.13919064104094536,74143.03,92790.15,-4.521e-05,0.0,0.0,False,2026-03-18.csv
2026-03-18 01:45:00,2026-03-18,74142.8,74150.0,74104.0,74104.0,13.263,22.087,35.35,-8.824,-0.2496181046676096,74138.44,92792.09,-4.562e-05,0.021,0.0,False,2026-03-18.csv
2026-03-18 01:46:00,2026-03-18,74104.1,74164.4,74076.9,74148.1,35.142,30.231,65.373,4.911000000000001,0.0751227571015557,74109.18,92797.78,-4.562e-05,0.0,0.0,False,2026-03-18.csv
2026-03-18 01:47:00,2026-03-18,74148.1,74167.5,74138.0,74164.5,39.901,22.586,62.487,17.315000000000005,0.2770976363083522,74154.7,92805.16,-4.59e-05,0.002,0.0,False,2026-03-18.csv
2026-03-18 01:48:00,2026-03-18,74164.5,74164.5,74124.4,74124.4,9.286,40.4,49.686,-31.113999999999997,-0.6262126152236042,74147.01,92806.22,-4.57e-05,0.0,0.0,False,2026-03-18.csv
2026-03-18 01:49:00,2026-03-18,74124.5,74124.7,74107.4,74119.5,15.859,15.29,31.149,0.5690000000000008,0.018267039070275156,74120.16,92801.6,-4.57e-05,0.0,0.0,False,2026-03-18.csv
2026-03-18 01:50:00,2026-03-18,74119.4,74127.6,74094.4,74123.8,17.151,18.483,35.634,-1.3320000000000007,-0.0373800303081327,74111.93,92800.8,-4.57e-05,0.013,0.0,False,2026-03-18.csv
2026-03-18 01:51:00,2026-03-18,74124.0,74126.5,74078.0,74080.8,19.863,40.207,60.07,-20.344,-0.33867154985849846,74096.22,92801.82,-4.592e-05,0.0,0.0,False,2026-03-18.csv
2026-03-18 01:52:00,2026-03-18,74080.8,74081.0,74000.0,74023.8,18.605,72.844,91.449,-54.23899999999999,-0.5931065402574112,74029.31,92817.66,-4.609e-05,0.0,0.0,False,2026-03-18.csv
2026-03-18 01:53:00,2026-03-18,74023.8,74040.5,74000.0,74000.0,9.982,20.744,30.726,-10.762,-0.35025711124129405,74020.67,92822.34,-4.609e-05,0.0,0.0,False,2026-03-18.csv
2026-03-18 01:54:00,2026-03-18,74000.0,74004.3,73974.4,73995.2,12.927,33.289,46.216,-20.362000000000002,-0.4405833477583521,73990.05,92823.91,-4.686e-05,0.0,0.003,False,2026-03-18.csv
2026-03-18 01:55:00,2026-03-18,73995.2,73995.3,73965.4,73985.1,14.965,34.235,49.2,-19.27,-0.39166666666666666,73983.24,92820.02,-4.708e-05,0.0,0.0,False,2026-03-18.csv
2026-03-18 01:56:00,2026-03-18,73985.0,74030.1,73985.0,74030.1,54.589,10.318,64.907,44.271,0.6820681898716626,74003.86,92851.57,-4.733e-05,0.0,0.0,False,2026-03-18.csv
2026-03-18 01:57:00,2026-03-18,74030.0,74043.2,74025.8,74036.0,4.736,8.337,13.073,-3.601,-0.27545322420255486,74033.1,92854.08,-4.733e-05,0.0,0.0,False,2026-03-18.csv
2026-03-18 01:58:00,2026-03-18,74036.0,74043.1,74030.1,74043.0,4.734,8.615,13.349,-3.8810000000000002,-0.2907333882687842,74037.11,92857.33,-4.721e-05,0.0,0.0,False,2026-03-18.csv
2026-03-18 01:59:00,2026-03-18,74043.0,74043.1,74022.8,74039.6,8.739,7.698,16.437,1.0410000000000004,0.06333272494980838,74033.55,92859.22,-4.694e-05,0.0,0.0,False,2026-03-18.csv
2026-03-18 02:00:00,2026-03-18,74039.7,74050.0,74030.3,74035.3,11.185,11.756,22.941,-0.5709999999999997,-0.024889935050782432,74044.82,92858.49,-4.694e-05,0.0,0.0,False,2026-03-18.csv
2026-03-18 02:01:00,2026-03-18,74035.2,74061.0,73999.2,74059.5,38.502,55.416,93.918,-16.913999999999994,-0.1800932728550437,74024.82,92873.87,-4.658e-05,0.0,0.0,False,2026-03-18.csv
2026-03-18 02:02:00,2026-03-18,74059.6,74089.0,74057.6,74062.5,16.858,9.931,26.789,6.927000000000001,0.25857628130949273,74073.43,92865.35,-4.628e-05,0.0,0.0,False,2026-03-18.csv
2026-03-18 02:03:00,2026-03-18,74062.6,74079.7,74062.5,74070.1,10.729,9.782,20.511,0.9469999999999992,0.04617034761835109,74071.54,92864.33,-4.617e-05,0.0,0.0,False,2026-03-18.csv
2026-03-18 02:04:00,2026-03-18,74070.1,74070.1,74062.5,74069.1,4.45,8.21,12.66,-3.7600000000000007,-0.29699842022116907,74067.45,92871.18,-4.617e-05,0.0,0.0,False,2026-03-18.csv
2026-03-18 02:05:00,2026-03-18,74069.1,74070.0,74020.1,74020.1,8.882,82.982,91.864,-74.1,-0.8066271880170686,74049.59,92871.99,-4.638e-05,0.0,0.0,False,2026-03-18.csv
2026-03-18 02:06:00,2026-03-18,74020.1,74054.9,74020.1,74054.5,10.284,11.881,22.165,-1.5969999999999995,-0.07205053011504622,74037.44,92867.38,-4.647e-05,0.0,0.0,False,2026-03-18.csv
2026-03-18 02:07:00,2026-03-18,74054.6,74080.0,74053.5,74059.6,10.737,10.347,21.084,0.39000000000000057,0.018497438816163943,74069.19,92870.97,-4.647e-05,0.0,0.0,False,2026-03-18.csv
2026-03-18 02:08:00,2026-03-18,74059.5,74107.6,74059.5,74084.9,20.057,40.979,61.036,-20.922,-0.34278130939117896,74095.08,92872.85,-4.643e-05,0.0,0.0,False,2026-03-18.csv
2026-03-18 02:09:00,2026-03-18,74084.9,74107.9,74084.9,74100.2,44.956,3.09,48.046,41.866,0.871373267285518,74098.42,92876.99,-4.64e-05,0.0,0.0,False,2026-03-18.csv
2026-03-18 02:10:00,2026-03-18,74100.1,74218.2,74100.1,74210.6,167.878,33.8,201.678,134.07799999999997,0.6648122254286535,74174.65,92881.05,-4.639e-05,0.07,0.0,False,2026-03-18.csv
2026-03-18 02:11:00,2026-03-18,74210.7,74217.9,74172.0,74180.4,40.435,41.766,82.201,-1.330999999999996,-0.016192017128745344,74201.89,92901.32,-4.639e-05,0.114,0.0,False,2026-03-18.csv
2026-03-18 02:12:00,2026-03-18,74180.5,74184.7,74163.6,74163.7,21.544,14.362,35.906,7.182,0.20002228039881917,74171.74,92896.14,-4.61e-05,0.0,0.0,False,2026-03-18.csv
2026-03-18 02:13:00,2026-03-18,74163.6,74230.0,74163.6,74214.3,88.11,27.378,115.488,60.732,0.5258728179551122,74204.79,92893.01,-4.635e-05,0.0,0.0,False,2026-03-18.csv
2026-03-18 02:14:00,2026-03-18,74214.2,74240.0,74200.8,74226.5,32.18,31.508,63.688,0.6720000000000006,0.010551438261524944,74223.02,92913.34,-4.648e-05,0.002,0.0,False,2026-03-18.csv
2026-03-18 02:15:00,2026-03-18,74226.4,74244.2,74186.9,74241.3,41.665,57.659,99.324,-15.994,-0.1610285530184044,74218.47,92906.56,-4.648e-05,0.59,0.0,False,2026-03-18.csv
2026-03-18 02:16:00,2026-03-18,74241.4,74255.6,74209.3,74247.0,41.065,37.385,78.45,3.6799999999999997,0.04690885914595283,74235.48,92902.31,-4.639e-05,0.0,0.0,False,2026-03-18.csv
2026-03-18 02:17:00,2026-03-18,74247.0,74258.7,74191.7,74231.0,41.688,57.345,99.033,-15.656999999999996,-0.158098815546333,74226.59,92896.16,-4.644e-05,0.0,0.0,False,2026-03-18.csv
2026-03-18 02:18:00,2026-03-18,74231.1,74250.1,74220.2,74236.1,18.632,34.304,52.936,-15.672,-0.29605561432673416,74234.75,92903.05,-4.644e-05,0.001,0.0,False,2026-03-18.csv
2026-03-18 02:19:00,2026-03-18,74236.1,74236.1,74196.9,74203.4,8.4,33.129,41.529,-24.729,-0.5954634111103084,74211.02,92904.08,-4.64e-05,0.0,0.0,False,2026-03-18.csv
2026-03-18 02:20:00,2026-03-18,74203.5,74240.1,74188.7,74223.7,33.178,18.704,51.882,14.473999999999997,0.2789792220808758,74208.01,92903.93,-4.679e-05,0.0,0.0,False,2026-03-18.csv
2026-03-18 02:21:00,2026-03-18,74223.8,74237.2,74206.8,74206.8,8.482,16.498,24.98,-8.016000000000002,-0.3208967173738992,74222.91,92917.64,-4.761e-05,0.0,0.0,False,2026-03-18.csv
2026-03-18 02:22:00,2026-03-18,74206.8,74229.0,74198.2,74224.3,27.963,10.494,38.457,17.469,0.45424760121694363,74217.05,92921.46,-4.761e-05,0.0,0.0,False,2026-03-18.csv
2026-03-18 02:23:00,2026-03-18,74224.2,74224.3,74160.0,74166.5,6.217,19.178,25.395,-12.961000000000002,-0.5103760582791889,74184.81,92929.05,-4.794e-05,0.0,0.0,False,2026-03-18.csv
2026-03-18 02:24:00,2026-03-18,74166.5,74199.9,74151.5,74199.9,13.473,28.987,42.46,-15.513999999999998,-0.3653791804050871,74165.32,92948.83,-4.816e-05,0.0,0.0,False,2026-03-18.csv
2026-03-18 02:25:00,2026-03-18,74200.0,74200.0,74169.9,74192.5,6.018,8.24,14.258,-2.2220000000000004,-0.15584233412820878,74185.47,92951.6,-4.816e-05,0.0,0.0,False,2026-03-18.csv
2026-03-18 02:26:00,2026-03-18,74192.6,74192.6,74149.9,74159.2,9.806,11.982,21.788,-2.176,-0.09987148889296861,74161.18,92952.11,-4.859e-05,0.0,0.0,False,2026-03-18.csv
2026-03-18 02:27:00,2026-03-18,74159.2,74159.2,74135.3,74135.3,5.009,16.59,21.599,-11.581,-0.5361822306588268,74152.27,92952.81,-4.89e-05,0.0,0.059,False,2026-03-18.csv
2026-03-18 02:28:00,2026-03-18,74135.1,74150.0,74133.7,74133.8,8.023,11.596,19.619,-3.5730000000000004,-0.1821193740761507,74143.05,92951.91,-4.939e-05,0.0,0.0,False,2026-03-18.csv
2026-03-18 02:29:00,2026-03-18,74133.7,74150.2,74133.7,74135.8,17.97,12.672,30.642,5.297999999999998,0.17289994125709804,74144.06,92954.05,-4.939e-05,0.0,0.0,False,2026-03-18.csv
2026-03-18 02:30:00,2026-03-18,74135.9,74182.5,74135.8,74181.9,22.032,7.212,29.244,14.82,0.5067706196142798,74162.9,92957.19,-5.007e-05,0.0,0.0,False,2026-03-18.csv
2026-03-18 02:31:00,2026-03-18,74181.8,74181.9,74160.8,74164.4,7.919,16.664,24.583,-8.745000000000001,-0.3557336370662654,74175.33,92960.26,-5.034e-05,0.0,0.0,False,2026-03-18.csv
2026-03-18 02:32:00,2026-03-18,74164.3,74183.9,74150.0,74150.2,8.182,7.811,15.993,0.37100000000000044,0.023197648971425025,74171.49,92960.39,-5.034e-05,0.0,0.0,False,2026-03-18.csv
2026-03-18 02:33:00,2026-03-18,74150.2,74232.0,74150.1,74226.7,26.611,6.801,33.412,19.810000000000002,0.5929007542200407,74209.75,92962.85,-5.071e-05,0.0,0.0,False,2026-03-18.csv
2026-03-18 02:34:00,2026-03-18,74226.7,74226.7,74206.4,74212.5,3.917,18.413,22.33,-14.496,-0.6491715181370354,74217.89,92966.32,-5.086e-05,0.0,0.0,False,2026-03-18.csv
2026-03-18 02:35:00,2026-03-18,74212.4,74355.2,74208.0,74275.8,152.394,97.225,249.619,55.16900000000001,0.2210128235430797,74306.24,92936.48,-5.045e-05,1.412,0.0,False,2026-03-18.csv
2026-03-18 02:36:00,2026-03-18,74275.8,74275.8,74244.0,74247.6,22.311,27.151,49.462,-4.84,-0.09785289717358779,74253.51,92919.47,-5.045e-05,0.0,0.0,False,2026-03-18.csv
2026-03-18 02:37:00,2026-03-18,74247.6,74247.6,74200.1,74225.2,13.737,23.563,37.3,-9.825999999999999,-0.2634316353887399,74222.94,92926.85,-5.093e-05,0.0,0.0,False,2026-03-18.csv
2026-03-18 02:38:00,2026-03-18,74225.2,74230.0,74218.6,74229.9,8.273,12.351,20.624,-4.078000000000001,-0.19773079906904584,74224.19,92931.23,-5.177e-05,0.0,0.0,False,2026-03-18.csv
2026-03-18 02:39:00,2026-03-18,74230.0,74270.0,74229.9,74269.9,14.012,3.077,17.089,10.935,0.6398853063374101,74250.34,92933.86,-5.177e-05,0.0,0.0,False,2026-03-18.csv
2026-03-18 02:40:00,2026-03-18,74269.9,74321.3,74267.0,74271.6,44.472,76.075,120.547,-31.603,-0.2621633055986462,74296.09,92932.36,-5.251e-05,0.0,0.0,False,2026-03-18.csv
2026-03-18 02:41:00,2026-03-18,74271.7,74287.5,74271.6,74281.5,9.873,13.423,23.296,-3.5500000000000007,-0.15238667582417587,74278.77,92936.73,-5.22e-05,0.0,0.0,False,2026-03-18.csv
2026-03-18 02:42:00,2026-03-18,74281.5,74313.3,74281.4,74313.3,25.425,9.673,35.098,15.752,0.44880050145307426,74302.98,92935.3,-5.206e-05,0.0,0.0,False,2026-03-18.csv
2026-03-18 02:43:00,2026-03-18,74313.3,74376.0,74313.2,74363.7,62.571,33.83,96.401,28.741,0.2981400607877512,74347.09,92934.31,-5.206e-05,0.01,0.0,False,2026-03-18.csv
2026-03-18 02:44:00,2026-03-18,74363.7,74363.7,74321.0,74325.6,12.413,37.202,49.615,-24.788999999999998,-0.49962712889247196,74336.32,92932.39,-5.151e-05,0.0,0.0,False,2026-03-18.csv
2026-03-18 02:45:00,2026-03-18,74325.6,74370.0,74325.6,74369.9,39.964,27.256,67.22,12.707999999999998,0.18905087771496576,74355.05,92930.67,-5.167e-05,0.0,0.0,False,2026-03-18.csv
2026-03-18 02:46:00,2026-03-18,74370.0,74429.4,74370.0,74399.3,93.888,78.289,172.177,15.599000000000004,0.09059862815590936,74399.76,92950.29,-5.167e-05,1.061,0.0,False,2026-03-18.csv
2026-03-18 02:47:00,2026-03-18,74399.2,74437.0,74355.5,74364.9,55.327,57.851,113.178,-2.524000000000001,-0.022301153934510248,74403.63,92960.33,-5.175e-05,0.074,0.0,False,2026-03-18.csv
2026-03-18 02:48:00,2026-03-18,74364.8,74364.9,74318.2,74351.1,20.798,63.587,84.385,-42.789,-0.5070687918468922,74342.7,92984.7,-5.167e-05,0.0,0.0,False,2026-03-18.csv
2026-03-18 02:49:00,2026-03-18,74351.1,74352.7,74332.2,74341.1,11.372,21.142,32.514,-9.77,-0.30048594451620836,74344.49,92998.65,-5.204e-05,0.0,0.0,False,2026-03-18.csv
2026-03-18 02:50:00,2026-03-18,74341.1,74350.1,74329.5,74335.6,16.014,23.563,39.577,-7.5489999999999995,-0.19074209768299769,74339.88,92998.08,-5.204e-05,0.0,0.0,False,2026-03-18.csv
2026-03-18 02:51:00,2026-03-18,74335.6,74370.0,74329.2,74331.2,39.065,36.44,75.505,2.625,0.03476590954241441,74346.43,93007.14,-5.222e-05,0.0,0.0,False,2026-03-18.csv
2026-03-18 02:52:00,2026-03-18,74331.2,74370.4,74331.2,74370.3,16.433,10.947,27.38,5.486000000000001,0.20036523009495985,74344.22,93011.26,-5.249e-05,0.0,0.0,False,2026-03-18.csv
2026-03-18 02:53:00,2026-03-18,74370.3,74399.0,74358.2,74358.2,30.094,24.248,54.342,5.846,0.10757793235434839,74386.09,93013.51,-5.249e-05,0.0,0.0,False,2026-03-18.csv
2026-03-18 02:54:00,2026-03-18,74358.2,74358.3,74321.0,74323.6,13.675,31.269,44.944,-17.593999999999998,-0.39146493414026334,74333.77,93023.08,-5.249e-05,0.0,0.0,False,2026-03-18.csv
2026-03-18 02:55:00,2026-03-18,74323.5,74330.0,74303.8,74316.9,40.797,23.295,64.092,17.501999999999995,0.27307620295824747,74317.29,93028.43,-5.283e-05,0.0,0.0,False,2026-03-18.csv
2026-03-18 02:56:00,2026-03-18,74316.9,74324.5,74305.7,74324.5,6.723,14.161,20.884,-7.438,-0.3561578241716146,74317.47,93028.77,-5.336e-05,0.0,0.0,False,2026-03-18.csv
2026-03-18 02:57:00,2026-03-18,74324.5,74334.8,74293.2,74334.7,19.743,25.384,45.127,-5.641000000000002,-0.12500276996033421,74315.26,93030.78,-5.336e-05,0.0,0.0,False,2026-03-18.csv
2026-03-18 02:58:00,2026-03-18,74334.8,74336.0,74315.5,74321.7,9.454,13.529,22.983,-4.074999999999999,-0.17730496453900707,74324.52,93028.91,-5.326e-05,0.0,0.0,False,2026-03-18.csv
2026-03-18 02:59:00,2026-03-18,74321.7,74321.7,74286.0,74286.0,8.739,21.793,30.532,-13.053999999999998,-0.42755142145945235,74297.37,93029.5,-5.35e-05,0.0,0.0,False,2026-03-18.csv
2026-03-18 03:00:00,2026-03-18,74286.1,74300.0,74286.0,74299.9,5.703,14.052,19.755,-8.349,-0.4226271829916477,74294.2,93032.53,-5.35e-05,0.0,0.602,False,2026-03-18.csv
2026-03-18 03:01:00,2026-03-18,74300.0,74308.3,74299.9,74303.5,11.766,16.776,28.542,-5.01,-0.17553079672062222,74303.95,93036.25,-5.396e-05,0.0,0.0,False,2026-03-18.csv
2026-03-18 03:02:00,2026-03-18,74303.6,74303.6,74275.8,74282.3,7.823,22.647,30.47,-14.823999999999998,-0.4865113226124056,74288.85,93040.1,-5.403e-05,0.0,0.0,False,2026-03-18.csv
2026-03-18 03:03:00,2026-03-18,74282.3,74309.7,74282.3,74294.0,13.432,21.121,34.553,-7.688999999999998,-0.22252771105258584,74294.48,93039.17,-5.406e-05,0.0,0.0,False,2026-03-18.csv
2026-03-18 03:04:00,2026-03-18,74294.0,74361.4,74294.0,74353.9,61.966,27.812,89.778,34.153999999999996,0.3804272761701084,74342.21,93043.74,-5.406e-05,0.0,0.0,False,2026-03-18.csv
2026-03-18 03:05:00,2026-03-18,74354.0,74354.3,74313.6,74313.6,6.926,14.886,21.812,-7.959999999999999,-0.3649367320740876,74331.45,93028.57,-5.387e-05,0.0,0.0,False,2026-03-18.csv
2026-03-18 03:06:00,2026-03-18,74313.7,74345.8,74266.0,74287.8,77.745,107.623,185.368,-29.878,-0.16118208104958784,74311.32,93048.43,-5.395e-05,0.0,0.0,False,2026-03-18.csv
2026-03-18 03:07:00,2026-03-18,74287.8,74288.2,74272.6,74277.8,11.493,29.316,40.809,-17.823,-0.4367418951701831,74280.94,93041.44,-5.395e-05,0.0,0.0,False,2026-03-18.csv
2026-03-18 03:08:00,2026-03-18,74277.7,74277.8,74202.0,74230.7,25.567,87.827,113.394,-62.26,-0.5490590331058081,74232.93,93048.1,-5.407e-05,0.0,0.0,False,2026-03-18.csv
2026-03-18 03:09:00,2026-03-18,74230.7,74243.6,74205.9,74231.4,30.388,51.495,81.883,-21.106999999999996,-0.25777023313752545,74228.7,93033.86,-5.423e-05,0.0,0.0,False,2026-03-18.csv
2026-03-18 03:10:00,2026-03-18,74231.4,74240.5,74226.0,74240.3,10.639,8.341,18.98,2.298,0.12107481559536354,74233.11,93028.37,-5.423e-05,0.049,0.0,False,2026-03-18.csv
2026-03-18 03:11:00,2026-03-18,74240.4,74263.1,74240.3,74240.3,15.313,22.417,37.73,-7.104000000000001,-0.1882851842035516,74254.42,93035.72,-5.43e-05,0.0,0.0,False,2026-03-18.csv
2026-03-18 03:12:00,2026-03-18,74240.3,74261.7,74229.3,74239.9,16.883,20.497,37.38,-3.6140000000000008,-0.09668271803103265,74246.08,93040.55,-5.408e-05,0.0,0.0,False,2026-03-18.csv
2026-03-18 03:13:00,2026-03-18,74239.8,74277.7,74237.0,74274.4,31.236,8.23,39.466,23.006,0.5829321441240561,74262.78,93037.4,-5.393e-05,0.0,0.0,False,2026-03-18.csv
2026-03-18 03:14:00,2026-03-18,74274.3,74274.4,74267.4,74267.5,13.286,6.285,19.571,7.0009999999999994,0.35772316182106173,74270.85,93037.41,-5.393e-05,0.0,0.0,False,2026-03-18.csv
2026-03-18 03:15:00,2026-03-18,74267.5,74267.5,74226.0,74231.5,25.959,24.486,50.445,1.472999999999999,0.02920011894142133,74246.17,93036.95,-5.362e-05,0.0,0.0,False,2026-03-18.csv
2026-03-18 03:16:00,2026-03-18,74231.5,74244.1,74231.5,74243.9,20.516,19.398,39.914,1.1179999999999986,0.028010221977251053,74239.96,93034.24,-5.355e-05,0.0,0.0,False,2026-03-18.csv
2026-03-18 03:17:00,2026-03-18,74243.9,74256.0,74227.8,74237.2,23.395,15.384,38.779,8.011,0.20658088140488404,74240.54,93039.34,-5.355e-05,0.0,0.0,False,2026-03-18.csv
2026-03-18 03:18:00,2026-03-18,74237.2,74237.3,74227.8,74229.2,3.624,12.591,16.215,-8.966999999999999,-0.5530064754856614,74231.56,93042.31,-5.328e-05,0.0,0.0,False,2026-03-18.csv
2026-03-18 03:19:00,2026-03-18,74229.2,74251.6,74229.2,74244.2,20.27,7.472,27.742,12.797999999999998,0.46132218297166744,74241.07,93044.95,-5.315e-05,0.0,0.0,False,2026-03-18.csv
2026-03-18 03:20:00,2026-03-18,74244.2,74250.0,74244.1,74249.9,5.083,2.848,7.931,2.2350000000000003,0.28180557306770904,74247.38,93041.08,-5.297e-05,0.0,0.0,False,2026-03-18.csv
2026-03-18 03:21:00,2026-03-18,74249.9,74273.9,74231.0,74267.8,62.363,19.92,82.283,42.443,0.5158173620310392,74248.68,93052.14,-5.297e-05,0.0,0.0,False,2026-03-18.csv
2026-03-18 03:22:00,2026-03-18,74267.8,74267.8,74258.6,74261.9,5.316,7.552,12.868,-2.2359999999999998,-0.17376437674852344,74265.4,93051.48,-5.247e-05,0.0,0.0,False,2026-03-18.csv
2026-03-18 03:23:00,2026-03-18,74261.8,74343.0,74261.8,74334.7,36.932,12.692,49.624,24.240000000000002,0.48847331936159927,74302.67,93054.71,-5.207e-05,0.0,0.0,False,2026-03-18.csv
2026-03-18 03:24:00,2026-03-18,74334.8,74419.4,74334.8,74370.9,131.786,49.561,181.347,82.225,0.45341251854180104,74380.97,93074.9,-5.155e-05,0.06,0.0,False,2026-03-18.csv
2026-03-18 03:25:00,2026-03-18,74370.8,74500.0,74370.8,74461.7,243.293,111.503,354.796,131.79000000000002,0.3714528912389092,74459.11,93090.7,-5.155e-05,0.034,0.0,False,2026-03-18.csv
2026-03-18 03:26:00,2026-03-18,74461.8,74528.2,74454.8,74479.0,88.777,52.26,141.037,36.517,0.25891787261498755,74487.42,93043.28,-5.112e-05,0.324,0.0,False,2026-03-18.csv
2026-03-18 03:27:00,2026-03-18,74478.9,74587.9,74436.9,74562.4,223.367,116.081,339.448,107.28599999999999,0.31606019184087103,74520.68,93095.27,-5.069e-05,0.088,0.0,False,2026-03-18.csv
2026-03-18 03:28:00,2026-03-18,74562.4,74587.9,74499.0,74518.0,112.059,98.962,211.021,13.096999999999994,0.06206491297074696,74550.28,93122.21,-5.069e-05,1.561,0.0,False,2026-03-18.csv
2026-03-18 03:29:00,2026-03-18,74518.1,74518.1,74489.1,74497.3,18.879,27.51,46.389,-8.631,-0.1860570393843368,74500.17,93120.02,-5.05e-05,0.0,0.0,False,2026-03-18.csv
2026-03-18 03:30:00,2026-03-18,74497.3,74497.4,74478.7,74480.0,13.488,37.311,50.799,-23.823,-0.4689659245260734,74489.9,93128.78,-5.082e-05,0.0,0.0,False,2026-03-18.csv
2026-03-18 03:31:00,2026-03-18,74480.0,74508.4,74480.0,74481.3,34.211,17.692,51.903,16.519,0.3182667668535537,74490.12,93142.11,-5.139e-05,0.0,0.002,False,2026-03-18.csv
2026-03-18 03:32:00,2026-03-18,74481.3,74508.4,74480.8,74507.9,37.356,29.803,67.159,7.553000000000001,0.11246445003648059,74499.14,93135.94,-5.139e-05,0.0,0.0,False,2026-03-18.csv
2026-03-18 03:33:00,2026-03-18,74507.8,74530.0,74451.0,74465.3,29.642,48.614,78.256,-18.971999999999998,-0.24243508484972395,74489.48,93153.4,-5.16e-05,0.0,0.0,False,2026-03-18.csv
2026-03-18 03:34:00,2026-03-18,74465.2,74524.0,74460.0,74485.4,61.044,40.779,101.823,20.264999999999993,0.19902183200259269,74490.33,93161.76,-5.186e-05,0.0,0.0,False,2026-03-18.csv
2026-03-18 03:35:00,2026-03-18,74485.5,74560.6,74476.8,74527.2,95.646,52.905,148.551,42.741,0.28771936910555973,74529.42,93212.45,-5.186e-05,0.033,0.0,False,2026-03-18.csv
2026-03-18 03:36:00,2026-03-18,74527.3,74583.8,74496.3,74583.7,50.169,29.76,79.929,20.408999999999995,0.25533911346319854,74538.93,93237.7,-5.238e-05,0.0,0.0,False,2026-03-18.csv
2026-03-18 03:37:00,2026-03-18,74583.8,74633.0,74564.0,74571.6,163.019,69.996,233.015,93.02300000000001,0.39921464283415237,74596.21,93279.54,-5.252e-05,0.153,0.0,False,2026-03-18.csv
2026-03-18 03:38:00,2026-03-18,74571.6,74586.0,74524.4,74534.2,20.869,68.96,89.829,-48.090999999999994,-0.5353616315443788,74541.23,93295.9,-5.224e-05,0.0,0.0,False,2026-03-18.csv
2026-03-18 03:39:00,2026-03-18,74534.1,74534.2,74451.3,74462.5,18.256,44.893,63.149,-26.637,-0.4218119051766457,74489.99,93311.47,-5.224e-05,0.0,0.0,False,2026-03-18.csv
2026-03-18 03:40:00,2026-03-18,74462.6,74479.0,74425.0,74434.7,29.994,66.27,96.264,-36.275999999999996,-0.3768386935926203,74451.13,93327.93,-5.252e-05,0.0,0.0,False,2026-03-18.csv
2026-03-18 03:41:00,2026-03-18,74434.7,74450.1,74415.0,74450.0,31.177,35.891,67.068,-4.713999999999999,-0.07028687302439314,74432.1,93335.62,-5.311e-05,0.0,0.0,False,2026-03-18.csv
2026-03-18 03:42:00,2026-03-18,74450.0,74456.1,74443.3,74454.4,10.804,22.271,33.075,-11.467,-0.34669690098261524,74452.31,93338.76,-5.311e-05,0.008,0.0,False,2026-03-18.csv
2026-03-18 03:43:00,2026-03-18,74454.4,74458.0,74436.3,74436.4,14.668,20.749,35.417,-6.0809999999999995,-0.17169720755569357,74445.36,93340.69,-5.326e-05,0.0,0.0,False,2026-03-18.csv
2026-03-18 03:44:00,2026-03-18,74436.3,74436.4,74404.5,74421.1,14.575,30.209,44.784,-15.634,-0.349097892104323,74416.46,93341.4,-5.308e-05,0.0,0.01,False,2026-03-18.csv
2026-03-18 03:45:00,2026-03-18,74421.0,74453.9,74417.2,74449.1,24.973,16.408,41.381,8.564999999999998,0.2069790483555254,74433.79,93341.5,-5.311e-05,0.0,0.0,False,2026-03-18.csv
2026-03-18 03:46:00,2026-03-18,74449.1,74459.0,74443.3,74452.8,14.461,20.729,35.19,-6.267999999999999,-0.1781187837453822,74453.19,93345.54,-5.311e-05,0.0,0.0,False,2026-03-18.csv
2026-03-18 03:47:00,2026-03-18,74452.8,74469.8,74441.2,74453.2,16.837,22.221,39.058,-5.384,-0.1378462798914435,74456.31,93348.11,-5.287e-05,0.0,0.0,False,2026-03-18.csv
2026-03-18 03:48:00,2026-03-18,74453.3,74454.0,74420.0,74420.1,18.256,26.551,44.807,-8.294999999999998,-0.1851273238556475,74439.74,93356.26,-5.258e-05,0.0,0.0,False,2026-03-18.csv
2026-03-18 03:49:00,2026-03-18,74420.0,74420.1,74404.6,74411.7,8.352,22.209,30.561,-13.857,-0.45342102679886126,74413.07,93363.14,-5.258e-05,0.0,0.0,False,2026-03-18.csv
2026-03-18 03:50:00,2026-03-18,74411.8,74432.3,74408.2,74432.3,46.071,17.126,63.197,28.944999999999997,0.4580122474168077,74417.53,93361.23,-5.249e-05,0.004,0.0,False,2026-03-18.csv
2026-03-18 03:51:00,2026-03-18,74432.2,74432.3,74406.3,74416.5,9.079,15.024,24.103,-5.9449999999999985,-0.2466497946313736,74413.76,93374.79,-5.252e-05,0.0,0.0,False,2026-03-18.csv
2026-03-18 03:52:00,2026-03-18,74416.5,74416.6,74392.0,74392.0,3.856,36.276,40.132,-32.42,-0.8078341473138644,74403.56,93380.27,-5.248e-05,0.0,0.0,False,2026-03-18.csv
2026-03-18 03:53:00,2026-03-18,74392.0,74403.7,74377.7,74377.7,26.606,63.748,90.354,-37.141999999999996,-0.41107200566660024,74391.42,93369.33,-5.248e-05,0.029,0.0,False,2026-03-18.csv
2026-03-18 03:54:00,2026-03-18,74377.8,74392.0,74370.0,74391.9,30.677,49.383,80.06,-18.706000000000003,-0.23364976267799153,74376.92,93380.41,-5.264e-05,0.002,0.0,False,2026-03-18.csv
2026-03-18 03:55:00,2026-03-18,74392.0,74424.6,74391.9,74423.9,34.123,11.327,45.45,22.796,0.5015621562156215,74408.47,93378.97,-5.242e-05,0.019,0.0,False,2026-03-18.csv
2026-03-18 03:56:00,2026-03-18,74423.9,74442.0,74414.2,74442.0,15.183,16.394,31.577,-1.2109999999999985,-0.038350698293061355,74426.89,93386.74,-5.242e-05,0.0,0.0,False,2026-03-18.csv
2026-03-18 03:57:00,2026-03-18,74442.0,74463.5,74437.4,74463.5,36.218,55.504,91.722,-19.285999999999994,-0.2102658031878938,74452.77,93392.79,-5.15e-05,0.0,0.0,False,2026-03-18.csv
2026-03-18 03:58:00,2026-03-18,74463.5,74485.0,74463.5,74485.0,25.407,21.735,47.142,3.6720000000000006,0.07789232531500573,74480.77,93406.94,-5.093e-05,0.0,0.0,False,2026-03-18.csv
2026-03-18 03:59:00,2026-03-18,74484.9,74485.0,74423.2,74439.6,16.565,66.376,82.941,-49.81100000000001,-0.6005594338143982,74465.13,93426.82,-4.976e-05,0.0,0.0,False,2026-03-18.csv
2026-03-18 04:00:00,2026-03-18,74439.6,74443.9,74414.6,74414.6,7.938,39.194,47.132,-31.256000000000004,-0.6631587880845287,74429.4,93430.07,-4.976e-05,0.0,0.0,False,2026-03-18.csv
2026-03-18 04:01:00,2026-03-18,74414.6,74444.0,74414.6,74426.5,19.626,20.709,40.335,-1.0829999999999984,-0.026850130159910706,74437.2,93429.51,-4.932e-05,0.0,0.0,False,2026-03-18.csv
2026-03-18 04:02:00,2026-03-18,74426.5,74455.7,74426.5,74449.6,32.84,10.714,43.554,22.126000000000005,0.5080130412820867,74443.81,93445.87,-4.889e-05,0.002,0.0,False,2026-03-18.csv
2026-03-18 04:03:00,2026-03-18,74449.5,74450.0,74430.0,74450.0,13.641,7.454,21.095,6.187,0.2932922493481868,74438.36,93445.78,-4.889e-05,0.0,0.0,False,2026-03-18.csv
2026-03-18 04:04:00,2026-03-18,74449.9,74450.0,74413.7,74413.8,16.262,18.872,35.134,-2.6099999999999994,-0.07428701542665223,74429.94,93445.51,-4.813e-05,0.0,0.0,False,2026-03-18.csv
2026-03-18 04:05:00,2026-03-18,74413.8,74432.6,74400.0,74425.1,28.389,49.968,78.357,-21.579000000000004,-0.275393391783759,74412.27,93437.87,-4.752e-05,0.0,0.0,False,2026-03-18.csv
2026-03-18 04:06:00,2026-03-18,74425.0,74425.1,74377.9,74378.0,11.352,21.225,32.577,-9.873000000000001,-0.3030665807164564,74395.98,93440.93,-4.757e-05,0.0,0.0,False,2026-03-18.csv
2026-03-18 04:07:00,2026-03-18,74377.9,74378.3,74362.9,74374.2,18.522,27.826,46.348,-9.304000000000002,-0.20074221109864507,74372.88,93444.62,-4.757e-05,0.0,0.0,False,2026-03-18.csv
2026-03-18 04:08:00,2026-03-18,74374.2,74378.0,74356.3,74370.8,21.815,67.831,89.646,-46.016000000000005,-0.513307899962073,74367.68,93446.26,-4.795e-05,0.0,0.0,False,2026-03-18.csv
2026-03-18 04:09:00,2026-03-18,74370.8,74385.3,74356.3,74364.1,8.266,15.056,23.322,-6.789999999999999,-0.2911414115427493,74374.2,93438.09,-4.847e-05,0.0,0.0,False,2026-03-18.csv
2026-03-18 04:10:00,2026-03-18,74364.1,74375.0,74356.3,74368.9,17.023,20.914,37.937,-3.891000000000002,-0.10256477844848043,74366.5,93439.7,-4.847e-05,0.0,0.0,False,2026-03-18.csv
2026-03-18 04:11:00,2026-03-18,74368.9,74387.2,74368.9,74376.1,13.786,8.002,21.788,5.783999999999999,0.2654672296677069,74378.27,93439.14,-4.834e-05,0.0,0.0,False,2026-03-18.csv
2026-03-18 04:12:00,2026-03-18,74376.2,74396.3,74376.1,74390.0,16.476,15.43,31.906,1.0459999999999994,0.03278380241960758,74387.26,93441.45,-4.807e-05,0.0,0.0,False,2026-03-18.csv
2026-03-18 04:13:00,2026-03-18,74389.9,74390.0,74370.0,74385.2,18.229,20.273,38.502,-2.0440000000000005,-0.05308815126486937,74375.65,93444.26,-4.767e-05,0.0,0.0,False,2026-03-18.csv
2026-03-18 04:14:00,2026-03-18,74385.1,74395.9,74371.1,74395.8,22.974,16.282,39.256,6.692,0.1704707560627675,74381.3,93454.16,-4.767e-05,0.0,0.0,False,2026-03-18.csv
2026-03-18 04:15:00,2026-03-18,74395.9,74398.0,74395.8,74396.0,5.5,5.349,10.849,0.1509999999999998,0.013918333486957304,74397.55,93456.52,-4.738e-05,0.0,0.0,False,2026-03-18.csv
2026-03-18 04:16:00,2026-03-18,74396.0,74396.0,74361.9,74373.5,14.1,14.097,28.197,0.0030000000000001137,0.0001063942972656706,74369.22,93463.66,-4.702e-05,0.0,0.0,False,2026-03-18.csv
2026-03-18 04:17:00,2026-03-18,74373.5,74385.7,74360.7,74360.7,13.536,20.071,33.607,-6.535000000000002,-0.19445353646561733,74379.4,93461.73,-4.702e-05,0.0,0.0,False,2026-03-18.csv
2026-03-18 04:18:00,2026-03-18,74360.8,74360.8,74325.7,74329.0,20.264,50.876,71.14,-30.612,-0.4303064380095586,74339.58,93471.61,-4.689e-05,0.0,0.055,False,2026-03-18.csv
2026-03-18 04:19:00,2026-03-18,74328.9,74329.0,74306.6,74313.8,27.619,69.659,97.278,-42.040000000000006,-0.43216349020333483,74316.26,93466.91,-4.672e-05,0.0,0.011,False,2026-03-18.csv
2026-03-18 04:20:00,2026-03-18,74313.8,74347.2,74306.0,74334.8,45.283,20.121,65.404,25.162000000000003,0.38471653109901544,74317.81,93451.62,-4.663e-05,0.0,0.0,False,2026-03-18.csv
2026-03-18 04:21:00,2026-03-18,74334.8,74400.0,74334.8,74373.9,31.926,41.324,73.25,-9.398,-0.12830034129692833,74382.3,93465.77,-4.663e-05,0.0,0.0,False,2026-03-18.csv
2026-03-18 04:22:00,2026-03-18,74373.9,74374.0,74349.2,74354.5,5.142,19.875,25.017,-14.733,-0.5889195347163929,74360.86,93473.87,-4.65e-05,0.0,0.0,False,2026-03-18.csv
2026-03-18 04:23:00,2026-03-18,74354.5,74354.5,74322.0,74322.1,1.994,17.062,19.056,-15.068000000000001,-0.7907220822837951,74338.98,93479.74,-4.591e-05,0.0,0.0,False,2026-03-18.csv
2026-03-18 04:24:00,2026-03-18,74322.0,74326.6,74310.0,74326.5,14.932,11.126,26.058,3.806000000000001,0.14605879192570423,74320.93,93485.64,-4.591e-05,0.0,0.0,False,2026-03-18.csv
2026-03-18 04:25:00,2026-03-18,74326.6,74326.6,74281.7,74292.3,16.943,45.288,62.231,-28.344999999999995,-0.45548038758817944,74300.26,93493.41,-4.607e-05,0.0,0.005,False,2026-03-18.csv
2026-03-18 04:26:00,2026-03-18,74292.4,74292.4,74273.5,74287.2,18.289,28.151,46.44,-9.861999999999998,-0.21236003445305768,74280.64,93497.45,-4.619e-05,0.0,0.0,False,2026-03-18.csv
2026-03-18 04:27:00,2026-03-18,74287.2,74300.0,74280.7,74280.7,13.604,19.359,32.963,-5.755000000000003,-0.17458969147225684,74292.13,93496.76,-4.63e-05,0.0,0.0,False,2026-03-18.csv
2026-03-18 04:28:00,2026-03-18,74280.7,74280.8,74210.8,74246.0,80.85,181.271,262.121,-100.42099999999999,-0.38310932737171,74246.55,93450.73,-4.63e-05,0.0,0.055,False,2026-03-18.csv
2026-03-18 04:29:00,2026-03-18,74245.9,74269.9,74245.9,74250.9,13.961,19.217,33.178,-5.2559999999999985,-0.15841822894689248,74257.6,93450.73,-4.622e-05,0.002,0.0,False,2026-03-18.csv
2026-03-18 04:30:00,2026-03-18,74250.9,74253.3,74211.8,74219.8,14.882,49.33,64.212,-34.448,-0.5364729334080857,74234.74,93463.26,-4.581e-05,0.0,0.013,False,2026-03-18.csv
2026-03-18 04:31:00,2026-03-18,74219.9,74219.9,74148.3,74187.7,58.93,156.562,215.492,-97.632,-0.45306554303640045,74180.25,93456.02,-4.581e-05,0.0,4.095,False,2026-03-18.csv
2026-03-18 04:32:00,2026-03-18,74187.8,74203.2,74137.6,74151.2,42.718,152.165,194.883,-109.44699999999999,-0.561603628843973,74175.77,93410.98,-4.597e-05,0.0,0.162,False,2026-03-18.csv
2026-03-18 04:33:00,2026-03-18,74151.3,74165.7,74137.5,74142.0,31.195,69.754,100.949,-38.559000000000005,-0.38196515071967035,74151.63,93391.74,-4.593e-05,0.0,0.003,False,2026-03-18.csv
2026-03-18 04:34:00,2026-03-18,74142.1,74195.0,74142.1,74180.1,67.362,18.777,86.139,48.584999999999994,0.5640302302093128,74175.25,93400.05,-4.607e-05,0.0,0.0,False,2026-03-18.csv
2026-03-18 04:35:00,2026-03-18,74180.0,74188.8,74130.0,74188.8,34.897,44.173,79.07,-9.276000000000003,-0.11731377260655121,74157.52,93378.32,-4.607e-05,0.0,0.003,False,2026-03-18.csv
2026-03-18 04:36:00,2026-03-18,74188.7,74188.8,74162.8,74170.0,14.137,19.204,33.341,-5.067,-0.15197504573947992,74176.72,93385.32,-4.583e-05,0.0,0.0,False,2026-03-18.csv
2026-03-18 04:37:00,2026-03-18,74169.9,74170.0,74138.1,74158.1,21.597,37.343,58.94,-15.746000000000002,-0.26715303698676623,74150.1,93390.77,-4.549e-05,0.0,0.0,False,2026-03-18.csv
2026-03-18 04:38:00,2026-03-18,74158.1,74162.8,74132.8,74160.1,20.467,21.36,41.827,-0.8930000000000007,-0.021349845793387064,74147.96,93401.59,-4.549e-05,0.0,0.0,False,2026-03-18.csv
2026-03-18 04:39:00,2026-03-18,74160.1,74166.2,74154.5,74166.1,14.433,16.026,30.459,-1.593,-0.05229981286319314,74160.97,93409.8,-4.571e-05,0.0,0.0,False,2026-03-18.csv
2026-03-18 04:40:00,2026-03-18,74166.1,74199.9,74166.1,74190.0,45.252,8.146,53.398,37.106,0.694894939885389,74188.45,93412.09,-4.572e-05,0.0,0.0,False,2026-03-18.csv
2026-03-18 04:41:00,2026-03-18,74190.0,74198.1,74158.7,74165.2,21.019,34.367,55.386,-13.347999999999999,-0.24099953056729134,74186.63,93398.16,-4.572e-05,0.0,0.0,False,2026-03-18.csv
2026-03-18 04:42:00,2026-03-18,74165.1,74168.1,74153.9,74155.0,17.897,11.692,29.589,6.204999999999998,0.20970630977728205,74159.69,93389.44,-4.531e-05,0.0,0.0,False,2026-03-18.csv
2026-03-18 04:43:00,2026-03-18,74155.0,74185.2,74155.0,74178.1,16.813,14.12,30.933,2.6929999999999996,0.08705912779232533,74176.02,93392.41,-4.52e-05,0.0,0.0,False,2026-03-18.csv
2026-03-18 04:44:00,2026-03-18,74178.2,74192.5,74178.1,74190.8,25.811,10.932,36.743,14.879,0.4049478812290776,74188.9,93391.01,-4.512e-05,0.0,0.0,False,2026-03-18.csv
2026-03-18 04:45:00,2026-03-18,74190.8,74190.9,74185.2,74189.3,11.583,6.119,17.702,5.464,0.30866568749293866,74188.01,93393.0,-4.512e-05,0.0,0.0,False,2026-03-18.csv
2026-03-18 04:46:00,2026-03-18,74189.3,74220.6,74164.9,74220.6,42.64,21.042,63.682,21.598,0.33915392104519326,74193.55,93392.91,-4.463e-05,0.0,0.0,False,2026-03-18.csv
2026-03-18 04:47:00,2026-03-18,74220.7,74224.6,74203.0,74203.1,26.538,26.155,52.693,0.3829999999999991,0.007268517639914204,74215.74,93392.26,-4.431e-05,0.0,0.0,False,2026-03-18.csv
2026-03-18 04:48:00,2026-03-18,74203.1,74215.5,74165.0,74165.1,5.609,22.483,28.092,-16.874000000000002,-0.6006692296739287,74191.59,93387.37,-4.431e-05,0.0,0.0,False,2026-03-18.csv
2026-03-18 04:49:00,2026-03-18,74165.0,74187.0,74164.7,74179.3,14.266,14.245,28.511,0.021000000000000796,0.0007365578197888814,74172.87,93385.6,-4.374e-05,0.0,0.0,False,2026-03-18.csv
2026-03-18 04:50:00,2026-03-18,74179.4,74181.8,74138.0,74139.1,13.103,24.997,38.1,-11.894,-0.3121784776902887,74155.98,93391.59,-4.36e-05,0.0,0.0,False,2026-03-18.csv
2026-03-18 04:51:00,2026-03-18,74139.1,74158.2,74139.1,74144.5,21.526,20.5,42.026,1.0259999999999998,0.024413458335316225,74145.61,93387.93,-4.371e-05,0.0,0.0,False,2026-03-18.csv
2026-03-18 04:52:00,2026-03-18,74144.5,74169.9,74137.3,74169.8,14.194,9.919,24.113,4.275,0.17729025836685608,74160.78,93394.7,-4.371e-05,0.0,0.0,False,2026-03-18.csv
2026-03-18 04:53:00,2026-03-18,74169.8,74169.8,74157.0,74157.0,13.888,21.176,35.064,-7.2879999999999985,-0.20784850558977866,74159.95,93395.33,-4.367e-05,0.0,0.0,False,2026-03-18.csv
2026-03-18 04:54:00,2026-03-18,74157.1,74157.1,74140.0,74143.7,4.975,14.835,19.81,-9.860000000000001,-0.4977284199899042,74149.96,93407.71,-4.323e-05,0.0,0.0,False,2026-03-18.csv
2026-03-18 04:55:00,2026-03-18,74143.8,74143.8,74121.8,74128.3,16.441,25.439,41.88,-8.998000000000001,-0.21485195797516715,74131.3,93409.73,-4.323e-05,0.0,0.0,False,2026-03-18.csv
2026-03-18 04:56:00,2026-03-18,74128.4,74141.6,74100.0,74128.2,25.678,47.088,72.766,-21.41,-0.29423082208723855,74123.12,93420.49,-4.303e-05,0.0,0.014,False,2026-03-18.csv
2026-03-18 04:57:00,2026-03-18,74128.3,74132.8,74113.1,74132.7,18.375,19.405,37.78,-1.0300000000000011,-0.02726310217046059,74119.38,93418.47,-4.301e-05,0.0,0.0,False,2026-03-18.csv
2026-03-18 04:58:00,2026-03-18,74132.8,74132.8,74118.2,74125.2,5.501,10.957,16.458,-5.456,-0.3315105116052984,74125.89,93423.67,-4.275e-05,0.0,0.0,False,2026-03-18.csv
2026-03-18 04:59:00,2026-03-18,74125.1,74132.6,74125.0,74132.6,8.411,13.651,22.062,-5.24,-0.23751246487172514,74125.8,93426.31,-4.275e-05,0.0,0.0,False,2026-03-18.csv
2026-03-18 05:00:00,2026-03-18,74132.7,74151.5,74127.9,74139.6,47.93,110.457,158.387,-62.526999999999994,-0.3947735609614425,74145.61,93434.27,-4.251e-05,0.0,0.0,False,2026-03-18.csv
2026-03-18 05:01:00,2026-03-18,74139.5,74148.1,74129.5,74148.1,9.787,30.254,40.041,-20.467,-0.5111510701530931,74138.46,93482.36,-4.209e-05,0.0,0.0,False,2026-03-18.csv
2026-03-18 05:02:00,2026-03-18,74148.0,74187.9,74140.9,74187.9,27.845,2.735,30.58,25.11,0.8211249182472204,74160.85,93485.53,-4.143e-05,0.0,0.0,False,2026-03-18.csv
2026-03-18 05:03:00,2026-03-18,74187.8,74219.9,74187.8,74212.5,60.409,18.093,78.502,42.316,0.5390435912460829,74206.77,93482.7,-4.143e-05,0.0,0.0,False,2026-03-18.csv
2026-03-18 05:04:00,2026-03-18,74212.4,74225.4,74164.3,74192.2,36.989,40.511,77.5,-3.5220000000000056,-0.04544516129032265,74201.41,93501.4,-4.059e-05,0.0,0.0,False,2026-03-18.csv
2026-03-18 05:05:00,2026-03-18,74192.3,74210.0,74119.9,74141.0,59.499,210.644,270.143,-151.145,-0.5594999685351834,74153.84,93509.53,-3.995e-05,0.0,0.0,False,2026-03-18.csv
2026-03-18 05:06:00,2026-03-18,74140.9,74198.2,74140.9,74197.8,34.119,15.79,49.909,18.329,0.3672483920735739,74174.39,93645.39,-3.995e-05,0.0,0.0,False,2026-03-18.csv
2026-03-18 05:07:00,2026-03-18,74197.7,74197.7,74166.7,74166.8,10.635,8.507,19.142,2.128,0.11116915682791768,74181.54,93648.06,-3.991e-05,0.0,0.0,False,2026-03-18.csv
2026-03-18 05:08:00,2026-03-18,74166.7,74173.6,74143.2,74148.9,19.617,47.255,66.872,-27.638,-0.41329704510108867,74156.88,93645.51,-3.914e-05,0.0,0.0,False,2026-03-18.csv
2026-03-18 05:09:00,2026-03-18,74148.9,74193.3,74148.8,74193.2,18.459,12.071,30.53,6.388,0.2092368162463151,74181.65,93674.09,-3.928e-05,0.0,0.0,False,2026-03-18.csv
2026-03-18 05:10:00,2026-03-18,74193.2,74232.4,74188.7,74226.4,45.081,5.863,50.944,39.218,0.7698256909547739,74218.67,93669.88,-3.928e-05,0.0,0.0,False,2026-03-18.csv
2026-03-18 05:11:00,2026-03-18,74226.3,74271.0,74226.3,74262.4,46.14,11.296,57.436,34.844,0.6066578452538478,74253.11,93678.17,-3.881e-05,0.054,0.0,False,2026-03-18.csv
2026-03-18 05:12:00,2026-03-18,74262.5,74262.5,74236.2,74245.5,13.623,24.833,38.456,-11.209999999999999,-0.2915019762845849,74246.47,93665.37,-3.799e-05,0.0,0.0,False,2026-03-18.csv
2026-03-18 05:13:00,2026-03-18,74245.5,74247.1,74217.7,74247.1,20.604,8.833,29.437,11.770999999999999,0.3998709107585691,74239.38,93665.53,-3.799e-05,0.0,0.0,False,2026-03-18.csv
2026-03-18 05:14:00,2026-03-18,74247.1,74248.3,74217.8,74224.4,13.805,34.877,48.682,-21.072000000000003,-0.4328499239965491,74231.55,93672.4,-3.754e-05,0.0,0.0,False,2026-03-18.csv
2026-03-18 05:15:00,2026-03-18,74224.4,74244.0,74210.5,74244.0,21.449,9.402,30.851,12.047000000000002,0.39048977342711755,74229.56,93660.06,-3.723e-05,0.0,0.0,False,2026-03-18.csv
2026-03-18 05:16:00,2026-03-18,74244.0,74253.2,74221.1,74221.2,20.088,39.353,59.441,-19.265,-0.32410289194327147,74242.11,93677.21,-3.716e-05,0.0,0.0,False,2026-03-18.csv
2026-03-18 05:17:00,2026-03-18,74221.1,74232.4,74210.5,74212.0,11.565,12.443,24.008,-0.8780000000000001,-0.03657114295234922,74223.08,93684.6,-3.716e-05,0.0,0.0,False,2026-03-18.csv
2026-03-18 05:18:00,2026-03-18,74212.0,74231.4,74203.7,74224.5,8.99,7.056,16.046,1.9340000000000002,0.12052848061822262,74213.63,93684.32,-3.706e-05,0.0,0.0,False,2026-03-18.csv
2026-03-18 05:19:00,2026-03-18,74224.4,74224.5,74204.0,74217.0,6.339,9.331,15.67,-2.991999999999999,-0.1909380982769623,74208.83,93686.53,-3.725e-05,0.0,0.0,False,2026-03-18.csv
2026-03-18 05:20:00,2026-03-18,74217.0,74223.5,74193.0,74195.6,9.62,19.311,28.931,-9.691,-0.3349694099754589,74205.8,93690.34,-3.725e-05,0.0,0.0,False,2026-03-18.csv
2026-03-18 05:21:00,2026-03-18,74195.7,74195.7,74154.9,74155.0,5.36,17.552,22.912,-12.192,-0.532122905027933,74170.52,93699.31,-3.75e-05,0.0,0.0,False,2026-03-18.csv
2026-03-18 05:22:00,2026-03-18,74155.0,74168.5,74154.9,74165.2,7.342,4.673,12.015,2.6689999999999996,0.22213899292550973,74163.45,93704.73,-3.785e-05,0.0,0.0,False,2026-03-18.csv
2026-03-18 05:23:00,2026-03-18,74165.2,74171.1,74150.0,74154.7,26.335,11.056,37.391,15.279000000000002,0.40862774464443324,74159.23,93705.96,-3.846e-05,0.0,0.0,False,2026-03-18.csv
2026-03-18 05:24:00,2026-03-18,74154.7,74154.8,74122.6,74138.9,7.798,31.74,39.538,-23.942,-0.6055440335879407,74133.83,93697.11,-3.846e-05,0.0,0.0,False,2026-03-18.csv
2026-03-18 05:25:00,2026-03-18,74138.9,74152.7,74120.4,74133.7,7.608,11.7,19.308,-4.092,-0.21193287756370416,74136.94,93691.52,-3.876e-05,0.0,0.0,False,2026-03-18.csv
2026-03-18 05:26:00,2026-03-18,74133.8,74135.8,74113.4,74120.0,7.516,12.989,20.505,-5.473000000000001,-0.2669105096317972,74119.16,93692.26,-3.882e-05,0.0,0.0,False,2026-03-18.csv
2026-03-18 05:27:00,2026-03-18,74120.0,74120.0,74073.2,74087.3,25.964,65.955,91.919,-39.991,-0.4350678314603075,74095.64,93696.82,-3.882e-05,0.0,0.011,False,2026-03-18.csv
2026-03-18 05:28:00,2026-03-18,74087.3,74093.0,74009.3,74032.8,69.233,144.896,214.129,-75.66299999999998,-0.3533524184019913,74046.92,93700.29,-3.919e-05,0.0,0.044,False,2026-03-18.csv
2026-03-18 05:29:00,2026-03-18,74032.7,74043.9,74019.8,74035.9,25.398,20.3,45.698,5.097999999999999,0.11155849271302899,74034.08,93678.85,-3.914e-05,0.0,0.021,False,2026-03-18.csv
2026-03-18 05:30:00,2026-03-18,74036.0,74043.7,74005.0,74027.7,47.842,57.111,104.953,-9.268999999999998,-0.0883157222756853,74019.27,93707.01,-3.911e-05,0.0,0.003,False,2026-03-18.csv
2026-03-18 05:31:00,2026-03-18,74027.7,74081.0,74027.6,74080.9,35.144,20.346,55.49,14.797999999999998,0.2666786808433952,74055.16,93709.44,-3.911e-05,0.002,0.0,False,2026-03-18.csv
2026-03-18 05:32:00,2026-03-18,74080.9,74106.3,74064.4,74081.6,101.546,200.988,302.534,-99.442,-0.3286969398480832,74094.04,93704.98,-3.884e-05,0.0,0.0,False,2026-03-18.csv
2026-03-18 05:33:00,2026-03-18,74081.5,74118.6,74081.5,74102.5,28.417,9.666,38.083,18.751,0.49237192448073946,74104.12,93576.84,-3.853e-05,0.0,0.0,False,2026-03-18.csv
2026-03-18 05:34:00,2026-03-18,74102.4,74102.5,74069.7,74069.7,4.25,12.707,16.957,-8.457,-0.4987320870436988,74087.82,93578.62,-3.853e-05,0.0,0.0,False,2026-03-18.csv
2026-03-18 05:35:00,2026-03-18,74069.7,74073.8,74005.0,74005.0,7.869,38.631,46.5,-30.762,-0.6615483870967742,74043.02,93580.84,-3.819e-05,0.0,0.002,False,2026-03-18.csv
2026-03-18 05:36:00,2026-03-18,74005.0,74006.4,73983.3,74000.0,42.596,76.557,119.153,-33.961000000000006,-0.2850201002072965,73995.49,93590.79,-3.831e-05,0.0,0.175,False,2026-03-18.csv
2026-03-18 05:37:00,2026-03-18,74000.0,74043.5,74000.0,74042.9,34.705,10.829,45.534,23.875999999999998,0.5243554267141037,74022.9,93598.35,-3.868e-05,0.0,0.0,False,2026-03-18.csv
2026-03-18 05:38:00,2026-03-18,74043.0,74043.1,74024.3,74031.8,27.018,7.892,34.91,19.126,0.5478659409911201,74037.32,93589.37,-3.868e-05,0.0,0.0,False,2026-03-18.csv
2026-03-18 05:39:00,2026-03-18,74031.8,74034.0,74022.0,74030.2,9.837,8.142,17.979,1.6950000000000003,0.09427665609878193,74027.48,93594.78,-3.815e-05,0.0,0.0,False,2026-03-18.csv
2026-03-18 05:40:00,2026-03-18,74030.3,74048.3,74030.2,74043.2,20.114,14.067,34.181,6.047000000000001,0.17691114946900327,74041.82,93587.89,-3.768e-05,0.0,0.0,False,2026-03-18.csv
2026-03-18 05:41:00,2026-03-18,74043.1,74043.2,74010.3,74033.4,13.853,22.425,36.278,-8.572000000000001,-0.23628645460058442,74025.85,93588.64,-3.768e-05,0.0,0.0,False,2026-03-18.csv
2026-03-18 05:42:00,2026-03-18,74033.4,74044.0,73991.4,74007.0,16.7,30.977,47.677,-14.277000000000001,-0.29945256622690186,74016.1,93589.28,-3.689e-05,0.0,0.0,False,2026-03-18.csv
2026-03-18 05:43:00,2026-03-18,74007.0,74007.0,73983.4,73992.5,18.715,33.518,52.233,-14.803,-0.2834032125284782,73996.28,93602.97,-3.653e-05,0.0,0.0,False,2026-03-18.csv
2026-03-18 05:44:00,2026-03-18,73992.5,73999.6,73992.5,73995.1,14.298,11.591,25.889,2.7070000000000007,0.10456178299663953,73997.56,93610.01,-3.667e-05,0.0,0.0,False,2026-03-18.csv
2026-03-18 05:45:00,2026-03-18,73995.1,73995.1,73955.5,73959.2,36.151,48.411,84.562,-12.259999999999998,-0.1449823797923417,73967.56,93612.87,-3.667e-05,0.0,0.009,False,2026-03-18.csv
2026-03-18 05:46:00,2026-03-18,73959.3,73996.2,73959.2,73986.3,29.308,18.157,47.465,11.151,0.23493100179079318,73977.57,93621.79,-3.663e-05,0.0,0.0,False,2026-03-18.csv
2026-03-18 05:47:00,2026-03-18,73986.3,73986.8,73937.8,73966.7,39.345,105.727,145.072,-66.382,-0.45757968457042025,73960.58,93617.88,-3.631e-05,0.0,0.013,False,2026-03-18.csv
2026-03-18 05:48:00,2026-03-18,73966.8,74025.5,73966.8,74004.0,52.741,13.051,65.792,39.69,0.6032648346303502,74006.19,93567.71,-3.631e-05,0.0,0.0,False,2026-03-18.csv
2026-03-18 05:49:00,2026-03-18,74004.0,74008.3,73974.1,73991.2,15.144,15.13,30.274,0.013999999999999346,0.00046244302041353457,73991.11,93586.45,-3.606e-05,0.0,0.0,False,2026-03-18.csv
2026-03-18 05:50:00,2026-03-18,73991.1,73995.0,73950.6,73953.8,33.79,133.902,167.692,-100.112,-0.5969992605491019,73970.81,93589.43,-3.573e-05,0.0,0.0,False,2026-03-18.csv
2026-03-18 05:51:00,2026-03-18,73953.7,73959.5,73916.8,73953.9,32.608,45.527,78.135,-12.919000000000004,-0.16534203621936397,73933.01,93651.37,-3.56e-05,0.0,0.049,False,2026-03-18.csv
2026-03-18 05:52:00,2026-03-18,73954.0,73974.6,73938.0,73938.1,28.487,18.194,46.681,10.293,0.2204965617703134,73957.02,93649.59,-3.56e-05,0.0,0.0,False,2026-03-18.csv
2026-03-18 05:53:00,2026-03-18,73938.1,73938.8,73920.0,73938.8,17.301,10.296,27.597,7.004999999999999,0.253831938254158,73931.15,93642.97,-3.524e-05,0.002,0.009,False,2026-03-18.csv
2026-03-18 05:54:00,2026-03-18,73938.8,73941.9,73933.6,73934.0,11.384,10.632,22.016,0.7520000000000007,0.03415697674418608,73938.01,93646.07,-3.553e-05,0.0,0.0,False,2026-03-18.csv
2026-03-18 05:55:00,2026-03-18,73934.1,73954.8,73800.0,73806.6,290.452,435.097,725.549,-144.64499999999998,-0.19935938165444372,73860.17,93654.34,-3.553e-05,0.0,4.807,False,2026-03-18.csv
2026-03-18 05:56:00,2026-03-18,73806.7,73862.9,73785.0,73831.1,169.324,139.904,309.228,29.420000000000016,0.09514015548397951,73821.07,93716.59,-3.537e-05,0.0,0.201,False,2026-03-18.csv
2026-03-18 05:57:00,2026-03-18,73831.2,73856.4,73816.4,73844.7,85.228,67.635,152.863,17.59299999999999,0.11508998253337949,73836.51,93625.94,-3.531e-05,0.0,0.0,False,2026-03-18.csv
2026-03-18 05:58:00,2026-03-18,73844.7,73872.2,73832.2,73866.0,42.825,31.719,74.544,11.106000000000002,0.1489858338699292,73854.26,93619.88,-3.534e-05,0.0,0.004,False,2026-03-18.csv
2026-03-18 05:59:00,2026-03-18,73866.0,73905.7,73850.0,73902.0,48.295,47.481,95.776,0.8140000000000001,0.00849899766120949,73880.11,93607.59,-3.534e-05,0.0,0.0,False,2026-03-18.csv
2026-03-18 06:00:00,2026-03-18,73902.0,73941.2,73890.0,73911.2,58.94,49.546,108.486,9.393999999999998,0.08659181829913536,73917.53,93583.72,-3.523e-05,0.0,0.0,False,2026-03-18.csv
2026-03-18 06:01:00,2026-03-18,73911.2,73953.8,73911.2,73943.1,42.444,35.478,77.922,6.966000000000001,0.08939708939708942,73940.21,93571.96,-3.493e-05,0.0,0.0,False,2026-03-18.csv
2026-03-18 06:02:00,2026-03-18,73943.0,73946.3,73901.1,73933.9,27.166,50.765,77.931,-23.599,-0.30281916053945157,73928.13,93574.44,-3.493e-05,0.0,0.0,False,2026-03-18.csv
2026-03-18 06:03:00,2026-03-18,73934.0,73965.4,73932.6,73955.0,32.816,20.088,52.904,12.728000000000002,0.24058672312112506,73954.67,93565.8,-3.475e-05,0.014,0.0,False,2026-03-18.csv
2026-03-18 06:04:00,2026-03-18,73954.9,73990.0,73939.1,73980.4,32.89,45.632,78.522,-12.741999999999997,-0.16227299355594607,73969.22,93558.91,-3.421e-05,0.012,0.0,False,2026-03-18.csv
2026-03-18 06:05:00,2026-03-18,73980.5,73995.4,73973.0,73995.4,24.928,21.616,46.544,3.312000000000001,0.07115847370230323,73980.24,93549.36,-3.421e-05,0.02,0.0,False,2026-03-18.csv
2026-03-18 06:06:00,2026-03-18,73995.4,74023.0,73995.4,74021.8,53.39,38.274,91.664,15.116,0.16490661546517715,74009.54,93545.09,-3.399e-05,0.0,0.0,False,2026-03-18.csv
2026-03-18 06:07:00,2026-03-18,74021.6,74037.8,74007.1,74007.2,39.745,44.696,84.441,-4.9510000000000005,-0.058632654753022824,74020.12,93537.3,-3.374e-05,0.0,0.0,False,2026-03-18.csv
2026-03-18 06:08:00,2026-03-18,74007.2,74020.0,73987.4,74007.1,25.431,26.418,51.849,-0.9869999999999983,-0.01903604698258401,74001.72,93547.72,-3.361e-05,0.0,0.0,False,2026-03-18.csv
2026-03-18 06:09:00,2026-03-18,74007.2,74019.8,73998.1,74012.1,36.841,15.677,52.518,21.164,0.40298564301763207,74012.45,93550.52,-3.361e-05,0.0,0.0,False,2026-03-18.csv
2026-03-18 06:10:00,2026-03-18,74012.0,74032.7,74012.0,74029.0,43.897,23.968,67.865,19.929,0.2936565239814337,74022.18,93560.68,-3.375e-05,0.0,0.0,False,2026-03-18.csv
2026-03-18 06:11:00,2026-03-18,74028.9,74030.6,74010.4,74010.5,44.629,61.002,105.631,-16.373000000000005,-0.15500184604898187,74020.09,93549.92,-3.376e-05,0.0,0.0,False,2026-03-18.csv
2026-03-18 06:12:00,2026-03-18,74010.4,74010.5,73980.0,73983.0,11.867,24.611,36.478,-12.744,-0.3493612588409452,73998.91,93545.33,-3.376e-05,0.0,0.0,False,2026-03-18.csv
2026-03-18 06:13:00,2026-03-18,73982.9,74034.4,73982.9,74034.3,34.643,20.352,54.995,14.291,0.25985998727157017,74018.92,93553.24,-3.394e-05,0.0,0.0,False,2026-03-18.csv
2026-03-18 06:14:00,2026-03-18,74034.4,74072.1,74034.3,74040.1,49.79,37.876,87.666,11.914000000000001,0.13590217416102027,74054.22,93550.66,-3.443e-05,0.002,0.0,False,2026-03-18.csv
2026-03-18 06:15:00,2026-03-18,74040.1,74049.7,74040.0,74049.6,17.556,4.98,22.536,12.576,0.5580404685835996,74045.27,93540.88,-3.418e-05,0.0,0.0,False,2026-03-18.csv
2026-03-18 06:16:00,2026-03-18,74049.7,74063.3,74040.7,74040.7,40.379,20.36,60.739,20.019,0.32959054314361447,74050.37,93530.85,-3.418e-05,0.0,0.0,False,2026-03-18.csv
2026-03-18 06:17:00,2026-03-18,74040.7,74040.8,73990.0,74031.3,36.571,61.765,98.336,-25.194000000000003,-0.25620322160754966,74010.6,93541.28,-3.443e-05,0.0,0.0,False,2026-03-18.csv
2026-03-18 06:18:00,2026-03-18,74031.4,74043.1,74029.6,74031.0,13.454,11.061,24.515,2.3930000000000007,0.09761370589435042,74035.11,93540.11,-3.49e-05,0.0,0.0,False,2026-03-18.csv
2026-03-18 06:19:00,2026-03-18,74031.0,74053.9,74030.9,74047.4,14.146,7.781,21.927,6.365000000000001,0.29028138824280575,74042.68,93538.21,-3.49e-05,0.0,0.0,False,2026-03-18.csv
2026-03-18 06:20:00,2026-03-18,74047.4,74055.6,74030.9,74050.5,21.787,13.278,35.065,8.508999999999999,0.24266362469699126,74042.68,93541.37,-3.479e-05,0.0,0.0,False,2026-03-18.csv
2026-03-18 06:21:00,2026-03-18,74050.4,74090.2,74040.5,74085.5,82.074,48.058,130.132,34.016,0.26139612086189407,74070.64,93537.44,-3.479e-05,0.007,0.0,False,2026-03-18.csv
2026-03-18 06:22:00,2026-03-18,74085.5,74085.5,74036.7,74041.6,13.397,30.999,44.396,-17.601999999999997,-0.39647716010451384,74059.06,93518.65,-3.486e-05,0.0,0.0,False,2026-03-18.csv
2026-03-18 06:23:00,2026-03-18,74041.6,74041.6,74004.9,74014.4,8.419,37.784,46.203,-29.365,-0.6355647901651407,74015.17,93524.32,-3.486e-05,0.0,0.0,False,2026-03-18.csv
2026-03-18 06:24:00,2026-03-18,74014.3,74083.7,74014.3,74083.7,57.573,7.612,65.185,49.961,0.7664493365037969,74049.08,93539.53,-3.528e-05,0.0,0.0,False,2026-03-18.csv
2026-03-18 06:25:00,2026-03-18,74083.7,74175.0,74083.6,74151.1,117.857,50.337,168.194,67.52,0.40144119290818936,74141.2,93518.99,-3.549e-05,0.047,0.0,False,2026-03-18.csv
2026-03-18 06:26:00,2026-03-18,74151.1,74177.9,74149.9,74149.9,36.115,40.02,76.135,-3.905000000000001,-0.051290470874105216,74167.51,93503.97,-3.549e-05,0.0,0.0,False,2026-03-18.csv
2026-03-18 06:27:00,2026-03-18,74149.9,74190.1,74142.3,74183.2,50.482,13.136,63.618,37.346000000000004,0.5870351158477161,74161.05,93527.21,-3.48e-05,0.12,0.0,False,2026-03-18.csv
2026-03-18 06:28:00,2026-03-18,74183.2,74183.2,74148.8,74155.2,20.69,24.955,45.645,-4.264999999999997,-0.09343849271552189,74162.33,93520.93,-3.491e-05,0.0,0.0,False,2026-03-18.csv
2026-03-18 06:29:00,2026-03-18,74155.1,74155.2,74142.1,74149.1,7.547,19.007,26.554,-11.46,-0.43157339760488067,74148.41,93513.74,-3.492e-05,0.0,0.0,False,2026-03-18.csv
2026-03-18 06:30:00,2026-03-18,74149.1,74149.1,74126.7,74138.3,24.07,15.663,39.733,8.407,0.21158734553142225,74136.24,93513.11,-3.492e-05,0.0,0.0,False,2026-03-18.csv
2026-03-18 06:31:00,2026-03-18,74138.2,74168.3,74134.1,74165.3,31.754,10.228,41.982,21.526000000000003,0.5127435567624221,74148.88,93503.97,-3.538e-05,0.0,0.0,False,2026-03-18.csv
2026-03-18 06:32:00,2026-03-18,74165.4,74168.1,74148.6,74149.9,18.794,13.486,32.28,5.308,0.1644361833952912,74156.61,93507.02,-3.591e-05,0.0,0.0,False,2026-03-18.csv
2026-03-18 06:33:00,2026-03-18,74150.0,74176.0,74149.9,74174.1,20.306,13.127,33.433,7.179,0.2147279633894655,74165.52,93510.35,-3.591e-05,0.0,0.0,False,2026-03-18.csv
2026-03-18 06:34:00,2026-03-18,74174.1,74175.9,74157.3,74175.9,17.802,4.891,22.693,12.911,0.5689419644824395,74169.23,93507.89,-3.567e-05,0.0,0.0,False,2026-03-18.csv
2026-03-18 06:35:00,2026-03-18,74175.9,74175.9,74128.4,74128.5,5.243,23.101,28.344,-17.857999999999997,-0.6300451594693761,74157.36,93504.79,-3.551e-05,0.0,0.0,False,2026-03-18.csv
2026-03-18 06:36:00,2026-03-18,74128.4,74140.3,74126.1,74133.1,10.029,7.256,17.285,2.7729999999999997,0.16042811686433323,74135.93,93502.01,-3.543e-05,0.0,0.0,False,2026-03-18.csv
2026-03-18 06:37:00,2026-03-18,74133.0,74133.1,74088.8,74109.2,19.302,54.523,73.825,-35.221000000000004,-0.47708770741618695,74103.9,93514.55,-3.543e-05,0.0,0.0,False,2026-03-18.csv
2026-03-18 06:38:00,2026-03-18,74109.3,74120.1,74106.8,74116.1,15.483,5.138,20.621,10.345,0.5016730517433685,74113.84,93520.02,-3.567e-05,0.0,0.0,False,2026-03-18.csv
2026-03-18 06:39:00,2026-03-18,74116.0,74116.1,74101.5,74101.5,3.379,9.334,12.713,-5.955,-0.46841815464485176,74114.59,93521.45,-3.575e-05,0.0,0.0,False,2026-03-18.csv
2026-03-18 06:40:00,2026-03-18,74101.3,74101.3,74000.1,74029.3,44.72,86.751,131.471,-42.031000000000006,-0.3196978801408676,74043.12,93502.56,-3.575e-05,0.0,0.0,False,2026-03-18.csv
2026-03-18 06:41:00,2026-03-18,74029.2,74029.3,73988.8,74000.0,12.041,36.245,48.286,-24.203999999999997,-0.5012633061342832,74006.31,93495.38,-3.601e-05,0.0,0.0,False,2026-03-18.csv
2026-03-18 06:42:00,2026-03-18,73999.9,74010.0,73996.4,74000.3,33.379,22.958,56.337,10.421,0.1849761258142961,74002.7,93502.93,-3.626e-05,0.0,0.0,False,2026-03-18.csv
2026-03-18 06:43:00,2026-03-18,74000.2,74000.3,73970.0,73989.9,11.866,17.747,29.613,-5.881,-0.19859521156248947,73985.82,93501.55,-3.625e-05,0.0,0.021,False,2026-03-18.csv
2026-03-18 06:44:00,2026-03-18,73990.0,73998.0,73978.5,73981.9,8.057,23.016,31.073,-14.958999999999998,-0.4814147330479837,73987.39,93501.28,-3.625e-05,0.0,0.0,False,2026-03-18.csv
2026-03-18 06:45:00,2026-03-18,73981.9,74029.3,73962.7,74011.1,72.367,48.83,121.197,23.537000000000006,0.19420447700850685,73992.1,93497.96,-3.609e-05,0.0,0.002,False,2026-03-18.csv
2026-03-18 06:46:00,2026-03-18,74011.0,74045.5,73997.5,74023.4,16.082,33.873,49.955,-17.790999999999997,-0.3561405264738264,74024.72,93500.57,-3.606e-05,0.0,0.0,False,2026-03-18.csv
2026-03-18 06:47:00,2026-03-18,74023.3,74032.7,74004.4,74008.7,25.718,23.054,48.772,2.6640000000000015,0.05462150414172069,74024.53,93500.9,-3.606e-05,0.0,0.0,False,2026-03-18.csv
2026-03-18 06:48:00,2026-03-18,74008.7,74045.0,74008.6,74044.8,35.775,15.055,50.83,20.72,0.4076332874286838,74035.18,93492.95,-3.629e-05,0.0,0.0,False,2026-03-18.csv
2026-03-18 06:49:00,2026-03-18,74044.8,74066.9,74044.8,74063.6,16.741,3.528,20.269,13.213,0.6518821846169027,74060.68,93500.04,-3.659e-05,0.0,0.0,False,2026-03-18.csv
2026-03-18 06:50:00,2026-03-18,74063.6,74063.6,74000.0,74000.0,12.961,40.023,52.984,-27.062000000000005,-0.5107579646685793,74030.7,93501.44,-3.613e-05,0.0,0.0,False,2026-03-18.csv
2026-03-18 06:51:00,2026-03-18,74000.0,74036.8,73998.7,74030.3,18.969,6.376,25.345,12.593,0.49686328664430857,74018.76,93499.28,-3.613e-05,0.0,0.0,False,2026-03-18.csv
2026-03-18 06:52:00,2026-03-18,74030.0,74039.8,74030.0,74039.8,4.738,5.472,10.21,-0.734,-0.07189030362389813,74032.92,93500.76,-3.581e-05,0.0,0.0,False,2026-03-18.csv
2026-03-18 06:53:00,2026-03-18,74039.8,74048.8,74039.7,74042.0,4.842,3.73,8.572,1.1119999999999997,0.12972468502099857,74042.62,93499.93,-3.519e-05,0.0,0.0,False,2026-03-18.csv
2026-03-18 06:54:00,2026-03-18,74042.0,74051.9,74036.3,74048.2,9.159,9.72,18.879,-0.5609999999999999,-0.029715556968059744,74041.72,93500.74,-3.519e-05,0.0,0.0,False,2026-03-18.csv
2026-03-18 06:55:00,2026-03-18,74048.2,74053.7,74038.4,74042.7,15.938,6.543,22.481,9.395,0.417908456029536,74045.51,93501.48,-3.476e-05,0.0,0.0,False,2026-03-18.csv
2026-03-18 06:56:00,2026-03-18,74042.8,74050.0,74008.3,74008.3,31.031,40.786,71.817,-9.755000000000003,-0.13583134912346664,74034.01,93509.5,-3.458e-05,0.0,0.0,False,2026-03-18.csv
2026-03-18 06:57:00,2026-03-18,74008.3,74008.3,73935.0,73935.1,6.75,77.59,84.34,-70.84,-0.8399336020867916,73968.92,93491.3,-3.427e-05,0.0,0.005,False,2026-03-18.csv
2026-03-18 06:58:00,2026-03-18,73935.1,73935.1,73900.0,73906.0,20.804,74.255,95.059,-53.45099999999999,-0.5622928917829979,73920.31,93493.0,-3.427e-05,0.0,0.306,False,2026-03-18.csv
2026-03-18 06:59:00,2026-03-18,73906.0,73906.1,73892.0,73900.1,16.884,19.32,36.204,-2.436,-0.06728538283062645,73901.21,93494.17,-3.512e-05,0.0,0.0,False,2026-03-18.csv
2026-03-18 07:00:00,2026-03-18,73900.0,73923.6,73900.0,73910.1,32.075,23.324,55.399,8.751000000000001,0.1579631401288832,73912.72,93503.02,-3.681e-05,0.0,0.0,False,2026-03-18.csv
2026-03-18 07:01:00,2026-03-18,73910.1,73924.2,73900.1,73910.7,52.969,36.939,89.908,16.03,0.17829336655247588,73913.35,93501.16,-3.681e-05,0.0,0.0,False,2026-03-18.csv
2026-03-18 07:02:00,2026-03-18,73910.8,73940.0,73890.7,73937.1,24.002,14.962,38.964,9.04,0.23200903398008416,73907.89,93504.01,-3.689e-05,0.0,0.0,False,2026-03-18.csv
2026-03-18 07:03:00,2026-03-18,73937.1,73959.4,73934.0,73950.1,28.22,8.016,36.236,20.204,0.5575670603819407,73946.35,93501.96,-3.713e-05,0.0,0.0,False,2026-03-18.csv
2026-03-18 07:04:00,2026-03-18,73950.0,73950.1,73909.7,73909.7,7.825,10.92,18.745,-3.0949999999999998,-0.1651106961856495,73935.56,93504.96,-3.713e-05,0.0,0.0,False,2026-03-18.csv
2026-03-18 07:05:00,2026-03-18,73909.8,73913.8,73901.1,73901.3,8.878,28.257,37.135,-19.379,-0.5218526996095328,73905.44,93501.85,-3.68e-05,0.0,0.0,False,2026-03-18.csv
2026-03-18 07:06:00,2026-03-18,73901.2,73919.2,73870.0,73873.8,24.956,59.795,84.751,-34.839,-0.41107479557763327,73894.98,93513.6,-3.714e-05,0.0,0.809,False,2026-03-18.csv
2026-03-18 07:07:00,2026-03-18,73873.9,73879.9,73840.9,73857.5,34.652,90.547,125.199,-55.894999999999996,-0.446449252789559,73855.0,93497.33,-3.744e-05,0.0,0.124,False,2026-03-18.csv
2026-03-18 07:08:00,2026-03-18,73857.5,73875.2,73849.4,73849.5,19.444,24.571,44.015,-5.1270000000000024,-0.11648301715324327,73864.25,93492.68,-3.512e-05,0.0,0.0,False,2026-03-18.csv
2026-03-18 07:09:00,2026-03-18,73849.5,73863.5,73840.9,73840.9,17.177,19.231,36.408,-2.054000000000002,-0.05641617226983086,73852.2,93490.89,-3.814e-05,0.0,0.0,False,2026-03-18.csv
2026-03-18 07:10:00,2026-03-18,73841.0,73851.4,73816.0,73822.1,25.768,48.883,74.651,-23.115000000000002,-0.30964086214518227,73834.59,93501.89,-3.845e-05,0.004,0.082,False,2026-03-18.csv
2026-03-18 07:11:00,2026-03-18,73822.1,73864.6,73822.0,73855.3,38.291,18.915,57.206,19.375999999999998,0.33870573016816413,73848.21,93504.77,-3.907e-05,0.0,0.0,False,2026-03-18.csv
2026-03-18 07:12:00,2026-03-18,73855.3,73900.0,73855.3,73883.6,38.398,31.319,69.717,7.079000000000004,0.10153907942108817,73884.75,93505.69,-3.907e-05,0.0,0.0,False,2026-03-18.csv
2026-03-18 07:13:00,2026-03-18,73883.6,73904.6,73872.0,73897.9,27.939,19.149,47.088,8.79,0.18667176350662587,73892.26,93521.44,-3.919e-05,0.003,0.0,False,2026-03-18.csv
2026-03-18 07:14:00,2026-03-18,73897.8,73897.9,73863.5,73877.8,13.12,30.79,43.91,-17.67,-0.40241402869505816,73882.27,93523.79,-3.897e-05,0.0,0.0,False,2026-03-18.csv
2026-03-18 07:15:00,2026-03-18,73877.9,73952.8,73877.8,73944.2,68.492,20.508,89.0,47.98400000000001,0.5391460674157305,73918.62,93529.49,-3.897e-05,0.0,0.0,False,2026-03-18.csv
2026-03-18 07:16:00,2026-03-18,73943.9,73950.7,73904.7,73904.7,28.09,35.226,63.316,-7.135999999999999,-0.11270452966074924,73930.81,93526.03,-3.935e-05,0.0,0.0,False,2026-03-18.csv
2026-03-18 07:17:00,2026-03-18,73904.7,73904.7,73878.3,73882.8,16.934,27.075,44.009,-10.140999999999998,-0.2304301392896907,73891.63,93525.27,-3.912e-05,0.0,0.0,False,2026-03-18.csv
2026-03-18 07:18:00,2026-03-18,73882.7,73894.1,73858.7,73894.1,22.111,16.219,38.33,5.8919999999999995,0.15371771458387684,73873.2,93533.0,-3.966e-05,0.0,0.0,False,2026-03-18.csv
2026-03-18 07:19:00,2026-03-18,73894.1,73907.4,73879.1,73879.1,11.207,18.206,29.413,-6.998999999999999,-0.23795600584775434,73895.63,93530.75,-3.966e-05,0.0,0.0,False,2026-03-18.csv
2026-03-18 07:20:00,2026-03-18,73879.1,73879.2,73859.1,73859.1,7.284,17.259,24.543,-9.975000000000001,-0.40642953184207314,73866.28,93537.14,-3.999e-05,0.0,0.0,False,2026-03-18.csv
2026-03-18 07:21:00,2026-03-18,73859.1,73859.1,73833.5,73833.7,5.756,23.153,28.909,-17.397,-0.6017849112733059,73847.12,93537.88,-4.064e-05,0.0,0.0,False,2026-03-18.csv
2026-03-18 07:22:00,2026-03-18,73833.6,73838.7,73828.4,73828.5,32.407,21.769,54.176,10.637999999999998,0.19636001181334906,73832.92,93533.78,-4.064e-05,0.0,0.002,False,2026-03-18.csv
2026-03-18 07:23:00,2026-03-18,73828.5,73846.2,73807.1,73807.1,39.981,44.265,84.246,-4.283999999999999,-0.05085107898297841,73827.56,93538.04,-4.141e-05,0.018,0.008,False,2026-03-18.csv
2026-03-18 07:24:00,2026-03-18,73807.1,73835.6,73807.1,73827.8,34.14,12.636,46.776,21.504,0.45972293483837867,73823.71,93534.21,-4.216e-05,0.0,0.0,False,2026-03-18.csv
2026-03-18 07:25:00,2026-03-18,73827.8,73865.8,73825.0,73859.8,22.885,14.431,37.316,8.454000000000002,0.22655161324900852,73844.02,93534.14,-4.243e-05,0.0,0.0,False,2026-03-18.csv
2026-03-18 07:26:00,2026-03-18,73859.7,73864.5,73832.0,73832.1,32.016,21.364,53.38,10.651999999999997,0.19955039340576988,73855.3,93547.92,-4.243e-05,0.0,0.0,False,2026-03-18.csv
2026-03-18 07:27:00,2026-03-18,73832.1,73833.5,73825.0,73829.6,19.231,17.174,36.405,2.057000000000002,0.05650322757862937,73828.02,93542.16,-4.246e-05,0.0,0.0,False,2026-03-18.csv
2026-03-18 07:28:00,2026-03-18,73829.7,73835.1,73773.0,73797.1,23.921,100.071,123.992,-76.15,-0.6141525259694174,73798.39,93539.9,-4.274e-05,0.0,0.185,False,2026-03-18.csv
2026-03-18 07:29:00,2026-03-18,73797.0,73809.1,73763.0,73802.6,64.218,57.553,121.771,6.665000000000006,0.05473388573634121,73778.86,93524.53,-4.274e-05,0.0,0.006,False,2026-03-18.csv
2026-03-18 07:30:00,2026-03-18,73802.7,73815.0,73797.8,73804.6,29.411,23.717,53.128,5.694000000000003,0.10717512422827892,73806.53,93512.42,-4.301e-05,0.0,0.0,False,2026-03-18.csv
2026-03-18 07:31:00,2026-03-18,73804.5,73804.6,73766.1,73768.6,24.871,45.636,70.507,-20.765000000000004,-0.29450976498787357,73778.61,93498.36,-4.305e-05,0.0,0.0,False,2026-03-18.csv
2026-03-18 07:32:00,2026-03-18,73768.5,73783.2,73729.9,73738.2,48.773,103.159,151.932,-54.386,-0.35796277281941924,73745.74,93514.35,-4.338e-05,0.0,0.133,False,2026-03-18.csv
2026-03-18 07:33:00,2026-03-18,73738.3,73758.0,73734.7,73735.4,41.693,19.665,61.358,22.028,0.35900779034518726,73741.6,93515.56,-4.338e-05,0.0,0.0,False,2026-03-18.csv
2026-03-18 07:34:00,2026-03-18,73735.5,73742.6,73722.9,73742.5,37.619,29.065,66.684,8.553999999999998,0.12827664807150138,73729.63,93520.35,-4.386e-05,0.0,0.094,False,2026-03-18.csv
2026-03-18 07:35:00,2026-03-18,73742.5,73742.6,73710.1,73717.7,34.227,39.18,73.407,-4.953000000000003,-0.06747312926560142,73719.5,93509.05,-4.413e-05,0.0,0.048,False,2026-03-18.csv
2026-03-18 07:36:00,2026-03-18,73717.6,73717.6,73636.5,73695.6,108.771,260.948,369.719,-152.17699999999996,-0.41160178405762204,73680.38,93509.05,-4.413e-05,0.0,2.054,False,2026-03-18.csv
2026-03-18 07:37:00,2026-03-18,73695.5,73748.4,73658.8,73734.1,126.792,101.117,227.909,25.674999999999997,0.11265461214783093,73705.2,93428.29,-4.482e-05,0.0,0.036,False,2026-03-18.csv
2026-03-18 07:38:00,2026-03-18,73734.1,73789.3,73734.0,73780.0,68.347,32.085,100.432,36.26199999999999,0.36106021985024683,73765.23,93376.45,-4.511e-05,0.0,0.0,False,2026-03-18.csv
2026-03-18 07:39:00,2026-03-18,73780.0,73788.3,73753.3,73760.1,40.771,44.156,84.927,-3.384999999999998,-0.03985776019404898,73767.83,93369.92,-4.511e-05,0.0,0.0,False,2026-03-18.csv
2026-03-18 07:40:00,2026-03-18,73760.0,73760.0,73691.0,73691.1,18.752,66.168,84.92,-47.41600000000001,-0.5583608101742817,73726.83,93361.29,-4.511e-05,0.0,0.0,False,2026-03-18.csv
2026-03-18 07:41:00,2026-03-18,73691.0,73701.6,73679.0,73694.0,60.405,15.82,76.225,44.585,0.5849130862577895,73689.15,93360.89,-4.557e-05,0.0,0.0,False,2026-03-18.csv
2026-03-18 07:42:00,2026-03-18,73694.0,73701.8,73688.9,73701.7,44.929,23.151,68.08,21.778000000000002,0.3198883666274971,73694.52,93328.55,-4.626e-05,0.0,0.0,False,2026-03-18.csv
2026-03-18 07:43:00,2026-03-18,73701.8,73718.7,73693.4,73718.1,71.419,34.817,106.236,36.602,0.3445348092925185,73701.37,93321.8,-4.626e-05,0.0,0.0,False,2026-03-18.csv
2026-03-18 07:44:00,2026-03-18,73718.1,73774.2,73718.0,73752.2,42.722,26.659,69.381,16.063000000000002,0.23151871549847944,73757.24,93332.08,-4.665e-05,0.0,0.0,False,2026-03-18.csv
2026-03-18 07:45:00,2026-03-18,73752.3,73752.3,73673.5,73673.6,57.823,116.567,174.39,-58.74399999999999,-0.33685417741842993,73706.34,93336.92,-4.677e-05,0.0,0.0,False,2026-03-18.csv
2026-03-18 07:46:00,2026-03-18,73673.5,73713.2,73652.3,73685.7,69.432,66.595,136.027,2.8370000000000033,0.020856153557749592,73679.44,93401.5,-4.712e-05,0.0,0.342,False,2026-03-18.csv
2026-03-18 07:47:00,2026-03-18,73685.6,73740.9,73685.6,73724.2,44.769,28.598,73.367,16.171,0.2204124470129622,73715.44,93406.81,-4.712e-05,0.005,0.0,False,2026-03-18.csv
2026-03-18 07:48:00,2026-03-18,73724.1,73729.8,73694.6,73724.2,32.677,44.914,77.591,-12.237000000000002,-0.1577115902617572,73716.48,93407.51,-4.708e-05,0.0,0.0,False,2026-03-18.csv
2026-03-18 07:49:00,2026-03-18,73724.1,73740.0,73707.4,73739.9,25.807,80.019,105.826,-54.212,-0.5122748662899477,73721.39,93412.11,-4.691e-05,0.0,0.0,False,2026-03-18.csv
2026-03-18 07:50:00,2026-03-18,73739.9,73794.0,73739.8,73786.6,75.43,33.834,109.264,41.596000000000004,0.3806926343534925,73773.49,93454.21,-4.691e-05,0.0,0.0,False,2026-03-18.csv
2026-03-18 07:51:00,2026-03-18,73786.5,73796.9,73782.6,73790.9,44.003,20.589,64.592,23.414,0.36249071092395346,73789.32,93441.0,-4.688e-05,0.0,0.0,False,2026-03-18.csv
2026-03-18 07:52:00,2026-03-18,73790.8,73841.2,73786.2,73820.0,77.053,28.265,105.318,48.788,0.46324464953759087,73806.4,93438.21,-4.682e-05,0.0,0.0,False,2026-03-18.csv
2026-03-18 07:53:00,2026-03-18,73820.0,73860.1,73819.9,73822.0,70.69,61.607,132.297,9.082999999999998,0.06865612976862664,73838.78,93446.99,-4.719e-05,0.0,0.0,False,2026-03-18.csv
2026-03-18 07:54:00,2026-03-18,73821.9,73858.1,73821.9,73858.0,51.921,23.722,75.643,28.198999999999998,0.37279060851632007,73844.1,93466.96,-4.719e-05,0.0,0.0,False,2026-03-18.csv
2026-03-18 07:55:00,2026-03-18,73858.1,73874.6,73854.0,73865.2,36.34,26.532,62.872,9.808000000000003,0.15599949102939312,73863.86,93458.24,-4.756e-05,0.0,0.0,False,2026-03-18.csv
2026-03-18 07:56:00,2026-03-18,73865.1,73869.7,73836.9,73836.9,32.628,31.561,64.189,1.0670000000000002,0.016622785835579308,73855.27,93457.73,-4.754e-05,0.0,0.0,False,2026-03-18.csv
2026-03-18 07:57:00,2026-03-18,73837.0,73840.1,73820.0,73824.1,85.368,31.219,116.587,54.148999999999994,0.4644514396973933,73827.16,93463.5,-4.754e-05,0.0,0.04,False,2026-03-18.csv
2026-03-18 07:58:00,2026-03-18,73824.1,73848.2,73824.0,73842.1,45.521,18.06,63.581,27.461000000000002,0.43190575800946823,73835.45,93455.42,-4.774e-05,0.0,0.0,False,2026-03-18.csv
2026-03-18 07:59:00,2026-03-18,73842.0,73848.2,73838.0,73838.1,16.552,10.998,27.55,5.554,0.20159709618874774,73840.51,93431.87,-4.789e-05,0.0,0.0,False,2026-03-18.csv
2026-03-18 08:00:00,2026-03-18,73838.1,73848.2,73838.0,73840.0,26.363,5.747,32.11,20.616,0.6420429772656493,73842.01,93430.3,-4.813e-05,0.0,0.0,False,2026-03-18.csv
2026-03-18 08:01:00,2026-03-18,73840.0,73847.5,73820.0,73821.8,23.596,29.135,52.731,-5.5390000000000015,-0.10504257457662478,73832.05,93429.37,-4.813e-05,0.0,0.0,False,2026-03-18.csv
2026-03-18 08:02:00,2026-03-18,73821.7,73933.3,73814.3,73891.2,195.365,101.873,297.238,93.492,0.31453582650939654,73897.33,93428.27,-4.842e-05,0.181,0.0,False,2026-03-18.csv
2026-03-18 08:03:00,2026-03-18,73891.2,73907.2,73881.0,73907.1,44.492,20.864,65.356,23.627999999999997,0.36152763327008997,73898.12,93430.52,-4.845e-05,0.0,0.0,False,2026-03-18.csv
2026-03-18 08:04:00,2026-03-18,73907.1,73930.0,73893.8,73893.8,37.137,25.963,63.1,11.174,0.17708399366085578,73915.73,93449.96,-4.845e-05,0.0,0.0,False,2026-03-18.csv
2026-03-18 08:05:00,2026-03-18,73893.9,73918.9,73884.8,73918.8,24.861,12.769,37.63,12.092,0.32133935689609355,73898.39,93441.4,-4.842e-05,0.57,0.0,False,2026-03-18.csv
2026-03-18 08:06:00,2026-03-18,73918.8,73976.5,73918.8,73952.2,70.694,27.854,98.548,42.84,0.434712018508747,73949.93,93438.61,-4.833e-05,0.061,0.0,False,2026-03-18.csv
2026-03-18 08:07:00,2026-03-18,73952.1,73985.0,73947.6,73963.5,39.461,28.229,67.69,11.232,0.1659329295316886,73969.84,93434.28,-4.795e-05,0.0,0.0,False,2026-03-18.csv
2026-03-18 08:08:00,2026-03-18,73963.5,73982.5,73963.4,73968.2,33.341,12.897,46.238,20.444000000000003,0.4421471516934124,73974.34,93425.2,-4.795e-05,0.0,0.0,False,2026-03-18.csv
2026-03-18 08:09:00,2026-03-18,73968.1,73968.1,73950.0,73951.2,12.043,26.123,38.166,-14.080000000000002,-0.3689147408688362,73959.82,93428.9,-4.798e-05,0.0,0.0,False,2026-03-18.csv
2026-03-18 08:10:00,2026-03-18,73951.2,73955.0,73894.1,73894.1,8.191,28.413,36.604,-20.222,-0.552453283794121,73932.03,93428.46,-4.852e-05,0.0,0.0,False,2026-03-18.csv
2026-03-18 08:11:00,2026-03-18,73894.2,73900.8,73860.3,73874.7,17.892,29.233,47.125,-11.341000000000001,-0.24065782493368704,73872.24,93419.18,-4.852e-05,0.0,0.0,False,2026-03-18.csv
2026-03-18 08:12:00,2026-03-18,73874.7,73953.8,73874.6,73931.7,64.651,12.976,77.627,51.675,0.6656833318304198,73907.16,93411.63,-4.939e-05,0.0,0.0,False,2026-03-18.csv
2026-03-18 08:13:00,2026-03-18,73931.6,73966.0,73894.6,73965.9,167.73,52.759,220.489,114.97099999999999,0.5214364435414011,73926.5,93410.86,-4.985e-05,0.0,0.0,False,2026-03-18.csv
2026-03-18 08:14:00,2026-03-18,73965.9,73984.7,73952.7,73980.9,22.979,11.99,34.969,10.988999999999999,0.31424976407675365,73968.53,93463.91,-4.985e-05,0.0,0.0,False,2026-03-18.csv
2026-03-18 08:15:00,2026-03-18,73980.9,73980.9,73969.6,73969.7,7.956,7.798,15.754,0.15800000000000036,0.010029198933604187,73978.56,93458.52,-4.987e-05,0.009,0.0,False,2026-03-18.csv
2026-03-18 08:16:00,2026-03-18,73969.6,74015.2,73969.6,74007.6,65.446,18.145,83.591,47.301,0.5658623536026607,73996.89,93458.32,-4.946e-05,0.027,0.0,False,2026-03-18.csv
2026-03-18 08:17:00,2026-03-18,74007.6,74007.6,73922.0,73933.6,14.225,35.577,49.802,-21.351999999999997,-0.428737801694711,73953.89,93446.31,-4.898e-05,0.0,0.0,False,2026-03-18.csv
2026-03-18 08:18:00,2026-03-18,73933.6,73974.1,73933.5,73967.1,14.108,11.311,25.419,2.7970000000000006,0.1100357999921319,73958.19,93435.08,-4.898e-05,0.0,0.0,False,2026-03-18.csv
2026-03-18 08:19:00,2026-03-18,73967.1,74000.0,73967.0,73970.9,13.15,27.394,40.544,-14.243999999999998,-0.35132202052091555,73985.36,93433.06,-4.907e-05,0.0,0.0,False,2026-03-18.csv
2026-03-18 08:20:00,2026-03-18,73970.9,73989.0,73970.0,73970.1,18.636,96.48,115.116,-77.84400000000001,-0.6762222453872616,73972.17,93433.37,-4.928e-05,0.0,0.0,False,2026-03-18.csv
2026-03-18 08:21:00,2026-03-18,73970.1,74015.9,73970.0,74015.9,28.258,17.427,45.685,10.831,0.23708000437780452,73990.16,93463.44,-4.928e-05,0.0,0.0,False,2026-03-18.csv
2026-03-18 08:22:00,2026-03-18,74015.9,74017.3,73978.7,73999.9,13.431,12.994,26.425,0.4369999999999994,0.016537369914853335,73997.49,93464.55,-4.972e-05,0.0,0.0,False,2026-03-18.csv
2026-03-18 08:23:00,2026-03-18,73999.8,74009.0,73987.9,73987.9,16.061,16.18,32.241,-0.11899999999999977,-0.0036909525138798353,73997.86,93461.86,-5.004e-05,0.0,0.0,False,2026-03-18.csv
2026-03-18 08:24:00,2026-03-18,73987.8,74008.9,73987.8,73997.9,10.441,16.612,27.053,-6.170999999999998,-0.22810778841533277,73998.96,93459.39,-5.036e-05,0.065,0.0,False,2026-03-18.csv
2026-03-18 08:25:00,2026-03-18,73997.9,74016.0,73997.9,74015.9,23.018,11.451,34.469,11.567,0.3355768951811773,74007.35,93458.31,-5.036e-05,0.0,0.0,False,2026-03-18.csv
2026-03-18 08:26:00,2026-03-18,74015.9,74031.4,73965.6,73965.7,23.015,39.685,62.7,-16.67,-0.2658692185007975,74003.09,93457.99,-5.071e-05,0.01,0.0,False,2026-03-18.csv
2026-03-18 08:27:00,2026-03-18,73965.6,73975.0,73952.5,73975.0,16.019,13.874,29.893,2.144999999999998,0.07175592948181841,73962.2,93457.89,-5.078e-05,0.0,0.0,False,2026-03-18.csv
2026-03-18 08:28:00,2026-03-18,73974.9,74010.1,73974.9,74006.6,22.286,27.274,49.56,-4.9879999999999995,-0.1006456820016142,73996.62,93464.05,-5.078e-05,0.0,0.0,False,2026-03-18.csv
2026-03-18 08:29:00,2026-03-18,74006.6,74008.0,73987.5,73988.7,12.855,15.421,28.276,-2.565999999999999,-0.09074833781298625,73998.19,93462.09,-5.143e-05,0.0,0.0,False,2026-03-18.csv
2026-03-18 08:30:00,2026-03-18,73988.8,74022.6,73953.5,73996.5,136.163,172.454,308.617,-36.291,-0.11759235557341298,74000.26,93460.81,-5.15e-05,0.0,0.0,False,2026-03-18.csv
2026-03-18 08:31:00,2026-03-18,73996.6,73996.6,73952.0,73957.4,12.853,30.632,43.485,-17.779000000000003,-0.4088536276877085,73970.63,93552.66,-5.188e-05,0.0,0.0,False,2026-03-18.csv
2026-03-18 08:32:00,2026-03-18,73957.4,73973.0,73949.7,73963.3,17.486,17.133,34.619,0.35300000000000153,0.010196712787775543,73959.33,93554.27,-5.188e-05,0.0,0.0,False,2026-03-18.csv
2026-03-18 08:33:00,2026-03-18,73963.4,73985.0,73934.4,73984.9,19.388,25.992,45.38,-6.603999999999999,-0.14552666372851475,73952.62,93550.69,-5.251e-05,0.0,0.0,False,2026-03-18.csv
2026-03-18 08:34:00,2026-03-18,73984.8,74029.3,73972.3,73993.3,28.453,18.143,46.596,10.309999999999999,0.2212636277792085,73999.95,93540.25,-5.313e-05,0.048,0.002,False,2026-03-18.csv
2026-03-18 08:35:00,2026-03-18,73993.3,74027.4,73966.5,74017.4,49.065,62.977,112.042,-13.911999999999999,-0.12416772281822887,74004.94,93545.72,-5.312e-05,0.0,0.0,False,2026-03-18.csv
2026-03-18 08:36:00,2026-03-18,74017.5,74030.0,73980.0,73980.1,6.249,40.722,46.971,-34.473,-0.7339209299354922,74003.36,93548.93,-5.312e-05,0.0,0.0,False,2026-03-18.csv
2026-03-18 08:37:00,2026-03-18,73980.0,74004.6,73980.0,73990.9,10.936,15.224,26.16,-4.288,-0.16391437308868503,73989.85,93548.51,-5.35e-05,0.0,0.0,False,2026-03-18.csv
2026-03-18 08:38:00,2026-03-18,73990.9,73994.3,73951.8,73951.8,6.243,30.665,36.908,-24.421999999999997,-0.6616993605722336,73972.65,93551.93,-5.363e-05,0.0,0.0,False,2026-03-18.csv
2026-03-18 08:39:00,2026-03-18,73951.7,73951.8,73924.8,73949.9,10.84,15.892,26.732,-5.052,-0.1889869818943588,73942.22,93554.73,-5.363e-05,0.0,0.0,False,2026-03-18.csv
2026-03-18 08:40:00,2026-03-18,73949.9,74069.3,73949.9,74061.4,262.198,35.404,297.602,226.79399999999998,0.7620714914550305,74028.96,93557.85,-5.419e-05,0.041,0.0,False,2026-03-18.csv
2026-03-18 08:41:00,2026-03-18,74061.4,74061.5,74012.0,74014.5,9.329,25.899,35.228,-16.57,-0.4703644827977745,74032.96,93627.79,-5.436e-05,0.0,0.0,False,2026-03-18.csv
2026-03-18 08:42:00,2026-03-18,74014.5,74014.5,73983.0,73985.2,18.648,14.681,33.329,3.9670000000000005,0.11902547331153052,73994.56,93629.4,-5.458e-05,0.0,0.0,False,2026-03-18.csv
2026-03-18 08:43:00,2026-03-18,73985.2,73995.1,73972.9,73994.3,10.998,7.783,18.781,3.214999999999999,0.17118364304350137,73982.16,93623.02,-5.458e-05,0.0,0.0,False,2026-03-18.csv
2026-03-18 08:44:00,2026-03-18,73994.3,74032.9,73994.2,74014.5,11.618,8.041,19.659,3.577,0.1819522864845618,74017.93,93623.12,-5.5e-05,0.0,0.0,False,2026-03-18.csv
2026-03-18 08:45:00,2026-03-18,74014.6,74043.7,74012.1,74039.2,15.093,11.209,26.302,3.8840000000000003,0.14766937875446737,74025.87,93622.11,-5.505e-05,0.0,0.0,False,2026-03-18.csv
2026-03-18 08:46:00,2026-03-18,74039.1,74051.6,74018.0,74018.0,16.309,38.584,54.893,-22.275000000000002,-0.40578944492011737,74033.86,93612.46,-5.505e-05,0.0,0.0,False,2026-03-18.csv
2026-03-18 08:47:00,2026-03-18,74018.0,74018.0,73990.3,74009.6,16.859,19.218,36.077,-2.358999999999998,-0.06538792028161983,73997.43,93629.53,-5.516e-05,0.0,0.0,False,2026-03-18.csv
2026-03-18 08:48:00,2026-03-18,74009.7,74009.8,73991.8,74008.9,7.432,12.903,20.335,-5.471,-0.269043521022867,73999.76,93636.04,-5.561e-05,0.0,0.0,False,2026-03-18.csv
2026-03-18 08:49:00,2026-03-18,74008.9,74043.6,74008.9,74027.9,55.399,37.159,92.558,18.240000000000002,0.1970656237170207,74031.47,93631.34,-5.621e-05,0.011,0.0,False,2026-03-18.csv
2026-03-18 08:50:00,2026-03-18,74027.8,74048.0,74019.0,74040.0,36.863,132.477,169.34,-95.614,-0.5646273768749261,74038.21,93636.56,-5.621e-05,0.0,0.0,False,2026-03-18.csv
2026-03-18 08:51:00,2026-03-18,74040.0,74062.3,74023.2,74051.2,25.507,43.073,68.58,-17.566,-0.25613881598133564,74050.37,93725.3,-5.628e-05,0.459,0.0,False,2026-03-18.csv
2026-03-18 08:52:00,2026-03-18,74051.2,74080.1,74051.2,74061.9,33.157,20.453,53.61,12.703999999999997,0.23697071441895162,74067.98,93735.54,-5.649e-05,0.0,0.0,False,2026-03-18.csv
2026-03-18 08:53:00,2026-03-18,74061.8,74072.1,74049.6,74070.0,20.672,9.616,30.288,11.056000000000001,0.3650290544109879,74058.24,93736.62,-5.649e-05,0.0,0.0,False,2026-03-18.csv
2026-03-18 08:54:00,2026-03-18,74070.0,74070.1,74045.0,74045.1,14.531,22.903,37.434,-8.371999999999998,-0.22364695196879839,74063.45,93725.31,-5.679e-05,0.0,0.0,False,2026-03-18.csv
2026-03-18 08:55:00,2026-03-18,74045.0,74045.1,73971.1,73993.9,9.748,113.022,122.77,-103.274,-0.8411989899812659,74004.96,93717.79,-5.703e-05,0.0,0.0,False,2026-03-18.csv
2026-03-18 08:56:00,2026-03-18,73994.0,74000.0,73972.9,73997.6,16.226,16.77,32.996,-0.5440000000000005,-0.0164868468905322,73988.65,93742.07,-5.765e-05,0.0,0.0,False,2026-03-18.csv
2026-03-18 08:57:00,2026-03-18,73997.5,74016.5,73997.5,74013.0,20.273,7.83,28.103,12.443,0.442764117709853,74007.19,93739.01,-5.765e-05,0.0,0.0,False,2026-03-18.csv
2026-03-18 08:58:00,2026-03-18,74012.9,74013.0,74002.1,74005.8,7.407,24.968,32.375,-17.561,-0.5424247104247104,74009.29,93740.51,-5.798e-05,0.002,0.0,False,2026-03-18.csv
2026-03-18 08:59:00,2026-03-18,74005.8,74005.8,73977.0,73977.4,20.834,37.907,58.741,-17.072999999999997,-0.2906487802386748,73984.39,93730.05,-5.804e-05,0.0,0.0,False,2026-03-18.csv
2026-03-18 09:00:00,2026-03-18,73977.5,74009.7,73977.1,74005.8,43.105,16.353,59.458,26.751999999999995,0.4499310437619832,73989.79,93732.64,-5.86e-05,0.032,0.0,False,2026-03-18.csv
2026-03-18 09:01:00,2026-03-18,74005.9,74024.0,74002.7,74022.0,45.048,15.64,60.688,29.408,0.48457685209596624,74012.76,93735.74,-5.86e-05,0.0,0.0,False,2026-03-18.csv
2026-03-18 09:02:00,2026-03-18,74022.0,74053.3,74000.4,74007.9,30.118,24.016,54.134,6.102,0.11272028669597665,74027.51,93728.28,-5.885e-05,0.001,0.0,False,2026-03-18.csv
2026-03-18 09:03:00,2026-03-18,74007.9,74013.5,73991.1,74000.0,9.622,12.561,22.183,-2.939,-0.13248884280755535,74000.29,93742.62,-5.865e-05,0.0,0.0,False,2026-03-18.csv
2026-03-18 09:04:00,2026-03-18,73999.9,74039.2,73999.9,74039.1,16.802,4.821,21.623,11.981,0.5540859270221523,74015.42,93737.37,-5.865e-05,0.0,0.0,False,2026-03-18.csv
2026-03-18 09:05:00,2026-03-18,74039.2,74069.0,74036.7,74052.1,24.801,14.384,39.185,10.416999999999998,0.2658415209901748,74050.44,93739.53,-5.911e-05,0.0,0.0,False,2026-03-18.csv
2026-03-18 09:06:00,2026-03-18,74052.2,74052.2,74042.5,74050.0,5.954,7.0,12.954,-1.0460000000000003,-0.08074725953373477,74048.28,93731.46,-5.906e-05,0.008,0.004,False,2026-03-18.csv
2026-03-18 09:07:00,2026-03-18,74050.0,74070.0,74048.6,74052.4,25.744,12.123,37.867,13.621,0.35970634061319884,74058.31,93729.69,-5.935e-05,0.007,0.0,False,2026-03-18.csv
2026-03-18 09:08:00,2026-03-18,74052.4,74087.7,74052.3,74073.8,34.518,19.762,54.28,14.756,0.2718496683861459,74071.02,93726.97,-5.935e-05,0.0,0.0,False,2026-03-18.csv
2026-03-18 09:09:00,2026-03-18,74073.9,74092.8,74069.3,74086.4,29.908,15.098,45.006,14.81,0.32906723547971384,74077.76,93713.32,-5.942e-05,0.0,0.0,False,2026-03-18.csv
2026-03-18 09:10:00,2026-03-18,74086.4,74115.6,74080.2,74098.4,80.952,47.186,128.138,33.766,0.26351277528914135,74104.4,93694.79,-5.951e-05,0.023,0.0,False,2026-03-18.csv
2026-03-18 09:11:00,2026-03-18,74098.3,74098.3,74075.0,74097.3,30.694,17.895,48.589,12.799,0.26341352981127414,74082.11,93706.94,-5.951e-05,0.0,0.0,False,2026-03-18.csv
2026-03-18 09:12:00,2026-03-18,74097.3,74111.2,74086.9,74106.5,32.889,8.876,41.765,24.013000000000005,0.5749551059499582,74100.5,93705.49,-5.959e-05,0.0,0.0,False,2026-03-18.csv
2026-03-18 09:13:00,2026-03-18,74106.6,74152.5,74106.5,74122.3,50.727,43.826,94.553,6.900999999999996,0.07298552134781547,74131.84,93697.94,-5.999e-05,0.013,0.002,False,2026-03-18.csv
2026-03-18 09:14:00,2026-03-18,74122.3,74130.0,74119.2,74120.8,44.964,21.435,66.399,23.529,0.35435774635160167,74121.74,93707.47,-5.995e-05,0.345,0.0,False,2026-03-18.csv
2026-03-18 09:15:00,2026-03-18,74120.7,74144.0,74120.7,74122.6,22.352,44.485,66.837,-22.133,-0.3311489145233927,74133.76,93708.76,-5.995e-05,0.0,0.0,False,2026-03-18.csv
2026-03-18 09:16:00,2026-03-18,74122.6,74125.8,74097.0,74122.0,21.711,37.875,59.586,-16.164,-0.27127177524921964,74114.52,93701.04,-5.982e-05,0.0,0.0,False,2026-03-18.csv
2026-03-18 09:17:00,2026-03-18,74122.0,74138.1,74121.9,74122.6,31.735,25.698,57.433,6.036999999999999,0.10511378475789179,74132.79,93709.16,-5.994e-05,0.002,0.0,False,2026-03-18.csv
2026-03-18 09:18:00,2026-03-18,74122.7,74122.7,74090.7,74090.7,7.066,77.198,84.264,-70.13199999999999,-0.8322889964872305,74105.69,93711.42,-5.994e-05,0.0,0.0,False,2026-03-18.csv
2026-03-18 09:19:00,2026-03-18,74090.7,74132.3,74090.7,74122.8,19.331,18.085,37.416,1.2459999999999987,0.03330126149240963,74114.12,93756.27,-5.991e-05,0.0,0.0,False,2026-03-18.csv
2026-03-18 09:20:00,2026-03-18,74122.7,74150.0,74122.7,74145.6,24.609,31.349,55.958,-6.739999999999998,-0.12044747846599232,74144.89,93741.45,-6e-05,0.0,0.0,False,2026-03-18.csv
2026-03-18 09:21:00,2026-03-18,74145.7,74145.7,74122.5,74129.9,9.009,11.92,20.929,-2.9109999999999996,-0.13908930192555782,74129.63,93739.68,-5.976e-05,0.0,0.0,False,2026-03-18.csv
2026-03-18 09:22:00,2026-03-18,74129.9,74147.9,74129.8,74147.9,90.53,9.952,100.482,80.578,0.8019147708047213,74132.14,93711.8,-5.976e-05,0.033,0.0,False,2026-03-18.csv
2026-03-18 09:23:00,2026-03-18,74147.8,74184.5,74147.8,74153.4,101.162,26.749,127.911,74.41300000000001,0.5817560647637812,74158.56,93679.21,-6.012e-05,1.134,0.0,False,2026-03-18.csv
2026-03-18 09:24:00,2026-03-18,74153.3,74153.4,74116.6,74116.7,6.288,21.97,28.258,-15.681999999999999,-0.5549578880317078,74140.85,93678.2,-6.004e-05,0.0,0.0,False,2026-03-18.csv
2026-03-18 09:25:00,2026-03-18,74116.7,74116.7,74087.5,74087.9,7.865,30.357,38.222,-22.491999999999997,-0.5884569096331954,74093.48,93673.71,-6.081e-05,0.0,0.0,False,2026-03-18.csv
2026-03-18 09:26:00,2026-03-18,74087.9,74100.0,74071.9,74099.9,21.043,27.35,48.393,-6.307000000000002,-0.13032876655714673,74082.87,93662.98,-6.081e-05,0.0,0.0,False,2026-03-18.csv
2026-03-18 09:27:00,2026-03-18,74100.0,74100.7,74096.9,74100.7,10.403,7.047,17.45,3.3560000000000008,0.19232091690544417,74097.51,93662.26,-6.152e-05,0.0,0.0,False,2026-03-18.csv
2026-03-18 09:28:00,2026-03-18,74100.6,74114.5,74100.6,74113.5,7.224,5.284,12.508,1.9400000000000004,0.15510073552926132,74110.65,93662.81,-6.169e-05,0.01,0.0,False,2026-03-18.csv
2026-03-18 09:29:00,2026-03-18,74113.6,74113.6,74091.7,74100.9,14.987,23.569,38.556,-8.581999999999999,-0.22258533042846768,74103.27,93650.85,-6.169e-05,0.0,0.0,False,2026-03-18.csv
2026-03-18 09:30:00,2026-03-18,74100.9,74113.5,74098.1,74113.4,26.293,14.667,40.96,11.626,0.283837890625,74100.2,93643.31,-6.147e-05,0.0,0.0,False,2026-03-18.csv
2026-03-18 09:31:00,2026-03-18,74113.4,74133.9,74093.4,74133.9,34.626,29.189,63.815,5.436999999999998,0.08519940452871579,74108.76,93631.06,-6.137e-05,0.0,0.0,False,2026-03-18.csv
2026-03-18 09:32:00,2026-03-18,74133.8,74150.0,74121.6,74150.0,27.461,14.121,41.582,13.339999999999998,0.32081188975999225,74130.14,93633.44,-6.129e-05,0.0,0.0,False,2026-03-18.csv
2026-03-18 09:33:00,2026-03-18,74150.0,74158.4,74141.8,74141.8,9.203,23.136,32.339,-13.933,-0.4308420173783976,74152.45,93630.44,-6.129e-05,0.007,0.0,False,2026-03-18.csv
2026-03-18 09:34:00,2026-03-18,74141.8,74144.5,74129.9,74144.5,8.935,8.686,17.621,0.24900000000000055,0.014130866579649315,74135.15,93624.7,-6.121e-05,0.0,0.0,False,2026-03-18.csv
2026-03-18 09:35:00,2026-03-18,74144.5,74158.4,74144.4,74151.0,10.845,4.39,15.235,6.455000000000001,0.4236954381358714,74151.5,93620.07,-6.143e-05,0.0,0.0,False,2026-03-18.csv
2026-03-18 09:36:00,2026-03-18,74151.0,74151.0,74114.3,74114.4,2.882,32.902,35.784,-30.02,-0.8389224234294657,74135.74,93615.75,-6.143e-05,0.0,0.0,False,2026-03-18.csv
2026-03-18 09:37:00,2026-03-18,74114.5,74177.9,74114.4,74177.8,92.846,27.293,120.139,65.553,0.5456429635672013,74159.05,93585.17,-6.15e-05,0.0,0.0,False,2026-03-18.csv
2026-03-18 09:38:00,2026-03-18,74177.9,74215.0,74177.8,74182.1,55.149,53.453,108.602,1.695999999999998,0.015616655310215262,74196.79,93577.62,-6.2e-05,0.008,0.0,False,2026-03-18.csv
2026-03-18 09:39:00,2026-03-18,74182.2,74211.0,74182.0,74196.5,81.05,20.892,101.942,60.158,0.5901198720841263,74198.09,93575.59,-6.214e-05,0.0,0.0,False,2026-03-18.csv
2026-03-18 09:40:00,2026-03-18,74196.5,74199.0,74188.9,74193.9,18.188,25.528,43.716,-7.34,-0.1679019123433068,74194.5,93577.06,-6.214e-05,0.0,0.0,False,2026-03-18.csv
2026-03-18 09:41:00,2026-03-18,74193.8,74246.2,74193.8,74227.8,111.283,67.274,178.557,44.009,0.24647031480143597,74220.64,93578.93,-6.217e-05,0.964,0.0,False,2026-03-18.csv
2026-03-18 09:42:00,2026-03-18,74227.8,74227.9,74198.4,74217.7,38.331,29.989,68.32,8.342000000000002,0.12210187353629981,74215.3,93567.06,-6.228e-05,0.0,0.0,False,2026-03-18.csv
2026-03-18 09:43:00,2026-03-18,74217.7,74233.9,74209.1,74222.4,23.934,15.375,39.309,8.559000000000001,0.21773639624513474,74217.57,93547.25,-6.228e-05,0.0,0.0,False,2026-03-18.csv
2026-03-18 09:44:00,2026-03-18,74222.3,74222.4,74195.2,74203.6,13.429,18.641,32.07,-5.211999999999998,-0.16251948861864665,74207.68,93553.2,-6.212e-05,0.0,0.0,False,2026-03-18.csv
2026-03-18 09:45:00,2026-03-18,74203.6,74222.3,74200.0,74203.9,11.006,15.993,26.999,-4.987,-0.1847105448349939,74208.47,93551.96,-6.219e-05,0.0,0.0,False,2026-03-18.csv
2026-03-18 09:46:00,2026-03-18,74204.0,74237.1,74200.0,74236.4,30.075,17.283,47.358,12.791999999999998,0.27011275814012414,74216.13,93555.46,-6.236e-05,0.0,0.0,False,2026-03-18.csv
2026-03-18 09:47:00,2026-03-18,74236.4,74236.4,74192.0,74195.9,6.566,21.881,28.447,-15.315000000000001,-0.5383695996062854,74204.05,93544.58,-6.236e-05,0.0,0.0,False,2026-03-18.csv
2026-03-18 09:48:00,2026-03-18,74195.9,74200.0,74181.4,74188.4,13.504,36.713,50.217,-23.209000000000003,-0.4621741641276859,74189.11,93544.89,-6.24e-05,0.0,0.0,False,2026-03-18.csv
2026-03-18 09:49:00,2026-03-18,74188.4,74188.5,74160.0,74184.5,15.034,50.572,65.606,-35.538000000000004,-0.541688260220102,74175.33,93543.59,-6.299e-05,0.0,0.0,False,2026-03-18.csv
2026-03-18 09:50:00,2026-03-18,74184.5,74184.6,74158.1,74170.4,4.668,32.433,37.101,-27.765,-0.7483625778280909,74173.7,93549.95,-6.308e-05,0.0,0.0,False,2026-03-18.csv
2026-03-18 09:51:00,2026-03-18,74170.4,74172.7,74162.3,74166.3,5.513,24.866,30.379,-19.353,-0.6370519108594753,74165.98,93560.47,-6.308e-05,0.0,0.0,False,2026-03-18.csv
2026-03-18 09:52:00,2026-03-18,74166.3,74166.4,74088.6,74097.6,21.695,81.576,103.271,-59.88099999999999,-0.5798433248443415,74120.23,93554.52,-6.307e-05,0.0,0.0,False,2026-03-18.csv
2026-03-18 09:53:00,2026-03-18,74097.5,74120.0,74084.6,74091.3,39.987,42.415,82.402,-2.4279999999999973,-0.02946530424018831,74104.84,93567.61,-6.353e-05,0.0,0.148,False,2026-03-18.csv
2026-03-18 09:54:00,2026-03-18,74091.2,74096.3,74087.2,74093.8,10.66,20.129,30.789,-9.469000000000001,-0.3075449024002079,74092.87,93570.87,-6.353e-05,0.0,0.0,False,2026-03-18.csv
2026-03-18 09:55:00,2026-03-18,74093.9,74093.9,74071.1,74081.1,14.776,34.11,48.886,-19.334,-0.39549155177351386,74080.05,93559.6,-6.405e-05,0.0,0.0,False,2026-03-18.csv
2026-03-18 09:56:00,2026-03-18,74081.1,74126.0,74081.0,74102.3,46.36,21.834,68.194,24.526,0.35965040912690266,74108.74,93565.17,-6.41e-05,0.0,0.0,False,2026-03-18.csv
2026-03-18 09:57:00,2026-03-18,74102.3,74111.1,74077.8,74078.2,14.173,35.163,49.336,-20.989999999999995,-0.42544997567699033,74088.98,93558.52,-6.388e-05,0.0,0.0,False,2026-03-18.csv
2026-03-18 09:58:00,2026-03-18,74078.2,74103.0,74078.2,74103.0,18.651,14.478,33.129,4.173,0.12596214796703795,74087.38,93568.41,-6.388e-05,0.0,0.0,False,2026-03-18.csv
2026-03-18 09:59:00,2026-03-18,74102.9,74108.2,74101.4,74105.8,4.698,11.005,15.703,-6.307,-0.4016429981532192,74104.43,93570.64,-6.415e-05,0.0,0.0,False,2026-03-18.csv
2026-03-18 10:00:00,2026-03-18,74105.8,74142.4,74105.7,74136.0,19.13,8.011,27.141,11.119,0.40967539884307874,74132.65,93567.41,-6.392e-05,0.0,0.0,False,2026-03-18.csv
2026-03-18 10:01:00,2026-03-18,74136.0,74153.7,74135.9,74150.6,20.734,28.487,49.221,-7.752999999999997,-0.15751406919810643,74148.06,93574.52,-6.392e-05,0.0,0.0,False,2026-03-18.csv
2026-03-18 10:02:00,2026-03-18,74150.5,74166.8,74136.3,74142.7,22.663,35.647,58.31,-12.983999999999998,-0.22267192591322238,74152.15,93577.77,-6.345e-05,0.012,0.0,False,2026-03-18.csv
2026-03-18 10:03:00,2026-03-18,74142.7,74142.7,74113.7,74123.6,8.108,15.453,23.561,-7.344999999999999,-0.31174398370188017,74125.63,93578.33,-6.319e-05,0.0,0.0,False,2026-03-18.csv
2026-03-18 10:04:00,2026-03-18,74123.6,74139.9,74123.6,74125.9,15.109,10.789,25.898,4.32,0.16680824774113834,74134.37,93579.31,-6.321e-05,0.0,0.0,False,2026-03-18.csv
2026-03-18 10:05:00,2026-03-18,74125.8,74125.8,74086.0,74087.0,9.537,36.979,46.516,-27.442,-0.5899475449307765,74102.37,93580.99,-6.321e-05,0.0,0.0,False,2026-03-18.csv
2026-03-18 10:06:00,2026-03-18,74087.1,74087.2,74061.9,74067.7,16.845,37.602,54.447,-20.756999999999998,-0.3812331257920546,74073.64,93569.84,-6.328e-05,0.0,0.0,False,2026-03-18.csv
2026-03-18 10:07:00,2026-03-18,74067.6,74069.6,74051.9,74054.1,22.797,53.872,76.669,-31.075,-0.405313751320612,74059.04,93571.42,-6.357e-05,0.0,0.0,False,2026-03-18.csv
2026-03-18 10:08:00,2026-03-18,74054.2,74079.0,74054.1,74063.5,34.523,20.644,55.167,13.879000000000005,0.2515815614407165,74066.9,93591.62,-6.357e-05,0.0,0.0,False,2026-03-18.csv
2026-03-18 10:09:00,2026-03-18,74063.4,74085.9,74063.4,74085.8,11.136,5.269,16.405,5.866999999999999,0.3576348674184699,74078.56,93594.77,-6.385e-05,0.0,0.0,False,2026-03-18.csv
2026-03-18 10:10:00,2026-03-18,74085.8,74106.9,74085.8,74103.9,21.845,7.372,29.217,14.472999999999999,0.49536228907827634,74101.82,93588.88,-6.351e-05,0.0,0.0,False,2026-03-18.csv
2026-03-18 10:11:00,2026-03-18,74103.9,74164.6,74103.9,74164.5,36.074,4.818,40.892,31.256,0.7643548860412794,74139.87,93588.73,-6.289e-05,0.0,0.0,False,2026-03-18.csv
2026-03-18 10:12:00,2026-03-18,74164.6,74200.0,74164.6,74189.2,51.072,31.411,82.483,19.661,0.23836426900088503,74188.9,93607.45,-6.289e-05,0.0,0.0,False,2026-03-18.csv
2026-03-18 10:13:00,2026-03-18,74189.2,74220.0,74189.2,74220.0,26.403,75.295,101.698,-48.892,-0.4807567503785719,74206.95,93631.53,-6.236e-05,0.0,0.0,False,2026-03-18.csv
2026-03-18 10:14:00,2026-03-18,74219.9,74220.0,74196.6,74202.8,26.046,20.72,46.766,5.3260000000000005,0.11388615660950265,74202.08,93631.73,-6.204e-05,0.0,0.0,False,2026-03-18.csv
2026-03-18 10:15:00,2026-03-18,74202.9,74218.5,74202.8,74205.0,17.119,9.693,26.812,7.426,0.27696553781888705,74209.86,93633.82,-6.204e-05,0.0,0.0,False,2026-03-18.csv
2026-03-18 10:16:00,2026-03-18,74204.9,74205.0,74185.3,74196.7,7.569,11.318,18.887,-3.7489999999999997,-0.1984963202202573,74193.3,93636.51,-6.214e-05,0.0,0.0,False,2026-03-18.csv
2026-03-18 10:17:00,2026-03-18,74196.6,74198.9,74176.0,74176.1,6.773,25.156,31.929,-18.383,-0.575746186852078,74193.47,93641.14,-6.245e-05,0.05,0.0,False,2026-03-18.csv
2026-03-18 10:18:00,2026-03-18,74176.1,74185.5,74176.0,74185.4,6.297,9.48,15.777,-3.1830000000000007,-0.20174938201178938,74182.9,93640.3,-6.277e-05,0.0,0.0,False,2026-03-18.csv
2026-03-18 10:19:00,2026-03-18,74185.5,74185.5,74161.2,74185.4,18.475,13.368,31.843,5.107000000000001,0.1603806174041391,74169.91,93648.07,-6.277e-05,0.0,0.002,False,2026-03-18.csv
2026-03-18 10:20:00,2026-03-18,74185.5,74198.3,74168.1,74168.1,9.465,10.591,20.056,-1.1259999999999994,-0.05614280015955322,74191.51,93648.57,-6.326e-05,0.0,0.0,False,2026-03-18.csv
2026-03-18 10:21:00,2026-03-18,74168.0,74171.5,74152.9,74163.3,5.37,18.028,23.398,-12.657999999999998,-0.5409864090947943,74162.68,93653.65,-6.344e-05,0.0,0.0,False,2026-03-18.csv
2026-03-18 10:22:00,2026-03-18,74163.3,74164.5,74156.2,74162.7,4.107,7.142,11.249,-3.035,-0.26980176015645835,74161.68,93653.65,-6.344e-05,0.0,0.0,False,2026-03-18.csv
2026-03-18 10:23:00,2026-03-18,74162.8,74162.8,74135.0,74135.6,2.098,17.161,19.259,-15.063000000000002,-0.7821278363362585,74147.77,93651.95,-6.385e-05,0.0,0.0,False,2026-03-18.csv
2026-03-18 10:24:00,2026-03-18,74135.6,74148.5,74132.6,74132.7,3.681,7.727,11.408,-4.046,-0.35466339410939696,74142.46,93652.24,-6.431e-05,0.0,0.0,False,2026-03-18.csv
2026-03-18 10:25:00,2026-03-18,74132.6,74148.5,74128.1,74129.5,12.203,22.477,34.68,-10.274000000000001,-0.29625144175317186,74137.01,93655.22,-6.48e-05,0.0,0.0,False,2026-03-18.csv
2026-03-18 10:26:00,2026-03-18,74129.6,74162.7,74129.5,74162.7,21.494,8.381,29.875,13.113,0.438928870292887,74147.6,93666.06,-6.48e-05,0.004,0.0,False,2026-03-18.csv
2026-03-18 10:27:00,2026-03-18,74162.7,74162.8,74152.3,74152.3,3.303,14.558,17.861,-11.254999999999999,-0.6301438889199932,74156.84,93665.8,-6.518e-05,0.0,0.0,False,2026-03-18.csv
2026-03-18 10:28:00,2026-03-18,74152.4,74152.4,74128.0,74134.1,6.202,8.352,14.554,-2.1500000000000004,-0.1477257111447025,74133.65,93671.01,-6.534e-05,0.006,0.0,False,2026-03-18.csv
2026-03-18 10:29:00,2026-03-18,74134.1,74170.4,74134.1,74153.5,45.108,17.511,62.619,27.596999999999998,0.44071288267139364,74153.28,93671.6,-6.534e-05,0.0,0.0,False,2026-03-18.csv
2026-03-18 10:30:00,2026-03-18,74153.5,74153.5,74135.0,74135.1,4.051,10.846,14.897,-6.795,-0.4561321071356649,74139.98,93653.18,-6.581e-05,0.0,0.0,False,2026-03-18.csv
2026-03-18 10:31:00,2026-03-18,74135.0,74152.6,74127.1,74152.5,20.494,5.637,26.131,14.857,0.5685584172056178,74137.01,93654.11,-6.615e-05,0.0,0.0,False,2026-03-18.csv
2026-03-18 10:32:00,2026-03-18,74152.6,74166.7,74118.6,74118.6,7.187,32.966,40.153,-25.779,-0.6420192762682738,74138.88,93653.07,-6.642e-05,0.0,0.0,False,2026-03-18.csv
2026-03-18 10:33:00,2026-03-18,74118.6,74118.7,74069.6,74090.4,26.08,34.875,60.955,-8.795000000000002,-0.14428676892789766,74093.24,93642.04,-6.642e-05,0.0,0.0,False,2026-03-18.csv
2026-03-18 10:34:00,2026-03-18,74090.4,74107.6,74090.3,74090.3,10.487,18.765,29.252,-8.278,-0.2829891973198414,74097.99,93623.8,-6.686e-05,0.0,0.0,False,2026-03-18.csv
2026-03-18 10:35:00,2026-03-18,74090.4,74090.4,74036.0,74051.7,15.163,65.782,80.945,-50.619,-0.6253505466674903,74057.28,93627.09,-6.699e-05,0.0,0.007,False,2026-03-18.csv
2026-03-18 10:36:00,2026-03-18,74051.7,74054.4,73938.4,73968.3,41.859,191.716,233.575,-149.857,-0.6415797923579151,73990.06,93621.67,-6.699e-05,0.0,0.267,False,2026-03-18.csv
2026-03-18 10:37:00,2026-03-18,73968.2,73997.6,73940.2,73989.9,53.17,43.166,96.336,10.004000000000005,0.10384487626640099,73964.76,93568.52,-6.744e-05,0.0,0.019,False,2026-03-18.csv
2026-03-18 10:38:00,2026-03-18,73989.8,74000.0,73966.5,73966.5,37.21,31.254,68.464,5.9559999999999995,0.08699462491236269,73991.3,93563.02,-6.865e-05,0.0,0.0,False,2026-03-18.csv
2026-03-18 10:39:00,2026-03-18,73966.3,73966.4,73939.9,73941.6,15.129,33.69,48.819,-18.561,-0.3802003318380139,73953.75,93547.49,-6.908e-05,0.0,0.003,False,2026-03-18.csv
2026-03-18 10:40:00,2026-03-18,73941.7,73947.9,73941.6,73947.8,29.162,30.12,59.282,-0.958000000000002,-0.016160048581356938,73944.75,93554.92,-6.908e-05,0.0,0.001,False,2026-03-18.csv
2026-03-18 10:41:00,2026-03-18,73947.8,73966.3,73925.0,73949.4,25.0,30.254,55.254,-5.254000000000001,-0.09508813841531838,73945.23,93557.69,-6.985e-05,0.0,0.002,False,2026-03-18.csv
2026-03-18 10:42:00,2026-03-18,73949.4,73990.0,73949.3,73955.0,91.268,53.969,145.237,37.299,0.25681472352086593,73970.63,93567.37,-7.047e-05,0.0,0.0,False,2026-03-18.csv
2026-03-18 10:43:00,2026-03-18,73955.1,73955.1,73866.1,73889.7,36.975,204.583,241.558,-167.608,-0.6938623436193379,73907.9,93617.63,-7.047e-05,0.0,0.002,False,2026-03-18.csv
2026-03-18 10:44:00,2026-03-18,73889.7,73893.7,73842.1,73843.3,35.267,75.731,110.998,-40.46399999999999,-0.36454710895691805,73870.56,93542.85,-7.088e-05,0.0,0.142,False,2026-03-18.csv
2026-03-18 10:45:00,2026-03-18,73843.2,73843.3,73820.0,73837.6,58.499,64.144,122.643,-5.645000000000003,-0.04602790212242038,73835.06,93553.78,-7.145e-05,0.0,0.0,False,2026-03-18.csv
2026-03-18 10:46:00,2026-03-18,73837.6,73837.7,73761.5,73786.7,200.638,241.303,441.941,-40.66499999999999,-0.09201454492794285,73807.71,93556.78,-7.19e-05,0.0,0.738,False,2026-03-18.csv
2026-03-18 10:47:00,2026-03-18,73786.8,73843.7,73786.7,73835.9,149.665,41.97,191.635,107.695,0.5619798053591463,73832.74,93592.73,-7.19e-05,0.0,0.0,False,2026-03-18.csv
2026-03-18 10:48:00,2026-03-18,73835.9,73871.2,73793.3,73826.9,72.777,136.167,208.944,-63.39,-0.30338272455777626,73838.67,93549.16,-7.218e-05,0.0,0.0,False,2026-03-18.csv
2026-03-18 10:49:00,2026-03-18,73826.8,73849.1,73826.8,73849.0,86.336,47.001,133.337,39.335,0.2950043873793471,73836.96,93586.3,-7.223e-05,0.0,0.0,False,2026-03-18.csv
2026-03-18 10:50:00,2026-03-18,73849.1,73896.9,73849.0,73895.0,81.536,35.678,117.214,45.858000000000004,0.3912331291483953,73880.35,93568.64,-7.223e-05,0.011,0.0,False,2026-03-18.csv
2026-03-18 10:51:00,2026-03-18,73894.9,73907.0,73877.3,73892.4,49.911,43.037,92.948,6.874000000000002,0.07395532986185828,73890.21,93565.11,-7.222e-05,0.0,0.0,False,2026-03-18.csv
2026-03-18 10:52:00,2026-03-18,73892.5,73892.5,73880.7,73883.9,16.677,16.104,32.781,0.5730000000000004,0.017479637594948305,73884.81,93579.01,-7.187e-05,0.0,0.0,False,2026-03-18.csv
2026-03-18 10:53:00,2026-03-18,73883.9,73884.0,73870.2,73873.5,26.803,30.608,57.411,-3.8049999999999997,-0.06627649753531553,73876.85,93573.01,-7.208e-05,0.0,0.0,False,2026-03-18.csv
2026-03-18 10:54:00,2026-03-18,73873.4,73878.5,73850.0,73868.2,21.938,26.768,48.706,-4.830000000000002,-0.099166427134234,73862.78,93578.01,-7.208e-05,0.0,0.0,False,2026-03-18.csv
2026-03-18 10:55:00,2026-03-18,73868.3,73868.7,73840.9,73866.7,13.952,31.544,45.496,-17.592,-0.38667135572358,73859.46,93583.57,-7.252e-05,0.0,0.0,False,2026-03-18.csv
2026-03-18 10:56:00,2026-03-18,73866.7,73866.9,73850.0,73850.0,11.02,27.065,38.085,-16.045,-0.4212944728895891,73856.57,93577.51,-7.289e-05,0.0,0.0,False,2026-03-18.csv
2026-03-18 10:57:00,2026-03-18,73850.0,73867.4,73841.2,73867.3,20.472,13.156,33.628,7.316000000000001,0.2175567979065065,73859.49,93572.5,-7.289e-05,0.0,0.0,False,2026-03-18.csv
2026-03-18 10:58:00,2026-03-18,73867.3,73877.0,73850.8,73850.8,23.827,21.949,45.776,1.8780000000000001,0.04102586508213911,73863.71,93572.0,-7.333e-05,0.0,0.0,False,2026-03-18.csv
2026-03-18 10:59:00,2026-03-18,73850.9,73896.2,73850.0,73892.2,49.818,31.837,81.655,17.980999999999998,0.22020696834241624,73881.92,93578.01,-7.364e-05,0.0,0.0,False,2026-03-18.csv
2026-03-18 11:00:00,2026-03-18,73892.2,73897.6,73888.0,73894.9,21.764,17.155,38.919,4.608999999999998,0.11842544772476164,73893.19,93585.28,-7.405e-05,0.0,0.0,False,2026-03-18.csv
2026-03-18 11:01:00,2026-03-18,73895.0,73895.0,73872.9,73875.9,27.278,47.597,74.875,-20.319000000000003,-0.2713722871452421,73884.38,93597.75,-7.405e-05,0.0,0.0,False,2026-03-18.csv
2026-03-18 11:02:00,2026-03-18,73875.9,73897.1,73864.3,73889.1,25.315,19.355,44.67,5.960000000000001,0.1334228788896351,73881.91,93602.31,-7.437e-05,0.0,0.0,False,2026-03-18.csv
2026-03-18 11:03:00,2026-03-18,73889.2,73900.0,73818.1,73818.1,43.127,141.096,184.223,-97.969,-0.5317957041194639,73869.16,93594.58,-7.481e-05,0.05,0.0,False,2026-03-18.csv
2026-03-18 11:04:00,2026-03-18,73818.1,73853.6,73750.0,73827.1,63.57,72.047,135.617,-8.476999999999997,-0.06250691285015889,73793.17,93652.01,-7.481e-05,0.0,0.012,False,2026-03-18.csv
2026-03-18 11:05:00,2026-03-18,73827.0,73827.1,73761.0,73790.1,45.265,55.021,100.286,-9.756,-0.09728177412599964,73787.01,93653.39,-7.515e-05,0.07,0.005,False,2026-03-18.csv
2026-03-18 11:06:00,2026-03-18,73790.0,73790.1,73761.0,73778.5,36.604,47.884,84.488,-11.280000000000001,-0.13351008427232272,73773.56,93640.17,-7.576e-05,0.1,0.0,False,2026-03-18.csv
2026-03-18 11:07:00,2026-03-18,73778.5,73778.6,73680.5,73715.1,65.642,182.789,248.431,-117.14699999999999,-0.47154743168123137,73718.72,93634.28,-7.657e-05,0.0,0.206,False,2026-03-18.csv
2026-03-18 11:08:00,2026-03-18,73715.1,73770.4,73682.0,73770.4,66.735,77.358,144.093,-10.623000000000005,-0.07372322042014536,73720.49,93614.77,-7.657e-05,0.0,0.337,False,2026-03-18.csv
2026-03-18 11:09:00,2026-03-18,73770.4,73833.7,73770.4,73821.6,141.815,53.393,195.208,88.422,0.4529629933199459,73803.95,93622.68,-7.727e-05,0.0,0.0,False,2026-03-18.csv
2026-03-18 11:10:00,2026-03-18,73821.6,73887.7,73821.5,73887.7,90.113,21.489,111.602,68.624,0.6148993745631798,73856.34,93583.42,-7.754e-05,0.0,0.0,False,2026-03-18.csv
2026-03-18 11:11:00,2026-03-18,73887.9,74034.8,73887.8,73924.9,153.55,95.814,249.364,57.73600000000002,0.23153302000288742,73979.49,93550.26,-7.754e-05,0.048,0.0,False,2026-03-18.csv
2026-03-18 11:12:00,2026-03-18,73924.9,73944.3,73900.0,73930.0,60.316,24.75,85.066,35.566,0.41809888792231914,73925.31,93498.8,-7.726e-05,0.0,0.0,False,2026-03-18.csv
2026-03-18 11:13:00,2026-03-18,73930.0,73930.1,73909.4,73917.7,14.016,26.244,40.26,-12.228,-0.30372578241430703,73916.54,93492.57,-7.587e-05,0.0,0.0,False,2026-03-18.csv
2026-03-18 11:14:00,2026-03-18,73917.6,73934.0,73896.7,73911.1,16.83,42.862,59.692,-26.032000000000004,-0.43610534074917917,73909.54,93487.24,-7.521e-05,0.0,0.0,False,2026-03-18.csv
2026-03-18 11:15:00,2026-03-18,73911.1,73911.1,73881.7,73910.2,23.028,29.467,52.495,-6.439,-0.12265930088579866,73895.53,93478.72,-7.521e-05,0.0,0.0,False,2026-03-18.csv
2026-03-18 11:16:00,2026-03-18,73910.2,73944.0,73901.9,73932.9,43.219,27.524,70.743,15.695,0.22185940658439707,73927.09,93483.18,-7.541e-05,0.0,0.0,False,2026-03-18.csv
2026-03-18 11:17:00,2026-03-18,73932.9,73957.5,73932.9,73945.8,23.001,19.568,42.569,3.433,0.08064554018182245,73948.58,93482.84,-7.593e-05,0.0,0.0,False,2026-03-18.csv
2026-03-18 11:18:00,2026-03-18,73946.0,73972.6,73936.9,73948.7,15.745,11.92,27.665,3.8249999999999993,0.13826134104464122,73952.02,93483.08,-7.593e-05,0.0,0.0,False,2026-03-18.csv
2026-03-18 11:19:00,2026-03-18,73948.7,73954.2,73920.3,73925.8,22.712,15.702,38.414,7.01,0.18248555214244805,73937.02,93483.59,-7.617e-05,0.0,0.0,False,2026-03-18.csv
2026-03-18 11:20:00,2026-03-18,73925.7,73944.0,73914.2,73940.8,21.087,8.866,29.953,12.221,0.4080058758721998,73923.79,93486.25,-7.665e-05,0.0,0.0,False,2026-03-18.csv
2026-03-18 11:21:00,2026-03-18,73940.8,73940.8,73924.1,73930.8,9.063,9.473,18.536,-0.41000000000000014,-0.022119119551143727,73931.13,93495.5,-7.694e-05,0.0,0.0,False,2026-03-18.csv
2026-03-18 11:22:00,2026-03-18,73930.9,73953.5,73927.5,73950.0,18.033,4.439,22.472,13.594000000000001,0.6049305802776789,73937.38,93494.28,-7.694e-05,0.0,0.0,False,2026-03-18.csv
2026-03-18 11:23:00,2026-03-18,73950.0,73950.0,73934.4,73939.7,6.931,4.856,11.787,2.075,0.176041401544074,73938.63,93497.59,-7.708e-05,0.0,0.0,False,2026-03-18.csv
2026-03-18 11:24:00,2026-03-18,73939.8,73939.8,73906.2,73917.1,19.849,18.137,37.986,1.7119999999999997,0.045069236034328435,73916.48,93500.49,-7.712e-05,0.0,0.0,False,2026-03-18.csv
2026-03-18 11:25:00,2026-03-18,73917.2,73918.0,73868.4,73877.2,14.811,28.343,43.154,-13.532,-0.3135746396626037,73890.89,93494.6,-7.783e-05,0.0,0.0,False,2026-03-18.csv
2026-03-18 11:26:00,2026-03-18,73877.2,73881.6,73792.1,73814.7,23.248,45.73,68.978,-22.481999999999996,-0.3259300066687929,73821.67,93498.87,-7.783e-05,0.0,0.0,False,2026-03-18.csv
2026-03-18 11:27:00,2026-03-18,73814.6,73826.8,73716.3,73716.3,36.588,74.419,111.007,-37.830999999999996,-0.34079832803336724,73782.72,93495.03,-7.838e-05,0.026,0.138,False,2026-03-18.csv
2026-03-18 11:28:00,2026-03-18,73716.2,73747.3,73688.8,73731.1,122.528,89.857,212.385,32.67100000000001,0.15382913105916146,73713.81,93505.86,-7.946e-05,0.0,0.015,False,2026-03-18.csv
2026-03-18 11:29:00,2026-03-18,73731.0,73771.8,73695.0,73735.2,64.021,123.733,187.754,-59.712,-0.318033171064265,73742.96,93492.72,-7.946e-05,0.0,0.2,False,2026-03-18.csv
2026-03-18 11:30:00,2026-03-18,73735.3,73735.3,73499.3,73555.8,597.774,917.803,1515.577,-320.029,-0.2111598420931434,73562.24,93504.27,-8.018e-05,0.0,0.878,False,2026-03-18.csv
2026-03-18 11:31:00,2026-03-18,73555.9,73560.5,73143.4,73160.9,980.341,1667.85,2648.191,-687.5089999999999,-0.259614582180817,73325.67,93870.99,-8.083e-05,0.0,0.495,False,2026-03-18.csv
2026-03-18 11:32:00,2026-03-18,73161.0,73273.5,73005.0,73064.6,967.047,1134.443,2101.49,-167.39599999999996,-0.07965586322085758,73125.43,93324.83,-8.221e-05,0.288,3.21,False,2026-03-18.csv
2026-03-18 11:33:00,2026-03-18,73064.5,73208.6,73052.5,73198.2,674.444,348.324,1022.768,326.11999999999995,0.31886019116749836,73144.55,93180.77,-8.221e-05,0.0,0.0,False,2026-03-18.csv
2026-03-18 11:34:00,2026-03-18,73198.3,73239.0,73150.0,73230.9,292.071,250.534,542.605,41.537000000000035,0.07655108227900596,73201.34,93116.69,-8.324e-05,0.0,0.0,False,2026-03-18.csv
2026-03-18 11:35:00,2026-03-18,73231.2,73248.5,73112.0,73153.2,177.66,201.709,379.369,-24.049000000000007,-0.0633921063660974,73197.05,93083.2,-8.298e-05,0.002,0.0,False,2026-03-18.csv
2026-03-18 11:36:00,2026-03-18,73153.3,73163.8,73050.1,73068.0,237.966,251.773,489.739,-13.806999999999988,-0.028192567877992132,73112.51,93029.87,-8.298e-05,0.06,1.225,False,2026-03-18.csv
2026-03-18 11:37:00,2026-03-18,73068.3,73099.0,72916.1,73002.0,410.514,624.201,1034.715,-213.687,-0.2065177367680956,73017.39,93063.85,-8.354e-05,0.0,0.553,False,2026-03-18.csv
2026-03-18 11:38:00,2026-03-18,73002.1,73012.8,72732.9,72809.9,616.472,1730.447,2346.919,-1113.975,-0.47465421686900994,72863.34,92874.45,-8.483e-05,0.0,6.725,False,2026-03-18.csv
2026-03-18 11:39:00,2026-03-18,72810.0,72910.5,72809.9,72863.2,575.936,460.149,1036.085,115.78700000000003,0.11175434447945876,72868.68,93272.63,-8.536e-05,0.003,0.268,False,2026-03-18.csv
2026-03-18 11:40:00,2026-03-18,72863.3,72925.9,72750.0,72808.1,354.697,421.882,776.579,-67.185,-0.08651405716610931,72849.34,93255.05,-8.536e-05,0.0,0.791,False,2026-03-18.csv
2026-03-18 11:41:00,2026-03-18,72808.2,72981.8,72731.6,72953.6,562.784,443.604,1006.388,119.18,0.11842351061419651,72834.68,93292.91,-8.548e-05,0.913,0.289,False,2026-03-18.csv
2026-03-18 11:42:00,2026-03-18,72953.5,73044.0,72949.6,73028.8,286.579,242.686,529.265,43.893,0.08293199059072488,73007.47,93264.36,-8.591e-05,0.02,0.0,False,2026-03-18.csv
2026-03-18 11:43:00,2026-03-18,73028.7,73028.8,72955.8,72977.0,129.025,172.203,301.228,-43.178,-0.14333992855909808,72986.66,93245.3,-8.591e-05,0.0,0.0,False,2026-03-18.csv
2026-03-18 11:44:00,2026-03-18,72977.1,73051.3,72974.2,73048.4,237.149,153.803,390.952,83.346,0.21318729665022818,73014.09,93273.66,-8.591e-05,0.0,0.0,False,2026-03-18.csv
2026-03-18 11:45:00,2026-03-18,73049.1,73082.2,72955.0,73055.8,397.461,207.293,604.754,190.168,0.31445513382300905,73011.04,93269.11,-8.618e-05,0.0,0.0,False,2026-03-18.csv
2026-03-18 11:46:00,2026-03-18,73055.9,73110.5,73010.3,73010.3,667.228,208.865,876.093,458.36299999999994,0.5231898896578331,73078.06,92910.96,-8.71e-05,0.103,0.0,False,2026-03-18.csv
2026-03-18 11:47:00,2026-03-18,73010.4,73029.6,72974.6,72994.2,97.272,135.393,232.665,-38.120999999999995,-0.16384501321642703,73004.33,92866.09,-8.71e-05,0.0,0.0,False,2026-03-18.csv
2026-03-18 11:48:00,2026-03-18,72994.1,73001.4,72954.9,72982.8,89.598,82.393,171.991,7.204999999999998,0.041891726892686235,72986.46,92815.1,-8.753e-05,0.002,0.0,False,2026-03-18.csv
2026-03-18 11:49:00,2026-03-18,72982.7,73036.5,72950.0,73036.5,158.154,83.904,242.058,74.25,0.30674466450189625,72983.08,92814.07,-8.806e-05,0.0,0.001,False,2026-03-18.csv
2026-03-18 11:50:00,2026-03-18,73036.5,73038.9,72935.9,72971.5,69.906,86.603,156.509,-16.69699999999999,-0.10668396066679865,72985.41,92821.75,-8.806e-05,0.0,0.008,False,2026-03-18.csv
2026-03-18 11:51:00,2026-03-18,72971.4,73044.0,72971.4,73021.3,101.944,58.554,160.498,43.39,0.2703460479258309,73018.98,92825.34,-8.816e-05,0.0,0.044,False,2026-03-18.csv
2026-03-18 11:52:00,2026-03-18,73021.2,73103.3,73021.2,73090.2,124.385,60.689,185.074,63.696000000000005,0.3441650366880275,73084.35,92837.07,-8.822e-05,0.0,0.0,False,2026-03-18.csv
2026-03-18 11:53:00,2026-03-18,73090.3,73093.5,72971.4,72971.5,39.336,167.527,206.863,-128.19099999999997,-0.6196903264479389,73022.0,92823.66,-8.8e-05,0.008,0.0,False,2026-03-18.csv
2026-03-18 11:54:00,2026-03-18,72971.4,73002.1,72940.0,72997.2,76.417,62.894,139.311,13.523000000000003,0.09707058308389145,72962.81,92834.0,-8.8e-05,0.004,0.014,False,2026-03-18.csv
2026-03-18 11:55:00,2026-03-18,72997.1,73003.8,72940.0,72969.0,61.175,64.36,125.535,-3.1850000000000023,-0.025371410363643623,72973.36,92854.75,-8.858e-05,0.0,0.0,False,2026-03-18.csv
2026-03-18 11:56:00,2026-03-18,72968.9,73030.9,72930.0,72930.0,59.101,63.513,122.614,-4.411999999999999,-0.03598284045867518,72986.91,92855.72,-8.899e-05,0.0,0.0,False,2026-03-18.csv
2026-03-18 11:57:00,2026-03-18,72930.1,72942.6,72881.6,72926.7,85.726,153.028,238.754,-67.30199999999999,-0.2818884709784967,72906.28,92821.86,-8.899e-05,0.0,0.024,False,2026-03-18.csv
2026-03-18 11:58:00,2026-03-18,72926.7,72970.6,72914.0,72927.0,68.059,167.425,235.484,-99.36600000000001,-0.42196497426576757,72934.09,92842.7,-8.924e-05,0.0,0.0,False,2026-03-18.csv
2026-03-18 11:59:00,2026-03-18,72927.0,72927.1,72842.2,72892.9,125.084,218.076,343.16,-92.99199999999999,-0.2709872945564751,72869.53,92870.85,-8.938e-05,0.0,0.002,False,2026-03-18.csv
2026-03-18 12:00:00,2026-03-18,72892.8,72920.0,72886.8,72906.4,91.919,99.595,191.514,-7.676000000000002,-0.04008062073790951,72901.49,92862.39,-8.978e-05,0.0,0.0,False,2026-03-18.csv
2026-03-18 12:01:00,2026-03-18,72906.4,72929.4,72823.8,72917.7,316.025,288.741,604.766,27.283999999999992,0.04511497008760412,72860.77,92775.18,-8.978e-05,0.0,0.327,False,2026-03-18.csv
2026-03-18 12:02:00,2026-03-18,72917.7,72947.4,72831.0,72876.6,162.498,153.808,316.306,8.689999999999998,0.027473396015251048,72890.86,92728.95,-8.971e-05,0.0,0.0,False,2026-03-18.csv
2026-03-18 12:03:00,2026-03-18,72876.6,72900.0,72806.0,72825.6,148.027,117.077,265.104,30.94999999999999,0.11674663528275692,72848.26,92763.0,-9.007e-05,0.0,0.034,False,2026-03-18.csv
2026-03-18 12:04:00,2026-03-18,72825.7,72870.0,72788.8,72849.9,123.488,130.922,254.41,-7.4339999999999975,-0.029220549506701773,72830.56,92746.49,-9.007e-05,0.0,0.064,False,2026-03-18.csv
2026-03-18 12:05:00,2026-03-18,72849.9,72894.6,72820.0,72893.7,105.303,74.376,179.679,30.926999999999992,0.1721236204564807,72848.94,92771.02,-9.076e-05,0.0,0.0,False,2026-03-18.csv
2026-03-18 12:06:00,2026-03-18,72893.8,72905.8,72806.7,72853.3,81.655,70.227,151.882,11.427999999999997,0.07524262256225225,72862.19,92781.64,-9.117e-05,0.0,0.0,False,2026-03-18.csv
2026-03-18 12:07:00,2026-03-18,72853.3,72904.0,72805.9,72822.5,113.97,63.551,177.521,50.419,0.284017102201993,72858.99,92800.36,-9.124e-05,0.0,0.011,False,2026-03-18.csv
2026-03-18 12:08:00,2026-03-18,72822.6,72850.0,72788.4,72812.8,68.109,102.221,170.33,-34.11200000000001,-0.20027006399342456,72815.77,92792.6,-9.124e-05,0.0,0.566,False,2026-03-18.csv
2026-03-18 12:09:00,2026-03-18,72812.7,72825.9,72660.1,72706.8,300.529,588.837,889.366,-288.308,-0.3241725004104047,72715.31,92798.85,-9.135e-05,0.0,0.152,False,2026-03-18.csv
2026-03-18 12:10:00,2026-03-18,72706.9,72741.0,72660.1,72734.9,162.398,182.172,344.57,-19.774,-0.05738746843892388,72702.85,92726.2,-9.159e-05,0.0,1.276,False,2026-03-18.csv
2026-03-18 12:11:00,2026-03-18,72735.0,72742.4,72613.5,72694.6,197.563,366.375,563.938,-168.812,-0.2993449634534293,72673.25,92763.05,-9.159e-05,0.0,0.101,False,2026-03-18.csv
2026-03-18 12:12:00,2026-03-18,72694.5,72768.9,72677.3,72698.1,188.084,114.832,302.916,73.25200000000001,0.24182281556603155,72713.92,92792.09,-9.124e-05,0.0,0.0,False,2026-03-18.csv
2026-03-18 12:13:00,2026-03-18,72698.1,72728.5,72642.4,72675.5,113.204,111.464,224.668,1.7399999999999949,0.007744761158687463,72672.86,92818.66,-9.075e-05,0.0,0.326,False,2026-03-18.csv
2026-03-18 12:14:00,2026-03-18,72675.4,72706.0,72665.3,72680.8,80.145,81.69,161.835,-1.5450000000000017,-0.009546760589489304,72693.39,92832.36,-9.073e-05,0.0,0.0,False,2026-03-18.csv
2026-03-18 12:15:00,2026-03-18,72680.7,72728.3,72673.5,72718.2,121.251,111.938,233.189,9.313000000000002,0.03993756137725194,72693.41,92809.65,-9.073e-05,0.002,0.0,False,2026-03-18.csv
2026-03-18 12:16:00,2026-03-18,72718.1,72820.0,72714.9,72715.0,242.867,158.267,401.134,84.6,0.21090209256757092,72774.12,92802.76,-8.986e-05,0.004,0.0,False,2026-03-18.csv
2026-03-18 12:17:00,2026-03-18,72714.9,72772.0,72680.0,72697.4,119.05,142.265,261.315,-23.21499999999999,-0.08883914050092796,72720.34,92833.52,-8.896e-05,0.0,0.0,False,2026-03-18.csv
2026-03-18 12:18:00,2026-03-18,72697.4,72774.8,72655.0,72774.8,179.306,111.83,291.136,67.47600000000001,0.23176797098263358,72701.78,92761.58,-8.896e-05,0.0,0.0,False,2026-03-18.csv
2026-03-18 12:19:00,2026-03-18,72774.8,72799.4,72732.9,72743.0,103.556,75.93,179.486,27.62599999999999,0.15391729717080993,72769.37,92764.34,-8.896e-05,0.001,0.0,False,2026-03-18.csv
2026-03-18 12:20:00,2026-03-18,72743.0,72743.0,72681.4,72714.4,117.346,130.769,248.115,-13.423000000000002,-0.054099913346633624,72710.19,92745.03,-8.809e-05,0.0,0.0,False,2026-03-18.csv
2026-03-18 12:21:00,2026-03-18,72714.5,72750.0,72711.2,72736.6,69.175,20.865,90.04,48.31,0.5365393158596179,72729.86,92746.83,-8.832e-05,0.0,0.0,False,2026-03-18.csv
2026-03-18 12:22:00,2026-03-18,72736.7,72743.6,72700.0,72715.4,34.537,45.092,79.629,-10.555,-0.13255221087794647,72715.28,92714.48,-8.832e-05,0.0,0.0,False,2026-03-18.csv
2026-03-18 12:23:00,2026-03-18,72715.5,72791.1,72715.3,72717.5,110.879,48.179,159.058,62.7,0.394195827936979,72747.96,92699.49,-8.784e-05,0.0,0.0,False,2026-03-18.csv
2026-03-18 12:24:00,2026-03-18,72717.5,72800.0,72658.8,72779.2,86.724,64.237,150.961,22.48700000000001,0.14895900265631526,72733.2,92684.41,-8.772e-05,0.0,0.0,False,2026-03-18.csv
2026-03-18 12:25:00,2026-03-18,72779.1,72793.9,72728.0,72777.6,242.929,131.334,374.263,111.595,0.29817267536465003,72764.92,92779.87,-8.772e-05,0.0,0.0,False,2026-03-18.csv
2026-03-18 12:26:00,2026-03-18,72777.7,72832.8,72777.7,72799.9,141.062,131.472,272.534,9.590000000000003,0.035188270087401954,72808.9,92766.0,-8.772e-05,0.0,0.0,False,2026-03-18.csv
2026-03-18 12:27:00,2026-03-18,72799.9,72851.3,72747.3,72834.6,192.696,150.748,343.444,41.94800000000001,0.12213927161342171,72796.47,92773.79,-8.718e-05,0.836,0.0,False,2026-03-18.csv
2026-03-18 12:28:00,2026-03-18,72834.7,72834.7,72770.0,72778.9,73.935,107.633,181.568,-33.69799999999999,-0.18559437786394073,72798.6,92778.76,-8.689e-05,0.0,0.0,False,2026-03-18.csv
2026-03-18 12:29:00,2026-03-18,72778.9,72823.0,72768.6,72823.0,43.881,32.181,76.062,11.700000000000003,0.1538218821487734,72788.77,92786.8,-8.689e-05,0.005,0.0,False,2026-03-18.csv
2026-03-18 12:30:00,2026-03-18,72823.0,72839.8,72770.5,72781.3,76.263,91.856,168.119,-15.59299999999999,-0.09274977843075434,72810.48,92786.88,-8.674e-05,0.0,0.0,False,2026-03-18.csv
2026-03-18 12:31:00,2026-03-18,72782.2,72782.2,72475.0,72501.1,385.945,1244.645,1630.59,-858.7,-0.5266191991855709,72576.27,92813.23,-8.611e-05,0.0,0.858,False,2026-03-18.csv
2026-03-18 12:32:00,2026-03-18,72501.2,72540.2,72431.6,72464.0,402.271,633.507,1035.778,-231.23599999999993,-0.22324861118888403,72463.59,92459.93,-8.611e-05,0.004,2.627,False,2026-03-18.csv
2026-03-18 12:33:00,2026-03-18,72463.9,72465.5,72333.0,72375.0,309.938,660.366,970.304,-350.428,-0.3611527933513621,72396.05,92488.24,-8.638e-05,0.02,3.877,False,2026-03-18.csv
2026-03-18 12:34:00,2026-03-18,72375.0,72421.9,72250.0,72307.5,402.678,728.985,1131.663,-326.307,-0.2883429077384345,72320.05,92367.93,-8.595e-05,0.0,14.46,False,2026-03-18.csv
2026-03-18 12:35:00,2026-03-18,72307.4,72444.4,72301.5,72351.2,268.01,139.038,407.048,128.97199999999998,0.31684715316129786,72377.01,92394.61,-8.554e-05,0.0,0.0,False,2026-03-18.csv
2026-03-18 12:36:00,2026-03-18,72351.3,72476.7,72347.0,72448.6,223.168,107.276,330.444,115.89200000000001,0.35071600634298095,72414.63,92418.04,-8.554e-05,0.0,0.0,False,2026-03-18.csv
2026-03-18 12:37:00,2026-03-18,72448.7,72479.1,72369.5,72402.4,278.745,199.675,478.42,79.07,0.16527319092011203,72430.21,92324.89,-8.515e-05,0.0,0.0,False,2026-03-18.csv
2026-03-18 12:38:00,2026-03-18,72402.5,72461.0,72355.8,72432.1,293.372,95.696,389.068,197.67600000000002,0.5080757091305377,72410.1,92266.29,-8.429e-05,0.0,0.0,False,2026-03-18.csv
2026-03-18 12:39:00,2026-03-18,72432.2,72503.7,72380.2,72380.2,298.299,213.001,511.3,85.29799999999997,0.16682573831410125,72457.99,92277.43,-8.429e-05,3.516,0.0,False,2026-03-18.csv
2026-03-18 12:40:00,2026-03-18,72380.1,72493.4,72380.0,72419.6,288.453,146.247,434.7,142.20599999999996,0.3271359558316079,72451.29,92280.3,-8.369e-05,0.0,0.0,False,2026-03-18.csv
2026-03-18 12:41:00,2026-03-18,72419.7,72491.8,72414.6,72459.2,227.519,105.439,332.958,122.08000000000001,0.3666528511103503,72454.5,92234.31,-8.334e-05,0.0,0.0,False,2026-03-18.csv
2026-03-18 12:42:00,2026-03-18,72459.3,72500.2,72459.2,72464.2,133.537,83.056,216.593,50.48100000000001,0.23306847405040795,72483.7,92267.43,-8.322e-05,0.0,0.0,False,2026-03-18.csv
2026-03-18 12:43:00,2026-03-18,72464.3,72502.7,72339.0,72343.0,209.799,248.838,458.637,-39.03899999999999,-0.08511960439301668,72396.53,92219.7,-8.322e-05,0.0,0.0,False,2026-03-18.csv
2026-03-18 12:44:00,2026-03-18,72342.9,72446.9,72323.0,72368.8,223.925,80.416,304.341,143.50900000000001,0.47154014740044886,72383.7,92169.4,-8.281e-05,0.0,0.001,False,2026-03-18.csv
2026-03-18 12:45:00,2026-03-18,72368.9,72408.1,72310.2,72393.2,239.149,177.082,416.231,62.06700000000001,0.14911671643870833,72357.85,92120.52,-8.258e-05,0.0,0.003,False,2026-03-18.csv
2026-03-18 12:46:00,2026-03-18,72393.1,72405.1,72309.8,72310.0,193.415,179.465,372.88,13.949999999999989,0.03741149967818062,72344.51,92032.52,-8.258e-05,0.0,0.0,False,2026-03-18.csv
2026-03-18 12:47:00,2026-03-18,72310.0,72331.3,72268.0,72313.9,163.209,303.948,467.157,-140.73899999999998,-0.30126702586068493,72296.51,91933.96,-8.203e-05,0.0,2.209,False,2026-03-18.csv
2026-03-18 12:48:00,2026-03-18,72313.9,72387.9,72288.0,72334.7,160.073,86.215,246.288,73.858,0.2998846878451244,72333.61,91959.86,-8.158e-05,0.0,0.0,False,2026-03-18.csv
2026-03-18 12:49:00,2026-03-18,72334.9,72367.3,72270.0,72271.2,107.285,209.718,317.003,-102.43299999999999,-0.32312943410630185,72299.01,91936.48,-8.065e-05,0.0,1.005,False,2026-03-18.csv
2026-03-18 12:50:00,2026-03-18,72271.3,72360.5,72266.0,72351.0,205.621,109.867,315.488,95.754,0.3035107515975251,72325.17,91957.42,-8.065e-05,0.0,0.0,False,2026-03-18.csv
2026-03-18 12:51:00,2026-03-18,72351.1,72365.9,72237.5,72312.1,144.642,206.321,350.963,-61.679,-0.17574217225177582,72305.43,91906.34,-7.985e-05,0.0,0.477,False,2026-03-18.csv
2026-03-18 12:52:00,2026-03-18,72312.1,72397.2,72307.8,72370.5,173.472,62.01,235.482,111.46200000000002,0.47333554157005636,72361.18,91881.05,-7.883e-05,0.0,0.0,False,2026-03-18.csv
2026-03-18 12:53:00,2026-03-18,72370.2,72389.2,72320.2,72354.6,108.214,63.956,172.17,44.257999999999996,0.2570598826741012,72352.79,91873.49,-7.883e-05,0.0,0.0,False,2026-03-18.csv
2026-03-18 12:54:00,2026-03-18,72354.7,72428.9,72350.0,72374.4,184.6,83.446,268.046,101.154,0.3773755250964387,72395.86,91868.09,-7.821e-05,0.0,0.0,False,2026-03-18.csv
2026-03-18 12:55:00,2026-03-18,72374.3,72428.9,72362.4,72408.8,100.421,61.44,161.861,38.98100000000001,0.2408300949580196,72403.81,91857.55,-7.73e-05,0.0,0.0,False,2026-03-18.csv
2026-03-18 12:56:00,2026-03-18,72408.8,72443.2,72391.0,72432.1,89.036,72.319,161.355,16.717,0.10360385485420347,72420.26,91821.42,-7.647e-05,0.0,0.0,False,2026-03-18.csv
2026-03-18 12:57:00,2026-03-18,72432.0,72458.5,72402.4,72418.1,88.739,97.457,186.196,-8.71799999999999,-0.04682162882124208,72439.58,91822.7,-7.647e-05,0.213,0.0,False,2026-03-18.csv
2026-03-18 12:58:00,2026-03-18,72418.2,72418.2,72304.6,72323.6,140.465,216.967,357.432,-76.50200000000001,-0.2140323194341861,72350.28,91802.19,-7.567e-05,0.0,0.0,False,2026-03-18.csv
2026-03-18 12:59:00,2026-03-18,72323.6,72360.8,72320.3,72344.0,90.079,93.095,183.174,-3.0160000000000053,-0.016465218862939092,72334.96,91829.59,-7.539e-05,0.0,0.0,False,2026-03-18.csv
2026-03-18 13:00:00,2026-03-18,72344.1,72374.3,72325.0,72325.0,75.622,77.187,152.809,-1.5649999999999977,-0.010241543364592385,72350.14,91813.08,-7.539e-05,0.0,0.0,False,2026-03-18.csv
2026-03-18 13:01:00,2026-03-18,72325.1,72356.7,72211.9,72211.9,437.131,895.896,1333.027,-458.765,-0.3441528191101905,72258.39,91763.41,-7.488e-05,0.008,0.327,False,2026-03-18.csv
2026-03-18 13:02:00,2026-03-18,72212.0,72212.1,72088.0,72136.2,563.758,1268.705,1832.463,-704.9469999999999,-0.38469917264359493,72142.4,91658.23,-7.457e-05,0.0,1.034,False,2026-03-18.csv
2026-03-18 13:03:00,2026-03-18,72136.9,72139.2,72088.0,72117.4,244.722,196.069,440.791,48.65300000000002,0.1103765730244039,72107.21,91673.92,-7.429e-05,0.0,0.247,False,2026-03-18.csv
2026-03-18 13:04:00,2026-03-18,72117.5,72321.8,72110.2,72293.6,578.792,216.504,795.296,362.288,0.455538566772623,72221.96,91667.28,-7.429e-05,0.123,0.0,False,2026-03-18.csv
2026-03-18 13:05:00,2026-03-18,72293.7,72409.4,72284.4,72315.4,339.215,241.313,580.528,97.90199999999999,0.16864302841551138,72350.51,91483.59,-7.313e-05,2.371,0.0,False,2026-03-18.csv
2026-03-18 13:06:00,2026-03-18,72315.2,72425.7,72314.9,72348.8,321.288,178.836,500.124,142.452,0.28483336132639103,72380.8,91410.13,-7.155e-05,0.0,0.0,False,2026-03-18.csv
2026-03-18 13:07:00,2026-03-18,72348.6,72356.7,72260.1,72350.0,126.812,257.446,384.258,-130.63400000000001,-0.33996429482274937,72304.42,91277.61,-7.155e-05,0.0,0.0,False,2026-03-18.csv
2026-03-18 13:08:00,2026-03-18,72349.9,72392.0,72349.9,72350.1,123.042,52.311,175.353,70.731,0.4033635010521633,72368.16,91295.45,-7.088e-05,0.0,0.0,False,2026-03-18.csv
2026-03-18 13:09:00,2026-03-18,72350.1,72350.1,72316.0,72329.9,98.459,148.716,247.175,-50.257000000000005,-0.20332557904318804,72324.17,91321.44,-6.978e-05,0.0,0.103,False,2026-03-18.csv
2026-03-18 13:10:00,2026-03-18,72330.0,72373.9,72323.7,72354.6,141.601,45.538,187.139,96.063,0.5133243204249248,72349.08,91366.21,-6.933e-05,0.0,0.0,False,2026-03-18.csv
2026-03-18 13:11:00,2026-03-18,72354.6,72359.9,72316.0,72338.6,58.4,58.207,116.607,0.19299999999999784,0.0016551321961803137,72334.8,91355.01,-6.933e-05,0.0,0.0,False,2026-03-18.csv
2026-03-18 13:12:00,2026-03-18,72338.7,72338.7,72290.3,72293.9,50.657,276.419,327.076,-225.762,-0.6902432462180044,72312.87,91331.69,-6.812e-05,0.0,0.0,False,2026-03-18.csv
2026-03-18 13:13:00,2026-03-18,72294.0,72315.4,72268.5,72315.4,149.492,63.088,212.58,86.404,0.40645404083168685,72285.99,91343.58,-6.726e-05,0.0,0.0,False,2026-03-18.csv
2026-03-18 13:14:00,2026-03-18,72315.4,72365.0,72304.8,72355.8,137.975,181.304,319.279,-43.32900000000001,-0.13570889410202364,72337.18,91363.82,-6.726e-05,0.0,0.0,False,2026-03-18.csv
2026-03-18 13:15:00,2026-03-18,72355.9,72420.0,72355.8,72400.0,164.723,144.116,308.839,20.607,0.06672408601245308,72397.0,91367.1,-6.638e-05,0.0,0.0,False,2026-03-18.csv
2026-03-18 13:16:00,2026-03-18,72400.1,72400.1,72331.8,72373.0,230.89,153.253,384.143,77.637,0.20210442465436051,72359.59,91404.21,-6.518e-05,0.008,0.0,False,2026-03-18.csv
2026-03-18 13:17:00,2026-03-18,72373.1,72375.5,72266.1,72301.8,92.249,94.096,186.345,-1.8470000000000084,-0.00991172287960508,72310.01,91353.52,-6.46e-05,0.0,0.01,False,2026-03-18.csv
2026-03-18 13:18:00,2026-03-18,72301.7,72368.6,72272.6,72335.8,76.001,37.202,113.203,38.79900000000001,0.34273826665371065,72325.73,91353.23,-6.46e-05,0.0,0.0,False,2026-03-18.csv
2026-03-18 13:19:00,2026-03-18,72335.7,72335.8,72274.1,72274.1,44.307,77.07,121.377,-32.76299999999999,-0.2699275810079339,72295.97,91353.23,-6.442e-05,0.0,0.01,False,2026-03-18.csv
2026-03-18 13:20:00,2026-03-18,72273.7,72327.7,72271.2,72307.9,77.706,38.374,116.08,39.332,0.3388352860096485,72301.04,91359.56,-6.392e-05,0.003,0.031,False,2026-03-18.csv
2026-03-18 13:21:00,2026-03-18,72308.0,72383.6,72308.0,72378.0,107.87,30.663,138.533,77.20700000000001,0.5573184728548434,72343.79,91356.34,-6.392e-05,0.0,0.0,False,2026-03-18.csv
2026-03-18 13:22:00,2026-03-18,72378.0,72428.3,72362.8,72373.3,138.625,79.89,218.515,58.735,0.268791616136192,72393.64,91355.4,-6.297e-05,0.0,0.018,False,2026-03-18.csv
2026-03-18 13:23:00,2026-03-18,72373.3,72494.1,72360.0,72471.0,232.391,95.186,327.577,137.20499999999998,0.41884808762519954,72437.12,91320.89,-6.145e-05,0.332,0.0,False,2026-03-18.csv
2026-03-18 13:24:00,2026-03-18,72471.1,72500.0,72436.0,72436.0,265.33,260.867,526.197,4.462999999999965,0.008481614300347523,72479.45,91293.84,-6.069e-05,1.481,0.0,False,2026-03-18.csv
2026-03-18 13:25:00,2026-03-18,72435.9,72497.4,72425.0,72486.9,177.637,92.551,270.188,85.086,0.31491405983981524,72454.6,91322.36,-5.865e-05,0.0,0.0,False,2026-03-18.csv
2026-03-18 13:26:00,2026-03-18,72486.9,72507.8,72464.2,72507.7,174.86,71.034,245.894,103.82600000000001,0.42223885088696755,72493.28,91358.24,-5.865e-05,0.062,0.0,False,2026-03-18.csv
2026-03-18 13:27:00,2026-03-18,72507.8,72507.8,72461.3,72467.6,95.453,139.043,234.496,-43.59,-0.1858880322052402,72484.38,91340.21,-5.7e-05,0.01,0.0,False,2026-03-18.csv
2026-03-18 13:28:00,2026-03-18,72467.6,72467.6,72416.3,72437.5,66.778,70.11,136.888,-3.3319999999999936,-0.02434106714978664,72441.45,91358.56,-6.145e-05,0.0,0.0,False,2026-03-18.csv
2026-03-18 13:29:00,2026-03-18,72437.5,72450.0,72412.0,72424.9,115.828,45.021,160.849,70.807,0.4402078968473538,72433.29,91343.37,-5.665e-05,0.0,0.0,False,2026-03-18.csv
2026-03-18 13:30:00,2026-03-18,72424.8,72446.5,72421.9,72444.9,39.322,22.195,61.517,17.127000000000002,0.27841084578246666,72433.79,91309.96,-5.673e-05,0.0,0.0,False,2026-03-18.csv
2026-03-18 13:31:00,2026-03-18,72445.0,72445.0,72308.0,72335.0,137.365,222.693,360.058,-85.328,-0.23698404145998703,72356.57,91293.96,-5.634e-05,0.0,0.047,False,2026-03-18.csv
2026-03-18 13:32:00,2026-03-18,72335.1,72335.1,72254.5,72277.9,233.456,176.931,410.387,56.52499999999998,0.13773584445901058,72286.2,91271.75,-5.606e-05,0.0,0.036,False,2026-03-18.csv
2026-03-18 13:33:00,2026-03-18,72278.1,72312.1,72250.3,72272.2,52.946,88.073,141.019,-35.126999999999995,-0.24909409370368527,72278.59,91356.26,-5.606e-05,0.002,0.0,False,2026-03-18.csv
2026-03-18 13:34:00,2026-03-18,72272.0,72272.0,72188.8,72232.8,181.463,257.93,439.393,-76.46700000000001,-0.17402871688898097,72228.26,91337.83,-5.615e-05,0.0,0.015,False,2026-03-18.csv
2026-03-18 13:35:00,2026-03-18,72232.9,72246.0,72190.5,72245.9,89.344,140.069,229.413,-50.724999999999994,-0.22110778377860013,72212.77,91360.05,-5.547e-05,0.0,0.0,False,2026-03-18.csv
2026-03-18 13:36:00,2026-03-18,72246.0,72458.3,72229.3,72433.6,589.794,205.453,795.247,384.341,0.48329764211622306,72366.06,91352.79,-5.488e-05,0.056,0.013,False,2026-03-18.csv
2026-03-18 13:37:00,2026-03-18,72433.6,72509.7,72367.4,72391.5,371.445,225.291,596.736,146.154,0.24492237773487774,72459.16,91575.07,-5.488e-05,0.068,0.0,False,2026-03-18.csv
2026-03-18 13:38:00,2026-03-18,72391.4,72416.7,72325.4,72369.7,87.666,101.395,189.061,-13.729,-0.07261677448019421,72366.06,91724.18,-5.293e-05,0.0,0.0,False,2026-03-18.csv
2026-03-18 13:39:00,2026-03-18,72369.5,72379.1,72264.1,72356.0,53.585,95.021,148.606,-41.436,-0.27883127195402607,72335.5,91713.39,-5.27e-05,0.0,0.0,False,2026-03-18.csv
2026-03-18 13:40:00,2026-03-18,72355.9,72468.0,72355.9,72429.8,216.445,81.761,298.206,134.684,0.4516475188292656,72411.39,91748.84,-5.27e-05,0.0,0.0,False,2026-03-18.csv
2026-03-18 13:41:00,2026-03-18,72429.9,72486.1,72411.2,72466.2,210.348,245.211,455.559,-34.863,-0.07652795795934225,72456.07,91704.05,-5.256e-05,0.0,0.0,False,2026-03-18.csv
2026-03-18 13:42:00,2026-03-18,72466.1,72500.0,72419.0,72436.3,170.408,175.935,346.343,-5.527000000000015,-0.015958168636294123,72468.21,91560.86,-5.101e-05,0.0,0.0,False,2026-03-18.csv
2026-03-18 13:43:00,2026-03-18,72436.7,72547.5,72413.6,72420.2,139.858,143.733,283.591,-3.875,-0.013664044345553983,72485.51,91490.71,-5.01e-05,0.096,0.0,False,2026-03-18.csv
2026-03-18 13:44:00,2026-03-18,72420.2,72423.4,72288.0,72338.6,247.703,162.463,410.166,85.24000000000001,0.20781829795741238,72349.49,91488.54,-5.01e-05,0.0,0.494,False,2026-03-18.csv
2026-03-18 13:45:00,2026-03-18,72338.6,72359.6,72288.0,72299.4,104.14,54.454,158.594,49.686,0.3132905406257488,72311.74,91461.27,-4.93e-05,0.0,0.0,False,2026-03-18.csv
2026-03-18 13:46:00,2026-03-18,72299.3,72299.4,72210.0,72219.1,165.168,418.487,583.655,-253.31900000000002,-0.43402181083002805,72242.48,91435.48,-4.914e-05,0.0,0.199,False,2026-03-18.csv
2026-03-18 13:47:00,2026-03-18,72219.0,72349.0,72160.5,72333.9,236.788,172.307,409.095,64.48100000000002,0.15761864603576192,72233.19,91405.17,-4.914e-05,0.0,0.162,False,2026-03-18.csv
2026-03-18 13:48:00,2026-03-18,72334.0,72348.9,72184.9,72235.1,98.064,71.509,169.573,26.554999999999993,0.15659922275362229,72242.11,91344.1,-4.851e-05,0.0,0.0,False,2026-03-18.csv
2026-03-18 13:49:00,2026-03-18,72235.0,72267.6,72181.8,72186.2,151.469,62.146,213.615,89.323,0.41814947452192025,72219.91,91310.44,-4.731e-05,0.0,0.015,False,2026-03-18.csv
2026-03-18 13:50:00,2026-03-18,72186.3,72240.7,72180.0,72195.9,117.264,103.746,221.01,13.518,0.06116465318311389,72200.35,91347.42,-4.684e-05,0.0,0.0,False,2026-03-18.csv
2026-03-18 13:51:00,2026-03-18,72196.0,72221.5,72136.4,72144.6,204.383,240.301,444.684,-35.91799999999998,-0.08077196391145167,72172.17,91392.86,-4.684e-05,0.0,0.002,False,2026-03-18.csv
2026-03-18 13:52:00,2026-03-18,72144.7,72160.8,72088.2,72101.0,174.473,166.316,340.789,8.15700000000001,0.02393563172520243,72124.64,91364.92,-4.583e-05,0.0,0.062,False,2026-03-18.csv
2026-03-18 13:53:00,2026-03-18,72100.9,72204.7,72088.1,72204.6,161.871,113.633,275.504,48.238000000000014,0.17509001684186076,72143.94,91296.09,-4.478e-05,0.0,0.0,False,2026-03-18.csv
2026-03-18 13:54:00,2026-03-18,72204.7,72204.7,72159.5,72189.4,58.842,108.9,167.742,-50.05800000000001,-0.2984225775297779,72173.49,91315.37,-4.478e-05,0.0,0.0,False,2026-03-18.csv
2026-03-18 13:55:00,2026-03-18,72189.3,72213.6,72114.7,72114.7,87.093,103.428,190.521,-16.334999999999994,-0.0857385799990552,72168.5,91320.54,-4.351e-05,0.0,0.0,False,2026-03-18.csv
2026-03-18 13:56:00,2026-03-18,72114.6,72140.2,72033.0,72041.2,318.778,644.559,963.337,-325.78099999999995,-0.3381796816690317,72052.57,91339.35,-4.217e-05,0.0,0.41,False,2026-03-18.csv
2026-03-18 13:57:00,2026-03-18,72041.1,72048.6,71950.7,71966.5,535.261,780.472,1315.733,-245.211,-0.18636835892996528,71986.66,91546.92,-4.198e-05,0.0,0.22,False,2026-03-18.csv
2026-03-18 13:58:00,2026-03-18,71966.5,72000.0,71938.6,71966.5,468.013,242.415,710.428,225.59799999999998,0.3175522361168197,71968.24,91206.99,-4.198e-05,0.0,0.045,False,2026-03-18.csv
2026-03-18 13:59:00,2026-03-18,71967.1,72049.8,71959.1,72041.3,221.514,135.869,357.383,85.64500000000001,0.23964486279425717,71995.03,91235.47,-4.184e-05,0.0,0.0,False,2026-03-18.csv
2026-03-18 14:00:00,2026-03-18,72041.2,72111.6,72036.3,72104.5,223.71,126.143,349.853,97.56700000000001,0.2788799867372868,72083.57,91209.43,-4.051e-05,0.0,0.004,False,2026-03-18.csv
2026-03-18 14:01:00,2026-03-18,72104.4,72172.2,72060.0,72128.8,163.278,165.273,328.551,-1.9950000000000045,-0.0060721166576878614,72105.89,91209.76,-4.051e-05,0.012,0.0,False,2026-03-18.csv
2026-03-18 14:02:00,2026-03-18,72128.7,72194.1,72100.0,72175.9,123.739,134.017,257.756,-10.277999999999992,-0.03987492046741877,72143.27,91202.7,-3.795e-05,0.38,0.0,False,2026-03-18.csv
2026-03-18 14:03:00,2026-03-18,72176.0,72187.8,72008.9,72008.9,88.771,191.367,280.138,-102.59599999999999,-0.3662337847775025,72089.18,91181.43,-3.649e-05,0.0,0.0,False,2026-03-18.csv
2026-03-18 14:04:00,2026-03-18,72009.0,72056.2,71883.2,71955.8,168.284,521.976,690.26,-353.692,-0.5124040216729928,71940.19,91226.09,-3.539e-05,0.0,1.099,False,2026-03-18.csv
2026-03-18 14:05:00,2026-03-18,71955.9,72071.0,71955.8,71988.7,217.05,190.293,407.343,26.757000000000005,0.06568665719062315,72020.56,91149.9,-3.539e-05,0.0,0.0,False,2026-03-18.csv
2026-03-18 14:06:00,2026-03-18,71988.6,72043.4,71925.1,71925.1,71.263,100.094,171.357,-28.83099999999999,-0.16825107815846443,71991.99,91171.18,-3.476e-05,0.0,0.0,False,2026-03-18.csv
2026-03-18 14:07:00,2026-03-18,71925.2,71986.3,71850.0,71960.8,174.337,207.382,381.719,-33.045000000000016,-0.08656891587791023,71913.15,91163.54,-3.348e-05,0.0,0.668,False,2026-03-18.csv
2026-03-18 14:08:00,2026-03-18,71960.7,72075.3,71895.9,72062.8,141.807,123.284,265.091,18.522999999999982,0.06987411869886183,71977.21,91139.18,-3.348e-05,0.0,0.0,False,2026-03-18.csv
2026-03-18 14:09:00,2026-03-18,72062.7,72110.0,71982.3,72091.8,138.511,168.344,306.855,-29.833,-0.09722181486369783,72044.29,91154.82,-3.274e-05,0.897,0.0,False,2026-03-18.csv
2026-03-18 14:10:00,2026-03-18,72091.7,72138.0,72080.0,72080.1,159.518,128.952,288.47,30.566000000000003,0.1059590252019274,72114.0,91112.77,-3.027e-05,0.019,0.0,False,2026-03-18.csv
2026-03-18 14:11:00,2026-03-18,72080.0,72087.6,71950.0,71962.8,94.986,78.049,173.035,16.936999999999998,0.09788193140116161,72023.81,91090.49,-2.869e-05,0.0,0.0,False,2026-03-18.csv
2026-03-18 14:12:00,2026-03-18,71962.5,72035.1,71908.0,71973.0,224.519,87.885,312.404,136.63400000000001,0.437363157962126,71982.38,91102.41,-2.869e-05,0.0,0.0,False,2026-03-18.csv
2026-03-18 14:13:00,2026-03-18,71973.5,72007.0,71946.0,71956.1,50.422,89.392,139.814,-38.97,-0.2787274521864763,71973.74,91120.29,-2.848e-05,0.0,0.0,False,2026-03-18.csv
2026-03-18 14:14:00,2026-03-18,71956.1,71992.8,71826.7,71840.4,115.459,159.434,274.893,-43.974999999999994,-0.15997133430098257,71908.84,91105.16,-2.712e-05,0.0,1.285,False,2026-03-18.csv
2026-03-18 14:15:00,2026-03-18,71840.5,71878.8,71835.0,71846.8,143.384,159.927,303.311,-16.543000000000006,-0.05454137832126104,71855.18,91068.54,-2.712e-05,0.0,0.198,False,2026-03-18.csv
2026-03-18 14:16:00,2026-03-18,71846.9,71922.0,71830.0,71918.5,123.899,79.581,203.48,44.318,0.21780027521132297,71891.5,91080.3,-2.661e-05,0.0,0.006,False,2026-03-18.csv
2026-03-18 14:17:00,2026-03-18,71918.4,71957.6,71863.8,71893.2,85.244,55.197,140.441,30.046999999999997,0.2139474939654374,71916.54,91107.88,-2.567e-05,0.0,0.034,False,2026-03-18.csv
2026-03-18 14:18:00,2026-03-18,71893.2,71902.4,71836.8,71902.4,137.806,127.627,265.433,10.179000000000016,0.038348660490594676,71867.43,91103.86,-2.451e-05,0.0,0.002,False,2026-03-18.csv
2026-03-18 14:19:00,2026-03-18,71902.3,71948.5,71850.0,71861.6,111.527,96.632,208.159,14.894999999999996,0.07155587795867581,71907.3,91070.35,-2.451e-05,0.0,0.01,False,2026-03-18.csv
2026-03-18 14:20:00,2026-03-18,71861.7,71934.8,71854.3,71902.2,84.674,77.96,162.634,6.714000000000013,0.041282880578476906,71893.22,91060.54,-2.391e-05,0.0,0.007,False,2026-03-18.csv
2026-03-18 14:21:00,2026-03-18,71902.4,71937.9,71876.0,71884.6,89.931,51.405,141.336,38.525999999999996,0.27258447953812187,71899.23,91047.12,-2.346e-05,0.0,0.011,False,2026-03-18.csv
2026-03-18 14:22:00,2026-03-18,71884.5,71924.5,71872.7,71879.4,53.676,45.189,98.865,8.487000000000002,0.08584433318161132,71887.31,91055.35,-2.346e-05,0.0,0.0,False,2026-03-18.csv
2026-03-18 14:23:00,2026-03-18,71879.4,71997.7,71851.3,71916.2,97.969,109.355,207.324,-11.38600000000001,-0.05491887094595903,71944.46,91047.91,-2.269e-05,0.0,0.0,False,2026-03-18.csv
2026-03-18 14:24:00,2026-03-18,71916.2,71989.7,71910.3,71942.2,53.067,43.611,96.678,9.456000000000003,0.09780922236703286,71953.87,91048.17,-2.202e-05,0.0,0.0,False,2026-03-18.csv
2026-03-18 14:25:00,2026-03-18,71942.1,71982.7,71923.0,71971.8,71.719,30.518,102.237,41.20099999999999,0.40299500180952097,71957.78,91052.44,-2.061e-05,0.0,0.0,False,2026-03-18.csv
2026-03-18 14:26:00,2026-03-18,71971.9,71993.0,71937.8,71941.1,77.899,47.551,125.45,30.348,0.2419131127939418,71971.6,91044.93,-2.061e-05,0.0,0.0,False,2026-03-18.csv
2026-03-18 14:27:00,2026-03-18,71941.2,71941.2,71831.9,71831.9,70.991,387.075,458.066,-316.084,-0.6900402998694511,71860.02,91040.39,-1.939e-05,0.0,0.933,False,2026-03-18.csv
2026-03-18 14:28:00,2026-03-18,71832.0,71871.3,71831.9,71835.7,95.311,115.932,211.243,-20.620999999999995,-0.09761743584402795,71843.48,91230.9,-1.888e-05,0.0,0.03,False,2026-03-18.csv
2026-03-18 14:29:00,2026-03-18,71835.7,71835.8,71550.0,71605.7,638.812,2088.514,2727.326,-1449.7020000000002,-0.5315470171149325,71680.46,91147.28,-1.888e-05,0.0,3.487,False,2026-03-18.csv
2026-03-18 14:30:00,2026-03-18,71605.8,71649.2,71589.4,71620.8,522.798,456.532,979.33,66.26600000000002,0.06766462785782118,71614.9,90511.53,-1.82e-05,0.0,0.667,False,2026-03-18.csv
2026-03-18 14:31:00,2026-03-18,71620.7,71704.0,71588.8,71690.5,343.333,223.508,566.841,119.82500000000002,0.2113908485801133,71639.89,90707.3,-1.852e-05,0.0,0.0,False,2026-03-18.csv
2026-03-18 14:32:00,2026-03-18,71690.4,71690.5,71636.2,71636.3,190.656,90.742,281.398,99.914,0.35506293577068776,71655.38,90773.5,-1.741e-05,0.0,0.0,False,2026-03-18.csv
2026-03-18 14:33:00,2026-03-18,71636.4,71719.6,71518.5,71719.5,327.049,334.838,661.887,-7.789000000000044,-0.011767869742116169,71575.77,90797.49,-1.741e-05,0.0,0.239,False,2026-03-18.csv
2026-03-18 14:34:00,2026-03-18,71719.6,71777.9,71681.1,71710.4,246.91,264.618,511.528,-17.708,-0.03461785083123504,71726.0,90778.74,-1.701e-05,1.256,0.0,False,2026-03-18.csv
2026-03-18 14:35:00,2026-03-18,71710.4,71710.4,71656.8,71697.3,136.178,106.18,242.358,29.99799999999999,0.12377557167496014,71679.87,90745.43,-1.555e-05,0.0,0.0,False,2026-03-18.csv
2026-03-18 14:36:00,2026-03-18,71697.2,71777.0,71682.0,71711.3,152.665,76.04,228.705,76.62499999999999,0.3350385868258236,71726.43,90786.28,-1.555e-05,0.0,0.0,False,2026-03-18.csv
2026-03-18 14:37:00,2026-03-18,71711.4,71842.7,71662.8,71822.7,512.233,199.384,711.617,312.84899999999993,0.43963114990226476,71740.2,90816.71,-1.485e-05,2.723,0.0,False,2026-03-18.csv
2026-03-18 14:38:00,2026-03-18,71823.3,71824.3,71747.6,71764.9,90.661,146.492,237.153,-55.83099999999999,-0.23542185846268018,71784.65,90987.38,-1.407e-05,0.0,0.0,False,2026-03-18.csv
2026-03-18 14:39:00,2026-03-18,71764.8,71774.0,71662.4,71709.1,69.561,122.792,192.353,-53.230999999999995,-0.2767360009981648,71722.38,90969.98,-1.319e-05,0.0,0.0,False,2026-03-18.csv
2026-03-18 14:40:00,2026-03-18,71709.2,71709.2,71615.8,71615.8,68.898,59.852,128.75,9.046,0.07026019417475728,71656.99,90973.66,-1.319e-05,0.0,0.006,False,2026-03-18.csv
2026-03-18 14:41:00,2026-03-18,71615.9,71638.2,71555.1,71581.1,138.025,80.754,218.779,57.271,0.26177558175144783,71588.29,90973.75,-1.274e-05,0.0,0.0,False,2026-03-18.csv
2026-03-18 14:42:00,2026-03-18,71581.1,71638.0,71574.4,71598.6,115.635,112.318,227.953,3.3170000000000073,0.014551245212828991,71609.5,90944.95,-1.255e-05,0.0,0.0,False,2026-03-18.csv
2026-03-18 14:43:00,2026-03-18,71598.7,71605.9,71536.2,71540.1,70.718,120.26,190.978,-49.542,-0.2594120788781954,71563.36,90916.21,-1.255e-05,0.0,0.203,False,2026-03-18.csv
2026-03-18 14:44:00,2026-03-18,71540.0,71550.0,71460.0,71468.9,352.055,523.428,875.483,-171.373,-0.19574680490654872,71491.82,90864.58,-1.158e-05,0.0,1.048,False,2026-03-18.csv
2026-03-18 14:45:00,2026-03-18,71468.8,71529.8,71444.0,71467.3,299.22,271.909,571.129,27.311000000000035,0.04781931927813162,71481.61,90899.38,-1.088e-05,0.0,1.454,False,2026-03-18.csv
2026-03-18 14:46:00,2026-03-18,71467.3,71565.7,71466.5,71552.0,237.046,190.016,427.062,47.03,0.11012452524457807,71522.66,90904.68,-1.019e-05,0.0,0.0,False,2026-03-18.csv
2026-03-18 14:47:00,2026-03-18,71552.1,71587.5,71498.7,71503.1,121.311,138.768,260.079,-17.456999999999994,-0.06712191295721683,71532.15,90911.4,-1.019e-05,0.0,0.0,False,2026-03-18.csv
2026-03-18 14:48:00,2026-03-18,71503.0,71539.3,71477.6,71511.9,63.675,78.348,142.023,-14.673000000000002,-0.10331425191694305,71511.77,90889.43,-8.59e-06,0.0,0.0,False,2026-03-18.csv
2026-03-18 14:49:00,2026-03-18,71511.9,71550.0,71485.6,71529.5,87.278,53.829,141.107,33.449000000000005,0.237047063575868,71519.28,90885.13,-7.87e-06,0.0,0.0,False,2026-03-18.csv
2026-03-18 14:50:00,2026-03-18,71529.5,71560.6,71488.0,71560.5,113.088,55.317,168.405,57.770999999999994,0.34304800926338286,71520.37,90904.65,-7.87e-06,0.0,0.0,False,2026-03-18.csv
2026-03-18 14:51:00,2026-03-18,71560.6,71576.0,71520.0,71548.1,138.785,78.759,217.544,60.025999999999996,0.2759257897252969,71547.66,90936.51,-6.53e-06,0.0,0.0,False,2026-03-18.csv
2026-03-18 14:52:00,2026-03-18,71548.1,71578.8,71509.0,71516.5,81.181,64.056,145.237,17.125,0.11791072522841976,71547.61,90883.05,-4.95e-06,0.0,0.0,False,2026-03-18.csv
2026-03-18 14:53:00,2026-03-18,71516.5,71516.6,71385.0,71392.5,169.56,580.374,749.934,-410.814,-0.5478002064181648,71425.76,90883.52,-3.92e-06,0.0,3.442,False,2026-03-18.csv
2026-03-18 14:54:00,2026-03-18,71392.5,71409.6,71275.0,71409.3,536.233,747.883,1284.116,-211.6500000000001,-0.1648215581769872,71337.98,90899.42,-3.92e-06,0.003,4.535,False,2026-03-18.csv
2026-03-18 14:55:00,2026-03-18,71409.4,71450.0,71328.6,71351.9,224.874,264.05,488.924,-39.176000000000016,-0.08012697269923345,71388.54,90874.49,-3.71e-06,0.0,0.007,False,2026-03-18.csv
2026-03-18 14:56:00,2026-03-18,71352.0,71394.3,71310.8,71389.1,121.073,134.334,255.407,-13.26100000000001,-0.051921051498197035,71352.3,90868.33,-2.62e-06,0.0,0.0,False,2026-03-18.csv
2026-03-18 14:57:00,2026-03-18,71389.1,71443.4,71389.1,71415.1,120.659,123.466,244.125,-2.806999999999988,-0.01149820788530461,71416.09,90879.57,-2.62e-06,0.0,0.0,False,2026-03-18.csv
2026-03-18 14:58:00,2026-03-18,71415.2,71424.0,71325.9,71357.4,163.278,181.843,345.121,-18.564999999999998,-0.05379272776794226,71374.64,90867.83,-1.83e-06,0.015,0.758,False,2026-03-18.csv
2026-03-18 14:59:00,2026-03-18,71357.5,71359.5,71212.2,71258.1,277.833,527.805,805.638,-249.97199999999992,-0.3102783135850095,71266.8,90941.05,-2.5e-07,0.0,0.685,False,2026-03-18.csv
2026-03-18 15:00:00,2026-03-18,71258.2,71277.6,70975.1,71155.6,657.085,2450.456,3107.541,-1793.371,-0.577102924788442,71107.02,90949.02,1.5e-07,0.0,5.197,False,2026-03-18.csv
2026-03-18 15:01:00,2026-03-18,71155.0,71220.1,70970.5,71037.2,991.422,853.15,1844.572,138.27200000000005,0.07496156289914412,71066.24,90048.86,1.5e-07,0.0,3.652,False,2026-03-18.csv
2026-03-18 15:02:00,2026-03-18,71037.3,71111.3,70905.5,70916.5,393.449,558.194,951.643,-164.74499999999995,-0.17311638923419806,71006.76,89952.49,5.2e-07,0.0,3.588,False,2026-03-18.csv
2026-03-18 15:03:00,2026-03-18,70916.5,71110.9,70821.2,71106.1,665.266,615.952,1281.218,49.313999999999965,0.0384899369194001,70927.38,89919.51,6.8e-07,0.351,1.502,False,2026-03-18.csv
2026-03-18 15:04:00,2026-03-18,71106.2,71248.8,71106.1,71248.7,712.842,368.354,1081.196,344.488,0.31861753095645934,71175.53,89901.19,6.8e-07,0.233,0.0,False,2026-03-18.csv
2026-03-18 15:05:00,2026-03-18,71248.8,71343.0,71210.0,71270.6,467.227,361.298,828.525,105.92899999999997,0.1278525089767961,71269.16,89905.61,-7.1e-07,0.974,0.0,False,2026-03-18.csv
2026-03-18 15:06:00,2026-03-18,71270.7,71293.1,71196.3,71222.4,359.577,462.866,822.443,-103.28899999999999,-0.12558803467231164,71229.96,89852.09,1.99e-06,0.0,0.0,False,2026-03-18.csv
2026-03-18 15:07:00,2026-03-18,71222.3,71454.5,71222.3,71421.9,843.078,545.731,1388.809,297.347,0.21410215515596456,71360.18,89648.83,2.03e-06,0.087,0.0,False,2026-03-18.csv
2026-03-18 15:08:00,2026-03-18,71422.0,71455.9,71339.6,71356.7,275.437,328.588,604.025,-53.15100000000001,-0.08799470220603454,71395.77,89240.74,2.03e-06,0.757,0.0,False,2026-03-18.csv
2026-03-18 15:09:00,2026-03-18,71356.8,71373.7,71320.3,71336.2,131.544,198.414,329.958,-66.86999999999998,-0.20266215700180015,71353.54,89233.08,2.99e-06,0.0,0.0,False,2026-03-18.csv
2026-03-18 15:10:00,2026-03-18,71336.3,71362.2,71287.2,71308.6,257.712,289.739,547.451,-32.02699999999999,-0.05850203945193266,71318.32,89225.53,3.24e-06,0.0,0.005,False,2026-03-18.csv
2026-03-18 15:11:00,2026-03-18,71308.6,71308.6,71167.2,71185.9,295.122,279.664,574.786,15.458000000000027,0.026893487315279126,71210.96,88928.99,3.24e-06,0.0,0.704,False,2026-03-18.csv
2026-03-18 15:12:00,2026-03-18,71185.8,71185.9,71081.0,71133.2,150.535,202.69,353.225,-52.155,-0.14765376176657938,71135.96,88910.89,3.15e-06,0.0,0.233,False,2026-03-18.csv
2026-03-18 15:13:00,2026-03-18,71133.3,71134.3,71085.3,71089.5,128.772,117.903,246.675,10.868999999999986,0.04406202493159009,71106.86,88925.13,2.37e-06,0.0,0.021,False,2026-03-18.csv
2026-03-18 15:14:00,2026-03-18,71089.5,71146.5,70990.4,71004.1,259.441,524.022,783.463,-264.5810000000001,-0.3377070774242052,71062.93,88904.87,2.04e-06,0.0,0.164,False,2026-03-18.csv
2026-03-18 15:15:00,2026-03-18,71004.0,71057.7,70919.9,71036.4,289.762,496.509,786.271,-206.747,-0.2629462360941711,70989.32,88762.73,2.04e-06,0.0,1.052,False,2026-03-18.csv
2026-03-18 15:16:00,2026-03-18,71036.5,71087.3,70964.3,71078.4,218.396,405.774,624.17,-187.37800000000001,-0.30020347020843685,71017.55,88526.71,1.73e-06,0.0,0.0,False,2026-03-18.csv
2026-03-18 15:17:00,2026-03-18,71078.3,71150.0,71063.1,71144.1,243.243,190.386,433.629,52.857,0.12189452273717855,71102.31,88554.07,1.68e-06,0.011,0.001,False,2026-03-18.csv
2026-03-18 15:18:00,2026-03-18,71144.1,71183.9,71134.7,71156.2,147.502,139.485,286.987,8.016999999999996,0.027935063260705172,71155.84,88511.73,3.1e-06,0.561,0.0,False,2026-03-18.csv
2026-03-18 15:19:00,2026-03-18,71156.3,71219.8,71155.7,71202.1,258.537,532.174,790.711,-273.637,-0.3460644913248962,71173.32,88211.97,3.1e-06,0.167,0.0,False,2026-03-18.csv
2026-03-18 15:20:00,2026-03-18,71202.1,71207.3,71162.2,71185.9,105.889,168.988,274.877,-63.099000000000004,-0.2295535821476515,71179.29,88223.43,3.86e-06,0.0,0.0,False,2026-03-18.csv
2026-03-18 15:21:00,2026-03-18,71186.0,71195.1,71162.2,71162.2,139.07,133.473,272.543,5.59699999999998,0.02053620896519074,71170.2,88217.78,4.35e-06,0.0,0.0,False,2026-03-18.csv
2026-03-18 15:22:00,2026-03-18,71162.3,71216.7,71162.2,71175.2,163.033,341.302,504.335,-178.26900000000003,-0.35347338574558584,71175.45,88139.33,4.35e-06,0.0,0.0,False,2026-03-18.csv
2026-03-18 15:23:00,2026-03-18,71175.2,71211.7,71162.4,71171.0,192.395,114.825,307.22,77.57000000000001,0.2524900722609205,71186.97,88078.84,4.95e-06,0.0,0.006,False,2026-03-18.csv
2026-03-18 15:24:00,2026-03-18,71171.0,71267.0,71162.3,71230.9,157.582,65.471,223.053,92.11099999999999,0.4129556652454797,71228.76,88052.23,5.95e-06,0.127,0.0,False,2026-03-18.csv
2026-03-18 15:25:00,2026-03-18,71230.9,71250.0,71180.0,71243.1,115.326,115.751,231.077,-0.42500000000001137,-0.0018392137685706988,71214.85,88018.01,6.66e-06,0.0,0.0,False,2026-03-18.csv
2026-03-18 15:26:00,2026-03-18,71243.1,71259.3,71162.2,71259.3,140.427,158.628,299.055,-18.200999999999993,-0.06086171440036112,71199.74,87985.0,6.66e-06,0.0,0.0,False,2026-03-18.csv
2026-03-18 15:27:00,2026-03-18,71259.2,71300.0,71246.4,71280.8,147.372,66.05,213.422,81.32200000000002,0.38103850587099747,71275.8,87930.54,6.84e-06,0.003,0.0,False,2026-03-18.csv
2026-03-18 15:28:00,2026-03-18,71280.9,71300.0,71238.2,71295.6,87.357,105.191,192.548,-17.834000000000003,-0.09262106072252116,71269.03,87936.96,8.06e-06,0.031,0.0,False,2026-03-18.csv
2026-03-18 15:29:00,2026-03-18,71295.7,71299.0,71229.1,71255.8,93.647,135.81,229.457,-42.163,-0.1837512039292765,71259.35,87937.38,8.06e-06,0.014,0.0,False,2026-03-18.csv
2026-03-18 15:30:00,2026-03-18,71255.8,71291.5,71244.0,71259.9,75.746,93.923,169.669,-18.177000000000007,-0.10713212195510084,71268.33,87935.47,8.79e-06,0.0,0.0,False,2026-03-18.csv
2026-03-18 15:31:00,2026-03-18,71260.0,71269.9,71216.3,71219.5,173.826,78.177,252.003,95.64899999999999,0.3795550052975559,71238.87,87901.95,9.31e-06,0.0,0.0,False,2026-03-18.csv
2026-03-18 15:32:00,2026-03-18,71219.8,71257.3,71179.9,71225.6,139.754,152.991,292.745,-13.237000000000023,-0.0452168269312884,71220.44,87914.41,9.74e-06,0.0,0.0,False,2026-03-18.csv
2026-03-18 15:33:00,2026-03-18,71225.7,71476.6,71225.7,71447.6,729.669,285.84,1015.509,443.829,0.4370507794613342,71397.79,87863.57,9.74e-06,0.557,0.0,False,2026-03-18.csv
2026-03-18 15:34:00,2026-03-18,71447.5,71447.5,71400.6,71435.3,172.909,173.332,346.241,-0.4230000000000018,-0.001221692405001146,71427.87,87644.1,1.043e-05,0.0,0.0,False,2026-03-18.csv
2026-03-18 15:35:00,2026-03-18,71435.2,71435.3,71414.8,71416.3,86.991,107.464,194.455,-20.473,-0.10528399886863284,71418.0,87634.35,1.222e-05,0.0,0.0,False,2026-03-18.csv
2026-03-18 15:36:00,2026-03-18,71416.2,71429.5,71384.5,71396.6,186.581,959.285,1145.866,-772.704,-0.6743406297071385,71413.64,87542.56,1.222e-05,0.0,0.0,False,2026-03-18.csv
2026-03-18 15:37:00,2026-03-18,71396.5,71396.6,71254.9,71280.0,134.528,144.45,278.978,-9.921999999999997,-0.0355655284646101,71324.26,87416.32,1.269e-05,0.0,0.009,False,2026-03-18.csv
2026-03-18 15:38:00,2026-03-18,71280.0,71355.8,71279.9,71330.0,119.416,47.829,167.245,71.58699999999999,0.42803671260725273,71325.76,87365.32,1.29e-05,0.0,0.002,False,2026-03-18.csv
2026-03-18 15:39:00,2026-03-18,71330.1,71414.8,71315.2,71380.9,119.466,46.294,165.76,73.172,0.4414333976833977,71350.44,87361.44,1.323e-05,0.0,0.0,False,2026-03-18.csv
2026-03-18 15:40:00,2026-03-18,71380.9,71380.9,71351.4,71359.4,29.701,18.524,48.225,11.177,0.231767755313634,71360.27,87369.99,1.323e-05,0.0,0.0,False,2026-03-18.csv
2026-03-18 15:41:00,2026-03-18,71359.3,71359.4,71300.1,71301.2,51.221,35.667,86.888,15.553999999999995,0.17901206150446544,71320.48,87363.67,1.409e-05,0.0,0.0,False,2026-03-18.csv
2026-03-18 15:42:00,2026-03-18,71301.2,71383.2,71300.0,71317.7,80.492,56.286,136.778,24.206000000000003,0.17697290499934204,71348.62,87375.51,1.427e-05,0.047,0.0,False,2026-03-18.csv
2026-03-18 15:43:00,2026-03-18,71317.8,71332.0,71240.8,71240.8,56.125,61.055,117.18,-4.93,-0.04207202594299368,71280.02,87376.73,1.427e-05,0.0,0.002,False,2026-03-18.csv
2026-03-18 15:44:00,2026-03-18,71240.8,71348.4,71240.8,71348.3,127.032,50.89,177.922,76.142,0.42795157428536096,71309.38,87374.71,1.477e-05,0.004,0.0,False,2026-03-18.csv
2026-03-18 15:45:00,2026-03-18,71348.4,71389.8,71328.3,71328.3,63.126,52.222,115.348,10.903999999999996,0.09453133127579148,71368.56,87363.71,1.492e-05,0.0,0.0,False,2026-03-18.csv
2026-03-18 15:46:00,2026-03-18,71328.3,71328.4,71287.4,71318.2,66.261,57.802,124.063,8.458999999999996,0.0681831005215092,71306.77,87360.81,1.647e-05,0.0,0.0,False,2026-03-18.csv
2026-03-18 15:47:00,2026-03-18,71318.3,71352.2,71247.3,71247.4,50.291,82.055,132.346,-31.76400000000001,-0.2400072537137504,71307.57,87360.6,1.647e-05,0.0,0.0,False,2026-03-18.csv
2026-03-18 15:48:00,2026-03-18,71247.3,71327.4,71173.8,71306.8,125.91,75.798,201.708,50.111999999999995,0.24843833660538994,71230.45,87344.88,1.691e-05,0.0,0.089,False,2026-03-18.csv
2026-03-18 15:49:00,2026-03-18,71306.7,71325.6,71262.7,71298.6,69.147,42.055,111.202,27.092000000000006,0.24362871171381814,71299.91,87358.77,1.703e-05,0.0,0.0,False,2026-03-18.csv
2026-03-18 15:50:00,2026-03-18,71298.5,71333.0,71253.4,71320.0,47.928,41.149,89.077,6.778999999999996,0.07610269766606416,71300.66,87343.92,1.703e-05,0.0,0.0,False,2026-03-18.csv
2026-03-18 15:51:00,2026-03-18,71320.1,71372.2,71297.9,71372.1,56.793,54.371,111.164,2.421999999999997,0.02178762908855382,71335.5,87365.62,1.811e-05,0.039,0.0,False,2026-03-18.csv
2026-03-18 15:52:00,2026-03-18,71372.2,71412.1,71310.0,71360.9,135.021,144.816,279.837,-9.795000000000016,-0.03500251932374924,71361.94,87352.28,1.894e-05,0.242,0.0,False,2026-03-18.csv
2026-03-18 15:53:00,2026-03-18,71360.8,71391.9,71340.3,71360.3,59.199,121.482,180.681,-62.283,-0.3447125043585103,71363.26,87307.13,2.044e-05,0.0,0.0,False,2026-03-18.csv
2026-03-18 15:54:00,2026-03-18,71360.2,71386.7,71346.1,71380.9,58.487,34.194,92.681,24.293,0.2621141334254054,71372.22,87304.17,2.044e-05,0.0,0.0,False,2026-03-18.csv
2026-03-18 15:55:00,2026-03-18,71380.8,71405.8,71370.3,71405.7,89.394,69.98,159.374,19.414,0.12181409765708336,71389.75,87299.62,2.13e-05,0.0,0.0,False,2026-03-18.csv
2026-03-18 15:56:00,2026-03-18,71405.8,71412.3,71372.7,71394.0,92.288,67.351,159.639,24.936999999999998,0.15620869587005679,71387.39,87271.8,2.209e-05,0.01,0.0,False,2026-03-18.csv
2026-03-18 15:57:00,2026-03-18,71394.0,71446.8,71386.9,71430.1,144.898,100.797,245.695,44.101,0.17949490221616232,71417.18,87235.55,2.209e-05,0.0,0.0,False,2026-03-18.csv
2026-03-18 15:58:00,2026-03-18,71430.0,71482.8,71430.0,71469.9,262.06,141.399,403.459,120.661,0.2990663239635254,71463.18,87146.65,2.269e-05,0.073,0.0,False,2026-03-18.csv
2026-03-18 15:59:00,2026-03-18,71470.0,71497.0,71453.5,71491.1,119.138,74.066,193.204,45.072,0.23328709550526905,71472.91,87124.63,2.354e-05,0.18,0.0,False,2026-03-18.csv
2026-03-18 16:00:00,2026-03-18,71491.1,71491.1,71419.9,71436.3,127.076,233.199,360.275,-106.12300000000002,-0.29456109916036366,71460.81,87159.74,2.418e-05,0.0,0.0,False,2026-03-18.csv
2026-03-18 16:01:00,2026-03-18,71436.3,71447.0,71332.9,71447.0,306.306,211.109,517.415,95.19699999999997,0.18398577544137681,71392.81,87016.11,2.418e-05,0.0,0.0,False,2026-03-18.csv
2026-03-18 16:02:00,2026-03-18,71446.9,71536.0,71446.9,71508.4,296.909,149.545,446.454,147.364,0.3300765588392085,71507.09,86972.72,2.409e-05,0.123,0.0,False,2026-03-18.csv
2026-03-18 16:03:00,2026-03-18,71508.3,71520.0,71378.6,71400.8,107.238,156.271,263.509,-49.03299999999999,-0.18607713588530178,71456.29,86960.41,2.479e-05,0.0,0.0,False,2026-03-18.csv
2026-03-18 16:04:00,2026-03-18,71400.7,71433.4,71387.4,71390.1,90.225,54.891,145.116,35.333999999999996,0.24348796824609273,71404.89,86941.98,2.479e-05,0.0,1.917,False,2026-03-18.csv
2026-03-18 16:05:00,2026-03-18,71390.0,71390.1,71319.8,71323.4,36.846,99.997,136.843,-63.151,-0.46148505952076474,71353.96,86916.46,2.501e-05,0.0,0.008,False,2026-03-18.csv
2026-03-18 16:06:00,2026-03-18,71323.6,71346.8,71314.5,71327.2,62.714,122.048,184.762,-59.334,-0.32113746333120446,71324.59,86879.71,2.493e-05,0.0,0.0,False,2026-03-18.csv
2026-03-18 16:07:00,2026-03-18,71327.1,71327.2,71250.0,71273.2,71.987,136.039,208.026,-64.05199999999999,-0.30790381971484326,71280.77,86858.78,2.505e-05,0.0,0.08,False,2026-03-18.csv
2026-03-18 16:08:00,2026-03-18,71273.2,71300.0,71231.0,71256.2,44.349,74.074,118.423,-29.725,-0.25100698344071676,71266.22,86852.69,2.505e-05,0.0,0.0,False,2026-03-18.csv
2026-03-18 16:09:00,2026-03-18,71256.3,71266.0,71207.4,71237.7,52.18,83.97,136.15,-31.79,-0.23349247153874403,71235.95,86845.87,2.533e-05,0.0,0.003,False,2026-03-18.csv
2026-03-18 16:10:00,2026-03-18,71237.6,71237.7,71175.9,71202.2,168.558,164.769,333.327,3.7889999999999873,0.011367215977103527,71212.38,86850.02,2.536e-05,0.0,2.36,False,2026-03-18.csv
2026-03-18 16:11:00,2026-03-18,71201.8,71227.1,71177.2,71201.1,54.364,56.978,111.342,-2.6140000000000043,-0.023477214348583682,71204.16,86850.02,2.536e-05,0.0,0.0,False,2026-03-18.csv
2026-03-18 16:12:00,2026-03-18,71200.8,71228.0,71130.1,71227.9,162.003,408.723,570.726,-246.72000000000003,-0.43229150240220354,71169.12,86833.13,2.548e-05,0.0,0.18,False,2026-03-18.csv
2026-03-18 16:13:00,2026-03-18,71228.0,71265.0,71177.5,71182.9,74.358,68.911,143.269,5.447000000000003,0.038019390098346484,71217.64,86822.27,2.587e-05,0.0,0.0,False,2026-03-18.csv
2026-03-18 16:14:00,2026-03-18,71182.9,71301.0,71169.3,71230.8,105.391,106.282,211.673,-0.8909999999999911,-0.004209322870654222,71252.0,86840.52,2.651e-05,0.018,0.0,False,2026-03-18.csv
2026-03-18 16:15:00,2026-03-18,71230.8,71258.3,71207.5,71214.1,68.592,38.908,107.5,29.683999999999997,0.2761302325581395,71227.65,86846.84,2.651e-05,0.0,0.0,False,2026-03-18.csv
2026-03-18 16:16:00,2026-03-18,71214.1,71235.0,71172.0,71197.9,64.394,45.312,109.706,19.082000000000008,0.1739376150803056,71195.95,86847.44,2.778e-05,0.0,0.0,False,2026-03-18.csv
2026-03-18 16:17:00,2026-03-18,71198.0,71286.1,71150.0,71279.5,57.585,50.258,107.843,7.326999999999998,0.0679413591980935,71211.77,86839.38,2.839e-05,0.0,0.0,False,2026-03-18.csv
2026-03-18 16:18:00,2026-03-18,71279.6,71294.6,71252.8,71273.3,74.271,27.232,101.503,47.039,0.4634247263627676,71272.19,86849.09,2.839e-05,0.0,0.0,False,2026-03-18.csv
2026-03-18 16:19:00,2026-03-18,71273.4,71306.9,71247.0,71256.9,51.106,53.902,105.008,-2.7959999999999994,-0.026626542739600786,71280.58,86882.32,2.963e-05,0.0,0.0,False,2026-03-18.csv
2026-03-18 16:20:00,2026-03-18,71256.9,71291.2,71228.3,71239.6,117.368,76.622,193.99,40.745999999999995,0.2100417547296252,71257.41,86888.33,3.045e-05,0.0,0.0,False,2026-03-18.csv
2026-03-18 16:21:00,2026-03-18,71239.6,71245.7,71139.6,71196.9,65.938,167.488,233.426,-101.55,-0.4350415120852005,71175.19,86889.38,3.045e-05,0.0,0.024,False,2026-03-18.csv
2026-03-18 16:22:00,2026-03-18,71196.8,71230.0,71188.4,71229.9,30.489,15.276,45.765,15.213000000000001,0.33241560144215015,71204.96,86928.39,3.095e-05,0.0,0.001,False,2026-03-18.csv
2026-03-18 16:23:00,2026-03-18,71229.9,71243.5,71162.6,71216.8,40.086,57.025,97.111,-16.939,-0.17442926136071094,71198.11,86930.97,3.134e-05,0.0,0.0,False,2026-03-18.csv
2026-03-18 16:24:00,2026-03-18,71216.8,71260.3,71180.2,71189.8,28.3,46.675,74.975,-18.374999999999996,-0.24508169389796597,71210.14,86931.19,3.199e-05,0.0,0.0,False,2026-03-18.csv
2026-03-18 16:25:00,2026-03-18,71189.9,71189.9,71150.0,71157.8,42.133,33.743,75.876,8.39,0.11057514892719701,71164.74,86924.01,3.199e-05,0.0,0.157,False,2026-03-18.csv
2026-03-18 16:26:00,2026-03-18,71157.9,71172.0,71061.4,71109.4,193.879,192.629,386.508,1.25,0.0032340857110331484,71102.59,86914.06,3.279e-05,0.0,0.316,False,2026-03-18.csv
2026-03-18 16:27:00,2026-03-18,71109.2,71237.7,71090.1,71200.1,89.896,51.012,140.908,38.884,0.27595310415306445,71179.65,86880.42,3.258e-05,0.0,0.0,False,2026-03-18.csv
2026-03-18 16:28:00,2026-03-18,71200.0,71288.1,71195.1,71225.0,134.266,40.25,174.516,94.01599999999999,0.5387242430493479,71257.09,86862.35,3.258e-05,0.0,0.0,False,2026-03-18.csv
2026-03-18 16:29:00,2026-03-18,71225.1,71269.1,71208.4,71226.5,72.338,93.838,166.176,-21.5,-0.12938089736183325,71242.99,86881.19,3.352e-05,0.0,0.0,False,2026-03-18.csv
2026-03-18 16:30:00,2026-03-18,71226.5,71230.0,71190.1,71199.6,18.694,46.263,64.957,-27.569,-0.42441923118370617,71207.05,86858.26,3.457e-05,0.0,0.0,False,2026-03-18.csv
2026-03-18 16:31:00,2026-03-18,71199.6,71236.6,71168.7,71187.6,35.101,35.699,70.8,-0.597999999999999,-0.008446327683615805,71192.31,86853.73,3.487e-05,0.0,0.0,False,2026-03-18.csv
2026-03-18 16:32:00,2026-03-18,71187.7,71205.6,71144.3,71175.0,47.339,49.591,96.93,-2.2520000000000024,-0.023233261116269496,71174.65,86854.07,3.487e-05,0.0,0.0,False,2026-03-18.csv
2026-03-18 16:33:00,2026-03-18,71174.9,71252.8,71150.1,71228.5,128.311,34.416,162.727,93.89500000000001,0.5770093469430396,71204.78,86856.92,3.536e-05,0.0,0.0,False,2026-03-18.csv
2026-03-18 16:34:00,2026-03-18,71228.6,71249.0,71155.0,71208.2,68.748,73.088,141.836,-4.339999999999989,-0.030598719648044143,71211.29,86843.7,3.672e-05,0.0,0.0,False,2026-03-18.csv
2026-03-18 16:35:00,2026-03-18,71208.2,71215.5,71075.6,71093.4,109.254,152.645,261.899,-43.391000000000005,-0.1656783721969156,71113.96,86851.99,3.672e-05,0.0,0.704,False,2026-03-18.csv
2026-03-18 16:36:00,2026-03-18,71093.5,71094.3,71001.8,71029.8,147.543,166.907,314.45,-19.364000000000004,-0.06158053744633488,71036.65,86751.36,3.799e-05,0.0,4.077,False,2026-03-18.csv
2026-03-18 16:37:00,2026-03-18,71029.7,71177.9,71027.6,71177.9,129.987,53.11,183.097,76.877,0.41987034194989536,71099.33,86745.98,3.73e-05,0.0,0.0,False,2026-03-18.csv
2026-03-18 16:38:00,2026-03-18,71177.8,71207.0,71139.2,71144.3,48.928,51.089,100.017,-2.1610000000000014,-0.021606326924422863,71174.02,86742.01,3.848e-05,0.0,0.0,False,2026-03-18.csv
2026-03-18 16:39:00,2026-03-18,71144.2,71180.3,71109.1,71170.2,40.052,32.654,72.706,7.397999999999996,0.10175226253679195,71139.63,86717.97,3.848e-05,0.0,0.0,False,2026-03-18.csv
2026-03-18 16:40:00,2026-03-18,71170.2,71266.0,71169.3,71233.0,80.219,67.752,147.971,12.466999999999999,0.0842529955193923,71219.72,86721.14,3.905e-05,0.0,0.0,False,2026-03-18.csv
2026-03-18 16:41:00,2026-03-18,71232.9,71241.1,71201.4,71208.3,28.336,22.923,51.259,5.413,0.10560096763495191,71217.95,86738.14,4.003e-05,0.0,0.0,False,2026-03-18.csv
2026-03-18 16:42:00,2026-03-18,71208.4,71208.4,71155.2,71200.0,23.571,176.505,200.076,-152.934,-0.7643795357764049,71177.08,86693.03,4.003e-05,0.0,0.0,False,2026-03-18.csv
2026-03-18 16:43:00,2026-03-18,71200.0,71250.0,71200.0,71248.0,53.08,28.746,81.826,24.334,0.2973871385623152,71232.04,86669.7,4.037e-05,0.0,0.0,False,2026-03-18.csv
2026-03-18 16:44:00,2026-03-18,71248.0,71265.3,71222.9,71240.2,58.636,81.706,140.342,-23.07,-0.16438414729731654,71246.61,86676.84,4.113e-05,0.0,0.0,False,2026-03-18.csv
2026-03-18 16:45:00,2026-03-18,71240.2,71258.0,71227.0,71251.4,33.267,64.289,97.556,-31.022,-0.3179917175775965,71247.28,86670.89,4.196e-05,0.0,0.0,False,2026-03-18.csv
2026-03-18 16:46:00,2026-03-18,71251.4,71282.9,71224.4,71276.4,86.446,56.223,142.669,30.223,0.21183999327113806,71251.3,86695.03,4.196e-05,0.0,0.0,False,2026-03-18.csv
2026-03-18 16:47:00,2026-03-18,71276.4,71283.7,71252.7,71264.2,61.736,152.285,214.021,-90.549,-0.42308465057167294,71264.82,86762.17,4.239e-05,0.0,0.0,False,2026-03-18.csv
2026-03-18 16:48:00,2026-03-18,71264.1,71270.9,71249.9,71252.4,39.233,38.763,77.996,0.46999999999999886,0.006025950048720433,71263.03,86824.79,4.317e-05,0.0,0.0,False,2026-03-18.csv
2026-03-18 16:49:00,2026-03-18,71252.4,71271.5,71250.1,71260.2,24.127,13.471,37.598,10.655999999999999,0.2834193308154689,71263.11,86835.47,4.317e-05,0.0,0.0,False,2026-03-18.csv
2026-03-18 16:50:00,2026-03-18,71260.2,71332.4,71260.1,71307.9,127.497,31.709,159.206,95.788,0.6016607414293431,71305.79,86836.55,4.337e-05,0.193,0.0,False,2026-03-18.csv
2026-03-18 16:51:00,2026-03-18,71307.9,71336.3,71290.0,71319.0,58.58,72.236,130.816,-13.656000000000006,-0.10439090019569476,71312.4,86850.71,4.396e-05,0.017,0.0,False,2026-03-18.csv
2026-03-18 16:52:00,2026-03-18,71319.0,71319.0,71297.3,71307.4,23.655,22.413,46.068,1.2420000000000009,0.026960145871320677,71301.89,86859.05,4.482e-05,0.0,0.0,False,2026-03-18.csv
2026-03-18 16:53:00,2026-03-18,71307.7,71350.0,71298.3,71347.1,55.917,33.287,89.204,22.630000000000003,0.25368817541814276,71320.87,86869.3,4.482e-05,0.0,0.0,False,2026-03-18.csv
2026-03-18 16:54:00,2026-03-18,71347.1,71385.9,71347.0,71378.5,74.725,57.89,132.615,16.834999999999994,0.12694642385853783,71367.95,86871.02,4.533e-05,0.039,0.0,False,2026-03-18.csv
2026-03-18 16:55:00,2026-03-18,71378.7,71438.3,71350.0,71350.1,231.47,119.233,350.703,112.237,0.32003433104364665,71399.08,86864.61,4.638e-05,0.102,0.68,False,2026-03-18.csv
2026-03-18 16:56:00,2026-03-18,71350.1,71350.1,71267.0,71315.9,273.97,101.739,375.709,172.23100000000002,0.45841595490126674,71303.44,86914.87,4.638e-05,0.0,0.0,False,2026-03-18.csv
2026-03-18 16:57:00,2026-03-18,71315.9,71315.9,71260.0,71262.0,15.736,48.375,64.111,-32.638999999999996,-0.5091014022554631,71289.4,87051.94,4.679e-05,0.0,0.0,False,2026-03-18.csv
2026-03-18 16:58:00,2026-03-18,71261.9,71262.0,71227.5,71240.2,26.552,46.495,73.047,-19.942999999999998,-0.27301600339507437,71245.88,87049.24,4.671e-05,0.0,0.005,False,2026-03-18.csv
2026-03-18 16:59:00,2026-03-18,71240.3,71345.5,71227.5,71292.8,258.416,71.522,329.938,186.894,0.5664518788378423,71293.94,87034.22,4.669e-05,0.0,0.0,False,2026-03-18.csv
2026-03-18 17:00:00,2026-03-18,71292.8,71372.8,71273.0,71289.5,171.612,58.907,230.519,112.705,0.4889184839427552,71333.06,87199.22,4.669e-05,0.0,0.0,False,2026-03-18.csv
2026-03-18 17:01:00,2026-03-18,71289.5,71365.1,71289.4,71293.0,163.186,79.163,242.349,84.02300000000001,0.34670248278309385,71334.69,87301.41,4.755e-05,0.03,0.0,False,2026-03-18.csv
2026-03-18 17:02:00,2026-03-18,71292.8,71292.8,71227.5,71227.6,22.873,44.587,67.46,-21.714000000000002,-0.32187963237474065,71249.13,87375.99,4.801e-05,0.0,0.0,False,2026-03-18.csv
2026-03-18 17:03:00,2026-03-18,71227.5,71242.6,71164.7,71167.6,25.95,490.074,516.024,-464.124,-0.8994232826380169,71221.93,87377.46,4.801e-05,0.0,0.107,False,2026-03-18.csv
2026-03-18 17:04:00,2026-03-18,71167.6,71217.2,71167.6,71200.1,44.708,36.994,81.702,7.713999999999999,0.09441629335879169,71196.13,87341.19,4.786e-05,0.0,0.0,False,2026-03-18.csv
2026-03-18 17:05:00,2026-03-18,71200.1,71291.9,71200.1,71291.9,140.221,23.408,163.629,116.813,0.7138893472428482,71228.53,87340.22,4.838e-05,0.0,0.0,False,2026-03-18.csv
2026-03-18 17:06:00,2026-03-18,71291.9,71295.0,71220.3,71220.3,30.167,81.007,111.174,-50.84,-0.4573011675391728,71261.92,87288.86,4.972e-05,0.0,0.0,False,2026-03-18.csv
2026-03-18 17:07:00,2026-03-18,71220.2,71220.2,71174.2,71208.5,41.305,38.114,79.419,3.1910000000000025,0.04017930218209752,71193.0,87291.24,4.972e-05,0.0,0.0,False,2026-03-18.csv
2026-03-18 17:08:00,2026-03-18,71208.5,71232.9,71194.7,71230.0,29.464,15.77,45.234,13.693999999999999,0.3027368793385506,71215.32,87284.83,5.02e-05,0.0,0.014,False,2026-03-18.csv
2026-03-18 17:09:00,2026-03-18,71230.0,71295.0,71230.0,71233.5,41.77,29.912,71.682,11.858000000000004,0.16542507184509367,71268.78,87299.89,5.096e-05,0.0,0.0,False,2026-03-18.csv
2026-03-18 17:10:00,2026-03-18,71233.4,71258.6,71227.4,71231.8,18.142,22.513,40.655,-4.371000000000002,-0.10751445086705208,71241.41,87311.37,5.096e-05,0.0,0.0,False,2026-03-18.csv
2026-03-18 17:11:00,2026-03-18,71231.7,71263.7,71231.7,71252.5,18.104,12.284,30.388,5.8199999999999985,0.19152296959326043,71252.46,87317.74,5.224e-05,0.0,0.053,False,2026-03-18.csv
2026-03-18 17:12:00,2026-03-18,71252.5,71293.0,71252.3,71253.1,25.582,22.15,47.732,3.432000000000002,0.07190144976116655,71275.54,87317.84,5.265e-05,0.0,0.0,False,2026-03-18.csv
2026-03-18 17:13:00,2026-03-18,71253.1,71290.2,71235.9,71278.8,26.66,14.553,41.213,12.107,0.29376652997840486,71267.82,87320.84,5.355e-05,0.0,0.0,False,2026-03-18.csv
2026-03-18 17:14:00,2026-03-18,71278.8,71300.0,71252.8,71274.9,32.208,21.123,53.331,11.084999999999997,0.20785284356190578,71274.9,87316.79,5.355e-05,0.0,0.007,False,2026-03-18.csv
2026-03-18 17:15:00,2026-03-18,71275.0,71275.0,71243.6,71250.0,9.078,14.082,23.16,-5.004000000000001,-0.21606217616580317,71261.22,87308.9,5.425e-05,0.0,0.0,False,2026-03-18.csv
2026-03-18 17:16:00,2026-03-18,71250.0,71292.1,71250.0,71254.1,27.38,21.013,48.393,6.366999999999997,0.13156861529560054,71278.76,87307.36,5.441e-05,0.048,0.0,False,2026-03-18.csv
2026-03-18 17:17:00,2026-03-18,71254.0,71254.0,71176.3,71191.2,44.608,42.308,86.916,2.299999999999997,0.026462331446454015,71200.5,87299.46,5.441e-05,0.0,0.091,False,2026-03-18.csv
2026-03-18 17:18:00,2026-03-18,71191.1,71254.4,71170.0,71244.5,48.852,38.31,87.162,10.541999999999994,0.12094720176223576,71205.68,87275.9,5.505e-05,0.0,0.0,False,2026-03-18.csv
2026-03-18 17:19:00,2026-03-18,71244.5,71258.7,71218.3,71238.8,19.328,9.09,28.418,10.238,0.36026462101484974,71237.33,87266.22,5.488e-05,0.0,0.0,False,2026-03-18.csv
2026-03-18 17:20:00,2026-03-18,71238.9,71320.9,71238.8,71320.7,57.48,31.817,89.297,25.662999999999997,0.2873892739957669,71289.17,87270.35,5.574e-05,0.0,0.0,False,2026-03-18.csv
2026-03-18 17:21:00,2026-03-18,71320.8,71371.8,71311.8,71364.3,106.788,54.119,160.907,52.669,0.3273257223116458,71353.59,87272.73,5.574e-05,0.015,0.028,False,2026-03-18.csv
2026-03-18 17:22:00,2026-03-18,71364.2,71408.7,71353.6,71353.6,132.765,81.41,214.175,51.35499999999999,0.2397805532858643,71379.92,87293.29,5.767e-05,1.097,0.0,False,2026-03-18.csv
2026-03-18 17:23:00,2026-03-18,71353.7,71399.0,71341.4,71389.6,40.405,49.991,90.396,-9.585999999999999,-0.10604451524403732,71370.42,87326.18,5.995e-05,0.0,0.0,False,2026-03-18.csv
2026-03-18 17:24:00,2026-03-18,71389.5,71420.0,71383.1,71419.9,55.529,21.154,76.683,34.375,0.44827406335172065,71395.18,87320.09,5.995e-05,0.0,0.0,False,2026-03-18.csv
2026-03-18 17:25:00,2026-03-18,71420.0,71461.7,71389.0,71461.7,74.515,73.963,148.478,0.5520000000000067,0.003717722490874114,71426.01,87316.98,6.08e-05,0.234,0.0,False,2026-03-18.csv
2026-03-18 17:26:00,2026-03-18,71461.7,71461.7,71390.0,71400.1,56.259,45.755,102.014,10.503999999999998,0.10296625953300526,71422.82,87310.39,6.17e-05,0.0,0.0,False,2026-03-18.csv
2026-03-18 17:27:00,2026-03-18,71400.0,71403.5,71340.0,71386.5,32.04,38.65,70.69,-6.609999999999999,-0.09350686094214174,71372.33,87298.71,6.207e-05,0.0,0.0,False,2026-03-18.csv
2026-03-18 17:28:00,2026-03-18,71386.7,71465.8,71386.7,71454.8,73.271,40.511,113.782,32.76,0.2879190030057478,71438.66,87297.14,6.207e-05,0.0,0.0,False,2026-03-18.csv
2026-03-18 17:29:00,2026-03-18,71454.7,71454.8,71429.9,71430.4,35.235,30.061,65.296,5.1739999999999995,0.07923915706934573,71438.34,87322.41,6.234e-05,0.0,0.0,False,2026-03-18.csv
2026-03-18 17:30:00,2026-03-18,71430.4,71486.0,71430.4,71446.8,50.98,43.659,94.639,7.320999999999998,0.07735711493147643,71460.3,87303.93,6.403e-05,0.004,0.0,False,2026-03-18.csv
2026-03-18 17:31:00,2026-03-18,71446.7,71456.5,71364.1,71371.9,46.161,44.872,91.033,1.2890000000000015,0.014159700328452336,71405.97,87299.58,6.403e-05,0.0,0.0,False,2026-03-18.csv
2026-03-18 17:32:00,2026-03-18,71371.9,71372.0,71311.7,71311.7,28.894,109.735,138.629,-80.84100000000001,-0.5831463835128293,71348.56,87274.18,6.494e-05,0.0,0.0,False,2026-03-18.csv
2026-03-18 17:33:00,2026-03-18,71311.8,71356.9,71311.7,71356.9,56.562,108.919,165.481,-52.357,-0.31639281851088646,71336.69,87201.35,6.442e-05,0.0,0.0,False,2026-03-18.csv
2026-03-18 17:34:00,2026-03-18,71356.9,71406.5,71351.3,71397.8,32.319,12.216,44.535,20.103,0.45139777702930284,71385.32,87198.1,6.471e-05,0.0,0.0,False,2026-03-18.csv
2026-03-18 17:35:00,2026-03-18,71397.9,71456.8,71397.8,71437.8,44.66,31.953,76.613,12.706999999999997,0.16585957996684633,71435.17,87195.66,6.471e-05,0.0,0.0,False,2026-03-18.csv
2026-03-18 17:36:00,2026-03-18,71437.9,71485.7,71437.8,71469.2,75.51,25.525,101.035,49.98500000000001,0.49472954916613066,71462.64,87208.8,6.569e-05,0.0,0.0,False,2026-03-18.csv
2026-03-18 17:37:00,2026-03-18,71469.3,71499.9,71436.4,71493.1,148.735,48.744,197.479,99.99100000000001,0.5063373827090476,71465.75,87192.13,6.633e-05,0.044,0.0,False,2026-03-18.csv
2026-03-18 17:38:00,2026-03-18,71493.0,71595.8,71488.2,71542.7,271.117,137.812,408.929,133.305,0.32598568455648785,71548.88,87167.96,6.633e-05,0.16,0.0,False,2026-03-18.csv
2026-03-18 17:39:00,2026-03-18,71542.8,71633.8,71531.2,71629.8,221.168,117.545,338.713,103.623,0.30593157038554764,71587.04,87158.12,6.686e-05,2.964,0.0,False,2026-03-18.csv
2026-03-18 17:40:00,2026-03-18,71629.9,71698.0,71615.1,71663.5,279.794,182.2,461.994,97.594,0.2112451676861604,71646.82,87107.71,6.771e-05,0.041,0.0,False,2026-03-18.csv
2026-03-18 17:41:00,2026-03-18,71663.5,71663.5,71560.0,71560.0,103.999,177.213,281.212,-73.214,-0.2603516208412159,71605.54,87051.51,6.878e-05,0.0,0.0,False,2026-03-18.csv
2026-03-18 17:42:00,2026-03-18,71560.0,71560.1,71526.0,71531.7,82.98,81.506,164.486,1.4740000000000038,0.008961248981676275,71541.0,87010.82,6.878e-05,0.0,0.0,False,2026-03-18.csv
2026-03-18 17:43:00,2026-03-18,71531.8,71560.6,71459.7,71560.5,127.491,72.886,200.377,54.605000000000004,0.2725113161690214,71501.42,86999.33,6.846e-05,0.0,0.0,False,2026-03-18.csv
2026-03-18 17:44:00,2026-03-18,71560.5,71611.2,71535.1,71579.8,82.69,70.284,152.974,12.405999999999992,0.08109874880698675,71576.54,86948.33,6.798e-05,0.0,0.0,False,2026-03-18.csv
2026-03-18 17:45:00,2026-03-18,71580.0,71580.0,71538.5,71555.5,23.002,57.853,80.855,-34.851,-0.4310308577082431,71558.54,86937.59,6.798e-05,0.002,0.0,False,2026-03-18.csv
2026-03-18 17:46:00,2026-03-18,71555.5,71600.0,71549.0,71599.8,48.274,23.018,71.292,25.256,0.3542613476967963,71573.45,86930.76,6.857e-05,0.0,0.0,False,2026-03-18.csv
2026-03-18 17:47:00,2026-03-18,71599.8,71697.6,71599.8,71687.9,128.021,72.61,200.631,55.41099999999999,0.2761836406138632,71648.58,86926.09,6.862e-05,0.059,0.0,False,2026-03-18.csv
2026-03-18 17:48:00,2026-03-18,71688.0,71722.2,71646.9,71655.0,111.513,180.891,292.404,-69.37799999999999,-0.23726761603808424,71689.09,86933.74,6.942e-05,0.061,0.0,False,2026-03-18.csv
2026-03-18 17:49:00,2026-03-18,71654.9,71654.9,71593.7,71625.1,45.473,45.956,91.429,-0.4830000000000041,-0.005282787736932528,71612.87,86876.13,6.942e-05,0.0,0.0,False,2026-03-18.csv
2026-03-18 17:50:00,2026-03-18,71625.0,71662.8,71615.6,71656.2,31.14,26.31,57.45,4.830000000000002,0.08407310704960838,71647.78,86889.1,6.945e-05,0.0,0.0,False,2026-03-18.csv
2026-03-18 17:51:00,2026-03-18,71656.2,71656.2,71590.7,71591.2,55.075,59.48,114.555,-4.404999999999994,-0.03845314477761769,71622.39,86887.2,6.919e-05,0.0,0.0,False,2026-03-18.csv
2026-03-18 17:52:00,2026-03-18,71591.0,71600.4,71550.0,71581.5,52.284,70.62,122.904,-18.336000000000006,-0.1491896114040227,71575.62,86887.23,6.919e-05,0.0,0.0,False,2026-03-18.csv
2026-03-18 17:53:00,2026-03-18,71581.5,71581.5,71524.9,71537.1,23.015,128.643,151.658,-105.628,-0.6964881509712644,71543.9,86859.18,6.911e-05,0.0,0.0,False,2026-03-18.csv
2026-03-18 17:54:00,2026-03-18,71537.2,71557.4,71519.0,71539.3,27.992,57.14,85.132,-29.148,-0.34238594183150867,71534.57,86809.45,6.859e-05,0.0,0.0,False,2026-03-18.csv
2026-03-18 17:55:00,2026-03-18,71539.4,71596.3,71539.3,71596.3,31.377,30.819,62.196,0.5579999999999998,0.008971638047462857,71573.91,86787.67,6.816e-05,0.0,0.0,False,2026-03-18.csv
2026-03-18 17:56:00,2026-03-18,71596.3,71659.4,71574.1,71617.7,150.166,70.813,220.979,79.353,0.3590974708003927,71618.49,86797.45,6.816e-05,0.0,0.0,False,2026-03-18.csv
2026-03-18 17:57:00,2026-03-18,71617.6,71617.6,71593.0,71606.8,35.296,38.547,73.843,-3.2509999999999977,-0.04402583860352366,71602.52,86864.28,6.876e-05,0.0,0.0,False,2026-03-18.csv
2026-03-18 17:58:00,2026-03-18,71606.8,71608.9,71531.4,71551.6,18.301,77.147,95.448,-58.846000000000004,-0.6165241807057247,71563.17,86854.97,6.838e-05,0.0,0.0,False,2026-03-18.csv
2026-03-18 17:59:00,2026-03-18,71551.7,71600.7,71530.0,71600.6,116.929,78.947,195.876,37.982,0.19390839102289203,71565.84,86870.76,6.796e-05,0.0,0.0,False,2026-03-18.csv
2026-03-18 18:00:00,2026-03-18,71600.6,71600.7,71556.3,71556.7,49.628,50.113,99.741,-0.48499999999999943,-0.004862594118767602,71580.94,86855.79,6.796e-05,0.0,0.0,False,2026-03-18.csv
2026-03-18 18:01:00,2026-03-18,71556.6,71899.9,71553.3,71752.8,921.378,352.866,1274.244,568.5120000000001,0.4461563091527212,71772.82,86674.82,6.811e-05,0.25,0.0,False,2026-03-18.csv
2026-03-18 18:02:00,2026-03-18,71752.9,71883.7,71687.0,71725.4,329.99,212.555,542.545,117.435,0.21645209153157804,71794.01,86626.61,6.899e-05,0.0,0.0,False,2026-03-18.csv
2026-03-18 18:03:00,2026-03-18,71725.3,71763.9,71679.0,71763.9,239.604,100.714,340.318,138.89000000000001,0.4081182893646531,71708.51,86600.55,6.899e-05,0.0,0.0,False,2026-03-18.csv
2026-03-18 18:04:00,2026-03-18,71763.9,71842.0,71745.1,71833.2,156.433,73.664,230.097,82.76899999999999,0.35971351212749403,71788.12,86612.09,6.931e-05,0.0,0.0,False,2026-03-18.csv
2026-03-18 18:05:00,2026-03-18,71833.3,71944.9,71830.6,71887.0,289.735,166.607,456.342,123.12800000000001,0.26981518247279457,71902.96,86537.9,6.887e-05,3.103,0.0,False,2026-03-18.csv
2026-03-18 18:06:00,2026-03-18,71886.9,71893.4,71800.0,71841.0,102.192,290.248,392.44,-188.05599999999998,-0.479196819896035,71847.12,86556.68,6.941e-05,0.0,0.0,False,2026-03-18.csv
2026-03-18 18:07:00,2026-03-18,71841.0,71869.4,71819.3,71850.8,77.989,53.971,131.96,24.018000000000008,0.1820096999090634,71839.85,86592.64,6.941e-05,0.0,0.0,False,2026-03-18.csv
2026-03-18 18:08:00,2026-03-18,71850.7,71980.5,71847.1,71860.0,236.965,155.079,392.044,81.886,0.20886941261695116,71915.41,86579.42,6.873e-05,0.039,0.0,False,2026-03-18.csv
2026-03-18 18:09:00,2026-03-18,71860.0,71913.8,71837.3,71865.7,86.052,53.007,139.059,33.04500000000001,0.23763294716631078,71868.06,86578.75,6.859e-05,0.0,0.0,False,2026-03-18.csv
2026-03-18 18:10:00,2026-03-18,71865.7,71890.1,71800.0,71800.1,54.347,118.317,172.664,-63.96999999999999,-0.37048834731038316,71842.43,86575.93,6.859e-05,0.0,0.0,False,2026-03-18.csv
2026-03-18 18:11:00,2026-03-18,71800.0,71860.0,71745.5,71752.7,72.344,168.207,240.551,-95.863,-0.39851424438060956,71798.12,86562.32,6.793e-05,0.0,0.0,False,2026-03-18.csv
2026-03-18 18:12:00,2026-03-18,71752.7,71840.0,71752.7,71821.4,82.224,64.036,146.26,18.188000000000002,0.124353890332285,71799.65,86564.44,6.759e-05,0.0,0.0,False,2026-03-18.csv
2026-03-18 18:13:00,2026-03-18,71821.4,71886.5,71818.2,71868.4,58.31,53.182,111.492,5.128,0.04599433143185161,71846.97,86561.32,6.706e-05,0.0,0.0,False,2026-03-18.csv
2026-03-18 18:14:00,2026-03-18,71868.4,71900.0,71777.8,71843.8,96.098,222.446,318.544,-126.348,-0.39664222211060324,71828.58,86444.55,6.706e-05,0.0,0.0,False,2026-03-18.csv
2026-03-18 18:15:00,2026-03-18,71843.8,71849.1,71811.4,71843.7,44.743,31.816,76.559,12.927000000000003,0.16885016784440762,71829.34,86445.8,6.763e-05,0.0,0.0,False,2026-03-18.csv
2026-03-18 18:16:00,2026-03-18,71843.8,71843.8,71628.5,71681.5,158.175,266.209,424.384,-108.03399999999999,-0.25456661891117477,71704.44,86405.51,6.739e-05,0.0,2.445,False,2026-03-18.csv
2026-03-18 18:17:00,2026-03-18,71681.4,71784.0,71681.4,71780.0,98.267,81.456,179.723,16.810999999999993,0.09353838963293508,71747.6,86431.27,6.739e-05,0.0,0.0,False,2026-03-18.csv
2026-03-18 18:18:00,2026-03-18,71779.9,71819.1,71740.4,71740.5,196.613,96.699,293.312,99.914,0.34064068295876065,71791.52,86534.67,6.691e-05,0.0,0.0,False,2026-03-18.csv
2026-03-18 18:19:00,2026-03-18,71740.4,71745.4,71655.0,71659.0,35.289,64.456,99.745,-29.167,-0.2924156599328287,71694.87,86526.18,6.731e-05,0.0,0.0,False,2026-03-18.csv
2026-03-18 18:20:00,2026-03-18,71658.9,71680.7,71570.3,71615.2,137.409,207.118,344.527,-69.709,-0.2023324732169032,71618.89,86517.1,6.676e-05,0.0,1.82,False,2026-03-18.csv
2026-03-18 18:21:00,2026-03-18,71615.1,71678.0,71609.9,71627.3,121.573,87.527,209.1,34.04599999999999,0.1628216164514586,71640.92,86515.44,6.676e-05,0.0,0.0,False,2026-03-18.csv
2026-03-18 18:22:00,2026-03-18,71627.3,71627.3,71517.6,71561.1,89.333,125.172,214.505,-35.839,-0.16707769049672502,71558.78,86489.78,6.608e-05,0.0,0.034,False,2026-03-18.csv
2026-03-18 18:23:00,2026-03-18,71561.0,71599.0,71543.1,71555.4,86.916,76.425,163.341,10.491,0.06422759748011828,71566.57,86507.92,6.581e-05,0.0,0.0,False,2026-03-18.csv
2026-03-18 18:24:00,2026-03-18,71555.4,71626.2,71555.4,71595.0,135.991,73.791,209.782,62.20000000000002,0.296498269632285,71592.11,86557.37,6.581e-05,0.0,0.0,False,2026-03-18.csv
2026-03-18 18:25:00,2026-03-18,71595.1,71619.7,71528.5,71615.5,43.927,48.172,92.099,-4.244999999999997,-0.04609170566455659,71564.68,86542.63,6.572e-05,0.0,0.0,False,2026-03-18.csv
2026-03-18 18:26:00,2026-03-18,71615.4,71615.5,71560.0,71591.2,31.864,53.595,85.459,-21.730999999999998,-0.25428568085280656,71590.71,86542.5,6.596e-05,0.0,0.0,False,2026-03-18.csv
2026-03-18 18:27:00,2026-03-18,71591.1,71614.6,71558.0,71614.6,20.224,31.199,51.423,-10.975000000000001,-0.21342589891682712,71582.21,86544.9,6.616e-05,0.0,0.0,False,2026-03-18.csv
2026-03-18 18:28:00,2026-03-18,71614.6,71641.7,71592.4,71611.4,63.794,39.205,102.999,24.589,0.23873047311138942,71620.8,86552.22,6.616e-05,0.0,0.002,False,2026-03-18.csv
2026-03-18 18:29:00,2026-03-18,71611.5,71634.5,71594.9,71619.6,31.558,23.655,55.213,7.902999999999999,0.14313658015322475,71608.65,86542.1,6.63e-05,0.0,0.0,False,2026-03-18.csv
2026-03-18 18:30:00,2026-03-18,71619.7,71650.0,71607.3,71649.9,30.654,22.249,52.903,8.405000000000001,0.15887567812789447,71627.67,86556.35,6.615e-05,0.0,0.0,False,2026-03-18.csv
2026-03-18 18:31:00,2026-03-18,71649.9,71812.5,71621.9,71804.6,78.999,90.12,169.119,-11.12100000000001,-0.06575843045429555,71707.89,86567.16,6.615e-05,0.48,0.0,False,2026-03-18.csv
2026-03-18 18:32:00,2026-03-18,71804.5,71814.2,71712.3,71738.8,71.412,94.916,166.328,-23.50399999999999,-0.141311144245106,71756.46,86582.27,6.611e-05,0.0,0.0,False,2026-03-18.csv
2026-03-18 18:33:00,2026-03-18,71738.7,71766.9,71676.5,71676.5,27.137,47.777,74.914,-20.64,-0.2755159249272499,71723.25,86586.72,6.677e-05,0.0,0.0,False,2026-03-18.csv
2026-03-18 18:34:00,2026-03-18,71676.5,71690.0,71600.4,71605.7,50.577,78.703,129.28,-28.126000000000005,-0.2175587871287129,71641.83,86593.76,6.576e-05,0.0,1.348,False,2026-03-18.csv
2026-03-18 18:35:00,2026-03-18,71605.7,71626.0,71436.5,71436.5,94.641,226.836,321.477,-132.195,-0.4112113774857922,71543.18,86600.5,6.576e-05,0.0,0.647,False,2026-03-18.csv
2026-03-18 18:36:00,2026-03-18,71436.5,71534.9,71436.5,71483.7,83.218,101.383,184.601,-18.164999999999992,-0.09840141711041647,71488.66,86582.66,6.467e-05,0.0,0.286,False,2026-03-18.csv
2026-03-18 18:37:00,2026-03-18,71483.6,71638.0,71483.6,71638.0,77.207,40.182,117.389,37.02499999999999,0.3154043394185144,71542.35,86584.76,6.264e-05,0.0,0.0,False,2026-03-18.csv
2026-03-18 18:38:00,2026-03-18,71637.9,71715.7,71573.2,71573.2,51.256,67.449,118.705,-16.192999999999998,-0.13641379891327238,71663.13,86577.38,6.264e-05,0.248,0.0,False,2026-03-18.csv
2026-03-18 18:39:00,2026-03-18,71573.1,71587.1,71512.1,71530.0,47.867,46.112,93.979,1.7549999999999955,0.018674384702965507,71550.5,86568.92,6.32e-05,0.0,0.008,False,2026-03-18.csv
2026-03-18 18:40:00,2026-03-18,71530.0,71592.5,71518.8,71543.6,35.543,27.206,62.749,8.337,0.13286267510239205,71557.09,86562.92,6.252e-05,0.0,0.0,False,2026-03-18.csv
2026-03-18 18:41:00,2026-03-18,71543.8,71572.5,71507.6,71546.9,40.133,54.813,94.946,-14.68,-0.15461420175678806,71540.87,86557.38,6.143e-05,0.0,0.0,False,2026-03-18.csv
2026-03-18 18:42:00,2026-03-18,71546.9,71619.8,71522.5,71537.3,108.322,39.935,148.257,68.387,0.46127332942120775,71591.85,86573.72,6.143e-05,0.0,0.0,False,2026-03-18.csv
2026-03-18 18:43:00,2026-03-18,71537.3,71650.5,71537.3,71614.2,34.713,21.382,56.095,13.331,0.23765041447544344,71610.02,86571.25,6.119e-05,0.0,0.0,False,2026-03-18.csv
2026-03-18 18:44:00,2026-03-18,71614.3,71662.7,71565.9,71592.2,26.374,41.496,67.87,-15.122000000000003,-0.22280831000442025,71611.71,86571.37,6.106e-05,0.0,0.0,False,2026-03-18.csv
2026-03-18 18:45:00,2026-03-18,71592.2,71602.4,71568.1,71574.8,38.963,15.673,54.636,23.29,0.426275715645362,71583.61,86560.87,6.106e-05,0.0,0.0,False,2026-03-18.csv
2026-03-18 18:46:00,2026-03-18,71574.9,71576.4,71490.9,71491.0,35.88,38.755,74.635,-2.875,-0.03852080123266564,71523.83,86549.61,6.01e-05,0.0,0.0,False,2026-03-18.csv
2026-03-18 18:47:00,2026-03-18,71491.0,71494.4,71355.4,71455.0,124.564,224.717,349.281,-100.15300000000002,-0.2867404754338198,71416.75,86496.62,5.886e-05,0.0,0.351,False,2026-03-18.csv
2026-03-18 18:48:00,2026-03-18,71455.0,71499.6,71440.1,71468.5,36.716,35.014,71.73,1.7019999999999982,0.023727868395371506,71473.28,86507.69,5.719e-05,0.0,0.0,False,2026-03-18.csv
2026-03-18 18:49:00,2026-03-18,71468.4,71468.4,71413.6,71436.5,37.902,37.134,75.036,0.7680000000000007,0.01023508715816409,71436.34,86508.77,5.719e-05,0.0,0.0,False,2026-03-18.csv
2026-03-18 18:50:00,2026-03-18,71436.6,71436.6,71370.0,71370.1,28.663,70.107,98.77,-41.444,-0.41960109344942803,71403.98,86531.82,5.679e-05,0.0,0.0,False,2026-03-18.csv
2026-03-18 18:51:00,2026-03-18,71370.0,71373.8,71309.7,71341.6,83.585,105.936,189.521,-22.351000000000013,-0.11793416033051754,71339.09,86510.01,5.598e-05,0.0,0.655,False,2026-03-18.csv
2026-03-18 18:52:00,2026-03-18,71341.6,71438.6,71341.6,71428.7,103.645,40.224,143.869,63.421,0.4408246390813865,71395.31,86501.7,5.598e-05,0.0,0.0,False,2026-03-18.csv
2026-03-18 18:53:00,2026-03-18,71428.7,71428.7,71278.4,71289.8,65.214,102.961,168.175,-37.747,-0.22445072097517466,71355.99,86537.6,5.475e-05,0.0,0.211,False,2026-03-18.csv
2026-03-18 18:54:00,2026-03-18,71289.7,71336.3,71235.0,71246.9,106.537,145.629,252.166,-39.091999999999985,-0.15502486457333656,71278.32,86537.42,5.492e-05,0.0,0.223,False,2026-03-18.csv
2026-03-18 18:55:00,2026-03-18,71246.9,71274.5,71046.7,71054.6,353.216,1035.595,1388.811,-682.379,-0.4913404343715596,71142.13,86358.87,5.432e-05,0.0,3.502,False,2026-03-18.csv
2026-03-18 18:56:00,2026-03-18,71054.7,71103.3,71035.0,71063.9,206.929,223.161,430.09,-16.232,-0.037740937943221184,71060.6,86358.87,5.432e-05,0.0,0.158,False,2026-03-18.csv
2026-03-18 18:57:00,2026-03-18,71064.0,71137.9,70980.0,71000.2,189.883,326.873,516.756,-136.98999999999998,-0.2650960995131164,71055.47,86382.44,5.318e-05,0.0,0.0,False,2026-03-18.csv
2026-03-18 18:58:00,2026-03-18,70999.2,71024.2,70942.9,70960.4,221.235,199.0,420.235,22.235000000000014,0.052910871298202225,70989.35,86412.07,5.256e-05,0.0,1.106,False,2026-03-18.csv
2026-03-18 18:59:00,2026-03-18,70960.5,70987.8,70904.5,70986.3,170.506,193.136,363.642,-22.629999999999995,-0.06223153541120111,70936.39,86378.27,5.256e-05,0.0,0.44,False,2026-03-18.csv
2026-03-18 19:00:00,2026-03-18,70986.3,71090.3,70978.0,71066.5,304.713,100.073,404.786,204.64000000000004,0.5055510813121008,71033.12,86376.49,5.184e-05,0.0,0.0,False,2026-03-18.csv
2026-03-18 19:01:00,2026-03-18,71066.5,71172.6,71046.0,71172.6,275.042,176.94,451.982,98.10199999999998,0.21704846653185297,71121.84,86379.96,5.134e-05,0.076,0.018,False,2026-03-18.csv
2026-03-18 19:02:00,2026-03-18,71172.5,71186.4,71103.1,71137.3,125.515,108.036,233.551,17.479,0.07484018479903747,71145.49,86377.1,5.227e-05,0.0,0.0,False,2026-03-18.csv
2026-03-18 19:03:00,2026-03-18,71137.3,71271.9,71137.2,71254.0,265.246,125.201,390.447,140.045,0.35867864268389815,71218.76,86424.63,5.227e-05,0.206,0.0,False,2026-03-18.csv
2026-03-18 19:04:00,2026-03-18,71254.1,71292.8,71227.8,71281.2,122.072,61.194,183.266,60.878,0.33218382023943344,71258.3,86434.24,5.253e-05,0.133,0.0,False,2026-03-18.csv
2026-03-18 19:05:00,2026-03-18,71281.2,71321.1,71259.3,71321.0,69.464,40.562,110.026,28.902,0.2626833657499137,71285.03,86466.11,5.278e-05,0.123,0.0,False,2026-03-18.csv
2026-03-18 19:06:00,2026-03-18,71321.1,71342.0,71281.7,71320.7,40.39,60.544,100.934,-20.153999999999996,-0.19967503517149818,71320.68,86474.08,5.278e-05,2.26,0.0,False,2026-03-18.csv
2026-03-18 19:07:00,2026-03-18,71320.8,71356.6,71280.7,71301.6,45.809,53.955,99.764,-8.146,-0.08165270037288001,71322.18,86470.9,5.262e-05,0.002,0.0,False,2026-03-18.csv
2026-03-18 19:08:00,2026-03-18,71301.8,71302.9,71239.5,71259.9,25.001,54.699,79.7,-29.697999999999997,-0.37262233375156834,71258.58,86457.01,5.313e-05,0.0,0.0,False,2026-03-18.csv
2026-03-18 19:09:00,2026-03-18,71259.9,71306.7,71231.2,71286.4,61.0,68.324,129.324,-7.323999999999998,-0.05663295289350776,71263.36,86461.44,5.177e-05,0.0,0.0,False,2026-03-18.csv
2026-03-18 19:10:00,2026-03-18,71286.3,71392.1,71275.7,71384.7,115.731,88.733,204.464,26.99799999999999,0.13204280460129897,71350.42,86454.02,5.177e-05,0.0,0.0,False,2026-03-18.csv
2026-03-18 19:11:00,2026-03-18,71384.8,71384.8,71287.6,71287.6,59.515,87.717,147.232,-28.201999999999998,-0.19154803303629644,71337.06,86415.82,5.102e-05,0.0,0.0,False,2026-03-18.csv
2026-03-18 19:12:00,2026-03-18,71287.5,71312.4,71252.4,71284.8,103.351,40.688,144.039,62.663,0.4350418983747457,71281.15,86409.8,5.104e-05,0.0,0.0,False,2026-03-18.csv
2026-03-18 19:13:00,2026-03-18,71284.8,71292.1,71260.0,71274.4,23.127,20.297,43.424,2.8299999999999983,0.06517133382461308,71277.6,86392.29,5.104e-05,0.0,0.0,False,2026-03-18.csv
2026-03-18 19:14:00,2026-03-18,71274.5,71341.9,71267.3,71318.7,43.844,17.176,61.02,26.668000000000003,0.43703703703703706,71309.78,86387.49,4.985e-05,0.0,0.01,False,2026-03-18.csv
2026-03-18 19:15:00,2026-03-18,71318.8,71326.9,71298.2,71298.2,14.785,23.776,38.561,-8.991,-0.23316304037758356,71309.64,86400.04,4.949e-05,0.0,0.05,False,2026-03-18.csv
2026-03-18 19:16:00,2026-03-18,71298.3,71328.3,71273.8,71316.5,34.778,33.973,68.751,0.8049999999999997,0.011708920597518577,71295.85,86395.65,4.967e-05,0.0,0.0,False,2026-03-18.csv
2026-03-18 19:17:00,2026-03-18,71316.4,71350.0,71281.8,71285.7,20.763,26.731,47.494,-5.968,-0.12565797784983365,71313.01,86395.47,4.967e-05,0.0,0.0,False,2026-03-18.csv
2026-03-18 19:18:00,2026-03-18,71285.7,71337.2,71280.0,71312.4,25.062,24.535,49.597,0.527000000000001,0.010625642680000828,71313.85,86400.38,4.941e-05,0.0,0.0,False,2026-03-18.csv
2026-03-18 19:19:00,2026-03-18,71312.3,71430.8,71312.3,71411.3,73.502,31.469,104.971,42.032999999999994,0.40042487925236486,71388.04,86398.62,4.886e-05,0.255,0.0,False,2026-03-18.csv
2026-03-18 19:20:00,2026-03-18,71411.6,71460.3,71379.4,71401.2,99.044,61.639,160.683,37.404999999999994,0.23278753819632442,71424.69,86397.46,4.886e-05,0.418,0.0,False,2026-03-18.csv
2026-03-18 19:21:00,2026-03-18,71401.2,71408.0,71350.0,71368.7,19.281,36.325,55.606,-17.044000000000004,-0.30651368557349934,71378.52,86423.12,4.946e-05,0.0,0.015,False,2026-03-18.csv
2026-03-18 19:22:00,2026-03-18,71368.7,71373.0,71280.5,71299.5,20.632,50.452,71.084,-29.819999999999997,-0.41950368578020364,71317.33,86425.77,4.929e-05,0.0,0.0,False,2026-03-18.csv
2026-03-18 19:23:00,2026-03-18,71299.5,71360.0,71299.5,71315.4,18.542,22.191,40.733,-3.6489999999999974,-0.08958338447941466,71338.76,86430.03,4.86e-05,0.0,0.0,False,2026-03-18.csv
2026-03-18 19:24:00,2026-03-18,71315.3,71315.4,71254.8,71296.6,30.571,85.914,116.485,-55.343,-0.4751083830536121,71271.37,86432.04,4.86e-05,0.0,0.0,False,2026-03-18.csv
2026-03-18 19:25:00,2026-03-18,71296.6,71306.8,71251.6,71260.0,26.614,40.469,67.083,-13.855,-0.20653518775248575,71269.82,86428.59,4.835e-05,0.0,0.0,False,2026-03-18.csv
2026-03-18 19:26:00,2026-03-18,71260.1,71260.1,71163.5,71175.4,47.418,92.22,139.638,-44.802,-0.3208438963605895,71205.38,86410.46,4.714e-05,0.0,0.0,False,2026-03-18.csv
2026-03-18 19:27:00,2026-03-18,71175.4,71254.3,71175.4,71250.0,54.431,23.465,77.896,30.965999999999998,0.3975300400534045,71212.97,86397.21,4.714e-05,0.0,0.0,False,2026-03-18.csv
2026-03-18 19:28:00,2026-03-18,71250.0,71269.6,71218.4,71238.3,137.554,46.911,184.465,90.643,0.4913831892228878,71240.27,86396.7,4.607e-05,0.0,0.0,False,2026-03-18.csv
2026-03-18 19:29:00,2026-03-18,71238.2,71273.6,71193.3,71270.0,50.38,24.369,74.749,26.011000000000003,0.3479778993698913,71231.18,86492.32,4.646e-05,0.0,0.0,False,2026-03-18.csv
2026-03-18 19:30:00,2026-03-18,71270.0,71274.1,71218.7,71248.9,25.563,25.035,50.598,0.5279999999999987,0.01043519506699867,71243.61,86493.41,4.644e-05,0.0,0.0,False,2026-03-18.csv
2026-03-18 19:31:00,2026-03-18,71248.8,71327.9,71214.9,71219.1,114.518,92.008,206.526,22.510000000000005,0.10899354076484319,71264.18,86479.43,4.644e-05,0.0,0.0,False,2026-03-18.csv
2026-03-18 19:32:00,2026-03-18,71219.1,71253.2,71168.4,71190.0,98.171,148.553,246.724,-50.38199999999999,-0.20420388774501058,71203.69,86565.16,4.637e-05,0.0,0.0,False,2026-03-18.csv
2026-03-18 19:33:00,2026-03-18,71190.1,71227.4,71129.6,71211.8,210.238,94.759,304.997,115.479,0.37862339629570124,71177.24,86558.84,4.585e-05,0.0,0.029,False,2026-03-18.csv
2026-03-18 19:34:00,2026-03-18,71211.7,71223.9,71135.3,71138.1,70.726,109.569,180.295,-38.843,-0.21544135999334427,71170.96,86689.46,4.527e-05,0.038,3.812,False,2026-03-18.csv
2026-03-18 19:35:00,2026-03-18,71138.2,71158.3,71052.3,71123.7,108.534,277.524,386.058,-168.99,-0.43773215423589207,71113.38,86676.23,4.527e-05,0.0,0.005,False,2026-03-18.csv
2026-03-18 19:36:00,2026-03-18,71123.6,71135.0,71095.1,71127.8,40.449,43.792,84.241,-3.3430000000000035,-0.039683764437744136,71114.15,86613.09,4.426e-05,0.0,0.0,False,2026-03-18.csv
2026-03-18 19:37:00,2026-03-18,71127.8,71146.6,71121.0,71141.3,22.252,25.408,47.66,-3.1560000000000024,-0.06621905161561063,71136.1,86599.39,4.346e-05,0.0,0.0,False,2026-03-18.csv
2026-03-18 19:38:00,2026-03-18,71141.2,71150.0,71100.1,71134.9,26.853,42.979,69.832,-16.125999999999998,-0.23092565013174474,71131.89,86604.51,4.346e-05,0.0,0.0,False,2026-03-18.csv
2026-03-18 19:39:00,2026-03-18,71134.9,71156.8,71083.6,71101.0,227.519,67.963,295.482,159.556,0.5399855151921268,71142.3,86606.14,4.327e-05,0.0,0.202,False,2026-03-18.csv
2026-03-18 19:40:00,2026-03-18,71100.9,71108.3,71077.0,71077.0,32.371,54.705,87.076,-22.333999999999996,-0.25648858468464325,71093.67,86723.63,4.309e-05,0.0,0.0,False,2026-03-18.csv
2026-03-18 19:41:00,2026-03-18,71077.1,71110.0,71077.0,71092.0,39.798,38.6,78.398,1.1980000000000004,0.01528100206637925,71097.65,86716.3,4.213e-05,0.0,0.006,False,2026-03-18.csv
2026-03-18 19:42:00,2026-03-18,71091.9,71093.7,70992.0,70994.6,44.284,132.68,176.964,-88.39600000000002,-0.49951402545150436,71028.6,86719.54,4.213e-05,0.0,0.133,False,2026-03-18.csv
2026-03-18 19:43:00,2026-03-18,70994.6,71050.0,70994.6,71050.0,120.885,28.939,149.824,91.946,0.6136934002563007,71034.73,86688.33,4.094e-05,0.0,0.0,False,2026-03-18.csv
2026-03-18 19:44:00,2026-03-18,71049.9,71065.9,70955.6,71023.3,274.448,135.284,409.732,139.164,0.33964640301465343,71005.19,86729.78,3.989e-05,0.0,0.471,False,2026-03-18.csv
2026-03-18 19:45:00,2026-03-18,71023.3,71050.0,70984.4,71026.2,105.418,113.193,218.611,-7.7749999999999915,-0.03556545645004136,71009.58,86689.94,3.989e-05,0.0,0.0,False,2026-03-18.csv
2026-03-18 19:46:00,2026-03-18,71026.6,71037.3,71000.8,71036.3,25.68,55.188,80.868,-29.508000000000003,-0.36489093337290407,71021.01,86766.55,3.878e-05,0.0,0.0,False,2026-03-18.csv
2026-03-18 19:47:00,2026-03-18,71036.2,71067.6,70993.9,70993.9,39.027,41.615,80.642,-2.588000000000001,-0.03209245802435457,71038.81,86762.23,3.85e-05,0.024,0.0,False,2026-03-18.csv
2026-03-18 19:48:00,2026-03-18,70994.0,71038.9,70977.7,71038.9,50.057,33.227,83.284,16.830000000000005,0.2020796311416359,70994.42,86763.5,3.844e-05,0.0,0.025,False,2026-03-18.csv
2026-03-18 19:49:00,2026-03-18,71038.9,71038.9,70992.6,70992.7,16.583,44.08,60.663,-27.497,-0.45327464846776455,71018.91,86770.47,3.844e-05,0.0,0.0,False,2026-03-18.csv
2026-03-18 19:50:00,2026-03-18,70992.7,71020.5,70962.8,70984.1,36.305,27.148,63.453,9.157,0.14431153767355365,70994.97,86775.2,3.788e-05,0.0,0.015,False,2026-03-18.csv
2026-03-18 19:51:00,2026-03-18,70984.2,70994.0,70858.3,70969.9,90.784,206.297,297.081,-115.51299999999999,-0.38882661631002985,70922.51,86784.78,3.729e-05,0.0,1.056,False,2026-03-18.csv
2026-03-18 19:52:00,2026-03-18,70970.0,71053.9,70969.9,71026.7,89.681,37.351,127.032,52.33,0.4119434473203602,71017.06,86774.16,3.729e-05,0.0,0.005,False,2026-03-18.csv
2026-03-18 19:53:00,2026-03-18,71026.6,71051.0,70995.0,71004.0,42.884,27.67,70.554,15.213999999999999,0.21563625024803693,71023.91,86777.38,3.668e-05,0.0,0.0,False,2026-03-18.csv
2026-03-18 19:54:00,2026-03-18,71004.0,71029.8,70975.4,71011.7,26.849,64.355,91.204,-37.506,-0.4112319635103724,71001.86,86812.84,3.712e-05,0.002,0.0,False,2026-03-18.csv
2026-03-18 19:55:00,2026-03-18,71011.7,71074.6,71007.3,71065.1,29.509,12.981,42.49,16.528,0.388985643680866,71035.77,86811.82,3.712e-05,0.0,0.0,False,2026-03-18.csv
2026-03-18 19:56:00,2026-03-18,71065.0,71092.0,71028.9,71071.4,80.18,45.56,125.74,34.620000000000005,0.27533004612692863,71060.39,86818.09,3.696e-05,0.0,0.0,False,2026-03-18.csv
2026-03-18 19:57:00,2026-03-18,71071.5,71114.6,71071.4,71080.7,54.08,14.258,68.338,39.822,0.5827211800169746,71093.29,86829.25,3.71e-05,0.0,0.0,False,2026-03-18.csv
2026-03-18 19:58:00,2026-03-18,71080.8,71100.0,71045.6,71046.0,52.019,84.68,136.699,-32.66100000000001,-0.23892640033943194,71079.45,86839.99,3.692e-05,0.0,0.0,False,2026-03-18.csv
2026-03-18 19:59:00,2026-03-18,71046.0,71046.1,71004.4,71006.2,18.787,58.947,77.734,-40.160000000000004,-0.5166336480819205,71023.02,86872.41,3.692e-05,0.0,0.0,False,2026-03-18.csv
2026-03-18 20:00:00,2026-03-18,71006.1,71036.4,70980.0,71030.4,59.758,78.259,138.017,-18.500999999999998,-0.13404870414514153,71006.6,86872.68,3.612e-05,0.0,0.0,False,2026-03-18.csv
2026-03-18 20:01:00,2026-03-18,71030.3,71030.3,70960.3,70990.0,72.441,64.213,136.654,8.228000000000009,0.06021045853030287,70986.7,86868.44,3.547e-05,0.0,0.0,False,2026-03-18.csv
2026-03-18 20:02:00,2026-03-18,70989.1,71014.6,70982.6,70997.3,26.182,26.719,52.901,-0.5370000000000026,-0.010151036842403784,71001.71,86871.83,3.429e-05,0.0,0.0,False,2026-03-18.csv
2026-03-18 20:03:00,2026-03-18,70997.3,71002.7,70908.7,70918.5,41.364,120.317,161.681,-78.953,-0.48832577730221854,70959.23,86854.32,3.429e-05,0.0,0.033,False,2026-03-18.csv
2026-03-18 20:04:00,2026-03-18,70918.6,70941.2,70893.8,70926.1,42.073,132.56,174.633,-90.487,-0.5181552169406698,70914.88,86853.19,3.357e-05,0.0,0.185,False,2026-03-18.csv
2026-03-18 20:05:00,2026-03-18,70926.2,70950.3,70886.4,70950.0,150.021,115.809,265.83,34.21199999999999,0.12869879246134744,70922.51,86852.11,3.197e-05,0.0,0.299,False,2026-03-18.csv
2026-03-18 20:06:00,2026-03-18,70950.0,70953.5,70696.0,70741.0,291.198,849.949,1141.147,-558.751,-0.4896398097703451,70767.58,86763.1,3.197e-05,0.0,2.053,False,2026-03-18.csv
2026-03-18 20:07:00,2026-03-18,70740.9,70849.4,70730.0,70792.6,183.182,242.062,425.244,-58.880000000000024,-0.13846168317483615,70797.06,86554.5,3.116e-05,0.0,0.001,False,2026-03-18.csv
2026-03-18 20:08:00,2026-03-18,70792.5,70792.6,70680.0,70689.9,167.539,431.832,599.371,-264.293,-0.4409505965420416,70715.91,86606.57,2.964e-05,0.0,23.014,False,2026-03-18.csv
2026-03-18 20:09:00,2026-03-18,70689.9,70710.0,70584.2,70590.3,409.768,800.443,1210.211,-390.675,-0.3228156081873326,70627.84,86553.84,2.864e-05,0.0,4.878,False,2026-03-18.csv
2026-03-18 20:10:00,2026-03-18,70590.4,70631.9,70550.0,70577.5,299.127,285.574,584.701,13.552999999999997,0.023179368600361547,70588.81,86540.21,2.864e-05,0.0,0.203,False,2026-03-18.csv
2026-03-18 20:11:00,2026-03-18,70577.6,70713.0,70540.1,70561.2,114.259,230.649,344.908,-116.39,-0.3374523061222123,70637.52,86632.2,2.698e-05,0.0,4.687,False,2026-03-18.csv
2026-03-18 20:12:00,2026-03-18,70561.3,70568.5,70456.0,70456.6,279.315,850.036,1129.351,-570.721,-0.5053530744648917,70486.62,86532.88,2.653e-05,0.0,1.864,False,2026-03-18.csv
2026-03-18 20:13:00,2026-03-18,70456.7,70625.1,70456.0,70625.1,196.207,144.14,340.347,52.06700000000001,0.1529821035590148,70543.7,86523.48,2.653e-05,0.011,0.004,False,2026-03-18.csv
2026-03-18 20:14:00,2026-03-18,70625.1,70625.1,70550.6,70601.2,100.23,78.019,178.249,22.211,0.124606589658287,70593.34,86575.94,2.433e-05,0.0,0.0,False,2026-03-18.csv
2026-03-18 20:15:00,2026-03-18,70601.3,70749.9,70601.2,70716.2,176.732,69.763,246.495,106.969,0.4339601208949471,70707.09,86615.64,2.476e-05,0.055,0.0,False,2026-03-18.csv
2026-03-18 20:16:00,2026-03-18,70716.3,70833.2,70688.5,70774.9,339.087,452.066,791.153,-112.97899999999998,-0.1428029723707045,70789.09,86510.06,2.541e-05,0.025,0.0,False,2026-03-18.csv
2026-03-18 20:17:00,2026-03-18,70774.8,70822.3,70741.3,70822.3,79.643,37.931,117.574,41.712,0.3547723136067498,70772.28,86448.4,2.541e-05,0.0,0.002,False,2026-03-18.csv
2026-03-18 20:18:00,2026-03-18,70822.4,70850.0,70785.1,70817.9,84.266,133.849,218.115,-49.582999999999984,-0.22732503495862266,70815.68,86438.24,2.569e-05,0.013,0.0,False,2026-03-18.csv
2026-03-18 20:19:00,2026-03-18,70817.8,70847.8,70794.8,70810.1,83.089,80.798,163.887,2.290999999999997,0.013979144166407323,70820.19,86437.51,2.589e-05,0.269,0.018,False,2026-03-18.csv
2026-03-18 20:20:00,2026-03-18,70810.1,70813.3,70747.0,70747.1,63.891,61.31,125.201,2.580999999999996,0.02061485131907889,70786.69,86408.68,2.589e-05,0.0,0.0,False,2026-03-18.csv
2026-03-18 20:21:00,2026-03-18,70747.1,70787.3,70734.4,70753.3,38.57,20.743,59.313,17.827,0.30055805641259087,70768.62,86455.79,2.578e-05,0.0,0.0,False,2026-03-18.csv
2026-03-18 20:22:00,2026-03-18,70753.4,70781.8,70753.3,70774.4,24.876,8.893,33.769,15.983,0.4733039177944269,70767.38,86469.54,2.514e-05,0.0,0.0,False,2026-03-18.csv
2026-03-18 20:23:00,2026-03-18,70774.3,70787.0,70765.0,70779.6,34.418,21.836,56.254,12.582,0.22366409499768908,70775.36,86476.47,2.473e-05,0.0,0.0,False,2026-03-18.csv
2026-03-18 20:24:00,2026-03-18,70779.6,70818.0,70779.6,70785.0,24.938,55.775,80.713,-30.837,-0.3820574133039288,70799.14,86501.97,2.473e-05,0.0,0.0,False,2026-03-18.csv
2026-03-18 20:25:00,2026-03-18,70785.0,70864.0,70784.9,70850.0,112.309,92.978,205.287,19.331000000000003,0.09416572895507266,70839.07,86482.4,2.464e-05,0.0,0.032,False,2026-03-18.csv
2026-03-18 20:26:00,2026-03-18,70850.0,70871.0,70831.7,70853.3,64.709,123.791,188.5,-59.081999999999994,-0.31343236074270553,70850.38,86427.19,2.464e-05,0.0,0.0,False,2026-03-18.csv
2026-03-18 20:27:00,2026-03-18,70853.4,70888.0,70840.0,70885.4,93.369,64.865,158.234,28.504000000000005,0.18013827622382045,70855.14,86313.67,2.464e-05,0.002,0.0,False,2026-03-18.csv
2026-03-18 20:28:00,2026-03-18,70885.3,70996.8,70863.5,70981.4,223.223,72.07,295.293,151.15300000000002,0.5118746465375069,70912.92,86322.91,2.459e-05,0.688,0.0,False,2026-03-18.csv
2026-03-18 20:29:00,2026-03-18,70981.3,70999.0,70943.2,70943.2,79.567,71.065,150.632,8.501999999999995,0.05644219023846191,70979.44,86286.57,2.487e-05,0.072,0.002,False,2026-03-18.csv
2026-03-18 20:30:00,2026-03-18,70943.2,70958.8,70941.1,70945.3,43.042,21.628,64.67,21.414,0.33112726148136695,70949.71,86279.65,2.596e-05,0.0,0.0,False,2026-03-18.csv
2026-03-18 20:31:00,2026-03-18,70945.4,70976.0,70913.2,70970.9,105.987,71.894,177.881,34.09299999999999,0.19166184134336994,70948.73,86269.57,2.596e-05,0.0,0.0,False,2026-03-18.csv
2026-03-18 20:32:00,2026-03-18,70971.0,71051.8,70957.5,71049.0,241.557,61.694,303.251,179.863,0.5931159336655114,71016.91,86231.69,2.622e-05,0.376,0.0,False,2026-03-18.csv
2026-03-18 20:33:00,2026-03-18,71048.9,71092.3,71016.3,71087.4,145.316,87.675,232.991,57.641000000000005,0.24739582215622063,71059.33,86199.4,2.644e-05,0.094,0.0,False,2026-03-18.csv
2026-03-18 20:34:00,2026-03-18,71087.3,71191.1,71072.9,71163.1,373.889,182.812,556.701,191.077,0.3432309264757922,71140.29,86107.59,2.644e-05,1.009,0.0,False,2026-03-18.csv
2026-03-18 20:35:00,2026-03-18,71163.0,71249.0,71150.0,71212.2,270.571,93.632,364.203,176.93900000000002,0.48582521286205776,71206.96,86125.13,2.648e-05,5.38,0.0,False,2026-03-18.csv
2026-03-18 20:36:00,2026-03-18,71212.0,71298.0,71168.3,71168.3,250.111,146.81,396.921,103.30099999999999,0.260255819168046,71243.22,86160.24,2.661e-05,0.085,0.0,False,2026-03-18.csv
2026-03-18 20:37:00,2026-03-18,71168.3,71168.3,71121.2,71121.3,43.136,95.54,138.676,-52.404,-0.37788802676742916,71148.31,86179.1,2.696e-05,0.0,0.0,False,2026-03-18.csv
2026-03-18 20:38:00,2026-03-18,71121.2,71122.1,71088.0,71103.6,34.417,78.93,113.347,-44.513000000000005,-0.3927144079684509,71104.15,86166.6,2.696e-05,0.0,0.0,False,2026-03-18.csv
2026-03-18 20:39:00,2026-03-18,71103.6,71185.0,71103.6,71184.9,43.038,12.878,55.916,30.159999999999997,0.5393804993204091,71143.08,86175.95,2.578e-05,0.0,0.0,False,2026-03-18.csv
2026-03-18 20:40:00,2026-03-18,71185.0,71199.2,71156.0,71165.9,36.826,27.008,63.834,9.818000000000001,0.15380518219130873,71176.27,86188.84,2.557e-05,0.0,0.0,False,2026-03-18.csv
2026-03-18 20:41:00,2026-03-18,71165.8,71184.9,71151.0,71151.0,31.27,32.162,63.432,-0.8919999999999995,-0.014062302938579888,71171.63,86205.8,2.557e-05,0.0,0.0,False,2026-03-18.csv
2026-03-18 20:42:00,2026-03-18,71151.1,71158.3,71140.7,71157.0,19.24,19.64,38.88,-0.40000000000000213,-0.010288065843621453,71149.53,86213.71,2.56e-05,0.0,0.0,False,2026-03-18.csv
2026-03-18 20:43:00,2026-03-18,71157.1,71170.0,71144.7,71150.0,46.048,143.001,189.049,-96.953,-0.5128458759369264,71159.92,86187.17,2.467e-05,0.0,0.0,False,2026-03-18.csv
2026-03-18 20:44:00,2026-03-18,71149.9,71162.4,71125.0,71138.4,13.597,47.895,61.492,-34.298,-0.5577636115267027,71143.36,86201.18,2.402e-05,0.0,0.0,False,2026-03-18.csv
2026-03-18 20:45:00,2026-03-18,71138.4,71141.7,71122.4,71129.6,11.449,34.836,46.285,-23.387,-0.5052824889272983,71132.01,86223.13,2.402e-05,0.0,0.0,False,2026-03-18.csv
2026-03-18 20:46:00,2026-03-18,71129.9,71138.0,71097.3,71131.2,14.036,28.468,42.504,-14.432,-0.339544513457557,71121.99,86221.35,2.35e-05,0.0,0.0,False,2026-03-18.csv
2026-03-18 20:47:00,2026-03-18,71131.1,71190.1,71131.1,71156.4,30.398,27.332,57.73,3.065999999999999,0.05310930192274379,71164.21,86218.04,2.277e-05,0.0,0.0,False,2026-03-18.csv
2026-03-18 20:48:00,2026-03-18,71156.5,71161.7,71122.0,71123.9,25.584,12.131,37.715,13.453,0.3567015776216359,71142.33,86215.37,2.274e-05,0.0,0.0,False,2026-03-18.csv
2026-03-18 20:49:00,2026-03-18,71124.0,71125.7,71088.1,71113.6,37.524,21.591,59.115,15.933,0.26952550114184215,71103.53,86207.42,2.274e-05,0.0,0.0,False,2026-03-18.csv
2026-03-18 20:50:00,2026-03-18,71113.5,71293.1,71113.5,71246.4,131.77,35.457,167.227,96.31300000000002,0.5759416840581965,71187.74,86189.27,2.204e-05,0.081,0.0,False,2026-03-18.csv
2026-03-18 20:51:00,2026-03-18,71246.5,71264.2,71209.3,71232.9,59.358,49.701,109.059,9.656999999999996,0.08854840040711905,71230.07,86182.49,2.181e-05,0.0,0.0,False,2026-03-18.csv
2026-03-18 20:52:00,2026-03-18,71232.8,71240.7,71210.0,71213.9,17.997,19.105,37.102,-1.1080000000000005,-0.02986361921190234,71221.81,86182.08,2.181e-05,0.0,0.0,False,2026-03-18.csv
2026-03-18 20:53:00,2026-03-18,71213.9,71227.8,71200.0,71204.9,12.866,98.736,111.602,-85.87,-0.7694306553645992,71210.06,86170.97,2.22e-05,0.0,0.0,False,2026-03-18.csv
2026-03-18 20:54:00,2026-03-18,71204.9,71218.3,71202.0,71202.0,25.554,13.545,39.099,12.008999999999999,0.3071434052021791,71207.91,86166.46,2.184e-05,0.0,0.0,False,2026-03-18.csv
2026-03-18 20:55:00,2026-03-18,71202.1,71220.2,71176.0,71220.2,17.141,19.889,37.03,-2.748000000000001,-0.07421009991898464,71204.86,86165.16,2.159e-05,0.0,0.0,False,2026-03-18.csv
2026-03-18 20:56:00,2026-03-18,71220.2,71239.2,71220.0,71232.8,13.447,18.082,31.529,-4.635000000000002,-0.14700751688921315,71230.8,86170.53,2.159e-05,0.0,0.068,False,2026-03-18.csv
2026-03-18 20:57:00,2026-03-18,71232.7,71232.7,71193.4,71193.5,11.373,29.556,40.929,-18.183,-0.4442571281976105,71214.74,86169.84,2.164e-05,0.0,0.0,False,2026-03-18.csv
2026-03-18 20:58:00,2026-03-18,71193.5,71211.0,71191.8,71200.2,19.472,11.746,31.218,7.726000000000001,0.2474854250752771,71196.41,86169.56,2.149e-05,0.0,0.0,False,2026-03-18.csv
2026-03-18 20:59:00,2026-03-18,71200.2,71205.5,71195.7,71195.7,18.509,20.874,39.383,-2.3649999999999984,-0.060051291166239196,71200.83,86170.43,2.149e-05,0.0,0.0,False,2026-03-18.csv
2026-03-18 21:00:00,2026-03-18,71195.4,71199.7,71183.0,71183.0,8.422,11.177,19.599,-2.754999999999999,-0.14056839634675233,71194.58,86176.83,2.12e-05,0.0,0.0,False,2026-03-18.csv
2026-03-18 21:01:00,2026-03-18,71182.9,71182.9,71145.2,71177.9,38.105,38.516,76.621,-0.41100000000000136,-0.005364064682006257,71157.5,86161.56,2.106e-05,0.0,0.0,False,2026-03-18.csv
2026-03-18 21:02:00,2026-03-18,71177.9,71257.6,71177.8,71252.1,41.02,16.228,57.248,24.792,0.43306316377864734,71235.95,86153.09,2.079e-05,0.0,0.0,False,2026-03-18.csv
2026-03-18 21:03:00,2026-03-18,71252.3,71301.9,71252.2,71263.0,49.363,29.393,78.756,19.97,0.25356798212199705,71288.12,86157.56,2.079e-05,0.285,0.0,False,2026-03-18.csv
2026-03-18 21:04:00,2026-03-18,71263.0,71270.0,71258.2,71258.3,12.565,16.662,29.227,-4.0969999999999995,-0.1401786019776234,71265.15,86154.0,2.118e-05,0.0,0.0,False,2026-03-18.csv
2026-03-18 21:05:00,2026-03-18,71258.4,71267.8,71258.3,71262.4,11.89,32.511,44.401,-20.621000000000002,-0.46442647688115135,71265.12,86168.79,2.118e-05,0.0,0.0,False,2026-03-18.csv
2026-03-18 21:06:00,2026-03-18,71262.4,71311.5,71262.4,71308.9,59.31,27.695,87.005,31.615000000000002,0.3633699212688926,71292.3,86164.64,2.118e-05,0.0,0.0,False,2026-03-18.csv
2026-03-18 21:07:00,2026-03-18,71308.6,71346.5,71298.7,71322.2,53.152,44.993,98.145,8.158999999999999,0.08313210046359977,71328.57,86182.13,2.064e-05,0.03,0.0,False,2026-03-18.csv
2026-03-18 21:08:00,2026-03-18,71322.2,71330.4,71283.8,71283.8,10.878,89.644,100.522,-78.766,-0.783569765822407,71314.58,86169.9,2.065e-05,0.0,0.0,False,2026-03-18.csv
2026-03-18 21:09:00,2026-03-18,71283.7,71316.6,71260.1,71310.0,49.853,78.263,128.116,-28.410000000000004,-0.22175216210309406,71286.0,86080.81,2.072e-05,0.0,0.0,False,2026-03-18.csv
2026-03-18 21:10:00,2026-03-18,71310.0,71330.0,71310.0,71314.1,10.065,8.625,18.69,1.4399999999999995,0.07704654895666128,71321.02,86079.32,2.072e-05,0.0,0.0,False,2026-03-18.csv
2026-03-18 21:11:00,2026-03-18,71314.2,71314.2,71287.5,71311.1,26.985,24.454,51.439,2.530999999999999,0.0492039114290713,71294.83,86069.68,2.034e-05,0.0,0.0,False,2026-03-18.csv
2026-03-18 21:12:00,2026-03-18,71311.2,71438.1,71301.4,71354.3,230.158,70.953,301.111,159.20499999999998,0.5287252873525046,71364.99,86127.8,1.996e-05,0.286,0.0,False,2026-03-18.csv
2026-03-18 21:13:00,2026-03-18,71354.3,71354.3,71309.9,71326.8,28.399,40.74,69.139,-12.341000000000001,-0.17849549458337555,71327.65,86120.89,1.993e-05,0.0,0.0,False,2026-03-18.csv
2026-03-18 21:14:00,2026-03-18,71326.8,71326.8,71271.0,71276.9,19.676,22.376,42.052,-2.700000000000003,-0.06420622086939985,71290.06,86123.12,1.993e-05,0.0,0.0,False,2026-03-18.csv
2026-03-18 21:15:00,2026-03-18,71276.8,71276.9,71245.0,71245.0,6.845,33.614,40.459,-26.769,-0.6616327640327244,71255.12,86114.27,1.918e-05,0.0,0.0,False,2026-03-18.csv
2026-03-18 21:16:00,2026-03-18,71245.0,71276.6,71227.4,71276.5,44.162,16.752,60.914,27.41,0.4499786584364842,71250.17,86116.18,1.843e-05,0.0,0.0,False,2026-03-18.csv
2026-03-18 21:17:00,2026-03-18,71276.6,71310.0,71276.5,71298.3,28.814,13.692,42.506,15.122,0.355761539547358,71292.69,86116.06,1.843e-05,0.0,0.0,False,2026-03-18.csv
2026-03-18 21:18:00,2026-03-18,71298.4,71316.2,71297.6,71305.8,13.621,11.534,25.155,2.0869999999999997,0.08296561319817132,71306.3,86119.15,1.828e-05,0.0,0.0,False,2026-03-18.csv
2026-03-18 21:19:00,2026-03-18,71305.9,71330.6,71276.5,71276.5,17.008,24.367,41.375,-7.359000000000002,-0.17786102719033237,71305.57,86120.01,1.822e-05,0.0,0.0,False,2026-03-18.csv
2026-03-18 21:20:00,2026-03-18,71276.5,71287.1,71263.0,71287.1,24.613,11.872,36.485,12.741,0.3492120049335343,71270.29,86120.48,1.811e-05,0.0,0.0,False,2026-03-18.csv
2026-03-18 21:21:00,2026-03-18,71287.1,71314.2,71282.5,71282.5,19.479,39.694,59.173,-20.215000000000003,-0.34162540347793763,71300.06,86105.54,1.811e-05,0.0,0.0,False,2026-03-18.csv
2026-03-18 21:22:00,2026-03-18,71282.5,71284.9,71260.0,71260.0,6.924,40.614,47.538,-33.69,-0.7086962009339897,71276.25,86091.71,1.761e-05,0.0,0.0,False,2026-03-18.csv
2026-03-18 21:23:00,2026-03-18,71260.0,71306.8,71260.0,71304.8,31.634,26.787,58.421,4.847000000000001,0.08296674141147878,71281.82,86087.55,1.715e-05,0.0,0.0,False,2026-03-18.csv
2026-03-18 21:24:00,2026-03-18,71304.8,71339.0,71304.7,71307.5,31.851,25.6,57.451,6.250999999999998,0.10880576491270819,71318.2,86088.38,1.715e-05,0.0,0.0,False,2026-03-18.csv
2026-03-18 21:25:00,2026-03-18,71307.3,71307.3,71267.0,71267.0,6.728,30.311,37.039,-23.583,-0.6367072545155106,71294.56,86076.43,1.685e-05,0.0,0.0,False,2026-03-18.csv
2026-03-18 21:26:00,2026-03-18,71267.1,71267.1,71203.5,71207.0,37.169,45.297,82.466,-8.128,-0.09856183154269639,71232.01,86047.34,1.665e-05,0.0,0.0,False,2026-03-18.csv
2026-03-18 21:27:00,2026-03-18,71206.9,71256.4,71201.1,71248.5,24.219,25.463,49.682,-1.2439999999999998,-0.02503924962763173,71225.05,86039.31,1.563e-05,0.0,0.0,False,2026-03-18.csv
2026-03-18 21:28:00,2026-03-18,71248.5,71249.2,71229.9,71236.3,20.993,14.632,35.625,6.360999999999999,0.17855438596491224,71237.55,86034.94,1.563e-05,0.0,0.0,False,2026-03-18.csv
2026-03-18 21:29:00,2026-03-18,71236.2,71236.3,71233.4,71233.5,5.722,9.226,14.948,-3.5040000000000004,-0.23441263045223443,71235.99,86036.06,1.545e-05,0.0,0.0,False,2026-03-18.csv
2026-03-18 21:30:00,2026-03-18,71233.4,71233.5,71203.4,71203.5,3.144,18.447,21.591,-15.302999999999999,-0.7087675420314019,71212.15,86035.61,1.544e-05,0.0,0.0,False,2026-03-18.csv
2026-03-18 21:31:00,2026-03-18,71203.4,71205.2,71175.0,71200.5,22.467,29.924,52.391,-7.457000000000001,-0.14233360691721864,71193.59,86025.54,1.544e-05,0.0,0.0,False,2026-03-18.csv
2026-03-18 21:32:00,2026-03-18,71200.6,71207.1,71196.8,71200.1,8.193,11.913,20.106,-3.7200000000000006,-0.1850193971948672,71201.73,86027.86,1.484e-05,0.0,0.0,False,2026-03-18.csv
2026-03-18 21:33:00,2026-03-18,71200.0,71237.2,71200.0,71222.6,15.706,20.374,36.08,-4.667999999999999,-0.1293791574279379,71218.36,86028.42,1.418e-05,0.0,0.0,False,2026-03-18.csv
2026-03-18 21:34:00,2026-03-18,71222.7,71232.1,71200.0,71200.0,6.187,13.261,19.448,-7.073999999999999,-0.36373920197449605,71220.92,86023.68,1.396e-05,0.0,0.0,False,2026-03-18.csv
2026-03-18 21:35:00,2026-03-18,71200.0,71200.1,71152.8,71152.8,7.829,37.689,45.518,-29.86,-0.6560042181115163,71168.35,86017.63,1.396e-05,0.0,0.031,False,2026-03-18.csv
2026-03-18 21:36:00,2026-03-18,71152.8,71160.0,71127.5,71160.0,26.827,25.827,52.654,1.0,0.018991909446575757,71139.93,86021.75,1.372e-05,0.0,0.0,False,2026-03-18.csv
2026-03-18 21:37:00,2026-03-18,71159.9,71237.6,71159.9,71237.6,22.232,21.693,43.925,0.5389999999999979,0.012270916334661309,71210.06,86018.2,1.231e-05,0.0,0.0,False,2026-03-18.csv
2026-03-18 21:38:00,2026-03-18,71237.5,71307.7,71237.5,71277.8,45.386,28.397,73.783,16.989000000000004,0.23025629209980625,71284.02,86014.99,1.249e-05,0.003,0.0,False,2026-03-18.csv
2026-03-18 21:39:00,2026-03-18,71277.5,71313.0,71256.3,71280.0,25.283,8.845,34.128,16.438000000000002,0.4816572902015941,71285.52,86014.99,1.249e-05,0.0,0.0,False,2026-03-18.csv
2026-03-18 21:40:00,2026-03-18,71280.0,71317.7,71273.4,71309.1,24.701,4.12,28.821,20.581,0.7140973595642066,71292.14,86017.09,1.385e-05,0.031,0.0,False,2026-03-18.csv
2026-03-18 21:41:00,2026-03-18,71309.0,71309.1,71260.3,71290.9,14.442,30.257,44.699,-15.815000000000001,-0.35381104722700735,71286.77,86017.05,1.495e-05,0.0,0.0,False,2026-03-18.csv
2026-03-18 21:42:00,2026-03-18,71290.9,71378.2,71278.1,71288.8,42.715,56.902,99.617,-14.186999999999998,-0.14241545117801174,71325.87,86017.35,1.495e-05,0.028,0.0,False,2026-03-18.csv
2026-03-18 21:43:00,2026-03-18,71288.9,71323.8,71286.2,71314.6,14.122,12.175,26.297,1.9469999999999992,0.07403886374871656,71305.92,85994.96,1.605e-05,0.0,0.0,False,2026-03-18.csv
2026-03-18 21:44:00,2026-03-18,71314.6,71325.8,71287.2,71315.1,20.117,12.85,32.967,7.267000000000001,0.22043255376588713,71308.01,85999.95,1.637e-05,0.0,0.0,False,2026-03-18.csv
2026-03-18 21:45:00,2026-03-18,71315.2,71321.4,71271.5,71292.5,8.858,34.895,43.753,-26.037000000000003,-0.5950906223573241,71291.06,86000.89,1.638e-05,0.0,0.0,False,2026-03-18.csv
2026-03-18 21:46:00,2026-03-18,71292.6,71306.0,71246.1,71306.0,19.838,34.3,54.138,-14.461999999999996,-0.2671321437807085,71273.29,86006.87,1.638e-05,0.0,0.0,False,2026-03-18.csv
2026-03-18 21:47:00,2026-03-18,71305.9,71306.0,71261.4,71286.9,28.66,62.428,91.088,-33.768,-0.3707184261373617,71285.7,86017.41,1.61e-05,0.0,0.0,False,2026-03-18.csv
2026-03-18 21:48:00,2026-03-18,71286.9,71299.9,71250.5,71296.1,19.304,32.843,52.147,-13.539000000000005,-0.25963142654419247,71282.02,85983.26,1.612e-05,0.0,0.0,False,2026-03-18.csv
2026-03-18 21:49:00,2026-03-18,71296.1,71300.0,71277.2,71299.8,10.946,17.631,28.577,-6.6850000000000005,-0.2339293837701648,71293.1,85969.38,1.619e-05,0.0,0.0,False,2026-03-18.csv
2026-03-18 21:50:00,2026-03-18,71299.9,71300.0,71275.8,71297.7,52.056,23.517,75.573,28.538999999999998,0.3776348695962844,71288.61,85970.74,1.619e-05,0.0,0.0,False,2026-03-18.csv
2026-03-18 21:51:00,2026-03-18,71297.6,71300.0,71275.8,71289.4,12.474,9.315,21.789,3.1590000000000007,0.14498141263940523,71291.69,85982.97,1.64e-05,0.0,0.0,False,2026-03-18.csv
2026-03-18 21:52:00,2026-03-18,71289.5,71289.5,71258.7,71258.7,1.565,7.872,9.437,-6.307,-0.6683267987707959,71273.85,85980.2,1.626e-05,0.0,0.0,False,2026-03-18.csv
2026-03-18 21:53:00,2026-03-18,71258.7,71300.0,71255.3,71299.9,19.189,4.72,23.909,14.469000000000001,0.6051696014053286,71278.77,85978.05,1.626e-05,0.0,0.0,False,2026-03-18.csv
2026-03-18 21:54:00,2026-03-18,71299.9,71300.0,71274.4,71290.7,6.366,19.217,25.583,-12.850999999999999,-0.5023257632021264,71290.79,85988.6,1.581e-05,0.0,0.0,False,2026-03-18.csv
2026-03-18 21:55:00,2026-03-18,71290.8,71290.8,71280.0,71280.0,2.247,6.214,8.461,-3.9670000000000005,-0.4688571090887602,71286.95,85984.89,1.542e-05,0.0,0.0,False,2026-03-18.csv
2026-03-18 21:56:00,2026-03-18,71280.0,71329.7,71280.0,71327.5,31.983,12.074,44.057,19.909,0.45189186735365544,71312.82,85984.97,1.516e-05,0.0,0.0,False,2026-03-18.csv
2026-03-18 21:57:00,2026-03-18,71327.5,71327.6,71298.5,71303.8,11.627,22.009,33.636,-10.382,-0.3086573908907123,71318.39,85992.49,1.516e-05,0.0,0.0,False,2026-03-18.csv
2026-03-18 21:58:00,2026-03-18,71303.9,71303.9,71255.3,71271.6,38.539,28.894,67.433,9.645000000000003,0.14303086026129644,71264.35,85987.21,1.532e-05,0.0,0.0,False,2026-03-18.csv
2026-03-18 21:59:00,2026-03-18,71271.6,71271.7,71229.7,71239.0,8.41,21.152,29.562,-12.742,-0.4310263175698532,71245.76,85995.66,1.448e-05,0.0,0.0,False,2026-03-18.csv
2026-03-18 22:00:00,2026-03-18,71239.1,71285.4,71219.6,71219.6,18.247,30.285,48.532,-12.038,-0.24804252864089676,71245.74,86000.91,1.448e-05,0.0,0.0,False,2026-03-18.csv
2026-03-18 22:01:00,2026-03-18,71219.7,71233.2,71169.9,71169.9,26.689,70.464,97.153,-43.775,-0.45057795436064757,71203.92,86027.94,1.306e-05,0.0,0.0,False,2026-03-18.csv
2026-03-18 22:02:00,2026-03-18,71169.9,71169.9,71066.6,71091.2,54.9,77.505,132.405,-22.604999999999997,-0.17072618103545936,71119.29,86012.02,1.223e-05,0.0,0.451,False,2026-03-18.csv
2026-03-18 22:03:00,2026-03-18,71091.2,71143.1,71091.1,71110.3,71.548,26.512,98.06,45.036,0.4592698347950235,71122.14,86018.04,1.124e-05,0.0,0.0,False,2026-03-18.csv
2026-03-18 22:04:00,2026-03-18,71110.2,71131.2,71099.9,71099.9,23.068,25.611,48.679,-2.5429999999999993,-0.05224018570636207,71116.22,86003.73,1.124e-05,0.0,0.0,False,2026-03-18.csv
2026-03-18 22:05:00,2026-03-18,71099.9,71100.0,71073.7,71076.9,29.023,36.69,65.713,-7.666999999999998,-0.11667402188303683,71081.5,86000.3,1.08e-05,0.0,0.0,False,2026-03-18.csv
2026-03-18 22:06:00,2026-03-18,71077.0,71093.5,71016.0,71020.3,40.324,107.946,148.27,-67.622,-0.45607337964524175,71053.64,86011.24,1.048e-05,0.0,4.916,False,2026-03-18.csv
2026-03-18 22:07:00,2026-03-18,71020.3,71085.9,70969.4,71026.5,180.123,140.215,320.338,39.90799999999999,0.1245809114123207,71015.94,86014.77,1.001e-05,0.0,0.611,False,2026-03-18.csv
2026-03-18 22:08:00,2026-03-18,71026.5,71045.8,71026.4,71030.8,22.409,25.752,48.161,-3.343,-0.06941301052719005,71033.58,85998.0,1.001e-05,0.0,0.0,False,2026-03-18.csv
2026-03-18 22:09:00,2026-03-18,71030.9,71030.9,70957.9,70999.9,34.109,179.494,213.603,-145.385,-0.6806318263320271,70986.03,86000.98,9.62e-06,0.0,0.0,False,2026-03-18.csv
2026-03-18 22:10:00,2026-03-18,70999.9,71019.1,70986.2,70987.0,25.675,32.044,57.719,-6.368999999999996,-0.11034494707115501,71004.17,85942.99,9.35e-06,0.0,0.0,False,2026-03-18.csv
2026-03-18 22:11:00,2026-03-18,70987.0,71000.1,70920.0,70943.5,45.738,86.693,132.431,-40.955,-0.30925538582356094,70952.54,85964.77,9.35e-06,0.0,0.031,False,2026-03-18.csv
2026-03-18 22:12:00,2026-03-18,70943.5,71003.6,70928.6,70997.4,46.608,18.023,64.631,28.584999999999997,0.4422800204236357,70971.41,85948.11,9.59e-06,0.0,0.0,False,2026-03-18.csv
2026-03-18 22:13:00,2026-03-18,70997.5,71020.0,70971.6,70971.6,16.533,24.933,41.466,-8.399999999999999,-0.2025756041093908,71007.26,85940.12,9.18e-06,0.0,0.0,False,2026-03-18.csv
2026-03-18 22:14:00,2026-03-18,70971.6,70983.7,70950.0,70959.6,21.375,25.144,46.519,-3.7689999999999984,-0.0810206582256712,70965.81,85944.89,1.026e-05,0.0,0.0,False,2026-03-18.csv
2026-03-18 22:15:00,2026-03-18,70959.6,70968.4,70959.6,70966.0,18.536,8.069,26.605,10.467,0.3934222890434129,70965.45,85947.38,1.026e-05,0.0,0.0,False,2026-03-18.csv
2026-03-18 22:16:00,2026-03-18,70966.0,71000.0,70929.8,70990.1,34.93,42.591,77.521,-7.661000000000001,-0.0988248345609577,70967.95,85951.22,9.67e-06,0.0,0.013,False,2026-03-18.csv
2026-03-18 22:17:00,2026-03-18,70990.0,71019.9,70990.0,71006.9,29.496,10.771,40.267,18.724999999999998,0.4650209849256214,71005.17,85943.91,9.35e-06,0.0,0.0,False,2026-03-18.csv
2026-03-18 22:18:00,2026-03-18,71006.8,71075.5,71006.8,71061.7,63.517,26.91,90.427,36.607,0.4048237805080341,71044.24,85933.22,9.35e-06,0.0,0.0,False,2026-03-18.csv
2026-03-18 22:19:00,2026-03-18,71061.7,71090.3,71041.1,71075.4,34.409,95.059,129.468,-60.65,-0.46845552568974574,71065.61,85917.65,9.87e-06,0.0,0.0,False,2026-03-18.csv
2026-03-18 22:20:00,2026-03-18,71075.5,71083.5,71066.9,71066.9,5.253,15.213,20.466,-9.959999999999999,-0.4866608032834945,71077.11,85884.67,1.073e-05,0.0,0.0,False,2026-03-18.csv
2026-03-18 22:21:00,2026-03-18,71067.0,71067.0,71015.7,71043.5,29.669,51.307,80.976,-21.638,-0.267214977277218,71045.82,85881.3,1.099e-05,0.0,0.008,False,2026-03-18.csv
2026-03-18 22:22:00,2026-03-18,71043.6,71052.3,70964.8,70973.8,35.218,32.846,68.064,2.372000000000007,0.034849553361542183,71010.37,85892.44,1.099e-05,0.0,0.0,False,2026-03-18.csv
2026-03-18 22:23:00,2026-03-18,70973.8,71020.0,70973.8,71019.9,18.846,17.844,36.69,1.001999999999999,0.02730989370400651,71005.37,85907.34,1.086e-05,0.0,0.0,False,2026-03-18.csv
2026-03-18 22:24:00,2026-03-18,71020.0,71074.9,71019.9,71074.3,34.39,17.027,51.417,17.363,0.3376898691094385,71055.65,85907.99,9.94e-06,0.0,0.0,False,2026-03-18.csv
2026-03-18 22:25:00,2026-03-18,71074.2,71080.5,71060.2,71066.7,8.059,11.047,19.106,-2.9880000000000013,-0.15639066261907258,71072.61,85911.77,9.98e-06,0.0,0.0,False,2026-03-18.csv
2026-03-18 22:26:00,2026-03-18,71066.8,71066.8,71016.6,71020.9,7.288,15.421,22.709,-8.133,-0.35813994451539033,71042.75,85911.52,9.98e-06,0.0,0.0,False,2026-03-18.csv
2026-03-18 22:27:00,2026-03-18,71021.0,71039.2,70992.2,70992.2,10.94,26.57,37.51,-15.63,-0.4166888829645428,71022.82,85912.16,9.97e-06,0.0,0.0,False,2026-03-18.csv
2026-03-18 22:28:00,2026-03-18,70992.3,71024.0,70977.6,71024.0,21.302,40.839,62.141,-19.537,-0.314397901546483,70993.6,85891.37,9.31e-06,0.0,0.0,False,2026-03-18.csv
2026-03-18 22:29:00,2026-03-18,71024.0,71035.5,71008.8,71027.7,20.941,7.404,28.345,13.536999999999999,0.4775798200740871,71016.57,85895.87,9.31e-06,0.0,0.0,False,2026-03-18.csv
2026-03-18 22:30:00,2026-03-18,71027.6,71056.5,71027.6,71056.5,11.09,2.403,13.493,8.687,0.6438153116430742,71045.3,85901.14,8.99e-06,0.0,0.0,False,2026-03-18.csv
2026-03-18 22:31:00,2026-03-18,71056.5,71086.6,71040.0,71054.9,25.167,29.445,54.612,-4.277999999999999,-0.07833443199296855,71067.24,85901.21,8.82e-06,0.0,0.0,False,2026-03-18.csv
2026-03-18 22:32:00,2026-03-18,71055.0,71055.0,70986.9,70986.9,11.563,19.165,30.728,-7.6019999999999985,-0.24739651132517568,71017.56,85905.01,9e-06,0.0,0.0,False,2026-03-18.csv
2026-03-18 22:33:00,2026-03-18,70986.9,70987.0,70941.6,70957.3,36.887,40.563,77.45,-3.676000000000002,-0.0474628792769529,70955.63,85905.82,9e-06,0.0,0.0,False,2026-03-18.csv
2026-03-18 22:34:00,2026-03-18,70957.3,71008.0,70937.0,71002.4,22.308,21.376,43.684,0.9319999999999986,0.02133504257851842,70969.39,85899.15,7.95e-06,0.0,0.009,False,2026-03-18.csv
2026-03-18 22:35:00,2026-03-18,71002.3,71042.5,70990.4,71008.9,29.173,25.381,54.554,3.791999999999998,0.0695091102393958,71015.14,85908.47,7.79e-06,0.0,0.0,False,2026-03-18.csv
2026-03-18 22:36:00,2026-03-18,71008.8,71019.4,70995.1,71019.4,29.232,8.923,38.155,20.308999999999997,0.5322762416459179,71000.77,85907.88,7.79e-06,0.0,0.0,False,2026-03-18.csv
2026-03-18 22:37:00,2026-03-18,71019.4,71019.5,71000.0,71000.1,6.496,5.129,11.625,1.3670000000000009,0.11759139784946245,71006.3,85921.35,8.09e-06,0.0,0.0,False,2026-03-18.csv
2026-03-18 22:38:00,2026-03-18,71000.0,71000.1,70969.9,70990.0,18.92,16.852,35.772,2.0680000000000014,0.0578105781057811,70988.04,85920.6,7.77e-06,0.0,0.0,False,2026-03-18.csv
2026-03-18 22:39:00,2026-03-18,70990.1,71025.2,70990.0,71009.0,31.116,13.837,44.953,17.279,0.3843792405401196,71006.01,85932.33,7.5e-06,0.0,0.0,False,2026-03-18.csv
2026-03-18 22:40:00,2026-03-18,71009.0,71009.0,70991.4,70999.9,9.3,10.023,19.323,-0.722999999999999,-0.03741655022512027,71000.78,85930.02,7.5e-06,0.0,0.0,False,2026-03-18.csv
2026-03-18 22:41:00,2026-03-18,70999.9,71000.0,70913.7,70933.6,16.82,30.878,47.698,-14.058,-0.294729338756342,70945.43,85936.78,7.17e-06,0.0,0.0,False,2026-03-18.csv
2026-03-18 22:42:00,2026-03-18,70933.6,70944.8,70899.9,70937.8,27.034,84.42,111.454,-57.386,-0.5148850646903655,70920.14,85924.07,6.41e-06,0.0,0.018,False,2026-03-18.csv
2026-03-18 22:43:00,2026-03-18,70937.7,70995.8,70937.7,70985.7,23.82,20.838,44.658,2.9819999999999993,0.06677415020824934,70969.7,85921.78,5.75e-06,0.0,0.0,False,2026-03-18.csv
2026-03-18 22:44:00,2026-03-18,70985.7,71003.2,70985.6,71003.0,21.359,7.491,28.85,13.868000000000002,0.48069324090121324,70994.5,85914.79,5.75e-06,0.0,0.0,False,2026-03-18.csv
2026-03-18 22:45:00,2026-03-18,71003.1,71034.2,71003.0,71027.4,23.794,4.808,28.602,18.986,0.6637997342843158,71021.52,85906.89,6.26e-06,0.0,0.0,False,2026-03-18.csv
2026-03-18 22:46:00,2026-03-18,71027.5,71027.5,70988.0,70990.1,7.997,46.857,54.854,-38.86,-0.7084260035731214,71001.38,85892.69,6.75e-06,0.0,0.0,False,2026-03-18.csv
2026-03-18 22:47:00,2026-03-18,70990.0,71013.3,70990.0,70993.8,24.049,12.168,36.217,11.881,0.328050363089157,70999.34,85894.88,6.75e-06,0.0,0.059,False,2026-03-18.csv
2026-03-18 22:48:00,2026-03-18,70993.8,71017.8,70984.6,71017.8,12.373,13.603,25.976,-1.2300000000000004,-0.04735140129350171,70991.52,85892.3,6.44e-06,0.0,0.0,False,2026-03-18.csv
2026-03-18 22:49:00,2026-03-18,71017.7,71060.0,71010.8,71028.9,79.804,21.045,100.849,58.759,0.5826433578915011,71035.7,85895.91,5.95e-06,0.0,0.0,False,2026-03-18.csv
2026-03-18 22:50:00,2026-03-18,71028.9,71061.5,71023.0,71046.4,19.83,11.406,31.236,8.423999999999998,0.26968882059162497,71046.02,85930.83,5.79e-06,0.0,0.0,False,2026-03-18.csv
2026-03-18 22:51:00,2026-03-18,71046.4,71067.0,71046.4,71067.0,13.855,3.693,17.548,10.162,0.5790973330294051,71056.62,85927.4,5.79e-06,0.0,0.0,False,2026-03-18.csv
2026-03-18 22:52:00,2026-03-18,71067.0,71079.2,71010.1,71010.1,16.575,19.377,35.952,-2.8019999999999996,-0.07793724966622162,71054.96,85933.85,5.49e-06,0.0,0.0,False,2026-03-18.csv
2026-03-18 22:53:00,2026-03-18,71010.0,71033.2,71006.7,71033.1,17.78,6.289,24.069,11.491000000000001,0.47741908679213935,71013.82,85935.37,5.25e-06,0.0,0.0,False,2026-03-18.csv
2026-03-18 22:54:00,2026-03-18,71033.1,71042.7,71023.7,71042.0,9.607,14.506,24.113,-4.899000000000001,-0.2031684153775972,71036.47,85937.86,5.25e-06,0.0,0.0,False,2026-03-18.csv
2026-03-18 22:55:00,2026-03-18,71041.9,71057.1,71041.9,71050.6,13.099,4.863,17.962,8.236,0.4585235497160673,71048.87,85942.02,4.2e-06,0.0,0.0,False,2026-03-18.csv
2026-03-18 22:56:00,2026-03-18,71050.6,71078.4,71050.5,71077.0,24.372,30.456,54.828,-6.084,-0.11096520026263952,71066.8,85939.53,3.94e-06,0.0,0.0,False,2026-03-18.csv
2026-03-18 22:57:00,2026-03-18,71077.0,71079.4,71076.9,71077.0,10.515,6.013,16.528,4.502000000000001,0.27238625363020336,71077.61,85935.79,3.89e-06,0.0,0.0,False,2026-03-18.csv
2026-03-18 22:58:00,2026-03-18,71077.0,71111.0,71055.3,71106.8,32.277,21.999,54.276,10.278000000000002,0.18936546539907145,71088.16,85937.07,3.89e-06,0.002,0.0,False,2026-03-18.csv
2026-03-18 22:59:00,2026-03-18,71106.8,71113.8,71090.6,71092.7,19.711,17.725,37.436,1.985999999999997,0.053050539587562694,71102.28,85942.07,3.67e-06,0.0,0.0,False,2026-03-18.csv
2026-03-18 23:00:00,2026-03-18,71092.7,71118.0,71087.9,71118.0,21.888,7.567,29.455,14.321000000000002,0.48619928704803944,71105.06,85942.74,3.38e-06,0.0,0.0,False,2026-03-18.csv
2026-03-18 23:01:00,2026-03-18,71118.0,71161.5,71063.6,71063.7,54.813,62.355,117.168,-7.5419999999999945,-0.06436911102007369,71115.07,85943.88,2.94e-06,0.0,0.0,False,2026-03-18.csv
2026-03-18 23:02:00,2026-03-18,71063.7,71093.4,71024.8,71093.4,61.455,38.318,99.773,23.137,0.23189640483898452,71048.64,85948.53,2.94e-06,0.0,0.0,False,2026-03-18.csv
2026-03-18 23:03:00,2026-03-18,71093.3,71199.2,71081.0,71181.9,57.34,75.018,132.358,-17.677999999999997,-0.13356200607443447,71139.26,85964.31,1.86e-06,0.086,0.0,False,2026-03-18.csv
2026-03-18 23:04:00,2026-03-18,71181.7,71234.0,71167.2,71197.5,108.871,66.421,175.292,42.44999999999999,0.24216735504187292,71202.19,85942.39,1.76e-06,0.027,0.0,False,2026-03-18.csv
2026-03-18 23:05:00,2026-03-18,71197.5,71197.6,71095.8,71098.6,26.966,47.864,74.83,-20.897999999999996,-0.2792730188427101,71141.91,85930.97,1.76e-06,0.0,0.0,False,2026-03-18.csv
2026-03-18 23:06:00,2026-03-18,71098.5,71110.5,71070.8,71076.8,26.425,29.539,55.964,-3.1140000000000008,-0.05564291330140806,71091.02,85938.01,1.83e-06,0.0,0.0,False,2026-03-18.csv
2026-03-18 23:07:00,2026-03-18,71076.7,71151.0,71076.7,71151.0,34.484,13.991,48.475,20.493000000000002,0.4227539969056215,71124.83,85930.26,5e-08,0.037,0.0,False,2026-03-18.csv
2026-03-18 23:08:00,2026-03-18,71150.9,71204.4,71150.9,71192.9,25.738,30.096,55.834,-4.3580000000000005,-0.07805279936955978,71180.96,85938.1,-2e-07,0.0,0.0,False,2026-03-18.csv
2026-03-18 23:09:00,2026-03-18,71192.9,71212.8,71176.8,71177.6,17.877,19.328,37.205,-1.4510000000000005,-0.03900013439053892,71195.8,85943.49,-2e-07,0.0,0.0,False,2026-03-18.csv
2026-03-18 23:10:00,2026-03-18,71177.6,71204.7,71177.5,71199.5,23.505,4.69,28.195,18.814999999999998,0.6673169001596027,71189.95,85942.59,6e-08,0.0,0.0,False,2026-03-18.csv
2026-03-18 23:11:00,2026-03-18,71199.4,71202.9,71178.1,71178.2,28.799,30.105,58.904,-1.306000000000001,-0.022171669156593795,71191.35,85932.93,2.3e-07,0.0,0.0,False,2026-03-18.csv
2026-03-18 23:12:00,2026-03-18,71178.2,71178.2,71115.1,71115.2,35.106,59.652,94.758,-24.546,-0.2590388146647249,71142.71,85931.8,2.3e-07,0.0,0.0,False,2026-03-18.csv
2026-03-18 23:13:00,2026-03-18,71115.2,71150.0,71115.1,71149.9,17.316,14.593,31.909,2.722999999999999,0.08533642545990157,71127.33,85925.86,-1e-07,0.0,0.0,False,2026-03-18.csv
2026-03-18 23:14:00,2026-03-18,71149.9,71150.7,71135.2,71139.5,19.124,5.681,24.805,13.442999999999998,0.5419471880669219,71141.05,85919.8,-9.7e-07,0.0,0.0,False,2026-03-18.csv
2026-03-18 23:15:00,2026-03-18,71139.6,71141.9,71118.0,71121.4,20.789,22.439,43.228,-1.6499999999999986,-0.03816970482094935,71132.19,85920.81,-1.17e-06,0.0,0.0,False,2026-03-18.csv
2026-03-18 23:16:00,2026-03-18,71121.4,71133.7,71109.2,71116.7,16.997,14.647,31.644,2.3499999999999996,0.07426368347870053,71116.65,85911.31,-1.17e-06,0.0,0.0,False,2026-03-18.csv
2026-03-18 23:17:00,2026-03-18,71116.6,71119.1,71091.7,71091.8,13.058,21.712,34.77,-8.654,-0.24889272361230944,71108.99,85909.12,-1.64e-06,0.0,0.0,False,2026-03-18.csv
2026-03-18 23:18:00,2026-03-18,71091.7,71091.8,71042.3,71042.3,7.075,25.276,32.351,-18.201,-0.5626101202435783,71073.47,85913.81,-2.43e-06,0.0,0.0,False,2026-03-18.csv
2026-03-18 23:19:00,2026-03-18,71042.4,71077.4,71039.6,71055.0,29.618,25.24,54.858,4.378,0.07980604469721828,71057.61,85903.75,-2.43e-06,0.0,0.0,False,2026-03-18.csv
2026-03-18 23:20:00,2026-03-18,71055.0,71079.5,71036.3,71079.4,23.044,20.473,43.517,2.5710000000000015,0.05908035939977483,71052.34,85902.12,-3.25e-06,0.0,0.0,False,2026-03-18.csv
2026-03-18 23:21:00,2026-03-18,71079.4,71087.1,71068.2,71072.2,19.486,10.361,29.847,9.125,0.30572586859650885,71076.93,85892.77,-3.66e-06,0.0,0.0,False,2026-03-18.csv
2026-03-18 23:22:00,2026-03-18,71072.1,71095.8,71072.1,71083.7,15.764,9.7,25.464,6.064,0.23814011938422874,71085.7,85890.62,-3.59e-06,0.0,0.0,False,2026-03-18.csv
2026-03-18 23:23:00,2026-03-18,71083.7,71090.6,71058.4,71068.2,8.323,29.916,38.239,-21.593,-0.5646852689662387,71075.16,85892.66,-3.59e-06,0.0,0.0,False,2026-03-18.csv
2026-03-18 23:24:00,2026-03-18,71068.2,71090.0,71065.9,71083.7,10.101,8.719,18.82,1.3820000000000014,0.07343251859723705,71079.52,85897.1,-3.36e-06,0.0,0.252,False,2026-03-18.csv
2026-03-18 23:25:00,2026-03-18,71083.8,71113.0,71065.7,71109.9,22.679,26.908,49.587,-4.229000000000003,-0.0852844495533104,71097.67,85900.04,-3.47e-06,0.0,0.0,False,2026-03-18.csv
2026-03-18 23:26:00,2026-03-18,71109.9,71123.7,71085.3,71094.9,10.038,12.501,22.539,-2.462999999999999,-0.10927725276187937,71104.2,85897.29,-3.47e-06,0.0,0.0,False,2026-03-18.csv
2026-03-18 23:27:00,2026-03-18,71094.9,71126.6,71094.9,71116.3,13.612,10.205,23.817,3.407,0.14304908258806734,71115.49,85900.24,-3.42e-06,0.0,0.0,False,2026-03-18.csv
2026-03-18 23:28:00,2026-03-18,71116.3,71143.0,71116.2,71143.0,11.265,4.224,15.489,7.041,0.4545806701530118,71131.4,85905.18,-3.44e-06,0.0,0.0,False,2026-03-18.csv
2026-03-18 23:29:00,2026-03-18,71143.0,71179.2,71142.9,71171.4,27.405,11.426,38.831,15.979000000000001,0.41150112023898433,71162.31,85911.13,-3.05e-06,0.0,0.0,False,2026-03-18.csv
2026-03-18 23:30:00,2026-03-18,71171.5,71179.1,71163.7,71171.4,16.741,5.212,21.953,11.529,0.5251674030884161,71170.09,85915.45,-3.05e-06,0.0,0.0,False,2026-03-18.csv
2026-03-18 23:31:00,2026-03-18,71171.3,71222.0,71171.3,71218.5,70.269,32.235,102.504,38.034000000000006,0.37104893467572003,71201.41,85913.07,-2.89e-06,0.002,0.0,False,2026-03-18.csv
2026-03-18 23:32:00,2026-03-18,71218.5,71251.6,71218.4,71231.8,52.505,28.772,81.277,23.733000000000004,0.2920014272180322,71243.46,85909.68,-3.01e-06,0.006,0.0,False,2026-03-18.csv
2026-03-18 23:33:00,2026-03-18,71231.8,71265.6,71220.5,71262.8,30.494,30.064,60.558,0.4299999999999997,0.007100630800224573,71243.83,85908.47,-2.69e-06,0.027,0.0,False,2026-03-18.csv
2026-03-18 23:34:00,2026-03-18,71262.7,71299.3,71262.5,71290.4,80.64,47.171,127.811,33.469,0.2618632199106493,71282.0,85919.45,-2.69e-06,0.156,0.0,False,2026-03-18.csv
2026-03-18 23:35:00,2026-03-18,71290.4,71297.3,71275.0,71287.4,15.032,19.149,34.181,-4.117000000000001,-0.12044703197682927,71284.17,85921.34,-2.4e-06,0.0,0.0,False,2026-03-18.csv
2026-03-18 23:36:00,2026-03-18,71287.3,71288.5,71258.3,71288.5,21.378,10.864,32.242,10.514,0.3260963960052106,71275.85,85917.77,-2.64e-06,0.0,0.0,False,2026-03-18.csv
2026-03-18 23:37:00,2026-03-18,71288.4,71300.0,71288.4,71296.8,17.862,12.295,30.157,5.566999999999998,0.18460059024438766,71297.8,85920.59,-2.64e-06,0.0,0.0,False,2026-03-18.csv
2026-03-18 23:38:00,2026-03-18,71296.9,71309.0,71294.0,71294.1,17.825,35.649,53.474,-17.824,-0.33332086621535706,71300.85,85913.55,-2.99e-06,0.0,0.0,False,2026-03-18.csv
2026-03-18 23:39:00,2026-03-18,71294.0,71314.4,71282.1,71291.0,49.387,39.06,88.447,10.326999999999998,0.11675918911890734,71301.43,85886.14,-3.26e-06,0.0,0.0,False,2026-03-18.csv
2026-03-18 23:40:00,2026-03-18,71291.0,71305.5,71276.3,71294.5,19.458,11.759,31.217,7.698999999999998,0.24662843963225162,71285.99,85879.47,-3.77e-06,0.0,0.0,False,2026-03-18.csv
2026-03-18 23:41:00,2026-03-18,71294.5,71303.2,71278.3,71278.3,16.338,21.671,38.009,-5.332999999999998,-0.1403088742140019,71288.79,85873.49,-3.77e-06,0.0,0.0,False,2026-03-18.csv
2026-03-18 23:42:00,2026-03-18,71278.2,71284.6,71259.3,71279.5,19.227,16.13,35.357,3.0970000000000013,0.08759227310009338,71273.54,85863.73,-4.15e-06,0.0,0.0,False,2026-03-18.csv
2026-03-18 23:43:00,2026-03-18,71279.4,71279.4,71234.0,71246.6,23.468,23.227,46.695,0.24099999999999966,0.005161152157618581,71249.38,85862.11,-4.9e-06,0.0,0.0,False,2026-03-18.csv
2026-03-18 23:44:00,2026-03-18,71246.6,71259.9,71237.3,71250.1,10.162,12.797,22.959,-2.635,-0.11476980704734525,71247.63,85850.4,-4.9e-06,0.0,0.0,False,2026-03-18.csv
2026-03-18 23:45:00,2026-03-18,71250.0,71275.0,71237.1,71237.2,15.152,15.032,30.184,0.11999999999999922,0.003975616220514153,71257.77,85849.63,-6.05e-06,0.0,0.0,False,2026-03-18.csv
2026-03-18 23:46:00,2026-03-18,71237.2,71248.3,71186.7,71186.7,44.066,66.808,110.874,-22.742000000000004,-0.2051157169399499,71215.38,85840.13,-6.91e-06,0.0,0.0,False,2026-03-18.csv
2026-03-18 23:47:00,2026-03-18,71186.5,71228.2,71171.7,71218.9,30.497,52.354,82.851,-21.857,-0.26381093770745073,71196.2,85848.83,-7.63e-06,0.0,0.013,False,2026-03-18.csv
2026-03-18 23:48:00,2026-03-18,71218.9,71333.1,71211.6,71314.3,212.667,141.574,354.241,71.09299999999999,0.200691054959759,71295.69,85944.05,-7.63e-06,0.03,0.0,False,2026-03-18.csv
2026-03-18 23:49:00,2026-03-18,71314.2,71314.3,71278.8,71299.8,21.86,14.233,36.093,7.626999999999999,0.21131521347629728,71296.03,85946.65,-7.47e-06,0.0,0.0,False,2026-03-18.csv
2026-03-18 23:50:00,2026-03-18,71299.8,71304.0,71287.2,71298.1,26.516,12.301,38.817,14.214999999999998,0.36620552850555166,71295.35,85946.3,-7.8e-06,0.0,0.0,False,2026-03-18.csv
2026-03-18 23:51:00,2026-03-18,71298.0,71298.1,71259.9,71260.0,22.829,15.234,38.063,7.595000000000001,0.19953760870136353,71281.36,85955.06,-7.8e-06,0.0,0.0,False,2026-03-18.csv
2026-03-18 23:52:00,2026-03-18,71260.0,71260.0,71205.5,71217.5,23.261,26.459,49.72,-3.1980000000000004,-0.06432019308125504,71218.65,85952.44,-8.36e-06,0.0,0.0,False,2026-03-18.csv
2026-03-18 23:53:00,2026-03-18,71217.4,71239.0,71193.3,71198.3,28.669,19.618,48.287,9.051000000000002,0.18744175450949535,71209.54,85957.71,-9.21e-06,0.0,0.0,False,2026-03-18.csv
2026-03-18 23:54:00,2026-03-18,71198.3,71230.0,71198.3,71209.3,14.413,14.09,28.503,0.3230000000000004,0.01133214047644109,71216.92,85950.49,-9.68e-06,0.0,0.0,False,2026-03-18.csv
2026-03-18 23:55:00,2026-03-18,71209.3,71244.0,71209.2,71243.9,32.632,5.483,38.115,27.148999999999997,0.7122917486553849,71226.98,85955.2,-9.68e-06,0.0,0.0,False,2026-03-18.csv
2026-03-18 23:56:00,2026-03-18,71244.0,71250.0,71243.9,71245.2,16.552,13.68,30.232,2.872,0.09499867689865044,71248.64,85942.1,-9.95e-06,0.0,0.0,False,2026-03-18.csv
2026-03-18 23:57:00,2026-03-18,71245.2,71255.6,71244.0,71255.6,17.844,10.317,28.161,7.527000000000001,0.2672845424523277,71248.72,85934.22,-9.64e-06,0.0,0.0,False,2026-03-18.csv
2026-03-18 23:58:00,2026-03-18,71255.6,71268.5,71221.7,71233.1,13.782,10.667,24.449,3.115,0.1274080739498548,71245.55,85932.11,-9.64e-06,0.0,0.0,False,2026-03-18.csv
2026-03-18 23:59:00,2026-03-18,71233.1,71247.9,71209.7,71209.8,39.625,19.147,58.772,20.478,0.34843122575376034,71235.32,85937.94,-9.34e-06,0.0,0.0,False,2026-03-18.csv
